"questionId","grade","volume","chapter","type","difficulty","answer","acceptedAnswers","qaStatus","severity","issueCodes","issueDetails","recommendedAction"
"hjb-high-ds-v4-s4-001","S4","必修 第一册","集合与逻辑","multiple-choice","Core","13","13","pass","none","","","Include in S18 pass-sample review before app integration."
"hjb-high-ds-v4-s4-002","S4","必修 第一册","集合与逻辑","fill-in","Challenge","6","6","pass","none","","","Include in S18 pass-sample review before app integration."
"hjb-high-ds-v4-s4-003","S4","必修 第一册","集合与逻辑","short-answer","Foundation","12","12","pass","none","","","Include in S18 pass-sample review before app integration."
"hjb-high-ds-v4-s4-004","S4","必修 第一册","集合与逻辑","multiple-choice","Exam","23","23","pass","none","","","Include in S18 pass-sample review before app integration."
"hjb-high-ds-v4-s4-005","S4","必修 第一册","集合与逻辑","fill-in","Core","14","14","pass","none","","","Include in S18 pass-sample review before app integration."
"hjb-high-ds-v4-s4-006","S4","必修 第一册","集合与逻辑","short-answer","Challenge","22","22","pass","none","","","Include in S18 pass-sample review before app integration."
"hjb-high-ds-v4-s4-007","S4","必修 第一册","集合与逻辑","multiple-choice","Foundation","14","14","pass","none","","","Include in S18 pass-sample review before app integration."
"hjb-high-ds-v4-s4-008","S4","必修 第一册","集合与逻辑","fill-in","Exam","6","6","pass","none","","","Include in S18 pass-sample review before app integration."
"hjb-high-ds-v4-s4-009","S4","必修 第一册","集合与逻辑","short-answer","Core","8","8","pass","none","","","Include in S18 pass-sample review before app integration."
"hjb-high-ds-v4-s4-010","S4","必修 第一册","集合与逻辑","multiple-choice","Challenge","12","12","pass","none","","","Include in S18 pass-sample review before app integration."
"hjb-high-ds-v4-s4-011","S4","必修 第一册","集合与逻辑","fill-in","Foundation","4","4","pass","none","","","Include in S18 pass-sample review before app integration."
"hjb-high-ds-v4-s4-012","S4","必修 第一册","集合与逻辑","short-answer","Exam","22","22","pass","none","","","Include in S18 pass-sample review before app integration."
"hjb-high-ds-v4-s4-013","S4","必修 第一册","集合与逻辑","multiple-choice","Core","4","4","pass","none","","","Include in S18 pass-sample review before app integration."
"hjb-high-ds-v4-s4-014","S4","必修 第一册","集合与逻辑","fill-in","Challenge","7","7","pass","none","","","Include in S18 pass-sample review before app integration."
"hjb-high-ds-v4-s4-015","S4","必修 第一册","集合与逻辑","short-answer","Foundation","4","4","pass","none","","","Include in S18 pass-sample review before app integration."
"hjb-high-ds-v4-s4-016","S4","必修 第一册","集合与逻辑","multiple-choice","Exam","18","18","pass","none","","","Include in S18 pass-sample review before app integration."
"hjb-high-ds-v4-s4-017","S4","必修 第一册","集合与逻辑","fill-in","Core","4","4","pass","none","","","Include in S18 pass-sample review before app integration."
"hjb-high-ds-v4-s4-018","S4","必修 第一册","集合与逻辑","short-answer","Challenge","17","17","pass","none","","","Include in S18 pass-sample review before app integration."
"hjb-high-ds-v4-s4-019","S4","必修 第一册","集合与逻辑","multiple-choice","Foundation","15","15","pass","none","","","Include in S18 pass-sample review before app integration."
"hjb-high-ds-v4-s4-020","S4","必修 第一册","集合与逻辑","fill-in","Exam","15","15","pass","none","","","Include in S18 pass-sample review before app integration."
"hjb-high-ds-v4-s4-021","S4","必修 第一册","集合与逻辑","short-answer","Core","9","9","pass","none","","","Include in S18 pass-sample review before app integration."
"hjb-high-ds-v4-s4-022","S4","必修 第一册","集合与逻辑","multiple-choice","Challenge","18","18","pass","none","","","Include in S18 pass-sample review before app integration."
"hjb-high-ds-v4-s4-023","S4","必修 第一册","集合与逻辑","fill-in","Foundation","6","6","pass","none","","","Include in S18 pass-sample review before app integration."
"hjb-high-ds-v4-s4-024","S4","必修 第一册","集合与逻辑","short-answer","Exam","16","16","pass","none","","","Include in S18 pass-sample review before app integration."
"hjb-high-ds-v4-s4-025","S4","必修 第一册","集合与逻辑","multiple-choice","Core","9","9","pass","none","","","Include in S18 pass-sample review before app integration."
"hjb-high-ds-v4-s4-026","S4","必修 第一册","集合与逻辑","fill-in","Challenge","7","7","pass","none","","","Include in S18 pass-sample review before app integration."
"hjb-high-ds-v4-s4-027","S4","必修 第一册","集合与逻辑","short-answer","Foundation","3","3","pass","none","","","Include in S18 pass-sample review before app integration."
"hjb-high-ds-v4-s4-028","S4","必修 第一册","集合与逻辑","multiple-choice","Exam","9","9","pass","none","","","Include in S18 pass-sample review before app integration."
"hjb-high-ds-v4-s4-029","S4","必修 第一册","集合与逻辑","fill-in","Core","7","7","pass","none","","","Include in S18 pass-sample review before app integration."
"hjb-high-ds-v4-s4-030","S4","必修 第一册","集合与逻辑","short-answer","Challenge","10","10","pass","none","","","Include in S18 pass-sample review before app integration."
"hjb-high-ds-v4-s4-031","S4","必修 第一册","集合与逻辑","multiple-choice","Foundation","4","4","pass","none","","","Include in S18 pass-sample review before app integration."
"hjb-high-ds-v4-s4-032","S4","必修 第一册","集合与逻辑","fill-in","Exam","15","15","pass","none","","","Include in S18 pass-sample review before app integration."
"hjb-high-ds-v4-s4-033","S4","必修 第一册","集合与逻辑","short-answer","Core","4","4","pass","none","","","Include in S18 pass-sample review before app integration."
"hjb-high-ds-v4-s4-034","S4","必修 第一册","集合与逻辑","multiple-choice","Challenge","13","13","pass","none","","","Include in S18 pass-sample review before app integration."
"hjb-high-ds-v4-s4-035","S4","必修 第一册","集合与逻辑","fill-in","Foundation","5","5","pass","none","","","Include in S18 pass-sample review before app integration."
"hjb-high-ds-v4-s4-036","S4","必修 第一册","集合与逻辑","short-answer","Exam","21","21","pass","none","","","Include in S18 pass-sample review before app integration."
"hjb-high-ds-v4-s4-037","S4","必修 第一册","集合与逻辑","multiple-choice","Core","4","4","pass","none","","","Include in S18 pass-sample review before app integration."
"hjb-high-ds-v4-s4-038","S4","必修 第一册","集合与逻辑","fill-in","Challenge","14","14","pass","none","","","Include in S18 pass-sample review before app integration."
"hjb-high-ds-v4-s4-039","S4","必修 第一册","集合与逻辑","short-answer","Foundation","12","12","pass","none","","","Include in S18 pass-sample review before app integration."
"hjb-high-ds-v4-s4-040","S4","必修 第一册","集合与逻辑","multiple-choice","Exam","22","22","pass","none","","","Include in S18 pass-sample review before app integration."
"hjb-high-ds-v4-s4-041","S4","必修 第一册","集合与逻辑","fill-in","Core","9","9","pass","none","","","Include in S18 pass-sample review before app integration."
"hjb-high-ds-v4-s4-042","S4","必修 第一册","集合与逻辑","short-answer","Challenge","20","20","pass","none","","","Include in S18 pass-sample review before app integration."
"hjb-high-ds-v4-s4-043","S4","必修 第一册","集合与逻辑","multiple-choice","Foundation","9","9","pass","none","","","Include in S18 pass-sample review before app integration."
"hjb-high-ds-v4-s4-044","S4","必修 第一册","集合与逻辑","fill-in","Exam","21","21","pass","none","","","Include in S18 pass-sample review before app integration."
"hjb-high-ds-v4-s4-045","S4","必修 第一册","集合与逻辑","short-answer","Core","9","9","pass","none","","","Include in S18 pass-sample review before app integration."
"hjb-high-ds-v4-s4-046","S4","必修 第一册","集合与逻辑","multiple-choice","Challenge","15","15","pass","none","","","Include in S18 pass-sample review before app integration."
"hjb-high-ds-v4-s4-047","S4","必修 第一册","集合与逻辑","fill-in","Foundation","3","3","pass","none","","","Include in S18 pass-sample review before app integration."
"hjb-high-ds-v4-s4-048","S4","必修 第一册","集合与逻辑","short-answer","Exam","5","5","pass","none","","","Include in S18 pass-sample review before app integration."
"hjb-high-ds-v4-s4-049","S4","必修 第一册","集合与逻辑","multiple-choice","Core","11","11","pass","none","","","Include in S18 pass-sample review before app integration."
"hjb-high-ds-v4-s4-050","S4","必修 第一册","集合与逻辑","fill-in","Challenge","21","21","pass","none","","","Include in S18 pass-sample review before app integration."
"hjb-high-ds-v4-s4-051","S4","必修 第一册","等式与不等式","short-answer","Foundation","4","4","pass","none","","","Include in S18 pass-sample review before app integration."
"hjb-high-ds-v4-s4-052","S4","必修 第一册","等式与不等式","multiple-choice","Exam","5","5","pass","none","","","Include in S18 pass-sample review before app integration."
"hjb-high-ds-v4-s4-053","S4","必修 第一册","等式与不等式","fill-in","Core","12","12","pass","none","","","Include in S18 pass-sample review before app integration."
"hjb-high-ds-v4-s4-054","S4","必修 第一册","等式与不等式","short-answer","Challenge","7","7","pass","none","","","Include in S18 pass-sample review before app integration."
"hjb-high-ds-v4-s4-055","S4","必修 第一册","等式与不等式","multiple-choice","Foundation","8","8","pass","none","","","Include in S18 pass-sample review before app integration."
"hjb-high-ds-v4-s4-056","S4","必修 第一册","等式与不等式","fill-in","Exam","4","4","pass","none","","","Include in S18 pass-sample review before app integration."
"hjb-high-ds-v4-s4-057","S4","必修 第一册","等式与不等式","short-answer","Core","6","6","pass","none","","","Include in S18 pass-sample review before app integration."
"hjb-high-ds-v4-s4-058","S4","必修 第一册","等式与不等式","multiple-choice","Challenge","6","6","pass","none","","","Include in S18 pass-sample review before app integration."
"hjb-high-ds-v4-s4-059","S4","必修 第一册","等式与不等式","fill-in","Foundation","8","8","pass","none","","","Include in S18 pass-sample review before app integration."
"hjb-high-ds-v4-s4-060","S4","必修 第一册","等式与不等式","short-answer","Exam","3","3","pass","none","","","Include in S18 pass-sample review before app integration."
"hjb-high-ds-v4-s4-061","S4","必修 第一册","等式与不等式","multiple-choice","Core","11","11","pass","none","","","Include in S18 pass-sample review before app integration."
"hjb-high-ds-v4-s4-062","S4","必修 第一册","等式与不等式","fill-in","Challenge","5","5","pass","none","","","Include in S18 pass-sample review before app integration."
"hjb-high-ds-v4-s4-063","S4","必修 第一册","等式与不等式","short-answer","Foundation","3","3","pass","none","","","Include in S18 pass-sample review before app integration."
"hjb-high-ds-v4-s4-064","S4","必修 第一册","等式与不等式","multiple-choice","Exam","7","7","pass","none","","","Include in S18 pass-sample review before app integration."
"hjb-high-ds-v4-s4-065","S4","必修 第一册","等式与不等式","fill-in","Core","3","3","pass","none","","","Include in S18 pass-sample review before app integration."
"hjb-high-ds-v4-s4-066","S4","必修 第一册","等式与不等式","short-answer","Challenge","4","4","pass","none","","","Include in S18 pass-sample review before app integration."
"hjb-high-ds-v4-s4-067","S4","必修 第一册","等式与不等式","multiple-choice","Foundation","11","11","pass","none","","","Include in S18 pass-sample review before app integration."
"hjb-high-ds-v4-s4-068","S4","必修 第一册","等式与不等式","fill-in","Exam","6","6","pass","none","","","Include in S18 pass-sample review before app integration."
"hjb-high-ds-v4-s4-069","S4","必修 第一册","等式与不等式","short-answer","Core","2","2","pass","none","","","Include in S18 pass-sample review before app integration."
"hjb-high-ds-v4-s4-070","S4","必修 第一册","等式与不等式","multiple-choice","Challenge","3","3","pass","none","","","Include in S18 pass-sample review before app integration."
"hjb-high-ds-v4-s4-071","S4","必修 第一册","等式与不等式","fill-in","Foundation","-5","-5","pass","none","","","Include in S18 pass-sample review before app integration."
"hjb-high-ds-v4-s4-072","S4","必修 第一册","等式与不等式","short-answer","Exam","5","5","pass","none","","","Include in S18 pass-sample review before app integration."
"hjb-high-ds-v4-s4-073","S4","必修 第一册","等式与不等式","multiple-choice","Core","4","4","pass","none","","","Include in S18 pass-sample review before app integration."
"hjb-high-ds-v4-s4-074","S4","必修 第一册","等式与不等式","fill-in","Challenge","7","7","pass","none","","","Include in S18 pass-sample review before app integration."
"hjb-high-ds-v4-s4-075","S4","必修 第一册","等式与不等式","short-answer","Foundation","8","8","pass","none","","","Include in S18 pass-sample review before app integration."
"hjb-high-ds-v4-s4-076","S4","必修 第一册","等式与不等式","multiple-choice","Exam","4","4","pass","none","","","Include in S18 pass-sample review before app integration."
"hjb-high-ds-v4-s4-077","S4","必修 第一册","等式与不等式","fill-in","Core","9","9","pass","none","","","Include in S18 pass-sample review before app integration."
"hjb-high-ds-v4-s4-078","S4","必修 第一册","等式与不等式","short-answer","Challenge","6","6","pass","none","","","Include in S18 pass-sample review before app integration."
"hjb-high-ds-v4-s4-079","S4","必修 第一册","等式与不等式","multiple-choice","Foundation","8","8","pass","none","","","Include in S18 pass-sample review before app integration."
"hjb-high-ds-v4-s4-080","S4","必修 第一册","等式与不等式","fill-in","Exam","3","3","pass","none","","","Include in S18 pass-sample review before app integration."
"hjb-high-ds-v4-s4-081","S4","必修 第一册","等式与不等式","short-answer","Core","10","10","pass","none","","","Include in S18 pass-sample review before app integration."
"hjb-high-ds-v4-s4-082","S4","必修 第一册","等式与不等式","multiple-choice","Challenge","5","5","pass","none","","","Include in S18 pass-sample review before app integration."
"hjb-high-ds-v4-s4-083","S4","必修 第一册","等式与不等式","fill-in","Foundation","8","8","pass","none","","","Include in S18 pass-sample review before app integration."
"hjb-high-ds-v4-s4-084","S4","必修 第一册","等式与不等式","short-answer","Exam","7","7","pass","none","","","Include in S18 pass-sample review before app integration."
"hjb-high-ds-v4-s4-085","S4","必修 第一册","等式与不等式","multiple-choice","Core","13","13","pass","none","","","Include in S18 pass-sample review before app integration."
"hjb-high-ds-v4-s4-086","S4","必修 第一册","等式与不等式","fill-in","Challenge","4","4","pass","none","","","Include in S18 pass-sample review before app integration."
"hjb-high-ds-v4-s4-087","S4","必修 第一册","等式与不等式","short-answer","Foundation","2","2","pass","none","","","Include in S18 pass-sample review before app integration."
"hjb-high-ds-v4-s4-088","S4","必修 第一册","等式与不等式","multiple-choice","Exam","6","6","pass","none","","","Include in S18 pass-sample review before app integration."
"hjb-high-ds-v4-s4-089","S4","必修 第一册","等式与不等式","fill-in","Core","11","11","pass","none","","","Include in S18 pass-sample review before app integration."
"hjb-high-ds-v4-s4-090","S4","必修 第一册","等式与不等式","short-answer","Challenge","3","3","pass","none","","","Include in S18 pass-sample review before app integration."
"hjb-high-ds-v4-s4-091","S4","必修 第一册","等式与不等式","multiple-choice","Foundation","10","10","pass","none","","","Include in S18 pass-sample review before app integration."
"hjb-high-ds-v4-s4-092","S4","必修 第一册","等式与不等式","fill-in","Exam","5","5","pass","none","","","Include in S18 pass-sample review before app integration."
"hjb-high-ds-v4-s4-093","S4","必修 第一册","等式与不等式","short-answer","Core","2","2","pass","none","","","Include in S18 pass-sample review before app integration."
"hjb-high-ds-v4-s4-094","S4","必修 第一册","等式与不等式","multiple-choice","Challenge","7","7","pass","none","","","Include in S18 pass-sample review before app integration."
"hjb-high-ds-v4-s4-095","S4","必修 第一册","等式与不等式","fill-in","Foundation","9","9","pass","none","","","Include in S18 pass-sample review before app integration."
"hjb-high-ds-v4-s4-096","S4","必修 第一册","等式与不等式","short-answer","Exam","4","4","pass","none","","","Include in S18 pass-sample review before app integration."
"hjb-high-ds-v4-s4-097","S4","必修 第一册","等式与不等式","multiple-choice","Core","9","9","pass","none","","","Include in S18 pass-sample review before app integration."
"hjb-high-ds-v4-s4-098","S4","必修 第一册","等式与不等式","fill-in","Challenge","6","6","pass","none","","","Include in S18 pass-sample review before app integration."
"hjb-high-ds-v4-s4-099","S4","必修 第一册","等式与不等式","short-answer","Foundation","11","11","pass","none","","","Include in S18 pass-sample review before app integration."
"hjb-high-ds-v4-s4-100","S4","必修 第一册","等式与不等式","multiple-choice","Exam","3","3","pass","none","","","Include in S18 pass-sample review before app integration."
"hjb-high-ds-v4-s4-101","S4","必修 第一册","幂、指数与对数","fill-in","Core","23","23","pass","none","","","Include in S18 pass-sample review before app integration."
"hjb-high-ds-v4-s4-102","S4","必修 第一册","幂、指数与对数","short-answer","Challenge","29","29","pass","none","","","Include in S18 pass-sample review before app integration."
"hjb-high-ds-v4-s4-103","S4","必修 第一册","幂、指数与对数","multiple-choice","Foundation","18","18","pass","none","","","Include in S18 pass-sample review before app integration."
"hjb-high-ds-v4-s4-104","S4","必修 第一册","幂、指数与对数","fill-in","Exam","37","37","pass","none","","","Include in S18 pass-sample review before app integration."
"hjb-high-ds-v4-s4-105","S4","必修 第一册","幂、指数与对数","short-answer","Core","11","11","pass","none","","","Include in S18 pass-sample review before app integration."
"hjb-high-ds-v4-s4-106","S4","必修 第一册","幂、指数与对数","multiple-choice","Challenge","25","25","pass","none","","","Include in S18 pass-sample review before app integration."
"hjb-high-ds-v4-s4-107","S4","必修 第一册","幂、指数与对数","fill-in","Foundation","7","7","pass","none","","","Include in S18 pass-sample review before app integration."
"hjb-high-ds-v4-s4-108","S4","必修 第一册","幂、指数与对数","short-answer","Exam","41","41","pass","none","","","Include in S18 pass-sample review before app integration."
"hjb-high-ds-v4-s4-109","S4","必修 第一册","幂、指数与对数","multiple-choice","Core","16","16","pass","none","","","Include in S18 pass-sample review before app integration."
"hjb-high-ds-v4-s4-110","S4","必修 第一册","幂、指数与对数","fill-in","Challenge","23","23","pass","none","","","Include in S18 pass-sample review before app integration."
"hjb-high-ds-v4-s4-111","S4","必修 第一册","幂、指数与对数","short-answer","Foundation","19","19","pass","none","","","Include in S18 pass-sample review before app integration."
"hjb-high-ds-v4-s4-112","S4","必修 第一册","幂、指数与对数","multiple-choice","Exam","29","29","pass","none","","","Include in S18 pass-sample review before app integration."
"hjb-high-ds-v4-s4-113","S4","必修 第一册","幂、指数与对数","fill-in","Core","8","8","pass","none","","","Include in S18 pass-sample review before app integration."
"hjb-high-ds-v4-s4-114","S4","必修 第一册","幂、指数与对数","short-answer","Challenge","33","33","pass","none","","","Include in S18 pass-sample review before app integration."
"hjb-high-ds-v4-s4-115","S4","必修 第一册","幂、指数与对数","multiple-choice","Foundation","12","12","pass","none","","","Include in S18 pass-sample review before app integration."
"hjb-high-ds-v4-s4-116","S4","必修 第一册","幂、指数与对数","fill-in","Exam","17","17","pass","none","","","Include in S18 pass-sample review before app integration."
"hjb-high-ds-v4-s4-117","S4","必修 第一册","幂、指数与对数","short-answer","Core","8","8","pass","none","","","Include in S18 pass-sample review before app integration."
"hjb-high-ds-v4-s4-118","S4","必修 第一册","幂、指数与对数","multiple-choice","Challenge","31","31","pass","none","","","Include in S18 pass-sample review before app integration."
"hjb-high-ds-v4-s4-119","S4","必修 第一册","幂、指数与对数","fill-in","Foundation","11","11","pass","none","","","Include in S18 pass-sample review before app integration."
"hjb-high-ds-v4-s4-120","S4","必修 第一册","幂、指数与对数","short-answer","Exam","31","31","pass","none","","","Include in S18 pass-sample review before app integration."
"hjb-high-ds-v4-s4-121","S4","必修 第一册","幂、指数与对数","multiple-choice","Core","17","17","pass","none","","","Include in S18 pass-sample review before app integration."
"hjb-high-ds-v4-s4-122","S4","必修 第一册","幂、指数与对数","fill-in","Challenge","49","49","pass","none","","","Include in S18 pass-sample review before app integration."
"hjb-high-ds-v4-s4-123","S4","必修 第一册","幂、指数与对数","short-answer","Foundation","25","25","pass","none","","","Include in S18 pass-sample review before app integration."
"hjb-high-ds-v4-s4-124","S4","必修 第一册","幂、指数与对数","multiple-choice","Exam","23","23","pass","none","","","Include in S18 pass-sample review before app integration."
"hjb-high-ds-v4-s4-125","S4","必修 第一册","幂、指数与对数","fill-in","Core","10","10","pass","none","","","Include in S18 pass-sample review before app integration."
"hjb-high-ds-v4-s4-126","S4","必修 第一册","幂、指数与对数","short-answer","Challenge","31","31","pass","none","","","Include in S18 pass-sample review before app integration."
"hjb-high-ds-v4-s4-127","S4","必修 第一册","幂、指数与对数","multiple-choice","Foundation","11","11","pass","none","","","Include in S18 pass-sample review before app integration."
"hjb-high-ds-v4-s4-128","S4","必修 第一册","幂、指数与对数","fill-in","Exam","27","27","pass","none","","","Include in S18 pass-sample review before app integration."
"hjb-high-ds-v4-s4-129","S4","必修 第一册","幂、指数与对数","short-answer","Core","10","10","pass","none","","","Include in S18 pass-sample review before app integration."
"hjb-high-ds-v4-s4-130","S4","必修 第一册","幂、指数与对数","multiple-choice","Challenge","21","21","pass","none","","","Include in S18 pass-sample review before app integration."
"hjb-high-ds-v4-s4-131","S4","必修 第一册","幂、指数与对数","fill-in","Foundation","20","20","pass","none","","","Include in S18 pass-sample review before app integration."
"hjb-high-ds-v4-s4-132","S4","必修 第一册","幂、指数与对数","short-answer","Exam","27","27","pass","none","","","Include in S18 pass-sample review before app integration."
"hjb-high-ds-v4-s4-133","S4","必修 第一册","幂、指数与对数","multiple-choice","Core","15","15","pass","none","","","Include in S18 pass-sample review before app integration."
"hjb-high-ds-v4-s4-134","S4","必修 第一册","幂、指数与对数","fill-in","Challenge","27","27","pass","none","","","Include in S18 pass-sample review before app integration."
"hjb-high-ds-v4-s4-135","S4","必修 第一册","幂、指数与对数","short-answer","Foundation","21","21","pass","none","","","Include in S18 pass-sample review before app integration."
"hjb-high-ds-v4-s4-136","S4","必修 第一册","幂、指数与对数","multiple-choice","Exam","43","43","pass","none","","","Include in S18 pass-sample review before app integration."
"hjb-high-ds-v4-s4-137","S4","必修 第一册","幂、指数与对数","fill-in","Core","9","9","pass","none","","","Include in S18 pass-sample review before app integration."
"hjb-high-ds-v4-s4-138","S4","必修 第一册","幂、指数与对数","short-answer","Challenge","39","39","pass","none","","","Include in S18 pass-sample review before app integration."
"hjb-high-ds-v4-s4-139","S4","必修 第一册","幂、指数与对数","multiple-choice","Foundation","20","20","pass","none","","","Include in S18 pass-sample review before app integration."
"hjb-high-ds-v4-s4-140","S4","必修 第一册","幂、指数与对数","fill-in","Exam","21","21","pass","none","","","Include in S18 pass-sample review before app integration."
"hjb-high-ds-v4-s4-141","S4","必修 第一册","幂、指数与对数","short-answer","Core","14","14","pass","none","","","Include in S18 pass-sample review before app integration."
"hjb-high-ds-v4-s4-142","S4","必修 第一册","幂、指数与对数","multiple-choice","Challenge","41","41","pass","none","","","Include in S18 pass-sample review before app integration."
"hjb-high-ds-v4-s4-143","S4","必修 第一册","幂、指数与对数","fill-in","Foundation","10","10","pass","none","","","Include in S18 pass-sample review before app integration."
"hjb-high-ds-v4-s4-144","S4","必修 第一册","幂、指数与对数","short-answer","Exam","43","43","pass","none","","","Include in S18 pass-sample review before app integration."
"hjb-high-ds-v4-s4-145","S4","必修 第一册","幂、指数与对数","multiple-choice","Core","7","7","pass","none","","","Include in S18 pass-sample review before app integration."
"hjb-high-ds-v4-s4-146","S4","必修 第一册","幂、指数与对数","fill-in","Challenge","31","31","pass","none","","","Include in S18 pass-sample review before app integration."
"hjb-high-ds-v4-s4-147","S4","必修 第一册","幂、指数与对数","short-answer","Foundation","13","13","pass","none","","","Include in S18 pass-sample review before app integration."
"hjb-high-ds-v4-s4-148","S4","必修 第一册","幂、指数与对数","multiple-choice","Exam","47","47","pass","none","","","Include in S18 pass-sample review before app integration."
"hjb-high-ds-v4-s4-149","S4","必修 第一册","幂、指数与对数","fill-in","Core","15","15","pass","none","","","Include in S18 pass-sample review before app integration."
"hjb-high-ds-v4-s4-150","S4","必修 第一册","幂、指数与对数","short-answer","Challenge","39","39","pass","none","","","Include in S18 pass-sample review before app integration."
"hjb-high-ds-v4-s4-151","S4","必修 第一册","幂函数、指数函数与对数函数","multiple-choice","Foundation","16","16","pass","none","","","Include in S18 pass-sample review before app integration."
"hjb-high-ds-v4-s4-152","S4","必修 第一册","幂函数、指数函数与对数函数","fill-in","Exam","36","36","pass","none","","","Include in S18 pass-sample review before app integration."
"hjb-high-ds-v4-s4-153","S4","必修 第一册","幂函数、指数函数与对数函数","short-answer","Core","25","25","pass","none","","","Include in S18 pass-sample review before app integration."
"hjb-high-ds-v4-s4-154","S4","必修 第一册","幂函数、指数函数与对数函数","multiple-choice","Challenge","252","252","pass","none","","","Include in S18 pass-sample review before app integration."
"hjb-high-ds-v4-s4-155","S4","必修 第一册","幂函数、指数函数与对数函数","fill-in","Foundation","4","4","pass","none","","","Include in S18 pass-sample review before app integration."
"hjb-high-ds-v4-s4-156","S4","必修 第一册","幂函数、指数函数与对数函数","short-answer","Exam","576","576","pass","none","","","Include in S18 pass-sample review before app integration."
"hjb-high-ds-v4-s4-157","S4","必修 第一册","幂函数、指数函数与对数函数","multiple-choice","Core","81","81","pass","none","","","Include in S18 pass-sample review before app integration."
"hjb-high-ds-v4-s4-158","S4","必修 第一册","幂函数、指数函数与对数函数","fill-in","Challenge","80","80","pass","none","","","Include in S18 pass-sample review before app integration."
"hjb-high-ds-v4-s4-159","S4","必修 第一册","幂函数、指数函数与对数函数","short-answer","Foundation","64","64","pass","none","","","Include in S18 pass-sample review before app integration."
"hjb-high-ds-v4-s4-160","S4","必修 第一册","幂函数、指数函数与对数函数","multiple-choice","Exam","252","252","pass","none","","","Include in S18 pass-sample review before app integration."
"hjb-high-ds-v4-s4-161","S4","必修 第一册","幂函数、指数函数与对数函数","fill-in","Core","64","64","pass","none","","","Include in S18 pass-sample review before app integration."
"hjb-high-ds-v4-s4-162","S4","必修 第一册","幂函数、指数函数与对数函数","short-answer","Challenge","1100","1100","pass","none","","","Include in S18 pass-sample review before app integration."
"hjb-high-ds-v4-s4-163","S4","必修 第一册","幂函数、指数函数与对数函数","multiple-choice","Foundation","121","121","pass","none","","","Include in S18 pass-sample review before app integration."
"hjb-high-ds-v4-s4-164","S4","必修 第一册","幂函数、指数函数与对数函数","fill-in","Exam","12","12","pass","none","","","Include in S18 pass-sample review before app integration."
"hjb-high-ds-v4-s4-165","S4","必修 第一册","幂函数、指数函数与对数函数","short-answer","Core","121","121","pass","none","","","Include in S18 pass-sample review before app integration."
"hjb-high-ds-v4-s4-166","S4","必修 第一册","幂函数、指数函数与对数函数","multiple-choice","Challenge","576","576","pass","none","","","Include in S18 pass-sample review before app integration."
"hjb-high-ds-v4-s4-167","S4","必修 第一册","幂函数、指数函数与对数函数","fill-in","Foundation","49","49","pass","none","","","Include in S18 pass-sample review before app integration."
"hjb-high-ds-v4-s4-168","S4","必修 第一册","幂函数、指数函数与对数函数","short-answer","Exam","392","392","pass","none","","","Include in S18 pass-sample review before app integration."
"hjb-high-ds-v4-s4-169","S4","必修 第一册","幂函数、指数函数与对数函数","multiple-choice","Core","25","25","pass","none","","","Include in S18 pass-sample review before app integration."
"hjb-high-ds-v4-s4-170","S4","必修 第一册","幂函数、指数函数与对数函数","fill-in","Challenge","392","392","pass","none","","","Include in S18 pass-sample review before app integration."
"hjb-high-ds-v4-s4-171","S4","必修 第一册","幂函数、指数函数与对数函数","short-answer","Foundation","49","49","pass","none","","","Include in S18 pass-sample review before app integration."
"hjb-high-ds-v4-s4-172","S4","必修 第一册","幂函数、指数函数与对数函数","multiple-choice","Exam","1100","1100","pass","none","","","Include in S18 pass-sample review before app integration."
"hjb-high-ds-v4-s4-173","S4","必修 第一册","幂函数、指数函数与对数函数","fill-in","Core","9","9","pass","none","","","Include in S18 pass-sample review before app integration."
"hjb-high-ds-v4-s4-174","S4","必修 第一册","幂函数、指数函数与对数函数","short-answer","Challenge","36","36","pass","none","","","Include in S18 pass-sample review before app integration."
"hjb-high-ds-v4-s4-175","S4","必修 第一册","幂函数、指数函数与对数函数","multiple-choice","Foundation","36","36","pass","none","","","Include in S18 pass-sample review before app integration."
"hjb-high-ds-v4-s4-176","S4","必修 第一册","幂函数、指数函数与对数函数","fill-in","Exam","1100","1100","pass","none","","","Include in S18 pass-sample review before app integration."
"hjb-high-ds-v4-s4-177","S4","必修 第一册","幂函数、指数函数与对数函数","short-answer","Core","64","64","pass","none","","","Include in S18 pass-sample review before app integration."
"hjb-high-ds-v4-s4-178","S4","必修 第一册","幂函数、指数函数与对数函数","multiple-choice","Challenge","1100","1100","pass","none","","","Include in S18 pass-sample review before app integration."
"hjb-high-ds-v4-s4-179","S4","必修 第一册","幂函数、指数函数与对数函数","fill-in","Foundation","36","36","pass","none","","","Include in S18 pass-sample review before app integration."
"hjb-high-ds-v4-s4-180","S4","必修 第一册","幂函数、指数函数与对数函数","short-answer","Exam","150","150","pass","none","","","Include in S18 pass-sample review before app integration."
"hjb-high-ds-v4-s4-181","S4","必修 第一册","幂函数、指数函数与对数函数","multiple-choice","Core","64","64","pass","none","","","Include in S18 pass-sample review before app integration."
"hjb-high-ds-v4-s4-182","S4","必修 第一册","幂函数、指数函数与对数函数","fill-in","Challenge","12","12","pass","none","","","Include in S18 pass-sample review before app integration."
"hjb-high-ds-v4-s4-183","S4","必修 第一册","幂函数、指数函数与对数函数","short-answer","Foundation","49","49","pass","none","","","Include in S18 pass-sample review before app integration."
"hjb-high-ds-v4-s4-184","S4","必修 第一册","幂函数、指数函数与对数函数","multiple-choice","Exam","810","810","pass","none","","","Include in S18 pass-sample review before app integration."
"hjb-high-ds-v4-s4-185","S4","必修 第一册","幂函数、指数函数与对数函数","fill-in","Core","49","49","pass","none","","","Include in S18 pass-sample review before app integration."
"hjb-high-ds-v4-s4-186","S4","必修 第一册","幂函数、指数函数与对数函数","short-answer","Challenge","36","36","pass","none","","","Include in S18 pass-sample review before app integration."
"hjb-high-ds-v4-s4-187","S4","必修 第一册","幂函数、指数函数与对数函数","multiple-choice","Foundation","49","49","pass","none","","","Include in S18 pass-sample review before app integration."
"hjb-high-ds-v4-s4-188","S4","必修 第一册","幂函数、指数函数与对数函数","fill-in","Exam","1100","1100","pass","none","","","Include in S18 pass-sample review before app integration."
"hjb-high-ds-v4-s4-189","S4","必修 第一册","幂函数、指数函数与对数函数","short-answer","Core","121","121","pass","none","","","Include in S18 pass-sample review before app integration."
"hjb-high-ds-v4-s4-190","S4","必修 第一册","幂函数、指数函数与对数函数","multiple-choice","Challenge","392","392","pass","none","","","Include in S18 pass-sample review before app integration."
"hjb-high-ds-v4-s4-191","S4","必修 第一册","幂函数、指数函数与对数函数","fill-in","Foundation","121","121","pass","none","","","Include in S18 pass-sample review before app integration."
"hjb-high-ds-v4-s4-192","S4","必修 第一册","幂函数、指数函数与对数函数","short-answer","Exam","12","12","pass","none","","","Include in S18 pass-sample review before app integration."
"hjb-high-ds-v4-s4-193","S4","必修 第一册","幂函数、指数函数与对数函数","multiple-choice","Core","64","64","pass","none","","","Include in S18 pass-sample review before app integration."
"hjb-high-ds-v4-s4-194","S4","必修 第一册","幂函数、指数函数与对数函数","fill-in","Challenge","810","810","pass","none","","","Include in S18 pass-sample review before app integration."
"hjb-high-ds-v4-s4-195","S4","必修 第一册","幂函数、指数函数与对数函数","short-answer","Foundation","9","9","pass","none","","","Include in S18 pass-sample review before app integration."
"hjb-high-ds-v4-s4-196","S4","必修 第一册","幂函数、指数函数与对数函数","multiple-choice","Exam","1452","1452","pass","none","","","Include in S18 pass-sample review before app integration."
"hjb-high-ds-v4-s4-197","S4","必修 第一册","幂函数、指数函数与对数函数","fill-in","Core","49","49","pass","none","","","Include in S18 pass-sample review before app integration."
"hjb-high-ds-v4-s4-198","S4","必修 第一册","幂函数、指数函数与对数函数","short-answer","Challenge","1452","1452","pass","none","","","Include in S18 pass-sample review before app integration."
"hjb-high-ds-v4-s4-199","S4","必修 第一册","幂函数、指数函数与对数函数","multiple-choice","Foundation","9","9","pass","none","","","Include in S18 pass-sample review before app integration."
"hjb-high-ds-v4-s4-200","S4","必修 第一册","幂函数、指数函数与对数函数","fill-in","Exam","36","36","pass","none","","","Include in S18 pass-sample review before app integration."
"hjb-high-ds-v4-s4-201","S4","必修 第一册","函数的概念、性质及应用","short-answer","Core","58","58","pass","none","","","Include in S18 pass-sample review before app integration."
"hjb-high-ds-v4-s4-202","S4","必修 第一册","函数的概念、性质及应用","multiple-choice","Challenge","88","88","pass","none","","","Include in S18 pass-sample review before app integration."
"hjb-high-ds-v4-s4-203","S4","必修 第一册","函数的概念、性质及应用","fill-in","Foundation","107","107","pass","none","","","Include in S18 pass-sample review before app integration."
"hjb-high-ds-v4-s4-204","S4","必修 第一册","函数的概念、性质及应用","short-answer","Core","150","150","pass","none","","","Include in S18 pass-sample review before app integration."
"hjb-high-ds-v4-s4-205","S4","必修 第一册","函数的概念、性质及应用","multiple-choice","Challenge","142","142","pass","none","","","Include in S18 pass-sample review before app integration."
"hjb-high-ds-v4-s4-206","S4","必修 第一册","函数的概念、性质及应用","fill-in","Foundation","190","190","pass","none","","","Include in S18 pass-sample review before app integration."
"hjb-high-ds-v4-s4-207","S4","必修 第一册","函数的概念、性质及应用","short-answer","Core","46","46","pass","none","","","Include in S18 pass-sample review before app integration."
"hjb-high-ds-v4-s4-208","S4","必修 第一册","函数的概念、性质及应用","multiple-choice","Challenge","251","251","pass","none","","","Include in S18 pass-sample review before app integration."
"hjb-high-ds-v4-s4-209","S4","必修 第一册","函数的概念、性质及应用","fill-in","Foundation","60","60","pass","none","","","Include in S18 pass-sample review before app integration."
"hjb-high-ds-v4-s4-210","S4","必修 第一册","函数的概念、性质及应用","short-answer","Core","62","62","pass","none","","","Include in S18 pass-sample review before app integration."
"hjb-high-ds-v4-s4-211","S4","必修 第一册","函数的概念、性质及应用","multiple-choice","Challenge","111","111","pass","none","","","Include in S18 pass-sample review before app integration."
"hjb-high-ds-v4-s4-212","S4","必修 第一册","函数的概念、性质及应用","fill-in","Foundation","110","110","pass","none","","","Include in S18 pass-sample review before app integration."
"hjb-high-ds-v4-s4-213","S4","必修 第一册","函数的概念、性质及应用","short-answer","Core","75","75","pass","none","","","Include in S18 pass-sample review before app integration."
"hjb-high-ds-v4-s4-214","S4","必修 第一册","函数的概念、性质及应用","multiple-choice","Challenge","133","133","pass","none","","","Include in S18 pass-sample review before app integration."
"hjb-high-ds-v4-s4-215","S4","必修 第一册","函数的概念、性质及应用","fill-in","Foundation","240","240","pass","none","","","Include in S18 pass-sample review before app integration."
"hjb-high-ds-v4-s4-216","S4","必修 第一册","函数的概念、性质及应用","short-answer","Core","70","70","pass","none","","","Include in S18 pass-sample review before app integration."
"hjb-high-ds-v4-s4-217","S4","必修 第一册","函数的概念、性质及应用","multiple-choice","Challenge","24","24","pass","none","","","Include in S18 pass-sample review before app integration."
"hjb-high-ds-v4-s4-218","S4","必修 第一册","函数的概念、性质及应用","fill-in","Foundation","112","112","pass","none","","","Include in S18 pass-sample review before app integration."
"hjb-high-ds-v4-s4-219","S4","必修 第一册","函数的概念、性质及应用","short-answer","Core","80","80","pass","none","","","Include in S18 pass-sample review before app integration."
"hjb-high-ds-v4-s4-220","S4","必修 第一册","函数的概念、性质及应用","multiple-choice","Challenge","166","166","pass","none","","","Include in S18 pass-sample review before app integration."
"hjb-high-ds-v4-s4-221","S4","必修 第一册","函数的概念、性质及应用","fill-in","Foundation","97","97","pass","none","","","Include in S18 pass-sample review before app integration."
"hjb-high-ds-v4-s4-222","S4","必修 第一册","函数的概念、性质及应用","short-answer","Core","58","58","pass","none","","","Include in S18 pass-sample review before app integration."
"hjb-high-ds-v4-s4-223","S4","必修 第一册","函数的概念、性质及应用","multiple-choice","Challenge","64","64","pass","none","","","Include in S18 pass-sample review before app integration."
"hjb-high-ds-v4-s4-224","S4","必修 第一册","函数的概念、性质及应用","fill-in","Foundation","41","41","pass","none","","","Include in S18 pass-sample review before app integration."
"hjb-high-ds-v4-s4-225","S4","必修 第一册","函数的概念、性质及应用","short-answer","Core","83","83","pass","none","","","Include in S18 pass-sample review before app integration."
"hjb-high-ds-v4-s4-226","S4","必修 第一册","函数的概念、性质及应用","multiple-choice","Challenge","93","93","pass","none","","","Include in S18 pass-sample review before app integration."
"hjb-high-ds-v4-s4-227","S4","必修 第一册","函数的概念、性质及应用","fill-in","Foundation","69","69","pass","none","","","Include in S18 pass-sample review before app integration."
"hjb-high-ds-v4-s4-228","S4","必修 第一册","函数的概念、性质及应用","short-answer","Core","101","101","pass","none","","","Include in S18 pass-sample review before app integration."
"hjb-high-ds-v4-s4-229","S4","必修 第一册","函数的概念、性质及应用","multiple-choice","Challenge","81","81","pass","none","","","Include in S18 pass-sample review before app integration."
"hjb-high-ds-v4-s4-230","S4","必修 第一册","函数的概念、性质及应用","fill-in","Foundation","39","39","pass","none","","","Include in S18 pass-sample review before app integration."
"hjb-high-ds-v4-s4-231","S4","必修 第一册","函数的概念、性质及应用","short-answer","Core","88","88","pass","none","","","Include in S18 pass-sample review before app integration."
"hjb-high-ds-v4-s4-232","S4","必修 第一册","函数的概念、性质及应用","multiple-choice","Challenge","37","37","pass","none","","","Include in S18 pass-sample review before app integration."
"hjb-high-ds-v4-s4-233","S4","必修 第一册","函数的概念、性质及应用","fill-in","Foundation","110","110","pass","none","","","Include in S18 pass-sample review before app integration."
"hjb-high-ds-v4-s4-234","S4","必修 第一册","函数的概念、性质及应用","short-answer","Core","57","57","pass","none","","","Include in S18 pass-sample review before app integration."
"hjb-high-ds-v4-s4-235","S4","必修 第一册","函数的概念、性质及应用","multiple-choice","Challenge","104","104","pass","none","","","Include in S18 pass-sample review before app integration."
"hjb-high-ds-v4-s4-236","S4","必修 第一册","函数的概念、性质及应用","fill-in","Foundation","103","103","pass","none","","","Include in S18 pass-sample review before app integration."
"hjb-high-ds-v4-s4-237","S4","必修 第一册","函数的概念、性质及应用","short-answer","Core","93","93","pass","none","","","Include in S18 pass-sample review before app integration."
"hjb-high-ds-v4-s4-238","S4","必修 第一册","函数的概念、性质及应用","multiple-choice","Challenge","225","225","pass","none","","","Include in S18 pass-sample review before app integration."
"hjb-high-ds-v4-s4-239","S4","必修 第一册","函数的概念、性质及应用","fill-in","Foundation","62","62","pass","none","","","Include in S18 pass-sample review before app integration."
"hjb-high-ds-v4-s4-240","S4","必修 第一册","函数的概念、性质及应用","short-answer","Core","57","57","pass","none","","","Include in S18 pass-sample review before app integration."
"hjb-high-ds-v4-s4-241","S4","必修 第一册","函数的概念、性质及应用","multiple-choice","Challenge","76","76","pass","none","","","Include in S18 pass-sample review before app integration."
"hjb-high-ds-v4-s4-242","S4","必修 第一册","函数的概念、性质及应用","fill-in","Foundation","70","70","pass","none","","","Include in S18 pass-sample review before app integration."
"hjb-high-ds-v4-s4-243","S4","必修 第一册","函数的概念、性质及应用","short-answer","Core","79","79","pass","none","","","Include in S18 pass-sample review before app integration."
"hjb-high-ds-v4-s4-244","S4","必修 第一册","函数的概念、性质及应用","multiple-choice","Challenge","216","216","pass","none","","","Include in S18 pass-sample review before app integration."
"hjb-high-ds-v4-s4-245","S4","必修 第一册","函数的概念、性质及应用","fill-in","Foundation","85","85","pass","none","","","Include in S18 pass-sample review before app integration."
"hjb-high-ds-v4-s4-246","S4","必修 第一册","函数的概念、性质及应用","short-answer","Core","107","107","pass","none","","","Include in S18 pass-sample review before app integration."
"hjb-high-ds-v4-s4-247","S4","必修 第一册","函数的概念、性质及应用","multiple-choice","Challenge","75","75","pass","none","","","Include in S18 pass-sample review before app integration."
"hjb-high-ds-v4-s4-248","S4","必修 第一册","函数的概念、性质及应用","fill-in","Foundation","157","157","pass","none","","","Include in S18 pass-sample review before app integration."
"hjb-high-ds-v4-s4-249","S4","必修 第一册","函数的概念、性质及应用","short-answer","Core","42","42","pass","none","","","Include in S18 pass-sample review before app integration."
"hjb-high-ds-v4-s4-250","S4","必修 第一册","函数的概念、性质及应用","multiple-choice","Challenge","142","142","pass","none","","","Include in S18 pass-sample review before app integration."
"hjb-high-ds-v4-s4-251","S4","必修 第二册","三角","fill-in","Foundation","40√3","40√3","pass","none","","","Include in S18 pass-sample review before app integration."
"hjb-high-ds-v4-s4-252","S4","必修 第二册","三角","short-answer","Core","36√3","36√3","pass","none","","","Include in S18 pass-sample review before app integration."
"hjb-high-ds-v4-s4-253","S4","必修 第二册","三角","multiple-choice","Challenge","219","219","pass","none","","","Include in S18 pass-sample review before app integration."
"hjb-high-ds-v4-s4-254","S4","必修 第二册","三角","fill-in","Foundation","33√3/2","33√3/2","pass","none","","","Include in S18 pass-sample review before app integration."
"hjb-high-ds-v4-s4-255","S4","必修 第二册","三角","short-answer","Core","209√3/4","209√3/4","pass","none","","","Include in S18 pass-sample review before app integration."
"hjb-high-ds-v4-s4-256","S4","必修 第二册","三角","multiple-choice","Challenge","19","19","pass","none","","","Include in S18 pass-sample review before app integration."
"hjb-high-ds-v4-s4-257","S4","必修 第二册","三角","fill-in","Foundation","9√3/2","9√3/2","pass","none","","","Include in S18 pass-sample review before app integration."
"hjb-high-ds-v4-s4-258","S4","必修 第二册","三角","short-answer","Core","15√3/4","15√3/4","pass","none","","","Include in S18 pass-sample review before app integration."
"hjb-high-ds-v4-s4-259","S4","必修 第二册","三角","multiple-choice","Challenge","75","75","pass","none","","","Include in S18 pass-sample review before app integration."
"hjb-high-ds-v4-s4-260","S4","必修 第二册","三角","fill-in","Foundation","99√3/4","99√3/4","pass","none","","","Include in S18 pass-sample review before app integration."
"hjb-high-ds-v4-s4-261","S4","必修 第二册","三角","short-answer","Core","63√3/2","63√3/2","pass","none","","","Include in S18 pass-sample review before app integration."
"hjb-high-ds-v4-s4-262","S4","必修 第二册","三角","multiple-choice","Challenge","63","63","pass","none","","","Include in S18 pass-sample review before app integration."
"hjb-high-ds-v4-s4-263","S4","必修 第二册","三角","fill-in","Foundation","30√3","30√3","pass","none","","","Include in S18 pass-sample review before app integration."
"hjb-high-ds-v4-s4-264","S4","必修 第二册","三角","short-answer","Core","9√3","9√3","pass","none","","","Include in S18 pass-sample review before app integration."
"hjb-high-ds-v4-s4-265","S4","必修 第二册","三角","multiple-choice","Challenge","67","67","pass","none","","","Include in S18 pass-sample review before app integration."
"hjb-high-ds-v4-s4-266","S4","必修 第二册","三角","fill-in","Foundation","32√3","32√3","pass","none","","","Include in S18 pass-sample review before app integration."
"hjb-high-ds-v4-s4-267","S4","必修 第二册","三角","short-answer","Core","95√3/4","95√3/4","pass","none","","","Include in S18 pass-sample review before app integration."
"hjb-high-ds-v4-s4-268","S4","必修 第二册","三角","multiple-choice","Challenge","76","76","pass","none","","","Include in S18 pass-sample review before app integration."
"hjb-high-ds-v4-s4-269","S4","必修 第二册","三角","fill-in","Foundation","121√3/4","121√3/4","pass","none","","","Include in S18 pass-sample review before app integration."
"hjb-high-ds-v4-s4-270","S4","必修 第二册","三角","short-answer","Core","57√3/2","57√3/2","pass","none","","","Include in S18 pass-sample review before app integration."
"hjb-high-ds-v4-s4-271","S4","必修 第二册","三角","multiple-choice","Challenge","49","49","pass","none","","","Include in S18 pass-sample review before app integration."
"hjb-high-ds-v4-s4-272","S4","必修 第二册","三角","fill-in","Foundation","33√3","33√3","pass","none","","","Include in S18 pass-sample review before app integration."
"hjb-high-ds-v4-s4-273","S4","必修 第二册","三角","short-answer","Core","27√3/2","27√3/2","pass","none","","","Include in S18 pass-sample review before app integration."
"hjb-high-ds-v4-s4-274","S4","必修 第二册","三角","multiple-choice","Challenge","109","109","pass","none","","","Include in S18 pass-sample review before app integration."
"hjb-high-ds-v4-s4-275","S4","必修 第二册","三角","fill-in","Foundation","21√3/2","21√3/2","pass","none","","","Include in S18 pass-sample review before app integration."
"hjb-high-ds-v4-s4-276","S4","必修 第二册","三角","short-answer","Core","35√3/2","35√3/2","pass","none","","","Include in S18 pass-sample review before app integration."
"hjb-high-ds-v4-s4-277","S4","必修 第二册","三角","multiple-choice","Challenge","73","73","pass","none","","","Include in S18 pass-sample review before app integration."
"hjb-high-ds-v4-s4-278","S4","必修 第二册","三角","fill-in","Foundation","18√3","18√3","pass","none","","","Include in S18 pass-sample review before app integration."
"hjb-high-ds-v4-s4-279","S4","必修 第二册","三角","short-answer","Core","45√3","45√3","pass","none","","","Include in S18 pass-sample review before app integration."
"hjb-high-ds-v4-s4-280","S4","必修 第二册","三角","multiple-choice","Challenge","192","192","pass","none","","","Include in S18 pass-sample review before app integration."
"hjb-high-ds-v4-s4-281","S4","必修 第二册","三角","fill-in","Foundation","15√3","15√3","pass","none","","","Include in S18 pass-sample review before app integration."
"hjb-high-ds-v4-s4-282","S4","必修 第二册","三角","short-answer","Core","45√3/2","45√3/2","pass","none","","","Include in S18 pass-sample review before app integration."
"hjb-high-ds-v4-s4-283","S4","必修 第二册","三角","multiple-choice","Challenge","21","21","pass","none","","","Include in S18 pass-sample review before app integration."
"hjb-high-ds-v4-s4-284","S4","必修 第二册","三角","fill-in","Foundation","21√3/2","21√3/2","pass","none","","","Include in S18 pass-sample review before app integration."
"hjb-high-ds-v4-s4-285","S4","必修 第二册","三角","short-answer","Core","9√3","9√3","pass","none","","","Include in S18 pass-sample review before app integration."
"hjb-high-ds-v4-s4-286","S4","必修 第二册","三角","multiple-choice","Challenge","133","133","pass","none","","","Include in S18 pass-sample review before app integration."
"hjb-high-ds-v4-s4-287","S4","必修 第二册","三角","fill-in","Foundation","17√3/2","17√3/2","pass","none","","","Include in S18 pass-sample review before app integration."
"hjb-high-ds-v4-s4-288","S4","必修 第二册","三角","short-answer","Core","28√3","28√3","pass","none","","","Include in S18 pass-sample review before app integration."
"hjb-high-ds-v4-s4-289","S4","必修 第二册","三角","multiple-choice","Challenge","169","169","pass","none","","","Include in S18 pass-sample review before app integration."
"hjb-high-ds-v4-s4-290","S4","必修 第二册","三角","fill-in","Foundation","45√3","45√3","pass","none","","","Include in S18 pass-sample review before app integration."
"hjb-high-ds-v4-s4-291","S4","必修 第二册","三角","short-answer","Core","8√3","8√3","pass","none","","","Include in S18 pass-sample review before app integration."
"hjb-high-ds-v4-s4-292","S4","必修 第二册","三角","multiple-choice","Challenge","229","229","pass","none","","","Include in S18 pass-sample review before app integration."
"hjb-high-ds-v4-s4-293","S4","必修 第二册","三角","fill-in","Foundation","3√3","3√3","pass","none","","","Include in S18 pass-sample review before app integration."
"hjb-high-ds-v4-s4-294","S4","必修 第二册","三角","short-answer","Core","6√3","6√3","pass","none","","","Include in S18 pass-sample review before app integration."
"hjb-high-ds-v4-s4-295","S4","必修 第二册","三角","multiple-choice","Challenge","196","196","pass","none","","","Include in S18 pass-sample review before app integration."
"hjb-high-ds-v4-s4-296","S4","必修 第二册","三角","fill-in","Foundation","18√3","18√3","pass","none","","","Include in S18 pass-sample review before app integration."
"hjb-high-ds-v4-s4-297","S4","必修 第二册","三角","short-answer","Core","45√3","45√3","pass","none","","","Include in S18 pass-sample review before app integration."
"hjb-high-ds-v4-s4-298","S4","必修 第二册","三角","multiple-choice","Challenge","139","139","pass","none","","","Include in S18 pass-sample review before app integration."
"hjb-high-ds-v4-s4-299","S4","必修 第二册","三角","fill-in","Foundation","18√3","18√3","pass","none","","","Include in S18 pass-sample review before app integration."
"hjb-high-ds-v4-s4-300","S4","必修 第二册","三角","short-answer","Core","15√3/4","15√3/4","pass","none","","","Include in S18 pass-sample review before app integration."
"hjb-high-ds-v4-s4-301","S4","必修 第二册","三角","multiple-choice","Challenge","108","108","pass","none","","","Include in S18 pass-sample review before app integration."
"hjb-high-ds-v4-s4-302","S4","必修 第二册","三角","fill-in","Foundation","18√3","18√3","pass","none","","","Include in S18 pass-sample review before app integration."
"hjb-high-ds-v4-s4-303","S4","必修 第二册","三角","short-answer","Core","55√3/4","55√3/4","pass","none","","","Include in S18 pass-sample review before app integration."
"hjb-high-ds-v4-s4-304","S4","必修 第二册","三角","multiple-choice","Challenge","63","63","pass","none","","","Include in S18 pass-sample review before app integration."
"hjb-high-ds-v4-s4-305","S4","必修 第二册","三角","fill-in","Foundation","45√3/4","45√3/4","pass","none","","","Include in S18 pass-sample review before app integration."
"hjb-high-ds-v4-s4-306","S4","必修 第二册","三角","short-answer","Core","39√3/2","39√3/2","pass","none","","","Include in S18 pass-sample review before app integration."
"hjb-high-ds-v4-s4-307","S4","必修 第二册","三角","multiple-choice","Challenge","181","181","pass","none","","","Include in S18 pass-sample review before app integration."
"hjb-high-ds-v4-s4-308","S4","必修 第二册","三角","fill-in","Foundation","20√3","20√3","pass","none","","","Include in S18 pass-sample review before app integration."
"hjb-high-ds-v4-s4-309","S4","必修 第二册","三角","short-answer","Core","65√3/4","65√3/4","pass","none","","","Include in S18 pass-sample review before app integration."
"hjb-high-ds-v4-s4-310","S4","必修 第二册","三角","multiple-choice","Challenge","31","31","pass","none","","","Include in S18 pass-sample review before app integration."
"hjb-high-ds-v4-s4-311","S4","必修 第二册","三角","fill-in","Foundation","45√3/2","45√3/2","pass","none","","","Include in S18 pass-sample review before app integration."
"hjb-high-ds-v4-s4-312","S4","必修 第二册","三角","short-answer","Core","51√3/4","51√3/4","pass","none","","","Include in S18 pass-sample review before app integration."
"hjb-high-ds-v4-s4-313","S4","必修 第二册","三角","multiple-choice","Challenge","124","124","pass","none","","","Include in S18 pass-sample review before app integration."
"hjb-high-ds-v4-s4-314","S4","必修 第二册","三角函数","fill-in","Foundation","π","π","pass","none","","","Include in S18 pass-sample review before app integration."
"hjb-high-ds-v4-s4-315","S4","必修 第二册","三角函数","short-answer","Core","π","π","pass","none","","","Include in S18 pass-sample review before app integration."
"hjb-high-ds-v4-s4-316","S4","必修 第二册","三角函数","multiple-choice","Challenge","2","2","pass","none","","","Include in S18 pass-sample review before app integration."
"hjb-high-ds-v4-s4-317","S4","必修 第二册","三角函数","fill-in","Foundation","π","π","pass","none","","","Include in S18 pass-sample review before app integration."
"hjb-high-ds-v4-s4-318","S4","必修 第二册","三角函数","short-answer","Core","π","π","pass","none","","","Include in S18 pass-sample review before app integration."
"hjb-high-ds-v4-s4-319","S4","必修 第二册","三角函数","multiple-choice","Challenge","2","2","pass","none","","","Include in S18 pass-sample review before app integration."
"hjb-high-ds-v4-s4-320","S4","必修 第二册","三角函数","fill-in","Foundation","π","π","pass","none","","","Include in S18 pass-sample review before app integration."
"hjb-high-ds-v4-s4-321","S4","必修 第二册","三角函数","short-answer","Core","π","π","pass","none","","","Include in S18 pass-sample review before app integration."
"hjb-high-ds-v4-s4-322","S4","必修 第二册","三角函数","multiple-choice","Challenge","2","2","pass","none","","","Include in S18 pass-sample review before app integration."
"hjb-high-ds-v4-s4-323","S4","必修 第二册","三角函数","fill-in","Foundation","π","π","pass","none","","","Include in S18 pass-sample review before app integration."
"hjb-high-ds-v4-s4-324","S4","必修 第二册","三角函数","short-answer","Core","π","π","pass","none","","","Include in S18 pass-sample review before app integration."
"hjb-high-ds-v4-s4-325","S4","必修 第二册","三角函数","multiple-choice","Challenge","3","3","pass","none","","","Include in S18 pass-sample review before app integration."
"hjb-high-ds-v4-s4-326","S4","必修 第二册","三角函数","fill-in","Foundation","π","π","pass","none","","","Include in S18 pass-sample review before app integration."
"hjb-high-ds-v4-s4-327","S4","必修 第二册","三角函数","short-answer","Core","π","π","pass","none","","","Include in S18 pass-sample review before app integration."
"hjb-high-ds-v4-s4-328","S4","必修 第二册","三角函数","multiple-choice","Challenge","2","2","pass","none","","","Include in S18 pass-sample review before app integration."
"hjb-high-ds-v4-s4-329","S4","必修 第二册","三角函数","fill-in","Foundation","π","π","pass","none","","","Include in S18 pass-sample review before app integration."
"hjb-high-ds-v4-s4-330","S4","必修 第二册","三角函数","short-answer","Core","π","π","pass","none","","","Include in S18 pass-sample review before app integration."
"hjb-high-ds-v4-s4-331","S4","必修 第二册","三角函数","multiple-choice","Challenge","2","2","pass","none","","","Include in S18 pass-sample review before app integration."
"hjb-high-ds-v4-s4-332","S4","必修 第二册","三角函数","fill-in","Foundation","π","π","pass","none","","","Include in S18 pass-sample review before app integration."
"hjb-high-ds-v4-s4-333","S4","必修 第二册","三角函数","short-answer","Core","π","π","pass","none","","","Include in S18 pass-sample review before app integration."
"hjb-high-ds-v4-s4-334","S4","必修 第二册","三角函数","multiple-choice","Challenge","3","3","pass","none","","","Include in S18 pass-sample review before app integration."
"hjb-high-ds-v4-s4-335","S4","必修 第二册","三角函数","fill-in","Foundation","π","π","pass","none","","","Include in S18 pass-sample review before app integration."
"hjb-high-ds-v4-s4-336","S4","必修 第二册","三角函数","short-answer","Core","π","π","pass","none","","","Include in S18 pass-sample review before app integration."
"hjb-high-ds-v4-s4-337","S4","必修 第二册","三角函数","multiple-choice","Challenge","2","2","pass","none","","","Include in S18 pass-sample review before app integration."
"hjb-high-ds-v4-s4-338","S4","必修 第二册","三角函数","fill-in","Foundation","π","π","pass","none","","","Include in S18 pass-sample review before app integration."
"hjb-high-ds-v4-s4-339","S4","必修 第二册","三角函数","short-answer","Core","π","π","pass","none","","","Include in S18 pass-sample review before app integration."
"hjb-high-ds-v4-s4-340","S4","必修 第二册","三角函数","multiple-choice","Challenge","2","2","pass","none","","","Include in S18 pass-sample review before app integration."
"hjb-high-ds-v4-s4-341","S4","必修 第二册","三角函数","fill-in","Foundation","π","π","pass","none","","","Include in S18 pass-sample review before app integration."
"hjb-high-ds-v4-s4-342","S4","必修 第二册","三角函数","short-answer","Core","π","π","pass","none","","","Include in S18 pass-sample review before app integration."
"hjb-high-ds-v4-s4-343","S4","必修 第二册","三角函数","multiple-choice","Challenge","3","3","pass","none","","","Include in S18 pass-sample review before app integration."
"hjb-high-ds-v4-s4-344","S4","必修 第二册","三角函数","fill-in","Foundation","π","π","pass","none","","","Include in S18 pass-sample review before app integration."
"hjb-high-ds-v4-s4-345","S4","必修 第二册","三角函数","short-answer","Core","π","π","pass","none","","","Include in S18 pass-sample review before app integration."
"hjb-high-ds-v4-s4-346","S4","必修 第二册","三角函数","multiple-choice","Challenge","2","2","pass","none","","","Include in S18 pass-sample review before app integration."
"hjb-high-ds-v4-s4-347","S4","必修 第二册","三角函数","fill-in","Foundation","π","π","pass","none","","","Include in S18 pass-sample review before app integration."
"hjb-high-ds-v4-s4-348","S4","必修 第二册","三角函数","short-answer","Core","π","π","pass","none","","","Include in S18 pass-sample review before app integration."
"hjb-high-ds-v4-s4-349","S4","必修 第二册","三角函数","multiple-choice","Challenge","2","2","pass","none","","","Include in S18 pass-sample review before app integration."
"hjb-high-ds-v4-s4-350","S4","必修 第二册","三角函数","fill-in","Foundation","π","π","pass","none","","","Include in S18 pass-sample review before app integration."
"hjb-high-ds-v4-s4-351","S4","必修 第二册","三角函数","short-answer","Core","π","π","pass","none","","","Include in S18 pass-sample review before app integration."
"hjb-high-ds-v4-s4-352","S4","必修 第二册","三角函数","multiple-choice","Challenge","2","2","pass","none","","","Include in S18 pass-sample review before app integration."
"hjb-high-ds-v4-s4-353","S4","必修 第二册","三角函数","fill-in","Foundation","π","π","pass","none","","","Include in S18 pass-sample review before app integration."
"hjb-high-ds-v4-s4-354","S4","必修 第二册","三角函数","short-answer","Core","π","π","pass","none","","","Include in S18 pass-sample review before app integration."
"hjb-high-ds-v4-s4-355","S4","必修 第二册","三角函数","multiple-choice","Challenge","2","2","pass","none","","","Include in S18 pass-sample review before app integration."
"hjb-high-ds-v4-s4-356","S4","必修 第二册","三角函数","fill-in","Foundation","π","π","pass","none","","","Include in S18 pass-sample review before app integration."
"hjb-high-ds-v4-s4-357","S4","必修 第二册","三角函数","short-answer","Core","π","π","pass","none","","","Include in S18 pass-sample review before app integration."
"hjb-high-ds-v4-s4-358","S4","必修 第二册","三角函数","multiple-choice","Challenge","2","2","pass","none","","","Include in S18 pass-sample review before app integration."
"hjb-high-ds-v4-s4-359","S4","必修 第二册","三角函数","fill-in","Foundation","π","π","pass","none","","","Include in S18 pass-sample review before app integration."
"hjb-high-ds-v4-s4-360","S4","必修 第二册","三角函数","short-answer","Core","π","π","pass","none","","","Include in S18 pass-sample review before app integration."
"hjb-high-ds-v4-s4-361","S4","必修 第二册","三角函数","multiple-choice","Challenge","2","2","pass","none","","","Include in S18 pass-sample review before app integration."
"hjb-high-ds-v4-s4-362","S4","必修 第二册","三角函数","fill-in","Foundation","π","π","pass","none","","","Include in S18 pass-sample review before app integration."
"hjb-high-ds-v4-s4-363","S4","必修 第二册","三角函数","short-answer","Core","π","π","pass","none","","","Include in S18 pass-sample review before app integration."
"hjb-high-ds-v4-s4-364","S4","必修 第二册","三角函数","multiple-choice","Challenge","2","2","pass","none","","","Include in S18 pass-sample review before app integration."
"hjb-high-ds-v4-s4-365","S4","必修 第二册","三角函数","fill-in","Foundation","π","π","pass","none","","","Include in S18 pass-sample review before app integration."
"hjb-high-ds-v4-s4-366","S4","必修 第二册","三角函数","short-answer","Core","π","π","pass","none","","","Include in S18 pass-sample review before app integration."
"hjb-high-ds-v4-s4-367","S4","必修 第二册","三角函数","multiple-choice","Challenge","2","2","pass","none","","","Include in S18 pass-sample review before app integration."
"hjb-high-ds-v4-s4-368","S4","必修 第二册","三角函数","fill-in","Foundation","π","π","pass","none","","","Include in S18 pass-sample review before app integration."
"hjb-high-ds-v4-s4-369","S4","必修 第二册","三角函数","short-answer","Core","π","π","pass","none","","","Include in S18 pass-sample review before app integration."
"hjb-high-ds-v4-s4-370","S4","必修 第二册","三角函数","multiple-choice","Challenge","2","2","pass","none","","","Include in S18 pass-sample review before app integration."
"hjb-high-ds-v4-s4-371","S4","必修 第二册","三角函数","fill-in","Foundation","π","π","pass","none","","","Include in S18 pass-sample review before app integration."
"hjb-high-ds-v4-s4-372","S4","必修 第二册","三角函数","short-answer","Core","π","π","pass","none","","","Include in S18 pass-sample review before app integration."
"hjb-high-ds-v4-s4-373","S4","必修 第二册","三角函数","multiple-choice","Challenge","2","2","pass","none","","","Include in S18 pass-sample review before app integration."
"hjb-high-ds-v4-s4-374","S4","必修 第二册","三角函数","fill-in","Foundation","π","π","pass","none","","","Include in S18 pass-sample review before app integration."
"hjb-high-ds-v4-s4-375","S4","必修 第二册","三角函数","short-answer","Core","π","π","pass","none","","","Include in S18 pass-sample review before app integration."
"hjb-high-ds-v4-s4-376","S4","必修 第二册","三角函数","multiple-choice","Challenge","2","2","pass","none","","","Include in S18 pass-sample review before app integration."
"hjb-high-ds-v4-s4-377","S4","必修 第二册","平面向量","fill-in","Foundation","31","31","pass","none","","","Include in S18 pass-sample review before app integration."
"hjb-high-ds-v4-s4-378","S4","必修 第二册","平面向量","multiple-choice","Core","227","227","pass","none","","","Include in S18 pass-sample review before app integration."
"hjb-high-ds-v4-s4-379","S4","必修 第二册","平面向量","fill-in","Challenge","328","328","pass","none","","","Include in S18 pass-sample review before app integration."
"hjb-high-ds-v4-s4-380","S4","必修 第二册","平面向量","multiple-choice","Foundation","168","168","pass","none","","","Include in S18 pass-sample review before app integration."
"hjb-high-ds-v4-s4-381","S4","必修 第二册","平面向量","fill-in","Core","352","352","pass","none","","","Include in S18 pass-sample review before app integration."
"hjb-high-ds-v4-s4-382","S4","必修 第二册","平面向量","multiple-choice","Challenge","392","392","pass","none","","","Include in S18 pass-sample review before app integration."
"hjb-high-ds-v4-s4-383","S4","必修 第二册","平面向量","fill-in","Foundation","178","178","pass","none","","","Include in S18 pass-sample review before app integration."
"hjb-high-ds-v4-s4-384","S4","必修 第二册","平面向量","multiple-choice","Core","106","106","pass","none","","","Include in S18 pass-sample review before app integration."
"hjb-high-ds-v4-s4-385","S4","必修 第二册","平面向量","fill-in","Challenge","184","184","pass","none","","","Include in S18 pass-sample review before app integration."
"hjb-high-ds-v4-s4-386","S4","必修 第二册","平面向量","multiple-choice","Foundation","294","294","pass","none","","","Include in S18 pass-sample review before app integration."
"hjb-high-ds-v4-s4-387","S4","必修 第二册","平面向量","fill-in","Core","98","98","pass","none","","","Include in S18 pass-sample review before app integration."
"hjb-high-ds-v4-s4-388","S4","必修 第二册","平面向量","multiple-choice","Challenge","290","290","pass","none","","","Include in S18 pass-sample review before app integration."
"hjb-high-ds-v4-s4-389","S4","必修 第二册","平面向量","fill-in","Foundation","146","146","pass","none","","","Include in S18 pass-sample review before app integration."
"hjb-high-ds-v4-s4-390","S4","必修 第二册","平面向量","multiple-choice","Core","254","254","pass","none","","","Include in S18 pass-sample review before app integration."
"hjb-high-ds-v4-s4-391","S4","必修 第二册","平面向量","fill-in","Challenge","184","184","pass","none","","","Include in S18 pass-sample review before app integration."
"hjb-high-ds-v4-s4-392","S4","必修 第二册","平面向量","multiple-choice","Foundation","22","22","pass","none","","","Include in S18 pass-sample review before app integration."
"hjb-high-ds-v4-s4-393","S4","必修 第二册","平面向量","fill-in","Core","211","211","pass","none","","","Include in S18 pass-sample review before app integration."
"hjb-high-ds-v4-s4-394","S4","必修 第二册","平面向量","multiple-choice","Challenge","108","108","pass","none","","","Include in S18 pass-sample review before app integration."
"hjb-high-ds-v4-s4-395","S4","必修 第二册","平面向量","fill-in","Foundation","160","160","pass","none","","","Include in S18 pass-sample review before app integration."
"hjb-high-ds-v4-s4-396","S4","必修 第二册","平面向量","multiple-choice","Core","140","140","pass","none","","","Include in S18 pass-sample review before app integration."
"hjb-high-ds-v4-s4-397","S4","必修 第二册","平面向量","fill-in","Challenge","220","220","pass","none","","","Include in S18 pass-sample review before app integration."
"hjb-high-ds-v4-s4-398","S4","必修 第二册","平面向量","multiple-choice","Foundation","299","299","pass","none","","","Include in S18 pass-sample review before app integration."
"hjb-high-ds-v4-s4-399","S4","必修 第二册","平面向量","fill-in","Core","259","259","pass","none","","","Include in S18 pass-sample review before app integration."
"hjb-high-ds-v4-s4-400","S4","必修 第二册","平面向量","multiple-choice","Challenge","240","240","pass","none","","","Include in S18 pass-sample review before app integration."
"hjb-high-ds-v4-s4-401","S4","必修 第二册","平面向量","fill-in","Foundation","102","102","pass","none","","","Include in S18 pass-sample review before app integration."
"hjb-high-ds-v4-s4-402","S4","必修 第二册","平面向量","multiple-choice","Core","282","282","pass","none","","","Include in S18 pass-sample review before app integration."
"hjb-high-ds-v4-s4-403","S4","必修 第二册","平面向量","fill-in","Challenge","264","264","pass","none","","","Include in S18 pass-sample review before app integration."
"hjb-high-ds-v4-s4-404","S4","必修 第二册","平面向量","multiple-choice","Foundation","142","142","pass","none","","","Include in S18 pass-sample review before app integration."
"hjb-high-ds-v4-s4-405","S4","必修 第二册","平面向量","fill-in","Core","68","68","pass","none","","","Include in S18 pass-sample review before app integration."
"hjb-high-ds-v4-s4-406","S4","必修 第二册","平面向量","multiple-choice","Challenge","436","436","pass","none","","","Include in S18 pass-sample review before app integration."
"hjb-high-ds-v4-s4-407","S4","必修 第二册","平面向量","fill-in","Foundation","218","218","pass","none","","","Include in S18 pass-sample review before app integration."
"hjb-high-ds-v4-s4-408","S4","必修 第二册","平面向量","multiple-choice","Core","66","66","pass","none","","","Include in S18 pass-sample review before app integration."
"hjb-high-ds-v4-s4-409","S4","必修 第二册","平面向量","fill-in","Challenge","288","288","pass","none","","","Include in S18 pass-sample review before app integration."
"hjb-high-ds-v4-s4-410","S4","必修 第二册","平面向量","multiple-choice","Foundation","158","158","pass","none","","","Include in S18 pass-sample review before app integration."
"hjb-high-ds-v4-s4-411","S4","必修 第二册","平面向量","fill-in","Core","121","121","pass","none","","","Include in S18 pass-sample review before app integration."
"hjb-high-ds-v4-s4-412","S4","必修 第二册","平面向量","multiple-choice","Challenge","92","92","pass","none","","","Include in S18 pass-sample review before app integration."
"hjb-high-ds-v4-s4-413","S4","必修 第二册","平面向量","fill-in","Foundation","166","166","pass","none","","","Include in S18 pass-sample review before app integration."
"hjb-high-ds-v4-s4-414","S4","必修 第二册","平面向量","multiple-choice","Core","178","178","pass","none","","","Include in S18 pass-sample review before app integration."
"hjb-high-ds-v4-s4-415","S4","必修 第二册","平面向量","fill-in","Challenge","334","334","pass","none","","","Include in S18 pass-sample review before app integration."
"hjb-high-ds-v4-s4-416","S4","必修 第二册","平面向量","multiple-choice","Foundation","222","222","pass","none","","","Include in S18 pass-sample review before app integration."
"hjb-high-ds-v4-s4-417","S4","必修 第二册","平面向量","fill-in","Core","206","206","pass","none","","","Include in S18 pass-sample review before app integration."
"hjb-high-ds-v4-s4-418","S4","必修 第二册","平面向量","multiple-choice","Challenge","264","264","pass","none","","","Include in S18 pass-sample review before app integration."
"hjb-high-ds-v4-s4-419","S4","必修 第二册","平面向量","fill-in","Foundation","72","72","pass","none","","","Include in S18 pass-sample review before app integration."
"hjb-high-ds-v4-s4-420","S4","必修 第二册","平面向量","multiple-choice","Core","214","214","pass","none","","","Include in S18 pass-sample review before app integration."
"hjb-high-ds-v4-s4-421","S4","必修 第二册","平面向量","fill-in","Challenge","360","360","pass","none","","","Include in S18 pass-sample review before app integration."
"hjb-high-ds-v4-s4-422","S4","必修 第二册","平面向量","multiple-choice","Foundation","188","188","pass","none","","","Include in S18 pass-sample review before app integration."
"hjb-high-ds-v4-s4-423","S4","必修 第二册","平面向量","fill-in","Core","82","82","pass","none","","","Include in S18 pass-sample review before app integration."
"hjb-high-ds-v4-s4-424","S4","必修 第二册","平面向量","multiple-choice","Challenge","220","220","pass","none","","","Include in S18 pass-sample review before app integration."
"hjb-high-ds-v4-s4-425","S4","必修 第二册","平面向量","fill-in","Foundation","292","292","pass","none","","","Include in S18 pass-sample review before app integration."
"hjb-high-ds-v4-s4-426","S4","必修 第二册","平面向量","multiple-choice","Core","47","47","pass","none","","","Include in S18 pass-sample review before app integration."
"hjb-high-ds-v4-s4-427","S4","必修 第二册","平面向量","fill-in","Core","224","224","pass","none","","","Include in S18 pass-sample review before app integration."
"hjb-high-ds-v4-s4-428","S4","必修 第二册","平面向量","multiple-choice","Core","68","68","pass","none","","","Include in S18 pass-sample review before app integration."
"hjb-high-ds-v4-s4-429","S4","必修 第二册","平面向量","fill-in","Core","242","242","pass","none","","","Include in S18 pass-sample review before app integration."
"hjb-high-ds-v4-s4-430","S4","必修 第二册","平面向量","multiple-choice","Core","140","140","pass","none","","","Include in S18 pass-sample review before app integration."
"hjb-high-ds-v4-s4-431","S4","必修 第二册","平面向量","fill-in","Core","150","150","pass","none","","","Include in S18 pass-sample review before app integration."
"hjb-high-ds-v4-s4-432","S4","必修 第二册","平面向量","multiple-choice","Core","108","108","pass","none","","","Include in S18 pass-sample review before app integration."
"hjb-high-ds-v4-s4-433","S4","必修 第二册","平面向量","fill-in","Core","247","247","pass","none","","","Include in S18 pass-sample review before app integration."
"hjb-high-ds-v4-s4-434","S4","必修 第二册","平面向量","multiple-choice","Core","178","178","pass","none","","","Include in S18 pass-sample review before app integration."
"hjb-high-ds-v4-s4-435","S4","必修 第二册","平面向量","fill-in","Core","268","268","pass","none","","","Include in S18 pass-sample review before app integration."
"hjb-high-ds-v4-s4-436","S4","必修 第二册","平面向量","multiple-choice","Core","141","141","pass","none","","","Include in S18 pass-sample review before app integration."
"hjb-high-ds-v4-s4-437","S4","必修 第二册","平面向量","fill-in","Core","251","251","pass","none","","","Include in S18 pass-sample review before app integration."
"hjb-high-ds-v4-s4-438","S4","必修 第二册","平面向量","multiple-choice","Core","332","332","pass","none","","","Include in S18 pass-sample review before app integration."
"hjb-high-ds-v4-s4-439","S4","必修 第二册","复数","fill-in","Core","16","16","pass","none","","","Include in S18 pass-sample review before app integration."
"hjb-high-ds-v4-s4-440","S4","必修 第二册","复数","multiple-choice","Core","23","23","pass","none","","","Include in S18 pass-sample review before app integration."
"hjb-high-ds-v4-s4-441","S4","必修 第二册","复数","fill-in","Core","18","18","pass","none","","","Include in S18 pass-sample review before app integration."
"hjb-high-ds-v4-s4-442","S4","必修 第二册","复数","multiple-choice","Core","18","18","pass","none","","","Include in S18 pass-sample review before app integration."
"hjb-high-ds-v4-s4-443","S4","必修 第二册","复数","fill-in","Core","27","27","pass","none","","","Include in S18 pass-sample review before app integration."
"hjb-high-ds-v4-s4-444","S4","必修 第二册","复数","multiple-choice","Core","18","18","pass","none","","","Include in S18 pass-sample review before app integration."
"hjb-high-ds-v4-s4-445","S4","必修 第二册","复数","fill-in","Core","24","24","pass","none","","","Include in S18 pass-sample review before app integration."
"hjb-high-ds-v4-s4-446","S4","必修 第二册","复数","multiple-choice","Core","21","21","pass","none","","","Include in S18 pass-sample review before app integration."
"hjb-high-ds-v4-s4-447","S4","必修 第二册","复数","fill-in","Core","17","17","pass","none","","","Include in S18 pass-sample review before app integration."
"hjb-high-ds-v4-s4-448","S4","必修 第二册","复数","multiple-choice","Core","17","17","pass","none","","","Include in S18 pass-sample review before app integration."
"hjb-high-ds-v4-s4-449","S4","必修 第二册","复数","fill-in","Core","23","23","pass","none","","","Include in S18 pass-sample review before app integration."
"hjb-high-ds-v4-s4-450","S4","必修 第二册","复数","multiple-choice","Core","23","23","pass","none","","","Include in S18 pass-sample review before app integration."
"hjb-high-ds-v4-s4-451","S4","必修 第二册","复数","fill-in","Core","13","13","pass","none","","","Include in S18 pass-sample review before app integration."
"hjb-high-ds-v4-s4-452","S4","必修 第二册","复数","multiple-choice","Core","15","15","pass","none","","","Include in S18 pass-sample review before app integration."
"hjb-high-ds-v4-s4-453","S4","必修 第二册","复数","fill-in","Core","20","20","pass","none","","","Include in S18 pass-sample review before app integration."
"hjb-high-ds-v4-s4-454","S4","必修 第二册","复数","multiple-choice","Core","15","15","pass","none","","","Include in S18 pass-sample review before app integration."
"hjb-high-ds-v4-s4-455","S4","必修 第二册","复数","fill-in","Core","24","24","pass","none","","","Include in S18 pass-sample review before app integration."
"hjb-high-ds-v4-s4-456","S4","必修 第二册","复数","multiple-choice","Core","12","12","pass","none","","","Include in S18 pass-sample review before app integration."
"hjb-high-ds-v4-s4-457","S4","必修 第二册","复数","fill-in","Core","17","17","pass","none","","","Include in S18 pass-sample review before app integration."
"hjb-high-ds-v4-s4-458","S4","必修 第二册","复数","multiple-choice","Core","23","23","pass","none","","","Include in S18 pass-sample review before app integration."
"hjb-high-ds-v4-s4-459","S4","必修 第二册","复数","fill-in","Core","15","15","pass","none","","","Include in S18 pass-sample review before app integration."
"hjb-high-ds-v4-s4-460","S4","必修 第二册","复数","multiple-choice","Core","17","17","pass","none","","","Include in S18 pass-sample review before app integration."
"hjb-high-ds-v4-s4-461","S4","必修 第二册","复数","fill-in","Core","23","23","pass","none","","","Include in S18 pass-sample review before app integration."
"hjb-high-ds-v4-s4-462","S4","必修 第二册","复数","multiple-choice","Core","7","7","pass","none","","","Include in S18 pass-sample review before app integration."
"hjb-high-ds-v4-s4-463","S4","必修 第二册","复数","fill-in","Core","20","20","pass","none","","","Include in S18 pass-sample review before app integration."
"hjb-high-ds-v4-s4-464","S4","必修 第二册","复数","multiple-choice","Core","14","14","pass","none","","","Include in S18 pass-sample review before app integration."
"hjb-high-ds-v4-s4-465","S4","必修 第二册","复数","fill-in","Core","24","24","pass","none","","","Include in S18 pass-sample review before app integration."
"hjb-high-ds-v4-s4-466","S4","必修 第二册","复数","multiple-choice","Core","18","18","pass","none","","","Include in S18 pass-sample review before app integration."
"hjb-high-ds-v4-s4-467","S4","必修 第二册","复数","fill-in","Core","21","21","pass","none","","","Include in S18 pass-sample review before app integration."
"hjb-high-ds-v4-s4-468","S4","必修 第二册","复数","multiple-choice","Core","25","25","pass","none","","","Include in S18 pass-sample review before app integration."
"hjb-high-ds-v4-s4-469","S4","必修 第二册","复数","fill-in","Core","19","19","pass","none","","","Include in S18 pass-sample review before app integration."
"hjb-high-ds-v4-s4-470","S4","必修 第二册","复数","multiple-choice","Core","25","25","pass","none","","","Include in S18 pass-sample review before app integration."
"hjb-high-ds-v4-s4-471","S4","必修 第二册","复数","fill-in","Core","18","18","pass","none","","","Include in S18 pass-sample review before app integration."
"hjb-high-ds-v4-s4-472","S4","必修 第二册","复数","multiple-choice","Core","22","22","pass","none","","","Include in S18 pass-sample review before app integration."
"hjb-high-ds-v4-s4-473","S4","必修 第二册","复数","fill-in","Core","21","21","pass","none","","","Include in S18 pass-sample review before app integration."
"hjb-high-ds-v4-s4-474","S4","必修 第二册","复数","multiple-choice","Core","29","29","pass","none","","","Include in S18 pass-sample review before app integration."
"hjb-high-ds-v4-s4-475","S4","必修 第二册","复数","fill-in","Core","14","14","pass","none","","","Include in S18 pass-sample review before app integration."
"hjb-high-ds-v4-s4-476","S4","必修 第二册","复数","multiple-choice","Core","11","11","pass","none","","","Include in S18 pass-sample review before app integration."
"hjb-high-ds-v4-s4-477","S4","必修 第二册","复数","multiple-choice","Core","19","19","pass","none","","","Include in S18 pass-sample review before app integration."
"hjb-high-ds-v4-s4-478","S4","必修 第二册","复数","multiple-choice","Core","27","27","pass","none","","","Include in S18 pass-sample review before app integration."
"hjb-high-ds-v4-s4-479","S4","必修 第二册","复数","multiple-choice","Core","18","18","pass","none","","","Include in S18 pass-sample review before app integration."
"hjb-high-ds-v4-s4-480","S4","必修 第二册","复数","multiple-choice","Core","29","29","pass","none","","","Include in S18 pass-sample review before app integration."
"hjb-high-ds-v4-s4-481","S4","必修 第二册","复数","multiple-choice","Core","30","30","pass","none","","","Include in S18 pass-sample review before app integration."
"hjb-high-ds-v4-s4-482","S4","必修 第二册","复数","multiple-choice","Core","18","18","pass","none","","","Include in S18 pass-sample review before app integration."
"hjb-high-ds-v4-s4-483","S4","必修 第二册","复数","multiple-choice","Core","30","30","pass","none","","","Include in S18 pass-sample review before app integration."
"hjb-high-ds-v4-s4-484","S4","必修 第二册","复数","multiple-choice","Core","21","21","pass","none","","","Include in S18 pass-sample review before app integration."
"hjb-high-ds-v4-s4-485","S4","必修 第二册","复数","multiple-choice","Core","19","19","pass","none","","","Include in S18 pass-sample review before app integration."
"hjb-high-ds-v4-s4-486","S4","必修 第二册","复数","multiple-choice","Core","15","15","pass","none","","","Include in S18 pass-sample review before app integration."
"hjb-high-ds-v4-s4-487","S4","必修 第二册","复数","multiple-choice","Core","30","30","pass","none","","","Include in S18 pass-sample review before app integration."
"hjb-high-ds-v4-s4-488","S4","必修 第二册","复数","multiple-choice","Core","14","14","pass","none","","","Include in S18 pass-sample review before app integration."
"hjb-high-ds-v4-s4-489","S4","必修 第二册","复数","multiple-choice","Core","31","31","pass","none","","","Include in S18 pass-sample review before app integration."
"hjb-high-ds-v4-s4-490","S4","必修 第二册","复数","multiple-choice","Core","22","22","pass","none","","","Include in S18 pass-sample review before app integration."
"hjb-high-ds-v4-s4-491","S4","必修 第二册","复数","multiple-choice","Core","17","17","pass","none","","","Include in S18 pass-sample review before app integration."
"hjb-high-ds-v4-s4-492","S4","必修 第二册","复数","multiple-choice","Core","17","17","pass","none","","","Include in S18 pass-sample review before app integration."
"hjb-high-ds-v4-s4-493","S4","必修 第二册","复数","multiple-choice","Core","11","11","pass","none","","","Include in S18 pass-sample review before app integration."
"hjb-high-ds-v4-s4-494","S4","必修 第二册","复数","multiple-choice","Core","29","29","pass","none","","","Include in S18 pass-sample review before app integration."
"hjb-high-ds-v4-s4-495","S4","必修 第二册","复数","multiple-choice","Core","17","17","pass","none","","","Include in S18 pass-sample review before app integration."
"hjb-high-ds-v4-s4-496","S4","必修 第二册","复数","multiple-choice","Core","26","26","pass","none","","","Include in S18 pass-sample review before app integration."
"hjb-high-ds-v4-s4-497","S4","必修 第二册","复数","multiple-choice","Core","10","10","pass","none","","","Include in S18 pass-sample review before app integration."
"hjb-high-ds-v4-s4-498","S4","必修 第二册","复数","multiple-choice","Core","27","27","pass","none","","","Include in S18 pass-sample review before app integration."
"hjb-high-ds-v4-s4-499","S4","必修 第二册","复数","multiple-choice","Core","16","16","pass","none","","","Include in S18 pass-sample review before app integration."
"hjb-high-ds-v4-s4-500","S4","必修 第二册","复数","multiple-choice","Core","11","11","pass","none","","","Include in S18 pass-sample review before app integration."
"hjb-high-ds-v4-s5-001","S5","必修 第三册","空间直线与平面","multiple-choice","Core","85","85","pass","none","","","Include in S18 pass-sample review before app integration."
"hjb-high-ds-v4-s5-002","S5","必修 第三册","空间直线与平面","fill-in","Challenge","66","66","pass","none","","","Include in S18 pass-sample review before app integration."
"hjb-high-ds-v4-s5-003","S5","必修 第三册","空间直线与平面","short-answer","Foundation","136","136","pass","none","","","Include in S18 pass-sample review before app integration."
"hjb-high-ds-v4-s5-004","S5","必修 第三册","空间直线与平面","multiple-choice","Exam","150","150","pass","none","","","Include in S18 pass-sample review before app integration."
"hjb-high-ds-v4-s5-005","S5","必修 第三册","空间直线与平面","fill-in","Core","100","100","pass","none","","","Include in S18 pass-sample review before app integration."
"hjb-high-ds-v4-s5-006","S5","必修 第三册","空间直线与平面","short-answer","Challenge","324","324","pass","none","","","Include in S18 pass-sample review before app integration."
"hjb-high-ds-v4-s5-007","S5","必修 第三册","空间直线与平面","multiple-choice","Foundation","70","70","pass","none","","","Include in S18 pass-sample review before app integration."
"hjb-high-ds-v4-s5-008","S5","必修 第三册","空间直线与平面","fill-in","Exam","56","56","pass","none","","","Include in S18 pass-sample review before app integration."
"hjb-high-ds-v4-s5-009","S5","必修 第三册","空间直线与平面","short-answer","Core","140","140","pass","none","","","Include in S18 pass-sample review before app integration."
"hjb-high-ds-v4-s5-010","S5","必修 第三册","空间直线与平面","multiple-choice","Challenge","42","42","pass","none","","","Include in S18 pass-sample review before app integration."
"hjb-high-ds-v4-s5-011","S5","必修 第三册","空间直线与平面","fill-in","Foundation","51","51","pass","none","","","Include in S18 pass-sample review before app integration."
"hjb-high-ds-v4-s5-012","S5","必修 第三册","空间直线与平面","short-answer","Exam","36","36","pass","none","","","Include in S18 pass-sample review before app integration."
"hjb-high-ds-v4-s5-013","S5","必修 第三册","空间直线与平面","multiple-choice","Core","135","135","pass","none","","","Include in S18 pass-sample review before app integration."
"hjb-high-ds-v4-s5-014","S5","必修 第三册","空间直线与平面","fill-in","Challenge","36","36","pass","none","","","Include in S18 pass-sample review before app integration."
"hjb-high-ds-v4-s5-015","S5","必修 第三册","空间直线与平面","short-answer","Foundation","42","42","pass","none","","","Include in S18 pass-sample review before app integration."
"hjb-high-ds-v4-s5-016","S5","必修 第三册","空间直线与平面","multiple-choice","Exam","112","112","pass","none","","","Include in S18 pass-sample review before app integration."
"hjb-high-ds-v4-s5-017","S5","必修 第三册","空间直线与平面","fill-in","Core","90","90","pass","none","","","Include in S18 pass-sample review before app integration."
"hjb-high-ds-v4-s5-018","S5","必修 第三册","空间直线与平面","short-answer","Challenge","100","100","pass","none","","","Include in S18 pass-sample review before app integration."
"hjb-high-ds-v4-s5-019","S5","必修 第三册","空间直线与平面","multiple-choice","Foundation","45","45","pass","none","","","Include in S18 pass-sample review before app integration."
"hjb-high-ds-v4-s5-020","S5","必修 第三册","空间直线与平面","fill-in","Exam","152","152","pass","none","","","Include in S18 pass-sample review before app integration."
"hjb-high-ds-v4-s5-021","S5","必修 第三册","空间直线与平面","short-answer","Core","40","40","pass","none","","","Include in S18 pass-sample review before app integration."
"hjb-high-ds-v4-s5-022","S5","必修 第三册","空间直线与平面","multiple-choice","Challenge","100","100","pass","none","","","Include in S18 pass-sample review before app integration."
"hjb-high-ds-v4-s5-023","S5","必修 第三册","空间直线与平面","fill-in","Foundation","130","130","pass","none","","","Include in S18 pass-sample review before app integration."
"hjb-high-ds-v4-s5-024","S5","必修 第三册","空间直线与平面","short-answer","Exam","126","126","pass","none","","","Include in S18 pass-sample review before app integration."
"hjb-high-ds-v4-s5-025","S5","必修 第三册","空间直线与平面","multiple-choice","Core","44","44","pass","none","","","Include in S18 pass-sample review before app integration."
"hjb-high-ds-v4-s5-026","S5","必修 第三册","空间直线与平面","fill-in","Challenge","133","133","pass","none","","","Include in S18 pass-sample review before app integration."
"hjb-high-ds-v4-s5-027","S5","必修 第三册","空间直线与平面","short-answer","Foundation","30","30","pass","none","","","Include in S18 pass-sample review before app integration."
"hjb-high-ds-v4-s5-028","S5","必修 第三册","空间直线与平面","multiple-choice","Exam","64","64","pass","none","","","Include in S18 pass-sample review before app integration."
"hjb-high-ds-v4-s5-029","S5","必修 第三册","空间直线与平面","fill-in","Core","30","30","pass","none","","","Include in S18 pass-sample review before app integration."
"hjb-high-ds-v4-s5-030","S5","必修 第三册","空间直线与平面","short-answer","Challenge","231","231","pass","none","","","Include in S18 pass-sample review before app integration."
"hjb-high-ds-v4-s5-031","S5","必修 第三册","空间直线与平面","multiple-choice","Foundation","16","16","pass","none","","","Include in S18 pass-sample review before app integration."
"hjb-high-ds-v4-s5-032","S5","必修 第三册","空间直线与平面","fill-in","Exam","120","120","pass","none","","","Include in S18 pass-sample review before app integration."
"hjb-high-ds-v4-s5-033","S5","必修 第三册","空间直线与平面","short-answer","Core","24","24","pass","none","","","Include in S18 pass-sample review before app integration."
"hjb-high-ds-v4-s5-034","S5","必修 第三册","空间直线与平面","multiple-choice","Challenge","184","184","pass","none","","","Include in S18 pass-sample review before app integration."
"hjb-high-ds-v4-s5-035","S5","必修 第三册","空间直线与平面","fill-in","Foundation","100","100","pass","none","","","Include in S18 pass-sample review before app integration."
"hjb-high-ds-v4-s5-036","S5","必修 第三册","空间直线与平面","short-answer","Exam","84","84","pass","none","","","Include in S18 pass-sample review before app integration."
"hjb-high-ds-v4-s5-037","S5","必修 第三册","空间直线与平面","multiple-choice","Core","63","63","pass","none","","","Include in S18 pass-sample review before app integration."
"hjb-high-ds-v4-s5-038","S5","必修 第三册","空间直线与平面","fill-in","Challenge","198","198","pass","none","","","Include in S18 pass-sample review before app integration."
"hjb-high-ds-v4-s5-039","S5","必修 第三册","空间直线与平面","short-answer","Foundation","99","99","pass","none","","","Include in S18 pass-sample review before app integration."
"hjb-high-ds-v4-s5-040","S5","必修 第三册","空间直线与平面","multiple-choice","Exam","48","48","pass","none","","","Include in S18 pass-sample review before app integration."
"hjb-high-ds-v4-s5-041","S5","必修 第三册","空间直线与平面","fill-in","Core","36","36","pass","none","","","Include in S18 pass-sample review before app integration."
"hjb-high-ds-v4-s5-042","S5","必修 第三册","空间直线与平面","short-answer","Challenge","210","210","pass","none","","","Include in S18 pass-sample review before app integration."
"hjb-high-ds-v4-s5-043","S5","必修 第三册","空间直线与平面","multiple-choice","Foundation","20","20","pass","none","","","Include in S18 pass-sample review before app integration."
"hjb-high-ds-v4-s5-044","S5","必修 第三册","空间直线与平面","fill-in","Exam","104","104","pass","none","","","Include in S18 pass-sample review before app integration."
"hjb-high-ds-v4-s5-045","S5","必修 第三册","空间直线与平面","short-answer","Core","88","88","pass","none","","","Include in S18 pass-sample review before app integration."
"hjb-high-ds-v4-s5-046","S5","必修 第三册","空间直线与平面","multiple-choice","Challenge","117","117","pass","none","","","Include in S18 pass-sample review before app integration."
"hjb-high-ds-v4-s5-047","S5","必修 第三册","空间直线与平面","fill-in","Foundation","220","220","pass","none","","","Include in S18 pass-sample review before app integration."
"hjb-high-ds-v4-s5-048","S5","必修 第三册","空间直线与平面","short-answer","Exam","80","80","pass","none","","","Include in S18 pass-sample review before app integration."
"hjb-high-ds-v4-s5-049","S5","必修 第三册","空间直线与平面","multiple-choice","Core","102","102","pass","none","","","Include in S18 pass-sample review before app integration."
"hjb-high-ds-v4-s5-050","S5","必修 第三册","空间直线与平面","fill-in","Challenge","95","95","pass","none","","","Include in S18 pass-sample review before app integration."
"hjb-high-ds-v4-s5-051","S5","必修 第三册","空间直线与平面","short-answer","Foundation","40","40","pass","none","","","Include in S18 pass-sample review before app integration."
"hjb-high-ds-v4-s5-052","S5","必修 第三册","空间直线与平面","multiple-choice","Exam","105","105","pass","none","","","Include in S18 pass-sample review before app integration."
"hjb-high-ds-v4-s5-053","S5","必修 第三册","空间直线与平面","fill-in","Core","65","65","pass","none","","","Include in S18 pass-sample review before app integration."
"hjb-high-ds-v4-s5-054","S5","必修 第三册","空间直线与平面","short-answer","Challenge","240","240","pass","none","","","Include in S18 pass-sample review before app integration."
"hjb-high-ds-v4-s5-055","S5","必修 第三册","空间直线与平面","multiple-choice","Foundation","60","60","pass","none","","","Include in S18 pass-sample review before app integration."
"hjb-high-ds-v4-s5-056","S5","必修 第三册","简单几何体","fill-in","Exam","2169","2169","pass","none","","","Include in S18 pass-sample review before app integration."
"hjb-high-ds-v4-s5-057","S5","必修 第三册","简单几何体","short-answer","Core","2057","2057","pass","none","","","Include in S18 pass-sample review before app integration."
"hjb-high-ds-v4-s5-058","S5","必修 第三册","简单几何体","multiple-choice","Challenge","539","539","pass","none","","","Include in S18 pass-sample review before app integration."
"hjb-high-ds-v4-s5-059","S5","必修 第三册","简单几何体","fill-in","Foundation","450","450","pass","none","","","Include in S18 pass-sample review before app integration."
"hjb-high-ds-v4-s5-060","S5","必修 第三册","简单几何体","short-answer","Exam","1610","1610","pass","none","","","Include in S18 pass-sample review before app integration."
"hjb-high-ds-v4-s5-061","S5","必修 第三册","简单几何体","multiple-choice","Core","729","729","pass","none","","","Include in S18 pass-sample review before app integration."
"hjb-high-ds-v4-s5-062","S5","必修 第三册","简单几何体","fill-in","Challenge","3383","3383","pass","none","","","Include in S18 pass-sample review before app integration."
"hjb-high-ds-v4-s5-063","S5","必修 第三册","简单几何体","short-answer","Foundation","1573","1573","pass","none","","","Include in S18 pass-sample review before app integration."
"hjb-high-ds-v4-s5-064","S5","必修 第三册","简单几何体","multiple-choice","Exam","3582","3582","pass","none","","","Include in S18 pass-sample review before app integration."
"hjb-high-ds-v4-s5-065","S5","必修 第三册","简单几何体","fill-in","Core","252","252","pass","none","","","Include in S18 pass-sample review before app integration."
"hjb-high-ds-v4-s5-066","S5","必修 第三册","简单几何体","short-answer","Challenge","102","102","pass","none","","","Include in S18 pass-sample review before app integration."
"hjb-high-ds-v4-s5-067","S5","必修 第三册","简单几何体","multiple-choice","Foundation","980","980","pass","none","","","Include in S18 pass-sample review before app integration."
"hjb-high-ds-v4-s5-068","S5","必修 第三册","简单几何体","fill-in","Exam","923","923","pass","none","","","Include in S18 pass-sample review before app integration."
"hjb-high-ds-v4-s5-069","S5","必修 第三册","简单几何体","short-answer","Core","900","900","pass","none","","","Include in S18 pass-sample review before app integration."
"hjb-high-ds-v4-s5-070","S5","必修 第三册","简单几何体","multiple-choice","Challenge","558","558","pass","none","","","Include in S18 pass-sample review before app integration."
"hjb-high-ds-v4-s5-071","S5","必修 第三册","简单几何体","fill-in","Foundation","2736","2736","pass","none","","","Include in S18 pass-sample review before app integration."
"hjb-high-ds-v4-s5-072","S5","必修 第三册","简单几何体","short-answer","Exam","4305","4305","pass","none","","","Include in S18 pass-sample review before app integration."
"hjb-high-ds-v4-s5-073","S5","必修 第三册","简单几何体","multiple-choice","Core","28","28","pass","none","","","Include in S18 pass-sample review before app integration."
"hjb-high-ds-v4-s5-074","S5","必修 第三册","简单几何体","fill-in","Challenge","1207","1207","pass","none","","","Include in S18 pass-sample review before app integration."
"hjb-high-ds-v4-s5-075","S5","必修 第三册","简单几何体","short-answer","Foundation","1600","1600","pass","none","","","Include in S18 pass-sample review before app integration."
"hjb-high-ds-v4-s5-076","S5","必修 第三册","简单几何体","multiple-choice","Exam","2159","2159","pass","none","","","Include in S18 pass-sample review before app integration."
"hjb-high-ds-v4-s5-077","S5","必修 第三册","简单几何体","fill-in","Core","2160","2160","pass","none","","","Include in S18 pass-sample review before app integration."
"hjb-high-ds-v4-s5-078","S5","必修 第三册","简单几何体","short-answer","Challenge","1261","1261","pass","none","","","Include in S18 pass-sample review before app integration."
"hjb-high-ds-v4-s5-079","S5","必修 第三册","简单几何体","multiple-choice","Foundation","224","224","pass","none","","","Include in S18 pass-sample review before app integration."
"hjb-high-ds-v4-s5-080","S5","必修 第三册","简单几何体","fill-in","Exam","279","279","pass","none","","","Include in S18 pass-sample review before app integration."
"hjb-high-ds-v4-s5-081","S5","必修 第三册","简单几何体","short-answer","Core","64","64","pass","none","","","Include in S18 pass-sample review before app integration."
"hjb-high-ds-v4-s5-082","S5","必修 第三册","简单几何体","multiple-choice","Challenge","1270","1270","pass","none","","","Include in S18 pass-sample review before app integration."
"hjb-high-ds-v4-s5-083","S5","必修 第三册","简单几何体","fill-in","Foundation","125","125","pass","none","","","Include in S18 pass-sample review before app integration."
"hjb-high-ds-v4-s5-084","S5","必修 第三册","简单几何体","short-answer","Exam","582","582","pass","none","","","Include in S18 pass-sample review before app integration."
"hjb-high-ds-v4-s5-085","S5","必修 第三册","简单几何体","multiple-choice","Core","180","180","pass","none","","","Include in S18 pass-sample review before app integration."
"hjb-high-ds-v4-s5-086","S5","必修 第三册","简单几何体","fill-in","Challenge","784","784","pass","none","","","Include in S18 pass-sample review before app integration."
"hjb-high-ds-v4-s5-087","S5","必修 第三册","简单几何体","short-answer","Foundation","256","256","pass","none","","","Include in S18 pass-sample review before app integration."
"hjb-high-ds-v4-s5-088","S5","必修 第三册","简单几何体","multiple-choice","Exam","589","589","pass","none","","","Include in S18 pass-sample review before app integration."
"hjb-high-ds-v4-s5-089","S5","必修 第三册","简单几何体","fill-in","Core","1452","1452","pass","none","","","Include in S18 pass-sample review before app integration."
"hjb-high-ds-v4-s5-090","S5","必修 第三册","简单几何体","short-answer","Challenge","1905","1905","pass","none","","","Include in S18 pass-sample review before app integration."
"hjb-high-ds-v4-s5-091","S5","必修 第三册","简单几何体","multiple-choice","Foundation","162","162","pass","none","","","Include in S18 pass-sample review before app integration."
"hjb-high-ds-v4-s5-092","S5","必修 第三册","简单几何体","fill-in","Exam","970","970","pass","none","","","Include in S18 pass-sample review before app integration."
"hjb-high-ds-v4-s5-093","S5","必修 第三册","简单几何体","short-answer","Core","475","475","pass","none","","","Include in S18 pass-sample review before app integration."
"hjb-high-ds-v4-s5-094","S5","必修 第三册","简单几何体","multiple-choice","Challenge","3059","3059","pass","none","","","Include in S18 pass-sample review before app integration."
"hjb-high-ds-v4-s5-095","S5","必修 第三册","简单几何体","fill-in","Foundation","684","684","pass","none","","","Include in S18 pass-sample review before app integration."
"hjb-high-ds-v4-s5-096","S5","必修 第三册","简单几何体","short-answer","Exam","465","465","pass","none","","","Include in S18 pass-sample review before app integration."
"hjb-high-ds-v4-s5-097","S5","必修 第三册","简单几何体","multiple-choice","Core","810","810","pass","none","","","Include in S18 pass-sample review before app integration."
"hjb-high-ds-v4-s5-098","S5","必修 第三册","简单几何体","fill-in","Challenge","2093","2093","pass","none","","","Include in S18 pass-sample review before app integration."
"hjb-high-ds-v4-s5-099","S5","必修 第三册","简单几何体","short-answer","Foundation","208","208","pass","none","","","Include in S18 pass-sample review before app integration."
"hjb-high-ds-v4-s5-100","S5","必修 第三册","简单几何体","multiple-choice","Exam","2189","2189","pass","none","","","Include in S18 pass-sample review before app integration."
"hjb-high-ds-v4-s5-101","S5","必修 第三册","简单几何体","fill-in","Core","720","720","pass","none","","","Include in S18 pass-sample review before app integration."
"hjb-high-ds-v4-s5-102","S5","必修 第三册","简单几何体","short-answer","Challenge","3856","3856","pass","none","","","Include in S18 pass-sample review before app integration."
"hjb-high-ds-v4-s5-103","S5","必修 第三册","简单几何体","multiple-choice","Foundation","600","600","pass","none","","","Include in S18 pass-sample review before app integration."
"hjb-high-ds-v4-s5-104","S5","必修 第三册","简单几何体","fill-in","Exam","465","465","pass","none","","","Include in S18 pass-sample review before app integration."
"hjb-high-ds-v4-s5-105","S5","必修 第三册","简单几何体","short-answer","Core","1458","1458","pass","none","","","Include in S18 pass-sample review before app integration."
"hjb-high-ds-v4-s5-106","S5","必修 第三册","简单几何体","multiple-choice","Challenge","5453","5453","pass","none","","","Include in S18 pass-sample review before app integration."
"hjb-high-ds-v4-s5-107","S5","必修 第三册","简单几何体","fill-in","Foundation","1024","1024","pass","none","","","Include in S18 pass-sample review before app integration."
"hjb-high-ds-v4-s5-108","S5","必修 第三册","简单几何体","short-answer","Exam","568","568","pass","none","","","Include in S18 pass-sample review before app integration."
"hjb-high-ds-v4-s5-109","S5","必修 第三册","简单几何体","multiple-choice","Core","864","864","pass","none","","","Include in S18 pass-sample review before app integration."
"hjb-high-ds-v4-s5-110","S5","必修 第三册","简单几何体","fill-in","Challenge","441","441","pass","none","","","Include in S18 pass-sample review before app integration."
"hjb-high-ds-v4-s5-111","S5","必修 第三册","概率初步","short-answer","Foundation","5/9","5/9","pass","none","","","Include in S18 pass-sample review before app integration."
"hjb-high-ds-v4-s5-112","S5","必修 第三册","概率初步","multiple-choice","Exam","14/95","14/95 | 56/380","pass","none","","","Include in S18 pass-sample review before app integration."
"hjb-high-ds-v4-s5-113","S5","必修 第三册","概率初步","fill-in","Core","5/16","5/16","pass","none","","","Include in S18 pass-sample review before app integration."
"hjb-high-ds-v4-s5-114","S5","必修 第三册","概率初步","short-answer","Challenge","2/57","2/57 | 12/342","pass","none","","","Include in S18 pass-sample review before app integration."
"hjb-high-ds-v4-s5-115","S5","必修 第三册","概率初步","multiple-choice","Foundation","8/21","8/21","pass","none","","","Include in S18 pass-sample review before app integration."
"hjb-high-ds-v4-s5-116","S5","必修 第三册","概率初步","fill-in","Exam","6/55","6/55 | 12/110","pass","none","","","Include in S18 pass-sample review before app integration."
"hjb-high-ds-v4-s5-117","S5","必修 第三册","概率初步","short-answer","Core","9/16","9/16","pass","none","","","Include in S18 pass-sample review before app integration."
"hjb-high-ds-v4-s5-118","S5","必修 第三册","概率初步","multiple-choice","Challenge","10/171","10/171 | 20/342","pass","none","","","Include in S18 pass-sample review before app integration."
"hjb-high-ds-v4-s5-119","S5","必修 第三册","概率初步","fill-in","Foundation","7/17","7/17","pass","none","","","Include in S18 pass-sample review before app integration."
"hjb-high-ds-v4-s5-120","S5","必修 第三册","概率初步","short-answer","Exam","1/6","1/6 | 12/72","pass","none","","","Include in S18 pass-sample review before app integration."
"hjb-high-ds-v4-s5-121","S5","必修 第三册","概率初步","multiple-choice","Core","1/3","1/3 | 5/15","pass","none","","","Include in S18 pass-sample review before app integration."
"hjb-high-ds-v4-s5-122","S5","必修 第三册","概率初步","fill-in","Challenge","1/210","1/210 | 2/420","pass","none","","","Include in S18 pass-sample review before app integration."
"hjb-high-ds-v4-s5-123","S5","必修 第三册","概率初步","short-answer","Foundation","1/2","1/2 | 9/18","pass","none","","","Include in S18 pass-sample review before app integration."
"hjb-high-ds-v4-s5-124","S5","必修 第三册","概率初步","multiple-choice","Exam","1/13","1/13 | 12/156","pass","none","","","Include in S18 pass-sample review before app integration."
"hjb-high-ds-v4-s5-125","S5","必修 第三册","概率初步","fill-in","Core","3/16","3/16","pass","none","","","Include in S18 pass-sample review before app integration."
"hjb-high-ds-v4-s5-126","S5","必修 第三册","概率初步","short-answer","Challenge","1/15","1/15 | 6/90","pass","none","","","Include in S18 pass-sample review before app integration."
"hjb-high-ds-v4-s5-127","S5","必修 第三册","概率初步","multiple-choice","Foundation","7/24","7/24","pass","none","","","Include in S18 pass-sample review before app integration."
"hjb-high-ds-v4-s5-128","S5","必修 第三册","概率初步","fill-in","Exam","1/21","1/21 | 2/42","pass","none","","","Include in S18 pass-sample review before app integration."
"hjb-high-ds-v4-s5-129","S5","必修 第三册","概率初步","short-answer","Core","11/28","11/28","pass","none","","","Include in S18 pass-sample review before app integration."
"hjb-high-ds-v4-s5-130","S5","必修 第三册","概率初步","multiple-choice","Challenge","55/153","55/153 | 110/306","pass","none","","","Include in S18 pass-sample review before app integration."
"hjb-high-ds-v4-s5-131","S5","必修 第三册","概率初步","fill-in","Foundation","3/13","3/13 | 6/26","pass","none","","","Include in S18 pass-sample review before app integration."
"hjb-high-ds-v4-s5-132","S5","必修 第三册","概率初步","short-answer","Exam","11/42","11/42 | 110/420","pass","none","","","Include in S18 pass-sample review before app integration."
"hjb-high-ds-v4-s5-133","S5","必修 第三册","概率初步","multiple-choice","Core","3/13","3/13 | 6/26","pass","none","","","Include in S18 pass-sample review before app integration."
"hjb-high-ds-v4-s5-134","S5","必修 第三册","概率初步","fill-in","Challenge","1/231","1/231 | 2/462","pass","none","","","Include in S18 pass-sample review before app integration."
"hjb-high-ds-v4-s5-135","S5","必修 第三册","概率初步","short-answer","Foundation","7/16","7/16","pass","none","","","Include in S18 pass-sample review before app integration."
"hjb-high-ds-v4-s5-136","S5","必修 第三册","概率初步","multiple-choice","Exam","1/190","1/190 | 2/380","pass","none","","","Include in S18 pass-sample review before app integration."
"hjb-high-ds-v4-s5-137","S5","必修 第三册","概率初步","fill-in","Core","3/20","3/20","pass","none","","","Include in S18 pass-sample review before app integration."
"hjb-high-ds-v4-s5-138","S5","必修 第三册","概率初步","short-answer","Challenge","2/57","2/57 | 12/342","pass","none","","","Include in S18 pass-sample review before app integration."
"hjb-high-ds-v4-s5-139","S5","必修 第三册","概率初步","multiple-choice","Foundation","5/7","5/7 | 10/14","pass","none","","","Include in S18 pass-sample review before app integration."
"hjb-high-ds-v4-s5-140","S5","必修 第三册","概率初步","fill-in","Exam","7/51","7/51 | 42/306","pass","none","","","Include in S18 pass-sample review before app integration."
"hjb-high-ds-v4-s5-141","S5","必修 第三册","概率初步","short-answer","Core","8/13","8/13","pass","none","","","Include in S18 pass-sample review before app integration."
"hjb-high-ds-v4-s5-142","S5","必修 第三册","概率初步","multiple-choice","Challenge","1/20","1/20 | 12/240","pass","none","","","Include in S18 pass-sample review before app integration."
"hjb-high-ds-v4-s5-143","S5","必修 第三册","概率初步","fill-in","Foundation","3/13","3/13 | 6/26","pass","none","","","Include in S18 pass-sample review before app integration."
"hjb-high-ds-v4-s5-144","S5","必修 第三册","概率初步","short-answer","Exam","5/26","5/26 | 30/156","pass","none","","","Include in S18 pass-sample review before app integration."
"hjb-high-ds-v4-s5-145","S5","必修 第三册","概率初步","multiple-choice","Core","12/25","12/25","pass","none","","","Include in S18 pass-sample review before app integration."
"hjb-high-ds-v4-s5-146","S5","必修 第三册","概率初步","fill-in","Challenge","28/351","28/351 | 56/702","pass","none","","","Include in S18 pass-sample review before app integration."
"hjb-high-ds-v4-s5-147","S5","必修 第三册","概率初步","short-answer","Foundation","3/8","3/8 | 12/32","pass","none","","","Include in S18 pass-sample review before app integration."
"hjb-high-ds-v4-s5-148","S5","必修 第三册","概率初步","multiple-choice","Exam","7/57","7/57 | 42/342","pass","none","","","Include in S18 pass-sample review before app integration."
"hjb-high-ds-v4-s5-149","S5","必修 第三册","概率初步","fill-in","Core","7/24","7/24","pass","none","","","Include in S18 pass-sample review before app integration."
"hjb-high-ds-v4-s5-150","S5","必修 第三册","概率初步","short-answer","Challenge","1/120","1/120 | 2/240","pass","none","","","Include in S18 pass-sample review before app integration."
"hjb-high-ds-v4-s5-151","S5","必修 第三册","概率初步","multiple-choice","Foundation","3/14","3/14","pass","none","","","Include in S18 pass-sample review before app integration."
"hjb-high-ds-v4-s5-152","S5","必修 第三册","概率初步","fill-in","Exam","11/42","11/42 | 110/420","pass","none","","","Include in S18 pass-sample review before app integration."
"hjb-high-ds-v4-s5-153","S5","必修 第三册","概率初步","short-answer","Core","6/19","6/19","pass","none","","","Include in S18 pass-sample review before app integration."
"hjb-high-ds-v4-s5-154","S5","必修 第三册","概率初步","multiple-choice","Challenge","4/19","4/19 | 72/342","pass","none","","","Include in S18 pass-sample review before app integration."
"hjb-high-ds-v4-s5-155","S5","必修 第三册","概率初步","fill-in","Foundation","11/29","11/29","pass","none","","","Include in S18 pass-sample review before app integration."
"hjb-high-ds-v4-s5-156","S5","必修 第三册","概率初步","short-answer","Exam","66/325","66/325 | 132/650","pass","none","","","Include in S18 pass-sample review before app integration."
"hjb-high-ds-v4-s5-157","S5","必修 第三册","概率初步","multiple-choice","Core","2/5","2/5 | 12/30","pass","none","","","Include in S18 pass-sample review before app integration."
"hjb-high-ds-v4-s5-158","S5","必修 第三册","概率初步","fill-in","Challenge","22/57","22/57 | 132/342","pass","none","","","Include in S18 pass-sample review before app integration."
"hjb-high-ds-v4-s5-159","S5","必修 第三册","概率初步","short-answer","Foundation","1/11","1/11 | 2/22","pass","none","","","Include in S18 pass-sample review before app integration."
"hjb-high-ds-v4-s5-160","S5","必修 第三册","概率初步","multiple-choice","Exam","9/38","9/38 | 90/380","pass","none","","","Include in S18 pass-sample review before app integration."
"hjb-high-ds-v4-s5-161","S5","必修 第三册","概率初步","fill-in","Core","1/4","1/4 | 5/20","pass","none","","","Include in S18 pass-sample review before app integration."
"hjb-high-ds-v4-s5-162","S5","必修 第三册","概率初步","short-answer","Challenge","11/87","11/87 | 110/870","pass","none","","","Include in S18 pass-sample review before app integration."
"hjb-high-ds-v4-s5-163","S5","必修 第三册","概率初步","multiple-choice","Foundation","1/5","1/5 | 3/15","pass","none","","","Include in S18 pass-sample review before app integration."
"hjb-high-ds-v4-s5-164","S5","必修 第三册","概率初步","fill-in","Exam","1/35","1/35 | 12/420","pass","none","","","Include in S18 pass-sample review before app integration."
"hjb-high-ds-v4-s5-165","S5","必修 第三册","概率初步","short-answer","Core","10/23","10/23","pass","none","","","Include in S18 pass-sample review before app integration."
"hjb-high-ds-v4-s5-166","S5","必修 第三册","统计","multiple-choice","Challenge","13","13","pass","none","","","Include in S18 pass-sample review before app integration."
"hjb-high-ds-v4-s5-167","S5","必修 第三册","统计","fill-in","Foundation","11","11","pass","none","","","Include in S18 pass-sample review before app integration."
"hjb-high-ds-v4-s5-168","S5","必修 第三册","统计","short-answer","Exam","17","17","pass","none","","","Include in S18 pass-sample review before app integration."
"hjb-high-ds-v4-s5-169","S5","必修 第三册","统计","multiple-choice","Core","16","16","pass","none","","","Include in S18 pass-sample review before app integration."
"hjb-high-ds-v4-s5-170","S5","必修 第三册","统计","fill-in","Challenge","18","18","pass","none","","","Include in S18 pass-sample review before app integration."
"hjb-high-ds-v4-s5-171","S5","必修 第三册","统计","short-answer","Foundation","10","10","pass","none","","","Include in S18 pass-sample review before app integration."
"hjb-high-ds-v4-s5-172","S5","必修 第三册","统计","multiple-choice","Exam","18","18","pass","none","","","Include in S18 pass-sample review before app integration."
"hjb-high-ds-v4-s5-173","S5","必修 第三册","统计","fill-in","Core","14","14","pass","none","","","Include in S18 pass-sample review before app integration."
"hjb-high-ds-v4-s5-174","S5","必修 第三册","统计","short-answer","Challenge","18","18","pass","none","","","Include in S18 pass-sample review before app integration."
"hjb-high-ds-v4-s5-175","S5","必修 第三册","统计","multiple-choice","Foundation","20","20","pass","none","","","Include in S18 pass-sample review before app integration."
"hjb-high-ds-v4-s5-176","S5","必修 第三册","统计","fill-in","Exam","36","36","pass","none","","","Include in S18 pass-sample review before app integration."
"hjb-high-ds-v4-s5-177","S5","必修 第三册","统计","short-answer","Core","20","20","pass","none","","","Include in S18 pass-sample review before app integration."
"hjb-high-ds-v4-s5-178","S5","必修 第三册","统计","multiple-choice","Challenge","22","22","pass","none","","","Include in S18 pass-sample review before app integration."
"hjb-high-ds-v4-s5-179","S5","必修 第三册","统计","fill-in","Foundation","13","13","pass","none","","","Include in S18 pass-sample review before app integration."
"hjb-high-ds-v4-s5-180","S5","必修 第三册","统计","short-answer","Exam","19","19","pass","none","","","Include in S18 pass-sample review before app integration."
"hjb-high-ds-v4-s5-181","S5","必修 第三册","统计","multiple-choice","Core","7","7","pass","none","","","Include in S18 pass-sample review before app integration."
"hjb-high-ds-v4-s5-182","S5","必修 第三册","统计","fill-in","Challenge","17","17","pass","none","","","Include in S18 pass-sample review before app integration."
"hjb-high-ds-v4-s5-183","S5","必修 第三册","统计","short-answer","Foundation","4","4","pass","none","","","Include in S18 pass-sample review before app integration."
"hjb-high-ds-v4-s5-184","S5","必修 第三册","统计","multiple-choice","Exam","23","23","pass","none","","","Include in S18 pass-sample review before app integration."
"hjb-high-ds-v4-s5-185","S5","必修 第三册","统计","fill-in","Core","11","11","pass","none","","","Include in S18 pass-sample review before app integration."
"hjb-high-ds-v4-s5-186","S5","必修 第三册","统计","short-answer","Challenge","16","16","pass","none","","","Include in S18 pass-sample review before app integration."
"hjb-high-ds-v4-s5-187","S5","必修 第三册","统计","multiple-choice","Foundation","7","7","pass","none","","","Include in S18 pass-sample review before app integration."
"hjb-high-ds-v4-s5-188","S5","必修 第三册","统计","fill-in","Exam","26","26","pass","none","","","Include in S18 pass-sample review before app integration."
"hjb-high-ds-v4-s5-189","S5","必修 第三册","统计","short-answer","Core","15","15","pass","none","","","Include in S18 pass-sample review before app integration."
"hjb-high-ds-v4-s5-190","S5","必修 第三册","统计","multiple-choice","Challenge","24","24","pass","none","","","Include in S18 pass-sample review before app integration."
"hjb-high-ds-v4-s5-191","S5","必修 第三册","统计","fill-in","Foundation","11","11","pass","none","","","Include in S18 pass-sample review before app integration."
"hjb-high-ds-v4-s5-192","S5","必修 第三册","统计","short-answer","Exam","21","21","pass","none","","","Include in S18 pass-sample review before app integration."
"hjb-high-ds-v4-s5-193","S5","必修 第三册","统计","multiple-choice","Core","17","17","pass","none","","","Include in S18 pass-sample review before app integration."
"hjb-high-ds-v4-s5-194","S5","必修 第三册","统计","fill-in","Challenge","32","32","pass","none","","","Include in S18 pass-sample review before app integration."
"hjb-high-ds-v4-s5-195","S5","必修 第三册","统计","short-answer","Foundation","21","21","pass","none","","","Include in S18 pass-sample review before app integration."
"hjb-high-ds-v4-s5-196","S5","必修 第三册","统计","multiple-choice","Exam","18","18","pass","none","","","Include in S18 pass-sample review before app integration."
"hjb-high-ds-v4-s5-197","S5","必修 第三册","统计","fill-in","Core","14","14","pass","none","","","Include in S18 pass-sample review before app integration."
"hjb-high-ds-v4-s5-198","S5","必修 第三册","统计","short-answer","Challenge","26","26","pass","none","","","Include in S18 pass-sample review before app integration."
"hjb-high-ds-v4-s5-199","S5","必修 第三册","统计","multiple-choice","Foundation","15","15","pass","none","","","Include in S18 pass-sample review before app integration."
"hjb-high-ds-v4-s5-200","S5","必修 第三册","统计","fill-in","Exam","28","28","pass","none","","","Include in S18 pass-sample review before app integration."
"hjb-high-ds-v4-s5-201","S5","必修 第三册","统计","short-answer","Core","7","7","pass","none","","","Include in S18 pass-sample review before app integration."
"hjb-high-ds-v4-s5-202","S5","必修 第三册","统计","multiple-choice","Challenge","26","26","pass","none","","","Include in S18 pass-sample review before app integration."
"hjb-high-ds-v4-s5-203","S5","必修 第三册","统计","fill-in","Foundation","22","22","pass","none","","","Include in S18 pass-sample review before app integration."
"hjb-high-ds-v4-s5-204","S5","必修 第三册","统计","short-answer","Core","12","12","pass","none","","","Include in S18 pass-sample review before app integration."
"hjb-high-ds-v4-s5-205","S5","必修 第三册","统计","multiple-choice","Challenge","20","20","pass","none","","","Include in S18 pass-sample review before app integration."
"hjb-high-ds-v4-s5-206","S5","必修 第三册","统计","fill-in","Foundation","12","12","pass","none","","","Include in S18 pass-sample review before app integration."
"hjb-high-ds-v4-s5-207","S5","必修 第三册","统计","short-answer","Core","13","13","pass","none","","","Include in S18 pass-sample review before app integration."
"hjb-high-ds-v4-s5-208","S5","必修 第三册","统计","multiple-choice","Challenge","33","33","pass","none","","","Include in S18 pass-sample review before app integration."
"hjb-high-ds-v4-s5-209","S5","必修 第三册","统计","fill-in","Foundation","11","11","pass","none","","","Include in S18 pass-sample review before app integration."
"hjb-high-ds-v4-s5-210","S5","必修 第三册","统计","short-answer","Core","21","21","pass","none","","","Include in S18 pass-sample review before app integration."
"hjb-high-ds-v4-s5-211","S5","必修 第三册","统计","multiple-choice","Challenge","14","14","pass","none","","","Include in S18 pass-sample review before app integration."
"hjb-high-ds-v4-s5-212","S5","必修 第三册","统计","fill-in","Foundation","6","6","pass","none","","","Include in S18 pass-sample review before app integration."
"hjb-high-ds-v4-s5-213","S5","必修 第三册","统计","short-answer","Core","21","21","pass","none","","","Include in S18 pass-sample review before app integration."
"hjb-high-ds-v4-s5-214","S5","必修 第三册","统计","multiple-choice","Challenge","18","18","pass","none","","","Include in S18 pass-sample review before app integration."
"hjb-high-ds-v4-s5-215","S5","必修 第三册","统计","fill-in","Foundation","18","18","pass","none","","","Include in S18 pass-sample review before app integration."
"hjb-high-ds-v4-s5-216","S5","必修 第三册","统计","short-answer","Core","11","11","pass","none","","","Include in S18 pass-sample review before app integration."
"hjb-high-ds-v4-s5-217","S5","必修 第三册","统计","multiple-choice","Challenge","20","20","pass","none","","","Include in S18 pass-sample review before app integration."
"hjb-high-ds-v4-s5-218","S5","必修 第三册","统计","fill-in","Foundation","5","5","pass","none","","","Include in S18 pass-sample review before app integration."
"hjb-high-ds-v4-s5-219","S5","必修 第三册","统计","short-answer","Core","8","8","pass","none","","","Include in S18 pass-sample review before app integration."
"hjb-high-ds-v4-s5-220","S5","必修 第三册","统计","multiple-choice","Challenge","25","25","pass","none","","","Include in S18 pass-sample review before app integration."
"hjb-high-ds-v4-s5-221","S5","选择性必修 第一册","平面直角坐标系中的直线","fill-in","Foundation","11","11","pass","none","","","Include in S18 pass-sample review before app integration."
"hjb-high-ds-v4-s5-222","S5","选择性必修 第一册","平面直角坐标系中的直线","short-answer","Core","18","18","pass","none","","","Include in S18 pass-sample review before app integration."
"hjb-high-ds-v4-s5-223","S5","选择性必修 第一册","平面直角坐标系中的直线","multiple-choice","Challenge","43","43","pass","none","","","Include in S18 pass-sample review before app integration."
"hjb-high-ds-v4-s5-224","S5","选择性必修 第一册","平面直角坐标系中的直线","fill-in","Foundation","4","4","pass","none","","","Include in S18 pass-sample review before app integration."
"hjb-high-ds-v4-s5-225","S5","选择性必修 第一册","平面直角坐标系中的直线","short-answer","Core","14","14","pass","none","","","Include in S18 pass-sample review before app integration."
"hjb-high-ds-v4-s5-226","S5","选择性必修 第一册","平面直角坐标系中的直线","multiple-choice","Challenge","31","31","pass","none","","","Include in S18 pass-sample review before app integration."
"hjb-high-ds-v4-s5-227","S5","选择性必修 第一册","平面直角坐标系中的直线","fill-in","Foundation","17","17","pass","none","","","Include in S18 pass-sample review before app integration."
"hjb-high-ds-v4-s5-228","S5","选择性必修 第一册","平面直角坐标系中的直线","short-answer","Core","15","15","pass","none","","","Include in S18 pass-sample review before app integration."
"hjb-high-ds-v4-s5-229","S5","选择性必修 第一册","平面直角坐标系中的直线","multiple-choice","Challenge","38","38","pass","none","","","Include in S18 pass-sample review before app integration."
"hjb-high-ds-v4-s5-230","S5","选择性必修 第一册","平面直角坐标系中的直线","fill-in","Foundation","9","9","pass","none","","","Include in S18 pass-sample review before app integration."
"hjb-high-ds-v4-s5-231","S5","选择性必修 第一册","平面直角坐标系中的直线","short-answer","Core","20","20","pass","none","","","Include in S18 pass-sample review before app integration."
"hjb-high-ds-v4-s5-232","S5","选择性必修 第一册","平面直角坐标系中的直线","multiple-choice","Challenge","40","40","pass","none","","","Include in S18 pass-sample review before app integration."
"hjb-high-ds-v4-s5-233","S5","选择性必修 第一册","平面直角坐标系中的直线","fill-in","Foundation","11","11","pass","none","","","Include in S18 pass-sample review before app integration."
"hjb-high-ds-v4-s5-234","S5","选择性必修 第一册","平面直角坐标系中的直线","short-answer","Core","8","8","pass","none","","","Include in S18 pass-sample review before app integration."
"hjb-high-ds-v4-s5-235","S5","选择性必修 第一册","平面直角坐标系中的直线","multiple-choice","Challenge","41","41","pass","none","","","Include in S18 pass-sample review before app integration."
"hjb-high-ds-v4-s5-236","S5","选择性必修 第一册","平面直角坐标系中的直线","fill-in","Foundation","18","18","pass","none","","","Include in S18 pass-sample review before app integration."
"hjb-high-ds-v4-s5-237","S5","选择性必修 第一册","平面直角坐标系中的直线","short-answer","Core","6","6","pass","none","","","Include in S18 pass-sample review before app integration."
"hjb-high-ds-v4-s5-238","S5","选择性必修 第一册","平面直角坐标系中的直线","multiple-choice","Challenge","25","25","pass","none","","","Include in S18 pass-sample review before app integration."
"hjb-high-ds-v4-s5-239","S5","选择性必修 第一册","平面直角坐标系中的直线","fill-in","Foundation","10","10","pass","none","","","Include in S18 pass-sample review before app integration."
"hjb-high-ds-v4-s5-240","S5","选择性必修 第一册","平面直角坐标系中的直线","short-answer","Core","10","10","pass","none","","","Include in S18 pass-sample review before app integration."
"hjb-high-ds-v4-s5-241","S5","选择性必修 第一册","平面直角坐标系中的直线","multiple-choice","Challenge","30","30","pass","none","","","Include in S18 pass-sample review before app integration."
"hjb-high-ds-v4-s5-242","S5","选择性必修 第一册","平面直角坐标系中的直线","fill-in","Foundation","17","17","pass","none","","","Include in S18 pass-sample review before app integration."
"hjb-high-ds-v4-s5-243","S5","选择性必修 第一册","平面直角坐标系中的直线","short-answer","Core","10","10","pass","none","","","Include in S18 pass-sample review before app integration."
"hjb-high-ds-v4-s5-244","S5","选择性必修 第一册","平面直角坐标系中的直线","multiple-choice","Challenge","27","27","pass","none","","","Include in S18 pass-sample review before app integration."
"hjb-high-ds-v4-s5-245","S5","选择性必修 第一册","平面直角坐标系中的直线","fill-in","Foundation","7","7","pass","none","","","Include in S18 pass-sample review before app integration."
"hjb-high-ds-v4-s5-246","S5","选择性必修 第一册","平面直角坐标系中的直线","short-answer","Core","6","6","pass","none","","","Include in S18 pass-sample review before app integration."
"hjb-high-ds-v4-s5-247","S5","选择性必修 第一册","平面直角坐标系中的直线","multiple-choice","Challenge","23","23","pass","none","","","Include in S18 pass-sample review before app integration."
"hjb-high-ds-v4-s5-248","S5","选择性必修 第一册","平面直角坐标系中的直线","fill-in","Foundation","13","13","pass","none","","","Include in S18 pass-sample review before app integration."
"hjb-high-ds-v4-s5-249","S5","选择性必修 第一册","平面直角坐标系中的直线","short-answer","Core","16","16","pass","none","","","Include in S18 pass-sample review before app integration."
"hjb-high-ds-v4-s5-250","S5","选择性必修 第一册","平面直角坐标系中的直线","multiple-choice","Challenge","32","32","pass","none","","","Include in S18 pass-sample review before app integration."
"hjb-high-ds-v4-s5-251","S5","选择性必修 第一册","平面直角坐标系中的直线","fill-in","Foundation","15","15","pass","none","","","Include in S18 pass-sample review before app integration."
"hjb-high-ds-v4-s5-252","S5","选择性必修 第一册","平面直角坐标系中的直线","short-answer","Core","18","18","pass","none","","","Include in S18 pass-sample review before app integration."
"hjb-high-ds-v4-s5-253","S5","选择性必修 第一册","平面直角坐标系中的直线","multiple-choice","Challenge","26","26","pass","none","","","Include in S18 pass-sample review before app integration."
"hjb-high-ds-v4-s5-254","S5","选择性必修 第一册","平面直角坐标系中的直线","fill-in","Foundation","14","14","pass","none","","","Include in S18 pass-sample review before app integration."
"hjb-high-ds-v4-s5-255","S5","选择性必修 第一册","平面直角坐标系中的直线","short-answer","Core","5","5","pass","none","","","Include in S18 pass-sample review before app integration."
"hjb-high-ds-v4-s5-256","S5","选择性必修 第一册","平面直角坐标系中的直线","multiple-choice","Challenge","45","45","pass","none","","","Include in S18 pass-sample review before app integration."
"hjb-high-ds-v4-s5-257","S5","选择性必修 第一册","平面直角坐标系中的直线","fill-in","Foundation","9","9","pass","none","","","Include in S18 pass-sample review before app integration."
"hjb-high-ds-v4-s5-258","S5","选择性必修 第一册","平面直角坐标系中的直线","short-answer","Core","19","19","pass","none","","","Include in S18 pass-sample review before app integration."
"hjb-high-ds-v4-s5-259","S5","选择性必修 第一册","平面直角坐标系中的直线","multiple-choice","Challenge","13","13","pass","none","","","Include in S18 pass-sample review before app integration."
"hjb-high-ds-v4-s5-260","S5","选择性必修 第一册","平面直角坐标系中的直线","fill-in","Foundation","7","7","pass","none","","","Include in S18 pass-sample review before app integration."
"hjb-high-ds-v4-s5-261","S5","选择性必修 第一册","平面直角坐标系中的直线","short-answer","Core","10","10","pass","none","","","Include in S18 pass-sample review before app integration."
"hjb-high-ds-v4-s5-262","S5","选择性必修 第一册","平面直角坐标系中的直线","multiple-choice","Challenge","14","14","pass","none","","","Include in S18 pass-sample review before app integration."
"hjb-high-ds-v4-s5-263","S5","选择性必修 第一册","平面直角坐标系中的直线","fill-in","Foundation","12","12","pass","none","","","Include in S18 pass-sample review before app integration."
"hjb-high-ds-v4-s5-264","S5","选择性必修 第一册","平面直角坐标系中的直线","short-answer","Core","17","17","pass","none","","","Include in S18 pass-sample review before app integration."
"hjb-high-ds-v4-s5-265","S5","选择性必修 第一册","平面直角坐标系中的直线","multiple-choice","Challenge","29","29","pass","none","","","Include in S18 pass-sample review before app integration."
"hjb-high-ds-v4-s5-266","S5","选择性必修 第一册","平面直角坐标系中的直线","fill-in","Foundation","14","14","pass","none","","","Include in S18 pass-sample review before app integration."
"hjb-high-ds-v4-s5-267","S5","选择性必修 第一册","平面直角坐标系中的直线","short-answer","Core","11","11","pass","none","","","Include in S18 pass-sample review before app integration."
"hjb-high-ds-v4-s5-268","S5","选择性必修 第一册","平面直角坐标系中的直线","multiple-choice","Challenge","15","15","pass","none","","","Include in S18 pass-sample review before app integration."
"hjb-high-ds-v4-s5-269","S5","选择性必修 第一册","平面直角坐标系中的直线","fill-in","Foundation","13","13","pass","none","","","Include in S18 pass-sample review before app integration."
"hjb-high-ds-v4-s5-270","S5","选择性必修 第一册","平面直角坐标系中的直线","short-answer","Core","17","17","pass","none","","","Include in S18 pass-sample review before app integration."
"hjb-high-ds-v4-s5-271","S5","选择性必修 第一册","平面直角坐标系中的直线","multiple-choice","Challenge","42","42","pass","none","","","Include in S18 pass-sample review before app integration."
"hjb-high-ds-v4-s5-272","S5","选择性必修 第一册","平面直角坐标系中的直线","fill-in","Foundation","15","15","pass","none","","","Include in S18 pass-sample review before app integration."
"hjb-high-ds-v4-s5-273","S5","选择性必修 第一册","平面直角坐标系中的直线","short-answer","Core","13","13","pass","none","","","Include in S18 pass-sample review before app integration."
"hjb-high-ds-v4-s5-274","S5","选择性必修 第一册","平面直角坐标系中的直线","multiple-choice","Challenge","24","24","pass","none","","","Include in S18 pass-sample review before app integration."
"hjb-high-ds-v4-s5-275","S5","选择性必修 第一册","平面直角坐标系中的直线","fill-in","Foundation","17","17","pass","none","","","Include in S18 pass-sample review before app integration."
"hjb-high-ds-v4-s5-276","S5","选择性必修 第一册","平面直角坐标系中的直线","short-answer","Core","4","4","pass","none","","","Include in S18 pass-sample review before app integration."
"hjb-high-ds-v4-s5-277","S5","选择性必修 第一册","平面直角坐标系中的直线","multiple-choice","Challenge","19","19","pass","none","","","Include in S18 pass-sample review before app integration."
"hjb-high-ds-v4-s5-278","S5","选择性必修 第一册","平面直角坐标系中的直线","fill-in","Foundation","4","4","pass","none","","","Include in S18 pass-sample review before app integration."
"hjb-high-ds-v4-s5-279","S5","选择性必修 第一册","平面直角坐标系中的直线","short-answer","Core","20","20","pass","none","","","Include in S18 pass-sample review before app integration."
"hjb-high-ds-v4-s5-280","S5","选择性必修 第一册","平面直角坐标系中的直线","multiple-choice","Challenge","19","19","pass","none","","","Include in S18 pass-sample review before app integration."
"hjb-high-ds-v4-s5-281","S5","选择性必修 第一册","平面直角坐标系中的直线","fill-in","Foundation","7","7","pass","none","","","Include in S18 pass-sample review before app integration."
"hjb-high-ds-v4-s5-282","S5","选择性必修 第一册","平面直角坐标系中的直线","short-answer","Core","13","13","pass","none","","","Include in S18 pass-sample review before app integration."
"hjb-high-ds-v4-s5-283","S5","选择性必修 第一册","平面直角坐标系中的直线","multiple-choice","Challenge","40","40","pass","none","","","Include in S18 pass-sample review before app integration."
"hjb-high-ds-v4-s5-284","S5","选择性必修 第一册","平面直角坐标系中的直线","fill-in","Foundation","17","17","pass","none","","","Include in S18 pass-sample review before app integration."
"hjb-high-ds-v4-s5-285","S5","选择性必修 第一册","平面直角坐标系中的直线","short-answer","Core","11","11","pass","none","","","Include in S18 pass-sample review before app integration."
"hjb-high-ds-v4-s5-286","S5","选择性必修 第一册","平面直角坐标系中的直线","multiple-choice","Challenge","39","39","pass","none","","","Include in S18 pass-sample review before app integration."
"hjb-high-ds-v4-s5-287","S5","选择性必修 第一册","平面直角坐标系中的直线","fill-in","Foundation","7","7","pass","none","","","Include in S18 pass-sample review before app integration."
"hjb-high-ds-v4-s5-288","S5","选择性必修 第一册","平面直角坐标系中的直线","short-answer","Core","16","16","pass","none","","","Include in S18 pass-sample review before app integration."
"hjb-high-ds-v4-s5-289","S5","选择性必修 第一册","平面直角坐标系中的直线","multiple-choice","Challenge","41","41","pass","none","","","Include in S18 pass-sample review before app integration."
"hjb-high-ds-v4-s5-290","S5","选择性必修 第一册","平面直角坐标系中的直线","fill-in","Foundation","13","13","pass","none","","","Include in S18 pass-sample review before app integration."
"hjb-high-ds-v4-s5-291","S5","选择性必修 第一册","圆锥曲线","short-answer","Core","600","600","pass","none","","","Include in S18 pass-sample review before app integration."
"hjb-high-ds-v4-s5-292","S5","选择性必修 第一册","圆锥曲线","multiple-choice","Challenge","156","156","pass","none","","","Include in S18 pass-sample review before app integration."
"hjb-high-ds-v4-s5-293","S5","选择性必修 第一册","圆锥曲线","fill-in","Foundation","156","156","pass","none","","","Include in S18 pass-sample review before app integration."
"hjb-high-ds-v4-s5-294","S5","选择性必修 第一册","圆锥曲线","short-answer","Core","240","240","pass","none","","","Include in S18 pass-sample review before app integration."
"hjb-high-ds-v4-s5-295","S5","选择性必修 第一册","圆锥曲线","multiple-choice","Challenge","2244","2244","pass","none","","","Include in S18 pass-sample review before app integration."
"hjb-high-ds-v4-s5-296","S5","选择性必修 第一册","圆锥曲线","fill-in","Foundation","352","352","pass","none","","","Include in S18 pass-sample review before app integration."
"hjb-high-ds-v4-s5-297","S5","选择性必修 第一册","圆锥曲线","short-answer","Core","155","155","pass","none","","","Include in S18 pass-sample review before app integration."
"hjb-high-ds-v4-s5-298","S5","选择性必修 第一册","圆锥曲线","multiple-choice","Challenge","860","860","pass","none","","","Include in S18 pass-sample review before app integration."
"hjb-high-ds-v4-s5-299","S5","选择性必修 第一册","圆锥曲线","fill-in","Foundation","360","360","pass","none","","","Include in S18 pass-sample review before app integration."
"hjb-high-ds-v4-s5-300","S5","选择性必修 第一册","圆锥曲线","short-answer","Core","260","260","pass","none","","","Include in S18 pass-sample review before app integration."
"hjb-high-ds-v4-s5-301","S5","选择性必修 第一册","圆锥曲线","multiple-choice","Challenge","288","288","pass","none","","","Include in S18 pass-sample review before app integration."
"hjb-high-ds-v4-s5-302","S5","选择性必修 第一册","圆锥曲线","fill-in","Foundation","429","429","pass","none","","","Include in S18 pass-sample review before app integration."
"hjb-high-ds-v4-s5-303","S5","选择性必修 第一册","圆锥曲线","short-answer","Core","300","300","pass","none","","","Include in S18 pass-sample review before app integration."
"hjb-high-ds-v4-s5-304","S5","选择性必修 第一册","圆锥曲线","multiple-choice","Challenge","460","460","pass","none","","","Include in S18 pass-sample review before app integration."
"hjb-high-ds-v4-s5-305","S5","选择性必修 第一册","圆锥曲线","fill-in","Foundation","320","320","pass","none","","","Include in S18 pass-sample review before app integration."
"hjb-high-ds-v4-s5-306","S5","选择性必修 第一册","圆锥曲线","short-answer","Core","352","352","pass","none","","","Include in S18 pass-sample review before app integration."
"hjb-high-ds-v4-s5-307","S5","选择性必修 第一册","圆锥曲线","multiple-choice","Challenge","820","820","pass","none","","","Include in S18 pass-sample review before app integration."
"hjb-high-ds-v4-s5-308","S5","选择性必修 第一册","圆锥曲线","fill-in","Foundation","225","225","pass","none","","","Include in S18 pass-sample review before app integration."
"hjb-high-ds-v4-s5-309","S5","选择性必修 第一册","圆锥曲线","short-answer","Core","209","209","pass","none","","","Include in S18 pass-sample review before app integration."
"hjb-high-ds-v4-s5-310","S5","选择性必修 第一册","圆锥曲线","multiple-choice","Challenge","720","720","pass","none","","","Include in S18 pass-sample review before app integration."
"hjb-high-ds-v4-s5-311","S5","选择性必修 第一册","圆锥曲线","fill-in","Foundation","456","456","pass","none","","","Include in S18 pass-sample review before app integration."
"hjb-high-ds-v4-s5-312","S5","选择性必修 第一册","圆锥曲线","short-answer","Core","473","473","pass","none","","","Include in S18 pass-sample review before app integration."
"hjb-high-ds-v4-s5-313","S5","选择性必修 第一册","圆锥曲线","multiple-choice","Challenge","640","640","pass","none","","","Include in S18 pass-sample review before app integration."
"hjb-high-ds-v4-s5-314","S5","选择性必修 第一册","圆锥曲线","fill-in","Foundation","96","96","pass","none","","","Include in S18 pass-sample review before app integration."
"hjb-high-ds-v4-s5-315","S5","选择性必修 第一册","圆锥曲线","short-answer","Core","260","260","pass","none","","","Include in S18 pass-sample review before app integration."
"hjb-high-ds-v4-s5-316","S5","选择性必修 第一册","圆锥曲线","multiple-choice","Challenge","1764","1764","pass","none","","","Include in S18 pass-sample review before app integration."
"hjb-high-ds-v4-s5-317","S5","选择性必修 第一册","圆锥曲线","fill-in","Foundation","320","320","pass","none","","","Include in S18 pass-sample review before app integration."
"hjb-high-ds-v4-s5-318","S5","选择性必修 第一册","圆锥曲线","short-answer","Core","387","387","pass","none","","","Include in S18 pass-sample review before app integration."
"hjb-high-ds-v4-s5-319","S5","选择性必修 第一册","圆锥曲线","multiple-choice","Challenge","260","260","pass","none","","","Include in S18 pass-sample review before app integration."
"hjb-high-ds-v4-s5-320","S5","选择性必修 第一册","圆锥曲线","fill-in","Foundation","129","129","pass","none","","","Include in S18 pass-sample review before app integration."
"hjb-high-ds-v4-s5-321","S5","选择性必修 第一册","圆锥曲线","short-answer","Core","288","288","pass","none","","","Include in S18 pass-sample review before app integration."
"hjb-high-ds-v4-s5-322","S5","选择性必修 第一册","圆锥曲线","multiple-choice","Challenge","160","160","pass","none","","","Include in S18 pass-sample review before app integration."
"hjb-high-ds-v4-s5-323","S5","选择性必修 第一册","圆锥曲线","fill-in","Foundation","136","136","pass","none","","","Include in S18 pass-sample review before app integration."
"hjb-high-ds-v4-s5-324","S5","选择性必修 第一册","圆锥曲线","short-answer","Core","215","215","pass","none","","","Include in S18 pass-sample review before app integration."
"hjb-high-ds-v4-s5-325","S5","选择性必修 第一册","圆锥曲线","multiple-choice","Challenge","832","832","pass","none","","","Include in S18 pass-sample review before app integration."
"hjb-high-ds-v4-s5-326","S5","选择性必修 第一册","圆锥曲线","fill-in","Foundation","528","528","pass","none","","","Include in S18 pass-sample review before app integration."
"hjb-high-ds-v4-s5-327","S5","选择性必修 第一册","圆锥曲线","short-answer","Core","360","360","pass","none","","","Include in S18 pass-sample review before app integration."
"hjb-high-ds-v4-s5-328","S5","选择性必修 第一册","圆锥曲线","multiple-choice","Challenge","1620","1620","pass","none","","","Include in S18 pass-sample review before app integration."
"hjb-high-ds-v4-s5-329","S5","选择性必修 第一册","圆锥曲线","fill-in","Foundation","168","168","pass","none","","","Include in S18 pass-sample review before app integration."
"hjb-high-ds-v4-s5-330","S5","选择性必修 第一册","圆锥曲线","short-answer","Core","189","189","pass","none","","","Include in S18 pass-sample review before app integration."
"hjb-high-ds-v4-s5-331","S5","选择性必修 第一册","圆锥曲线","multiple-choice","Challenge","880","880","pass","none","","","Include in S18 pass-sample review before app integration."
"hjb-high-ds-v4-s5-332","S5","选择性必修 第一册","圆锥曲线","fill-in","Foundation","63","63","pass","none","","","Include in S18 pass-sample review before app integration."
"hjb-high-ds-v4-s5-333","S5","选择性必修 第一册","圆锥曲线","short-answer","Core","165","165","pass","none","","","Include in S18 pass-sample review before app integration."
"hjb-high-ds-v4-s5-334","S5","选择性必修 第一册","圆锥曲线","multiple-choice","Challenge","960","960","pass","none","","","Include in S18 pass-sample review before app integration."
"hjb-high-ds-v4-s5-335","S5","选择性必修 第一册","圆锥曲线","fill-in","Foundation","385","385","pass","none","","","Include in S18 pass-sample review before app integration."
"hjb-high-ds-v4-s5-336","S5","选择性必修 第一册","圆锥曲线","short-answer","Core","168","168","pass","none","","","Include in S18 pass-sample review before app integration."
"hjb-high-ds-v4-s5-337","S5","选择性必修 第一册","圆锥曲线","multiple-choice","Challenge","1892","1892","pass","none","","","Include in S18 pass-sample review before app integration."
"hjb-high-ds-v4-s5-338","S5","选择性必修 第一册","圆锥曲线","fill-in","Foundation","185","185","pass","none","","","Include in S18 pass-sample review before app integration."
"hjb-high-ds-v4-s5-339","S5","选择性必修 第一册","圆锥曲线","short-answer","Core","161","161","pass","none","","","Include in S18 pass-sample review before app integration."
"hjb-high-ds-v4-s5-340","S5","选择性必修 第一册","圆锥曲线","multiple-choice","Challenge","288","288","pass","none","","","Include in S18 pass-sample review before app integration."
"hjb-high-ds-v4-s5-341","S5","选择性必修 第一册","圆锥曲线","fill-in","Foundation","168","168","pass","none","","","Include in S18 pass-sample review before app integration."
"hjb-high-ds-v4-s5-342","S5","选择性必修 第一册","圆锥曲线","short-answer","Core","153","153","pass","none","","","Include in S18 pass-sample review before app integration."
"hjb-high-ds-v4-s5-343","S5","选择性必修 第一册","圆锥曲线","multiple-choice","Challenge","1728","1728","pass","none","","","Include in S18 pass-sample review before app integration."
"hjb-high-ds-v4-s5-344","S5","选择性必修 第一册","圆锥曲线","fill-in","Foundation","75","75","pass","none","","","Include in S18 pass-sample review before app integration."
"hjb-high-ds-v4-s5-345","S5","选择性必修 第一册","圆锥曲线","short-answer","Core","209","209","pass","none","","","Include in S18 pass-sample review before app integration."
"hjb-high-ds-v4-s5-346","S5","选择性必修 第一册","圆锥曲线","multiple-choice","Challenge","180","180","pass","none","","","Include in S18 pass-sample review before app integration."
"hjb-high-ds-v4-s5-347","S5","选择性必修 第一册","圆锥曲线","fill-in","Foundation","155","155","pass","none","","","Include in S18 pass-sample review before app integration."
"hjb-high-ds-v4-s5-348","S5","选择性必修 第一册","圆锥曲线","short-answer","Core","68","68","pass","none","","","Include in S18 pass-sample review before app integration."
"hjb-high-ds-v4-s5-349","S5","选择性必修 第一册","圆锥曲线","multiple-choice","Challenge","112","112","pass","none","","","Include in S18 pass-sample review before app integration."
"hjb-high-ds-v4-s5-350","S5","选择性必修 第一册","圆锥曲线","fill-in","Foundation","175","175","pass","none","","","Include in S18 pass-sample review before app integration."
"hjb-high-ds-v4-s5-351","S5","选择性必修 第一册","圆锥曲线","short-answer","Core","189","189","pass","none","","","Include in S18 pass-sample review before app integration."
"hjb-high-ds-v4-s5-352","S5","选择性必修 第一册","圆锥曲线","multiple-choice","Challenge","576","576","pass","none","","","Include in S18 pass-sample review before app integration."
"hjb-high-ds-v4-s5-353","S5","选择性必修 第一册","圆锥曲线","fill-in","Foundation","205","205","pass","none","","","Include in S18 pass-sample review before app integration."
"hjb-high-ds-v4-s5-354","S5","选择性必修 第一册","圆锥曲线","short-answer","Core","189","189","pass","none","","","Include in S18 pass-sample review before app integration."
"hjb-high-ds-v4-s5-355","S5","选择性必修 第一册","圆锥曲线","multiple-choice","Challenge","684","684","pass","none","","","Include in S18 pass-sample review before app integration."
"hjb-high-ds-v4-s5-356","S5","选择性必修 第一册","圆锥曲线","fill-in","Foundation","120","120","pass","none","","","Include in S18 pass-sample review before app integration."
"hjb-high-ds-v4-s5-357","S5","选择性必修 第一册","圆锥曲线","short-answer","Core","561","561","pass","none","","","Include in S18 pass-sample review before app integration."
"hjb-high-ds-v4-s5-358","S5","选择性必修 第一册","圆锥曲线","multiple-choice","Challenge","1536","1536","pass","none","","","Include in S18 pass-sample review before app integration."
"hjb-high-ds-v4-s5-359","S5","选择性必修 第一册","圆锥曲线","fill-in","Foundation","112","112","pass","none","","","Include in S18 pass-sample review before app integration."
"hjb-high-ds-v4-s5-360","S5","选择性必修 第一册","圆锥曲线","short-answer","Core","320","320","pass","none","","","Include in S18 pass-sample review before app integration."
"hjb-high-ds-v4-s5-361","S5","选择性必修 第一册","空间向量及其应用","multiple-choice","Challenge","53","53","pass","none","","","Include in S18 pass-sample review before app integration."
"hjb-high-ds-v4-s5-362","S5","选择性必修 第一册","空间向量及其应用","fill-in","Foundation","158","158","pass","none","","","Include in S18 pass-sample review before app integration."
"hjb-high-ds-v4-s5-363","S5","选择性必修 第一册","空间向量及其应用","short-answer","Core","370","370","pass","none","","","Include in S18 pass-sample review before app integration."
"hjb-high-ds-v4-s5-364","S5","选择性必修 第一册","空间向量及其应用","multiple-choice","Challenge","53","53","pass","none","","","Include in S18 pass-sample review before app integration."
"hjb-high-ds-v4-s5-365","S5","选择性必修 第一册","空间向量及其应用","fill-in","Foundation","129","129","pass","none","","","Include in S18 pass-sample review before app integration."
"hjb-high-ds-v4-s5-366","S5","选择性必修 第一册","空间向量及其应用","short-answer","Core","218","218","pass","none","","","Include in S18 pass-sample review before app integration."
"hjb-high-ds-v4-s5-367","S5","选择性必修 第一册","空间向量及其应用","multiple-choice","Challenge","37","37","pass","none","","","Include in S18 pass-sample review before app integration."
"hjb-high-ds-v4-s5-368","S5","选择性必修 第一册","空间向量及其应用","fill-in","Foundation","201","201","pass","none","","","Include in S18 pass-sample review before app integration."
"hjb-high-ds-v4-s5-369","S5","选择性必修 第一册","空间向量及其应用","short-answer","Core","173","173","pass","none","","","Include in S18 pass-sample review before app integration."
"hjb-high-ds-v4-s5-370","S5","选择性必修 第一册","空间向量及其应用","multiple-choice","Challenge","61","61","pass","none","","","Include in S18 pass-sample review before app integration."
"hjb-high-ds-v4-s5-371","S5","选择性必修 第一册","空间向量及其应用","fill-in","Foundation","121","121","pass","none","","","Include in S18 pass-sample review before app integration."
"hjb-high-ds-v4-s5-372","S5","选择性必修 第一册","空间向量及其应用","short-answer","Core","50","50","pass","none","","","Include in S18 pass-sample review before app integration."
"hjb-high-ds-v4-s5-373","S5","选择性必修 第一册","空间向量及其应用","multiple-choice","Challenge","61","61","pass","none","","","Include in S18 pass-sample review before app integration."
"hjb-high-ds-v4-s5-374","S5","选择性必修 第一册","空间向量及其应用","fill-in","Foundation","211","211","pass","none","","","Include in S18 pass-sample review before app integration."
"hjb-high-ds-v4-s5-375","S5","选择性必修 第一册","空间向量及其应用","short-answer","Core","314","314","pass","none","","","Include in S18 pass-sample review before app integration."
"hjb-high-ds-v4-s5-376","S5","选择性必修 第一册","空间向量及其应用","multiple-choice","Challenge","75","75","pass","none","","","Include in S18 pass-sample review before app integration."
"hjb-high-ds-v4-s5-377","S5","选择性必修 第一册","空间向量及其应用","fill-in","Foundation","84","84","pass","none","","","Include in S18 pass-sample review before app integration."
"hjb-high-ds-v4-s5-378","S5","选择性必修 第一册","空间向量及其应用","multiple-choice","Core","88","88","pass","none","","","Include in S18 pass-sample review before app integration."
"hjb-high-ds-v4-s5-379","S5","选择性必修 第一册","空间向量及其应用","fill-in","Challenge","63","63","pass","none","","","Include in S18 pass-sample review before app integration."
"hjb-high-ds-v4-s5-380","S5","选择性必修 第一册","空间向量及其应用","multiple-choice","Foundation","339","339","pass","none","","","Include in S18 pass-sample review before app integration."
"hjb-high-ds-v4-s5-381","S5","选择性必修 第一册","空间向量及其应用","fill-in","Core","65","65","pass","none","","","Include in S18 pass-sample review before app integration."
"hjb-high-ds-v4-s5-382","S5","选择性必修 第一册","空间向量及其应用","multiple-choice","Challenge","25","25","pass","none","","","Include in S18 pass-sample review before app integration."
"hjb-high-ds-v4-s5-383","S5","选择性必修 第一册","空间向量及其应用","fill-in","Foundation","144","144","pass","none","","","Include in S18 pass-sample review before app integration."
"hjb-high-ds-v4-s5-384","S5","选择性必修 第一册","空间向量及其应用","multiple-choice","Core","389","389","pass","none","","","Include in S18 pass-sample review before app integration."
"hjb-high-ds-v4-s5-385","S5","选择性必修 第一册","空间向量及其应用","fill-in","Challenge","33","33","pass","none","","","Include in S18 pass-sample review before app integration."
"hjb-high-ds-v4-s5-386","S5","选择性必修 第一册","空间向量及其应用","multiple-choice","Foundation","198","198","pass","none","","","Include in S18 pass-sample review before app integration."
"hjb-high-ds-v4-s5-387","S5","选择性必修 第一册","空间向量及其应用","fill-in","Core","397","397","pass","none","","","Include in S18 pass-sample review before app integration."
"hjb-high-ds-v4-s5-388","S5","选择性必修 第一册","空间向量及其应用","multiple-choice","Challenge","31","31","pass","none","","","Include in S18 pass-sample review before app integration."
"hjb-high-ds-v4-s5-389","S5","选择性必修 第一册","空间向量及其应用","fill-in","Foundation","120","120","pass","none","","","Include in S18 pass-sample review before app integration."
"hjb-high-ds-v4-s5-390","S5","选择性必修 第一册","空间向量及其应用","multiple-choice","Core","276","276","pass","none","","","Include in S18 pass-sample review before app integration."
"hjb-high-ds-v4-s5-391","S5","选择性必修 第一册","空间向量及其应用","fill-in","Challenge","31","31","pass","none","","","Include in S18 pass-sample review before app integration."
"hjb-high-ds-v4-s5-392","S5","选择性必修 第一册","空间向量及其应用","multiple-choice","Foundation","150","150","pass","none","","","Include in S18 pass-sample review before app integration."
"hjb-high-ds-v4-s5-393","S5","选择性必修 第一册","空间向量及其应用","fill-in","Core","386","386","pass","none","","","Include in S18 pass-sample review before app integration."
"hjb-high-ds-v4-s5-394","S5","选择性必修 第一册","空间向量及其应用","multiple-choice","Challenge","65","65","pass","none","","","Include in S18 pass-sample review before app integration."
"hjb-high-ds-v4-s5-395","S5","选择性必修 第一册","空间向量及其应用","fill-in","Foundation","307","307","pass","none","","","Include in S18 pass-sample review before app integration."
"hjb-high-ds-v4-s5-396","S5","选择性必修 第一册","空间向量及其应用","multiple-choice","Core","414","414","pass","none","","","Include in S18 pass-sample review before app integration."
"hjb-high-ds-v4-s5-397","S5","选择性必修 第一册","空间向量及其应用","fill-in","Challenge","49","49","pass","none","","","Include in S18 pass-sample review before app integration."
"hjb-high-ds-v4-s5-398","S5","选择性必修 第一册","空间向量及其应用","multiple-choice","Foundation","363","363","pass","none","","","Include in S18 pass-sample review before app integration."
"hjb-high-ds-v4-s5-399","S5","选择性必修 第一册","空间向量及其应用","fill-in","Core","441","441","pass","none","","","Include in S18 pass-sample review before app integration."
"hjb-high-ds-v4-s5-400","S5","选择性必修 第一册","空间向量及其应用","multiple-choice","Challenge","81","81","pass","none","","","Include in S18 pass-sample review before app integration."
"hjb-high-ds-v4-s5-401","S5","选择性必修 第一册","空间向量及其应用","fill-in","Foundation","238","238","pass","none","","","Include in S18 pass-sample review before app integration."
"hjb-high-ds-v4-s5-402","S5","选择性必修 第一册","空间向量及其应用","multiple-choice","Core","254","254","pass","none","","","Include in S18 pass-sample review before app integration."
"hjb-high-ds-v4-s5-403","S5","选择性必修 第一册","空间向量及其应用","fill-in","Challenge","55","55","pass","none","","","Include in S18 pass-sample review before app integration."
"hjb-high-ds-v4-s5-404","S5","选择性必修 第一册","空间向量及其应用","multiple-choice","Foundation","625","625","pass","none","","","Include in S18 pass-sample review before app integration."
"hjb-high-ds-v4-s5-405","S5","选择性必修 第一册","空间向量及其应用","fill-in","Core","285","285","pass","none","","","Include in S18 pass-sample review before app integration."
"hjb-high-ds-v4-s5-406","S5","选择性必修 第一册","空间向量及其应用","multiple-choice","Challenge","61","61","pass","none","","","Include in S18 pass-sample review before app integration."
"hjb-high-ds-v4-s5-407","S5","选择性必修 第一册","空间向量及其应用","fill-in","Foundation","228","228","pass","none","","","Include in S18 pass-sample review before app integration."
"hjb-high-ds-v4-s5-408","S5","选择性必修 第一册","空间向量及其应用","multiple-choice","Core","98","98","pass","none","","","Include in S18 pass-sample review before app integration."
"hjb-high-ds-v4-s5-409","S5","选择性必修 第一册","空间向量及其应用","fill-in","Challenge","73","73","pass","none","","","Include in S18 pass-sample review before app integration."
"hjb-high-ds-v4-s5-410","S5","选择性必修 第一册","空间向量及其应用","multiple-choice","Foundation","330","330","pass","none","","","Include in S18 pass-sample review before app integration."
"hjb-high-ds-v4-s5-411","S5","选择性必修 第一册","空间向量及其应用","fill-in","Core","121","121","pass","none","","","Include in S18 pass-sample review before app integration."
"hjb-high-ds-v4-s5-412","S5","选择性必修 第一册","空间向量及其应用","multiple-choice","Challenge","55","55","pass","none","","","Include in S18 pass-sample review before app integration."
"hjb-high-ds-v4-s5-413","S5","选择性必修 第一册","空间向量及其应用","fill-in","Foundation","197","197","pass","none","","","Include in S18 pass-sample review before app integration."
"hjb-high-ds-v4-s5-414","S5","选择性必修 第一册","空间向量及其应用","multiple-choice","Core","329","329","pass","none","","","Include in S18 pass-sample review before app integration."
"hjb-high-ds-v4-s5-415","S5","选择性必修 第一册","空间向量及其应用","fill-in","Challenge","45","45","pass","none","","","Include in S18 pass-sample review before app integration."
"hjb-high-ds-v4-s5-416","S5","选择性必修 第一册","空间向量及其应用","multiple-choice","Foundation","530","530","pass","none","","","Include in S18 pass-sample review before app integration."
"hjb-high-ds-v4-s5-417","S5","选择性必修 第一册","空间向量及其应用","fill-in","Core","131","131","pass","none","","","Include in S18 pass-sample review before app integration."
"hjb-high-ds-v4-s5-418","S5","选择性必修 第一册","空间向量及其应用","multiple-choice","Challenge","45","45","pass","none","","","Include in S18 pass-sample review before app integration."
"hjb-high-ds-v4-s5-419","S5","选择性必修 第一册","空间向量及其应用","fill-in","Foundation","197","197","pass","none","","","Include in S18 pass-sample review before app integration."
"hjb-high-ds-v4-s5-420","S5","选择性必修 第一册","空间向量及其应用","multiple-choice","Core","440","440","pass","none","","","Include in S18 pass-sample review before app integration."
"hjb-high-ds-v4-s5-421","S5","选择性必修 第一册","空间向量及其应用","fill-in","Challenge","41","41","pass","none","","","Include in S18 pass-sample review before app integration."
"hjb-high-ds-v4-s5-422","S5","选择性必修 第一册","空间向量及其应用","multiple-choice","Foundation","74","74","pass","none","","","Include in S18 pass-sample review before app integration."
"hjb-high-ds-v4-s5-423","S5","选择性必修 第一册","空间向量及其应用","fill-in","Core","74","74","pass","none","","","Include in S18 pass-sample review before app integration."
"hjb-high-ds-v4-s5-424","S5","选择性必修 第一册","空间向量及其应用","multiple-choice","Challenge","83","83","pass","none","","","Include in S18 pass-sample review before app integration."
"hjb-high-ds-v4-s5-425","S5","选择性必修 第一册","空间向量及其应用","fill-in","Foundation","54","54","pass","none","","","Include in S18 pass-sample review before app integration."
"hjb-high-ds-v4-s5-426","S5","选择性必修 第一册","空间向量及其应用","multiple-choice","Core","557","557","pass","none","","","Include in S18 pass-sample review before app integration."
"hjb-high-ds-v4-s5-427","S5","选择性必修 第一册","空间向量及其应用","fill-in","Core","222","222","pass","none","","","Include in S18 pass-sample review before app integration."
"hjb-high-ds-v4-s5-428","S5","选择性必修 第一册","空间向量及其应用","multiple-choice","Core","458","458","pass","none","","","Include in S18 pass-sample review before app integration."
"hjb-high-ds-v4-s5-429","S5","选择性必修 第一册","空间向量及其应用","fill-in","Core","506","506","pass","none","","","Include in S18 pass-sample review before app integration."
"hjb-high-ds-v4-s5-430","S5","选择性必修 第一册","空间向量及其应用","multiple-choice","Core","453","453","pass","none","","","Include in S18 pass-sample review before app integration."
"hjb-high-ds-v4-s5-431","S5","选择性必修 第一册","数列","fill-in","Core","46","46","pass","none","","","Include in S18 pass-sample review before app integration."
"hjb-high-ds-v4-s5-432","S5","选择性必修 第一册","数列","multiple-choice","Core","36","36","pass","none","","","Include in S18 pass-sample review before app integration."
"hjb-high-ds-v4-s5-433","S5","选择性必修 第一册","数列","fill-in","Core","160","160","pass","none","","","Include in S18 pass-sample review before app integration."
"hjb-high-ds-v4-s5-434","S5","选择性必修 第一册","数列","multiple-choice","Core","27","27","pass","none","","","Include in S18 pass-sample review before app integration."
"hjb-high-ds-v4-s5-435","S5","选择性必修 第一册","数列","fill-in","Core","86","86","pass","none","","","Include in S18 pass-sample review before app integration."
"hjb-high-ds-v4-s5-436","S5","选择性必修 第一册","数列","multiple-choice","Core","49","49","pass","none","","","Include in S18 pass-sample review before app integration."
"hjb-high-ds-v4-s5-437","S5","选择性必修 第一册","数列","fill-in","Core","44","44","pass","none","","","Include in S18 pass-sample review before app integration."
"hjb-high-ds-v4-s5-438","S5","选择性必修 第一册","数列","multiple-choice","Core","34","34","pass","none","","","Include in S18 pass-sample review before app integration."
"hjb-high-ds-v4-s5-439","S5","选择性必修 第一册","数列","fill-in","Core","32","32","pass","none","","","Include in S18 pass-sample review before app integration."
"hjb-high-ds-v4-s5-440","S5","选择性必修 第一册","数列","multiple-choice","Core","44","44","pass","none","","","Include in S18 pass-sample review before app integration."
"hjb-high-ds-v4-s5-441","S5","选择性必修 第一册","数列","fill-in","Core","107","107","pass","none","","","Include in S18 pass-sample review before app integration."
"hjb-high-ds-v4-s5-442","S5","选择性必修 第一册","数列","multiple-choice","Core","39","39","pass","none","","","Include in S18 pass-sample review before app integration."
"hjb-high-ds-v4-s5-443","S5","选择性必修 第一册","数列","fill-in","Core","58","58","pass","none","","","Include in S18 pass-sample review before app integration."
"hjb-high-ds-v4-s5-444","S5","选择性必修 第一册","数列","multiple-choice","Core","62","62","pass","none","","","Include in S18 pass-sample review before app integration."
"hjb-high-ds-v4-s5-445","S5","选择性必修 第一册","数列","fill-in","Core","8","8","pass","none","","","Include in S18 pass-sample review before app integration."
"hjb-high-ds-v4-s5-446","S5","选择性必修 第一册","数列","multiple-choice","Core","18","18","pass","none","","","Include in S18 pass-sample review before app integration."
"hjb-high-ds-v4-s5-447","S5","选择性必修 第一册","数列","fill-in","Core","39","39","pass","none","","","Include in S18 pass-sample review before app integration."
"hjb-high-ds-v4-s5-448","S5","选择性必修 第一册","数列","multiple-choice","Core","35","35","pass","none","","","Include in S18 pass-sample review before app integration."
"hjb-high-ds-v4-s5-449","S5","选择性必修 第一册","数列","fill-in","Core","122","122","pass","none","","","Include in S18 pass-sample review before app integration."
"hjb-high-ds-v4-s5-450","S5","选择性必修 第一册","数列","multiple-choice","Core","23","23","pass","none","","","Include in S18 pass-sample review before app integration."
"hjb-high-ds-v4-s5-451","S5","选择性必修 第一册","数列","fill-in","Core","112","112","pass","none","","","Include in S18 pass-sample review before app integration."
"hjb-high-ds-v4-s5-452","S5","选择性必修 第一册","数列","multiple-choice","Core","59","59","pass","none","","","Include in S18 pass-sample review before app integration."
"hjb-high-ds-v4-s5-453","S5","选择性必修 第一册","数列","fill-in","Core","64","64","pass","none","","","Include in S18 pass-sample review before app integration."
"hjb-high-ds-v4-s5-454","S5","选择性必修 第一册","数列","multiple-choice","Core","119","119","pass","none","","","Include in S18 pass-sample review before app integration."
"hjb-high-ds-v4-s5-455","S5","选择性必修 第一册","数列","fill-in","Core","99","99","pass","none","","","Include in S18 pass-sample review before app integration."
"hjb-high-ds-v4-s5-456","S5","选择性必修 第一册","数列","multiple-choice","Core","59","59","pass","none","","","Include in S18 pass-sample review before app integration."
"hjb-high-ds-v4-s5-457","S5","选择性必修 第一册","数列","fill-in","Core","40","40","pass","none","","","Include in S18 pass-sample review before app integration."
"hjb-high-ds-v4-s5-458","S5","选择性必修 第一册","数列","multiple-choice","Core","158","158","pass","none","","","Include in S18 pass-sample review before app integration."
"hjb-high-ds-v4-s5-459","S5","选择性必修 第一册","数列","fill-in","Core","96","96","pass","none","","","Include in S18 pass-sample review before app integration."
"hjb-high-ds-v4-s5-460","S5","选择性必修 第一册","数列","multiple-choice","Core","23","23","pass","none","","","Include in S18 pass-sample review before app integration."
"hjb-high-ds-v4-s5-461","S5","选择性必修 第一册","数列","fill-in","Core","41","41","pass","none","","","Include in S18 pass-sample review before app integration."
"hjb-high-ds-v4-s5-462","S5","选择性必修 第一册","数列","multiple-choice","Core","38","38","pass","none","","","Include in S18 pass-sample review before app integration."
"hjb-high-ds-v4-s5-463","S5","选择性必修 第一册","数列","fill-in","Core","110","110","pass","none","","","Include in S18 pass-sample review before app integration."
"hjb-high-ds-v4-s5-464","S5","选择性必修 第一册","数列","multiple-choice","Core","5","5","pass","none","","","Include in S18 pass-sample review before app integration."
"hjb-high-ds-v4-s5-465","S5","选择性必修 第一册","数列","fill-in","Core","96","96","pass","none","","","Include in S18 pass-sample review before app integration."
"hjb-high-ds-v4-s5-466","S5","选择性必修 第一册","数列","multiple-choice","Core","165","165","pass","none","","","Include in S18 pass-sample review before app integration."
"hjb-high-ds-v4-s5-467","S5","选择性必修 第一册","数列","fill-in","Core","45","45","pass","none","","","Include in S18 pass-sample review before app integration."
"hjb-high-ds-v4-s5-468","S5","选择性必修 第一册","数列","multiple-choice","Core","76","76","pass","none","","","Include in S18 pass-sample review before app integration."
"hjb-high-ds-v4-s5-469","S5","选择性必修 第一册","数列","fill-in","Core","58","58","pass","none","","","Include in S18 pass-sample review before app integration."
"hjb-high-ds-v4-s5-470","S5","选择性必修 第一册","数列","multiple-choice","Core","26","26","pass","none","","","Include in S18 pass-sample review before app integration."
"hjb-high-ds-v4-s5-471","S5","选择性必修 第一册","数列","fill-in","Core","159","159","pass","none","","","Include in S18 pass-sample review before app integration."
"hjb-high-ds-v4-s5-472","S5","选择性必修 第一册","数列","multiple-choice","Core","111","111","pass","none","","","Include in S18 pass-sample review before app integration."
"hjb-high-ds-v4-s5-473","S5","选择性必修 第一册","数列","fill-in","Core","18","18","pass","none","","","Include in S18 pass-sample review before app integration."
"hjb-high-ds-v4-s5-474","S5","选择性必修 第一册","数列","multiple-choice","Core","34","34","pass","none","","","Include in S18 pass-sample review before app integration."
"hjb-high-ds-v4-s5-475","S5","选择性必修 第一册","数列","fill-in","Core","40","40","pass","none","","","Include in S18 pass-sample review before app integration."
"hjb-high-ds-v4-s5-476","S5","选择性必修 第一册","数列","multiple-choice","Core","27","27","pass","none","","","Include in S18 pass-sample review before app integration."
"hjb-high-ds-v4-s5-477","S5","选择性必修 第一册","数列","multiple-choice","Core","51","51","pass","none","","","Include in S18 pass-sample review before app integration."
"hjb-high-ds-v4-s5-478","S5","选择性必修 第一册","数列","multiple-choice","Core","36","36","pass","none","","","Include in S18 pass-sample review before app integration."
"hjb-high-ds-v4-s5-479","S5","选择性必修 第一册","数列","multiple-choice","Core","31","31","pass","none","","","Include in S18 pass-sample review before app integration."
"hjb-high-ds-v4-s5-480","S5","选择性必修 第一册","数列","multiple-choice","Core","64","64","pass","none","","","Include in S18 pass-sample review before app integration."
"hjb-high-ds-v4-s5-481","S5","选择性必修 第一册","数列","multiple-choice","Core","23","23","pass","none","","","Include in S18 pass-sample review before app integration."
"hjb-high-ds-v4-s5-482","S5","选择性必修 第一册","数列","multiple-choice","Core","38","38","pass","none","","","Include in S18 pass-sample review before app integration."
"hjb-high-ds-v4-s5-483","S5","选择性必修 第一册","数列","multiple-choice","Core","47","47","pass","none","","","Include in S18 pass-sample review before app integration."
"hjb-high-ds-v4-s5-484","S5","选择性必修 第一册","数列","multiple-choice","Core","14","14","pass","none","","","Include in S18 pass-sample review before app integration."
"hjb-high-ds-v4-s5-485","S5","选择性必修 第一册","数列","multiple-choice","Core","84","84","pass","none","","","Include in S18 pass-sample review before app integration."
"hjb-high-ds-v4-s5-486","S5","选择性必修 第一册","数列","multiple-choice","Core","161","161","pass","none","","","Include in S18 pass-sample review before app integration."
"hjb-high-ds-v4-s5-487","S5","选择性必修 第一册","数列","multiple-choice","Core","116","116","pass","none","","","Include in S18 pass-sample review before app integration."
"hjb-high-ds-v4-s5-488","S5","选择性必修 第一册","数列","multiple-choice","Core","114","114","pass","none","","","Include in S18 pass-sample review before app integration."
"hjb-high-ds-v4-s5-489","S5","选择性必修 第一册","数列","multiple-choice","Core","140","140","pass","none","","","Include in S18 pass-sample review before app integration."
"hjb-high-ds-v4-s5-490","S5","选择性必修 第一册","数列","multiple-choice","Core","16","16","pass","none","","","Include in S18 pass-sample review before app integration."
"hjb-high-ds-v4-s5-491","S5","选择性必修 第一册","数列","multiple-choice","Core","115","115","pass","none","","","Include in S18 pass-sample review before app integration."
"hjb-high-ds-v4-s5-492","S5","选择性必修 第一册","数列","multiple-choice","Core","174","174","pass","none","","","Include in S18 pass-sample review before app integration."
"hjb-high-ds-v4-s5-493","S5","选择性必修 第一册","数列","multiple-choice","Core","74","74","pass","none","","","Include in S18 pass-sample review before app integration."
"hjb-high-ds-v4-s5-494","S5","选择性必修 第一册","数列","multiple-choice","Core","65","65","pass","none","","","Include in S18 pass-sample review before app integration."
"hjb-high-ds-v4-s5-495","S5","选择性必修 第一册","数列","multiple-choice","Core","125","125","pass","none","","","Include in S18 pass-sample review before app integration."
"hjb-high-ds-v4-s5-496","S5","选择性必修 第一册","数列","multiple-choice","Core","126","126","pass","none","","","Include in S18 pass-sample review before app integration."
"hjb-high-ds-v4-s5-497","S5","选择性必修 第一册","数列","multiple-choice","Core","41","41","pass","none","","","Include in S18 pass-sample review before app integration."
"hjb-high-ds-v4-s5-498","S5","选择性必修 第一册","数列","multiple-choice","Core","33","33","pass","none","","","Include in S18 pass-sample review before app integration."
"hjb-high-ds-v4-s5-499","S5","选择性必修 第一册","数列","multiple-choice","Core","144","144","pass","none","","","Include in S18 pass-sample review before app integration."
"hjb-high-ds-v4-s5-500","S5","选择性必修 第一册","数列","multiple-choice","Core","111","111","pass","none","","","Include in S18 pass-sample review before app integration."
"hjb-high-ds-v4-s6-001","S6","选择性必修 第二册","导数及其运用","multiple-choice","Core","240","240","pass","none","","","Include in S18 pass-sample review before app integration."
"hjb-high-ds-v4-s6-002","S6","选择性必修 第二册","导数及其运用","fill-in","Challenge","-193","-193","pass","none","","","Include in S18 pass-sample review before app integration."
"hjb-high-ds-v4-s6-003","S6","选择性必修 第二册","导数及其运用","short-answer","Foundation","360","360","pass","none","","","Include in S18 pass-sample review before app integration."
"hjb-high-ds-v4-s6-004","S6","选择性必修 第二册","导数及其运用","multiple-choice","Exam","-894","-894","pass","none","","","Include in S18 pass-sample review before app integration."
"hjb-high-ds-v4-s6-005","S6","选择性必修 第二册","导数及其运用","fill-in","Core","126","126","pass","none","","","Include in S18 pass-sample review before app integration."
"hjb-high-ds-v4-s6-006","S6","选择性必修 第二册","导数及其运用","short-answer","Challenge","-789","-789","pass","none","","","Include in S18 pass-sample review before app integration."
"hjb-high-ds-v4-s6-007","S6","选择性必修 第二册","导数及其运用","multiple-choice","Foundation","220","220","pass","none","","","Include in S18 pass-sample review before app integration."
"hjb-high-ds-v4-s6-008","S6","选择性必修 第二册","导数及其运用","fill-in","Exam","-428","-428","pass","none","","","Include in S18 pass-sample review before app integration."
"hjb-high-ds-v4-s6-009","S6","选择性必修 第二册","导数及其运用","short-answer","Core","288","288","pass","none","","","Include in S18 pass-sample review before app integration."
"hjb-high-ds-v4-s6-010","S6","选择性必修 第二册","导数及其运用","multiple-choice","Challenge","-575","-575","pass","none","","","Include in S18 pass-sample review before app integration."
"hjb-high-ds-v4-s6-011","S6","选择性必修 第二册","导数及其运用","fill-in","Foundation","48","48","pass","none","","","Include in S18 pass-sample review before app integration."
"hjb-high-ds-v4-s6-012","S6","选择性必修 第二册","导数及其运用","short-answer","Exam","-966","-966","pass","none","","","Include in S18 pass-sample review before app integration."
"hjb-high-ds-v4-s6-013","S6","选择性必修 第二册","导数及其运用","multiple-choice","Core","32","32","pass","none","","","Include in S18 pass-sample review before app integration."
"hjb-high-ds-v4-s6-014","S6","选择性必修 第二册","导数及其运用","fill-in","Challenge","-765","-765","pass","none","","","Include in S18 pass-sample review before app integration."
"hjb-high-ds-v4-s6-015","S6","选择性必修 第二册","导数及其运用","short-answer","Foundation","32","32","pass","none","","","Include in S18 pass-sample review before app integration."
"hjb-high-ds-v4-s6-016","S6","选择性必修 第二册","导数及其运用","multiple-choice","Exam","-1190","-1190","pass","none","","","Include in S18 pass-sample review before app integration."
"hjb-high-ds-v4-s6-017","S6","选择性必修 第二册","导数及其运用","fill-in","Core","198","198","pass","none","","","Include in S18 pass-sample review before app integration."
"hjb-high-ds-v4-s6-018","S6","选择性必修 第二册","导数及其运用","short-answer","Challenge","-430","-430","pass","none","","","Include in S18 pass-sample review before app integration."
"hjb-high-ds-v4-s6-019","S6","选择性必修 第二册","导数及其运用","multiple-choice","Foundation","90","90","pass","none","","","Include in S18 pass-sample review before app integration."
"hjb-high-ds-v4-s6-020","S6","选择性必修 第二册","导数及其运用","fill-in","Exam","-125","-125","pass","none","","","Include in S18 pass-sample review before app integration."
"hjb-high-ds-v4-s6-021","S6","选择性必修 第二册","导数及其运用","short-answer","Core","110","110","pass","none","","","Include in S18 pass-sample review before app integration."
"hjb-high-ds-v4-s6-022","S6","选择性必修 第二册","导数及其运用","multiple-choice","Challenge","-1951","-1951","pass","none","","","Include in S18 pass-sample review before app integration."
"hjb-high-ds-v4-s6-023","S6","选择性必修 第二册","导数及其运用","fill-in","Foundation","110","110","pass","none","","","Include in S18 pass-sample review before app integration."
"hjb-high-ds-v4-s6-024","S6","选择性必修 第二册","导数及其运用","short-answer","Exam","-2788","-2788","pass","none","","","Include in S18 pass-sample review before app integration."
"hjb-high-ds-v4-s6-025","S6","选择性必修 第二册","导数及其运用","multiple-choice","Core","156","156","pass","none","","","Include in S18 pass-sample review before app integration."
"hjb-high-ds-v4-s6-026","S6","选择性必修 第二册","导数及其运用","fill-in","Challenge","-3192","-3192","pass","none","","","Include in S18 pass-sample review before app integration."
"hjb-high-ds-v4-s6-027","S6","选择性必修 第二册","导数及其运用","short-answer","Foundation","280","280","pass","none","","","Include in S18 pass-sample review before app integration."
"hjb-high-ds-v4-s6-028","S6","选择性必修 第二册","导数及其运用","multiple-choice","Exam","-718","-718","pass","none","","","Include in S18 pass-sample review before app integration."
"hjb-high-ds-v4-s6-029","S6","选择性必修 第二册","导数及其运用","fill-in","Core","210","210","pass","none","","","Include in S18 pass-sample review before app integration."
"hjb-high-ds-v4-s6-030","S6","选择性必修 第二册","导数及其运用","short-answer","Challenge","-97","-97","pass","none","","","Include in S18 pass-sample review before app integration."
"hjb-high-ds-v4-s6-031","S6","选择性必修 第二册","导数及其运用","multiple-choice","Foundation","204","204","pass","none","","","Include in S18 pass-sample review before app integration."
"hjb-high-ds-v4-s6-032","S6","选择性必修 第二册","导数及其运用","fill-in","Exam","-721","-721","pass","none","","","Include in S18 pass-sample review before app integration."
"hjb-high-ds-v4-s6-033","S6","选择性必修 第二册","导数及其运用","short-answer","Core","72","72","pass","none","","","Include in S18 pass-sample review before app integration."
"hjb-high-ds-v4-s6-034","S6","选择性必修 第二册","导数及其运用","multiple-choice","Challenge","-432","-432","pass","none","","","Include in S18 pass-sample review before app integration."
"hjb-high-ds-v4-s6-035","S6","选择性必修 第二册","导数及其运用","fill-in","Foundation","40","40","pass","none","","","Include in S18 pass-sample review before app integration."
"hjb-high-ds-v4-s6-036","S6","选择性必修 第二册","导数及其运用","short-answer","Exam","-275","-275","pass","none","","","Include in S18 pass-sample review before app integration."
"hjb-high-ds-v4-s6-037","S6","选择性必修 第二册","导数及其运用","multiple-choice","Core","32","32","pass","none","","","Include in S18 pass-sample review before app integration."
"hjb-high-ds-v4-s6-038","S6","选择性必修 第二册","导数及其运用","fill-in","Challenge","-94","-94","pass","none","","","Include in S18 pass-sample review before app integration."
"hjb-high-ds-v4-s6-039","S6","选择性必修 第二册","导数及其运用","short-answer","Foundation","20","20","pass","none","","","Include in S18 pass-sample review before app integration."
"hjb-high-ds-v4-s6-040","S6","选择性必修 第二册","导数及其运用","multiple-choice","Exam","-646","-646","pass","none","","","Include in S18 pass-sample review before app integration."
"hjb-high-ds-v4-s6-041","S6","选择性必修 第二册","导数及其运用","fill-in","Core","132","132","pass","none","","","Include in S18 pass-sample review before app integration."
"hjb-high-ds-v4-s6-042","S6","选择性必修 第二册","导数及其运用","short-answer","Challenge","-444","-444","pass","none","","","Include in S18 pass-sample review before app integration."
"hjb-high-ds-v4-s6-043","S6","选择性必修 第二册","导数及其运用","multiple-choice","Foundation","128","128","pass","none","","","Include in S18 pass-sample review before app integration."
"hjb-high-ds-v4-s6-044","S6","选择性必修 第二册","导数及其运用","fill-in","Exam","-3886","-3886","pass","none","","","Include in S18 pass-sample review before app integration."
"hjb-high-ds-v4-s6-045","S6","选择性必修 第二册","导数及其运用","short-answer","Core","90","90","pass","none","","","Include in S18 pass-sample review before app integration."
"hjb-high-ds-v4-s6-046","S6","选择性必修 第二册","导数及其运用","multiple-choice","Challenge","-448","-448","pass","none","","","Include in S18 pass-sample review before app integration."
"hjb-high-ds-v4-s6-047","S6","选择性必修 第二册","导数及其运用","fill-in","Foundation","84","84","pass","none","","","Include in S18 pass-sample review before app integration."
"hjb-high-ds-v4-s6-048","S6","选择性必修 第二册","导数及其运用","short-answer","Exam","-30","-30","pass","none","","","Include in S18 pass-sample review before app integration."
"hjb-high-ds-v4-s6-049","S6","选择性必修 第二册","导数及其运用","multiple-choice","Core","320","320","pass","none","","","Include in S18 pass-sample review before app integration."
"hjb-high-ds-v4-s6-050","S6","选择性必修 第二册","导数及其运用","fill-in","Challenge","-143","-143","pass","none","","","Include in S18 pass-sample review before app integration."
"hjb-high-ds-v4-s6-051","S6","选择性必修 第二册","导数及其运用","short-answer","Foundation","396","396","pass","none","","","Include in S18 pass-sample review before app integration."
"hjb-high-ds-v4-s6-052","S6","选择性必修 第二册","导数及其运用","multiple-choice","Exam","-1616","-1616","pass","none","","","Include in S18 pass-sample review before app integration."
"hjb-high-ds-v4-s6-053","S6","选择性必修 第二册","导数及其运用","fill-in","Core","192","192","pass","none","","","Include in S18 pass-sample review before app integration."
"hjb-high-ds-v4-s6-054","S6","选择性必修 第二册","导数及其运用","short-answer","Challenge","-31","-31","pass","none","","","Include in S18 pass-sample review before app integration."
"hjb-high-ds-v4-s6-055","S6","选择性必修 第二册","导数及其运用","multiple-choice","Foundation","180","180","pass","none","","","Include in S18 pass-sample review before app integration."
"hjb-high-ds-v4-s6-056","S6","选择性必修 第二册","导数及其运用","fill-in","Exam","-725","-725","pass","none","","","Include in S18 pass-sample review before app integration."
"hjb-high-ds-v4-s6-057","S6","选择性必修 第二册","导数及其运用","short-answer","Core","24","24","pass","none","","","Include in S18 pass-sample review before app integration."
"hjb-high-ds-v4-s6-058","S6","选择性必修 第二册","导数及其运用","multiple-choice","Challenge","-597","-597","pass","none","","","Include in S18 pass-sample review before app integration."
"hjb-high-ds-v4-s6-059","S6","选择性必修 第二册","导数及其运用","fill-in","Foundation","210","210","pass","none","","","Include in S18 pass-sample review before app integration."
"hjb-high-ds-v4-s6-060","S6","选择性必修 第二册","导数及其运用","short-answer","Exam","-140","-140","pass","none","","","Include in S18 pass-sample review before app integration."
"hjb-high-ds-v4-s6-061","S6","选择性必修 第二册","导数及其运用","multiple-choice","Core","96","96","pass","none","","","Include in S18 pass-sample review before app integration."
"hjb-high-ds-v4-s6-062","S6","选择性必修 第二册","导数及其运用","fill-in","Challenge","-212","-212","pass","none","","","Include in S18 pass-sample review before app integration."
"hjb-high-ds-v4-s6-063","S6","选择性必修 第二册","导数及其运用","short-answer","Foundation","126","126","pass","none","","","Include in S18 pass-sample review before app integration."
"hjb-high-ds-v4-s6-064","S6","选择性必修 第二册","导数及其运用","multiple-choice","Exam","-634","-634","pass","none","","","Include in S18 pass-sample review before app integration."
"hjb-high-ds-v4-s6-065","S6","选择性必修 第二册","导数及其运用","fill-in","Core","96","96","pass","none","","","Include in S18 pass-sample review before app integration."
"hjb-high-ds-v4-s6-066","S6","选择性必修 第二册","导数及其运用","short-answer","Challenge","-1290","-1290","pass","none","","","Include in S18 pass-sample review before app integration."
"hjb-high-ds-v4-s6-067","S6","选择性必修 第二册","导数及其运用","multiple-choice","Foundation","480","480","pass","none","","","Include in S18 pass-sample review before app integration."
"hjb-high-ds-v4-s6-068","S6","选择性必修 第二册","导数及其运用","fill-in","Exam","-424","-424","pass","none","","","Include in S18 pass-sample review before app integration."
"hjb-high-ds-v4-s6-069","S6","选择性必修 第二册","导数及其运用","short-answer","Core","120","120","pass","none","","","Include in S18 pass-sample review before app integration."
"hjb-high-ds-v4-s6-070","S6","选择性必修 第二册","导数及其运用","multiple-choice","Challenge","-2242","-2242","pass","none","","","Include in S18 pass-sample review before app integration."
"hjb-high-ds-v4-s6-071","S6","选择性必修 第二册","导数及其运用","fill-in","Foundation","192","192","pass","none","","","Include in S18 pass-sample review before app integration."
"hjb-high-ds-v4-s6-072","S6","选择性必修 第二册","导数及其运用","short-answer","Exam","-2879","-2879","pass","none","","","Include in S18 pass-sample review before app integration."
"hjb-high-ds-v4-s6-073","S6","选择性必修 第二册","导数及其运用","multiple-choice","Core","240","240","pass","none","","","Include in S18 pass-sample review before app integration."
"hjb-high-ds-v4-s6-074","S6","选择性必修 第二册","导数及其运用","fill-in","Challenge","-1001","-1001","pass","none","","","Include in S18 pass-sample review before app integration."
"hjb-high-ds-v4-s6-075","S6","选择性必修 第二册","导数及其运用","short-answer","Foundation","80","80","pass","none","","","Include in S18 pass-sample review before app integration."
"hjb-high-ds-v4-s6-076","S6","选择性必修 第二册","计数原理","multiple-choice","Exam","105","105","pass","none","","","Include in S18 pass-sample review before app integration."
"hjb-high-ds-v4-s6-077","S6","选择性必修 第二册","计数原理","fill-in","Core","3","3","pass","none","","","Include in S18 pass-sample review before app integration."
"hjb-high-ds-v4-s6-078","S6","选择性必修 第二册","计数原理","short-answer","Challenge","660","660","pass","none","","","Include in S18 pass-sample review before app integration."
"hjb-high-ds-v4-s6-079","S6","选择性必修 第二册","计数原理","multiple-choice","Foundation","6","6","pass","none","","","Include in S18 pass-sample review before app integration."
"hjb-high-ds-v4-s6-080","S6","选择性必修 第二册","计数原理","fill-in","Exam","858","858","pass","none","","","Include in S18 pass-sample review before app integration."
"hjb-high-ds-v4-s6-081","S6","选择性必修 第二册","计数原理","short-answer","Core","28","28","pass","none","","","Include in S18 pass-sample review before app integration."
"hjb-high-ds-v4-s6-082","S6","选择性必修 第二册","计数原理","multiple-choice","Challenge","12","12","pass","none","","","Include in S18 pass-sample review before app integration."
"hjb-high-ds-v4-s6-083","S6","选择性必修 第二册","计数原理","fill-in","Foundation","55","55","pass","none","","","Include in S18 pass-sample review before app integration."
"hjb-high-ds-v4-s6-084","S6","选择性必修 第二册","计数原理","short-answer","Exam","252","252","pass","none","","","Include in S18 pass-sample review before app integration."
"hjb-high-ds-v4-s6-085","S6","选择性必修 第二册","计数原理","multiple-choice","Core","78","78","pass","none","","","Include in S18 pass-sample review before app integration."
"hjb-high-ds-v4-s6-086","S6","选择性必修 第二册","计数原理","fill-in","Challenge","30","30","pass","none","","","Include in S18 pass-sample review before app integration."
"hjb-high-ds-v4-s6-087","S6","选择性必修 第二册","计数原理","short-answer","Foundation","21","21","pass","none","","","Include in S18 pass-sample review before app integration."
"hjb-high-ds-v4-s6-088","S6","选择性必修 第二册","计数原理","multiple-choice","Exam","252","252","pass","none","","","Include in S18 pass-sample review before app integration."
"hjb-high-ds-v4-s6-089","S6","选择性必修 第二册","计数原理","fill-in","Core","45","45","pass","none","","","Include in S18 pass-sample review before app integration."
"hjb-high-ds-v4-s6-090","S6","选择性必修 第二册","计数原理","short-answer","Challenge","858","858","pass","none","","","Include in S18 pass-sample review before app integration."
"hjb-high-ds-v4-s6-091","S6","选择性必修 第二册","计数原理","multiple-choice","Foundation","10","10","pass","none","","","Include in S18 pass-sample review before app integration."
"hjb-high-ds-v4-s6-092","S6","选择性必修 第二册","计数原理","fill-in","Exam","360","360","pass","none","","","Include in S18 pass-sample review before app integration."
"hjb-high-ds-v4-s6-093","S6","选择性必修 第二册","计数原理","short-answer","Core","78","78","pass","none","","","Include in S18 pass-sample review before app integration."
"hjb-high-ds-v4-s6-094","S6","选择性必修 第二册","计数原理","multiple-choice","Challenge","30","30","pass","none","","","Include in S18 pass-sample review before app integration."
"hjb-high-ds-v4-s6-095","S6","选择性必修 第二册","计数原理","fill-in","Foundation","55","55","pass","none","","","Include in S18 pass-sample review before app integration."
"hjb-high-ds-v4-s6-096","S6","选择性必修 第二册","计数原理","short-answer","Exam","168","168","pass","none","","","Include in S18 pass-sample review before app integration."
"hjb-high-ds-v4-s6-097","S6","选择性必修 第二册","计数原理","multiple-choice","Core","55","55","pass","none","","","Include in S18 pass-sample review before app integration."
"hjb-high-ds-v4-s6-098","S6","选择性必修 第二册","计数原理","fill-in","Challenge","60","60","pass","none","","","Include in S18 pass-sample review before app integration."
"hjb-high-ds-v4-s6-099","S6","选择性必修 第二册","计数原理","short-answer","Foundation","3","3","pass","none","","","Include in S18 pass-sample review before app integration."
"hjb-high-ds-v4-s6-100","S6","选择性必修 第二册","计数原理","multiple-choice","Exam","3","3","pass","none","","","Include in S18 pass-sample review before app integration."
"hjb-high-ds-v4-s6-101","S6","选择性必修 第二册","计数原理","fill-in","Core","55","55","pass","none","","","Include in S18 pass-sample review before app integration."
"hjb-high-ds-v4-s6-102","S6","选择性必修 第二册","计数原理","short-answer","Challenge","168","168","pass","none","","","Include in S18 pass-sample review before app integration."
"hjb-high-ds-v4-s6-103","S6","选择性必修 第二册","计数原理","multiple-choice","Foundation","91","91","pass","none","","","Include in S18 pass-sample review before app integration."
"hjb-high-ds-v4-s6-104","S6","选择性必修 第二册","计数原理","fill-in","Exam","858","858","pass","none","","","Include in S18 pass-sample review before app integration."
"hjb-high-ds-v4-s6-105","S6","选择性必修 第二册","计数原理","short-answer","Core","45","45","pass","none","","","Include in S18 pass-sample review before app integration."
"hjb-high-ds-v4-s6-106","S6","选择性必修 第二册","计数原理","multiple-choice","Challenge","12","12","pass","none","","","Include in S18 pass-sample review before app integration."
"hjb-high-ds-v4-s6-107","S6","选择性必修 第二册","计数原理","fill-in","Foundation","28","28","pass","none","","","Include in S18 pass-sample review before app integration."
"hjb-high-ds-v4-s6-108","S6","选择性必修 第二册","计数原理","short-answer","Exam","105","105","pass","none","","","Include in S18 pass-sample review before app integration."
"hjb-high-ds-v4-s6-109","S6","选择性必修 第二册","计数原理","multiple-choice","Core","91","91","pass","none","","","Include in S18 pass-sample review before app integration."
"hjb-high-ds-v4-s6-110","S6","选择性必修 第二册","计数原理","fill-in","Challenge","30","30","pass","none","","","Include in S18 pass-sample review before app integration."
"hjb-high-ds-v4-s6-111","S6","选择性必修 第二册","计数原理","short-answer","Foundation","21","21","pass","none","","","Include in S18 pass-sample review before app integration."
"hjb-high-ds-v4-s6-112","S6","选择性必修 第二册","计数原理","multiple-choice","Exam","3","3","pass","none","","","Include in S18 pass-sample review before app integration."
"hjb-high-ds-v4-s6-113","S6","选择性必修 第二册","计数原理","fill-in","Core","78","78","pass","none","","","Include in S18 pass-sample review before app integration."
"hjb-high-ds-v4-s6-114","S6","选择性必修 第二册","计数原理","short-answer","Challenge","858","858","pass","none","","","Include in S18 pass-sample review before app integration."
"hjb-high-ds-v4-s6-115","S6","选择性必修 第二册","计数原理","multiple-choice","Foundation","15","15","pass","none","","","Include in S18 pass-sample review before app integration."
"hjb-high-ds-v4-s6-116","S6","选择性必修 第二册","计数原理","fill-in","Exam","105","105","pass","none","","","Include in S18 pass-sample review before app integration."
"hjb-high-ds-v4-s6-117","S6","选择性必修 第二册","计数原理","short-answer","Core","3","3","pass","none","","","Include in S18 pass-sample review before app integration."
"hjb-high-ds-v4-s6-118","S6","选择性必修 第二册","计数原理","multiple-choice","Challenge","168","168","pass","none","","","Include in S18 pass-sample review before app integration."
"hjb-high-ds-v4-s6-119","S6","选择性必修 第二册","计数原理","fill-in","Foundation","78","78","pass","none","","","Include in S18 pass-sample review before app integration."
"hjb-high-ds-v4-s6-120","S6","选择性必修 第二册","计数原理","short-answer","Exam","1092","1092","pass","none","","","Include in S18 pass-sample review before app integration."
"hjb-high-ds-v4-s6-121","S6","选择性必修 第二册","计数原理","multiple-choice","Core","10","10","pass","none","","","Include in S18 pass-sample review before app integration."
"hjb-high-ds-v4-s6-122","S6","选择性必修 第二册","计数原理","fill-in","Challenge","858","858","pass","none","","","Include in S18 pass-sample review before app integration."
"hjb-high-ds-v4-s6-123","S6","选择性必修 第二册","计数原理","short-answer","Foundation","78","78","pass","none","","","Include in S18 pass-sample review before app integration."
"hjb-high-ds-v4-s6-124","S6","选择性必修 第二册","计数原理","multiple-choice","Exam","30","30","pass","none","","","Include in S18 pass-sample review before app integration."
"hjb-high-ds-v4-s6-125","S6","选择性必修 第二册","计数原理","fill-in","Core","91","91","pass","none","","","Include in S18 pass-sample review before app integration."
"hjb-high-ds-v4-s6-126","S6","选择性必修 第二册","计数原理","short-answer","Challenge","168","168","pass","none","","","Include in S18 pass-sample review before app integration."
"hjb-high-ds-v4-s6-127","S6","选择性必修 第二册","计数原理","multiple-choice","Foundation","66","66","pass","none","","","Include in S18 pass-sample review before app integration."
"hjb-high-ds-v4-s6-128","S6","选择性必修 第二册","计数原理","fill-in","Exam","3","3","pass","none","","","Include in S18 pass-sample review before app integration."
"hjb-high-ds-v4-s6-129","S6","选择性必修 第二册","计数原理","short-answer","Core","55","55","pass","none","","","Include in S18 pass-sample review before app integration."
"hjb-high-ds-v4-s6-130","S6","选择性必修 第二册","计数原理","multiple-choice","Challenge","105","105","pass","none","","","Include in S18 pass-sample review before app integration."
"hjb-high-ds-v4-s6-131","S6","选择性必修 第二册","计数原理","fill-in","Foundation","6","6","pass","none","","","Include in S18 pass-sample review before app integration."
"hjb-high-ds-v4-s6-132","S6","选择性必修 第二册","计数原理","short-answer","Exam","495","495","pass","none","","","Include in S18 pass-sample review before app integration."
"hjb-high-ds-v4-s6-133","S6","选择性必修 第二册","计数原理","multiple-choice","Core","66","66","pass","none","","","Include in S18 pass-sample review before app integration."
"hjb-high-ds-v4-s6-134","S6","选择性必修 第二册","计数原理","fill-in","Challenge","60","60","pass","none","","","Include in S18 pass-sample review before app integration."
"hjb-high-ds-v4-s6-135","S6","选择性必修 第二册","计数原理","short-answer","Foundation","45","45","pass","none","","","Include in S18 pass-sample review before app integration."
"hjb-high-ds-v4-s6-136","S6","选择性必修 第二册","计数原理","multiple-choice","Exam","1092","1092","pass","none","","","Include in S18 pass-sample review before app integration."
"hjb-high-ds-v4-s6-137","S6","选择性必修 第二册","计数原理","fill-in","Core","10","10","pass","none","","","Include in S18 pass-sample review before app integration."
"hjb-high-ds-v4-s6-138","S6","选择性必修 第二册","计数原理","short-answer","Challenge","252","252","pass","none","","","Include in S18 pass-sample review before app integration."
"hjb-high-ds-v4-s6-139","S6","选择性必修 第二册","计数原理","multiple-choice","Foundation","21","21","pass","none","","","Include in S18 pass-sample review before app integration."
"hjb-high-ds-v4-s6-140","S6","选择性必修 第二册","计数原理","fill-in","Exam","252","252","pass","none","","","Include in S18 pass-sample review before app integration."
"hjb-high-ds-v4-s6-141","S6","选择性必修 第二册","计数原理","short-answer","Core","6","6","pass","none","","","Include in S18 pass-sample review before app integration."
"hjb-high-ds-v4-s6-142","S6","选择性必修 第二册","计数原理","multiple-choice","Challenge","360","360","pass","none","","","Include in S18 pass-sample review before app integration."
"hjb-high-ds-v4-s6-143","S6","选择性必修 第二册","计数原理","fill-in","Foundation","6","6","pass","none","","","Include in S18 pass-sample review before app integration."
"hjb-high-ds-v4-s6-144","S6","选择性必修 第二册","计数原理","short-answer","Exam","1092","1092","pass","none","","","Include in S18 pass-sample review before app integration."
"hjb-high-ds-v4-s6-145","S6","选择性必修 第二册","计数原理","multiple-choice","Core","10","10","pass","none","","","Include in S18 pass-sample review before app integration."
"hjb-high-ds-v4-s6-146","S6","选择性必修 第二册","计数原理","fill-in","Challenge","1092","1092","pass","none","","","Include in S18 pass-sample review before app integration."
"hjb-high-ds-v4-s6-147","S6","选择性必修 第二册","计数原理","short-answer","Foundation","55","55","pass","none","","","Include in S18 pass-sample review before app integration."
"hjb-high-ds-v4-s6-148","S6","选择性必修 第二册","计数原理","multiple-choice","Exam","168","168","pass","none","","","Include in S18 pass-sample review before app integration."
"hjb-high-ds-v4-s6-149","S6","选择性必修 第二册","计数原理","fill-in","Core","66","66","pass","none","","","Include in S18 pass-sample review before app integration."
"hjb-high-ds-v4-s6-150","S6","选择性必修 第二册","计数原理","short-answer","Challenge","105","105","pass","none","","","Include in S18 pass-sample review before app integration."
"hjb-high-ds-v4-s6-151","S6","选择性必修 第二册","概率初步续","multiple-choice","Foundation","80","80","pass","none","","","Include in S18 pass-sample review before app integration."
"hjb-high-ds-v4-s6-152","S6","选择性必修 第二册","概率初步续","fill-in","Exam","32","32","pass","none","","","Include in S18 pass-sample review before app integration."
"hjb-high-ds-v4-s6-153","S6","选择性必修 第二册","概率初步续","short-answer","Core","54","54","pass","none","","","Include in S18 pass-sample review before app integration."
"hjb-high-ds-v4-s6-154","S6","选择性必修 第二册","概率初步续","multiple-choice","Challenge","127","127","pass","none","","","Include in S18 pass-sample review before app integration."
"hjb-high-ds-v4-s6-155","S6","选择性必修 第二册","概率初步续","fill-in","Foundation","57","57","pass","none","","","Include in S18 pass-sample review before app integration."
"hjb-high-ds-v4-s6-156","S6","选择性必修 第二册","概率初步续","short-answer","Exam","33","33","pass","none","","","Include in S18 pass-sample review before app integration."
"hjb-high-ds-v4-s6-157","S6","选择性必修 第二册","概率初步续","multiple-choice","Core","132","132","pass","none","","","Include in S18 pass-sample review before app integration."
"hjb-high-ds-v4-s6-158","S6","选择性必修 第二册","概率初步续","fill-in","Challenge","31","31","pass","none","","","Include in S18 pass-sample review before app integration."
"hjb-high-ds-v4-s6-159","S6","选择性必修 第二册","概率初步续","short-answer","Foundation","16","16","pass","none","","","Include in S18 pass-sample review before app integration."
"hjb-high-ds-v4-s6-160","S6","选择性必修 第二册","概率初步续","multiple-choice","Exam","70","70","pass","none","","","Include in S18 pass-sample review before app integration."
"hjb-high-ds-v4-s6-161","S6","选择性必修 第二册","概率初步续","fill-in","Core","102","102","pass","none","","","Include in S18 pass-sample review before app integration."
"hjb-high-ds-v4-s6-162","S6","选择性必修 第二册","概率初步续","short-answer","Challenge","99","99","pass","none","","","Include in S18 pass-sample review before app integration."
"hjb-high-ds-v4-s6-163","S6","选择性必修 第二册","概率初步续","multiple-choice","Foundation","42","42","pass","none","","","Include in S18 pass-sample review before app integration."
"hjb-high-ds-v4-s6-164","S6","选择性必修 第二册","概率初步续","fill-in","Exam","76","76","pass","none","","","Include in S18 pass-sample review before app integration."
"hjb-high-ds-v4-s6-165","S6","选择性必修 第二册","概率初步续","short-answer","Core","20","20","pass","none","","","Include in S18 pass-sample review before app integration."
"hjb-high-ds-v4-s6-166","S6","选择性必修 第二册","概率初步续","multiple-choice","Challenge","58","58","pass","none","","","Include in S18 pass-sample review before app integration."
"hjb-high-ds-v4-s6-167","S6","选择性必修 第二册","概率初步续","fill-in","Foundation","112","112","pass","none","","","Include in S18 pass-sample review before app integration."
"hjb-high-ds-v4-s6-168","S6","选择性必修 第二册","概率初步续","short-answer","Exam","79","79","pass","none","","","Include in S18 pass-sample review before app integration."
"hjb-high-ds-v4-s6-169","S6","选择性必修 第二册","概率初步续","multiple-choice","Core","35","35","pass","none","","","Include in S18 pass-sample review before app integration."
"hjb-high-ds-v4-s6-170","S6","选择性必修 第二册","概率初步续","fill-in","Challenge","27","27","pass","none","","","Include in S18 pass-sample review before app integration."
"hjb-high-ds-v4-s6-171","S6","选择性必修 第二册","概率初步续","short-answer","Foundation","140","140","pass","none","","","Include in S18 pass-sample review before app integration."
"hjb-high-ds-v4-s6-172","S6","选择性必修 第二册","概率初步续","multiple-choice","Exam","49","49","pass","none","","","Include in S18 pass-sample review before app integration."
"hjb-high-ds-v4-s6-173","S6","选择性必修 第二册","概率初步续","fill-in","Core","40","40","pass","none","","","Include in S18 pass-sample review before app integration."
"hjb-high-ds-v4-s6-174","S6","选择性必修 第二册","概率初步续","short-answer","Challenge","146","146","pass","none","","","Include in S18 pass-sample review before app integration."
"hjb-high-ds-v4-s6-175","S6","选择性必修 第二册","概率初步续","multiple-choice","Foundation","30","30","pass","none","","","Include in S18 pass-sample review before app integration."
"hjb-high-ds-v4-s6-176","S6","选择性必修 第二册","概率初步续","fill-in","Exam","94","94","pass","none","","","Include in S18 pass-sample review before app integration."
"hjb-high-ds-v4-s6-177","S6","选择性必修 第二册","概率初步续","short-answer","Core","52","52","pass","none","","","Include in S18 pass-sample review before app integration."
"hjb-high-ds-v4-s6-178","S6","选择性必修 第二册","概率初步续","multiple-choice","Challenge","102","102","pass","none","","","Include in S18 pass-sample review before app integration."
"hjb-high-ds-v4-s6-179","S6","选择性必修 第二册","概率初步续","fill-in","Foundation","126","126","pass","none","","","Include in S18 pass-sample review before app integration."
"hjb-high-ds-v4-s6-180","S6","选择性必修 第二册","概率初步续","short-answer","Exam","76","76","pass","none","","","Include in S18 pass-sample review before app integration."
"hjb-high-ds-v4-s6-181","S6","选择性必修 第二册","概率初步续","multiple-choice","Core","14","14","pass","none","","","Include in S18 pass-sample review before app integration."
"hjb-high-ds-v4-s6-182","S6","选择性必修 第二册","概率初步续","fill-in","Challenge","187","187","pass","none","","","Include in S18 pass-sample review before app integration."
"hjb-high-ds-v4-s6-183","S6","选择性必修 第二册","概率初步续","short-answer","Foundation","68","68","pass","none","","","Include in S18 pass-sample review before app integration."
"hjb-high-ds-v4-s6-184","S6","选择性必修 第二册","概率初步续","multiple-choice","Exam","117","117","pass","none","","","Include in S18 pass-sample review before app integration."
"hjb-high-ds-v4-s6-185","S6","选择性必修 第二册","概率初步续","fill-in","Core","60","60","pass","none","","","Include in S18 pass-sample review before app integration."
"hjb-high-ds-v4-s6-186","S6","选择性必修 第二册","概率初步续","short-answer","Challenge","9","9","pass","none","","","Include in S18 pass-sample review before app integration."
"hjb-high-ds-v4-s6-187","S6","选择性必修 第二册","概率初步续","multiple-choice","Foundation","35","35","pass","none","","","Include in S18 pass-sample review before app integration."
"hjb-high-ds-v4-s6-188","S6","选择性必修 第二册","概率初步续","fill-in","Exam","38","38","pass","none","","","Include in S18 pass-sample review before app integration."
"hjb-high-ds-v4-s6-189","S6","选择性必修 第二册","概率初步续","short-answer","Core","70","70","pass","none","","","Include in S18 pass-sample review before app integration."
"hjb-high-ds-v4-s6-190","S6","选择性必修 第二册","概率初步续","multiple-choice","Challenge","175","175","pass","none","","","Include in S18 pass-sample review before app integration."
"hjb-high-ds-v4-s6-191","S6","选择性必修 第二册","概率初步续","fill-in","Foundation","140","140","pass","none","","","Include in S18 pass-sample review before app integration."
"hjb-high-ds-v4-s6-192","S6","选择性必修 第二册","概率初步续","short-answer","Exam","44","44","pass","none","","","Include in S18 pass-sample review before app integration."
"hjb-high-ds-v4-s6-193","S6","选择性必修 第二册","概率初步续","multiple-choice","Core","132","132","pass","none","","","Include in S18 pass-sample review before app integration."
"hjb-high-ds-v4-s6-194","S6","选择性必修 第二册","概率初步续","fill-in","Challenge","33","33","pass","none","","","Include in S18 pass-sample review before app integration."
"hjb-high-ds-v4-s6-195","S6","选择性必修 第二册","概率初步续","short-answer","Foundation","30","30","pass","none","","","Include in S18 pass-sample review before app integration."
"hjb-high-ds-v4-s6-196","S6","选择性必修 第二册","概率初步续","multiple-choice","Exam","85","85","pass","none","","","Include in S18 pass-sample review before app integration."
"hjb-high-ds-v4-s6-197","S6","选择性必修 第二册","概率初步续","fill-in","Core","40","40","pass","none","","","Include in S18 pass-sample review before app integration."
"hjb-high-ds-v4-s6-198","S6","选择性必修 第二册","概率初步续","short-answer","Challenge","145","145","pass","none","","","Include in S18 pass-sample review before app integration."
"hjb-high-ds-v4-s6-199","S6","选择性必修 第二册","概率初步续","multiple-choice","Foundation","132","132","pass","none","","","Include in S18 pass-sample review before app integration."
"hjb-high-ds-v4-s6-200","S6","选择性必修 第二册","概率初步续","fill-in","Exam","21","21","pass","none","","","Include in S18 pass-sample review before app integration."
"hjb-high-ds-v4-s6-201","S6","选择性必修 第二册","概率初步续","short-answer","Core","78","78","pass","none","","","Include in S18 pass-sample review before app integration."
"hjb-high-ds-v4-s6-202","S6","选择性必修 第二册","概率初步续","multiple-choice","Challenge","105","105","pass","none","","","Include in S18 pass-sample review before app integration."
"hjb-high-ds-v4-s6-203","S6","选择性必修 第二册","概率初步续","fill-in","Foundation","78","78","pass","none","","","Include in S18 pass-sample review before app integration."
"hjb-high-ds-v4-s6-204","S6","选择性必修 第二册","概率初步续","short-answer","Core","40","40","pass","none","","","Include in S18 pass-sample review before app integration."
"hjb-high-ds-v4-s6-205","S6","选择性必修 第二册","概率初步续","multiple-choice","Challenge","112","112","pass","none","","","Include in S18 pass-sample review before app integration."
"hjb-high-ds-v4-s6-206","S6","选择性必修 第二册","概率初步续","fill-in","Foundation","33","33","pass","none","","","Include in S18 pass-sample review before app integration."
"hjb-high-ds-v4-s6-207","S6","选择性必修 第二册","概率初步续","short-answer","Core","100","100","pass","none","","","Include in S18 pass-sample review before app integration."
"hjb-high-ds-v4-s6-208","S6","选择性必修 第二册","概率初步续","multiple-choice","Challenge","94","94","pass","none","","","Include in S18 pass-sample review before app integration."
"hjb-high-ds-v4-s6-209","S6","选择性必修 第二册","概率初步续","fill-in","Foundation","171","171","pass","none","","","Include in S18 pass-sample review before app integration."
"hjb-high-ds-v4-s6-210","S6","选择性必修 第二册","概率初步续","short-answer","Core","48","48","pass","none","","","Include in S18 pass-sample review before app integration."
"hjb-high-ds-v4-s6-211","S6","选择性必修 第二册","概率初步续","multiple-choice","Challenge","26","26","pass","none","","","Include in S18 pass-sample review before app integration."
"hjb-high-ds-v4-s6-212","S6","选择性必修 第二册","概率初步续","fill-in","Foundation","200","200","pass","none","","","Include in S18 pass-sample review before app integration."
"hjb-high-ds-v4-s6-213","S6","选择性必修 第二册","概率初步续","short-answer","Core","64","64","pass","none","","","Include in S18 pass-sample review before app integration."
"hjb-high-ds-v4-s6-214","S6","选择性必修 第二册","概率初步续","multiple-choice","Challenge","27","27","pass","none","","","Include in S18 pass-sample review before app integration."
"hjb-high-ds-v4-s6-215","S6","选择性必修 第二册","概率初步续","fill-in","Foundation","70","70","pass","none","","","Include in S18 pass-sample review before app integration."
"hjb-high-ds-v4-s6-216","S6","选择性必修 第二册","概率初步续","short-answer","Core","90","90","pass","none","","","Include in S18 pass-sample review before app integration."
"hjb-high-ds-v4-s6-217","S6","选择性必修 第二册","概率初步续","multiple-choice","Challenge","80","80","pass","none","","","Include in S18 pass-sample review before app integration."
"hjb-high-ds-v4-s6-218","S6","选择性必修 第二册","概率初步续","fill-in","Foundation","12","12","pass","none","","","Include in S18 pass-sample review before app integration."
"hjb-high-ds-v4-s6-219","S6","选择性必修 第二册","概率初步续","short-answer","Core","55","55","pass","none","","","Include in S18 pass-sample review before app integration."
"hjb-high-ds-v4-s6-220","S6","选择性必修 第二册","概率初步续","multiple-choice","Challenge","58","58","pass","none","","","Include in S18 pass-sample review before app integration."
"hjb-high-ds-v4-s6-221","S6","选择性必修 第二册","概率初步续","fill-in","Foundation","152","152","pass","none","","","Include in S18 pass-sample review before app integration."
"hjb-high-ds-v4-s6-222","S6","选择性必修 第二册","概率初步续","short-answer","Core","20","20","pass","none","","","Include in S18 pass-sample review before app integration."
"hjb-high-ds-v4-s6-223","S6","选择性必修 第二册","概率初步续","multiple-choice","Challenge","19","19","pass","none","","","Include in S18 pass-sample review before app integration."
"hjb-high-ds-v4-s6-224","S6","选择性必修 第二册","概率初步续","fill-in","Foundation","140","140","pass","none","","","Include in S18 pass-sample review before app integration."
"hjb-high-ds-v4-s6-225","S6","选择性必修 第二册","概率初步续","short-answer","Core","108","108","pass","none","","","Include in S18 pass-sample review before app integration."
"hjb-high-ds-v4-s6-226","S6","选择性必修 第二册","成对数据的统计分析","multiple-choice","Challenge","29","29","pass","none","","","Include in S18 pass-sample review before app integration."
"hjb-high-ds-v4-s6-227","S6","选择性必修 第二册","成对数据的统计分析","fill-in","Foundation","18","18","pass","none","","","Include in S18 pass-sample review before app integration."
"hjb-high-ds-v4-s6-228","S6","选择性必修 第二册","成对数据的统计分析","short-answer","Core","4","4","pass","none","","","Include in S18 pass-sample review before app integration."
"hjb-high-ds-v4-s6-229","S6","选择性必修 第二册","成对数据的统计分析","multiple-choice","Challenge","23","23","pass","none","","","Include in S18 pass-sample review before app integration."
"hjb-high-ds-v4-s6-230","S6","选择性必修 第二册","成对数据的统计分析","fill-in","Foundation","22","22","pass","none","","","Include in S18 pass-sample review before app integration."
"hjb-high-ds-v4-s6-231","S6","选择性必修 第二册","成对数据的统计分析","short-answer","Core","12","12","pass","none","","","Include in S18 pass-sample review before app integration."
"hjb-high-ds-v4-s6-232","S6","选择性必修 第二册","成对数据的统计分析","multiple-choice","Challenge","22","22","pass","none","","","Include in S18 pass-sample review before app integration."
"hjb-high-ds-v4-s6-233","S6","选择性必修 第二册","成对数据的统计分析","fill-in","Foundation","14","14","pass","none","","","Include in S18 pass-sample review before app integration."
"hjb-high-ds-v4-s6-234","S6","选择性必修 第二册","成对数据的统计分析","short-answer","Core","10","10","pass","none","","","Include in S18 pass-sample review before app integration."
"hjb-high-ds-v4-s6-235","S6","选择性必修 第二册","成对数据的统计分析","multiple-choice","Challenge","20","20","pass","none","","","Include in S18 pass-sample review before app integration."
"hjb-high-ds-v4-s6-236","S6","选择性必修 第二册","成对数据的统计分析","fill-in","Foundation","14","14","pass","none","","","Include in S18 pass-sample review before app integration."
"hjb-high-ds-v4-s6-237","S6","选择性必修 第二册","成对数据的统计分析","short-answer","Core","19","19","pass","none","","","Include in S18 pass-sample review before app integration."
"hjb-high-ds-v4-s6-238","S6","选择性必修 第二册","成对数据的统计分析","multiple-choice","Challenge","15","15","pass","none","","","Include in S18 pass-sample review before app integration."
"hjb-high-ds-v4-s6-239","S6","选择性必修 第二册","成对数据的统计分析","fill-in","Foundation","9","9","pass","none","","","Include in S18 pass-sample review before app integration."
"hjb-high-ds-v4-s6-240","S6","选择性必修 第二册","成对数据的统计分析","short-answer","Core","4","4","pass","none","","","Include in S18 pass-sample review before app integration."
"hjb-high-ds-v4-s6-241","S6","选择性必修 第二册","成对数据的统计分析","multiple-choice","Challenge","28","28","pass","none","","","Include in S18 pass-sample review before app integration."
"hjb-high-ds-v4-s6-242","S6","选择性必修 第二册","成对数据的统计分析","fill-in","Foundation","14","14","pass","none","","","Include in S18 pass-sample review before app integration."
"hjb-high-ds-v4-s6-243","S6","选择性必修 第二册","成对数据的统计分析","short-answer","Core","16","16","pass","none","","","Include in S18 pass-sample review before app integration."
"hjb-high-ds-v4-s6-244","S6","选择性必修 第二册","成对数据的统计分析","multiple-choice","Challenge","29","29","pass","none","","","Include in S18 pass-sample review before app integration."
"hjb-high-ds-v4-s6-245","S6","选择性必修 第二册","成对数据的统计分析","fill-in","Foundation","17","17","pass","none","","","Include in S18 pass-sample review before app integration."
"hjb-high-ds-v4-s6-246","S6","选择性必修 第二册","成对数据的统计分析","short-answer","Core","17","17","pass","none","","","Include in S18 pass-sample review before app integration."
"hjb-high-ds-v4-s6-247","S6","选择性必修 第二册","成对数据的统计分析","multiple-choice","Challenge","20","20","pass","none","","","Include in S18 pass-sample review before app integration."
"hjb-high-ds-v4-s6-248","S6","选择性必修 第二册","成对数据的统计分析","fill-in","Foundation","14","14","pass","none","","","Include in S18 pass-sample review before app integration."
"hjb-high-ds-v4-s6-249","S6","选择性必修 第二册","成对数据的统计分析","short-answer","Core","6","6","pass","none","","","Include in S18 pass-sample review before app integration."
"hjb-high-ds-v4-s6-250","S6","选择性必修 第二册","成对数据的统计分析","multiple-choice","Challenge","21","21","pass","none","","","Include in S18 pass-sample review before app integration."
"hjb-high-ds-v4-s6-251","S6","选择性必修 第二册","成对数据的统计分析","fill-in","Foundation","8","8","pass","none","","","Include in S18 pass-sample review before app integration."
"hjb-high-ds-v4-s6-252","S6","选择性必修 第二册","成对数据的统计分析","short-answer","Core","21","21","pass","none","","","Include in S18 pass-sample review before app integration."
"hjb-high-ds-v4-s6-253","S6","选择性必修 第二册","成对数据的统计分析","multiple-choice","Challenge","20","20","pass","none","","","Include in S18 pass-sample review before app integration."
"hjb-high-ds-v4-s6-254","S6","选择性必修 第二册","成对数据的统计分析","fill-in","Foundation","6","6","pass","none","","","Include in S18 pass-sample review before app integration."
"hjb-high-ds-v4-s6-255","S6","选择性必修 第二册","成对数据的统计分析","short-answer","Core","13","13","pass","none","","","Include in S18 pass-sample review before app integration."
"hjb-high-ds-v4-s6-256","S6","选择性必修 第二册","成对数据的统计分析","multiple-choice","Challenge","24","24","pass","none","","","Include in S18 pass-sample review before app integration."
"hjb-high-ds-v4-s6-257","S6","选择性必修 第二册","成对数据的统计分析","fill-in","Foundation","20","20","pass","none","","","Include in S18 pass-sample review before app integration."
"hjb-high-ds-v4-s6-258","S6","选择性必修 第二册","成对数据的统计分析","short-answer","Core","16","16","pass","none","","","Include in S18 pass-sample review before app integration."
"hjb-high-ds-v4-s6-259","S6","选择性必修 第二册","成对数据的统计分析","multiple-choice","Challenge","15","15","pass","none","","","Include in S18 pass-sample review before app integration."
"hjb-high-ds-v4-s6-260","S6","选择性必修 第二册","成对数据的统计分析","fill-in","Foundation","13","13","pass","none","","","Include in S18 pass-sample review before app integration."
"hjb-high-ds-v4-s6-261","S6","选择性必修 第二册","成对数据的统计分析","short-answer","Core","12","12","pass","none","","","Include in S18 pass-sample review before app integration."
"hjb-high-ds-v4-s6-262","S6","选择性必修 第二册","成对数据的统计分析","multiple-choice","Challenge","30","30","pass","none","","","Include in S18 pass-sample review before app integration."
"hjb-high-ds-v4-s6-263","S6","选择性必修 第二册","成对数据的统计分析","fill-in","Foundation","15","15","pass","none","","","Include in S18 pass-sample review before app integration."
"hjb-high-ds-v4-s6-264","S6","选择性必修 第二册","成对数据的统计分析","short-answer","Core","13","13","pass","none","","","Include in S18 pass-sample review before app integration."
"hjb-high-ds-v4-s6-265","S6","选择性必修 第二册","成对数据的统计分析","multiple-choice","Challenge","14","14","pass","none","","","Include in S18 pass-sample review before app integration."
"hjb-high-ds-v4-s6-266","S6","选择性必修 第二册","成对数据的统计分析","fill-in","Foundation","17","17","pass","none","","","Include in S18 pass-sample review before app integration."
"hjb-high-ds-v4-s6-267","S6","选择性必修 第二册","成对数据的统计分析","short-answer","Core","16","16","pass","none","","","Include in S18 pass-sample review before app integration."
"hjb-high-ds-v4-s6-268","S6","选择性必修 第二册","成对数据的统计分析","multiple-choice","Challenge","31","31","pass","none","","","Include in S18 pass-sample review before app integration."
"hjb-high-ds-v4-s6-269","S6","选择性必修 第二册","成对数据的统计分析","fill-in","Foundation","21","21","pass","none","","","Include in S18 pass-sample review before app integration."
"hjb-high-ds-v4-s6-270","S6","选择性必修 第二册","成对数据的统计分析","short-answer","Core","17","17","pass","none","","","Include in S18 pass-sample review before app integration."
"hjb-high-ds-v4-s6-271","S6","选择性必修 第二册","成对数据的统计分析","multiple-choice","Challenge","20","20","pass","none","","","Include in S18 pass-sample review before app integration."
"hjb-high-ds-v4-s6-272","S6","选择性必修 第二册","成对数据的统计分析","fill-in","Foundation","10","10","pass","none","","","Include in S18 pass-sample review before app integration."
"hjb-high-ds-v4-s6-273","S6","选择性必修 第二册","成对数据的统计分析","short-answer","Core","7","7","pass","none","","","Include in S18 pass-sample review before app integration."
"hjb-high-ds-v4-s6-274","S6","选择性必修 第二册","成对数据的统计分析","multiple-choice","Challenge","11","11","pass","none","","","Include in S18 pass-sample review before app integration."
"hjb-high-ds-v4-s6-275","S6","选择性必修 第二册","成对数据的统计分析","fill-in","Foundation","11","11","pass","none","","","Include in S18 pass-sample review before app integration."
"hjb-high-ds-v4-s6-276","S6","选择性必修 第二册","成对数据的统计分析","short-answer","Core","14","14","pass","none","","","Include in S18 pass-sample review before app integration."
"hjb-high-ds-v4-s6-277","S6","选择性必修 第二册","成对数据的统计分析","multiple-choice","Challenge","21","21","pass","none","","","Include in S18 pass-sample review before app integration."
"hjb-high-ds-v4-s6-278","S6","选择性必修 第二册","成对数据的统计分析","fill-in","Foundation","13","13","pass","none","","","Include in S18 pass-sample review before app integration."
"hjb-high-ds-v4-s6-279","S6","选择性必修 第二册","成对数据的统计分析","short-answer","Core","18","18","pass","none","","","Include in S18 pass-sample review before app integration."
"hjb-high-ds-v4-s6-280","S6","选择性必修 第二册","成对数据的统计分析","multiple-choice","Challenge","21","21","pass","none","","","Include in S18 pass-sample review before app integration."
"hjb-high-ds-v4-s6-281","S6","选择性必修 第二册","成对数据的统计分析","fill-in","Foundation","6","6","pass","none","","","Include in S18 pass-sample review before app integration."
"hjb-high-ds-v4-s6-282","S6","选择性必修 第二册","成对数据的统计分析","short-answer","Core","12","12","pass","none","","","Include in S18 pass-sample review before app integration."
"hjb-high-ds-v4-s6-283","S6","选择性必修 第二册","成对数据的统计分析","multiple-choice","Challenge","18","18","pass","none","","","Include in S18 pass-sample review before app integration."
"hjb-high-ds-v4-s6-284","S6","选择性必修 第二册","成对数据的统计分析","fill-in","Foundation","11","11","pass","none","","","Include in S18 pass-sample review before app integration."
"hjb-high-ds-v4-s6-285","S6","选择性必修 第二册","成对数据的统计分析","short-answer","Core","14","14","pass","none","","","Include in S18 pass-sample review before app integration."
"hjb-high-ds-v4-s6-286","S6","选择性必修 第二册","成对数据的统计分析","multiple-choice","Challenge","28","28","pass","none","","","Include in S18 pass-sample review before app integration."
"hjb-high-ds-v4-s6-287","S6","选择性必修 第二册","成对数据的统计分析","fill-in","Foundation","20","20","pass","none","","","Include in S18 pass-sample review before app integration."
"hjb-high-ds-v4-s6-288","S6","选择性必修 第二册","成对数据的统计分析","short-answer","Core","10","10","pass","none","","","Include in S18 pass-sample review before app integration."
"hjb-high-ds-v4-s6-289","S6","选择性必修 第二册","成对数据的统计分析","multiple-choice","Challenge","30","30","pass","none","","","Include in S18 pass-sample review before app integration."
"hjb-high-ds-v4-s6-290","S6","选择性必修 第二册","成对数据的统计分析","fill-in","Foundation","4","4","pass","none","","","Include in S18 pass-sample review before app integration."
"hjb-high-ds-v4-s6-291","S6","选择性必修 第二册","成对数据的统计分析","short-answer","Core","17","17","pass","none","","","Include in S18 pass-sample review before app integration."
"hjb-high-ds-v4-s6-292","S6","选择性必修 第二册","成对数据的统计分析","multiple-choice","Challenge","24","24","pass","none","","","Include in S18 pass-sample review before app integration."
"hjb-high-ds-v4-s6-293","S6","选择性必修 第二册","成对数据的统计分析","fill-in","Foundation","14","14","pass","none","","","Include in S18 pass-sample review before app integration."
"hjb-high-ds-v4-s6-294","S6","选择性必修 第二册","成对数据的统计分析","short-answer","Core","21","21","pass","none","","","Include in S18 pass-sample review before app integration."
"hjb-high-ds-v4-s6-295","S6","选择性必修 第二册","成对数据的统计分析","multiple-choice","Challenge","23","23","pass","none","","","Include in S18 pass-sample review before app integration."
"hjb-high-ds-v4-s6-296","S6","选择性必修 第二册","成对数据的统计分析","fill-in","Foundation","17","17","pass","none","","","Include in S18 pass-sample review before app integration."
"hjb-high-ds-v4-s6-297","S6","选择性必修 第二册","成对数据的统计分析","short-answer","Core","20","20","pass","none","","","Include in S18 pass-sample review before app integration."
"hjb-high-ds-v4-s6-298","S6","选择性必修 第二册","成对数据的统计分析","multiple-choice","Challenge","28","28","pass","none","","","Include in S18 pass-sample review before app integration."
"hjb-high-ds-v4-s6-299","S6","选择性必修 第二册","成对数据的统计分析","fill-in","Foundation","24","24","pass","none","","","Include in S18 pass-sample review before app integration."
"hjb-high-ds-v4-s6-300","S6","选择性必修 第二册","成对数据的统计分析","short-answer","Core","15","15","pass","none","","","Include in S18 pass-sample review before app integration."
"hjb-high-ds-v4-s6-301","S6","选择性必修 第一册复习","数列","multiple-choice","Challenge","69","69","pass","none","","","Include in S18 pass-sample review before app integration."
"hjb-high-ds-v4-s6-302","S6","选择性必修 第一册复习","数列","fill-in","Foundation","34","34","pass","none","","","Include in S18 pass-sample review before app integration."
"hjb-high-ds-v4-s6-303","S6","选择性必修 第一册复习","数列","short-answer","Core","16","16","pass","none","","","Include in S18 pass-sample review before app integration."
"hjb-high-ds-v4-s6-304","S6","选择性必修 第一册复习","数列","multiple-choice","Challenge","495","495","pass","none","","","Include in S18 pass-sample review before app integration."
"hjb-high-ds-v4-s6-305","S6","选择性必修 第一册复习","数列","fill-in","Foundation","15","15","pass","none","","","Include in S18 pass-sample review before app integration."
"hjb-high-ds-v4-s6-306","S6","选择性必修 第一册复习","数列","short-answer","Core","61","61","pass","none","","","Include in S18 pass-sample review before app integration."
"hjb-high-ds-v4-s6-307","S6","选择性必修 第一册复习","数列","multiple-choice","Challenge","110","110","pass","none","","","Include in S18 pass-sample review before app integration."
"hjb-high-ds-v4-s6-308","S6","选择性必修 第一册复习","数列","fill-in","Foundation","30","30","pass","none","","","Include in S18 pass-sample review before app integration."
"hjb-high-ds-v4-s6-309","S6","选择性必修 第一册复习","数列","short-answer","Core","36","36","pass","none","","","Include in S18 pass-sample review before app integration."
"hjb-high-ds-v4-s6-310","S6","选择性必修 第一册复习","数列","multiple-choice","Challenge","27","27","pass","none","","","Include in S18 pass-sample review before app integration."
"hjb-high-ds-v4-s6-311","S6","选择性必修 第一册复习","数列","fill-in","Foundation","27","27","pass","none","","","Include in S18 pass-sample review before app integration."
"hjb-high-ds-v4-s6-312","S6","选择性必修 第一册复习","数列","short-answer","Core","60","60","pass","none","","","Include in S18 pass-sample review before app integration."
"hjb-high-ds-v4-s6-313","S6","选择性必修 第一册复习","数列","multiple-choice","Challenge","477","477","pass","none","","","Include in S18 pass-sample review before app integration."
"hjb-high-ds-v4-s6-314","S6","选择性必修 第一册复习","数列","fill-in","Foundation","29","29","pass","none","","","Include in S18 pass-sample review before app integration."
"hjb-high-ds-v4-s6-315","S6","选择性必修 第一册复习","数列","short-answer","Core","132","132","pass","none","","","Include in S18 pass-sample review before app integration."
"hjb-high-ds-v4-s6-316","S6","选择性必修 第一册复习","数列","multiple-choice","Challenge","74","74","pass","none","","","Include in S18 pass-sample review before app integration."
"hjb-high-ds-v4-s6-317","S6","选择性必修 第一册复习","数列","fill-in","Foundation","38","38","pass","none","","","Include in S18 pass-sample review before app integration."
"hjb-high-ds-v4-s6-318","S6","选择性必修 第一册复习","数列","short-answer","Core","26","26","pass","none","","","Include in S18 pass-sample review before app integration."
"hjb-high-ds-v4-s6-319","S6","选择性必修 第一册复习","数列","multiple-choice","Challenge","126","126","pass","none","","","Include in S18 pass-sample review before app integration."
"hjb-high-ds-v4-s6-320","S6","选择性必修 第一册复习","数列","fill-in","Foundation","55","55","pass","none","","","Include in S18 pass-sample review before app integration."
"hjb-high-ds-v4-s6-321","S6","选择性必修 第一册复习","数列","short-answer","Core","64","64","pass","none","","","Include in S18 pass-sample review before app integration."
"hjb-high-ds-v4-s6-322","S6","选择性必修 第一册复习","数列","multiple-choice","Challenge","99","99","pass","none","","","Include in S18 pass-sample review before app integration."
"hjb-high-ds-v4-s6-323","S6","选择性必修 第一册复习","数列","fill-in","Foundation","17","17","pass","none","","","Include in S18 pass-sample review before app integration."
"hjb-high-ds-v4-s6-324","S6","选择性必修 第一册复习","数列","short-answer","Core","35","35","pass","none","","","Include in S18 pass-sample review before app integration."
"hjb-high-ds-v4-s6-325","S6","选择性必修 第一册复习","数列","multiple-choice","Challenge","27","27","pass","none","","","Include in S18 pass-sample review before app integration."
"hjb-high-ds-v4-s6-326","S6","选择性必修 第一册复习","平面直角坐标系中的直线","fill-in","Foundation","15","15","pass","none","","","Include in S18 pass-sample review before app integration."
"hjb-high-ds-v4-s6-327","S6","选择性必修 第一册复习","平面直角坐标系中的直线","short-answer","Core","20","20","pass","none","","","Include in S18 pass-sample review before app integration."
"hjb-high-ds-v4-s6-328","S6","选择性必修 第一册复习","平面直角坐标系中的直线","multiple-choice","Challenge","39","39","pass","none","","","Include in S18 pass-sample review before app integration."
"hjb-high-ds-v4-s6-329","S6","选择性必修 第一册复习","平面直角坐标系中的直线","fill-in","Foundation","8","8","pass","none","","","Include in S18 pass-sample review before app integration."
"hjb-high-ds-v4-s6-330","S6","选择性必修 第一册复习","平面直角坐标系中的直线","short-answer","Core","17","17","pass","none","","","Include in S18 pass-sample review before app integration."
"hjb-high-ds-v4-s6-331","S6","选择性必修 第一册复习","平面直角坐标系中的直线","multiple-choice","Challenge","19","19","pass","none","","","Include in S18 pass-sample review before app integration."
"hjb-high-ds-v4-s6-332","S6","选择性必修 第一册复习","平面直角坐标系中的直线","fill-in","Foundation","7","7","pass","none","","","Include in S18 pass-sample review before app integration."
"hjb-high-ds-v4-s6-333","S6","选择性必修 第一册复习","平面直角坐标系中的直线","short-answer","Core","5","5","pass","none","","","Include in S18 pass-sample review before app integration."
"hjb-high-ds-v4-s6-334","S6","选择性必修 第一册复习","平面直角坐标系中的直线","multiple-choice","Challenge","16","16","pass","none","","","Include in S18 pass-sample review before app integration."
"hjb-high-ds-v4-s6-335","S6","选择性必修 第一册复习","平面直角坐标系中的直线","fill-in","Foundation","8","8","pass","none","","","Include in S18 pass-sample review before app integration."
"hjb-high-ds-v4-s6-336","S6","选择性必修 第一册复习","平面直角坐标系中的直线","short-answer","Core","12","12","pass","none","","","Include in S18 pass-sample review before app integration."
"hjb-high-ds-v4-s6-337","S6","选择性必修 第一册复习","平面直角坐标系中的直线","multiple-choice","Challenge","28","28","pass","none","","","Include in S18 pass-sample review before app integration."
"hjb-high-ds-v4-s6-338","S6","选择性必修 第一册复习","平面直角坐标系中的直线","fill-in","Foundation","20","20","pass","none","","","Include in S18 pass-sample review before app integration."
"hjb-high-ds-v4-s6-339","S6","选择性必修 第一册复习","平面直角坐标系中的直线","short-answer","Core","7","7","pass","none","","","Include in S18 pass-sample review before app integration."
"hjb-high-ds-v4-s6-340","S6","选择性必修 第一册复习","平面直角坐标系中的直线","multiple-choice","Challenge","45","45","pass","none","","","Include in S18 pass-sample review before app integration."
"hjb-high-ds-v4-s6-341","S6","选择性必修 第一册复习","平面直角坐标系中的直线","fill-in","Foundation","16","16","pass","none","","","Include in S18 pass-sample review before app integration."
"hjb-high-ds-v4-s6-342","S6","选择性必修 第一册复习","平面直角坐标系中的直线","short-answer","Core","13","13","pass","none","","","Include in S18 pass-sample review before app integration."
"hjb-high-ds-v4-s6-343","S6","选择性必修 第一册复习","平面直角坐标系中的直线","multiple-choice","Challenge","21","21","pass","none","","","Include in S18 pass-sample review before app integration."
"hjb-high-ds-v4-s6-344","S6","选择性必修 第一册复习","平面直角坐标系中的直线","fill-in","Foundation","7","7","pass","none","","","Include in S18 pass-sample review before app integration."
"hjb-high-ds-v4-s6-345","S6","选择性必修 第一册复习","平面直角坐标系中的直线","short-answer","Core","15","15","pass","none","","","Include in S18 pass-sample review before app integration."
"hjb-high-ds-v4-s6-346","S6","选择性必修 第一册复习","平面直角坐标系中的直线","multiple-choice","Challenge","26","26","pass","none","","","Include in S18 pass-sample review before app integration."
"hjb-high-ds-v4-s6-347","S6","选择性必修 第一册复习","平面直角坐标系中的直线","fill-in","Foundation","12","12","pass","none","","","Include in S18 pass-sample review before app integration."
"hjb-high-ds-v4-s6-348","S6","选择性必修 第一册复习","平面直角坐标系中的直线","short-answer","Core","12","12","pass","none","","","Include in S18 pass-sample review before app integration."
"hjb-high-ds-v4-s6-349","S6","选择性必修 第一册复习","平面直角坐标系中的直线","multiple-choice","Challenge","43","43","pass","none","","","Include in S18 pass-sample review before app integration."
"hjb-high-ds-v4-s6-350","S6","选择性必修 第一册复习","平面直角坐标系中的直线","fill-in","Foundation","6","6","pass","none","","","Include in S18 pass-sample review before app integration."
"hjb-high-ds-v4-s6-351","S6","选择性必修 第一册复习","圆锥曲线","short-answer","Core","280","280","pass","none","","","Include in S18 pass-sample review before app integration."
"hjb-high-ds-v4-s6-352","S6","选择性必修 第一册复习","圆锥曲线","multiple-choice","Challenge","768","768","pass","none","","","Include in S18 pass-sample review before app integration."
"hjb-high-ds-v4-s6-353","S6","选择性必修 第一册复习","圆锥曲线","fill-in","Foundation","75","75","pass","none","","","Include in S18 pass-sample review before app integration."
"hjb-high-ds-v4-s6-354","S6","选择性必修 第一册复习","圆锥曲线","short-answer","Core","203","203","pass","none","","","Include in S18 pass-sample review before app integration."
"hjb-high-ds-v4-s6-355","S6","选择性必修 第一册复习","圆锥曲线","multiple-choice","Challenge","1920","1920","pass","none","","","Include in S18 pass-sample review before app integration."
"hjb-high-ds-v4-s6-356","S6","选择性必修 第一册复习","圆锥曲线","fill-in","Foundation","319","319","pass","none","","","Include in S18 pass-sample review before app integration."
"hjb-high-ds-v4-s6-357","S6","选择性必修 第一册复习","圆锥曲线","short-answer","Core","300","300","pass","none","","","Include in S18 pass-sample review before app integration."
"hjb-high-ds-v4-s6-358","S6","选择性必修 第一册复习","圆锥曲线","multiple-choice","Challenge","1520","1520","pass","none","","","Include in S18 pass-sample review before app integration."
"hjb-high-ds-v4-s6-359","S6","选择性必修 第一册复习","圆锥曲线","fill-in","Foundation","133","133","pass","none","","","Include in S18 pass-sample review before app integration."
"hjb-high-ds-v4-s6-360","S6","选择性必修 第一册复习","圆锥曲线","short-answer","Core","180","180","pass","none","","","Include in S18 pass-sample review before app integration."
"hjb-high-ds-v4-s6-361","S6","选择性必修 第一册复习","圆锥曲线","multiple-choice","Challenge","2068","2068","pass","none","","","Include in S18 pass-sample review before app integration."
"hjb-high-ds-v4-s6-362","S6","选择性必修 第一册复习","圆锥曲线","fill-in","Foundation","171","171","pass","none","","","Include in S18 pass-sample review before app integration."
"hjb-high-ds-v4-s6-363","S6","选择性必修 第一册复习","圆锥曲线","short-answer","Core","384","384","pass","none","","","Include in S18 pass-sample review before app integration."
"hjb-high-ds-v4-s6-364","S6","选择性必修 第一册复习","圆锥曲线","multiple-choice","Challenge","1440","1440","pass","none","","","Include in S18 pass-sample review before app integration."
"hjb-high-ds-v4-s6-365","S6","选择性必修 第一册复习","圆锥曲线","fill-in","Foundation","408","408","pass","none","","","Include in S18 pass-sample review before app integration."
"hjb-high-ds-v4-s6-366","S6","选择性必修 第一册复习","圆锥曲线","short-answer","Core","161","161","pass","none","","","Include in S18 pass-sample review before app integration."
"hjb-high-ds-v4-s6-367","S6","选择性必修 第一册复习","圆锥曲线","multiple-choice","Challenge","612","612","pass","none","","","Include in S18 pass-sample review before app integration."
"hjb-high-ds-v4-s6-368","S6","选择性必修 第一册复习","圆锥曲线","fill-in","Foundation","20","20","pass","none","","","Include in S18 pass-sample review before app integration."
"hjb-high-ds-v4-s6-369","S6","选择性必修 第一册复习","圆锥曲线","short-answer","Core","264","264","pass","none","","","Include in S18 pass-sample review before app integration."
"hjb-high-ds-v4-s6-370","S6","选择性必修 第一册复习","圆锥曲线","multiple-choice","Challenge","2112","2112","pass","none","","","Include in S18 pass-sample review before app integration."
"hjb-high-ds-v4-s6-371","S6","选择性必修 第一册复习","圆锥曲线","fill-in","Foundation","304","304","pass","none","","","Include in S18 pass-sample review before app integration."
"hjb-high-ds-v4-s6-372","S6","选择性必修 第一册复习","圆锥曲线","short-answer","Core","48","48","pass","none","","","Include in S18 pass-sample review before app integration."
"hjb-high-ds-v4-s6-373","S6","选择性必修 第一册复习","圆锥曲线","multiple-choice","Challenge","476","476","pass","none","","","Include in S18 pass-sample review before app integration."
"hjb-high-ds-v4-s6-374","S6","选择性必修 第一册复习","圆锥曲线","fill-in","Foundation","297","297","pass","none","","","Include in S18 pass-sample review before app integration."
"hjb-high-ds-v4-s6-375","S6","选择性必修 第一册复习","圆锥曲线","short-answer","Core","60","60","pass","none","","","Include in S18 pass-sample review before app integration."
"hjb-high-ds-v4-s6-376","S6","选择性必修 第一册复习","空间向量及其应用","multiple-choice","Challenge","31","31","pass","none","","","Include in S18 pass-sample review before app integration."
"hjb-high-ds-v4-s6-377","S6","选择性必修 第一册复习","空间向量及其应用","fill-in","Foundation","314","314","pass","none","","","Include in S18 pass-sample review before app integration."
"hjb-high-ds-v4-s6-378","S6","选择性必修 第一册复习","空间向量及其应用","multiple-choice","Core","484","484","pass","none","","","Include in S18 pass-sample review before app integration."
"hjb-high-ds-v4-s6-379","S6","选择性必修 第一册复习","空间向量及其应用","fill-in","Challenge","41","41","pass","none","","","Include in S18 pass-sample review before app integration."
"hjb-high-ds-v4-s6-380","S6","选择性必修 第一册复习","空间向量及其应用","multiple-choice","Foundation","257","257","pass","none","","","Include in S18 pass-sample review before app integration."
"hjb-high-ds-v4-s6-381","S6","选择性必修 第一册复习","空间向量及其应用","fill-in","Core","325","325","pass","none","","","Include in S18 pass-sample review before app integration."
"hjb-high-ds-v4-s6-382","S6","选择性必修 第一册复习","空间向量及其应用","multiple-choice","Challenge","53","53","pass","none","","","Include in S18 pass-sample review before app integration."
"hjb-high-ds-v4-s6-383","S6","选择性必修 第一册复习","空间向量及其应用","fill-in","Foundation","318","318","pass","none","","","Include in S18 pass-sample review before app integration."
"hjb-high-ds-v4-s6-384","S6","选择性必修 第一册复习","空间向量及其应用","multiple-choice","Core","217","217","pass","none","","","Include in S18 pass-sample review before app integration."
"hjb-high-ds-v4-s6-385","S6","选择性必修 第一册复习","空间向量及其应用","fill-in","Challenge","65","65","pass","none","","","Include in S18 pass-sample review before app integration."
"hjb-high-ds-v4-s6-386","S6","选择性必修 第一册复习","空间向量及其应用","multiple-choice","Foundation","402","402","pass","none","","","Include in S18 pass-sample review before app integration."
"hjb-high-ds-v4-s6-387","S6","选择性必修 第一册复习","空间向量及其应用","fill-in","Core","227","227","pass","none","","","Include in S18 pass-sample review before app integration."
"hjb-high-ds-v4-s6-388","S6","选择性必修 第一册复习","空间向量及其应用","multiple-choice","Challenge","39","39","pass","none","","","Include in S18 pass-sample review before app integration."
"hjb-high-ds-v4-s6-389","S6","选择性必修 第一册复习","空间向量及其应用","fill-in","Foundation","405","405","pass","none","","","Include in S18 pass-sample review before app integration."
"hjb-high-ds-v4-s6-390","S6","选择性必修 第一册复习","空间向量及其应用","multiple-choice","Core","350","350","pass","none","","","Include in S18 pass-sample review before app integration."
"hjb-high-ds-v4-s6-391","S6","选择性必修 第一册复习","空间向量及其应用","fill-in","Challenge","33","33","pass","none","","","Include in S18 pass-sample review before app integration."
"hjb-high-ds-v4-s6-392","S6","选择性必修 第一册复习","空间向量及其应用","multiple-choice","Foundation","470","470","pass","none","","","Include in S18 pass-sample review before app integration."
"hjb-high-ds-v4-s6-393","S6","选择性必修 第一册复习","空间向量及其应用","fill-in","Core","461","461","pass","none","","","Include in S18 pass-sample review before app integration."
"hjb-high-ds-v4-s6-394","S6","选择性必修 第一册复习","空间向量及其应用","multiple-choice","Challenge","61","61","pass","none","","","Include in S18 pass-sample review before app integration."
"hjb-high-ds-v4-s6-395","S6","选择性必修 第一册复习","空间向量及其应用","fill-in","Foundation","297","297","pass","none","","","Include in S18 pass-sample review before app integration."
"hjb-high-ds-v4-s6-396","S6","选择性必修 第一册复习","空间向量及其应用","multiple-choice","Core","326","326","pass","none","","","Include in S18 pass-sample review before app integration."
"hjb-high-ds-v4-s6-397","S6","选择性必修 第一册复习","空间向量及其应用","fill-in","Challenge","53","53","pass","none","","","Include in S18 pass-sample review before app integration."
"hjb-high-ds-v4-s6-398","S6","选择性必修 第一册复习","空间向量及其应用","multiple-choice","Foundation","43","43","pass","none","","","Include in S18 pass-sample review before app integration."
"hjb-high-ds-v4-s6-399","S6","选择性必修 第一册复习","空间向量及其应用","fill-in","Core","182","182","pass","none","","","Include in S18 pass-sample review before app integration."
"hjb-high-ds-v4-s6-400","S6","选择性必修 第一册复习","空间向量及其应用","multiple-choice","Challenge","79","79","pass","none","","","Include in S18 pass-sample review before app integration."
"hjb-high-ds-v4-s6-401","S6","跨册综合复习","跨册综合：函数与导数","fill-in","Foundation","89","89","pass","none","","","Include in S18 pass-sample review before app integration."
"hjb-high-ds-v4-s6-402","S6","跨册综合复习","跨册综合：函数与导数","multiple-choice","Core","182","182","pass","none","","","Include in S18 pass-sample review before app integration."
"hjb-high-ds-v4-s6-403","S6","跨册综合复习","跨册综合：函数与导数","fill-in","Challenge","66","66","pass","none","","","Include in S18 pass-sample review before app integration."
"hjb-high-ds-v4-s6-404","S6","跨册综合复习","跨册综合：函数与导数","multiple-choice","Foundation","131","131","pass","none","","","Include in S18 pass-sample review before app integration."
"hjb-high-ds-v4-s6-405","S6","跨册综合复习","跨册综合：函数与导数","fill-in","Core","53","53","pass","none","","","Include in S18 pass-sample review before app integration."
"hjb-high-ds-v4-s6-406","S6","跨册综合复习","跨册综合：函数与导数","multiple-choice","Challenge","295","295","pass","none","","","Include in S18 pass-sample review before app integration."
"hjb-high-ds-v4-s6-407","S6","跨册综合复习","跨册综合：函数与导数","fill-in","Foundation","30","30","pass","none","","","Include in S18 pass-sample review before app integration."
"hjb-high-ds-v4-s6-408","S6","跨册综合复习","跨册综合：函数与导数","multiple-choice","Core","57","57","pass","none","","","Include in S18 pass-sample review before app integration."
"hjb-high-ds-v4-s6-409","S6","跨册综合复习","跨册综合：函数与导数","fill-in","Challenge","47","47","pass","none","","","Include in S18 pass-sample review before app integration."
"hjb-high-ds-v4-s6-410","S6","跨册综合复习","跨册综合：函数与导数","multiple-choice","Foundation","97","97","pass","none","","","Include in S18 pass-sample review before app integration."
"hjb-high-ds-v4-s6-411","S6","跨册综合复习","跨册综合：函数与导数","fill-in","Core","66","66","pass","none","","","Include in S18 pass-sample review before app integration."
"hjb-high-ds-v4-s6-412","S6","跨册综合复习","跨册综合：函数与导数","multiple-choice","Challenge","83","83","pass","none","","","Include in S18 pass-sample review before app integration."
"hjb-high-ds-v4-s6-413","S6","跨册综合复习","跨册综合：函数与导数","fill-in","Foundation","47","47","pass","none","","","Include in S18 pass-sample review before app integration."
"hjb-high-ds-v4-s6-414","S6","跨册综合复习","跨册综合：函数与导数","multiple-choice","Core","170","170","pass","none","","","Include in S18 pass-sample review before app integration."
"hjb-high-ds-v4-s6-415","S6","跨册综合复习","跨册综合：函数与导数","fill-in","Challenge","105","105","pass","none","","","Include in S18 pass-sample review before app integration."
"hjb-high-ds-v4-s6-416","S6","跨册综合复习","跨册综合：函数与导数","multiple-choice","Foundation","50","50","pass","none","","","Include in S18 pass-sample review before app integration."
"hjb-high-ds-v4-s6-417","S6","跨册综合复习","跨册综合：函数与导数","fill-in","Core","247","247","pass","none","","","Include in S18 pass-sample review before app integration."
"hjb-high-ds-v4-s6-418","S6","跨册综合复习","跨册综合：函数与导数","multiple-choice","Challenge","60","60","pass","none","","","Include in S18 pass-sample review before app integration."
"hjb-high-ds-v4-s6-419","S6","跨册综合复习","跨册综合：函数与导数","fill-in","Foundation","35","35","pass","none","","","Include in S18 pass-sample review before app integration."
"hjb-high-ds-v4-s6-420","S6","跨册综合复习","跨册综合：函数与导数","multiple-choice","Core","38","38","pass","none","","","Include in S18 pass-sample review before app integration."
"hjb-high-ds-v4-s6-421","S6","跨册综合复习","跨册综合：三角向量解析几何","fill-in","Challenge","91","91","pass","none","","","Include in S18 pass-sample review before app integration."
"hjb-high-ds-v4-s6-422","S6","跨册综合复习","跨册综合：三角向量解析几何","multiple-choice","Foundation","99√3/4","99√3/4","pass","none","","","Include in S18 pass-sample review before app integration."
"hjb-high-ds-v4-s6-423","S6","跨册综合复习","跨册综合：三角向量解析几何","fill-in","Core","33√3","33√3","pass","none","","","Include in S18 pass-sample review before app integration."
"hjb-high-ds-v4-s6-424","S6","跨册综合复习","跨册综合：三角向量解析几何","multiple-choice","Challenge","52","52","pass","none","","","Include in S18 pass-sample review before app integration."
"hjb-high-ds-v4-s6-425","S6","跨册综合复习","跨册综合：三角向量解析几何","fill-in","Foundation","36√3","36√3","pass","none","","","Include in S18 pass-sample review before app integration."
"hjb-high-ds-v4-s6-426","S6","跨册综合复习","跨册综合：三角向量解析几何","multiple-choice","Core","12√3","12√3","pass","none","","","Include in S18 pass-sample review before app integration."
"hjb-high-ds-v4-s6-427","S6","跨册综合复习","跨册综合：三角向量解析几何","fill-in","Core","18√3","18√3","pass","none","","","Include in S18 pass-sample review before app integration."
"hjb-high-ds-v4-s6-428","S6","跨册综合复习","跨册综合：三角向量解析几何","multiple-choice","Core","25√3","25√3","pass","none","","","Include in S18 pass-sample review before app integration."
"hjb-high-ds-v4-s6-429","S6","跨册综合复习","跨册综合：三角向量解析几何","fill-in","Core","25√3/2","25√3/2","pass","none","","","Include in S18 pass-sample review before app integration."
"hjb-high-ds-v4-s6-430","S6","跨册综合复习","跨册综合：三角向量解析几何","multiple-choice","Core","44√3","44√3","pass","none","","","Include in S18 pass-sample review before app integration."
"hjb-high-ds-v4-s6-431","S6","跨册综合复习","跨册综合：三角向量解析几何","fill-in","Core","7√3","7√3","pass","none","","","Include in S18 pass-sample review before app integration."
"hjb-high-ds-v4-s6-432","S6","跨册综合复习","跨册综合：三角向量解析几何","multiple-choice","Core","45√3","45√3","pass","none","","","Include in S18 pass-sample review before app integration."
"hjb-high-ds-v4-s6-433","S6","跨册综合复习","跨册综合：三角向量解析几何","fill-in","Core","32√3","32√3","pass","none","","","Include in S18 pass-sample review before app integration."
"hjb-high-ds-v4-s6-434","S6","跨册综合复习","跨册综合：三角向量解析几何","multiple-choice","Core","187√3/4","187√3/4","pass","none","","","Include in S18 pass-sample review before app integration."
"hjb-high-ds-v4-s6-435","S6","跨册综合复习","跨册综合：三角向量解析几何","fill-in","Core","9√3/2","9√3/2","pass","none","","","Include in S18 pass-sample review before app integration."
"hjb-high-ds-v4-s6-436","S6","跨册综合复习","跨册综合：三角向量解析几何","multiple-choice","Core","36√3","36√3","pass","none","","","Include in S18 pass-sample review before app integration."
"hjb-high-ds-v4-s6-437","S6","跨册综合复习","跨册综合：三角向量解析几何","fill-in","Core","25√3","25√3","pass","none","","","Include in S18 pass-sample review before app integration."
"hjb-high-ds-v4-s6-438","S6","跨册综合复习","跨册综合：三角向量解析几何","multiple-choice","Core","75√3/4","75√3/4","pass","none","","","Include in S18 pass-sample review before app integration."
"hjb-high-ds-v4-s6-439","S6","跨册综合复习","跨册综合：三角向量解析几何","fill-in","Core","63√3/4","63√3/4","pass","none","","","Include in S18 pass-sample review before app integration."
"hjb-high-ds-v4-s6-440","S6","跨册综合复习","跨册综合：三角向量解析几何","multiple-choice","Core","11√3/2","11√3/2","pass","none","","","Include in S18 pass-sample review before app integration."
"hjb-high-ds-v4-s6-441","S6","跨册综合复习","跨册综合：立体几何与空间向量","fill-in","Core","108","108","pass","none","","","Include in S18 pass-sample review before app integration."
"hjb-high-ds-v4-s6-442","S6","跨册综合复习","跨册综合：立体几何与空间向量","multiple-choice","Core","120","120","pass","none","","","Include in S18 pass-sample review before app integration."
"hjb-high-ds-v4-s6-443","S6","跨册综合复习","跨册综合：立体几何与空间向量","fill-in","Core","108","108","pass","none","","","Include in S18 pass-sample review before app integration."
"hjb-high-ds-v4-s6-444","S6","跨册综合复习","跨册综合：立体几何与空间向量","multiple-choice","Core","18","18","pass","none","","","Include in S18 pass-sample review before app integration."
"hjb-high-ds-v4-s6-445","S6","跨册综合复习","跨册综合：立体几何与空间向量","fill-in","Core","48","48","pass","none","","","Include in S18 pass-sample review before app integration."
"hjb-high-ds-v4-s6-446","S6","跨册综合复习","跨册综合：立体几何与空间向量","multiple-choice","Core","40","40","pass","none","","","Include in S18 pass-sample review before app integration."
"hjb-high-ds-v4-s6-447","S6","跨册综合复习","跨册综合：立体几何与空间向量","fill-in","Core","36","36","pass","none","","","Include in S18 pass-sample review before app integration."
"hjb-high-ds-v4-s6-448","S6","跨册综合复习","跨册综合：立体几何与空间向量","multiple-choice","Core","20","20","pass","none","","","Include in S18 pass-sample review before app integration."
"hjb-high-ds-v4-s6-449","S6","跨册综合复习","跨册综合：立体几何与空间向量","fill-in","Core","32","32","pass","none","","","Include in S18 pass-sample review before app integration."
"hjb-high-ds-v4-s6-450","S6","跨册综合复习","跨册综合：立体几何与空间向量","multiple-choice","Core","30","30","pass","none","","","Include in S18 pass-sample review before app integration."
"hjb-high-ds-v4-s6-451","S6","跨册综合复习","跨册综合：立体几何与空间向量","fill-in","Core","21","21","pass","none","","","Include in S18 pass-sample review before app integration."
"hjb-high-ds-v4-s6-452","S6","跨册综合复习","跨册综合：立体几何与空间向量","multiple-choice","Core","165","165","pass","none","","","Include in S18 pass-sample review before app integration."
"hjb-high-ds-v4-s6-453","S6","跨册综合复习","跨册综合：立体几何与空间向量","fill-in","Core","99","99","pass","none","","","Include in S18 pass-sample review before app integration."
"hjb-high-ds-v4-s6-454","S6","跨册综合复习","跨册综合：立体几何与空间向量","multiple-choice","Core","99","99","pass","none","","","Include in S18 pass-sample review before app integration."
"hjb-high-ds-v4-s6-455","S6","跨册综合复习","跨册综合：立体几何与空间向量","fill-in","Core","56","56","pass","none","","","Include in S18 pass-sample review before app integration."
"hjb-high-ds-v4-s6-456","S6","跨册综合复习","跨册综合：立体几何与空间向量","multiple-choice","Core","132","132","pass","none","","","Include in S18 pass-sample review before app integration."
"hjb-high-ds-v4-s6-457","S6","跨册综合复习","跨册综合：立体几何与空间向量","fill-in","Core","42","42","pass","none","","","Include in S18 pass-sample review before app integration."
"hjb-high-ds-v4-s6-458","S6","跨册综合复习","跨册综合：立体几何与空间向量","multiple-choice","Core","152","152","pass","none","","","Include in S18 pass-sample review before app integration."
"hjb-high-ds-v4-s6-459","S6","跨册综合复习","跨册综合：立体几何与空间向量","fill-in","Core","18","18","pass","none","","","Include in S18 pass-sample review before app integration."
"hjb-high-ds-v4-s6-460","S6","跨册综合复习","跨册综合：立体几何与空间向量","multiple-choice","Core","187","187","pass","none","","","Include in S18 pass-sample review before app integration."
"hjb-high-ds-v4-s6-461","S6","跨册综合复习","跨册综合：概率统计","fill-in","Core","1/4","1/4 | 6/24","pass","none","","","Include in S18 pass-sample review before app integration."
"hjb-high-ds-v4-s6-462","S6","跨册综合复习","跨册综合：概率统计","multiple-choice","Core","1/4","1/4 | 5/20","pass","none","","","Include in S18 pass-sample review before app integration."
"hjb-high-ds-v4-s6-463","S6","跨册综合复习","跨册综合：概率统计","fill-in","Core","4/13","4/13","pass","none","","","Include in S18 pass-sample review before app integration."
"hjb-high-ds-v4-s6-464","S6","跨册综合复习","跨册综合：概率统计","multiple-choice","Core","1/2","1/2 | 8/16","pass","none","","","Include in S18 pass-sample review before app integration."
"hjb-high-ds-v4-s6-465","S6","跨册综合复习","跨册综合：概率统计","fill-in","Core","7/26","7/26","pass","none","","","Include in S18 pass-sample review before app integration."
"hjb-high-ds-v4-s6-466","S6","跨册综合复习","跨册综合：概率统计","multiple-choice","Core","1/3","1/3 | 6/18","pass","none","","","Include in S18 pass-sample review before app integration."
"hjb-high-ds-v4-s6-467","S6","跨册综合复习","跨册综合：概率统计","fill-in","Core","8/21","8/21","pass","none","","","Include in S18 pass-sample review before app integration."
"hjb-high-ds-v4-s6-468","S6","跨册综合复习","跨册综合：概率统计","multiple-choice","Core","11/24","11/24","pass","none","","","Include in S18 pass-sample review before app integration."
"hjb-high-ds-v4-s6-469","S6","跨册综合复习","跨册综合：概率统计","fill-in","Core","3/8","3/8 | 9/24","pass","none","","","Include in S18 pass-sample review before app integration."
"hjb-high-ds-v4-s6-470","S6","跨册综合复习","跨册综合：概率统计","multiple-choice","Core","9/23","9/23","pass","none","","","Include in S18 pass-sample review before app integration."
"hjb-high-ds-v4-s6-471","S6","跨册综合复习","跨册综合：概率统计","fill-in","Core","3/13","3/13","pass","none","","","Include in S18 pass-sample review before app integration."
"hjb-high-ds-v4-s6-472","S6","跨册综合复习","跨册综合：概率统计","multiple-choice","Core","9/25","9/25","pass","none","","","Include in S18 pass-sample review before app integration."
"hjb-high-ds-v4-s6-473","S6","跨册综合复习","跨册综合：概率统计","fill-in","Core","6/13","6/13 | 12/26","pass","none","","","Include in S18 pass-sample review before app integration."
"hjb-high-ds-v4-s6-474","S6","跨册综合复习","跨册综合：概率统计","multiple-choice","Core","3/10","3/10","pass","none","","","Include in S18 pass-sample review before app integration."
"hjb-high-ds-v4-s6-475","S6","跨册综合复习","跨册综合：概率统计","fill-in","Core","3/11","3/11","pass","none","","","Include in S18 pass-sample review before app integration."
"hjb-high-ds-v4-s6-476","S6","跨册综合复习","跨册综合：概率统计","multiple-choice","Core","6/13","6/13 | 12/26","pass","none","","","Include in S18 pass-sample review before app integration."
"hjb-high-ds-v4-s6-477","S6","跨册综合复习","跨册综合：概率统计","multiple-choice","Core","2/21","2/21","pass","none","","","Include in S18 pass-sample review before app integration."
"hjb-high-ds-v4-s6-478","S6","跨册综合复习","跨册综合：概率统计","multiple-choice","Core","5/14","5/14 | 10/28","pass","none","","","Include in S18 pass-sample review before app integration."
"hjb-high-ds-v4-s6-479","S6","跨册综合复习","跨册综合：概率统计","multiple-choice","Core","1/3","1/3 | 3/9","pass","none","","","Include in S18 pass-sample review before app integration."
"hjb-high-ds-v4-s6-480","S6","跨册综合复习","跨册综合：概率统计","multiple-choice","Core","4/7","4/7 | 8/14","pass","none","","","Include in S18 pass-sample review before app integration."
"hjb-high-ds-v4-s6-481","S6","跨册综合复习","跨册综合：数列与计数","multiple-choice","Core","75","75","pass","none","","","Include in S18 pass-sample review before app integration."
"hjb-high-ds-v4-s6-482","S6","跨册综合复习","跨册综合：数列与计数","multiple-choice","Core","40","40","pass","none","","","Include in S18 pass-sample review before app integration."
"hjb-high-ds-v4-s6-483","S6","跨册综合复习","跨册综合：数列与计数","multiple-choice","Core","123","123","pass","none","","","Include in S18 pass-sample review before app integration."
"hjb-high-ds-v4-s6-484","S6","跨册综合复习","跨册综合：数列与计数","multiple-choice","Core","50","50","pass","none","","","Include in S18 pass-sample review before app integration."
"hjb-high-ds-v4-s6-485","S6","跨册综合复习","跨册综合：数列与计数","multiple-choice","Core","103","103","pass","none","","","Include in S18 pass-sample review before app integration."
"hjb-high-ds-v4-s6-486","S6","跨册综合复习","跨册综合：数列与计数","multiple-choice","Core","64","64","pass","none","","","Include in S18 pass-sample review before app integration."
"hjb-high-ds-v4-s6-487","S6","跨册综合复习","跨册综合：数列与计数","multiple-choice","Core","49","49","pass","none","","","Include in S18 pass-sample review before app integration."
"hjb-high-ds-v4-s6-488","S6","跨册综合复习","跨册综合：数列与计数","multiple-choice","Core","62","62","pass","none","","","Include in S18 pass-sample review before app integration."
"hjb-high-ds-v4-s6-489","S6","跨册综合复习","跨册综合：数列与计数","multiple-choice","Core","42","42","pass","none","","","Include in S18 pass-sample review before app integration."
"hjb-high-ds-v4-s6-490","S6","跨册综合复习","跨册综合：数列与计数","multiple-choice","Core","36","36","pass","none","","","Include in S18 pass-sample review before app integration."
"hjb-high-ds-v4-s6-491","S6","跨册综合复习","跨册综合：数列与计数","multiple-choice","Core","51","51","pass","none","","","Include in S18 pass-sample review before app integration."
"hjb-high-ds-v4-s6-492","S6","跨册综合复习","跨册综合：数列与计数","multiple-choice","Core","89","89","pass","none","","","Include in S18 pass-sample review before app integration."
"hjb-high-ds-v4-s6-493","S6","跨册综合复习","跨册综合：数列与计数","multiple-choice","Core","67","67","pass","none","","","Include in S18 pass-sample review before app integration."
"hjb-high-ds-v4-s6-494","S6","跨册综合复习","跨册综合：数列与计数","multiple-choice","Core","14","14","pass","none","","","Include in S18 pass-sample review before app integration."
"hjb-high-ds-v4-s6-495","S6","跨册综合复习","跨册综合：数列与计数","multiple-choice","Core","86","86","pass","none","","","Include in S18 pass-sample review before app integration."
"hjb-high-ds-v4-s6-496","S6","跨册综合复习","跨册综合：数列与计数","multiple-choice","Core","33","33","pass","none","","","Include in S18 pass-sample review before app integration."
"hjb-high-ds-v4-s6-497","S6","跨册综合复习","跨册综合：数列与计数","multiple-choice","Core","33","33","pass","none","","","Include in S18 pass-sample review before app integration."
"hjb-high-ds-v4-s6-498","S6","跨册综合复习","跨册综合：数列与计数","multiple-choice","Core","29","29","pass","none","","","Include in S18 pass-sample review before app integration."
"hjb-high-ds-v4-s6-499","S6","跨册综合复习","跨册综合：数列与计数","multiple-choice","Core","25","25","pass","none","","","Include in S18 pass-sample review before app integration."
"hjb-high-ds-v4-s6-500","S6","跨册综合复习","跨册综合：数列与计数","multiple-choice","Core","92","92","pass","none","","","Include in S18 pass-sample review before app integration."
