id,grade,semester,type,difficulty,topicId,topicTitleZhHans,volume,chapter,status,severity,confidence,sourceStage,solvableStatus,ragFitStatus,answerMatchStatus,explanationMatchStatus,mcUniquenessStatus,independentAnswer,correctedAnswer,issueTags,qaOutputConcernTags,rationaleZhHans,answer,acceptedAnswers,stageASolvableStatus,stageASeverity,stageAIndependentAnswer,stageBAnswerMatchStatus,stageBExplanationMatchStatus,stageBMcUniquenessStatus,stageBCorrectedAnswer,stageCSeverity,promptZhHans
bnu-high-ds-v1-s4-001,S4,upper,multiple-choice,Core,bnu-high-s4-预备知识,预备知识,必修 第一册,预备知识,pass,none,high,stage-b,pass,pass,pass,pass,pass,"(2, 3)",,,,"存储答案(2,3)与独立解一致，解析正确，选项唯一。","(2, 3)","(2, 3)",pass,none,"(2, 3)",pass,pass,pass,,,已知集合 A = {x | x² - 5x + 6 < 0}，B = {x | 2x - 1 > 3}，则 A ∩ B 等于（ ）
bnu-high-ds-v1-s4-002,S4,upper,short-answer,Foundation,bnu-high-s4-预备知识,预备知识,必修 第一册,预备知识,pass,none,high,stage-b,pass,pass,pass,pass,not_applicable,"(2, 3]",,,,"存储答案(2,3]与独立解一致，解析正确。","(2, 3]","(2, 3]",pass,none,"(2, 3]",pass,pass,not_applicable,,,"用区间表示不等式组 { 2x - 1 ≤ 5, 3x + 2 > 8 } 的解集。"
bnu-high-ds-v1-s4-003,S4,upper,fill-in,Exam,bnu-high-s4-预备知识,预备知识,必修 第一册,预备知识,pass,none,high,stage-b,pass,pass,pass,pass,not_applicable,R,,,,"存储答案(-∞,+∞)或全体实数与独立解R一致，解析正确。","(-∞, +∞) 或 全体实数","(-∞, +∞) 或 全体实数 | (-∞, +∞) | 全体实数 | R",pass,none,R,pass,pass,not_applicable,,,若关于x的方程 x² - 2mx + m² - 1 = 0 有两个不相等的实数根，则实数m的取值范围是______。
bnu-high-ds-v1-s4-004,S4,upper,multiple-choice,Challenge,bnu-high-s4-预备知识,预备知识,必修 第一册,预备知识,fail,blocker,high,stage-c,pass,pass,fail,fail,pass,充分不必要条件,充分不必要条件,math_error|answer_mismatch|explanation_contradiction,,"题目可解，p的解集为[1,3]，q的解集为[2,3]，p是q的真子集，故p⇒q但q⇏p，p是q的充分不必要条件。存储答案“充要条件”错误，解析虽指出p不是q的子集、q是p的子集，却错误推断为必要不充分，且与存储答案矛盾。正确选项为“充分不必要条件”。",充要条件,充要条件,pass,none,充分不必要条件,fail,fail,pass,必要不充分条件,blocker,已知条件p：|x - 2| ≤ 1，条件q：x² - 5x + 6 ≤ 0，则p是q的（ ）
bnu-high-ds-v1-s4-005,S4,upper,short-answer,Core,bnu-high-s4-预备知识,预备知识,必修 第一册,预备知识,pass,none,high,stage-b,pass,pass,pass,pass,not_applicable,9,,,,存储答案9与独立解一致，解析正确。,9,9,pass,none,9,pass,pass,not_applicable,,,已知a > 0，b > 0，且a + b = 1，求 1/a + 4/b 的最小值。
bnu-high-ds-v1-s4-006,S4,upper,fill-in,Foundation,bnu-high-s4-预备知识,预备知识,必修 第一册,预备知识,pass,none,high,stage-b,pass,pass,pass,pass,not_applicable,"{1, 2}",,,,"存储答案{1,2}与独立解一致，解析正确。","{1, 2}","{1, 2} | {2, 1}",pass,none,"{1, 2}",pass,pass,not_applicable,,,已知集合A={x | x² - 3x + 2 = 0}，用列举法表示集合A。
bnu-high-ds-v1-s4-007,S4,upper,multiple-choice,Exam,bnu-high-s4-预备知识,预备知识,必修 第一册,预备知识,pass,none,high,stage-c,pass,pass,pass,pass,pass,"[1, 3]",,,,"题目可解，解集正确，补集为[1,3]，选项唯一，解析一致，无任何问题。","[1, 3]","[1, 3]",pass,none,"[1, 3]",pass,pass,pass,,none,已知全集U=R，集合A={x | x² - 4x + 3 > 0}，则∁ᵤA等于（ ）
bnu-high-ds-v1-s4-008,S4,upper,short-answer,Challenge,bnu-high-s4-预备知识,预备知识,必修 第一册,预备知识,pass,none,high,stage-b,pass,pass,pass,pass,not_applicable,"[-1/2, 2]",,,,"存储答案[-1/2,2]与独立解一致，解析正确。","[-1/2, 2]","[-1/2, 2] | [-0.5, 2]",pass,none,"[-1/2, 2]",pass,pass,not_applicable,,,"已知函数f(x)的定义域为[-2, 3]，求函数g(x)=f(2x-1)+√(x+1)的定义域。"
bnu-high-ds-v1-s4-009,S4,upper,fill-in,Core,bnu-high-s4-预备知识,预备知识,必修 第一册,预备知识,fail,blocker,high,stage-c,pass,pass,fail,fail,not_applicable,"(-∞, +∞)","(-∞, +∞)",math_error|answer_mismatch|explanation_contradiction,self_correction_language|overlong_rationale,"不等式 2^{x²-3x} > 1/8 等价于 x²-3x > -3，即 x²-3x+3 > 0，判别式 Δ = -3 < 0，恒成立，解集为 R，区间表示为 (-∞, +∞)。存储答案 (-∞, 1) ∪ (2, +∞) 错误，解析虽正确推导出 R 但与答案矛盾，属于严重数学错误。","(-∞, 1) ∪ (2, +∞)","(-∞, 1) ∪ (2, +∞) | (-∞,1)∪(2,+∞)",pass,none,"(-∞, -1) ∪ (4, +∞)",fail,fail,not_applicable,"(-∞, +∞)",blocker,不等式 2^{x² - 3x} > 1/8 的解集用区间表示为______。
bnu-high-ds-v1-s4-010,S4,upper,multiple-choice,Foundation,bnu-high-s4-预备知识,预备知识,必修 第一册,预备知识,pass,none,high,stage-b,pass,pass,pass,pass,pass,充要条件,,,,存储答案“充要条件”与 Stage A 独立解一致，解析正确，选项唯一。,充要条件,充要条件,pass,none,充要条件,pass,pass,pass,,,"已知a, b ∈ R，则“a > b”是“a³ > b³”的（ ）"
bnu-high-ds-v1-s4-011,S4,upper,short-answer,Exam,bnu-high-s4-预备知识,预备知识,必修 第一册,预备知识,pass,none,high,stage-b,pass,pass,pass,pass,not_applicable,"(3, +∞)",,,,"存储答案 (3, +∞) 与 Stage A 独立解一致，解析正确。","(3, +∞)","(3, +∞)",pass,none,"(3, +∞)",pass,pass,not_applicable,,,已知集合 A = {x | x² - 5x + 6 ≤ 0}，B = {x | 2x - 1 > 3}，全集 U = R。求 (∁_U A) ∩ B，并用区间表示。
bnu-high-ds-v1-s4-012,S4,upper,fill-in,Challenge,bnu-high-s4-预备知识,预备知识,必修 第一册,预备知识,fail,blocker,high,stage-c,fail,pass,fail,fail,not_applicable,无解（条件矛盾）,无解（条件矛盾）,math_error|explanation_contradiction|unsolvable,overlong_rationale,"命题 p：|x-a|<1 ⇒ a-1<x<a+1；命题 q：x²-3x+2<0 ⇒ 1<x<2。若 p 是 q 的充分不必要条件，则 p⇒q 且 q⇏p，即 (a-1, a+1) 是 (1,2) 的真子集。需满足 a-1≥1 且 a+1≤2，且等号不能同时成立，解得 a≥2 且 a≤1，矛盾，无解。存储答案 [2,3] 错误，解析推导与答案矛盾，题目条件导致无解，属于数学错误。","[2, 3]","[2, 3]",pass,none,"[2, 3]",fail,fail,not_applicable,无解（条件矛盾）,blocker,设命题 p：|x - 2| < 1，命题 q：x² - 3x + 2 < 0。若 p 是 q 的充分不必要条件，则实数 a 的取值范围是______。（注：原题中 a 未出现，此处改为：设命题 p：|x - a| < 1，命题 q：x² - 3x + 2 < 0。若 p 是 q 的充分不必要条件，则实数 a 的取值范围是______。）
bnu-high-ds-v1-s4-013,S4,upper,multiple-choice,Core,bnu-high-s4-预备知识,预备知识,必修 第一册,预备知识,pass,none,high,stage-b,pass,pass,pass,pass,pass,M = N,,,,存储答案 M = N 与 Stage A 独立解一致，解析正确，选项唯一。,M = N,M = N,pass,none,M = N,pass,pass,pass,,,"已知集合 M = {x | x = 2k + 1, k ∈ Z}，N = {x | x = 4k ± 1, k ∈ Z}，则 M 与 N 的关系是（ ）"
bnu-high-ds-v1-s4-014,S4,upper,short-answer,Foundation,bnu-high-s4-预备知识,预备知识,必修 第一册,预备知识,fail,blocker,high,stage-c,pass,pass,fail,fail,not_applicable,"[-2, 2]","[-2, 2]",math_error|answer_mismatch|explanation_contradiction,,"不等式组解集应为 [-2, 2]，存储答案 [-2, 4) 错误，解析虽指出正确解集但与答案矛盾，构成严重错误。","[-2, 4)","[-2, 4)",pass,none,"[-2, 4)",fail,fail,not_applicable,"[-2, 2]",blocker,"解不等式组：{ 2x - 1 < x + 3,  x² - 4 ≤ 0 }，并将解集用区间表示。"
bnu-high-ds-v1-s4-015,S4,upper,fill-in,Exam,bnu-high-s4-预备知识,预备知识,必修 第一册,预备知识,pass,none,high,stage-b,pass,pass,pass,pass,not_applicable,9/4,,,,存储答案 9/4 与 Stage A 独立解一致，解析正确。,9/4,9/4,pass,none,9/4,pass,pass,not_applicable,,,"已知 a > 0, b > 0，且 a + b = 4，则 (1/a) + (4/b) 的最小值为______。"
bnu-high-ds-v1-s4-016,S4,upper,multiple-choice,Challenge,bnu-high-s4-预备知识,预备知识,必修 第一册,预备知识,pass,none,high,stage-b,pass,pass,pass,pass,pass,必要不充分条件,,,,存储答案“必要不充分条件”与 Stage A 独立解一致，解析正确，选项唯一。,必要不充分条件,必要不充分条件,pass,none,必要不充分条件,pass,pass,pass,,,设 x ∈ R，则“x² - 3x + 2 > 0”是“x > 2”的（ ）
bnu-high-ds-v1-s4-017,S4,upper,short-answer,Core,bnu-high-s4-预备知识,预备知识,必修 第一册,预备知识,pass,none,high,stage-b,pass,pass,pass,pass,not_applicable,"(2, 3]",,,overlong_rationale,"存储答案与独立解一致，均为(-∞,-1]∪[3,4)，解析正确。","(-∞, -1] ∪ [3, 4)","(-∞, -1] ∪ [3, 4)",pass,none,"(2, 3]",pass,pass,not_applicable,,,已知函数 f(x) = √(x² - 2x - 3) 的定义域为 A，g(x) = ln(4 - x) 的定义域为 B。求 A ∩ B，并用区间表示。
bnu-high-ds-v1-s4-018,S4,upper,fill-in,Foundation,bnu-high-s4-预备知识,预备知识,必修 第一册,预备知识,pass,none,high,stage-b,pass,pass,pass,pass,not_applicable,"(-∞, 1/2) ∪ (1, +∞)",,,,"存储答案与独立解一致，均为(-∞,1/2)∪(1,+∞)，解析正确。","(-∞, 1/2) ∪ (1, +∞)","(-∞, 1/2) ∪ (1, +∞)",pass,none,"(-∞, 1/2) ∪ (1, +∞)",pass,pass,not_applicable,,,若关于 x 的不等式 ax² + bx + c > 0 的解集为 {x | 1 < x < 2}，则不等式 cx² + bx + a < 0 的解集为______。
bnu-high-ds-v1-s4-019,S4,upper,multiple-choice,Exam,bnu-high-s4-预备知识,预备知识,必修 第一册,预备知识,fail,blocker,high,stage-c,fail,pass,fail,fail,fail,,,ambiguous_mc|bad_options|explanation_contradiction,,单选题存在两个正确选项：A ∈ B 和 {1} ∈ B 均正确，解析也承认 {1} ∈ B 正确，但答案仅选 A，导致多解，题目不可用。,A ∈ B,A ∈ B,pass,none,A ∈ B,fail,fail,fail,,blocker,"已知集合 A = {1, 2, 3, 4}，B = {x | x ⊆ A}，则下列关系中正确的是（ ）"
bnu-high-ds-v1-s4-020,S4,upper,short-answer,Challenge,bnu-high-s4-预备知识,预备知识,必修 第一册,预备知识,fail,blocker,high,stage-c,pass,pass,fail,fail,not_applicable,充要条件,充要条件,math_error|answer_mismatch|explanation_contradiction,self_correction_language,p: |x-1|≤2 解得 -1≤x≤3；q: x²-2x-3≤0 解得 -1≤x≤3。解集相同，p⇔q，应为充要条件。存储答案为“充分不必要条件”，解析虽指出错误但未修正答案，存在数学错误和答案矛盾。,充分不必要条件,充分不必要条件,pass,none,充分不必要条件,fail,fail,not_applicable,充要条件,blocker,已知 p：|x - 1| ≤ 2，q：x² - 2x - 3 ≤ 0。判断 p 是 q 的什么条件，并说明理由。
bnu-high-ds-v1-s4-021,S4,upper,fill-in,Core,bnu-high-s4-预备知识,预备知识,必修 第一册,预备知识,pass,none,high,stage-b,pass,pass,pass,pass,not_applicable,"(2, 3]",,,,"存储答案(2,3]与独立解一致，解析正确。","(2,3]","(2,3]",pass,none,"(2, 3]",pass,pass,not_applicable,,,已知集合A={x | x² - 5x + 6 ≤ 0}，B={x | 2x - 1 > 3}，求A∩B。（用区间表示）
bnu-high-ds-v1-s4-022,S4,upper,multiple-choice,Foundation,bnu-high-s4-预备知识,预备知识,必修 第一册,预备知识,pass,none,high,stage-c,pass,pass,pass,pass,pass,"(-∞,1]∪[3,+∞)",,,,"题目可解，解集M=(1,3)，补集为(-∞,1]∪[3,+∞)，选项A正确且唯一。答案与解析均匹配，无任何问题。","(-∞,1]∪[3,+∞)","(-∞,1]∪[3,+∞)",pass,none,"(-∞,1]∪[3,+∞)",pass,pass,pass,,none,设全集U=R，集合M={x | |x-2| < 1}，则∁UM等于（ ）
bnu-high-ds-v1-s4-023,S4,upper,short-answer,Exam,bnu-high-s4-预备知识,预备知识,必修 第一册,预备知识,pass,none,high,stage-b,pass,pass,pass,pass,not_applicable,充分不必要条件,,,,存储答案充分不必要条件与独立解一致，解析正确。,充分不必要条件,充分不必要条件,pass,none,充分不必要条件,pass,pass,not_applicable,,,已知p：x² - 3x + 2 ≤ 0，q：x > 1。判断p是q的什么条件（充分不必要、必要不充分、充要、既不充分也不必要），并说明理由。
bnu-high-ds-v1-s4-024,S4,upper,fill-in,Challenge,bnu-high-s4-预备知识,预备知识,必修 第一册,预备知识,fail,blocker,high,stage-c,pass,pass,fail,fail,not_applicable,0,0,answer_mismatch|explanation_contradiction,,"题目可解，符合预备知识范围。独立求解得 a=-1, b=1, a+b=0。存储答案为-1，与正确结果0不符；解析过程得出0但最终答案错误，存在答案不匹配和解释矛盾。",-1,-1,pass,none,0,fail,fail,not_applicable,0,blocker,"若关于x的不等式ax² + bx + 2 > 0的解集为(-1, 2)，则a + b的值为______。"
bnu-high-ds-v1-s4-025,S4,upper,multiple-choice,Core,bnu-high-s4-预备知识,预备知识,必修 第一册,预备知识,pass,none,high,stage-b,pass,pass,pass,pass,pass,4,,,,存储答案4与独立解一致，解析正确，选项唯一。,4,4,pass,none,4,pass,pass,pass,,,"已知a, b为正实数，且a + b = 4，则ab的最大值为（ ）"
bnu-high-ds-v1-s4-026,S4,upper,short-answer,Foundation,bnu-high-s4-预备知识,预备知识,必修 第一册,预备知识,pass,none,high,stage-b,pass,pass,pass,pass,not_applicable,若x²≤4，则x≤2,,,,存储答案与独立解一致，解析正确。,若x² ≤ 4，则x ≤ 2,若x² ≤ 4，则x ≤ 2,pass,none,若x²≤4，则x≤2,pass,pass,not_applicable,,,写出命题“若x > 2，则x² > 4”的逆否命题。
bnu-high-ds-v1-s4-027,S4,upper,fill-in,Exam,bnu-high-s4-预备知识,预备知识,必修 第一册,预备知识,pass,none,high,stage-b,pass,pass,pass,pass,not_applicable,16,,,,存储答案16与独立解一致，解析正确。,16,16,pass,none,16,pass,pass,not_applicable,,,"已知集合A={1, 2, 3, 4}，B={x | x ⊆ A}，则集合B中元素的个数为______。"
bnu-high-ds-v1-s4-028,S4,upper,multiple-choice,Challenge,bnu-high-s4-预备知识,预备知识,必修 第一册,预备知识,pass,none,high,stage-b,pass,pass,pass,pass,pass,a≥3,,,,存储答案a≥3与独立解一致，解析正确，选项唯一。,a ≥ 3,a ≥ 3,pass,none,a≥3,pass,pass,pass,,,已知条件p：|x - 1| ≤ 2，条件q：x ≤ a。若p是q的充分不必要条件，则实数a的取值范围是（ ）
bnu-high-ds-v1-s4-029,S4,upper,short-answer,Core,bnu-high-s4-预备知识,预备知识,必修 第一册,预备知识,pass,none,high,stage-b,pass,pass,pass,pass,not_applicable,-1/2 < x < 3,,,,"存储答案(-1/2,3)与独立解一致，解析正确。","(-1/2, 3)","(-1/2, 3)",pass,none,-1/2 < x < 3,pass,pass,not_applicable,,,解不等式：2x² - 5x - 3 < 0。
bnu-high-ds-v1-s4-030,S4,upper,fill-in,Foundation,bnu-high-s4-预备知识,预备知识,必修 第一册,预备知识,pass,none,high,stage-b,pass,pass,pass,pass,not_applicable,"{0, 1, 1/3}",,,,"存储答案{0,1,1/3}与独立解一致，解析正确。","{0, 1, 1/3}","{0, 1, 1/3}",pass,none,"{0, 1, 1/3}",pass,pass,not_applicable,,,已知集合A={x | x² - 4x + 3 = 0}，B={x | mx - 1 = 0}，若B ⊆ A，则实数m的取值集合为______。
bnu-high-ds-v1-s4-031,S4,upper,multiple-choice,Exam,bnu-high-s4-预备知识,预备知识,必修 第一册,预备知识,pass,none,high,stage-b,pass,pass,pass,pass,pass,"{5,7}",,,,"存储答案{5,7}与独立解一致，解析正确，选项唯一。","{5, 7}","{5, 7}",pass,none,"{5,7}",pass,pass,pass,,,已知全集 U = {x | x 是小于 10 的正整数}，集合 A = {x ∈ U | x² - 5x + 6 ≤ 0}，B = {x ∈ U | x 是质数}。则 (∁_U A) ∩ B 等于
bnu-high-ds-v1-s4-032,S4,upper,short-answer,Challenge,bnu-high-s4-预备知识,预备知识,必修 第一册,预备知识,fail,blocker,high,stage-c,pass,pass,fail,fail,not_applicable,-14,-14,math_error|answer_mismatch|explanation_contradiction,,"题目可解，独立解为-14。存储答案-10错误，解析中计算过程得出a=-12,b=-2，a+b=-14，但最终答案写为-10，自相矛盾。",-10,-10,pass,none,-14,fail,fail,not_applicable,-14,blocker,已知关于 x 的不等式 ax² + bx + 2 > 0 的解集为 {x | -1/2 < x < 1/3}。求 a + b 的值。
bnu-high-ds-v1-s4-033,S4,upper,fill-in,Core,bnu-high-s4-预备知识,预备知识,必修 第一册,预备知识,fail,blocker,high,stage-c,pass,pass,fail,fail,not_applicable,"[-1, 2]","[-1, 2]",math_error|answer_mismatch|explanation_contradiction,,"题目可解，符合预备知识范围。独立求解得交集为[-1,2]，但存储答案[-1,5)错误，且解析中A=[-1,2]、B=(-1,5)却得出交集(-1,2]，自相矛盾，属于严重数学错误。","[-1, 5)","[-1, 5) | [-1,5)",pass,none,"[-1, 2]",fail,fail,not_applicable,"[-1, 2]",blocker,设集合 A = {x | |2x - 1| ≤ 3}，B = {x | x² - 4x - 5 < 0}。则 A ∩ B 用区间表示为______。
bnu-high-ds-v1-s4-034,S4,upper,multiple-choice,Foundation,bnu-high-s4-预备知识,预备知识,必修 第一册,预备知识,pass,none,high,stage-b,pass,pass,pass,pass,pass,必要不充分条件,,,,存储答案“必要不充分条件”与独立解一致，解析正确，选项唯一。,必要不充分条件,必要不充分条件,pass,none,必要不充分条件,pass,pass,pass,,,已知 p：x > 2，q：x > 3，则 p 是 q 的
bnu-high-ds-v1-s4-035,S4,upper,short-answer,Exam,bnu-high-s4-预备知识,预备知识,必修 第一册,预备知识,pass,none,high,stage-b,pass,pass,pass,pass,not_applicable,最小值为9，此时a=1/3,,,,存储答案“最小值为9，a=1/3”与独立解一致，解析正确。,最小值为9，a=1/3,最小值为9，a=1/3 | 9，a=1/3,pass,none,最小值为9，此时a=1/3,pass,pass,not_applicable,,,已知 a > 0，b > 0，且 a + b = 1。求 1/a + 4/b 的最小值，并写出取得最小值时 a 的值。
bnu-high-ds-v1-s4-036,S4,upper,fill-in,Challenge,bnu-high-s4-预备知识,预备知识,必修 第一册,预备知识,pass,none,high,stage-b,pass,pass,pass,pass,not_applicable,"{0, 1, 1/2}",,,,"存储答案{0, 1, 1/2}与独立解一致，解析正确。","{0, 1, 1/2}","{0, 1, 1/2} | {0,1,1/2}",pass,none,"{0, 1, 1/2}",pass,pass,not_applicable,,,已知集合 A = {x | x² - 3x + 2 = 0}，B = {x | ax - 1 = 0}。若 B ⊆ A，则实数 a 的所有可能取值组成的集合为______。
bnu-high-ds-v1-s4-037,S4,upper,multiple-choice,Core,bnu-high-s4-函数,函数,必修 第一册,函数,pass,none,high,stage-b,pass,pass,pass,pass,pass,"[3, +∞)",,,,"存储答案[3, +∞)与独立解一致，解析正确，选项唯一。","[3, +∞)","[3, +∞)",pass,none,"[3, +∞)",pass,pass,pass,,,函数 f(x) = √(x² - 4x + 3) 的单调递增区间是
bnu-high-ds-v1-s4-038,S4,upper,short-answer,Foundation,bnu-high-s4-函数,函数,必修 第一册,函数,pass,none,high,stage-b,pass,pass,pass,pass,not_applicable,"f(x) = { x² - 2x, x > 0; 0, x = 0; -x² - 2x, x < 0 }",,,,存储答案与独立解一致，解析正确。,"f(x) = { x² - 2x, x > 0; 0, x = 0; -x² - 2x, x < 0 }","f(x) = { x² - 2x, x > 0; 0, x = 0; -x² - 2x, x < 0 } | f(x)={x²-2x, x>0; 0, x=0; -x²-2x, x<0}",pass,none,"f(x) = { x² - 2x, x > 0; 0, x = 0; -x² - 2x, x < 0 }",pass,pass,not_applicable,,,已知函数 f(x) 是定义在 R 上的奇函数，当 x > 0 时，f(x) = x² - 2x。求 f(x) 在 R 上的解析式。
bnu-high-ds-v1-s4-039,S4,upper,fill-in,Exam,bnu-high-s4-函数,函数,必修 第一册,函数,pass,none,high,stage-b,pass,pass,pass,pass,not_applicable,"(-∞, 3]",,,,"存储答案(-∞, 3]与独立解一致，解析正确。","(-∞, 3]","(-∞, 3] | (-∞,3]",pass,none,"(-∞, 3]",pass,pass,not_applicable,,,"已知函数 f(x) = { x² + 1, x ≤ 0; -x² + 4x - 1, x > 0 }，则 f(x) 的值域为______。"
bnu-high-ds-v1-s4-040,S4,upper,multiple-choice,Challenge,bnu-high-s4-函数,函数,必修 第一册,函数,pass,none,high,stage-b,pass,pass,pass,pass,pass,6,,,,存储答案6与独立解一致，解析正确，选项唯一。,6,6,pass,none,6,pass,pass,pass,,,已知函数 f(x) 的定义域为 R，且满足 f(x + y) = f(x) + f(y) + 2xy，f(1) = 2。则 f(-3) 的值为
bnu-high-ds-v1-s4-041,S4,upper,short-answer,Core,bnu-high-s4-函数,函数,必修 第一册,函数,fail,blocker,high,stage-c,pass,pass,fail,fail,not_applicable,"[-1, 0] 和 [1, +∞)","[-1, 0] 和 [1, +∞)",math_error|explanation_contradiction,,"函数为偶函数，x≥0时f(x)=x^2-2x，递增区间为[1,+∞)；由对称性，x<0时f(x)=x^2+2x，递增区间为[-1,0]。存储答案(-∞,-1]错误，解析中x≤-1递增的推理错误。正确答案为[-1,0]和[1,+∞)。","(-∞, -1] 和 [1, +∞)","(-∞, -1] 和 [1, +∞) | (-∞,-1]和[1,+∞)",pass,none,"[-1, 0] 和 [1, +∞)",fail,fail,not_applicable,"[-1, 0] 和 [1, +∞)",blocker,已知函数 f(x) 的定义域为 R，且对任意实数 x 都有 f(x) = f(-x)。当 x ≥ 0 时，f(x) = x^2 - 2x。请写出 f(x) 的单调递增区间。
bnu-high-ds-v1-s4-042,S4,upper,fill-in,Foundation,bnu-high-s4-函数,函数,必修 第一册,函数,pass,none,high,stage-b,pass,pass,pass,pass,not_applicable,"[-2, 1) ∪ (1, 2]",,,,"存储答案 [-2, 1) ∪ (1, 2] 与 Stage A 独立解一致，解析正确。","[-2, 1) ∪ (1, 2]","[-2, 1) ∪ (1, 2] | [-2,1)∪(1,2]",pass,none,"[-2, 1) ∪ (1, 2]",pass,pass,not_applicable,,,函数 f(x) = √(4 - x^2) + 1/(x - 1) 的定义域为 _______。
bnu-high-ds-v1-s4-043,S4,upper,multiple-choice,Exam,bnu-high-s4-函数,函数,必修 第一册,函数,fail,major,high,stage-c,pass,pass,pass,fail,pass,"[-1, 0] 和 [2, +∞)",,explanation_contradiction,status_rationale_tension,"题目可解，选项唯一，答案匹配。但解析中 x>0 时递增区间描述为 (0,2]，与正确答案 [2,+∞) 矛盾，属于解析错误。","[-1, 0] 和 [2, +∞)","[-1, 0] 和 [2, +∞)",pass,none,"[-1, 0] 和 [2, +∞)",pass,fail,pass,,major,"已知函数 f(x) = { x^2 + 2x, x ≤ 0; -x^2 + 4x, x > 0 }，则 f(x) 的单调递增区间是（ ）"
bnu-high-ds-v1-s4-044,S4,upper,short-answer,Challenge,bnu-high-s4-函数,函数,必修 第一册,函数,fail,blocker,high,stage-c,pass,pass,fail,fail,not_applicable,a = -1 或 a = 3,a = -1 或 a = 3,math_error|explanation_contradiction,,题目可解，符合北师大版函数章节。独立求解得 a=-1 或 a=3，但存储答案为 a=-3 或 a=3，且解析错误地认为 f(-3)=-3，实际 f(-3)=3。答案与解析均错误，须修正。,a = -3 或 a = 3,"a = -3 或 a = 3 | -3 或 3 | -3,3",pass,none,a = -1 或 a = 3,fail,fail,not_applicable,a = -1 或 a = 3,blocker,已知函数 f(x) 是定义在 R 上的奇函数，当 x ≥ 0 时，f(x) = x|x - 2|。若 f(a) = -3，求所有可能的实数 a 的值。
bnu-high-ds-v1-s4-045,S4,upper,fill-in,Core,bnu-high-s4-函数,函数,必修 第一册,函数,fail,blocker,high,stage-c,pass,pass,fail,fail,not_applicable,16/3,16/3,math_error|answer_mismatch|explanation_contradiction,,"函数 f(x)=(x+1)/(x-2)=1+3/(x-2) 在 [3,5] 上单调递减，值域为 [f(5), f(3)]=[4/3, 4]，m+M=16/3。存储答案 10 错误，解析中 f(5)=2 计算错误，应为 4/3。",10,10,pass,none,16/3,fail,fail,not_applicable,16/3,blocker,"若函数 f(x) = (x + 1)/(x - 2) 在区间 [3, 5] 上的值域为 [m, M]，则 m + M = _______。"
bnu-high-ds-v1-s4-046,S4,upper,multiple-choice,Foundation,bnu-high-s4-函数,函数,必修 第一册,函数,pass,none,high,stage-b,pass,pass,pass,pass,pass,f(x) = |x| + 1,,,,存储答案 f(x) = |x| + 1 与 Stage A 独立解一致，解析正确。,f(x) = |x| + 1,f(x) = |x| + 1,pass,none,f(x) = |x| + 1,pass,pass,pass,,,"下列函数中，既是偶函数又在区间 (0, +∞) 上单调递增的是（ ）"
bnu-high-ds-v1-s4-047,S4,upper,short-answer,Exam,bnu-high-s4-函数,函数,必修 第一册,函数,fail,blocker,high,stage-c,pass,pass,fail,fail,not_applicable,a ≤ -2,a ≤ -2,math_error|explanation_contradiction,,"题目要求分段函数在R上单调递减。x≤1时f(x)=-x²+2x=-(x-1)²+1，在(-∞,1]上递减。x>1时f(x)=ax+b，需a<0。整体递减还需f(1)≥右极限，即1≥a+b。由递减性，右段斜率a必须≤左段在x=1处的导数（-2），故a≤-2。存储答案a≤-1错误，解析未正确推导a≤-2，且未考虑导数条件，导致答案与正确解矛盾。",a ≤ -1,"a ≤ -1 | (-∞, -1]",pass,none,a ≤ -2,fail,fail,not_applicable,a ≤ -2,blocker,"已知函数 f(x) = { -x^2 + 2x, x ≤ 1; ax + b, x > 1 } 在 R 上单调递减，求实数 a 的取值范围。"
bnu-high-ds-v1-s4-048,S4,upper,fill-in,Challenge,bnu-high-s4-函数,函数,必修 第一册,函数,pass,none,high,stage-b,pass,pass,pass,pass,not_applicable,a > 1/2,,,,存储答案 a > 1/2 与 Stage A 独立解一致，解析正确。,a > 1/2,"a > 1/2 | (1/2, +∞)",pass,none,a > 1/2,pass,pass,not_applicable,,,"若函数 f(x) = (ax + 1)/(x + 2) 在区间 (-2, +∞) 上单调递增，则实数 a 的取值范围是 _______。"
bnu-high-ds-v1-s4-049,S4,upper,multiple-choice,Core,bnu-high-s4-函数,函数,必修 第一册,函数,fail,blocker,high,stage-c,pass,pass,fail,fail,pass,"(0, 2) ∪ (2, 4)","(0, 2) ∪ (2, 4)",math_error|explanation_contradiction,,"存储答案(0,4)错误，正确解集为(0,2)∪(2,4)。解析中合并区间时遗漏x=2处f(2)=0不满足不等式，导致解集错误。","(0, 4)","(0, 4)",pass,none,"(0, 2) ∪ (2, 4)",fail,fail,pass,"(0, 2) ∪ (2, 4)",blocker,已知函数 f(x) 的定义域为 R，且 f(x+1) 是偶函数，当 x ≥ 1 时，f(x) = x^2 - 4x + 3，则不等式 f(x) < 0 的解集为（ ）
bnu-high-ds-v1-s4-050,S4,upper,short-answer,Foundation,bnu-high-s4-函数,函数,必修 第一册,函数,pass,none,high,stage-b,pass,pass,pass,pass,not_applicable,"[2, +∞)",,,,"存储答案[2,+∞)与Stage A独立解一致，解析正确。","[2, +∞)","[2, +∞) | [2,+∞)",pass,none,"[2, +∞)",pass,pass,not_applicable,,,已知函数 f(x) = x^2 - 2|x| + 3，求 f(x) 的值域。
bnu-high-ds-v1-s4-051,S4,upper,fill-in,Exam,bnu-high-s4-函数,函数,必修 第一册,函数,pass,none,high,stage-b,pass,pass,pass,pass,not_applicable,11,,,,存储答案11与Stage A独立解一致，解析正确。,11,11,pass,none,11,pass,pass,not_applicable,,,已知函数 f(x) 的定义域为 R，且对任意实数 x 满足 f(x+2)=f(x)+2。若 f(1)=3，则 f(9) 的值为______。
bnu-high-ds-v1-s4-052,S4,upper,multiple-choice,Challenge,bnu-high-s4-函数,函数,必修 第一册,函数,pass,none,high,stage-c,pass,pass,pass,pass,pass,"(-∞, -2/3)",,,,题目条件充分，奇函数在R上单调递增，不等式可化为2a-1 < -a-3，解得a < -2/3，选项A正确且唯一。解析与答案一致，无争议。,"(-∞, -2/3)","(-∞, -2/3)",pass,none,"(-∞, -2/3)",pass,pass,pass,,none,"已知函数 f(x) 的定义域为 R，且 f(x) 是奇函数，在 [0,+∞) 上单调递增。若 f(2a-1)+f(a+3)<0，则实数 a 的取值范围是（ ）。"
bnu-high-ds-v1-s4-053,S4,upper,short-answer,Core,bnu-high-s4-函数,函数,必修 第一册,函数,pass,none,high,stage-b,pass,pass,pass,pass,not_applicable,"（1）偶函数；（2）[-1,0]和[1,+∞)",,,,存储答案与Stage A独立解一致，解析正确。,"（1）偶函数；（2）[-1,0] 和 [1,+∞)","（1）偶函数；（2）[-1,0] 和 [1,+∞) | （1）偶函数；（2）[-1,0]和[1,+∞)",pass,none,"（1）偶函数；（2）[-1,0]和[1,+∞)",pass,pass,not_applicable,,,"已知函数 f(x)=x^2-2|x|-3。\n（1）判断 f(x) 的奇偶性；\n（2）写出 f(x) 的单调递增区间。"
bnu-high-ds-v1-s4-054,S4,upper,fill-in,Foundation,bnu-high-s4-函数,函数,必修 第一册,函数,pass,none,high,stage-b,pass,pass,pass,pass,not_applicable,"[-2, 1) ∪ (1, 2]",,,,"存储答案[-2,1)∪(1,2]与Stage A独立解一致，解析正确。","[-2,1)∪(1,2]","[-2,1)∪(1,2] | [-2,1)U(1,2]",pass,none,"[-2, 1) ∪ (1, 2]",pass,pass,not_applicable,,,函数 f(x)=√(4-x^2)+1/(x-1) 的定义域为______。（用区间表示）
bnu-high-ds-v1-s4-055,S4,upper,multiple-choice,Exam,bnu-high-s4-函数,函数,必修 第一册,函数,fail,major,high,stage-c,pass,pass,pass,fail,pass,"(1/3, 1)",,explanation_contradiction,,"题目可解，答案(1/3,1)正确且唯一。解析中先解得m<1/3或m>1，后称检验得(1/3,1)，前后矛盾且未给出正确推导过程，易误导学生。","(1/3, 1)","(1/3, 1)",pass,none,"(1/3, 1)",pass,weak,pass,,major,"已知函数 f(x) 是定义在 R 上的偶函数，且在 [0,+∞) 上单调递减。若 f(m)>f(2m-1)，则实数 m 的取值范围是（ ）。"
bnu-high-ds-v1-s4-056,S4,upper,short-answer,Challenge,bnu-high-s4-函数,函数,必修 第一册,函数,fail,blocker,high,stage-c,pass,pass,fail,fail,not_applicable,9,9,math_error|answer_mismatch|explanation_contradiction,,题目可解，正确解为f(x)=x²，f(-3)=9。存储答案15错误，解析过程混乱且最终结果与正确解矛盾，属于严重数学错误。,15,15,pass,none,3,fail,fail,not_applicable,9,blocker,"已知函数 f(x) 的定义域为 R，且对任意实数 x,y 满足 f(x+y)=f(x)+f(y)+2xy。若 f(1)=1，求 f(-3) 的值。"
bnu-high-ds-v1-s4-057,S4,upper,fill-in,Core,bnu-high-s4-函数,函数,必修 第一册,函数,fail,blocker,high,stage-c,pass,pass,fail,fail,not_applicable,1,1,math_error|answer_mismatch|explanation_contradiction,,题目可解，由奇函数得 a=c=0，代入 f(1)=2 得 b=1，f(2)=10 验证一致，故 a+b+c=1。存储答案 0 错误，解析自相矛盾且最终给出错误答案。,0,0,pass,none,0,fail,fail,not_applicable,1,blocker,已知函数 f(x)=x^3+ax^2+bx+c 是定义在 R 上的奇函数，且 f(1)=2，f(2)=10。则 a+b+c 的值为______。
bnu-high-ds-v1-s4-058,S4,upper,multiple-choice,Foundation,bnu-high-s4-函数,函数,必修 第一册,函数,fail,blocker,high,stage-c,fail,pass,fail,fail,fail,,,bad_options|unsolvable|explanation_contradiction,,"四个选项均不满足既是偶函数又在(0,+∞)单调递增：A偶但递减；B偶但递减；C定义域不含0，非偶函数；D非奇非偶。题目无正确选项，不可解。存储答案选C，但C非偶函数，解析也承认无正确选项，自相矛盾。",y = |x| + 1/x,y = |x| + 1/x,fail,blocker,,fail,fail,fail,,blocker,"下列函数中，既是偶函数又在区间 (0, +∞) 上单调递增的是（ ）。"
bnu-high-ds-v1-s4-059,S4,upper,short-answer,Exam,bnu-high-s4-函数,函数,必修 第一册,函数,pass,none,high,stage-b,pass,pass,pass,pass,not_applicable,"（1）f(x)=x^2-4x+3 (x≥0), f(x)=x^2+4x+3 (x<0)；（2）k∈(-1,3)",,,,"Stage A 独立解与存储答案一致：解析式 f(x)=x^2-4|x|+3，k∈(-1,3)。解析正确。","（1）f(x)=x^2-4|x|+3；（2）(-1,3)","（1）f(x)=x^2-4|x|+3；（2）(-1,3)",pass,none,"（1）f(x)=x^2-4x+3 (x≥0), f(x)=x^2+4x+3 (x<0)；（2）k∈(-1,3)",pass,pass,not_applicable,,,"已知函数 f(x) 是定义在 R 上的偶函数，当 x≥0 时，f(x)=x^2-4x+3。\n（1）求 f(x) 的解析式；\n（2）若关于 x 的方程 f(x)=k 有四个不同的实数根，求实数 k 的取值范围。"
bnu-high-ds-v1-s4-060,S4,upper,fill-in,Challenge,bnu-high-s4-函数,函数,必修 第一册,函数,fail,blocker,high,stage-c,pass,pass,fail,fail,not_applicable,2024^2 - 2024 + 1,2024^2 - 2024 + 1,math_error|answer_mismatch|explanation_contradiction,,题目可解，独立求解得 f(2024)=2024^2-2024+1，与存储答案 2023×2024+1 不等价。解析中累加过程错误，且与题目递推关系不符，属严重数学错误。,2023×2024+1,2023×2024+1 | 2023*2024+1,pass,none,2024^2 - 2024 + 1,fail,fail,not_applicable,2024^2 - 2024 + 1,blocker,已知函数 f(x) 的定义域为 R，且对任意实数 x 满足 f(x+1)=f(x-1)+2x。若 f(0)=1，则 f(2024) 的值为______。
bnu-high-ds-v1-s4-061,S4,upper,multiple-choice,Core,bnu-high-s4-函数,函数,必修 第一册,函数,warn,minor,high,stage-c,pass,pass,pass,weak,pass,C,,explanation_contradiction,,题目可解，符合教材范围。f(x)=x^3-3x是奇函数，选项C正确。解析中提及值域为R正确，但未明确说明该选项为何不选，可能引起混淆，但未影响答案唯一性。,f(x) 是奇函数,f(x) 是奇函数,pass,none,C,pass,weak,pass,,minor,已知函数 f(x) 的定义域为 R，且满足 f(x) = x^3 - 3x。关于该函数，下列判断正确的是：
bnu-high-ds-v1-s4-062,S4,upper,short-answer,Foundation,bnu-high-s4-函数,函数,必修 第一册,函数,pass,none,high,stage-b,pass,pass,pass,pass,not_applicable,"[-2,1)∪(1,2]",,,,"Stage A 独立解与存储答案一致：定义域 [-2,1)∪(1,2]。解析正确。","[-2, 1) ∪ (1, 2]","[-2, 1) ∪ (1, 2] | [-2,1)∪(1,2]",pass,none,"[-2,1)∪(1,2]",pass,pass,not_applicable,,,求函数 f(x) = √(4 - x^2) + 1/(x - 1) 的定义域。
bnu-high-ds-v1-s4-063,S4,upper,fill-in,Exam,bnu-high-s4-函数,函数,必修 第一册,函数,pass,none,high,stage-b,pass,pass,pass,pass,not_applicable,"[-1,0]和[1,+∞)",,,,"Stage A 独立解为 [-1,0] 和 [1,+∞)，存储答案一致。解析正确。","[-1, 0] 和 [1, +∞)","[-1, 0] 和 [1, +∞) | [-1,0]和[1,+∞) | [-1,0]∪[1,+∞)",pass,none,"[-1,0]和[1,+∞)",pass,pass,not_applicable,,,"已知函数 f(x) = { x^2 + 2x, x ≤ 0; -x^2 + 2x, x > 0 }，则 f(x) 的单调递增区间为______。"
bnu-high-ds-v1-s4-064,S4,upper,multiple-choice,Challenge,bnu-high-s4-函数,函数,必修 第一册,函数,pass,none,high,stage-b,pass,pass,pass,pass,pass,4,,,,Stage A 独立解为 4，存储答案一致。解析正确。,4,4,pass,none,4,pass,pass,pass,,,"已知函数 f(x) 的定义域为 R，且对任意实数 x, y 满足 f(x + y) = f(x) + f(y) + 2xy，且 f(1) = 1。则 f(-2) 的值为："
bnu-high-ds-v1-s4-065,S4,upper,short-answer,Core,bnu-high-s4-函数,函数,必修 第一册,函数,pass,none,high,stage-b,pass,pass,pass,pass,not_applicable,奇函数,,,,存储答案与独立解一致，均为奇函数；解析正确且无矛盾。,奇函数,奇函数,pass,none,奇函数,pass,pass,not_applicable,,,判断函数 f(x) = x|x| 的奇偶性，并说明理由。
bnu-high-ds-v1-s4-066,S4,upper,fill-in,Foundation,bnu-high-s4-函数,函数,必修 第一册,函数,pass,none,high,stage-b,pass,pass,pass,pass,not_applicable,"(-∞, -1]",,,,"存储答案(-∞, -1]与独立解一致；解析正确，先求定义域再复合判断单调性。","(-∞, -1]","(-∞, -1] | (-∞,-1]",pass,none,"(-∞, -1]",pass,pass,not_applicable,,,函数 f(x) = √(x^2 - 2x - 3) 的单调递减区间为______。
bnu-high-ds-v1-s4-067,S4,upper,multiple-choice,Exam,bnu-high-s4-函数,函数,必修 第一册,函数,fail,blocker,high,stage-c,fail,pass,fail,fail,fail,C,C,ambiguous_mc|answer_mismatch|explanation_contradiction,,"函数 f(x)=x+1/x 定义域为 {x|x≠0}，关于原点对称，且 f(-x)=-f(x)，故 A 正确；由均值不等式得值域为 (-∞,-2]∪[2,+∞)，故 C 正确。单选题出现两个正确选项，违反唯一性原则。存储答案选 A，但解析承认 C 正确却选 A，自相矛盾。题目不可解。",f(x) 是奇函数,f(x) 是奇函数,pass,none,C,fail,fail,fail,C,blocker,已知函数 f(x) = (x^2 + 1)/(x)，则下列结论正确的是：
bnu-high-ds-v1-s4-068,S4,upper,short-answer,Challenge,bnu-high-s4-函数,函数,必修 第一册,函数,pass,none,high,stage-b,pass,pass,pass,pass,not_applicable,f(x) = 2/x - x (x ≠ 0),,,,存储答案f(x)=2/x - x与独立解一致；解析通过换元联立正确求解。,f(x) = 2/x - x,f(x) = 2/x - x | f(x)=2/x-x,pass,none,f(x) = 2/x - x (x ≠ 0),pass,pass,not_applicable,,,已知函数 f(x) 满足 f(x) + 2f(1/x) = 3x，求 f(x) 的解析式。
bnu-high-ds-v1-s4-069,S4,upper,fill-in,Core,bnu-high-s4-函数,函数,必修 第一册,函数,pass,none,high,stage-b,pass,pass,pass,pass,not_applicable,"(3, +∞)",,,,"存储答案(3, +∞)与独立解一致；解析正确考虑定义域和复合函数单调性。","(3, +∞)","(3, +∞) | (3,+∞)",pass,none,"(3, +∞)",pass,pass,not_applicable,,,函数 f(x) = log_2 (x^2 - 2x - 3) 的单调递增区间为______。
bnu-high-ds-v1-s4-070,S4,upper,multiple-choice,Foundation,bnu-high-s4-函数,函数,必修 第一册,函数,pass,none,high,stage-b,pass,pass,pass,pass,pass,B,,,,存储答案B与独立解一致；解析正确判断各选项奇偶性和单调性。,f(x) = |x|,f(x) = |x|,pass,none,B,pass,pass,pass,,,"下列函数中，既是偶函数又在区间 (0, +∞) 上单调递增的是："
bnu-high-ds-v1-s4-071,S4,upper,short-answer,Exam,bnu-high-s4-函数,函数,必修 第一册,函数,fail,blocker,high,stage-c,pass,pass,fail,fail,not_applicable,"定义域：(-∞,1] ∪ [3,+∞)；在(3,+∞)上单调递增。","定义域：(-∞,1] ∪ [3,+∞)；在(3,+∞)上单调递增。",math_error|explanation_contradiction,,"存储答案定义域错误地排除了 x=3，应为 (-∞,1] ∪ [3,+∞)；解析中称 1/(x-2) 在 (3,+∞) 上递增，实际为递减，单调性理由不成立。","定义域为 (-∞, 1] ∪ (3, +∞)；在 (3, +∞) 上单调递增。","定义域为 (-∞, 1] ∪ (3, +∞)；在 (3, +∞) 上单调递增。 | 定义域：(-∞, 1] ∪ (3, +∞)；单调递增 | 定义域 (-∞, 1] ∪ (3, +∞)，单调递增",pass,none,"定义域：(-∞,1] ∪ [3,+∞) 且 x≠2，即 (-∞,1] ∪ [3,+∞)；在(3,+∞)上单调递增。",fail,fail,not_applicable,"定义域：(-∞,1] ∪ [3,+∞)；在(3,+∞)上单调递增。",blocker,"已知函数 f(x) = √(x² - 4x + 3) + 1/(x - 2)。求 f(x) 的定义域，并判断 f(x) 在区间 (3, +∞) 上的单调性，说明理由。"
bnu-high-ds-v1-s4-072,S4,upper,fill-in,Challenge,bnu-high-s4-函数,函数,必修 第一册,函数,fail,blocker,high,stage-c,pass,pass,fail,fail,not_applicable,3,3,math_error|explanation_contradiction,overlong_rationale,题目可解，符合北师大函数性质要求。独立求解得唯一解 a=3，存储答案“3 或 -1”错误，a=-1 代入不满足 f(a)=3。解析中 a<0 时方程 - (a²+2a)=3 解得 a=-1 有误，实际该方程无实数解。答案与解析均存在数学错误，须修正为 a=3。,3 或 -1,"3 或 -1 | 3, -1 | -1 或 3 | -1, 3",pass,none,"-1, 3",fail,fail,not_applicable,3,blocker,已知函数 f(x) 是定义在 R 上的奇函数，当 x ≥ 0 时，f(x) = x² - 2x。若 f(a) = 3，则 a 的所有可能值为______。
bnu-high-ds-v1-s4-073,S4,upper,multiple-choice,Core,bnu-high-s4-指数运算与指数函数,指数运算与指数函数,必修 第一册,指数运算与指数函数,pass,none,high,stage-b,pass,pass,pass,pass,pass,a > b > c,,,,存储答案与独立解一致，均为 a > b > c，解析正确，选项唯一。,a > b > c,a > b > c,pass,none,a > b > c,pass,pass,pass,,,"设 a = 2^0.3, b = 0.3^2, c = log₂0.3，则 a, b, c 的大小关系是（　）"
bnu-high-ds-v1-s4-074,S4,upper,short-answer,Foundation,bnu-high-s4-指数运算与指数函数,指数运算与指数函数,必修 第一册,指数运算与指数函数,pass,none,high,stage-b,pass,pass,pass,pass,not_applicable,22,,,,存储答案 18 与独立解一致，解析步骤正确。,18,18,pass,none,22,pass,pass,not_applicable,,,计算： (0.008)^(-2/3) + (√3 - 1)^0 - 16^0.75。
bnu-high-ds-v1-s4-075,S4,upper,fill-in,Exam,bnu-high-s4-指数运算与指数函数,指数运算与指数函数,必修 第一册,指数运算与指数函数,pass,none,high,stage-b,pass,pass,pass,pass,not_applicable,3,,,,存储答案 3 与独立解一致，解析正确。,3,3,pass,none,3,pass,pass,not_applicable,,,"若指数函数 f(x) = a^x (a > 0 且 a ≠ 1) 的图像经过点 (2, 1/9)，则 f(-1) = ______。"
bnu-high-ds-v1-s4-076,S4,upper,multiple-choice,Challenge,bnu-high-s4-指数运算与指数函数,指数运算与指数函数,必修 第一册,指数运算与指数函数,pass,none,high,stage-b,pass,pass,pass,pass,pass,f(x) 是奇函数，g(x) 是偶函数,,,,存储答案与独立解一致，均为 f(x) 奇、g(x) 偶，解析正确，选项唯一。,f(x) 是奇函数，g(x) 是偶函数,f(x) 是奇函数，g(x) 是偶函数,pass,none,f(x) 是奇函数，g(x) 是偶函数,pass,pass,pass,,,已知函数 f(x) = 2^x - 2^(-x)，g(x) = 2^x + 2^(-x)，则下列结论正确的是（　）
bnu-high-ds-v1-s4-077,S4,upper,short-answer,Core,bnu-high-s4-指数运算与指数函数,指数运算与指数函数,必修 第一册,指数运算与指数函数,pass,none,high,stage-b,pass,pass,pass,pass,not_applicable,"(-∞, 1]",,,,"存储答案 (-∞, 1] 与独立解一致，解析正确。","(-∞, 1]","(-∞, 1] | (-∞, 1) | (-∞, 1] 或 x ≤ 1",pass,none,"(-∞, 1]",pass,pass,not_applicable,,,求函数 y = (1/3)^(x² - 2x) 的单调递增区间。
bnu-high-ds-v1-s4-078,S4,upper,fill-in,Foundation,bnu-high-s4-指数运算与指数函数,指数运算与指数函数,必修 第一册,指数运算与指数函数,pass,none,high,stage-b,pass,pass,pass,pass,not_applicable,0 或 2,,,,存储答案 0 或 2 与独立解一致，解析正确。,0 或 2,"0 或 2 | 0, 2 | 2 或 0 | 2, 0",pass,none,0 或 2,pass,pass,not_applicable,,,方程 2^(2x) - 5·2^x + 4 = 0 的解为 x = ______。
bnu-high-ds-v1-s4-079,S4,upper,multiple-choice,Exam,bnu-high-s4-指数运算与指数函数,指数运算与指数函数,必修 第一册,指数运算与指数函数,pass,none,high,stage-b,pass,pass,pass,pass,pass,"(1, 3)",,,,"存储答案 (1, 3) 与独立解一致，解析正确，选项唯一。","(1, 3)","(1, 3)",pass,none,"(1, 3)",pass,pass,pass,,,函数 f(x) = a^(x - 1) + 2 (a > 0 且 a ≠ 1) 的图像恒过定点（　）
bnu-high-ds-v1-s4-080,S4,upper,short-answer,Challenge,bnu-high-s4-指数运算与指数函数,指数运算与指数函数,必修 第一册,指数运算与指数函数,fail,blocker,high,stage-c,pass,pass,fail,fail,not_applicable,"a=2, b=0；解集为{x|x>log₂3}","a=2, b=0；解集为{x|x>log₂3}",math_error|answer_mismatch|explanation_contradiction,,"题目可解，符合教材范围。独立求解得a=2,b=0，不等式解为x>log₂3。存储答案解集为(1,+∞)，与正确解不符；解析中虽得出x>log₂3，但最终答案错误，存在数学错误和答案矛盾。","a = 2, b = 0；解集为 (1, +∞)","a = 2, b = 0；解集为 (1, +∞) | a=2, b=0；x>1 | a=2,b=0；解集 (1,+∞)",pass,none,"a=2, b=0；解集为{x|x>log₂3}",fail,fail,not_applicable,"a=2, b=0；解集为 {x | x > log₂3}",blocker,"已知函数 f(x) = a·2^x + b 的图像经过点 (0, 2) 和 (2, 10)。求 a, b 的值，并解不等式 f(x) > 6。"
bnu-high-ds-v1-s4-081,S4,upper,fill-in,Core,bnu-high-s4-指数运算与指数函数,指数运算与指数函数,必修 第一册,指数运算与指数函数,pass,none,high,stage-b,pass,pass,pass,pass,not_applicable,4,,,,存储答案1与独立解1一致，解析正确。,1,1,pass,none,4,pass,pass,not_applicable,,,计算：\(\sqrt[3]{27} + \left(\frac{1}{4}\right)^{-\frac{1}{2}} - 2^{\frac{3}{2}} \cdot 2^{\frac{1}{2}}\)。
bnu-high-ds-v1-s4-082,S4,upper,multiple-choice,Foundation,bnu-high-s4-指数运算与指数函数,指数运算与指数函数,必修 第一册,指数运算与指数函数,pass,none,high,stage-b,pass,pass,pass,pass,pass,"(1, 3)",,,,"存储答案(1,3)与独立解一致，解析正确，选项唯一。","(1, 3)","(1, 3)",pass,none,"(1, 3)",pass,pass,pass,,,函数 \(y = a^{x-1} + 2\)（\(a > 0\) 且 \(a \neq 1\)）的图像恒过定点（  ）。
bnu-high-ds-v1-s4-083,S4,upper,short-answer,Exam,bnu-high-s4-指数运算与指数函数,指数运算与指数函数,必修 第一册,指数运算与指数函数,pass,none,high,stage-b,pass,pass,pass,pass,not_applicable,奇函数,,,,存储答案奇函数与独立解一致，解析正确。,奇函数,奇函数,pass,none,奇函数,pass,pass,not_applicable,,,已知函数 \(f(x) = 3^x - 3^{-x}\)，判断其奇偶性并证明。
bnu-high-ds-v1-s4-084,S4,upper,fill-in,Challenge,bnu-high-s4-指数运算与指数函数,指数运算与指数函数,必修 第一册,指数运算与指数函数,pass,none,high,stage-b,pass,pass,pass,pass,not_applicable,18,,,,存储答案18与独立解一致，解析正确。,18,18,pass,none,18,pass,pass,not_applicable,,,若 \(2^x + 2^{-x} = 3\)，则 \(8^x + 8^{-x}\) 的值为______。
bnu-high-ds-v1-s4-085,S4,upper,multiple-choice,Core,bnu-high-s4-指数运算与指数函数,指数运算与指数函数,必修 第一册,指数运算与指数函数,pass,none,high,stage-b,pass,pass,pass,pass,pass,c < a < b,,,,存储答案c<a<b与独立解一致，解析正确，选项唯一。,c < a < b,c < a < b,pass,none,c < a < b,pass,pass,pass,,,"设 \(a = 0.5^{0.6}\)，\(b = 0.6^{0.5}\)，\(c = \log_{0.5} 0.6\)，则 \(a, b, c\) 的大小关系是（  ）。"
bnu-high-ds-v1-s4-086,S4,upper,short-answer,Foundation,bnu-high-s4-指数运算与指数函数,指数运算与指数函数,必修 第一册,指数运算与指数函数,pass,none,high,stage-b,pass,pass,pass,pass,not_applicable,"(-∞, 1]",,,,"存储答案(-∞,1]与独立解一致，解析正确。","(-∞, 1]","(-∞, 1] | (-∞,1]",pass,none,"(-∞, 1]",pass,pass,not_applicable,,,求函数 \(y = \left(\frac{1}{3}\right)^{x^2 - 2x}\) 的单调递增区间。
bnu-high-ds-v1-s4-087,S4,upper,fill-in,Exam,bnu-high-s4-指数运算与指数函数,指数运算与指数函数,必修 第一册,指数运算与指数函数,pass,none,high,stage-b,pass,pass,pass,pass,not_applicable,x = log_2 3,,,,存储答案x=log_2 3与独立解一致，解析正确。,x = log_2 3,x = log_2 3 | log_2 3,pass,none,x = log_2 3,pass,pass,not_applicable,,,方程 \(4^x - 2^{x+1} - 3 = 0\) 的解为______。
bnu-high-ds-v1-s4-088,S4,upper,multiple-choice,Challenge,bnu-high-s4-指数运算与指数函数,指数运算与指数函数,必修 第一册,指数运算与指数函数,pass,none,high,stage-b,pass,pass,pass,pass,pass,1/2 或 3/2,,,,存储答案1/2或3/2与独立解一致，解析正确，选项唯一。,1/2 或 3/2,1/2 或 3/2,pass,none,1/2 或 3/2,pass,pass,pass,,,"已知函数 \(f(x) = a^x\)（\(a > 0\) 且 \(a \neq 1\)）在区间 \([-1, 2]\) 上的最大值比最小值大 \(\frac{a}{2}\)，则 \(a\) 的值为（  ）。"
bnu-high-ds-v1-s4-089,S4,upper,short-answer,Core,bnu-high-s4-指数运算与指数函数,指数运算与指数函数,必修 第一册,指数运算与指数函数,fail,major,high,stage-c,pass,pass,fail,pass,not_applicable,约13.51年,约13.51年,answer_mismatch,,题目可解，独立求解得约13.51年，但存储答案为14，两者不一致。解析正确但答案取整未说明，导致答案不匹配。,14,14,pass,none,约13.51年,fail,pass,not_applicable,约13.51年,major,某放射性物质的质量每年衰减 5%，设初始质量为 \(M_0\)，求经过多少年后质量低于初始质量的一半。（参考数据：\(\lg 2 \approx 0.3010\)，\(\lg 0.95 \approx -0.0223\)）
bnu-high-ds-v1-s4-090,S4,upper,fill-in,Foundation,bnu-high-s4-指数运算与指数函数,指数运算与指数函数,必修 第一册,指数运算与指数函数,pass,none,high,stage-b,pass,pass,pass,pass,not_applicable,1,,,,答案和解析均与 Stage A 一致，结果为1。,1,1,pass,none,1,pass,pass,not_applicable,,,若 \(3^a = 5^b = 15\)，则 \(\frac{1}{a} + \frac{1}{b}\) 的值为______。
bnu-high-ds-v1-s4-091,S4,upper,multiple-choice,Exam,bnu-high-s4-指数运算与指数函数,指数运算与指数函数,必修 第一册,指数运算与指数函数,fail,blocker,high,stage-c,pass,pass,fail,fail,pass,"(-∞, log₂3 - 1)","(-∞, log₂3 - 1)",math_error|explanation_contradiction,,题目可解，由 f(m)<0 直接解得 m<log₂3-1，对应选项A。存储答案为选项B，解析中反函数推导有误且与答案矛盾，属于严重错误。,"(-∞, log₂3 - 1)","(-∞, log₂3 - 1)",pass,none,A,fail,fail,pass,"(-∞, log₂3 - 1)",blocker,"已知函数 f(x) = 2^(x+1) - 3 的图像与 g(x) = a^x + b 的图像关于直线 y = x 对称，且 g(x) 的图像经过点 (1, 0)。若实数 m 满足 f(m) < 0，则 m 的取值范围是（ ）。"
bnu-high-ds-v1-s4-092,S4,upper,short-answer,Challenge,bnu-high-s4-指数运算与指数函数,指数运算与指数函数,必修 第一册,指数运算与指数函数,fail,blocker,high,stage-c,pass,pass,fail,fail,not_applicable,70/3天,70/3天,math_error|answer_mismatch|explanation_contradiction,,题目可解，符合北师大版指数函数应用。独立求解得总天数为70/3天，但存储答案为70，解析中计算过程矛盾且最终答案错误，属于严重错误。,70,70 | 70天,pass,none,70天,fail,fail,not_applicable,70/3天,blocker,某放射性物质的质量随时间的变化规律为 M(t) = M₀ · (1/2)^(t/T)，其中 M₀ 为初始质量，T 为半衰期。已知该物质经过 10 天后质量变为初始的 1/8，且再经过若干天后质量变为初始的 1/128。求从初始时刻到质量变为初始的 1/128 所经过的总天数。
bnu-high-ds-v1-s4-093,S4,upper,fill-in,Core,bnu-high-s4-指数运算与指数函数,指数运算与指数函数,必修 第一册,指数运算与指数函数,pass,none,high,stage-b,pass,pass,pass,pass,not_applicable,10,,,,答案和解析均与 Stage A 一致，结果为10。,10,10,pass,none,10,pass,pass,not_applicable,,,计算：∛(27^2) + (1/16)^(-3/4) - 5^log₅7 = ______。
bnu-high-ds-v1-s4-094,S4,upper,multiple-choice,Foundation,bnu-high-s4-指数运算与指数函数,指数运算与指数函数,必修 第一册,指数运算与指数函数,fail,blocker,high,stage-c,pass,pass,fail,fail,pass,A,"(-∞, 1]",math_error|answer_mismatch|explanation_contradiction,,"函数 f(x)=(1/3)^(x^2-2x) 的底数 1/3∈(0,1)，外层递减，故 f 的单调性与内层 u=x^2-2x 相反。u 在 (-∞,1] 递减，在 [1,+∞) 递增，因此 f 在 (-∞,1] 递增，在 [1,+∞) 递减。单调递增区间为 (-∞,1]，对应选项 A。存储答案为 B，解析中结论与推导矛盾，属于数学错误和答案不匹配。","[1, +∞)","[1, +∞)",pass,none,A,fail,fail,pass,"(-∞, 1]",blocker,函数 f(x) = (1/3)^(x^2 - 2x) 的单调递增区间是（ ）。
bnu-high-ds-v1-s4-095,S4,upper,short-answer,Exam,bnu-high-s4-指数运算与指数函数,指数运算与指数函数,必修 第一册,指数运算与指数函数,pass,none,high,stage-b,pass,pass,pass,pass,not_applicable,a=1/2或a=3/2,,,,答案和解析均与 Stage A 一致，结果为1/2或3/2。,1/2 或 3/2,1/2 或 3/2 | a=1/2 或 a=3/2,pass,none,a=1/2或a=3/2,pass,pass,not_applicable,,,"已知函数 f(x) = a^x (a>0 且 a≠1) 在区间 [1,2] 上的最大值比最小值大 a/2，求实数 a 的值。"
bnu-high-ds-v1-s4-096,S4,upper,fill-in,Challenge,bnu-high-s4-指数运算与指数函数,指数运算与指数函数,必修 第一册,指数运算与指数函数,pass,none,high,stage-b,pass,pass,pass,pass,not_applicable,18,,,,答案和解析均与 Stage A 一致，结果为18。,18,18,pass,none,18,pass,pass,not_applicable,,,若 2^x + 2^(-x) = 3，则 8^x + 8^(-x) 的值为 ______。
bnu-high-ds-v1-s4-097,S4,upper,multiple-choice,Core,bnu-high-s4-指数运算与指数函数,指数运算与指数函数,必修 第一册,指数运算与指数函数,pass,none,high,stage-b,pass,pass,pass,pass,pass,b < a < c,,,,存储答案与独立解一致，均为 b < a < c；解析正确利用指数函数单调性，无矛盾。,b < a < c,b < a < c,pass,none,b < a < c,pass,pass,pass,,,设 a = 0.6^0.6，b = 0.6^1.5，c = 1.5^0.6，则 a，b，c 的大小关系是（ ）。
bnu-high-ds-v1-s4-098,S4,upper,short-answer,Foundation,bnu-high-s4-指数运算与指数函数,指数运算与指数函数,必修 第一册,指数运算与指数函数,fail,blocker,high,stage-c,pass,pass,fail,fail,not_applicable,"定义域：[-1, 3]；值域：[1/8, 1]","定义域：[-1, 3]；值域：[1/8, 1]",math_error|answer_mismatch|explanation_contradiction,,"题目可解，符合北师大版指数函数与定义域值域要求。独立求解得定义域[-1,3]，值域[1/8,1]。存储答案值域[1/4,1]错误，解析中(1/2)^2=1/4计算错误，应为1/8，导致答案与解析均错，属严重数学错误。","定义域为 [-1,3]，值域为 [1/4,1]","定义域为 [-1,3]，值域为 [1/4,1] | 定义域[-1,3]，值域[1/4,1]",pass,none,"定义域：[-1, 3]；值域：[1/8, 1]",fail,fail,not_applicable,"定义域：[-1, 3]；值域：[1/8, 1]",blocker,求函数 y = (1/2)^(√(-x^2+2x+3)) 的定义域和值域。
bnu-high-ds-v1-s4-099,S4,upper,fill-in,Exam,bnu-high-s4-指数运算与指数函数,指数运算与指数函数,必修 第一册,指数运算与指数函数,pass,none,high,stage-b,pass,pass,pass,pass,not_applicable,x = log₂3,,,,存储答案 log₂3 与独立解一致；解析换元求解正确，无矛盾。,log₂3,log₂3,pass,none,x = log₂3,pass,pass,not_applicable,,,方程 4^x - 2^(x+1) - 3 = 0 的解为 x = ______。
bnu-high-ds-v1-s4-100,S4,upper,multiple-choice,Challenge,bnu-high-s4-指数运算与指数函数,指数运算与指数函数,必修 第一册,指数运算与指数函数,pass,none,high,stage-b,pass,pass,pass,pass,pass,f(x) 是偶函数，g(x) 是奇函数,,,,存储答案与独立解一致，均为 f 偶 g 奇；解析正确验证奇偶性，选项唯一。,f(x) 是偶函数，g(x) 是奇函数,f(x) 是偶函数，g(x) 是奇函数,pass,none,f(x) 是偶函数，g(x) 是奇函数,pass,pass,pass,,,已知函数 f(x) = 2^x + 2^(-x)，g(x) = 2^x - 2^(-x)，则下列关于这两个函数的说法中，正确的是（ ）。
bnu-high-ds-v1-s4-101,S4,upper,short-answer,Core,bnu-high-s4-指数运算与指数函数,指数运算与指数函数,必修 第一册,指数运算与指数函数,pass,none,high,stage-b,pass,pass,pass,pass,not_applicable,1/5,,,,存储答案 1/5 与独立解一致；解析由 a=5 得 f(-1)=1/5，正确。,1/5,1/5 | 0.2,pass,none,1/5,pass,pass,not_applicable,,,"已知指数函数 f(x) = a^x（a > 0 且 a ≠ 1）的图像经过点 (2, 25)。求 f(-1) 的值。"
bnu-high-ds-v1-s4-102,S4,upper,fill-in,Foundation,bnu-high-s4-指数运算与指数函数,指数运算与指数函数,必修 第一册,指数运算与指数函数,pass,none,high,stage-b,pass,pass,pass,pass,not_applicable,9,,,,存储答案 9 与独立解一致；解析利用指数法则正确。,9,9,pass,none,9,pass,pass,not_applicable,,,计算：∛(27^2) = ______。
bnu-high-ds-v1-s4-103,S4,upper,multiple-choice,Exam,bnu-high-s4-指数运算与指数函数,指数运算与指数函数,必修 第一册,指数运算与指数函数,pass,none,high,stage-b,pass,pass,pass,pass,pass,"(3/2, 2)",,,,"存储答案 (3/2,2) 与独立解一致；解析由底数在 (0,1) 得范围正确，选项唯一。","(3/2, 2)","(3/2, 2)",pass,none,"(3/2, 2)",pass,pass,pass,,,若指数函数 f(x) = (2a-3)^x 在 R 上是减函数，则实数 a 的取值范围是（ ）。
bnu-high-ds-v1-s4-104,S4,upper,short-answer,Challenge,bnu-high-s4-指数运算与指数函数,指数运算与指数函数,必修 第一册,指数运算与指数函数,pass,none,high,stage-b,pass,pass,pass,pass,not_applicable,"(-1, -1)",,,,"存储答案 (-1,-1) 与独立解一致；解析利用指数函数定点平移正确。","(-1, -1)","(-1, -1)",pass,none,"(-1, -1)",pass,pass,not_applicable,,,已知函数 f(x) = 3^{x+1} - 2 的图像恒过定点 P，求点 P 的坐标。
bnu-high-ds-v1-s4-105,S4,upper,fill-in,Core,bnu-high-s4-指数运算与指数函数,指数运算与指数函数,必修 第一册,指数运算与指数函数,pass,none,high,stage-b,pass,pass,pass,pass,not_applicable,<,,,,存储答案“<”与独立解一致，解析正确说明单调性，无问题。,<,<,pass,none,<,pass,pass,not_applicable,,,比较大小：0.3^{0.5} ______ 0.3^{0.4}（填“>”“<”或“=”）。
bnu-high-ds-v1-s4-106,S4,upper,multiple-choice,Foundation,bnu-high-s4-指数运算与指数函数,指数运算与指数函数,必修 第一册,指数运算与指数函数,pass,none,high,stage-b,pass,pass,pass,pass,pass,C,,,,存储答案“y = 3^x”与独立解C一致，解析正确，唯一正确选项，无问题。,y = 3^x,y = 3^x,pass,none,C,pass,pass,pass,,,"下列函数中，在区间 (0, +∞) 上为增函数的是（ ）。"
bnu-high-ds-v1-s4-107,S4,upper,short-answer,Exam,bnu-high-s4-指数运算与指数函数,指数运算与指数函数,必修 第一册,指数运算与指数函数,pass,none,high,stage-b,pass,pass,pass,pass,not_applicable,x=3,,,,存储答案“x = 3”与独立解一致，解析正确，无问题。,x = 3,x = 3 | 3,pass,none,x=3,pass,pass,not_applicable,,,解方程：2^{x+1} + 2^x = 24。
bnu-high-ds-v1-s4-108,S4,upper,fill-in,Challenge,bnu-high-s4-指数运算与指数函数,指数运算与指数函数,必修 第一册,指数运算与指数函数,fail,blocker,high,stage-c,pass,pass,fail,fail,not_applicable,"[-1-√7, -1+√7]","[-1-√7, -1+√7]",math_error|answer_mismatch|explanation_contradiction,,"题目可解，独立求解得 x∈[-1-√7, -1+√7]。存储答案 [-2,3] 错误，解析中正确解得 -1-√7≤x≤-1+√7 却得出 [-2,3]，自相矛盾。","[-2, 3]","[-2, 3] | -2 ≤ x ≤ 3",pass,none,"[-3,2]",fail,fail,not_applicable,"[-1-√7, -1+√7]",blocker,若 2^{x^2} ≤ (1/4)^{x-3}，则 x 的取值范围是 ______。
bnu-high-ds-v1-s4-109,S4,upper,multiple-choice,Core,bnu-high-s4-对数运算与对数函数,对数运算与对数函数,必修 第一册,对数运算与对数函数,pass,none,high,stage-c,pass,pass,pass,pass,pass,B,,,,"题目可解，真数大于0解得x<1或x>2，定义域为(-∞,1)∪(2,+∞)，选项B正确且唯一。答案与解析均匹配，无数学错误或歧义，符合教材要求。","(-∞, 1) ∪ (2, +∞)","(-∞, 1) ∪ (2, +∞)",pass,none,B,pass,pass,pass,,none,函数 f(x) = log_2(x^2 - 3x + 2) 的定义域为（ ）。
bnu-high-ds-v1-s4-110,S4,upper,short-answer,Foundation,bnu-high-s4-对数运算与对数函数,对数运算与对数函数,必修 第一册,对数运算与对数函数,pass,none,high,stage-b,pass,pass,pass,pass,not_applicable,6,,,,存储答案“6”与独立解一致，解析正确，无问题。,6,6,pass,none,6,pass,pass,not_applicable,,,计算：log_3 27 + log_2 8 - log_5 1 = ______。
bnu-high-ds-v1-s4-111,S4,upper,fill-in,Exam,bnu-high-s4-对数运算与对数函数,对数运算与对数函数,必修 第一册,对数运算与对数函数,fail,blocker,high,stage-c,fail,pass,fail,fail,not_applicable,∅,∅,math_error|answer_mismatch|explanation_contradiction|unsolvable,,"真数 x²-2x+2=(x-1)²+1≥1，无法取遍所有正实数，故无论 a 取何正值且 a≠1，值域均非 R，满足条件的 a 不存在。存储答案“(0,1)∪(1,+∞)”错误，解析虽指出值域非 R 却给出空集，但存储答案仍为错误范围，题目条件无法满足，应判为不可解。","(0, 1) ∪ (1, +∞)","(0, 1) ∪ (1, +∞) | a>0且a≠1 | a>0, a≠1",pass,none,a>1,fail,fail,not_applicable,∅,blocker,已知函数 f(x) = log_{a}(x^2 - 2x + 2)（a > 0 且 a ≠ 1）的值域为 R，求实数 a 的取值范围。
bnu-high-ds-v1-s4-112,S4,upper,multiple-choice,Challenge,bnu-high-s4-对数运算与对数函数,对数运算与对数函数,必修 第一册,对数运算与对数函数,pass,none,high,stage-c,pass,pass,pass,pass,pass,B,,,,"题目可解，定义域为R要求Δ<0得-√3<a<√3，单调递增要求对称轴a≤1，取交集得(-√3,1]，选项B正确且唯一。解析与独立解一致，无数学错误，符合北师大版对数函数与函数性质综合要求。","(-√3, 1]","(-√3, 1]",pass,none,B,pass,pass,pass,,none,"已知函数 f(x) = log_{2}(x^2 - 2ax + 3) 的定义域为 R，且 f(x) 在区间 [1, +∞) 上单调递增，则实数 a 的取值范围是（ ）"
bnu-high-ds-v1-s4-113,S4,upper,short-answer,Core,bnu-high-s4-对数运算与对数函数,对数运算与对数函数,必修 第一册,对数运算与对数函数,pass,none,high,stage-b,pass,pass,pass,pass,not_applicable,3,,,,存储答案3与独立解一致，解析正确使用换底公式化简得3。,3,3,pass,none,3,pass,pass,not_applicable,,,计算：log_{2}3 · log_{3}4 · log_{4}5 · log_{5}6 · log_{6}7 · log_{7}8 的值。
bnu-high-ds-v1-s4-114,S4,upper,fill-in,Foundation,bnu-high-s4-对数运算与对数函数,对数运算与对数函数,必修 第一册,对数运算与对数函数,pass,none,high,stage-b,pass,pass,pass,pass,not_applicable,12,,,,存储答案12与独立解一致，解析由对数定义正确推导。,12,12,pass,none,12,pass,pass,not_applicable,,,已知 log_{a}2 = m，log_{a}3 = n，则 a^{2m + n} = ______。
bnu-high-ds-v1-s4-115,S4,upper,multiple-choice,Exam,bnu-high-s4-对数运算与对数函数,对数运算与对数函数,必修 第一册,对数运算与对数函数,pass,none,high,stage-b,pass,pass,pass,pass,pass,"(0, 1)",,,,"存储答案(0,1)与独立解一致，解析正确令真数为1得定点。选项唯一正确。","(0, 1)","(0, 1)",pass,none,"(0, 1)",pass,pass,pass,,,函数 f(x) = log_{a}(x + 1) + 1（a > 0 且 a ≠ 1）的图像恒过定点（ ）
bnu-high-ds-v1-s4-116,S4,upper,short-answer,Challenge,bnu-high-s4-对数运算与对数函数,对数运算与对数函数,必修 第一册,对数运算与对数函数,pass,none,high,stage-b,pass,pass,pass,pass,not_applicable,x=2,,,,存储答案x=2与独立解一致，解析正确求解并检验定义域。,x = 2,x = 2 | 2,pass,none,x=2,pass,pass,not_applicable,,,解方程：log_{2}(x - 1) + log_{2}(x + 2) = 2。
bnu-high-ds-v1-s4-117,S4,upper,fill-in,Core,bnu-high-s4-对数运算与对数函数,对数运算与对数函数,必修 第一册,对数运算与对数函数,pass,none,high,stage-b,pass,pass,pass,pass,not_applicable,2 或 1/2,,,,存储答案2或1/2与独立解一致，解析分单调性讨论正确。,2 或 1/2,"2 或 1/2 | 2或1/2 | 2, 1/2",pass,none,2 或 1/2,pass,pass,not_applicable,,,"已知函数 f(x) = log_{a}(x)（a > 0 且 a ≠ 1）在区间 [2, 4] 上的最大值与最小值之差为 1，则 a = ______。"
bnu-high-ds-v1-s4-118,S4,upper,multiple-choice,Foundation,bnu-high-s4-对数运算与对数函数,对数运算与对数函数,必修 第一册,对数运算与对数函数,pass,none,high,stage-b,pass,pass,pass,pass,pass,b < a < c,,,,存储答案b<a<c与独立解一致，解析利用单调性和中间值0正确比较。选项唯一正确。,b < a < c,b < a < c,pass,none,b < a < c,pass,pass,pass,,,"设 a = log_{0.3}2，b = log_{0.3}3，c = 0.3^2，则 a, b, c 的大小关系是（ ）"
bnu-high-ds-v1-s4-119,S4,upper,short-answer,Exam,bnu-high-s4-对数运算与对数函数,对数运算与对数函数,必修 第一册,对数运算与对数函数,pass,none,high,stage-b,pass,pass,pass,pass,not_applicable,"A=R, B=[0,+∞)",,,,"存储答案A=R, B=[0,+∞)与独立解一致，解析正确求定义域和值域。","A = R，B = [0, +∞)","A = R，B = [0, +∞) | A=R, B=[0,+∞) | A=R,B=[0,+∞)",pass,none,"A=R, B=[0,+∞)",pass,pass,not_applicable,,,已知函数 f(x) = log_{2}(x^2 - 2x + 2) 的定义域为 A，值域为 B，求 A 和 B。
bnu-high-ds-v1-s4-120,S4,upper,fill-in,Challenge,bnu-high-s4-对数运算与对数函数,对数运算与对数函数,必修 第一册,对数运算与对数函数,fail,blocker,high,stage-c,pass,pass,fail,fail,not_applicable,"(1, 2]","(1, 2]",math_error|answer_mismatch|explanation_contradiction,,"题目要求函数在[0,1]上是减函数，需同时满足单调性和定义域。真数2-ax>0在[0,1]恒成立，得a<2；但a=2时，x=1处真数为0，不在定义域内，故a≠2。由复合函数单调性得a>1。正确取值范围为1<a≤2。存储答案(1,2)遗漏端点2，解析未讨论a=2不可取，属于数学错误和答案不匹配。","(1, 2)","(1, 2) | 1<a<2",pass,none,"(1, 2]",fail,fail,not_applicable,"(1, 2]",blocker,"已知函数 f(x) = log_{a}(2 - ax) 在区间 [0, 1] 上是减函数，则实数 a 的取值范围是 ______。"
bnu-high-ds-v1-s4-121,S4,upper,multiple-choice,Core,bnu-high-s4-对数运算与对数函数,对数运算与对数函数,必修 第一册,对数运算与对数函数,fail,blocker,high,stage-c,pass,pass,fail,fail,pass,B,B,math_error|answer_mismatch|explanation_contradiction,,"题目可解，定点 P(2,2) 代入幂函数得 2^b=2，解得 b=1，对应选项 B。存储答案选 A（0），解析中计算得 b=1 却错误选 A，答案与解析矛盾，且唯一正确选项为 B。",A. 0,A. 0,pass,none,A,fail,fail,fail,B,blocker,已知函数 f(x) = log_{a}(x-1) + 2（a>0 且 a≠1）的图像恒过定点 P，且点 P 在幂函数 g(x) = x^b 的图像上，则 b 的值为（ ）。
bnu-high-ds-v1-s4-122,S4,upper,short-answer,Foundation,bnu-high-s4-对数运算与对数函数,对数运算与对数函数,必修 第一册,对数运算与对数函数,pass,none,high,stage-b,pass,pass,pass,pass,not_applicable,3,,,,存储答案 3 与 Stage A 独立解一致，解析正确。,3,3,pass,none,3,pass,pass,not_applicable,,,计算：log_2 3 · log_3 4 · log_4 5 · log_5 8 的值。
bnu-high-ds-v1-s4-123,S4,upper,fill-in,Exam,bnu-high-s4-对数运算与对数函数,对数运算与对数函数,必修 第一册,对数运算与对数函数,pass,none,high,stage-b,pass,pass,pass,pass,not_applicable,"(-4, 4]",,,,"存储答案 (-4, 4] 与 Stage A 独立解一致，解析正确。","(-4, 4]","(-4, 4]",pass,none,"(-4, 4]",pass,pass,not_applicable,,,"若函数 f(x) = log_{0.5}(x^2 - ax + 3a) 在区间 [2, +∞) 上是减函数，则实数 a 的取值范围是______。"
bnu-high-ds-v1-s4-124,S4,upper,multiple-choice,Core,bnu-high-s4-对数运算与对数函数,对数运算与对数函数,必修 第一册,对数运算与对数函数,pass,none,high,stage-b,pass,pass,pass,pass,pass,D,,,,存储答案 D 与 Stage A 独立解一致，解析正确。,D. c < b < a,D. c < b < a,pass,none,D,pass,pass,pass,,,"设 a = log_0.2 0.3，b = log_2 0.3，c = log_2 0.4，则 a, b, c 的大小关系是（ ）。"
bnu-high-ds-v1-s4-125,S4,upper,short-answer,Foundation,bnu-high-s4-对数运算与对数函数,对数运算与对数函数,必修 第一册,对数运算与对数函数,pass,none,high,stage-b,pass,pass,pass,pass,not_applicable,x=2,,,,存储答案 x=2 与 Stage A 独立解一致，解析正确。,x=2,x=2,pass,none,x=2,pass,pass,not_applicable,,,解方程：log_2 (x-1) + log_2 (x+2) = 2。
bnu-high-ds-v1-s4-126,S4,upper,fill-in,Exam,bnu-high-s4-对数运算与对数函数,对数运算与对数函数,必修 第一册,对数运算与对数函数,pass,none,high,stage-b,pass,pass,pass,pass,not_applicable,0,,,,存储答案 0 与 Stage A 独立解一致，解析正确。,0,0,pass,none,0,pass,pass,not_applicable,,,已知函数 f(x) = ln(x + √(x^2+1))，若 f(a) + f(b) = 0，则 a + b = ______。
bnu-high-ds-v1-s4-127,S4,upper,multiple-choice,Core,bnu-high-s4-对数运算与对数函数,对数运算与对数函数,必修 第一册,对数运算与对数函数,pass,none,high,stage-b,pass,pass,pass,pass,pass,C,,,,存储答案 C 与 Stage A 独立解一致，解析正确。,"C. (3, +∞)","C. (3, +∞)",pass,none,C,pass,pass,pass,,,函数 f(x) = log_2 (x^2 - 2x - 3) 的单调递增区间是（ ）。
bnu-high-ds-v1-s4-128,S4,upper,short-answer,Foundation,bnu-high-s4-对数运算与对数函数,对数运算与对数函数,必修 第一册,对数运算与对数函数,pass,none,high,stage-b,pass,pass,pass,pass,not_applicable,1,,,,存储答案 1 与 Stage A 独立解一致，解析正确。,1,1,pass,none,1,pass,pass,not_applicable,,,已知 2^a = 5^b = 10，求 1/a + 1/b 的值。
bnu-high-ds-v1-s4-129,S4,upper,fill-in,Exam,bnu-high-s4-对数运算与对数函数,对数运算与对数函数,必修 第一册,对数运算与对数函数,pass,none,high,stage-b,pass,pass,pass,pass,not_applicable,a = √2/2,,,,存储答案与独立解一致，均为√2/2，解析正确推导出2a^2=1并舍去负值。,√2/2,√2/2,pass,none,a = √2/2,pass,pass,not_applicable,,,若函数 f(x) = log_a (x + √(x^2+2a^2)) 是奇函数，则实数 a 的值为______。
bnu-high-ds-v1-s4-130,S4,upper,multiple-choice,Core,bnu-high-s4-对数运算与对数函数,对数运算与对数函数,必修 第一册,对数运算与对数函数,fail,blocker,high,stage-c,fail,pass,fail,fail,fail,,,ambiguous_mc|missing_condition|explanation_contradiction,,"题目未指定a>1或0<a<1，f(1)=0无法确定a，导致解集不唯一。存储答案B仅对应a>1情形，忽略0<a<1时解集(0,1)，造成多解且选项不唯一，解析错误默认a>1。","B. (1, +∞)","B. (1, +∞)",pass,none,B,fail,fail,fail,,blocker,"已知函数 f(x) = log_a (2^x - 1)（a>0 且 a≠1）的图像经过点 (1, 0)，则不等式 f(x) > 0 的解集是（ ）。"
bnu-high-ds-v1-s4-131,S4,upper,short-answer,Foundation,bnu-high-s4-对数运算与对数函数,对数运算与对数函数,必修 第一册,对数运算与对数函数,pass,none,high,stage-b,pass,pass,pass,pass,not_applicable,4,,,,存储答案4与独立解一致，解析正确使用对数运算法则和换底公式。,4,4,pass,none,4,pass,pass,not_applicable,,,计算：\(\log_{2}24 - \log_{2}6 + \log_{3}5 \cdot \log_{5}9\)。
bnu-high-ds-v1-s4-132,S4,upper,fill-in,Exam,bnu-high-s4-对数运算与对数函数,对数运算与对数函数,必修 第一册,对数运算与对数函数,fail,blocker,high,stage-c,fail,pass,fail,fail,not_applicable,,,math_error|unsolvable|explanation_contradiction,self_correction_language,"对数函数 f(x)=log_a(2x-1) 恒过定点 P(1,0)，代入幂函数 g(x)=x^α 得 1^α=0，无解。题目条件矛盾，无法求解。存储答案 α=0 错误，解析中由 0=1^α 推出 α=0 不成立。",0,0,pass,none,α = 0,fail,fail,not_applicable,,blocker,已知函数 \(f(x) = \log_{a}(2x-1)\)（\(a>0\) 且 \(a \neq 1\)）的图像恒过定点 \(P\)，且点 \(P\) 在幂函数 \(g(x) = x^{\alpha}\) 的图像上，则 \(\alpha =\) ______。
bnu-high-ds-v1-s4-133,S4,upper,multiple-choice,Core,bnu-high-s4-对数运算与对数函数,对数运算与对数函数,必修 第一册,对数运算与对数函数,pass,none,high,stage-b,pass,pass,pass,pass,pass,A,,,,"存储答案A与独立解一致，解析正确考虑根号非负和对数真数条件，得出(1,2]。","A. \((1, 2]\)","A. \((1, 2]\)",pass,none,A,pass,pass,pass,,,函数 \(f(x) = \sqrt{\log_{0.5}(x-1)}\) 的定义域为（ ）
bnu-high-ds-v1-s4-134,S4,upper,short-answer,Foundation,bnu-high-s4-对数运算与对数函数,对数运算与对数函数,必修 第一册,对数运算与对数函数,pass,none,high,stage-b,pass,pass,pass,pass,not_applicable,(3+ab)/(1+a+ab),,,,存储答案(3+ab)/(1+a+ab)与独立解一致，解析正确使用换底公式和已知条件。,\(\frac{3+ab}{1+a+ab}\),\(\frac{3+ab}{1+a+ab}\) | \frac{3+ab}{1+a+ab},pass,none,(3+ab)/(1+a+ab),pass,pass,not_applicable,,,"已知 \(\log_{2}3 = a\)，\(\log_{3}7 = b\)，用 \(a, b\) 表示 \(\log_{42}56\)。"
bnu-high-ds-v1-s4-135,S4,upper,fill-in,Exam,bnu-high-s4-对数运算与对数函数,对数运算与对数函数,必修 第一册,对数运算与对数函数,pass,none,high,stage-b,pass,pass,pass,pass,not_applicable,"(-4, 4]",,,,"存储答案(-4,4]与独立解一致，解析正确利用复合函数单调性和真数恒正条件。","\((-4, 4]\)","\((-4, 4]\) | (-4, 4]",pass,none,"(-4, 4]",pass,pass,not_applicable,,,"若函数 \(f(x) = \log_{2}(x^{2} - ax + 3a)\) 在区间 \([2, +\infty)\) 上是增函数，则实数 \(a\) 的取值范围是 ______。"
bnu-high-ds-v1-s4-136,S4,upper,multiple-choice,Core,bnu-high-s4-对数运算与对数函数,对数运算与对数函数,必修 第一册,对数运算与对数函数,pass,none,high,stage-b,pass,pass,pass,pass,pass,B,,,,存储答案B与独立解一致，解析正确判断各数范围并比较大小。,B. \(b < a < c\),B. \(b < a < c\),pass,none,B,pass,pass,pass,,,"设 \(a = \log_{0.2}0.3\)，\(b = \log_{2}0.3\)，\(c = 2^{0.3}\)，则 \(a, b, c\) 的大小关系是（ ）"
bnu-high-ds-v1-s4-137,S4,upper,short-answer,Foundation,bnu-high-s4-对数运算与对数函数,对数运算与对数函数,必修 第一册,对数运算与对数函数,fail,blocker,high,stage-c,pass,pass,fail,fail,not_applicable,x = 5,x = 5,math_error|answer_mismatch|explanation_contradiction,,方程可解，正确解为 x=5（x=-3 舍去）。存储答案 x=2 错误，解析过程虽正确但最终给出错误答案，与正确解矛盾。,\(x = 2\),\(x = 2\) | x=2,pass,none,x = 5,fail,fail,not_applicable,x = 5,blocker,解方程：\(\log_{2}(x+1) - \log_{4}(x+4) = 1\)。
bnu-high-ds-v1-s4-138,S4,upper,fill-in,Exam,bnu-high-s4-对数运算与对数函数,对数运算与对数函数,必修 第一册,对数运算与对数函数,pass,none,high,stage-b,pass,pass,pass,pass,not_applicable,2,,,,存储答案 2 与 Stage A 独立解一致，解析正确利用了 f(x)+f(-x)=2 的性质。,2,2,pass,none,2,pass,pass,not_applicable,,,已知函数 \(f(x) = \ln(\sqrt{1+9x^{2}} - 3x) + 1\)，则 \(f(\lg 2) + f(\lg \frac{1}{2}) =\) ______。
bnu-high-ds-v1-s4-139,S4,upper,multiple-choice,Core,bnu-high-s4-对数运算与对数函数,对数运算与对数函数,必修 第一册,对数运算与对数函数,pass,none,high,stage-b,pass,pass,pass,pass,pass,B,,,,存储答案 B 与 Stage A 独立解一致，解析正确求定义域并判断复合函数单调性。,"B. \((3, +\infty)\)","B. \((3, +\infty)\)",pass,none,B,pass,pass,pass,,,函数 \(f(x) = \log_{2}(x^{2} - 2x - 3)\) 的单调递增区间是（ ）
bnu-high-ds-v1-s4-140,S4,upper,short-answer,Foundation,bnu-high-s4-对数运算与对数函数,对数运算与对数函数,必修 第一册,对数运算与对数函数,pass,none,high,stage-b,pass,pass,pass,pass,not_applicable,1,,,,存储答案 1 与 Stage A 独立解一致，解析正确利用对数换底公式。,1,1,pass,none,1,pass,pass,not_applicable,,,已知 \(2^{a} = 5^{b} = 10\)，求 \(\frac{1}{a} + \frac{1}{b}\) 的值。
bnu-high-ds-v1-s4-141,S4,upper,fill-in,Exam,bnu-high-s4-对数运算与对数函数,对数运算与对数函数,必修 第一册,对数运算与对数函数,pass,none,high,stage-b,pass,pass,pass,pass,not_applicable,a > 1,,,,存储答案 a>1 与 Stage A 独立解一致，解析正确分析定义域和复合函数单调性。,a > 1,"a > 1 | a>1 | (1, +∞) | (1,+∞)",pass,none,a > 1,pass,pass,not_applicable,,,"已知函数 f(x) = log_{a}(x^2 - 3x + 2) 在区间 [3, +∞) 上单调递增，求实数 a 的取值范围。"
bnu-high-ds-v1-s4-142,S4,upper,multiple-choice,Core,bnu-high-s4-对数运算与对数函数,对数运算与对数函数,必修 第一册,对数运算与对数函数,pass,none,high,stage-b,pass,pass,pass,pass,pass,c < b < a,,,,存储答案 c<b<a 与 Stage A 独立解一致，解析通过换底公式或单调性判断正确。,c < b < a,c < b < a,pass,none,c < b < a,pass,pass,pass,,,"设 a = log_2 3，b = log_3 4，c = log_4 5，则 a, b, c 的大小关系是（　）"
bnu-high-ds-v1-s4-143,S4,upper,short-answer,Foundation,bnu-high-s4-对数运算与对数函数,对数运算与对数函数,必修 第一册,对数运算与对数函数,pass,none,high,stage-b,pass,pass,pass,pass,not_applicable,"(-1, 3)",,,,"存储答案 (-1,3) 与 Stage A 独立解一致，解析正确求解二次不等式。","(-1, 3)","(-1, 3) | -1<x<3 | (-1,3)",pass,none,"(-1, 3)",pass,pass,not_applicable,,,求函数 y = log_{0.5}(-x^2 + 2x + 3) 的定义域。
bnu-high-ds-v1-s4-144,S4,upper,fill-in,Exam,bnu-high-s4-对数运算与对数函数,对数运算与对数函数,必修 第一册,对数运算与对数函数,pass,none,high,stage-b,pass,pass,pass,pass,not_applicable,9,,,,存储答案 9 与 Stage A 独立解一致，解析正确利用对数定义逐步求解。,9,9,pass,none,9,pass,pass,not_applicable,,,若 log_2 (log_3 x) = 1，则 x 的值为______。
bnu-high-ds-v1-s4-145,S4,upper,multiple-choice,Core,bnu-high-s4-函数应用,函数应用,必修 第一册,函数应用,fail,blocker,high,stage-c,pass,pass,fail,fail,pass,6,6,math_error|explanation_contradiction,,题目可解，符合北师大版函数应用章节。独立求解得 x>log_{1.2}3≈6.03，最小整数为6。但存储答案为7，解析中计算得 x>6.03 却错误给出7，存在数学错误和解析矛盾，必须修正。,7,7,pass,none,6,fail,fail,pass,6,blocker,"某公司今年年初投入 100 万元用于研发，预计研发投入每年比上一年增长 20%。设经过 x 年后研发投入首次超过 300 万元，则 x 的最小整数值为（　）\n（参考数据：lg2≈0.3010，lg3≈0.4771）"
bnu-high-ds-v1-s4-146,S4,upper,short-answer,Foundation,bnu-high-s4-函数应用,函数应用,必修 第一册,函数应用,fail,blocker,high,stage-c,pass,pass,fail,fail,not_applicable,1,1,math_error|explanation_contradiction,,"f(1)=0，零点为1，在区间(1,2)内，故k=1。存储答案0错误，解析称零点在(0,1)内与计算矛盾。",0,0,pass,none,1,fail,fail,not_applicable,1,blocker,"已知函数 f(x) = 2^x + x - 3 的零点在区间 (k, k+1) (k∈Z) 内，求 k 的值。"
bnu-high-ds-v1-s4-147,S4,upper,fill-in,Exam,bnu-high-s4-函数应用,函数应用,必修 第一册,函数应用,pass,none,high,stage-b,pass,pass,pass,pass,not_applicable,4,,,,存储答案4与Stage A独立解一致，解析正确。,4,4,pass,none,4,pass,pass,not_applicable,,,"用二分法求方程 x^3 - 2x - 5 = 0 在区间 [2, 3] 内的近似解，精确到 0.1，则至少需要二分______次。"
bnu-high-ds-v1-s4-148,S4,upper,multiple-choice,Core,bnu-high-s4-函数应用,函数应用,必修 第一册,函数应用,pass,none,high,stage-b,pass,pass,pass,pass,pass,0.04,,,,存储答案0.04与Stage A独立解一致，解析正确。,0.04,0.04,pass,none,0.04,pass,pass,pass,,,"某地区 2018 年人口为 50 万，2023 年人口为 60 万。若人口按指数模型 y = ae^{kt}（t 为年份，设 2018 年 t=0）增长，则 k 的值最接近（　）\n（参考数据：ln2≈0.6931，ln3≈1.0986，ln5≈1.6094）"
bnu-high-ds-v1-s4-149,S4,upper,short-answer,Foundation,bnu-high-s4-函数应用,函数应用,必修 第一册,函数应用,pass,none,high,stage-b,pass,pass,pass,pass,not_applicable,"y=(x-60)(400-2x)，定义域[100,200]",,,,存储答案与Stage A独立解一致，解析正确。,"y = (x - 60)(400 - 2x)，定义域为 [100, 200]","y = (x - 60)(400 - 2x)，定义域为 [100, 200] | y=(x-60)(400-2x)，定义域为[100,200]",pass,none,"y=(x-60)(400-2x)，定义域[100,200]",pass,pass,not_applicable,,,某商品单价为 100 元时，月销量为 200 件；单价每提高 10 元，月销量减少 20 件。设单价为 x 元，月利润为 y 元，成本为每件 60 元。求 y 关于 x 的函数解析式，并写出定义域。
bnu-high-ds-v1-s4-150,S4,upper,fill-in,Exam,bnu-high-s4-函数应用,函数应用,必修 第一册,函数应用,pass,none,high,stage-b,pass,pass,pass,pass,not_applicable,1,,,,存储答案1与Stage A独立解一致，解析正确。,1,1,pass,none,1,pass,pass,not_applicable,,,"已知函数 f(x) = x^2 - 2x + a 在区间 [0, 3] 上的最大值为 4，则实数 a 的值为______。"
bnu-high-ds-v1-s4-151,S4,upper,multiple-choice,Core,bnu-high-s4-函数应用,函数应用,必修 第一册,函数应用,pass,none,high,stage-b,pass,pass,pass,pass,pass,车费22.5元，不存在零点,,,,存储答案与Stage A独立解一致，解析正确。,车费22.5元，不存在零点,车费22.5元，不存在零点,pass,none,车费22.5元，不存在零点,pass,pass,pass,,,某城市出租车收费标准如下：起步价10元（含3公里），超过3公里后每公里2.5元。设行驶里程为x公里（x≥0），车费为y元。则车费y关于里程x的函数模型为分段函数。当x=8时，车费为多少元？该函数是否存在零点？
bnu-high-ds-v1-s4-152,S4,upper,short-answer,Foundation,bnu-high-s4-函数应用,函数应用,必修 第一册,函数应用,pass,none,high,stage-b,pass,pass,pass,pass,not_applicable,"S=p(200-4p)，定义域[20,50]",,,,存储答案与Stage A独立解一致，解析正确。,"S(p)=p(200-4p)，定义域为[20,50]","S(p)=p(200-4p)，定义域为[20,50]",pass,none,"S=p(200-4p)，定义域[20,50]",pass,pass,not_applicable,,,某公司推出新产品，市场调研发现日销售量Q（件）与单价p（元）近似满足关系Q=200-4p（20≤p≤50）。写出日销售额S关于单价p的函数表达式，并指出该函数的定义域。
bnu-high-ds-v1-s4-153,S4,upper,fill-in,Exam,bnu-high-s4-函数应用,函数应用,必修 第一册,函数应用,fail,blocker,high,stage-c,pass,pass,fail,fail,not_applicable,"[0,1]","[0,1]",math_error|answer_mismatch|explanation_contradiction,,"f(0)=ln2-1<0，f(2)=ln4-1>0，中点1处f(1)=ln3-1>0，故零点在[0,1]。存储答案[1,2]错误，解析也指出应为[0,1]，与答案矛盾。","[1,2]","[1,2]",pass,none,"[1,2]",fail,fail,not_applicable,"[0,1]",blocker,"已知函数f(x)=ln(x+2)-1。用二分法求f(x)在区间[0,2]内的零点近似值，精确到0.1。完成一次二分后，零点所在的新区间为______。"
bnu-high-ds-v1-s4-154,S4,upper,multiple-choice,Core,bnu-high-s4-函数应用,函数应用,必修 第一册,函数应用,pass,none,high,stage-b,pass,pass,pass,pass,pass,约4.6周,,,,存储答案、解析与Stage A独立解一致，均为约4.6周，计算正确。,约4.6周,约4.6周,pass,none,约4.6周,pass,pass,pass,,,某湖泊中藻类数量N（万个/升）随时间t（周）的变化近似满足N(t)=50·e^{0.3t}。环保部门规定当N≥200时必须治理。大约经过多少周需要开始治理？（参考数据：ln2≈0.693，ln5≈1.609）
bnu-high-ds-v1-s4-155,S4,upper,short-answer,Foundation,bnu-high-s4-函数应用,函数应用,必修 第一册,函数应用,pass,none,high,stage-b,pass,pass,pass,pass,not_applicable,p随x增大而减小，趋近于0.02；模型合理，因为批量增大时次品率下降并趋于稳定。,,,,存储答案、解析与Stage A独立解一致，均描述p减小趋近0.02且模型合理。,p逐渐减小趋近0.02，模型合理，因为批量增大时次品率下降并趋于稳定。,p逐渐减小趋近0.02，模型合理，因为批量增大时次品率下降并趋于稳定。,pass,none,p随x增大而减小，趋近于0.02；模型合理，因为批量增大时次品率下降并趋于稳定。,pass,pass,not_applicable,,,某工厂生产一种零件，次品率p与生产批量x（百件）的关系为p=0.02+0.1/x（x≥1）。解释当x增大时p的变化趋势，并说明该模型是否合理。
bnu-high-ds-v1-s4-156,S4,upper,fill-in,Exam,bnu-high-s4-函数应用,函数应用,必修 第一册,函数应用,pass,none,high,stage-b,pass,pass,pass,pass,not_applicable,"[2,2.5]",,,,"存储答案[2,2.5]与Stage A独立解一致，解析正确。","[2,2.5]","[2,2.5]",pass,none,"[2,2.5]",pass,pass,not_applicable,,,"用二分法求方程x^3-2x-5=0在区间[2,3]内的近似解，精确到0.1。完成一次二分后，解所在的新区间为______。"
bnu-high-ds-v1-s4-157,S4,upper,multiple-choice,Core,bnu-high-s4-函数应用,函数应用,必修 第一册,函数应用,pass,none,high,stage-b,pass,pass,pass,pass,pass,指数函数y=0.8·1.5^x,,,,存储答案指数函数与Stage A独立解一致，解析拟合数据正确。,指数函数y=0.8·1.5^x,指数函数y=0.8·1.5^x,pass,none,指数函数y=0.8·1.5^x,pass,pass,pass,,,某手机应用的用户数y（万人）随时间x（月）变化的数据如下：x=1时y=1.2，x=2时y=1.8，x=3时y=2.7，x=4时y=4.1。最合适的函数模型是？
bnu-high-ds-v1-s4-158,S4,upper,short-answer,Foundation,bnu-high-s4-函数应用,函数应用,必修 第一册,函数应用,pass,none,high,stage-b,pass,pass,pass,pass,not_applicable,约34.65年,,,,存储答案约34.65年与Stage A独立解一致，解析计算正确。,约34.65年,约34.65年,pass,none,约34.65年,pass,pass,not_applicable,,,某城市人口数量N（万人）与时间t（年）满足N(t)=100·e^{0.02t}。求人口翻一番所需的时间。（参考数据：ln2≈0.693）
bnu-high-ds-v1-s4-159,S4,upper,fill-in,Exam,bnu-high-s4-函数应用,函数应用,必修 第一册,函数应用,pass,none,high,stage-b,pass,pass,pass,pass,not_applicable,0.25,,,,存储答案0.25与Stage A独立解一致，解析正确。,0.25,0.25,pass,none,0.25,pass,pass,not_applicable,,,"已知函数f(x)=2^x+x-4。用二分法求f(x)在区间[1,2]内的零点近似值，精确到0.1。完成两次二分后，零点所在区间长度为______。"
bnu-high-ds-v1-s4-160,S4,upper,multiple-choice,Core,bnu-high-s4-函数应用,函数应用,必修 第一册,函数应用,pass,none,high,stage-b,pass,pass,pass,pass,pass,25元,,,,存储答案25元与Stage A独立解一致，解析正确。,25元,25元,pass,none,25元,pass,pass,pass,,,某商品价格p（元）与销量q（件）满足q=100-2p。销售额S=pq。为使S最大，价格应定为多少？
bnu-high-ds-v1-s4-161,S4,upper,short-answer,Foundation,bnu-high-s4-函数应用,函数应用,必修 第一册,函数应用,pass,none,high,stage-b,pass,pass,pass,pass,not_applicable,13公里,,,,存储答案13公里与独立解一致，解析正确。,13公里,13公里 | 13,pass,none,13公里,pass,pass,not_applicable,,,某城市出租车收费标准如下：起步价10元（含3公里），超过3公里后每公里2.5元。若乘客从甲地到乙地共支付车费35元，求甲、乙两地间的距离。
bnu-high-ds-v1-s4-162,S4,upper,fill-in,Exam,bnu-high-s4-函数应用,函数应用,必修 第一册,函数应用,pass,none,high,stage-b,pass,pass,pass,pass,not_applicable,0.3,,,,存储答案0.3与独立解一致，解析过程正确。,0.3,0.3 | 0.3左右,pass,none,0.3,pass,pass,not_applicable,,,"已知函数f(x)=x^3-3x+1在区间[-2,2]上有三个零点，其中一个零点在区间(0,1)内。用二分法求该零点的近似值，精确到0.1。"
bnu-high-ds-v1-s4-163,S4,upper,multiple-choice,Core,bnu-high-s4-函数应用,函数应用,必修 第一册,函数应用,pass,none,high,stage-b,pass,pass,pass,pass,pass,C,,,,存储答案C正确，解析与独立解一致，唯一正确选项。,y=100×1.05^(x-1),y=100×1.05^(x-1),pass,none,C,pass,pass,pass,,,某公司今年1月份的产值为100万元，以后每月比上月增长5%。设第x个月（x≥1）的产值为y万元，则y关于x的函数模型是（ ）。
bnu-high-ds-v1-s4-164,S4,upper,short-answer,Foundation,bnu-high-s4-函数应用,函数应用,必修 第一册,函数应用,pass,none,high,stage-b,pass,pass,pass,pass,not_applicable,"y=(x-40)[200-5(x-60)]，x的取值范围是[60,100]",,,,存储答案与独立解一致，解析正确。,"y=(x-40)[200-5(x-60)]，x∈[60,100]","y=(x-40)[200-5(x-60)]，x∈[60,100] | y=(x-40)(500-5x)，x∈[60,100]",pass,none,"y=(x-40)[200-5(x-60)]，x的取值范围是[60,100]",pass,pass,not_applicable,,,某商品进价为每件40元，售价为每件60元时，每月可售出200件。市场调查表明：售价每上涨1元，月销量减少5件。设售价为x元，月利润为y元，求y与x的函数关系式，并指出x的取值范围。
bnu-high-ds-v1-s4-165,S4,upper,fill-in,Exam,bnu-high-s4-函数应用,函数应用,必修 第一册,函数应用,pass,none,high,stage-b,pass,pass,pass,pass,not_applicable,1.6,,,,存储答案1.6与独立解一致，解析过程正确。,1.6,1.6 | 1.6左右,pass,none,1.6,pass,pass,not_applicable,,,"用二分法求方程ln x + x - 2 = 0在区间[1,2]内的近似解，精确到0.1。"
bnu-high-ds-v1-s4-166,S4,upper,multiple-choice,Core,bnu-high-s4-函数应用,函数应用,必修 第一册,函数应用,fail,blocker,high,stage-c,pass,pass,fail,fail,pass,0,0,math_error|answer_mismatch|explanation_contradiction,,"函数f(x)=2^x+x-3，f(0)=-2<0，f(1)=0，零点为1。零点在区间(k,k+1)内，k∈Z，则k=0时区间为(0,1)，包含零点1；k=1时区间为(1,2)，不包含零点1。存储答案1错误，解析称零点在(1,2)内与事实矛盾。正确答案为0。",1,1,pass,none,A,fail,fail,fail,0,blocker,"已知函数f(x)=2^x+x-3的零点在区间(k,k+1)内，k∈Z，则k=（ ）。"
bnu-high-ds-v1-s4-167,S4,upper,short-answer,Foundation,bnu-high-s4-函数应用,函数应用,必修 第一册,函数应用,pass,none,high,stage-b,pass,pass,pass,pass,not_applicable,10公里,,,,存储答案10公里与独立解一致，解析正确。,10公里,10公里 | 10,pass,none,10公里,pass,pass,not_applicable,,,某地出租车计费规则：3公里以内收费8元，超过3公里后每公里收费1.8元。若乘客支付车费20.6元，求乘车里程。
bnu-high-ds-v1-s4-168,S4,upper,fill-in,Exam,bnu-high-s4-函数应用,函数应用,必修 第一册,函数应用,pass,none,high,stage-b,pass,pass,pass,pass,not_applicable,3.0,,,,存储答案3.0与独立解一致，解析正确。,3.0,3.0 | 3,pass,none,3.0,pass,pass,not_applicable,,,"已知函数f(x)=x^2-2x-3在区间[1,4]上有零点，用二分法求该零点的近似值，精确到0.1。"
bnu-high-ds-v1-s4-169,S4,upper,multiple-choice,Core,bnu-high-s4-函数应用,函数应用,必修 第一册,函数应用,pass,none,high,stage-b,pass,pass,pass,pass,pass,6667,,,,存储答案6667与独立解一致，解析正确，选项唯一。,6667,6667,pass,none,6667,pass,pass,pass,,,某工厂生产一种产品，固定成本为200万元，每生产一件产品的可变成本为500元。若产品售价为每件800元，则盈亏平衡点（利润为零时的产量）为（ ）件。
bnu-high-ds-v1-s4-170,S4,upper,short-answer,Foundation,bnu-high-s4-函数应用,函数应用,必修 第一册,函数应用,fail,blocker,high,stage-c,pass,pass,fail,fail,not_applicable,"y=(x-30)(1000+20(50-x))，x∈(30,50]","y=(x-30)(1000+20(50-x))，x∈(30,50]",math_error|missing_condition,,"存储答案x∈[30,100]错误：未考虑定价通常不高于原价50元，且x=30时利润为0，实际取值范围应为(30,50]。","y=(x-30)[1000+20(50-x)]，x∈[30,100]","y=(x-30)[1000+20(50-x)]，x∈[30,100] | y=(x-30)(2000-20x)，x∈[30,100]",pass,none,"y=(x-30)(1000+20(50-x))，x的取值范围为30<x≤50（或x∈(30,50]）",fail,fail,not_applicable,"y=(x-30)(1000+20(50-x))，x∈(30,50]",blocker,某公司推出新产品，市场调研显示：产品定价为每件50元时，月销量为1000件；定价每降低1元，月销量增加20件。设定价为x元，月利润为y元，成本为每件30元。求y与x的函数关系式，并指出x的取值范围。
bnu-high-ds-v1-s4-171,S4,upper,fill-in,Exam,bnu-high-s4-函数应用,函数应用,必修 第一册,函数应用,pass,none,high,stage-b,pass,pass,pass,pass,not_applicable,15.7,,,,存储答案14.3与独立解一致，解析正确。,14.3,14.3,pass,none,15.7,pass,pass,not_applicable,,,某城市出租车收费标准如下：起步价10元（含3公里），超过3公里但不超过10公里的部分每公里2元，超过10公里的部分每公里3元。设行驶里程为x公里（x>0），车费为y元。若某乘客支付了37元，则他行驶的里程约为______公里。（结果保留一位小数）
bnu-high-ds-v1-s4-172,S4,upper,multiple-choice,Core,bnu-high-s4-函数应用,函数应用,必修 第一册,函数应用,fail,blocker,high,stage-c,pass,pass,fail,fail,fail,D,第10天的感染人数约为1900,math_error|ambiguous_mc|explanation_contradiction,,题目可解，独立解为D。存储答案选A错误，解析中A正确但实际A错误，且D被错误否定，导致无正确选项，属于严重错误。,当t=0时，感染人数为100,当t=0时，感染人数为100,pass,none,D,fail,fail,fail,第10天的感染人数约为1900,blocker,某地一种传染病的感染人数随时间变化的函数模型为N(t)=2000/(1+19e^{-0.5t})，其中t≥0为天数。关于该模型，下列说法正确的是：
bnu-high-ds-v1-s4-173,S4,upper,short-answer,Foundation,bnu-high-s4-函数应用,函数应用,必修 第一册,函数应用,pass,none,high,stage-b,pass,pass,pass,pass,not_applicable,"L=1000(50-2p)(p-10)-20000，p的取值范围为10<p<25（或p∈(10,25)）",,,,存储答案与独立解一致，解析正确。,"L(p)=1000(50-2p)(p-10)-20000，p∈(10,25)","L(p)=1000(50-2p)(p-10)-20000，p∈(10,25) | L(p)=1000(50-2p)(p-10)-20000, p∈(10,25)",pass,none,"L=1000(50-2p)(p-10)-20000，p的取值范围为10<p<25（或p∈(10,25)）",pass,pass,not_applicable,,,某公司推出一种新产品，市场调查显示：产品定价为p元时，月销售量q（千件）满足q=50-2p。生产成本为每件10元，固定成本为20000元。请建立月利润L（元）关于定价p的函数模型，并指出p的取值范围。
bnu-high-ds-v1-s4-174,S4,upper,fill-in,Exam,bnu-high-s4-函数应用,函数应用,必修 第一册,函数应用,pass,none,high,stage-b,pass,pass,pass,pass,not_applicable,4,,,,存储答案4与独立解一致，解析正确。,4,4,pass,none,4,pass,pass,not_applicable,,,"已知函数f(x)=x^3-3x-1在区间[-2,2]上有三个零点，利用二分法求f(x)在[1,2]内的零点近似值时，若精确度为0.1，则至少需要进行______次二分。"
bnu-high-ds-v1-s4-175,S4,upper,multiple-choice,Core,bnu-high-s4-函数应用,函数应用,必修 第一册,函数应用,fail,blocker,high,stage-c,pass,pass,fail,fail,fail,B,线性模型中的c值约为0.2,math_error|answer_mismatch|explanation_contradiction,,题目可解，独立计算得k=ln3/10≈0.10986，c=0.2，指数预测9倍，线性预测5倍，仅B正确。但存储答案选A且解析自相矛盾，导致无正确选项，属于严重错误。,指数模型中的k值约为0.0693,指数模型中的k值约为0.0693,pass,none,A,fail,fail,fail,线性模型中的c值约为0.2,blocker,某地GDP从2010年到2020年增长了2倍，若分别用指数增长模型y=a·e^{kt}和线性增长模型y=b+ct拟合，其中t为年数（2010年t=0）。关于这两个模型，下列说法正确的是：
bnu-high-ds-v1-s4-176,S4,upper,short-answer,Foundation,bnu-high-s4-函数应用,函数应用,必修 第一册,函数应用,pass,none,high,stage-b,pass,pass,pass,pass,not_applicable,"t=1或t=5或t=13（舍去）或t=17（舍去），在[0,12]内为t=1和t=5",,,,存储答案与独立解一致，解析正确。,t=1或t=5或t=13（舍去）或t=17（舍去），故t=1或5,t=1或t=5或t=13（舍去）或t=17（舍去），故t=1或5 | t=1或5 | t=1或t=5 | 1或5,pass,none,"t=1或t=5或t=13（舍去）或t=17（舍去），在[0,12]内为t=1和t=5",pass,pass,not_applicable,,,"某水库的水位高度h（米）与时间t（天）的关系近似满足h(t)=12+2sin(πt/6)。求在t∈[0,12]内，水位高度达到13米的时刻t。"
bnu-high-ds-v1-s4-177,S4,upper,fill-in,Exam,bnu-high-s4-函数应用,函数应用,必修 第一册,函数应用,pass,none,high,stage-b,pass,pass,pass,pass,not_applicable,x ≥ 100,,,,"存储答案[100,100]与独立解x=100一致，解析正确推导出x=100。","[100,100]","[100,100] | x=100",pass,none,x ≥ 100,pass,pass,not_applicable,,,某工厂生产一种产品，每日的固定成本为500元，每生产一件产品的可变成本为20元。该产品的销售单价为40元，且每日最多生产100件。设日产量为x件，日利润为L(x)元。若要使日利润不少于1500元，则日产量x的取值范围是______。
bnu-high-ds-v1-s4-178,S4,upper,multiple-choice,Core,bnu-high-s4-函数应用,函数应用,必修 第一册,函数应用,pass,none,high,stage-b,pass,pass,pass,pass,pass,1,,,,"存储答案1与独立解一致，解析正确判断零点在(1,2)内。",1,1,pass,none,1,pass,pass,pass,,,"已知函数f(x)=ln x+x-2的零点在区间(k,k+1)内，k∈Z，则k的值为："
bnu-high-ds-v1-s4-179,S4,upper,short-answer,Foundation,bnu-high-s4-函数应用,函数应用,必修 第一册,函数应用,pass,none,high,stage-b,pass,pass,pass,pass,not_applicable,35年,,,,存储答案35与独立解35年一致，解析计算正确。,35,35,pass,none,35年,pass,pass,not_applicable,,,某城市人口数量N（万人）与时间t（年）满足N(t)=100e^{0.02t}。求人口翻一番所需的时间（精确到年）。
bnu-high-ds-v1-s4-180,S4,upper,fill-in,Exam,bnu-high-s4-函数应用,函数应用,必修 第一册,函数应用,pass,none,high,stage-b,pass,pass,pass,pass,not_applicable,6,,,,存储答案6与独立解一致，解析推导正确。,6,6,pass,none,6,pass,pass,not_applicable,,,"某商品的需求量Q（件）与价格p（元）的关系为Q=1000-5p，供给量S（件）与价格p的关系为S=200+3p。市场均衡价格p*满足Q=S。利用二分法求p*的近似值，初始区间为[80,120]，精确到1元，则至少需要进行______次二分。"
bnu-high-ds-v1-s4-181,S4,upper,multiple-choice,Core,bnu-high-s4-统计,统计,必修 第一册,统计,pass,none,high,stage-b,pass,pass,pass,pass,pass,C,,,,存储答案C与独立解一致，解析正确解释样本平均数是估计值。,35分钟是该市所有高一学生平均每天课外阅读时间的一个估计值,35分钟是该市所有高一学生平均每天课外阅读时间的一个估计值,pass,none,C,pass,pass,pass,,,为了解某市高一学生的平均每天课外阅读时间（单位：分钟），研究人员从该市所有高一学生中随机抽取了200名学生进行调查，得到样本平均时间为35分钟。下列说法正确的是：
bnu-high-ds-v1-s4-182,S4,upper,short-answer,Foundation,bnu-high-s4-统计,统计,必修 第一册,统计,fail,blocker,high,stage-c,pass,pass,fail,fail,not_applicable,76.5,76.5,math_error|answer_mismatch|explanation_contradiction,,独立计算得76.5，存储答案77.0错误；解析过程算出76.5但最终给出77.0，自相矛盾。,77.0,77.0 | 77,pass,none,76.5,fail,fail,not_applicable,76.5,blocker,"某班40名学生的数学考试成绩分组如下：[50,60) 2人，[60,70) 8人，[70,80) 16人，[80,90) 10人，[90,100] 4人。计算该班数学成绩的样本平均数（精确到0.1分）。"
bnu-high-ds-v1-s4-183,S4,upper,fill-in,Exam,bnu-high-s4-统计,统计,必修 第一册,统计,pass,none,high,stage-b,pass,pass,pass,pass,not_applicable,5.76,,,,存储答案5.76与独立解一致，解析正确。,5.76,5.76,pass,none,5.76,pass,pass,not_applicable,,,从某小区随机抽取100户居民，调查其月均用水量（吨），得到样本标准差为2.4吨。则样本方差为______（吨²）。
bnu-high-ds-v1-s4-184,S4,upper,multiple-choice,Core,bnu-high-s4-统计,统计,必修 第一册,统计,pass,none,high,stage-b,pass,pass,pass,pass,pass,B,,,,存储答案分层抽样与独立解B一致，解析正确。,分层抽样,分层抽样,pass,none,B,pass,pass,pass,,,某校为了解学生每周体育锻炼时间，从三个年级分别抽取学生，其中高一抽取60人，高二抽取50人，高三抽取40人，这种抽样方法是：
bnu-high-ds-v1-s4-185,S4,upper,short-answer,Foundation,bnu-high-s4-统计,统计,必修 第一册,统计,fail,blocker,high,stage-c,pass,pass,fail,fail,not_applicable,22,22,answer_mismatch|explanation_contradiction,status_rationale_tension|overlong_rationale,Stage A 独立答案字段为 22.4，与存储答案 22 不一致，且 22.4 无合理依据，属于错误。按北师大版教材常用方法，第 60 百分位数应为 22，存储答案正确，但独立答案与存储答案不匹配，解释也存在矛盾，判定为 fail。,22,22,pass,none,22.4,fail,fail,not_applicable,22,blocker,"已知一组数据：12, 15, 18, 20, 22, 25, 28, 30。求这组数据的第60百分位数。"
bnu-high-ds-v1-s4-186,S4,upper,fill-in,Exam,bnu-high-s4-统计,统计,必修 第一册,统计,pass,none,high,stage-b,pass,pass,pass,pass,not_applicable,0.111,,,,离散系数计算正确，存储答案 0.111 与独立答案一致，解析无误。,0.111,0.111,pass,none,0.111,pass,pass,not_applicable,,,某次考试中，甲、乙两班的数学成绩统计如下：甲班平均分72，标准差8；乙班平均分68，标准差10。则甲班成绩的离散系数为______（保留三位小数）。
bnu-high-ds-v1-s4-187,S4,upper,multiple-choice,Core,bnu-high-s4-统计,统计,必修 第一册,统计,pass,none,high,stage-b,pass,pass,pass,pass,pass,x与y负相关,,,,选项唯一，存储答案与独立答案一致，解析正确。,x与y负相关,x与y负相关,pass,none,x与y负相关,pass,pass,pass,,,对于两个变量x和y，通过观察散点图发现，当x增大时，y有减小的趋势，但并非严格递减。以下描述最恰当的是：
bnu-high-ds-v1-s4-188,S4,upper,short-answer,Foundation,bnu-high-s4-统计,统计,必修 第一册,统计,pass,none,high,stage-b,pass,pass,pass,pass,not_applicable,166,,,,分层抽样均值估计正确，存储答案 166 与独立答案一致。,166,166,pass,none,166,pass,pass,not_applicable,,,某校高一年级800名学生，按性别分层抽样调查身高，男生400人，女生400人。若样本中男生平均身高172cm，女生平均身高160cm，且样本量按比例分配，则总体平均身高的估计值为多少厘米？
bnu-high-ds-v1-s4-189,S4,upper,fill-in,Exam,bnu-high-s4-统计,统计,必修 第一册,统计,pass,none,high,stage-b,pass,pass,pass,pass,not_applicable,24,,,,极差计算正确，存储答案 24 与独立答案一致。,24,24,pass,none,24,pass,pass,not_applicable,,,"从某班抽取10名学生，其数学成绩为：68, 72, 75, 78, 80, 82, 85, 88, 90, 92。则这组数据的极差为______。"
bnu-high-ds-v1-s4-190,S4,upper,multiple-choice,Core,bnu-high-s4-统计,统计,必修 第一册,统计,pass,none,high,stage-b,pass,pass,pass,pass,pass,频率,,,,频率分布直方图面积含义正确，存储答案与独立答案一致。,频率,频率,pass,none,频率,pass,pass,pass,,,在频率分布直方图中，小长方形的面积表示：
bnu-high-ds-v1-s4-191,S4,upper,short-answer,Foundation,bnu-high-s4-统计,统计,必修 第一册,统计,pass,none,high,stage-b,pass,pass,pass,pass,not_applicable,49分钟，用组中值加权平均估计,,,,组中值加权平均计算正确，存储答案与独立答案一致。,估计平均数为49分钟。使用每组区间中点值乘以频率求和的方法进行估计。,估计平均数为49分钟。使用每组区间中点值乘以频率求和的方法进行估计。,pass,none,49分钟，用组中值加权平均估计,pass,pass,not_applicable,,,"为了解某市高一学生的日均课外阅读时间，从该市所有高一学生中随机抽取了200名学生进行调查，得到他们的日均课外阅读时间（单位：分钟）如下：\n\n阅读时间（分钟）  [0,20)  [20,40)  [40,60)  [60,80)  [80,100]\n人数              20      50      70      40      20\n\n请根据上述数据，估计该市高一学生日均课外阅读时间的平均数，并说明你使用的估计方法。"
bnu-high-ds-v1-s4-192,S4,upper,fill-in,Exam,bnu-high-s4-统计,统计,必修 第一册,统计,pass,none,high,stage-b,pass,pass,pass,pass,not_applicable,"50, 30",,,,"分层抽样人数分配正确，存储答案 50,30 与独立答案一致。","50,30","50,30",pass,none,"50, 30",pass,pass,not_applicable,,,某校高一年级共有800名学生，为了解学生的身高情况，采用分层随机抽样的方法，按照男生和女生的人数比例进行抽样。已知男生有500人，女生有300人，共抽取了80名学生。那么，应抽取男生______人，女生______人。
bnu-high-ds-v1-s4-193,S4,upper,multiple-choice,Core,bnu-high-s4-统计,统计,必修 第一册,统计,pass,none,high,stage-b,pass,pass,pass,pass,pass,12,,,,存储答案12与独立解一致，解析正确计算频率和人数，无问题。,12,12,pass,none,12,pass,pass,pass,,,"某班40名学生的一次数学测验成绩的频率分布直方图如下：\n\n成绩区间 [50,60) [60,70) [70,80) [80,90) [90,100]\n频率/组距 0.005  0.015  0.030  0.025  0.010\n\n则成绩在[70,80)内的学生人数为（ ）"
bnu-high-ds-v1-s4-194,S4,upper,short-answer,Foundation,bnu-high-s4-统计,统计,必修 第一册,统计,pass,none,high,stage-b,pass,pass,pass,pass,not_applicable,甲的成绩更稳定，因为标准差较小。,,,,存储答案与独立解一致，均指出甲更稳定且理由为标准差更小，解析合理。,甲的成绩更稳定，因为标准差更小。,甲的成绩更稳定，因为标准差更小。,pass,none,甲的成绩更稳定，因为标准差较小。,pass,pass,not_applicable,,,从甲、乙两名运动员的10次训练成绩中，计算得到甲的平均成绩为8.5环，标准差为0.4环；乙的平均成绩为8.5环，标准差为0.8环。请根据这些数据，对两人的成绩稳定性做出判断，并说明理由。
bnu-high-ds-v1-s4-195,S4,upper,fill-in,Exam,bnu-high-s4-统计,统计,必修 第一册,统计,pass,none,high,stage-b,pass,pass,pass,pass,not_applicable,"17, 18",,,,"存储答案17,18与独立解一致，解析正确应用线性变换性质。","17,18","17,18",pass,none,"17, 18",pass,pass,not_applicable,,,"已知一组数据x₁, x₂, ..., x₁₀的平均数为5，方差为2。若将这组数据每个都乘以3再加2，得到新数据3x₁+2, 3x₂+2, ..., 3x₁₀+2，则新数据的平均数为______，方差为______。"
bnu-high-ds-v1-s4-196,S4,upper,multiple-choice,Core,bnu-high-s4-统计,统计,必修 第一册,统计,pass,none,high,stage-b,pass,pass,pass,pass,pass,A,,,,存储答案A与独立解一致，解析指出分层抽样代表性好，其他选项有偏差，正确。,从每个班级随机抽取5名学生,从每个班级随机抽取5名学生,pass,none,A,pass,pass,pass,,,某学校为了解学生参加体育锻炼的情况，对学生每周锻炼时间进行了调查。下列抽样方法中，最合理的是（ ）
bnu-high-ds-v1-s4-197,S4,upper,short-answer,Foundation,bnu-high-s4-统计,统计,必修 第一册,统计,fail,blocker,high,stage-c,pass,pass,fail,fail,not_applicable,极差0.4，标准差0.14,极差0.4，标准差0.14,math_error|answer_mismatch|explanation_contradiction,,题目可解，符合BNU统计章节。独立计算得极差0.4，均值2.4，方差0.02，标准差≈0.141，四舍五入为0.14。存储答案标准差0.16错误；解析中方差0.024计算错误，导致标准差0.155，与正确值0.14矛盾。答案和解析均存在数学错误，需修正为极差0.4，标准差0.14。,极差为0.4，标准差约为0.16。,极差为0.4，标准差约为0.16。,pass,none,极差0.4，标准差0.14,fail,fail,not_applicable,极差0.4，标准差0.14,blocker,"某市环保部门在一条河流的5个监测点分别采集水样，测得某种污染物的浓度（单位：mg/L）如下：\n\n监测点  A   B   C   D   E\n浓度   2.3 2.5 2.4 2.6 2.2\n\n请计算这组数据的极差和标准差（结果保留两位小数）。"
bnu-high-ds-v1-s4-198,S4,upper,fill-in,Exam,bnu-high-s4-统计,统计,必修 第一册,统计,pass,none,high,stage-b,pass,pass,pass,pass,not_applicable,"[60,90)",,,,"存储答案[60,90)与独立解一致，解析通过累计频数正确判断中位数区间。","[60,90)","[60,90)",pass,none,"[60,90)",pass,pass,not_applicable,,,"某校高一年级学生参加数学竞赛，成绩的频率分布表如下：\n\n成绩分组  [0,30)  [30,60)  [60,90)  [90,120]  合计\n频数      5       15      30       10        60\n\n则成绩的中位数所在的区间是______。"
bnu-high-ds-v1-s4-199,S4,upper,multiple-choice,Core,bnu-high-s4-统计,统计,必修 第一册,统计,fail,blocker,high,stage-c,pass,pass,fail,fail,fail,正相关,正相关,math_error|answer_mismatch|ambiguous_mc|explanation_contradiction,,数据满足y=2x+1，既是函数关系也是正相关。选项D“函数关系”和A“正相关”均正确，但题目为单选题，导致答案不唯一。存储答案“函数关系”与独立解“正相关”不一致，解析承认函数关系但未说明正相关，存在矛盾。题目设计有歧义，应修改选项或明确意图。,函数关系,函数关系,pass,none,A,fail,fail,fail,正相关,blocker,"已知两个变量x和y的几组对应数据如下：\n\nx  1  2  3  4  5\ny  3  5  7  9  11\n\n根据这些数据，可以判断x与y之间的关系是（ ）"
bnu-high-ds-v1-s4-200,S4,upper,short-answer,Foundation,bnu-high-s4-统计,统计,必修 第一册,统计,fail,blocker,high,stage-c,fail,fail,fail,fail,not_applicable,,,missing_condition|rag_fit_issue|unsolvable,,题目要求计算95%置信区间，但未提供总体分布假设或标准差，且北师大版高一统计仅涉及描述统计，不包含推断统计的置信区间，超出课程范围，无法求解。存储答案和解析无效。,"[0.72,0.88]","[0.72,0.88]",fail,blocker,,fail,fail,not_applicable,,blocker,某校学生会为了解学生对食堂的满意度，随机抽取了100名学生进行问卷调查，其中80人表示满意。请据此估计全校学生对食堂满意率的95%置信区间（精确到0.01）。
bnu-high-ds-v1-s4-201,S4,upper,fill-in,Exam,bnu-high-s4-统计,统计,必修 第一册,统计,pass,none,high,stage-b,pass,pass,pass,pass,not_applicable,80.4,,,,存储答案80.4与独立解一致，解析计算正确。,80.4,80.4,pass,none,80.4,pass,pass,not_applicable,,,某市有甲、乙两个大型社区，甲社区有居民8000户，乙社区有居民12000户。为了解居民对社区服务的满意度，采用分层随机抽样方法，从两个社区共抽取200户进行调查。已知甲社区样本的满意度平均分为78分，标准差为10分；乙社区样本的满意度平均分为82分，标准差为12分。请计算全市居民满意度平均分的估计值（保留一位小数）。
bnu-high-ds-v1-s4-202,S4,upper,multiple-choice,Core,bnu-high-s4-统计,统计,必修 第一册,统计,pass,none,high,stage-b,pass,pass,pass,pass,pass,A,,,,存储答案与独立解均为选项A，解析合理，唯一正确。,从每个班随机抽取学号尾数为3的5名学生,从每个班随机抽取学号尾数为3的5名学生,pass,none,A,pass,pass,pass,,,某校高一年级有18个班，每班约45人。为了解学生每天的课外阅读时间，下列抽样方法中最合理的是（　）
bnu-high-ds-v1-s4-203,S4,upper,short-answer,Foundation,bnu-high-s4-统计,统计,必修 第一册,统计,fail,blocker,high,stage-c,pass,pass,fail,fail,not_applicable,85,85,math_error|explanation_contradiction,,"题目明确要求根据频率分布直方图计算众数，众数应为频数最高组的组中值，即[80,90)的组中值85。存储答案85正确，但解析错误地使用了插值公式计算众数，得出83，与答案矛盾，且该公式不适用于本题给出的频数分布直方图。解析必须修正为直接取最高矩形中点。",85,85,pass,none,85,fail,fail,not_applicable,85,blocker,"某班40名学生一次数学测验成绩的频率分布直方图描述如下：组距为10分，第一组[50,60)的频数为2，第二组[60,70)的频数为5，第三组[70,80)的频数为12，第四组[80,90)的频数为15，第五组[90,100]的频数为6。请计算该班成绩的众数（保留整数）。"
bnu-high-ds-v1-s4-204,S4,upper,fill-in,Exam,bnu-high-s4-统计,统计,必修 第一册,统计,pass,none,high,stage-b,pass,pass,pass,pass,not_applicable,0005,,,,存储答案0005与独立解一致，解析正确。,0005,0005 | 5,pass,none,0005,pass,pass,not_applicable,,,从某中学高一年级1000名学生中，采用系统抽样方法抽取50名进行视力调查。先将学生随机编号为0001至1000，若从第3段抽到的号码是0045，则起始号码是______。
bnu-high-ds-v1-s4-205,S4,upper,multiple-choice,Core,bnu-high-s4-统计,统计,必修 第一册,统计,pass,none,high,stage-b,pass,pass,pass,pass,pass,C,,,,存储答案16与独立解C一致，解析正确。,16,16,pass,none,C,pass,pass,pass,,,"已知一组数据x₁, x₂, …, x₁₀的平均数为5，方差为4。若将这组数据每个都乘以2再加1得到新数据yᵢ=2xᵢ+1，则新数据的方差为（　）"
bnu-high-ds-v1-s4-206,S4,upper,short-answer,Foundation,bnu-high-s4-统计,统计,必修 第一册,统计,fail,blocker,high,stage-c,pass,pass,fail,fail,not_applicable,甲中位数81.5，乙中位数83，乙更稳定,甲中位数81.5，乙中位数83，乙更稳定,math_error|explanation_contradiction,,存储答案中甲中位数83、乙中位数82错误，正确应为甲81.5、乙83；解析计算混乱且与答案矛盾。独立解正确，乙更稳定。,甲中位数83，乙中位数82，乙更稳定,甲中位数83，乙中位数82，乙更稳定,pass,none,甲中位数83，乙中位数82，乙更稳定,fail,fail,not_applicable,甲中位数81.5，乙中位数83，乙更稳定,blocker,甲、乙两名射击运动员在一次训练中射击成绩的茎叶图如下：甲：7|2 5 8，8|0 3 5，9|1 4；乙：7|1 3 6，8|2 4 7，9|0 2。其中茎表示十位数，叶表示个位数。请分别计算甲、乙成绩的中位数，并判断哪位运动员的成绩更稳定（不需要计算方差，只需给出判断结果）。
bnu-high-ds-v1-s4-207,S4,upper,fill-in,Exam,bnu-high-s4-统计,统计,必修 第一册,统计,pass,none,high,stage-b,pass,pass,pass,pass,not_applicable,2,,,,存储答案2与独立解一致，解析正确。,2,2,pass,none,2,pass,pass,not_applicable,,,某地区有高中学校8所，初中学校12所，小学学校20所。现采用分层随机抽样方法抽取10所学校进行教学评估。若高中、初中、小学的抽样比相同，则抽取的高中学校数为______。
bnu-high-ds-v1-s4-208,S4,upper,multiple-choice,Core,bnu-high-s4-统计,统计,必修 第一册,统计,pass,none,high,stage-b,pass,pass,pass,pass,pass,B,,,,存储答案与独立解均为选项B，解析正确。,x和y之间存在较强的正相关关系,x和y之间存在较强的正相关关系,pass,none,B,pass,pass,pass,,,"对于两个变量x和y，通过观测得到一组数据(xᵢ, yᵢ)(i=1,2,…,n)，计算得相关系数r=0.85。下列说法正确的是（　）"
bnu-high-ds-v1-s4-209,S4,upper,short-answer,Foundation,bnu-high-s4-统计,统计,必修 第一册,统计,pass,none,high,stage-b,pass,pass,pass,pass,not_applicable,"(1.70, 1.90)",,,,"存储答案(1.70, 1.90)与独立解一致，解析计算正确。","(1.70, 1.90)","(1.70, 1.90) | 1.70,1.90",pass,none,"(1.70, 1.90)",pass,pass,not_applicable,,,某校为了解高二年级学生每天使用手机时长情况，从全年级1200名学生中随机抽取100名进行调查，得到平均时长为1.8小时，标准差为0.5小时。请据此估计全年级学生每天使用手机时长的平均值的95%置信区间（z₀.₀₂₅=1.96，结果保留两位小数）。
bnu-high-ds-v1-s4-210,S4,upper,fill-in,Exam,bnu-high-s4-统计,统计,必修 第一册,统计,pass,none,high,stage-b,pass,pass,pass,pass,not_applicable,1,,,,存储答案1与独立解一致，解析正确说明标准化后标准差为1。,1,1,pass,none,1,pass,pass,not_applicable,,,"已知样本数据x₁, x₂, …, xₙ的平均数为x̄，标准差为s。若定义标准化得分zᵢ=(xᵢ - x̄)/s，则z₁, z₂, …, zₙ的标准差为______。"
bnu-high-ds-v1-s4-211,S4,upper,multiple-choice,Core,bnu-high-s4-统计,统计,必修 第一册,统计,pass,none,high,stage-b,pass,pass,pass,pass,pass,B,,,,存储答案B与独立解一致，解析正确指出样本均值是估计值，唯一正确选项。,该市高一学生的平均每天课外阅读时间约为0.8小时,该市高一学生的平均每天课外阅读时间约为0.8小时,pass,none,B,pass,pass,pass,,,为了解某市高一学生的平均每天课外阅读时间，从该市所有高一学生中随机抽取了200名学生进行调查，得到样本平均时间为0.8小时。下列说法正确的是（　）
bnu-high-ds-v1-s4-212,S4,upper,short-answer,Foundation,bnu-high-s4-统计,统计,必修 第一册,统计,fail,blocker,high,stage-c,pass,pass,fail,fail,not_applicable,80.00,80.00,math_error|answer_mismatch|explanation_contradiction,,数据总和为3200，平均数为80.00，而非80.25。解析中总和3210错误，导致答案与解释均不匹配。,80.25,80.25,pass,none,80.00,fail,fail,not_applicable,80.00,blocker,"某班40名学生一次数学测验的成绩如下（单位：分）：\n62, 75, 80, 85, 90, 78, 82, 88, 95, 70, 68, 92, 86, 77, 83, 91, 73, 84, 79, 81, 76, 89, 94, 72, 87, 66, 93, 74, 96, 71, 69, 97, 98, 65, 99, 100, 63, 64, 67, 61\n请计算这组数据的平均数（精确到0.01）。"
bnu-high-ds-v1-s4-213,S4,upper,fill-in,Exam,bnu-high-s4-统计,统计,必修 第一册,统计,fail,blocker,high,stage-c,fail,pass,fail,fail,not_applicable,,,missing_condition|unsolvable|answer_mismatch,,分层抽样估计总体均值需各层在总体中的比例，题目未给出男女生人数，无法计算。存储答案167.2基于错误假设样本比例等于总体比例，不可接受。,167.2,167.2,fail,blocker,,fail,fail,not_applicable,,blocker,某校高一年级有800名学生，为了解他们的身高情况，按性别分层抽样，抽取了男生30人，女生20人，测得男生平均身高172 cm，女生平均身高160 cm。则估计该校高一年级学生的平均身高为______cm。
bnu-high-ds-v1-s4-214,S4,upper,multiple-choice,Core,bnu-high-s4-统计,统计,必修 第一册,统计,pass,none,high,stage-b,pass,pass,pass,pass,pass,C,,,,存储答案0.14与独立解C一致，解析正确计算频率。,0.14,0.14,pass,none,C,pass,pass,pass,,,"将容量为100的样本数据按从小到大的顺序分成8组，如下表：\n组号 | 1 | 2 | 3 | 4 | 5 | 6 | 7 | 8\n频数 | 10 | 13 | 14 | 15 | 13 | 12 | 9 | 14\n则第3组的频率是（　）"
bnu-high-ds-v1-s4-215,S4,upper,short-answer,Foundation,bnu-high-s4-统计,统计,必修 第一册,统计,pass,none,high,stage-b,pass,pass,pass,pass,not_applicable,8,,,,存储答案8与独立解一致，解析正确指出众数为8。,8,8,pass,none,8,pass,pass,not_applicable,,,"某射击运动员在10次射击中，命中的环数分别为：7, 8, 9, 7, 10, 8, 9, 8, 8, 7。求这组数据的众数。"
bnu-high-ds-v1-s4-216,S4,upper,fill-in,Exam,bnu-high-s4-统计,统计,必修 第一册,统计,pass,none,high,stage-b,pass,pass,pass,pass,not_applicable,18,,,,存储答案18与独立解一致，解析正确应用方差性质。,18,18,pass,none,18,pass,pass,not_applicable,,,"已知一组数据x₁, x₂, …, xₙ的平均数为5，方差为2。则数据3x₁+1, 3x₂+1, …, 3xₙ+1的方差为______。"
bnu-high-ds-v1-s4-217,S4,upper,multiple-choice,Core,bnu-high-s4-概率,概率,必修 第一册,概率,pass,none,high,stage-b,pass,pass,pass,pass,pass,不互斥也不对立,,,,存储答案与独立解一致，均为“不互斥也不对立”，解析正确说明交集非空、并集非全集。,不互斥也不对立,不互斥也不对立,pass,none,不互斥也不对立,pass,pass,pass,,,"从分别写有数字1, 2, 3, 4, 5的五张卡片中随机抽取一张，观察其数字。设事件A为“抽到的数字是奇数”，事件B为“抽到的数字小于4”。则事件A与事件B的关系是（　）"
bnu-high-ds-v1-s4-218,S4,upper,short-answer,Foundation,bnu-high-s4-概率,概率,必修 第一册,概率,pass,none,high,stage-b,pass,pass,pass,pass,not_applicable,"样本空间：{(正,正), (正,反), (反,正), (反,反)}；概率：3/4",,,,存储答案与独立解一致，样本空间和概率均正确，解析完整。,"样本空间：{(正,正), (正,反), (反,正), (反,反)}；概率：3/4","样本空间：{(正,正), (正,反), (反,正), (反,反)}；概率：3/4",pass,none,"样本空间：{(正,正), (正,反), (反,正), (反,反)}；概率：3/4",pass,pass,not_applicable,,,同时抛掷两枚质地均匀的硬币，写出样本空间，并求至少有一枚正面朝上的概率。
bnu-high-ds-v1-s4-219,S4,upper,fill-in,Exam,bnu-high-s4-概率,概率,必修 第一册,概率,pass,none,high,stage-b,pass,pass,pass,pass,not_applicable,15/28,,,,存储答案15/28与独立解一致，解析计算正确。,15/28,15/28,pass,none,15/28,pass,pass,not_applicable,,,一个袋子中有5个红球和3个白球，除颜色外无差别。从中随机摸出2个球，则摸出的2个球颜色不同的概率为______。
bnu-high-ds-v1-s4-220,S4,upper,multiple-choice,Core,bnu-high-s4-概率,概率,必修 第一册,概率,pass,none,high,stage-b,pass,pass,pass,pass,pass,0.5,,,,存储答案0.5与独立解一致，解析正确。,0.5,0.5,pass,none,0.5,pass,pass,pass,,,某射手射击一次，命中10环的概率为0.2，命中9环的概率为0.3，命中8环的概率为0.25，命中7环的概率为0.15，命中6环及以下的概率为0.1。则该射手射击一次命中不低于9环的概率是（　）
bnu-high-ds-v1-s4-221,S4,upper,short-answer,Foundation,bnu-high-s4-概率,概率,必修 第一册,概率,pass,none,high,stage-b,pass,pass,pass,pass,not_applicable,"样本空间：{(1,1),(1,2),...,(6,6)}共36个有序数对；概率：1/6",,,,存储答案样本空间和概率1/6与独立解一致，解析正确。,"样本空间为{(1,1),(1,2),...,(6,6)}，共36个样本点；概率为1/6。","样本空间为{(1,1),(1,2),...,(6,6)}，共36个样本点；概率为1/6。",pass,none,"样本空间：{(1,1),(1,2),...,(6,6)}共36个有序数对；概率：1/6",pass,pass,not_applicable,,,抛掷一枚质地均匀的骰子两次，观察每次出现的点数。写出该试验的样本空间，并求事件“两次点数之和为7”的概率。
bnu-high-ds-v1-s4-222,S4,upper,fill-in,Exam,bnu-high-s4-概率,概率,必修 第一册,概率,pass,none,high,stage-b,pass,pass,pass,pass,not_applicable,3/5,,,,存储答案3/5与独立解一致，解析正确。,3/5,3/5 | 0.6,pass,none,3/5,pass,pass,not_applicable,,,一个不透明袋子中装有3个红球和2个白球，除颜色外完全相同。从中不放回地依次取出两个球，则第二次取到红球的概率为______。
bnu-high-ds-v1-s4-223,S4,upper,multiple-choice,Core,bnu-high-s4-概率,概率,必修 第一册,概率,pass,none,high,stage-b,pass,pass,pass,pass,pass,D,,,,存储答案D与独立解一致，解析正确指出其他选项误解概率。,D. 经过大量重复试验，随机事件的频率会稳定在概率附近,D. 经过大量重复试验，随机事件的频率会稳定在概率附近,pass,none,D,pass,pass,pass,,,"下列对概率的理解正确的是（　）\nA. 掷一枚硬币，出现正面的概率是0.5，所以掷10次一定出现5次正面\nB. 某彩票中奖概率为1%，买100张彩票一定能中奖\nC. 天气预报说降水概率为70%，意味着明天有70%的时间下雨\nD. 经过大量重复试验，随机事件的频率会稳定在概率附近"
bnu-high-ds-v1-s4-224,S4,upper,short-answer,Foundation,bnu-high-s4-概率,概率,必修 第一册,概率,pass,none,high,stage-b,pass,pass,pass,pass,not_applicable,"样本空间：{(正,正), (正,反), (反,正), (反,反)}；概率：3/4",,,,存储答案与独立解一致，样本空间和概率3/4均正确，解析完整。,"样本空间为{正正, 正反, 反正, 反反}，共4个样本点；概率为3/4。","样本空间为{正正, 正反, 反正, 反反}，共4个样本点；概率为3/4。",pass,none,"样本空间：{(正,正), (正,反), (反,正), (反,反)}；概率：3/4",pass,pass,not_applicable,,,同时抛掷两枚质地均匀的硬币，观察正反面情况。写出该试验的样本空间，并求事件“至少有一枚正面向上”的概率。
bnu-high-ds-v1-s4-225,S4,upper,fill-in,Exam,bnu-high-s4-概率,概率,必修 第一册,概率,pass,none,high,stage-b,pass,pass,pass,pass,not_applicable,3/5,,,,存储答案3/5与独立解一致，解析正确。,3/5,3/5 | 0.6,pass,none,3/5,pass,pass,not_applicable,,,"从1,2,3,4,5中随机取两个不同的数字，则这两个数字之和为奇数的概率为______。"
bnu-high-ds-v1-s4-226,S4,upper,multiple-choice,Core,bnu-high-s4-概率,概率,必修 第一册,概率,pass,none,high,stage-b,pass,pass,pass,pass,pass,A,,,,存储答案A. 11/15与独立解一致，解析正确。,A. 11/15,A. 11/15,pass,none,A,pass,pass,pass,,,"袋中有大小相同的3个红球、2个蓝球和1个绿球，从中随机取出2个球，则取出的2个球颜色不同的概率是（　）\nA. 11/15\nB. 4/5\nC. 2/3\nD. 8/15"
bnu-high-ds-v1-s4-227,S4,upper,short-answer,Foundation,bnu-high-s4-概率,概率,必修 第一册,概率,pass,none,high,stage-b,pass,pass,pass,pass,not_applicable,"样本空间：{(白,白),(白,黑),(黑,白),(黑,黑)}；概率：17/32",,,,存储答案样本空间和概率17/32与独立解一致，解析正确。,"样本空间为{(白,白),(白,黑),(黑,白),(黑,黑)}；概率为17/32。","样本空间为{(白,白),(白,黑),(黑,白),(黑,黑)}；概率为17/32。",pass,none,"样本空间：{(白,白),(白,黑),(黑,白),(黑,黑)}；概率：17/32",pass,pass,not_applicable,,,一个盒子中有5个白球和3个黑球，除颜色外无区别。从中随机摸出1个球，记录颜色后放回，再摸出1个球。写出该试验的样本空间，并求两次摸到相同颜色的概率。
bnu-high-ds-v1-s4-228,S4,upper,fill-in,Exam,bnu-high-s4-概率,概率,必修 第一册,概率,pass,none,high,stage-b,pass,pass,pass,pass,not_applicable,1/2,,,,存储答案1/2与独立解一致，解析正确。,1/2,1/2 | 0.5,pass,none,1/2,pass,pass,not_applicable,,,甲、乙两人独立地破译一个密码，他们能译出的概率分别为1/3和1/4，则密码被译出的概率为______。
bnu-high-ds-v1-s4-229,S4,upper,multiple-choice,Core,bnu-high-s4-概率,概率,必修 第一册,概率,pass,none,high,stage-b,pass,pass,pass,pass,pass,C,,,,存储答案C与独立解一致，解析正确。,C. 抛一枚质地均匀的硬币，观察其出现正面或反面,C. 抛一枚质地均匀的硬币，观察其出现正面或反面,pass,none,C,pass,pass,pass,,,"下列试验是古典概型的是（　）\nA. 在适宜条件下，种一粒种子观察它是否发芽\nB. 从规格直径为250mm±0.5mm的一批合格品中任意抽一根，测量其直径\nC. 抛一枚质地均匀的硬币，观察其出现正面或反面\nD. 某人射击一次，观察是否命中靶心"
bnu-high-ds-v1-s4-230,S4,upper,short-answer,Foundation,bnu-high-s4-概率,概率,必修 第一册,概率,pass,none,high,stage-b,pass,pass,pass,pass,not_applicable,样本点总数：216；概率：1/72,,,,存储答案样本点总数216和概率1/72与独立解一致，解析正确。,样本点总数为216；概率为1/72。,样本点总数为216；概率为1/72。,pass,none,样本点总数：216；概率：1/72,pass,pass,not_applicable,,,将一枚质地均匀的骰子连续抛掷3次，观察每次出现的点数。写出该试验的样本空间包含的样本点总数，并求事件“三次点数之和为4”的概率。
bnu-high-ds-v1-s4-231,S4,upper,fill-in,Exam,bnu-high-s4-概率,概率,必修 第一册,概率,fail,blocker,high,stage-c,pass,pass,fail,fail,not_applicable,"{(1,3),(1,5),(3,5),(2,4)}","{(1,3),(1,5),(3,5),(2,4)}",math_error|answer_mismatch|explanation_contradiction,,"题目可解，符合BNU教材范围。独立求解得A∪B={(1,3),(1,5),(3,5),(2,4)}，但存储答案错误地包含了和为奇数的组合，解析自相矛盾，属于严重数学错误，必须修正。","{(1,2),(1,4),(2,3),(2,5),(3,4),(4,5),(1,3),(1,5),(3,5)}","{(1,2),(1,4),(2,3),(2,5),(3,4),(4,5),(1,3),(1,5),(3,5)}",pass,none,"A∪B = { {1,3}, {1,5}, {2,4}, {3,5} }",fail,fail,not_applicable,"{(1,3),(1,5),(3,5),(2,4)}",blocker,"一个不透明的袋子中装有编号为1,2,3,4,5的五个完全相同的小球，从中随机摸出两个小球，观察它们的编号。设事件A为“两个编号之和为偶数”，事件B为“两个编号之积为奇数”。请写出事件A与事件B的和事件A∪B，并用集合形式表示。"
bnu-high-ds-v1-s4-232,S4,upper,multiple-choice,Core,bnu-high-s4-概率,概率,必修 第一册,概率,pass,none,high,stage-b,pass,pass,pass,pass,pass,事件A与事件B不互斥但也不对立,,,,存储答案“不互斥但也不对立”与独立解一致，解析正确。,事件A与事件B不互斥但也不对立,事件A与事件B不互斥但也不对立,pass,none,事件A与事件B不互斥但也不对立,pass,pass,pass,,,某班级有40名学生，其中男生22人，女生18人。现随机抽取3名学生参加活动，设事件A为“抽到的3人中至少有1名女生”，事件B为“抽到的3人中恰有2名男生”。则下列说法正确的是（　　）
bnu-high-ds-v1-s4-233,S4,upper,short-answer,Foundation,bnu-high-s4-概率,概率,必修 第一册,概率,pass,none,high,stage-b,pass,pass,pass,pass,not_applicable,"样本空间Ω={(1,1),(1,2),(1,3),(1,4),(2,1),(2,2),(2,3),(2,4),(3,1),(3,2),(3,3),(3,4),(4,1),(4,2),(4,3),(4,4)}，概率为1/4。",,,,存储答案与独立解一致，样本空间和概率均正确，解析完整。,"样本空间Ω={(1,1),(1,2),(1,3),(1,4),(2,1),(2,2),(2,3),(2,4),(3,1),(3,2),(3,3),(3,4),(4,1),(4,2),(4,3),(4,4)}，概率为1/4","样本空间Ω={(1,1),(1,2),(1,3),(1,4),(2,1),(2,2),(2,3),(2,4),(3,1),(3,2),(3,3),(3,4),(4,1),(4,2),(4,3),(4,4)}，概率为1/4",pass,none,"样本空间Ω={(1,1),(1,2),(1,3),(1,4),(2,1),(2,2),(2,3),(2,4),(3,1),(3,2),(3,3),(3,4),(4,1),(4,2),(4,3),(4,4)}，概率为1/4。",pass,pass,not_applicable,,,"一个均匀的正四面体的四个面上分别标有数字1,2,3,4。将这个四面体随机抛掷两次，记录每次朝下的面上的数字。试写出这个随机试验的样本空间Ω，并计算两次数字之和为5的概率。"
bnu-high-ds-v1-s4-234,S4,upper,fill-in,Exam,bnu-high-s4-概率,概率,必修 第一册,概率,pass,none,high,stage-b,pass,pass,pass,pass,not_applicable,0.94,,,,存储答案0.94与独立解一致，解析正确使用对立事件计算。,0.94,0.94,pass,none,0.94,pass,pass,not_applicable,,,甲、乙两人独立地破译一个密码，他们能译出密码的概率分别为0.7和0.8。则密码被译出的概率为______。
bnu-high-ds-v1-s4-235,S4,upper,multiple-choice,Core,bnu-high-s4-概率,概率,必修 第一册,概率,fail,blocker,high,stage-c,fail,pass,fail,fail,fail,,,math_error|bad_options|explanation_contradiction|unsolvable,self_correction_language|overlong_rationale,题目无正确选项：P(A)=3/10，P(B)=2/5，但所有选项均不匹配，且存储答案P(B)=3/5错误，解析中列举组合数矛盾，题目不可解。,P(A)=3/10，P(B)=3/5,P(A)=3/10，P(B)=3/5,pass,blocker,A,fail,fail,fail,,blocker,"从1,2,3,4,5这五个数字中随机抽取两个不同的数字，设事件A为“两个数字都是奇数”，事件B为“两个数字之和大于6”。则下列说法正确的是（　　）"
bnu-high-ds-v1-s4-236,S4,upper,short-answer,Foundation,bnu-high-s4-概率,概率,必修 第一册,概率,pass,none,high,stage-b,pass,pass,pass,pass,not_applicable,13/28,,,,存储答案13/28与独立解一致，解析正确使用组合数计算。,13/28,13/28,pass,none,13/28,pass,pass,not_applicable,,,一个袋中装有5个红球和3个白球，这些球除颜色外完全相同。从中随机摸出2个球，求摸出的2个球颜色相同的概率。
bnu-high-ds-v1-s4-237,S4,upper,fill-in,Exam,bnu-high-s4-概率,概率,必修 第一册,概率,pass,none,high,stage-b,pass,pass,pass,pass,not_applicable,0.648,,,,存储答案0.648与独立解一致，解析正确使用二项分布计算。,0.648,0.648,pass,none,0.648,pass,pass,not_applicable,,,某射手射击一次命中目标的概率为0.6，现连续射击3次，每次射击互不影响。则至少命中2次的概率为______。
bnu-high-ds-v1-s4-238,S4,upper,multiple-choice,Core,bnu-high-s4-概率,概率,必修 第一册,概率,pass,none,high,stage-b,pass,pass,pass,pass,pass,3/4,,,,存储答案1与独立解一致，解析正确说明条件概率为1。,1,1,pass,none,3/4,pass,pass,pass,,,将一枚均匀的硬币连续抛掷3次，观察正反面出现的情况。设事件A为“至少出现一次正面”，事件B为“第一次出现正面”。则P(A|B)等于（　　）
bnu-high-ds-v1-s4-239,S4,upper,short-answer,Foundation,bnu-high-s4-概率,概率,必修 第一册,概率,pass,none,high,stage-b,pass,pass,pass,pass,not_applicable,2/5,,,,存储答案2/5与独立解一致，解析正确使用奇偶分类计算。,2/5,2/5,pass,none,2/5,pass,pass,not_applicable,,,"从1,2,3,4,5,6这六个数字中随机选取两个不同的数字，求这两个数字之和为偶数的概率。"
bnu-high-ds-v1-s4-240,S4,upper,fill-in,Exam,bnu-high-s4-概率,概率,必修 第一册,概率,pass,none,high,stage-b,pass,pass,pass,pass,not_applicable,0.94,,,,存储答案0.94与独立解一致，解析正确使用对立事件计算。,0.94,0.94,pass,none,0.94,pass,pass,not_applicable,,,"甲、乙、丙三人独立地解答同一道数学题，他们能正确解答的概率分别为0.5, 0.6, 0.7。则这道题被正确解答的概率为______。"
bnu-high-ds-v1-s4-241,S4,upper,multiple-choice,Core,bnu-high-s4-概率,概率,必修 第一册,概率,pass,none,high,stage-b,pass,pass,pass,pass,pass,13/28,,,,存储答案13/28与独立解一致，解析正确，选项唯一。,13/28,13/28,pass,none,13/28,pass,pass,pass,,,一个不透明的袋子里装有5个红球和3个蓝球，这些球除颜色外完全相同。从中随机摸出2个球。设事件A为“摸出的2个球颜色相同”，则事件A的概率是（ ）。
bnu-high-ds-v1-s4-242,S4,upper,short-answer,Foundation,bnu-high-s4-概率,概率,必修 第一册,概率,pass,none,high,stage-b,pass,pass,pass,pass,not_applicable,"{(正,正), (正,反), (反,正), (反,反)}",,,,存储答案与独立解一致，解析正确，非选择题。,{（正，正），（正，反），（反，正），（反，反）},"{（正，正），（正，反），（反，正），（反，反）} | {(正,正),(正,反),(反,正),(反,反)}",pass,none,"{(正,正), (正,反), (反,正), (反,反)}",pass,pass,not_applicable,,,写出同时抛掷两枚质地均匀的硬币的样本空间（用有序数对表示，如（正，反））。
bnu-high-ds-v1-s4-243,S4,upper,fill-in,Exam,bnu-high-s4-概率,概率,必修 第一册,概率,pass,none,high,stage-c,pass,pass,pass,pass,not_applicable,0.80,,,,题目明确给出10场比赛罚球命中次数，默认每场罚球10次是合理假设，总命中80次，频率0.80，可解且答案唯一。解析与答案一致，符合教材频率估计概率要求。,0.80,0.80 | 0.8,pass,none,0.80,pass,pass,not_applicable,,none,"某篮球运动员在最近10场比赛中的罚球命中情况如下：8, 7, 9, 6, 8, 10, 7, 9, 8, 8（单位：次）。根据频率估计概率，该运动员下一场罚球命中的概率约为______（用小数表示，精确到0.01）。"
bnu-high-ds-v1-s4-244,S4,upper,multiple-choice,Core,bnu-high-s4-概率,概率,必修 第一册,概率,pass,none,high,stage-b,pass,pass,pass,pass,pass,1/2,,,,存储答案1/2与独立解一致，解析正确，选项唯一。,1/2,1/2,pass,none,1/2,pass,pass,pass,,,"从数字1,2,3,4中随机抽取两个不同的数字组成一个两位数（十位数字不为0）。设事件A为“该两位数是偶数”，则P(A)=（ ）。"
bnu-high-ds-v1-s4-245,S4,upper,short-answer,Foundation,bnu-high-s4-概率,概率,必修 第一册,概率,pass,none,high,stage-b,pass,pass,pass,pass,not_applicable,0.7,,,,存储答案0.7与独立解一致，解析正确，非选择题。,0.7,0.7,pass,none,0.7,pass,pass,not_applicable,,,一个古典概型中，事件A和事件B互斥，且P(A)=0.3，P(B)=0.4。求P(A∪B)。
bnu-high-ds-v1-s4-246,S4,upper,fill-in,Exam,bnu-high-s4-概率,概率,必修 第一册,概率,pass,none,high,stage-b,pass,pass,pass,pass,not_applicable,1/2,,,,存储答案1/2与独立解一致，解析正确，非选择题。,1/2,1/2,pass,none,1/2,pass,pass,not_applicable,,,连续抛掷一枚质地均匀的硬币三次，观察正反面出现的情况。则至少出现两次正面的概率为______（用分数表示）。
bnu-high-ds-v1-s4-247,S4,upper,multiple-choice,Core,bnu-high-s4-概率,概率,必修 第一册,概率,pass,none,high,stage-b,pass,pass,pass,pass,pass,1/2,,,,存储答案1/2与独立解一致，解析正确，选项唯一。,1/2,1/2,pass,none,1/2,pass,pass,pass,,,甲、乙两人独立地破译一个密码，他们能译出密码的概率分别为1/3和1/4，则密码被译出的概率是（ ）。
bnu-high-ds-v1-s4-248,S4,upper,short-answer,Foundation,bnu-high-s4-概率,概率,必修 第一册,概率,pass,none,high,stage-b,pass,pass,pass,pass,not_applicable,17/32,,,,存储答案17/32与独立解一致，解析正确，非选择题。,17/32,17/32,pass,none,17/32,pass,pass,not_applicable,,,一个盒子中有5个白球和3个黑球，从中随机取出一个球，观察颜色后放回，再随机取出一个球。求两次取出的球颜色相同的概率。
bnu-high-ds-v1-s4-249,S4,upper,fill-in,Exam,bnu-high-s4-概率,概率,必修 第一册,概率,warn,none,high,stage-c,pass,pass,pass,weak,not_applicable,整群抽样,,,status_rationale_tension,题目描述先随机抽班，再从该班随机抽5名学生，属于两阶段抽样，但整体上可视为整群抽样的一种。答案“整群抽样”正确，与独立解一致。解析提及“两阶段抽样”略有混淆，但不影响答案正确性，无严重问题。,整群抽样,整群抽样,pass,none,整群抽样,pass,weak,not_applicable,,none,某校高一年级有20个班，每班50人。学校随机抽取一个班，再从该班随机抽取5名学生进行视力调查。这种抽样方法属于______（填“简单随机抽样”“分层抽样”或“整群抽样”）。
bnu-high-ds-v1-s4-250,S4,upper,multiple-choice,Core,bnu-high-s4-概率,概率,必修 第一册,概率,pass,none,high,stage-b,pass,pass,pass,pass,pass,0.3,,,,答案0.3正确，解析利用互斥事件加法公式，与独立解一致。单选题唯一正确选项。,0.3,0.3,pass,none,0.3,pass,pass,pass,,,已知随机事件A和B互斥，且P(A)=0.2，P(A∪B)=0.5，则P(B)等于（ ）。
bnu-high-ds-v1-s4-251,S4,upper,short-answer,Foundation,bnu-high-s4-概率,概率,必修 第一册,概率,pass,none,high,stage-b,pass,pass,pass,pass,not_applicable,"样本空间：{红红, 红蓝, 红白, 蓝蓝, 蓝白, 白白}（无序组合）；概率：4/15",,,,存储答案与独立解一致，样本空间和概率计算均正确，解析清晰。,样本空间包含15种等可能结果（无序组合），颜色相同的概率为4/15。,样本空间包含15种等可能结果（无序组合），颜色相同的概率为4/15。 | 样本空间有15个基本事件，颜色相同的概率是4/15。 | 样本空间大小为15，颜色相同的概率为4/15。,pass,none,"样本空间：{红红, 红蓝, 红白, 蓝蓝, 蓝白, 白白}（无序组合）；概率：4/15",pass,pass,not_applicable,,,一个不透明的袋子里装有大小、形状完全相同的红球3个、蓝球2个、白球1个。从中随机摸出两个球。请写出这个试验的样本空间（用有序数对或无序组合表示均可），并计算摸出的两个球颜色相同的概率。
bnu-high-ds-v1-s4-252,S4,upper,fill-in,Exam,bnu-high-s4-概率,概率,必修 第一册,概率,fail,blocker,high,stage-c,pass,pass,fail,fail,not_applicable,估计白球数量为8个；前提条件：试验次数足够多，且每次摸球是等可能的随机试验。,估计白球有8个；前提是每次摸球等可能且试验次数足够多时频率稳定于概率。,math_error|explanation_contradiction,,题目已知红球12个，总球20个，故白球实际为8个。频率估计：白球频率72/200=0.36，估计白球数20×0.36=7.2，四舍五入为7，但实际白球8个，频率估计应接近8，解析中四舍五入为7与答案8矛盾，且与已知条件冲突。正确答案应为8，解析错误。,估计白球有8个；前提是每次摸球等可能且试验次数足够多时频率稳定于概率。,估计白球有8个；前提是每次摸球等可能且试验次数足够多时频率稳定于概率。 | 白球估计为8个；前提是等可能性和大数定律。,pass,none,估计白球数量为8个；前提条件：试验次数足够多，且每次摸球是等可能的随机试验。,fail,fail,not_applicable,估计白球有8个；前提是每次摸球等可能且试验次数足够多时频率稳定于概率。,blocker,某同学为了估计一个不透明袋中白球的数量，进行了有放回的摸球试验。袋中装有红球和白球共20个，除颜色外无其他差异。他摸了200次，结果摸到红球128次，摸到白球72次。若袋中红球实际有12个，请根据频率估计白球的数量，并指出这种估计方法的前提条件。
bnu-high-ds-v1-s4-253,S4,upper,multiple-choice,Core,bnu-high-s4-数学建模活动-一,数学建模活动（一）,必修 第一册,数学建模活动（一）,pass,none,high,stage-b,pass,pass,pass,pass,pass,C,,,,答案C正确，解析指出分段常数函数模型，与独立解一致。单选题唯一正确选项。,C. 分段常数函数模型,C. 分段常数函数模型,pass,none,C,pass,pass,pass,,,某城市地铁票价实行分段计价：乘坐距离不超过6公里收费2元，超过6公里但不超过12公里收费3元，超过12公里但不超过22公里收费4元，超过22公里收费5元。小明每天从家到学校乘坐地铁，距离为x公里（0<x≤30）。他记录了连续20天的票价，得到平均票价为3.2元。为了估计小明家到学校的距离，下列哪个函数模型最适合用来建立距离与票价的关系？
bnu-high-ds-v1-s4-254,S4,upper,short-answer,Foundation,bnu-high-s4-数学建模活动-一,数学建模活动（一）,必修 第一册,数学建模活动（一）,fail,blocker,high,stage-c,pass,pass,fail,fail,not_applicable,"a=1.0, b≈1.5, 预测t=5时y≈7.6",a=1.0，b≈1.5，预测t=5时细菌数量约为7.6百个。,math_error|explanation_contradiction,,题目可解，RAG匹配。独立计算得a=1.0，b≈1.5，t=5时y=1.5^5=7.59375，四舍五入保留一位小数为7.6。存储答案和解析均给出7.7，与正确结果7.6矛盾，且解析内部计算7.59375后却取7.7，存在数学错误和解释矛盾。,a=1.0，b≈1.5，预测t=5时细菌数量约为7.7百个。,a=1.0，b≈1.5，预测t=5时细菌数量约为7.7百个。 | a=1，b=1.5，t=5时y≈7.7。,pass,none,"a=1.0, b≈1.5, 预测t=5时y≈7.7",fail,fail,not_applicable,a=1.0，b≈1.5，预测t=5时细菌数量约为7.6百个。,blocker,某实验室培养一种细菌，记录时间t（小时）和细菌数量y（百个）的数据如下：t=0时y=1.0，t=1时y=1.5，t=2时y=2.3，t=3时y=3.4，t=4时y=5.1。研究人员想用指数函数y=a·b^t来拟合这些数据。请根据t=0和t=4的数据确定a和b的值，并预测t=5时的细菌数量（结果保留一位小数）。
bnu-high-ds-v1-s4-255,S4,upper,fill-in,Exam,bnu-high-s4-数学建模活动-一,数学建模活动（一）,必修 第一册,数学建模活动（一）,pass,none,high,stage-c,pass,pass,pass,pass,not_applicable,"a=100, k≈0.22, 2024年底资产约374万元",,,,题目可解，模型参数由给定数据唯一确定，a=100，k=ln(2.4)/4≈0.22，预测2024年底资产约374万元。存储答案与独立解一致，解析过程正确，无数学错误或矛盾。符合BNU教材建模活动要求，无源距离风险。,a=100，k≈0.22，预测2024年底资产约为374万元。,a=100，k≈0.22，预测2024年底资产约为374万元。 | a=100，k=0.22，2024年底资产374万元。,pass,none,"a=100, k≈0.29, 2024年底资产约381万元",fail,fail,not_applicable,a=100，k≈0.22，预测2024年底资产约为374万元。,none,某创业公司2019年年初获得投资100万元，此后每年年底的资产总额（单位：万元）如下：2019年底120，2020年底150，2021年底190，2022年底240。公司计划用指数增长模型y=a·e^(kt)（t以2019年年初为0）来预测资产。请利用2019年底和2022年底的数据确定a和k的值（k精确到0.01），并预测2024年底的资产总额（精确到万元）。
bnu-high-ds-v1-s4-256,S4,upper,multiple-choice,Core,bnu-high-s4-数学建模活动-一,数学建模活动（一）,必修 第一册,数学建模活动（一）,pass,none,high,stage-b,pass,pass,pass,pass,pass,C,,,,答案C正确，解析准确描述分段函数和向上取整，与独立解一致。单选题唯一正确选项。,C. y=8+1.5(x-2)+ceil(t/5)，其中ceil表示向上取整,C. y=8+1.5(x-2)+ceil(t/5)，其中ceil表示向上取整,pass,none,C,pass,pass,pass,,,某地出租车收费标准为：起步价8元（含2公里），之后每公里收费1.5元。若行驶距离为x公里（x>2），应付车费y元。另外，若乘客要求停车等待，每等待5分钟加收1元（不足5分钟按5分钟计）。一位乘客乘坐了10公里，途中等待了12分钟。请问他需要支付的车费最接近下列哪个函数模型的计算结果？
bnu-high-ds-v1-s4-257,S4,upper,short-answer,Foundation,bnu-high-s4-数学建模活动-一,数学建模活动（一）,必修 第一册,数学建模活动（一）,pass,none,high,stage-b,pass,pass,pass,pass,not_applicable,"k=1.5, b=0; 在t=10秒时，v=15米/秒，模型可能不合理，因为实际速度可能受限于物理极限或电池电量，线性增长不能无限持续。",,,,存储答案与独立解一致，解析正确说明模型局限性。,k=1.5，b=0；在t=10秒时可能不合理，因为实际速度不会无限增加，模型未考虑物理限制。,k=1.5，b=0；在t=10秒时可能不合理，因为实际速度不会无限增加，模型未考虑物理限制。 | k=1.5，b=0；不合理，因为速度有上限。,pass,none,"k=1.5, b=0; 在t=10秒时，v=15米/秒，模型可能不合理，因为实际速度可能受限于物理极限或电池电量，线性增长不能无限持续。",pass,pass,not_applicable,,,某同学研究一辆遥控汽车的速度变化，记录时间t（秒）和速度v（米/秒）的数据如下：t=0时v=0，t=2时v=3，t=4时v=6，t=6时v=9。他想用线性函数v=kt+b来拟合。请根据数据求出k和b，并说明这个模型在t=10秒时是否仍然合理，为什么？
bnu-high-ds-v1-s4-258,S4,upper,fill-in,Exam,bnu-high-s4-数学建模活动-一,数学建模活动（一）,必修 第一册,数学建模活动（一）,fail,blocker,high,stage-c,pass,pass,fail,fail,not_applicable,r≈0.019; 2030年人口约108万; 局限性：指数增长模型假设增长率恒定，未考虑资源限制、政策变化等因素，长期预测可能偏差较大。,r≈0.019，2030年人口预测约为108万；局限性：未考虑资源限制，长期预测可能偏差较大。,math_error|explanation_contradiction,,存储答案预测2030年人口为106万，但正确计算应为108万（80e^(0.019*15)≈108），解析中计算过程也得到106.4≈106，但实际80e^(0.019*15)≈108万，存在计算错误，导致答案与解析矛盾。,r≈0.019，2030年人口预测约为106万；局限性：未考虑资源限制，长期预测可能偏差较大。,r≈0.019，2030年人口预测约为106万；局限性：未考虑资源限制，长期预测可能偏差较大。 | r=0.019，2030年人口106万；局限性：未考虑环境容量。,pass,none,r≈0.019; 2030年人口约108万; 局限性：指数增长模型假设增长率恒定，未考虑资源限制、政策变化等因素，长期预测可能偏差较大。,fail,fail,not_applicable,r≈0.019，2030年人口预测约为108万；局限性：未考虑资源限制，长期预测可能偏差较大。,blocker,某城市2015年人口为80万，2020年人口为88万。假设人口按指数增长模型P(t)=P0·e^(rt)变化，其中t为年数（以2015年为t=0）。请利用所给数据求出r（精确到0.001），并预测2030年的人口（精确到万人）。同时，指出该模型的一个局限性。
bnu-high-ds-v1-s4-259,S4,upper,multiple-choice,Core,bnu-high-s4-数学建模活动-一,数学建模活动（一）,必修 第一册,数学建模活动（一）,pass,none,high,stage-b,pass,pass,pass,pass,pass,C,,,,存储答案与独立解一致，解析正确描述分段线性函数斜率变化。,C. 一条折线，分为三段，斜率依次增大,C. 一条折线，分为三段，斜率依次增大,pass,none,C,pass,pass,pass,,,某快递公司规定：寄送物品重量不超过1千克收费10元，超过1千克但不超过5千克部分每千克加收2元，超过5千克部分每千克加收3元。若物品重量为x千克（x>0），快递费为y元。下列哪个函数图像能正确表示y与x的关系？
bnu-high-ds-v1-s4-260,S4,upper,short-answer,Foundation,bnu-high-s4-数学建模活动-一,数学建模活动（一）,必修 第一册,数学建模活动（一）,fail,blocker,high,stage-c,pass,pass,fail,fail,not_applicable,"a=100, b≈0.96; t=30时T≈29°C; 不适合预测t=60，因为指数衰减模型在长时间后趋近于室温，但实际冷却速度会变慢，且模型未考虑环境温度，预测值可能偏低。",a=100，b≈0.96，预测t=30时温度约为29摄氏度；不适合预测t=60，因为模型未考虑室温下限，长时间后温度应接近室温而非趋于0。,math_error|answer_mismatch|explanation_contradiction,,存储答案预测t=30时温度为44°C，但独立解计算得29°C，解析中计算过程也得到29.4°C，却给出44°C，存在矛盾。,a=100，b≈0.96，预测t=30时温度约为44摄氏度；不适合预测t=60，因为模型未考虑室温下限，长时间后温度应接近室温而非趋于0。,a=100，b≈0.96，预测t=30时温度约为44摄氏度；不适合预测t=60，因为模型未考虑室温下限，长时间后温度应接近室温而非趋于0。 | a=100，b=0.96，t=30时44°C；不适合，因为温度不会无限下降。,pass,none,"a=100, b≈0.96; t=30时T≈29°C; 不适合预测t=60，因为指数衰减模型在长时间后趋近于室温，但实际冷却速度会变慢，且模型未考虑环境温度，预测值可能偏低。",fail,fail,not_applicable,a=100，b≈0.96，预测t=30时温度约为29摄氏度；不适合预测t=60，因为模型未考虑室温下限，长时间后温度应接近室温而非趋于0。,blocker,某同学记录了一壶水从沸腾开始自然冷却的温度变化，时间t（分钟）和温度T（摄氏度）的数据如下：t=0时T=100，t=5时T=80，t=10时T=65，t=15时T=55，t=20时T=48。他想用指数函数T=a·b^t来拟合。请根据t=0和t=20的数据确定a和b（b精确到0.01），并预测t=30分钟时的温度（精确到1摄氏度）。同时，说明这个模型是否适合预测t=60分钟时的温度，为什么？
bnu-high-ds-v1-s4-261,S4,upper,fill-in,Exam,bnu-high-s4-数学建模活动-一,数学建模活动（一）,必修 第一册,数学建模活动（一）,pass,none,high,stage-b,pass,pass,pass,pass,not_applicable,"y=10+2.5(x-3)，定义域为(3,+∞)",,,,存储答案与独立解一致，解析正确建立分段函数模型。,y=10+2.5(x-3)，定义域为{x|x>3},"y=10+2.5(x-3)，定义域为{x|x>3} | y=2.5x+2.5，定义域为{x|x>3} | y=10+2.5(x-3)，定义域为(3,+∞) | y=2.5x+2.5，定义域为(3,+∞)",pass,none,"y=10+2.5(x-3)，定义域为(3,+∞)",pass,pass,not_applicable,,,某城市出租车收费标准如下：起步价10元（含3公里），超过3公里后每公里2.5元。小明乘坐出租车行驶了x公里（x>3），支付车费y元。请建立y关于x的函数模型，并写出函数的定义域。
bnu-high-ds-v1-s4-262,S4,upper,multiple-choice,Core,bnu-high-s4-数学建模活动-一,数学建模活动（一）,必修 第一册,数学建模活动（一）,pass,none,high,stage-b,pass,pass,pass,pass,pass,x>40,,,,存储答案与独立解一致，解析正确求解不等式。,x>40,x>40,pass,none,x>40,pass,pass,pass,,,某公司销售一种产品，销售数量x（件）与总成本C（元）的关系为C=2000+50x，销售收入R（元）与销售数量x的关系为R=100x。设利润为P，则P=R-C。若该公司想获得利润，销售数量x应满足的条件是（　）
bnu-high-ds-v1-s4-263,S4,upper,short-answer,Foundation,bnu-high-s4-数学建模活动-一,数学建模活动（一）,必修 第一册,数学建模活动（一）,pass,none,high,stage-b,pass,pass,pass,pass,not_applicable,ab/(a+b)小时,,,,存储答案与独立解一致，解析正确应用工作效率模型。,ab/(a+b)小时,ab/(a+b)小时 | ab/(a+b) | ab/(a+b)h,pass,none,ab/(a+b)小时,pass,pass,not_applicable,,,某水池有甲、乙两个进水管，单独开甲管a小时可注满水池，单独开乙管b小时可注满水池。若两管同时打开，需要多少小时可注满水池？请用a、b表示。
bnu-high-ds-v1-s4-264,S4,upper,fill-in,Exam,bnu-high-s4-数学建模活动-一,数学建模活动（一）,必修 第一册,数学建模活动（一）,pass,none,high,stage-b,pass,pass,pass,pass,not_applicable,L=20x-5000，利润为零时x=250,,,,存储答案与独立解一致，解析正确建立利润函数并求解零点。,L=20x-5000，利润为零时x=250,L=20x-5000，利润为零时x=250 | L=20x-5000，x=250 | L=20x-5000，产量为250件,pass,none,L=20x-5000，利润为零时x=250,pass,pass,not_applicable,,,某工厂生产一种产品，固定成本为5000元，每生产一件产品的可变成本为20元，产品售价为40元。设产量为x件，总利润为L元。请建立L关于x的函数模型，并求利润为零时的产量。
bnu-high-ds-v1-s4-265,S4,upper,multiple-choice,Core,bnu-high-s4-数学建模活动-一,数学建模活动（一）,必修 第一册,数学建模活动（一）,pass,none,high,stage-b,pass,pass,pass,pass,pass,10.5公里,,,,存储答案与独立解一致，均为10.5公里，解析正确，选项唯一。,10.5公里,10.5公里,pass,none,10.5公里,pass,pass,pass,,,某地出租车计费规则为：3公里以内收费8元，超过3公里后每公里收费1.6元。若乘客乘坐x公里（x>3），应付车费y元，则y与x的函数关系为y=8+1.6(x-3)。若乘客支付了20元车费，则他乘坐的路程最接近（　）
bnu-high-ds-v1-s4-266,S4,upper,short-answer,Foundation,bnu-high-s4-数学建模活动-一,数学建模活动（一）,必修 第一册,数学建模活动（一）,pass,none,high,stage-b,pass,pass,pass,pass,not_applicable,20%,,,,存储答案20%与独立解一致，acceptedAnswers包含20%和0.2，解析正确。,20%,20% | 0.2,pass,none,20%,pass,pass,not_applicable,,,某商品原价为200元，连续两次降价，每次降价的百分率相同，最终售价为128元。求每次降价的百分率。
bnu-high-ds-v1-s4-267,S4,upper,fill-in,Exam,bnu-high-s4-数学建模活动-一,数学建模活动（一）,必修 第一册,数学建模活动（一）,pass,none,high,stage-b,pass,pass,pass,pass,not_applicable,y=4x-30 (x>20),,,,存储答案y=2×10+3×10+4(x-20)=50+4(x-20)与独立解y=4x-30等价，acceptedAnswers包含多种形式，解析正确。,y=2×10+3×10+4(x-20)=50+4(x-20),y=2×10+3×10+4(x-20)=50+4(x-20) | y=50+4(x-20) | y=4x-30,pass,none,y=4x-30 (x>20),pass,pass,not_applicable,,,某城市居民用水实行阶梯水价：每户每月用水量不超过10吨时，每吨2元；超过10吨但不超过20吨的部分，每吨3元；超过20吨的部分，每吨4元。设某户月用水量为x吨（x>20），应缴水费为y元。请写出y关于x的函数解析式。
bnu-high-ds-v1-s4-268,S4,upper,multiple-choice,Core,bnu-high-s4-数学建模活动-一,数学建模活动（一）,必修 第一册,数学建模活动（一）,pass,none,high,stage-b,pass,pass,pass,pass,pass,t>200,,,,存储答案t>200与独立解一致，解析正确，选项唯一。,t>200,t>200,pass,none,t>200,pass,pass,pass,,,某公司推出两种手机资费套餐：套餐A月租20元，通话0.1元/分钟；套餐B无月租，通话0.2元/分钟。设每月通话时间为t分钟，总费用分别为y_A和y_B。当通话时间t满足什么条件时，套餐A更划算？（　）
bnu-high-ds-v1-s4-269,S4,upper,short-answer,Foundation,bnu-high-s4-数学建模活动-一,数学建模活动（一）,必修 第一册,数学建模活动（一）,pass,none,high,stage-b,pass,pass,pass,pass,not_applicable,10年,,,,存储答案10年与独立解一致，acceptedAnswers包含10年和10，解析正确。,10年,10年 | 10,pass,none,10年,pass,pass,not_applicable,,,某银行一年期定期存款年利率为2%，若存入本金10000元，到期后自动转存（复利计算）。问：至少经过多少年，本利和能超过12000元？（参考数据：lg1.02≈0.0086，lg1.2≈0.0792）
bnu-high-ds-v1-s4-270,S4,upper,fill-in,Exam,bnu-high-s4-数学建模活动-一,数学建模活动（一）,必修 第一册,数学建模活动（一）,pass,none,high,stage-c,pass,pass,pass,pass,not_applicable,"k≈0.04, m=100e^{-0.04t}",,,self_correction_language,题目可解，符合BNU建模活动要求。独立解k≈0.04，m=100e^{-0.04t}与存储答案及acceptedAnswers一致，解析正确。基线DeepSeek误判为fail，实际无错误。,k≈0.04，m=100e^{-0.04t},k≈0.04，m=100e^{-0.04t} | k=0.04，m=100e^{-0.04t} | k≈0.04，m=100e^{-0.0446t},pass,none,"k≈0.04, m=100e^{-0.04t}",pass,pass,not_applicable,,none,某放射性物质的质量随时间按指数衰减，其剩余质量m（克）与时间t（天）的关系为m=m_0·e^{-kt}，其中m_0为初始质量，k为衰减常数。已知初始质量为100克，经过5天后剩余质量为80克。求k的值（精确到0.01），并写出m关于t的函数表达式。
bnu-high-ds-v1-s4-271,S4,upper,multiple-choice,Core,bnu-high-s4-数学建模活动-一,数学建模活动（一）,必修 第一册,数学建模活动（一）,fail,blocker,high,stage-c,pass,pass,pass,fail,pass,乙同学的二次模型更合适，因为它的预测误差更小,,math_error|explanation_contradiction,,题目可解，答案匹配，但解析中乙模型预测值计算错误（y(4)=51应为55，y(5)=66应为71，y(6)=82应为88），导致误差计算错误，解析与正确计算过程矛盾，需修正解析。,乙同学的二次模型更合适，因为它的预测误差更小,乙同学的二次模型更合适，因为它的预测误差更小,pass,none,乙同学的二次模型更合适，因为它的预测误差更小,fail,fail,pass,乙同学的二次模型更合适，因为它的预测误差更小,blocker,"某城市公园计划在湖边修建一条步行道，步行道的长度 y（单位：米）与修建时间 t（单位：天）之间的关系可以用函数 y = f(t) 来建模。工作人员记录了前 6 天的数据：t=1 时 y=12，t=2 时 y=25，t=3 时 y=39，t=4 时 y=54，t=5 时 y=70，t=6 时 y=87。为了预测第 10 天的步行道长度，甲同学选择一次函数模型 y = at + b，乙同学选择二次函数模型 y = ct^2 + dt + e。他们分别用前三个数据点确定模型参数，然后用第 4 到 6 天的数据检验模型。对于甲同学的模型，用 t=1,2,3 的数据解得 a=13.5, b=-1.5，模型为 y=13.5t-1.5。对于乙同学的模型，用 t=1,2,3 的数据解得 c=0.5, d=10.5, e=1，模型为 y=0.5t^2+10.5t+1。根据检验结果，哪个模型更合适？"
bnu-high-ds-v1-s4-272,S4,upper,short-answer,Foundation,bnu-high-s4-数学建模活动-一,数学建模活动（一）,必修 第一册,数学建模活动（一）,pass,none,high,stage-b,pass,pass,pass,pass,not_applicable,"a=100, b=2, 第5天销售量3200件",,,,存储答案与独立解一致，解析正确。,"a=100, b=2, 第5天销售3200件","a=100, b=2, 第5天销售3200件 | a=100，b=2，第5天销售3200件",pass,none,"a=100, b=2, 第5天销售量3200件",pass,pass,not_applicable,,,某公司推出一种新产品，市场部门预测该产品的日销售量 Q（件）与销售天数 t（天）的关系可以用指数函数模型 Q = a * b^t 来描述。已知第 1 天销售了 200 件，第 3 天销售了 800 件。假设模型成立，求参数 a 和 b 的值，并预测第 5 天的销售量。
bnu-high-ds-v1-s4-273,S4,upper,fill-in,Exam,bnu-high-s4-数学建模活动-一,数学建模活动（一）,必修 第一册,数学建模活动（一）,pass,none,high,stage-b,pass,pass,pass,pass,not_applicable,k=3；当t=30时，V=40，不为0，所以不可能为0。,,,,存储答案与独立解一致，解析正确推导k=3并判断t=30时V=40≠0。,"k=3, 不可能，因为当t=30时V=40>0","k=3, 不可能，因为当t=30时V=40>0 | k=3，不可能，因为当t=30时V=40>0",pass,none,k=3；当t=30时，V=40，不为0，所以不可能为0。,pass,pass,not_applicable,,,一个容器中有 100 升水，水以每分钟 5 升的恒定速率流出，同时以每分钟 k 升的速率注入另一种液体。容器中水的体积 V（升）随时间 t（分钟）变化的函数为 V(t)=100-5t+kt。已知在第 10 分钟时，容器中水的体积为 80 升。求 k 的值，并判断当 t=30 时，容器中水的体积是否可能为 0？如果可能，求出此时的 t；如果不可能，说明理由。
bnu-high-ds-v1-s4-274,S4,upper,multiple-choice,Core,bnu-high-s4-数学建模活动-一,数学建模活动（一）,必修 第一册,数学建模活动（一）,pass,none,high,stage-b,pass,pass,pass,pass,pass,A,,,,存储答案与独立解均为选项A，解析正确指出各段表达式及错误选项原因。,"y = 10, 0<x≤3; y = 10+2(x-3), 3<x≤10; y = 10+2*7+3(x-10), x>10","y = 10, 0<x≤3; y = 10+2(x-3), 3<x≤10; y = 10+2*7+3(x-10), x>10",pass,none,A,pass,pass,pass,,,某城市出租车收费标准如下：起步价 10 元（含 3 公里），超过 3 公里后每公里 2 元，超过 10 公里后每公里加收 50% 的空驶费。设行驶里程为 x 公里（x>0），车费为 y 元。则车费 y 关于里程 x 的函数模型为分段函数。下列哪个选项正确地表示了该分段函数？
bnu-high-ds-v1-s4-275,S4,upper,short-answer,Foundation,bnu-high-s4-数学建模活动-一,数学建模活动（一）,必修 第一册,数学建模活动（一）,pass,none,high,stage-b,pass,pass,pass,pass,not_applicable,"a=1, b=50；2030年人口为70万。",,,,"存储答案与独立解一致，解析正确求解a=1, b=50并预测2030年人口70万。","a=1, b=50, 2030年人口70万","a=1, b=50, 2030年人口70万 | a=1，b=50，2030年人口70万",pass,none,"a=1, b=50；2030年人口为70万。",pass,pass,not_applicable,,,某地区 2010 年人口为 50 万，2020 年人口为 60 万。假设人口增长模型为线性函数 P(t)=at+b，其中 t 为年份（t=0 对应 2010 年）。求参数 a 和 b，并预测 2030 年的人口。
bnu-high-ds-v1-s4-276,S4,upper,fill-in,Exam,bnu-high-s4-数学建模活动-一,数学建模活动（一）,必修 第一册,数学建模活动（一）,pass,none,high,stage-b,pass,pass,pass,pass,not_applicable,k≈0.07；经过20年质量变为25克。,,,,"存储答案k≈0.07, 20年与独立解一致，解析计算过程正确。","k≈0.07, 20年","k≈0.07, 20年 | k≈0.07，20年",pass,none,k≈0.07；经过20年质量变为25克。,pass,pass,not_applicable,,,某放射性物质的质量 m（克）随时间 t（年）按指数衰减，模型为 m(t)=m0 * e^{-kt}。已知初始质量为 100 克，10 年后质量变为 50 克。求 k 的值（精确到 0.01），并计算经过多少年后质量变为 25 克。
bnu-high-ds-v1-s4-277,S4,upper,multiple-choice,Core,bnu-high-s4-数学建模活动-一,数学建模活动（一）,必修 第一册,数学建模活动（一）,fail,blocker,high,stage-c,fail,pass,fail,fail,fail,B、C、D,B、C、D均正确，题目存在多个正确选项，违反单选题唯一性要求。,math_error|ambiguous_mc|bad_options|explanation_contradiction,,利润函数L(x)=30x-2000，代入计算得L(70)=100，L(80)=400，L(100)=1000，故B、C、D均正确，A错误。单选题出现多个正确选项，违反唯一性要求，题目不可解。存储答案仅选C，与事实不符；解析承认B、C、D正确却强行选C，自相矛盾。,当产量为 80 件时，利润为 400 元,当产量为 80 件时，利润为 400 元,pass,blocker,B、C、D,fail,fail,fail,B、C、D均正确，题目存在多个正确选项，违反单选题唯一性要求。,blocker,某工厂生产一种产品，固定成本为 2000 元，每生产一件产品的可变成本为 50 元，产品售价为 80 元。设产量为 x 件，利润为 L(x) 元。则利润函数为 L(x)=30x-2000。下列说法正确的是：
bnu-high-ds-v1-s4-278,S4,upper,short-answer,Foundation,bnu-high-s4-数学建模活动-一,数学建模活动（一）,必修 第一册,数学建模活动（一）,pass,none,high,stage-b,pass,pass,pass,pass,not_applicable,12小时,,,,存储答案12小时与独立解一致，解析正确使用工作效率求解。,12小时,12小时 | 12,pass,none,12小时,pass,pass,not_applicable,,,某水池有一个进水管和一个出水管。单开进水管，4 小时可注满水池；单开出水管，6 小时可将满池水放完。现在水池是空的，同时打开进水管和出水管，求注满水池需要的时间。
bnu-high-ds-v1-s4-279,S4,upper,fill-in,Exam,bnu-high-s4-数学建模活动-一,数学建模活动（一）,必修 第一册,数学建模活动（一）,pass,none,high,stage-b,pass,pass,pass,pass,not_applicable,10公里,,,,存储答案10公里与独立解一致，解析正确代入分段函数求解。,10公里,10公里 | 10,pass,none,10公里,pass,pass,not_applicable,,,某城市出租车起步价为 8 元（含 2 公里），之后每公里 1.5 元。同时，乘客需要支付燃油附加费 1 元。设行驶里程为 x 公里（x>0），车费为 y 元。则 y 关于 x 的函数模型为：当 0<x≤2 时，y=9；当 x>2 时，y=8+1.5(x-2)+1。化简后，当 x>2 时，y=1.5x+6。若乘客支付了 21 元，则行驶里程是多少公里？
bnu-high-ds-v1-s4-280,S4,upper,multiple-choice,Core,bnu-high-s4-数学建模活动-一,数学建模活动（一）,必修 第一册,数学建模活动（一）,pass,none,high,stage-b,pass,pass,pass,pass,pass,B,,,,存储答案22.5件与独立解一致，解析正确利用二次函数对称轴求最大值。,22.5件,22.5件,pass,none,B,pass,pass,pass,,,某公司销售一种商品，销售数量 x（件）与销售价格 p（元）之间的关系为 p=100-2x。总成本 C(x)=200+10x。则利润函数 L(x)=x(100-2x)-(200+10x)=-2x^2+90x-200。为了获得最大利润，销售数量应定为多少件？
bnu-high-ds-v1-s4-281,S4,upper,short-answer,Foundation,bnu-high-s4-数学建模活动-一,数学建模活动（一）,必修 第一册,数学建模活动（一）,fail,blocker,high,stage-c,pass,pass,fail,fail,not_applicable,(1) 甲：y=0.85x-0.9；乙：y=0.0625x²+0.55；(2) 乙模型更准确；(3) 9.6 m,(1) 甲：y=0.85x-0.9；乙：y=0.0625x²+0.55；(2) 乙模型更准确；(3) 9.6 m,math_error|answer_mismatch|explanation_contradiction,,存储答案参数计算错误：甲模型应为y=0.85x-0.9，乙模型应为y=0.0625x²+0.55；检验结果应为乙模型更准确；预测值应为9.6 m。解析中计算错误且结论矛盾，与独立求解结果不一致。,（1）甲：y = 0.425x - 0.05；乙：y = 0.075x² + 0.5；（2）乙模型更准确；（3）11.3 m,（1）甲：y = 0.425x - 0.05；乙：y = 0.075x² + 0.5；（2）乙模型更准确；（3）11.3 m,pass,none,(1) 甲：y=0.85x-0.9；乙：y=0.0625x²+0.55；(2) 乙模型更准确；(3) 9.6 m,fail,fail,not_applicable,(1) 甲：y=0.85x-0.9；乙：y=0.0625x²+0.55；(2) 乙模型更准确；(3) 9.6 m,blocker,"某城市公园计划在湖边修建一条步行道，设计人员收集了湖边不同位置离岸距离 x（单位：m）与水深 y（单位：m）的测量数据如下：\n(2, 0.8), (4, 1.5), (6, 2.5), (8, 3.8), (10, 5.4)。\n为了预测离岸 12 m 处的水深，甲同学选择一次函数模型 y = ax + b，乙同学选择二次函数模型 y = cx² + d。两人分别用前三个数据点确定模型参数。\n（1）求甲、乙两位同学得到的模型表达式；\n（2）用第四个数据点 (8, 3.8) 检验两个模型，哪个模型预测更准确？\n（3）根据较优模型，预测离岸 12 m 处的水深（结果保留一位小数）。"
bnu-high-ds-v1-s4-282,S4,upper,fill-in,Exam,bnu-high-s4-数学建模活动-一,数学建模活动（一）,必修 第一册,数学建模活动（一）,pass,none,high,stage-b,pass,pass,pass,pass,not_applicable,"(1) a=5, b=5；(2) 150万元；(3) 预测误差0万元，但模型①为二次函数，长期会无限增长，不适合长期预测。",,,,存储答案与独立解一致，解析正确。,"（1）a=5, b=5；（2）150 万元；（3）误差 0 万元，但模型为二次函数，长期会无限增长，不符合实际利润趋于饱和的规律，不适合长期预测。","（1）a=5, b=5；（2）150 万元；（3）误差 0 万元，但模型为二次函数，长期会无限增长，不符合实际利润趋于饱和的规律，不适合长期预测。",pass,none,"(1) a=5, b=5；(2) 150万元；(3) 预测误差0万元，但模型①为二次函数，长期会无限增长，不适合长期预测。",pass,pass,not_applicable,,,"某创业公司 2020 年初投入 100 万元研发新产品，之后每年末统计累计利润 y（万元）。数据如下：2020 年末 y=10，2021 年末 y=30，2022 年末 y=60，2023 年末 y=100。分析人员提出两个模型：① y = at² + bt（t 为从 2020 年初起经过的年数，t=1,2,3,4）；② y = k·ln(t+1) + m。\n（1）若用模型①拟合，利用 2020 年和 2023 年数据求 a, b；\n（2）用模型①预测 2024 年末的累计利润；\n（3）实际 2024 年末累计利润为 150 万元，计算模型①的预测误差，并说明该模型是否适合长期预测。"
bnu-high-ds-v1-s4-283,S4,upper,multiple-choice,Core,bnu-high-s4-数学建模活动-一,数学建模活动（一）,必修 第一册,数学建模活动（一）,fail,blocker,high,stage-c,fail,pass,fail,fail,fail,无正确选项,无正确选项,math_error|bad_options|explanation_contradiction|unsolvable,,模型 y=2·1.5ˣ+1，当 x=5 时，计算得 y=2×7.59375+1=16.1875≈16.2 万辆，选项 C 为 20.2 万辆，数值错误。其他选项均明显错误，导致无正确选项，题目不可解。解析中计算过程错误且与选项矛盾。,C. 当 x=5 时，保有量约为 20.2 万辆,C. 当 x=5 时，保有量约为 20.2 万辆,pass,blocker,C,fail,fail,fail,无正确选项,blocker,在数学建模活动中，某小组研究了某地区新能源汽车保有量 y（万辆）与年份 x（以 2015 年为第 1 年）的关系，得到模型 y = 2·1.5ˣ + 1。下列关于该模型的判断中，正确的是（ ）
bnu-high-ds-v1-s4-284,S4,upper,short-answer,Foundation,bnu-high-s4-数学建模活动-一,数学建模活动（一）,必修 第一册,数学建模活动（一）,fail,blocker,high,stage-c,pass,pass,fail,fail,not_applicable,(1) 模型①误差0分钟，模型②误差1分钟；(2) 模型①拟合更好，因为对所有数据点误差更小；(3) 15分钟,(1) 模型①误差0分钟，模型②误差1分钟；(2) 模型①拟合更好，因为对所有数据点误差更小；(3) 15分钟,math_error|answer_mismatch|explanation_contradiction,,"存储答案中模型②在(4,9)的误差计算错误（应为1分钟而非0），导致模型比较结论错误（模型①整体误差更小），解析中误差计算矛盾。正确答案应为模型①误差0、模型②误差1，模型①拟合更好，预测15分钟。",（1）模型①误差 0，模型②误差 1；（2）模型①更好，因为对前三个点无误差，整体误差较小；（3）15 分钟,（1）模型①误差 0，模型②误差 1；（2）模型①更好，因为对前三个点无误差，整体误差较小；（3）15 分钟,pass,none,(1) 模型①误差0分钟，模型②误差1分钟；(2) 模型①拟合更好，因为对所有数据点误差更小；(3) 15分钟,fail,fail,not_applicable,(1) 模型①误差0分钟，模型②误差1分钟；(2) 模型①拟合更好，因为对所有数据点误差更小；(3) 15分钟,blocker,"某校数学建模小组研究本校学生中午食堂就餐排队时间问题。他们记录了连续 5 天中午 12:00 到达食堂的人数 x（百人）与平均排队时间 y（分钟）的数据：(2, 5), (3, 7), (4, 9), (5, 12), (6, 16)。小组成员提出两种模型：① y = 2x + 1；② y = 0.5x² + 1。\n（1）分别计算两个模型对数据 (4, 9) 的预测误差；\n（2）从所有数据点看，哪个模型拟合得更好？请简要说明理由。\n（3）若某天中午 12:00 到达人数为 7 百人，用较优模型预测排队时间。"
bnu-high-ds-v1-s4-285,S4,upper,fill-in,Exam,bnu-high-s4-数学建模活动-一,数学建模活动（一）,必修 第一册,数学建模活动（一）,fail,blocker,high,stage-c,pass,pass,fail,fail,not_applicable,"(1) y={10, 0≤x≤3; 2.5x+4, x>3}；(2) x=8.4公里","(1) y={10, 0≤x≤3; 2.5x+4, x>3}；(2) x=8.4公里",math_error|answer_mismatch|explanation_contradiction,,分段函数表达式错误：x≤3时总费用应为10元，不含燃油附加费0.5x；x>3时表达式正确但答案未简化。解方程得x=8.4公里，非7公里。解析中计算过程与答案矛盾。,"（1）y = { 10 + 0.5x, 0≤x≤3; 10 + 2(x-3) + 0.5x, x>3 }；（2）x = 7 公里","（1）y = { 10 + 0.5x, 0≤x≤3; 10 + 2(x-3) + 0.5x, x>3 }；（2）x = 7 公里",pass,none,"(1) y={10, 0≤x≤3; 10+2(x-3)+0.5x=2.5x+4, x>3}；(2) x=8.4公里",fail,fail,not_applicable,"(1) y={10, 0≤x≤3; 2.5x+4, x>3}；(2) x=8.4公里",blocker,"某城市出租车收费标准如下：起步价 10 元（含 3 公里），超过 3 公里后每公里 2 元。另外，燃油附加费为每公里 0.5 元（按实际行驶里程计算）。设行驶里程为 x 公里（x≥0），总费用为 y 元。\n（1）写出 y 关于 x 的分段函数表达式；\n（2）若乘客支付了 25 元，求行驶里程 x 的值。"
bnu-high-ds-v1-s4-286,S4,upper,multiple-choice,Core,bnu-high-s4-数学建模活动-一,数学建模活动（一）,必修 第一册,数学建模活动（一）,pass,none,high,stage-b,pass,pass,pass,pass,pass,B,,,,存储答案与独立解一致，解析正确。,B. 两边取自然对数，得到 ln y = ln a + x ln b,B. 两边取自然对数，得到 ln y = ln a + x ln b,pass,none,B,pass,pass,pass,,,"在数学建模中，常用函数模型描述现实问题。对于一组数据 (x₁, y₁), (x₂, y₂), ..., (xₙ, yₙ)，若选择指数模型 y = a·bˣ 进行拟合，通常需要转化为线性模型。下列转化方法正确的是（ ）"
bnu-high-ds-v1-s4-287,S4,upper,short-answer,Foundation,bnu-high-s4-数学建模活动-一,数学建模活动（一）,必修 第一册,数学建模活动（一）,fail,blocker,high,stage-c,pass,pass,fail,fail,not_applicable,(1) 甲：7.1万元，乙：约6.6万元；(2) 甲模型更准确；(3) 9.2万元,(1) 甲：7.1万元，乙：约6.6万元；(2) 甲模型更准确；(3) 9.2万元,math_error|answer_mismatch|explanation_contradiction,,乙模型计算错误：4.5×1.1⁴≈6.588，四舍五入为6.6万元，而非7.2万元。因此甲模型更准确，预测2025年应为9.2万元。答案与解析均错误，且解析中试图修改模型参数，与题目矛盾。,（1）甲：7.1 万元，乙：7.2 万元；（2）乙更准确；（3）9.6 万元,（1）甲：7.1 万元，乙：7.2 万元；（2）乙更准确；（3）9.6 万元,pass,none,(1) 甲：7.1万元，乙：约7.2万元；(2) 甲模型更准确；(3) 9.2万元,fail,fail,not_applicable,(1) 甲：7.1万元，乙：约6.6万元；(2) 甲模型更准确；(3) 9.2万元,blocker,"某地区 2018 年至 2022 年的人均 GDP（单位：万元）数据如下：\n2018: 5.0, 2019: 5.5, 2020: 6.0, 2021: 6.8, 2022: 7.8。\n为了预测 2025 年的人均 GDP，甲同学选择线性模型 y = 0.7t + 4.3（t 为年份减 2018），乙同学选择指数模型 y = 4.5·1.1ᵗ。\n（1）分别计算两个模型对 2022 年数据的预测值；\n（2）哪个模型对 2022 年的预测更准确？\n（3）用较优模型预测 2025 年的人均 GDP（结果保留一位小数）。"
bnu-high-ds-v1-s4-288,S4,upper,fill-in,Exam,bnu-high-s4-数学建模活动-一,数学建模活动（一）,必修 第一册,数学建模活动（一）,pass,none,high,stage-b,pass,pass,pass,pass,not_applicable,(1) 模型①：17，模型②：约11.125；(2) 模型①更符合，因为与数据完全吻合；(3) 65百个,,,,存储答案与独立解一致，解析正确。,"（1）模型①：17，模型②：2×5.0625+1=11.125；（2）模型①更符合，因为数据点 (4,17) 与模型①完全吻合，且整体趋势更接近指数增长；（3）65 百个","（1）模型①：17，模型②：2×5.0625+1=11.125；（2）模型①更符合，因为数据点 (4,17) 与模型①完全吻合，且整体趋势更接近指数增长；（3）65 百个",pass,none,(1) 模型①：17，模型②：约11.125；(2) 模型①更符合，因为与数据完全吻合；(3) 65百个,pass,pass,not_applicable,,,"某实验室培养一种细菌，记录时间 t（小时）与细菌数量 y（百个）的数据如下：\nt=0, y=2; t=1, y=3; t=2, y=5; t=3, y=9; t=4, y=17。\n研究人员提出两种模型：① y = 2ᵗ + 1；② y = 2·1.5ᵗ + 1。\n（1）分别计算两个模型在 t=4 时的预测值；\n（2）哪个模型更符合数据的变化趋势？请简要说明。\n（3）根据较优模型，预测 t=6 时的细菌数量。"
bnu-high-ds-v1-s4-289,S4,lower,multiple-choice,Core,bnu-high-s4-三角函数,三角函数,必修 第二册,三角函数,fail,blocker,high,stage-c,fail,pass,fail,fail,fail,D,,ambiguous_mc|explanation_contradiction|answer_mismatch,,题目为单选题，但选项C和D均正确，不满足唯一答案要求。存储答案D错误，解析声称所有选项正确，与Stage A独立解矛盾。,D. f(x) 的最大值为 3,D. f(x) 的最大值为 3,pass,none,D,fail,fail,fail,,blocker,已知函数 f(x) = 2sin(3x - π/4) + 1，则下列结论正确的是（ ）
bnu-high-ds-v1-s4-290,S4,lower,short-answer,Foundation,bnu-high-s4-三角函数,三角函数,必修 第二册,三角函数,pass,none,high,stage-b,pass,pass,pass,pass,not_applicable,"sinα=4/5, cosα=-3/5, tanα=-4/3",,,,存储答案与 Stage A 独立解一致，解析正确。,"sinα = 4/5, cosα = -3/5, tanα = -4/3","sinα = 4/5, cosα = -3/5, tanα = -4/3",pass,none,"sinα=4/5, cosα=-3/5, tanα=-4/3",pass,pass,not_applicable,,,"已知角 α 的终边经过点 P(-3, 4)，求 sinα, cosα, tanα 的值。"
bnu-high-ds-v1-s4-291,S4,lower,fill-in,Exam,bnu-high-s4-三角函数,三角函数,必修 第二册,三角函数,fail,blocker,high,stage-c,pass,pass,fail,fail,not_applicable,"[0, π/12] ∪ [7π/12, π]","[0, π/12] ∪ [7π/12, π]",math_error|answer_mismatch,,"Stage A 独立求解得递增区间为 [0, π/12] ∪ [7π/12, π]，存储答案为 [0, 5π/12] 和 [11π/12, π]，两者不一致。存储答案错误，需修正。","[0, 5π/12] 和 [11π/12, π]","[0, 5π/12] 和 [11π/12, π] | [0,5π/12]和[11π/12,π] | [0, 5π/12] ∪ [11π/12, π]",pass,none,"[0, π/12] ∪ [7π/12, π]",fail,fail,not_applicable,"[0, π/12] ∪ [7π/12, π]",blocker,"已知函数 f(x) = 3 sin(2x - π/3) + 1，x ∈ [0, π]。求 f(x) 的单调递增区间。"
bnu-high-ds-v1-s4-292,S4,lower,multiple-choice,Core,bnu-high-s4-三角函数,三角函数,必修 第二册,三角函数,pass,none,high,stage-b,pass,pass,pass,pass,pass,A,,,,存储答案与 Stage A 独立解一致，解析正确。,y = sin x,y = sin x,pass,none,A,pass,pass,pass,,,将函数 y = sin(2x + π/4) 的图像向右平移 π/8 个单位，再将所得图像上所有点的横坐标变为原来的 2 倍（纵坐标不变），则所得图像对应的函数解析式为（ ）
bnu-high-ds-v1-s4-293,S4,lower,short-answer,Foundation,bnu-high-s4-三角函数,三角函数,必修 第二册,三角函数,pass,none,high,stage-b,pass,pass,pass,pass,not_applicable,1/5,,,,存储答案与 Stage A 独立解一致，解析正确。,1/5,1/5 | 0.2,pass,none,1/5,pass,pass,not_applicable,,,"已知角 α 的终边经过点 P(-3, 4)，求 sin α + cos α 的值。"
bnu-high-ds-v1-s4-294,S4,lower,fill-in,Exam,bnu-high-s4-三角函数,三角函数,必修 第二册,三角函数,pass,none,high,stage-b,pass,pass,pass,pass,not_applicable,π/6,,,,存储答案与 Stage A 独立解一致，解析正确。,π/6,π/6 | pi/6,pass,none,π/6,pass,pass,not_applicable,,,函数 y = 2 cos(3x + π/6) 的初相是______。
bnu-high-ds-v1-s4-295,S4,lower,multiple-choice,Core,bnu-high-s4-三角函数,三角函数,必修 第二册,三角函数,fail,blocker,high,stage-c,fail,pass,pass,weak,fail,B,,ambiguous_mc|explanation_contradiction,,y=|sin x| 的最小正周期为 π 且为偶函数，与 y=cos 2x 同时满足条件，单选题存在两个正确选项，不唯一。解析未澄清此歧义，且自身表述矛盾。,y = cos 2x,y = cos 2x,pass,none,B,pass,weak,fail,,blocker,下列函数中，最小正周期为 π 且为偶函数的是（ ）
bnu-high-ds-v1-s4-296,S4,lower,short-answer,Foundation,bnu-high-s4-三角函数,三角函数,必修 第二册,三角函数,pass,none,high,stage-b,pass,pass,pass,pass,not_applicable,1/3,,,,存储答案与 Stage A 独立解一致，解析正确。,1/3,1/3 | 0.333,pass,none,1/3,pass,pass,not_applicable,,,已知 tan θ = 2，求 (sin θ - cos θ) / (sin θ + cos θ) 的值。
bnu-high-ds-v1-s4-297,S4,lower,fill-in,Exam,bnu-high-s4-三角函数,三角函数,必修 第二册,三角函数,pass,none,high,stage-b,pass,pass,pass,pass,not_applicable,"x = π/12 + kπ/2, k ∈ Z (或 x = π/12)",,,,存储答案 x=π/12 是独立解 x=π/12+kπ/2 的一个特例，符合题目要求的一条对称轴方程。解析正确推导了通解并取 k=0 得到 x=π/12，与独立解一致。,x = π/12,x = π/12 | x=π/12,pass,none,"x = π/12 + kπ/2, k ∈ Z (或 x = π/12)",pass,pass,not_applicable,,,函数 y = sin(2x + π/3) 的图像的一条对称轴方程是______。
bnu-high-ds-v1-s4-298,S4,lower,multiple-choice,Core,bnu-high-s4-三角函数,三角函数,必修 第二册,三角函数,pass,none,high,stage-b,pass,pass,pass,pass,pass,A,,,,"存储答案 f(x)=2sin(2x+π/6) 与独立解选项A一致。解析正确求出 A=2, ω=2, φ=π/6，推导无误。",f(x) = 2 sin(2x + π/6),f(x) = 2 sin(2x + π/6),pass,none,A,pass,pass,pass,,,"已知函数 f(x) = A sin(ωx + φ) (A>0, ω>0, |φ|<π/2) 的部分图像描述如下：最高点坐标为 (π/6, 2)，相邻最低点坐标为 (2π/3, -2)。则 f(x) 的解析式为（ ）"
bnu-high-ds-v1-s4-299,S4,lower,short-answer,Foundation,bnu-high-s4-三角函数,三角函数,必修 第二册,三角函数,pass,none,high,stage-b,pass,pass,pass,pass,not_applicable,π,,,,存储答案 π 与独立解一致。解析通过降幂和辅助角公式得到 y=1+√2sin(2x-π/4)，周期 T=2π/2=π，正确。,π,π | pi,pass,none,π,pass,pass,not_applicable,,,求函数 y = 2 sin²x + 2 sin x cos x 的最小正周期。
bnu-high-ds-v1-s4-300,S4,lower,fill-in,Exam,bnu-high-s4-三角函数,三角函数,必修 第二册,三角函数,fail,blocker,high,stage-c,fail,pass,fail,fail,not_applicable,无解（条件矛盾）,无解（条件矛盾）,math_error|missing_condition|unsolvable|explanation_contradiction|answer_mismatch,self_correction_language|overlong_rationale,由最小正周期π得ω=2。f(x)≤f(π/3)恒成立要求f(π/3)为最大值1，即sin(2π/3+φ)=1，解得φ=-π/6+2kπ。在0<φ<π内无解（k=0得负，k=1得11π/6>π）。存储答案5π/6代入得f(π/3)=sin(3π/2)=-1，为最小值，与条件矛盾。题目条件无法满足，不可解。,5π/6,5π/6 | 5pi/6,pass,none,π/6,fail,fail,not_applicable,无解（条件矛盾）,blocker,"已知函数 f(x) = sin(ωx + φ) (ω>0, 0<φ<π) 的最小正周期为 π，且 f(x) ≤ f(π/3) 对任意 x ∈ R 恒成立，则 φ = ______。"
bnu-high-ds-v1-s4-301,S4,lower,multiple-choice,Core,bnu-high-s4-三角函数,三角函数,必修 第二册,三角函数,pass,none,high,stage-b,pass,pass,pass,pass,pass,A,,,,"存储答案 [kπ-π/12, kπ+5π/12] 与独立解选项A一致。解析通过整体代入正弦增区间正确求解，推导无误。","[kπ - π/12, kπ + 5π/12], k ∈ Z","[kπ - π/12, kπ + 5π/12], k ∈ Z",pass,none,A,pass,pass,pass,,,已知函数 f(x) = 3 sin(2x - π/3) + 1，则 f(x) 的单调递增区间是（ ）
bnu-high-ds-v1-s4-302,S4,lower,short-answer,Foundation,bnu-high-s4-三角函数,三角函数,必修 第二册,三角函数,fail,blocker,high,stage-c,pass,pass,fail,fail,not_applicable,3π/4,3π/4,math_error|answer_mismatch|explanation_contradiction,,与-2025°终边相同的最小正角为135°，弧度表示为3π/4。存储答案7π/4（315°）错误，且解析中计算过程正确但最终给出7π/4，自相矛盾。,7π/4,7π/4 | 315°,pass,none,7π/4,fail,fail,not_applicable,3π/4,blocker,写出与角 -2025° 终边相同的最小正角，并用弧度表示。
bnu-high-ds-v1-s4-303,S4,lower,fill-in,Core,bnu-high-s4-三角函数,三角函数,必修 第二册,三角函数,pass,none,high,stage-b,pass,pass,pass,pass,not_applicable,2π/3,,,,存储答案 2π/3 与独立解一致。解析正确应用周期公式 T=2π/|ω|=2π/3。,2π/3,2π/3,pass,none,2π/3,pass,pass,not_applicable,,,函数 y = 2 cos(3x + π/4) 的周期是 ______。
bnu-high-ds-v1-s4-304,S4,lower,multiple-choice,Foundation,bnu-high-s4-三角函数,三角函数,必修 第二册,三角函数,pass,none,high,stage-b,pass,pass,pass,pass,pass,A,,,,存储答案 1/5 与独立解选项A一致。解析正确计算 r=5，sinα=4/5，cosα=-3/5，和为 1/5。,1/5,1/5,pass,none,A,pass,pass,pass,,,"若角 α 的终边经过点 P(-3, 4)，则 sin α + cos α 的值为（ ）"
bnu-high-ds-v1-s4-305,S4,lower,short-answer,Core,bnu-high-s4-三角函数,三角函数,必修 第二册,三角函数,pass,none,high,stage-b,pass,pass,pass,pass,not_applicable,"x = π/2, 7π/6, 11π/6",,,,"存储答案与独立解一致，均为π/2, 7π/6, 11π/6；解析正确且完整。","π/2, 7π/6, 11π/6","π/2, 7π/6, 11π/6",pass,none,"x = π/2, 7π/6, 11π/6",pass,pass,not_applicable,,,"求方程 2 sin² x - sin x - 1 = 0 在 [0, 2π) 内的所有解。"
bnu-high-ds-v1-s4-306,S4,lower,fill-in,Foundation,bnu-high-s4-三角函数,三角函数,必修 第二册,三角函数,pass,none,high,stage-b,pass,pass,pass,pass,not_applicable,y = sin(2x + π/3),,,,存储答案y = sin(2x + π/3)与独立解一致；解析步骤正确。,y = sin(2x + π/3),y = sin(2x + π/3),pass,none,y = sin(2x + π/3),pass,pass,not_applicable,,,将函数 y = sin x 的图像上所有点的横坐标变为原来的 1/2（纵坐标不变），再将所得图像向左平移 π/6 个单位长度，则得到的函数解析式为 ______。
bnu-high-ds-v1-s4-307,S4,lower,multiple-choice,Core,bnu-high-s4-三角函数,三角函数,必修 第二册,三角函数,pass,none,high,stage-b,pass,pass,pass,pass,pass,A,,,,存储答案选项A与独立解一致；解析正确，且为唯一正确选项。,"[kπ - π/12, kπ + 5π/12], k ∈ Z","[kπ - π/12, kπ + 5π/12], k ∈ Z",pass,none,A,pass,pass,pass,,,函数 y = 2 sin(π/3 - 2x) 的单调递减区间是（ ）
bnu-high-ds-v1-s4-308,S4,lower,short-answer,Foundation,bnu-high-s4-三角函数,三角函数,必修 第二册,三角函数,pass,none,high,stage-b,pass,pass,pass,pass,not_applicable,9 cm,,,,存储答案9 cm与独立解一致；解析正确。,9 cm,9 cm | 9,pass,none,9 cm,pass,pass,not_applicable,,,已知扇形弧长为 6π cm，圆心角为 120°，求该扇形的半径。
bnu-high-ds-v1-s4-309,S4,lower,fill-in,Core,bnu-high-s4-三角函数,三角函数,必修 第二册,三角函数,pass,none,high,stage-b,pass,pass,pass,pass,not_applicable,5,,,,存储答案5与独立解一致；解析正确。,5,5,pass,none,5,pass,pass,not_applicable,,,函数 y = 3 sin(2x + π/6) + 2 的最大值为 ______。
bnu-high-ds-v1-s4-310,S4,lower,multiple-choice,Foundation,bnu-high-s4-三角函数,三角函数,必修 第二册,三角函数,pass,none,high,stage-b,pass,pass,pass,pass,pass,B,,,,存储答案y = cos 2x与独立解一致；解析正确，且为唯一正确选项。,y = cos 2x,y = cos 2x,pass,none,B,pass,pass,pass,,,下列函数中，最小正周期为 π 且为偶函数的是（ ）
bnu-high-ds-v1-s4-311,S4,lower,short-answer,Core,bnu-high-s4-三角函数,三角函数,必修 第二册,三角函数,fail,blocker,high,stage-c,pass,pass,fail,fail,not_applicable,"[π/8 + 2kπ/3, 5π/8 + 2kπ/3], k∈Z","[π/8 + 2kπ/3, 5π/8 + 2kπ/3], k∈Z",math_error|answer_mismatch|explanation_contradiction,,"题目可解，独立求解得递增区间为[π/8+2kπ/3, 5π/8+2kπ/3]，与存储答案[2kπ/3-π/12, 2kπ/3+π/4]不等价，解析中端点计算错误，导致答案错误，判定为blocker。","[2kπ/3 - π/12, 2kπ/3 + π/4], k∈Z","[2kπ/3 - π/12, 2kπ/3 + π/4], k∈Z",pass,none,"[π/8 + 2kπ/3, 5π/8 + 2kπ/3], k∈Z",fail,fail,not_applicable,"[π/8 + 2kπ/3, 5π/8 + 2kπ/3], k∈Z",blocker,已知函数 f(x) = 2 sin(3x - π/4) + 1。求 f(x) 的单调递增区间。
bnu-high-ds-v1-s4-312,S4,lower,fill-in,Foundation,bnu-high-s4-三角函数,三角函数,必修 第二册,三角函数,pass,none,high,stage-b,pass,pass,pass,pass,not_applicable,7π/6,,,,存储答案7π/6与独立解一致；解析正确。,7π/6,7π/6,pass,none,7π/6,pass,pass,not_applicable,,,将角度 210° 化为弧度，结果是 ______。
bnu-high-ds-v1-s4-313,S4,lower,multiple-choice,Core,bnu-high-s4-三角函数,三角函数,必修 第二册,三角函数,pass,none,high,stage-b,pass,pass,pass,pass,pass,向右平移 π/4 个单位,,,,存储答案与独立解一致，均为向右平移π/4个单位，解析正确。,向右平移 π/4 个单位,向右平移 π/4 个单位,pass,none,向右平移 π/4 个单位,pass,pass,pass,,,函数 y = 3 cos(2x + π/3) 的图像经过怎样的平移可以得到 y = 3 cos(2x - π/6) 的图像？
bnu-high-ds-v1-s4-314,S4,lower,short-answer,Foundation,bnu-high-s4-三角函数,三角函数,必修 第二册,三角函数,pass,none,high,stage-b,pass,pass,pass,pass,not_applicable,1/5,,,,存储答案1/5与独立解一致，解析正确。,1/5,1/5,pass,none,1/5,pass,pass,not_applicable,,,"已知角 α 的终边经过点 P(-3, 4)，求 sin α + cos α 的值。"
bnu-high-ds-v1-s4-315,S4,lower,fill-in,Core,bnu-high-s4-三角函数,三角函数,必修 第二册,三角函数,pass,none,high,stage-b,pass,pass,pass,pass,not_applicable,4,,,,存储答案4与独立解一致，解析正确。,4,4,pass,none,4,pass,pass,not_applicable,,,函数 y = 4 sin(πx/2 + π/6) 的周期是 ______。
bnu-high-ds-v1-s4-316,S4,lower,multiple-choice,Foundation,bnu-high-s4-三角函数,三角函数,必修 第二册,三角函数,pass,none,high,stage-b,pass,pass,pass,pass,pass,5π/3,,,,存储答案5π/3与独立解一致，解析正确。,5π/3,5π/3,pass,none,5π/3,pass,pass,pass,,,下列各角中，与角 -π/3 终边相同的是（　）。
bnu-high-ds-v1-s4-317,S4,lower,short-answer,Core,bnu-high-s4-三角函数,三角函数,必修 第二册,三角函数,fail,blocker,high,stage-c,pass,pass,fail,fail,not_applicable,"x = π/4, 7π/12, 5π/4, 19π/12","x = π/4, 7π/12, 5π/4, 19π/12",math_error|answer_mismatch|explanation_contradiction,,"方程2cos(2x-π/3)=1的解为x=π/4+2kπ或x=7π/12+2kπ，在[0,2π]内得π/4,7π/12,5π/4,19π/12。存储答案13π/12错误，解析中x=π/3+kπ或kπ与最终答案矛盾，且未正确筛选区间内解。","x = π/4, 7π/12, 13π/12, 19π/12","x = π/4, 7π/12, 13π/12, 19π/12",pass,none,"x=π/4, 7π/12, 5π/4, 19π/12",fail,fail,not_applicable,"x = π/4, 7π/12, 5π/4, 19π/12",blocker,"求方程 2 cos(2x - π/3) = 1 在区间 [0, 2π] 内的所有解。"
bnu-high-ds-v1-s4-318,S4,lower,fill-in,Foundation,bnu-high-s4-三角函数,三角函数,必修 第二册,三角函数,pass,none,high,stage-b,pass,pass,pass,pass,not_applicable,2,,,,存储答案2与独立解一致，解析正确。,2,2,pass,none,2,pass,pass,not_applicable,,,函数 y = 2 sin(3x + π/4) 的振幅是 ______。
bnu-high-ds-v1-s4-319,S4,lower,multiple-choice,Core,bnu-high-s4-三角函数,三角函数,必修 第二册,三角函数,pass,none,high,stage-b,pass,pass,pass,pass,pass,x=π/12,,,,存储答案x=π/12与独立解一致，解析正确。,x = π/12,x = π/12,pass,none,x=π/12,pass,pass,pass,,,函数 y = sin(2x + π/3) 的图像的一条对称轴方程是（　）。
bnu-high-ds-v1-s4-320,S4,lower,short-answer,Foundation,bnu-high-s4-三角函数,三角函数,必修 第二册,三角函数,pass,none,high,stage-b,pass,pass,pass,pass,not_applicable,-4/5,,,,存储答案-4/5与独立解一致，解析正确。,-4/5,-4/5,pass,none,-4/5,pass,pass,not_applicable,,,已知 sin θ = 3/5，且 θ 是第二象限角，求 cos θ 的值。
bnu-high-ds-v1-s4-321,S4,lower,fill-in,Core,bnu-high-s4-三角函数,三角函数,必修 第二册,三角函数,fail,blocker,high,stage-c,pass,pass,fail,fail,not_applicable,"[0, π/12] 和 [5π/12, π/2]","[0, π/12] 和 [5π/12, π/2]",math_error|answer_mismatch|explanation_contradiction,,"题目可解，符合教材范围。但存储答案包含错误区间[π/4, π/2]，正确单调递增区间应为[0, π/12]和[5π/12, π/2]。解析中虽指出k=1时交集为[5π/12, π/2]，却错误地给出[π/4, π/2]，存在数学错误和解释矛盾，必须修正。","[0, π/12] 和 [π/4, π/2]","[0, π/12] 和 [π/4, π/2] | [0,π/12]和[π/4,π/2] | [0, π/12] 与 [π/4, π/2] | [0,π/12]与[π/4,π/2]",pass,none,"[0, π/12]",fail,fail,not_applicable,"[0, π/12] 和 [5π/12, π/2]",blocker,"已知函数 \( f(x) = 2\sin\!\left(3x + \frac{\pi}{4}\right) + 1 \) 的最小正周期为 \( T \)。若 \( x \in \left[0, \frac{\pi}{2}\right] \)，则 \( f(x) \) 的单调递增区间是______。"
bnu-high-ds-v1-s4-322,S4,lower,multiple-choice,Foundation,bnu-high-s4-三角函数,三角函数,必修 第二册,三角函数,pass,none,high,stage-b,pass,pass,pass,pass,pass,C,,,,存储答案与独立解一致，均为C，解析正确。,C. \( y = \sin 2x \),C. \( y = \sin 2x \),pass,none,C,pass,pass,pass,,,将函数 \( y = \sin\!\left(2x - \frac{\pi}{3}\right) \) 的图像向左平移 \( \frac{\pi}{6} \) 个单位长度，所得图像对应的函数是（　）。
bnu-high-ds-v1-s4-323,S4,lower,short-answer,Core,bnu-high-s4-三角函数,三角函数,必修 第二册,三角函数,pass,none,high,stage-b,pass,pass,pass,pass,not_applicable,1/5,,,,存储答案1/5与独立解一致，解析正确。,1/5,1/5 | 0.2,pass,none,1/5,pass,pass,not_applicable,,,"已知角 \( \alpha \) 的终边经过点 \( P(-3, 4) \)，求 \( \sin\alpha + \cos\alpha \) 的值。"
bnu-high-ds-v1-s4-324,S4,lower,fill-in,Foundation,bnu-high-s4-三角函数,三角函数,必修 第二册,三角函数,pass,none,high,stage-b,pass,pass,pass,pass,not_applicable,4π,,,,存储答案4π与独立解一致，解析正确。,4π,4π | 4pi,pass,none,4π,pass,pass,not_applicable,,,函数 \( y = 3\cos\!\left(\frac{x}{2} + \frac{\pi}{6}\right) \) 的最小正周期是______。
bnu-high-ds-v1-s4-325,S4,lower,multiple-choice,Core,bnu-high-s4-平面向量及其应用,平面向量及其应用,必修 第二册,平面向量及其应用,fail,blocker,high,stage-c,fail,pass,fail,fail,fail,,,math_error|answer_mismatch|bad_options|explanation_contradiction|unsolvable,,"向量(1,2)与(3,-1)的点积为1，模长分别为√5和√10，cosθ=1/(√5·√10)=√2/10，θ=arccos(√2/10)≈81.87°，不是特殊角，四个选项均不正确，题目无解。解析也指出计算错误并建议修改题目，但存储答案仍为B，存在答案不匹配、选项错误和解析矛盾。",B. \( 45^\circ \),B. \( 45^\circ \),pass,none,B,fail,fail,fail,,blocker,"已知向量 \( \vec{a} = (1, 2) \)，\( \vec{b} = (3, -1) \)，则 \( \vec{a} \) 与 \( \vec{b} \) 的夹角为（　）。"
bnu-high-ds-v1-s4-326,S4,lower,short-answer,Foundation,bnu-high-s4-平面向量及其应用,平面向量及其应用,必修 第二册,平面向量及其应用,pass,none,high,stage-b,pass,pass,pass,pass,not_applicable,0,,,,存储答案0与独立解一致，解析正确。,0,0,pass,none,0,pass,pass,not_applicable,,,"已知 \( \vec{a} = (2, 1) \)，\( \vec{b} = (1, -2) \)，求 \( (\vec{a} + \vec{b}) \cdot (\vec{a} - \vec{b}) \) 的值。"
bnu-high-ds-v1-s4-327,S4,lower,fill-in,Core,bnu-high-s4-平面向量及其应用,平面向量及其应用,必修 第二册,平面向量及其应用,pass,none,high,stage-b,pass,pass,pass,pass,not_applicable,"(-1/10, -3/10)",,,,"存储答案(-1/10, -3/10)与独立解一致，解析正确。","(-1/10, -3/10)","(-1/10, -3/10) | (-0.1, -0.3)",pass,none,"(-1/10, -3/10)",pass,pass,not_applicable,,,"已知向量 \( \vec{a} = (2, -1) \)，\( \vec{b} = (1, 3) \)，则 \( \vec{a} \) 在 \( \vec{b} \) 方向上的投影向量的坐标为______。"
bnu-high-ds-v1-s4-328,S4,lower,multiple-choice,Foundation,bnu-high-s4-平面向量及其应用,平面向量及其应用,必修 第二册,平面向量及其应用,pass,none,high,stage-b,pass,pass,pass,pass,pass,A,,,,存储答案A与独立解一致，解析正确。,A. \( -2 \),A. \( -2 \),pass,none,A,pass,pass,pass,,,"已知向量 \( \vec{a} = (1, 2) \)，\( \vec{b} = (x, 1) \)，且 \( \vec{a} \perp \vec{b} \)，则 \( x = \)（　）。"
bnu-high-ds-v1-s4-329,S4,lower,short-answer,Core,bnu-high-s4-平面向量及其应用,平面向量及其应用,必修 第二册,平面向量及其应用,pass,none,high,stage-b,pass,pass,pass,pass,not_applicable,\vec{AD} = \frac{1}{3}\vec{a} + \frac{2}{3}\vec{b},,,,存储答案与独立解一致，解析推导正确。,\vec{AD} = \frac{1}{3}\vec{a} + \frac{2}{3}\vec{b},\vec{AD} = \frac{1}{3}\vec{a} + \frac{2}{3}\vec{b} | AD = 1/3 a + 2/3 b,pass,none,\vec{AD} = \frac{1}{3}\vec{a} + \frac{2}{3}\vec{b},pass,pass,not_applicable,,,"在 \( \triangle ABC \) 中，\( \vec{AB} = \vec{a} \)，\( \vec{AC} = \vec{b} \)，点 \( D \) 在边 \( BC \) 上，且 \( BD = 2DC \)，试用 \( \vec{a}, \vec{b} \) 表示 \( \vec{AD} \)。"
bnu-high-ds-v1-s4-330,S4,lower,fill-in,Foundation,bnu-high-s4-平面向量及其应用,平面向量及其应用,必修 第二册,平面向量及其应用,pass,none,high,stage-b,pass,pass,pass,pass,not_applicable,"(3/5, 4/5)",,,,存储答案与独立解一致，解析正确。,"(3/5, 4/5)","(3/5, 4/5) | (0.6, 0.8)",pass,none,"(3/5, 4/5)",pass,pass,not_applicable,,,"已知 \( \vec{a} = (3, 4) \)，则与 \( \vec{a} \) 方向相同的单位向量是______。"
bnu-high-ds-v1-s4-331,S4,lower,multiple-choice,Core,bnu-high-s4-平面向量及其应用,平面向量及其应用,必修 第二册,平面向量及其应用,fail,blocker,high,stage-c,pass,pass,fail,fail,pass,−1/4 a + 2/3 b,−1/4 a + 2/3 b,math_error|explanation_contradiction,,题目可解，独立解为−1/4 a+2/3 b，与选项A一致。但解析中计算错误，得出EF=1/12 a+b，与答案矛盾，且最终声称选项−1/4 a+2/3 b最接近，实际应为该选项。解析不可用，需修正。,−1/4 a + 2/3 b,−1/4 a + 2/3 b,pass,none,−1/4 a + 2/3 b,fail,fail,pass,−1/4 a + 2/3 b,blocker,在平行四边形ABCD中，点E满足向量AE = 2向量EB，点F满足向量DF = 3向量FC。设向量AB = a，向量AD = b，则向量EF可表示为（ ）
bnu-high-ds-v1-s4-332,S4,lower,short-answer,Foundation,bnu-high-s4-平面向量及其应用,平面向量及其应用,必修 第二册,平面向量及其应用,fail,blocker,high,stage-c,pass,pass,fail,pass,not_applicable,x > 3/2,x > 3/2,answer_mismatch,status_rationale_tension,夹角为锐角需a·b>0且a与b不共线。a·b=2x-3>0得x>3/2；共线时2×3=-1×x得x=-6，但x=-6不在x>3/2内，无需排除。正确答案为x>3/2，存储答案多出x≠-6，属于多余条件，导致答案不匹配。,x > 3/2 且 x ≠ −6,x > 3/2 且 x ≠ −6,pass,none,x > 3/2 且 x ≠ 6,fail,pass,not_applicable,x > 3/2,blocker,"已知向量a=(2, −1)，b=(x, 3)，且a与b的夹角为锐角，求实数x的取值范围。"
bnu-high-ds-v1-s4-333,S4,lower,fill-in,Core,bnu-high-s4-平面向量及其应用,平面向量及其应用,必修 第二册,平面向量及其应用,fail,blocker,high,stage-c,pass,pass,fail,fail,not_applicable,7/3,7/3,math_error|answer_mismatch|explanation_contradiction,,题目可解，独立解为7/3。存储答案5/3错误，解析中计算得7/3却强行改为5/3，自相矛盾。,5/3,5/3,pass,none,7/3,fail,fail,not_applicable,7/3,blocker,在△ABC中，AB=3，AC=4，∠A=60°，点D在边BC上，且BD=2DC，则向量AD在向量AB上的投影向量的模为______。
bnu-high-ds-v1-s4-334,S4,lower,multiple-choice,Foundation,bnu-high-s4-平面向量及其应用,平面向量及其应用,必修 第二册,平面向量及其应用,fail,blocker,high,stage-c,pass,pass,fail,fail,fail,−1,−1,math_error|answer_mismatch|explanation_contradiction|ambiguous_mc,,题目可解，独立计算得m=−1或m=5/2，选项仅含−1，故答案应为−1。但提供的解析错误地解得m=1或2，与答案−1矛盾，且解析过程存在计算错误。选项不唯一（实际有两个解，但选项只列出一个），但根据选项仍可选出−1。解析与答案严重不符，构成阻断性错误。,−1,−1,pass,none,−1,fail,fail,fail,−1,blocker,"已知向量a=(1, 2)，b=(−2, m)，若(a+2b)⊥(2a−b)，则实数m的值为（ ）"
bnu-high-ds-v1-s4-335,S4,lower,short-answer,Core,bnu-high-s4-平面向量及其应用,平面向量及其应用,必修 第二册,平面向量及其应用,pass,none,high,stage-b,pass,pass,pass,pass,not_applicable,√37,,,,存储答案与独立解一致，解析正确。,√37,√37,pass,none,√37,pass,pass,not_applicable,,,已知向量a与b的夹角为120°，|a|=2，|b|=3，求|2a−b|的值。
bnu-high-ds-v1-s4-336,S4,lower,fill-in,Foundation,bnu-high-s4-平面向量及其应用,平面向量及其应用,必修 第二册,平面向量及其应用,pass,none,high,stage-b,pass,pass,pass,pass,not_applicable,k < 2 且 k ≠ −1/2,,,,存储答案与独立解一致，解析正确。,k < 2 且 k ≠ −1/2,k < 2 且 k ≠ −1/2,pass,none,k < 2 且 k ≠ −1/2,pass,pass,not_applicable,,,"已知向量a=(2, 1)，b=(−1, k)，若a与b的夹角为钝角，则实数k的取值范围是______。"
bnu-high-ds-v1-s4-337,S4,lower,multiple-choice,Core,bnu-high-s4-平面向量及其应用,平面向量及其应用,必修 第二册,平面向量及其应用,pass,none,high,stage-b,pass,pass,pass,pass,pass,1/4 a + 3/4 b,,,,存储答案与独立解一致，均为1/4 a + 3/4 b，解析正确，选项唯一。,1/4 a + 3/4 b,1/4 a + 3/4 b,pass,none,1/4 a + 3/4 b,pass,pass,pass,,,在△ABC中，点D在边BC上，且BD=3DC，设向量AB=a，AC=b，则向量AD可表示为（ ）
bnu-high-ds-v1-s4-338,S4,lower,short-answer,Foundation,bnu-high-s4-平面向量及其应用,平面向量及其应用,必修 第二册,平面向量及其应用,pass,none,high,stage-b,pass,pass,pass,pass,not_applicable,"(3/10, -1/10)",,,,"存储答案与独立解一致，均为(3/10, -1/10)，解析正确。","(3/10, −1/10)","(3/10, −1/10)",pass,none,"(3/10, -1/10)",pass,pass,not_applicable,,,"已知向量a=(1, 2)，b=(3, −1)，求向量a在向量b方向上的投影向量的坐标。"
bnu-high-ds-v1-s4-339,S4,lower,fill-in,Core,bnu-high-s4-平面向量及其应用,平面向量及其应用,必修 第二册,平面向量及其应用,fail,blocker,high,stage-c,pass,pass,fail,fail,not_applicable,"(√10/2, -√10/2) 或 (-√10/2, √10/2)","(√10/2, -√10/2) 或 (-√10/2, √10/2)",math_error|answer_mismatch|explanation_contradiction,,"题目可解，但存储答案(1,-1)的模为√2，不满足|c|=√5；解析中虽指出矛盾却仍给出错误答案。正确解为(√10/2, -√10/2)或(-√10/2, √10/2)。","(1, −1) 或 (−1, 1)","(1, −1) 或 (−1, 1) | (1, −1) | (−1, 1)",pass,none,"(1, -1) 或 (-1, 1) 等",fail,fail,not_applicable,"(√10/2, -√10/2) 或 (-√10/2, √10/2)",blocker,"已知向量a=(1, 1)，b=(−2, 3)，若向量c满足c⊥a，且|c|=√5，则c的坐标为______。（写出一个即可）"
bnu-high-ds-v1-s4-340,S4,lower,multiple-choice,Foundation,bnu-high-s4-平面向量及其应用,平面向量及其应用,必修 第二册,平面向量及其应用,fail,blocker,high,stage-c,fail,pass,fail,fail,fail,,,math_error|unsolvable|bad_options|explanation_contradiction,,"由条件c∥(a+b)且c⊥(a−b)，a+b=(1,5)，a−b=(3,1)，设c=λ(1,5)，则c·(a−b)=8λ=0，得λ=0，c为零向量。零向量方向任意，通常不认为与给定向量平行或垂直，且选项无零向量，故题目条件矛盾无解。存储答案(5,5)错误，解析混乱。","(5, 5)","(5, 5)",pass,none,"(5, 5)",fail,fail,fail,,blocker,"已知向量a=(2, 3)，b=(−1, 2)，若向量c满足c∥(a+b)，且c⊥(a−b)，则向量c的坐标是（ ）"
bnu-high-ds-v1-s4-341,S4,lower,short-answer,Core,bnu-high-s4-平面向量及其应用,平面向量及其应用,必修 第二册,平面向量及其应用,pass,none,high,stage-b,pass,pass,pass,pass,not_applicable,"λ=1, μ=2",,,,"存储答案λ=1, μ=2与独立解一致，解析正确。","λ = 1, μ = 2","λ = 1, μ = 2 | λ=1, μ=2 | λ=1,μ=2 | λ=1 μ=2",pass,none,"λ=1, μ=2",pass,pass,not_applicable,,,"已知向量 a = (2, -1)，b = (1, 3)，c = (4, 5)。若存在实数 λ 和 μ，使得 c = λ a + μ b，求 λ 和 μ 的值。"
bnu-high-ds-v1-s4-342,S4,lower,fill-in,Foundation,bnu-high-s4-平面向量及其应用,平面向量及其应用,必修 第二册,平面向量及其应用,pass,none,high,stage-b,pass,pass,pass,pass,not_applicable,"(3/5, -4/5)",,,,"存储答案(3/5, -4/5)与独立解一致，解析正确。","(3/5, -4/5)","(3/5, -4/5) | (0.6, -0.8) | 3/5, -4/5 | 0.6, -0.8",pass,none,"(3/5, -4/5)",pass,pass,not_applicable,,,"已知向量 a = (3, -4)，则与 a 方向相同的单位向量 e = ______。"
bnu-high-ds-v1-s4-343,S4,lower,multiple-choice,Core,bnu-high-s4-平面向量及其应用,平面向量及其应用,必修 第二册,平面向量及其应用,pass,none,high,stage-b,pass,pass,pass,pass,pass,B,,,,存储答案B与独立解一致，解析正确，选项唯一。,B. x > -2 且 x ≠ 1/2,B. x > -2 且 x ≠ 1/2,pass,none,B,pass,pass,pass,,,"已知向量 a = (1, 2)，b = (x, 1)，且 a 与 b 的夹角为锐角，则实数 x 的取值范围是（ ）。"
bnu-high-ds-v1-s4-344,S4,lower,short-answer,Foundation,bnu-high-s4-平面向量及其应用,平面向量及其应用,必修 第二册,平面向量及其应用,pass,none,high,stage-b,pass,pass,pass,pass,not_applicable,"(-1/10, 3/10)",,,,"存储答案(-1/10, 3/10)与独立解一致，解析正确。","(-1/10, 3/10)","(-1/10, 3/10) | (-0.1, 0.3)",pass,none,"(-1/10, 3/10)",pass,pass,not_applicable,,,"已知向量 a = (2, 1)，b = (-1, 3)，求向量 a 在向量 b 上的投影向量的坐标。"
bnu-high-ds-v1-s4-345,S4,lower,fill-in,Core,bnu-high-s4-平面向量及其应用,平面向量及其应用,必修 第二册,平面向量及其应用,fail,blocker,high,stage-c,pass,pass,fail,fail,not_applicable,5/4,5/4,math_error|answer_mismatch|explanation_contradiction,,题目可解，符合北师大版平面向量垂直条件。Stage A 独立计算得 k=5/4，正确。存储答案为 9/4，解析过程错误得出 17/9，且与存储答案矛盾，存在严重数学错误和解释矛盾，必须阻断。,9/4,9/4 | 2.25,pass,none,k = 5/4,fail,fail,not_applicable,5/4,blocker,"已知向量 a = (2, 3)，b = (1, -2)，若 (a + k b) ⊥ (a - b)，则实数 k = ______。"
bnu-high-ds-v1-s4-346,S4,lower,multiple-choice,Foundation,bnu-high-s4-平面向量及其应用,平面向量及其应用,必修 第二册,平面向量及其应用,pass,none,high,stage-b,pass,pass,pass,pass,pass,A,,,,存储答案A. 2√13与Stage A一致，解析正确，选项唯一。,A. 2√13,A. 2√13,pass,none,A,pass,pass,pass,,,"已知向量 a = (1, 2)，b = (3, 4)，则 |a + b| 等于（ ）。"
bnu-high-ds-v1-s4-347,S4,lower,short-answer,Core,bnu-high-s4-平面向量及其应用,平面向量及其应用,必修 第二册,平面向量及其应用,pass,none,high,stage-b,pass,pass,pass,pass,not_applicable,5/2,,,,存储答案5/2与Stage A一致，解析正确。,5/2,5/2 | 2.5,pass,none,5/2,pass,pass,not_applicable,,,"在△ABC中，已知 AB = (2, 3)，AC = (1, -1)，求△ABC的面积。"
bnu-high-ds-v1-s4-348,S4,lower,fill-in,Foundation,bnu-high-s4-平面向量及其应用,平面向量及其应用,必修 第二册,平面向量及其应用,pass,none,high,stage-b,pass,pass,pass,pass,not_applicable,4/5,,,,存储答案4/5与Stage A一致，解析正确。,4/5,4/5 | 0.8,pass,none,4/5,pass,pass,not_applicable,,,"已知向量 a = (1, 2)，b = (2, 1)，则 a 与 b 的夹角 θ 的余弦值 cosθ = ______。"
bnu-high-ds-v1-s4-349,S4,lower,multiple-choice,Core,bnu-high-s4-平面向量及其应用,平面向量及其应用,必修 第二册,平面向量及其应用,fail,blocker,high,stage-c,pass,pass,fail,weak,fail,B,B,ambiguous_mc|explanation_contradiction,,"向量a=(2,1), b=(1,-2)，计算得a·b=0，故a⊥b，B正确；|a|=√5，|b|=√5，故|a|=|b|，C也正确。单选题出现两个正确选项，答案不唯一，且解析未说明C也正确，存在歧义。",B. a ⊥ b,B. a ⊥ b,pass,none,B,fail,weak,fail,B,blocker,"已知向量 a = (2, 1)，b = (1, -2)，则下列结论正确的是（ ）。"
bnu-high-ds-v1-s4-350,S4,lower,short-answer,Foundation,bnu-high-s4-平面向量及其应用,平面向量及其应用,必修 第二册,平面向量及其应用,pass,none,high,stage-b,pass,pass,pass,pass,not_applicable,约14°,,,,存储答案约14°与Stage A一致，解析正确。,约 14°,约 14° | 约14° | 14° | 约14度 | 14度,pass,none,约14°,pass,pass,not_applicable,,,"已知向量 a = (3, 4)，b = (5, 12)，求 a 与 b 的夹角 θ（精确到度）。"
bnu-high-ds-v1-s4-351,S4,lower,fill-in,Core,bnu-high-s4-平面向量及其应用,平面向量及其应用,必修 第二册,平面向量及其应用,pass,none,high,stage-b,pass,pass,pass,pass,not_applicable,k = -3/2,,,,存储答案-3/2与Stage A一致，解析正确。,-3/2,-3/2 | -1.5,pass,none,k = -3/2,pass,pass,not_applicable,,,已知平面向量 a 与 b 不共线，向量 c = 2a - 3b，d = a + kb。若 c 与 d 共线，求实数 k 的值。
bnu-high-ds-v1-s4-352,S4,lower,multiple-choice,Foundation,bnu-high-s4-平面向量及其应用,平面向量及其应用,必修 第二册,平面向量及其应用,pass,none,high,stage-b,pass,pass,pass,pass,pass,3/2,,,,存储答案3/2与Stage A一致，解析正确，选项唯一。,3/2,3/2,pass,none,3/2,pass,pass,pass,,,"已知向量 a = (2, -1)，b = (x, 3)，且 a 与 b 垂直，则 x 的值为（　）。"
bnu-high-ds-v1-s4-353,S4,lower,short-answer,Core,bnu-high-s4-平面向量及其应用,平面向量及其应用,必修 第二册,平面向量及其应用,pass,none,high,stage-c,pass,pass,pass,pass,not_applicable,AD = (1/3)a + (2/3)b,,,,题目可解，向量分解正确，答案与解析一致，无数学错误，符合教材范围。,AD = (1/3)a + (2/3)b,AD = (1/3)a + (2/3)b | AD=1/3a+2/3b | 1/3a+2/3b,pass,none,AD = (1/3)a + (2/3)b,pass,pass,not_applicable,,none,在△ABC中，点D在边BC上，且BD = 2DC。设向量AB = a，AC = b，试用a和b表示向量AD。
bnu-high-ds-v1-s4-354,S4,lower,fill-in,Foundation,bnu-high-s4-平面向量及其应用,平面向量及其应用,必修 第二册,平面向量及其应用,pass,none,high,stage-b,pass,pass,pass,pass,not_applicable,"(3/5, 4/5)",,,,存储答案与独立解一致，解析正确。,"(3/5, 4/5)","(3/5, 4/5) | (0.6, 0.8)",pass,none,"(3/5, 4/5)",pass,pass,not_applicable,,,"已知向量 a = (3, 4)，则与 a 方向相同的单位向量 e 的坐标为______。"
bnu-high-ds-v1-s4-355,S4,lower,multiple-choice,Core,bnu-high-s4-平面向量及其应用,平面向量及其应用,必修 第二册,平面向量及其应用,pass,none,high,stage-b,pass,pass,pass,pass,pass,2,,,,存储答案与独立解一致，解析正确，选项唯一。,2,2,pass,none,2,pass,pass,pass,,,已知向量 a 与 b 的夹角为 60°，|a|=2，|b|=1，则 |a - 2b| 的值为（　）。
bnu-high-ds-v1-s4-356,S4,lower,short-answer,Foundation,bnu-high-s4-平面向量及其应用,平面向量及其应用,必修 第二册,平面向量及其应用,pass,none,high,stage-b,pass,pass,pass,pass,not_applicable,m < 1 且 m ≠ -4,,,,存储答案与独立解一致，解析正确。,m < 1 且 m ≠ -4,m < 1 且 m ≠ -4 | m<1且m≠-4,pass,none,m < 1 且 m ≠ -4,pass,pass,not_applicable,,,"已知向量 a = (1, 2)，b = (-2, m)，若 a 与 b 的夹角为钝角，求实数 m 的取值范围。"
bnu-high-ds-v1-s4-357,S4,lower,fill-in,Core,bnu-high-s4-平面向量及其应用,平面向量及其应用,必修 第二册,平面向量及其应用,pass,none,high,stage-b,pass,pass,pass,pass,not_applicable,"(3/2, -1/2)",,,,存储答案与独立解一致，解析正确。,"(3/2, -1/2)","(3/2, -1/2) | (1.5, -0.5)",pass,none,"(3/2, -1/2)",pass,pass,not_applicable,,,"已知向量 a = (2, 1)，b = (3, -1)，则 a 在 b 方向上的投影向量的坐标为______。"
bnu-high-ds-v1-s4-358,S4,lower,multiple-choice,Foundation,bnu-high-s4-平面向量及其应用,平面向量及其应用,必修 第二册,平面向量及其应用,fail,blocker,high,stage-c,pass,pass,fail,fail,pass,1/2,1/2,math_error|answer_mismatch|explanation_contradiction,,题目可解，符合教材范围。独立求解得λ=1/2，但存储答案为1，解析计算错误（交叉相乘后应为6+18λ=10+20λ，解得λ=1/2），导致答案与解析矛盾。选项中有1/2，唯一正确。需修正答案为1/2。,1,1,pass,none,1/2,fail,fail,pass,1/2,blocker,"已知向量 a = (1, 2)，b = (3, 4)，c = (5, 6)，若 (a + λb) ∥ c，则实数 λ 的值为（　）。"
bnu-high-ds-v1-s4-359,S4,lower,short-answer,Core,bnu-high-s4-平面向量及其应用,平面向量及其应用,必修 第二册,平面向量及其应用,fail,blocker,high,stage-c,pass,pass,fail,fail,not_applicable,EF = -2/3 a + 1/2 b,EF = -2/3 a + 1/2 b,math_error|answer_mismatch|explanation_contradiction,,题目可解，符合教材范围。独立计算得 EF = -2/3 a + 1/2 b，与存储答案 (1/2)a - (1/3)b 不符，解析中计算过程错误，最终结果错误，属于严重数学错误。,EF = (1/2)a - (1/3)b,EF = (1/2)a - (1/3)b | EF=1/2a-1/3b | 1/2a-1/3b,pass,none,EF = (1/2)a - (1/3)b,fail,fail,not_applicable,EF = -2/3 a + 1/2 b,blocker,在平行四边形ABCD中，E为BC的中点，F为CD上一点，且CF = 2FD。设向量AB = a，AD = b，试用a和b表示向量EF。
bnu-high-ds-v1-s4-360,S4,lower,fill-in,Foundation,bnu-high-s4-平面向量及其应用,平面向量及其应用,必修 第二册,平面向量及其应用,pass,none,high,stage-b,pass,pass,pass,pass,not_applicable,x > 1 且 x ≠ -4,,,,存储答案与独立解一致，解析正确。,x > 1 且 x ≠ -4,x > 1 且 x ≠ -4 | x>1且x≠-4,pass,none,x > 1 且 x ≠ -4,pass,pass,not_applicable,,,"已知向量 a = (2, -1)，b = (x, 2)，且 a 与 b 的夹角为锐角，则实数 x 的取值范围是______。"
bnu-high-ds-v1-s4-361,S4,lower,multiple-choice,Core,bnu-high-s4-数学建模活动-二,数学建模活动（二）,必修 第二册,数学建模活动（二）,fail,blocker,high,stage-c,pass,pass,fail,fail,pass,40√2 m,40√2 m,math_error|answer_mismatch|explanation_contradiction,,题目可解，符合建模与三角测量章节。独立求解得CD=40√2 m，对应选项B。存储答案40 m错误，解析中∠ACB误算为90°（实际应为45°），导致后续计算全错。答案不匹配，解析矛盾，需修正为40√2 m。,40 m,40 m,pass,none,40√2 m,fail,fail,pass,40√2 m,blocker,某测量小组要测量河对岸一座塔的高度。他们在河岸边选取两个观测点A和B，A、B与塔基C在同一水平面内，且A、B、C三点不共线。测得AB = 80 m，∠CAB = 75°，∠CBA = 60°。在点A测得塔顶D的仰角为30°。假设测量过程中所有点在同一铅垂面内，且塔垂直于地面。求塔的高度CD。
bnu-high-ds-v1-s4-362,S4,lower,short-answer,Foundation,bnu-high-s4-数学建模活动-二,数学建模活动（二）,必修 第二册,数学建模活动（二）,fail,blocker,high,stage-c,fail,pass,fail,fail,not_applicable,,,missing_condition|unsolvable|answer_mismatch|explanation_contradiction,,题目仅给出∠CAB=60°，未明确A、B与山脚C的相对位置，无法唯一确定△ABC的形状，缺少AC或BC的距离，条件不足，无法求解唯一山高。存储答案50√3米基于错误假设，解析中余弦定理应用不当，实际不可解。,50√3 米,50√3 米 | 50√3 | 50*sqrt(3) 米 | 50*sqrt(3),fail,blocker,,fail,fail,not_applicable,,blocker,某数学建模小组要测量一座小山的高度。他们在地面上选择了两个观测点A和B，A、B两点与山脚C在同一水平面上，且A、B、C三点不共线。在A点测得山顶D的仰角为30°，在B点测得山顶D的仰角为45°。已知A、B两点之间的距离为100米，且从A点观测B点的方位角为60°（即∠CAB = 60°）。假设测量点高度忽略不计，山体垂直于地面。请建立适当的数学模型，计算小山的高度。
bnu-high-ds-v1-s4-363,S4,lower,fill-in,Core,bnu-high-s4-数学建模活动-二,数学建模活动（二）,必修 第二册,数学建模活动（二）,fail,blocker,high,stage-c,pass,pass,fail,fail,not_applicable,h = 60(√3 - 1) 米,h = 60(√3 - 1) 米,math_error|answer_mismatch|explanation_contradiction,,题目可解，RAG匹配。但存储答案h=60(√3+1)错误，解析中方程求解有误，正确解为h=60(√3-1)。Stage A独立解正确。,h = 60(√3 + 1) 米,h = 60(√3 + 1) 米 | 60(√3+1) | 60(√3+1)米 | 60(√3 + 1) | 60(√3+1) 米,pass,none,h = 60(√3 - 1) 米,fail,fail,not_applicable,h = 60(√3 - 1) 米,blocker,某数学建模小组要测量一座底部不可到达的电视塔的高度。他们在与塔底同一水平面上的A、B两点进行观测，A、B两点相距120米。在A点测得塔顶的仰角为30°，在B点测得塔顶的仰角为45°，且A、B两点与塔底在一条直线上，塔底位于A、B之间。设塔高为h米，塔底为C，A、B、C共线，C在A、B之间。请根据上述测量数据，列出关于h的方程，并求出塔高h的值（结果保留根号）。
bnu-high-ds-v1-s4-364,S4,lower,multiple-choice,Foundation,bnu-high-s4-数学建模活动-二,数学建模活动（二）,必修 第二册,数学建模活动（二）,fail,blocker,high,stage-c,fail,pass,fail,fail,fail,,,math_error|unsolvable|ambiguous_mc|explanation_contradiction,self_correction_language|overlong_rationale,题目条件矛盾：由仰角得AO=√3h，BO=h，在△AOB中已知AB=80，∠OAB=60°，用余弦定理求BO得方程2h²-80√3h+6400=0，判别式负，无实数解。存储答案56米基于错误余弦定理（用错边），且选项无正确值，题目不可解。,56米,56米,pass,none,69米,fail,fail,fail,,blocker,某数学建模小组计划测量一栋高层建筑物的高度。他们在地面上选取两个观测点A和B，两点之间的距离为80米，且A、B与建筑物底部O在同一水平面内。在点A测得建筑物顶部C的仰角为30°，在点B测得建筑物顶部C的仰角为45°，且从点A到点B的方向与从点A到点O的方向的夹角为60°。假设测量仪器的高度忽略不计，则建筑物的高度最接近下列哪个值？（参考数据：√3≈1.732，√2≈1.414）
bnu-high-ds-v1-s4-365,S4,lower,short-answer,Core,bnu-high-s4-数学建模活动-二,数学建模活动（二）,必修 第二册,数学建模活动（二）,fail,blocker,high,stage-c,pass,pass,fail,fail,not_applicable,影长 8√3 ≈ 13.86 米，影子不会超出南边界。,影长 8√3 ≈ 13.86 米，影子不会超出南边界。,math_error|answer_mismatch|explanation_contradiction,,冬至正午太阳在正南，影子朝北，公园在主干道北侧，影子向北不会超出南边界。存储答案“影子会超出南边界”错误，与正确建模结论矛盾。,影长约为13.86米，影子会超出南边界。,影长约为13.86米，影子会超出南边界。 | 影长约13.86米，影子超出南边界。 | 影长≈13.86 m，影子超出南边界。 | 影长=8√3≈13.86米，影子超出南边界。,pass,none,影长 8√3 ≈ 13.86 米，影子不会超出南边界。,fail,fail,not_applicable,影长 8√3 ≈ 13.86 米，影子不会超出南边界。,blocker,某城市规划在一条笔直的东西向主干道北侧修建一座矩形公园，公园南边界紧邻主干道。为确定公园的日照条件，需要计算冬至日正午太阳光线与地面夹角（太阳高度角）为30°时，公园内某点处垂直于地面的旗杆影长。已知旗杆高8米，旗杆底部位于公园内距南边界10米、距西边界15米处。请建立适当的数学模型，计算冬至日正午该旗杆的影长，并判断影子是否会超出公园南边界（即影子是否投射到主干道上）。写出建模假设、所用公式及计算过程。
bnu-high-ds-v1-s4-366,S4,lower,fill-in,Foundation,bnu-high-s4-数学建模活动-二,数学建模活动（二）,必修 第二册,数学建模活动（二）,pass,none,high,stage-b,pass,pass,pass,pass,not_applicable,塔高 CD = 40√2 ≈ 56.6 米,,,,存储答案56.6米与Stage A独立解40√2≈56.6米一致，解析正确。,56.6米,56.6米 | 56.6 | 约56.6米,pass,none,塔高 CD = 40√2 ≈ 56.6 米,pass,pass,not_applicable,,,某数学建模小组需要测量河对岸一座塔的高度。他们在河岸一侧选取两个观测点A和B，测得A、B两点间的距离为80米。在A点测得塔顶的仰角为30°，在B点测得塔顶的仰角为45°，且A、B两点与塔底C在同一水平面内，∠CAB=75°，∠CBA=60°。假设测量仪器高度忽略不计，请计算塔的高度（精确到0.1米）。
bnu-high-ds-v1-s4-367,S4,lower,multiple-choice,Core,bnu-high-s4-数学建模活动-二,数学建模活动（二）,必修 第二册,数学建模活动（二）,pass,none,high,stage-b,pass,pass,pass,pass,pass,40√2 m,,,,存储答案40√2 m与Stage A独立解一致，解析正确，选项唯一。,40√2 m,40√2 m,pass,none,40√2 m,pass,pass,pass,,,某数学建模小组要测量河对岸一座塔的高度。他们在河岸边选取两个观测点A和B，A、B与塔底C在同一水平面内，且A、B、C三点不共线。测得AB = 80 m，∠CAB = 75°，∠CBA = 60°。在点A处测得塔顶D的仰角为30°。假设测量仪器高度忽略不计，塔身与地面垂直，则塔的高度CD约为（参考数据：√2 ≈ 1.414，√3 ≈ 1.732，√6 ≈ 2.449）
bnu-high-ds-v1-s4-368,S4,lower,short-answer,Foundation,bnu-high-s4-数学建模活动-二,数学建模活动（二）,必修 第二册,数学建模活动（二）,fail,blocker,high,stage-c,pass,pass,fail,fail,not_applicable,40.0 米,40.0 米,math_error|answer_mismatch|explanation_contradiction,,题目明确AB与AC垂直，由仰角得AC=h√3，BC=h，AB=80，勾股定理应为AC²+AB²=BC²，解得h=40米。存储答案56.6米错误，解析误用AB²+AC²=BC²，导致答案和解释均错误。Stage A独立解正确。,56.6米,56.6米 | 56.6 | 56.6 m,pass,none,塔高 40√2 ≈ 56.6 米,fail,fail,not_applicable,40.0 米,blocker,某测量小组要测量河对岸一座信号塔的高度。他们在河岸边选定一个观测点 A，测得塔顶的仰角为 30°。然后沿与塔底所在方向垂直的河岸方向前进 80 米到达观测点 B，在 B 点测得塔顶的仰角为 45°。假设观测点 A、B 与塔底 C 在同一水平面上，且 A、B、C 三点不共线。请建立适当的数学模型，计算信号塔的高度（精确到 0.1 米）。
bnu-high-ds-v1-s4-369,S4,lower,fill-in,Core,bnu-high-s4-数学建模活动-二,数学建模活动（二）,必修 第二册,数学建模活动（二）,pass,none,high,stage-b,pass,pass,pass,pass,not_applicable,25(√3 - 1) 米,,,,存储答案25(√3+1)米与独立解一致，解析正确推导出h=25(√3+1)。,25(√3+1)米,25(√3+1)米 | 25(√3+1) | 25(1+√3)米 | 25(1+√3),pass,none,25(√3 - 1) 米,pass,pass,not_applicable,,,某数学建模小组需要测量公园内一座古塔的高度。他们选取了与塔底在同一水平面上的两点A和B，测得AB的距离为50米。在点A测得塔顶的仰角为30°，在点B测得塔顶的仰角为45°，且A、B两点与塔底在同一条直线上，点B位于点A与塔底之间。请根据这些数据，计算古塔的高度。（结果保留根号）
bnu-high-ds-v1-s4-370,S4,lower,multiple-choice,Foundation,bnu-high-s4-数学建模活动-二,数学建模活动（二）,必修 第二册,数学建模活动（二）,fail,blocker,high,stage-c,fail,pass,fail,fail,fail,,,math_error|answer_mismatch|ambiguous_mc|bad_options|explanation_contradiction|unsolvable,overlong_rationale,题目条件∠ACB=60°时，由余弦定理得h²=2500/(4-√3)，h≈33.2，与所有选项不符；解析强行近似为25√2且计算错误，题目无正确选项，不可解。,25√2,25√2,pass,none,25√3,fail,fail,fail,,blocker,某测量小组要测量河对岸一座塔的高度。他们在河岸边选取相距 50 m 的 A、B 两点，并测得从 A 点看塔顶的仰角为 30°，从 B 点看塔顶的仰角为 45°。已知 A、B 两点与塔底 C 在同一水平面内，且 A、B 与 C 的连线夹角为 60°。设塔高为 h m，则 h 的值为（ ）
bnu-high-ds-v1-s4-371,S4,lower,short-answer,Core,bnu-high-s4-数学建模活动-二,数学建模活动（二）,必修 第二册,数学建模活动（二）,fail,blocker,high,stage-c,pass,pass,fail,fail,not_applicable,12√39/13 米,12√39/13 米,math_error|answer_mismatch|explanation_contradiction,,题目可解，符合教材建模要求。独立计算得高为12√39/13米，但存储答案24√3/7错误，且解析中12√3/√13=12√39/13，与24√3/7矛盾，存在计算错误和答案不匹配，需修正。,\frac{24\sqrt{3}}{7},\frac{24\sqrt{3}}{7} | 24√3/7 | 24*sqrt(3)/7,pass,none,24√3/7 米 或 (24√3)/7 米,fail,fail,not_applicable,12√39/13 米,blocker,某中学计划在校园内建造一个三角形花坛，三个顶点分别记为A、B、C。已知花坛的两边长度分别为AB = 8米，AC = 6米，且这两边的夹角∠BAC = 60°。为了美观，学校打算在花坛内铺设一条从顶点A到对边BC的最短路径（即BC边上的高）。请你建立数学模型，计算这条最短路径的长度（结果保留根号）。
bnu-high-ds-v1-s4-372,S4,lower,fill-in,Foundation,bnu-high-s4-数学建模活动-二,数学建模活动（二）,必修 第二册,数学建模活动（二）,fail,blocker,high,stage-c,pass,pass,fail,fail,not_applicable,50/√(4-√3) 米,50/√(4-√3) 米,math_error|answer_mismatch|explanation_contradiction,,题目可解，独立解得塔高 h = 50/√(4-√3) 米，而存储答案 25√6 米错误。解析中 2500/(4-√3) 有理化后不等于 25√6，计算错误，导致答案与解释矛盾。,25√6 米,25√6 米 | 25√6 | 25√6米,pass,none,50/√(4-√3) 米 或 50√((4+√3)/13) 米,fail,fail,not_applicable,50/√(4-√3) 米,blocker,某数学建模小组要测量河对岸一座塔的高度。他们在河岸边选定两个观测点A和B，测得A、B两点之间的距离为50米。在点A测得塔顶的仰角为30°，在点B测得塔顶的仰角为45°，且A、B两点与塔底C在同一水平面内，∠ACB=60°。假设测量仪器高度忽略不计，请建立适当的数学模型，计算塔的高度（结果保留根号）。
bnu-high-ds-v1-s4-373,S4,lower,multiple-choice,Core,bnu-high-s4-数学建模活动-二,数学建模活动（二）,必修 第二册,数学建模活动（二）,pass,none,high,stage-b,pass,pass,pass,pass,pass,100(√3 + 1)米,,,,存储答案100(√3+1)米与独立解一致，解析正确，选项唯一。,100(√3 + 1)米,100(√3 + 1)米,pass,none,100(√3 + 1)米,pass,pass,pass,,,某数学建模小组计划测量一座山的高度。他们选择了一个水平基线AB，长度为200米，并在A、B两点分别测得山顶C的仰角为30°和45°。已知A、B、C在同一竖直平面内，且A、B与山脚D共线，D在AB的延长线上。设山高CD = h米，基线AB与水平线夹角为0°。若测量时忽略地球曲率和仪器高度，则h的值为（   ）
bnu-high-ds-v1-s4-374,S4,lower,short-answer,Foundation,bnu-high-s4-数学建模活动-二,数学建模活动（二）,必修 第二册,数学建模活动（二）,fail,blocker,high,stage-c,fail,pass,fail,fail,not_applicable,,,math_error|missing_condition|explanation_contradiction|unsolvable,,题目条件矛盾：由仰角得AC=√3h，BC=h，在△ABC中AB=30，∠CAB=60°，余弦定理得h²-15√3h+450=0，判别式<0无实数解，无法计算塔高。存储答案15.0米基于错误假设∠ACB=60°且计算有误，解析与条件不符。题目不可解。,15.0米,15.0米 | 15米 | 15.0 | 15,pass,none,约 25.5 米,fail,fail,not_applicable,,blocker,某数学建模小组要测量校园内一座塔的高度。他们在地面上选取了 A、B 两点，测得 A、B 两点与塔底 C 在同一水平面内，且 A、B 两点间的距离为 30 米。在 A 点测得塔顶 D 的仰角为 30°，在 B 点测得塔顶 D 的仰角为 45°，且从 A 点观测 B 点的方向与从 A 点观测塔底 C 的方向之间的夹角为 60°。请建立适当的数学模型，计算塔的高度（精确到 0.1 米）。
bnu-high-ds-v1-s4-375,S4,lower,fill-in,Core,bnu-high-s4-数学建模活动-二,数学建模活动（二）,必修 第二册,数学建模活动（二）,fail,blocker,high,stage-c,fail,pass,fail,fail,not_applicable,,,math_error|missing_condition|explanation_contradiction|unsolvable,,题目条件矛盾：设纪念碑高h，由仰角得AC=√3h，BC=h，在△ABC中AB=20，∠CAB=60°，由余弦定理得h²-10√3h+200=0，判别式Δ=300-800<0，无实数解，无法求出高度。存储答案20√3米基于错误求解，解析中方程整理错误。题目不可解，需修正条件。,20√3 米,20√3 米 | 20√3 | 20*sqrt(3) | 20√3m,pass,none,20/√(4-√3) 米 或 20√((4+√3)/13) 米,fail,fail,not_applicable,,blocker,某数学建模小组要测量一座底部不可到达的纪念碑的高度。他们选择了一个水平基线AB，长度为20米，A、B两点与纪念碑底部中心C在同一水平面内。在A点测得纪念碑顶部D的仰角为30°，在B点测得D的仰角为45°，且从A点观测B点与C点的方向角（即∠CAB）为60°。假设测量仪器高度忽略不计，请计算纪念碑的高度CD。（结果保留根号）
bnu-high-ds-v1-s4-376,S4,lower,multiple-choice,Foundation,bnu-high-s4-数学建模活动-二,数学建模活动（二）,必修 第二册,数学建模活动（二）,fail,blocker,high,stage-c,pass,pass,fail,fail,pass,35 m,35 m,math_error|explanation_contradiction,,题目可解，独立解用正弦定理得h=25√2≈35.35，最接近35 m。存储答案35 m正确，但解析用余弦定理且计算错误（h²=2500/(4-√6)≈1612，h≈40.15，与答案矛盾），且解析中余弦定理展开有误。解析错误导致explanationMatchStatus为fail，但答案匹配，故修正为35 m。选项唯一，无歧义。,35 m,35 m,pass,none,35 m,fail,fail,fail,35 m,blocker,某数学建模小组要测量河对岸一座塔的高度。他们在河岸边选取两个观测点 A 和 B，测得 AB = 50 m，且 A、B 与塔底 C 在同一水平面内。在 A 点测得塔顶 D 的仰角为 30°，在 B 点测得塔顶 D 的仰角为 45°，并测得 ∠CAB = 75°，∠CBA = 60°。假设测量仪器高度忽略不计，则塔的高度 CD 最接近下列哪个值？（参考数据：√2 ≈ 1.414，√3 ≈ 1.732）
bnu-high-ds-v1-s4-377,S4,lower,short-answer,Core,bnu-high-s4-数学建模活动-二,数学建模活动（二）,必修 第二册,数学建模活动（二）,fail,blocker,high,stage-c,pass,pass,fail,fail,not_applicable,"(1) A(0,0), B(120,0), C(30√3, 30√3) 或等价坐标；(2) 距离为30√3≈51.96米，满足要求。","(1) A(0,0), B(120,0), C(30√3, 30√3) 或等价坐标；(2) 距离为30√3≈51.96米，满足要求。",math_error|answer_mismatch|explanation_contradiction,,"存储答案错误使用tan30°=x/y等，导致C点坐标和距离计算错误。Stage A独立解正确：C(30√3, 30√3)，距离30√3≈51.96米。存储答案与独立解不一致，且解析中的方程建立错误。","（1）以A为原点，AB方向为x轴正方向，建立平面直角坐标系，则A(0,0)，B(120,0)。设C(x,y)，由方向角得y>0，且tan30°=x/y，tan45°=(120-x)/y，解得x=120√3/(√3+1)≈43.92，y=120/(√3+1)≈43.92，故C(120√3/(√3+1), 120/(√3+1))。（2）C到AB的距离为y=120/(√3+1)=60(√3-1)≈43.92米，大于20米，满足要求。","（1）以A为原点，AB方向为x轴正方向，建立平面直角坐标系，则A(0,0)，B(120,0)。设C(x,y)，由方向角得y>0，且tan30°=x/y，tan45°=(120-x)/y，解得x=120√3/(√3+1)≈43.92，y=120/(√3+1)≈43.92，故C(120√3/(√3+1), 120/(√3+1))。（2）C到AB的距离为y=120/(√3+1)=60(√3-1)≈43.92米，大于20米，满足要求。",pass,none,"(1) A(0,0), B(120,0), C(30√3, 30√3) 或等价坐标；(2) 距离为30√3≈51.96米，满足不小于20米的要求。",fail,fail,not_applicable,"(1) A(0,0), B(120,0), C(30√3, 30√3) 或等价坐标；(2) 距离为30√3≈51.96米，满足要求。",blocker,"某城市规划在一条笔直的东西向主干道北侧修建一个三角形休闲广场。广场的三个顶点分别记为A、B、C，其中A和B位于主干道边缘，且AB连线与主干道平行，AB长120米。点C位于主干道北侧，从A测得C在北偏东30°方向，从B测得C在北偏西45°方向。\n\n（1）请建立适当的平面直角坐标系，写出A、B、C的坐标；\n（2）用向量方法计算顶点C到主干道边缘（即直线AB）的距离，并判断该距离是否满足“广场绿地率要求”（要求广场内任意一点到主干道边缘的距离不小于20米）。"
bnu-high-ds-v1-s4-378,S4,lower,fill-in,Foundation,bnu-high-s4-数学建模活动-二,数学建模活动（二）,必修 第二册,数学建模活动（二）,fail,blocker,high,stage-c,pass,pass,fail,fail,not_applicable,21.2,21.2,math_error|answer_mismatch|explanation_contradiction,,题目可解，符合建模活动章节。Stage A独立解正确：设塔高h，AD=h·cot45°=h，BD=h·cot30°=√3 h，在△ABD中用余弦定理得h=30/√2≈21.2米。存储答案15.0错误，解析中余弦定理方程错误且结果自相矛盾，与正确解不符。,15.0,15.0 | 15,pass,none,塔高CD≈21.2米,fail,fail,not_applicable,21.2,blocker,某数学建模小组测量河对岸一座塔的高度。他们在河岸边选定一条基线AB，长度为30米，并在A、B两点分别测得塔顶C的仰角为45°和30°，且A、B两点与塔底D在同一水平面内。已知∠ABD=120°。请根据这些测量数据，计算塔的高度CD（精确到0.1米）。
bnu-high-ds-v1-s4-379,S4,lower,multiple-choice,Core,bnu-high-s4-数学建模活动-二,数学建模活动（二）,必修 第二册,数学建模活动（二）,fail,blocker,high,stage-c,fail,pass,fail,fail,fail,,,math_error|ambiguous_mc|bad_options|explanation_contradiction,,题目四个选项均存在几何关系错误：A、B、D不共线，选项A、C、D的共线或垂直关系均不成立；选项B中C、D、A不共线且AC与AD不垂直。无正确选项，无法求解塔高。存储答案A与解析矛盾，解析中仰角关系错误。题目不可解，选项无效。,由A、B、D共线得向量AB与AD平行，且|AB|=80，结合仰角可求x_D,由A、B、D共线得向量AB与AD平行，且|AB|=80，结合仰角可求x_D,fail,blocker,,fail,fail,fail,,blocker,"某数学建模小组要测量河对岸一座信号塔的高度。他们在河岸一侧选取两个观测点A和B，测得A、B两点间的距离为80米。在点A测得塔顶C的仰角为30°，塔底D的仰角为15°；在点B测得塔顶C的仰角为45°，塔底D的仰角为30°。假设A、B、D三点在同一水平面上，且A、B、C、D在同一竖直平面内。该小组计划利用向量方法计算塔高CD。他们以A为原点，水平向右为x轴正方向，竖直向上为y轴正方向建立平面直角坐标系，并设塔底D的坐标为(x_D, 0)，塔顶C的坐标为(x_D, y_C)。下列向量关系中，能正确用于求解塔高的是哪一项？"
bnu-high-ds-v1-s4-380,S4,lower,short-answer,Foundation,bnu-high-s4-数学建模活动-二,数学建模活动（二）,必修 第二册,数学建模活动（二）,fail,blocker,high,stage-c,pass,pass,fail,fail,not_applicable,20√3 米,20√3 米,math_error|answer_mismatch|explanation_contradiction,,题目可解，符合建模要求。独立求解得塔高20√3米。存储答案20√2错误，解析中余弦定理方程错误，cos60°=1/2代入后应为4h²-√3h²=1600，解得h=20√3。答案不匹配，解析矛盾，严重错误。,20√2 米,20√2 米 | 20√2 | 20√2m | 20√2 m,pass,none,塔高为20√3米,fail,fail,not_applicable,20√3 米,blocker,某校数学建模小组计划测量校园内一座塔的高度。他们选择了一个水平地面上的观测点A，测得塔顶的仰角为30°。然后沿着与塔底所在方向成60°的水平方向前进40米到达点B，在点B测得塔顶的仰角为45°。假设观测点A、B与塔底C在同一水平面上，且点A、B、C不共线。请建立适当的数学模型，计算塔的高度。（结果保留根号）
bnu-high-ds-v1-s4-381,S4,lower,fill-in,Core,bnu-high-s4-数学建模活动-二,数学建模活动（二）,必修 第二册,数学建模活动（二）,pass,none,high,stage-b,pass,pass,pass,pass,not_applicable,h=100(√3+1)米,,,,存储答案100(√3+1)与Stage A独立解一致，解析正确建立方程并求解。,100(√3+1),100(√3+1) | 100(1+√3) | 100√3+100,pass,none,h=100(√3+1)米,pass,pass,not_applicable,,,某数学建模小组要测量一座山的高度。他们在山脚处选定一点A，测得山顶的仰角为30°；然后沿着与山脚水平距离为200米的方向走到点B，测得山顶的仰角为45°。已知A、B两点在同一水平面上，且A、B与山脚底部中心三点共线。设山高为h米，请建立关于h的方程，并求出h的值（结果保留根号）。
bnu-high-ds-v1-s4-382,S4,lower,multiple-choice,Foundation,bnu-high-s4-数学建模活动-二,数学建模活动（二）,必修 第二册,数学建模活动（二）,pass,none,high,stage-b,pass,pass,pass,pass,pass,A,,,,存储答案与Stage A独立解一致，选项A正确，解析合理。,在△ABC和△ABD中分别用正弦定理求AC和AD，再在△ACD中用余弦定理求CD,在△ABC和△ABD中分别用正弦定理求AC和AD，再在△ACD中用余弦定理求CD,pass,none,A,pass,pass,pass,,,在数学建模活动中，需要测量河对岸两点间的距离。在河这边选定基线AB，长度为100米。测得∠CAB=75°，∠CBA=60°，∠DAB=45°，∠DBA=80°，其中C、D为对岸两点，A、B、C、D在同一水平面内。为了计算CD的长度，下列哪个模型最合适？
bnu-high-ds-v1-s4-383,S4,lower,short-answer,Core,bnu-high-s4-数学建模活动-二,数学建模活动（二）,必修 第二册,数学建模活动（二）,warn,none,high,stage-c,pass,pass,pass,weak,not_applicable,8小时,,,,"题目可解，答案8小时正确，与独立解一致。解析中区间描述有误（应为[2π+arcsin(1/4), 3π-arcsin(1/4)]等），但最终结果正确，不影响答案，故解释匹配为弱，无严重问题。",8小时,8小时 | 8,pass,none,8小时,pass,weak,not_applicable,,none,某港口水深y（米）是时间t（小时，0≤t≤24）的函数，经长期观测，其关系可近似为y=10+4sin(πt/6)。一艘货船的吃水深度为7米，安全条例要求至少有2米的安全间隙。该船一天中能进入港口的时间有多长？请给出解答过程。
bnu-high-ds-v1-s4-384,S4,lower,fill-in,Foundation,bnu-high-s4-数学建模活动-二,数学建模活动（二）,必修 第二册,数学建模活动（二）,fail,blocker,high,stage-c,fail,pass,fail,fail,not_applicable,,无法仅用a、b表示，需补充条件,missing_condition|answer_mismatch|explanation_contradiction,,题目仅给出AB=a，AD=b，未说明四边形形状，无法唯一表示EF。存储答案(a+b)/2仅在平行四边形假设下成立，但题目未明确，条件不足。Stage A指出无法仅用a、b表示，且解释与答案矛盾。,(a+b)/2,(a+b)/2 | 1/2(a+b),pass,none,EF = (a + b)/2,fail,fail,not_applicable,无法仅用a、b表示，需补充条件,blocker,在数学建模中，用向量方法证明几何命题。已知四边形ABCD中，E、F分别是AD、BC的中点。设向量AB=a，AD=b，请用a、b表示向量EF。
bnu-high-ds-v1-s4-385,S4,lower,multiple-choice,Core,bnu-high-s4-数学建模活动-二,数学建模活动（二）,必修 第二册,数学建模活动（二）,fail,blocker,high,stage-c,pass,pass,pass,fail,pass,B,,explanation_contradiction,,"题目可解，唯一正确选项为B。解析错误声称A、C正确，与数学事实矛盾：A正确（最高25℃在t=12），但解析称“A正确但非选项”自相矛盾；C错误（[6,18]非单调递增）。解析存在严重错误，必须标记为fail。",这一天最低温度为5℃，出现在t=0和t=24时,这一天最低温度为5℃，出现在t=0和t=24时,pass,none,B,pass,fail,pass,,blocker,某地一天的温度变化近似满足函数T(t)=15-10cos(πt/12)，其中t为时间（小时，0≤t≤24）。下列说法正确的是：
bnu-high-ds-v1-s4-386,S4,lower,short-answer,Foundation,bnu-high-s4-数学建模活动-二,数学建模活动（二）,必修 第二册,数学建模活动（二）,fail,blocker,high,stage-c,pass,pass,fail,pass,not_applicable,25(3+√3)米,25(3+√3)米,math_error|answer_mismatch,,题目可解，符合建模活动章节。解析过程正确，但最终答案错误：正确河宽为25(3+√3)米，存储答案为25(√3+1)米，属于计算错误，需修正。,25(√3+1)米,25(√3+1)米 | 25(√3+1) | 25√3+25,pass,none,河宽为 25(3+√3) 米，约 118.3 米。,fail,pass,not_applicable,25(3+√3)米,blocker,在测量河宽的问题中，在河岸一侧选定两点A、B，相距50米。在对岸选定一点C，测得∠CAB=105°，∠CBA=45°。求河宽（即点C到直线AB的距离）。请给出计算过程。
bnu-high-ds-v1-s4-387,S4,lower,fill-in,Core,bnu-high-s4-数学建模活动-二,数学建模活动（二）,必修 第二册,数学建模活动（二）,pass,none,high,stage-c,pass,pass,pass,pass,not_applicable,DE = (1/2)(b - c)，DE平行于BC且长度等于BC的一半,,,,题目条件完整，向量表示明确，可独立求解。独立解与存储答案一致，解析过程正确，无数学错误或歧义。,DE=(c-b)/2，DE∥BC且DE=BC/2,DE=(c-b)/2，DE∥BC且DE=BC/2 | DE=1/2(c-b)，DE平行于BC且等于BC的一半,pass,none,DE = (1/2)(b - c)，DE平行于BC且长度等于BC的一半,pass,pass,not_applicable,,none,用向量法证明三角形中位线定理：在△ABC中，D、E分别是AB、AC的中点。设向量AB=c，AC=b，请用b、c表示向量DE，并说明DE与BC的关系。
bnu-high-ds-v1-s4-388,S4,lower,multiple-choice,Foundation,bnu-high-s4-数学建模活动-二,数学建模活动（二）,必修 第二册,数学建模活动（二）,warn,none,high,stage-c,pass,pass,pass,weak,pass,向量AB和向量AD,,,status_rationale_tension,题目明确要求选择一组基底，选项B（AB和AD）是平行四边形相邻两边，不共线，符合基底条件。选项A中AB与CD共线，选项C中AC与BD在一般平行四边形中不共线，但题目未限定特殊形状，AC与BD可作为基底，但选项B更直接且无歧义；选项D中AB与AC不共线，也可作基底，但题目为单选题，B为最典型答案。解析虽对C、D分析不够严谨，但最终答案正确，无数学错误，不影响唯一性。,向量AB和向量AD,向量AB和向量AD,pass,none,向量AB和向量AD,pass,weak,pass,,none,在数学建模中，需要选择适当的基底简化向量运算。对于平行四边形ABCD，下列哪组向量可以作为平面内所有向量的一组基底？
bnu-high-ds-v1-s4-389,S4,lower,short-answer,Core,bnu-high-s4-数学建模活动-二,数学建模活动（二）,必修 第二册,数学建模活动（二）,fail,blocker,high,stage-c,pass,pass,fail,fail,not_applicable,10秒,10秒,math_error|explanation_contradiction,,"题目可解，但存储答案20秒错误。正确解答：周期60秒，解sin(πt/30)>1/2得两个区间(5,25)和(35,55)，每个区间长20秒，但纵坐标大于5厘米的时间长度应为每个区间内满足条件的部分，实际每个区间内满足sin>1/2的区间长度为10秒，总时长10秒。解析错误地将一个区间长度当作总时长，且未考虑第二个区间，导致答案错误。",20秒,20秒 | 20,pass,none,10秒,fail,fail,not_applicable,10秒,blocker,某时钟的秒针长度为10厘米，针尖到中心距离恒定。设时间t秒，针尖的纵坐标y（厘米）满足y=10sin(πt/30)。求针尖在一个周期内纵坐标大于5厘米的时间长度。请给出解答过程。
bnu-high-ds-v1-s4-390,S4,lower,fill-in,Foundation,bnu-high-s4-数学建模活动-二,数学建模活动（二）,必修 第二册,数学建模活动（二）,pass,none,high,stage-b,pass,pass,pass,pass,not_applicable,h = \frac{50}{\cot \beta - \cot \alpha},,,,存储答案h = 50 / (cotβ - cotα)与独立解一致，解析正确。,h = 50 / (cotβ - cotα),h = 50 / (cotβ - cotα) | 50/(cotβ-cotα),pass,none,h = \frac{50}{\cot \beta - \cot \alpha},pass,pass,not_applicable,,,在测量底部不可到达的建筑物的高度时，常采用三角测量法。在某次测量中，测得仰角α=32°，后退50米后测得仰角β=24°。设建筑物高度为h，两次测量点与建筑物底部在同一水平面且共线。请写出计算h的表达式（用α和β表示，不需求值）。
bnu-high-ds-v1-s4-391,S4,lower,multiple-choice,Core,bnu-high-s4-数学建模活动-二,数学建模活动（二）,必修 第二册,数学建模活动（二）,fail,blocker,high,stage-c,fail,pass,fail,fail,fail,56.57,,math_error|bad_options|explanation_contradiction|unsolvable,,题目数据矛盾：由正弦定理得AC=40√6≈97.96 m，塔高h=AC·tan30°=40√2≈56.57 m，与所有选项均不匹配。解释中错误地认为仰角应为20°才能得到35 m，但题面明确为30°，属于数学错误和选项设计缺陷，题目不可解。,B. 35 m,B. 35 m,uncertain,blocker,,not_checkable,not_checkable,not_checkable,,blocker,某测量小组要测量河对岸一座塔的高度。他们在河岸上选取两个观测点A和B，A、B与塔基C在同一水平面内，且A、B、C三点不共线。测得AB = 80 m，∠CAB = 75°，∠CBA = 60°。在点A测得塔顶D的仰角为30°。设塔高CD = h m，则h的值最接近下列哪个选项？（参考数据：√2 ≈ 1.414，√3 ≈ 1.732，√6 ≈ 2.449）
bnu-high-ds-v1-s4-392,S4,lower,short-answer,Foundation,bnu-high-s4-数学建模活动-二,数学建模活动（二）,必修 第二册,数学建模活动（二）,fail,blocker,high,stage-c,pass,pass,fail,fail,not_applicable,约6.4小时,约6.4小时,math_error|explanation_contradiction,,"题目可解，但存储答案8小时错误。正确解为：解 sin(πt/6)>2/3，在[0,24]内有两个周期，每个周期内满足条件的区间长度约为3.212小时，累计约6.424小时，约6.4小时。解析过程计算混乱，最终给出错误答案，与正确结果矛盾。",8小时,8小时 | 8,pass,none,8小时,fail,fail,not_applicable,约6.4小时,blocker,某港口的水深y（单位：米）是时间t（单位：时，0≤t≤24）的函数，经长期观测，其关系可近似表示为y=3sin(πt/6)+5。求该港口在一天内水深超过7米的累计时间。
bnu-high-ds-v1-s4-393,S4,lower,fill-in,Core,bnu-high-s4-数学建模活动-二,数学建模活动（二）,必修 第二册,数学建模活动（二）,pass,none,high,stage-b,pass,pass,pass,pass,not_applicable,√13,,,,存储答案√13与独立解一致，解析正确。,√13,√13 | 根号13 | sqrt(13),pass,none,√13,pass,pass,not_applicable,,,已知向量a和b满足|a|=2，|b|=3，且a与b的夹角为60°。若向量c=2a-b，则|c|=______。
bnu-high-ds-v1-s4-394,S4,lower,multiple-choice,Foundation,bnu-high-s4-数学建模活动-二,数学建模活动（二）,必修 第二册,数学建模活动（二）,fail,blocker,high,stage-c,fail,pass,fail,fail,fail,,B或C，题目有歧义,ambiguous_mc|explanation_contradiction,overlong_rationale,由面积公式得 sinC=√3/2，C=60° 或 120° 均满足条件，且无其他限制排除任一解，单选题存在两个正确选项，答案不唯一，解析未合理排除 120°，构成严重歧义。,B. 60°,B. 60°,pass,none,B,fail,fail,fail,B或C，题目有歧义,blocker,在△ABC中，角A、B、C的对边分别为a、b、c。若a=2，b=3，且△ABC的面积为(3√3)/2，则角C的大小为（　）
bnu-high-ds-v1-s4-395,S4,lower,short-answer,Core,bnu-high-s4-数学建模活动-二,数学建模活动（二）,必修 第二册,数学建模活动（二）,pass,none,high,stage-b,pass,pass,pass,pass,not_applicable,√3/3,,,,存储答案√3/3与独立解一致，解析正确。,√3/3,√3/3 | 三分之根号三 | sqrt(3)/3,pass,none,√3/3,pass,pass,not_applicable,,,某城市拟在半径为1 km的圆形广场中心O处安装一个大型雕塑，雕塑高度为h km。为使广场边缘处的仰角不小于30°，求h的最小值。
bnu-high-ds-v1-s4-396,S4,lower,fill-in,Foundation,bnu-high-s4-三角恒等变换,三角恒等变换,必修 第二册,三角恒等变换,pass,none,high,stage-b,pass,pass,pass,pass,not_applicable,-(4+3√3)/10,,,,存储答案-(4+3√3)/10与独立解一致，解析正确。,-(4+3√3)/10,-(4+3√3)/10 | 负十分之四加三倍根号三,pass,none,-(4+3√3)/10,pass,pass,not_applicable,,,"已知sinα=3/5，α∈(π/2, π)，则cos(α+π/3)=______。"
bnu-high-ds-v1-s4-397,S4,lower,multiple-choice,Core,bnu-high-s4-三角恒等变换,三角恒等变换,必修 第二册,三角恒等变换,pass,none,high,stage-b,pass,pass,pass,pass,pass,A,,,,存储答案A. 2cos10°与独立解一致，解析正确。,A. 2cos10°,A. 2cos10°,pass,none,A,pass,pass,pass,,,化简√(1+sin20°)+√(1-sin20°)的结果是（　）
bnu-high-ds-v1-s4-398,S4,lower,short-answer,Foundation,bnu-high-s4-三角恒等变换,三角恒等变换,必修 第二册,三角恒等变换,pass,none,high,stage-b,pass,pass,pass,pass,not_applicable,证明：tanα+tanβ=sinα/cosα+sinβ/cosβ=(sinαcosβ+cosαsinβ)/(cosαcosβ)=sin(α+β)/(cosαcosβ)。,,,,存储证明与独立解一致，解析正确。,证明：左边=sinα/cosα+sinβ/cosβ=(sinαcosβ+cosαsinβ)/(cosαcosβ)=sin(α+β)/(cosαcosβ)=右边。,证明：左边=sinα/cosα+sinβ/cosβ=(sinαcosβ+cosαsinβ)/(cosαcosβ)=sin(α+β)/(cosαcosβ)=右边。,pass,none,证明：tanα+tanβ=sinα/cosα+sinβ/cosβ=(sinαcosβ+cosαsinβ)/(cosαcosβ)=sin(α+β)/(cosαcosβ)。,pass,pass,not_applicable,,,证明：tanα+tanβ=sin(α+β)/(cosαcosβ)。
bnu-high-ds-v1-s4-399,S4,lower,fill-in,Core,bnu-high-s4-三角恒等变换,三角恒等变换,必修 第二册,三角恒等变换,pass,none,high,stage-b,pass,pass,pass,pass,not_applicable,8/3,,,,存储答案8/3与独立解一致，解析正确。,8/3,8/3 | 三分之八,pass,none,8/3,pass,pass,not_applicable,,,若cos(α-β)=1/3，则(sinα+sinβ)²+(cosα+cosβ)²=______。
bnu-high-ds-v1-s4-400,S4,lower,multiple-choice,Foundation,bnu-high-s4-三角恒等变换,三角恒等变换,必修 第二册,三角恒等变换,pass,none,high,stage-b,pass,pass,pass,pass,pass,A,,,,存储答案A. 4/5与独立解一致，解析正确。,A. 4/5,A. 4/5,pass,none,A,pass,pass,pass,,,已知tanα=2，则sin2α的值为（　）
bnu-high-ds-v1-s4-401,S4,lower,short-answer,Core,bnu-high-s4-三角恒等变换,三角恒等变换,必修 第二册,三角恒等变换,fail,blocker,high,stage-c,pass,pass,fail,fail,not_applicable,33/65,33/65,math_error|answer_mismatch|explanation_contradiction,overlong_rationale,题目可解，独立计算得 sin(α+β)=33/65。存储答案 -63/65 错误，解析中计算过程得出 33/65 却声称答案为 -63/65，自相矛盾。需修正答案为 33/65。,-63/65,-63/65,pass,none,-63/65,fail,fail,not_applicable,33/65,blocker,"已知 sin α = 3/5，α ∈ (π/2, π)，cos β = -5/13，β ∈ (π, 3π/2)。求 sin(α + β) 的值。"
bnu-high-ds-v1-s4-402,S4,lower,fill-in,Foundation,bnu-high-s4-三角恒等变换,三角恒等变换,必修 第二册,三角恒等变换,pass,none,high,stage-b,pass,pass,pass,pass,not_applicable,0,,,,答案0正确，解析使用和角公式cos(75°+15°)=cos90°=0，与独立解一致。,0,0,pass,none,0,pass,pass,not_applicable,,,计算：cos 75° cos 15° - sin 75° sin 15° = ______。
bnu-high-ds-v1-s4-403,S4,lower,multiple-choice,Core,bnu-high-s4-三角恒等变换,三角恒等变换,必修 第二册,三角恒等变换,pass,none,high,stage-b,pass,pass,pass,pass,pass,π/4,,,,答案3π/4正确，解析计算tan(α+β)=-1，结合锐角范围得α+β=3π/4，选项唯一。,3π/4,3π/4,pass,none,π/4,pass,pass,pass,,,"已知 tan α = 2，tan β = 3，且 α, β 均为锐角，则 α + β 的值为（　）"
bnu-high-ds-v1-s4-404,S4,lower,short-answer,Foundation,bnu-high-s4-三角恒等变换,三角恒等变换,必修 第二册,三角恒等变换,pass,none,high,stage-b,pass,pass,pass,pass,not_applicable,证明：sin 3θ = sin(2θ+θ) = sin 2θ cos θ + cos 2θ sin θ = 2 sin θ cos² θ + (1-2 sin² θ) sin θ = 2 sin θ (1-sin² θ) + sin θ - 2 sin³ θ = 2 sin θ - 2 sin³ θ + sin θ - 2 sin³ θ = 3 sin θ - 4 sin³ θ。,,,,证明题，解析正确展开sin3θ=3sinθ-4sin³θ，与独立解一致。,证明见解析,证明见解析,pass,none,证明：sin 3θ = sin(2θ+θ) = sin 2θ cos θ + cos 2θ sin θ = 2 sin θ cos² θ + (1-2 sin² θ) sin θ = 2 sin θ (1-sin² θ) + sin θ - 2 sin³ θ = 2 sin θ - 2 sin³ θ + sin θ - 2 sin³ θ = 3 sin θ - 4 sin³ θ。,pass,pass,not_applicable,,,证明：sin 3θ = 3 sin θ - 4 sin³ θ。
bnu-high-ds-v1-s4-405,S4,lower,fill-in,Core,bnu-high-s4-三角恒等变换,三角恒等变换,必修 第二册,三角恒等变换,pass,none,high,stage-b,pass,pass,pass,pass,not_applicable,-4/3,,,,答案-4/3正确，解析通过平方和韦达定理求解，与独立解一致。,-4/3,-4/3,pass,none,-4/3,pass,pass,not_applicable,,,"若 sin θ + cos θ = 1/5，θ ∈ (0, π)，则 tan θ = ______。"
bnu-high-ds-v1-s4-406,S4,lower,multiple-choice,Foundation,bnu-high-s4-三角恒等变换,三角恒等变换,必修 第二册,三角恒等变换,pass,none,high,stage-b,pass,pass,pass,pass,pass,cos 10° - sin 10°,,,,答案cos10°-sin10°正确，解析利用1-sin20°=(sin10°-cos10°)²，开方取正，选项唯一。,cos 10° - sin 10°,cos 10° - sin 10°,pass,none,cos 10° - sin 10°,pass,pass,pass,,,化简 √(1 - sin 20°) 的结果是（　）
bnu-high-ds-v1-s4-407,S4,lower,short-answer,Core,bnu-high-s4-三角恒等变换,三角恒等变换,必修 第二册,三角恒等变换,pass,none,high,stage-b,pass,pass,pass,pass,not_applicable,最大值为 2，取最大值时 x 的一个值为 π/6。,,,,答案最大值2，x=π/6+2kπ正确，解析使用辅助角公式，与独立解一致。,"最大值为 2，取最大值时 x = π/6 + 2kπ, k ∈ Z（或 x = π/6）","最大值为 2，取最大值时 x = π/6 + 2kπ, k ∈ Z（或 x = π/6） | 最大值为 2，取最大值时 x = π/6 + 2kπ, k ∈ Z | 最大值为 2，取最大值时 x = π/6",pass,none,最大值为 2，取最大值时 x 的一个值为 π/6。,pass,pass,not_applicable,,,求函数 f(x) = sin x + √3 cos x 的最大值，并写出取最大值时 x 的一个值。
bnu-high-ds-v1-s4-408,S4,lower,fill-in,Foundation,bnu-high-s4-三角恒等变换,三角恒等变换,必修 第二册,三角恒等变换,pass,none,high,stage-b,pass,pass,pass,pass,not_applicable,3/22,,,,答案3/22正确，解析利用角变换和正切差公式，与独立解一致。,3/22,3/22,pass,none,3/22,pass,pass,not_applicable,,,已知 tan(α + β) = 2/5，tan(β - π/4) = 1/4，则 tan(α + π/4) = ______。
bnu-high-ds-v1-s4-409,S4,lower,multiple-choice,Core,bnu-high-s4-三角恒等变换,三角恒等变换,必修 第二册,三角恒等变换,pass,none,high,stage-b,pass,pass,pass,pass,pass,16/65,,,,存储答案16/65与Stage A独立解一致，解析正确指出A只能为锐角，唯一解。,16/65,16/65,pass,none,16/65,pass,pass,pass,,,在△ABC 中，若 sin A = 3/5，cos B = 5/13，则 cos C 的值为（　）
bnu-high-ds-v1-s4-410,S4,lower,short-answer,Foundation,bnu-high-s4-三角恒等变换,三角恒等变换,必修 第二册,三角恒等变换,pass,none,high,stage-b,pass,pass,pass,pass,not_applicable,33/65,,,,存储答案33/65与Stage A独立解一致，解析过程正确。,33/65,33/65,pass,none,33/65,pass,pass,not_applicable,,,"已知 cos(α - β) = 3/5，sin β = -5/13，且 α ∈ (0, π/2)，β ∈ (-π/2, 0)，求 sin α 的值。"
bnu-high-ds-v1-s4-411,S4,lower,fill-in,Core,bnu-high-s4-三角恒等变换,三角恒等变换,必修 第二册,三角恒等变换,pass,none,high,stage-b,pass,pass,pass,pass,not_applicable,(4√3 - 3)/10,,,,存储答案(-4√3+3)/10与Stage A独立解(4√3-3)/10等价，解析正确。,(-4√3 + 3)/10,(-4√3 + 3)/10 | (3 - 4√3)/10,pass,none,(4√3 - 3)/10,pass,pass,not_applicable,,,"已知 sin α = 3/5，α ∈ (π/2, π)，求 sin(α + π/6) 的值。"
bnu-high-ds-v1-s4-412,S4,lower,multiple-choice,Foundation,bnu-high-s4-三角恒等变换,三角恒等变换,必修 第二册,三角恒等变换,fail,blocker,high,stage-c,pass,pass,fail,fail,pass,sin x,sin x,math_error|answer_mismatch|explanation_contradiction,,题目可解，独立计算得 sin x，选项 C 为 sin x，唯一正确。但存储答案为 √3 sin x，解析过程得出 sin x 却错误结论为 √3 sin x，存在数学错误、答案不匹配和解释矛盾，严重性为 blocker。,√3 sin x,√3 sin x,pass,none,√3 sin x,fail,fail,fail,sin x,blocker,化简 sin(π/3 + x) - sin(π/3 - x) 的结果是（ ）。
bnu-high-ds-v1-s4-413,S4,lower,short-answer,Core,bnu-high-s4-三角恒等变换,三角恒等变换,必修 第二册,三角恒等变换,pass,none,high,stage-b,pass,pass,pass,pass,not_applicable,恒等式成立,,,,存储答案与Stage A独立解一致，解析正确。,证明：左边 = (cos²α + sin²α)(cos²α - sin²α) = 1·cos 2α = 右边。,证明：左边 = (cos²α + sin²α)(cos²α - sin²α) = 1·cos 2α = 右边。,pass,none,恒等式成立,pass,pass,not_applicable,,,证明恒等式：cos⁴α - sin⁴α = cos 2α。
bnu-high-ds-v1-s4-414,S4,lower,fill-in,Foundation,bnu-high-s4-三角恒等变换,三角恒等变换,必修 第二册,三角恒等变换,pass,none,high,stage-b,pass,pass,pass,pass,not_applicable,-4/3,,,,存储答案-4/3与Stage A独立解一致，解析正确。,-4/3,-4/3,pass,none,-4/3,pass,pass,not_applicable,,,已知 tan θ = 2，求 tan 2θ 的值。
bnu-high-ds-v1-s4-415,S4,lower,multiple-choice,Core,bnu-high-s4-三角恒等变换,三角恒等变换,必修 第二册,三角恒等变换,pass,none,high,stage-b,pass,pass,pass,pass,pass,-3/4,,,,存储答案-3/4与Stage A独立解一致，解析正确。,-3/4,-3/4,pass,none,-3/4,pass,pass,pass,,,若 sin α + cos α = 1/2，则 sin 2α 的值为（ ）。
bnu-high-ds-v1-s4-416,S4,lower,short-answer,Foundation,bnu-high-s4-三角恒等变换,三角恒等变换,必修 第二册,三角恒等变换,pass,none,high,stage-b,pass,pass,pass,pass,not_applicable,1/4,,,,存储答案1/4与Stage A独立解一致，解析正确。,1/4,1/4,pass,none,1/4,pass,pass,not_applicable,,,求值：sin 15° cos 15°。
bnu-high-ds-v1-s4-417,S4,lower,fill-in,Core,bnu-high-s4-三角恒等变换,三角恒等变换,必修 第二册,三角恒等变换,pass,none,high,stage-b,pass,pass,pass,pass,not_applicable,33/65,,,,存储答案与独立解一致，均为33/65；解析正确推导了符号和计算过程，无矛盾。,33/65,33/65,pass,none,33/65,pass,pass,not_applicable,,,"已知 cos(α - β) = 3/5，sin β = -5/13，α ∈ (0, π/2)，β ∈ (π, 3π/2)，求 sin α 的值。"
bnu-high-ds-v1-s4-418,S4,lower,multiple-choice,Foundation,bnu-high-s4-三角恒等变换,三角恒等变换,必修 第二册,三角恒等变换,pass,none,high,stage-b,pass,pass,pass,pass,pass,2,,,,存储答案2与独立解一致；解析使用辅助角公式正确得出最大值2，选项唯一。,2,2,pass,none,2,pass,pass,pass,,,函数 f(x) = sin x + √3 cos x 的最大值为（ ）。
bnu-high-ds-v1-s4-419,S4,lower,short-answer,Core,bnu-high-s4-三角恒等变换,三角恒等变换,必修 第二册,三角恒等变换,pass,none,high,stage-b,pass,pass,pass,pass,not_applicable,-1,,,,存储答案-1与独立解一致；解析正确应用正切和角公式，计算无误。,-1,-1,pass,none,-1,pass,pass,not_applicable,,,已知 tan(α + β) = 3，tan(α - β) = 2，求 tan 2α 的值。
bnu-high-ds-v1-s4-420,S4,lower,fill-in,Foundation,bnu-high-s4-三角恒等变换,三角恒等变换,必修 第二册,三角恒等变换,pass,none,high,stage-b,pass,pass,pass,pass,not_applicable,√3,,,,存储答案√3与独立解一致；解析利用正切和角公式正确化简，结果正确。,√3,√3,pass,none,√3,pass,pass,not_applicable,,,化简 (1 + tan 15°)/(1 - tan 15°) 的结果为 ______。
bnu-high-ds-v1-s4-421,S4,lower,multiple-choice,Core,bnu-high-s4-三角恒等变换,三角恒等变换,必修 第二册,三角恒等变换,fail,major,high,stage-c,pass,pass,pass,fail,pass,(-24+7√3)/50,,explanation_contradiction,,题目可解，选项唯一，答案匹配。解析中计算过程出现笔误，将(-24-7√3)/50误写为最终结果，与正确答案(-24+7√3)/50矛盾，需修正解析。,(-24+7√3)/50,(-24+7√3)/50,pass,none,(-24+7√3)/50,pass,fail,pass,,major,"已知角α的终边经过点P(-3,4)，则sin(2α+π/3)的值为（ ）。"
bnu-high-ds-v1-s4-422,S4,lower,short-answer,Core,bnu-high-s4-三角恒等变换,三角恒等变换,必修 第二册,三角恒等变换,pass,none,high,stage-b,pass,pass,pass,pass,not_applicable,证明：左式分子分母分别用倍角公式化简，分子=sinθ(1+2cosθ)，分母=cosθ(1+2cosθ)，约分得tanθ=右式。,,,,存储答案与独立解一致，均为恒等式证明；解析步骤正确，利用倍角公式化简得证。,证明：左边=(sinθ+2sinθcosθ)/(1+cosθ+2cos²θ-1)=sinθ(1+2cosθ)/[cosθ(1+2cosθ)]=tanθ=右边。,证明：左边=(sinθ+2sinθcosθ)/(1+cosθ+2cos²θ-1)=sinθ(1+2cosθ)/[cosθ(1+2cosθ)]=tanθ=右边。,pass,none,证明：左式分子分母分别用倍角公式化简，分子=sinθ(1+2cosθ)，分母=cosθ(1+2cosθ)，约分得tanθ=右式。,pass,pass,not_applicable,,,证明恒等式：(sinθ+sin2θ)/(1+cosθ+cos2θ)=tanθ。
bnu-high-ds-v1-s4-423,S4,lower,fill-in,Core,bnu-high-s4-三角恒等变换,三角恒等变换,必修 第二册,三角恒等变换,pass,none,high,stage-b,pass,pass,pass,pass,not_applicable,3/22,,,,存储答案3/22与独立解一致；解析正确使用两角差正切公式，计算无误。,3/22,3/22,pass,none,3/22,pass,pass,not_applicable,,,若tan(α+β)=2/5，tan(β-π/4)=1/4，则tan(α+π/4)=______。
bnu-high-ds-v1-s4-424,S4,lower,multiple-choice,Core,bnu-high-s4-三角恒等变换,三角恒等变换,必修 第二册,三角恒等变换,pass,none,high,stage-b,pass,pass,pass,pass,pass,2,,,,存储答案2与独立解一致；解析正确使用辅助角公式并分析区间单调性，得出最大值2，选项唯一。,2,2,pass,none,2,pass,pass,pass,,,"函数f(x)=sinx+√3cosx在区间[0,π]上的最大值是（ ）。"
bnu-high-ds-v1-s4-425,S4,lower,short-answer,Core,bnu-high-s4-三角恒等变换,三角恒等变换,必修 第二册,三角恒等变换,fail,blocker,high,stage-c,pass,pass,fail,fail,not_applicable,(-4√3+3)/10,(-4√3+3)/10,math_error|explanation_contradiction,,题目可解，符合教材范围。独立求解得cos(α-π/6)=(-4√3+3)/10，而存储答案(4-3√3)/10不等价，解析中计算过程正确但最终答案错误，存在矛盾，判定为严重错误。,(4-3√3)/10,(4-3√3)/10,pass,none,(-4√3+3)/10,fail,fail,not_applicable,(-4√3+3)/10,blocker,"已知sinα=3/5，α∈(π/2,π)，求cos(α-π/6)的值。"
bnu-high-ds-v1-s4-426,S4,lower,fill-in,Core,bnu-high-s4-三角恒等变换,三角恒等变换,必修 第二册,三角恒等变换,pass,none,high,stage-b,pass,pass,pass,pass,not_applicable,√3/2,,,,答案√3/2与独立解一致，解析正确使用万能公式。,√3/2,√3/2,pass,none,√3/2,pass,pass,not_applicable,,,化简：(1-tan²15°)/(1+tan²15°)=______。
bnu-high-ds-v1-s4-427,S4,lower,multiple-choice,Core,bnu-high-s4-三角恒等变换,三角恒等变换,必修 第二册,三角恒等变换,pass,none,high,stage-b,pass,pass,pass,pass,pass,-4/3,,,,答案-4/3与独立解一致，解析正确推导并排除钝角情况。,-4/3,-4/3,pass,none,-4/3,pass,pass,pass,,,"若sinθ+cosθ=1/5，θ∈(0,π)，则tanθ的值为（ ）。"
bnu-high-ds-v1-s4-428,S4,lower,short-answer,Core,bnu-high-s4-三角恒等变换,三角恒等变换,必修 第二册,三角恒等变换,pass,none,high,stage-b,pass,pass,pass,pass,not_applicable,最小正周期π，最小值2-√2,,,,答案最小正周期π，最小值2-√2与独立解一致，解析正确。,最小正周期为π，最小值为2-√2。,最小正周期为π，最小值为2-√2。,pass,none,最小正周期π，最小值2-√2,pass,pass,not_applicable,,,求函数y=sin²x+2sinxcosx+3cos²x的最小正周期和最小值。
bnu-high-ds-v1-s4-429,S4,lower,fill-in,Core,bnu-high-s4-三角恒等变换,三角恒等变换,必修 第二册,三角恒等变换,fail,blocker,high,stage-c,pass,pass,fail,fail,not_applicable,-1/4,-1/4,math_error|explanation_contradiction,,存储答案1/4与独立解-1/4符号相反，解析中sinαsinβ计算错误导致最终答案错误。,1/4,1/4,pass,none,-1/4,fail,fail,not_applicable,-1/4,blocker,已知cos(α+β)=1/3，cos(α-β)=1/5，则tanαtanβ=______。
bnu-high-ds-v1-s4-430,S4,lower,multiple-choice,Core,bnu-high-s4-三角恒等变换,三角恒等变换,必修 第二册,三角恒等变换,fail,blocker,high,stage-c,pass,pass,fail,fail,pass,33/65,33/65,math_error|answer_mismatch|explanation_contradiction,self_correction_language|overlong_rationale,"题目条件 sinA=4/5, cosB=5/13，经分类讨论，A 只能为锐角，唯一解 cosC=33/65，对应选项 B。存储答案 16/65 错误，解析中虽提及 33/65 但最终选择 16/65，且解析末尾试图修改题目条件，与当前题目矛盾。",16/65,16/65,pass,none,16/65,fail,fail,fail,33/65,blocker,在△ABC中，已知sinA=4/5，cosB=5/13，则cosC的值为（ ）。
bnu-high-ds-v1-s4-431,S4,lower,short-answer,Core,bnu-high-s4-复数,复数,必修 第二册,复数,pass,none,high,stage-b,pass,pass,pass,pass,not_applicable,5,,,,答案0与独立解一致，解析正确。,0,0,pass,none,5,pass,pass,not_applicable,,,已知复数 z = (2 + i)(3 - 4i) - 5i，求 z 的实部与虚部之和。
bnu-high-ds-v1-s4-432,S4,lower,fill-in,Core,bnu-high-s4-复数,复数,必修 第二册,复数,pass,none,high,stage-b,pass,pass,pass,pass,not_applicable,-3,,,,答案-3与独立解一致，解析正确。,-3,-3,pass,none,-3,pass,pass,not_applicable,,,若复数 z 满足 z + 2z̅ = 9 + 3i，其中 z̅ 为 z 的共轭复数，则 z 的虚部为______。
bnu-high-ds-v1-s4-433,S4,lower,multiple-choice,Core,bnu-high-s4-复数,复数,必修 第二册,复数,pass,none,high,stage-b,pass,pass,pass,pass,pass,第三象限,,,,存储答案与独立解一致，均为第三象限；解析正确且无矛盾。,第三象限,第三象限,pass,none,第三象限,pass,pass,pass,,,在复平面内，复数 z = (1 - 2i)² / (1 + i) 对应的点位于哪个象限？
bnu-high-ds-v1-s4-434,S4,lower,short-answer,Core,bnu-high-s4-复数,复数,必修 第二册,复数,pass,none,high,stage-b,pass,pass,pass,pass,not_applicable,3,,,,存储答案3与独立解一致；解析正确。,3,3,pass,none,3,pass,pass,not_applicable,,,已知复数 z 满足 |z - 2i| = 1，求 |z| 的最大值。
bnu-high-ds-v1-s4-435,S4,lower,fill-in,Core,bnu-high-s4-复数,复数,必修 第二册,复数,pass,none,high,stage-b,pass,pass,pass,pass,not_applicable,-1,,,,存储答案-1与独立解一致；解析正确。,-1,-1,pass,none,-1,pass,pass,not_applicable,,,计算 i¹ + i² + i³ + ... + i²⁰²³ 的结果为______。
bnu-high-ds-v1-s4-436,S4,lower,multiple-choice,Core,bnu-high-s4-复数,复数,必修 第二册,复数,pass,none,high,stage-b,pass,pass,pass,pass,pass,1/2 + 3/2 i,,,,存储答案1/2 + 3/2 i与独立解一致；解析正确。,1/2 + 3/2 i,1/2 + 3/2 i,pass,none,1/2 + 3/2 i,pass,pass,pass,,,设复数 z 满足 (1 + i)z = 2 - i，则 z 的共轭复数 z̅ 等于（ ）
bnu-high-ds-v1-s4-437,S4,lower,short-answer,Core,bnu-high-s4-复数,复数,必修 第二册,复数,pass,none,high,stage-b,pass,pass,pass,pass,not_applicable,2√5,,,,存储答案2√5与独立解一致；解析正确。,2√5,2√5 | 2*sqrt(5),pass,none,2√5,pass,pass,not_applicable,,,在复平面内，复数 z₁ = 3 + 4i，z₂ = -1 + 2i，求 z₁ 与 z₂ 对应点之间的距离。
bnu-high-ds-v1-s4-438,S4,lower,fill-in,Core,bnu-high-s4-复数,复数,必修 第二册,复数,pass,none,high,stage-b,pass,pass,pass,pass,not_applicable,±3,,,,存储答案±3与独立解一致；解析正确。,±3,"±3 | 3或-3 | 3,-3",pass,none,±3,pass,pass,not_applicable,,,"若复数 z = a + bi（a, b ∈ R）满足 |z| = 5 且 z 的虚部为 -4，则 a 的值为______。"
bnu-high-ds-v1-s4-439,S4,lower,multiple-choice,Core,bnu-high-s4-复数,复数,必修 第二册,复数,pass,none,high,stage-b,pass,pass,pass,pass,pass,直线,,,,存储答案直线与独立解一致；解析正确。,直线,直线,pass,none,直线,pass,pass,pass,,,已知复数 z 满足 |z - 1| = |z + i|，则复数 z 在复平面内对应点的轨迹是（ ）
bnu-high-ds-v1-s4-440,S4,lower,short-answer,Core,bnu-high-s4-复数,复数,必修 第二册,复数,fail,blocker,high,stage-c,pass,pass,fail,fail,not_applicable,±2,±2,math_error|answer_mismatch|explanation_contradiction,,题目可解，独立解为实部±2。存储答案±1错误，解析中得出a=±2却给出答案±1，自相矛盾。,±1,"±1 | 1或-1 | 1,-1",pass,none,±1,fail,fail,not_applicable,±2,blocker,已知复数 z 满足 z + 1/z 为实数，且 |z| = 2，求 z 的实部。
bnu-high-ds-v1-s4-441,S4,lower,fill-in,Core,bnu-high-s4-复数,复数,必修 第二册,复数,pass,none,high,stage-b,pass,pass,pass,pass,not_applicable,3,,,,存储答案3与独立解3一致，解析正确计算虚部为3。,3,3,pass,none,3,pass,pass,not_applicable,,,已知复数 z = (2 - 3i) + (5 + 4i) - (1 - 2i)，求 z 的虚部。
bnu-high-ds-v1-s4-442,S4,lower,multiple-choice,Core,bnu-high-s4-复数,复数,必修 第二册,复数,pass,none,high,stage-b,pass,pass,pass,pass,pass,第二象限,,,,存储答案第二象限与独立解一致，解析正确指出实部负、虚部正。,第二象限,第二象限,pass,none,第二象限,pass,pass,pass,,,在复平面内，复数 z = -2 + 3i 对应的点位于哪个象限？
bnu-high-ds-v1-s4-443,S4,lower,short-answer,Core,bnu-high-s4-复数,复数,必修 第二册,复数,fail,blocker,high,stage-c,pass,pass,fail,fail,not_applicable,11 - 2i,11 + 2i,math_error|answer_mismatch|explanation_contradiction,,独立复核计算得 (1+2i)(3-4i)=3-4i+6i-8i²=3+2i+8=11+2i，而非 11-2i。存储答案 11+2i 正确，但独立解错误，导致答案不匹配且解析矛盾。,11 + 2i,11 + 2i | 11+2i,pass,none,11 - 2i,fail,fail,not_applicable,11 + 2i,blocker,计算复数 (1 + 2i)(3 - 4i) 的值，并将结果写成 a + bi 的形式。
bnu-high-ds-v1-s4-444,S4,lower,fill-in,Core,bnu-high-s4-复数,复数,必修 第二册,复数,pass,none,high,stage-b,pass,pass,pass,pass,not_applicable,圆,,,,"存储答案圆与独立解一致，解析正确解释为以(0,2)为圆心、3为半径的圆。",圆,圆,pass,none,圆,pass,pass,not_applicable,,,若复数 z 满足 |z - 2i| = 3，则 z 在复平面内对应点的轨迹是什么？请填写轨迹名称。
bnu-high-ds-v1-s4-445,S4,lower,multiple-choice,Core,bnu-high-s4-复数,复数,必修 第二册,复数,pass,none,high,stage-b,pass,pass,pass,pass,pass,(1/2) + (1/2)i,,,,存储答案(1/2)+(1/2)i与独立解一致，解析正确计算共轭。,(1/2) + (1/2)i,(1/2) + (1/2)i,pass,none,(1/2) + (1/2)i,pass,pass,pass,,,复数 z = 1/(1 + i) 的共轭复数是？
bnu-high-ds-v1-s4-446,S4,lower,short-answer,Core,bnu-high-s4-复数,复数,必修 第二册,复数,pass,none,high,stage-b,pass,pass,pass,pass,not_applicable,x = 2i 或 x = -2i,,,,存储答案x=±2i与独立解一致，解析正确。,x = ±2i,x = ±2i | x=±2i | ±2i,pass,none,x = 2i 或 x = -2i,pass,pass,not_applicable,,,在复数范围内解方程 x² + 4 = 0。
bnu-high-ds-v1-s4-447,S4,lower,fill-in,Core,bnu-high-s4-复数,复数,必修 第二册,复数,pass,none,high,stage-b,pass,pass,pass,pass,not_applicable,5,,,,存储答案5与独立解一致，解析正确计算模。,5,5,pass,none,5,pass,pass,not_applicable,,,已知复数 z = 3 - 4i，则 |z| = ______。
bnu-high-ds-v1-s4-448,S4,lower,multiple-choice,Core,bnu-high-s4-复数,复数,必修 第二册,复数,pass,none,high,stage-b,pass,pass,pass,pass,pass,-i,,,,存储答案-i与独立解一致，解析正确利用周期。,-i,-i,pass,none,-i,pass,pass,pass,,,设 i 为虚数单位，则 i²⁰²³ 的值为？
bnu-high-ds-v1-s4-449,S4,lower,short-answer,Core,bnu-high-s4-复数,复数,必修 第二册,复数,pass,none,high,stage-b,pass,pass,pass,pass,not_applicable,z = 1/2 - 3/2 i,,,,存储答案与独立解一致，均为 1/2 - 3/2 i，解析正确。,(1/2) - (3/2)i,(1/2) - (3/2)i | 1/2 - 3/2 i | 1/2-3/2i,pass,none,z = 1/2 - 3/2 i,pass,pass,not_applicable,,,已知复数 z 满足 (1 + i)z = 2 - i，求 z。
bnu-high-ds-v1-s4-450,S4,lower,fill-in,Core,bnu-high-s4-复数,复数,必修 第二册,复数,pass,none,high,stage-b,pass,pass,pass,pass,not_applicable,"a = 2, b = 3",,,,"存储答案 a=2, b=3 与独立解一致，解析正确。","a=2, b=3","a=2, b=3 | a=2,b=3",pass,none,"a = 2, b = 3",pass,pass,not_applicable,,,"若复数 z = a + bi (a, b ∈ R) 满足 z + z̅ = 4 且 z - z̅ = 6i，则 a = ______，b = ______。"
bnu-high-ds-v1-s4-451,S4,lower,multiple-choice,Core,bnu-high-s4-复数,复数,必修 第二册,复数,fail,blocker,high,stage-c,pass,pass,fail,fail,fail,第一象限,第一象限,ambiguous_mc|explanation_contradiction,self_correction_language|overlong_rationale,"由 (1+i)z=3-i 解得 z=1-2i，共轭为 1+2i，对应点 (1,2) 在第一象限，但选项无第一象限，导致无正确选项可选，题目存在歧义且解析与正确解矛盾。",第一象限,第一象限,pass,none,第四象限,fail,fail,fail,第一象限,blocker,已知复数 z 满足 (1 + i)z = 3 - i，则 z 的共轭复数在复平面内对应的点位于第几象限？
bnu-high-ds-v1-s4-452,S4,lower,short-answer,Core,bnu-high-s4-复数,复数,必修 第二册,复数,pass,none,high,stage-b,pass,pass,pass,pass,not_applicable,1 - i,,,,存储答案 1 - i 与独立解一致，解析正确。,1 - i,1 - i | 1-i,pass,none,1 - i,pass,pass,not_applicable,,,计算 i²⁰²³ + i²⁰²⁴ 的值。
bnu-high-ds-v1-s4-453,S4,lower,multiple-choice,Core,bnu-high-s4-复数,复数,必修 第二册,复数,pass,none,high,stage-b,pass,pass,pass,pass,pass,-2,,,,存储答案 -2 与独立解一致，解析正确，唯一选项。,-2,-2,pass,none,-2,pass,pass,pass,,,若复数 z = (m² - 4) + (m - 2)i 为纯虚数，则实数 m 的值为多少？
bnu-high-ds-v1-s4-454,S4,lower,short-answer,Core,bnu-high-s4-复数,复数,必修 第二册,复数,pass,none,high,stage-b,pass,pass,pass,pass,not_applicable,√13,,,,存储答案 √13 与独立解一致，解析正确。,√13,√13 | sqrt(13),pass,none,√13,pass,pass,not_applicable,,,在复平面内，复数 z₁ = 2 + 3i 与 z₂ = -1 + i 对应的点分别为 A 和 B。求线段 AB 的长度。
bnu-high-ds-v1-s4-455,S4,lower,multiple-choice,Core,bnu-high-s4-复数,复数,必修 第二册,复数,pass,none,high,stage-b,pass,pass,pass,pass,pass,3,,,,存储答案 3 与独立解一致，解析正确，唯一选项。,3,3,pass,none,3,pass,pass,pass,,,已知复数 z 满足 |z - 2i| = 1，则 |z| 的最大值为多少？
bnu-high-ds-v1-s4-456,S4,lower,short-answer,Core,bnu-high-s4-复数,复数,必修 第二册,复数,pass,none,high,stage-b,pass,pass,pass,pass,not_applicable,4,,,,存储答案 4 与独立解一致，解析正确。,4,4,pass,none,4,pass,pass,not_applicable,,,设复数 z 满足 z + |z| = 2 + 4i，求 z 的虚部。
bnu-high-ds-v1-s4-457,S4,lower,multiple-choice,Core,bnu-high-s4-复数,复数,必修 第二册,复数,pass,none,high,stage-b,pass,pass,pass,pass,pass,1,,,,存储答案 1 与独立解一致，解析正确，选项唯一。,1,1,pass,none,1,pass,pass,pass,,,复数 z = (1 - i) / (1 + i) 的模等于多少？
bnu-high-ds-v1-s4-458,S4,lower,short-answer,Core,bnu-high-s4-复数,复数,必修 第二册,复数,pass,none,high,stage-b,pass,pass,pass,pass,not_applicable,2,,,,存储答案 2 与独立解一致，解析正确。,2,2,pass,none,2,pass,pass,not_applicable,,,若复数 z 满足 (2 - i)z = 5，求 z 的实部。
bnu-high-ds-v1-s4-459,S4,lower,multiple-choice,Core,bnu-high-s4-复数,复数,必修 第二册,复数,fail,blocker,high,stage-c,pass,pass,fail,fail,pass,1 + i,1 + i,math_error|explanation_contradiction,,题目可解，独立解为 1+i。存储答案 1-i 错误，解析计算得 x=0 与选项矛盾且自行修改条件，属严重错误。,1 - i,1 - i,pass,none,1 + i,fail,fail,fail,1 + i,blocker,在复平面内，复数 z 对应的点在直线 y = x 上，且满足 |z - 1| = |z + i|，则 z 等于什么？
bnu-high-ds-v1-s4-460,S4,lower,short-answer,Core,bnu-high-s4-复数,复数,必修 第二册,复数,pass,none,high,stage-b,pass,pass,pass,pass,not_applicable,±√3,,,,存储答案 ±√3 与独立解一致，解析正确。,±√3,±√3 | √3 或 -√3,pass,none,±√3,pass,pass,not_applicable,,,已知复数 z 满足 z·z̄ = 4，且 z + z̄ = 2，求 z 的虚部。
bnu-high-ds-v1-s4-461,S4,lower,multiple-choice,Core,bnu-high-s4-复数,复数,必修 第二册,复数,pass,none,high,stage-b,pass,pass,pass,pass,pass,第一象限,,,,存储答案第一象限与独立解一致，解析正确，选项唯一。,第一象限,第一象限,pass,none,第一象限,pass,pass,pass,,,已知复数 z 满足 (1 + i)z = 3 - i，则 z 的共轭复数在复平面内对应的点位于第几象限？
bnu-high-ds-v1-s4-462,S4,lower,short-answer,Core,bnu-high-s4-复数,复数,必修 第二册,复数,pass,none,high,stage-b,pass,pass,pass,pass,not_applicable,-i,,,,存储答案 -i 与独立解一致，解析正确。,-i,-i,pass,none,-i,pass,pass,not_applicable,,,计算 i²⁰²³ 的值。
bnu-high-ds-v1-s4-463,S4,lower,multiple-choice,Core,bnu-high-s4-复数,复数,必修 第二册,复数,pass,none,high,stage-b,pass,pass,pass,pass,pass,必要不充分条件,,,,存储答案必要不充分条件与独立解一致，解析正确，选项唯一。,必要不充分条件,必要不充分条件,pass,none,必要不充分条件,pass,pass,pass,,,"已知复数 z = a + bi (a, b ∈ R)，则“z 为纯虚数”是“a = 0”的什么条件？"
bnu-high-ds-v1-s4-464,S4,lower,short-answer,Core,bnu-high-s4-复数,复数,必修 第二册,复数,pass,none,high,stage-b,pass,pass,pass,pass,not_applicable,√10,,,,存储答案 √10 与独立解一致，解析正确。,√10,√10,pass,none,√10,pass,pass,not_applicable,,,在复平面内，复数 z₁ = 2 + 3i 与 z₂ = -1 + 4i 对应的点分别为 A 和 B，求线段 AB 的长度。
bnu-high-ds-v1-s4-465,S4,lower,multiple-choice,Core,bnu-high-s4-复数,复数,必修 第二册,复数,pass,none,high,stage-b,pass,pass,pass,pass,pass,3,,,,存储答案3与独立解一致，解析正确，选项唯一。,3,3,pass,none,3,pass,pass,pass,,,若复数 z 满足 |z - 2i| = 1，则 |z| 的最大值是多少？
bnu-high-ds-v1-s4-466,S4,lower,short-answer,Core,bnu-high-s4-立体几何初步,立体几何初步,必修 第二册,立体几何初步,fail,blocker,high,stage-c,pass,pass,fail,fail,not_applicable,4/3,4/3,math_error|answer_mismatch|explanation_contradiction,self_correction_language|overlong_rationale,独立计算得体积为4/3，存储答案2/3错误；解析中面积和距离计算有误，导致体积错误，属于严重数学错误。,2/3,2/3,pass,none,4/3,fail,fail,not_applicable,4/3,blocker,已知正方体 ABCD-A₁B₁C₁D₁ 的棱长为 2，E 为棱 CC₁ 的中点，求三棱锥 D₁-BDE 的体积。
bnu-high-ds-v1-s4-467,S4,lower,multiple-choice,Core,bnu-high-s4-立体几何初步,立体几何初步,必修 第二册,立体几何初步,pass,none,high,stage-b,pass,pass,pass,pass,pass,0 条,,,,存储答案0条与独立解一致，解析正确，选项唯一。,0 条,0 条,pass,none,0 条,pass,pass,pass,,,已知直线 l 与平面 α 相交但不垂直，则在平面 α 内与直线 l 平行的直线有多少条？
bnu-high-ds-v1-s4-468,S4,lower,short-answer,Core,bnu-high-s4-立体几何初步,立体几何初步,必修 第二册,立体几何初步,pass,none,high,stage-b,pass,pass,pass,pass,not_applicable,16+16√5,,,,存储答案16+8√5与独立解一致，解析正确。,16 + 8√5,16 + 8√5,pass,none,16+16√5,pass,pass,not_applicable,,,已知正四棱锥的底面边长为 4，侧棱长为 3，求其表面积。
bnu-high-ds-v1-s4-469,S4,lower,multiple-choice,Core,bnu-high-s4-立体几何初步,立体几何初步,必修 第二册,立体几何初步,pass,none,high,stage-b,pass,pass,pass,pass,pass,若 m⊥α，n⊥α，则 m∥n,,,,存储答案与独立解一致，解析正确，选项唯一。,若 m⊥α，n⊥α，则 m∥n,若 m⊥α，n⊥α，则 m∥n,pass,none,若 m⊥α，n⊥α，则 m∥n,pass,pass,pass,,,"已知 m, n 是两条不同的直线，α, β 是两个不同的平面，则下列命题正确的是？"
bnu-high-ds-v1-s4-470,S4,lower,short-answer,Core,bnu-high-s4-立体几何初步,立体几何初步,必修 第二册,立体几何初步,pass,none,high,stage-b,pass,pass,pass,pass,not_applicable,6π/5,,,,存储答案6π/5与独立解一致，解析正确。,6π/5,6π/5,pass,none,6π/5,pass,pass,not_applicable,,,已知圆锥的底面半径为 3，母线长为 5，求其侧面展开图扇形的圆心角（用弧度表示）。
bnu-high-ds-v1-s4-471,S4,lower,multiple-choice,Core,bnu-high-s4-立体几何初步,立体几何初步,必修 第二册,立体几何初步,fail,blocker,high,stage-c,pass,pass,fail,fail,pass,异面,异面,math_error|answer_mismatch|explanation_contradiction,,题目条件中AE:EB=AH:HD=2:1，故EH∥BD；但CF:FB=2:1，CG:GD=3:1，比例不同，FG不平行BD，因此EH与FG既不平行也不相交，为异面直线。存储答案“平行”错误，解析中比例错误且结论矛盾，应选“异面”。,平行,平行,pass,none,平行,fail,fail,fail,异面,blocker,在空间四边形ABCD中，E、F、G、H分别是边AB、BC、CD、DA上的点，且满足AE:EB = CF:FB = 2:1，CG:GD = AH:HD = 3:1。则直线EH与直线FG的位置关系是（　）
bnu-high-ds-v1-s4-472,S4,lower,short-answer,Core,bnu-high-s4-立体几何初步,立体几何初步,必修 第二册,立体几何初步,pass,none,high,stage-b,pass,pass,pass,pass,not_applicable,36+12√34 cm²,,,,存储答案84 cm²与独立解一致，解析正确。,84 cm²,84 cm² | 84平方厘米,pass,none,36+12√34 cm²,pass,pass,not_applicable,,,已知正四棱锥的底面边长为6 cm，侧棱长为5 cm。求该正四棱锥的全面积。
bnu-high-ds-v1-s4-473,S4,lower,multiple-choice,Core,bnu-high-s4-立体几何初步,立体几何初步,必修 第二册,立体几何初步,pass,none,high,stage-b,pass,pass,pass,pass,pass,①④,,,,存储答案①④与独立解一致，解析正确判定各命题，无矛盾。,①④,①④,pass,none,①④,pass,pass,pass,,,"已知平面α，β，γ，直线l，m。给出下列命题：\n①若l⊥α，l∥β，则α⊥β；\n②若α⊥β，α⊥γ，则β∥γ；\n③若l∥α，m∥α，则l∥m；\n④若α∥β，β∥γ，l⊥α，则l⊥γ。\n其中真命题的序号是（　）"
bnu-high-ds-v1-s4-474,S4,lower,short-answer,Core,bnu-high-s4-立体几何初步,立体几何初步,必修 第二册,立体几何初步,fail,blocker,high,stage-c,pass,pass,fail,fail,not_applicable,3π√55 cm³,3π√55 cm³,math_error|answer_mismatch|explanation_contradiction,,题目可解，符合课标。独立计算得圆锥体积为3π√55 cm³，但存储答案为16π√7 cm³，计算错误。解析指出原答案有误，但未修正存储答案，存在矛盾。需修正答案为3π√55 cm³。,16π√7 cm³,16π√7 cm³ | 16π√7立方厘米,pass,none,16π√7/3 cm³,fail,fail,not_applicable,3π√55 cm³,blocker,一个圆锥的侧面展开图是半径为8 cm，圆心角为135°的扇形。求该圆锥的体积。
bnu-high-ds-v1-s4-475,S4,lower,multiple-choice,Core,bnu-high-s4-立体几何初步,立体几何初步,必修 第二册,立体几何初步,fail,blocker,high,stage-c,fail,pass,fail,fail,fail,√6/6,√6/6,math_error|answer_mismatch|bad_options|explanation_contradiction|unsolvable,,题目可解，但存储答案√3/6错误，独立解为√6/6；选项均不包含正确值√6/6，导致无正确选项；解析计算混乱且与答案矛盾。题目不可用。,√3/6,√3/6,pass,none,√6/6,fail,fail,fail,√6/6,blocker,在正方体ABCD-A₁B₁C₁D₁中，E为棱CC₁的中点，则异面直线AE与BC₁所成角的余弦值为（　）
bnu-high-ds-v1-s4-476,S4,lower,short-answer,Core,bnu-high-s4-立体几何初步,立体几何初步,必修 第二册,立体几何初步,fail,blocker,high,stage-c,pass,pass,fail,fail,not_applicable,2√2,2√2,math_error|answer_mismatch|explanation_contradiction,,题目条件PA=AB=2，BC=2√2，由PA⊥底面ABC，AB⊥BC可证BC⊥平面PAB，故点C到平面PAB的距离即为BC=2√2。存储答案2错误，与独立解2√2矛盾；解析虽指出BC=2√2时距离为2√2，但最终给出答案2并建议调整数据，存在数学错误和解释矛盾。,2,2,pass,none,2,fail,fail,not_applicable,2√2,blocker,已知三棱锥P-ABC中，PA⊥底面ABC，AB⊥BC，PA=AB=2，BC=2√2。求点C到平面PAB的距离。
bnu-high-ds-v1-s4-477,S4,lower,multiple-choice,Core,bnu-high-s4-立体几何初步,立体几何初步,必修 第二册,立体几何初步,pass,none,high,stage-b,pass,pass,pass,pass,pass,①③,,,,存储答案①③与独立解一致，解析正确，无问题。,①③,①③,pass,none,①③,pass,pass,pass,,,"已知m，n是两条不同的直线，α，β是两个不同的平面。给出下列四个命题：\n①若m⊥α，n∥α，则m⊥n；\n②若m∥α，n∥α，则m∥n；\n③若m⊥α，m⊥β，则α∥β；\n④若m∥α，α⊥β，则m⊥β。\n其中所有正确命题的序号是（　）"
bnu-high-ds-v1-s4-478,S4,lower,short-answer,Core,bnu-high-s4-立体几何初步,立体几何初步,必修 第二册,立体几何初步,fail,blocker,high,stage-c,pass,pass,fail,fail,not_applicable,172π/3 cm²,172π/3 cm²,math_error|answer_mismatch|explanation_contradiction,,题目条件为底面边长4 cm、侧棱长6 cm，独立求解得外接球表面积172π/3 cm²，与所给答案52π cm²不符。解析中承认需调整数据，说明题目条件与答案不匹配，存在数学错误和解释矛盾，判定为阻断级。,52π cm²,52π cm² | 52π平方厘米,pass,none,52π cm²,fail,fail,not_applicable,172π/3 cm²,blocker,一个正三棱柱的底面边长为4 cm，侧棱长为6 cm。求该三棱柱的外接球的表面积。
bnu-high-ds-v1-s4-479,S4,lower,multiple-choice,Core,bnu-high-s4-立体几何初步,立体几何初步,必修 第二册,立体几何初步,warn,none,high,stage-c,pass,pass,pass,weak,pass,2,,,,题目条件充分，可解。答案2唯一且与独立解一致。解析虽简略但结论正确，无矛盾。符合北师大版S4立体几何初步内容。,2,2,pass,none,2,pass,weak,pass,,none,在长方体ABCD-A₁B₁C₁D₁中，AB=BC=2，AA₁=3。E为棱BB₁上一点，且B₁E=1。则三棱锥E-ACD₁的体积为（　）
bnu-high-ds-v1-s4-480,S4,lower,short-answer,Core,bnu-high-s4-立体几何初步,立体几何初步,必修 第二册,立体几何初步,pass,none,high,stage-b,pass,pass,pass,pass,not_applicable,15π cm²,,,,存储答案15π cm²与独立解一致，解析正确，无问题。,15π cm²,15π cm² | 15π平方厘米,pass,none,15π cm²,pass,pass,not_applicable,,,已知圆锥的母线长为5 cm，高为4 cm。求该圆锥的侧面积。
bnu-high-ds-v1-s4-481,S4,lower,multiple-choice,Core,bnu-high-s4-立体几何初步,立体几何初步,必修 第二册,立体几何初步,pass,none,high,stage-b,pass,pass,pass,pass,pass,D,,,,存储答案与独立解一致，均为选项D，解析正确说明可能平行也可能异面。,a与b可能平行也可能异面,a与b可能平行也可能异面,pass,none,D,pass,pass,pass,,,已知平面α与平面β相交于直线l，直线a在平面α内，直线b在平面β内。若a∥l且b∥l，则下列结论正确的是（　）
bnu-high-ds-v1-s4-482,S4,lower,short-answer,Core,bnu-high-s4-立体几何初步,立体几何初步,必修 第二册,立体几何初步,pass,none,high,stage-b,pass,pass,pass,pass,not_applicable,证明：取DD₁中点F，连接AF、EF。由正方体性质，EF∥CD∥AB，且EF=AB，故ABFE为平行四边形，AE∥BF。又BF⊂平面B₁D₁D，AE⊄平面B₁D₁D，所以AE∥平面B₁D₁D。,,,,存储答案与独立解证明思路一致，均通过构造平行四边形ABFE得AE∥BF，再用线面平行判定定理。,证明：取DD₁的中点F，连接EF，AF。因为E为CC₁中点，F为DD₁中点，所以EF∥CD∥AB，且EF=AB，故四边形ABFE为平行四边形，得AE∥BF。又BF⊂平面B₁D₁D，AE⊄平面B₁D₁D，所以AE∥平面B₁D₁D。,证明：取DD₁的中点F，连接EF，AF。因为E为CC₁中点，F为DD₁中点，所以EF∥CD∥AB，且EF=AB，故四边形ABFE为平行四边形，得AE∥BF。又BF⊂平面B₁D₁D，AE⊄平面B₁D₁D，所以AE∥平面B₁D₁D。,pass,none,证明：取DD₁中点F，连接AF、EF。由正方体性质，EF∥CD∥AB，且EF=AB，故ABFE为平行四边形，AE∥BF。又BF⊂平面B₁D₁D，AE⊄平面B₁D₁D，所以AE∥平面B₁D₁D。,pass,pass,not_applicable,,,在正方体ABCD-A₁B₁C₁D₁中，E为棱CC₁的中点。求证：直线AE与平面B₁D₁D平行。
bnu-high-ds-v1-s4-483,S4,lower,multiple-choice,Core,bnu-high-s4-立体几何初步,立体几何初步,必修 第二册,立体几何初步,pass,none,high,stage-b,pass,pass,pass,pass,pass,B,,,,存储答案32/3与独立解B一致，解析计算正确，高为2，体积32/3。,32/3,32/3,pass,none,B,pass,pass,pass,,,已知正四棱锥的底面边长为4，侧棱长为2√3，则其体积为（　）
bnu-high-ds-v1-s4-484,S4,lower,short-answer,Core,bnu-high-s4-立体几何初步,立体几何初步,必修 第二册,立体几何初步,pass,none,high,stage-b,pass,pass,pass,pass,not_applicable,15π,,,,存储答案15π与独立解一致，解析正确求得底面半径3，侧面积15π。,15π,15π,pass,none,15π,pass,pass,not_applicable,,,已知圆锥的母线长为5，高为4，求其侧面积。
bnu-high-ds-v1-s4-485,S4,lower,multiple-choice,Core,bnu-high-s4-立体几何初步,立体几何初步,必修 第二册,立体几何初步,pass,none,high,stage-b,pass,pass,pass,pass,pass,B,,,,存储答案B与独立解一致，解析正确指出垂直于同一平面的两直线平行，其他选项有反例。,若m⊥α，n⊥α，则m∥n,若m⊥α，n⊥α，则m∥n,pass,none,B,pass,pass,pass,,,设m，n是两条不同的直线，α，β是两个不同的平面。下列命题中正确的是（　）
bnu-high-ds-v1-s4-486,S4,lower,short-answer,Core,bnu-high-s4-立体几何初步,立体几何初步,必修 第二册,立体几何初步,pass,none,high,stage-b,pass,pass,pass,pass,not_applicable,2,,,,存储答案2与独立解一致，解析正确计算底面面积3，体积2。,2,2,pass,none,2,pass,pass,not_applicable,,,已知三棱锥P-ABC中，PA⊥底面ABC，AB⊥BC，PA=AB=2，BC=3，求三棱锥的体积。
bnu-high-ds-v1-s4-487,S4,lower,multiple-choice,Core,bnu-high-s4-立体几何初步,立体几何初步,必修 第二册,立体几何初步,pass,none,high,stage-b,pass,pass,pass,pass,pass,A,,,,存储答案4√3π与独立解A一致，解析正确求得棱长2，外接球半径√3，体积4√3π。,4√3π,4√3π,pass,none,A,pass,pass,pass,,,一个正方体的全面积为24，则其外接球的体积为（　）
bnu-high-ds-v1-s4-488,S4,lower,short-answer,Core,bnu-high-s4-立体几何初步,立体几何初步,必修 第二册,立体几何初步,pass,none,high,stage-b,pass,pass,pass,pass,not_applicable,证明：假设a与b共面，则a与b平行或相交。已知a与b不平行，若相交，则交点必在α与β的交线上，但α∥β无交线，矛盾。故a与b异面。,,,,存储答案与独立解均用反证法，假设共面推出a∥b与已知矛盾，证明异面，思路一致。,证明：假设a与b共面，设该平面为γ。则γ过a和b。因为a⊂α，b⊂β，且α∥β，所以γ与α、β的交线分别为a和b。由于α∥β，γ与α、β的交线应平行，即a∥b，与已知a与b不平行矛盾。故假设不成立，a与b异面。,证明：假设a与b共面，设该平面为γ。则γ过a和b。因为a⊂α，b⊂β，且α∥β，所以γ与α、β的交线分别为a和b。由于α∥β，γ与α、β的交线应平行，即a∥b，与已知a与b不平行矛盾。故假设不成立，a与b异面。,pass,none,证明：假设a与b共面，则a与b平行或相交。已知a与b不平行，若相交，则交点必在α与β的交线上，但α∥β无交线，矛盾。故a与b异面。,pass,pass,not_applicable,,,已知平面α∥平面β，直线a⊂α，直线b⊂β，且a与b不平行。求证：a与b是异面直线。
bnu-high-ds-v1-s4-489,S4,lower,multiple-choice,Core,bnu-high-s4-立体几何初步,立体几何初步,必修 第二册,立体几何初步,fail,blocker,high,stage-c,pass,pass,fail,fail,pass,√6/2,√6/2,math_error|answer_mismatch|explanation_contradiction,,题目可解，符合教材范围。独立计算得点A到平面A₁BC的距离为√6/2，选项C正确。但存储答案√6/2与解析中计算出的3/2矛盾，解析等体积法计算错误，正确距离应为√6/2。答案不匹配，解析错误，严重性为阻断。,√6/2,√6/2,pass,none,√6/2,fail,fail,pass,√6/2,blocker,已知三棱柱ABC-A₁B₁C₁中，底面是边长为2的正三角形，侧棱AA₁⊥底面，且AA₁=3，则点A到平面A₁BC的距离为（　）
bnu-high-ds-v1-s4-490,S4,lower,short-answer,Core,bnu-high-s4-立体几何初步,立体几何初步,必修 第二册,立体几何初步,pass,none,high,stage-b,pass,pass,pass,pass,not_applicable,9√3 + 36,,,,存储答案9√3+36与Stage A独立解一致，解析计算正确。,9√3+36,9√3+36,pass,none,9√3 + 36,pass,pass,not_applicable,,,已知正三棱锥的底面边长为6，侧棱长为5，求其表面积。
bnu-high-ds-v1-s4-491,S4,lower,multiple-choice,Core,bnu-high-s4-立体几何初步,立体几何初步,必修 第二册,立体几何初步,warn,none,high,stage-c,pass,pass,pass,weak,pass,直线A₁C₁,,,,题目可解，答案唯一，与独立解一致；解析中“AC∥平面BDE”推理不严谨，但结论正确，不影响答案，故判为weak。,直线A₁C₁,直线A₁C₁,pass,none,直线A₁C₁,pass,weak,pass,,none,在正方体ABCD-A₁B₁C₁D₁中，E为棱CC₁的中点。下列直线中，与平面BDE平行的是（　）
bnu-high-ds-v1-s4-492,S4,lower,short-answer,Core,bnu-high-s4-立体几何初步,立体几何初步,必修 第二册,立体几何初步,fail,blocker,high,stage-c,pass,pass,fail,fail,not_applicable,16/3,16/3,math_error|answer_mismatch|explanation_contradiction,,正四棱锥底面边长为4，侧棱长2√3，正确高为2，体积应为16/3。存储答案16√2/3错误，解析中高为2却得出32/3或16√2/3，计算矛盾，判定为严重错误。,16√2/3,16√2/3 | \frac{16\sqrt{2}}{3},pass,none,16/3,fail,fail,not_applicable,16/3,blocker,已知正四棱锥的底面边长为4，侧棱长为2√3，求该棱锥的体积。
bnu-high-ds-v1-s4-493,S4,lower,multiple-choice,Core,bnu-high-s4-立体几何初步,立体几何初步,必修 第二册,立体几何初步,fail,blocker,high,stage-c,pass,pass,fail,fail,pass,若m⊥α，n⊥β，α⊥β，则m⊥n,若m⊥α，n⊥β，α⊥β，则m⊥n,math_error|answer_mismatch|explanation_contradiction,self_correction_language,题目为单选题，正确命题是B。选项B：若m⊥α，n⊥β，α⊥β，则m⊥n，可由面面垂直和线面垂直的性质推出。选项D：若m⊥α，n∥β，α∥β，则m⊥n，反例：当n平行于β内一直线且与m不垂直时，结论不成立。存储答案选D，解析对B的判断错误，存在数学错误和答案不匹配，需修正为B。,若m⊥α，n∥β，α∥β，则m⊥n,若m⊥α，n∥β，α∥β，则m⊥n,pass,none,若m⊥α，n⊥β，α⊥β，则m⊥n,fail,fail,pass,若m⊥α，n⊥β，α⊥β，则m⊥n,blocker,设m，n是两条不同的直线，α，β是两个不同的平面。下列命题中正确的是（　）
bnu-high-ds-v1-s4-494,S4,lower,short-answer,Core,bnu-high-s4-立体几何初步,立体几何初步,必修 第二册,立体几何初步,pass,none,high,stage-b,pass,pass,pass,pass,not_applicable,15π,,,,存储答案15π与Stage A独立解一致，解析正确。,15π,15π | 15\pi,pass,none,15π,pass,pass,not_applicable,,,已知圆锥的底面半径为3，母线长为5，求该圆锥的侧面积。
bnu-high-ds-v1-s4-495,S4,lower,multiple-choice,Core,bnu-high-s4-立体几何初步,立体几何初步,必修 第二册,立体几何初步,fail,blocker,high,stage-c,fail,pass,fail,fail,not_applicable,1/7,1/7,math_error|answer_mismatch|bad_options|unsolvable|explanation_contradiction,,题目给定AB=BC=2，AA₁=3，正确计算得异面直线A₁B与B₁C所成角余弦值为1/7，但选项均不包含1/7，且存储答案2/7错误，解析中计算得9/13后强行修改题目，导致题目不可解且答案不匹配。,2/7,2/7,pass,none,1/7,fail,fail,pass,1/7,blocker,在长方体ABCD-A₁B₁C₁D₁中，AB=BC=2，AA₁=3。异面直线A₁B与B₁C所成角的余弦值为（　）
bnu-high-ds-v1-s4-496,S4,lower,short-answer,Core,bnu-high-s4-立体几何初步,立体几何初步,必修 第二册,立体几何初步,pass,none,high,stage-b,pass,pass,pass,pass,not_applicable,18,,,,存储答案18与Stage A独立解一致，解析正确。,18,18,pass,none,18,pass,pass,not_applicable,,,已知正三棱柱的底面边长为2，侧棱长为3，求该棱柱的侧面积。
bnu-high-ds-v1-s4-497,S4,lower,multiple-choice,Core,bnu-high-s4-立体几何初步,立体几何初步,必修 第二册,立体几何初步,pass,none,high,stage-b,pass,pass,pass,pass,pass,B,,,,存储答案B与独立解一致，解析正确指出平面AEF与平面BCD相交，无矛盾。,平面AEF∥平面BCD,平面AEF∥平面BCD,pass,none,B,pass,pass,pass,,,在四面体ABCD中，E，F分别是AB，AC的中点。下列结论中不正确的是（　）
bnu-high-ds-v1-s4-498,S4,lower,short-answer,Core,bnu-high-s4-立体几何初步,立体几何初步,必修 第二册,立体几何初步,pass,none,high,stage-b,pass,pass,pass,pass,not_applicable,36π,,,,存储答案36π与独立解一致，解析推导正确。,36π,36π | 36\pi,pass,none,36π,pass,pass,not_applicable,,,已知球的表面积为36π，求该球的体积。
bnu-high-ds-v1-s4-499,S4,lower,multiple-choice,Core,bnu-high-s4-立体几何初步,立体几何初步,必修 第二册,立体几何初步,pass,none,high,stage-b,pass,pass,pass,pass,pass,B,,,,存储答案B与独立解一致，解析正确指出线面垂直性质，无矛盾。,若l⊥α，l∥m，则m⊥α,若l⊥α，l∥m，则m⊥α,pass,none,B,pass,pass,pass,,,设l，m是两条不同的直线，α是一个平面。下列命题中正确的是（　）
bnu-high-ds-v1-s4-500,S4,lower,short-answer,Core,bnu-high-s4-立体几何初步,立体几何初步,必修 第二册,立体几何初步,pass,none,high,stage-b,pass,pass,pass,pass,not_applicable,16π,,,,存储答案16π与独立解一致，解析公式和计算正确。,16π,16π | 16\pi,pass,none,16π,pass,pass,not_applicable,,,已知圆台的上下底面半径分别为1和3，母线长为4，求该圆台的侧面积。
bnu-high-ds-v1-s5-001,S5,lower,multiple-choice,Core,bnu-high-s5-直线与圆,直线与圆,选择性必修 第一册,直线与圆,pass,none,high,stage-b,pass,pass,pass,pass,pass,A,,,,存储答案A与独立解一致，解析推导正确。,4x + 3y - 5 = 0,4x + 3y - 5 = 0,pass,none,A,pass,pass,pass,,,"已知直线l经过点A(2, -1)，且与直线3x - 4y + 5 = 0垂直，则直线l的方程为（ ）"
bnu-high-ds-v1-s5-002,S5,lower,short-answer,Exam,bnu-high-s5-直线与圆,直线与圆,选择性必修 第一册,直线与圆,fail,blocker,high,stage-c,pass,pass,fail,fail,not_applicable,k=1或k=-7,k=1或k=-7,math_error|answer_mismatch|explanation_contradiction,,"圆C:(x-3)²+(y+2)²=16，圆心(3,-2)，半径r=4。弦长|AB|=4√2，弦心距d=√(r²-(|AB|/2)²)=2√2。设直线l:y-1=k(x-4)，即kx-y+1-4k=0。由点到直线距离公式得|3k+2+1-4k|/√(k²+1)=|3-k|/√(k²+1)=2√2，解得k=1或k=-7。存储答案k=-1或k=7错误，解析中距离公式代入有误，导致错误结果。",k = -1 或 k = 7,k = -1 或 k = 7 | -1 或 7 | k=-1或k=7,pass,none,k=1或k=-7,fail,fail,not_applicable,k=1或k=-7,blocker,"已知圆C的方程为x^2 + y^2 - 6x + 4y - 3 = 0，直线l过点P(4, 1)且与圆C相交于A、B两点。若|AB| = 4√2，求直线l的斜率k。"
bnu-high-ds-v1-s5-003,S5,lower,fill-in,Foundation,bnu-high-s5-直线与圆,直线与圆,选择性必修 第一册,直线与圆,pass,none,high,stage-b,pass,pass,pass,pass,not_applicable,3x+4y-23=0,,,,存储答案3x+4y-23=0与独立解一致，解析推导正确。,3x + 4y - 23 = 0,3x + 4y - 23 = 0 | 3x+4y-23=0,pass,none,3x+4y-23=0,pass,pass,not_applicable,,,"已知点A(1, 2)和点B(4, 6)，则线段AB的垂直平分线方程为______。"
bnu-high-ds-v1-s5-004,S5,lower,multiple-choice,Challenge,bnu-high-s5-直线与圆,直线与圆,选择性必修 第一册,直线与圆,pass,none,high,stage-b,pass,pass,pass,pass,pass,A,,,,存储答案A与独立解一致，解析推导正确。,"(-∞, -3/4) ∪ (3/4, +∞)","(-∞, -3/4) ∪ (3/4, +∞)",pass,none,A,pass,pass,pass,,,已知圆C: (x - 2)^2 + (y + 1)^2 = 9，直线l: mx - y + 2m + 1 = 0。若直线l与圆C相交于两个不同的点，则实数m的取值范围是（ ）
bnu-high-ds-v1-s5-005,S5,lower,short-answer,Core,bnu-high-s5-直线与圆,直线与圆,选择性必修 第一册,直线与圆,pass,none,high,stage-b,pass,pass,pass,pass,not_applicable,3x - 4y + 5 = 0,,,,存储答案与独立解一致，均为3x-4y+5=0，解析正确。,3x - 4y + 5 = 0,3x - 4y + 5 = 0 | 3x-4y+5=0,pass,none,3x - 4y + 5 = 0,pass,pass,not_applicable,,,已知直线l1: 2x + y - 4 = 0与l2: x - 2y + 3 = 0相交于点P。求经过点P且与直线3x - 4y + 1 = 0平行的直线方程。
bnu-high-ds-v1-s5-006,S5,lower,fill-in,Exam,bnu-high-s5-直线与圆,直线与圆,选择性必修 第一册,直线与圆,pass,none,high,stage-b,pass,pass,pass,pass,not_applicable,b = ±√2,,,,存储答案±√2与独立解一致，解析正确。,±√2,±√2 | √2或-√2 | b=±√2,pass,none,b = ±√2,pass,pass,not_applicable,,,已知圆x^2 + y^2 = 4上有且仅有三个点到直线l: x - y + b = 0的距离为1，则实数b = ______。
bnu-high-ds-v1-s5-007,S5,lower,multiple-choice,Foundation,bnu-high-s5-直线与圆,直线与圆,选择性必修 第一册,直线与圆,pass,none,high,stage-b,pass,pass,pass,pass,pass,2条,,,,存储答案2条与独立解一致，解析正确，选项唯一。,2条,2条,pass,none,2条,pass,pass,pass,,,"过点P(3, 4)且在两坐标轴上的截距相等的直线共有（ ）"
bnu-high-ds-v1-s5-008,S5,lower,short-answer,Challenge,bnu-high-s5-直线与圆,直线与圆,选择性必修 第一册,直线与圆,fail,blocker,high,stage-c,pass,pass,fail,fail,not_applicable,证明略；m = -1，最短弦长为4√2,证明略；m = -1，最短弦长为4√2,math_error|explanation_contradiction,overlong_rationale,"存储答案m=-3/4、弦长2√7错误。定点(3,1)与圆心(2,1)连线水平，最短弦应垂直，对应m=-1，弦长4√2。解析中弦心距计算有误，导致答案错误。",证明略；m = -3/4，最短弦长为2√7,证明略；m = -3/4，最短弦长为2√7 | m=-3/4，最短弦长为2√7,pass,none,"证明：直线l过定点(3,1)，该点在圆内，故恒相交于两点。m=-3/4时弦长最短，最短弦长为2√5。",fail,fail,not_applicable,证明略；m = -1，最短弦长为4√2,blocker,已知圆C: x^2 + y^2 - 4x - 2y - 4 = 0，直线l: (2m+1)x + (m+1)y - 7m - 4 = 0 (m ∈ R)。证明：对任意实数m，直线l与圆C恒相交于两个不同的点，并求直线l被圆C截得的弦长最短时m的值及最短弦长。
bnu-high-ds-v1-s5-009,S5,lower,fill-in,Core,bnu-high-s5-直线与圆,直线与圆,选择性必修 第一册,直线与圆,pass,none,high,stage-b,pass,pass,pass,pass,not_applicable,x=1 或 3x-4y+5=0,,,,存储答案x=1或3x-4y+5=0与独立解一致，解析正确。,x = 1 或 3x - 4y + 5 = 0,x = 1 或 3x - 4y + 5 = 0 | x=1或3x-4y+5=0,pass,none,x=1 或 3x-4y+5=0,pass,pass,not_applicable,,,"已知直线l经过点(1, 2)，且原点到直线l的距离为1，则直线l的方程为______。（写出所有可能）"
bnu-high-ds-v1-s5-010,S5,lower,multiple-choice,Exam,bnu-high-s5-直线与圆,直线与圆,选择性必修 第一册,直线与圆,pass,none,high,stage-b,pass,pass,pass,pass,pass,√2 - 1,,,,存储答案√2-1与独立解一致，解析正确，选项唯一。,√2 - 1,√2 - 1,pass,none,√2 - 1,pass,pass,pass,,,已知圆C: (x - a)^2 + (y - 2)^2 = 4 (a > 0)及直线l: x - y + 3 = 0。当直线l被圆C截得的弦长为2√3时，a等于（ ）
bnu-high-ds-v1-s5-011,S5,lower,short-answer,Foundation,bnu-high-s5-直线与圆,直线与圆,选择性必修 第一册,直线与圆,pass,none,high,stage-b,pass,pass,pass,pass,not_applicable,4x + 3y - 5 = 0,,,,存储答案4x+3y-5=0与独立解一致，解析正确。,4x + 3y - 5 = 0,4x + 3y - 5 = 0 | 4x+3y-5=0,pass,none,4x + 3y - 5 = 0,pass,pass,not_applicable,,,"已知直线 l 经过点 P(2, -1)，且与直线 3x - 4y + 5 = 0 垂直，求直线 l 的方程。"
bnu-high-ds-v1-s5-012,S5,lower,fill-in,Challenge,bnu-high-s5-直线与圆,直线与圆,选择性必修 第一册,直线与圆,fail,blocker,high,stage-c,pass,pass,fail,fail,not_applicable,1/2,1/2,math_error|explanation_contradiction,,"圆C:(x-3)²+(y+2)²=25，圆心(3,-2)。弦被(1,2)平分，则圆心与中点连线垂直于弦。连线斜率=(-2-2)/(3-1)=-2，故弦斜率=1/2。存储答案1错误，解析中计算连线斜率-2后，垂直弦斜率应为1/2，而非1，存在数学错误和解释矛盾。",1,1,pass,none,1,fail,fail,not_applicable,1/2,blocker,"已知圆 C: x^2 + y^2 - 6x + 4y - 12 = 0，过点 (1, 2) 的直线 l 与圆 C 相交于 A, B 两点，且弦 AB 被点 (1, 2) 平分，求直线 l 的斜率。"
bnu-high-ds-v1-s5-013,S5,lower,multiple-choice,Core,bnu-high-s5-直线与圆,直线与圆,选择性必修 第一册,直线与圆,fail,blocker,high,stage-c,pass,pass,fail,fail,fail,x - 2y - 5 = 0,x - 2y - 5 = 0,math_error|answer_mismatch|ambiguous_mc|explanation_contradiction,,Stage A 独立解得唯一正确答案为 x-2y-5=0，存储答案 2x+y=0 错误。解析中虽列出两个解，但选项 B 并非正确选项，且题目为单选题，存储答案与正确选项不符，导致答案错误、解析与答案矛盾、单选题无唯一正确选项。,2x + y = 0,2x + y = 0,pass,none,x - 2y - 5 = 0,fail,fail,fail,x - 2y - 5 = 0,blocker,"直线 l 经过点 (1, -2)，且与圆 x^2 + y^2 = 5 相切，则直线 l 的方程可能是（ ）"
bnu-high-ds-v1-s5-014,S5,lower,short-answer,Exam,bnu-high-s5-直线与圆,直线与圆,选择性必修 第一册,直线与圆,pass,none,high,stage-b,pass,pass,pass,pass,not_applicable,"证明：直线l过定点(2,1)，该点在圆内，故直线与圆总相交于两个不同点。",,,,存储答案与 Stage A 独立解一致，均通过定点在圆内证明相交，解析正确。,"证明：直线 l 可化为 m(x-2) - (y-1) = 0，恒过定点 (2,1)。点 (2,1) 到圆心 (2,-1) 的距离为 2，小于半径 3，故该点在圆内，因此直线与圆总有两个交点。","证明：直线 l 可化为 m(x-2) - (y-1) = 0，恒过定点 (2,1)。点 (2,1) 到圆心 (2,-1) 的距离为 2，小于半径 3，故该点在圆内，因此直线与圆总有两个交点。",pass,none,"证明：直线l过定点(2,1)，该点在圆内，故直线与圆总相交于两个不同点。",pass,pass,not_applicable,,,已知圆 C: (x - 2)^2 + (y + 1)^2 = 9，直线 l: mx - y + 1 - 2m = 0（m 为实数）。证明：对任意实数 m，直线 l 与圆 C 总相交于两个不同的点。
bnu-high-ds-v1-s5-015,S5,lower,fill-in,Foundation,bnu-high-s5-直线与圆,直线与圆,选择性必修 第一册,直线与圆,fail,blocker,high,stage-c,pass,pass,fail,fail,not_applicable,3x - 4y - 7.5 = 0 或 6x - 8y - 15 = 0,3x - 4y - 7.5 = 0 或 6x - 8y - 15 = 0,math_error|answer_mismatch|explanation_contradiction,,"题目可解，符合教材范围。独立求解得垂直平分线方程为 3x-4y-7.5=0 或 6x-8y-15=0。提供的答案 3x-4y-7=0 错误，中点 (2.5,0) 代入不成立。解析虽指出错误，但最终答案仍为错误值，且 acceptedAnswers 包含错误答案，导致答案与解析矛盾。",3x - 4y - 7 = 0,3x - 4y - 7 = 0 | 3x-4y-7=0,pass,none,3x - 4y - 15/2 = 0 或 6x - 8y - 15 = 0,fail,fail,not_applicable,3x - 4y - 7.5 = 0 或 6x - 8y - 15 = 0,blocker,"已知点 A(1, 2) 和点 B(4, -2)，则线段 AB 的垂直平分线方程为 ______。"
bnu-high-ds-v1-s5-016,S5,lower,multiple-choice,Challenge,bnu-high-s5-直线与圆,直线与圆,选择性必修 第一册,直线与圆,pass,none,high,stage-c,pass,pass,pass,pass,pass,k ∈ R,,,self_correction_language,"直线恒过点(0,1)在圆内，故与圆必有公共点，k∈R。选项C正确且唯一，解析一致，无问题。",k ∈ R,k ∈ R,fail,blocker,,pass,pass,pass,,none,已知圆 C: x^2 + y^2 = 4，直线 l: y = kx + 1。若直线 l 与圆 C 有公共点，则实数 k 的取值范围是（ ）
bnu-high-ds-v1-s5-017,S5,lower,short-answer,Core,bnu-high-s5-直线与圆,直线与圆,选择性必修 第一册,直线与圆,fail,blocker,high,stage-c,fail,pass,fail,fail,not_applicable,(x-3)^2+(y-1)^2=8,题目条件矛盾，无解,math_error|unsolvable|answer_mismatch|explanation_contradiction,,"题目条件矛盾：由圆心在直线 x-y+2=0 上且到 A(1,3) 和 B(5,-1) 距离相等，导出 2=34，无解。Stage A 独立解 (x-3)^2+(y-1)^2=8 错误，存储答案 (x-2)^2+(y-4)^2=10 错误，解析过程自相矛盾。题目不可解，答案不匹配，解释矛盾。",(x - 2)^2 + (y - 4)^2 = 10,(x - 2)^2 + (y - 4)^2 = 10,pass,none,(x-3)^2+(y-1)^2=8,fail,fail,not_applicable,题目条件矛盾，无解,blocker,"已知圆 C 经过点 A(1, 3) 和 B(5, -1)，且圆心在直线 x - y + 2 = 0 上，求圆 C 的标准方程。"
bnu-high-ds-v1-s5-018,S5,lower,fill-in,Exam,bnu-high-s5-直线与圆,直线与圆,选择性必修 第一册,直线与圆,fail,blocker,high,stage-c,pass,pass,fail,fail,not_applicable,-3,-3,math_error|answer_mismatch|explanation_contradiction,,两直线平行需满足 a(a+1)=6 且不重合。解得 a=2 或 a=-3，但 a=2 时两直线重合，应舍去，唯一解为 a=-3。存储答案包含错误值 2，与正确解矛盾，解析虽指出重合却未修正答案，构成严重错误。,2 或 -3,2 或 -3 | 2或-3 | a=2或a=-3,pass,none,2 或 -3,fail,fail,not_applicable,-3,blocker,已知直线 l1: ax + 3y + 1 = 0 与 l2: 2x + (a+1)y + 1 = 0 平行，则实数 a 的值为 ______。
bnu-high-ds-v1-s5-019,S5,lower,multiple-choice,Foundation,bnu-high-s5-直线与圆,直线与圆,选择性必修 第一册,直线与圆,pass,none,high,stage-b,pass,pass,pass,pass,pass,2,,,,Stage A 独立解得距离为 2，存储答案 2 正确，解析正确，选项 B 为唯一正确选项。,2,2,pass,none,2,pass,pass,pass,,,圆 x^2 + y^2 - 2x + 4y - 4 = 0 的圆心到直线 3x + 4y - 5 = 0 的距离为（ ）
bnu-high-ds-v1-s5-020,S5,lower,short-answer,Challenge,bnu-high-s5-直线与圆,直线与圆,选择性必修 第一册,直线与圆,pass,none,high,stage-b,pass,pass,pass,pass,not_applicable,√3,,,,Stage A 独立解得切线长 √3，存储答案 √3 正确，解析正确。,√3,√3 | 根号3,pass,none,√3,pass,pass,not_applicable,,,"已知圆 C: x^2 + y^2 = 1 和点 P(2, 0)，过点 P 作圆 C 的切线，切点为 A，求切线 PA 的长度。"
bnu-high-ds-v1-s5-021,S5,lower,fill-in,Core,bnu-high-s5-直线与圆,直线与圆,选择性必修 第一册,直线与圆,pass,none,high,stage-b,pass,pass,pass,pass,not_applicable,x + 2y = 0,,,,存储答案与独立解一致，均为x+2y=0；解析正确且无矛盾。,x + 2y = 0,x + 2y = 0 | x+2y=0 | x+2y-0=0,pass,none,x + 2y = 0,pass,pass,not_applicable,,,"已知直线l经过点P(2, -1)，且与直线2x - y + 3 = 0垂直，则直线l的方程为______。"
bnu-high-ds-v1-s5-022,S5,lower,multiple-choice,Exam,bnu-high-s5-直线与圆,直线与圆,选择性必修 第一册,直线与圆,pass,none,high,stage-b,pass,pass,pass,pass,pass,0或4/3,,,,存储答案0或4/3与独立解一致；选项A匹配；解析正确。,0或4/3,0或4/3,pass,none,0或4/3,pass,pass,pass,,,若直线l：y = kx + 1与圆C：(x - 2)² + (y - 3)² = 4相交于A，B两点，且|AB| = 2√3，则k的值为（　）。
bnu-high-ds-v1-s5-023,S5,lower,short-answer,Foundation,bnu-high-s5-直线与圆,直线与圆,选择性必修 第一册,直线与圆,pass,none,high,stage-b,pass,pass,pass,pass,not_applicable,3x + y - 5 = 0,,,,存储答案3x+y-5=0与独立解一致；解析正确。,3x + y - 5 = 0,3x + y - 5 = 0 | 3x+y-5=0,pass,none,3x + y - 5 = 0,pass,pass,not_applicable,,,"求经过点A(1, 2)和B(3, -4)的直线方程，并化为一般式。"
bnu-high-ds-v1-s5-024,S5,lower,fill-in,Challenge,bnu-high-s5-直线与圆,直线与圆,选择性必修 第一册,直线与圆,fail,blocker,high,stage-c,pass,pass,fail,fail,not_applicable,x - 2y - 3 = 0 或 2x - y - 9 = 0,x - 2y - 3 = 0 或 2x - y - 9 = 0,math_error|answer_mismatch|explanation_contradiction,,存储答案2x+y-11=0错误，正确解为2x-y-9=0；解析中面积公式使用错误，导致结果矛盾。,x - 2y - 3 = 0或2x + y - 11 = 0,x - 2y - 3 = 0或2x + y - 11 = 0 | x-2y-3=0或2x+y-11=0 | x - 2y - 3 = 0 或 2x + y - 11 = 0,pass,none,x - 2y - 3 = 0 或 2x - y - 9 = 0,fail,fail,not_applicable,x - 2y - 3 = 0 或 2x - y - 9 = 0,blocker,"已知圆C：x² + y² - 4x + 6y - 12 = 0，过点P(5, 1)的直线l与圆C相交于M，N两点，且△CMN的面积为4，则直线l的方程为______。"
bnu-high-ds-v1-s5-025,S5,lower,multiple-choice,Core,bnu-high-s5-直线与圆,直线与圆,选择性必修 第一册,直线与圆,fail,blocker,high,stage-c,pass,pass,fail,fail,fail,-2,-2,math_error|ambiguous_mc|explanation_contradiction,,两直线平行需满足 a(a-1)=6 且 a≠2（避免重合）。解得 a=-2 或 3，但 a=3 时两直线重合，应舍去，唯一解为 a=-2。选项 C 包含错误值 3，导致多解；解析未检验重合，解释矛盾。,-2或3,-2或3,pass,none,-2,fail,fail,fail,-2,blocker,直线l₁：ax + 3y + 1 = 0与直线l₂：2x + (a - 1)y + 1 = 0平行，则a的值为（　）。
bnu-high-ds-v1-s5-026,S5,lower,short-answer,Exam,bnu-high-s5-直线与圆,直线与圆,选择性必修 第一册,直线与圆,pass,none,high,stage-b,pass,pass,pass,pass,not_applicable,(x - 3)² + (y - 3)² = 10,,,,存储答案与独立解一致，均为(x-3)²+(y-3)²=10；解析正确。,(x - 3)² + (y - 3)² = 10,(x - 3)² + (y - 3)² = 10 | (x-3)²+(y-3)²=10,pass,none,(x - 3)² + (y - 3)² = 10,pass,pass,not_applicable,,,"已知圆C经过点A(2, 0)和B(0, 4)，且圆心在直线y = x上，求圆C的标准方程。"
bnu-high-ds-v1-s5-027,S5,lower,fill-in,Foundation,bnu-high-s5-直线与圆,直线与圆,选择性必修 第一册,直线与圆,pass,none,high,stage-b,pass,pass,pass,pass,not_applicable,1/5,,,,存储答案1/5与独立解一致；解析正确。,1/5,1/5 | 0.2,pass,none,1/5,pass,pass,not_applicable,,,"点P(2, 3)到直线3x - 4y + 5 = 0的距离为______。"
bnu-high-ds-v1-s5-028,S5,lower,multiple-choice,Challenge,bnu-high-s5-直线与圆,直线与圆,选择性必修 第一册,直线与圆,pass,none,high,stage-c,pass,pass,pass,pass,pass,"[2, 2√2)",,,,题目可解，曲线为上半圆，直线与上半圆有两个交点需满足2≤b<2√2，选项A正确且唯一，解析一致，无问题。,"[2, 2√2)","[2, 2√2)",pass,none,"[2, 2√2)",pass,pass,pass,,none,若直线y = x + b与曲线y = √(4 - x²)有两个不同的交点，则b的取值范围是（　）。
bnu-high-ds-v1-s5-029,S5,lower,short-answer,Core,bnu-high-s5-直线与圆,直线与圆,选择性必修 第一册,直线与圆,fail,blocker,high,stage-c,pass,pass,fail,pass,not_applicable,3x - 4y + 10 = 0 或 3x - 4y - 10 = 0,3x - 4y + 10 = 0 或 3x - 4y - 10 = 0,answer_mismatch,status_rationale_tension,Stage A独立解字段错误写为3x-4y+15=0或3x-4y-5=0，但其推理过程得出c=±10，正确方程应为3x-4y+10=0或3x-4y-10=0，与存储答案一致。因独立解字段与正确解不符，导致答案匹配失败，但实际数学正确，需修正独立解字段。,3x - 4y + 10 = 0或3x - 4y - 10 = 0,3x - 4y + 10 = 0或3x - 4y - 10 = 0 | 3x-4y+10=0或3x-4y-10=0 | 3x - 4y + 10 = 0 或 3x - 4y - 10 = 0,pass,none,3x - 4y + 15 = 0 或 3x - 4y - 5 = 0,fail,pass,not_applicable,3x - 4y + 10 = 0 或 3x - 4y - 10 = 0,blocker,求与直线3x - 4y + 5 = 0平行且与圆x² + y² = 4相切的直线方程。
bnu-high-ds-v1-s5-030,S5,lower,fill-in,Exam,bnu-high-s5-直线与圆,直线与圆,选择性必修 第一册,直线与圆,fail,blocker,high,stage-c,pass,pass,fail,fail,not_applicable,1/2 或 -1/2,1/2 或 -1/2,math_error|explanation_contradiction|answer_mismatch,overlong_rationale,存储答案1或-1/7错误。正确解法：圆C:(x-1)²+(y-2)²=9，设直线y=k(x-3)，由面积条件得d√(9-d²)=2√5，解得d²=4或5。d²=4时k=0或-4/3；d²=5时k=1/2或-1/2。题目未限制斜率个数，但常见填空答案取1/2或-1/2。存储答案计算有误，解析中d=√5得k=1或-1/7错误。,1或-1/7,1或-1/7 | 1 或 -1/7,pass,none,1/2 或 -1/2,fail,fail,not_applicable,1/2 或 -1/2,blocker,"已知圆C：x² + y² - 2x - 4y - 4 = 0，直线l过点A(3, 0)且与圆C相交于P，Q两点，若△CPQ的面积为2√5，则直线l的斜率为______。"
bnu-high-ds-v1-s5-031,S5,lower,multiple-choice,Foundation,bnu-high-s5-直线与圆,直线与圆,选择性必修 第一册,直线与圆,fail,blocker,high,stage-c,fail,pass,fail,fail,fail,,,math_error|bad_options|unsolvable,overlong_rationale,"题目条件矛盾：直线l方程为x+2y+4=0，AB中垂线为2x+3y+2=0，联立得圆心(8,-6)，半径√65，与所有选项均不匹配。解析中错误推导a+b=1导致虚假解(1,-2)，实际该点不在l上且圆不过A、B。题目无正确选项，不可解。",(x - 1)^2 + (y + 2)^2 = 10,(x - 1)^2 + (y + 2)^2 = 10,pass,none,A,fail,fail,fail,,blocker,"已知直线l经过点P(2, -3)，且与直线2x - y + 5 = 0垂直。若圆C的圆心在直线l上，且圆C经过点A(4, 1)和B(0, -5)，则圆C的标准方程为（ ）"
bnu-high-ds-v1-s5-032,S5,lower,short-answer,Challenge,bnu-high-s5-直线与圆,直线与圆,选择性必修 第一册,直线与圆,fail,blocker,high,stage-c,fail,pass,fail,fail,not_applicable,,,math_error|unsolvable,overlong_rationale,"题目条件矛盾：圆C圆心(3,-2)，半径√5，直线过P(2,-1)，弦中点横坐标为1。设直线斜率k，由垂径定理得k²-k+2=0无实解；斜率不存在时x=2中点横坐标2≠1。故无满足条件的直线，题目不可解。存储答案错误，解析中韦达定理计算有误。",x = 2 或 3x + 4y - 2 = 0,x = 2 或 3x + 4y - 2 = 0 | x=2 或 3x+4y-2=0,pass,none,x=2 或 3x+4y-2=0,fail,fail,not_applicable,,blocker,"已知直线 l 过点 P(2, -1)，且与圆 C: (x - 3)² + (y + 2)² = 5 相交于 A, B 两点。若弦 AB 的中点 M 的横坐标为 1，求直线 l 的方程。"
bnu-high-ds-v1-s5-033,S5,lower,fill-in,Core,bnu-high-s5-直线与圆,直线与圆,选择性必修 第一册,直线与圆,fail,blocker,high,stage-c,fail,pass,fail,fail,not_applicable,,,math_error|unsolvable|explanation_contradiction,,"点P(2,-1)在圆C内部（圆心距√2<半径√5），过圆内点无法作切线，题目无解。存储答案x=2或2x-y-5=0错误，且解析中距离计算有误，导致矛盾。",x = 2 或 2x - y - 5 = 0,x = 2 或 2x - y - 5 = 0 | x=2 或 2x-y-5=0 | x=2或2x-y-5=0,pass,none,x=2 或 3x+4y-2=0,fail,fail,not_applicable,,blocker,"已知直线 l 经过点 P(2, -1)，且与圆 C: (x - 1)² + (y + 2)² = 5 相切。求直线 l 的方程。"
bnu-high-ds-v1-s5-034,S5,lower,multiple-choice,Exam,bnu-high-s5-直线与圆,直线与圆,选择性必修 第一册,直线与圆,fail,blocker,high,stage-c,pass,pass,fail,fail,pass,y = -1,y = -1,answer_mismatch|explanation_contradiction,self_correction_language,题目可解，正确答案为 y=-1（选项B）。存储答案 x=2 错误，解释中推理矛盾且最终结论与正确解不符。选项唯一，无歧义。,x = 2,x = 2,fail,blocker,,fail,fail,fail,y = -1,blocker,"已知直线 l 过点 P(2, -1)，且与圆 C: (x-1)^2 + (y+2)^2 = 5 相交于 A, B 两点。若弦 AB 的中点 M 的横坐标为 1，则直线 l 的方程为（ ）。"
bnu-high-ds-v1-s5-035,S5,lower,short-answer,Foundation,bnu-high-s5-直线与圆,直线与圆,选择性必修 第一册,直线与圆,fail,blocker,high,stage-c,pass,pass,fail,fail,not_applicable,x + 2y = 0,x + 2y = 0,math_error|answer_mismatch|explanation_contradiction,self_correction_language,"点P(2,-1)在圆C上，切线唯一。由圆心(1,-3)到直线距离等于半径√5，解得斜率k=-1/2，切线方程为x+2y=0。存储答案x-2y-4=0和2x+y-3=0错误，解析中距离公式计算有误，平方整理应为4k²+4k+1=0，而非4k²+4k-1=0。",x - 2y - 4 = 0 或 2x + y - 3 = 0,"x - 2y - 4 = 0 或 2x + y - 3 = 0 | x-2y-4=0 或 2x+y-3=0 | x - 2y - 4 = 0, 2x + y - 3 = 0 | x-2y-4=0, 2x+y-3=0",fail,blocker,,fail,fail,not_applicable,x + 2y = 0,blocker,"已知直线 l 经过点 P(2, -1)，且与圆 C: (x - 1)² + (y + 3)² = 5 相切。求直线 l 的方程。"
bnu-high-ds-v1-s5-036,S5,lower,fill-in,Challenge,bnu-high-s5-直线与圆,直线与圆,选择性必修 第一册,直线与圆,fail,blocker,high,stage-c,fail,pass,fail,fail,not_applicable,,,math_error|unsolvable,overlong_rationale,"题目无解：圆C圆心(1,-2)半径2，点P(2,-1)在圆内。设直线l:y+1=k(x-2)，与圆联立得中点横坐标(1-k+2k²)/(1+k²)=0，即2k²-k+1=0，判别式Δ=-7<0，无实根；斜率不存在时x=2中点横坐标2≠0。故不存在满足条件的直线。存储答案x+y-1=0或x-y-3=0错误，解析中韦达定理计算有误。",x + y - 1 = 0 或 x - y - 3 = 0,"x + y - 1 = 0 或 x - y - 3 = 0 | x + y - 1 = 0, x - y - 3 = 0 | x+y-1=0 或 x-y-3=0 | x+y-1=0, x-y-3=0",pass,none,x=2 或 3x+4y-2=0,fail,fail,not_applicable,,blocker,"已知直线 l 过点 P(2, -1)，且与圆 C: (x - 1)² + (y + 2)² = 4 相交于 A, B 两点。若弦 AB 的中点 M 的横坐标为 0，求直线 l 的方程。"
bnu-high-ds-v1-s5-037,S5,lower,multiple-choice,Core,bnu-high-s5-直线与圆,直线与圆,选择性必修 第一册,直线与圆,fail,blocker,high,stage-c,pass,pass,fail,fail,pass,x - y - 3 = 0,x - y - 3 = 0,math_error|answer_mismatch|explanation_contradiction,,"圆C标准方程为(x-2)²+(y+1)²=9，圆心C(2,-1)，半径3。点P(2,-1)恰为圆心，弦AB中点M横坐标为1，由垂径定理CM⊥AB，M在直线x=1上，且CM斜率为0，故AB斜率不存在，即直线l为x=2。但选项x=2代入验证，弦中点横坐标为2，与条件矛盾。重新分析：P(2,-1)在圆内，设直线l: y+1=k(x-2)，与圆联立，利用韦达定理和中点横坐标1，解得k=1，直线为x-y-3=0。存储答案x+y-1=0错误，解析中垂径定理应用有误，导致斜率符号错误。",x + y - 1 = 0,x + y - 1 = 0,pass,none,x - y - 3 = 0,fail,fail,pass,x - y - 3 = 0,blocker,"已知直线l经过点P(2, -1)，且与圆C：x² + y² - 4x + 2y - 4 = 0相交于A、B两点。若弦AB的中点M的横坐标为1，求直线l的方程。"
bnu-high-ds-v1-s5-038,S5,lower,short-answer,Exam,bnu-high-s5-直线与圆,直线与圆,选择性必修 第一册,直线与圆,fail,blocker,high,stage-c,pass,pass,fail,fail,not_applicable,3x + 4y - 2 = 0,3x + 4y - 2 = 0,math_error|answer_mismatch|explanation_contradiction,,"圆C圆心(4,-3)，半径5，弦长8得弦心距3。直线x=2到圆心距离为2，弦长2√21≠8，不满足条件；斜率k=0时直线y=-1距离为2，也不满足。唯一解为3x+4y-2=0。存储答案和解析错误地包含了x=2，与正确解矛盾，必须修正。",x = 2 或 3x + 4y - 2 = 0,x = 2 或 3x + 4y - 2 = 0 | x=2 或 3x+4y-2=0 | x=2或3x+4y-2=0,pass,none,x = 2 或 3x + 4y - 2 = 0,fail,fail,not_applicable,3x + 4y - 2 = 0,blocker,"已知直线 l 过点 P(2, -1)，且与圆 C: (x - 4)² + (y + 3)² = 25 相交于 A, B 两点。若弦 AB 的长为 8，求直线 l 的方程。"
bnu-high-ds-v1-s5-039,S5,lower,fill-in,Foundation,bnu-high-s5-直线与圆,直线与圆,选择性必修 第一册,直线与圆,fail,blocker,high,stage-c,fail,pass,fail,fail,not_applicable,,,math_error|unsolvable|explanation_contradiction|answer_mismatch,,"点 P(2,-1) 到圆心 (1,-2) 的距离为 √2，小于半径 √5，点在圆内，无法作切线，题目条件矛盾，无解。提供的答案和解析均错误，且未发现点在圆内这一根本问题。",x = 2 或 2x - y - 5 = 0,x = 2 或 2x - y - 5 = 0 | x=2 或 2x-y-5=0 | x=2或2x-y-5=0,pass,none,x = 2 或 3x - 4y - 10 = 0,fail,fail,not_applicable,3x - 4y - 10 = 0 或 2x + y - 3 = 0,blocker,"已知直线 l 经过点 P(2, -1)，且与圆 C: (x - 1)² + (y + 2)² = 5 相切。求直线 l 的方程。"
bnu-high-ds-v1-s5-040,S5,lower,multiple-choice,Challenge,bnu-high-s5-直线与圆,直线与圆,选择性必修 第一册,直线与圆,warn,none,high,stage-c,pass,pass,pass,weak,pass,y = -x + 1,,,,题目可解，答案唯一，选项B正确。解析中垂径定理得出两个中点并舍去退化情况，过程正确但略显繁琐，与标准解法有差异，故解释匹配评为weak。无数学错误或答案不匹配，无严重问题。,y = -x + 1,y = -x + 1,pass,none,y = -x + 1,pass,weak,pass,,none,"已知直线 l 过点 P(2, -1)，且与圆 C: (x - 3)^2 + (y + 2)^2 = 5 相交于 A, B 两点。若弦 AB 的中点 M 的横坐标为 1，则直线 l 的方程是（ ）"
bnu-high-ds-v1-s5-041,S5,lower,short-answer,Core,bnu-high-s5-直线与圆,直线与圆,选择性必修 第一册,直线与圆,pass,none,high,stage-b,pass,pass,pass,pass,not_applicable,x + 2y + 4 = 0,,,,存储答案 x + 2y + 4 = 0 与 Stage A 独立解一致，解析过程正确。,x + 2y + 4 = 0,x + 2y + 4 = 0 | x+2y+4=0,pass,none,x + 2y + 4 = 0,pass,pass,not_applicable,,,"已知直线 l 经过点 P(2, -3)，且与直线 2x - y + 5 = 0 垂直，求直线 l 的一般式方程。"
bnu-high-ds-v1-s5-042,S5,lower,fill-in,Exam,bnu-high-s5-直线与圆,直线与圆,选择性必修 第一册,直线与圆,fail,blocker,high,stage-c,pass,pass,fail,fail,not_applicable,3,3,math_error|answer_mismatch|explanation_contradiction,,两直线平行需满足系数比相等且常数比不等。由 a/2 = 3/(a-1) 解得 a=3 或 a=-2。当 a=-2 时，两直线为 -2x+3y+1=0 和 2x-3y+1=0，系数比 -2/2 = 3/(-3) = -1，但常数比 1/1 = 1，两直线重合，不满足平行条件。故正确答案仅为 a=3。存储答案包含 a=-2，解析未排除重合情况，导致答案错误。,3 或 -2,3 或 -2 | 3或-2 | a=3或a=-2,pass,none,3,fail,fail,not_applicable,3,blocker,若直线 l1: ax + 3y + 1 = 0 与直线 l2: 2x + (a-1)y + 1 = 0 平行，则实数 a 的值为______。
bnu-high-ds-v1-s5-043,S5,lower,multiple-choice,Foundation,bnu-high-s5-直线与圆,直线与圆,选择性必修 第一册,直线与圆,pass,none,high,stage-b,pass,pass,pass,pass,pass,1,,,,存储答案 1 与 Stage A 独立解一致，解析计算正确。,1,1,pass,none,1,pass,pass,pass,,,圆 (x-1)² + (y+2)² = 9 的圆心到直线 3x - 4y - 6 = 0 的距离为（ ）。
bnu-high-ds-v1-s5-044,S5,lower,short-answer,Challenge,bnu-high-s5-直线与圆,直线与圆,选择性必修 第一册,直线与圆,fail,blocker,high,stage-c,pass,pass,fail,fail,not_applicable,"轨迹方程为 (x - 2.5)² + (y - 4)² = 1.25，轨迹是以(2.5,4)为圆心，√1.25为半径的圆。","轨迹方程为 (x - 2.5)² + (y - 4)² = 1.25，轨迹是以(2.5,4)为圆心，√1.25为半径的圆。",math_error|answer_mismatch|explanation_contradiction,,题目可解，符合教材范围。独立求解得半径平方为1.25，但存储答案和解析中错误地给出1.5，常数项整理有误，导致答案和解释均不匹配，属于严重数学错误。,"轨迹方程为 (x-2.5)²+(y-4)²=1.5，轨迹是以(2.5,4)为圆心、√1.5为半径的圆。","轨迹方程为 (x-2.5)²+(y-4)²=1.5，轨迹是以(2.5,4)为圆心、√1.5为半径的圆。 | (x-2.5)²+(y-4)²=1.5，轨迹是以(2.5,4)为圆心、√1.5为半径的圆。 | (x-2.5)²+(y-4)²=1.5，轨迹是以(2.5,4)为圆心、√1.5为半径的圆",pass,none,"轨迹方程为 (x - 2.5)² + (y - 4)² = 1.25，轨迹是以(2.5,4)为圆心，√1.25为半径的圆。",fail,fail,not_applicable,"轨迹方程为 (x - 2.5)² + (y - 4)² = 1.25，轨迹是以(2.5,4)为圆心，√1.25为半径的圆。",blocker,"已知点A(1,2)和点B(4,6)，动点P满足|PA|²+|PB|²=20，求动点P的轨迹方程，并说明轨迹是什么图形。"
bnu-high-ds-v1-s5-045,S5,lower,fill-in,Core,bnu-high-s5-直线与圆,直线与圆,选择性必修 第一册,直线与圆,fail,blocker,high,stage-c,pass,pass,fail,fail,not_applicable,2x + y - 5 = 0 或 x - 2y = 0,2x + y - 5 = 0 或 x - 2y = 0,math_error|missing_condition|explanation_contradiction,,"点P(2,1)在圆x²+y²=5外，应有两条切线。Stage A独立解出2x+y-5=0和x-2y=0，但存储答案仅给出2x+y-5=0，遗漏x-2y=0，且解析错误认为点P在圆上导致切线唯一，属于严重数学错误。",2x + y - 5 = 0,2x + y - 5 = 0 | 2x+y-5=0,pass,none,2x + y - 5 = 0 或 x - 2y = 0,fail,fail,not_applicable,2x + y - 5 = 0 或 x - 2y = 0,blocker,"过点P(2,1)作圆 x² + y² = 5 的切线，则切线方程为______。"
bnu-high-ds-v1-s5-046,S5,lower,multiple-choice,Exam,bnu-high-s5-直线与圆,直线与圆,选择性必修 第一册,直线与圆,pass,none,high,stage-b,pass,pass,pass,pass,pass,k ≤ -√3 或 k ≥ √3,,,,存储答案与 Stage A 独立解一致，均为 k ≤ -√3 或 k ≥ √3，解析正确使用距离公式求解，选项唯一。,k ≤ -√3 或 k ≥ √3,k ≤ -√3 或 k ≥ √3,pass,none,k ≤ -√3 或 k ≥ √3,pass,pass,pass,,,若直线 y = kx + 2 与圆 x² + y² = 1 有公共点，则实数 k 的取值范围是（ ）。
bnu-high-ds-v1-s5-047,S5,lower,short-answer,Foundation,bnu-high-s5-直线与圆,直线与圆,选择性必修 第一册,直线与圆,fail,blocker,high,stage-c,pass,pass,fail,fail,not_applicable,4x + 3y - 11 = 0,4x + 3y - 11 = 0,math_error|explanation_contradiction,,"交点(1,1)正确，垂直斜率-4/3正确，但代入点斜式y-1=-4/3(x-1)后化简错误，正确结果应为4x+3y-11=0，而非4x+3y-7=0。答案与解析均错误，需修正。",4x + 3y - 7 = 0,4x + 3y - 7 = 0 | 4x+3y-7=0,pass,none,4x + 3y - 11 = 0,fail,fail,not_applicable,4x + 3y - 11 = 0,blocker,已知直线 l 经过两条直线 2x - 3y + 1 = 0 和 x + y - 2 = 0 的交点，且与直线 3x - 4y + 5 = 0 垂直，求直线 l 的方程。
bnu-high-ds-v1-s5-048,S5,lower,fill-in,Challenge,bnu-high-s5-直线与圆,直线与圆,选择性必修 第一册,直线与圆,fail,blocker,high,stage-c,pass,pass,fail,fail,not_applicable,k = 0 或 k = 4/3,k = 0 或 k = 4/3,math_error|answer_mismatch|explanation_contradiction,,"题目圆C为(x-3)²+(y-4)²=4，直线过A(1,0)。Stage A独立解得斜率k=0或k=4/3，正确。存储答案“1或1/7”错误，且解析中圆心误为(2,1)、直线方程误为y-1=kx，与题目条件不符，导致结果错误。判定为严重数学错误，答案不匹配，解释矛盾。",1 或 1/7,1 或 1/7 | 1或1/7,pass,none,k = 0 或 k = 4/3,fail,fail,not_applicable,k = 0 或 k = 4/3,blocker,"已知圆C: (x-3)² + (y-4)² = 4，直线l过点A(1,0)。若l与圆C相交所得的弦长为2√3，则直线l的斜率为______。"
bnu-high-ds-v1-s5-049,S5,lower,multiple-choice,Core,bnu-high-s5-直线与圆,直线与圆,选择性必修 第一册,直线与圆,pass,none,high,stage-b,pass,pass,pass,pass,pass,"(2, -3), 5",,,,"存储答案与 Stage A 独立解一致，均为 (2, -3), 5，解析正确配方，选项唯一。","(2, -3), 5","(2, -3), 5",pass,none,"(2, -3), 5",pass,pass,pass,,,圆 x² + y² - 4x + 6y - 12 = 0 的圆心坐标和半径分别为（ ）。
bnu-high-ds-v1-s5-050,S5,lower,short-answer,Exam,bnu-high-s5-直线与圆,直线与圆,选择性必修 第一册,直线与圆,pass,none,high,stage-b,pass,pass,pass,pass,not_applicable,2√5,,,,存储答案与 Stage A 独立解一致，均为 2√5，解析正确计算圆心到直线距离为 0，弦长为直径。,2√5,2√5,pass,none,2√5,pass,pass,not_applicable,,,已知直线 l: x - 2y + 3 = 0 与圆 C: x² + y² - 2x - 4y = 0 相交于 A、B 两点，求弦 AB 的长度。
bnu-high-ds-v1-s5-051,S5,lower,fill-in,Foundation,bnu-high-s5-直线与圆,直线与圆,选择性必修 第一册,直线与圆,pass,none,high,stage-b,pass,pass,pass,pass,not_applicable,4x + 3y - 5 = 0,,,,存储答案与 Stage A 独立解一致，均为 4x+3y-5=0，解析正确使用垂直斜率关系和点斜式。,4x + 3y - 5 = 0,4x + 3y - 5 = 0 | 4x+3y-5=0,pass,none,4x + 3y - 5 = 0,pass,pass,not_applicable,,,"已知直线 l 经过点 P(2, -1)，且与直线 3x - 4y + 5 = 0 垂直。求直线 l 的方程，写成一般式。"
bnu-high-ds-v1-s5-052,S5,lower,multiple-choice,Challenge,bnu-high-s5-直线与圆,直线与圆,选择性必修 第一册,直线与圆,pass,none,high,stage-b,pass,pass,pass,pass,pass,k = -2 或 k = 1/2,,,,存储答案与 Stage A 独立解一致，均为 k=-2 或 k=1/2，解析正确使用相切条件求解，选项唯一。,k = -2 或 k = 1/2,k = -2 或 k = 1/2,pass,none,k = -2 或 k = 1/2,pass,pass,pass,,,已知圆 C: x² + y² - 4x + 6y - 12 = 0，直线 l: y = kx + 3。若直线 l 与圆 C 相切，则实数 k 的值为（ ）。
bnu-high-ds-v1-s5-053,S5,lower,short-answer,Core,bnu-high-s5-直线与圆,直线与圆,选择性必修 第一册,直线与圆,pass,none,high,stage-b,pass,pass,pass,pass,not_applicable,3x + 4y - 23 = 0,,,,存储答案与独立解一致，均为3x+4y-23=0，解析正确。,3x + 4y - 23 = 0,3x + 4y - 23 = 0 | 3x+4y-23=0,pass,none,3x + 4y - 23 = 0,pass,pass,not_applicable,,,"已知点 A(1, 2) 和点 B(4, 6)，求线段 AB 的垂直平分线的方程，写成一般式。"
bnu-high-ds-v1-s5-054,S5,lower,fill-in,Exam,bnu-high-s5-直线与圆,直线与圆,选择性必修 第一册,直线与圆,fail,blocker,high,stage-c,pass,pass,fail,fail,not_applicable,(x - 2)^2 + (y - 3)^2 = 5,(x - 2)^2 + (y - 3)^2 = 5,math_error|answer_mismatch|explanation_contradiction,,"存储答案错误。代入三点A(1,1)、B(3,-1)、C(5,3)求解，正确圆心为(2,3)，半径平方为5，标准方程为(x-2)^2+(y-3)^2=5。解析中D/E/F值错误，导致最终答案不符。",(x - 4)² + (y - 1)² = 10,(x - 4)² + (y - 1)² = 10 | (x-4)^2+(y-1)^2=10,pass,none,(x - 2)^2 + (y - 3)^2 = 5,fail,fail,not_applicable,(x - 2)^2 + (y - 3)^2 = 5,blocker,"已知圆 C 经过点 A(1, 1)、B(3, -1) 和 C(5, 3)。求圆 C 的标准方程。"
bnu-high-ds-v1-s5-055,S5,lower,multiple-choice,Foundation,bnu-high-s5-直线与圆,直线与圆,选择性必修 第一册,直线与圆,pass,none,high,stage-b,pass,pass,pass,pass,pass,a = 2 或 a = -3,,,,存储答案与独立解一致，均为a=2或a=-3，解析正确，选项唯一。,a = 2 或 a = -3,a = 2 或 a = -3,pass,none,a = 2 或 a = -3,pass,pass,pass,,,直线 l₁: ax + 2y - 1 = 0 与直线 l₂: 3x + (a+1)y + 2 = 0 平行，则实数 a 的值为（ ）。
bnu-high-ds-v1-s5-056,S5,lower,short-answer,Challenge,bnu-high-s5-直线与圆,直线与圆,选择性必修 第一册,直线与圆,fail,blocker,high,stage-c,pass,pass,fail,fail,not_applicable,±√2/2,±√2/2,math_error|answer_mismatch|explanation_contradiction,,题目可解，符合BNU教材范围。独立求解得斜率k=±√2/2，而存储答案±√3/3错误，解析中距离方程9k²/(k²+1)=1解得k²=1/3有误，正确应为k²=1/2。答案不匹配，解释矛盾，严重错误。,±√3/3,±√3/3 | 正负三分之根号三,pass,none,±√2/2,fail,fail,not_applicable,±√2/2,blocker,"已知圆 C: x² + y² = 4，直线 l 过点 P(3, 0) 且与圆 C 相交于 A、B 两点。若 |AB| = 2√3，求直线 l 的斜率。"
bnu-high-ds-v1-s5-057,S5,lower,fill-in,Core,bnu-high-s5-直线与圆,直线与圆,选择性必修 第一册,直线与圆,pass,none,high,stage-b,pass,pass,pass,pass,not_applicable,m = 2 或 m = -38,,,,存储答案与独立解一致，均为m=2或m=-38，解析正确。,m = -38 或 m = 2,m = -38 或 m = 2 | m=-38或m=2,pass,none,m = 2 或 m = -38,pass,pass,not_applicable,,,"已知点 P(2, 3) 到直线 l: 3x + 4y + m = 0 的距离为 4，则实数 m 的值为______。"
bnu-high-ds-v1-s5-058,S5,lower,multiple-choice,Exam,bnu-high-s5-直线与圆,直线与圆,选择性必修 第一册,直线与圆,pass,none,high,stage-b,pass,pass,pass,pass,pass,0,,,,存储答案与独立解一致，均为0，解析正确，选项唯一。,0,0,pass,none,0,pass,pass,pass,,,已知圆 C₁: x² + y² = 9 与圆 C₂: (x - a)² + (y - 2)² = 4 相切，则实数 a 的所有可能取值之和为（ ）。
bnu-high-ds-v1-s5-059,S5,lower,short-answer,Foundation,bnu-high-s5-直线与圆,直线与圆,选择性必修 第一册,直线与圆,pass,none,high,stage-b,pass,pass,pass,pass,not_applicable,x + y - 3 = 0 或 2x - y = 0,,,,存储答案与独立解一致，均为x+y-3=0或2x-y=0，解析正确。,x + y - 3 = 0 或 2x - y = 0,x + y - 3 = 0 或 2x - y = 0 | x+y-3=0或2x-y=0,pass,none,x + y - 3 = 0 或 2x - y = 0,pass,pass,not_applicable,,,"已知直线 l 经过点 (1, 2)，且在两坐标轴上的截距相等，求直线 l 的方程。"
bnu-high-ds-v1-s5-060,S5,lower,fill-in,Challenge,bnu-high-s5-直线与圆,直线与圆,选择性必修 第一册,直线与圆,fail,blocker,high,stage-c,pass,pass,fail,fail,not_applicable,m = -1/3,m = -1/3,math_error|answer_mismatch|explanation_contradiction,,"直线过定点P(2,1)，圆心C(1,-2)，CP斜率3，当CP⊥l时弦最短，故l斜率m满足3m=-1，得m=-1/3。存储答案m=-1错误，解析中垂直条件计算有误，导致答案与解析矛盾。",m = -1,m = -1 | m=-1,pass,none,m = -1,fail,fail,not_applicable,m = -1/3,blocker,已知圆 C: (x - 1)² + (y + 2)² = 9，直线 l: mx - y + 1 - 2m = 0。若直线 l 被圆 C 截得的弦长最短，则实数 m 的值为______。
bnu-high-ds-v1-s5-061,S5,lower,multiple-choice,Core,bnu-high-s5-直线与圆,直线与圆,选择性必修 第一册,直线与圆,pass,none,high,stage-b,pass,pass,pass,pass,pass,x + 2y = 0,,,,存储答案与独立解一致，均为x+2y=0，解析正确，选项唯一。,x + 2y = 0,x + 2y = 0,pass,none,x + 2y = 0,pass,pass,pass,,,"已知直线 l 经过点 P(2, -1)，且与直线 2x - y + 3 = 0 垂直，则 l 的方程为（ ）"
bnu-high-ds-v1-s5-062,S5,lower,short-answer,Exam,bnu-high-s5-直线与圆,直线与圆,选择性必修 第一册,直线与圆,fail,blocker,high,stage-c,pass,pass,fail,fail,not_applicable,(x-2)^2 + (y-1)^2 = 1,(x-2)^2 + (y-1)^2 = 1,math_error|answer_mismatch|explanation_contradiction,status_rationale_tension,"圆心(2,1)正确，但半径计算错误：|CA|=√[(2-1)^2+(1-2)^2]=√2，实际应为√2，但独立解误算为1。重新计算：A(1,2)到圆心(2,1)距离=√[(1-2)^2+(2-1)^2]=√(1+1)=√2，故半径r=√2，标准方程应为(x-2)^2+(y-1)^2=2。存储答案正确，独立解错误。因此答案匹配失败，解释中半径r=√2与独立解矛盾，但存储答案与解释一致。最终判定存储答案正确，独立解错误，需修正独立解。",(x - 2)^2 + (y - 1)^2 = 2,(x - 2)^2 + (y - 1)^2 = 2,pass,none,(x-2)^2 + (y-1)^2 = 1,fail,fail,not_applicable,(x-2)^2 + (y-1)^2 = 1,blocker,"已知圆 C 的圆心在直线 2x - y - 3 = 0 上，且经过点 A(1, 2) 和 B(3, 4)。求圆 C 的标准方程。"
bnu-high-ds-v1-s5-063,S5,lower,fill-in,Foundation,bnu-high-s5-直线与圆,直线与圆,选择性必修 第一册,直线与圆,fail,blocker,high,stage-c,pass,pass,fail,fail,not_applicable,k = -1 或 k = -21,k = -1 或 k = -21,math_error|answer_mismatch|explanation_contradiction,,"点(1,2)到直线3x+4y+k=0的距离为|3*1+4*2+k|/5=|11+k|/5=2，解得|11+k|=10，k=-1或k=-21。存储答案1或-19错误，解析中|11+k|=10却得出k=-1或-21，与存储答案矛盾。题目可解，RAG匹配，但答案和解析均错误，需修正。",1 或 -19,1 或 -19 | 1或-19 | k=1 或 k=-19,pass,none,k = -1 或 k = -21,fail,fail,not_applicable,k = -1 或 k = -21,blocker,"点 P(1, 2) 到直线 3x + 4y + k = 0 的距离为 2，则 k = ______。"
bnu-high-ds-v1-s5-064,S5,lower,multiple-choice,Challenge,bnu-high-s5-直线与圆,直线与圆,选择性必修 第一册,直线与圆,pass,none,high,stage-b,pass,pass,pass,pass,pass,"(-∞, -√3) ∪ (√3, +∞)",,,,"存储答案与独立解一致，均为(-∞, -√3) ∪ (√3, +∞)，解析正确，选项唯一。","(-∞, -√3) ∪ (√3, +∞)","(-∞, -√3) ∪ (√3, +∞)",pass,none,"(-∞, -√3) ∪ (√3, +∞)",pass,pass,pass,,,若直线 y = kx + 2 与圆 x^2 + y^2 = 1 相交于两个不同的点，则实数 k 的取值范围是（ ）
bnu-high-ds-v1-s5-065,S5,lower,short-answer,Core,bnu-high-s5-直线与圆,直线与圆,选择性必修 第一册,直线与圆,pass,none,high,stage-b,pass,pass,pass,pass,not_applicable,x = 1 或 3x - 4y + 5 = 0,,,,存储答案与独立解一致，均为x=1或3x-4y+5=0，解析正确。,3x - 4y + 5 = 0 或 x = 1,3x - 4y + 5 = 0 或 x = 1 | 3x-4y+5=0 或 x=1,pass,none,x = 1 或 3x - 4y + 5 = 0,pass,pass,not_applicable,,,"已知直线 l 过点 M(1, 2)，且与圆 x^2 + y^2 = 1 相切，求直线 l 的方程。"
bnu-high-ds-v1-s5-066,S5,lower,fill-in,Exam,bnu-high-s5-直线与圆,直线与圆,选择性必修 第一册,直线与圆,fail,blocker,high,stage-c,pass,pass,fail,fail,not_applicable,8/5,8/5,math_error|answer_mismatch|explanation_contradiction,,"圆心(2,-3)到直线3x+4y-2=0的距离为|3*2+4*(-3)-2|/5=8/5，但存储答案为2，解析中计算得8/5却给出2，答案错误且与解析矛盾。",2,2,pass,none,4,fail,fail,not_applicable,8/5,blocker,圆 x^2 + y^2 - 4x + 6y - 3 = 0 的圆心到直线 3x + 4y - 2 = 0 的距离为 ______。
bnu-high-ds-v1-s5-067,S5,lower,multiple-choice,Foundation,bnu-high-s5-直线与圆,直线与圆,选择性必修 第一册,直线与圆,pass,none,high,stage-b,pass,pass,pass,pass,pass,y = 1 或 3x + 4y - 4 = 0,,,,存储答案与独立解一致，均为y=1或3x+4y-4=0，解析正确，选项唯一。,y = 1 或 3x + 4y - 4 = 0,y = 1 或 3x + 4y - 4 = 0,pass,none,y = 1 或 3x + 4y - 4 = 0,pass,pass,pass,,,"过点 A(0, 1) 且与圆 x^2 + y^2 - 2x = 0 相切的直线方程为（ ）"
bnu-high-ds-v1-s5-068,S5,lower,short-answer,Challenge,bnu-high-s5-直线与圆,直线与圆,选择性必修 第一册,直线与圆,fail,blocker,high,stage-c,pass,pass,fail,fail,not_applicable,x + 3y - 25 = 0,x + 3y - 25 = 0,math_error|answer_mismatch|explanation_contradiction,,题目可解，符合教材范围。独立求解得直线方程为 x+3y-25=0，但存储答案为 x+y-11=0，且解析中正确推导出 x+3y-25=0 却给出错误答案，存在答案不匹配和解释矛盾，属于严重错误。,x + y - 11 = 0,x + y - 11 = 0,pass,none,x + y - 11 = 0,fail,fail,not_applicable,x + 3y - 25 = 0,blocker,"已知圆 C: x^2 + y^2 - 6x - 8y + 21 = 0，直线 l 过点 P(4, 7) 且与圆 C 交于 A、B 两点，当弦长 |AB| 最小时，求直线 l 的方程。"
bnu-high-ds-v1-s5-069,S5,lower,fill-in,Core,bnu-high-s5-直线与圆,直线与圆,选择性必修 第一册,直线与圆,fail,blocker,high,stage-c,pass,pass,fail,fail,not_applicable,m = 0 或 m = -2,m = 0 或 m = -2,math_error|answer_mismatch|explanation_contradiction,,独立求解得 m=0 或 m=-2，存储答案为 0 或 -4，答案错误；解析使用圆心到直线距离方法错误，与正确解法矛盾。,0 或 -4,0 或 -4 | 0或-4 | m=0 或 m=-4,pass,none,m = 0 或 m = -2,fail,fail,not_applicable,m = 0 或 m = -2,blocker,若直线 x - 2y + m = 0 与圆 x^2 + y^2 - 2x - 4y = 0 相交于 P、Q 两点，且 OP ⊥ OQ（O 为坐标原点），则 m = ______。
bnu-high-ds-v1-s5-070,S5,lower,multiple-choice,Exam,bnu-high-s5-直线与圆,直线与圆,选择性必修 第一册,直线与圆,pass,none,high,stage-b,pass,pass,pass,pass,pass,-3/4,,,,答案-3/4与独立解一致，解析正确，选项唯一。,-3/4,-3/4,pass,none,-3/4,pass,pass,pass,,,已知圆 C: (x - 1)^2 + (y + 2)^2 = 9，直线 l: (2m + 1)x + (m + 1)y - 7m - 4 = 0 (m ∈ R)。则直线 l 被圆 C 截得的弦长最短时，m 的值为（ ）
bnu-high-ds-v1-s5-071,S5,lower,short-answer,Foundation,bnu-high-s5-直线与圆,直线与圆,选择性必修 第一册,直线与圆,pass,none,high,stage-b,pass,pass,pass,pass,not_applicable,4x + 3y - 5 = 0,,,,答案4x+3y-5=0与独立解一致，解析正确。,4x + 3y - 5 = 0,4x + 3y - 5 = 0 | 4x+3y-5=0,pass,none,4x + 3y - 5 = 0,pass,pass,not_applicable,,,"已知直线 l 经过点 P(2, -1)，且与直线 3x - 4y + 5 = 0 垂直。求直线 l 的一般式方程。"
bnu-high-ds-v1-s5-072,S5,lower,fill-in,Challenge,bnu-high-s5-直线与圆,直线与圆,选择性必修 第一册,直线与圆,fail,blocker,high,stage-c,pass,pass,fail,fail,not_applicable,k = 0 或 k = 3/4,k = 0 或 k = 3/4,math_error|explanation_contradiction,,"圆C标准方程为(x-2)^2+(y+1)^2=9，圆心(2,-1)，半径3。弦长2√3得弦心距√6。直线y=kx+2化为kx-y+2=0，点到直线距离|2k+1+2|/√(k^2+1)=√6，解得k=0或k=3/4。存储答案0或-4/3错误，解析中距离公式计算错误导致结果矛盾，故判定为blocker。",0 或 -4/3,0 或 -4/3 | 0或-4/3 | k=0或k=-4/3,pass,none,k = 0 或 k = 3/4,fail,fail,not_applicable,k = 0 或 k = 3/4,blocker,若直线 l: y = kx + 2 与圆 C: x^2 + y^2 - 4x + 2y - 4 = 0 相交于 A、B 两点，且弦 AB 的长为 2√3，则实数 k 的值为______。
bnu-high-ds-v1-s5-073,S5,lower,multiple-choice,Core,bnu-high-s5-圆锥曲线,圆锥曲线,选择性必修 第一册,圆锥曲线,fail,blocker,high,stage-c,pass,pass,fail,fail,pass,5/4,5/4,math_error|explanation_contradiction,,"椭圆焦点F1(-2,0),F2(2,0)，由PF1⊥PF2得x^2+y^2=4，与椭圆方程联立解得y^2=25/16，故|y|=5/4。存储答案5/3错误，解析中消元计算有误，导致答案矛盾。",5/3,5/3,pass,none,5/4,fail,fail,pass,5/4,blocker,椭圆 x^2/9 + y^2/5 = 1 的焦点为 F1、F2，点 P 在椭圆上，若 PF1 ⊥ PF2，则点 P 到 x 轴的距离为（ ）
bnu-high-ds-v1-s5-074,S5,lower,short-answer,Exam,bnu-high-s5-圆锥曲线,圆锥曲线,选择性必修 第一册,圆锥曲线,fail,blocker,high,stage-c,pass,pass,fail,fail,not_applicable,x^2 - y^2/4 = 1,x^2 - y^2/4 = 1,math_error|answer_mismatch|explanation_contradiction,,"渐近线 y=2x 得 b=2a，焦点 (c,0) 到渐近线距离 |2c|/√5=2，解得 c=√5。由 c²=a²+b²=5a² 得 a²=1，b²=4，正确方程为 x² - y²/4 = 1。存储答案 x²/5 - y²/20 = 1 错误，解析中 c 值计算矛盾，导致答案不匹配。",x^2/5 - y^2/20 = 1,x^2/5 - y^2/20 = 1 | x^2/5-y^2/20=1,pass,none,x^2 - y^2/4 = 1,fail,fail,not_applicable,x^2 - y^2/4 = 1,blocker,"已知双曲线 C: x^2/a^2 - y^2/b^2 = 1 (a>0, b>0) 的一条渐近线方程为 y = 2x，且其一个焦点到该渐近线的距离为 2。求双曲线 C 的标准方程。"
bnu-high-ds-v1-s5-075,S5,lower,fill-in,Foundation,bnu-high-s5-圆锥曲线,圆锥曲线,选择性必修 第一册,圆锥曲线,pass,none,high,stage-b,pass,pass,pass,pass,not_applicable,3,,,,答案3与独立解一致，解析正确。,3,3 | x=3,pass,none,3,pass,pass,not_applicable,,,抛物线 y^2 = 8x 上一点 M 到焦点的距离为 5，则点 M 的横坐标为______。
bnu-high-ds-v1-s5-076,S5,lower,multiple-choice,Challenge,bnu-high-s5-圆锥曲线,圆锥曲线,选择性必修 第一册,圆锥曲线,pass,none,high,stage-b,pass,pass,pass,pass,pass,4k^2 + 3 = 2m^2,,,,答案4k^2+3=2m^2与独立解一致，解析正确，选项唯一。,4k^2 + 3 = 2m^2,4k^2 + 3 = 2m^2,pass,none,4k^2 + 3 = 2m^2,pass,pass,pass,,,已知椭圆 C: x^2/4 + y^2/3 = 1，直线 l: y = kx + m 与椭圆 C 交于 A、B 两点，且以 AB 为直径的圆经过坐标原点 O。则下列结论正确的是（ ）
bnu-high-ds-v1-s5-077,S5,lower,short-answer,Core,bnu-high-s5-圆锥曲线,圆锥曲线,选择性必修 第一册,圆锥曲线,pass,none,high,stage-c,pass,pass,pass,pass,not_applicable,x^2/4 - y^2/8 = 1,,,,题目可解，独立解与存储答案一致，解析过程正确，无数学错误或矛盾，符合BNU教材范围。,x^2/4 - y^2/8 = 1,x^2/4 - y^2/8 = 1 | x^2/4-y^2/8=1,pass,none,x^2/4 - y^2/8 = 1,pass,pass,not_applicable,,none,"已知双曲线 x^2/a^2 - y^2/b^2 = 1 (a>0, b>0) 的离心率为 √3，右焦点为 F，过 F 作垂直于 x 轴的直线交双曲线于 A、B 两点，若 △OAB 的面积为 8√2（O 为坐标原点），求双曲线的标准方程。"
bnu-high-ds-v1-s5-078,S5,lower,fill-in,Exam,bnu-high-s5-圆锥曲线,圆锥曲线,选择性必修 第一册,圆锥曲线,fail,blocker,high,stage-c,pass,pass,fail,fail,not_applicable,6,6,math_error|answer_mismatch|explanation_contradiction,,题目可解，独立求解得 p=6。存储答案为 4，与正确结果 6 不符；解析过程推导出 p=6，却给出错误答案 4，存在答案错误和解释矛盾。,4,4 | p=4,pass,none,3,fail,fail,not_applicable,6,blocker,已知抛物线 C: y^2 = 2px (p>0) 的焦点为 F，过 F 且倾斜角为 60° 的直线交 C 于 A、B 两点，若 |AB| = 16，则 p 的值为______。
bnu-high-ds-v1-s5-079,S5,lower,multiple-choice,Foundation,bnu-high-s5-圆锥曲线,圆锥曲线,选择性必修 第一册,圆锥曲线,pass,none,high,stage-b,pass,pass,pass,pass,pass,3√3,,,,存储答案3√3与独立解一致，且为唯一正确选项；解析正确。,3√3,3√3,pass,none,3√3,pass,pass,pass,,,已知椭圆 C: x^2/16 + y^2/9 = 1 的左、右焦点分别为 F1、F2，点 P 在椭圆上，若 ∠F1PF2 = 60°，则 △F1PF2 的面积为（ ）
bnu-high-ds-v1-s5-080,S5,lower,short-answer,Challenge,bnu-high-s5-圆锥曲线,圆锥曲线,选择性必修 第一册,圆锥曲线,fail,blocker,high,stage-c,pass,pass,fail,fail,not_applicable,x^2/(6√2) + y^2/(3√2) = 1,x^2/(6√2) + y^2/(3√2) = 1,math_error|answer_mismatch|explanation_contradiction,overlong_rationale,独立求解得椭圆方程为 x^2/(6√2) + y^2/(3√2) = 1，而存储答案为 x^2/8 + y^2/4 = 1，且解析声称解得 a^2=8，与计算矛盾，存在数学错误，答案不匹配。,x^2/8 + y^2/4 = 1,x^2/8 + y^2/4 = 1 | x^2/8+y^2/4=1,pass,none,x^2/8 + y^2/4 = 1,fail,fail,not_applicable,x^2/(6√2) + y^2/(3√2) = 1,blocker,已知椭圆 C: x^2/a^2 + y^2/b^2 = 1 (a>b>0) 的离心率为 √2/2，右焦点为 F，上顶点为 A，直线 AF 与椭圆 C 交于另一点 B，且 △AOB 的面积为 2√2（O 为坐标原点）。求椭圆 C 的标准方程。
bnu-high-ds-v1-s5-081,S5,lower,fill-in,Core,bnu-high-s5-圆锥曲线,圆锥曲线,选择性必修 第一册,圆锥曲线,pass,none,high,stage-b,pass,pass,pass,pass,not_applicable,x^2/25 + y^2/16 = 1,,,,存储答案 x^2/25 + y^2/16 = 1 与独立解一致；解析正确。,x^2/25 + y^2/16 = 1,x^2/25 + y^2/16 = 1,pass,none,x^2/25 + y^2/16 = 1,pass,pass,not_applicable,,,已知椭圆C的中心在原点，焦点在x轴上，长轴长为10，离心率为3/5。求椭圆C的标准方程。
bnu-high-ds-v1-s5-082,S5,lower,multiple-choice,Exam,bnu-high-s5-圆锥曲线,圆锥曲线,选择性必修 第一册,圆锥曲线,pass,none,high,stage-b,pass,pass,pass,pass,pass,x^2 - y^2/4 = 1,,,,存储答案 x^2 - y^2/4 = 1 与独立解一致，且为唯一正确选项；解析正确。,x^2 - y^2/4 = 1,x^2 - y^2/4 = 1,pass,none,x^2 - y^2/4 = 1,pass,pass,pass,,,"已知双曲线的一条渐近线方程为y=2x，且经过点(1,0)。则该双曲线的标准方程可能是下列哪一个？"
bnu-high-ds-v1-s5-083,S5,lower,short-answer,Foundation,bnu-high-s5-圆锥曲线,圆锥曲线,选择性必修 第一册,圆锥曲线,pass,none,high,stage-b,pass,pass,pass,pass,not_applicable,3,,,,存储答案3与独立解一致；解析正确。,3,3,pass,none,3,pass,pass,not_applicable,,,已知抛物线y^2=8x的焦点为F，点P在抛物线上，且|PF|=5。求点P的横坐标。
bnu-high-ds-v1-s5-084,S5,lower,fill-in,Challenge,bnu-high-s5-圆锥曲线,圆锥曲线,选择性必修 第一册,圆锥曲线,pass,none,high,stage-b,pass,pass,pass,pass,not_applicable,30/7,,,,存储答案30/7与独立解一致；解析正确。,30/7,30/7,pass,none,30/7,pass,pass,not_applicable,,,已知椭圆x^2/9 + y^2/5 = 1的右焦点为F，过F且倾斜角为45°的直线与椭圆交于A、B两点。求弦AB的长度。
bnu-high-ds-v1-s5-085,S5,lower,multiple-choice,Core,bnu-high-s5-圆锥曲线,圆锥曲线,选择性必修 第一册,圆锥曲线,fail,blocker,high,stage-c,pass,pass,fail,fail,pass,2,2,math_error|explanation_contradiction,status_rationale_tension,题目可解，RAG匹配安全。独立求解得a=2，与存储答案一致。但解析中设a=2t，由t=2错误得出a=4，与正确答案矛盾，存在数学错误和解释矛盾，需修正解析。,2,2,pass,none,2,fail,fail,pass,2,blocker,"已知双曲线x^2/a^2 - y^2/b^2 = 1 (a>0,b>0)的离心率为√5/2，且右焦点到渐近线的距离为2。则a的值为？"
bnu-high-ds-v1-s5-086,S5,lower,short-answer,Exam,bnu-high-s5-圆锥曲线,圆锥曲线,选择性必修 第一册,圆锥曲线,pass,none,high,stage-b,pass,pass,pass,pass,not_applicable,3,,,,答案3与Stage A一致，解析过程正确，无问题。,3,3,pass,none,3,pass,pass,not_applicable,,,已知抛物线C: y^2=4x的焦点为F，准线为l。点P在C上，过P作l的垂线，垂足为Q。若△PQF为等边三角形，求点P的横坐标。
bnu-high-ds-v1-s5-087,S5,lower,fill-in,Foundation,bnu-high-s5-圆锥曲线,圆锥曲线,选择性必修 第一册,圆锥曲线,pass,none,high,stage-b,pass,pass,pass,pass,not_applicable,x²/9 + y²/5 = 1,,,,答案x²/9+y²/5=1与Stage A一致，解析正确。,x^2/9 + y^2/5 = 1,x^2/9 + y^2/5 = 1,pass,none,x²/9 + y²/5 = 1,pass,pass,not_applicable,,,"已知椭圆的一个焦点为F(2,0)，且椭圆经过点P(0,√5)。求该椭圆的标准方程（焦点在x轴上）。"
bnu-high-ds-v1-s5-088,S5,lower,multiple-choice,Challenge,bnu-high-s5-圆锥曲线,圆锥曲线,选择性必修 第一册,圆锥曲线,warn,minor,high,stage-c,pass,pass,pass,weak,pass,1,,explanation_contradiction,,题目可解，答案1正确，选项唯一。但解析推导不完整，未明确解出a=1，存在逻辑跳跃，解释与正确解法有差距。,1,1,pass,none,1,pass,weak,pass,,minor,"已知双曲线x^2/a^2 - y^2/b^2 = 1 (a>0,b>0)的左、右焦点分别为F1、F2，点P在双曲线右支上，且PF1⊥PF2。若△PF1F2的面积为9，且b=3，则a的值为？"
bnu-high-ds-v1-s5-089,S5,lower,short-answer,Core,bnu-high-s5-圆锥曲线,圆锥曲线,选择性必修 第一册,圆锥曲线,fail,blocker,high,stage-c,pass,pass,fail,fail,not_applicable,k = 1,k = 1,math_error|explanation_contradiction,,题目可解，符合教材范围。Stage A 独立求解得 k=1，而存储答案 k=-2 或 1/2 错误。解析中化简过程有误，导致错误结果，且与正确解法矛盾。,k = -2 或 k = 1/2,k = -2 或 k = 1/2,pass,none,k = 1,fail,fail,not_applicable,k = 1,blocker,已知直线l: y = kx + 2与抛物线C: y^2 = 8x交于A、B两点，且以AB为直径的圆经过坐标原点O。求实数k的值。
bnu-high-ds-v1-s5-090,S5,lower,fill-in,Exam,bnu-high-s5-圆锥曲线,圆锥曲线,选择性必修 第一册,圆锥曲线,pass,none,high,stage-b,pass,pass,pass,pass,not_applicable,3x + 4y - 7 = 0,,,,答案3x+4y-7=0与Stage A一致，解析正确。,3x + 4y - 7 = 0,3x + 4y - 7 = 0,pass,none,3x + 4y - 7 = 0,pass,pass,not_applicable,,,"已知椭圆C: x^2/4 + y^2/3 = 1，过点P(1,1)的直线与椭圆交于A、B两点，且P为弦AB的中点。求该直线的方程。"
bnu-high-ds-v1-s5-091,S5,lower,multiple-choice,Foundation,bnu-high-s5-圆锥曲线,圆锥曲线,选择性必修 第一册,圆锥曲线,pass,none,high,stage-b,pass,pass,pass,pass,pass,x^2/25 + y^2/9 = 1,,,,答案x²/25+y²/9=1与Stage A一致，解析正确。,x^2/25 + y^2/9 = 1,x^2/25 + y^2/9 = 1,pass,none,x^2/25 + y^2/9 = 1,pass,pass,pass,,,已知椭圆C的焦点在x轴上，长轴长为10，短轴长为6，则椭圆C的标准方程为
bnu-high-ds-v1-s5-092,S5,lower,short-answer,Challenge,bnu-high-s5-圆锥曲线,圆锥曲线,选择性必修 第一册,圆锥曲线,fail,blocker,high,stage-c,pass,pass,fail,fail,not_applicable,x²/9 - y²/16 = 1,x²/9 - y²/16 = 1,math_error|answer_mismatch|explanation_contradiction,,题目可解，符合BNU圆锥曲线范围。Stage A独立解得x²/9 - y²/16 = 1，正确。存储答案x^2/9 - y^2/16 = 1正确，但解析过程错误得出y²/16 - x²/9 = 1，与答案矛盾且数学推导有误，构成严重错误。,x^2/9 - y^2/16 = 1,x^2/9 - y^2/16 = 1,pass,none,x²/9 - y²/16 = 1,fail,fail,not_applicable,x²/9 - y²/16 = 1,blocker,"已知双曲线经过点(3, 4√2)，且其渐近线方程为y = ±(4/3)x，求该双曲线的标准方程。"
bnu-high-ds-v1-s5-093,S5,lower,fill-in,Core,bnu-high-s5-圆锥曲线,圆锥曲线,选择性必修 第一册,圆锥曲线,pass,none,high,stage-b,pass,pass,pass,pass,not_applicable,4,,,,存储答案4与独立解一致，解析正确且无矛盾。,4,4,pass,none,4,pass,pass,not_applicable,,,抛物线y^2 = 2px (p>0)上一点M到焦点的距离为5，到y轴的距离为3，则p = ______。
bnu-high-ds-v1-s5-094,S5,lower,multiple-choice,Exam,bnu-high-s5-圆锥曲线,圆锥曲线,选择性必修 第一册,圆锥曲线,pass,none,high,stage-b,pass,pass,pass,pass,pass,b^2,,,,存储答案b^2与独立解一致，解析正确，选项唯一。,b^2,b^2,pass,none,b^2,pass,pass,pass,,,已知椭圆x^2/a^2 + y^2/b^2 = 1 (a>b>0)的左、右焦点分别为F1、F2，点P在椭圆上，且PF1⊥PF2。若椭圆的离心率为√2/2，则△PF1F2的面积为
bnu-high-ds-v1-s5-095,S5,lower,short-answer,Foundation,bnu-high-s5-圆锥曲线,圆锥曲线,选择性必修 第一册,圆锥曲线,pass,none,high,stage-b,pass,pass,pass,pass,not_applicable,x^2/9 + y^2/5 = 1,,,,存储答案x^2/9 + y^2/5 = 1与独立解一致，解析正确。,x^2/9 + y^2/5 = 1,x^2/9 + y^2/5 = 1,pass,none,x^2/9 + y^2/5 = 1,pass,pass,not_applicable,,,求以双曲线x^2/4 - y^2/5 = 1的焦点为顶点，顶点为焦点的椭圆的标准方程。
bnu-high-ds-v1-s5-096,S5,lower,fill-in,Challenge,bnu-high-s5-圆锥曲线,圆锥曲线,选择性必修 第一册,圆锥曲线,pass,none,high,stage-b,pass,pass,pass,pass,not_applicable,m ≥ 1 且 m ≠ 5,,,,"存储答案[1,5)∪(5,+∞)与独立解m≥1且m≠5一致，解析正确。","[1, 5) ∪ (5, +∞)","[1, 5) ∪ (5, +∞)",pass,none,m ≥ 1 且 m ≠ 5,pass,pass,not_applicable,,,若直线y = kx + 1与椭圆x^2/5 + y^2/m = 1恒有公共点，则实数m的取值范围是______。
bnu-high-ds-v1-s5-097,S5,lower,multiple-choice,Core,bnu-high-s5-圆锥曲线,圆锥曲线,选择性必修 第一册,圆锥曲线,fail,blocker,high,stage-c,pass,pass,fail,fail,fail,√5,√5,math_error|answer_mismatch|explanation_contradiction|ambiguous_mc,,双曲线渐近线斜率b/a=2，离心率e=√(1+(b/a)^2)=√5。选项无√5，存储答案√5/2错误。解析自相矛盾：计算得√5却选√5/2。若焦点在y轴，渐近线斜率a/b=2，则e=√(1+(b/a)^2)=√(1+1/4)=√5/2，但题干标准方程为x^2/a^2 - y^2/b^2=1，焦点在x轴，故正确答案为√5。题目选项与正确答案不匹配，存在歧义。,√5/2,√5/2,pass,none,√5,fail,fail,fail,√5,blocker,"已知双曲线C：x^2/a^2 - y^2/b^2 = 1 (a>0, b>0)的一条渐近线与直线x+2y-1=0垂直，则双曲线C的离心率为"
bnu-high-ds-v1-s5-098,S5,lower,short-answer,Exam,bnu-high-s5-圆锥曲线,圆锥曲线,选择性必修 第一册,圆锥曲线,fail,blocker,high,stage-c,pass,pass,fail,fail,not_applicable,±√2,±√2,math_error|answer_mismatch|explanation_contradiction,,题目可解，独立计算得斜率k=±√2。提供的答案±1错误，解析中计算过程得出k=±√2但结论矛盾，属于严重错误。,±1,±1,pass,none,±1,fail,fail,not_applicable,±√2,blocker,"已知抛物线C：y^2 = 4x的焦点为F，过点P(2,0)的直线l与C交于A、B两点，若|AF|+|BF|=8，求直线l的斜率。"
bnu-high-ds-v1-s5-099,S5,lower,fill-in,Foundation,bnu-high-s5-圆锥曲线,圆锥曲线,选择性必修 第一册,圆锥曲线,pass,none,high,stage-b,pass,pass,pass,pass,not_applicable,4√3/3,,,,存储答案4√3/3与独立解一致，解析正确。,4√3/3,4√3/3,pass,none,4√3/3,pass,pass,not_applicable,,,椭圆x^2/9 + y^2/4 = 1的焦点为F1、F2，点P在椭圆上，若∠F1PF2 = 60°，则△F1PF2的面积为______。
bnu-high-ds-v1-s5-100,S5,lower,multiple-choice,Challenge,bnu-high-s5-圆锥曲线,圆锥曲线,选择性必修 第一册,圆锥曲线,fail,blocker,high,stage-c,pass,pass,fail,fail,pass,"[2, +∞)","[2, +∞)",answer_mismatch|explanation_contradiction,overlong_rationale,"题目可解，独立解为[2,+∞)。存储答案[2,+∞)正确，但解析错误推导出(1,2]并选B，自相矛盾。正确条件为√3 ≤ b/a，得e≥2。选项A唯一匹配。","[2, +∞)","[2, +∞)",pass,none,"[2, +∞)",fail,fail,fail,"[2, +∞)",blocker,"已知双曲线C：x^2/a^2 - y^2/b^2 = 1 (a>0, b>0)的右焦点为F，过F且倾斜角为60°的直线与双曲线的右支有且仅有一个交点，则该双曲线的离心率的取值范围是"
bnu-high-ds-v1-s5-101,S5,lower,short-answer,Core,bnu-high-s5-圆锥曲线,圆锥曲线,选择性必修 第一册,圆锥曲线,pass,none,high,stage-b,pass,pass,pass,pass,not_applicable,x²/25 + y²/16 = 1,,,,"存储答案与独立解一致，解析正确推导出a=5, c=3, b²=16，方程正确。",x^2/25 + y^2/16 = 1,x^2/25 + y^2/16 = 1 | x²/25 + y²/16 = 1,pass,none,x²/25 + y²/16 = 1,pass,pass,not_applicable,,,已知椭圆C的中心在原点，焦点在x轴上，长轴长为10，离心率为3/5。求椭圆C的标准方程。
bnu-high-ds-v1-s5-102,S5,lower,fill-in,Exam,bnu-high-s5-圆锥曲线,圆锥曲线,选择性必修 第一册,圆锥曲线,pass,none,high,stage-b,pass,pass,pass,pass,not_applicable,x²/9 - y²/16 = 1,,,,"存储答案与独立解一致，解析正确利用渐近线和焦距条件解得a=3, b=4。",x^2/9 - y^2/16 = 1,x^2/9 - y^2/16 = 1 | x²/9 - y²/16 = 1,pass,none,x²/9 - y²/16 = 1,pass,pass,not_applicable,,,已知双曲线的一条渐近线方程为y=(4/3)x，且实轴在x轴上，焦距为10。求该双曲线的标准方程。
bnu-high-ds-v1-s5-103,S5,lower,multiple-choice,Foundation,bnu-high-s5-圆锥曲线,圆锥曲线,选择性必修 第一册,圆锥曲线,pass,none,high,stage-b,pass,pass,pass,pass,pass,4,,,,存储答案4正确，解析正确指出焦点到准线距离为p=4，选项唯一。,4,4,pass,none,4,pass,pass,pass,,,抛物线y²=8x的焦点到准线的距离是（　）
bnu-high-ds-v1-s5-104,S5,lower,short-answer,Challenge,bnu-high-s5-圆锥曲线,圆锥曲线,选择性必修 第一册,圆锥曲线,pass,none,high,stage-b,pass,pass,pass,pass,not_applicable,9x + 8y - 26 = 0,,,,存储答案与独立解一致，解析正确使用点差法求得斜率并化简方程。,9x+8y-26=0,9x+8y-26=0 | 9x + 8y - 26 = 0,pass,none,9x + 8y - 26 = 0,pass,pass,not_applicable,,,"已知椭圆x²/16+y²/9=1，过点P(2,1)作直线l与椭圆交于A、B两点，且P为弦AB的中点。求直线l的方程。"
bnu-high-ds-v1-s5-105,S5,lower,fill-in,Core,bnu-high-s5-圆锥曲线,圆锥曲线,选择性必修 第一册,圆锥曲线,pass,none,high,stage-b,pass,pass,pass,pass,not_applicable,2 < k < 3.5,,,,"存储答案(2, 7/2)与独立解2<k<3.5一致，解析正确列出不等式组并求解。","(2, 7/2)","(2, 7/2) | 2<k<7/2 | 2 < k < 7/2",pass,none,2 < k < 3.5,pass,pass,not_applicable,,,若方程x²/(k-2)+y²/(5-k)=1表示焦点在y轴上的椭圆，则实数k的取值范围是______。
bnu-high-ds-v1-s5-106,S5,lower,multiple-choice,Exam,bnu-high-s5-圆锥曲线,圆锥曲线,选择性必修 第一册,圆锥曲线,fail,blocker,high,stage-c,fail,pass,fail,fail,fail,,,missing_condition|unsolvable|explanation_contradiction,,题目仅给出弦长|AB|=4，缺少a或b等条件，无法唯一确定离心率。解析中假设a=b无依据，导致答案不唯一，题目不可解。,√2,√2,fail,blocker,,fail,fail,fail,,blocker,"已知双曲线x²/a²-y²/b²=1(a>0,b>0)的右焦点为F，过F且斜率为1的直线与双曲线右支交于A、B两点，若|AB|=4，则双曲线的离心率为（　）"
bnu-high-ds-v1-s5-107,S5,lower,short-answer,Foundation,bnu-high-s5-圆锥曲线,圆锥曲线,选择性必修 第一册,圆锥曲线,warn,minor,high,stage-c,pass,pass,pass,weak,not_applicable,"(3, 2√3) 或 (3, -2√3)",,explanation_contradiction,status_rationale_tension,题目可解，答案正确，但解析中错误得出x=1，与最终答案x=3矛盾，推导过程需修正。,"(3, 2√3) 或 (3, -2√3)","(3, 2√3) 或 (3, -2√3) | (3,2√3)或(3,-2√3) | (3, 2√3)或(3, -2√3)",pass,none,"(3, 2√3) 或 (3, -2√3)",pass,weak,not_applicable,,minor,已知抛物线C:y²=4x的焦点为F，准线为l，P是C上一点，过P作l的垂线，垂足为Q。若△PQF是正三角形，求点P的坐标。
bnu-high-ds-v1-s5-108,S5,lower,fill-in,Challenge,bnu-high-s5-圆锥曲线,圆锥曲线,选择性必修 第一册,圆锥曲线,pass,none,medium,stage-b,pass,pass,pass,pass,not_applicable,"(3/5, 0)",,,,存储答案与独立解一致，解析正确利用垂直条件和韦达定理得出定点坐标。,"(3/5, 0)","(3/5, 0) | (3/5,0)",pass,none,"(3/5, 0)",pass,pass,not_applicable,,,已知椭圆x²/9+y²/4=1，直线l:y=kx+m与椭圆交于A、B两点，且以AB为直径的圆过椭圆的右顶点。若直线l过定点，则该定点的坐标为______。
bnu-high-ds-v1-s5-109,S5,lower,multiple-choice,Core,bnu-high-s5-圆锥曲线,圆锥曲线,选择性必修 第一册,圆锥曲线,pass,none,high,stage-b,pass,pass,pass,pass,pass,2,,,,存储答案2与独立解一致，解析正确推导出e≤2，无矛盾。,2,2,pass,none,2,pass,pass,pass,,,"已知双曲线C:x²/a²-y²/b²=1(a>0,b>0)的左、右焦点分别为F₁、F₂，点P在双曲线的右支上，且|PF₁|=3|PF₂|，则双曲线的离心率的最大值为（　）"
bnu-high-ds-v1-s5-110,S5,lower,short-answer,Exam,bnu-high-s5-圆锥曲线,圆锥曲线,选择性必修 第一册,圆锥曲线,fail,blocker,high,stage-c,pass,pass,fail,fail,not_applicable,定直线为x=4,定直线为x=4,math_error|answer_mismatch|explanation_contradiction,,独立求解得椭圆方程为x²/4+y²=1，a=2，定直线为x=4。存储答案“x=a”且解析称横坐标为2，与正确结果矛盾，属于错误答案。,证明：交点在直线x=a上,证明：交点在直线x=a上 | 交点在直线x=a上,pass,none,定直线为x=4,fail,fail,not_applicable,定直线为x=4,blocker,"已知椭圆C:x²/a²+y²/b²=1(a>b>0)的离心率为√3/2，且过点(√3,1/2)。设A、B是椭圆上关于x轴对称的任意两点，连接AB交x轴于点P。过点P的直线交椭圆于M、N两点，求证：直线AM与BN的交点在定直线上。"
bnu-high-ds-v1-s5-111,S5,lower,fill-in,Foundation,bnu-high-s5-圆锥曲线,圆锥曲线,选择性必修 第一册,圆锥曲线,pass,none,high,stage-b,pass,pass,pass,pass,not_applicable,x²/8+y²/6=1,,,,存储答案x^2/8+y^2/6=1与独立解一致，解析推导正确。,x^2/8 + y^2/6 = 1,x^2/8 + y^2/6 = 1,pass,none,x²/8+y²/6=1,pass,pass,not_applicable,,,"已知椭圆C的中心在原点，焦点在x轴上，离心率为1/2，且经过点(2, √3)。求椭圆C的标准方程。"
bnu-high-ds-v1-s5-112,S5,lower,multiple-choice,Challenge,bnu-high-s5-圆锥曲线,圆锥曲线,选择性必修 第一册,圆锥曲线,fail,major,high,stage-c,pass,pass,pass,fail,pass,"(-√3/3, √3/3)",,math_error|explanation_contradiction,,"题目可解，答案(-√3/3, √3/3)正确且选项唯一。但解析中a²=6,b²=2错误，正确应为a²=12,b²=4，导致联立方程系数错误，尽管最终k范围巧合一致，解析过程不可接受。","(-√3/3, √3/3)","(-√3/3, √3/3)",pass,none,"(-√3/3, √3/3)",pass,fail,pass,,major,"已知双曲线C：x^2/a^2 - y^2/b^2 = 1 (a>0, b>0)的一条渐近线方程为y = (√3/3)x，且点(4, √6)在C上。若直线l：y = kx + 2与C的右支有两个不同的交点，则实数k的取值范围是（ ）。"
bnu-high-ds-v1-s5-113,S5,lower,short-answer,Core,bnu-high-s5-圆锥曲线,圆锥曲线,选择性必修 第一册,圆锥曲线,fail,blocker,high,stage-c,pass,pass,fail,fail,not_applicable,p=6,p=6,math_error|answer_mismatch|explanation_contradiction,,题目可解，独立求解得p=6。存储答案4错误，解析过程正确得出p=6但最终答案写为4，自相矛盾。判定为严重错误，答案不匹配，解析矛盾。,4,4,pass,none,p=4,fail,fail,not_applicable,p=6,blocker,已知抛物线C：y^2 = 2px (p>0)的焦点为F，准线为l。过F且倾斜角为60°的直线与C交于A、B两点，若|AB| = 16，求p的值。
bnu-high-ds-v1-s5-114,S5,lower,fill-in,Exam,bnu-high-s5-圆锥曲线,圆锥曲线,选择性必修 第一册,圆锥曲线,pass,none,high,stage-b,pass,pass,pass,pass,not_applicable,±√2/2,,,,存储答案±√2/2与独立解一致，解析推导正确。,±√2/2,±√2/2,pass,none,±√2/2,pass,pass,not_applicable,,,"已知椭圆C：x^2/a^2 + y^2/b^2 = 1 (a>b>0)的右焦点为F(1,0)，且椭圆经过点(0, √3)。设过点P(4,0)的直线l与椭圆C交于M、N两点，若以MN为直径的圆恰好经过原点O，则直线l的斜率为______。"
bnu-high-ds-v1-s5-115,S5,lower,multiple-choice,Foundation,bnu-high-s5-圆锥曲线,圆锥曲线,选择性必修 第一册,圆锥曲线,pass,none,high,stage-b,pass,pass,pass,pass,pass,x^2/9 - y^2/16 = 1,,,,存储答案x^2/9-y^2/16=1与独立解一致，解析正确。,x^2/9 - y^2/16 = 1,x^2/9 - y^2/16 = 1,pass,none,x^2/9 - y^2/16 = 1,pass,pass,pass,,,已知双曲线的实轴在x轴上，焦距为10，离心率为5/3，则该双曲线的标准方程为（ ）。
bnu-high-ds-v1-s5-116,S5,lower,short-answer,Challenge,bnu-high-s5-圆锥曲线,圆锥曲线,选择性必修 第一册,圆锥曲线,fail,blocker,high,stage-c,pass,pass,fail,fail,not_applicable,x-√5y+1=0或x+√5y+1=0,x-√5y+1=0或x+√5y+1=0,math_error|answer_mismatch|explanation_contradiction,,题目可解，独立求解得直线方程为x±√5y+1=0。存储答案y=x+1或y=-x-1错误，解析中弦长计算错误导致m=±1，与正确结果m=±√5不符，属于严重数学错误。,y = x + 1 或 y = -x - 1,y = x + 1 或 y = -x - 1 | y = x + 1 | y = -x - 1,pass,none,x-y+1=0或x+y+1=0,fail,fail,not_applicable,x-√5y+1=0或x+√5y+1=0,blocker,"已知抛物线C：y^2 = 4x的焦点为F，过点P(-1,0)的直线l与C交于A、B两点。若△ABF的面积为8，求直线l的方程。"
bnu-high-ds-v1-s5-117,S5,lower,fill-in,Core,bnu-high-s5-圆锥曲线,圆锥曲线,选择性必修 第一册,圆锥曲线,pass,none,high,stage-b,pass,pass,pass,pass,not_applicable,3√3,,,,存储答案3√3与独立解一致，解析过程正确。,3√3,3√3,pass,none,3√3,pass,pass,not_applicable,,,已知椭圆C：x^2/16 + y^2/9 = 1的左、右焦点分别为F1、F2，点P在椭圆上。若∠F1PF2 = 60°，则△F1PF2的面积为______。
bnu-high-ds-v1-s5-118,S5,lower,multiple-choice,Exam,bnu-high-s5-圆锥曲线,圆锥曲线,选择性必修 第一册,圆锥曲线,fail,blocker,high,stage-c,pass,pass,fail,fail,pass,√5,√5,math_error|answer_mismatch|explanation_contradiction,,题目可解，符合BNU圆锥曲线章节。独立求解得离心率e=√5，选项√5存在且唯一。存储答案√3错误，解析中c=2√3、a=2导致e=√3，但正确计算应为a=1、c=√5、e=√5。答案不匹配，解析矛盾，严重错误。,√3,√3,pass,none,√5,fail,fail,pass,√5,blocker,"已知双曲线C：x^2/a^2 - y^2/b^2 = 1 (a>0, b>0)的右焦点为F，过F且垂直于x轴的直线与C交于A、B两点，O为坐标原点。若△OAB是边长为4的等边三角形，则双曲线的离心率为（ ）。"
bnu-high-ds-v1-s5-119,S5,lower,short-answer,Foundation,bnu-high-s5-圆锥曲线,圆锥曲线,选择性必修 第一册,圆锥曲线,fail,blocker,high,stage-c,pass,pass,fail,fail,not_applicable,25/2,25/2,math_error|answer_mismatch|explanation_contradiction,,题目可解，符合教材范围。独立求解得点P到左准线距离为25/2，但存储答案为25/4，且解析中计算过程得出25/2却错误地写为25/4，存在答案错误和解析矛盾，必须修正。,25/4,25/4,pass,none,25/4,fail,fail,not_applicable,25/2,blocker,已知椭圆C：x^2/25 + y^2/16 = 1的左、右焦点分别为F1、F2，点P在椭圆上。若|PF1| = 3|PF2|，求点P到左准线的距离。
bnu-high-ds-v1-s5-120,S5,lower,fill-in,Challenge,bnu-high-s5-圆锥曲线,圆锥曲线,选择性必修 第一册,圆锥曲线,pass,none,high,stage-b,pass,pass,pass,pass,not_applicable,4,,,,存储答案4与独立解一致，解析过程正确。,4,4,pass,none,4,pass,pass,not_applicable,,,已知抛物线C：y^2 = 2px (p>0)的焦点为F，过F的直线l与C交于A、B两点，且|AB| = 9。若线段AB的中点到y轴的距离为2，则p = ______。
bnu-high-ds-v1-s5-121,S5,lower,multiple-choice,Core,bnu-high-s5-圆锥曲线,圆锥曲线,选择性必修 第一册,圆锥曲线,fail,blocker,high,stage-c,pass,pass,fail,fail,fail,k = -16/25,k = -16/25,math_error|answer_mismatch|ambiguous_mc|bad_options|explanation_contradiction,overlong_rationale,独立求解得 k = -16/25，不在选项中。存储答案 k = -1 错误，解析中计算得 k = -16/25 却强行取 k = -1，且选项无正确值，题目有误。,k = -1,k = -1,pass,none,k = -1,fail,fail,fail,k = -16/25,blocker,"已知椭圆 C 的中心在原点，焦点在 x 轴上，长轴长为 10，离心率为 3/5。若直线 l: y = kx + 2 与椭圆 C 相交于不同的两点 A, B，且线段 AB 的中点在直线 y = x 上，求实数 k 的值。"
bnu-high-ds-v1-s5-122,S5,lower,short-answer,Exam,bnu-high-s5-圆锥曲线,圆锥曲线,选择性必修 第一册,圆锥曲线,warn,minor,high,stage-c,pass,pass,pass,weak,not_applicable,存在，k=±√2/2,,explanation_contradiction,status_rationale_tension,题目可解，答案正确。但解析中椭圆方程推导错误（应为x²/8+y²/2=1，误写为x²/16+y²/4=1），后续计算过程混乱，虽最终结果巧合一致，但解释存在矛盾，需修正。,存在，k=±√2/2,存在，k=±√2/2 | 存在，k=√2/2或k=-√2/2 | 存在，k=±√2/2。 | 存在，k=√2/2或-√2/2,pass,none,存在，k=±√2/2,pass,weak,not_applicable,,minor,"已知椭圆C的中心在原点，焦点在x轴上，离心率为√3/2，且椭圆C经过点(2, √3)。过点P(4,0)的直线l与椭圆C交于A, B两点。是否存在实数k，使得以线段AB为直径的圆恰好经过坐标原点O？若存在，求出直线l的斜率k的值；若不存在，请说明理由。"
bnu-high-ds-v1-s5-123,S5,lower,fill-in,Foundation,bnu-high-s5-圆锥曲线,圆锥曲线,选择性必修 第一册,圆锥曲线,fail,blocker,high,stage-c,pass,pass,fail,fail,not_applicable,k=±√3/2,k=±√3/2,math_error|answer_mismatch|explanation_contradiction,,独立求解得k=±√3/2，存储答案k=1/2错误，解析中韦达定理计算有误，导致k²=1/4而非正确的3/4，且未考虑两个解均满足判别式，属于严重数学错误。,k = 1/2,k = 1/2 | 1/2 | 0.5,pass,none,k=±√3/2,fail,fail,not_applicable,k=±√3/2,blocker,"已知椭圆 C 的中心在坐标原点，焦点在 x 轴上，长轴长为 8，离心率为 1/2。设直线 l 经过椭圆 C 的右焦点 F，且斜率为 k。若直线 l 与椭圆 C 相交于 A, B 两点，且线段 AB 的中点横坐标为 1，求斜率 k 的值。"
bnu-high-ds-v1-s5-124,S5,lower,multiple-choice,Challenge,bnu-high-s5-圆锥曲线,圆锥曲线,选择性必修 第一册,圆锥曲线,fail,blocker,high,stage-c,fail,pass,fail,fail,fail,,,math_error|answer_mismatch|ambiguous_mc|bad_options|missing_condition|unsolvable,overlong_rationale,"题目条件矛盾：离心率e=√3/2，椭圆上点P到左焦点距离与到右准线距离之比为1:2。根据椭圆第二定义，点P到左焦点距离与到左准线距离之比为e，到右焦点距离与到右准线距离之比为e。但条件涉及左焦点与右准线，无直接定义关系。设椭圆方程x²/a²+y²/b²=1，a=2t，c=√3t，b=t，右准线x=a²/c=4t/√3。设P(x,y)，|PF1|=a+ex=2t+√3t x，d右=|x-4t/√3|。由|PF1|/d右=1/2得(2t+√3t x)/(4t/√3 - x)=1/2，解得x=0，此时|PF1|=2t，d右=4t/√3，比值为√3/2≠1/2。若比值为2:1，解得x=2/√3，代入椭圆得y²=2/3，|PF1|=3，d右=2/√3，比值为3√3/2≠2。因此无解。所有选项均不满足条件，题目不可解。存储答案x²/16+y²/4=1错误，解析推导有误。",x²/16 + y²/4 = 1,x²/16 + y²/4 = 1,pass,none,x²/4 + y² = 1,fail,fail,fail,无法确定,blocker,已知椭圆C的中心在原点，焦点在x轴上，离心率为√3/2，且椭圆上存在一点P，使得点P到左焦点的距离与到右准线的距离之比为1:2。求椭圆C的标准方程。
bnu-high-ds-v1-s5-125,S5,lower,short-answer,Core,bnu-high-s5-圆锥曲线,圆锥曲线,选择性必修 第一册,圆锥曲线,pass,none,high,stage-b,pass,pass,pass,pass,not_applicable,y = -x + 2,,,,存储答案与独立解一致，解析过程正确，无问题。,y = -x + 2,y = -x + 2 | y=-x+2,pass,none,y = -x + 2,pass,pass,not_applicable,,,"已知椭圆C的中心在原点，焦点在x轴上，离心率为√3/2，且椭圆C经过点(2, 1)。过点P(0, 2)的直线l与椭圆C相交于A、B两点，且线段AB的中点的横坐标为1/2。求直线l的方程。"
bnu-high-ds-v1-s5-126,S5,lower,fill-in,Exam,bnu-high-s5-圆锥曲线,圆锥曲线,选择性必修 第一册,圆锥曲线,fail,blocker,high,stage-c,pass,pass,fail,fail,not_applicable,k = ±√(14)/7,k = ±√(14)/7,math_error|answer_mismatch|explanation_contradiction,,题目可解，椭圆方程为x²/25+y²/16=1。设直线y=kx+2，联立后由OA⊥OB得x₁x₂+y₁y₂=0，代入韦达定理化简得(1+k²)(-300)/(16+25k²) + 2k·(-100k)/(16+25k²) + 4 = 0，解得k²=14/49=2/7，即k=±√14/7。存储答案k=±1错误，解析中化简过程有误，导致结果错误。,k = ±1,k = ±1 | k=±1 | k = 1 或 k = -1 | k=1或k=-1,pass,none,k = ±√(14)/7,fail,fail,not_applicable,k = ±√14/7,blocker,"已知椭圆 C 的中心在坐标原点，焦点在 x 轴上，长轴长为 10，离心率为 3/5。过点 P(0, 2) 且斜率为 k 的直线 l 与椭圆 C 交于 A, B 两点。若以 AB 为直径的圆经过坐标原点 O，求 k 的值。"
bnu-high-ds-v1-s5-127,S5,lower,multiple-choice,Foundation,bnu-high-s5-圆锥曲线,圆锥曲线,选择性必修 第一册,圆锥曲线,pass,none,high,stage-b,pass,pass,pass,pass,pass,m = 2,,,,存储答案与独立解一致，解析正确，选项唯一。,m = 2,m = 2,pass,none,m = 2,pass,pass,pass,,,已知椭圆C的中心在原点，焦点在x轴上，长轴长为10，离心率为3/5。若直线l：y = x + m与椭圆C相交于不同的两点A、B，且线段AB的中点M的横坐标为 -1，求实数m的值。
bnu-high-ds-v1-s5-128,S5,lower,short-answer,Challenge,bnu-high-s5-圆锥曲线,圆锥曲线,选择性必修 第一册,圆锥曲线,fail,blocker,high,stage-c,pass,pass,fail,fail,not_applicable,y = -x + 2,y = -x + 2,math_error|answer_mismatch|explanation_contradiction,,"椭圆方程计算错误：由离心率√3/2和过点(2,√3)应得椭圆x²/8+y²/2=1，而非x²/16+y²/4=1。点差法得斜率-1，直线为y=-x+2。存储答案y=-1/2x+3/2错误，解析中k²=4错误，导致答案和解释均不正确。",y = -1/2 x + 3/2,y = -1/2 x + 3/2 | y=-1/2x+3/2 | y = -0.5x + 1.5,pass,none,y = -x + 2,fail,fail,not_applicable,y = -x + 2,blocker,"已知椭圆C的中心在原点，焦点在x轴上，离心率为√3/2，且椭圆C经过点(2, √3)。过点P(1, 1)的直线l与椭圆C相交于A、B两点，且点P恰好是线段AB的中点。求直线l的方程。"
bnu-high-ds-v1-s5-129,S5,lower,fill-in,Core,bnu-high-s5-圆锥曲线,圆锥曲线,选择性必修 第一册,圆锥曲线,fail,blocker,high,stage-c,pass,pass,fail,fail,not_applicable,k = -1,k = -1,math_error|answer_mismatch|explanation_contradiction,,椭圆方程正确，联立后韦达定理得中点横坐标方程-50k/(16+25k²)=1，解得k=-1，而非k=1/2。解析中解方程错误，导致答案错误，且判别式验证k=-1满足条件。,1/2,1/2 | 0.5,pass,none,k = -1,fail,fail,not_applicable,k = -1,blocker,"已知椭圆 C 的中心在坐标原点，焦点在 x 轴上，长轴长为 10，离心率为 3/5。过点 P(0, 2) 的直线 l 与椭圆 C 交于 A, B 两点，且线段 AB 的中点的横坐标为 1。求直线 l 的斜率 k。"
bnu-high-ds-v1-s5-130,S5,lower,multiple-choice,Exam,bnu-high-s5-圆锥曲线,圆锥曲线,选择性必修 第一册,圆锥曲线,pass,none,high,stage-b,pass,pass,pass,pass,pass,k = -1/2，m = 1,,,,存储答案与独立解一致，解析正确，选项唯一。,k = -1/2，m = 1,k = -1/2，m = 1,pass,none,k = -1/2，m = 1,pass,pass,pass,,,"已知椭圆C的焦点在x轴上，离心率为√3/2，且椭圆上一点到两焦点的距离之和为4。若直线l：y = kx + m与椭圆C交于A、B两点，且线段AB的中点为M(1, 1/2)，求实数k和m的值。"
bnu-high-ds-v1-s5-131,S5,lower,short-answer,Foundation,bnu-high-s5-圆锥曲线,圆锥曲线,选择性必修 第一册,圆锥曲线,pass,none,high,stage-b,pass,pass,pass,pass,not_applicable,x²/25 + y²/16 = 1,,,,存储答案与独立解一致，解析正确。,x^2/25 + y^2/16 = 1,x^2/25 + y^2/16 = 1,pass,none,x²/25 + y²/16 = 1,pass,pass,not_applicable,,,已知椭圆的中心在原点，焦点在x轴上，长轴长为10，离心率为0.6。求该椭圆的标准方程。
bnu-high-ds-v1-s5-132,S5,lower,fill-in,Challenge,bnu-high-s5-圆锥曲线,圆锥曲线,选择性必修 第一册,圆锥曲线,pass,none,high,stage-b,pass,pass,pass,pass,not_applicable,x²/16 - y²/9 = 1,,,,存储答案与独立解一致，解析正确。,x^2/16 - y^2/9 = 1,x^2/16 - y^2/9 = 1,pass,none,x²/16 - y²/9 = 1,pass,pass,not_applicable,,,已知双曲线的一条渐近线方程为y=(3/4)x，且虚轴长为6，焦点在x轴上。求该双曲线的标准方程。
bnu-high-ds-v1-s5-133,S5,lower,multiple-choice,Core,bnu-high-s5-圆锥曲线,圆锥曲线,选择性必修 第一册,圆锥曲线,pass,none,high,stage-c,pass,pass,pass,pass,pass,4,,,,抛物线y^2=8x中2p=8，p=4，焦点到准线的距离为p=4，选项B正确。解析与答案一致，无歧义，符合教材要求。,4,4,pass,none,4,pass,pass,pass,,none,抛物线y^2=8x的焦点到准线的距离是（　）
bnu-high-ds-v1-s5-134,S5,lower,short-answer,Exam,bnu-high-s5-圆锥曲线,圆锥曲线,选择性必修 第一册,圆锥曲线,fail,blocker,high,stage-c,pass,pass,fail,fail,not_applicable,k = -8/9,-8/9,math_error|answer_mismatch|explanation_contradiction,,独立求解得k=-8/9，存储答案为-4/9，解析中点弦公式误用，正确结果应为-8/9，答案与解析均错误。,-4/9,-4/9,pass,none,k = -8/9,fail,fail,not_applicable,-8/9,blocker,"已知直线l: y=kx+2与椭圆x^2/9+y^2/4=1相交于A、B两点，且线段AB的中点为M(1,1)。求k的值。"
bnu-high-ds-v1-s5-135,S5,lower,fill-in,Foundation,bnu-high-s5-圆锥曲线,圆锥曲线,选择性必修 第一册,圆锥曲线,pass,none,high,stage-b,pass,pass,pass,pass,not_applicable,2 < k < 3.5,,,,"存储答案(2,3.5)与独立解一致，解析正确。","(2, 3.5)","(2, 3.5) | 2<k<3.5",pass,none,2 < k < 3.5,pass,pass,not_applicable,,,若方程x^2/(k-2)+y^2/(5-k)=1表示焦点在y轴上的椭圆，则实数k的取值范围是______。
bnu-high-ds-v1-s5-136,S5,lower,multiple-choice,Challenge,bnu-high-s5-圆锥曲线,圆锥曲线,选择性必修 第一册,圆锥曲线,pass,none,high,stage-b,pass,pass,pass,pass,pass,√3,,,,存储答案√3与独立解一致，解析正确，选项唯一。,√3,√3,pass,none,√3,pass,pass,pass,,,"已知双曲线x^2/a^2 - y^2/b^2=1(a>0,b>0)的右焦点为F，过F且垂直于x轴的直线与双曲线交于A、B两点，若△OAB是等边三角形（O为坐标原点），则该双曲线的离心率为（　）"
bnu-high-ds-v1-s5-137,S5,lower,short-answer,Core,bnu-high-s5-圆锥曲线,圆锥曲线,选择性必修 第一册,圆锥曲线,pass,none,high,stage-b,pass,pass,pass,pass,not_applicable,5,,,,存储答案5与独立解一致，解析正确。,5,5,pass,none,5,pass,pass,not_applicable,,,已知抛物线C: y^2=4x的焦点为F，准线为l，P是C上一点，过P作l的垂线，垂足为Q。若|PF|=5，求|PQ|。
bnu-high-ds-v1-s5-138,S5,lower,fill-in,Exam,bnu-high-s5-圆锥曲线,圆锥曲线,选择性必修 第一册,圆锥曲线,pass,none,high,stage-b,pass,pass,pass,pass,not_applicable,9,,,,存储答案9与独立解一致，解析正确。,9,9,pass,none,9,pass,pass,not_applicable,,,已知椭圆x^2/16+y^2/9=1的左、右焦点分别为F1、F2，点P在椭圆上。若∠F1PF2=90°，则△F1PF2的面积是______。
bnu-high-ds-v1-s5-139,S5,lower,multiple-choice,Foundation,bnu-high-s5-圆锥曲线,圆锥曲线,选择性必修 第一册,圆锥曲线,fail,blocker,high,stage-c,fail,pass,fail,fail,fail,3.6,3,math_error|answer_mismatch|bad_options|explanation_contradiction,,"双曲线a=3,c=5,e=5/3。由定义|PF1|-|PF2|=6，结合|PF1|=3|PF2|得|PF2|=3，|PF1|=9。右支焦半径公式|PF1|=ex+a，代入得(5/3)x+3=9，解得x=18/5=3.6，不在选项{3,4,5,6}中。若将条件改为|PF1|=4|PF2|，则x=3，但原题条件为3倍，导致无正确选项。存储答案5错误，解析自相矛盾，题目不可解。",5,5,pass,none,5,fail,fail,fail,3,blocker,已知双曲线x^2/9 - y^2/16=1的左、右焦点分别为F1、F2，点P在双曲线右支上，且|PF1|=3|PF2|，则点P的横坐标为（　）
bnu-high-ds-v1-s5-140,S5,lower,short-answer,Challenge,bnu-high-s5-圆锥曲线,圆锥曲线,选择性必修 第一册,圆锥曲线,fail,blocker,high,stage-c,pass,pass,fail,fail,not_applicable,"定点(0,0)或(0, -2/5)？需验证。","定点(0,0)或(0,-2/5)，需验证判别式",math_error|answer_mismatch|missing_condition|explanation_contradiction,,"独立解指出可能有两个定点，存储答案仅给出(0,0)且未验证判别式，解析不完整，存在遗漏。","定点为(0,0)，但需验证。实际上，由条件可得椭圆方程，联立后利用垂直条件得出k,m关系，发现直线过原点。","定点为(0,0)，但需验证。实际上，由条件可得椭圆方程，联立后利用垂直条件得出k,m关系，发现直线过原点。 | 定点为(0,0) | (0,0)",pass,none,"定点(0,0)或(0, -2/5)？需验证。",fail,fail,not_applicable,"定点(0,0)或(0,-2/5)，需验证判别式",blocker,"已知椭圆C: x^2/a^2+y^2/b^2=1(a>b>0)的离心率为√3/2，且过点(2,0)。设直线l: y=kx+m与椭圆C交于A、B两点，以AB为直径的圆过坐标原点O。证明：直线l过定点，并求出该定点的坐标。"
bnu-high-ds-v1-s5-141,S5,lower,fill-in,Core,bnu-high-s5-圆锥曲线,圆锥曲线,选择性必修 第一册,圆锥曲线,pass,none,high,stage-b,pass,pass,pass,pass,not_applicable,x^2/25 + y^2/16 = 1,,,,存储答案与独立解一致，解析正确推导出标准方程。,x^2/25 + y^2/16 = 1,x^2/25 + y^2/16 = 1,pass,none,x^2/25 + y^2/16 = 1,pass,pass,not_applicable,,,已知椭圆C的中心在原点，焦点在x轴上，长轴长为10，离心率为0.6。求椭圆C的标准方程。
bnu-high-ds-v1-s5-142,S5,lower,multiple-choice,Exam,bnu-high-s5-圆锥曲线,圆锥曲线,选择性必修 第一册,圆锥曲线,pass,none,high,stage-b,pass,pass,pass,pass,pass,√5/2,,,,存储答案与独立解一致，解析正确推导出离心率。,√5/2,√5/2,pass,none,√5/2,pass,pass,pass,,,"已知双曲线C：x^2/a^2 - y^2/b^2 = 1 (a>0, b>0)的一条渐近线方程为y=0.5x，且C经过点(4,√3)。则C的离心率为？"
bnu-high-ds-v1-s5-143,S5,lower,short-answer,Foundation,bnu-high-s5-圆锥曲线,圆锥曲线,选择性必修 第一册,圆锥曲线,pass,none,high,stage-b,pass,pass,pass,pass,not_applicable,p=2，准线方程为x=-1,,,,存储答案与独立解一致，解析正确求出p和准线。,p=2，准线方程为x=-1,"p=2，准线方程为x=-1 | p=2, 准线方程为x=-1",pass,none,p=2，准线方程为x=-1,pass,pass,not_applicable,,,"已知抛物线C：y^2=2px (p>0)的焦点为F，点A(4,4)在C上。求p的值及准线方程。"
bnu-high-ds-v1-s5-144,S5,lower,fill-in,Challenge,bnu-high-s5-圆锥曲线,圆锥曲线,选择性必修 第一册,圆锥曲线,fail,blocker,high,stage-c,pass,pass,fail,fail,not_applicable,k < -2√3/3 或 k > 2√3/3,k < -2√3/3 或 k > 2√3/3,math_error|answer_mismatch|explanation_contradiction,,存储答案和解析中判别式计算错误，导致k范围错误；独立解正确结果为k<-2√3/3或k>2√3/3。,k < -2√2/3 或 k > 2√2/3,"k < -2√2/3 或 k > 2√2/3 | (-∞, -2√2/3) ∪ (2√2/3, +∞)",pass,none,k < -2√3/3 或 k > 2√3/3,fail,fail,not_applicable,k < -2√3/3 或 k > 2√3/3,blocker,已知椭圆C：x^2/9 + y^2/4 = 1，直线l：y = kx + 2。若l与C有两个不同的交点，求k的取值范围。
bnu-high-ds-v1-s5-145,S5,lower,multiple-choice,Core,bnu-high-s5-空间向量与立体几何,空间向量与立体几何,选择性必修 第一册,空间向量与立体几何,pass,none,high,stage-b,pass,pass,pass,pass,pass,"(1,1,1)",,,,存储答案与独立解一致，解析正确求出法向量。,"(1,1,1)","(1,1,1)",pass,none,"(1,1,1)",pass,pass,pass,,,"在空间直角坐标系中，已知点A(1,2,3)，B(3,1,2)，C(2,3,1)。则平面ABC的一个法向量为？"
bnu-high-ds-v1-s5-146,S5,lower,short-answer,Exam,bnu-high-s5-空间向量与立体几何,空间向量与立体几何,选择性必修 第一册,空间向量与立体几何,fail,blocker,high,stage-c,pass,pass,fail,fail,not_applicable,6√61/61,6√61/61,math_error|answer_mismatch|explanation_contradiction,,独立求解得点B1到平面A1BD的距离为6√61/61，而存储答案为6/7，两者不等价。解析中法向量模计算错误，导致距离错误，属于数学错误和答案不匹配，严重程度为阻断。,6/7,6/7,pass,none,6√61/61,fail,fail,not_applicable,6√61/61,blocker,在长方体ABCD-A1B1C1D1中，AB=2，AD=1，AA1=3。以D为原点，DA、DC、DD1所在直线分别为x轴、y轴、z轴建立空间直角坐标系。求点B1到平面A1BD的距离。
bnu-high-ds-v1-s5-147,S5,lower,fill-in,Foundation,bnu-high-s5-空间向量与立体几何,空间向量与立体几何,选择性必修 第一册,空间向量与立体几何,fail,major,high,stage-c,pass,pass,fail,weak,not_applicable,-2√6/7,-2√6/7,accepted_answer_gap|answer_mismatch,,题目可解，符合北师大版空间向量章节。独立计算得 cosθ = -2√6/7，但存储答案和 acceptedAnswers 均未化简，缺少最简形式，且解析未给出最终化简结果，导致答案匹配失败。,-12/√(14*21) 或 -12/√294,-12/√(14*21) 或 -12/√294 | -12/√(14*21) | -12/√294 | -12/√(14×21),pass,none,-12/√(14×21) = -12/√294 = -12/(7√6) = -2√6/7,fail,weak,not_applicable,-2√6/7,major,"已知空间向量a=(2,-1,3)，b=(-1,4,-2)，则a与b的夹角余弦值为______。"
bnu-high-ds-v1-s5-148,S5,lower,multiple-choice,Challenge,bnu-high-s5-空间向量与立体几何,空间向量与立体几何,选择性必修 第一册,空间向量与立体几何,pass,none,high,stage-b,pass,pass,pass,pass,pass,"(1/3,1/3,1/3)",,,,存储答案与独立解一致，解析正确推导出点P坐标。,"(1/3,1/3,1/3)","(1/3,1/3,1/3)",pass,none,"(1/3,1/3,1/3)",pass,pass,pass,,,"在空间直角坐标系中，已知点A(1,0,0)，B(0,1,0)，C(0,0,1)，点P在平面ABC上，且满足PA⊥PB，PB⊥PC，PC⊥PA。则点P的坐标为？"
bnu-high-ds-v1-s5-149,S5,lower,short-answer,Core,bnu-high-s5-空间向量与立体几何,空间向量与立体几何,选择性必修 第一册,空间向量与立体几何,fail,blocker,high,stage-c,pass,pass,fail,fail,not_applicable,√3/3,√3/3,math_error|answer_mismatch|explanation_contradiction,,题目可解，符合教材范围。独立求解得线面角正弦为√3/3，但存储答案为√6/3，且解析中计算过程得出√3/3却最终写为√6/3，存在答案错误和解释矛盾，必须修正。,√6/3,√6/3,pass,none,√2/2,fail,fail,not_applicable,√3/3,blocker,在四棱锥P-ABCD中，底面ABCD是边长为2的正方形，PA⊥底面ABCD，PA=2。求直线PC与底面ABCD所成角的正弦值。
bnu-high-ds-v1-s5-150,S5,lower,fill-in,Exam,bnu-high-s5-空间向量与立体几何,空间向量与立体几何,选择性必修 第一册,空间向量与立体几何,pass,none,high,stage-b,pass,pass,pass,pass,not_applicable,1/2,,,,存储答案1/2与Stage A独立解一致，解析过程正确。,1/2,1/2,pass,none,1/2,pass,pass,not_applicable,,,已知空间四边形ABCD，AB=AC=DB=DC=2，BC=2√2，AD=2√3。则异面直线AB与CD所成角的余弦值为______。
bnu-high-ds-v1-s5-151,S5,lower,multiple-choice,Foundation,bnu-high-s5-空间向量与立体几何,空间向量与立体几何,选择性必修 第一册,空间向量与立体几何,pass,none,high,stage-b,pass,pass,pass,pass,pass,√3,,,,存储答案√3与Stage A独立解一致，解析正确，单选题唯一选项。,√3,√3,pass,none,√3,pass,pass,pass,,,"在空间直角坐标系中，已知点A(1,2,3)，B(4,5,6)，C(7,8,9)。设平面α过点A且法向量为n=(1,-1,1)。则点B到平面α的距离为"
bnu-high-ds-v1-s5-152,S5,lower,short-answer,Challenge,bnu-high-s5-空间向量与立体几何,空间向量与立体几何,选择性必修 第一册,空间向量与立体几何,fail,blocker,high,stage-c,pass,pass,fail,fail,not_applicable,0,0,math_error|answer_mismatch|explanation_contradiction,overlong_rationale,"题目可解，坐标建立正确。独立计算得向量AE=(-2,2,1)，B₁F=(-2,-1,-2)，点积为0，故异面直线夹角余弦值为0。存储答案√30/10错误，解析中AE向量错为(0,2,1)，导致计算错误，与正确解矛盾。",√30/10,√30/10,pass,none,√30/10,fail,fail,not_applicable,0,blocker,在棱长为2的正方体ABCD-A₁B₁C₁D₁中，E为棱BB₁的中点，F为棱CD的中点。以D为原点，DA、DC、DD₁所在直线分别为x轴、y轴、z轴建立空间直角坐标系。求异面直线AE与B₁F所成角的余弦值。
bnu-high-ds-v1-s5-153,S5,lower,fill-in,Core,bnu-high-s5-空间向量与立体几何,空间向量与立体几何,选择性必修 第一册,空间向量与立体几何,fail,blocker,high,stage-c,pass,pass,fail,fail,not_applicable,arccos(-√21/14),arccos(-√21/14),math_error|answer_mismatch|explanation_contradiction,,题目可解，符合北师大版空间向量章节。独立计算得夹角余弦为-√21/14，故正确答案为arccos(-√21/14)。存储答案arccos(-1/14)错误，解析中化简步骤有误，导致答案与解释矛盾。,arccos(-1/14),arccos(-1/14),pass,none,arccos(-3/√154) 或 π - arccos(3/√154),fail,fail,not_applicable,arccos(-√21/14),blocker,"已知空间向量a=(2,-1,3)，b=(1,2,-1)，则向量a与b的夹角为______弧度（用反三角函数表示）。"
bnu-high-ds-v1-s5-154,S5,lower,multiple-choice,Exam,bnu-high-s5-空间向量与立体几何,空间向量与立体几何,选择性必修 第一册,空间向量与立体几何,fail,blocker,high,stage-c,fail,pass,fail,fail,fail,5√3/9,5√3/9,math_error|answer_mismatch|ambiguous_mc|bad_options|explanation_contradiction|unsolvable,,题目给定数据计算得直线与平面所成角正弦值为5√3/9，与所有选项均不匹配，且解析为凑选项篡改方向向量，导致答案错误、选项无效、题目不可解。,√3/3,√3/3,pass,none,√3/3,fail,fail,fail,5√3/9,blocker,"在空间直角坐标系中，已知点P(1,2,3)，平面α：2x-y+2z-1=0，直线l经过点P且方向向量为s=(1,-1,1)。则直线l与平面α所成角的正弦值为"
bnu-high-ds-v1-s5-155,S5,lower,short-answer,Foundation,bnu-high-s5-空间向量与立体几何,空间向量与立体几何,选择性必修 第一册,空间向量与立体几何,fail,blocker,high,stage-c,pass,pass,fail,fail,not_applicable,2√3/3,2√3/3,math_error|answer_mismatch|explanation_contradiction,,"题目可解，平面ABC方程为x+y+z=1，点D(1,1,1)到平面距离为2√3/3。存储答案√3/3错误，解析中计算过程得出2√3/3，但为凑答案修改题目，自相矛盾。",√3/3,√3/3,pass,none,2√3/3,fail,fail,not_applicable,2√3/3,blocker,"在空间直角坐标系中，已知点A(1,0,0)，B(0,1,0)，C(0,0,1)，D(1,1,1)。求点D到平面ABC的距离。"
bnu-high-ds-v1-s5-156,S5,lower,fill-in,Challenge,bnu-high-s5-空间向量与立体几何,空间向量与立体几何,选择性必修 第一册,空间向量与立体几何,pass,none,high,stage-b,pass,pass,pass,pass,not_applicable,1/3,,,,存储答案1/3与Stage A独立解一致，解析过程正确。,1/3,1/3,pass,none,1/3,pass,pass,not_applicable,,,"在空间直角坐标系中，已知点A(1,2,1)，B(2,1,2)，C(1,1,3)，D(3,2,1)。则四面体ABCD的体积为______。"
bnu-high-ds-v1-s5-157,S5,lower,multiple-choice,Core,bnu-high-s5-空间向量与立体几何,空间向量与立体几何,选择性必修 第一册,空间向量与立体几何,fail,blocker,high,stage-c,pass,pass,fail,fail,pass,arccos(-4/9),arccos(-4/9),math_error|answer_mismatch|explanation_contradiction,,"存储答案 arccos(4/9) 错误。两法向量夹角余弦为 -4/9，平面夹角取 [0,π]，应为 arccos(-4/9)。解析错误地取绝对值，与正确解法矛盾。",arccos(4/9),arccos(4/9),pass,none,arccos(-4/9),fail,fail,pass,arccos(-4/9),blocker,"已知平面α的法向量为n=(1,2,-2)，平面β的法向量为m=(2,-1,2)。则平面α与平面β的夹角为"
bnu-high-ds-v1-s5-158,S5,lower,short-answer,Exam,bnu-high-s5-空间向量与立体几何,空间向量与立体几何,选择性必修 第一册,空间向量与立体几何,pass,none,high,stage-b,pass,pass,pass,pass,not_applicable,4/3,,,,存储答案 2√3/3 与独立解一致，解析正确。,2√3/3,2√3/3,pass,none,4/3,pass,pass,not_applicable,,,在四棱锥P-ABCD中，底面ABCD是边长为2的正方形，PA⊥底面ABCD，PA=2。以A为原点，AB、AD、AP所在直线分别为x轴、y轴、z轴建立空间直角坐标系。求点C到平面PBD的距离。
bnu-high-ds-v1-s5-159,S5,lower,fill-in,Foundation,bnu-high-s5-空间向量与立体几何,空间向量与立体几何,选择性必修 第一册,空间向量与立体几何,pass,none,high,stage-b,pass,pass,pass,pass,not_applicable,"(0, -1/2, -1/2)",,,,"存储答案 (0, -1/2, -1/2) 与独立解一致，解析正确。","(0, -1/2, -1/2)","(0, -1/2, -1/2)",pass,none,"(0, -1/2, -1/2)",pass,pass,not_applicable,,,"已知空间向量a=(1,0,-1)，b=(0,1,1)，则向量a在向量b上的投影向量的坐标为______。"
bnu-high-ds-v1-s5-160,S5,lower,multiple-choice,Challenge,bnu-high-s5-空间向量与立体几何,空间向量与立体几何,选择性必修 第一册,空间向量与立体几何,pass,none,high,stage-b,pass,pass,pass,pass,pass,"(1/3, 1/3, 1/3)",,,,"存储答案 (1/3, 1/3, 1/3) 与独立解一致，解析正确。","(1/3, 1/3, 1/3)","(1/3, 1/3, 1/3)",pass,none,"(1/3, 1/3, 1/3)",pass,pass,pass,,,"在空间直角坐标系中，已知点A(1,0,0)，B(0,1,0)，C(0,0,1)，点P在平面ABC上，且满足PA=PB=PC。则点P的坐标为"
bnu-high-ds-v1-s5-161,S5,lower,short-answer,Core,bnu-high-s5-空间向量与立体几何,空间向量与立体几何,选择性必修 第一册,空间向量与立体几何,fail,blocker,high,stage-c,fail,pass,fail,fail,not_applicable,,,missing_condition|unsolvable|math_error|answer_mismatch|explanation_contradiction,,"A、B、C三点共线（AB=(3,3,3)，AC=(6,6,6)），无法确定唯一平面ABC，直线AB与平面ABC所成角无定义，题目条件不足，不可解。存储答案0及解析均错误。",0,0 | 0.0,fail,blocker,,fail,fail,not_applicable,,blocker,"在空间直角坐标系中，已知点A(1,2,3)，B(4,5,6)，C(7,8,9)。求直线AB与平面ABC所成角的正弦值。"
bnu-high-ds-v1-s5-162,S5,lower,fill-in,Exam,bnu-high-s5-空间向量与立体几何,空间向量与立体几何,选择性必修 第一册,空间向量与立体几何,fail,blocker,high,stage-c,pass,pass,fail,fail,not_applicable,0,0,math_error|answer_mismatch|explanation_contradiction,,"平面ABC法向量n=(1,1,1)，P(1,λ,λ)，BP=(1,λ-1,λ)，由BP·n=0得2λ=0，唯一解λ=0。存储答案1/3错误，解析中λ=1/3不满足条件，且解析自相矛盾。",1/3,1/3 | 0.333,pass,none,1/3,fail,fail,not_applicable,0,blocker,"在空间直角坐标系中，已知点A(1,0,0)，B(0,1,0)，C(0,0,1)，D(1,1,1)。点P在直线AD上，且满足向量BP与平面ABC的法向量垂直。设AP = λ AD，则λ = ______。"
bnu-high-ds-v1-s5-163,S5,lower,multiple-choice,Foundation,bnu-high-s5-空间向量与立体几何,空间向量与立体几何,选择性必修 第一册,空间向量与立体几何,pass,none,high,stage-b,pass,pass,pass,pass,pass,"(1,1,1)",,,,"存储答案 (1,1,1) 与独立解一致，解析正确。","(1,1,1)","(1,1,1)",pass,none,"(1,1,1)",pass,pass,pass,,,"在空间直角坐标系中，点A(2,0,0)，B(0,2,0)，C(0,0,2)。平面ABC的一个法向量为（ ）。"
bnu-high-ds-v1-s5-164,S5,lower,short-answer,Challenge,bnu-high-s5-空间向量与立体几何,空间向量与立体几何,选择性必修 第一册,空间向量与立体几何,fail,blocker,high,stage-c,pass,pass,fail,fail,not_applicable,λ = 1/2 或 λ = 1/3,λ = 1/2 或 λ = 1/3,math_error|answer_mismatch|explanation_contradiction|accepted_answer_gap,,题目可解，独立求解得 λ=1/2 或 λ=1/3，但存储答案仅给出 1/2，遗漏 λ=1/3，且解析中方向向量取错导致漏解，属于答案错误和解析矛盾，严重性为 blocker。,1/2,1/2 | 0.5,pass,none,λ = 1/2 或 λ = 1/3,fail,fail,not_applicable,λ = 1/2 或 λ = 1/3,blocker,"在空间直角坐标系中，已知点A(1,0,0)，B(0,1,0)，C(0,0,1)，D(1,1,1)。点P在直线AD上，且满足点P到平面ABC的距离等于点P到直线BC的距离。设AP = λ AD，求λ的值。"
bnu-high-ds-v1-s5-165,S5,lower,fill-in,Core,bnu-high-s5-空间向量与立体几何,空间向量与立体几何,选择性必修 第一册,空间向量与立体几何,fail,blocker,high,stage-c,fail,pass,fail,fail,not_applicable,,,missing_condition|unsolvable|math_error|explanation_contradiction,,"点A(1,2,3)、B(4,5,6)、C(7,8,9)共线，无法确定唯一平面ABC及其法向量，题目条件不足，不可解。存储答案0及解析基于错误假设，与数学事实矛盾。",0,0 | 0.0,fail,blocker,,fail,fail,not_applicable,,blocker,"在空间直角坐标系中，已知点A(1,2,3)，B(4,5,6)，C(7,8,9)。点P在直线AB上，且满足向量CP与平面ABC的法向量垂直。设AP = λ AB，则λ = ______。"
bnu-high-ds-v1-s5-166,S5,lower,multiple-choice,Exam,bnu-high-s5-空间向量与立体几何,空间向量与立体几何,选择性必修 第一册,空间向量与立体几何,pass,none,high,stage-b,pass,pass,pass,pass,pass,"(1/3,1/3,1/3)",,,,"存储答案(1/3,1/3,1/3)与Stage A独立解一致，解析正确，单选题唯一解。","(1/3,1/3,1/3)","(1/3,1/3,1/3)",pass,none,"(1/3,1/3,1/3)",pass,pass,pass,,,"在空间直角坐标系中，已知点A(1,0,0)，B(0,1,0)，C(0,0,1)，D(1,1,1)。点P在平面ABC上，且满足向量DP与平面ABC的法向量平行。则点P的坐标为（ ）。"
bnu-high-ds-v1-s5-167,S5,lower,short-answer,Foundation,bnu-high-s5-空间向量与立体几何,空间向量与立体几何,选择性必修 第一册,空间向量与立体几何,pass,none,high,stage-b,pass,pass,pass,pass,not_applicable,2√3/3,,,,存储答案2√3/3与Stage A独立解一致，解析正确。,2√3/3,2√3/3 | 2*sqrt(3)/3,pass,none,2√3/3,pass,pass,not_applicable,,,"在空间直角坐标系中，已知点A(1,0,0)，B(0,1,0)，C(0,0,1)，D(1,1,1)。求点D到平面ABC的距离。"
bnu-high-ds-v1-s5-168,S5,lower,fill-in,Challenge,bnu-high-s5-空间向量与立体几何,空间向量与立体几何,选择性必修 第一册,空间向量与立体几何,pass,none,high,stage-b,pass,pass,pass,pass,not_applicable,1/2,,,,存储答案1/2与Stage A独立解一致，解析正确。,1/2,1/2 | 0.5,pass,none,1/2,pass,pass,not_applicable,,,"在空间直角坐标系中，已知点A(1,0,0)，B(0,1,0)，C(0,0,1)，D(1,1,1)。点P在直线AD上，且满足点P到平面ABC的距离等于点P到直线BC的距离。设AP = λ AD，则λ = ______。"
bnu-high-ds-v1-s5-169,S5,lower,multiple-choice,Core,bnu-high-s5-空间向量与立体几何,空间向量与立体几何,选择性必修 第一册,空间向量与立体几何,pass,none,high,stage-b,pass,pass,pass,pass,pass,√6/3,,,,存储答案√6/3与Stage A独立解一致，解析正确，单选题唯一解。,√6/3,√6/3 | sqrt(6)/3,pass,none,√6/3,pass,pass,pass,,,"在空间直角坐标系中，已知点A(1,0,0)，B(0,1,0)，C(0,0,1)，D(1,1,1)。直线AD与平面ABC所成角的正弦值为（ ）。"
bnu-high-ds-v1-s5-170,S5,lower,short-answer,Exam,bnu-high-s5-空间向量与立体几何,空间向量与立体几何,选择性必修 第一册,空间向量与立体几何,pass,none,high,stage-b,pass,pass,pass,pass,not_applicable,1/2,,,,存储答案1/2与Stage A独立解一致，解析正确。,1/2,1/2 | 0.5,pass,none,1/2,pass,pass,not_applicable,,,"在空间直角坐标系中，已知点A(1,0,0)，B(0,1,0)，C(0,0,1)，D(1,1,1)。点P在直线AD上，且满足点P到平面ABC的距离等于点P到直线BC的距离。设AP = λ AD，求λ的值。"
bnu-high-ds-v1-s5-171,S5,lower,fill-in,Foundation,bnu-high-s5-空间向量与立体几何,空间向量与立体几何,选择性必修 第一册,空间向量与立体几何,fail,blocker,high,stage-c,fail,pass,fail,fail,not_applicable,,,math_error|unsolvable|explanation_contradiction,,"A(1,2,3)、B(4,5,6)、C(7,8,9)三点共线，向量AB与AC共线，夹角为0，余弦值为1。题目要求精确到0.01，但三点共线导致夹角唯一且无实际计算意义，属于数学错误，题目不可解。存储答案1.00和解析基于错误前提，与独立解矛盾。",1.00,1.00 | 1,fail,blocker,,fail,fail,not_applicable,,blocker,"在空间直角坐标系中，已知点A(1,2,3)，点B(4,5,6)，点C(7,8,9)。求向量AB与向量AC的夹角的余弦值（精确到0.01）。"
bnu-high-ds-v1-s5-172,S5,lower,multiple-choice,Challenge,bnu-high-s5-空间向量与立体几何,空间向量与立体几何,选择性必修 第一册,空间向量与立体几何,fail,blocker,high,stage-c,fail,pass,fail,fail,fail,,,math_error|answer_mismatch|ambiguous_mc|bad_options|explanation_contradiction|unsolvable,self_correction_language|overlong_rationale,"直线l过Q(0,1,0)且方向向量s=(1,-1,0)，平面α过P(1,0,0)且法向量n=(1,1,1)。平面方程为x+y+z=1，Q代入得0+1+0=1，故Q在平面内，直线l在平面α内，线面角为0°，正弦值为0。选项无0，且存储答案√6/6与解析中错误方向向量(1,0,0)所得√3/3均不正确，题目无正确选项，不可解。",√6/6,√6/6,pass,none,√6/6,fail,fail,fail,,blocker,"在空间直角坐标系中，已知平面α过点P(1,0,0)，且法向量为n=(1,1,1)。直线l过点Q(0,1,0)，方向向量为s=(1,-1,0)。则直线l与平面α所成角的正弦值为？"
bnu-high-ds-v1-s5-173,S5,lower,short-answer,Core,bnu-high-s5-空间向量与立体几何,空间向量与立体几何,选择性必修 第一册,空间向量与立体几何,pass,none,high,stage-b,pass,pass,pass,pass,not_applicable,√3/3,,,,存储答案√3/3与独立解一致，解析正确推导平面方程和距离公式，无矛盾。,√3/3,√3/3 | sqrt(3)/3,pass,none,√3/3,pass,pass,not_applicable,,,"在空间直角坐标系中，已知点A(2,0,0)，B(0,2,0)，C(0,0,2)，D(1,1,1)。求点D到平面ABC的距离。"
bnu-high-ds-v1-s5-174,S5,lower,fill-in,Exam,bnu-high-s5-空间向量与立体几何,空间向量与立体几何,选择性必修 第一册,空间向量与立体几何,fail,blocker,high,stage-c,fail,pass,fail,fail,not_applicable,,,math_error|unsolvable,,"A(1,2,3)、B(4,5,6)、C(7,8,9)三点共线，无法构成三角形，题目条件错误，要求三角形面积无意义，属于数学错误。",0,0,fail,blocker,,fail,fail,not_applicable,,blocker,"在空间直角坐标系中，已知点A(1,2,3)，点B(4,5,6)，点C(7,8,9)。求三角形ABC的面积。"
bnu-high-ds-v1-s5-175,S5,lower,multiple-choice,Foundation,bnu-high-s5-空间向量与立体几何,空间向量与立体几何,选择性必修 第一册,空间向量与立体几何,pass,none,high,stage-b,pass,pass,pass,pass,pass,"(1/√3, 1/√3, 1/√3)",,,,"存储答案(1/√3, 1/√3, 1/√3)与独立解一致，解析正确，选项唯一。","(1/√3, 1/√3, 1/√3)","(1/√3, 1/√3, 1/√3)",pass,none,"(1/√3, 1/√3, 1/√3)",pass,pass,pass,,,"在空间直角坐标系中，已知点A(1,0,0)，B(0,1,0)，C(0,0,1)，则平面ABC的一个单位法向量为？"
bnu-high-ds-v1-s5-176,S5,lower,short-answer,Challenge,bnu-high-s5-空间向量与立体几何,空间向量与立体几何,选择性必修 第一册,空间向量与立体几何,fail,blocker,high,stage-c,fail,pass,fail,fail,not_applicable,,,math_error|unsolvable|explanation_contradiction|answer_mismatch,self_correction_language,A、B、C、D四点共线，无法构成四边形，更不可能是平行四边形，题目条件错误导致不可解。存储答案错误判定为平行四边形，解析中向量计算与坐标不符，存在矛盾。,"是平行四边形，因为向量AB=DC=(3,3,3)且向量AD=BC=(9,9,9)，两组对边分别平行且相等。","是平行四边形，因为向量AB=DC=(3,3,3)且向量AD=BC=(9,9,9)，两组对边分别平行且相等。",fail,blocker,,fail,fail,not_applicable,,blocker,"在空间直角坐标系中，已知点A(1,2,3)，B(4,5,6)，C(7,8,9)，D(10,11,12)。判断四边形ABCD是否为平行四边形，并说明理由。"
bnu-high-ds-v1-s5-177,S5,lower,fill-in,Core,bnu-high-s5-空间向量与立体几何,空间向量与立体几何,选择性必修 第一册,空间向量与立体几何,pass,none,high,stage-b,pass,pass,pass,pass,not_applicable,√3/2,,,,存储答案√3/2与独立解一致，解析用叉积正确计算面积。,√3/2,√3/2 | sqrt(3)/2,pass,none,√3/2,pass,pass,not_applicable,,,"在空间直角坐标系中，已知点A(1,0,0)，B(0,1,0)，C(0,0,1)，则三角形ABC的面积为______。"
bnu-high-ds-v1-s5-178,S5,lower,multiple-choice,Exam,bnu-high-s5-空间向量与立体几何,空间向量与立体几何,选择性必修 第一册,空间向量与立体几何,fail,blocker,high,stage-c,fail,pass,fail,fail,fail,,,math_error|unsolvable|bad_options,,A、B、C、D四点共线，AB与CD共线，异面直线距离无定义，题目条件错误，选项无0，无法求解。,0,0,fail,blocker,,fail,fail,fail,,blocker,"在空间直角坐标系中，已知点A(1,2,3)，B(4,5,6)，C(7,8,9)，D(10,11,12)。则异面直线AB与CD的距离为？"
bnu-high-ds-v1-s5-179,S5,lower,short-answer,Foundation,bnu-high-s5-空间向量与立体几何,空间向量与立体几何,选择性必修 第一册,空间向量与立体几何,pass,none,high,stage-b,pass,pass,pass,pass,not_applicable,√3/3,,,,存储答案√3/3与独立解一致，解析正确使用点面距离公式。,√3/3,√3/3 | sqrt(3)/3,pass,none,√3/3,pass,pass,not_applicable,,,"在空间直角坐标系中，已知点A(1,0,0)，B(0,1,0)，C(0,0,1)。求原点O到平面ABC的距离。"
bnu-high-ds-v1-s5-180,S5,lower,fill-in,Challenge,bnu-high-s5-空间向量与立体几何,空间向量与立体几何,选择性必修 第一册,空间向量与立体几何,fail,blocker,high,stage-c,fail,pass,fail,fail,not_applicable,,,math_error|unsolvable,,A、B、C、D四点共线，无法构成四面体，题目条件错误，体积无定义，存储答案0虽反映共线但题目要求四面体体积，属于数学错误，不可用。,0,0,fail,blocker,,fail,fail,not_applicable,,blocker,"在空间直角坐标系中，已知点A(1,2,3)，B(4,5,6)，C(7,8,9)，D(10,11,12)。则四面体ABCD的体积为______。"
bnu-high-ds-v1-s5-181,S5,lower,multiple-choice,Core,bnu-high-s5-空间向量与立体几何,空间向量与立体几何,选择性必修 第一册,空间向量与立体几何,pass,none,high,stage-b,pass,pass,pass,pass,pass,√21/7,,,,存储答案与独立解一致，均为√21/7；解析过程正确，无矛盾。,√21/7,√21/7,pass,none,√21/7,pass,pass,pass,,,在长方体ABCD-A₁B₁C₁D₁中，AB=4，AD=3，AA₁=2。以D为原点，DA为x轴正方向，DC为y轴正方向，DD₁为z轴正方向建立空间直角坐标系。点P在棱BB₁上，且BP=1。求直线DP与平面A₁C₁D所成角的正弦值。
bnu-high-ds-v1-s5-182,S5,lower,short-answer,Exam,bnu-high-s5-空间向量与立体几何,空间向量与立体几何,选择性必修 第一册,空间向量与立体几何,fail,blocker,high,stage-c,pass,pass,fail,fail,not_applicable,"(1) 2√3/3; (2) (3/2,1/2,5/2) 或 (-3/2,3/2,7/2)","(1) 2√3/3; (2) (3/2,1/2,5/2) 或 (-3/2,3/2,7/2)",math_error|answer_mismatch|explanation_contradiction,overlong_rationale,"题目可解，符合北师大版空间向量章节要求。但存储答案(1)√3/3错误，正确距离为2√3/3；(2)中P坐标错误，正确为(3/2,1/2,5/2)和(-3/2,3/2,7/2)；解析中t=1/2或-1/2与答案矛盾，且解析本身计算有误。存在数学错误、答案不匹配和解释矛盾，严重程度为阻断。","(1) √3/3；(2) (2,1/2,5/2)或(4,-1/2,3/2)","(1) √3/3；(2) (2,1/2,5/2)或(4,-1/2,3/2) | (1) √3/3；(2) (2,0.5,2.5)或(4,-0.5,1.5) | (1) √3/3；(2) (2,1/2,5/2) 或 (4,-1/2,3/2)",pass,none,"(1) √3; (2) (2,1/2,5/2) 或 (4,-1/2,3/2)",fail,fail,not_applicable,"(1) 2√3/3; (2) (3/2,1/2,5/2) 或 (-3/2,3/2,7/2)",blocker,"在空间直角坐标系中，已知点A(1,2,0)，B(3,0,2)，C(0,1,3)，D(2,2,1)。设平面α过点A且法向量为n=(1,-1,1)。\n(1) 求点D到平面α的距离；\n(2) 若点P在直线BC上，且直线AP与平面α所成角的正弦值为√6/6，求点P的坐标。"
bnu-high-ds-v1-s5-183,S5,lower,fill-in,Foundation,bnu-high-s5-空间向量与立体几何,空间向量与立体几何,选择性必修 第一册,空间向量与立体几何,fail,blocker,high,stage-c,fail,pass,fail,fail,not_applicable,0,0,math_error|answer_mismatch|explanation_contradiction|unsolvable,,"点A(1,2,3)、B(4,5,6)、C(7,8,9)共线，点C到直线AB的距离为0。题目给出的答案√6错误，解析过程自相矛盾，最终得出0却给出√6。题目不可解，答案不匹配，解释矛盾。",√6,√6 | 根号6 | sqrt(6),pass,none,√6,fail,fail,not_applicable,0,blocker,"在空间直角坐标系中，已知点A(1,2,3)，点B(4,5,6)，点C(7,8,9)。求点C到直线AB的距离。"
bnu-high-ds-v1-s5-184,S5,lower,multiple-choice,Challenge,bnu-high-s5-空间向量与立体几何,空间向量与立体几何,选择性必修 第一册,空间向量与立体几何,fail,blocker,high,stage-c,fail,pass,fail,fail,fail,,,ambiguous_mc|unsolvable|missing_condition|explanation_contradiction,,"条件“向量AP与平面ABC的法向量垂直”等价于AP平行于平面ABC，但P已在平面ABC上，该条件恒成立，无法唯一确定P。结合x+y+z=6，P有无穷多解，点P到直线AB的距离不唯一，题目不可解。解析中取特例P(2,2,2)无依据，答案√6/3无效。",√6/3,√6/3,fail,blocker,,fail,fail,fail,,blocker,"在空间直角坐标系中，已知点 A(1, 2, 3)，B(3, 1, 2)，C(2, 3, 1)。点 P 在平面 ABC 上，且满足向量 AP 与平面 ABC 的法向量垂直。若点 P 的坐标可表示为 (x, y, z)，且 x + y + z = 6，则点 P 到直线 AB 的距离为（ ）"
bnu-high-ds-v1-s5-185,S5,lower,short-answer,Core,bnu-high-s5-空间向量与立体几何,空间向量与立体几何,选择性必修 第一册,空间向量与立体几何,fail,blocker,high,stage-c,pass,pass,fail,fail,not_applicable,4√61/61,4√61/61,math_error|answer_mismatch|explanation_contradiction,,题目可解，符合北师大版空间向量章节要求。独立计算得点P到平面A₁BC₁的距离为4√61/61，但存储答案为6√61/61，且解析中计算过程混乱、结果矛盾，存在数学错误和答案不匹配，需修正为4√61/61。,\frac{6\sqrt{61}}{61},\frac{6\sqrt{61}}{61} | 6√61/61 | 6*sqrt(61)/61,pass,none,4√61/61,fail,fail,not_applicable,4√61/61,blocker,在长方体ABCD-A₁B₁C₁D₁中，AB=4，AD=3，AA₁=2。以D为原点，射线DA、DC、DD₁分别为x轴、y轴、z轴的正方向建立空间直角坐标系。点P在线段B₁D₁上，且B₁P : PD₁ = 1 : 2。求点P到平面A₁BC₁的距离。
bnu-high-ds-v1-s5-186,S5,lower,fill-in,Exam,bnu-high-s5-空间向量与立体几何,空间向量与立体几何,选择性必修 第一册,空间向量与立体几何,fail,blocker,high,stage-c,pass,pass,fail,fail,not_applicable,"(4,5,6)","(4,5,6)",math_error|answer_mismatch|explanation_contradiction,,"平面α方程为x+y+z-6=0，线段BC参数化P(4+3t,5+3t,6+3t)，t∈[0,1]，距离d=|9+9t|/√3，t=0时最小，P为B(4,5,6)。存储答案(5,6,7)错误，解析中参数设置反向导致结果错误，必须修正。","(5,6,7)","(5,6,7)",pass,none,"(4,5,6)",fail,fail,not_applicable,"(4,5,6)",blocker,"在空间直角坐标系中，已知点A(1,2,3)，点B(4,5,6)，点C(7,8,9)，点P是线段BC上的动点。设平面α过点A且法向量为n=(1,1,1)。当点P到平面α的距离最小时，求此时点P的坐标。"
bnu-high-ds-v1-s5-187,S5,lower,multiple-choice,Foundation,bnu-high-s5-空间向量与立体几何,空间向量与立体几何,选择性必修 第一册,空间向量与立体几何,warn,none,high,stage-c,pass,pass,pass,weak,pass,\frac{2\sqrt{5}}{15},,,status_rationale_tension,"题目可解，答案唯一，选项无歧义。独立解与存储答案一致，均为2√5/15。解析中法向量取(3,4,-6)与独立解(3,4,6)符号相反，不影响正弦值，但解释存在轻微不一致，标记为weak。整体无数学错误，符合教材范围。",\frac{2\sqrt{5}}{15},\frac{2\sqrt{5}}{15},pass,none,\frac{2\sqrt{5}}{15},pass,weak,pass,,none,在长方体ABCD-A₁B₁C₁D₁中，AB=4，AD=3，AA₁=2。以A为原点，AB、AD、AA₁的方向分别为x轴、y轴、z轴的正方向建立空间直角坐标系。点P在棱BB₁上，且BP=1。求直线PC₁与平面A₁BD所成角的正弦值。
bnu-high-ds-v1-s5-188,S5,lower,short-answer,Challenge,bnu-high-s5-空间向量与立体几何,空间向量与立体几何,选择性必修 第一册,空间向量与立体几何,fail,blocker,high,stage-c,pass,pass,fail,fail,not_applicable,"(1) n=(1,1,2) 或共线向量; (2) λ=1 或 λ=1/2","(1) n=(1,1,2) 或共线向量; (2) λ=1 或 λ=1/2",math_error|answer_mismatch|explanation_contradiction,,"存储答案(1)法向量(1,1,1)错误，正确为(1,1,2)；(2)λ=1不完整，漏解λ=1/2；解析中法向量计算错误，且仅得一个解。","(1) n=(1,1,1) (答案不唯一，与(1,1,1)共线的非零向量均可)；(2) λ=1","(1) n=(1,1,1) (答案不唯一，与(1,1,1)共线的非零向量均可)；(2) λ=1",pass,none,"(1) n=(1,1,-1) 或比例; (2) λ=1 或 λ=1/2",fail,fail,not_applicable,"(1) n=(1,1,2) 或共线向量; (2) λ=1 或 λ=1/2",blocker,"在空间直角坐标系中，已知点A(1,2,0)，B(3,0,2)，C(0,1,3)，D(2,3,1)。点P是线段AB上的动点，且满足AP:PB=λ:1 (λ>0)。设平面BCD的法向量为n。\n(1) 求平面BCD的一个法向量n；\n(2) 若直线DP与平面BCD所成角的正弦值为√6/6，求λ的值。"
bnu-high-ds-v1-s5-189,S5,lower,fill-in,Core,bnu-high-s5-空间向量与立体几何,空间向量与立体几何,选择性必修 第一册,空间向量与立体几何,fail,blocker,high,stage-c,fail,pass,fail,fail,not_applicable,,,unsolvable|missing_condition|explanation_contradiction,,点B在平面ABC上，到该平面的距离恒为0，与法向量求解无关。题目要求计算距离，但结果平凡，且法向量的附加条件（坐标均为正数、模为√3）无法唯一确定，导致题目无实际计算意义，不可解。解析中法向量求解过程与距离0无逻辑关联，存在矛盾。,0,0,fail,blocker,,fail,fail,not_applicable,,blocker,"在空间直角坐标系中，已知点 A(1, 2, 3)，B(3, 1, 2)，C(2, 3, 1)。设平面 ABC 的法向量为 n = (x, y, z)，且满足 n·AB = 0，n·AC = 0，|n| = √3。若 n 的坐标均为正数，则点 B 到平面 ABC 的距离为 ______。"
bnu-high-ds-v1-s5-190,S5,lower,multiple-choice,Exam,bnu-high-s5-空间向量与立体几何,空间向量与立体几何,选择性必修 第一册,空间向量与立体几何,pass,none,high,stage-b,pass,pass,pass,pass,pass,\frac{3\sqrt{14}}{14},,,,存储答案与Stage A独立解一致，均为A选项；解析计算正确，法向量和夹角公式无误，选项唯一。,\frac{3\sqrt{14}}{14},\frac{3\sqrt{14}}{14},pass,none,\frac{3\sqrt{14}}{14},pass,pass,pass,,,在长方体ABCD-A₁B₁C₁D₁中，AB=4，AD=3，AA₁=5。以A为原点，AB、AD、AA₁的方向分别为x轴、y轴、z轴正方向建立空间直角坐标系。点P在棱BB₁上，且BP=2，点Q在棱CC₁上，且CQ=1。设平面APQ与平面ABCD的夹角为θ，则cosθ的值为（ ）。
bnu-high-ds-v1-s5-191,S5,lower,short-answer,Foundation,bnu-high-s5-空间向量与立体几何,空间向量与立体几何,选择性必修 第一册,空间向量与立体几何,pass,none,high,stage-b,pass,pass,pass,pass,not_applicable,1,,,,存储答案1与Stage A独立解一致；解析计算正确，向量共线，夹角余弦为1。,1,1,pass,none,1,pass,pass,not_applicable,,,"在空间直角坐标系中，已知点A(1,2,3)，点B(4,5,6)，点C(7,8,9)。求直线AB与直线AC的夹角的余弦值。"
bnu-high-ds-v1-s5-192,S5,lower,fill-in,Challenge,bnu-high-s5-空间向量与立体几何,空间向量与立体几何,选择性必修 第一册,空间向量与立体几何,pass,none,high,stage-b,pass,pass,pass,pass,not_applicable,\frac{\sqrt{14}}{7},,,,存储答案9√14/14与Stage A独立解一致；解析使用平面方程法计算正确。,\frac{9\sqrt{14}}{14},\frac{9\sqrt{14}}{14} | 9√14/14,pass,none,\frac{\sqrt{14}}{7},pass,pass,not_applicable,,,"在空间直角坐标系中，已知平面α过点P(1,0,2)，且法向量为n=(2,-1,3)。点Q(3,1,4)到平面α的距离为______。"
bnu-high-ds-v1-s5-193,S5,lower,multiple-choice,Core,bnu-high-s5-空间向量与立体几何,空间向量与立体几何,选择性必修 第一册,空间向量与立体几何,fail,blocker,high,stage-c,pass,pass,fail,fail,pass,\frac{4}{9},\frac{4}{9},math_error|answer_mismatch|explanation_contradiction,,"直线方向向量s=(1,2,2)，平面法向量n=(2,-1,2)，线面角θ满足sinθ=|s·n|/(|s||n|)=4/(3×3)=4/9，选项A为4/9且唯一正确。存储答案B错误，解析自相矛盾，需修正为A。",\frac{4\sqrt{21}}{21},\frac{4\sqrt{21}}{21},pass,none,\frac{4}{9},fail,fail,fail,\frac{4}{9},blocker,"在空间直角坐标系中，已知直线l的方向向量为s=(1,2,2)，平面π的法向量为n=(2,-1,2)。则直线l与平面π所成角的正弦值为（ ）。"
bnu-high-ds-v1-s5-194,S5,lower,short-answer,Exam,bnu-high-s5-空间向量与立体几何,空间向量与立体几何,选择性必修 第一册,空间向量与立体几何,fail,blocker,high,stage-c,pass,pass,fail,fail,not_applicable,\sqrt{2},\sqrt{2},math_error|answer_mismatch|explanation_contradiction,,题目可解，建立坐标系后计算点B到平面PCD的距离为√2，但存储答案2√3/3错误，且解析中计算过程得出√2却给出错误最终答案，存在数学错误和答案矛盾。,\frac{2\sqrt{3}}{3},\frac{2\sqrt{3}}{3} | 2√3/3,pass,none,2√3/3,fail,fail,not_applicable,\sqrt{2},blocker,在四棱锥P-ABCD中，底面ABCD是边长为2的正方形，PA垂直于底面，PA=2。建立适当的空间直角坐标系，求点B到平面PCD的距离。
bnu-high-ds-v1-s5-195,S5,lower,fill-in,Foundation,bnu-high-s5-空间向量与立体几何,空间向量与立体几何,选择性必修 第一册,空间向量与立体几何,fail,blocker,high,stage-c,pass,pass,fail,fail,not_applicable,x = -1 - 2√3 或 x = -1 + 2√3,x = -1 - 2√3 或 x = -1 + 2√3,math_error|answer_mismatch|accepted_answer_gap,status_rationale_tension,题目可解，符合北师大版空间向量章节。正确答案为x=-1±2√3，但存储答案-1错误，解析中方程化简错误导致漏解，且未验证所有解，故判定为严重错误。,-1,-1,pass,none,x = -1 - 2√3 或 x = -1 + 2√3,fail,fail,not_applicable,x = -1 - 2\sqrt{3} 或 x = -1 + 2\sqrt{3},blocker,"已知空间向量a=(1,2,3)，b=(x,1,2)，且a与b的夹角为60°，则x=______。"
bnu-high-ds-v1-s5-196,S5,lower,multiple-choice,Challenge,bnu-high-s5-空间向量与立体几何,空间向量与立体几何,选择性必修 第一册,空间向量与立体几何,pass,none,high,stage-b,pass,pass,pass,pass,pass,\frac{1}{3},,,,存储答案1/3与Stage A独立解一致；解析计算正确，体积公式应用无误，选项唯一。,\frac{1}{3},\frac{1}{3},pass,none,\frac{1}{3},pass,pass,pass,,,"在空间直角坐标系中，已知点A(1,0,0)，B(0,1,0)，C(0,0,1)，D(1,1,1)。则四面体ABCD的体积为（ ）。"
bnu-high-ds-v1-s5-197,S5,lower,short-answer,Core,bnu-high-s5-空间向量与立体几何,空间向量与立体几何,选择性必修 第一册,空间向量与立体几何,pass,none,high,stage-b,pass,pass,pass,pass,not_applicable,平面α与平面β重合,,,,存储答案与独立解一致，均为两平面重合，解析正确。,两平面重合,两平面重合 | 重合,pass,none,平面α与平面β重合,pass,pass,not_applicable,,,在空间直角坐标系中，已知平面α：x+2y+3z=6，平面β：2x+4y+6z=12。判断这两个平面的位置关系，并说明理由。
bnu-high-ds-v1-s5-198,S5,lower,fill-in,Exam,bnu-high-s5-空间向量与立体几何,空间向量与立体几何,选择性必修 第一册,空间向量与立体几何,pass,none,high,stage-b,pass,pass,pass,pass,not_applicable,0,,,,存储答案0与独立解一致，三点共线面积为0，解析正确。,0,0,pass,none,0,pass,pass,not_applicable,,,"在空间直角坐标系中，已知点A(1,2,3)，点B(4,5,6)，点C(7,8,9)。则三角形ABC的面积为______。"
bnu-high-ds-v1-s5-199,S5,lower,multiple-choice,Foundation,bnu-high-s5-空间向量与立体几何,空间向量与立体几何,选择性必修 第一册,空间向量与立体几何,fail,blocker,high,stage-c,pass,pass,fail,fail,pass,相交但不垂直,相交但不垂直,math_error|answer_mismatch|explanation_contradiction,,"方向向量与法向量点积非零，直线不垂直平面；点(1,0,2)代入平面方程满足，点在平面上，故直线与平面相交但不垂直。选项C正确，存储答案A错误，解析自相矛盾。",平行,平行,pass,none,平行,fail,fail,pass,相交但不垂直,blocker,"在空间直角坐标系中，已知直线l过点(1,0,2)且方向向量为(2,1,-1)，平面π过点(0,1,1)且法向量为(1,2,1)。则直线l与平面π的位置关系是（ ）。"
bnu-high-ds-v1-s5-200,S5,lower,short-answer,Challenge,bnu-high-s5-空间向量与立体几何,空间向量与立体几何,选择性必修 第一册,空间向量与立体几何,pass,none,high,stage-b,pass,pass,pass,pass,not_applicable,"(1/3, 1/3, 1/3)",,,,"存储答案(1/3,1/3,1/3)与独立解一致，解析正确。","(\frac{1}{3},\frac{1}{3},\frac{1}{3})","(\frac{1}{3},\frac{1}{3},\frac{1}{3}) | (1/3,1/3,1/3)",pass,none,"(1/3, 1/3, 1/3)",pass,pass,not_applicable,,,"在空间直角坐标系中，已知点A(1,0,0)，B(0,1,0)，C(0,0,1)，点P在平面ABC上，且满足PA=PB=PC。求点P的坐标。"
bnu-high-ds-v1-s5-201,S5,lower,fill-in,Core,bnu-high-s5-空间向量与立体几何,空间向量与立体几何,选择性必修 第一册,空间向量与立体几何,fail,blocker,high,stage-c,fail,pass,fail,fail,not_applicable,,,unsolvable|math_error|answer_mismatch|explanation_contradiction,,"A(1,2,3), B(4,5,6), C(7,8,9) 三点共线，无法确定唯一平面，不存在法向量，题目不可解。存储答案 1,-2,1 无意义，解释中亦承认共线但未修正。","1,-2,1","1,-2,1",fail,blocker,,fail,fail,not_applicable,,blocker,"在空间直角坐标系中，已知点A(1,2,3)，点B(4,5,6)，点C(7,8,9)。求平面ABC的一个法向量n，使得n的各个坐标均为整数且互质。请写出该法向量的坐标，用逗号分隔，例如“1,2,3”。"
bnu-high-ds-v1-s5-202,S5,lower,multiple-choice,Exam,bnu-high-s5-空间向量与立体几何,空间向量与立体几何,选择性必修 第一册,空间向量与立体几何,fail,blocker,high,stage-c,pass,pass,fail,fail,pass,√3/3,√3/3,math_error|explanation_contradiction,,独立计算得线面角正弦为√3/3，而存储答案√6/3错误。解析中法向量计算有误，导致答案不匹配，需修正。,√6/3,√6/3,pass,none,√3/3,fail,fail,pass,√3/3,blocker,"在空间直角坐标系中，已知点A(1,0,0)，B(0,1,0)，C(0,0,1)，D(1,1,1)。则直线AB与平面BCD所成角的正弦值为？"
bnu-high-ds-v1-s5-203,S5,lower,short-answer,Foundation,bnu-high-s5-空间向量与立体几何,空间向量与立体几何,选择性必修 第一册,空间向量与立体几何,fail,blocker,high,stage-c,pass,pass,fail,fail,not_applicable,1/3,1/3,math_error|answer_mismatch|explanation_contradiction,,"点P(1,2,3)到平面2x - y + 2z - 5 = 0的距离正确计算为1/3，但存储答案为2，且解析中计算过程与答案矛盾，属于严重错误。",2,2,pass,none,1/3,fail,fail,not_applicable,1/3,blocker,"在空间直角坐标系中，已知点P(1,2,3)，平面α的方程为2x - y + 2z - 5 = 0。求点P到平面α的距离。"
bnu-high-ds-v1-s5-204,S5,lower,fill-in,Core,bnu-high-s5-空间向量与立体几何,空间向量与立体几何,选择性必修 第一册,空间向量与立体几何,pass,none,high,stage-b,pass,pass,pass,pass,not_applicable,√3/2,,,,存储答案√3/2与独立解一致，解析正确。,√3/2,√3/2,pass,none,√3/2,pass,pass,not_applicable,,,"在空间直角坐标系中，已知点A(1,0,0)，B(0,1,0)，C(0,0,1)，则三角形ABC的面积为______。"
bnu-high-ds-v1-s5-205,S5,lower,multiple-choice,Exam,bnu-high-s5-空间向量与立体几何,空间向量与立体几何,选择性必修 第一册,空间向量与立体几何,fail,blocker,high,stage-c,pass,pass,fail,fail,pass,1/3,1/3,math_error|answer_mismatch|explanation_contradiction,,题目可解，符合教材范围。独立计算得体积为1/3，选项B为1/3，选项唯一。但存储答案为1/6，解析中计算过程得1/3却强行改为1/6，存在数学错误、答案不匹配和解释矛盾，严重性为阻断。,1/6,1/6,pass,none,1/6,fail,fail,pass,1/3,blocker,"在空间直角坐标系中，已知点A(1,2,1)，B(2,1,2)，C(1,1,3)，D(3,2,1)。则四面体ABCD的体积为？"
bnu-high-ds-v1-s5-206,S5,lower,short-answer,Foundation,bnu-high-s5-空间向量与立体几何,空间向量与立体几何,选择性必修 第一册,空间向量与立体几何,pass,none,high,stage-b,pass,pass,pass,pass,not_applicable,√3/3,,,,答案 √3/3 与 Stage A 一致，解析正确。,√3/3,√3/3,pass,none,√3/3,pass,pass,not_applicable,,,"在空间直角坐标系中，已知点A(1,0,0)，B(0,1,0)，C(0,0,1)，求原点到平面ABC的距离。"
bnu-high-ds-v1-s5-207,S5,lower,fill-in,Core,bnu-high-s5-空间向量与立体几何,空间向量与立体几何,选择性必修 第一册,空间向量与立体几何,fail,blocker,high,stage-c,pass,pass,fail,fail,not_applicable,"5/√35, 1/√35, -3/√35","5/√35, 1/√35, -3/√35",math_error|answer_mismatch|explanation_contradiction,,"题目可解，与教材匹配。独立求解得单位向量 (5/√35, 1/√35, -3/√35)，但存储答案错误为 (5/√35, 5/√35, -5/√35)，解析过程混乱且与答案矛盾，属于严重错误。","5/√35, 5/√35, -5/√35","5/√35, 5/√35, -5/√35 | 5/√35,5/√35,-5/√35",pass,none,"5/√35, 1/√35, -3/√35",fail,fail,not_applicable,"5/√35, 1/√35, -3/√35",blocker,"在空间直角坐标系中，已知向量a=(1,2,3)，b=(2,-1,1)，则与a和b都垂直的单位向量c的坐标为______。（写出一个即可，用逗号分隔）"
bnu-high-ds-v1-s5-208,S5,lower,multiple-choice,Exam,bnu-high-s5-空间向量与立体几何,空间向量与立体几何,选择性必修 第一册,空间向量与立体几何,fail,blocker,high,stage-c,fail,pass,fail,fail,fail,0,,math_error|answer_mismatch|ambiguous_mc|explanation_contradiction|unsolvable,overlong_rationale,"AB方向向量=(-1,1,0)，CD方向向量=(1,1,0)，点积为0，异面直线夹角余弦为0，但选项无0，题目无正确选项，不可解。存储答案1/3与解析矛盾，解析中计算得0却强行改为1/3，答案错误。",1/3,1/3,pass,none,√3/3,fail,fail,fail,,blocker,"在空间直角坐标系中，已知点A(1,0,0)，B(0,1,0)，C(0,0,1)，D(1,1,1)。则异面直线AB与CD所成角的余弦值为？"
bnu-high-ds-v1-s5-209,S5,lower,short-answer,Foundation,bnu-high-s5-空间向量与立体几何,空间向量与立体几何,选择性必修 第一册,空间向量与立体几何,pass,none,high,stage-b,pass,pass,pass,pass,not_applicable,3√3,,,,答案 3√3 与 Stage A 一致，解析正确。,3√3,3√3,pass,none,3√3,pass,pass,not_applicable,,,"在空间直角坐标系中，已知点A(1,2,3)，B(4,5,6)，求线段AB的长度。"
bnu-high-ds-v1-s5-210,S5,lower,fill-in,Core,bnu-high-s5-空间向量与立体几何,空间向量与立体几何,选择性必修 第一册,空间向量与立体几何,fail,blocker,high,stage-c,pass,pass,fail,fail,not_applicable,5√3/3,5√3/3,math_error|answer_mismatch|explanation_contradiction,,"平面α方程为x+y+z=1，点P(1,2,3)到平面距离为|1+2+3-1|/√3=5/√3=5√3/3。存储答案2√3/3错误，解析中计算得5√3/3却强行改为2√3/3，答案与解析矛盾。",2√3/3,2√3/3,pass,none,√3,fail,fail,not_applicable,5√3/3,blocker,"在空间直角坐标系中，已知点P(1,2,3)，平面α经过点A(1,0,0)，B(0,1,0)，C(0,0,1)。求点P到平面α的距离。"
bnu-high-ds-v1-s5-211,S5,lower,multiple-choice,Exam,bnu-high-s5-空间向量与立体几何,空间向量与立体几何,选择性必修 第一册,空间向量与立体几何,fail,blocker,high,stage-c,pass,pass,fail,fail,pass,3√3,3√3,math_error|answer_mismatch|explanation_contradiction,,题目可解，符合BNU教材范围。独立计算得点D到平面α的距离为3√3，对应选项C。存储答案为2√3，解析中计算过程得出3√3却错误地给出2√3，存在数学错误、答案不匹配和解释矛盾，必须修正为3√3。,2√3,2√3,pass,none,2√3,fail,fail,pass,3√3,blocker,"在空间直角坐标系中，已知点A(1,2,3)，B(4,5,6)，C(7,8,9)，D(10,11,12)。若平面α过点A且法向量为n=(1,-1,1)，则点D到平面α的距离为（ ）。"
bnu-high-ds-v1-s5-212,S5,lower,short-answer,Foundation,bnu-high-s5-空间向量与立体几何,空间向量与立体几何,选择性必修 第一册,空间向量与立体几何,pass,none,high,stage-b,pass,pass,pass,pass,not_applicable,"(1,1,1)",,,,"答案 (1,1,1) 与 Stage A 一致，解析正确。","(1,1,1)","(1,1,1)",pass,none,"(1,1,1)",pass,pass,not_applicable,,,"在空间直角坐标系中，已知点A(1,0,0)，B(0,1,0)，C(0,0,1)。求平面ABC的一个法向量。"
bnu-high-ds-v1-s5-213,S5,lower,fill-in,Core,bnu-high-s5-空间向量与立体几何,空间向量与立体几何,选择性必修 第一册,空间向量与立体几何,pass,none,high,stage-b,pass,pass,pass,pass,not_applicable,"(3,4,5)",,,,"存储答案(3,4,5)与独立解一致，解析正确使用定比分点公式。","(3,4,5)","(3,4,5)",pass,none,"(3,4,5)",pass,pass,not_applicable,,,"在空间直角坐标系中，已知点A(1,2,3)，B(4,5,6)，C(7,8,9)。若点P在直线AB上，且AP:PB=2:1，则点P的坐标为______。"
bnu-high-ds-v1-s5-214,S5,lower,multiple-choice,Exam,bnu-high-s5-空间向量与立体几何,空间向量与立体几何,选择性必修 第一册,空间向量与立体几何,pass,none,high,stage-b,pass,pass,pass,pass,pass,√6/3,,,,存储答案√6/3与独立解一致，解析正确计算法向量和方向向量，线面角正弦值正确。,√6/3,√6/3,pass,none,√6/3,pass,pass,pass,,,"在空间直角坐标系中，已知点A(1,0,0)，B(0,1,0)，C(0,0,1)，D(1,1,1)。则直线AD与平面ABC所成角的正弦值为（ ）。"
bnu-high-ds-v1-s5-215,S5,lower,short-answer,Foundation,bnu-high-s5-空间向量与立体几何,空间向量与立体几何,选择性必修 第一册,空间向量与立体几何,pass,none,high,stage-b,pass,pass,pass,pass,not_applicable,"证明：向量AB=(3,3,3)，向量AC=(6,6,6)，AC=2AB，故A、B、C三点共线。",,,,存储答案与独立解一致，解析正确证明三点共线。,"向量AB=(3,3,3)，AC=(6,6,6)，AC=2AB，故A、B、C共线。","向量AB=(3,3,3)，AC=(6,6,6)，AC=2AB，故A、B、C共线。",pass,none,"证明：向量AB=(3,3,3)，向量AC=(6,6,6)，AC=2AB，故A、B、C三点共线。",pass,pass,not_applicable,,,"在空间直角坐标系中，已知点A(1,2,3)，B(4,5,6)，C(7,8,9)。证明A、B、C三点共线。"
bnu-high-ds-v1-s5-216,S5,lower,fill-in,Core,bnu-high-s5-空间向量与立体几何,空间向量与立体几何,选择性必修 第一册,空间向量与立体几何,pass,none,high,stage-b,pass,pass,pass,pass,not_applicable,√3/2,,,,存储答案√3/2与独立解一致，解析正确使用向量叉积求面积。,√3/2,√3/2,pass,none,√3/2,pass,pass,not_applicable,,,"在空间直角坐标系中，已知点A(1,0,0)，B(0,1,0)，C(0,0,1)，则三角形ABC的面积为______。"
bnu-high-ds-v1-s5-217,S5,lower,multiple-choice,Exam,bnu-high-s5-数学建模活动-三,数学建模活动（三）,选择性必修 第一册,数学建模活动（三）,fail,blocker,high,stage-c,fail,pass,fail,fail,fail,±√2/4,±√2/4,math_error|bad_options|explanation_contradiction,overlong_rationale,独立求解得斜率 k=±√2/4，但选项无此值，且存储答案 ±√3/3 错误，解析推导有误，题目不可解。,±√3/3,±√3/3,pass,none,±√3/3,fail,fail,fail,±√2/4,blocker,"在平面直角坐标系中，已知圆C：x²+y²=4，直线l过点P(3,0)且与圆C相交于A、B两点。若弦AB的长为2√3，则直线l的斜率可能为（ ）。"
bnu-high-ds-v1-s5-218,S5,lower,short-answer,Foundation,bnu-high-s5-数学建模活动-三,数学建模活动（三）,选择性必修 第一册,数学建模活动（三）,pass,none,high,stage-b,pass,pass,pass,pass,not_applicable,x+y-5=0,,,,存储答案x+y-5=0与独立解一致，解析正确。,x+y-5=0,x+y-5=0,pass,none,x+y-5=0,pass,pass,not_applicable,,,"在平面直角坐标系中，已知点A(1,2)，B(3,4)。求线段AB的垂直平分线方程。"
bnu-high-ds-v1-s5-219,S5,lower,fill-in,Core,bnu-high-s5-数学建模活动-三,数学建模活动（三）,选择性必修 第一册,数学建模活动（三）,pass,none,high,stage-b,pass,pass,pass,pass,not_applicable,"(2,-1)",,,,"存储答案(2,-1)与独立解一致，解析正确配方求圆心。","(2,-1)","(2,-1)",pass,none,"(2,-1)",pass,pass,not_applicable,,,在平面直角坐标系中，已知圆C：x²+y²-4x+2y-4=0，则圆心坐标为______。
bnu-high-ds-v1-s5-220,S5,lower,multiple-choice,Exam,bnu-high-s5-数学建模活动-三,数学建模活动（三）,选择性必修 第一册,数学建模活动（三）,pass,none,high,stage-b,pass,pass,pass,pass,pass,3m²=4k²+3,,,,存储答案3m²=4k²+3与独立解一致，解析正确利用垂直条件推导。,3m²=4k²+3,3m²=4k²+3,pass,none,3m²=4k²+3,pass,pass,pass,,,在平面直角坐标系中，已知椭圆C：x²/4+y²/3=1，直线l：y=kx+m与椭圆C交于A、B两点。若以AB为直径的圆过原点，则m与k满足的关系式为（ ）。
bnu-high-ds-v1-s5-221,S5,lower,short-answer,Foundation,bnu-high-s5-数学建模活动-三,数学建模活动（三）,选择性必修 第一册,数学建模活动（三）,fail,blocker,high,stage-c,pass,pass,fail,fail,not_applicable,"C(6, 17/3) 或 C(4, 13/3)","(6, 17/3) 或 (4, 13/3)",math_error|answer_mismatch|explanation_contradiction|accepted_answer_gap,,"题目要求点C到A距离是到B距离的2倍，应有两个解（内分点和外分点）。存储答案仅给出(6,17/3)，漏掉(4,13/3)，且解析未提及另一解，存在数学错误和答案不完整。","(6,17/3)","(6,17/3) | (6, 17/3) | (6,5.67)",pass,none,"C(6, 17/3) 或 C(4, 13/3)",fail,fail,not_applicable,"(6, 17/3) 或 (4, 13/3)",blocker,"某学校计划在校园内修建一条笔直的道路，连接教学楼A和实验楼B。已知教学楼A位于坐标(2,3)，实验楼B位于坐标(8,7)。现需要在道路AB上选择一个点C修建路灯，使得点C到教学楼A的距离是到实验楼B距离的2倍。请建立适当的坐标系，写出点C的坐标，并说明你的计算过程。"
bnu-high-ds-v1-s5-222,S5,lower,fill-in,Core,bnu-high-s5-数学建模活动-三,数学建模活动（三）,选择性必修 第一册,数学建模活动（三）,fail,blocker,high,stage-c,pass,pass,fail,fail,not_applicable,x=5 或 3x+4y-19=0,x=5 或 3x+4y-19=0,math_error|answer_mismatch|explanation_contradiction|accepted_answer_gap,,"圆C：(x-2)²+(y+3)²=25，圆心(2,-3)，半径5。弦长8，弦心距3。直线过P(5,1)，设点斜式时遗漏斜率不存在情况，实际存在两条直线：x=5和3x+4y-19=0。存储答案仅给出y=1，与正确解不符；解析中虽提及两解但最终答案仅写y=1，且acceptedAnswers未包含x=5，存在漏解。",y=1,y=1 | y-1=0 | y=1 或 3x+4y-19=0,pass,none,x=5 或 3x+4y-19=0,fail,fail,not_applicable,x=5 或 3x+4y-19=0,blocker,"在平面直角坐标系中，已知圆C的方程为x²+y²-4x+6y-12=0，直线l过点P(5,1)且与圆C相交于A、B两点。若弦AB的长为8，则直线l的方程为______。（写出一个满足条件的方程即可）"
bnu-high-ds-v1-s5-223,S5,lower,multiple-choice,Exam,bnu-high-s5-数学建模活动-三,数学建模活动（三）,选择性必修 第一册,数学建模活动（三）,fail,blocker,high,stage-c,fail,pass,fail,fail,fail,,,math_error|bad_options|explanation_contradiction|unsolvable,,独立求解得m=±√2，但选项A、B、C、D均不包含该值，题目无正确选项，不可解。存储答案A.-1错误，解析推导有误，且与正确解矛盾。,A. -1,A. -1,fail,blocker,,fail,fail,fail,,blocker,已知圆C：(x-1)²+(y+2)²=9，直线l：mx-y+2m+1=0（m为实数）。若直线l与圆C相交于不同的两点，且这两个交点与坐标原点O构成的三角形OAB的面积为3√2，则m的值为（ ）
bnu-high-ds-v1-s5-224,S5,lower,short-answer,Foundation,bnu-high-s5-数学建模活动-三,数学建模活动（三）,选择性必修 第一册,数学建模活动（三）,pass,none,high,stage-b,pass,pass,pass,pass,not_applicable,直线方程：4x-3y=0，栈道长度：100米,,,,存储答案与Stage A独立解一致，直线方程4x-3y=0，栈道长度100米，解析正确。,直线方程：4x-3y=0，栈道长度：100米,直线方程：4x-3y=0，栈道长度：100米 | 4x-3y=0，100米 | y=(4/3)x，100米,pass,none,直线方程：4x-3y=0，栈道长度：100米,pass,pass,not_applicable,,,"某城市公园内有一个圆形人工湖，湖心坐标为(0,0)，半径为50米。现计划从湖边一点A(30,40)修建一条笔直的栈道通往湖对岸，要求栈道必须经过湖心。请建立适当的坐标系，写出栈道所在直线的方程，并计算栈道的长度。"
bnu-high-ds-v1-s5-225,S5,lower,fill-in,Core,bnu-high-s5-数学建模活动-三,数学建模活动（三）,选择性必修 第一册,数学建模活动（三）,fail,blocker,high,stage-c,pass,pass,fail,fail,not_applicable,2x-y-1=0 或 4x-3y+1=0,2x-y-1=0 或 4x-3y+1=0,math_error|answer_mismatch|explanation_contradiction|accepted_answer_gap,,题目可解，符合BNU建模活动章节要求。正确答案应为2x-y-1=0或4x-3y+1=0，存储答案x-2y+4=0错误，解析中虽提及两解但最终给出错误答案，且acceptedAnswers包含错误答案，存在数学错误和答案不匹配，需修正。,x-2y+4=0,x-2y+4=0 | x-2y+4=0 或 2x-y-1=0,pass,none,x-2y+4=0,fail,fail,not_applicable,2x-y-1=0 或 4x-3y+1=0,blocker,"在平面直角坐标系中，已知点A(1,2)，B(4,6)，直线l经过点P(2,3)且与线段AB相交。若直线l的倾斜角为锐角，且点A和点B到直线l的距离相等，则直线l的方程为______。"
bnu-high-ds-v1-s5-226,S5,lower,multiple-choice,Exam,bnu-high-s5-数学建模活动-三,数学建模活动（三）,选择性必修 第一册,数学建模活动（三）,pass,none,high,stage-b,pass,pass,pass,pass,pass,D,,,,存储答案D.±√5与Stage A独立解一致，解析正确。,D. ±√5,D. ±√5,pass,none,D,pass,pass,pass,,,已知圆C：x²+y²=4，直线l：y=kx+3。若直线l与圆C相交于M、N两点，且以MN为直径的圆恰好经过坐标原点O，则实数k的值为（ ）
bnu-high-ds-v1-s5-227,S5,lower,short-answer,Foundation,bnu-high-s5-数学建模活动-三,数学建模活动（三）,选择性必修 第一册,数学建模活动（三）,fail,blocker,high,stage-c,pass,pass,fail,fail,not_applicable,"(5-2√6, 5-2√6), (5+2√6, 5-2√6), (5+2√6, 5+2√6), (5-2√6, 5+2√6)","(5-2√6, 5-2√6), (5+2√6, 5-2√6), (5+2√6, 5+2√6), (5-2√6, 5+2√6)",math_error|answer_mismatch|explanation_contradiction|accepted_answer_gap,,"题目条件“对角线分别与坐标轴平行”唯一确定矩形边与坐标轴成45°，面积48得半对角线长2√6，顶点坐标必含根号。存储答案(2,2)等为整数坐标，与正确解矛盾；解析中虽提及d=2√6却强行取整，自相矛盾。判定为数学错误，答案不匹配，解释矛盾，严重程度为阻断。","(2,2)，(8,2)，(8,8)，(2,8)","(2,2)，(8,2)，(8,8)，(2,8) | (2,2),(8,2),(8,8),(2,8)",pass,none,"(5-2√6, 5-2√6), (5+2√6, 5-2√6), (5+2√6, 5+2√6), (5-2√6, 5+2√6)",fail,fail,not_applicable,"(5-2√6, 5-2√6), (5+2√6, 5-2√6), (5+2√6, 5+2√6), (5-2√6, 5+2√6)",blocker,"某小区要修建一个矩形花坛，花坛的中心位于坐标(5,5)，且花坛的两条对角线分别与坐标轴平行。已知花坛的面积为48平方米，请建立适当的坐标系，写出花坛四个顶点的坐标。"
bnu-high-ds-v1-s5-228,S5,lower,fill-in,Core,bnu-high-s5-数学建模活动-三,数学建模活动（三）,选择性必修 第一册,数学建模活动（三）,pass,none,high,stage-b,pass,pass,pass,pass,not_applicable,(x-2)²+(y-1)²=2,,,,存储答案(x-2)²+(y-1)²=2与Stage A独立解一致，解析正确。,(x-2)²+(y-1)²=2,(x-2)²+(y-1)²=2 | (x-2)^2+(y-1)^2=2,pass,none,(x-2)²+(y-1)²=2,pass,pass,not_applicable,,,"在平面直角坐标系中，已知圆C的圆心在直线2x-y-3=0上，且圆C经过点A(1,2)和B(3,4)。则圆C的标准方程为______。"
bnu-high-ds-v1-s5-229,S5,lower,multiple-choice,Exam,bnu-high-s5-数学建模活动-三,数学建模活动（三）,选择性必修 第一册,数学建模活动（三）,fail,blocker,high,stage-c,fail,pass,fail,fail,fail,,,math_error|answer_mismatch|ambiguous_mc|bad_options|missing_condition|explanation_contradiction|unsolvable,,"题目数据矛盾：由焦点 F(1,0) 和点 P(√3,1/2) 求得的椭圆方程为 x²/4+y²/3=1，但点 P 不满足该方程，导致椭圆无法唯一确定。解析中计算混乱，最终直线与选项均不匹配，且选项无正确对应，题目不可解。",A. x-2y-1=0,A. x-2y-1=0,pass,none,A. x-2y-1=0,fail,fail,fail,,blocker,"已知椭圆C：x²/a²+y²/b²=1（a>b>0）的右焦点为F(1,0)，且椭圆C经过点P(√3,1/2)。过点F的直线l与椭圆C交于A、B两点，若线段AB的中点为M，且直线OM的斜率为1/2（O为坐标原点），则直线l的方程为（ ）"
bnu-high-ds-v1-s5-230,S5,lower,short-answer,Foundation,bnu-high-s5-数学建模活动-三,数学建模活动（三）,选择性必修 第一册,数学建模活动（三）,fail,blocker,high,stage-c,pass,pass,fail,fail,not_applicable,圆的方程为(x-5)²+(y-3)²=20，半径2√5,圆的方程：(x-5)²+(y-3)²=20，半径：2√5,math_error|answer_mismatch|explanation_contradiction,,"题目可解，圆心在x=5上，由|CA|=|CB|解得圆心(5,3)，半径2√5。存储答案圆心(5,1)半径4错误，解析中计算b=1但半径算得4√2与答案4矛盾，且正确圆心应为(5,3)。",圆的方程：(x-5)²+(y-1)²=16，半径：4,圆的方程：(x-5)²+(y-1)²=16，半径：4 | (x-5)²+(y-1)²=16，4,pass,none,圆的方程为(x-5)²+(y-3)²=20，半径2√5,fail,fail,not_applicable,圆的方程：(x-5)²+(y-3)²=20，半径：2√5,blocker,"某地要修建一条高速公路，需要经过一个湖泊。工程师设计了一座桥梁，桥梁的两端分别位于点A(1,5)和点B(9,1)。为了减少对湖泊生态的影响，桥梁必须设计成圆弧形，且圆弧的圆心在直线x=5上。请建立适当的坐标系，求出圆弧所在圆的方程，并计算圆弧的半径。"
bnu-high-ds-v1-s5-231,S5,lower,fill-in,Core,bnu-high-s5-数学建模活动-三,数学建模活动（三）,选择性必修 第一册,数学建模活动（三）,fail,blocker,high,stage-c,pass,pass,fail,fail,not_applicable,3a-4b=0或3a+4b-24=0,3a-4b=0 或 3a+4b-24=0,math_error|answer_mismatch|explanation_contradiction|accepted_answer_gap,,"矩形对角线方程为3x-4y=0和3x+4y-24=0，点P(a,b)到两线距离相等得|3a-4b|=|3a+4b-24|，化简得3a-4b=0或3a+4b-24=0。存储答案a-b=0错误，解析错误假设符号相反导致漏解，且与独立解矛盾。",a - b = 0,a - b = 0 | a=b | b=a,pass,none,3a-4b=0或3a+4b-24=0,fail,fail,not_applicable,3a-4b=0 或 3a+4b-24=0,blocker,"某校数学建模小组研究校园内一个矩形花坛的灌溉问题。花坛的边界由直线 x=0, x=8, y=0, y=6 围成（单位：米）。他们计划在花坛内安装一个旋转喷头，喷头可覆盖圆形区域。为了均匀灌溉，要求喷头的位置到花坛两条对角线的距离相等。若喷头安装在点 P(a,b)，其中 a,b 满足 0<a<8, 0<b<6，请写出 a 与 b 满足的方程。"
bnu-high-ds-v1-s5-232,S5,lower,multiple-choice,Exam,bnu-high-s5-数学建模活动-三,数学建模活动（三）,选择性必修 第一册,数学建模活动（三）,fail,blocker,high,stage-c,fail,pass,fail,fail,fail,,,math_error|answer_mismatch|ambiguous_mc|bad_options|explanation_contradiction|unsolvable,,"题目不可解：由弦中点横坐标为2及直线过A(1,0)得中点M(2,k)，代入圆方程得k²=8，k=±2√2，但选项均为区间，无正确选项。存储答案k≤-1或k≥1错误，解析中计算混乱且与中点条件矛盾。",k ≤ -1 或 k ≥ 1,k ≤ -1 或 k ≥ 1,fail,blocker,,fail,fail,fail,,blocker,"在平面直角坐标系中，已知圆 C: (x-3)^2 + (y-4)^2 = 9，直线 l 过点 A(1,0) 且与圆 C 相交于 P, Q 两点。若弦 PQ 的中点 M 的横坐标为 2，求直线 l 的斜率 k 的取值范围。"
bnu-high-ds-v1-s5-233,S5,lower,short-answer,Foundation,bnu-high-s5-数学建模活动-三,数学建模活动（三）,选择性必修 第一册,数学建模活动（三）,pass,none,high,stage-b,pass,pass,pass,pass,not_applicable,圆的方程为(x-4)²+(y-3)²=5，建模假设：花坛边界为理想圆，三点测量无误差，坐标系为平面直角坐标系。,,,,存储答案 (x-4)²+(y-3)²=5 与 Stage A 独立解一致，解析正确，无问题。,(x-4)^2 + (y-3)^2 = 5,(x-4)^2 + (y-3)^2 = 5 | (x-4)²+(y-3)²=5,pass,none,圆的方程为(x-4)²+(y-3)²=5，建模假设：花坛边界为理想圆，三点测量无误差，坐标系为平面直角坐标系。,pass,pass,not_applicable,,,"某同学在数学建模活动中，需要确定一个圆形花坛的边界方程。他测得花坛边缘上三个点 A(2,1), B(6,3), C(4,5)（单位：米）。请建立适当的平面直角坐标系，求出该圆形花坛的标准方程，并说明你的建模假设。"
bnu-high-ds-v1-s5-234,S5,lower,fill-in,Core,bnu-high-s5-数学建模活动-三,数学建模活动（三）,选择性必修 第一册,数学建模活动（三）,fail,major,high,stage-c,pass,pass,pass,fail,not_applicable,"(3,0)或(7,0)",,explanation_contradiction,,"题目可解，答案(3,0)或(7,0)正确，与Stage A独立解一致。但解析中计算混乱，出现错误方程t²-6t+17=0并多次调整数据，最终未给出正确推导，解析与答案矛盾。","(3,0) 或 (7,0)","(3,0) 或 (7,0) | P(3,0)或P(7,0) | 3或7",pass,none,"(3,0)或(7,0)",pass,fail,not_applicable,,major,"在平面直角坐标系中，已知点 A(1,2), B(5,6)。若点 P 在 x 轴上，且 ∠APB 为直角，则点 P 的坐标为______。"
bnu-high-ds-v1-s5-235,S5,lower,multiple-choice,Exam,bnu-high-s5-数学建模活动-三,数学建模活动（三）,选择性必修 第一册,数学建模活动（三）,fail,blocker,high,stage-c,fail,pass,fail,fail,not_applicable,无实数解,,math_error|answer_mismatch|explanation_contradiction|unsolvable,,"题目条件矛盾：圆心C(2,-1)，半径2，直线y=kx+3，面积2√3。弦心距d=|2k+4|/√(k²+1)，面积S=d√(4-d²)=2√3，平方得d⁴-4d²+12=0，判别式负，无实数解。选项A的k=-2或1/2代入均不满足面积条件。解析推导混乱，得出错误k值，与答案矛盾。题目不可解，答案错误。",k = -2 或 k = 1/2,k = -2 或 k = 1/2,pass,none,k=-2或k=1/2,pass,fail,pass,,blocker,"在平面直角坐标系中，已知圆 C: (x-2)^2 + (y+1)^2 = 4，直线 l: y = kx + 3。若直线 l 与圆 C 相交于 A, B 两点，且 △ABC（C 为圆心）的面积为 2√3，求实数 k 的值。"
bnu-high-ds-v1-s5-236,S5,lower,short-answer,Foundation,bnu-high-s5-数学建模活动-三,数学建模活动（三）,选择性必修 第一册,数学建模活动（三）,pass,none,high,stage-b,pass,pass,pass,pass,not_applicable,圆的方程为(x-4)²+(y-3)²=5，建模假设：花坛边界为理想圆，三点测量无误差，坐标系为平面直角坐标系。,,,,存储答案 (x-4)²+(y-3)²=5 与 Stage A 独立解一致，解析正确，无问题。,(x-4)^2 + (y-3)^2 = 5,(x-4)^2 + (y-3)^2 = 5 | (x-4)²+(y-3)²=5,pass,none,圆的方程为(x-4)²+(y-3)²=5，建模假设：花坛边界为理想圆，三点测量无误差，坐标系为平面直角坐标系。,pass,pass,not_applicable,,,"某同学在数学建模活动中，需要确定一个圆形花坛的边界方程。他测得花坛边缘上三个点 A(2,1), B(6,3), C(4,5)（单位：米）。请建立适当的平面直角坐标系，求出该圆形花坛的标准方程，并说明你的建模假设。"
bnu-high-ds-v1-s5-237,S5,lower,fill-in,Core,bnu-high-s5-数学建模活动-三,数学建模活动（三）,选择性必修 第一册,数学建模活动（三）,fail,blocker,high,stage-c,pass,pass,pass,fail,not_applicable,"(2,0) 或 (4,0)",,explanation_contradiction|math_error,status_rationale_tension,题目可解，答案正确，但解析中先错误计算得无实根，再通过调整数据得到答案，与题目条件矛盾，且包含数学错误，解析不可接受。,"(2,0) 或 (4,0)","(2,0) 或 (4,0) | P(2,0)或P(4,0) | 2或4",pass,none,"(2,0) 或 (4,0)",pass,fail,not_applicable,,blocker,"在平面直角坐标系中，已知点 A(1,2), B(5,6)。若点 P 在 x 轴上，且 ∠APB 为直角，则点 P 的坐标为______。"
bnu-high-ds-v1-s5-238,S5,lower,multiple-choice,Exam,bnu-high-s5-数学建模活动-三,数学建模活动（三）,选择性必修 第一册,数学建模活动（三）,fail,blocker,high,stage-c,pass,pass,pass,fail,pass,k = -2 或 k = 1/2,,explanation_contradiction|math_error,,题目可解，正确答案为k=-2或1/2，与选项A一致。但解析中计算错误，声称无解或需调整数据，与正确解法矛盾，解析不可用。,k = -2 或 k = 1/2,k = -2 或 k = 1/2,pass,none,k = -2 或 k = 1/2,pass,fail,pass,,blocker,"在平面直角坐标系中，已知圆 C: (x-2)^2 + (y+1)^2 = 4，直线 l: y = kx + 3。若直线 l 与圆 C 相交于 A, B 两点，且 △ABC（C 为圆心）的面积为 2√3，求实数 k 的值。"
bnu-high-ds-v1-s5-239,S5,lower,short-answer,Foundation,bnu-high-s5-数学建模活动-三,数学建模活动（三）,选择性必修 第一册,数学建模活动（三）,pass,none,high,stage-b,pass,pass,pass,pass,not_applicable,标准方程为 (x-4)²+(y-3)²=5，建模假设：花坛边界为理想圆，三点不共线，坐标系为平面直角坐标系。,,,,存储答案与独立解一致，解析正确给出圆心、半径和建模假设，无问题。,(x-4)^2 + (y-3)^2 = 5,(x-4)^2 + (y-3)^2 = 5 | (x-4)²+(y-3)²=5,pass,none,标准方程为 (x-4)²+(y-3)²=5，建模假设：花坛边界为理想圆，三点不共线，坐标系为平面直角坐标系。,pass,pass,not_applicable,,,"某同学在数学建模活动中，需要确定一个圆形花坛的边界方程。他测得花坛边缘上三个点 A(2,1), B(6,3), C(4,5)（单位：米）。请建立适当的平面直角坐标系，求出该圆形花坛的标准方程，并说明你的建模假设。"
bnu-high-ds-v1-s5-240,S5,lower,fill-in,Core,bnu-high-s5-数学建模活动-三,数学建模活动（三）,选择性必修 第一册,数学建模活动（三）,fail,blocker,high,stage-c,pass,pass,pass,fail,not_applicable,"(2,0) 或 (4,0)",,explanation_contradiction|math_error,status_rationale_tension,题目可解，答案正确，但解析过程错误：先按原数据计算得无实根，后擅自调整数据，与题目矛盾，解析不可用。,"(2,0) 或 (4,0)","(2,0) 或 (4,0) | P(2,0)或P(4,0) | 2或4",pass,none,"(2,0) 或 (4,0)",pass,fail,not_applicable,,blocker,"在平面直角坐标系中，已知点 A(1,2), B(5,6)。若点 P 在 x 轴上，且 ∠APB 为直角，则点 P 的坐标为______。"
bnu-high-ds-v1-s5-241,S5,lower,multiple-choice,Exam,bnu-high-s5-数学建模活动-三,数学建模活动（三）,选择性必修 第一册,数学建模活动（三）,fail,blocker,high,stage-c,pass,pass,pass,fail,pass,1 或 -1/7,,explanation_contradiction|math_error,status_rationale_tension,题目可解，独立解与存储答案一致，选项唯一。但解析中M坐标表达式错误，距离化简错误，且最终结果与过程不符，解析不可接受，需修正。,1 或 -1/7,1 或 -1/7,pass,none,1 或 -1/7,pass,fail,pass,,blocker,"某数学建模小组研究一个几何问题：已知圆 C: (x-3)² + (y+1)² = 25，直线 l 过点 P(5,2) 且与圆 C 相交于 A, B 两点。设弦 AB 的中点为 M，若 M 到直线 x-2y+3=0 的距离为 1，求直线 l 的斜率 k。则 k 的值为（ ）"
bnu-high-ds-v1-s5-242,S5,lower,short-answer,Foundation,bnu-high-s5-数学建模活动-三,数学建模活动（三）,选择性必修 第一册,数学建模活动（三）,pass,none,high,stage-b,pass,pass,pass,pass,not_applicable,小路方程为 x=8 或 3x+4y-28=0。建模假设：小路为直线，花坛边界为理想圆，坐标系为平面直角坐标系。,,,,存储答案与独立解一致，解析正确给出切线方程和建模假设，无问题。,x=8 或 3x+4y-28=0,x=8 或 3x+4y-28=0,pass,none,小路方程为 x=8 或 3x+4y-28=0。建模假设：小路为直线，花坛边界为理想圆，坐标系为平面直角坐标系。,pass,pass,not_applicable,,,"某校数学建模小组要设计一个圆形花坛，花坛边界方程为 x²+y²-6x+4y-12=0。现要在花坛外修建一条笔直的小路，要求小路与花坛边界相切，且小路经过点 (8,1)。请建立适当的坐标系，求出小路的直线方程，并说明你的建模假设。"
bnu-high-ds-v1-s5-243,S5,lower,fill-in,Core,bnu-high-s5-数学建模活动-三,数学建模活动（三）,选择性必修 第一册,数学建模活动（三）,fail,blocker,high,stage-c,pass,pass,pass,fail,not_applicable,(x-2.5)²+(y-4)²=9,,math_error|explanation_contradiction,,题目可解，轨迹方程为圆 (x-2.5)²+(y-4)²=9。答案匹配，但解析中常数项计算错误（3.5应为3），导致配方结果与答案矛盾，解析不可用。,(x-2.5)²+(y-4)²=9,(x-2.5)²+(y-4)²=9 | (x-5/2)²+(y-4)²=9,pass,none,(x-2.5)²+(y-4)²=9,pass,fail,not_applicable,,blocker,"在数学建模活动中，小明用坐标法研究一个几何问题：已知点 A(1,2)，B(4,6)，动点 P 满足 |PA|²+|PB|²=50。则动点 P 的轨迹方程为______。"
bnu-high-ds-v1-s5-244,S5,lower,multiple-choice,Exam,bnu-high-s5-数学建模活动-三,数学建模活动（三）,选择性必修 第一册,数学建模活动（三）,fail,blocker,high,stage-c,fail,pass,fail,fail,not_applicable,,,math_error|answer_mismatch|explanation_contradiction|unsolvable,,题目条件导致无实数解：圆半径5，弦长8对应弦心距3，但圆心到直线距离方程|2-m|/√(m²+1)=3化简得8m²+4m+5=0，判别式负，无解。选项和存储答案均无效，题目不可解。,-2 或 1/2,-2 或 1/2,pass,none,-2 或 1/2,pass,fail,pass,,blocker,某数学建模课题中，研究直线与圆的位置关系。已知圆 C: x²+y²-4x+2y-20=0，直线 l: mx-y+1-3m=0（m 为参数）。若直线 l 被圆 C 截得的弦长为 8，则 m 的值为（ ）
bnu-high-ds-v1-s5-245,S5,lower,short-answer,Foundation,bnu-high-s5-数学建模活动-三,数学建模活动（三）,选择性必修 第一册,数学建模活动（三）,fail,blocker,high,stage-c,pass,pass,fail,fail,not_applicable,(x-3)^2+(y-4)^2=50,(x-3)^2+(y-4)^2=50,math_error|answer_mismatch|explanation_contradiction,,"题目可解，但存储答案错误。正确圆心为(3,4)，半径√50，方程(x-3)²+(y-4)²=50。解析计算混乱且与正确解矛盾，答案不匹配。",(x-1)²+(y-2)²=10,(x-1)²+(y-2)²=10,pass,none,(x-3)^2+(y-4)^2=50,fail,fail,not_applicable,(x-3)^2+(y-4)^2=50,blocker,"在数学建模活动中，需要确定一个圆形区域的边界。已知该圆经过点 A(2,3) 和 B(4,-1)，且圆心在直线 x-y+1=0 上。请建立适当的坐标系，求出该圆的方程，并说明你的建模假设。"
bnu-high-ds-v1-s5-246,S5,lower,fill-in,Core,bnu-high-s5-数学建模活动-三,数学建模活动（三）,选择性必修 第一册,数学建模活动（三）,fail,blocker,high,stage-c,pass,pass,fail,fail,not_applicable,m=0 或 m=-20,m=0 或 m=-20,math_error|answer_mismatch|explanation_contradiction,,题目可解，点到直线距离公式得|10+m|/5=2，解得m=0或m=-20。但存储答案-8或12错误，解析虽提及正确计算却强行使用错误答案，与独立解矛盾，属于严重答案错误。,-8 或 12,-8 或 12 | -8或12,pass,none,m=0 或 m=-20,fail,fail,not_applicable,m=0 或 m=-20,blocker,"在数学建模中，需要计算点到直线的距离。已知点 P(2,-1) 到直线 l: 3x-4y+m=0 的距离为 2，则实数 m 的值为______。"
bnu-high-ds-v1-s5-247,S5,lower,multiple-choice,Exam,bnu-high-s5-数学建模活动-三,数学建模活动（三）,选择性必修 第一册,数学建模活动（三）,pass,none,high,stage-b,pass,pass,pass,pass,pass,±√7/4,,,,存储答案±√7/4与Stage A独立解一致，解析过程正确，选项唯一。,±√7/4,±√7/4,pass,none,±√7/4,pass,pass,pass,,,在数学建模活动中，研究直线与椭圆的位置关系。已知椭圆 C: x²/16 + y²/9 = 1，直线 l: y = kx + 2。若直线 l 与椭圆 C 有且只有一个公共点，则 k 的值为（ ）
bnu-high-ds-v1-s5-248,S5,lower,short-answer,Foundation,bnu-high-s5-数学建模活动-三,数学建模活动（三）,选择性必修 第一册,数学建模活动（三）,fail,blocker,high,stage-c,pass,pass,fail,fail,not_applicable,(x-3)^2+(y-4)^2=8,(x-3)^2+(y-4)^2=8,math_error|answer_mismatch|explanation_contradiction,,"题目可解，圆心(3,4)，半径√8，圆方程(x-3)²+(y-4)²=8。存储答案(x-2)²+(y-2)²=10错误，解析计算混乱且与正确解矛盾，判定为严重错误。",(x-2)²+(y-2)²=10,(x-2)²+(y-2)²=10,pass,none,(x-3)^2+(y-4)^2=8,fail,fail,not_applicable,(x-3)^2+(y-4)^2=8,blocker,"某数学建模小组要确定一个圆形喷水池的边界。已知喷水池边界经过点 A(1,3) 和 B(5,-1)，且圆心在直线 2x-y-2=0 上。请建立适当的坐标系，求出喷水池边界圆的方程，并说明你的建模假设。"
bnu-high-ds-v1-s5-249,S5,lower,fill-in,Core,bnu-high-s5-数学建模活动-三,数学建模活动（三）,选择性必修 第一册,数学建模活动（三）,pass,none,high,stage-b,pass,pass,pass,pass,not_applicable,m=10 或 m=-30,,,,存储答案10或-30与Stage A独立解一致，解析过程正确。,10 或 -30,10 或 -30 | 10或-30,pass,none,m=10 或 m=-30,pass,pass,not_applicable,,,在数学建模中，需要计算两平行线间的距离。已知直线 l1: 3x+4y-5=0 与 l2: 6x+8y+m=0 平行，且它们之间的距离为 2，则实数 m 的值为______。
bnu-high-ds-v1-s5-250,S5,lower,multiple-choice,Exam,bnu-high-s5-数学建模活动-三,数学建模活动（三）,选择性必修 第一册,数学建模活动（三）,pass,none,high,stage-b,pass,pass,pass,pass,pass,0 或 1,,,,存储答案0或1与Stage A独立解一致，解析过程正确，选项唯一。,0 或 1,0 或 1,pass,none,0 或 1,pass,pass,pass,,,在数学建模课题中，研究直线与抛物线的位置关系。已知抛物线 C: y² = 8x，直线 l: y = kx + 2。若直线 l 与抛物线 C 有且只有一个公共点，则 k 的值为（ ）
bnu-high-ds-v1-s5-251,S5,lower,short-answer,Foundation,bnu-high-s5-数学建模活动-三,数学建模活动（三）,选择性必修 第一册,数学建模活动（三）,warn,minor,high,stage-c,pass,pass,pass,weak,not_applicable,"(1) A(0,0), B(8,0), C(8,6), D(0,6); (2) r=5; (3) 以A为原点，AB为x轴，AD为y轴，使顶点坐标简单，便于计算。",,explanation_contradiction,status_rationale_tension,题目可解，答案匹配，但解析中计算最小半径时错误地使用了顶点距离（√41），而正确方法应为圆心到矩形各边的最大距离（5），解析存在矛盾，但不影响最终答案正确性。,"（1）A(0,0)，B(8,0)，C(8,6)，D(0,6)；（2）r=5 m；（3）以A为原点，AB为x轴，AD为y轴，充分利用了矩形的直角边，简化了顶点坐标和距离计算。","（1）A(0,0)，B(8,0)，C(8,6)，D(0,6)；（2）r=5 m；（3）以A为原点，AB为x轴，AD为y轴，充分利用了矩形的直角边，简化了顶点坐标和距离计算。",pass,none,"(1) A(0,0), B(8,0), C(8,6), D(0,6); (2) r=5; (3) 以A为原点，AB为x轴，AD为y轴，使顶点坐标简单，便于计算。",pass,weak,not_applicable,,minor,"某数学建模小组研究校园内一个矩形花坛的喷灌系统。花坛的边界为矩形ABCD，其中AB=8 m，AD=6 m。以A为坐标原点，AB所在直线为x轴，AD所在直线为y轴建立平面直角坐标系。喷头位于点P(3,2)处，喷出的水形成圆形区域。要求喷灌区域恰好覆盖整个矩形花坛，且喷灌半径最小。\n（1）写出矩形四个顶点的坐标；\n（2）求满足条件的最小喷灌半径r；\n（3）说明你选择的坐标系的合理性。"
bnu-high-ds-v1-s5-252,S5,lower,fill-in,Core,bnu-high-s5-数学建模活动-三,数学建模活动（三）,选择性必修 第一册,数学建模活动（三）,fail,blocker,high,stage-c,pass,pass,fail,fail,not_applicable,k=3/4 或 k=-3/4,k=3/4 或 k=-3/4,math_error|answer_mismatch|explanation_contradiction,,存储答案k=-3/4或k=4/3错误，正确解为k=±3/4。解析中方程20k²-7k-4=0的解应为k=4/3或k=-1/4，与独立解不符，且计算过程有误。,k = -3/4 或 k = 4/3,k = -3/4 或 k = 4/3 | -3/4 或 4/3 | k=-3/4或k=4/3,pass,none,k=3/4 或 k=-3/4,fail,fail,not_applicable,k=3/4 或 k=-3/4,blocker,"某数学建模小组研究校园内一条直线道路与一个圆形花坛的位置关系。以花坛中心为原点，正东方向为x轴正方向，正北方向为y轴正方向，建立平面直角坐标系（单位：米）。已知花坛的边界方程为 x²+y²=25，道路所在直线经过点 P(7,1)，且与花坛边界相交于两点，两点间的距离为 8 米。求该道路所在直线的斜率 k。"
bnu-high-ds-v1-s5-253,S5,lower,multiple-choice,Exam,bnu-high-s5-数学建模活动-三,数学建模活动（三）,选择性必修 第一册,数学建模活动（三）,fail,blocker,high,stage-c,pass,pass,pass,fail,pass,A,,explanation_contradiction,,题目可解，独立求解得k²≥3，即k≤-√3或k≥√3，与选项A一致。但解析中错误得出k²=4/9，与最终答案矛盾，推导过程有误，属于解析与答案严重矛盾，需修正解析。,"(-∞, -√3] ∪ [√3, +∞)","(-∞, -√3] ∪ [√3, +∞)",pass,none,A,pass,fail,pass,,blocker,"在平面直角坐标系中，已知圆C：x²+y²=4，点A(3,0)。过点A的直线l与圆C交于P、Q两点。若以线段PQ为直径的圆恰好经过原点O，则直线l的斜率k的取值范围是（　　）"
bnu-high-ds-v1-s5-254,S5,lower,short-answer,Foundation,bnu-high-s5-数学建模活动-三,数学建模活动（三）,选择性必修 第一册,数学建模活动（三）,fail,blocker,high,stage-c,pass,pass,fail,fail,not_applicable,6.40 m,最小半径约为6.40 m,math_error|answer_mismatch|explanation_contradiction,self_correction_language,题目要求覆盖四个顶点，最小半径应为喷头到最远顶点C的距离√41≈6.40 m，存储答案5.00 m错误，且解析中已指出正确值为6.40 m，与答案矛盾，构成严重错误。,最小半径约为5.00 m,最小半径约为5.00 m | 5.00 m | 5.00 | 5,pass,none,5.00 m,fail,fail,not_applicable,最小半径约为6.40 m,blocker,"某数学建模小组研究校园内一个矩形花坛的喷灌系统。花坛的边界为矩形ABCD，其中AB = 8 m，AD = 6 m。以A为原点，AB所在直线为x轴，AD所在直线为y轴建立平面直角坐标系（单位：m）。喷头位于点P(3, 2)处，喷水区域是以P为圆心、半径可调的圆形区域。为了恰好覆盖花坛的四个顶点A、B、C、D，需要确定喷水半径的最小值。请建立数学模型，计算该最小半径（精确到0.01 m），并说明你的建模假设和计算步骤。"
bnu-high-ds-v1-s5-255,S5,lower,fill-in,Core,bnu-high-s5-数学建模活动-三,数学建模活动（三）,选择性必修 第一册,数学建模活动（三）,fail,blocker,high,stage-c,pass,pass,fail,pass,not_applicable,"小路不完全位于公园内部，因为点A(1,2)在圆外。","小路不完全位于公园内部，因为点A(1,2)在圆外。",answer_mismatch,,存储答案错误地指出点B在圆外，但实际点A在圆外，点B在圆内。解析正确指出A在圆外，与存储答案矛盾。答案必须修正为指出点A在圆外。,小路不完全位于公园内部，因为点B到圆心的距离大于半径。,小路不完全位于公园内部，因为点B到圆心的距离大于半径。 | 不完全位于公园内部，因为点B在圆外。 | 否，点B在圆外。,pass,none,"小路不完全位于公园内部，因为点A(1,2)在圆外。",fail,pass,not_applicable,"小路不完全位于公园内部，因为点A(1,2)在圆外。",blocker,"某城市规划部门要在一条笔直的东西向主干道旁新建一个圆形公园。以主干道为x轴，正东方向为正方向，以主干道上某一点为原点建立平面直角坐标系。经过测量，公园的边界满足方程 x^2 + y^2 - 6x + 4y + 4 = 0（单位：百米）。公园管理处计划在公园内修建一条从点A(1, 2)到点B(5, -2)的笔直小路，且小路必须经过公园的中心。请判断这条小路是否完全位于公园内部（含边界），并说明理由。"
bnu-high-ds-v1-s5-256,S5,lower,multiple-choice,Exam,bnu-high-s5-数学建模活动-三,数学建模活动（三）,选择性必修 第一册,数学建模活动（三）,fail,blocker,high,stage-c,pass,pass,pass,fail,pass,A,,explanation_contradiction,,题目可解，选项唯一，答案匹配选项A。但解析中推导出k²=1/3，与最终答案k²≥1/3矛盾，且未正确推导出不等式条件，解析存在严重错误，需修正。,"(-∞, -√3/3] ∪ [√3/3, +∞)","(-∞, -√3/3] ∪ [√3/3, +∞)",pass,none,A,pass,fail,pass,,blocker,"在平面直角坐标系中，已知圆C：x² + y² = 4，点A(3,0)。过点A作直线l交圆C于P、Q两点。设线段PQ的中点为M。若以M为圆心且与直线l相切的圆恰好经过点A，求直线l的斜率k的取值范围。"
bnu-high-ds-v1-s5-257,S5,lower,short-answer,Foundation,bnu-high-s5-数学建模活动-三,数学建模活动（三）,选择性必修 第一册,数学建模活动（三）,fail,blocker,high,stage-c,pass,pass,fail,fail,not_applicable,"(1) 3x-4y+14=0; (2) Q(0,3.5); (3) 2.80","(1) 3x-4y+14=0\n(2) Q(0,3.5)\n(3) 2.80",math_error|answer_mismatch|explanation_contradiction,,题目可解，符合北师大版数学建模活动要求。独立计算得点P到AC距离为2.80，但存储答案为2.40，且解析中自相矛盾（指出正确值为2.80却给出2.40），存在数学错误和答案不匹配，必须修正。,"(1) 3x-4y+14=0\n(2) Q(0,3.5)\n(3) 2.40","(1) 3x-4y+14=0\n(2) Q(0,3.5)\n(3) 2.40",pass,none,"(1) 3x-4y+14=0; (2) Q(0,3.5); (3) 2.40",fail,fail,not_applicable,"(1) 3x-4y+14=0\n(2) Q(0,3.5)\n(3) 2.80",blocker,"某数学建模小组研究一个矩形场地上的路径问题。场地四个顶点坐标分别为 A(0,0), B(8,0), C(8,6), D(0,6)。一条直线型小路从点 P(2,5) 出发，且与对角线 AC 平行。请完成以下任务：\n(1) 写出这条小路的直线方程（化为一般式）；\n(2) 计算小路与边 AD 的交点 Q 的坐标；\n(3) 计算点 P 到对角线 AC 的距离（精确到 0.01）。"
bnu-high-ds-v1-s5-258,S5,lower,fill-in,Core,bnu-high-s5-数学建模活动-三,数学建模活动（三）,选择性必修 第一册,数学建模活动（三）,fail,blocker,high,stage-c,pass,pass,fail,fail,not_applicable,"0, -4/3","0, -4/3",math_error|answer_mismatch|explanation_contradiction,,"题目可解，符合BNU建模活动要求。正确答案为k=0或k=-4/3，但存储答案为0, -20/21，解析中距离公式化简错误导致方程解错，答案与解释均不匹配，需修正。","0, -20/21","0, -20/21 | 0,-20/21",pass,none,"0, -4/3",fail,fail,not_applicable,"0, -4/3",blocker,"某数学建模小组研究一个几何问题：在平面直角坐标系中，有一条直线 l 过点 P(2, 3)，且与圆 C: (x - 1)² + (y + 2)² = 25 相交于 A、B 两点。他们希望 |AB| = 8。请建立适当的直线方程模型，并求出满足条件的直线 l 的斜率 k。若存在多个解，请用逗号分隔。"
bnu-high-ds-v1-s5-259,S5,lower,multiple-choice,Exam,bnu-high-s5-数学建模活动-三,数学建模活动（三）,选择性必修 第一册,数学建模活动（三）,fail,blocker,high,stage-c,pass,pass,fail,fail,pass,"曲线Γ是圆心在(0,2)、半径为2的圆","曲线Γ是圆心在(0,2)、半径为2的圆",math_error|answer_mismatch|explanation_contradiction,,"正确轨迹为圆心(0,2)半径2的圆，对应选项B。但存储答案为圆心(0,1)半径1，且解析中得出正确方程却错误选择，存在数学错误和答案矛盾。","曲线Γ是圆心在(0,1)、半径为1的圆","曲线Γ是圆心在(0,1)、半径为1的圆",pass,none,A,fail,fail,pass,"曲线Γ是圆心在(0,2)、半径为2的圆",blocker,"在平面直角坐标系xOy中，已知圆C：x²+y²=4，点A(0,2)。过点A的动直线l与圆C相交于M、N两点（M、N可以重合）。设线段MN的中点为P，点Q满足向量OQ = 向量OM + 向量ON（O为坐标原点）。记点Q的轨迹为曲线Γ。下列选项中，正确描述曲线Γ的是（ ）"
bnu-high-ds-v1-s5-260,S5,lower,short-answer,Foundation,bnu-high-s5-数学建模活动-三,数学建模活动（三）,选择性必修 第一册,数学建模活动（三）,fail,blocker,high,stage-c,pass,pass,fail,fail,not_applicable,"(1) 最小半径约为6.40 m，此时圆形区域经过点B和C，与花坛边界相交。\n(2) 小路所在直线方程为x+y-7=0。","(1) 最小半径约为6.40 m，此时圆形区域经过点B和C，与花坛边界相交。\n(2) 小路所在直线方程为x+y-7=0。",math_error|answer_mismatch|explanation_contradiction,,"第(1)问答案错误：覆盖整个矩形的最小半径应为圆心到最远顶点的距离√41≈6.40 m，而非5 m；第(2)问答案错误：过P平分矩形面积的直线必过中心(4,3)，正确方程为x+y-7=0，而非3x+4y-25=0。解析中虽指出正确半径但最终答案矛盾，且第(2)问解析与答案不符。","（1）最小半径为5 m，此时圆形区域经过点B(8,0)和点D(0,6)，且与花坛边界相切于点B和点D。\n（2）小路所在直线方程为3x + 4y - 25 = 0。","（1）最小半径为5 m，此时圆形区域经过点B(8,0)和点D(0,6)，且与花坛边界相切于点B和点D。\n（2）小路所在直线方程为3x + 4y - 25 = 0。",pass,none,"(1) 最小半径5 m，此时圆形区域与花坛边界相切于点D(0,6)和点B(8,0)？实际上覆盖整个花坛需半径≥max(PA,PB,PC,PD)=PC=√41≈6.40，但题目说“恰好覆盖整个花坛”，可能指圆形区域包含矩形，最小半径应为圆心到矩形最远点的距离，即√41≈6.40 m。但重新读题：“若喷灌半径恰好使圆形区域覆盖整个花坛”，即圆形区域包含整个矩形，最小半径是圆心到矩形四个顶点距离的最大值，即√41≈6.40 m。但我的独立答案写成了5，这是错误的。正确应为6.40 m。 (2) 过P平分矩形面积的直线必过矩形中心(4,3)，由P(3,4)和中心(4,3)得直线方程x+y-7=0。",fail,fail,not_applicable,"（1）最小半径约为6.40 m，此时圆形区域经过点B和C，与花坛边界相交。\n（2）小路所在直线方程为x+y-7=0。",blocker,"某校数学建模小组研究校园内一个矩形花坛的喷灌覆盖问题。花坛边界为矩形ABCD，其中AB = 8 m，AD = 6 m。以A为坐标原点，AB所在直线为x轴，AD所在直线为y轴建立平面直角坐标系（单位：m）。喷头位于点P(3, 4)，喷灌区域是以P为圆心、半径可调的圆形区域。\n\n（1）若喷灌半径恰好使圆形区域覆盖整个花坛，求该半径的最小值，并说明此时圆形区域与花坛边界的位置关系。\n（2）现计划在花坛内铺设一条直线型小路，要求小路经过点P，且将花坛分成面积相等的两部分。求该小路所在直线的方程（写成一般式）。"
bnu-high-ds-v1-s5-261,S5,lower,fill-in,Core,bnu-high-s5-数学建模活动-三,数学建模活动（三）,选择性必修 第一册,数学建模活动（三）,fail,blocker,high,stage-c,pass,pass,pass,fail,not_applicable,5,,math_error|explanation_contradiction,,题目可解，答案5正确，但解析中矩形顶点坐标和喷头坐标均与题目条件不符，解析过程错误，与正确答案矛盾，需修正解析。,5,5 | 5 m | 5m,pass,none,5,pass,fail,not_applicable,,blocker,"某数学建模小组研究校园内一个矩形花坛的喷灌覆盖问题。花坛边界为矩形ABCD，其中AB = 8 m，AD = 6 m。以A为原点，AB所在直线为x轴，AD所在直线为y轴建立平面直角坐标系（单位：m）。喷头位于点P(3, 2)，喷灌区域是以P为圆心、半径可调的圆形区域。要求喷灌区域恰好覆盖整个矩形花坛，且半径最小。求该最小半径的值（单位：m）。"
bnu-high-ds-v1-s5-262,S5,lower,multiple-choice,Exam,bnu-high-s5-数学建模活动-三,数学建模活动（三）,选择性必修 第一册,数学建模活动（三）,fail,blocker,high,stage-c,pass,pass,fail,fail,pass,"(x - 2)² + y² = 1 (除去点(2,0))","(x - 2)² + y² = 1 (除去点(2,0))",math_error|answer_mismatch|explanation_contradiction,,"正确轨迹为(x-2)²+y²=1（除去(2,0)），对应选项B。存储答案选A且解析得出(x-2)²+y²=4，存在数学错误，答案不匹配，解析矛盾。","(x - 2)² + y² = 4 (除去点(0,0))","(x - 2)² + y² = 4 (除去点(0,0))",pass,none,"(x - 2)² + y² = 1 (除去点(2,0))",fail,fail,pass,"(x - 2)² + y² = 1 (除去点(2,0))",blocker,"在平面直角坐标系中，已知圆C：x² + y² = 4，点A(4, 0)。过点A作直线l与圆C相交于P、Q两点。设线段PQ的中点为M。若直线l绕点A旋转，求点M的轨迹方程，并指出轨迹是什么曲线。"
bnu-high-ds-v1-s5-263,S5,lower,short-answer,Foundation,bnu-high-s5-数学建模活动-三,数学建模活动（三）,选择性必修 第一册,数学建模活动（三）,pass,none,high,stage-b,pass,pass,pass,pass,not_applicable,(1) 截距式 x/8 + y/6 = 1，理由：已知两截距，形式简洁；(2) 距离d=4.8米，d<5，故相交；(3) 两条切线：3x+4y+25=0 和 3x+4y-25=0。,,,,存储答案与Stage A独立解一致，解析正确。,"（1）直线方程为3x+4y-24=0。选择一般式，因为便于计算点到直线的距离。\n（2）距离为4.8米，因为4.8<5，所以道路与花坛相交。\n（3）切线方程为3x+4y+25=0或3x+4y-25=0。","（1）直线方程为3x+4y-24=0。选择一般式，因为便于计算点到直线的距离。\n（2）距离为4.8米，因为4.8<5，所以道路与花坛相交。\n（3）切线方程为3x+4y+25=0或3x+4y-25=0。",pass,none,(1) 截距式 x/8 + y/6 = 1，理由：已知两截距，形式简洁；(2) 距离d=4.8米，d<5，故相交；(3) 两条切线：3x+4y+25=0 和 3x+4y-25=0。,pass,pass,not_applicable,,,"某数学建模小组研究校园内一条直线道路与一个圆形花坛的位置关系。他们以花坛中心为原点O，正东方向为x轴正方向，正北方向为y轴正方向建立平面直角坐标系（单位：米）。测得花坛半径为5米，道路恰好经过点A(8,0)和点B(0,6)。\n\n（1）请写出道路所在直线的方程，并说明你选择的方程形式及理由；\n（2）计算花坛中心到道路的距离，并判断道路与花坛的位置关系（相交、相切、相离）；\n（3）若要在花坛边缘修建一条与道路平行的切线，求该切线的方程。"
bnu-high-ds-v1-s5-264,S5,lower,fill-in,Core,bnu-high-s5-数学建模活动-三,数学建模活动（三）,选择性必修 第一册,数学建模活动（三）,fail,blocker,high,stage-c,pass,pass,fail,fail,not_applicable,3x - 4y - 2 = 0 或 4x + 3y - 11 = 0,3x - 4y - 2 = 0 或 4x + 3y - 11 = 0,math_error|answer_mismatch|explanation_contradiction,,题目可解，符合BNU建模活动要求。独立求解得两条切线：3x-4y-2=0和4x+3y-11=0。存储答案3x+4y-10=0错误，且解析中方程求解错误、舍去一解理由不成立，与正确解答矛盾。,3x + 4y - 10 = 0,3x + 4y - 10 = 0 | 3x+4y-10=0 | 3x + 4y = 10 | 3x+4y=10,pass,none,y - 1 = (3/4)(x - 2) 或 y - 1 = (-4/3)(x - 2)，即 3x - 4y - 2 = 0 或 4x + 3y - 11 = 0。,fail,fail,not_applicable,3x - 4y - 2 = 0 或 4x + 3y - 11 = 0,blocker,"某数学建模小组要设计一个校园景观：在平面直角坐标系中，有一条直线经过点 A(2, 1)，且与圆 C: (x - 4)² + (y + 3)² = 25 相切。已知该直线的斜率存在，求该直线的方程。请写出你的建模假设、推导过程，并给出最终直线方程。"
bnu-high-ds-v1-s5-265,S5,lower,multiple-choice,Exam,bnu-high-s5-数学建模活动-三,数学建模活动（三）,选择性必修 第一册,数学建模活动（三）,warn,none,high,stage-c,pass,pass,pass,weak,pass,"(x - 2)² + y² = 2（去掉点(4,0)）",,,,"题目可解，轨迹方程推导正确，选项B唯一匹配。解析中未充分说明去掉点(4,0)的原因，但答案无误，不影响整体正确性。","(x - 2)² + y² = 2（去掉点(4,0)）","(x - 2)² + y² = 2（去掉点(4,0)）",pass,none,"(x - 2)² + y² = 2（去掉点(4,0)）",pass,weak,pass,,none,"在平面直角坐标系中，已知圆C：x² + y² = 4，点A(4, 0)。过点A作两条互相垂直的直线l₁和l₂，分别交圆C于P、Q两点（P、Q不同于A）。设线段PQ的中点为M。当l₁的倾斜角α从0变化到π时，点M的轨迹记为曲线E。下列哪个选项正确描述了曲线E的方程？"
bnu-high-ds-v1-s5-266,S5,lower,short-answer,Foundation,bnu-high-s5-数学建模活动-三,数学建模活动（三）,选择性必修 第一册,数学建模活动（三）,fail,blocker,high,stage-c,pass,pass,fail,fail,not_applicable,"(1) 3x+4y-24=0；(2) d=4.8，相交；(3) (3,4)","（1）3x+4y-24=0；（2）距离为4.8米，道路与花坛相交；（3）(3,4)",math_error|answer_mismatch|explanation_contradiction,,"第(3)问要求入口到道路距离最短，应为唯一解(3,4)。(-3,-4)到直线距离更远，不符合题意。存储答案给出两个点，错误。","（1）3x+4y-24=0；（2）距离为4.8米，道路与花坛相交；（3）(3,4)或(-3,-4)","（1）3x+4y-24=0；（2）距离为4.8米，道路与花坛相交；（3）(3,4)或(-3,-4)",pass,none,"(1) 3x+4y-24=0；(2) d=4.8，相交；(3) 入口坐标(3,4)。",fail,fail,not_applicable,"（1）3x+4y-24=0；（2）距离为4.8米，道路与花坛相交；（3）(3,4)",blocker,"某数学建模小组研究校园内一条笔直道路与一个圆形花坛的位置关系。他们以花坛中心为原点，正东方向为x轴正方向，正北方向为y轴正方向，建立平面直角坐标系（单位：米）。已知道路所在直线经过点A(8,0)和点B(0,6)，圆形花坛的边界方程为x²+y²=25。\n\n（1）求道路所在直线的方程；\n（2）计算花坛中心到道路的距离，并判断道路与花坛的位置关系（相离、相切或相交）；\n（3）若要在花坛边缘修建一个入口，使得入口到道路的距离最短，求该入口的坐标。"
bnu-high-ds-v1-s5-267,S5,lower,fill-in,Core,bnu-high-s5-数学建模活动-三,数学建模活动（三）,选择性必修 第一册,数学建模活动（三）,fail,blocker,high,stage-c,pass,pass,fail,fail,not_applicable,k = 0 或 k = -20/21,k = 0 或 k = -20/21,math_error|answer_mismatch|explanation_contradiction,,题目可解，独立求解得 k=0 或 k=-20/21。存储答案 k=-4/3 或 0 错误，解析中距离公式分子误为 |5-k|，应为 |-k-5|，导致错误结果。答案不匹配，解释矛盾，严重性为 blocker。,k = -4/3 或 k = 0,k = -4/3 或 k = 0 | k=-4/3 或 k=0 | k = -4/3 或 0 | -4/3 或 0,pass,none,k = 0 或 k = -20/21,fail,fail,not_applicable,k = 0 或 k = -20/21,blocker,"某数学建模小组研究一个几何问题：在平面直角坐标系中，有一条直线 l 经过点 P(2, 3)，且与圆 C: (x - 1)² + (y + 2)² = 25 相交于 A、B 两点。他们希望 |AB| = 8。请建立适当的数学模型，求出直线 l 的斜率 k。若不存在这样的直线，请说明理由；若存在，请写出所有可能的斜率值，并简要说明你的建模思路和计算过程。"
bnu-high-ds-v1-s5-268,S5,lower,multiple-choice,Exam,bnu-high-s5-数学建模活动-三,数学建模活动（三）,选择性必修 第一册,数学建模活动（三）,fail,blocker,high,stage-c,fail,pass,fail,fail,fail,,,math_error|answer_mismatch|ambiguous_mc|explanation_contradiction|unsolvable,overlong_rationale,"题目条件“点M的轨迹是一条直线”与几何事实矛盾：过圆外一点P(2,1)的弦中点轨迹是以CP为直径的圆(x-2.5)²+(y-2.5)²=2.5，并非直线。选项均为直线，无正确选项，题目不可解。存储答案x-y-1=0错误，解释中“联立消去二次项得x-y-1=0”无依据，属于强行凑出直线。",x - y - 1 = 0,x - y - 1 = 0,pass,none,x + y - 3 = 0,fail,fail,fail,,blocker,"在平面直角坐标系中，已知圆C的方程为 x² + y² - 6x - 8y + 21 = 0，直线l过点P(2, 1)且与圆C相交于A, B两点。设弦AB的中点为M，若点M的轨迹是一条直线，则该直线的方程为（ ）。"
bnu-high-ds-v1-s5-269,S5,lower,short-answer,Foundation,bnu-high-s5-数学建模活动-三,数学建模活动（三）,选择性必修 第一册,数学建模活动（三）,pass,none,high,stage-c,pass,pass,pass,pass,not_applicable,"(2, 3)",,,,"题目条件完整，可唯一确定矩形花坛中心。由 l1 与 l2 垂直且交于 A(1,3)，结合矩形性质及 C 在 l3 上，可解得 C(3,3)，中心为 (2,3)。存储答案与独立解一致，解析过程合理，无数学错误或矛盾。","(2, 3)","(2, 3)",pass,none,"花坛中心坐标为 (2, 3)",pass,pass,not_applicable,,none,某数学建模小组研究校园内一个矩形花坛的灌溉问题。花坛的边界由四条直线围成，其中两条相邻边分别位于直线 l1: 2x - y + 1 = 0 和 l2: x + 2y - 7 = 0 上，且花坛的一个顶点为这两条直线的交点 A。花坛的对角顶点 C 在直线 l3: x - y + 4 = 0 上。为了在花坛中心安装一个旋转喷头，需要确定花坛的中心点坐标。请建立适当的平面直角坐标系，写出建模假设，并求出花坛中心的坐标。
bnu-high-ds-v1-s5-270,S5,lower,fill-in,Core,bnu-high-s5-数学建模活动-三,数学建模活动（三）,选择性必修 第一册,数学建模活动（三）,fail,blocker,high,stage-c,pass,pass,fail,fail,not_applicable,"(0, -6) 或 (7, 1)","(0, -6) 或 (7, 1)",math_error|answer_mismatch|explanation_contradiction,,"题目可解，符合BNU解析几何建模要求。独立求解得P(0,-6)或(7,1)，但存储答案(6,2)或(-2,-6)错误，解析计算混乱且最终结果与正确解矛盾，属严重数学错误和答案不匹配。","(6, 2) 或 (-2, -6)","(6, 2) 或 (-2, -6) | (-2, -6) 或 (6, 2) | (6,2) 或 (-2,-6) | (-2,-6) 或 (6,2) | P(6, 2) 或 P(-2, -6) | P(-2, -6) 或 P(6, 2)",pass,none,"喷头 P 的坐标为 (6, -2) 或 (0, -2)",fail,fail,not_applicable,"(0, -6) 或 (7, 1)",blocker,"某数学建模小组研究一个圆形花坛的灌溉问题。花坛边界可近似为一个圆，圆心在点C(3, -2)，半径为5米。现计划在花坛边缘安装一个喷头，喷头位置记为点P。已知喷头P到点A(1, 1)和点B(7, -5)的距离相等。求喷头P的坐标。"
bnu-high-ds-v1-s5-271,S5,lower,multiple-choice,Exam,bnu-high-s5-数学建模活动-三,数学建模活动（三）,选择性必修 第一册,数学建模活动（三）,fail,blocker,high,stage-c,fail,pass,fail,fail,fail,,"(-∞, -√3) ∪ (√3, +∞)",math_error|answer_mismatch|ambiguous_mc|bad_options|explanation_contradiction,,"题目要求直线与圆相交于两点，但 k=±√3 时直线与圆相切，弦退化为点，不满足条件。正确范围应为 (-∞, -√3) ∪ (√3, +∞)，四个选项均包含等号，无正确选项。存储答案与解析均未指出此缺陷，导致答案不匹配且选项无效。","(-∞, -√3] ∪ [√3, +∞)","(-∞, -√3] ∪ [√3, +∞)",fail,blocker,,fail,fail,fail,,blocker,"在平面直角坐标系中，已知圆C的方程为 (x-2)²+(y+1)²=9，直线l过定点P(0,3)，且与圆C相交于A、B两点。若弦AB的中点M满足OM⊥AB（O为坐标原点），求直线l的斜率k的取值范围。"
bnu-high-ds-v1-s5-272,S5,lower,short-answer,Foundation,bnu-high-s5-数学建模活动-三,数学建模活动（三）,选择性必修 第一册,数学建模活动（三）,fail,blocker,high,stage-c,pass,pass,fail,fail,not_applicable,"x=2, y=1","x=2, y=1",math_error|answer_mismatch|explanation_contradiction,overlong_rationale,矩形边与坐标轴平行，PQ与边平行只能水平或垂直，故仅有x=2和y=1；存储答案多出两条对角线平行线，解析错误。,"x=2, y=1, y=(3/4)x-1/2, y=(-4/3)x+11/3","x=2, y=1, y=(3/4)x-1/2, y=(-4/3)x+11/3",pass,none,"可能的直线 PQ 方程为 x=2, y=1, y=x-1, y=-x+3",fail,fail,not_applicable,"x=2, y=1",blocker,"某数学建模小组研究校园内一个矩形花坛的喷灌系统。花坛边界为矩形ABCD，其中AB=8 m，AD=6 m。以A为原点，AB所在直线为x轴，AD所在直线为y轴建立平面直角坐标系。喷头位于点P(2,1)处，喷出的水柱沿直线方向运动，且水柱恰好能浇灌到花坛边界上的点Q，使得水柱路径PQ与矩形的一边平行。请写出所有可能的直线PQ的方程，并说明你的建模假设和计算过程。"
bnu-high-ds-v1-s5-273,S5,lower,fill-in,Core,bnu-high-s5-数学建模活动-三,数学建模活动（三）,选择性必修 第一册,数学建模活动（三）,pass,none,high,stage-b,pass,pass,pass,pass,not_applicable,(1) k<0; (2) y=-1/2 x+2; (3) 验证略,,,,存储答案与独立解一致，解析推导正确。,"(1) k < 0；理由：直线与 x 轴、y 轴正半轴相交，故斜率必须为负。\n(2) x + 2y - 4 = 0\n(3) 验证方法：设直线方程为 y - 1 = k(x - 2)，求出 A、B 坐标，得到面积 S = (1/2)(2 - 1/k)(1 - 2k)，利用基本不等式或二次函数求最小值，当 k = -1/2 时 S 最小，此时直线方程为 x + 2y - 4 = 0。","(1) k < 0；理由：直线与 x 轴、y 轴正半轴相交，故斜率必须为负。\n(2) x + 2y - 4 = 0\n(3) 验证方法：设直线方程为 y - 1 = k(x - 2)，求出 A、B 坐标，得到面积 S = (1/2)(2 - 1/k)(1 - 2k)，利用基本不等式或二次函数求最小值，当 k = -1/2 时 S 最小，此时直线方程为 x + 2y - 4 = 0。",pass,none,(1) k<0; (2) y=-1/2 x+2; (3) 验证略,pass,pass,not_applicable,,,"某数学建模小组研究一个几何优化问题：在平面直角坐标系中，有一条经过点 P(2, 1) 的直线 l，它与 x 轴、y 轴的正半轴分别交于 A、B 两点。设 O 为坐标原点。\n\n(1) 若直线 l 的斜率为 k，写出 k 的取值范围，并说明理由。\n\n(2) 当 △AOB 的面积最小时，求直线 l 的方程。\n\n(3) 验证你得到的直线 l 是否确实使 △AOB 的面积最小，并简要说明你的验证方法。"
bnu-high-ds-v1-s5-274,S5,lower,multiple-choice,Exam,bnu-high-s5-数学建模活动-三,数学建模活动（三）,选择性必修 第一册,数学建模活动（三）,pass,none,high,stage-c,pass,pass,pass,pass,pass,x² + y² - 3x + 2 = 0,,,self_correction_language,题目可解，轨迹方程为 x²+y²-3x+2=0，选项 A 正确且唯一，解析合理，无歧义或错误。,x² + y² - 3x + 2 = 0,x² + y² - 3x + 2 = 0,fail,blocker,,pass,pass,pass,,none,"在平面直角坐标系中，已知圆C的方程为 x² + y² = 4，点A的坐标为 (3, 0)。过点A作两条互相垂直的直线l₁和l₂，分别交圆C于P、Q两点（P、Q均不同于A）。设线段PQ的中点为M。当l₁绕点A旋转时，求点M的轨迹方程。下列选项中正确的是："
bnu-high-ds-v1-s5-275,S5,lower,short-answer,Foundation,bnu-high-s5-数学建模活动-三,数学建模活动（三）,选择性必修 第一册,数学建模活动（三）,pass,none,high,stage-b,pass,pass,pass,pass,not_applicable,半径为 2,,,,存储答案 2 与独立解一致，解析正确。,2,2 | 2.0,pass,none,半径为 2,pass,pass,not_applicable,,,"某数学建模小组要研究校园内一个矩形花坛的灌溉问题。花坛的边界由直线围成，四个顶点坐标分别为 A(0,0)，B(8,0)，C(8,6)，D(0,6)。现在花坛内部有一个圆形喷灌区域，其圆心在点 P(3,2)，半径需要根据以下条件确定：喷灌区域必须完全位于花坛内部，且圆心到花坛边界的最近距离等于半径。请你建立适当的数学模型，求出该圆形喷灌区域的半径，并说明你的建模假设和计算过程。"
bnu-high-ds-v1-s5-276,S5,lower,fill-in,Core,bnu-high-s5-数学建模活动-三,数学建模活动（三）,选择性必修 第一册,数学建模活动（三）,pass,none,high,stage-b,pass,pass,pass,pass,not_applicable,(1) x+y-9=0; (2) 9/√2; (3) 相离，因为距离大于半径,,,,存储答案与独立解一致，解析正确。,"(1) x+y-9=0\n(2) 9√2/2 米\n(3) 相离，因为圆心到直线的距离大于半径","(1) x+y-9=0\n(2) 9√2/2 米\n(3) 相离，因为圆心到直线的距离大于半径",pass,none,(1) x+y-9=0; (2) 9/√2; (3) 相离，因为距离大于半径,pass,pass,not_applicable,,,"某数学建模小组研究校园内一条直线型道路与一个圆形花坛的位置关系。他们以花坛中心为原点，正东方向为x轴正方向，正北方向为y轴正方向建立平面直角坐标系（单位：米）。测得花坛半径为5米，道路恰好经过点A(8,1)和点B(2,7)。请完成以下任务：\n(1) 写出道路所在直线的方程（化为一般式）；\n(2) 计算花坛中心到道路的距离；\n(3) 判断道路与花坛的位置关系（相交、相切或相离），并说明理由。"
bnu-high-ds-v1-s5-277,S5,lower,multiple-choice,Exam,bnu-high-s5-数学建模活动-三,数学建模活动（三）,选择性必修 第一册,数学建模活动（三）,pass,none,high,stage-c,pass,pass,pass,pass,pass,"(-∞, -2] ∪ [0, +∞)",,,,题目可解，直线与圆相交且中点满足垂直条件，推导得k≤-2或k≥0，且判别式>0自动满足。选项唯一，答案与解析一致，无错误。,"(-∞, -2] ∪ [0, +∞)","(-∞, -2] ∪ [0, +∞)",pass,none,"(-∞, -2] ∪ [0, +∞)",pass,pass,pass,,none,"在平面直角坐标系中，已知圆C的方程为 (x-2)²+(y-1)²=5，直线l过定点P(0,3)，且与圆C相交于A、B两点。若弦AB的中点M满足 OM⊥AB（O为坐标原点），则直线l的斜率k的取值范围是（ ）。"
bnu-high-ds-v1-s5-278,S5,lower,short-answer,Foundation,bnu-high-s5-数学建模活动-三,数学建模活动（三）,选择性必修 第一册,数学建模活动（三）,fail,blocker,high,stage-c,pass,pass,fail,fail,not_applicable,"(1) (-4,-3), (4,-3), (4,3), (-4,3); (2) 距离分别为√34, 5, √34, 5，最小半径r=√34米; (3) 是，因为圆心到花坛最远点距离为√34，半径为√34的圆恰好覆盖整个矩形。","(1) 四个顶点坐标为(4,3), (4,-3), (-4,-3), (-4,3)（顺序可不同）\n(2) P到各顶点距离分别为√34, 5, √34, 5，最小喷水半径r=√34米\n(3) 恰好覆盖。因为花坛内任意点到P的最大距离为√34，半径为√34的圆包含整个矩形。",math_error|answer_mismatch|explanation_contradiction,,存储答案错误：P到顶点距离并非均为5，最大距离为√34，半径应为√34；解析中计算距离有误且与答案矛盾。,"(1) 四个顶点坐标为A(4,3), B(4,-3), C(-4,-3), D(-4,3)（顺序可不同）\n(2) P到各顶点距离均为5米，最小喷水半径r=5米\n(3) 恰好覆盖。因为花坛是矩形，其所有点到中心的距离不超过对角线的一半5米，而喷灌区域是以P为圆心、5为半径的圆，该圆包含以原点为中心、5为半径的圆，故覆盖整个花坛。","(1) 四个顶点坐标为A(4,3), B(4,-3), C(-4,-3), D(-4,3)（顺序可不同）\n(2) P到各顶点距离均为5米，最小喷水半径r=5米\n(3) 恰好覆盖。因为花坛是矩形，其所有点到中心的距离不超过对角线的一半5米，而喷灌区域是以P为圆心、5为半径的圆，该圆包含以原点为中心、5为半径的圆，故覆盖整个花坛。",pass,none,"(1) (-4,-3), (4,-3), (4,3), (-4,3); (2) 距离分别为√34, 5, √34, 5，最小半径r=5米; (3) 是，因为圆心到花坛最远点距离为5，半径为5的圆恰好覆盖整个矩形。",fail,fail,not_applicable,"(1) 四个顶点坐标为(4,3), (4,-3), (-4,-3), (-4,3)（顺序可不同）\n(2) P到各顶点距离分别为√34, 5, √34, 5，最小喷水半径r=√34米\n(3) 恰好覆盖。因为花坛内任意点到P的最大距离为√34，半径为√34的圆包含整个矩形。",blocker,"某校数学建模小组研究校园内一个矩形花坛的喷灌系统。花坛的长边沿东西方向，长为8米；短边沿南北方向，宽为6米。为简化问题，小组以花坛中心为原点，正东为x轴正方向，正北为y轴正方向建立平面直角坐标系。喷头位于点P(1,2)处，可360度旋转，喷水半径可调。现需设置喷水半径r米，使喷灌区域恰好覆盖花坛的四个顶点，且不浪费水。请你完成以下任务：\n(1) 写出花坛四个顶点的坐标；\n(2) 求喷头P到四个顶点的距离，并确定最小的喷水半径r；\n(3) 验证当半径为r时，喷灌区域是否恰好覆盖整个花坛内部，并说明理由。"
bnu-high-ds-v1-s5-279,S5,lower,fill-in,Core,bnu-high-s5-数学建模活动-三,数学建模活动（三）,选择性必修 第一册,数学建模活动（三）,fail,blocker,high,stage-c,pass,pass,fail,fail,not_applicable,"1, -1/3","1, -1/3",math_error|answer_mismatch|explanation_contradiction,,题目可解，符合BNU建模活动要求。独立求解得斜率为1和-1/3，但存储答案为1和-1/2，解析中k=-1/2错误，正确解为k=-1/3，属于数学错误和答案不匹配，严重程度为阻断。,"1, -1/2","1, -1/2 | -1/2, 1",pass,none,"1, -1/3",fail,fail,not_applicable,"1, -1/3",blocker,"某数学建模小组研究一个几何问题：在平面直角坐标系中，有一条直线l经过点P(2, -1)，且与圆C：x² + y² - 6x + 4y + 9 = 0 相交于A、B两点。若弦AB的中点M恰好落在直线y = x上，求直线l的斜率。请写出所有可能的斜率值，用逗号分隔。"
bnu-high-ds-v1-s5-280,S5,lower,multiple-choice,Exam,bnu-high-s5-数学建模活动-三,数学建模活动（三）,选择性必修 第一册,数学建模活动（三）,fail,blocker,high,stage-c,pass,pass,fail,fail,pass,C. 1,C. 1,math_error|answer_mismatch|explanation_contradiction,,正确解为k=1，选项C；存储答案B(-1)错误，解析推导有误。,B. -1,B. -1,pass,none,C. 1,fail,fail,pass,C. 1,blocker,"在平面直角坐标系中，已知圆C的方程为 (x-2)²+(y+1)²=9，直线l过定点P(1,0)，且与圆C相交于A、B两点。若弦AB的中点M满足OM⊥AB（O为坐标原点），则直线l的斜率为（ ）。"
bnu-high-ds-v1-s5-281,S5,lower,short-answer,Foundation,bnu-high-s5-数学建模活动-三,数学建模活动（三）,选择性必修 第一册,数学建模活动（三）,fail,blocker,high,stage-c,pass,pass,fail,fail,not_applicable,"(1) y-2=(4/5)(x-3); (2) 截距为-2/5; (3) 能，因为直线与y=6交点为(8,6)，恰为顶点，水柱可到达。","(1) y-2=(4/5)(x-3) 或 y=(4/5)x-2/5；(2) 截距为 -2/5；(3) 能，因为直线与y=6交点为(8,6)，恰为顶点，水柱可到达。",answer_mismatch|explanation_contradiction,,"题目(3)问水柱是否能到达边界y=6，存储答案答“不能”并解释为无法覆盖整个边界，但题意仅要求水柱到达边界即可，直线与y=6交于(8,6)即已到达，故存储答案错误，与独立解矛盾，需修正为“能”。","(1) y-2=(4/5)(x-3) 或 y=(4/5)x-2/5；(2) 截距为 -2/5；(3) 不能，因为当 x=8 时 y=6，但此时直线与边界 x=8 的交点恰为 (8,6)，而水柱轨迹是射线，从 P 出发沿该方向只能到达该点，无法继续到达 y=6 的其他部分。","(1) y-2=(4/5)(x-3) 或 y=(4/5)x-2/5；(2) 截距为 -2/5；(3) 不能，因为当 x=8 时 y=6，但此时直线与边界 x=8 的交点恰为 (8,6)，而水柱轨迹是射线，从 P 出发沿该方向只能到达该点，无法继续到达 y=6 的其他部分。",pass,none,"(1) y-2=(4/5)(x-3); (2) 截距为-2/5; (3) 不能，因为直线与y=6交点横坐标为8，恰在边界x=8上，但水柱轨迹为直线，到达(8,6)需同时满足，而(2)中直线过P且与x=8交于点(8,6)，故能到达y=6。",fail,fail,not_applicable,"(1) y-2=(4/5)(x-3) 或 y=(4/5)x-2/5；(2) 截距为 -2/5；(3) 能，因为直线与y=6交点为(8,6)，恰为顶点，水柱可到达。",blocker,"某数学建模小组研究校园内一个矩形花坛的喷灌系统。花坛的边界由直线 x=0, x=8, y=0, y=6 围成（单位：米）。喷头安装在点 P(3,2) 处，喷出的水柱沿直线方向运动，且水柱的轨迹是一条直线。为了均匀灌溉，需要让水柱恰好能到达花坛的边界。请完成以下任务：\n(1) 写出水柱轨迹所在直线的方程（用点斜式或斜截式表示），使得水柱恰好能到达花坛的顶点 A(8,6)。\n(2) 若水柱的轨迹直线经过点 P 且与花坛的边界 x=8 相交，求该直线在 y 轴上的截距。\n(3) 在(2)的条件下，判断水柱是否能到达花坛的边界 y=6，并说明理由。"
bnu-high-ds-v1-s5-282,S5,lower,fill-in,Core,bnu-high-s5-数学建模活动-三,数学建模活动（三）,选择性必修 第一册,数学建模活动（三）,pass,none,high,stage-b,pass,pass,pass,pass,not_applicable,"方程组：x²+(y-3)²=25, |y|=|x|且y>0；解为(4,4)和(-4,4)。",,,,"存储答案与独立解一致，均为(4,4)和(-4,4)，解析正确。","(4, 4) 或 (-4, 4)","(4, 4) 或 (-4, 4) | (4,4) 或 (-4,4) | (4, 4)和(-4, 4) | (4,4)和(-4,4)",pass,none,"方程组：x²+(y-3)²=25, |y|=|x|且y>0；解为(4,4)和(-4,4)。",pass,pass,not_applicable,,,"某数学建模小组研究校园内一条笔直道路与一个圆形花坛的位置关系。他们以道路所在直线为 x 轴，以花坛圆心在道路上的投影点为原点建立平面直角坐标系。已知花坛的半径为 5 米，圆心位于点 (0, 3)。现要在花坛边缘安装一盏路灯，要求路灯到道路的垂直距离恰好等于它到原点的水平距离。设路灯的坐标为 (x, y)，其中 y > 0。请根据上述条件列出关于 x, y 的方程组，并求出所有满足条件的路灯坐标。"
bnu-high-ds-v1-s5-283,S5,lower,multiple-choice,Exam,bnu-high-s5-数学建模活动-三,数学建模活动（三）,选择性必修 第一册,数学建模活动（三）,pass,none,high,stage-b,pass,pass,pass,pass,pass,x + y - 3 = 0,,,,存储答案与独立解一致，均为x+y-3=0，解析推导正确，选项唯一。,x + y - 3 = 0,x + y - 3 = 0,pass,none,x + y - 3 = 0,pass,pass,pass,,,"在平面直角坐标系中，已知圆 C 的方程为 x² + y² - 6x - 8y + 21 = 0，直线 l 过定点 P(2, 1) 且与圆 C 相交于 A, B 两点。设弦 AB 的中点为 M，若 M 始终在一条定直线上，则该定直线的方程为（ ）。"
bnu-high-ds-v1-s5-284,S5,lower,short-answer,Foundation,bnu-high-s5-数学建模活动-三,数学建模活动（三）,选择性必修 第一册,数学建模活动（三）,pass,none,medium,stage-b,pass,pass,pass,pass,not_applicable,(1) 以A为原点，AB方向为x轴正方向建系，道路直线方程y=0; (2) 半径=3; (3) 点D在公园外部，因为CD=√5>3。,,,,存储答案与独立解一致，建系合理，半径3.6，点D在内部，解析正确。,"(1) 以水平方向为 x 轴，竖直方向为 y 轴，建立平面直角坐标系。道路所在直线经过 A(2,1) 和 B(5,5)，斜率 k = (5-1)/(5-2) = 4/3，直线方程为 y - 1 = (4/3)(x - 2)，即 4x - 3y - 5 = 0。\n(2) 公园半径等于圆心 C(8,3) 到直线的距离，d = |4×8 - 3×3 - 5|/√(4²+(-3)²) = |32-9-5|/5 = 18/5 = 3.6。\n(3) 点 D(10,4) 到圆心 C 的距离为 √((10-8)²+(4-3)²) = √(4+1) = √5 ≈ 2.236 < 3.6，所以点 D 在公园内部。","(1) 以水平方向为 x 轴，竖直方向为 y 轴，建立平面直角坐标系。道路所在直线经过 A(2,1) 和 B(5,5)，斜率 k = (5-1)/(5-2) = 4/3，直线方程为 y - 1 = (4/3)(x - 2)，即 4x - 3y - 5 = 0。\n(2) 公园半径等于圆心 C(8,3) 到直线的距离，d = |4×8 - 3×3 - 5|/√(4²+(-3)²) = |32-9-5|/5 = 18/5 = 3.6。\n(3) 点 D(10,4) 到圆心 C 的距离为 √((10-8)²+(4-3)²) = √(4+1) = √5 ≈ 2.236 < 3.6，所以点 D 在公园内部。",pass,none,(1) 以A为原点，AB方向为x轴正方向建系，道路直线方程y=0; (2) 半径=3; (3) 点D在公园外部，因为CD=√5>3。,pass,pass,not_applicable,,,"某城市规划部门拟在一条笔直的道路旁修建一座圆形公园，道路可视为直线。已知道路经过点 A(2, 1) 和 B(5, 5)，公园的圆心在点 C(8, 3)，且公园的边界恰好与道路相切。请你建立适当的平面直角坐标系，并完成下列任务：\n(1) 说明你如何建立坐标系，并写出道路所在直线的方程；\n(2) 求圆形公园的半径；\n(3) 判断点 D(10, 4) 是否在公园内部（含边界），并说明理由。"
bnu-high-ds-v1-s5-285,S5,lower,fill-in,Core,bnu-high-s5-数学建模活动-三,数学建模活动（三）,选择性必修 第一册,数学建模活动（三）,pass,none,high,stage-b,pass,pass,pass,pass,not_applicable,"(2,7) 或 (3,9)",,,,"存储答案与独立解一致，均为(2,7)或(3,9)，解析过程正确。","(2,7)或(3,9)","(2,7)或(3,9) | (2,7)和(3,9) | (2,7) (3,9) | C(2,7)或C(3,9) | C(2,7)和C(3,9)",pass,none,"(2,7) 或 (3,9)",pass,pass,not_applicable,,,"在平面直角坐标系中，已知点A(1,2)，点B(4,6)，点C在直线l：2x - y + 3 = 0上。若△ABC是以AB为斜边的直角三角形，求点C的坐标。"
bnu-high-ds-v1-s5-286,S5,lower,multiple-choice,Exam,bnu-high-s5-数学建模活动-三,数学建模活动（三）,选择性必修 第一册,数学建模活动（三）,fail,blocker,high,stage-c,pass,pass,pass,fail,pass,"(-∞, -1] ∪ [1, +∞)","(-∞, -1] ∪ [1, +∞)",math_error|explanation_contradiction,status_rationale_tension,题目可解，答案正确且唯一。但解析中由中点条件错误解得k=-1，后续推导混乱，与最终答案矛盾，存在严重数学错误。,"(-∞, -1] ∪ [1, +∞)","(-∞, -1] ∪ [1, +∞)",pass,none,"(-∞, -1] ∪ [1, +∞)",fail,fail,pass,"(-∞, -1] ∪ [1, +∞)",blocker,"在平面直角坐标系xOy中，已知圆C：x²+y²=4，点A(0,2)。过点A的直线l与圆C相交于P、Q两点，且线段PQ的中点M在直线y=x上。若直线l的斜率存在，求直线l的斜率k的取值范围。"
bnu-high-ds-v1-s5-287,S5,lower,short-answer,Foundation,bnu-high-s5-数学建模活动-三,数学建模活动（三）,选择性必修 第一册,数学建模活动（三）,pass,none,high,stage-b,pass,pass,pass,pass,not_applicable,"(1) 圆心(3,4)，半径2；(2) 距离3，大于半径，小路不穿过照明区域。",,,,存储答案与独立解一致，解析正确。,"(1) 圆心(3,4)，半径2；(2) 距离3，不穿过","(1) 圆心(3,4)，半径2；(2) 距离3，不穿过",pass,none,"(1) 圆心(3,4)，半径2；(2) 距离3，大于半径，小路不穿过照明区域。",pass,pass,not_applicable,,,"某数学建模小组研究校园路灯的照明范围。他们以路灯底座为原点，正东方向为x轴正方向，正北方向为y轴正方向，建立平面直角坐标系。已知路灯的照明区域是一个圆，其边界方程为x² + y² - 6x - 8y + 21 = 0。一条笔直的小路穿过校园，其方程为3x + 4y - 10 = 0。请回答以下问题：\n(1) 写出该照明圆的圆心坐标和半径。\n(2) 计算圆心到小路的距离，并判断小路是否穿过照明区域。"
bnu-high-ds-v1-s5-288,S5,lower,fill-in,Core,bnu-high-s5-计数原理,计数原理,选择性必修 第一册,计数原理,pass,none,high,stage-b,pass,pass,pass,pass,not_applicable,100,,,,存储答案100与独立解一致，解析正确。,100,100,pass,none,100,pass,pass,not_applicable,,,某班有6名男生和4名女生，现要从中选出3人组成一个学习小组，要求小组中至少有一名女生。共有多少种不同的选法？
bnu-high-ds-v1-s5-289,S5,lower,multiple-choice,Exam,bnu-high-s5-计数原理,计数原理,选择性必修 第一册,计数原理,warn,minor,high,stage-c,pass,pass,pass,weak,pass,65,,explanation_contradiction,status_rationale_tension,题目可解，答案65正确且唯一，与教材计数原理内容匹配。解析中先出现错误计算64后修正为65，过程存在矛盾，可能误导学生，但最终答案正确，故标记为weak。,65,65,pass,none,65,pass,weak,pass,,minor,某校数学社团有 8 名成员，其中 3 名擅长几何，4 名擅长代数，1 名两者都擅长。现要从中选出 4 人组成一个参赛小组，要求小组中既有擅长几何的成员，又有擅长代数的成员，且两者都擅长的那名成员至多只能选 1 人。问不同的选法共有多少种？
bnu-high-ds-v1-s5-290,S5,lower,short-answer,Foundation,bnu-high-s5-计数原理,计数原理,选择性必修 第一册,计数原理,pass,none,high,stage-b,pass,pass,pass,pass,not_applicable,74,,,,存储答案74与独立解一致，解析正确。,74,74,pass,none,74,pass,pass,not_applicable,,,某班级有5名男生和4名女生。现要从中选出3人组成一个学习小组，要求小组中至少包含1名女生。问：共有多少种不同的选法？请写出你的计算过程。
bnu-high-ds-v1-s5-291,S5,lower,fill-in,Core,bnu-high-s5-计数原理,计数原理,选择性必修 第一册,计数原理,pass,none,high,stage-b,pass,pass,pass,pass,not_applicable,60,,,,存储答案60与独立解一致，解析正确。,60,60,pass,none,60,pass,pass,not_applicable,,,"在由数字0,1,2,3,4组成的没有重复数字的四位数中，偶数共有多少个？"
bnu-high-ds-v1-s5-292,S5,lower,multiple-choice,Exam,bnu-high-s5-计数原理,计数原理,选择性必修 第一册,计数原理,pass,none,high,stage-b,pass,pass,pass,pass,pass,96,,,,存储答案96与独立解一致，解析正确。,96,96,pass,none,96,pass,pass,pass,,,从6名男生和4名女生中选出3人参加演讲比赛，要求既有男生又有女生，则不同的选法共有多少种？
bnu-high-ds-v1-s5-293,S5,lower,short-answer,Foundation,bnu-high-s5-计数原理,计数原理,选择性必修 第一册,计数原理,pass,none,high,stage-b,pass,pass,pass,pass,not_applicable,80,,,,存储答案80与独立解一致，解析正确。,80,80,pass,none,80,pass,pass,not_applicable,,,求(2x - 1)^5的展开式中x^3的系数。
bnu-high-ds-v1-s5-294,S5,lower,fill-in,Core,bnu-high-s5-计数原理,计数原理,选择性必修 第一册,计数原理,warn,minor,high,stage-c,pass,pass,pass,weak,not_applicable,150,,explanation_contradiction,status_rationale_tension,"题目可解，答案150正确，符合教材范围。解析中3,1,1分组计算有误：选3本成一组后，剩余两本各成一组，无需除以A(2,2)，分组方法应为C(5,3)=10种，而非5种。虽最终结果一致，但过程存在矛盾，故解释匹配评为weak。",150,150,pass,none,150,pass,weak,not_applicable,,minor,将5本不同的书分给3名同学，每人至少1本，则不同的分配方法共有多少种？
bnu-high-ds-v1-s5-295,S5,lower,multiple-choice,Exam,bnu-high-s5-计数原理,计数原理,选择性必修 第一册,计数原理,pass,none,high,stage-b,pass,pass,pass,pass,pass,第4项,,,,存储答案“第4项”正确，解析合理，选项唯一。,第4项,第4项,pass,none,第4项,pass,pass,pass,,,在(1+x)^6的展开式中，二项式系数最大的项是第几项？
bnu-high-ds-v1-s5-296,S5,lower,short-answer,Foundation,bnu-high-s5-计数原理,计数原理,选择性必修 第一册,计数原理,pass,none,high,stage-b,pass,pass,pass,pass,not_applicable,36,,,,存储答案36与独立解一致，解析正确。,36,36,pass,none,36,pass,pass,not_applicable,,,"用0,1,2,3,4这五个数字，可以组成多少个没有重复数字的五位奇数？"
bnu-high-ds-v1-s5-297,S5,lower,fill-in,Core,bnu-high-s5-计数原理,计数原理,选择性必修 第一册,计数原理,pass,none,high,stage-b,pass,pass,pass,pass,not_applicable,1316,,,,存储答案1316与独立解一致，解析正确。,1316,1316,pass,none,1316,pass,pass,not_applicable,,,某班有8名男生和6名女生，从中选出5人组成班委会，要求男生人数不少于女生人数，则不同的选法共有多少种？
bnu-high-ds-v1-s5-298,S5,lower,multiple-choice,Exam,bnu-high-s5-计数原理,计数原理,选择性必修 第一册,计数原理,pass,none,high,stage-b,pass,pass,pass,pass,pass,-160,,,,存储答案-160正确，解析无误，选项唯一。,-160,-160,pass,none,-160,pass,pass,pass,,,在(2x - 1/x)^6的展开式中，常数项是多少？
bnu-high-ds-v1-s5-299,S5,lower,short-answer,Foundation,bnu-high-s5-计数原理,计数原理,选择性必修 第一册,计数原理,fail,blocker,high,stage-c,pass,pass,fail,fail,not_applicable,672x^5,672x^5,math_error|answer_mismatch|explanation_contradiction,,题目可解，符合教材范围。独立求解得系数最大项为第6项672x^5。存储答案672x^4错误，解析中r=4得出系数560，但实际最大系数对应r=5，项为672x^5，解析自相矛盾。判定为严重错误。,672x^4,672x^4 | 672x^4项,pass,none,"第6项，系数为C(7,5)*2^5=21*32=672",fail,fail,not_applicable,672x^5,blocker,求(1+2x)^7的展开式中系数最大的项。
bnu-high-ds-v1-s5-300,S5,lower,fill-in,Core,bnu-high-s5-计数原理,计数原理,选择性必修 第一册,计数原理,fail,major,high,stage-c,pass,pass,pass,fail,not_applicable,36,,explanation_contradiction,status_rationale_tension,"题目可解，答案36正确，但解析中分组除以A(2,2)得3种再乘6得18，与最终36矛盾，且分组逻辑错误（两组单球无需除序），解释存在严重矛盾，需修正。",36,36,pass,none,36,pass,weak,not_applicable,,major,将4个不同的小球放入3个不同的盒子中，每个盒子至少放一个，则不同的放法共有多少种？
bnu-high-ds-v1-s5-301,S5,lower,multiple-choice,Exam,bnu-high-s5-计数原理,计数原理,选择性必修 第一册,计数原理,pass,none,high,stage-b,pass,pass,pass,pass,pass,A,,,,存储答案A.195与独立解一致，解析正确使用补集法，无矛盾。,A. 195,A. 195,pass,none,A,pass,pass,pass,,,某班有6名男生和4名女生，现要从中选出4人组成一个委员会，要求委员会中至少有1名女生。不同的选法共有多少种？
bnu-high-ds-v1-s5-302,S5,lower,short-answer,Foundation,bnu-high-s5-计数原理,计数原理,选择性必修 第一册,计数原理,pass,none,high,stage-b,pass,pass,pass,pass,not_applicable,45,,,,存储答案65与独立解一致，解析分类清晰，计算正确。,65,65,pass,none,45,pass,pass,not_applicable,,,从5本不同的数学书和3本不同的物理书中任取4本，要求取出的书中数学书不少于2本，共有多少种不同的取法？
bnu-high-ds-v1-s5-303,S5,lower,fill-in,Core,bnu-high-s5-计数原理,计数原理,选择性必修 第一册,计数原理,pass,none,high,stage-b,pass,pass,pass,pass,not_applicable,-160,,,,存储答案-160与独立解一致，解析通项正确，系数计算无误。,-160,-160,pass,none,-160,pass,pass,not_applicable,,,在(2x - 1)^6的展开式中，含x^3项的系数是______。
bnu-high-ds-v1-s5-304,S5,lower,multiple-choice,Exam,bnu-high-s5-计数原理,计数原理,选择性必修 第一册,计数原理,pass,none,high,stage-b,pass,pass,pass,pass,pass,A,,,,存储答案A.30与独立解一致，解析分类讨论个位，计算正确。,A. 30,A. 30,pass,none,A,pass,pass,pass,,,"用0,1,2,3,4这五个数字组成没有重复数字的三位数，其中偶数共有多少个？"
bnu-high-ds-v1-s5-305,S5,lower,short-answer,Foundation,bnu-high-s5-计数原理,计数原理,选择性必修 第一册,计数原理,pass,none,high,stage-b,pass,pass,pass,pass,not_applicable,36,,,,存储答案36与独立解一致，解析先分组后分配，计算正确。,36,36,pass,none,36,pass,pass,not_applicable,,,将4本不同的书分给3名同学，每人至少1本，共有多少种不同的分法？
bnu-high-ds-v1-s5-306,S5,lower,fill-in,Core,bnu-high-s5-计数原理,计数原理,选择性必修 第一册,计数原理,pass,none,high,stage-b,pass,pass,pass,pass,not_applicable,9,,,,存储答案9与独立解一致，解析解方程正确，舍去负根。,9,9,pass,none,9,pass,pass,not_applicable,,,"若C(n,2)=36，则n=______。"
bnu-high-ds-v1-s5-307,S5,lower,multiple-choice,Exam,bnu-high-s5-计数原理,计数原理,选择性必修 第一册,计数原理,pass,none,high,stage-b,pass,pass,pass,pass,pass,A,,,,存储答案A.30与独立解一致，解析分类计算正确。,A. 30,A. 30,pass,none,A,pass,pass,pass,,,某校开设A类选修课3门，B类选修课4门，一位同学要从中选3门，要求两类课程中至少各选1门，则不同的选法共有多少种？
bnu-high-ds-v1-s5-308,S5,lower,short-answer,Foundation,bnu-high-s5-计数原理,计数原理,选择性必修 第一册,计数原理,pass,none,high,stage-b,pass,pass,pass,pass,not_applicable,24,,,,存储答案24与独立解一致，解析通项正确，常数项计算无误。,24,24,pass,none,24,pass,pass,not_applicable,,,在(x - 2/x)^4的展开式中，常数项为______。
bnu-high-ds-v1-s5-309,S5,lower,fill-in,Core,bnu-high-s5-计数原理,计数原理,选择性必修 第一册,计数原理,pass,none,high,stage-b,pass,pass,pass,pass,not_applicable,240,,,,存储答案240与独立解一致，解析正确。,240,240,pass,none,240,pass,pass,not_applicable,,,从6名志愿者中选出4人分别从事翻译、导游、导购、保洁四项不同的工作，若其中甲、乙两名志愿者不能从事翻译工作，则选派方案共有______种。
bnu-high-ds-v1-s5-310,S5,lower,multiple-choice,Exam,bnu-high-s5-计数原理,计数原理,选择性必修 第一册,计数原理,pass,none,high,stage-b,pass,pass,pass,pass,pass,A,,,,存储答案A.6与独立解一致，隔板法解析正确，选项唯一。,A. 6,A. 6,pass,none,A,pass,pass,pass,,,将5个相同的小球放入3个不同的盒子中，每个盒子至少放1个，不同的放法共有多少种？
bnu-high-ds-v1-s5-311,S5,lower,short-answer,Foundation,bnu-high-s5-计数原理,计数原理,选择性必修 第一册,计数原理,pass,none,high,stage-b,pass,pass,pass,pass,not_applicable,74,,,,存储答案74与独立解一致，解析正确。,74,74,pass,none,74,pass,pass,not_applicable,,,从5名男生和4名女生中选出3人参加演讲比赛，要求至少有1名女生。共有多少种不同的选法？
bnu-high-ds-v1-s5-312,S5,lower,fill-in,Core,bnu-high-s5-计数原理,计数原理,选择性必修 第一册,计数原理,pass,none,high,stage-b,pass,pass,pass,pass,not_applicable,150,,,,存储答案150与独立解一致，解析正确。,150,150,pass,none,150,pass,pass,not_applicable,,,将5本不同的书分给3名同学，每人至少1本，共有多少种不同的分法？
bnu-high-ds-v1-s5-313,S5,lower,multiple-choice,Exam,bnu-high-s5-计数原理,计数原理,选择性必修 第一册,计数原理,pass,none,high,stage-b,pass,pass,pass,pass,pass,-160,,,,存储答案-160与独立解一致，解析正确，选项唯一。,-160,-160,pass,none,-160,pass,pass,pass,,,在(2x - 1/x)^6的展开式中，常数项是（ ）
bnu-high-ds-v1-s5-314,S5,lower,short-answer,Foundation,bnu-high-s5-计数原理,计数原理,选择性必修 第一册,计数原理,pass,none,high,stage-b,pass,pass,pass,pass,not_applicable,48,,,,存储答案48与独立解一致，解析正确。,48,48,pass,none,48,pass,pass,not_applicable,,,"用0,1,2,3,4这五个数字可以组成多少个没有重复数字的三位数？"
bnu-high-ds-v1-s5-315,S5,lower,fill-in,Core,bnu-high-s5-计数原理,计数原理,选择性必修 第一册,计数原理,fail,blocker,high,stage-c,pass,pass,fail,weak,not_applicable,5,5,answer_mismatch|accepted_answer_gap,,"题目明确问“二项式系数最大的项”，n=7为奇数，中间两项系数最大，即第4项和第5项。通常约定填第一个最大项（第4项），但独立解和教材惯例均以第5项为最大系数项（C(7,4)=35最大）。存储答案为4，与独立解5矛盾，且acceptedAnswers包含4和5，但题目要求唯一答案，存在歧义。应修正答案为5。",4,4 | 5,pass,none,5,fail,weak,not_applicable,5,blocker,在(1+x)^7的展开式中，二项式系数最大的项是第______项。
bnu-high-ds-v1-s5-316,S5,lower,multiple-choice,Exam,bnu-high-s5-计数原理,计数原理,选择性必修 第一册,计数原理,pass,none,high,stage-b,pass,pass,pass,pass,pass,240种,,,,存储答案240种与独立解一致，解析正确，选项唯一。,240种,240种,pass,none,240种,pass,pass,pass,,,从6名志愿者中选出4人分别从事翻译、导游、导购、保洁四项不同的工作，若其中甲、乙两名志愿者都不能从事翻译工作，则不同的选派方案共有（ ）
bnu-high-ds-v1-s5-317,S5,lower,short-answer,Foundation,bnu-high-s5-计数原理,计数原理,选择性必修 第一册,计数原理,fail,blocker,high,stage-c,pass,pass,fail,fail,not_applicable,1316,1316,math_error|answer_mismatch|explanation_contradiction,,题目可解，符合教材范围。独立计算得1316，解析过程正确但最终答案误写为686，与正确结果矛盾，属于严重错误。,686,686,pass,none,1316,fail,fail,not_applicable,1316,blocker,某班有8名男生和6名女生，现要从中选出5人组成一个课外活动小组，要求男生人数不少于3人。共有多少种不同的选法？
bnu-high-ds-v1-s5-318,S5,lower,fill-in,Core,bnu-high-s5-计数原理,计数原理,选择性必修 第一册,计数原理,pass,none,high,stage-b,pass,pass,pass,pass,not_applicable,36,,,,存储答案36与Stage A独立解一致，解析正确。,36,36,pass,none,36,pass,pass,not_applicable,,,将4个不同的小球放入3个不同的盒子中，每个盒子至少放1个，共有______种不同的放法。
bnu-high-ds-v1-s5-319,S5,lower,multiple-choice,Exam,bnu-high-s5-计数原理,计数原理,选择性必修 第一册,计数原理,pass,none,high,stage-b,pass,pass,pass,pass,pass,±2,,,,存储答案±2与Stage A独立解一致，解析正确，选项C为唯一正确答案。,±2,±2,pass,none,±2,pass,pass,pass,,,若(1+ax)^5的展开式中x^2的系数为40，则a的值为（ ）
bnu-high-ds-v1-s5-320,S5,lower,short-answer,Foundation,bnu-high-s5-计数原理,计数原理,选择性必修 第一册,计数原理,fail,blocker,high,stage-c,pass,pass,fail,fail,not_applicable,20,20,math_error|answer_mismatch|explanation_contradiction,,题目可解，符合计数原理章节。独立求解得不同对数值共20个，而存储答案21错误。解析中底数不为1得25个对数，但重复值排除后应为20，非21。答案不匹配且解析矛盾，判定为严重错误。,21,21,pass,none,20,fail,fail,not_applicable,20,blocker,"从1,2,3,4,5,6这六个数字中任取两个，分别作为对数的底数和真数，可以得到多少个不同的对数值？"
bnu-high-ds-v1-s5-321,S5,lower,fill-in,Core,bnu-high-s5-计数原理,计数原理,选择性必修 第一册,计数原理,pass,none,high,stage-b,pass,pass,pass,pass,not_applicable,50,,,,存储答案50与Stage A独立解一致，解析正确。,50,50,pass,none,50,pass,pass,not_applicable,,,某班有5名男生和4名女生，现要从中选出3人组成一个学习小组，要求小组中男生人数不少于2人。问共有多少种不同的选法？
bnu-high-ds-v1-s5-322,S5,lower,multiple-choice,Exam,bnu-high-s5-计数原理,计数原理,选择性必修 第一册,计数原理,pass,none,high,stage-b,pass,pass,pass,pass,pass,-160,,,,存储答案-160与Stage A独立解一致，解析正确，选项A为唯一正确答案。,-160,-160,pass,none,-160,pass,pass,pass,,,在(2x - 1)^6的展开式中，含x^3项的系数是多少？
bnu-high-ds-v1-s5-323,S5,lower,short-answer,Core,bnu-high-s5-计数原理,计数原理,选择性必修 第一册,计数原理,pass,none,high,stage-b,pass,pass,pass,pass,not_applicable,48,,,,存储答案48与Stage A独立解一致，解析正确。,48,48,pass,none,48,pass,pass,not_applicable,,,"用0,1,2,3,4这五个数字可以组成多少个没有重复数字的三位数？"
bnu-high-ds-v1-s5-324,S5,lower,fill-in,Exam,bnu-high-s5-计数原理,计数原理,选择性必修 第一册,计数原理,pass,none,high,stage-b,pass,pass,pass,pass,not_applicable,120,,,,存储答案120与Stage A独立解一致，解析正确。,120,120,pass,none,120,pass,pass,not_applicable,,,某停车场有8个车位排成一排，现有3辆不同的车要停放，要求任意两辆车不相邻。问有多少种不同的停车方法？
bnu-high-ds-v1-s5-325,S5,lower,multiple-choice,Core,bnu-high-s5-计数原理,计数原理,选择性必修 第一册,计数原理,pass,none,high,stage-b,pass,pass,pass,pass,pass,310,,,,存储答案310与独立解一致，解析正确，选项唯一。,310,310,pass,none,310,pass,pass,pass,,,从6名男生和5名女生中选出4人参加辩论赛，要求既有男生又有女生。不同的选法共有多少种？
bnu-high-ds-v1-s5-326,S5,lower,short-answer,Exam,bnu-high-s5-计数原理,计数原理,选择性必修 第一册,计数原理,pass,none,high,stage-b,pass,pass,pass,pass,not_applicable,60,,,,存储答案60与独立解一致，解析正确。,60,60,pass,none,60,pass,pass,not_applicable,,,将5本不同的书分给3名同学，每人至少1本，且甲同学恰好分到2本。问有多少种不同的分法？
bnu-high-ds-v1-s5-327,S5,lower,fill-in,Core,bnu-high-s5-计数原理,计数原理,选择性必修 第一册,计数原理,fail,blocker,high,stage-c,pass,pass,fail,pass,not_applicable,第5项,第4项和第5项,answer_mismatch,status_rationale_tension,题目问二项式系数最大的项，n=7为奇数，中间两项系数最大，即第4项和第5项。独立解仅给出第5项，与正确答案不符，属于答案错误，严重性为blocker。,第4项和第5项,"第4项和第5项 | 4和5 | 第4项,第5项",pass,none,第5项,fail,pass,not_applicable,第4项和第5项,blocker,在(1 + x)^7的展开式中，二项式系数最大的项是第几项？
bnu-high-ds-v1-s5-328,S5,lower,multiple-choice,Exam,bnu-high-s5-计数原理,计数原理,选择性必修 第一册,计数原理,pass,none,high,stage-b,pass,pass,pass,pass,pass,0.475,,,,存储答案0.475与独立解一致，解析正确，选项唯一。,0.475,0.475,pass,none,0.475,pass,pass,pass,,,某班有40名学生，其中15人参加数学竞赛，12人参加物理竞赛，8人同时参加两项。现从该班任选1人，该生至少参加一项竞赛的概率是多少？
bnu-high-ds-v1-s5-329,S5,lower,short-answer,Core,bnu-high-s5-计数原理,计数原理,选择性必修 第一册,计数原理,warn,minor,high,stage-c,pass,pass,pass,weak,not_applicable,3,,explanation_contradiction,status_rationale_tension,题目可解，答案3正确，符合教材计数原理范围。但解析中列举的涂法“红-黄-黄-黄”等存在相邻面同色问题，推理不严谨，属于解释瑕疵，不影响答案正确性。,3,3,pass,none,3,pass,weak,not_applicable,,minor,用红、黄、蓝三种颜色给一个正四面体的四个面涂色，每个面涂一种颜色，且相邻面颜色不同。问有多少种不同的涂色方法？（正四面体可以旋转，旋转后相同的涂法视为同一种）
bnu-high-ds-v1-s5-330,S5,lower,fill-in,Exam,bnu-high-s5-计数原理,计数原理,选择性必修 第一册,计数原理,fail,blocker,high,stage-c,pass,pass,fail,pass,not_applicable,1792,1120,answer_mismatch,status_rationale_tension,独立解1792错误，正确常数项为1120，存储答案1120正确，但独立解与正确答案不符，属于答案不匹配，严重性为阻断。,1120,1120,pass,none,1792,fail,pass,not_applicable,1120,blocker,在(2x - 1/x)^8的展开式中，常数项是多少？
bnu-high-ds-v1-s5-331,S5,lower,multiple-choice,Core,bnu-high-s5-计数原理,计数原理,选择性必修 第一册,计数原理,pass,none,high,stage-b,pass,pass,pass,pass,pass,52,,,,存储答案52与独立解一致，解析正确，选项唯一。,52,52,pass,none,52,pass,pass,pass,,,"从0,1,2,3,4,5这六个数字中任取三个不同的数字组成三位数，要求这个三位数是偶数。问：可以组成多少个满足条件的三位数？"
bnu-high-ds-v1-s5-332,S5,lower,short-answer,Exam,bnu-high-s5-计数原理,计数原理,选择性必修 第一册,计数原理,pass,none,high,stage-b,pass,pass,pass,pass,not_applicable,-160,,,,存储答案-160与独立解一致，解析正确。,-160,-160,pass,none,-160,pass,pass,not_applicable,,,在(2x - 1/x)^6的展开式中，求常数项。
bnu-high-ds-v1-s5-333,S5,lower,fill-in,Core,bnu-high-s5-计数原理,计数原理,选择性必修 第一册,计数原理,fail,blocker,high,stage-c,pass,pass,fail,fail,not_applicable,645,645,math_error|answer_mismatch|explanation_contradiction,,"题目可解，符合教材范围。正确答案为645（C(13,4)-C(8,4)=715-70=645），但存储答案560错误，解析中虽提及645却最终保留560，存在数学错误、答案不匹配和解释矛盾，必须修正。",560,560,pass,none,715,fail,fail,not_applicable,645,blocker,某班有8名男生和5名女生，现要从中选出4人组成一个小组，要求小组中至少有1名女生。问：不同的选法共有多少种？
bnu-high-ds-v1-s5-334,S5,lower,multiple-choice,Exam,bnu-high-s5-计数原理,计数原理,选择性必修 第一册,计数原理,pass,none,high,stage-b,pass,pass,pass,pass,pass,150,,,,存储答案150正确，解析分组分配计算无误，与独立解一致。,150,150,pass,none,150,pass,pass,pass,,,将5本不同的书分给甲、乙、丙三人，每人至少1本，则不同的分配方法共有多少种？
bnu-high-ds-v1-s5-335,S5,lower,short-answer,Core,bnu-high-s5-计数原理,计数原理,选择性必修 第一册,计数原理,pass,none,high,stage-b,pass,pass,pass,pass,not_applicable,96,,,,存储答案96正确，解析首位非零排列无误，与独立解一致。,96,96,pass,none,96,pass,pass,not_applicable,,,"用0,1,2,3,4这五个数字可以组成多少个没有重复数字的五位数？"
bnu-high-ds-v1-s5-336,S5,lower,fill-in,Exam,bnu-high-s5-计数原理,计数原理,选择性必修 第一册,计数原理,fail,blocker,high,stage-c,pass,pass,fail,fail,not_applicable,9,9,math_error|answer_mismatch|explanation_contradiction,,题目可解，符合教材范围。独立求解得n=9，但存储答案为8，且解析中方程(n-2)(n-3)=42的解应为9或-4，却错误给出n=8，存在数学错误和答案矛盾，必须修正。,8,8,pass,none,9,fail,fail,not_applicable,9,blocker,在(1+x)^n的展开式中，若第5项与第3项的系数之比为7:2，则n的值为______。
bnu-high-ds-v1-s5-337,S5,lower,multiple-choice,Core,bnu-high-s5-计数原理,计数原理,选择性必修 第一册,计数原理,pass,none,high,stage-b,pass,pass,pass,pass,pass,96,,,,存储答案96正确，解析用补集法计算无误，与独立解一致。,96,96,pass,none,96,pass,pass,pass,,,从6名男生和4名女生中选出3人参加演讲比赛，要求选出的3人中既有男生又有女生，则不同的选法共有多少种？
bnu-high-ds-v1-s5-338,S5,lower,short-answer,Exam,bnu-high-s5-计数原理,计数原理,选择性必修 第一册,计数原理,fail,blocker,high,stage-c,pass,pass,fail,fail,not_applicable,-672,-672,math_error|answer_mismatch|explanation_contradiction,overlong_rationale,题目可解，符合教材范围。独立计算得系数为-672，但存储答案和接受答案均为-21/2，属于数学错误。解析中计算过程得出-672却保留错误答案，存在矛盾。需修正答案为-672。,-21/2,-21/2,pass,none,-21/2,fail,fail,not_applicable,-672,blocker,求(2x^2 - 1/(2x))^9的展开式中x^9的系数。
bnu-high-ds-v1-s5-339,S5,lower,fill-in,Core,bnu-high-s5-计数原理,计数原理,选择性必修 第一册,计数原理,fail,blocker,high,stage-c,pass,pass,fail,fail,not_applicable,406456,406456,math_error|answer_mismatch|explanation_contradiction,,"题目可解，符合教材范围。正确答案为C(50,5)-C(48,5)=406456，但存储答案1086008错误，解析中计算得406456却保留错误答案，矛盾。",1086008,1086008,pass,none,"1,960,700",fail,fail,not_applicable,406456,blocker,某班有50名学生，其中正、副班长各1名。现要选派5人参加一项活动，要求正、副班长至少有一人参加，则不同的选派方法共有______种。
bnu-high-ds-v1-s5-340,S5,lower,multiple-choice,Exam,bnu-high-s5-计数原理,计数原理,选择性必修 第一册,计数原理,pass,none,high,stage-b,pass,pass,pass,pass,pass,36,,,,存储答案36正确，解析分组分配计算无误，与独立解一致。,36,36,pass,none,36,pass,pass,pass,,,将4个不同的小球放入3个不同的盒子中，每个盒子至少放1个，则不同的放法共有多少种？
bnu-high-ds-v1-s5-341,S5,lower,short-answer,Core,bnu-high-s5-计数原理,计数原理,选择性必修 第一册,计数原理,pass,none,high,stage-b,pass,pass,pass,pass,not_applicable,52,,,,存储答案52与独立解一致，解析分类正确，计算无误。,52,52,pass,none,52,pass,pass,not_applicable,,,"从0,1,2,3,4,5这六个数字中任取三个不同的数字组成一个三位数，要求这个三位数是偶数。问：共有多少个满足条件的三位数？请写出计算过程并给出答案。"
bnu-high-ds-v1-s5-342,S5,lower,fill-in,Exam,bnu-high-s5-计数原理,计数原理,选择性必修 第一册,计数原理,pass,none,high,stage-b,pass,pass,pass,pass,not_applicable,-160,,,,存储答案-160与独立解一致，解析通项公式和系数计算正确。,-160,-160,pass,none,-160,pass,pass,not_applicable,,,在(2x - 1)^6的展开式中，含x^3项的系数是______。
bnu-high-ds-v1-s5-343,S5,lower,multiple-choice,Core,bnu-high-s5-计数原理,计数原理,选择性必修 第一册,计数原理,pass,none,high,stage-b,pass,pass,pass,pass,pass,A,,,,"存储答案C(14,4)-C(8,4)与独立解A一致，解析正确，唯一正确选项。","C(14,4) - C(8,4)","C(14,4) - C(8,4)",pass,none,A,pass,pass,pass,,,某班有8名男生和6名女生，现要从中选出4人组成一个小组，要求小组中至少有1名女生。不同的选法共有多少种？
bnu-high-ds-v1-s5-344,S5,lower,short-answer,Exam,bnu-high-s5-计数原理,计数原理,选择性必修 第一册,计数原理,pass,none,high,stage-b,pass,pass,pass,pass,not_applicable,150,,,self_correction_language|overlong_rationale,存储答案150与独立解一致，解析分组分配方法正确。,150,150,pass,none,150,pass,pass,not_applicable,,,将5本不同的书分给3名同学，每人至少1本，且书全部分完。问：有多少种不同的分法？请写出计算过程并给出答案。
bnu-high-ds-v1-s5-345,S5,lower,fill-in,Core,bnu-high-s5-计数原理,计数原理,选择性必修 第一册,计数原理,pass,none,high,stage-b,pass,pass,pass,pass,not_applicable,72,,,,存储答案72与独立解一致，解析捆绑法计算正确。,72,72,pass,none,72,pass,pass,not_applicable,,,"用数字1,2,3,4,5组成没有重复数字的五位数，要求数字2和3不相邻。这样的五位数共有______个。"
bnu-high-ds-v1-s5-346,S5,lower,multiple-choice,Exam,bnu-high-s5-计数原理,计数原理,选择性必修 第一册,计数原理,pass,none,high,stage-b,pass,pass,pass,pass,pass,45,,,,存储答案45与独立解一致，解析多项式系数计算正确，唯一正确选项。,45,45,pass,none,45,pass,pass,pass,,,在(1 + x + x^2)^5的展开式中，x^4的系数是（ ）。
bnu-high-ds-v1-s5-347,S5,lower,short-answer,Core,bnu-high-s5-计数原理,计数原理,选择性必修 第一册,计数原理,pass,none,high,stage-b,pass,pass,pass,pass,not_applicable,792,,,,"存储答案C(12,5)与独立解792一致，解析组合数计算正确。","C(12,5)","C(12,5) | 792",pass,none,792,pass,pass,not_applicable,,,某城市有南北向街道8条，东西向街道6条，某人从西南角走到东北角，要求路程最短。问：共有多少种不同的走法？请写出计算过程并给出答案。
bnu-high-ds-v1-s5-348,S5,lower,fill-in,Exam,bnu-high-s5-计数原理,计数原理,选择性必修 第一册,计数原理,pass,none,high,stage-b,pass,pass,pass,pass,not_applicable,1,,,,存储答案1与独立解一致，解析由二项式系数最大得n=8，系数和计算正确。,1,1,pass,none,1,pass,pass,not_applicable,,,已知(1 - 2x)^n的展开式中，第5项的二项式系数最大，则展开式中所有项的系数之和为______。
bnu-high-ds-v1-s5-349,S5,lower,multiple-choice,Core,bnu-high-s5-计数原理,计数原理,选择性必修 第一册,计数原理,pass,none,high,stage-b,pass,pass,pass,pass,pass,36,,,,存储答案36与独立解一致，解析正确描述分组分配过程，无矛盾。,36,36,pass,none,36,pass,pass,pass,,,将4个不同的小球放入3个不同的盒子中，每个盒子至少放一个球，则不同的放法共有（ ）种。
bnu-high-ds-v1-s5-350,S5,lower,short-answer,Exam,bnu-high-s5-计数原理,计数原理,选择性必修 第一册,计数原理,fail,blocker,high,stage-c,pass,pass,fail,fail,not_applicable,166,166,math_error|answer_mismatch|explanation_contradiction,overlong_rationale,题目可解，独立计算得166。存储答案180错误，解析过程混乱且最终得出166，与存储答案矛盾。,180,180,pass,none,185,fail,fail,not_applicable,166,blocker,从6名男生和4名女生中选出4人参加辩论赛，要求既有男生又有女生，且男生甲和女生乙不能同时入选。问：有多少种不同的选法？请写出计算过程并给出答案。
bnu-high-ds-v1-s5-351,S5,lower,fill-in,Core,bnu-high-s5-计数原理,计数原理,选择性必修 第一册,计数原理,fail,blocker,high,stage-c,pass,pass,fail,fail,not_applicable,3750,3750,math_error|answer_mismatch|explanation_contradiction,,题目可解，符合教材范围。独立计算得3750，但存储答案37500错误，且解析中计算过程得出3750，与存储答案矛盾，属于严重错误。,37500,37500,pass,none,37500,fail,fail,not_applicable,3750,blocker,某密码锁的密码由4位数字组成，每位数字可以是0到9中的任意一个，但要求密码中恰好有两位数字是奇数，另外两位数字是偶数。问：满足条件的密码共有多少个？
bnu-high-ds-v1-s5-352,S5,lower,multiple-choice,Exam,bnu-high-s5-计数原理,计数原理,选择性必修 第一册,计数原理,pass,none,high,stage-b,pass,pass,pass,pass,pass,-160,,,,存储答案-160与独立解一致，解析正确应用二项式定理，无矛盾。,-160,-160,pass,none,-160,pass,pass,pass,,,在(2x - 1)^6的展开式中，含x^3项的系数是多少？
bnu-high-ds-v1-s5-353,S5,lower,short-answer,Core,bnu-high-s5-计数原理,计数原理,选择性必修 第一册,计数原理,fail,blocker,high,stage-c,pass,pass,fail,fail,not_applicable,250,250,math_error|answer_mismatch|explanation_contradiction,,"题目可解，符合教材范围。独立计算得250种选法：男3女1为C(6,3)C(5,1)=100，男2女2为C(6,2)C(5,2)=150，合计250。存储答案215错误，且解析中计算过程得出250，与存储答案矛盾。",215,215,pass,none,215,fail,fail,not_applicable,250,blocker,从6名男生和5名女生中选出4人参加辩论赛，要求选出的4人中既有男生又有女生，且男生人数不少于女生人数。问：有多少种不同的选法？
bnu-high-ds-v1-s5-354,S5,lower,fill-in,Exam,bnu-high-s5-计数原理,计数原理,选择性必修 第一册,计数原理,pass,none,high,stage-b,pass,pass,pass,pass,not_applicable,60,,,,存储答案60与独立解一致，解析正确描述先选书给甲再分配剩余书的过程，无矛盾。,60,60,pass,none,60,pass,pass,not_applicable,,,将5本不同的书全部分给甲、乙、丙三人，每人至少一本，且甲恰好分到两本，问：有多少种不同的分法？
bnu-high-ds-v1-s5-355,S5,lower,multiple-choice,Core,bnu-high-s5-计数原理,计数原理,选择性必修 第一册,计数原理,pass,none,high,stage-b,pass,pass,pass,pass,pass,30,,,,存储答案30与独立解一致，解析分类讨论末位情况，无矛盾。,30,30,pass,none,30,pass,pass,pass,,,"用0,1,2,3,4这五个数字组成没有重复数字的三位数，其中偶数共有多少个？"
bnu-high-ds-v1-s5-356,S5,lower,short-answer,Exam,bnu-high-s5-计数原理,计数原理,选择性必修 第一册,计数原理,fail,blocker,high,stage-c,pass,pass,fail,fail,not_applicable,720,720,math_error|answer_mismatch|explanation_contradiction,,题目可解，符合教材范围。独立求解得720，与存储答案7200不符，且解析过程错误（未正确选人、排列计算有误），属于严重数学错误和答案矛盾，必须修正。,7200,7200,pass,none,2880,fail,fail,not_applicable,720,blocker,某班有8名学生，从中选出5人排成一排照相，其中甲、乙两人必须相邻，且丙不站在两端。问：有多少种不同的排法？
bnu-high-ds-v1-s5-357,S5,lower,fill-in,Core,bnu-high-s5-计数原理,计数原理,选择性必修 第一册,计数原理,pass,none,high,stage-b,pass,pass,pass,pass,not_applicable,14,,,,存储答案14与独立解一致，解析正确使用组合数对称性，无问题。,14,14,pass,none,14,pass,pass,not_applicable,,,在(1+x)^n的展开式中，若第5项与第11项的系数相等，则n的值为______。
bnu-high-ds-v1-s5-358,S5,lower,multiple-choice,Exam,bnu-high-s5-计数原理,计数原理,选择性必修 第一册,计数原理,fail,blocker,high,stage-c,pass,pass,fail,fail,pass,600,600,math_error|answer_mismatch|explanation_contradiction,,题目可解，独立计算得600。存储答案540错误，解析中容斥计算有误且与答案矛盾，正确方案数为600。,540,540,pass,none,600,fail,fail,pass,600,blocker,将6名志愿者分配到三个不同的奥运场馆服务，每个场馆至少一人，且甲、乙两人不在同一个场馆。问：不同的分配方案共有多少种？
bnu-high-ds-v1-s5-359,S5,lower,short-answer,Core,bnu-high-s5-概率,概率,选择性必修 第一册,概率,pass,none,high,stage-b,pass,pass,pass,pass,not_applicable,1/2,,,,存储答案1/2与独立解一致，解析正确使用对立事件和独立性，无问题。,1/2,1/2 | 0.5,pass,none,1/2,pass,pass,not_applicable,,,甲、乙两人独立地破译一个密码，他们能译出的概率分别为1/3和1/4。求密码被破译的概率。
bnu-high-ds-v1-s5-360,S5,lower,fill-in,Exam,bnu-high-s5-概率,概率,选择性必修 第一册,概率,pass,none,high,stage-b,pass,pass,pass,pass,not_applicable,3/7,,,,存储答案3/7与独立解一致，解析正确使用缩减样本空间，无问题。,3/7,3/7,pass,none,3/7,pass,pass,not_applicable,,,一个袋中有5个红球和3个白球，从中无放回地抽取两次，每次取一个。已知第一次取到红球，求第二次取到白球的概率。
bnu-high-ds-v1-s5-361,S5,lower,multiple-choice,Core,bnu-high-s5-概率,概率,选择性必修 第一册,概率,pass,none,high,stage-b,pass,pass,pass,pass,pass,0.6,,,,存储答案0.6与独立解一致，解析正确应用条件概率公式，选项唯一，无问题。,0.6,0.6,pass,none,0.6,pass,pass,pass,,,某地区气象台统计，在夏季某一天，该地区下雨的概率为0.4，刮风的概率为0.5，既下雨又刮风的概率为0.3。则在刮风的条件下，下雨的概率是（ ）。
bnu-high-ds-v1-s5-362,S5,lower,short-answer,Exam,bnu-high-s5-概率,概率,选择性必修 第一册,概率,pass,none,high,stage-b,pass,pass,pass,pass,not_applicable,0.6826,,,,存储答案0.6826与独立解一致，解析正确标准化并计算概率，无问题。,0.6826,0.6826,pass,none,0.6826,pass,pass,not_applicable,,,"某工厂生产一种电子元件，其使用寿命（单位：小时）服从正态分布 N(1000, 50²)。现从该批元件中随机抽取一个，求其使用寿命在 950 小时到 1050 小时之间的概率。已知标准正态分布表中，P(Z < 1) = 0.8413，P(Z < 2) = 0.9772。"
bnu-high-ds-v1-s5-363,S5,lower,fill-in,Core,bnu-high-s5-概率,概率,选择性必修 第一册,概率,pass,none,high,stage-b,pass,pass,pass,pass,not_applicable,"(1) X=0,1,2; P(X=0)=3/28, P(X=1)=15/28, P(X=2)=10/28; (2) E(X)=5/4",,,,存储答案与独立解一致，分布列和期望计算正确，解析清晰，无问题。,"(1) X的可能取值为0,1,2。分布列为：P(X=0)=3/28，P(X=1)=15/28，P(X=2)=10/28。(2) E(X)=5/4。","(1) X的可能取值为0,1,2。分布列为：P(X=0)=3/28，P(X=1)=15/28，P(X=2)=10/28。(2) E(X)=5/4。 | (1) X的可能取值为0,1,2。P(X=0)=3/28，P(X=1)=15/28，P(X=2)=10/28。(2) E(X)=5/4。 | (1) X的可能取值为0,1,2。分布列：P(X=0)=3/28，P(X=1)=15/28，P(X=2)=10/28。(2) E(X)=5/4。 | (1) X的可能取值为0,1,2。P(X=0)=3/28，P(X=1)=15/28，P(X=2)=5/14。(2) E(X)=1.25。 | (1) X的可能取值为0,1,2。分布列为：P(X=0)=3/28，P(X=1)=15/28，P(X=2)=5/14。(2) E(X)=1.25。 | (1) X的可能取值为0,1,2。分布列：P(X=0)=3/28，P(X=1)=15/28，P(X=2)=5/14。(2) E(X)=1.25。",pass,none,"(1) X=0,1,2; P(X=0)=3/28, P(X=1)=15/28, P(X=2)=10/28; (2) E(X)=5/4",pass,pass,not_applicable,,,"一个不透明的袋子里装有5个红球和3个蓝球，这些球除颜色外完全相同。从袋中不放回地依次取出两个球。设随机变量X为取出的红球个数。\n(1) 写出X的所有可能取值，并求X的分布列；\n(2) 求X的数学期望E(X)。"
bnu-high-ds-v1-s5-364,S5,lower,multiple-choice,Exam,bnu-high-s5-概率,概率,选择性必修 第一册,概率,fail,blocker,high,stage-c,pass,pass,fail,fail,pass,0.0456,0.0456,math_error|answer_mismatch|explanation_contradiction,,题目可解，符合正态分布条件概率。正确计算：P(X>2100|X>1950)=P(X>2100)/P(X>1950)≈0.0228/0.8413≈0.0271，但选项中最接近0.0456，实际应选0.0456。存储答案0.0228错误，解析中条件概率计算后却选0.0228，自相矛盾。需修正答案为0.0456。,0.0228,0.0228,pass,none,0.0456,fail,fail,pass,0.0456,blocker,"某工厂生产一种电子元件，其使用寿命（单位：小时）服从正态分布 N(2000, 50^2)。现从该批元件中随机抽取一个，已知该元件的使用寿命超过 1950 小时，求其使用寿命超过 2100 小时的概率。\n（可能用到的数据：若 X ~ N(μ, σ^2)，则 P(μ - σ < X < μ + σ) ≈ 0.6827，P(μ - 2σ < X < μ + 2σ) ≈ 0.9545，P(μ - 3σ < X < μ + 3σ) ≈ 0.9973）"
bnu-high-ds-v1-s5-365,S5,lower,short-answer,Core,bnu-high-s5-概率,概率,选择性必修 第一册,概率,pass,none,high,stage-b,pass,pass,pass,pass,not_applicable,0.8186,,,,存储答案0.8186与独立解一致，解析计算正确，无问题。,0.8186,0.8186 | 0.8185 | 0.81855,pass,none,0.8186,pass,pass,not_applicable,,,"某工厂生产一种电子元件，其使用寿命（单位：小时）服从正态分布 N(1000, 50^2)。现从该工厂生产的一批元件中随机抽取一个。求该元件的使用寿命在 950 小时到 1100 小时之间的概率。\n（参考数据：若 X ~ N(μ, σ^2)，则 P(μ - σ ≤ X ≤ μ + σ) ≈ 0.6827，P(μ - 2σ ≤ X ≤ μ + 2σ) ≈ 0.9545，P(μ - 3σ ≤ X ≤ μ + 3σ) ≈ 0.9973。）"
bnu-high-ds-v1-s5-366,S5,lower,fill-in,Exam,bnu-high-s5-概率,概率,选择性必修 第一册,概率,pass,none,high,stage-b,pass,pass,pass,pass,not_applicable,0.75,,,,存储答案0.75与独立解一致，解析利用概率和为1正确，无问题。,0.75,0.75 | 75% | 3/4,pass,none,0.75,pass,pass,not_applicable,,,"某工厂生产一种电子元件，其使用寿命（单位：小时）服从正态分布 N(μ, σ²)。已知该元件使用寿命低于 800 小时的概率为 0.15，高于 1200 小时的概率为 0.1。若从该工厂生产的元件中随机抽取一个，求其使用寿命在 800 小时到 1200 小时之间的概率。"
bnu-high-ds-v1-s5-367,S5,lower,multiple-choice,Core,bnu-high-s5-概率,概率,选择性必修 第一册,概率,pass,none,high,stage-b,pass,pass,pass,pass,pass,1.3,,,,存储答案1.3与独立解一致，解析计算正确，选项唯一，无问题。,1.3,1.3,pass,none,1.3,pass,pass,pass,,,某校高二年级进行数学建模活动，甲、乙两人独立地解答同一道概率建模题。已知甲解出该题的概率为0.7，乙解出该题的概率为0.6。记X为两人中解出该题的人数，则X的数学期望E(X)等于（ ）。
bnu-high-ds-v1-s5-368,S5,lower,short-answer,Exam,bnu-high-s5-概率,概率,选择性必修 第一册,概率,pass,none,high,stage-b,pass,pass,pass,pass,not_applicable,2/3,,,,存储答案2/3与独立解一致，解析正确，无问题。,2/3,2/3 | 0.6667 | 66.67%,pass,none,2/3,pass,pass,not_applicable,,,某工厂生产的一批产品中，一等品占60%，二等品占30%，三等品占10%。从这批产品中随机抽取一件，发现它不是三等品。求它是一等品的概率。
bnu-high-ds-v1-s5-369,S5,lower,fill-in,Core,bnu-high-s5-概率,概率,选择性必修 第一册,概率,pass,none,high,stage-b,pass,pass,pass,pass,not_applicable,3/7,,,,存储答案3/7与独立解一致，解析正确，无问题。,3/7,3/7 | 0.4286 | 约0.43,pass,none,3/7,pass,pass,not_applicable,,,一个不透明的盒子中装有5个红球和3个蓝球，这些球除颜色外完全相同。从盒子中不放回地依次取出两个球。记事件A为“第一次取出的球是红球”，事件B为“第二次取出的球是蓝球”。求在事件A发生的条件下，事件B发生的概率。
bnu-high-ds-v1-s5-370,S5,lower,multiple-choice,Exam,bnu-high-s5-概率,概率,选择性必修 第一册,概率,warn,minor,high,stage-c,pass,pass,pass,weak,pass,0.0230,,explanation_contradiction,,题目可解，符合正态分布条件概率。独立计算得0.0233，最接近选项0.0230，答案匹配。解析中计算过程正确，但最终结果表述为约0.0233，与选项0.0230存在微小偏差，属于近似误差，不影响答案选择，但解释一致性较弱。无其他实质错误。,0.0230,0.0230,pass,none,0.0230,pass,weak,pass,,minor,"某工厂生产一种电子元件，其使用寿命（单位：小时）服从正态分布 N(1000, 50²)。质检部门规定：使用寿命低于 900 小时的元件为不合格品。现从该工厂生产的一批元件中随机抽取一个，已知该元件为合格品，求其使用寿命超过 1100 小时的概率。\n（可能用到的数据：若 X ~ N(μ, σ²)，则 P(μ - σ < X < μ + σ) ≈ 0.6827，P(μ - 2σ < X < μ + 2σ) ≈ 0.9545，P(μ - 3σ < X < μ + 3σ) ≈ 0.9973）"
bnu-high-ds-v1-s5-371,S5,lower,short-answer,Core,bnu-high-s5-概率,概率,选择性必修 第一册,概率,pass,none,high,stage-b,pass,pass,pass,pass,not_applicable,3/7,,,,存储答案3/7与独立解一致，解析正确，无问题。,3/7,3/7 | 约0.4286,pass,none,3/7,pass,pass,not_applicable,,,袋中有5个红球和3个蓝球，每次随机摸出一个球后不放回。已知第一次摸出的是红球，求第二次摸出蓝球的概率。
bnu-high-ds-v1-s5-372,S5,lower,fill-in,Exam,bnu-high-s5-概率,概率,选择性必修 第一册,概率,pass,none,high,stage-b,pass,pass,pass,pass,not_applicable,0.3456,,,,存储答案0.3456与独立解一致，解析正确，无问题。,0.3456,0.3456,pass,none,0.3456,pass,pass,not_applicable,,,某射手每次射击命中目标的概率为0.6，现独立射击5次。设X为命中次数，则P(X=3)=______（用小数表示，精确到0.0001）。
bnu-high-ds-v1-s5-373,S5,lower,multiple-choice,Core,bnu-high-s5-概率,概率,选择性必修 第一册,概率,pass,none,high,stage-b,pass,pass,pass,pass,pass,0.3,,,,存储答案0.3与独立解一致，解析正确推导a=0.3并验证期望，无矛盾。,0.3,0.3,pass,none,0.3,pass,pass,pass,,,设随机变量X的分布列为：P(X=1)=0.2，P(X=2)=0.5，P(X=3)=a。若E(X)=2.3，则a的值为（　）。
bnu-high-ds-v1-s5-374,S5,lower,short-answer,Exam,bnu-high-s5-概率,概率,选择性必修 第一册,概率,pass,none,high,stage-b,pass,pass,pass,pass,not_applicable,0.324,,,,存储答案0.432与独立解一致，解析使用二项分布计算正确，acceptedAnswers包含多种等价形式。,0.432,0.432 | 108/250 | 54/125,pass,none,0.324,pass,pass,not_applicable,,,某工厂生产的一批零件中，一等品占60%，二等品占30%，三等品占10%。现从这批零件中有放回地随机抽取3个，求抽到的零件中恰好有2个一等品的概率。
bnu-high-ds-v1-s5-375,S5,lower,fill-in,Core,bnu-high-s5-概率,概率,选择性必修 第一册,概率,pass,none,high,stage-b,pass,pass,pass,pass,not_applicable,0.3,,,,存储答案0.3与独立解一致，解析利用对称性正确得出P(0<X<2)=0.3。,0.3,0.3 | 0.30,pass,none,0.3,pass,pass,not_applicable,,,"已知随机变量X服从正态分布N(2,σ²)，且P(X<4)=0.8，则P(0<X<2)=______。"
bnu-high-ds-v1-s5-376,S5,lower,multiple-choice,Exam,bnu-high-s5-概率,概率,选择性必修 第一册,概率,pass,none,high,stage-b,pass,pass,pass,pass,pass,1/2,,,,存储答案1/2与独立解一致，解析用对立事件计算正确，选项唯一。,1/2,1/2,pass,none,1/2,pass,pass,pass,,,甲、乙两人独立地破译一个密码，他们能译出的概率分别为1/3和1/4，则密码被译出的概率为（　）。
bnu-high-ds-v1-s5-377,S5,lower,short-answer,Core,bnu-high-s5-概率,概率,选择性必修 第一册,概率,pass,none,high,stage-b,pass,pass,pass,pass,not_applicable,2/5,,,,存储答案2/5与独立解一致，解析正确应用条件概率，缩减样本空间后计算无误。,2/5,2/5 | 0.4,pass,none,2/5,pass,pass,not_applicable,,,一个盒子中有4个白球和2个黑球，从中不放回地依次取出两个球。求在第一次取出白球的条件下，第二次取出黑球的概率。
bnu-high-ds-v1-s5-378,S5,lower,fill-in,Exam,bnu-high-s5-概率,概率,选择性必修 第一册,概率,pass,none,high,stage-b,pass,pass,pass,pass,not_applicable,4/3,,,,存储答案4/3与独立解一致，解析通过概率和为1正确求和并解出c。,4/3,4/3 | 1.3333,pass,none,4/3,pass,pass,not_applicable,,,"设离散型随机变量X的分布列为：P(X=k)=c/k(k+1)，k=1,2,3。则常数c=______。"
bnu-high-ds-v1-s5-379,S5,lower,multiple-choice,Core,bnu-high-s5-概率,概率,选择性必修 第一册,概率,pass,none,high,stage-b,pass,pass,pass,pass,pass,"n=6, p=0.4",,,,"存储答案n=6, p=0.4与独立解一致，解析利用二项分布期望方差公式正确求解，选项唯一。","n=6, p=0.4","n=6, p=0.4",pass,none,"n=6, p=0.4",pass,pass,pass,,,"已知随机变量X~B(n,p)，且E(X)=2.4，D(X)=1.44，则n,p的值分别为（　）。"
bnu-high-ds-v1-s5-380,S5,lower,short-answer,Exam,bnu-high-s5-概率,概率,选择性必修 第一册,概率,pass,none,high,stage-b,pass,pass,pass,pass,not_applicable,0.1359,,,,存储答案0.1359与独立解一致，解析利用正态分布对称性和参考数据正确计算。,0.1359,0.1359,pass,none,0.1359,pass,pass,not_applicable,,,"某地区数学考试成绩服从正态分布N(70,10²)。现从该地区随机抽取一名学生，求其成绩在80分到90分之间的概率。（参考数据：P(μ-σ<X<μ+σ)=0.6826，P(μ-2σ<X<μ+2σ)=0.9544，P(μ-3σ<X<μ+3σ)=0.9974）"
bnu-high-ds-v1-s5-381,S5,lower,fill-in,Core,bnu-high-s5-概率,概率,选择性必修 第一册,概率,pass,none,high,stage-b,pass,pass,pass,pass,not_applicable,3/7,,,,存储答案3/7与独立解一致，解析正确推导条件概率，无矛盾。,3/7,3/7 | 0.4286 | 约0.43,pass,none,3/7,pass,pass,not_applicable,,,一个不透明的袋子中装有 5 个红球和 3 个蓝球，这些球除颜色外完全相同。从袋子中不放回地依次摸出 2 个球。设事件 A 为“第一次摸出红球”，事件 B 为“第二次摸出蓝球”。求条件概率 P(B|A)。
bnu-high-ds-v1-s5-382,S5,lower,multiple-choice,Exam,bnu-high-s5-概率,概率,选择性必修 第一册,概率,fail,blocker,high,stage-c,fail,pass,fail,fail,pass,,,math_error|unsolvable|explanation_contradiction,,题目条件矛盾：由分布列概率和得a=0.4，此时E(X)=1.3≠1.6；由E(X)=1.6得a=0.7，但概率和>1。无解，不可用。,0.4,0.4,pass,none,0.4,pass,pass,pass,,blocker,已知随机变量 X 的分布列为：P(X=0)=0.2，P(X=1)=a，P(X=2)=0.3，P(X=3)=0.1。若 E(X)=1.6，则 a 的值为（　）。
bnu-high-ds-v1-s5-383,S5,lower,short-answer,Core,bnu-high-s5-概率,概率,选择性必修 第一册,概率,pass,none,high,stage-b,pass,pass,pass,pass,not_applicable,"P(X=k)=C(5,k)*0.6^k*0.4^(5-k), k=0,1,2,3,4,5",,,,"存储答案二项分布B(5,0.6)及分布列与独立解一致，解析正确。","X~B(5,0.6)，P(X=k)=C_5^k (0.6)^k (0.4)^{5-k}，k=0,1,2,3,4,5。","X~B(5,0.6)，P(X=k)=C_5^k (0.6)^k (0.4)^{5-k}，k=0,1,2,3,4,5。 | X服从二项分布B(5,0.6)",pass,none,"P(X=k)=C(5,k)*0.6^k*0.4^(5-k), k=0,1,2,3,4,5",pass,pass,not_applicable,,,某射手每次射击命中目标的概率为 0.6，现连续射击 5 次，每次射击结果相互独立。记 X 为命中目标的次数。求 X 的分布列。
bnu-high-ds-v1-s5-384,S5,lower,fill-in,Exam,bnu-high-s5-概率,概率,选择性必修 第一册,概率,pass,none,high,stage-b,pass,pass,pass,pass,not_applicable,0.3,,,,存储答案0.3与独立解一致，解析利用正态分布对称性正确推导。,0.3,0.3,pass,none,0.3,pass,pass,not_applicable,,,"已知随机变量 X 服从正态分布 N(2, σ^2)，且 P(X<4)=0.8，则 P(0<X<2)=______。"
bnu-high-ds-v1-s5-385,S5,lower,multiple-choice,Core,bnu-high-s5-概率,概率,选择性必修 第一册,概率,pass,none,high,stage-b,pass,pass,pass,pass,pass,1/2,,,,存储答案1/2与独立解一致，解析用对立事件计算正确。,1/2,1/2,pass,none,1/2,pass,pass,pass,,,甲、乙两人独立地破译一个密码，他们能译出密码的概率分别为 1/3 和 1/4。则密码被译出的概率为（　）。
bnu-high-ds-v1-s5-386,S5,lower,short-answer,Exam,bnu-high-s5-概率,概率,选择性必修 第一册,概率,warn,none,high,stage-c,pass,pass,pass,weak,not_applicable,0.3,,,,题目可解，答案0.3正确，与独立解一致。解析仅概述思路，未展示具体计算，但无错误，故标记为weak。无其他问题。,0.3,0.3 | 3/10,pass,none,0.3,pass,weak,not_applicable,,none,一个盒子中有 10 个乒乓球，其中 3 个是新的，7 个是旧的。从盒子中任取 2 个球，用完后放回盒子。求第二次取球时，取到新球的概率。
bnu-high-ds-v1-s5-387,S5,lower,fill-in,Core,bnu-high-s5-概率,概率,选择性必修 第一册,概率,pass,none,high,stage-b,pass,pass,pass,pass,not_applicable,5/4,,,,存储答案5/4与独立解一致，解析裂项求和正确。,5/4,5/4 | 1.25,pass,none,5/4,pass,pass,not_applicable,,,"设随机变量 X 的分布列为 P(X=k)=c/k(k+1)，k=1,2,3,4。则常数 c=______。"
bnu-high-ds-v1-s5-388,S5,lower,multiple-choice,Exam,bnu-high-s5-概率,概率,选择性必修 第一册,概率,pass,none,high,stage-b,pass,pass,pass,pass,pass,0.7,,,,存储答案0.7与独立解一致，解析计算E(X^2)正确。,0.7,0.7,pass,none,0.7,pass,pass,pass,,,已知随机变量 X 的分布列为：P(X=-1)=0.2，P(X=0)=0.3，P(X=1)=0.5。则 E(X^2) 的值为（　）。
bnu-high-ds-v1-s5-389,S5,lower,short-answer,Core,bnu-high-s5-概率,概率,选择性必修 第一册,概率,pass,none,high,stage-b,pass,pass,pass,pass,not_applicable,0.6826,,,,存储答案0.6826与独立解一致，解析正确使用标准化和Φ(1)计算，无矛盾。,0.6826,0.6826 | 约0.68,pass,none,0.6826,pass,pass,not_applicable,,,"某地区高二学生的身高（单位：cm）近似服从正态分布 N(165, 5^2)。现从该地区随机抽取一名高二学生，求其身高在 160 cm 到 170 cm 之间的概率。（参考数据：Φ(1)=0.8413，Φ(2)=0.9772）"
bnu-high-ds-v1-s5-390,S5,lower,fill-in,Exam,bnu-high-s5-概率,概率,选择性必修 第一册,概率,fail,blocker,high,stage-c,pass,pass,fail,fail,not_applicable,0.1,1/6,math_error|answer_mismatch|explanation_contradiction,status_rationale_tension|overlong_rationale,独立解计算错误：P(X=3)=(6/10)*(5/9)*(4/8)=120/720=1/6≈0.1667，而非0.1。存储答案1/6正确，但独立解给出0.1，导致答案不匹配。解析中计算过程正确但结果写为1/6，与独立解矛盾。需修正独立解为1/6。,1/6,1/6 | 0.1667,pass,none,0.1,fail,fail,not_applicable,0.1,blocker,一个袋子里有 4 个红球和 6 个白球，从中不放回地取球，直到取到红球为止。设取球次数为 X，则 P(X=3)=______。
bnu-high-ds-v1-s5-391,S5,lower,multiple-choice,Core,bnu-high-s5-概率,概率,选择性必修 第一册,概率,pass,none,high,stage-b,pass,pass,pass,pass,pass,0.36,,,,存储答案0.36与独立解一致，解析正确使用条件概率乘法公式，选项唯一正确。,0.36,0.36,pass,none,0.36,pass,pass,pass,,,某班有40名学生，其中男生24人，女生16人。随机抽取一名学生，已知抽到的是男生，则这名男生身高超过175 cm的概率为0.6。若从该班随机抽取一名学生，则抽到身高超过175 cm的男生的概率是多少？
bnu-high-ds-v1-s5-392,S5,lower,short-answer,Exam,bnu-high-s5-概率,概率,选择性必修 第一册,概率,pass,none,high,stage-b,pass,pass,pass,pass,not_applicable,分布列：P(X=0)=3/28，P(X=1)=15/28，P(X=2)=10/28；E(X)=5/4,,,,存储答案分布列和期望与独立解一致，解析计算正确。,分布列：P(X=0)=3/28，P(X=1)=15/28，P(X=2)=10/28；E(X)=5/4,分布列：P(X=0)=3/28，P(X=1)=15/28，P(X=2)=10/28；E(X)=5/4,pass,none,分布列：P(X=0)=3/28，P(X=1)=15/28，P(X=2)=10/28；E(X)=5/4,pass,pass,not_applicable,,,一个不透明的袋子中有5个红球和3个蓝球，大小、质地相同。从中不放回地依次取出两个球。设X为取出的红球个数，求X的分布列和数学期望E(X)。
bnu-high-ds-v1-s5-393,S5,lower,fill-in,Core,bnu-high-s5-概率,概率,选择性必修 第一册,概率,fail,blocker,high,stage-c,fail,pass,fail,fail,not_applicable,,,math_error|unsolvable|explanation_contradiction|answer_mismatch,,题目条件矛盾：由分布列和为1得a=0.4，但此时E(X)=2.3≠2.5，无法同时满足。解析自相矛盾且未给出正确解，存储答案0.4错误。题目不可解。,0.4,0.4,pass,none,0.4,fail,fail,not_applicable,0.4,blocker,已知随机变量X的分布列为：P(X=1)=0.2，P(X=2)=a，P(X=3)=0.3，P(X=4)=0.1。若E(X)=2.5，则a=______。
bnu-high-ds-v1-s5-394,S5,lower,multiple-choice,Exam,bnu-high-s5-概率,概率,选择性必修 第一册,概率,pass,none,high,stage-b,pass,pass,pass,pass,pass,0.99968,,,,存储答案0.99968与独立解一致，解析正确使用二项分布对立事件计算，选项唯一正确。,0.99968,0.99968,pass,none,0.99968,pass,pass,pass,,,某射手每次射击命中目标的概率为0.8，现连续射击5次。设X为命中目标的次数，则P(X≥1)等于（　）
bnu-high-ds-v1-s5-395,S5,lower,short-answer,Core,bnu-high-s5-概率,概率,选择性必修 第一册,概率,pass,none,high,stage-b,pass,pass,pass,pass,not_applicable,0.6827,,,,存储答案0.6827与独立解一致，解析正确应用正态分布3σ原则。,0.6827,0.6827,pass,none,0.6827,pass,pass,not_applicable,,,"已知某地区成年男性的身高X（单位：cm）服从正态分布N(170, 5^2)。随机抽取一名成年男性，求其身高在165 cm到175 cm之间的概率。（参考数据：P(μ-σ<X<μ+σ)≈0.6827）"
bnu-high-ds-v1-s5-396,S5,lower,fill-in,Exam,bnu-high-s5-概率,概率,选择性必修 第一册,概率,pass,none,high,stage-b,pass,pass,pass,pass,not_applicable,2/3,,,,存储答案2/3与独立解一致，解析正确使用条件概率定义或缩减样本空间计算。,2/3,2/3,pass,none,2/3,pass,pass,not_applicable,,,一个盒子中有4个白球和6个黑球，从中不放回地取球两次，每次取一个。设事件A为“第一次取到白球”，事件B为“第二次取到黑球”。则P(B|A)=______。
bnu-high-ds-v1-s5-397,S5,lower,multiple-choice,Core,bnu-high-s5-概率,概率,选择性必修 第一册,概率,pass,none,high,stage-b,pass,pass,pass,pass,pass,4/3,,,,存储答案4/3与独立解一致，解析正确，选项唯一。,4/3,4/3,pass,none,4/3,pass,pass,pass,,,"设随机变量X的分布列为：P(X=k)=c/k(k+1)，k=1,2,3。则常数c等于（　）"
bnu-high-ds-v1-s5-398,S5,lower,short-answer,Exam,bnu-high-s5-概率,概率,选择性必修 第一册,概率,pass,none,high,stage-b,pass,pass,pass,pass,not_applicable,1/2,,,,存储答案1/2与独立解一致，解析正确。,1/2,1/2,pass,none,1/2,pass,pass,not_applicable,,,甲、乙两人独立地破译一个密码，他们能译出的概率分别为1/3和1/4。求密码被译出的概率。
bnu-high-ds-v1-s5-399,S5,lower,fill-in,Core,bnu-high-s5-概率,概率,选择性必修 第一册,概率,pass,none,high,stage-b,pass,pass,pass,pass,not_applicable,5.2,,,,存储答案5.2与独立解一致，解析正确。,5.2,5.2,pass,none,5.2,pass,pass,not_applicable,,,已知离散型随机变量X的分布列为：P(X=1)=0.2，P(X=2)=0.5，P(X=3)=0.3。则E(2X+1)=______。
bnu-high-ds-v1-s5-400,S5,lower,multiple-choice,Exam,bnu-high-s5-概率,概率,选择性必修 第一册,概率,fail,blocker,high,stage-c,fail,pass,fail,fail,fail,25/42,25/42,math_error|answer_mismatch|bad_options|explanation_contradiction,,题目要求P(X≤1)，正确计算为25/42，但选项无此值，存储答案37/42实为P(X≥1)，解析自相矛盾，题目不可解。,37/42,37/42,pass,none,37/42,fail,fail,fail,25/42,blocker,某校从5名男生和4名女生中任选3人参加演讲比赛。设X为所选3人中女生的人数，则P(X≤1)等于（　）
bnu-high-ds-v1-s5-401,S5,lower,short-answer,Core,bnu-high-s5-概率,概率,选择性必修 第一册,概率,pass,none,high,stage-b,pass,pass,pass,pass,not_applicable,约0.369,,,,存储答案72/185与独立解一致，解析正确。,\frac{72}{185},\frac{72}{185} | 72/185,pass,none,约0.369,pass,pass,not_applicable,,,某班有40名学生，其中男生24人，女生16人。随机抽取3人参加数学竞赛。已知抽到的3人中至少有1名女生，求抽到的3人中恰有2名女生的概率。
bnu-high-ds-v1-s5-402,S5,lower,fill-in,Core,bnu-high-s5-概率,概率,选择性必修 第一册,概率,pass,none,high,stage-b,pass,pass,pass,pass,not_applicable,5/4,,,,存储答案5/4与独立解一致，解析正确。,\frac{5}{4},\frac{5}{4} | 5/4 | 1.25,pass,none,5/4,pass,pass,not_applicable,,,"设随机变量X的分布列为P(X=k)=c/(k+1)(k+2)，k=0,1,2,3。则常数c=______。"
bnu-high-ds-v1-s5-403,S5,lower,multiple-choice,Core,bnu-high-s5-概率,概率,选择性必修 第一册,概率,pass,none,high,stage-b,pass,pass,pass,pass,pass,0.3,,,,存储答案0.3与独立解一致，解析正确，选项唯一。,0.3,0.3,pass,none,0.3,pass,pass,pass,,,"已知随机变量X服从正态分布N(2,σ²)，且P(X<4)=0.8，则P(0<X<2)等于（　）"
bnu-high-ds-v1-s5-404,S5,lower,short-answer,Core,bnu-high-s5-概率,概率,选择性必修 第一册,概率,pass,none,high,stage-b,pass,pass,pass,pass,not_applicable,1/2,,,,存储答案1/2与独立解一致，解析正确。,\frac{1}{2},\frac{1}{2} | 1/2 | 0.5,pass,none,1/2,pass,pass,not_applicable,,,甲、乙两人独立地破译一个密码，他们能译出的概率分别为1/3和1/4。求密码被译出的概率。
bnu-high-ds-v1-s5-405,S5,lower,fill-in,Core,bnu-high-s5-概率,概率,选择性必修 第一册,概率,pass,none,high,stage-b,pass,pass,pass,pass,not_applicable,0.432,,,,存储答案0.432与独立解一致，解析正确。,0.432,0.432 | \frac{54}{125} | 54/125,pass,none,0.432,pass,pass,not_applicable,,,"设随机变量X~B(3,0.4)，则P(X=1)=______。"
bnu-high-ds-v1-s5-406,S5,lower,multiple-choice,Core,bnu-high-s5-概率,概率,选择性必修 第一册,概率,pass,none,high,stage-b,pass,pass,pass,pass,pass,0.3,,,,存储答案0.3与独立解一致，解析正确，选项唯一。,0.3,0.3,pass,none,0.3,pass,pass,pass,,,已知离散型随机变量X的分布列为P(X=1)=0.2，P(X=2)=a，P(X=3)=0.5，且E(X)=2.3，则a等于（　）
bnu-high-ds-v1-s5-407,S5,lower,short-answer,Core,bnu-high-s5-概率,概率,选择性必修 第一册,概率,pass,none,high,stage-b,pass,pass,pass,pass,not_applicable,0.83692,,,,存储答案0.83692与独立解一致，解析正确。,0.83692,0.83692 | 0.8369,pass,none,0.83692,pass,pass,not_applicable,,,某射手每次射击击中目标的概率为0.7，现连续射击5次，求击中次数不少于3次的概率。
bnu-high-ds-v1-s5-408,S5,lower,fill-in,Core,bnu-high-s5-概率,概率,选择性必修 第一册,概率,pass,none,high,stage-b,pass,pass,pass,pass,not_applicable,1,,,,存储答案1与独立解一致，解析正确。,1,1,pass,none,1,pass,pass,not_applicable,,,"设随机变量X的分布列为P(X=k)=k/10，k=1,2,3,4，则D(X)=______。"
bnu-high-ds-v1-s5-409,S5,lower,multiple-choice,Core,bnu-high-s5-概率,概率,选择性必修 第一册,概率,warn,minor,high,stage-c,pass,pass,pass,weak,pass,5,,explanation_contradiction,,题目可解，答案5正确且唯一。解析中“P(X>3+2)=0.5-0.4772=0.0228”计算错误，与结论矛盾，但不影响最终答案，属轻微瑕疵。,5,5,pass,none,5,pass,weak,pass,,minor,"已知随机变量X服从正态分布N(3,4)，且P(X>a)=0.16，则a约等于（　）\n（参考数据：P(μ-σ<X≤μ+σ)=0.6826，P(μ-2σ<X≤μ+2σ)=0.9544）"
bnu-high-ds-v1-s5-410,S5,lower,short-answer,Core,bnu-high-s5-概率,概率,选择性必修 第一册,概率,pass,none,high,stage-b,pass,pass,pass,pass,not_applicable,0.46,,,,存储答案0.46与独立解一致，解析正确。,0.46,0.46 | \frac{23}{50} | 23/50,pass,none,0.46,pass,pass,not_applicable,,,甲、乙、丙三人参加某项测试，他们能达标的概率分别是0.8、0.6、0.5，且各人能否达标相互独立。求三人中恰有两人达标的概率。
bnu-high-ds-v1-s5-411,S5,lower,fill-in,Core,bnu-high-s5-概率,概率,选择性必修 第一册,概率,pass,none,high,stage-b,pass,pass,pass,pass,not_applicable,3/7,,,,存储答案3/7与独立解一致，解析正确。,3/7,3/7,pass,none,3/7,pass,pass,not_applicable,,,一个不透明的袋子里装有5个红球和3个蓝球，这些球除颜色外完全相同。从中不放回地依次取出两个球。设事件A为“第一次取出红球”，事件B为“第二次取出蓝球”。已知第一次取出红球，则第二次取出蓝球的概率是______。
bnu-high-ds-v1-s5-412,S5,lower,multiple-choice,Core,bnu-high-s5-概率,概率,选择性必修 第一册,概率,pass,none,high,stage-b,pass,pass,pass,pass,pass,1.4,,,,存储答案1.4与独立解一致，解析正确，选项唯一。,1.4,1.4,pass,none,1.4,pass,pass,pass,,,已知随机变量X的分布列为：P(X=0)=0.2，P(X=1)=0.3，P(X=2)=0.4，P(X=3)=0.1。则E(X)等于（　）
bnu-high-ds-v1-s5-413,S5,lower,short-answer,Core,bnu-high-s5-概率,概率,选择性必修 第一册,概率,pass,none,high,stage-b,pass,pass,pass,pass,not_applicable,"X~B(5,0.6)，分布列为P(X=k)=C(5,k)*0.6^k*0.4^(5-k)，k=0,1,2,3,4,5。",,,,"存储答案与独立解一致，均为二项分布B(5,0.6)的分布列，解析正确。","X~B(5,0.6)，P(X=k)=C(5,k)(0.6)^k(0.4)^(5-k)，k=0,1,2,3,4,5。","X~B(5,0.6)，P(X=k)=C(5,k)(0.6)^k(0.4)^(5-k)，k=0,1,2,3,4,5。 | X~B(5,0.6)，P(X=k)=C(5,k)(0.6)^k(0.4)^(5-k)，k=0,1,2,3,4,5",pass,none,"X~B(5,0.6)，分布列为P(X=k)=C(5,k)*0.6^k*0.4^(5-k)，k=0,1,2,3,4,5。",pass,pass,not_applicable,,,某射手每次射击命中目标的概率为0.6，现独立射击5次，用X表示命中目标的次数。求X的分布列。
bnu-high-ds-v1-s5-414,S5,lower,fill-in,Core,bnu-high-s5-概率,概率,选择性必修 第一册,概率,pass,none,high,stage-b,pass,pass,pass,pass,not_applicable,0.5,,,,存储答案0.5与独立解一致，解析正确利用正态分布对称性。,0.5,0.5 | 1/2,pass,none,0.5,pass,pass,not_applicable,,,"设随机变量X服从正态分布N(2,9)，则P(X<2)=______。"
bnu-high-ds-v1-s5-415,S5,lower,multiple-choice,Core,bnu-high-s5-概率,概率,选择性必修 第一册,概率,pass,none,high,stage-b,pass,pass,pass,pass,pass,1/2,,,,存储答案1/2与独立解一致，解析正确计算对立事件概率，选项唯一。,1/2,1/2,pass,none,1/2,pass,pass,pass,,,甲、乙两人独立地破译一个密码，他们能译出的概率分别为1/3和1/4，则密码被译出的概率是（　）
bnu-high-ds-v1-s5-416,S5,lower,short-answer,Core,bnu-high-s5-概率,概率,选择性必修 第一册,概率,fail,blocker,high,stage-c,pass,pass,fail,fail,not_applicable,0.16,0.16,math_error|answer_mismatch|explanation_contradiction,,题目可解，独立计算得0.16。存储答案0.36错误，解析中全概率计算错误且与自身答案矛盾，属于严重数学错误。,0.36,0.36 | 9/25,pass,none,0.16,fail,fail,not_applicable,0.16,blocker,一个盒子中有10个乒乓球，其中6个是新的，4个是旧的。第一次比赛时从盒子中任取2个球，用后放回；第二次比赛时再从盒子中任取2个球。求第二次取到的2个球都是新球的概率。
bnu-high-ds-v1-s5-417,S5,lower,fill-in,Core,bnu-high-s5-概率,概率,选择性必修 第一册,概率,fail,major,high,stage-c,pass,pass,pass,fail,not_applicable,0.4,,explanation_contradiction,,题目可解：由分布列概率和为1得a=0.4，且E(X)=2.5自动满足，无矛盾。答案0.4正确。但解析中验证E(X)时计算错误（2.3），并声称与条件不符，自相矛盾，需修正解析。,0.4,0.4 | 2/5,pass,none,0.4,pass,fail,not_applicable,,major,已知离散型随机变量X的分布列为：P(X=1)=0.2，P(X=2)=a，P(X=3)=0.3，P(X=4)=0.1。若E(X)=2.5，则a=______。
bnu-high-ds-v1-s5-418,S5,lower,multiple-choice,Core,bnu-high-s5-概率,概率,选择性必修 第一册,概率,pass,none,high,stage-b,pass,pass,pass,pass,pass,2.1,,,,存储答案2.1与独立解一致，解析正确应用二项分布方差公式，选项唯一。,2.1,2.1,pass,none,2.1,pass,pass,pass,,,"设随机变量X~B(10,0.3)，则D(X)等于（　）"
bnu-high-ds-v1-s5-419,S5,lower,short-answer,Core,bnu-high-s5-概率,概率,选择性必修 第一册,概率,pass,none,high,stage-b,pass,pass,pass,pass,not_applicable,0.6827,,,,存储答案0.6827与独立解一致，解析正确使用正态分布1σ区间概率。,0.6827,0.6827 | 68.27%,pass,none,0.6827,pass,pass,not_applicable,,,"某地区高二学生的身高（单位：cm）近似服从正态分布N(170,25)。随机抽取一名学生，求其身高在165cm到175cm之间的概率。（参考数据：P(μ-σ<X<μ+σ)≈0.6827）"
bnu-high-ds-v1-s5-420,S5,lower,fill-in,Core,bnu-high-s5-概率,概率,选择性必修 第一册,概率,pass,none,high,stage-b,pass,pass,pass,pass,not_applicable,3/10,,,,存储答案3/10与独立解一致，解析正确计算组合数和有利情况。,3/10,3/10 | 0.3,pass,none,3/10,pass,pass,not_applicable,,,"从1,2,3,4,5中随机取两个不同的数字，设X为取出的两个数字中较大的一个，则P(X=4)=______。"
bnu-high-ds-v1-s5-421,S5,lower,multiple-choice,Core,bnu-high-s5-概率,概率,选择性必修 第一册,概率,pass,none,high,stage-b,pass,pass,pass,pass,pass,0.600,,,,存储答案0.600与独立解一致；解析正确使用条件概率公式，计算无误；单选题选项唯一正确。,0.600,0.600,pass,none,0.600,pass,pass,pass,,,某班级有 40 名学生，其中 25 人喜欢篮球，20 人喜欢足球，15 人同时喜欢篮球和足球。现从该班级随机抽取一名学生，已知该学生喜欢篮球，则他同时喜欢足球的概率是（ ）。
bnu-high-ds-v1-s5-422,S5,lower,short-answer,Core,bnu-high-s5-概率,概率,选择性必修 第一册,概率,pass,none,high,stage-b,pass,pass,pass,pass,not_applicable,3/7,,,,存储答案3/7与独立解一致；解析正确描述不放回抽样后剩余球数及概率计算。,3/7,3/7 | 0.4286,pass,none,3/7,pass,pass,not_applicable,,,一个袋子里有 5 个红球和 3 个蓝球，大小、质地相同。从中不放回地依次取出两个球。求在第一次取出红球的条件下，第二次取出蓝球的概率。
bnu-high-ds-v1-s5-423,S5,lower,fill-in,Core,bnu-high-s5-概率,概率,选择性必修 第一册,概率,fail,blocker,high,stage-c,pass,pass,fail,fail,not_applicable,4/3,4/3,math_error|answer_mismatch|explanation_contradiction,,题目可解，独立求解得c=4/3；存储答案3/4错误，解析过程也得出c=4/3，但答案字段矛盾，属于严重错误。,3/4,3/4 | 0.75,pass,none,4/3,fail,fail,not_applicable,4/3,blocker,"设随机变量 X 的分布列为 P(X=k)=c/k(k+1)，k=1,2,3，其中 c 为常数。则 c=______。"
bnu-high-ds-v1-s5-424,S5,lower,multiple-choice,Core,bnu-high-s5-概率,概率,选择性必修 第一册,概率,pass,none,high,stage-b,pass,pass,pass,pass,pass,36,,,,存储答案36与独立解一致；解析正确利用二项分布期望方差公式求解n。,36,36,pass,none,36,pass,pass,pass,,,"已知随机变量 X 服从二项分布 B(n,p)，且 E(X)=12，D(X)=8，则 n 的值为（ ）。"
bnu-high-ds-v1-s5-425,S5,lower,short-answer,Core,bnu-high-s5-概率,概率,选择性必修 第一册,概率,pass,none,high,stage-b,pass,pass,pass,pass,not_applicable,0.6827,,,,存储答案0.6827与独立解一致；解析正确识别μ±σ区间并引用参考数据。,0.6827,0.6827,pass,none,0.6827,pass,pass,not_applicable,,,"某地区成年男性的身高（单位：cm）近似服从正态分布 N(170, 5^2)。若从该地区随机抽取一名成年男性，求其身高在 165 cm 到 175 cm 之间的概率。（参考数据：P(μ-σ<X≤μ+σ)≈0.6827，P(μ-2σ<X≤μ+2σ)≈0.9545）"
bnu-high-ds-v1-s5-426,S5,lower,fill-in,Core,bnu-high-s5-概率,概率,选择性必修 第一册,概率,pass,none,high,stage-b,pass,pass,pass,pass,not_applicable,0.3,,,,存储答案0.3与独立解一致；解析先由分布列和为1求a，再验证期望，正确。,0.3,0.3,pass,none,0.3,pass,pass,not_applicable,,,已知离散型随机变量 X 的分布列为：P(X=1)=0.2，P(X=2)=a，P(X=3)=0.5，且 E(X)=2.3，则 a=______。
bnu-high-ds-v1-s5-427,S5,lower,multiple-choice,Core,bnu-high-s5-概率,概率,选择性必修 第一册,概率,pass,none,high,stage-b,pass,pass,pass,pass,pass,0.375,,,,存储答案0.375与独立解一致；解析正确使用二项分布概率公式计算。,0.375,0.375,pass,none,0.375,pass,pass,pass,,,将一枚均匀的硬币抛掷 4 次，设 X 为正面朝上的次数，则 P(X=2) 的值为（ ）。
bnu-high-ds-v1-s5-428,S5,lower,short-answer,Core,bnu-high-s5-概率,概率,选择性必修 第一册,概率,pass,none,high,stage-b,pass,pass,pass,pass,not_applicable,1/2,,,,存储答案1/2与独立解一致；解析正确利用对立事件和独立事件乘法公式。,1/2,1/2 | 0.5,pass,none,1/2,pass,pass,not_applicable,,,甲、乙两人独立地破译一个密码，他们能译出密码的概率分别为 1/3 和 1/4。求密码被译出的概率。
bnu-high-ds-v1-s5-429,S5,lower,fill-in,Core,bnu-high-s5-概率,概率,选择性必修 第一册,概率,pass,none,high,stage-b,pass,pass,pass,pass,not_applicable,0.5,,,,存储答案0.5与独立解一致，解析正确。,0.5,0.5 | 1/2,pass,none,0.5,pass,pass,not_applicable,,,"设随机变量 X 服从正态分布 N(2, 9)，则 P(X<2)=______。"
bnu-high-ds-v1-s5-430,S5,lower,multiple-choice,Core,bnu-high-s5-统计案例,统计案例,选择性必修 第一册,统计案例,pass,none,high,stage-b,pass,pass,pass,pass,pass,"(4, 20)",,,,"存储答案(4,20)与独立解一致，解析正确，唯一选项。","(4, 20)","(4, 20)",pass,none,"(4, 20)",pass,pass,pass,,,为了研究某商品广告投入 x（万元）与销售额 y（万元）之间的关系，收集了 5 组数据，计算得 x 的平均值为 4，y 的平均值为 20，∑(xi-x̄)(yi-ȳ)=40，∑(xi-x̄)^2=10，则 y 关于 x 的线性回归方程必过点（ ）。
bnu-high-ds-v1-s5-431,S5,lower,short-answer,Core,bnu-high-s5-统计案例,统计案例,选择性必修 第一册,统计案例,pass,none,high,stage-b,pass,pass,pass,pass,not_applicable,(1) 散点图呈从左下到右上的线性上升趋势；(2) 相关系数r≈0.99，表明阅读时间与语文成绩高度正相关；(3) 预测成绩=2.1×12+60.5=85.7分，预测可靠，因为相关系数高且12小时在样本范围内。,,,,存储答案与独立解一致，解析正确。,（1）散点图大致呈从左下到右上的线性上升趋势；（2）相关系数约为0.99，表明阅读时间与语文成绩高度正相关；（3）预测成绩为85.7分，预测可靠，因为12小时在样本范围内且相关系数高。,（1）散点图大致呈从左下到右上的线性上升趋势；（2）相关系数约为0.99，表明阅读时间与语文成绩高度正相关；（3）预测成绩为85.7分，预测可靠，因为12小时在样本范围内且相关系数高。,pass,none,(1) 散点图呈从左下到右上的线性上升趋势；(2) 相关系数r≈0.99，表明阅读时间与语文成绩高度正相关；(3) 预测成绩=2.1×12+60.5=85.7分，预测可靠，因为相关系数高且12小时在样本范围内。,pass,pass,not_applicable,,,"某研究小组记录了10名学生的每周课外阅读时间（单位：小时）和语文成绩（百分制），数据如下：\n阅读时间：2, 3, 4, 5, 6, 7, 8, 9, 10, 11\n语文成绩：65, 68, 72, 74, 78, 80, 83, 85, 88, 90\n（1）绘制散点图（只需描述点的分布趋势）；\n（2）计算阅读时间与语文成绩的相关系数（精确到0.01），并解释其含义；\n（3）若用最小二乘法得到线性回归方程 y = 2.1x + 60.5，预测当阅读时间为12小时时的语文成绩，并说明这个预测是否可靠。"
bnu-high-ds-v1-s5-432,S5,lower,fill-in,Core,bnu-high-s5-统计案例,统计案例,选择性必修 第一册,统计案例,pass,none,high,stage-b,pass,pass,pass,pass,not_applicable,0.9,,,,存储答案0.9与独立解一致，解析正确。,0.9,0.9 | 0.90,pass,none,0.9,pass,pass,not_applicable,,,在一项关于运动时长与肺活量的研究中，随机调查了8名同学，得到运动时长（小时/周）和肺活量（毫升）的数据，计算得：运动时长的均值为5，标准差为2；肺活量的均值为3000，标准差为200；协方差为360。则运动时长与肺活量的相关系数为______。
bnu-high-ds-v1-s5-433,S5,lower,multiple-choice,Core,bnu-high-s5-统计案例,统计案例,选择性必修 第一册,统计案例,fail,blocker,high,stage-c,fail,pass,fail,fail,fail,χ²≈3.0，没有充分理由认为两者有关,χ²≈3.0，没有充分理由认为两者有关,math_error|answer_mismatch|explanation_contradiction|bad_options,,根据列联表计算χ²=3.0<3.841，不能拒绝独立假设，正确结论应为“没有充分理由认为两者有关”。但所有选项均未包含χ²≈3.0，且存储答案选χ²≈4.08并认为有关，与正确计算矛盾，选项设计有误，题目不可解。,χ²≈4.08，有充分理由认为两者有关,χ²≈4.08，有充分理由认为两者有关,pass,none,χ²≈2.34，没有充分理由认为两者有关,fail,fail,fail,χ²≈3.0，没有充分理由认为两者有关,blocker,"某班主任调查了班级学生是否参加课外辅导与数学成绩是否优秀（85分及以上为优秀）的关系，得到如下2×2列联表：\n\n|           | 优秀 | 不优秀 | 总计 |\n|-----------|------|--------|------|\n| 参加辅导 | 18   | 12     | 30   |\n| 未参加   | 7    | 13     | 20   |\n| 总计     | 25   | 25     | 50   |\n\n若要判断参加课外辅导与数学成绩优秀是否有关，在显著性水平0.05下，下列结论正确的是（ ）\n（参考数据：χ²₀.₀₅(1)=3.841）"
bnu-high-ds-v1-s5-434,S5,lower,short-answer,Core,bnu-high-s5-统计案例,统计案例,选择性必修 第一册,统计案例,pass,none,high,stage-b,pass,pass,pass,pass,not_applicable,(1) 存在线性相关，散点图呈直线趋势，相关系数接近1；(2) 回归方程y=0.64x+0.06；(3) 预测消费支出=3.90万元，预测合理，因为GDP在样本范围内且相关性高。,,,,存储答案与独立解一致，解析正确。,（1）存在线性相关关系，因为随着人均GDP增加，人均消费支出也增加，散点图呈线性趋势。（2）回归方程为 y = 0.64x + 0.06。（3）预测值为3.90万元，预测合理，因为6.0在样本范围内且相关性高。,（1）存在线性相关关系，因为随着人均GDP增加，人均消费支出也增加，散点图呈线性趋势。（2）回归方程为 y = 0.64x + 0.06。（3）预测值为3.90万元，预测合理，因为6.0在样本范围内且相关性高。,pass,none,(1) 存在线性相关，散点图呈直线趋势，相关系数接近1；(2) 回归方程y=0.64x+0.06；(3) 预测消费支出=3.90万元，预测合理，因为GDP在样本范围内且相关性高。,pass,pass,not_applicable,,,"某地区统计了2015年至2022年的人均GDP（单位：万元）和人均消费支出（单位：万元），数据如下：\n年份：2015, 2016, 2017, 2018, 2019, 2020, 2021, 2022\n人均GDP：3.2, 3.5, 3.8, 4.1, 4.5, 4.8, 5.2, 5.6\n人均消费支出：2.1, 2.3, 2.5, 2.7, 2.9, 3.1, 3.4, 3.6\n（1）根据数据，你认为人均GDP与人均消费支出之间是否存在线性相关关系？请说明理由。\n（2）如果存在线性相关关系，求出人均消费支出关于人均GDP的线性回归方程（系数精确到0.01）。\n（3）若2023年人均GDP预计为6.0万元，预测该年人均消费支出，并讨论预测的合理性。"
bnu-high-ds-v1-s5-435,S5,lower,fill-in,Core,bnu-high-s5-统计案例,统计案例,选择性必修 第一册,统计案例,pass,none,high,stage-b,pass,pass,pass,pass,not_applicable,"(3, 7)",,,,"存储答案(3,7)与独立解一致，解析正确。","(3,7)","(3,7) | （3,7）",pass,none,"(3, 7)",pass,pass,not_applicable,,,"已知两个变量x和y的一组数据：x: 1, 2, 3, 4, 5; y: 3, 5, 7, 9, 11。则y关于x的线性回归方程必过点______。"
bnu-high-ds-v1-s5-436,S5,lower,multiple-choice,Core,bnu-high-s5-统计案例,统计案例,选择性必修 第一册,统计案例,pass,none,high,stage-b,pass,pass,pass,pass,pass,有充分理由认为X与Y有关，犯错误的概率不超过0.05,,,,存储答案与独立解一致，解析正确，唯一选项。,有充分理由认为X与Y有关，犯错误的概率不超过0.05,有充分理由认为X与Y有关，犯错误的概率不超过0.05,pass,none,有充分理由认为X与Y有关，犯错误的概率不超过0.05,pass,pass,pass,,,"对于两个分类变量X和Y，其2×2列联表如下：\n\n|       | Y=1 | Y=0 | 总计 |\n|-------|-----|-----|------|\n| X=1   | a   | b   | a+b  |\n| X=0   | c   | d   | c+d  |\n| 总计  | a+c | b+d | n    |\n\n若计算得χ²≈6.8，且P(χ²≥6.635)=0.01，P(χ²≥3.841)=0.05，则在显著性水平0.05下，下列结论正确的是（ ）"
bnu-high-ds-v1-s5-437,S5,lower,short-answer,Core,bnu-high-s5-统计案例,统计案例,选择性必修 第一册,统计案例,fail,blocker,high,stage-c,pass,pass,fail,fail,not_applicable,(1) r ≈ 0.99，高度正相关；(2) 可以预测，因为数学成绩98分在样本范围内或附近，线性回归模型适用，但需注意预测的误差和适用范围。,(1) r ≈ 0.99，高度正相关；(2) 可以预测，因为数学成绩98分在样本范围内或附近，线性回归模型适用，但需注意预测的误差和适用范围。,math_error|answer_mismatch|explanation_contradiction,,存储答案第(2)问错误认为98分超出样本范围不能预测，但样本最大值为95，98分虽略超出但仍在附近，且线性回归可外推，Stage A独立解认为可以预测但需注意误差，存储答案与独立解矛盾，属于数学错误。,（1）相关系数约为0.99，高度正相关。（2）不能，因为98分超出样本范围（70~95），用回归模型预测不可靠。,（1）相关系数约为0.99，高度正相关。（2）不能，因为98分超出样本范围（70~95），用回归模型预测不可靠。,pass,none,(1) r ≈ 0.99，高度正相关；(2) 可以预测，因为数学成绩98分在样本范围内或附近，线性回归模型适用，但需注意预测的误差和适用范围。,fail,fail,not_applicable,(1) r ≈ 0.99，高度正相关；(2) 可以预测，因为数学成绩98分在样本范围内或附近，线性回归模型适用，但需注意预测的误差和适用范围。,blocker,"某校为了解学生数学成绩与物理成绩之间的关系，随机抽取了10名学生，其数学成绩（x）和物理成绩（y）如下：\nx: 80, 85, 90, 75, 70, 95, 88, 82, 78, 92\ny: 85, 88, 92, 78, 72, 96, 90, 84, 80, 94\n（1）计算数学成绩与物理成绩的相关系数（精确到0.01），并判断相关程度；\n（2）若数学成绩为98分，能否用线性回归模型预测其物理成绩？请说明理由。"
bnu-high-ds-v1-s5-438,S5,lower,fill-in,Core,bnu-high-s5-统计案例,统计案例,选择性必修 第一册,统计案例,pass,none,high,stage-b,pass,pass,pass,pass,not_applicable,10,,,,存储答案10与Stage A独立解一致，解析计算过程正确，无问题。,10,10,pass,none,10,pass,pass,not_applicable,,,在一项关于吸烟与患肺癌关系的调查中，得到如下数据：吸烟者中患肺癌的比例为0.15，不吸烟者中患肺癌的比例为0.05。若随机调查了200人，吸烟者100人，不吸烟者100人，则吸烟与患肺癌的2×2列联表中，吸烟且患肺癌的期望频数为______。
bnu-high-ds-v1-s5-439,S5,lower,multiple-choice,Core,bnu-high-s5-统计案例,统计案例,选择性必修 第一册,统计案例,pass,none,high,stage-b,pass,pass,pass,pass,pass,B,,,,存储答案正确指出线性相关程度较强，与Stage A独立解一致，解析合理，选项唯一正确。,x和y之间线性相关程度较强,x和y之间线性相关程度较强,pass,none,B,pass,pass,pass,,,已知两个变量x和y的相关系数r=0.8，则下列说法正确的是（ ）
bnu-high-ds-v1-s5-440,S5,lower,short-answer,Core,bnu-high-s5-统计案例,统计案例,选择性必修 第一册,统计案例,warn,minor,medium,stage-b,pass,pass,pass,weak,not_applicable,(1) y = 20 + 5x；(2) b=5表示广告投入每增加1万元，销售额平均增加5万元；(3) 预测销售额为65万元，可靠性取决于模型拟合优度和外推风险，9万元在样本范围内，预测较可靠。,,explanation_contradiction,,存储答案与Stage A独立解一致，但解析中计算b时出现“b=2.5？”的自我怀疑，虽最终纠正为5，但过程不严谨，可能引起混淆，标记为weak。,（1）y = 5x + 20；（2）b=5表示广告投入每增加1万元，销售额平均增加5万元；（3）预测销售额为65万元，预测可靠，因为9在样本范围内且线性关系强。,（1）y = 5x + 20；（2）b=5表示广告投入每增加1万元，销售额平均增加5万元；（3）预测销售额为65万元，预测可靠，因为9在样本范围内且线性关系强。,pass,none,(1) y = 20 + 5x；(2) b=5表示广告投入每增加1万元，销售额平均增加5万元；(3) 预测销售额为65万元，可靠性取决于模型拟合优度和外推风险，9万元在样本范围内，预测较可靠。,pass,weak,not_applicable,,,"某企业为了研究广告投入（万元）与销售额（万元）的关系，收集了7个月的数据：\n广告投入：2, 3, 4, 5, 6, 7, 8\n销售额：30, 35, 40, 45, 50, 55, 60\n（1）求销售额关于广告投入的线性回归方程；\n（2）解释回归系数b的含义；\n（3）若下月广告投入为9万元，预测销售额，并讨论预测的可靠性。"
bnu-high-ds-v1-s5-441,S5,lower,fill-in,Core,bnu-high-s5-统计案例,统计案例,选择性必修 第一册,统计案例,pass,none,high,stage-b,pass,pass,pass,pass,not_applicable,2.00,,,,存储答案2.00与Stage A独立解一致，解析计算正确，无问题。,2.00,2.00 | 2,pass,none,2.00,pass,pass,not_applicable,,,某地区统计了10个乡镇的化肥施用量x（单位：吨）与水稻产量y（单位：吨），计算得∑x_i=250，∑y_i=800，∑x_i^2=7500，∑x_i y_i=22500。根据这些数据，y关于x的线性回归方程中斜率b的值为______。（结果保留两位小数）
bnu-high-ds-v1-s5-442,S5,lower,multiple-choice,Core,bnu-high-s5-统计案例,统计案例,选择性必修 第一册,统计案例,pass,none,high,stage-b,pass,pass,pass,pass,pass,B,,,,存储答案正确选择正线性相关，与Stage A独立解一致，解析合理，选项唯一正确。,课外阅读时间与语文成绩有较强的正线性相关关系,课外阅读时间与语文成绩有较强的正线性相关关系,pass,none,B,pass,pass,pass,,,为了研究学生每天课外阅读时间与语文成绩的关系，随机调查了某校50名学生，计算得到相关系数r=0.65。下列说法正确的是：
bnu-high-ds-v1-s5-443,S5,lower,short-answer,Core,bnu-high-s5-统计案例,统计案例,选择性必修 第一册,统计案例,fail,blocker,high,stage-c,pass,pass,fail,fail,not_applicable,回归方程：y = 3 + 1.1x；预测销量：11.8万件。,回归方程：y = 3 + 1.1x；预测销量：11.8万件。,math_error|answer_mismatch|explanation_contradiction,self_correction_language|status_rationale_tension|overlong_rationale,存储答案计算错误：b=(280-6×5×8)/(200-6×25)=40/50=0.8，但正确计算应为(280-240)/(200-150)=40/50=0.8？重新验算：∑x_i=30，n=6，x̄=5；∑y_i=48，ȳ=8；∑x_i^2=200，∑x_i y_i=280。b=(280-6×5×8)/(200-6×5^2)=(280-240)/(200-150)=40/50=0.8。等等，Stage A独立解给出b=1.1，矛盾。再算：∑x_i^2=200，x̄=5，∑(x_i - x̄)^2 = ∑x_i^2 - n x̄^2 = 200 - 6×25 = 200 - 150 = 50。∑(x_i - x̄)(y_i - ȳ) = ∑x_i y_i - n x̄ ȳ = 280 - 6×5×8 = 280 - 240 = 40。b = 40/50 = 0.8。a = ȳ - b x̄ = 8 - 0.8×5 = 8 - 4 = 4。回归方程 ŷ = 0.8x + 4。当x=8，ŷ = 0.8×8 + 4 = 6.4 + 4 = 10.4。所以存储答案正确，Stage A独立解错误。Stage B复核误判。本题可解，答案匹配，解释一致。,ŷ = 0.8x + 4，预测销量为10.4万件,ŷ = 0.8x + 4，预测销量为10.4万件 | y=0.8x+4，10.4,pass,none,回归方程：y = 3 + 1.1x；预测销量：11.8万件。,fail,fail,not_applicable,回归方程：y = 3 + 1.1x；预测销量：11.8万件。,blocker,某企业为了解广告投入x（万元）与产品销量y（万件）的关系，收集了6组数据，计算得∑x_i=30，∑y_i=48，∑x_i^2=200，∑x_i y_i=280。求y关于x的线性回归方程，并预测当广告投入为8万元时的产品销量。
bnu-high-ds-v1-s5-444,S5,lower,fill-in,Core,bnu-high-s5-统计案例,统计案例,选择性必修 第一册,统计案例,fail,blocker,high,stage-c,pass,pass,fail,fail,not_applicable,4.40,4.80,math_error|answer_mismatch|explanation_contradiction,,题目可解，符合教材范围。独立计算得χ²≈4.40，但解析中正确计算得4.80，而存储答案为6.06，解析与答案矛盾且均错误，正确值应为4.80。,6.06,6.06,pass,none,4.40,fail,fail,not_applicable,4.80,blocker,某学校对200名学生进行了一项关于是否参加社团与学业水平等级的调查，数据如下：参加社团且学业优秀的有45人，参加社团但学业一般的有55人，未参加社团但学业优秀的有30人，未参加社团且学业一般的有70人。根据这些数据，计算得到χ²≈______。（结果保留两位小数，参考公式：χ²=n(ad-bc)²/[(a+b)(c+d)(a+c)(b+d)]）
bnu-high-ds-v1-s5-445,S5,lower,multiple-choice,Core,bnu-high-s5-统计案例,统计案例,选择性必修 第一册,统计案例,pass,none,high,stage-c,pass,pass,pass,pass,pass,0.98,,,,"数据点(1,2),(2,3),(3,5),(4,6),(5,8)呈明显正线性趋势，点(3,5)略偏离。去掉该点后剩余四点几乎共线，相关系数接近1，且为正相关，故0.98合理。选项唯一，解析一致，无数学错误或条件缺失。",0.98,0.98,pass,none,0.98,pass,pass,pass,,none,"已知两个变量x和y的成对数据如下：(1,2)，(2,3)，(3,5)，(4,6)，(5,8)。若去掉一个异常点后，重新计算相关系数，新相关系数最可能的值是："
bnu-high-ds-v1-s5-446,S5,lower,short-answer,Core,bnu-high-s5-统计案例,统计案例,选择性必修 第一册,统计案例,fail,blocker,high,stage-c,pass,pass,fail,fail,not_applicable,χ²≈16.67>3.841，拒绝原假设，认为运动习惯与健康状况有关。,χ²≈16.67>3.841，认为运动习惯与健康状况有关,math_error|answer_mismatch|explanation_contradiction,,存储答案χ²≈33.33计算错误，正确值为16.67；解析中计算过程有误，导致结论虽正确但数值错误。,χ²≈33.33>3.841，认为运动习惯与健康状况有关,χ²≈33.33>3.841，认为运动习惯与健康状况有关 | 有关,pass,none,χ²≈16.67>3.841，拒绝原假设，认为运动习惯与健康状况有关。,fail,fail,not_applicable,χ²≈16.67>3.841，认为运动习惯与健康状况有关,blocker,某机构对200名市民进行了一项关于运动习惯与健康状况的调查，得到如下2×2列联表：经常运动且健康的有80人，经常运动但不健康的有20人，不经常运动但健康的有40人，不经常运动且不健康的有60人。根据这些数据，判断运动习惯与健康状况是否有关（显著性水平0.05，临界值3.841）。写出计算过程并给出结论。
bnu-high-ds-v1-s5-447,S5,lower,fill-in,Core,bnu-high-s5-统计案例,统计案例,选择性必修 第一册,统计案例,fail,blocker,high,stage-c,pass,pass,fail,fail,not_applicable,-71.5,-71.5,math_error|answer_mismatch|explanation_contradiction,,题目可解，符合BNU统计案例范围。独立计算得截距a=-71.5，但存储答案为-22.1，且解析过程最终得出-71.5，与存储答案矛盾，存在数学错误和答案不匹配。,-22.1,-22.1,pass,none,-30.0,fail,fail,not_applicable,-71.5,blocker,"某研究小组记录了7天的最高气温x（℃）与某冷饮店的销售量y（杯），数据如下：x: 25, 28, 30, 32, 35, 36, 38；y: 120, 140, 155, 170, 190, 200, 215。计算得∑x_i=224，∑y_i=1190，∑x_i^2=7274，∑x_i y_i=38880。则y关于x的线性回归方程中截距a的值为______。（结果保留一位小数）"
bnu-high-ds-v1-s5-448,S5,lower,multiple-choice,Core,bnu-high-s5-统计案例,统计案例,选择性必修 第一册,统计案例,pass,none,high,stage-b,pass,pass,pass,pass,pass,有95%的把握认为X与Y有关,,,,存储答案与独立解一致，解析正确，选项唯一。,有95%的把握认为X与Y有关,有95%的把握认为X与Y有关,pass,none,有95%的把握认为X与Y有关,pass,pass,pass,,,对于两个分类变量X和Y，通过随机调查得到如下2×2列联表：X=0且Y=0的频数为a，X=0且Y=1的频数为b，X=1且Y=0的频数为c，X=1且Y=1的频数为d。若计算得到χ²=6.8，且临界值为3.841，则下列结论正确的是：
bnu-high-ds-v1-s5-449,S5,lower,short-answer,Core,bnu-high-s5-统计案例,统计案例,选择性必修 第一册,统计案例,pass,none,high,stage-b,pass,pass,pass,pass,not_applicable,回归方程：y=10x+300；斜率b=10表示施肥量每增加1千克/亩，亩产量平均增加10千克。,,,,存储答案与独立解一致，解析正确。,ŷ = 5x + 400，斜率b=5表示施肥量每增加1千克/亩，亩产量平均增加5千克,ŷ = 5x + 400，斜率b=5表示施肥量每增加1千克/亩，亩产量平均增加5千克 | y=5x+400，b=5表示施肥量每增加1千克/亩，亩产量平均增加5千克,pass,none,回归方程：y=10x+300；斜率b=10表示施肥量每增加1千克/亩，亩产量平均增加10千克。,pass,pass,not_applicable,,,某农科所对一种新型肥料进行试验，得到施肥量x（千克/亩）与亩产量y（千克）的6组数据，计算得∑x_i=120，∑y_i=3000，∑x_i^2=3000，∑x_i y_i=63000。求y关于x的线性回归方程，并解释斜率b的意义。
bnu-high-ds-v1-s5-450,S5,lower,fill-in,Core,bnu-high-s5-统计案例,统计案例,选择性必修 第一册,统计案例,pass,none,high,stage-b,pass,pass,pass,pass,not_applicable,0.72,,,,存储答案0.72与独立解一致，解析正确。,0.72,0.72,pass,none,0.72,pass,pass,not_applicable,,,某班级40名学生，数学成绩与物理成绩的相关系数r=0.72。若将数学成绩的单位从百分制改为150分制（即每个成绩乘以1.5），则新相关系数r'=______。
bnu-high-ds-v1-s5-451,S5,lower,multiple-choice,Core,bnu-high-s5-统计案例,统计案例,选择性必修 第一册,统计案例,pass,none,high,stage-b,pass,pass,pass,pass,pass,阅读时间与语文成绩有较强的正相关关系，但不宜直接断言阅读时间增加一定导致成绩提高,,,,存储答案与独立解一致，解析合理，选项唯一。,阅读时间与语文成绩有较强的正相关关系，但不宜直接断言阅读时间增加一定导致成绩提高,阅读时间与语文成绩有较强的正相关关系，但不宜直接断言阅读时间增加一定导致成绩提高,pass,none,阅读时间与语文成绩有较强的正相关关系，但不宜直接断言阅读时间增加一定导致成绩提高,pass,pass,pass,,,某研究小组收集了10名学生的每周课外阅读时间x（小时）与语文成绩y（分）的数据，计算得到相关系数r=0.82。下列解释最合理的是：
bnu-high-ds-v1-s5-452,S5,lower,short-answer,Core,bnu-high-s5-统计案例,统计案例,选择性必修 第一册,统计案例,fail,blocker,high,stage-c,pass,pass,fail,fail,not_applicable,(1) 散点图呈正相关趋势；(2) r≈0.994；(3) 身高与立定跳远成绩高度正相关。,(1) 散点图呈正相关趋势；(2) r≈0.994；(3) 身高与立定跳远成绩高度正相关。,math_error|answer_mismatch|explanation_contradiction,,独立计算得相关系数r≈0.994，而存储答案r≈0.996，存在计算错误；解析未给出具体计算过程，无法验证，且与独立解矛盾。,（1）散点大致呈从左下到右上的趋势，表明正相关；（2）r≈0.996；（3）身高与跳远成绩有极强的正线性相关关系。,（1）散点大致呈从左下到右上的趋势，表明正相关；（2）r≈0.996；（3）身高与跳远成绩有极强的正线性相关关系。,pass,none,(1) 散点图呈正相关趋势；(2) r≈0.994；(3) 身高与立定跳远成绩高度正相关。,fail,fail,not_applicable,（1）散点图呈正相关趋势；（2）r≈0.994；（3）身高与立定跳远成绩高度正相关。,blocker,"为了解学生身高与立定跳远成绩的关系，随机抽取8名男生，测得身高x（cm）与跳远成绩y（cm）数据如下：\n(170, 210), (172, 215), (168, 205), (175, 220), (180, 230), (165, 200), (178, 225), (182, 235)。\n（1）画出散点图（只需描述趋势）；（2）计算x与y的相关系数r（精确到0.001）；（3）说明r的含义。"
bnu-high-ds-v1-s5-453,S5,lower,multiple-choice,Core,bnu-high-s5-统计案例,统计案例,选择性必修 第一册,统计案例,pass,none,high,stage-b,pass,pass,pass,pass,pass,A,,,,存储答案与独立解一致，均为选项A；解析正确解释了回归系数含义、外推局限和相关非因果。,人均可支配收入每增加1千元，人均消费支出平均增加0.7千元,人均可支配收入每增加1千元，人均消费支出平均增加0.7千元,pass,none,A,pass,pass,pass,,,根据某城市2015-2022年人均可支配收入x（千元）与人均消费支出y（千元）数据，求得线性回归方程为ŷ=0.7x+1.2，且相关系数r=0.95。以下说法正确的是：
bnu-high-ds-v1-s5-454,S5,lower,short-answer,Core,bnu-high-s5-统计案例,统计案例,选择性必修 第一册,统计案例,warn,none,high,stage-c,pass,pass,pass,weak,not_applicable,（1）60%；（2）比较实际频数与假设独立时期望频数的差异，若差异大则认为有关。,,,status_rationale_tension,题目可解，符合BNU统计案例范围。答案（1）60%正确；（2）思路正确，与独立解一致。解析虽提及理论频数比较，但未完整阐述独立性检验基本思想，属弱匹配，不影响答案正确性。无数学错误或歧义。,（1）60%；（2）分别计算男女生喜欢数学的比例，若差异较大，则可能有关；否则可能无关。,（1）60%；（2）分别计算男女生喜欢数学的比例，若差异较大，则可能有关；否则可能无关。,pass,none,（1）60%；（2）比较实际频数与假设独立时期望频数的差异，若差异大则认为有关。,pass,weak,not_applicable,,none,"某校调查了200名学生，按性别和是否喜欢数学分类，得到如下2×2列联表：\n喜欢数学：男生60人，女生40人；不喜欢数学：男生40人，女生60人。\n（1）计算喜欢数学的学生中男生所占比例；（2）根据独立性检验的基本思想，判断性别与是否喜欢数学是否有关（无需计算χ²，只需说明思路）。"
bnu-high-ds-v1-s5-455,S5,lower,multiple-choice,Core,bnu-high-s5-统计案例,统计案例,选择性必修 第一册,统计案例,pass,none,high,stage-b,pass,pass,pass,pass,pass,D,,,,存储答案与独立解一致，均为选项D；解析正确指出残差图不能直接确定相关系数。,可以直接确定相关系数的大小,可以直接确定相关系数的大小,pass,none,D,pass,pass,pass,,,在回归分析中，关于残差图的用途，以下说法错误的是：
bnu-high-ds-v1-s5-456,S5,lower,short-answer,Core,bnu-high-s5-统计案例,统计案例,选择性必修 第一册,统计案例,pass,none,high,stage-b,pass,pass,pass,pass,not_applicable,（1）ŷ = 2x + 1；（2）13,,,,存储答案与独立解一致，回归方程和预测值均正确；解析给出了计算过程。,（1）ŷ=2x+1；（2）13,（1）ŷ=2x+1；（2）13,pass,none,（1）ŷ = 2x + 1；（2）13,pass,pass,not_applicable,,,"已知两个变量x和y的5组观测数据如下：\nx: 1, 2, 3, 4, 5\ny: 3, 5, 7, 9, 11\n（1）求y关于x的线性回归方程；（2）预测当x=6时y的值。"
bnu-high-ds-v1-s5-457,S5,lower,multiple-choice,Core,bnu-high-s5-统计案例,统计案例,选择性必修 第一册,统计案例,pass,none,high,stage-b,pass,pass,pass,pass,pass,A,,,,存储答案与独立解一致，均为选项A；解析正确区分了关联与因果，并澄清了比例含义。,吸烟与患肺癌有关联，但不能直接断定吸烟导致肺癌,吸烟与患肺癌有关联，但不能直接断定吸烟导致肺癌,pass,none,A,pass,pass,pass,,,在一项关于吸烟与患肺癌关系的调查中，得到如下数据：吸烟者患肺癌的比例为15%，不吸烟者患肺癌的比例为5%。以下结论正确的是：
bnu-high-ds-v1-s5-458,S5,lower,short-answer,Core,bnu-high-s5-统计案例,统计案例,选择性必修 第一册,统计案例,pass,none,high,stage-b,pass,pass,pass,pass,not_applicable,（1）r≈0.99；（2）高度正线性相关,,,,存储答案与独立解一致，相关系数约0.99，解释为高度正相关；解析简洁正确。,（1）r≈0.99；（2）施肥量与产量有极强的正线性相关关系。,（1）r≈0.99；（2）施肥量与产量有极强的正线性相关关系。,pass,none,（1）r≈0.99；（2）高度正线性相关,pass,pass,not_applicable,,,"某农科所对一种作物的施肥量x（千克/亩）与产量y（千克/亩）进行了7次试验，数据如下：\nx: 10, 15, 20, 25, 30, 35, 40\ny: 420, 470, 510, 550, 580, 600, 610\n（1）计算x与y的相关系数r（精确到0.01）；（2）说明施肥量与产量之间线性相关关系的强弱。"
bnu-high-ds-v1-s5-459,S5,lower,multiple-choice,Core,bnu-high-s5-统计案例,统计案例,选择性必修 第一册,统计案例,pass,none,high,stage-b,pass,pass,pass,pass,pass,B,,,,存储答案与独立解一致，均为选项B；解析强调分析异常点原因，符合统计实践。,保留该异常点，因为它可能包含重要信息，但需分析其产生原因,保留该异常点，因为它可能包含重要信息，但需分析其产生原因,pass,none,B,pass,pass,pass,,,在建立线性回归模型时，如果数据中存在一个明显的异常点，以下做法最合理的是：
bnu-high-ds-v1-s5-460,S5,lower,short-answer,Core,bnu-high-s5-统计案例,统计案例,选择性必修 第一册,统计案例,pass,none,high,stage-b,pass,pass,pass,pass,not_applicable,（1）ŷ = 5x + 20；（2）60万元,,,,存储答案与独立解一致，回归方程和预测值均正确；解析给出了计算过程。,（1）ŷ=5x+20；（2）60万元,（1）ŷ=5x+20；（2）60万元,pass,none,（1）ŷ = 5x + 20；（2）60万元,pass,pass,not_applicable,,,"为研究广告投入x（万元）与销售额y（万元）的关系，某公司记录了6个月的数据：\nx: 2, 3, 4, 5, 6, 7\ny: 30, 35, 40, 45, 50, 55\n（1）建立y关于x的线性回归方程；（2）若下月计划投入广告8万元，预测销售额是多少？"
bnu-high-ds-v1-s5-461,S5,lower,multiple-choice,Core,bnu-high-s5-统计案例,统计案例,选择性必修 第一册,统计案例,pass,none,high,stage-b,pass,pass,pass,pass,pass,C,,,,存储答案与独立解一致，均为C；解析正确解释了相关系数的意义，无矛盾。,课外阅读时间与语文成绩的线性相关程度较强,课外阅读时间与语文成绩的线性相关程度较强,pass,none,C,pass,pass,pass,,,某研究小组记录了10名学生的每周课外阅读时间（小时）与语文成绩（百分制），计算得到相关系数 r=0.82。下列说法正确的是：
bnu-high-ds-v1-s5-462,S5,lower,short-answer,Core,bnu-high-s5-统计案例,统计案例,选择性必修 第一册,统计案例,pass,none,high,stage-b,pass,pass,pass,pass,not_applicable,33,,,,存储答案33与独立解一致，acceptedAnswers包含33和33万元，解析正确。,33,33 | 33万元,pass,none,33,pass,pass,not_applicable,,,某电商平台统计了6种商品的广告投入（万元）与销售额（万元）的数据，计算得线性回归方程为 ŷ=2.5x+8。若一种商品的广告投入为10万元，预测其销售额是多少万元？
bnu-high-ds-v1-s5-463,S5,lower,multiple-choice,Core,bnu-high-s5-统计案例,统计案例,选择性必修 第一册,统计案例,pass,none,high,stage-b,pass,pass,pass,pass,pass,B,,,,存储答案B与独立解一致，解析正确指出比例差异，无矛盾。,男生喜欢篮球的比例显著高于女生,男生喜欢篮球的比例显著高于女生,pass,none,B,pass,pass,pass,,,"为了解高中生性别与是否喜欢篮球运动的关系，随机调查了200名学生，得到如下2×2列联表：\n\n|  | 喜欢篮球 | 不喜欢篮球 | 总计 |\n|------|----------|------------|------|\n| 男生 | 80       | 20         | 100  |\n| 女生 | 30       | 70         | 100  |\n| 总计 | 110      | 90         | 200  |\n\n根据表中数据，下列说法正确的是："
bnu-high-ds-v1-s5-464,S5,lower,short-answer,Core,bnu-high-s5-统计案例,统计案例,选择性必修 第一册,统计案例,pass,none,high,stage-b,pass,pass,pass,pass,not_applicable,0.99,,,,存储答案0.99与独立解一致，解析计算过程合理，结果正确。,0.99,0.99,pass,none,0.99,pass,pass,not_applicable,,,"某农科所对一种作物的施肥量（千克/亩）与亩产量（千克）进行了7次试验，数据如下：\n\n施肥量：20, 25, 30, 35, 40, 45, 50\n亩产量：420, 470, 510, 540, 570, 590, 610\n\n计算得施肥量与亩产量的相关系数 r 约为多少？（结果保留两位小数）"
bnu-high-ds-v1-s5-465,S5,lower,multiple-choice,Core,bnu-high-s5-统计案例,统计案例,选择性必修 第一册,统计案例,pass,none,high,stage-b,pass,pass,pass,pass,pass,D,,,,存储答案D与独立解一致，解析正确指出回归直线必过样本中心点，D错误。,回归直线不一定经过样本中心点,回归直线不一定经过样本中心点,pass,none,D,pass,pass,pass,,,对于两个变量的一组观测数据，如果所有的样本点都落在一条直线上，那么下列说法错误的是：
bnu-high-ds-v1-s5-466,S5,lower,short-answer,Core,bnu-high-s5-统计案例,统计案例,选择性必修 第一册,统计案例,fail,blocker,high,stage-c,pass,pass,fail,fail,not_applicable,64.29,64.29,math_error|answer_mismatch|explanation_contradiction,,独立计算得 K²=64.29，与存储答案54.76不符，解析中计算过程错误，实际结果应为64.29。,54.76,54.76,pass,none,57.14,fail,fail,not_applicable,64.29,blocker,"某校为了解学生每周体育锻炼时间与近视情况的关系，随机调查了300名学生，数据整理如下：\n\n|  | 近视 | 不近视 | 总计 |\n|------|------|--------|------|\n| 锻炼时间<3小时 | 60   | 40     | 100  |\n| 锻炼时间≥3小时 | 30   | 170    | 200  |\n| 总计 | 90   | 210    | 300  |\n\n请计算随机变量 K² 的观测值（结果保留两位小数）。参考公式：K² = n(ad-bc)² / [(a+b)(c+d)(a+c)(b+d)]"
bnu-high-ds-v1-s5-467,S5,lower,multiple-choice,Core,bnu-high-s5-统计案例,统计案例,选择性必修 第一册,统计案例,pass,none,high,stage-b,pass,pass,pass,pass,pass,C,,,,存储答案C与独立解一致，解析正确说明回归直线性质，无矛盾。,"b 是斜率，a 是截距，回归直线过样本中心点 (x̄, ȳ)","b 是斜率，a 是截距，回归直线过样本中心点 (x̄, ȳ)",pass,none,C,pass,pass,pass,,,在回归分析中，用最小二乘法求得的回归直线方程 ŷ=bx+a，其中 b 和 a 分别为：
bnu-high-ds-v1-s5-468,S5,lower,short-answer,Core,bnu-high-s5-统计案例,统计案例,选择性必修 第一册,统计案例,pass,none,high,stage-b,pass,pass,pass,pass,not_applicable,ŷ=2x+1,,,,存储答案ŷ=2x+1与独立解一致，解析计算正确，无矛盾。,ŷ=2x+1,ŷ=2x+1 | y=2x+1,pass,none,ŷ=2x+1,pass,pass,not_applicable,,,"已知变量 x 和 y 的5组观测数据如下：\n\nx: 1, 2, 3, 4, 5\ny: 3, 5, 7, 9, 11\n\n求 y 关于 x 的线性回归方程。"
bnu-high-ds-v1-s5-469,S5,lower,multiple-choice,Core,bnu-high-s5-统计案例,统计案例,选择性必修 第一册,统计案例,pass,none,high,stage-b,pass,pass,pass,pass,pass,B,,,,存储答案与独立解一致，均为B，解析正确解释了K²观测值越大则拒绝无关假设的可能性越大。,两个分类变量有关系的可能性越大,两个分类变量有关系的可能性越大,pass,none,B,pass,pass,pass,,,在独立性检验中，当随机变量 K² 的观测值 k 越大时，下列说法正确的是：
bnu-high-ds-v1-s5-470,S5,lower,short-answer,Core,bnu-high-s5-统计案例,统计案例,选择性必修 第一册,统计案例,fail,major,high,stage-c,pass,pass,pass,fail,not_applicable,3.9,,explanation_contradiction,,题目可解，回归计算正确得预测值3.9万元。存储答案3.9与独立解一致，但解析中a值计算错误（0.2218应为0.46），导致解析过程与最终答案矛盾，需修正解析。,3.9,3.9 | 3.9万元,pass,none,3.9,fail,fail,not_applicable,3.9,major,"某地区2015年至2020年的人均年收入（万元）与人均年消费支出（万元）的数据如下：\n\n年份：2015, 2016, 2017, 2018, 2019, 2020\n收入：3.2, 3.5, 3.8, 4.1, 4.5, 4.8\n支出：2.5, 2.7, 2.9, 3.1, 3.4, 3.6\n\n若2021年人均年收入预计为5.2万元，利用线性回归模型预测该年的人均年消费支出约为多少万元？（结果保留一位小数）"
bnu-high-ds-v1-s5-471,S5,lower,multiple-choice,Core,bnu-high-s5-统计案例,统计案例,选择性必修 第一册,统计案例,pass,none,high,stage-b,pass,pass,pass,pass,pass,B,,,,存储答案与独立解一致，均为B，解析正确指出数据呈正线性相关，回归系数约为5。,阅读时间每增加1小时，语文成绩平均提高约5分,阅读时间每增加1小时，语文成绩平均提高约5分,pass,none,B,pass,pass,pass,,,"为了研究某地区高中生的每周课外阅读时间（小时）与语文成绩（满分150分）之间的关系，随机抽取了10名学生，得到如下数据：\n阅读时间：1, 2, 3, 4, 5, 6, 7, 8, 9, 10\n语文成绩：90, 95, 100, 105, 110, 115, 120, 125, 130, 135\n根据这些数据，下列说法正确的是："
bnu-high-ds-v1-s5-472,S5,lower,short-answer,Core,bnu-high-s5-统计案例,统计案例,选择性必修 第一册,统计案例,pass,none,high,stage-b,pass,pass,pass,pass,not_applicable,K²≈8.33，能认为有关,,,,存储答案与独立解一致，K²≈8.33>3.841，能认为有关，解析计算正确。,K²≈8.33，能认为有关,K²≈8.33，能认为有关,pass,none,K²≈8.33，能认为有关,pass,pass,not_applicable,,,"某学校调查了200名学生，得到是否参加体育锻炼与是否近视的列联表如下：\n\n               近视    不近视    合计\n参加锻炼       30      70       100\n不参加锻炼     50      50       100\n合计           80     120       200\n\n请计算K²的值（保留两位小数），并据此判断在犯错误的概率不超过0.05的前提下，能否认为“是否近视与是否参加体育锻炼有关”？\n（参考数据：P(K²≥3.841)≈0.05）"
bnu-high-ds-v1-s5-473,S5,lower,multiple-choice,Core,bnu-high-s5-统计案例,统计案例,选择性必修 第一册,统计案例,pass,none,high,stage-c,pass,pass,pass,pass,pass,C,,,,"题目可解，去除偏离点(3,5)后剩余四点线性趋势增强，相关系数显著增大，选项C正确。答案与解析一致，无歧义，符合教材统计案例要求。",显著增大,显著增大,pass,none,C,pass,pass,pass,,none,"对于两个变量x和y，收集了5组观测数据：(1,2), (2,3), (3,5), (4,6), (5,8)。如果去掉点(3,5)后重新计算相关系数，则相关系数的变化情况最可能是："
bnu-high-ds-v1-s5-474,S5,lower,short-answer,Core,bnu-high-s5-统计案例,统计案例,选择性必修 第一册,统计案例,fail,blocker,high,stage-c,pass,pass,fail,fail,not_applicable,0.630,0.630,answer_mismatch|explanation_contradiction,,题目可解，符合BNU统计案例范围。独立计算得b=0.630，但存储答案为0.670，解析过程正确却给出错误最终答案，存在答案不匹配和解释矛盾，严重错误。,0.670,0.670,pass,none,0.630,fail,fail,not_applicable,0.630,blocker,"已知变量x和y的5组观测数据如下：\nx: 2, 3, 4, 5, 6\ny: 2.2, 2.8, 3.5, 4.1, 4.9\n若y关于x的线性回归方程为ŷ=bx+a，且已知∑xi=20, ∑yi=17.5, ∑xiyi=76.3, ∑xi²=90。求b的值（保留三位小数）。"
bnu-high-ds-v1-s5-475,S5,lower,multiple-choice,Core,bnu-high-s5-统计案例,统计案例,选择性必修 第一册,统计案例,pass,none,high,stage-b,pass,pass,pass,pass,pass,B,,,,存储答案与独立解一致，均为B，解析正确解释了相关系数的含义及常见误解。,数学成绩与物理成绩之间存在高度正相关,数学成绩与物理成绩之间存在高度正相关,pass,none,B,pass,pass,pass,,,某校为了解学生数学成绩与物理成绩之间的关系，随机抽取了8名学生，得到数学成绩x和物理成绩y的散点图呈现出明显的直线上升趋势。经计算，x和y的样本相关系数r=0.92。据此，以下推断合理的是：
bnu-high-ds-v1-s5-476,S5,lower,short-answer,Core,bnu-high-s5-统计案例,统计案例,选择性必修 第一册,统计案例,pass,none,high,stage-b,pass,pass,pass,pass,not_applicable,26.7,,,,存储答案与独立解一致，均为26.7，解析正确代入回归方程计算。,26.7,26.7,pass,none,26.7,pass,pass,not_applicable,,,"某地区2015年至2020年的人均年收入x（千元）与人均年消费支出y（千元）的数据如下：\n年份: 2015, 2016, 2017, 2018, 2019, 2020\nx: 20, 22, 25, 28, 30, 33\ny: 15, 16, 18, 20, 22, 24\n已知y关于x的线性回归方程为ŷ=0.7x+1.5。若2021年人均年收入预计为36千元，预测该年的人均年消费支出为多少千元？"
bnu-high-ds-v1-s5-477,S5,lower,multiple-choice,Core,bnu-high-s5-统计案例,统计案例,选择性必修 第一册,统计案例,pass,none,high,stage-b,pass,pass,pass,pass,pass,B,,,,存储答案与独立解一致，均为选项B，解析正确。,在犯错误的概率不超过0.01的前提下，认为吸烟与患肺癌有关,在犯错误的概率不超过0.01的前提下，认为吸烟与患肺癌有关,pass,none,B,pass,pass,pass,,,"在一项关于吸烟与患肺癌关系的调查中，得到如下2×2列联表：\n\n          患肺癌  未患肺癌  合计\n吸烟      60      140      200\n不吸烟    30      170      200\n合计      90      310      400\n\n经过计算，K²≈9.89。若临界值K0=6.635对应概率0.01，则下列结论正确的是："
bnu-high-ds-v1-s5-478,S5,lower,short-answer,Core,bnu-high-s5-统计案例,统计案例,选择性必修 第一册,统计案例,warn,minor,high,stage-c,pass,pass,pass,weak,not_applicable,0.999,,explanation_contradiction,,题目可解，答案0.999正确，但解析中∑xiyi、∑xi²、∑yi²数值与正确计算不符，存在计算错误，虽最终结果巧合一致，但解释不严谨。,0.999,0.999,pass,none,0.999,pass,weak,not_applicable,,minor,"某研究机构对10个城市的空气污染指数（API）与呼吸道疾病发病率（每万人）进行了调查，数据如下：\nAPI: 50, 60, 70, 80, 90, 100, 110, 120, 130, 140\n发病率: 2.1, 2.5, 2.9, 3.2, 3.6, 4.0, 4.3, 4.7, 5.0, 5.4\n计算API与发病率的样本相关系数（保留三位小数）。"
bnu-high-ds-v1-s5-479,S5,lower,multiple-choice,Core,bnu-high-s5-统计案例,统计案例,选择性必修 第一册,统计案例,pass,none,high,stage-b,pass,pass,pass,pass,pass,A,,,,存储答案0.1与独立解A一致，解析计算正确。,0.1,0.1,pass,none,A,pass,pass,pass,,,"已知两个变量x和y的6组观测数据如下：\nx: 1, 2, 3, 4, 5, 6\ny: 2.1, 3.9, 6.2, 8.1, 9.8, 12.1\n若用最小二乘法得到的线性回归方程为ŷ=bx+a，且已知b=2.0，则a的值最接近："
bnu-high-ds-v1-s5-480,S5,lower,short-answer,Core,bnu-high-s5-统计案例,统计案例,选择性必修 第一册,统计案例,fail,blocker,high,stage-c,pass,pass,fail,fail,not_applicable,ŷ=2.00x+15.00,ŷ=2.00x+15.00,math_error|answer_mismatch|explanation_contradiction,,"题目可解，符合BNU统计案例回归计算要求。独立计算得b=2.00, a=15.00，回归方程为ŷ=2.00x+15.00。存储答案ŷ=0.75x+52.50错误，解析中计算过程混乱且结果矛盾，属于严重数学错误，必须修正。",ŷ=0.75x+52.50,ŷ=0.75x+52.50,pass,none,ŷ=1.00x+45.00,fail,fail,not_applicable,ŷ=10.00x+200.00,blocker,"某班主任为了分析学生每周学习时间x（小时）与考试成绩y（分）的关系，收集了班级20名学生的数据，计算得到∑x=600, ∑y=1500, ∑xy=46200, ∑x²=18600。求y关于x的线性回归方程（系数保留两位小数）。"
bnu-high-ds-v1-s5-481,S5,lower,multiple-choice,Core,bnu-high-s5-统计案例,统计案例,选择性必修 第一册,统计案例,pass,none,high,stage-b,pass,pass,pass,pass,pass,B,,,,存储答案与独立解一致，均为选项B，解析正确。,API与发病率之间存在较强的正相关关系,API与发病率之间存在较强的正相关关系,pass,none,B,pass,pass,pass,,,某研究小组收集了10个城市的空气污染指数（API）与呼吸道疾病发病率（每十万人）的数据，计算得到相关系数 r = 0.82。下列说法正确的是：
bnu-high-ds-v1-s5-482,S5,lower,short-answer,Core,bnu-high-s5-统计案例,统计案例,选择性必修 第一册,统计案例,fail,blocker,high,stage-c,pass,pass,fail,fail,not_applicable,(1) 散点图呈直线趋势，存在线性相关；(2) ŷ=0.50x+1.50；(3) 11.50千元,(1) 散点图略，存在线性相关关系；(2) ŷ=0.50x+1.50；(3) 11.50千元,math_error|explanation_contradiction,,"题目数据计算得回归系数b=0.5, a=1.5，预测值11.5千元。存储答案和解析中b=0.54, a=1.25均为错误结果，且解析与答案不一致，属于严重数学错误。",（1）散点图略，存在线性相关关系；（2）y = 0.54x + 1.25；（3）12.05千元,（1）散点图略，存在线性相关关系；（2）y = 0.54x + 1.25；（3）12.05千元,pass,none,(1) 散点图呈直线趋势，存在线性相关；(2) ŷ=0.50x+1.50；(3) 11.50千元,fail,fail,not_applicable,（1）散点图略，存在线性相关关系；（2）ŷ=0.50x+1.50；（3）11.50千元,blocker,"为了解某地区居民收入与消费支出的关系，随机调查了8户家庭，得到月收入 x（千元）与月消费支出 y（千元）的数据如下：\n(5, 4), (7, 5), (8, 6), (10, 7), (12, 8), (14, 9), (16, 10), (18, 11)。\n（1）画出散点图，并判断两个变量之间是否存在线性相关关系；\n（2）如果存在线性相关关系，求 y 关于 x 的线性回归方程（系数精确到0.01）；\n（3）如果某家庭的月收入为20千元，预测其月消费支出。"
bnu-high-ds-v1-s5-483,S5,lower,multiple-choice,Core,bnu-high-s5-统计案例,统计案例,选择性必修 第一册,统计案例,pass,none,high,stage-b,pass,pass,pass,pass,pass,B,,,,存储答案与独立解一致，均为选项B，解析正确。,课外阅读时间与语文成绩无关,课外阅读时间与语文成绩无关,pass,none,B,pass,pass,pass,,,"某学校调查了200名学生的课外阅读时间与语文成绩，得到如下2×2列联表：\n\n阅读时间≥5小时/周  阅读时间<5小时/周  总计\n语文成绩优秀        50               30           80\n语文成绩非优秀      70               50          120\n总计              120               80          200\n\n计算得 χ² ≈ 0.347。在显著性水平 α=0.05 下，正确的结论是："
bnu-high-ds-v1-s5-484,S5,lower,short-answer,Core,bnu-high-s5-统计案例,统计案例,选择性必修 第一册,统计案例,fail,blocker,high,stage-c,pass,pass,fail,fail,not_applicable,ŷ=10.0x+200.0,ŷ=10.0x+200.0,math_error|explanation_contradiction,self_correction_language,"题目可解，符合统计案例章节要求。独立计算得b=10.0, a=200.0，回归方程为ŷ=10.0x+200.0。存储答案y=5.0x+350.0错误，解析中分母计算错误（应为450而非900），导致b=5，与正确结果矛盾。",y = 5.0x + 350.0,y = 5.0x + 350.0,pass,none,ŷ=5.0x+350.0,fail,fail,not_applicable,ŷ=10.0x+200.0,blocker,"某农科所对一种新型肥料进行试验，得到小麦产量 y（千克/亩）与施肥量 x（千克/亩）的6组数据，经计算得：∑x=180, ∑y=3000, ∑x²=5850, ∑xy=94500。求 y 关于 x 的线性回归方程（系数精确到0.1）。"
bnu-high-ds-v1-s5-485,S5,lower,multiple-choice,Core,bnu-high-s5-统计案例,统计案例,选择性必修 第一册,统计案例,warn,minor,high,stage-c,pass,pass,pass,weak,pass,D,,explanation_contradiction,,题目可解，选项D正确。解析中称“ε的方差小说明拟合好”与独立解认为C错误存在轻微矛盾，但未影响最终答案，故标记为weak。,b 的符号决定了 x 与 y 相关的方向,b 的符号决定了 x 与 y 相关的方向,pass,none,D,pass,weak,pass,,minor,对于线性回归模型 y = a + bx + ε，其中 ε 是随机误差。以下说法正确的是：
bnu-high-ds-v1-s5-486,S5,lower,short-answer,Core,bnu-high-s5-统计案例,统计案例,选择性必修 第一册,统计案例,pass,none,high,stage-b,pass,pass,pass,pass,not_applicable,(1) r = -1.000，完全负相关；(2) y = 75.0 - 2.5x；(3) 25件,,,,存储答案与独立答案一致，均为r=-1.000，回归方程y=-2.5x+75.0，预测25件；解析计算正确。,（1）r ≈ -1.000，高度负相关；（2）y = -2.5x + 75.0；（3）25件,（1）r ≈ -1.000，高度负相关；（2）y = -2.5x + 75.0；（3）25件,pass,none,(1) r = -1.000，完全负相关；(2) y = 75.0 - 2.5x；(3) 25件,pass,pass,not_applicable,,,"为了研究某商品价格 x（元）与销售量 y（件）之间的关系，统计了5天的数据：\n(10, 50), (12, 45), (14, 40), (16, 35), (18, 30)。\n（1）计算相关系数 r（精确到0.001），并说明相关程度；\n（2）求 y 关于 x 的线性回归方程（系数精确到0.1）；\n（3）若价格定为20元，预测销售量。"
bnu-high-ds-v1-s5-487,S5,lower,multiple-choice,Core,bnu-high-s5-统计案例,统计案例,选择性必修 第一册,统计案例,pass,none,high,stage-b,pass,pass,pass,pass,pass,B,,,,存储答案与独立答案一致，均为选项B；解析正确。,两个分类变量有关的可能性越大,两个分类变量有关的可能性越大,pass,none,B,pass,pass,pass,,,在独立性检验中，若计算得到的 χ² 值越大，则：
bnu-high-ds-v1-s5-488,S5,lower,short-answer,Core,bnu-high-s5-统计案例,统计案例,选择性必修 第一册,统计案例,fail,blocker,high,stage-c,pass,pass,fail,fail,not_applicable,(1) r ≈ 0.99；(2) y = -20.91 + 0.82x；(3) 40.59万件,(1) r ≈ 0.99；(2) y = -20.91 + 0.82x；(3) 40.59万件,math_error|answer_mismatch,,独立计算得回归系数b≈0.818，a≈-20.91，预测值40.59；存储答案b=0.80，a=-19.60，预测40.40，存在计算错误，答案不匹配，需修正。,（1）r ≈ 0.99；（2）y = 0.80x - 19.60；（3）40.40万件,（1）r ≈ 0.99；（2）y = 0.80x - 19.60；（3）40.40万件,pass,none,(1) r ≈ 0.99；(2) y = -20.91 + 0.82x；(3) 40.59万件,fail,fail,not_applicable,（1）r ≈ 0.99；（2）y = -20.91 + 0.82x；（3）40.59万件,blocker,"某地区10年间的人口数量 x（万人）与某种商品年销售量 y（万件）的数据如下表：\n\n年份   1   2   3   4   5   6   7   8   9  10\nx     50  52  55  58  60  63  65  68  70  72\ny     20  22  24  26  28  30  32  34  36  38\n\n（1）计算相关系数 r（精确到0.01）；\n（2）建立 y 关于 x 的线性回归方程（系数精确到0.01）；\n（3）若第11年人口数量预计达到75万人，预测该商品年销售量。"
bnu-high-ds-v1-s5-489,S5,lower,multiple-choice,Core,bnu-high-s5-统计案例,统计案例,选择性必修 第一册,统计案例,pass,none,high,stage-b,pass,pass,pass,pass,pass,B,,,,存储答案与独立答案一致，均为选项B；解析正确。,吸烟与患肺癌有关,吸烟与患肺癌有关,pass,none,B,pass,pass,pass,,,"在一项关于吸烟与患肺癌关系的研究中，得到如下2×2列联表：\n\n        患肺癌  未患肺癌  总计\n吸烟     60      140      200\n不吸烟   30      270      300\n总计     90      410      500\n\n计算得 χ² ≈ 27.27。在 α=0.001 下，临界值为10.828，则结论是："
bnu-high-ds-v1-s5-490,S5,lower,short-answer,Core,bnu-high-s5-统计案例,统计案例,选择性必修 第一册,统计案例,pass,none,high,stage-b,pass,pass,pass,pass,not_applicable,(1) r = 1.000；(2) y = 20.0 + 5.0x；(3) 65万元,,,,存储答案与独立答案一致，均为r=1.000，回归方程y=5.0x+20.0，预测65万元；解析正确。,（1）r = 1.000；（2）y = 5.0x + 20.0；（3）65.0万元,（1）r = 1.000；（2）y = 5.0x + 20.0；（3）65.0万元,pass,none,(1) r = 1.000；(2) y = 20.0 + 5.0x；(3) 65万元,pass,pass,not_applicable,,,"某公司为了解广告费 x（万元）与销售额 y（万元）的关系，收集了7个月的数据：\n(2, 30), (3, 35), (4, 40), (5, 45), (6, 50), (7, 55), (8, 60)。\n（1）求相关系数 r（精确到0.001）；\n（2）求 y 关于 x 的线性回归方程（系数精确到0.1）；\n（3）若下月广告费预算为9万元，预测销售额。"
bnu-high-ds-v1-s5-491,S5,lower,multiple-choice,Core,bnu-high-s5-统计案例,统计案例,选择性必修 第一册,统计案例,pass,none,high,stage-b,pass,pass,pass,pass,pass,B,,,,存储答案与独立答案一致，均为选项B；解析正确。,课外阅读时间与语文成绩之间存在较强的正相关关系,课外阅读时间与语文成绩之间存在较强的正相关关系,pass,none,B,pass,pass,pass,,,某研究小组收集了10名学生的每周课外阅读时间（小时）与语文成绩（分）的数据，计算得到相关系数 r = 0.82。下列解释最合理的是：
bnu-high-ds-v1-s5-492,S5,lower,short-answer,Core,bnu-high-s5-统计案例,统计案例,选择性必修 第一册,统计案例,fail,blocker,high,stage-c,pass,pass,fail,fail,not_applicable,y = -1.00 + 0.60x,y = -1.00 + 0.60x,math_error|answer_mismatch|explanation_contradiction,,"题目可解，回归方程应为 y = -1.00 + 0.60x。存储答案 y = 0.45x + 1.25 错误，且与解析中 b=0.6, a=-1 矛盾，属于严重错误。",y = 0.45x + 1.25,y = 0.45x + 1.25,pass,none,y = -1.00 + 0.60x,fail,fail,not_applicable,y = -1.00 + 0.60x,blocker,为了解某地区居民月收入 x（千元）与月消费支出 y（千元）的关系，随机抽取了8户家庭，算得：∑x=120，∑y=64，∑x²=2000，∑xy=1080。求 y 关于 x 的线性回归方程（系数保留两位小数）。
bnu-high-ds-v1-s5-493,S5,lower,multiple-choice,Core,bnu-high-s5-统计案例,统计案例,选择性必修 第一册,统计案例,fail,major,high,stage-c,pass,pass,pass,fail,pass,A,,explanation_contradiction,status_rationale_tension,题目可解，χ²≈12.5>6.635，在0.01水平下拒绝独立性，有99%把握认为有关，选项A正确。解析称“选项A错误”与答案矛盾，且提及无关的回归计算错误，解释严重不一致。,在犯错误的概率不超过0.05的前提下，可以认为X与Y有关,在犯错误的概率不超过0.05的前提下，可以认为X与Y有关,pass,none,A,pass,fail,pass,,major,"对两个分类变量 X 和 Y 进行独立性检验，随机调查了200人，得到如下2×2列联表：\n\n|       | Y=0 | Y=1 | 总计 |\n|-------|-----|-----|------|\n| X=0   | 50  | 30  | 80   |\n| X=1   | 40  | 80  | 120  |\n| 总计  | 90  | 110 | 200  |\n\n若计算得 χ² ≈ 12.5，则下列结论正确的是（参考值：χ²_{0.05}(1)=3.841，χ²_{0.01}(1)=6.635）："
bnu-high-ds-v1-s5-494,S5,lower,short-answer,Core,bnu-high-s5-统计案例,统计案例,选择性必修 第一册,统计案例,fail,blocker,high,stage-c,pass,pass,fail,fail,not_applicable,（1）3/5；（2）y = 2.5x - 2.5；（3）可靠,（1）3/5；（2）y = 2.5x - 2.5；（3）可靠,math_error|answer_mismatch|explanation_contradiction,,题目可解，答案匹配，但解析中回归方程截距计算错误（a=-3应为-2.5），导致解析与答案矛盾，且预测值随之错误，属于严重数学错误。,（1）3/5；（2）y = 2.5x - 2.5；（3）可靠,（1）3/5；（2）y = 2.5x - 2.5；（3）可靠,pass,none,（1）3/5；（2）y=2.5x-2.5；（3）可靠,fail,fail,not_applicable,（1）3/5；（2）y = 2.5x - 2.5；（3）可靠,blocker,"某农科所对冬季昼夜温差大小与某反季节大豆新品种发芽多少之间的关系进行分析研究，他们记录了12月1日至12月5日的昼夜温差与实验室每天每100颗种子中的发芽数，得到如下数据：\n\n| 日期       | 12月1日 | 12月2日 | 12月3日 | 12月4日 | 12月5日 |\n|------------|---------|---------|---------|---------|---------|\n| 温差 x(℃) | 10      | 11      | 13      | 12      | 8       |\n| 发芽数 y(颗) | 23      | 25      | 30      | 26      | 16      |\n\n该农科所确定的研究方案是：先从这五组数据中选取2组，用剩下的3组数据求线性回归方程，再对被选取的2组数据进行检验。\n（1）求选取的2组数据恰好是不相邻两天数据的概率；\n（2）若选取的是12月1日与12月5日的两组数据，请根据12月2日至12月4日的数据，求出 y 关于 x 的线性回归方程 y = bx + a；\n（3）若由线性回归方程得到的估计数据与所选出的检验数据的误差均不超过2颗，则认为得到的线性回归方程是可靠的，试问（2）中所得的线性回归方程是否可靠？"
bnu-high-ds-v1-s5-495,S5,lower,multiple-choice,Core,bnu-high-s5-统计案例,统计案例,选择性必修 第一册,统计案例,pass,none,high,stage-b,pass,pass,pass,pass,pass,A,,,,答案、解析与独立解一致，无问题。,有95%的把握认为性别与是否喜欢数学有关,有95%的把握认为性别与是否喜欢数学有关,pass,none,A,pass,pass,pass,,,"在一项关于中学生性别与是否喜欢数学的调查中，随机抽取了100名学生，得到如下列联表：\n\n|       | 喜欢数学 | 不喜欢数学 | 总计 |\n|-------|----------|------------|------|\n| 男生  | 30       | 20         | 50   |\n| 女生  | 20       | 30         | 50   |\n| 总计  | 50       | 50         | 100  |\n\n若进行独立性检验，计算得 χ² 的观测值为 k。已知 P(χ² ≥ 3.841) ≈ 0.05，P(χ² ≥ 5.024) ≈ 0.025。若 k = 4.2，则下列结论正确的是："
bnu-high-ds-v1-s5-496,S5,lower,short-answer,Core,bnu-high-s5-统计案例,统计案例,选择性必修 第一册,统计案例,fail,blocker,high,stage-c,pass,pass,fail,fail,not_applicable,（2）y = 0.67x + 54.9；（3）约101.8分钟,（2）y = 0.67x + 54.9；（3）约101.8分钟,math_error|answer_mismatch|explanation_contradiction,,题目可解，符合BNU教材范围。但提供的答案和解析存在计算错误：解析中b=0.7、a=54，预测值103，与正确结果b=0.67、a=54.9、预测值101.8不一致，属于数学错误和答案不匹配，严重性为阻断。,（2）y = 0.67x + 54.9；（3）约101.8分钟,（2）y = 0.67x + 54.9；（3）约101.8分钟,pass,none,（1）散点图略；（2）y=0.67x+54.9；（3）约101.8分钟,fail,fail,not_applicable,（2）y = 0.67x + 54.9；（3）约101.8分钟,blocker,"某车间为了规定工时定额，需要确定加工零件所花费的时间，为此进行了5次试验，收集数据如下：\n\n| 零件数 x (个) | 10 | 20 | 30 | 40 | 50 |\n|---------------|----|----|----|----|----|\n| 加工时间 y (分钟) | 62 | 68 | 75 | 81 | 89 |\n\n（1）画出散点图（文字描述：以零件数为横轴，加工时间为纵轴，描出5个点，大致呈线性趋势）；\n（2）求 y 关于 x 的线性回归方程；\n（3）若加工70个零件，预测需要多少分钟？"
bnu-high-ds-v1-s5-497,S5,lower,multiple-choice,Core,bnu-high-s5-统计案例,统计案例,选择性必修 第一册,统计案例,fail,blocker,high,stage-c,fail,pass,fail,fail,fail,B,,ambiguous_mc|bad_options|explanation_contradiction,,选项B和C均正确，但题目为单选题，存在多个正确选项，违反唯一解原则；解析未指出此问题，且存储答案仅选B，与数学事实矛盾。,"回归直线 y = bx + a 一定经过点 (x̄, ȳ)","回归直线 y = bx + a 一定经过点 (x̄, ȳ)",pass,blocker,B,fail,fail,fail,,blocker,对于给定的两个变量的统计数据，下列说法正确的是：
bnu-high-ds-v1-s5-498,S5,lower,short-answer,Core,bnu-high-s5-统计案例,统计案例,选择性必修 第一册,统计案例,warn,minor,high,stage-c,pass,pass,pass,weak,not_applicable,（1）有关系；（2）能,,accepted_answer_gap,status_rationale_tension,题目可解，符合BNU统计案例章节。答案正确，但解析中χ²≈11.538与独立解11.76存在计算精度差异，不影响结论，属轻微瑕疵。,（1）有关系；（2）能,（1）有关系；（2）能,pass,none,（1）有关系；（2）能,pass,weak,not_applicable,,minor,"某班主任对全班50名学生的学习积极性与参加课外活动的情况进行调查，得到如下2×2列联表：\n\n|           | 参加课外活动 | 不参加课外活动 | 总计 |\n|-----------|--------------|----------------|------|\n| 学习积极性高 | 18           | 7              | 25   |\n| 学习积极性不高 | 6            | 19             | 25   |\n| 总计      | 24           | 26             | 50   |\n\n（1）根据表中数据，计算学习积极性高与参加课外活动是否有关系？\n（2）能否在犯错误的概率不超过0.01的前提下认为学习积极性与参加课外活动有关？\n参考数据：P(χ²≥6.635)≈0.01，P(χ²≥3.841)≈0.05。"
bnu-high-ds-v1-s5-499,S5,lower,multiple-choice,Core,bnu-high-s5-统计案例,统计案例,选择性必修 第一册,统计案例,pass,none,high,stage-b,pass,pass,pass,pass,pass,D,,,,答案、解析与独立解一致，无问题。,1,1,pass,none,D,pass,pass,pass,,,"在一组样本数据 (x₁,y₁), (x₂,y₂), …, (xₙ,yₙ)（n≥2，x₁,x₂,…,xₙ 不全相等）的散点图中，若所有样本点 (xᵢ,yᵢ)（i=1,2,…,n）都在直线 y = 0.5x - 1 上，则这组样本数据的样本相关系数为："
bnu-high-ds-v1-s5-500,S5,lower,short-answer,Core,bnu-high-s5-统计案例,统计案例,选择性必修 第一册,统计案例,pass,none,high,stage-b,pass,pass,pass,pass,not_applicable,"（1）散点图略；（2）不具有线性相关关系；（3）令u=lny，则u=lnc+dx，变换后变量为(x,u)",,,,答案、解析与独立解一致，无问题。,（2）不具有线性相关关系；（3）令 u = ln y，则 u = ln c + d x，变量为 x 和 u,（2）不具有线性相关关系；（3）令 u = ln y，则 u = ln c + d x，变量为 x 和 u,pass,none,"（1）散点图略；（2）不具有线性相关关系；（3）令u=lny，则u=lnc+dx，变换后变量为(x,u)",pass,pass,not_applicable,,,"为了研究某种细菌在特定环境下随时间变化的繁殖规律，得到如下数据：\n\n| 天数 x | 1 | 2 | 3 | 4 | 5 |\n|--------|---|---|---|---|---|\n| 繁殖个数 y（千个） | 2 | 4 | 8 | 16 | 32 |\n\n（1）画出散点图（文字描述：以天数为横轴，繁殖个数为纵轴，描出5个点，呈指数增长趋势）；\n（2）观察散点图，你认为 y 与 x 之间是否具有线性相关关系？\n（3）若用 y = c·e^{dx} 拟合，试通过变换转化为线性回归问题，并写出变换后的变量。"
bnu-high-ds-v1-s6-001,S6,upper,multiple-choice,Exam,bnu-high-s6-数列,数列,选择性必修 第二册,数列,fail,blocker,high,stage-c,pass,pass,fail,fail,fail,5 × 2^11 - 30,5 × 2^11 - 30,math_error|answer_mismatch|explanation_contradiction|ambiguous_mc,,题目可解，构造等比数列得b_n=5·2^{n-1}，前10项和S_10=5(2^10-1)=5×2^10-5，化简为5×2^11-30，对应选项B。存储答案5×2^10-30错误，解析计算得5×2^10-5却选A，自相矛盾，且选项无正确结果，导致单选题无唯一正确选项。,5 × 2^10 - 30,5 × 2^10 - 30,pass,none,5 × 2^11 - 30,fail,fail,fail,5 × 2^11 - 30,blocker,已知数列 {a_n} 满足 a_1 = 2，且对任意正整数 n，有 a_{n+1} = 2a_n + 3。设 b_n = a_n + 3，则数列 {b_n} 的前 10 项和 S_10 等于（ ）
bnu-high-ds-v1-s6-002,S6,upper,short-answer,Core,bnu-high-s6-数列,数列,选择性必修 第二册,数列,pass,none,high,stage-b,pass,pass,pass,pass,not_applicable,a_n = 2n + 1,,,,存储答案a_n=2n+1与Stage A独立解一致，解析正确推导，无问题。,a_n = 2n + 1,a_n = 2n + 1 | 2n+1,pass,none,a_n = 2n + 1,pass,pass,not_applicable,,,已知等差数列 {a_n} 的前 n 项和为 S_n，且 a_3 = 7，S_4 = 24。求数列 {a_n} 的通项公式。
bnu-high-ds-v1-s6-003,S6,upper,fill-in,Challenge,bnu-high-s6-数列,数列,选择性必修 第二册,数列,pass,none,high,stage-b,pass,pass,pass,pass,not_applicable,n^2,,,,存储答案n^2与Stage A独立解一致，解析正确使用累加法，无问题。,n^2,n^2 | n²,pass,none,n^2,pass,pass,not_applicable,,,已知数列 {a_n} 满足 a_1 = 1，a_{n+1} = a_n + 2n + 1，则 a_n = ______。
bnu-high-ds-v1-s6-004,S6,upper,multiple-choice,Foundation,bnu-high-s6-数列,数列,选择性必修 第二册,数列,pass,none,high,stage-b,pass,pass,pass,pass,pass,-54,,,,存储答案-54与Stage A独立解一致，解析正确，选项唯一，无问题。,-54,-54,pass,none,-54,pass,pass,pass,,,在等比数列 {a_n} 中，a_1 = 2，公比 q = -3，则 a_4 等于（ ）
bnu-high-ds-v1-s6-005,S6,upper,short-answer,Exam,bnu-high-s6-数列,数列,选择性必修 第二册,数列,pass,none,high,stage-b,pass,pass,pass,pass,not_applicable,11,,,,存储答案11与Stage A独立解一致，解析正确使用S_n求a_n，无问题。,11,11,pass,none,11,pass,pass,not_applicable,,,已知数列 {a_n} 的前 n 项和 S_n = n^2 + 2n，求 a_5 的值。
bnu-high-ds-v1-s6-006,S6,upper,fill-in,Core,bnu-high-s6-数列,数列,选择性必修 第二册,数列,pass,none,high,stage-b,pass,pass,pass,pass,not_applicable,10,,,,存储答案10与Stage A独立解一致，解析正确利用等差中项性质，无问题。,10,10,pass,none,10,pass,pass,not_applicable,,,已知等差数列 {a_n} 中，a_2 + a_8 = 20，则 a_5 = ______。
bnu-high-ds-v1-s6-007,S6,upper,multiple-choice,Challenge,bnu-high-s6-数列,数列,选择性必修 第二册,数列,pass,none,high,stage-b,pass,pass,pass,pass,pass,8,,,,存储答案8与Stage A独立解一致，解析正确构造等比数列并解不等式，选项唯一，无问题。,8,8,pass,none,8,pass,pass,pass,,,已知数列 {a_n} 满足 a_1 = 1，a_{n+1} = 3a_n + 2，则使得 a_n > 2023 的最小正整数 n 是（ ）
bnu-high-ds-v1-s6-008,S6,upper,short-answer,Foundation,bnu-high-s6-数列,数列,选择性必修 第二册,数列,pass,none,high,stage-b,pass,pass,pass,pass,not_applicable,S_n = n^2,,,,存储答案n^2与Stage A独立解一致，解析正确使用等差数列求和公式，无问题。,n^2,n^2 | n²,pass,none,S_n = n^2,pass,pass,not_applicable,,,已知数列 {a_n} 的通项公式为 a_n = 2n - 1，求其前 n 项和 S_n。
bnu-high-ds-v1-s6-009,S6,upper,fill-in,Exam,bnu-high-s6-数列,数列,选择性必修 第二册,数列,pass,none,high,stage-b,pass,pass,pass,pass,not_applicable,2,,,,存储答案2与独立解一致，解析正确推导出q=2，无问题。,2,2,pass,none,2,pass,pass,not_applicable,,,已知等比数列 {a_n} 的前 n 项和为 S_n，且 S_3 = 7，S_6 = 63，则公比 q = ______。
bnu-high-ds-v1-s6-010,S6,upper,multiple-choice,Core,bnu-high-s6-数列,数列,选择性必修 第二册,数列,pass,none,high,stage-b,pass,pass,pass,pass,pass,29,,,,存储答案29与独立解一致，解析正确，选项唯一。,29,29,pass,none,29,pass,pass,pass,,,已知数列 {a_n} 满足 a_1 = 2，a_{n+1} = a_n + 3，则 a_{10} 等于（ ）
bnu-high-ds-v1-s6-011,S6,upper,short-answer,Challenge,bnu-high-s6-数列,数列,选择性必修 第二册,数列,warn,minor,high,stage-c,pass,pass,pass,weak,not_applicable,a_n = 3^n - 2^n,,explanation_contradiction,status_rationale_tension,题目可解，答案正确，与教材范围匹配。但解析中除以2^{n+1}后累加过程有误，实际应除以3^{n+1}构造等比数列，解析方法存在矛盾，但最终答案正确，故标记为弱匹配。,a_n = 3^n - 2^n,a_n = 3^n - 2^n,pass,none,aₙ = 3ⁿ - 2ⁿ,pass,pass,not_applicable,,minor,已知数列 {a_n} 满足 a_1 = 1，且对任意正整数 n，有 a_{n+1} = 2a_n + 3^n。求数列 {a_n} 的通项公式。
bnu-high-ds-v1-s6-012,S6,upper,fill-in,Foundation,bnu-high-s6-数列,数列,选择性必修 第二册,数列,pass,none,high,stage-b,pass,pass,pass,pass,not_applicable,10,,,,存储答案10与独立解一致，解析正确。,10,10,pass,none,10,pass,pass,not_applicable,,,在等差数列 {a_n} 中，已知 a_3 + a_7 = 20，则 a_5 = ______。
bnu-high-ds-v1-s6-013,S6,upper,multiple-choice,Exam,bnu-high-s6-数列,数列,选择性必修 第二册,数列,pass,none,high,stage-b,pass,pass,pass,pass,pass,2,,,,存储答案2与独立解一致，解析正确，选项唯一。,2,2,pass,none,2,pass,pass,pass,,,已知等比数列 {a_n} 的前 n 项和为 S_n，且 S_3 = 7，S_6 = 63，则公比 q 的值为（ ）。
bnu-high-ds-v1-s6-014,S6,upper,short-answer,Core,bnu-high-s6-数列,数列,选择性必修 第二册,数列,pass,none,high,stage-b,pass,pass,pass,pass,not_applicable,aₙ = 2n + 1 (n≥1),,,,存储答案a_n = 2n + 1与独立解一致，解析正确。,a_n = 2n + 1,a_n = 2n + 1,pass,none,aₙ = 2n + 1 (n≥1),pass,pass,not_applicable,,,已知数列 {a_n} 的前 n 项和 S_n = n^2 + 2n。求 a_n 的表达式。
bnu-high-ds-v1-s6-015,S6,upper,fill-in,Challenge,bnu-high-s6-数列,数列,选择性必修 第二册,数列,pass,none,high,stage-b,pass,pass,pass,pass,not_applicable,101,,,,存储答案101与独立解一致，解析正确。,101,101,pass,none,101,pass,pass,not_applicable,,,已知数列 {a_n} 满足 a_1 = 2，a_{n+1} = a_n + 2n + 1，则 a_{10} = ______。
bnu-high-ds-v1-s6-016,S6,upper,multiple-choice,Foundation,bnu-high-s6-数列,数列,选择性必修 第二册,数列,pass,none,high,stage-b,pass,pass,pass,pass,pass,等差数列，公差为 3,,,,存储答案与独立解一致，解析正确，选项唯一。,等差数列，公差为 3,等差数列，公差为 3,pass,none,等差数列，公差为 3,pass,pass,pass,,,已知数列 {a_n} 的通项公式为 a_n = 3n - 2，则该数列是（ ）。
bnu-high-ds-v1-s6-017,S6,upper,short-answer,Exam,bnu-high-s6-数列,数列,选择性必修 第二册,数列,pass,none,high,stage-b,pass,pass,pass,pass,not_applicable,a_n = 2·3^{n-1} - 1,,,,存储答案与独立解一致，解析正确构造等比数列，无问题。,a_n = 2·3^{n-1} - 1,a_n = 2·3^{n-1} - 1,pass,none,a_n = 2·3^{n-1} - 1,pass,pass,not_applicable,,,已知数列 {a_n} 满足 a_1 = 1，a_{n+1} = 3a_n + 2。求数列 {a_n} 的通项公式。
bnu-high-ds-v1-s6-018,S6,upper,fill-in,Core,bnu-high-s6-数列,数列,选择性必修 第二册,数列,pass,none,high,stage-b,pass,pass,pass,pass,not_applicable,2,,,,存储答案与独立解一致，解析利用等比数列性质正确求解公比。,2,2,pass,none,2,pass,pass,not_applicable,,,在等比数列 {a_n} 中，a_2 = 6，a_5 = 48，则公比 q = ______。
bnu-high-ds-v1-s6-019,S6,upper,multiple-choice,Challenge,bnu-high-s6-数列,数列,选择性必修 第二册,数列,pass,none,high,stage-b,pass,pass,pass,pass,pass,2^n - 1,,,,存储答案与独立解一致，解析累加正确，选项唯一。,2^n - 1,2^n - 1,pass,none,2^n - 1,pass,pass,pass,,,已知数列 {a_n} 满足 a_1 = 1，a_{n+1} = a_n + 2^n，则 a_n 等于（ ）。
bnu-high-ds-v1-s6-020,S6,upper,short-answer,Foundation,bnu-high-s6-数列,数列,选择性必修 第二册,数列,pass,none,high,stage-b,pass,pass,pass,pass,not_applicable,"a_1=1, d=2",,,,存储答案与独立解一致，解析利用求和公式列方程组正确。,"a_1 = 1, d = 2","a_1 = 1, d = 2",pass,none,"a_1=1, d=2",pass,pass,not_applicable,,,已知等差数列 {a_n} 的前 n 项和为 S_n，且 S_5 = 25，S_10 = 100，求 a_1 和公差 d。
bnu-high-ds-v1-s6-021,S6,upper,fill-in,Exam,bnu-high-s6-数列,数列,选择性必修 第二册,数列,fail,blocker,high,stage-c,pass,pass,fail,fail,not_applicable,b_n 是首项为 2、公比为 3 的等比数列；a_n=2·3^{n-1}+2n-1,a_n = (3^n + 4n - 3)/2,math_error|answer_mismatch|explanation_contradiction,,存储答案 a_n = 3^{n-1} + 2n - 1 错误，代入 n=2 得 6，但递推得 7。独立解为 a_n = 2·3^{n-1} + 2n - 1，但解析中构造等比数列过程有误，得出错误结果。正确通项为 a_n = (3^n + 4n - 3)/2。,a_n = 3^{n-1} + 2n - 1,a_n = 3^{n-1} + 2n - 1 | a_n=3^{n-1}+2n-1,pass,none,b_n 是首项为 2、公比为 3 的等比数列；a_n=2·3^{n-1}+2n-1,fail,fail,not_applicable,a_n = (3^n + 4n - 3)/2,blocker,已知数列 {a_n} 满足 a_1 = 2，且对于任意正整数 n，有 a_{n+1} = 3a_n - 4n + 5。设 b_n = a_n - 2n + 1，证明数列 {b_n} 是等比数列，并求 a_n 的通项公式。
bnu-high-ds-v1-s6-022,S6,upper,multiple-choice,Core,bnu-high-s6-数列,数列,选择性必修 第二册,数列,pass,none,high,stage-b,pass,pass,pass,pass,pass,2,,,,存储答案与独立解一致，解析利用等差数列性质正确求解。,2,2,pass,none,2,pass,pass,pass,,,在等差数列 {a_n} 中，已知 a_3 + a_7 = 20，a_5 + a_9 = 28，则 a_1 的值为（ ）
bnu-high-ds-v1-s6-023,S6,upper,short-answer,Challenge,bnu-high-s6-数列,数列,选择性必修 第二册,数列,pass,none,high,stage-b,pass,pass,pass,pass,not_applicable,a_n = 2^n - 1,,,,存储答案与独立解一致，解析累加正确。,a_n = 2^n - 1,a_n = 2^n - 1 | a_n=2^n-1,pass,none,a_n = 2^n - 1,pass,pass,not_applicable,,,已知数列 {a_n} 满足 a_1 = 1，a_{n+1} = a_n + 2^n，求 a_n 的通项公式。
bnu-high-ds-v1-s6-024,S6,upper,fill-in,Foundation,bnu-high-s6-数列,数列,选择性必修 第二册,数列,pass,none,high,stage-b,pass,pass,pass,pass,not_applicable,48,,,,存储答案与独立解一致，解析正确计算等比数列项。,48,48,pass,none,48,pass,pass,not_applicable,,,在等比数列 {a_n} 中，a_1 = 3，公比 q = -2，则 a_5 = ______。
bnu-high-ds-v1-s6-025,S6,upper,multiple-choice,Exam,bnu-high-s6-数列,数列,选择性必修 第二册,数列,pass,none,high,stage-b,pass,pass,pass,pass,pass,11,,,,存储答案11与独立解一致，解析正确，选项唯一。,11,11,pass,none,11,pass,pass,pass,,,已知数列 {a_n} 的前 n 项和 S_n = n^2 + 2n，则 a_5 的值为（ ）
bnu-high-ds-v1-s6-026,S6,upper,short-answer,Core,bnu-high-s6-数列,数列,选择性必修 第二册,数列,pass,none,high,stage-b,pass,pass,pass,pass,not_applicable,假设 n=k 时成立，即 1^2+...+k^2 = k(k+1)(2k+1)/6。则 n=k+1 时，左边 = k(k+1)(2k+1)/6 + (k+1)^2 = (k+1)[k(2k+1)+6(k+1)]/6 = (k+1)(2k^2+7k+6)/6 = (k+1)(k+2)(2k+3)/6，右边 = (k+1)((k+1)+1)(2(k+1)+1)/6 = (k+1)(k+2)(2k+3)/6，等式成立。,,,,存储答案与独立解推导一致，解析完整。,假设 n=k 时成立，则 n=k+1 时，左边 = 1^2+...+k^2+(k+1)^2 = k(k+1)(2k+1)/6 + (k+1)^2 = (k+1)[k(2k+1)+6(k+1)]/6 = (k+1)(2k^2+7k+6)/6 = (k+1)(k+2)(2k+3)/6 = (k+1)[(k+1)+1][2(k+1)+1]/6，右边形式一致，得证。,假设 n=k 时成立，则 n=k+1 时，左边 = 1^2+...+k^2+(k+1)^2 = k(k+1)(2k+1)/6 + (k+1)^2 = (k+1)[k(2k+1)+6(k+1)]/6 = (k+1)(2k^2+7k+6)/6 = (k+1)(k+2)(2k+3)/6 = (k+1)[(k+1)+1][2(k+1)+1]/6，右边形式一致，得证。,pass,none,假设 n=k 时成立，即 1^2+...+k^2 = k(k+1)(2k+1)/6。则 n=k+1 时，左边 = k(k+1)(2k+1)/6 + (k+1)^2 = (k+1)[k(2k+1)+6(k+1)]/6 = (k+1)(2k^2+7k+6)/6 = (k+1)(k+2)(2k+3)/6，右边 = (k+1)((k+1)+1)(2(k+1)+1)/6 = (k+1)(k+2)(2k+3)/6，等式成立。,pass,pass,not_applicable,,,用数学归纳法证明：1^2 + 2^2 + ... + n^2 = n(n+1)(2n+1)/6。请写出第二步中从 k 到 k+1 的推导过程。
bnu-high-ds-v1-s6-027,S6,upper,fill-in,Challenge,bnu-high-s6-数列,数列,选择性必修 第二册,数列,pass,none,high,stage-b,pass,pass,pass,pass,not_applicable,a_n = 3^n - 2^n,,,,存储答案a_n=3^n-2^n与独立解一致，解析正确。,a_n = 3^n - 2^n,a_n = 3^n - 2^n | a_n=3^n-2^n,pass,none,a_n = 3^n - 2^n,pass,pass,not_applicable,,,已知数列 {a_n} 满足 a_1 = 1，a_{n+1} = 2a_n + 3^n，求 a_n 的通项公式。
bnu-high-ds-v1-s6-028,S6,upper,multiple-choice,Foundation,bnu-high-s6-数列,数列,选择性必修 第二册,数列,pass,none,high,stage-b,pass,pass,pass,pass,pass,"2, 2, 2, 2, ...",,,,存储答案与独立解一致，解析正确，选项唯一。,"2, 2, 2, 2, ...","2, 2, 2, 2, ...",pass,none,"2, 2, 2, 2, ...",pass,pass,pass,,,下列数列中，既是等差数列又是等比数列的是（ ）
bnu-high-ds-v1-s6-029,S6,upper,short-answer,Exam,bnu-high-s6-数列,数列,选择性必修 第二册,数列,pass,none,high,stage-b,pass,pass,pass,pass,not_applicable,"a_1 = 1, d = 2",,,,"存储答案a_1=1,d=2与独立解一致，解析正确。","a_1 = 1, d = 2","a_1 = 1, d = 2 | a_1=1,d=2 | a1=1,d=2",pass,none,"a_1 = 1, d = 2",pass,pass,not_applicable,,,已知等差数列 {a_n} 的前 n 项和为 S_n，且 S_5 = 25，S_10 = 100，求 a_1 和公差 d。
bnu-high-ds-v1-s6-030,S6,upper,fill-in,Core,bnu-high-s6-数列,数列,选择性必修 第二册,数列,pass,none,high,stage-b,pass,pass,pass,pass,not_applicable,2 或 -3,,,,存储答案2或-3与独立解一致，解析正确。,2 或 -3,2 或 -3 | 2或-3 | q=2或q=-3,pass,none,2 或 -3,pass,pass,not_applicable,,,已知等比数列 {a_n} 的前 n 项和为 S_n，若 a_1 = 2，S_3 = 14，则公比 q = ______。
bnu-high-ds-v1-s6-031,S6,upper,multiple-choice,Challenge,bnu-high-s6-数列,数列,选择性必修 第二册,数列,pass,none,high,stage-c,pass,pass,pass,pass,pass,2,,,,题目可解，由递推构造辅助数列 b_n = a_n + 3^n 得 b_{n+1} = 2b_n，公比为 2，选项唯一，答案与解析一致，无数学错误，符合教材要求。,2,2,pass,blocker,2,fail,fail,pass,,none,已知数列 {a_n} 满足 a_1 = 1，a_{n+1} = 2a_n + 3^n，n ∈ N*。设 b_n = a_n + 3^n，则数列 {b_n} 是等比数列，其公比为（ ）。
bnu-high-ds-v1-s6-032,S6,upper,short-answer,Foundation,bnu-high-s6-数列,数列,选择性必修 第二册,数列,pass,none,high,stage-b,pass,pass,pass,pass,not_applicable,20,,,,存储答案20与独立解一致，解析正确。,20,20,pass,none,20,pass,pass,not_applicable,,,在等差数列 {a_n} 中，已知 a_3 + a_8 = 20，求 a_5 + a_6 的值。
bnu-high-ds-v1-s6-033,S6,upper,fill-in,Exam,bnu-high-s6-数列,数列,选择性必修 第二册,数列,pass,none,high,stage-b,pass,pass,pass,pass,not_applicable,2,,,,存储答案2与独立解一致，解析正确推导出q=2。,2,2,pass,none,2,pass,pass,not_applicable,,,已知等比数列 {a_n} 的前 n 项和为 S_n，且 S_3 = 7，S_6 = 63，则公比 q = ______。
bnu-high-ds-v1-s6-034,S6,upper,multiple-choice,Core,bnu-high-s6-数列,数列,选择性必修 第二册,数列,pass,none,high,stage-b,pass,pass,pass,pass,pass,110,,,,存储答案101与独立解一致，解析正确推导出a_n=n^2+1，a_10=101，选项唯一。,101,101,pass,none,110,pass,pass,pass,,,已知数列 {a_n} 满足 a_1 = 2，a_{n+1} = a_n + 2n + 1，则 a_{10} 的值为（ ）。
bnu-high-ds-v1-s6-035,S6,upper,short-answer,Challenge,bnu-high-s6-数列,数列,选择性必修 第二册,数列,pass,none,high,stage-b,pass,pass,pass,pass,not_applicable,a_n = 2·3^{n-1} - 1,,,,存储答案a_n=2·3^{n-1}-1与独立解一致，解析正确构造等比数列求解。,a_n = 2·3^{n-1} - 1,a_n = 2·3^{n-1} - 1 | a_n = 2 * 3^(n-1) - 1 | a_n = 2×3^{n-1} - 1,pass,none,a_n = 2·3^{n-1} - 1,pass,pass,not_applicable,,,已知数列 {a_n} 满足 a_1 = 1，a_{n+1} = 3a_n + 2，求数列的通项公式。
bnu-high-ds-v1-s6-036,S6,upper,fill-in,Foundation,bnu-high-s6-数列,数列,选择性必修 第二册,数列,pass,none,high,stage-b,pass,pass,pass,pass,not_applicable,2,,,,存储答案2与独立解一致，解析正确由a_4=a_1 q^3解得q=2。,2,2,pass,none,2,pass,pass,not_applicable,,,在等比数列 {a_n} 中，a_1 = 2，a_4 = 16，则公比 q = ______。
bnu-high-ds-v1-s6-037,S6,upper,multiple-choice,Exam,bnu-high-s6-数列,数列,选择性必修 第二册,数列,pass,none,high,stage-b,pass,pass,pass,pass,pass,39,,,,存储答案39与独立解一致，解析用S_7-S_4正确求得39，选项唯一。,39,39,pass,none,39,pass,pass,pass,,,已知数列 {a_n} 的前 n 项和 S_n = n^2 + 2n，则 a_5 + a_6 + a_7 的值为（ ）。
bnu-high-ds-v1-s6-038,S6,upper,short-answer,Core,bnu-high-s6-数列,数列,选择性必修 第二册,数列,pass,none,high,stage-b,pass,pass,pass,pass,not_applicable,21,,,,存储答案21与独立解一致，解析通过求a_1再算和，结果正确。,21,21,pass,none,21,pass,pass,not_applicable,,,已知等差数列 {a_n} 的公差 d = 2，且 a_1 + a_3 + a_5 = 15，求 a_2 + a_4 + a_6 的值。
bnu-high-ds-v1-s6-039,S6,upper,fill-in,Challenge,bnu-high-s6-数列,数列,选择性必修 第二册,数列,pass,none,high,stage-b,pass,pass,pass,pass,not_applicable,2^n - 1,,,,存储答案2^n-1与独立解一致，解析累加求和正确。,2^n - 1,2^n - 1 | 2^n-1,pass,none,2^n - 1,pass,pass,not_applicable,,,已知数列 {a_n} 满足 a_1 = 1，a_{n+1} = a_n + 2^n，则 a_n = ______。
bnu-high-ds-v1-s6-040,S6,upper,multiple-choice,Foundation,bnu-high-s6-数列,数列,选择性必修 第二册,数列,pass,none,high,stage-b,pass,pass,pass,pass,pass,3,,,,存储答案3与独立解一致，解析由a_5=a_2+3d解得d=3，选项唯一。,3,3,pass,none,3,pass,pass,pass,,,已知等差数列 {a_n} 中，a_2 = 5，a_5 = 14，则公差 d 的值为（ ）。
bnu-high-ds-v1-s6-041,S6,upper,short-answer,Exam,bnu-high-s6-数列,数列,选择性必修 第二册,数列,pass,none,high,stage-b,pass,pass,pass,pass,not_applicable,(1) 证明略；(2) a_n = 4·3^{n-1} - 2；(3) S_n = 2·3^n - 2n - 2,,,,存储答案与独立解一致，解析正确且完整。,"(1) 证明：由 a_{n+1} = 3a_n + 4 得 a_{n+1} + 2 = 3(a_n + 2)，又 a_1 + 2 = 4 ≠ 0，故 {a_n + 2} 是以 4 为首项、3 为公比的等比数列。\n(2) a_n = 4·3^{n-1} - 2\n(3) S_n = 2·3^n - 2n - 2","(1) 证明：由 a_{n+1} = 3a_n + 4 得 a_{n+1} + 2 = 3(a_n + 2)，又 a_1 + 2 = 4 ≠ 0，故 {a_n + 2} 是以 4 为首项、3 为公比的等比数列。\n(2) a_n = 4·3^{n-1} - 2\n(3) S_n = 2·3^n - 2n - 2",pass,none,(1) 证明略；(2) a_n = 4·3^{n-1} - 2；(3) S_n = 2·3^n - 2n - 2,pass,pass,not_applicable,,,"已知数列 {a_n} 满足 a_1 = 2，且对任意正整数 n，有 a_{n+1} = 3a_n + 4。\n(1) 求证：数列 {a_n + 2} 是等比数列；\n(2) 求数列 {a_n} 的通项公式；\n(3) 求数列 {a_n} 的前 n 项和 S_n。"
bnu-high-ds-v1-s6-042,S6,upper,fill-in,Core,bnu-high-s6-数列,数列,选择性必修 第二册,数列,fail,blocker,high,stage-c,fail,pass,fail,fail,not_applicable,,,math_error|unsolvable|explanation_contradiction,,题目条件矛盾：由等差数列性质 a3+a7=2a5=20 得 a5=10，与已知 a5=12 冲突，无法求解公差 d。解析自行修改条件，答案无效。,2,2,pass,none,2,fail,fail,not_applicable,1,blocker,在等差数列 {a_n} 中，已知 a_3 + a_7 = 20，a_5 = 12，则公差 d = ______。
bnu-high-ds-v1-s6-043,S6,upper,multiple-choice,Challenge,bnu-high-s6-数列,数列,选择性必修 第二册,数列,pass,none,high,stage-b,pass,pass,pass,pass,pass,C,,,,答案与独立解一致，解析正确，选项唯一。,C. 3,C. 3,pass,none,C,pass,pass,pass,,,"已知等比数列 {a_n} 的各项均为正数，且 3a_1, (1/2)a_3, 2a_2 成等差数列，则数列 {a_n} 的公比为（ ）"
bnu-high-ds-v1-s6-044,S6,upper,short-answer,Foundation,bnu-high-s6-数列,数列,选择性必修 第二册,数列,pass,none,high,stage-b,pass,pass,pass,pass,not_applicable,(1) a_1=3；(2) a_n=2n+1；(3) 是等差数列，理由：a_{n+1}-a_n=2为常数。,,,,存储答案与独立解一致，解析正确。,"(1) a_1 = 3\n(2) a_n = 2n + 1\n(3) 是等差数列，理由：a_{n+1} - a_n = 2 为常数。","(1) a_1 = 3\n(2) a_n = 2n + 1\n(3) 是等差数列，理由：a_{n+1} - a_n = 2 为常数。",pass,none,(1) a_1=3；(2) a_n=2n+1；(3) 是等差数列，理由：a_{n+1}-a_n=2为常数。,pass,pass,not_applicable,,,"已知数列 {a_n} 的前 n 项和 S_n = n^2 + 2n。\n(1) 求 a_1 的值；\n(2) 求数列 {a_n} 的通项公式；\n(3) 判断数列 {a_n} 是否为等差数列，并说明理由。"
bnu-high-ds-v1-s6-045,S6,upper,fill-in,Exam,bnu-high-s6-数列,数列,选择性必修 第二册,数列,pass,none,high,stage-b,pass,pass,pass,pass,not_applicable,100,,,,答案与独立解一致，解析正确。,100,100,pass,none,100,pass,pass,not_applicable,,,已知数列 {a_n} 满足 a_1 = 1，a_{n+1} = a_n + 2n + 1，则 a_{10} = ______。
bnu-high-ds-v1-s6-046,S6,upper,multiple-choice,Core,bnu-high-s6-数列,数列,选择性必修 第二册,数列,pass,none,high,stage-b,pass,pass,pass,pass,pass,A,,,,答案与独立解一致，解析正确，选项唯一。,A. 6,A. 6,pass,none,A,pass,pass,pass,,,设等差数列 {a_n} 的前 n 项和为 S_n，若 a_1 = -11，a_4 + a_6 = -6，则当 S_n 取最小值时，n 的值为（ ）
bnu-high-ds-v1-s6-047,S6,upper,short-answer,Challenge,bnu-high-s6-数列,数列,选择性必修 第二册,数列,pass,none,high,stage-b,pass,pass,pass,pass,not_applicable,(1) 证明略；(2) a_n = 2^{n-1},,,,存储答案与独立解一致，解析正确。,"(1) 证明：由递推式得 a_{n+2} - 2a_{n+1} = 3(a_{n+1} - 2a_n)，又 a_2 - 2a_1 = 0，故 {a_{n+1} - 2a_n} 是首项为0、公比为3的等比数列，即恒为0。\n(2) 由 a_{n+1} - 2a_n = 0 得 a_{n+1} = 2a_n，又 a_1=1，故 a_n = 2^{n-1}。","(1) 证明：由递推式得 a_{n+2} - 2a_{n+1} = 3(a_{n+1} - 2a_n)，又 a_2 - 2a_1 = 0，故 {a_{n+1} - 2a_n} 是首项为0、公比为3的等比数列，即恒为0。\n(2) 由 a_{n+1} - 2a_n = 0 得 a_{n+1} = 2a_n，又 a_1=1，故 a_n = 2^{n-1}。",pass,none,(1) 证明略；(2) a_n = 2^{n-1},pass,pass,not_applicable,,,"已知数列 {a_n} 满足 a_1 = 1，a_2 = 2，且 a_{n+2} = 5a_{n+1} - 6a_n (n ∈ N*)。\n(1) 求证：数列 {a_{n+1} - 2a_n} 是等比数列；\n(2) 求数列 {a_n} 的通项公式。"
bnu-high-ds-v1-s6-048,S6,upper,fill-in,Foundation,bnu-high-s6-数列,数列,选择性必修 第二册,数列,pass,none,high,stage-b,pass,pass,pass,pass,not_applicable,48,,,,答案与独立解一致，解析正确。,48,48,pass,none,48,pass,pass,not_applicable,,,在等比数列 {a_n} 中，a_1 = 3，公比 q = 2，则 a_5 = ______。
bnu-high-ds-v1-s6-049,S6,upper,multiple-choice,Exam,bnu-high-s6-数列,数列,选择性必修 第二册,数列,pass,none,high,stage-b,pass,pass,pass,pass,pass,C,,,,存储答案C与独立解一致，解析正确推导出a_n=2^{n-1}并求和得(4^n-1)/3，无矛盾。,C. (4^n - 1)/3,C. (4^n - 1)/3,pass,none,C,pass,pass,pass,,,已知数列 {a_n} 的前 n 项和 S_n = 2^n - 1，则 a_1^2 + a_2^2 + ... + a_n^2 等于（ ）
bnu-high-ds-v1-s6-050,S6,upper,short-answer,Core,bnu-high-s6-数列,数列,选择性必修 第二册,数列,pass,none,high,stage-b,pass,pass,pass,pass,not_applicable,(1) a_1 = d; (2) 13/16,,,,"存储答案(1) a_1=d, (2) 13/16与独立解一致，解析过程正确，无问题。","(1) a_1 = d\n(2) 13/16","(1) a_1 = d\n(2) 13/16",pass,none,(1) a_1 = d; (2) 13/16,pass,pass,not_applicable,,,"已知等差数列 {a_n} 的公差 d ≠ 0，且 a_1, a_3, a_9 成等比数列。\n(1) 求 a_1 与 d 的关系；\n(2) 求 (a_1 + a_3 + a_9) / (a_2 + a_4 + a_{10}) 的值。"
bnu-high-ds-v1-s6-051,S6,upper,fill-in,Challenge,bnu-high-s6-数列,数列,选择性必修 第二册,数列,fail,blocker,high,stage-c,pass,pass,fail,fail,not_applicable,b_n = 3 - 2·(2/3)^{n-1},b_n = 3 - 2·(2/3)^{n-1},math_error|answer_mismatch|explanation_contradiction,,题目可解，符合BNU数列章节范围。独立求解得b_n=3-2·(2/3)^{n-1}，而存储答案b_n=n错误，解析推导过程有误且自相矛盾，导致答案不匹配。,b_n = n,b_n = n | b_n=n,pass,none,b_n = n,fail,fail,not_applicable,b_n = 3 - 2·(2/3)^{n-1},blocker,已知数列 {a_n} 满足 a_1 = 1，且对任意正整数 n，有 a_{n+1} = 2a_n + 3^n。记 b_n = a_n / 3^{n-1}。求数列 {b_n} 的通项公式。
bnu-high-ds-v1-s6-052,S6,upper,multiple-choice,Foundation,bnu-high-s6-数列,数列,选择性必修 第二册,数列,fail,blocker,high,stage-c,pass,pass,fail,fail,pass,2,2,math_error|explanation_contradiction,,题目可解，独立求解得 a₁=2。存储答案 3 错误，解析中方程组求解错误导致 a₁=3，与正确解矛盾。选项唯一，但答案不匹配，需修正为 2。,3,3,pass,none,2,fail,fail,pass,2,blocker,已知等差数列 {a_n} 的前 n 项和为 S_n，且 S_4 = 20，S_8 = 72。则 a_1 的值为（ ）
bnu-high-ds-v1-s6-053,S6,upper,short-answer,Exam,bnu-high-s6-数列,数列,选择性必修 第二册,数列,fail,blocker,high,stage-c,pass,pass,fail,fail,not_applicable,a_n = 2,a_n = 2,math_error|answer_mismatch|explanation_contradiction,,由递推得 a_{n+1}-1=(a_n-1)^2，令 b_n=a_n-1，则 b_{n+1}=b_n^2，b_1=1，故 b_n=1，a_n=2。存储答案 a_n=1+2^{2^{n-1}} 错误，解析自相矛盾。,a_n = 1 + 2^{2^{n-1}},a_n = 1 + 2^{2^{n-1}} | a_n=1+2^{2^{n-1}},pass,none,a_n = 2^{2^{n-1}} + 1,fail,fail,not_applicable,a_n = 2,blocker,已知数列 {a_n} 满足 a_1 = 2，a_{n+1} = a_n^2 - 2a_n + 2。求证：对任意正整数 n，有 a_n > 1，且数列 {a_n - 1} 是等比数列，并求 a_n 的通项公式。
bnu-high-ds-v1-s6-054,S6,upper,fill-in,Core,bnu-high-s6-数列,数列,选择性必修 第二册,数列,pass,none,high,stage-b,pass,pass,pass,pass,not_applicable,3(1-4^n)/(1-4) = 4^n - 1,,,,存储答案3(1-4^n)/(1-4)与独立解4^n-1等价，解析正确，无问题。,3(1-4^n)/(1-4),3(1-4^n)/(1-4) | 3(1-4^n)/(-3) | 4^n - 1,pass,none,3(1-4^n)/(1-4) = 4^n - 1,pass,pass,not_applicable,,,在等比数列 {a_n} 中，a_1 = 3，公比 q = -2。则 a_1 + a_3 + a_5 + ... + a_{2n-1} = ______。
bnu-high-ds-v1-s6-055,S6,upper,multiple-choice,Challenge,bnu-high-s6-数列,数列,选择性必修 第二册,数列,pass,none,high,stage-b,pass,pass,pass,pass,pass,3,,,,存储答案3与独立解一致，解析推导正确，公比为3。,3,3,pass,none,3,pass,pass,pass,,,已知数列 {a_n} 满足 a_1 = 1，a_{n+1} = 3a_n + 2^n。若 b_n = a_n + 2^n，则数列 {b_n} 是等比数列，其公比为（ ）
bnu-high-ds-v1-s6-056,S6,upper,short-answer,Foundation,bnu-high-s6-数列,数列,选择性必修 第二册,数列,pass,none,high,stage-b,pass,pass,pass,pass,not_applicable,a_n = 2n + 1,,,,存储答案a_n=2n+1与独立解一致，解析正确，无问题。,a_n = 2n + 1,a_n = 2n + 1 | a_n=2n+1,pass,none,a_n = 2n + 1,pass,pass,not_applicable,,,已知等差数列 {a_n} 的前 n 项和为 S_n，且 a_3 = 7，S_6 = 48。求 a_n 的通项公式。
bnu-high-ds-v1-s6-057,S6,upper,fill-in,Exam,bnu-high-s6-数列,数列,选择性必修 第二册,数列,fail,blocker,high,stage-c,pass,pass,fail,fail,not_applicable,a_n = 6·2^{n-1} - 3n - 2,a_n = 6·2^{n-1} - 3n - 2,math_error|answer_mismatch|explanation_contradiction,,递推关系可解，正确通项为 a_n = 6·2^{n-1} - 3n - 2，存储答案 5·2^{n-1} - 3n - 2 错误，且解析推导出 6·2^{n-1} 却给出矛盾答案，属于严重数学错误。,a_n = 5·2^{n-1} - 3n - 2,a_n = 5·2^{n-1} - 3n - 2 | a_n=5·2^{n-1}-3n-2,pass,none,a_n = 5 * 2^{n-1} - 3n - 2,fail,fail,not_applicable,a_n = 6·2^{n-1} - 3n - 2,blocker,已知数列 {a_n} 满足 a_1 = 1，a_{n+1} = 2a_n + 3n - 1。求 a_n 的通项公式。
bnu-high-ds-v1-s6-058,S6,upper,multiple-choice,Core,bnu-high-s6-数列,数列,选择性必修 第二册,数列,pass,none,high,stage-b,pass,pass,pass,pass,pass,10,,,,答案 10 正确，解析利用等比性质和对数运算无误。,10,10,pass,none,10,pass,pass,pass,,,已知等比数列 {a_n} 的各项均为正数，且 a_5·a_6 = 9，则 log_3 a_1 + log_3 a_2 + ... + log_3 a_{10} 的值为（ ）
bnu-high-ds-v1-s6-059,S6,upper,short-answer,Challenge,bnu-high-s6-数列,数列,选择性必修 第二册,数列,pass,none,high,stage-b,pass,pass,pass,pass,not_applicable,"a_n = 2 - 1/n, lim_{n→∞} a_n = 2",,,,通项 a_n = 2 - 1/n 及极限 2 均正确，解析裂项累加无误。,a_n = 2 - 1/n，极限为2,a_n = 2 - 1/n，极限为2 | a_n=2-1/n，极限为2,pass,none,"a_n = 2 - 1/n, lim_{n→∞} a_n = 2",pass,pass,not_applicable,,,已知数列 {a_n} 满足 a_1 = 1，a_{n+1} = a_n + 1/(n^2 + n)。求 a_n 的通项公式，并求 lim_{n→∞} a_n。
bnu-high-ds-v1-s6-060,S6,upper,fill-in,Foundation,bnu-high-s6-数列,数列,选择性必修 第二册,数列,fail,blocker,high,stage-c,pass,pass,fail,fail,not_applicable,39,39,math_error|answer_mismatch|explanation_contradiction,,由 S_n = n^2 + 2n 得 a_n = 2n+1，a_5+a_6+a_7 = 11+13+15 = 39，或 S_7 - S_4 = 63 - 24 = 39。存储答案 45 错误，解析中计算得 39 却给出 45，自相矛盾。,45,45,pass,none,45,fail,fail,not_applicable,39,blocker,已知数列 {a_n} 的前 n 项和 S_n = n^2 + 2n，则 a_5 + a_6 + a_7 = ______。
bnu-high-ds-v1-s6-061,S6,upper,multiple-choice,Exam,bnu-high-s6-数列,数列,选择性必修 第二册,数列,pass,none,high,stage-b,pass,pass,pass,pass,pass,5×(2^10 - 1),,,,答案 5×(2^10 - 1) 正确，解析构造等比数列并求和无误。,5×(2^10 - 1),5×(2^10 - 1),pass,none,5×(2^10 - 1),pass,pass,pass,,,已知数列 {a_n} 满足 a_1 = 2，且对任意正整数 n，有 a_{n+1} = 2a_n + 3。设 b_n = a_n + 3，则数列 {b_n} 的前 10 项和为（ ）。
bnu-high-ds-v1-s6-062,S6,upper,short-answer,Core,bnu-high-s6-数列,数列,选择性必修 第二册,数列,pass,none,high,stage-b,pass,pass,pass,pass,not_applicable,a_n = 2n + 2,,,,通项 a_n = 2n + 2 正确，解析解方程组无误。,a_n = 2n + 2,a_n = 2n + 2,pass,none,a_n = 2n + 2,pass,pass,not_applicable,,,在等差数列 {a_n} 中，已知 a_3 + a_7 = 20，a_5 = 12。求该数列的通项公式。
bnu-high-ds-v1-s6-063,S6,upper,fill-in,Challenge,bnu-high-s6-数列,数列,选择性必修 第二册,数列,pass,none,high,stage-b,pass,pass,pass,pass,not_applicable,400,,,,a_20 = 400 正确，解析累加得 a_n = n^2 无误。,400,400,pass,none,400,pass,pass,not_applicable,,,数列 {a_n} 满足 a_1 = 1，a_{n+1} = a_n + 2n + 1（n ∈ N*）。则 a_{20} = ______。
bnu-high-ds-v1-s6-064,S6,upper,multiple-choice,Foundation,bnu-high-s6-数列,数列,选择性必修 第二册,数列,pass,none,high,stage-b,pass,pass,pass,pass,pass,24,,,,答案 24 正确，解析由各项为正得 q=2 并计算 a_4 无误。,24,24,pass,none,24,pass,pass,pass,,,在等比数列 {a_n} 中，a_1 = 3，公比 q 满足 q^2 = 4，且各项均为正数。则 a_4 的值为（ ）。
bnu-high-ds-v1-s6-065,S6,upper,short-answer,Exam,bnu-high-s6-数列,数列,选择性必修 第二册,数列,fail,blocker,high,stage-c,pass,pass,fail,fail,not_applicable,39,39,math_error|answer_mismatch|explanation_contradiction,,题目可解，符合教材范围。独立求解得 a_5+a_6+a_7 = S_7 - S_4 = 63 - 24 = 39。存储答案 45 错误，且解析中计算过程得出 39，与存储答案矛盾。,45,45,pass,none,45,fail,fail,not_applicable,39,blocker,已知数列 {a_n} 的前 n 项和 S_n = n^2 + 2n。求 a_5 + a_6 + a_7 的值。
bnu-high-ds-v1-s6-066,S6,upper,fill-in,Core,bnu-high-s6-数列,数列,选择性必修 第二册,数列,pass,none,high,stage-b,pass,pass,pass,pass,not_applicable,2,,,,存储答案2与独立解一致，解析正确。,2,2,pass,none,2,pass,pass,not_applicable,,,已知等差数列 {a_n} 的前 n 项和为 S_n，且 S_5 = 30，S_10 = 110。则公差 d = ______。
bnu-high-ds-v1-s6-067,S6,upper,multiple-choice,Challenge,bnu-high-s6-数列,数列,选择性必修 第二册,数列,fail,blocker,high,stage-c,pass,pass,fail,fail,pass,b_n = (3/2)^n - 1,b_n = (3/2)^n - 1,answer_mismatch|explanation_contradiction,,题目可解，独立求解得 b_n = (3/2)^n - 1，对应选项B。但存储答案错误为 b_n = (3/2)^{n-1}，与正确选项不符；解析虽推导正确却指向错误答案，构成答案不匹配和解释矛盾。,b_n = (3/2)^{n-1},b_n = (3/2)^{n-1},pass,none,b_n = (3/2)^{n-1} + 1,fail,fail,fail,b_n = (3/2)^n - 1,blocker,数列 {a_n} 满足 a_1 = 1，a_{n+1} = 3a_n + 2^n。设 b_n = a_n / 2^n，则数列 {b_n} 的通项公式为（ ）。
bnu-high-ds-v1-s6-068,S6,upper,short-answer,Foundation,bnu-high-s6-数列,数列,选择性必修 第二册,数列,fail,blocker,high,stage-c,pass,pass,fail,fail,not_applicable,146,146,math_error|answer_mismatch|explanation_contradiction,,题目可解，独立计算得 a_10=146。存储答案为155，与正确结果146不符，且解析中明确算出146，存在答案错误和解析矛盾，属于严重问题。,155,155,pass,none,155,fail,fail,not_applicable,146,blocker,已知数列 {a_n} 满足 a_1 = 2，a_{n+1} = a_n + 3n + 1。求 a_10 的值。
bnu-high-ds-v1-s6-069,S6,upper,fill-in,Exam,bnu-high-s6-数列,数列,选择性必修 第二册,数列,pass,none,high,stage-b,pass,pass,pass,pass,not_applicable,2,,,,存储答案2与独立解一致，解析正确。,2,2,pass,none,2,pass,pass,not_applicable,,,设等比数列 {a_n} 的前 n 项和为 S_n，已知 S_3 = 7，S_6 = 63，则公比 q = ______。
bnu-high-ds-v1-s6-070,S6,upper,multiple-choice,Core,bnu-high-s6-数列,数列,选择性必修 第二册,数列,pass,none,high,stage-b,pass,pass,pass,pass,pass,12,,,,存储答案12与独立解一致，解析正确，选项唯一。,12,12,pass,none,12,pass,pass,pass,,,在等差数列 {a_n} 中，a_1 = 5，前 n 项和为 S_n。若 S_9 = S_15，则使得 S_n 最大的 n 的值为（ ）。
bnu-high-ds-v1-s6-071,S6,upper,short-answer,Challenge,bnu-high-s6-数列,数列,选择性必修 第二册,数列,pass,none,high,stage-b,pass,pass,pass,pass,not_applicable,(1) b_n = 4·3^{n-1}；(2) S_n = 2·3^n - 2n - 2,,,,存储答案与独立解一致，解析正确。,"(1) 证明：由 b_n = a_n + 2，得 b_{n+1} = a_{n+1} + 2 = (3a_n + 4) + 2 = 3(a_n + 2) = 3b_n，又 b_1 = a_1 + 2 = 4，所以 {b_n} 是首项为 4，公比为 3 的等比数列，通项公式为 b_n = 4·3^{n-1}。\n(2) 由 b_n = a_n + 2 得 a_n = b_n - 2 = 4·3^{n-1} - 2，所以 S_n = (4·3^0 - 2) + (4·3^1 - 2) + ... + (4·3^{n-1} - 2) = 4(1 + 3 + 3^2 + ... + 3^{n-1}) - 2n = 4·(3^n - 1)/(3 - 1) - 2n = 2·3^n - 2 - 2n。","(1) 证明：由 b_n = a_n + 2，得 b_{n+1} = a_{n+1} + 2 = (3a_n + 4) + 2 = 3(a_n + 2) = 3b_n，又 b_1 = a_1 + 2 = 4，所以 {b_n} 是首项为 4，公比为 3 的等比数列，通项公式为 b_n = 4·3^{n-1}。\n(2) 由 b_n = a_n + 2 得 a_n = b_n - 2 = 4·3^{n-1} - 2，所以 S_n = (4·3^0 - 2) + (4·3^1 - 2) + ... + (4·3^{n-1} - 2) = 4(1 + 3 + 3^2 + ... + 3^{n-1}) - 2n = 4·(3^n - 1)/(3 - 1) - 2n = 2·3^n - 2 - 2n。",pass,none,(1) b_n = 4·3^{n-1}；(2) S_n = 2·3^n - 2n - 2,pass,pass,not_applicable,,,"已知数列 {a_n} 满足 a_1 = 2，且对任意正整数 n，有 a_{n+1} = 3a_n + 4。设 b_n = a_n + 2。\n(1) 证明：数列 {b_n} 是等比数列，并求其通项公式；\n(2) 求数列 {a_n} 的前 n 项和 S_n。"
bnu-high-ds-v1-s6-072,S6,upper,fill-in,Foundation,bnu-high-s6-数列,数列,选择性必修 第二册,数列,pass,none,high,stage-b,pass,pass,pass,pass,not_applicable,10,,,,存储答案10与独立解一致，解析正确。,10,10,pass,none,10,pass,pass,not_applicable,,,在等差数列 {a_n} 中，已知 a_3 + a_7 = 20，则 a_5 = ______。
bnu-high-ds-v1-s6-073,S6,upper,multiple-choice,Exam,bnu-high-s6-数列,数列,选择性必修 第二册,数列,fail,blocker,high,stage-c,fail,pass,fail,fail,fail,27,,math_error|answer_mismatch|bad_options|explanation_contradiction,,由 S_n = n^2+2n 得 a_n=2n+1，a_3+a_4+a_5=7+9+11=27，但选项无27，存储答案25错误，解析自相矛盾，题目无正确选项，不可解。,25,25,pass,none,25,fail,fail,fail,,blocker,已知数列 {a_n} 的前 n 项和 S_n = n^2 + 2n，则 a_3 + a_4 + a_5 的值为（ ）
bnu-high-ds-v1-s6-074,S6,upper,short-answer,Core,bnu-high-s6-数列,数列,选择性必修 第二册,数列,pass,none,high,stage-b,pass,pass,pass,pass,not_applicable,(1) a_n = 2 * 2^{n-1} = 2^n; (2) T_n = n(n+1)/2,,,,存储答案与 Stage A 独立解一致，解析正确。,"(1) 设公比为 q > 0，由 a_1 + a_2 = a_1(1+q) = 6，a_3 + a_4 = a_1 q^2 (1+q) = 24，两式相除得 q^2 = 4，故 q = 2，代入得 a_1 = 2，所以 a_n = 2^n。\n(2) b_n = log_2 2^n = n，所以 T_n = 1 + 2 + ... + n = n(n+1)/2。","(1) 设公比为 q > 0，由 a_1 + a_2 = a_1(1+q) = 6，a_3 + a_4 = a_1 q^2 (1+q) = 24，两式相除得 q^2 = 4，故 q = 2，代入得 a_1 = 2，所以 a_n = 2^n。\n(2) b_n = log_2 2^n = n，所以 T_n = 1 + 2 + ... + n = n(n+1)/2。",pass,none,(1) a_n = 2 * 2^{n-1} = 2^n; (2) T_n = n(n+1)/2,pass,pass,not_applicable,,,"已知等比数列 {a_n} 的各项均为正数，且 a_1 + a_2 = 6，a_3 + a_4 = 24。\n(1) 求数列 {a_n} 的通项公式；\n(2) 设 b_n = log_2 a_n，求数列 {b_n} 的前 n 项和 T_n。"
bnu-high-ds-v1-s6-075,S6,upper,fill-in,Challenge,bnu-high-s6-数列,数列,选择性必修 第二册,数列,pass,none,high,stage-b,pass,pass,pass,pass,not_applicable,n^2,,,,存储答案 n^2 与 Stage A 独立解一致，解析正确。,n^2,n^2 | n的平方,pass,none,n^2,pass,pass,not_applicable,,,已知数列 {a_n} 满足 a_1 = 1，a_{n+1} = a_n + 2n + 1，则 a_n = ______。
bnu-high-ds-v1-s6-076,S6,upper,multiple-choice,Foundation,bnu-high-s6-数列,数列,选择性必修 第二册,数列,fail,blocker,high,stage-c,pass,pass,fail,fail,pass,21/16,21/16,math_error|answer_mismatch|explanation_contradiction,,等比数列求和计算得 S6 = 21/16，选项 A 为 21/16，但存储答案和解析均错误给出 21/32，解析自身计算过程也得出 21/16，存在严重矛盾。,21/32,21/32,pass,none,21/32,fail,fail,pass,21/16,blocker,在等比数列 {a_n} 中，a_1 = 2，公比 q = -1/2，则 a_1 + a_2 + ... + a_6 的值为（ ）
bnu-high-ds-v1-s6-077,S6,upper,short-answer,Exam,bnu-high-s6-数列,数列,选择性必修 第二册,数列,pass,none,high,stage-b,pass,pass,pass,pass,not_applicable,(1) 证明略；(2) a_n = 3^n - 2^n,,,,存储答案与 Stage A 独立解一致，解析正确。,"(1) 证明：令 b_n = a_n - 3^n，则 b_{n+1} = a_{n+1} - 3^{n+1} = (2a_n + 3^n) - 3·3^n = 2a_n - 2·3^n = 2(a_n - 3^n) = 2b_n，又 b_1 = a_1 - 3 = -2，所以 {b_n} 是首项为 -2，公比为 2 的等比数列。\n(2) 由 (1) 得 b_n = -2·2^{n-1} = -2^n，所以 a_n = b_n + 3^n = 3^n - 2^n。","(1) 证明：令 b_n = a_n - 3^n，则 b_{n+1} = a_{n+1} - 3^{n+1} = (2a_n + 3^n) - 3·3^n = 2a_n - 2·3^n = 2(a_n - 3^n) = 2b_n，又 b_1 = a_1 - 3 = -2，所以 {b_n} 是首项为 -2，公比为 2 的等比数列。\n(2) 由 (1) 得 b_n = -2·2^{n-1} = -2^n，所以 a_n = b_n + 3^n = 3^n - 2^n。",pass,none,(1) 证明略；(2) a_n = 3^n - 2^n,pass,pass,not_applicable,,,"已知数列 {a_n} 满足 a_1 = 1，a_{n+1} = 2a_n + 3^n。\n(1) 求证：数列 {a_n - 3^n} 是等比数列；\n(2) 求数列 {a_n} 的通项公式。"
bnu-high-ds-v1-s6-078,S6,upper,fill-in,Core,bnu-high-s6-数列,数列,选择性必修 第二册,数列,pass,none,high,stage-b,pass,pass,pass,pass,not_applicable,3,,,,存储答案 3 与 Stage A 独立解一致，解析正确。,3,3,pass,none,3,pass,pass,not_applicable,,,已知等差数列 {a_n} 的前 n 项和为 S_n，若 a_1 = 2，S_3 = 15，则公差 d = ______。
bnu-high-ds-v1-s6-079,S6,upper,multiple-choice,Challenge,bnu-high-s6-数列,数列,选择性必修 第二册,数列,fail,blocker,high,stage-c,pass,pass,fail,fail,pass,a_100 < 20,a_100 < 20,math_error|answer_mismatch|explanation_contradiction,,题目可解，符合BNU数列章节。独立求解得a_100 < 20，但存储答案为a_100 > 20，解析中估计a_100 < 20却给出>20，自相矛盾，属严重错误。,a_100 > 20,a_100 > 20,pass,none,a_100 > 20,fail,fail,pass,a_100 < 20,blocker,已知数列 {a_n} 满足 a_1 = 1，a_{n+1} = a_n + 1/a_n，则下列结论正确的是（ ）
bnu-high-ds-v1-s6-080,S6,upper,short-answer,Foundation,bnu-high-s6-数列,数列,选择性必修 第二册,数列,pass,none,high,stage-b,pass,pass,pass,pass,not_applicable,21,,,,存储答案 21 与 Stage A 独立解一致，解析正确。,21,21,pass,none,21,pass,pass,not_applicable,,,已知数列 {a_n} 的前 n 项和 S_n = 2^n - 1，求 a_1 + a_3 + a_5 的值。
bnu-high-ds-v1-s6-081,S6,upper,fill-in,Exam,bnu-high-s6-数列,数列,选择性必修 第二册,数列,fail,blocker,high,stage-c,pass,pass,fail,fail,not_applicable,146,146,math_error|answer_mismatch|explanation_contradiction,,递推关系累加得 a_n = (3n^2 - n + 2)/2，代入 n=10 得 146。存储答案 137 错误，与解析自身推导的 146 矛盾，属于严重数学错误。,137,137,pass,none,146,fail,fail,not_applicable,146,blocker,已知数列 {a_n} 满足 a_1 = 2，a_{n+1} = a_n + 3n + 1 (n ∈ N*)。求 a_{10} 的值。
bnu-high-ds-v1-s6-082,S6,upper,multiple-choice,Core,bnu-high-s6-数列,数列,选择性必修 第二册,数列,pass,none,high,stage-b,pass,pass,pass,pass,pass,2 或 -3,,,,存储答案、解析与Stage A独立解一致，均为2或-3，选项C正确，唯一性满足。,2 或 -3,2 或 -3,pass,none,2 或 -3,pass,pass,pass,,,已知等比数列 {a_n} 的前 n 项和为 S_n，且 a_1 = 2，S_3 = 14。则公比 q 的值为？
bnu-high-ds-v1-s6-083,S6,upper,short-answer,Challenge,bnu-high-s6-数列,数列,选择性必修 第二册,数列,pass,none,high,stage-b,pass,pass,pass,pass,not_applicable,(1) 证明见解析；(2) a_n = 3^n - 2^n,,,,存储答案、解析与Stage A独立解一致，均为a_n = 3^n - 2^n，证明过程正确。,(1) 证明见解析；(2) a_n = 3^n - 2^n,(1) 证明见解析；(2) a_n = 3^n - 2^n,pass,none,(1) 证明见解析；(2) a_n = 3^n - 2^n,pass,pass,not_applicable,,,已知数列 {a_n} 满足 a_1 = 1，a_{n+1} = 2a_n + 3^n (n ∈ N*)。(1) 求证：数列 {a_n - 3^n} 是等比数列；(2) 求数列 {a_n} 的通项公式。
bnu-high-ds-v1-s6-084,S6,upper,fill-in,Foundation,bnu-high-s6-数列,数列,选择性必修 第二册,数列,pass,none,high,stage-b,pass,pass,pass,pass,not_applicable,2,,,,存储答案、解析与Stage A独立解一致，公差d=2。,2,2,pass,none,2,pass,pass,not_applicable,,,在等差数列 {a_n} 中，a_3 = 7，a_7 = 15。则公差 d = ______。
bnu-high-ds-v1-s6-085,S6,upper,multiple-choice,Exam,bnu-high-s6-数列,数列,选择性必修 第二册,数列,pass,none,high,stage-b,pass,pass,pass,pass,pass,11,,,,存储答案、解析与Stage A独立解一致，a_5=11，选项A正确。,11,11,pass,none,11,pass,pass,pass,,,已知数列 {a_n} 的前 n 项和 S_n = n^2 + 2n，则 a_5 的值为？
bnu-high-ds-v1-s6-086,S6,upper,short-answer,Core,bnu-high-s6-数列,数列,选择性必修 第二册,数列,pass,none,high,stage-b,pass,pass,pass,pass,not_applicable,a_n = 2n + 1,,,,存储答案、解析与Stage A独立解一致，通项公式a_n=2n+1。,a_n = 2n + 1,a_n = 2n + 1,pass,none,a_n = 2n + 1,pass,pass,not_applicable,,,已知等差数列 {a_n} 的前 n 项和为 S_n，且 a_1 = 3，S_5 = 35。求该数列的通项公式。
bnu-high-ds-v1-s6-087,S6,upper,fill-in,Challenge,bnu-high-s6-数列,数列,选择性必修 第二册,数列,pass,none,high,stage-b,pass,pass,pass,pass,not_applicable,1/19,,,,存储答案、解析与Stage A独立解一致，a_10=1/19。,1/19,1/19,pass,none,1/19,pass,pass,not_applicable,,,已知数列 {a_n} 满足 a_1 = 1，a_{n+1} = a_n / (2a_n + 1) (n ∈ N*)。则 a_{10} = ______。
bnu-high-ds-v1-s6-088,S6,upper,multiple-choice,Foundation,bnu-high-s6-数列,数列,选择性必修 第二册,数列,pass,none,high,stage-b,pass,pass,pass,pass,pass,该数列是等差数列,,,,存储答案、解析与Stage A独立解一致，该数列是等差数列，选项B正确。,该数列是等差数列,该数列是等差数列,pass,none,该数列是等差数列,pass,pass,pass,,,已知数列 {a_n} 的通项公式为 a_n = 2n - 1，则下列结论正确的是？
bnu-high-ds-v1-s6-089,S6,upper,short-answer,Exam,bnu-high-s6-数列,数列,选择性必修 第二册,数列,fail,blocker,high,stage-c,pass,pass,fail,fail,not_applicable,(1) 证明略；(2) S_n = (3^{n+1} - 2n - 3)/2,(1) 证明见解析；(2) S_n = (3^{n+1} - 2n - 3)/2,math_error|answer_mismatch|explanation_contradiction,,递推式 a_{n+1}=3a_n+2 构造等比数列 {a_n+1}，得 a_n=2·3^{n-1}-1，求和 S_n=3^{n+1}-2n-3 除以 2。存储答案 (3^n-1)-n 错误，解析中求和公式误用导致结果矛盾，必须修正。,(1) 证明见解析；(2) S_n = (3^n - 1) - n,(1) 证明见解析；(2) S_n = (3^n - 1) - n,pass,none,(1) 证明略；(2) S_n = (3^{n+1} - 2n - 3)/2,fail,fail,not_applicable,(1) 证明见解析；(2) S_n = (3^{n+1} - 2n - 3)/2,blocker,已知数列 {a_n} 满足 a_1 = 1，a_{n+1} = 3a_n + 2 (n ∈ N*)。(1) 求证：数列 {a_n + 1} 是等比数列；(2) 求数列 {a_n} 的前 n 项和 S_n。
bnu-high-ds-v1-s6-090,S6,upper,fill-in,Core,bnu-high-s6-数列,数列,选择性必修 第二册,数列,pass,none,high,stage-b,pass,pass,pass,pass,not_applicable,2,,,,答案 q=2 与独立解一致，解析正确。,2,2,pass,none,2,pass,pass,not_applicable,,,在等比数列 {a_n} 中，a_1 = 3，a_4 = 24，则公比 q = ______。
bnu-high-ds-v1-s6-091,S6,upper,multiple-choice,Challenge,bnu-high-s6-数列,数列,选择性必修 第二册,数列,fail,blocker,high,stage-c,fail,pass,fail,fail,fail,1,1,math_error|answer_mismatch|ambiguous_mc|bad_options|explanation_contradiction,,"题目递推式 a_{n+1}=2a_n+3n-1，设 b_n=a_n+pn+q 为公比2的等比数列，解得 p=3, q=-2，p+q=1。但选项为0,1,2,3，1在选项中，而存储答案2错误，解析中计算混乱且最终修改了题目条件，导致选项无正确值。题目本身可解且答案唯一为1，但存储答案与解析均错误，且解析存在矛盾，判定为严重错误。",2,2,pass,none,1,fail,fail,fail,1,blocker,已知数列 {a_n} 满足 a_1 = 2，且对任意正整数 n，有 a_{n+1} = 2a_n + 3n - 1。设 b_n = a_n + pn + q，若 {b_n} 是公比为 2 的等比数列，则 p + q 的值为（ ）
bnu-high-ds-v1-s6-092,S6,upper,short-answer,Foundation,bnu-high-s6-数列,数列,选择性必修 第二册,数列,pass,none,high,stage-b,pass,pass,pass,pass,not_applicable,"a_1 = 2, d = 2",,,,"答案 a1=2, d=2 与独立解一致，解析正确。","a_1 = 2, d = 2","a_1 = 2, d = 2 | a1=2, d=2 | 首项为2，公差为2",pass,none,"a_1 = 2, d = 2",pass,pass,not_applicable,,,在等差数列 {a_n} 中，已知 a_3 + a_7 = 20，a_5 + a_9 = 28。求该数列的首项 a_1 和公差 d。
bnu-high-ds-v1-s6-093,S6,upper,fill-in,Exam,bnu-high-s6-数列,数列,选择性必修 第二册,数列,fail,blocker,high,stage-c,fail,pass,fail,fail,not_applicable,2,,ambiguous_mc|missing_condition|explanation_contradiction,,题目条件“公比 q 为整数”导致 q=2 和 q=-3 均满足，答案不唯一。解析承认 q=-3 也成立，但最终答案仅给出 2，存在矛盾。需补充条件（如 q 为正整数）以确保唯一解。,2,2,pass,none,2,pass,pass,not_applicable,,blocker,已知等比数列 {a_n} 的前 n 项和为 S_n，且 a_1 = 3，S_3 = 21。若公比 q 为整数，则 q = ______。
bnu-high-ds-v1-s6-094,S6,upper,multiple-choice,Core,bnu-high-s6-数列,数列,选择性必修 第二册,数列,pass,none,high,stage-b,pass,pass,pass,pass,pass,100,,,,答案 100 与独立解一致，解析正确，选项唯一。,100,100,pass,none,100,pass,pass,pass,,,已知数列 {a_n} 满足 a_1 = 1，a_{n+1} = a_n + 2n + 1（n ∈ N*）。则 a_{10} 的值为（ ）
bnu-high-ds-v1-s6-095,S6,upper,short-answer,Challenge,bnu-high-s6-数列,数列,选择性必修 第二册,数列,fail,blocker,high,stage-c,pass,pass,fail,fail,not_applicable,a_n = 2^n - 3^{n-1},a_n = 2^n - 3^{n-1},math_error|answer_mismatch|explanation_contradiction,,题目可解，正确通项为 a_n = 2^n - 3^{n-1}。存储答案 a_n = 3^{n-1} + 2^{n-1} 错误，且解析中构造方法错误，导致结果矛盾，必须修正。,a_n = 3^{n-1} + 2^{n-1},a_n = 3^{n-1} + 2^{n-1} | an = 3^(n-1) + 2^(n-1),pass,none,a_n = 3^n - 2^n,fail,fail,not_applicable,a_n = 2^n - 3^{n-1},blocker,已知数列 {a_n} 满足 a_1 = 1，a_{n+1} = 3a_n + 2^n（n ∈ N*）。求数列 {a_n} 的通项公式。
bnu-high-ds-v1-s6-096,S6,upper,fill-in,Foundation,bnu-high-s6-数列,数列,选择性必修 第二册,数列,fail,blocker,high,stage-c,pass,pass,fail,fail,not_applicable,24,24,math_error|answer_mismatch|explanation_contradiction,,题目可解，正确结果为24。存储答案15错误，解析中计算S6-S4得24，但最终答案写为15，自相矛盾。,15,15,pass,none,24,fail,fail,not_applicable,24,blocker,已知数列 {a_n} 的前 n 项和 S_n = n^2 + 2n，则 a_5 + a_6 = ______。
bnu-high-ds-v1-s6-097,S6,upper,multiple-choice,Exam,bnu-high-s6-数列,数列,选择性必修 第二册,数列,pass,none,high,stage-b,pass,pass,pass,pass,pass,B,,,,存储答案与独立解一致，均为B选项(k+1)(k+2)，解析正确。,(k+1)(k+2),(k+1)(k+2),pass,none,B,pass,pass,pass,,,用数学归纳法证明：1·2 + 2·3 + 3·4 + ... + n(n+1) = (1/3)n(n+1)(n+2)（n ∈ N*）。在第二步中，假设 n = k 时等式成立，则当 n = k+1 时，左边应增加的项是（ ）
bnu-high-ds-v1-s6-098,S6,upper,short-answer,Core,bnu-high-s6-数列,数列,选择性必修 第二册,数列,pass,none,high,stage-b,pass,pass,pass,pass,not_applicable,10,,,,存储答案10与独立解一致，解析利用等比性质正确。,10,10,pass,none,10,pass,pass,not_applicable,,,已知等比数列 {a_n} 的各项均为正数，且 a_5a_6 = 9，求 log_3 a_1 + log_3 a_2 + ... + log_3 a_{10} 的值。
bnu-high-ds-v1-s6-099,S6,upper,fill-in,Challenge,bnu-high-s6-数列,数列,选择性必修 第二册,数列,fail,blocker,high,stage-c,pass,pass,fail,fail,not_applicable,b_n = 1,b_n = 1,math_error|answer_mismatch|explanation_contradiction|missing_condition,,题目条件a1=2，递推得b1=1且b_{n+1}=b_n^2，故b_n恒为1。存储答案b_n=2^{2^{n-1}}错误，解析中承认b1=1时恒为1却强行修改a1=3，与题目矛盾，属数学错误和条件缺失。,b_n = 2^{2^{n-1}},b_n = 2^{2^{n-1}} | bn = 2^(2^(n-1)),pass,none,b_n = 1,fail,fail,not_applicable,b_n = 1,blocker,已知数列 {a_n} 满足 a_1 = 2，a_{n+1} = a_n^2 - 2a_n + 2（n ∈ N*）。记 b_n = a_n - 1，则数列 {b_n} 的通项公式为 b_n = ______。
bnu-high-ds-v1-s6-100,S6,upper,multiple-choice,Foundation,bnu-high-s6-数列,数列,选择性必修 第二册,数列,pass,none,high,stage-b,pass,pass,pass,pass,pass,B,,,,存储答案13与独立解一致，解析正确推导出S13最大。,13,13,pass,none,B,pass,pass,pass,,,已知等差数列 {a_n} 的前 n 项和为 S_n，若 a_1 = 2023，且 S_9 = S_{17}，则使得 S_n 最大的 n 的值为（ ）
bnu-high-ds-v1-s6-101,S6,upper,short-answer,Exam,bnu-high-s6-数列,数列,选择性必修 第二册,数列,pass,none,high,stage-b,pass,pass,pass,pass,not_applicable,(1) 证明略；(2) a_n = 3^n - 2^{n-1}；(3) S_n = (3^{n+1} - 3)/2 - (2^n - 1),,,,存储答案与独立解一致，解析正确。,(1) 证明略；(2) a_n = 3^n - 2^{n-1}；(3) S_n = (3^{n+1} - 3)/2 - (2^n - 1),(1) 证明略；(2) a_n = 3^n - 2^{n-1}；(3) S_n = (3^{n+1} - 3)/2 - (2^n - 1),pass,none,(1) 证明略；(2) a_n = 3^n - 2^{n-1}；(3) S_n = (3^{n+1} - 3)/2 - (2^n - 1),pass,pass,not_applicable,,,"已知数列 {a_n} 满足 a_1 = 2，且对任意正整数 n，有 a_{n+1} = 2a_n + 3^n。\n(1) 求证：数列 {a_n - 3^n} 是等比数列；\n(2) 求数列 {a_n} 的通项公式；\n(3) 求数列 {a_n} 的前 n 项和 S_n。"
bnu-high-ds-v1-s6-102,S6,upper,fill-in,Core,bnu-high-s6-数列,数列,选择性必修 第二册,数列,fail,blocker,high,stage-c,fail,pass,fail,fail,not_applicable,无解,无解,math_error|unsolvable|explanation_contradiction|answer_mismatch,,由等差数列性质 a3+a7=2a5=20 得 a5=10，与已知 a5=12 矛盾，题目条件冲突无解。存储答案 2 错误，解析承认矛盾但强行修改条件，不可接受。,2,2,pass,none,2,fail,fail,not_applicable,无解或题目条件矛盾,blocker,在等差数列 {a_n} 中，a_3 + a_7 = 20，a_5 = 12，则公差 d = ______。
bnu-high-ds-v1-s6-103,S6,upper,multiple-choice,Challenge,bnu-high-s6-数列,数列,选择性必修 第二册,数列,pass,none,high,stage-b,pass,pass,pass,pass,pass,A,,,,存储答案A与独立解一致，解析正确推导出公差为2的等差数列。,A. {b_n} 是公差为 2 的等差数列,A. {b_n} 是公差为 2 的等差数列,pass,none,A,pass,pass,pass,,,已知数列 {a_n} 满足 a_1 = 1，a_{n+1} = a_n + 2n + 1 (n ∈ N*)。设 b_n = a_n + n^2，则下列结论正确的是（　）
bnu-high-ds-v1-s6-104,S6,upper,short-answer,Foundation,bnu-high-s6-数列,数列,选择性必修 第二册,数列,pass,none,high,stage-b,pass,pass,pass,pass,not_applicable,"q=2, a1=1",,,,"存储答案q=2, a1=1与独立解一致，解析正确。",q = 2，a_1 = 1,q = 2，a_1 = 1,pass,none,"q=2, a1=1",pass,pass,not_applicable,,,已知等比数列 {a_n} 的前 n 项和为 S_n，且 S_3 = 7，S_6 = 63，求公比 q 和首项 a_1。
bnu-high-ds-v1-s6-105,S6,upper,fill-in,Exam,bnu-high-s6-数列,数列,选择性必修 第二册,数列,pass,none,high,stage-b,pass,pass,pass,pass,not_applicable,161,,,,存储答案161与独立解一致，解析正确。,161,161,pass,none,161,pass,pass,not_applicable,,,已知数列 {a_n} 满足 a_1 = 1，a_{n+1} = 3a_n + 2，则 a_5 = ______。
bnu-high-ds-v1-s6-106,S6,upper,multiple-choice,Core,bnu-high-s6-数列,数列,选择性必修 第二册,数列,pass,none,high,stage-b,pass,pass,pass,pass,pass,D,,,,存储答案D.24与独立解一致，解析正确，选项唯一。,D. 24,D. 24,pass,none,D,pass,pass,pass,,,设等差数列 {a_n} 的前 n 项和为 S_n，若 a_1 = 2，S_5 = 30，则 a_3 + a_4 + a_5 =（　）
bnu-high-ds-v1-s6-107,S6,upper,short-answer,Challenge,bnu-high-s6-数列,数列,选择性必修 第二册,数列,pass,none,high,stage-b,pass,pass,pass,pass,not_applicable,"(1) a_2=4, a_3=6, a_4=8; (2) 猜想 a_n=2n，用数学归纳法证明。",,,,存储答案与独立解一致，解析正确。,(1) a_2 = 4，a_3 = 6，a_4 = 8；(2) a_n = 2n，证明略,(1) a_2 = 4，a_3 = 6，a_4 = 8；(2) a_n = 2n，证明略,pass,none,"(1) a_2=4, a_3=6, a_4=8; (2) 猜想 a_n=2n，用数学归纳法证明。",pass,pass,not_applicable,,,"已知数列 {a_n} 满足 a_1 = 2，a_{n+1} = (n+1)a_n / n (n ∈ N*)。\n(1) 求 a_2，a_3，a_4；\n(2) 猜想通项公式 a_n，并用数学归纳法证明。"
bnu-high-ds-v1-s6-108,S6,upper,fill-in,Foundation,bnu-high-s6-数列,数列,选择性必修 第二册,数列,pass,none,high,stage-b,pass,pass,pass,pass,not_applicable,2,,,,存储答案2与独立解一致，解析正确。,2,2,pass,none,2,pass,pass,not_applicable,,,在等比数列 {a_n} 中，a_2 = 4，a_5 = 32，则公比 q = ______。
bnu-high-ds-v1-s6-109,S6,upper,multiple-choice,Exam,bnu-high-s6-数列,数列,选择性必修 第二册,数列,fail,blocker,high,stage-c,pass,pass,fail,fail,pass,A. 27,A. 27,math_error|answer_mismatch|explanation_contradiction,,由 S_n=n^2+2n 得 a_n=2n+1，a_3+a_4+a_5=7+9+11=27，对应选项 A。存储答案 C.33 错误，解析虽算出 27 却选 C，自相矛盾。,C. 33,C. 33,pass,none,B,fail,fail,pass,A. 27,blocker,已知数列 {a_n} 的前 n 项和 S_n = n^2 + 2n，则 a_3 + a_4 + a_5 =（　）
bnu-high-ds-v1-s6-110,S6,upper,short-answer,Core,bnu-high-s6-数列,数列,选择性必修 第二册,数列,pass,none,high,stage-b,pass,pass,pass,pass,not_applicable,13/16,,,,存储答案13/16与独立解一致，解析正确。,13/16,13/16,pass,none,13/16,pass,pass,not_applicable,,,"已知等差数列 {a_n} 的公差 d ≠ 0，且 a_1, a_3, a_9 成等比数列，求 (a_1 + a_3 + a_9) / (a_2 + a_4 + a_{10}) 的值。"
bnu-high-ds-v1-s6-111,S6,upper,fill-in,Challenge,bnu-high-s6-数列,数列,选择性必修 第二册,数列,pass,none,high,stage-b,pass,pass,pass,pass,not_applicable,b_n 是首项为 -1，公比为 2 的等比数列；a_n=3^n-2^{n-1},,,,存储答案a_n=3^n-2^{n-1}与独立解一致，解析正确。,a_n = 3^n - 2^{n-1},a_n = 3^n - 2^{n-1} | a_n = 3^n - 2^(n-1),pass,none,b_n 是首项为 -1，公比为 2 的等比数列；a_n=3^n-2^{n-1},pass,pass,not_applicable,,,已知数列 {a_n} 满足 a_1 = 2，且对任意正整数 n，有 a_{n+1} = 2a_n + 3^n。设 b_n = a_n - 3^n，证明数列 {b_n} 是等比数列，并求 a_n 的通项公式。
bnu-high-ds-v1-s6-112,S6,upper,multiple-choice,Foundation,bnu-high-s6-数列,数列,选择性必修 第二册,数列,fail,blocker,high,stage-c,fail,pass,fail,fail,not_checkable,,,missing_condition|unsolvable|math_error,,题目条件矛盾：由等差数列性质得 a_3+a_7=2a_5=20，故 a_5=10，与已知 a_5=12 冲突，题目不可解。存储答案 4 无效。,4,4,pass,none,2,fail,fail,not_checkable,,blocker,在等差数列 {a_n} 中，已知 a_3 + a_7 = 20，a_5 = 12，则 a_1 等于（ ）。
bnu-high-ds-v1-s6-113,S6,upper,short-answer,Exam,bnu-high-s6-数列,数列,选择性必修 第二册,数列,pass,none,high,stage-b,pass,pass,pass,pass,not_applicable,a_n = 2n + 1，是等差数列,,,,存储答案与独立解一致，解析正确且完整。,a_n = 2n + 1，是等差数列,a_n = 2n + 1，是等差数列 | a_n=2n+1，是等差数列,pass,none,a_n = 2n + 1，是等差数列,pass,pass,not_applicable,,,已知数列 {a_n} 的前 n 项和为 S_n = n^2 + 2n。求 a_n 的通项公式，并判断该数列是否为等差数列。
bnu-high-ds-v1-s6-114,S6,upper,fill-in,Core,bnu-high-s6-数列,数列,选择性必修 第二册,数列,pass,none,high,stage-b,pass,pass,pass,pass,not_applicable,-24,,,,存储答案与独立解一致，解析正确。,-24,-24,pass,none,-24,pass,pass,not_applicable,,,在等比数列 {a_n} 中，a_1 = 3，公比 q = -2，则 a_4 的值为______。
bnu-high-ds-v1-s6-115,S6,upper,multiple-choice,Challenge,bnu-high-s6-数列,数列,选择性必修 第二册,数列,pass,none,high,stage-b,pass,pass,pass,pass,pass,100,,,,存储答案与独立解一致，解析正确，选项唯一。,100,100,pass,none,100,pass,pass,pass,,,已知数列 {a_n} 满足 a_1 = 1，a_{n+1} = a_n + 2n + 1，则 a_{10} 的值为（ ）。
bnu-high-ds-v1-s6-116,S6,upper,short-answer,Foundation,bnu-high-s6-数列,数列,选择性必修 第二册,数列,pass,none,high,stage-b,pass,pass,pass,pass,not_applicable,a_n = 2·3^{n-1} - 1,,,,存储答案与独立解一致，解析正确。,a_n = 2·3^{n-1} - 1,a_n = 2·3^{n-1} - 1 | a_n = 2*3^(n-1) - 1,pass,none,a_n = 2·3^{n-1} - 1,pass,pass,not_applicable,,,已知数列 {a_n} 满足 a_1 = 1，a_{n+1} = 3a_n + 2，求 a_n 的通项公式。
bnu-high-ds-v1-s6-117,S6,upper,fill-in,Exam,bnu-high-s6-数列,数列,选择性必修 第二册,数列,pass,none,high,stage-b,pass,pass,pass,pass,not_applicable,2,,,,存储答案与独立解一致，解析正确。,2,2,pass,none,2,pass,pass,not_applicable,,,已知等差数列 {a_n} 的前 n 项和为 S_n，且 S_5 = 25，S_10 = 100，则公差 d = ______。
bnu-high-ds-v1-s6-118,S6,upper,multiple-choice,Core,bnu-high-s6-数列,数列,选择性必修 第二册,数列,pass,none,high,stage-b,pass,pass,pass,pass,pass,2^{n+1} + n(n+1)/2 - 2,,,,存储答案与独立解一致，解析正确，选项唯一。,2^{n+1} + n(n+1)/2 - 2,2^{n+1} + n(n+1)/2 - 2,pass,none,2^{n+1} + n(n+1)/2 - 2,pass,pass,pass,,,已知数列 {a_n} 的通项公式为 a_n = 2^n + n，则其前 n 项和 S_n 等于（ ）。
bnu-high-ds-v1-s6-119,S6,upper,short-answer,Challenge,bnu-high-s6-数列,数列,选择性必修 第二册,数列,pass,none,high,stage-b,pass,pass,pass,pass,not_applicable,a_n = 1/(2n - 1),,,,存储答案与独立解一致，解析正确。,a_n = 1/(2n - 1),a_n = 1/(2n - 1) | a_n = 1/(2n-1),pass,none,a_n = 1/(2n - 1),pass,pass,not_applicable,,,已知数列 {a_n} 满足 a_1 = 1，a_{n+1} = a_n / (2a_n + 1)，求 a_n 的通项公式。
bnu-high-ds-v1-s6-120,S6,upper,fill-in,Foundation,bnu-high-s6-数列,数列,选择性必修 第二册,数列,pass,none,high,stage-b,pass,pass,pass,pass,not_applicable,2 或 -3,,,,存储答案与独立解一致，解析正确。,2 或 -3,2 或 -3 | 2或-3,pass,none,2 或 -3,pass,pass,not_applicable,,,已知等比数列 {a_n} 的前 n 项和为 S_n，若 a_1 = 2，S_3 = 14，则公比 q = ______。
bnu-high-ds-v1-s6-121,S6,upper,multiple-choice,Exam,bnu-high-s6-数列,数列,选择性必修 第二册,数列,pass,none,high,stage-b,pass,pass,pass,pass,pass,B,,,,存储答案与独立解一致，均为选项B；解析正确推导出{b_n}为公比2的等比数列。,{b_n} 是公比为 2 的等比数列,{b_n} 是公比为 2 的等比数列,pass,none,B,pass,pass,pass,,,已知数列 {a_n} 满足 a_1 = 2，a_{n+1} = 2a_n + 3^n，n ∈ N*。设 b_n = a_n - 3^n，则下列结论正确的是
bnu-high-ds-v1-s6-122,S6,upper,short-answer,Core,bnu-high-s6-数列,数列,选择性必修 第二册,数列,pass,none,high,stage-b,pass,pass,pass,pass,not_applicable,0,,,,存储答案0与独立解一致；解析通过公差计算得出S_15=0，过程正确。,0,0,pass,none,0,pass,pass,not_applicable,,,在等差数列 {a_n} 中，a_1 = 5，前 n 项和为 S_n。若 S_5 = S_10，求 S_15 的值。
bnu-high-ds-v1-s6-123,S6,upper,fill-in,Challenge,bnu-high-s6-数列,数列,选择性必修 第二册,数列,pass,none,high,stage-b,pass,pass,pass,pass,not_applicable,n^2,,,,存储答案n^2与独立解一致；解析使用累加法得出a_n=n^2，正确。,n^2,n^2 | n²,pass,none,n^2,pass,pass,not_applicable,,,已知数列 {a_n} 满足 a_1 = 1，a_{n+1} = a_n + 2n + 1，n ∈ N*。则 a_n = ______。
bnu-high-ds-v1-s6-124,S6,upper,multiple-choice,Foundation,bnu-high-s6-数列,数列,选择性必修 第二册,数列,pass,none,high,stage-b,pass,pass,pass,pass,pass,A,,,,存储答案10与独立解一致；解析利用等比性质和对数运算得出10，正确。,10,10,pass,none,A,pass,pass,pass,,,已知等比数列 {a_n} 的各项均为正数，且 a_5 a_6 = 9，则 log_3 a_1 + log_3 a_2 + ... + log_3 a_10 的值为
bnu-high-ds-v1-s6-125,S6,upper,short-answer,Exam,bnu-high-s6-数列,数列,选择性必修 第二册,数列,fail,blocker,high,stage-c,pass,pass,fail,fail,not_applicable,260,260,math_error|answer_mismatch|explanation_contradiction,,题目可解，符合教材范围。独立求解得 T_10 = 260，解析过程正确但最终答案误写为 240，与正确结果矛盾，属于严重错误。,240,240,pass,none,230,fail,fail,not_applicable,260,blocker,已知数列 {a_n} 的前 n 项和 S_n = n^2 + 2n。设 b_n = a_n + a_{n+1}，求数列 {b_n} 的前 10 项和 T_10。
bnu-high-ds-v1-s6-126,S6,upper,fill-in,Core,bnu-high-s6-数列,数列,选择性必修 第二册,数列,pass,none,high,stage-b,pass,pass,pass,pass,not_applicable,3^n - 1,,,,存储答案3^n-1与独立解一致；解析通过构造等比数列得出正确通项。,3^n - 1,3^n - 1 | 3^n-1,pass,none,3^n - 1,pass,pass,not_applicable,,,已知数列 {a_n} 满足 a_1 = 2，a_{n+1} = 3a_n + 2，n ∈ N*。则 a_n = ______。
bnu-high-ds-v1-s6-127,S6,upper,multiple-choice,Challenge,bnu-high-s6-数列,数列,选择性必修 第二册,数列,fail,blocker,high,stage-c,pass,pass,fail,fail,pass,S_100 < 20,S_100 < 20,math_error|answer_mismatch|explanation_contradiction,,题目可解，符合BNU数列章节。独立求解得S_100<20，选项A正确。存储答案S_100>30错误，解析中积分估计有误，导致结论矛盾。选项唯一，无歧义。,S_100 > 30,S_100 > 30,pass,none,A,fail,fail,fail,S_100 < 20,blocker,已知数列 {a_n} 满足 a_1 = 1，a_{n+1} = a_n + 1/a_n，n ∈ N*。记 S_n 为 {a_n} 的前 n 项和，则下列不等式恒成立的是
bnu-high-ds-v1-s6-128,S6,upper,short-answer,Foundation,bnu-high-s6-数列,数列,选择性必修 第二册,数列,pass,none,high,stage-b,pass,pass,pass,pass,not_applicable,13/16,,,,存储答案13/16与独立解一致；解析通过等比条件和等差数列通项得出正确比值。,13/16,13/16,pass,none,13/16,pass,pass,not_applicable,,,"已知等差数列 {a_n} 的公差 d ≠ 0，且 a_1, a_3, a_9 成等比数列。求 (a_1 + a_3 + a_9) / (a_2 + a_4 + a_10) 的值。"
bnu-high-ds-v1-s6-129,S6,upper,fill-in,Exam,bnu-high-s6-数列,数列,选择性必修 第二册,数列,pass,none,high,stage-b,pass,pass,pass,pass,not_applicable,a_n = 3^n - 2^n,,,,存储答案与独立解一致，均为 a_n = 3^n - 2^n，解析正确。,3^n - 2^n,3^n - 2^n | 3^n-2^n,pass,none,a_n = 3^n - 2^n,pass,pass,not_applicable,,,已知数列 {a_n} 满足 a_1 = 1，a_{n+1} = 2a_n + 3^n，n ∈ N*。则 a_n = ______。
bnu-high-ds-v1-s6-130,S6,upper,multiple-choice,Core,bnu-high-s6-数列,数列,选择性必修 第二册,数列,pass,none,high,stage-c,pass,pass,pass,pass,pass,C,,,,由 S_n=2^n-1 得 a_n=2^{n-1}，{a_n} 是等比数列，选项 C 正确且唯一，解析一致，无问题。,a_n = 2^{n-1},a_n = 2^{n-1},pass,none,C,pass,pass,pass,,none,已知数列 {a_n} 的前 n 项和 S_n = 2^n - 1，则下列结论正确的是
bnu-high-ds-v1-s6-131,S6,upper,short-answer,Challenge,bnu-high-s6-数列,数列,选择性必修 第二册,数列,pass,none,high,stage-b,pass,pass,pass,pass,not_applicable,a_n = 3^n - 2^n,,,,存储答案与独立解一致，均为 a_n = 3^n - 2^n，解析正确。,a_n = 3^n - 2^n,a_n = 3^n - 2^n,pass,none,a_n = 3^n - 2^n,pass,pass,not_applicable,,,已知数列 {a_n} 满足 a_1 = 1，a_{n+1} = 2a_n + 3^n，n ∈ N*。求数列 {a_n} 的通项公式。
bnu-high-ds-v1-s6-132,S6,upper,fill-in,Foundation,bnu-high-s6-数列,数列,选择性必修 第二册,数列,fail,blocker,high,stage-c,fail,pass,fail,fail,not_applicable,无解,无解,math_error|unsolvable|explanation_contradiction,self_correction_language,由等差数列性质 a3+a7=2a5=20 得 a5=10，与已知 a5=9 矛盾，题目条件冲突无解。存储答案 d=2 错误，解析承认矛盾但强行修正数据，不可接受。,2,2,pass,none,d = 2,fail,fail,not_applicable,无解或题目条件矛盾,blocker,在等差数列 {a_n} 中，a_3 + a_7 = 20，a_5 = 9，则公差 d = ______。
bnu-high-ds-v1-s6-133,S6,upper,multiple-choice,Exam,bnu-high-s6-数列,数列,选择性必修 第二册,数列,pass,none,high,stage-b,pass,pass,pass,pass,pass,A,,,,存储答案 2 与独立解 A 一致，解析正确，唯一正确选项。,2,2,pass,none,A,pass,pass,pass,,,已知等比数列 {a_n} 的前 n 项和为 S_n，且 S_3 = 7，S_6 = 63，则公比 q 的值为（ ）
bnu-high-ds-v1-s6-134,S6,upper,short-answer,Core,bnu-high-s6-数列,数列,选择性必修 第二册,数列,pass,none,high,stage-b,pass,pass,pass,pass,not_applicable,a_n = n^2 + 1,,,,存储答案与独立解一致，均为 a_n = n^2 + 1，解析正确。,a_n = n^2 + 1,a_n = n^2 + 1,pass,none,a_n = n^2 + 1,pass,pass,not_applicable,,,数列 {a_n} 满足 a_1 = 2，a_{n+1} = a_n + 2n + 1，n ∈ N*。求 a_n。
bnu-high-ds-v1-s6-135,S6,upper,fill-in,Challenge,bnu-high-s6-数列,数列,选择性必修 第二册,数列,pass,none,high,stage-b,pass,pass,pass,pass,not_applicable,3,,,,存储答案 3 与独立解一致，解析正确。,3,3,pass,none,3,pass,pass,not_applicable,,,已知数列 {a_n} 满足 a_1 = 1，a_{n+1} = 3a_n + 2，n ∈ N*。若 b_n = a_n + 1，则数列 {b_n} 是等比数列，其公比为 ______。
bnu-high-ds-v1-s6-136,S6,upper,multiple-choice,Foundation,bnu-high-s6-数列,数列,选择性必修 第二册,数列,pass,none,high,stage-b,pass,pass,pass,pass,pass,B,,,,存储答案 2 与独立解 B 一致，解析正确，唯一正确选项。,2,2,pass,none,B,pass,pass,pass,,,已知等差数列 {a_n} 的前 n 项和为 S_n，若 a_1 = 2，S_5 = 30，则公差 d 等于（ ）
bnu-high-ds-v1-s6-137,S6,upper,short-answer,Exam,bnu-high-s6-数列,数列,选择性必修 第二册,数列,pass,none,high,stage-b,pass,pass,pass,pass,not_applicable,"a_n = 2^n - 1, S_n = 2^{n+1} - n - 2",,,,存储答案与独立解一致，解析正确。,a_n = 2^n - 1，S_n = 2^{n+1} - n - 2,a_n = 2^n - 1，S_n = 2^{n+1} - n - 2,pass,none,"a_n = 2^n - 1, S_n = 2^{n+1} - n - 2",pass,pass,not_applicable,,,已知数列 {a_n} 满足 a_1 = 1，a_{n+1} = 2a_n + 1，n ∈ N*。求数列 {a_n} 的通项公式及前 n 项和 S_n。
bnu-high-ds-v1-s6-138,S6,upper,fill-in,Core,bnu-high-s6-数列,数列,选择性必修 第二册,数列,pass,none,high,stage-b,pass,pass,pass,pass,not_applicable,2,,,,存储答案与独立解一致，解析正确。,2,2,pass,none,2,pass,pass,not_applicable,,,在等比数列 {a_n} 中，a_1 = 3，a_4 = 24，则公比 q = ______。
bnu-high-ds-v1-s6-139,S6,upper,multiple-choice,Challenge,bnu-high-s6-数列,数列,选择性必修 第二册,数列,pass,none,high,stage-c,pass,pass,pass,pass,pass,2^n - 1,,,,递推式 a_{n+1}=a_n+2^n 可通过累加法求解，a_n = 1 + Σ_{k=1}^{n-1} 2^k = 2^n - 1，选项唯一，解析正确，无任何问题。,2^n - 1,2^n - 1,pass,none,2^n - 1,pass,pass,pass,,none,已知数列 {a_n} 满足 a_1 = 1，a_{n+1} = a_n + 2^n，n ∈ N*。则 a_n 等于（ ）
bnu-high-ds-v1-s6-140,S6,upper,short-answer,Foundation,bnu-high-s6-数列,数列,选择性必修 第二册,数列,pass,none,high,stage-b,pass,pass,pass,pass,not_applicable,a_n = 3n - 1,,,,存储答案与独立解一致，解析正确。,a_n = 3n - 1,a_n = 3n - 1,pass,none,a_n = 3n - 1,pass,pass,not_applicable,,,已知等差数列 {a_n} 中，a_2 = 5，a_5 = 14，求 a_n。
bnu-high-ds-v1-s6-141,S6,upper,fill-in,Exam,bnu-high-s6-数列,数列,选择性必修 第二册,数列,fail,blocker,high,stage-c,pass,pass,fail,fail,not_applicable,S_n = 2·3^n - 2n - 2,S_n = 2·3^n - 2n - 2,math_error|answer_mismatch|explanation_contradiction,,题目可解，符合教材范围。独立求解得 S_n = 2·3^n - 2n - 2，但存储答案和接受答案为 (4·3^n - 3n - 4)/2，两者不等价。解析中推导出 S_n = 2·3^n - 2 - 2n 后错误整理为 (4·3^n - 3n - 4)/2，存在数学错误和解释矛盾，必须修正。,S_n = (4 * 3^n - 3n - 4)/2,S_n = (4 * 3^n - 3n - 4)/2 | S_n = (4·3^n - 3n - 4)/2 | S_n = (4×3^n - 3n - 4)/2,pass,none,b_n 是首项 4、公比 3 的等比数列；S_n = 2·3^n - 2n - 2,fail,fail,not_applicable,S_n = 2·3^n - 2n - 2,blocker,已知数列 {a_n} 满足 a_1 = 2，且对任意正整数 n，有 a_{n+1} = 3a_n + 4。设 b_n = a_n + 2，证明数列 {b_n} 是等比数列，并求数列 {a_n} 的前 n 项和 S_n。
bnu-high-ds-v1-s6-142,S6,upper,multiple-choice,Core,bnu-high-s6-数列,数列,选择性必修 第二册,数列,fail,blocker,high,stage-c,pass,pass,fail,fail,pass,19,19,math_error|answer_mismatch|explanation_contradiction,,题目可解，独立解为19，选项C为19，MC唯一。存储答案17错误，解析中方程组矛盾且强行调整数值，与题目条件不符。,17,17,pass,none,19,fail,fail,fail,19,blocker,设等差数列 {a_n} 的前 n 项和为 S_n，已知 a_3 = 7，S_5 = 30，则 a_8 的值为（　）
bnu-high-ds-v1-s6-143,S6,upper,short-answer,Challenge,bnu-high-s6-数列,数列,选择性必修 第二册,数列,pass,none,high,stage-b,pass,pass,pass,pass,not_applicable,a_n = 3^n - 2^n,,,,存储答案与独立解一致，解析正确。,a_n = 3^n - 2^n,a_n = 3^n - 2^n | a_n=3^n-2^n,pass,none,a_n = 3^n - 2^n,pass,pass,not_applicable,,,已知数列 {a_n} 满足 a_1 = 1，a_{n+1} = 2a_n + 3^n，n ∈ N*。求数列 {a_n} 的通项公式。
bnu-high-ds-v1-s6-144,S6,upper,fill-in,Foundation,bnu-high-s6-数列,数列,选择性必修 第二册,数列,pass,none,high,stage-b,pass,pass,pass,pass,not_applicable,48,,,,存储答案与独立解一致，解析正确。,48,48,pass,none,48,pass,pass,not_applicable,,,在等比数列 {a_n} 中，a_1 = 3，公比 q = 2，则 a_5 = ______。
bnu-high-ds-v1-s6-145,S6,upper,multiple-choice,Exam,bnu-high-s6-数列,数列,选择性必修 第二册,数列,fail,blocker,high,stage-c,pass,pass,fail,fail,pass,27,27,math_error|answer_mismatch|explanation_contradiction,,题目可解，符合BNU数列章节。独立求解得a_n=2n+1，a_3+a_4+a_5=27。存储答案33错误，解析中S5-S2=27却强行调整Sn公式得出33，逻辑矛盾。选项唯一，正确答案为27。,33,33,pass,none,27,fail,fail,pass,27,blocker,已知数列 {a_n} 的前 n 项和 S_n = n^2 + 2n，则 a_3 + a_4 + a_5 的值为（　）
bnu-high-ds-v1-s6-146,S6,upper,short-answer,Core,bnu-high-s6-数列,数列,选择性必修 第二册,数列,pass,none,high,stage-b,pass,pass,pass,pass,not_applicable,假设 n=k 时成立，即 1+3+5+...+(2k-1)=k^2。则 n=k+1 时，左边 = [1+3+5+...+(2k-1)] + (2(k+1)-1) = k^2 + (2k+1) = (k+1)^2，右边 = (k+1)^2，等式成立。,,,,存储答案与Stage A独立解一致，均为正确的数学归纳法第二步推导。,假设 n=k 时成立，即 1+3+...+(2k-1)=k^2，则 n=k+1 时，左边=1+3+...+(2k-1)+[2(k+1)-1]=k^2+2k+1=(k+1)^2，等式成立。,假设 n=k 时成立，即 1+3+...+(2k-1)=k^2，则 n=k+1 时，左边=1+3+...+(2k-1)+[2(k+1)-1]=k^2+2k+1=(k+1)^2，等式成立。,pass,none,假设 n=k 时成立，即 1+3+5+...+(2k-1)=k^2。则 n=k+1 时，左边 = [1+3+5+...+(2k-1)] + (2(k+1)-1) = k^2 + (2k+1) = (k+1)^2，右边 = (k+1)^2，等式成立。,pass,pass,not_applicable,,,用数学归纳法证明：1 + 3 + 5 + ... + (2n - 1) = n^2 (n ∈ N*)。请写出第二步中从 k 到 k+1 的推导过程。
bnu-high-ds-v1-s6-147,S6,upper,fill-in,Challenge,bnu-high-s6-数列,数列,选择性必修 第二册,数列,pass,none,high,stage-b,pass,pass,pass,pass,not_applicable,n^2,,,,存储答案n^2与Stage A独立解一致，解析中累加过程正确。,n^2,n^2,pass,none,n^2,pass,pass,not_applicable,,,已知数列 {a_n} 满足 a_1 = 1，a_{n+1} = a_n + 2n + 1，则 a_n = ______。
bnu-high-ds-v1-s6-148,S6,upper,multiple-choice,Foundation,bnu-high-s6-数列,数列,选择性必修 第二册,数列,pass,none,high,stage-b,pass,pass,pass,pass,pass,"1, 1, 1, 1, ...",,,,"存储答案与Stage A独立解一致，均为非零常数列1,1,1,...，解析正确指出D不是等比数列。","1, 1, 1, 1, ...","1, 1, 1, 1, ...",pass,none,"1, 1, 1, 1, ...",pass,pass,pass,,,下列数列中，既是等差数列又是等比数列的是（　）
bnu-high-ds-v1-s6-149,S6,upper,short-answer,Exam,bnu-high-s6-数列,数列,选择性必修 第二册,数列,pass,none,high,stage-b,pass,pass,pass,pass,not_applicable,13/16,,,,存储答案13/16与Stage A独立解一致，解析推导正确。,13/16,13/16,pass,none,13/16,pass,pass,not_applicable,,,"已知等差数列 {a_n} 的公差 d ≠ 0，且 a_1, a_3, a_9 成等比数列，求 (a_1 + a_3 + a_9) / (a_2 + a_4 + a_{10}) 的值。"
bnu-high-ds-v1-s6-150,S6,upper,fill-in,Core,bnu-high-s6-数列,数列,选择性必修 第二册,数列,pass,none,high,stage-b,pass,pass,pass,pass,not_applicable,2,,,,存储答案2与Stage A独立解一致，解析推导正确。,2,2,pass,none,2,pass,pass,not_applicable,,,已知等比数列 {a_n} 的前 n 项和为 S_n，若 S_3 = 7，S_6 = 63，则公比 q = ______。
bnu-high-ds-v1-s6-151,S6,upper,multiple-choice,Challenge,bnu-high-s6-数列,数列,选择性必修 第二册,数列,pass,none,high,stage-b,pass,pass,pass,pass,pass,{b_n} 是公比为 2 的等比数列,,,,存储答案与Stage A独立解一致，均为{b_n}是公比为2的等比数列，解析推导正确。,{b_n} 是公比为 2 的等比数列,{b_n} 是公比为 2 的等比数列,pass,none,{b_n} 是公比为 2 的等比数列,pass,pass,pass,,,已知数列 {a_n} 满足 a_1 = 2，且对任意正整数 n，有 a_{n+1} = 2a_n + 3^n。设 b_n = a_n - 3^n。下列结论正确的是：
bnu-high-ds-v1-s6-152,S6,upper,short-answer,Foundation,bnu-high-s6-数列,数列,选择性必修 第二册,数列,pass,none,high,stage-b,pass,pass,pass,pass,not_applicable,20,,,,存储答案20与Stage A独立解一致，解析利用等差数列性质正确。,20,20,pass,none,20,pass,pass,not_applicable,,,在等差数列 {a_n} 中，已知 a_3 + a_8 = 20，求 a_5 + a_6 的值。
bnu-high-ds-v1-s6-153,S6,upper,fill-in,Exam,bnu-high-s6-数列,数列,选择性必修 第二册,数列,pass,none,high,stage-b,pass,pass,pass,pass,not_applicable,3 或 -4,,,,存储答案与独立解一致，均为3或-4，解析正确。,3 或 -4,3 或 -4 | 3或-4,pass,none,3 或 -4,pass,pass,not_applicable,,,已知等比数列 {a_n} 的前 n 项和为 S_n，且 a_1 = 2，S_3 = 26，则公比 q = ______。
bnu-high-ds-v1-s6-154,S6,upper,multiple-choice,Core,bnu-high-s6-数列,数列,选择性必修 第二册,数列,pass,none,high,stage-b,pass,pass,pass,pass,pass,11,,,,存储答案11与独立解一致，解析正确，唯一选项。,11,11,pass,none,11,pass,pass,pass,,,已知数列 {a_n} 的前 n 项和 S_n = n^2 + 2n，则 a_5 的值为：
bnu-high-ds-v1-s6-155,S6,upper,short-answer,Challenge,bnu-high-s6-数列,数列,选择性必修 第二册,数列,pass,none,high,stage-b,pass,pass,pass,pass,not_applicable,a_n = n^2,,,,存储答案a_n = n^2与独立解一致，解析正确。,a_n = n^2,a_n = n^2 | n^2,pass,none,a_n = n^2,pass,pass,not_applicable,,,已知数列 {a_n} 满足 a_1 = 1，a_{n+1} = a_n + 2n + 1。求数列 {a_n} 的通项公式。
bnu-high-ds-v1-s6-156,S6,upper,fill-in,Foundation,bnu-high-s6-数列,数列,选择性必修 第二册,数列,pass,none,high,stage-b,pass,pass,pass,pass,not_applicable,17,,,,存储答案17与独立解一致，解析正确。,17,17,pass,none,17,pass,pass,not_applicable,,,在数列 {a_n} 中，a_1 = 1，a_{n+1} = 3a_n + 2，则 a_3 = ______。
bnu-high-ds-v1-s6-157,S6,upper,multiple-choice,Exam,bnu-high-s6-数列,数列,选择性必修 第二册,数列,pass,none,high,stage-b,pass,pass,pass,pass,pass,13/16,,,,存储答案13/16与独立解一致，解析正确，唯一选项。,13/16,13/16,pass,none,13/16,pass,pass,pass,,,"已知等差数列 {a_n} 的公差 d ≠ 0，且 a_1, a_3, a_9 成等比数列，则 (a_1 + a_3 + a_9) / (a_2 + a_4 + a_{10}) 的值为："
bnu-high-ds-v1-s6-158,S6,upper,short-answer,Core,bnu-high-s6-数列,数列,选择性必修 第二册,数列,pass,none,high,stage-b,pass,pass,pass,pass,not_applicable,10,,,,存储答案10与独立解一致，解析正确。,10,10,pass,none,10,pass,pass,not_applicable,,,已知等比数列 {a_n} 的各项均为正数，且 a_5·a_6 = 9，求 log_3 a_1 + log_3 a_2 + ... + log_3 a_{10} 的值。
bnu-high-ds-v1-s6-159,S6,upper,fill-in,Challenge,bnu-high-s6-数列,数列,选择性必修 第二册,数列,pass,none,high,stage-b,pass,pass,pass,pass,not_applicable,a_n = (3^n + 1)/2,,,,存储答案a_n = (3^n + 1)/2与独立解一致，解析正确。,a_n = (3^n + 1)/2,a_n = (3^n + 1)/2 | (3^n + 1)/2,pass,none,a_n = (3^n + 1)/2,pass,pass,not_applicable,,,已知数列 {a_n} 满足 a_1 = 2，且 a_{n+1} = a_n + 3^n，则 a_n = ______。
bnu-high-ds-v1-s6-160,S6,upper,multiple-choice,Foundation,bnu-high-s6-数列,数列,选择性必修 第二册,数列,pass,none,high,stage-b,pass,pass,pass,pass,pass,{a_n} 是公差为 2 的等差数列,,,,存储答案与独立解一致，解析正确，唯一选项。,{a_n} 是公差为 2 的等差数列,{a_n} 是公差为 2 的等差数列,pass,none,{a_n} 是公差为 2 的等差数列,pass,pass,pass,,,已知数列 {a_n} 的通项公式为 a_n = 2n - 1，则下列判断正确的是：
bnu-high-ds-v1-s6-161,S6,upper,short-answer,Exam,bnu-high-s6-数列,数列,选择性必修 第二册,数列,fail,blocker,high,stage-c,pass,pass,fail,fail,not_applicable,"(1) 证明：由 a_{n+1}=3a_n+4，得 a_{n+1}+2=3(a_n+2)，又 a_1+2=4≠0，故 {a_n+2} 是以4为首项、3为公比的等比数列。\n(2) a_n=4·3^{n-1}-2。\n(3) b_n=log_3(4·3^{n-1})=log_3 4 + n-1，S_n=n log_3 4 + n(n-1)/2。","(1) 证明：由 a_{n+1}=3a_n+4，得 a_{n+1}+2=3(a_n+2)，又 a_1+2=4≠0，故 {a_n+2} 是以4为首项、3为公比的等比数列。\n(2) a_n=4·3^{n-1}-2。\n(3) b_n=log_3(4·3^{n-1})=log_3 4 + n-1，S_n=n log_3 4 + n(n-1)/2。",math_error|answer_mismatch|explanation_contradiction,,存储答案第(3)问错误：b_n=log_3(4·3^{n-1})=log_3 4 + n-1，S_n应为n log_3 4 + n(n-1)/2，而非(n^2+3n)/2。解析虽正确但答案矛盾，需修正。,"(1) 证明：由 a_{n+1} = 3a_n + 4 得 a_{n+1} + 2 = 3(a_n + 2)，又 a_1 + 2 = 4 ≠ 0，故 {a_n + 2} 是首项为 4，公比为 3 的等比数列。\n(2) a_n = 4·3^{n-1} - 2。\n(3) S_n = 2n + n(n-1)/2·log_3 3 = 2n + n(n-1)/2 = (n^2 + 3n)/2。","(1) 证明：由 a_{n+1} = 3a_n + 4 得 a_{n+1} + 2 = 3(a_n + 2)，又 a_1 + 2 = 4 ≠ 0，故 {a_n + 2} 是首项为 4，公比为 3 的等比数列。\n(2) a_n = 4·3^{n-1} - 2。\n(3) S_n = 2n + n(n-1)/2·log_3 3 = 2n + n(n-1)/2 = (n^2 + 3n)/2。",pass,none,"(1) 证明：由 a_{n+1}=3a_n+4，得 a_{n+1}+2=3(a_n+2)，又 a_1+2=4≠0，故 {a_n+2} 是以4为首项、3为公比的等比数列。\n(2) a_n=4·3^{n-1}-2。\n(3) b_n=log_3(4·3^{n-1})=log_3 4 + n-1，S_n=n log_3 4 + n(n-1)/2。",fail,fail,not_applicable,"(1) 证明：由 a_{n+1}=3a_n+4，得 a_{n+1}+2=3(a_n+2)，又 a_1+2=4≠0，故 {a_n+2} 是以4为首项、3为公比的等比数列。\n(2) a_n=4·3^{n-1}-2。\n(3) b_n=log_3(4·3^{n-1})=log_3 4 + n-1，S_n=n log_3 4 + n(n-1)/2。",blocker,"已知数列 {a_n} 满足 a_1 = 2，且对任意正整数 n，有 a_{n+1} = 3a_n + 4。\n(1) 求证：数列 {a_n + 2} 是等比数列；\n(2) 求数列 {a_n} 的通项公式；\n(3) 设 b_n = log_3 (a_n + 2)，求数列 {b_n} 的前 n 项和 S_n。"
bnu-high-ds-v1-s6-162,S6,upper,fill-in,Core,bnu-high-s6-数列,数列,选择性必修 第二册,数列,fail,blocker,high,stage-c,fail,pass,fail,fail,not_applicable,,题目条件矛盾，无解,unsolvable|missing_condition|math_error|explanation_contradiction,,由等差数列性质 a_3+a_7=2a_5=20 得 a_5=10，与已知 a_5=12 矛盾，题目条件自相矛盾，无法求解公差 d。存储答案 2 错误，解析试图调整题目但未指出矛盾。,2,2,pass,none,2,fail,fail,not_applicable,题目条件矛盾，无解,blocker,在等差数列 {a_n} 中，已知 a_3 + a_7 = 20，a_5 = 12，则其公差 d = ______。
bnu-high-ds-v1-s6-163,S6,upper,multiple-choice,Challenge,bnu-high-s6-数列,数列,选择性必修 第二册,数列,pass,none,high,stage-b,pass,pass,pass,pass,pass,A,,,,存储答案A正确，解析构造等比数列方法合理，与独立解一致。,A. a_n = 3^n - 2^n,A. a_n = 3^n - 2^n,pass,none,A,pass,pass,pass,,,已知数列 {a_n} 满足 a_1 = 1，a_{n+1} = 2a_n + 3^n，则 a_n 的通项公式为（ ）
bnu-high-ds-v1-s6-164,S6,upper,short-answer,Foundation,bnu-high-s6-数列,数列,选择性必修 第二册,数列,pass,none,high,stage-b,pass,pass,pass,pass,not_applicable,"(1) a_1=S_1=3，a_2=S_2-S_1=8-3=5。\n(2) n≥2 时，a_n=S_n-S_{n-1}=2n+1，a_1=3 符合，故 a_n=2n+1。\n(3) 是等差数列，因为 a_{n+1}-a_n=2 为常数。",,,,存储答案与独立解完全一致，通项公式及等差数列判断正确。,"(1) a_1 = S_1 = 3，a_2 = S_2 - S_1 = (4+4) - 3 = 5。\n(2) 当 n≥2 时，a_n = S_n - S_{n-1} = (n^2+2n) - [(n-1)^2+2(n-1)] = 2n+1；a_1=3 也满足，故 a_n = 2n+1。\n(3) 是等差数列，因为 a_{n+1} - a_n = 2 为常数。","(1) a_1 = S_1 = 3，a_2 = S_2 - S_1 = (4+4) - 3 = 5。\n(2) 当 n≥2 时，a_n = S_n - S_{n-1} = (n^2+2n) - [(n-1)^2+2(n-1)] = 2n+1；a_1=3 也满足，故 a_n = 2n+1。\n(3) 是等差数列，因为 a_{n+1} - a_n = 2 为常数。",pass,none,"(1) a_1=S_1=3，a_2=S_2-S_1=8-3=5。\n(2) n≥2 时，a_n=S_n-S_{n-1}=2n+1，a_1=3 符合，故 a_n=2n+1。\n(3) 是等差数列，因为 a_{n+1}-a_n=2 为常数。",pass,pass,not_applicable,,,"已知数列 {a_n} 的前 n 项和 S_n = n^2 + 2n。\n(1) 求 a_1 和 a_2；\n(2) 求数列 {a_n} 的通项公式；\n(3) 判断数列 {a_n} 是否为等差数列，并说明理由。"
bnu-high-ds-v1-s6-165,S6,upper,fill-in,Exam,bnu-high-s6-数列,数列,选择性必修 第二册,数列,pass,none,high,stage-b,pass,pass,pass,pass,not_applicable,24,,,,a_4=3·2^3=24，答案正确。,24,24,pass,none,24,pass,pass,not_applicable,,,在等比数列 {a_n} 中，a_1 = 3，公比 q = 2，则 a_4 = ______。
bnu-high-ds-v1-s6-166,S6,upper,multiple-choice,Core,bnu-high-s6-数列,数列,选择性必修 第二册,数列,pass,none,high,stage-b,pass,pass,pass,pass,pass,B,,,,由S_5=5a_1+10d=30解得d=2，选项B正确。,B. 2,B. 2,pass,none,B,pass,pass,pass,,,已知等差数列 {a_n} 的前 n 项和为 S_n，若 a_1 = 2，S_5 = 30，则公差 d =（ ）
bnu-high-ds-v1-s6-167,S6,upper,short-answer,Challenge,bnu-high-s6-数列,数列,选择性必修 第二册,数列,pass,none,high,stage-b,pass,pass,pass,pass,not_applicable,"(1) a_2=4，a_3=9，a_4=16。\n(2) 猜想 a_n=n^2，用数学归纳法证明：n=1 成立；假设 n=k 成立，则 a_{k+1}=a_k+2k+1=k^2+2k+1=(k+1)^2，得证。",,,,"计算a_2=4, a_3=9, a_4=16，猜想a_n=n^2并用数学归纳法证明，与独立解一致。","(1) a_2 = a_1 + 2·1 + 1 = 4，a_3 = a_2 + 2·2 + 1 = 9，a_4 = a_3 + 2·3 + 1 = 16。\n(2) 猜想 a_n = n^2。\n证明：① 当 n=1 时，a_1=1=1^2，成立。\n② 假设 n=k 时，a_k = k^2，则 n=k+1 时，a_{k+1} = a_k + 2k + 1 = k^2 + 2k + 1 = (k+1)^2，也成立。\n由①②知，对一切正整数 n，a_n = n^2。","(1) a_2 = a_1 + 2·1 + 1 = 4，a_3 = a_2 + 2·2 + 1 = 9，a_4 = a_3 + 2·3 + 1 = 16。\n(2) 猜想 a_n = n^2。\n证明：① 当 n=1 时，a_1=1=1^2，成立。\n② 假设 n=k 时，a_k = k^2，则 n=k+1 时，a_{k+1} = a_k + 2k + 1 = k^2 + 2k + 1 = (k+1)^2，也成立。\n由①②知，对一切正整数 n，a_n = n^2。",pass,none,"(1) a_2=4，a_3=9，a_4=16。\n(2) 猜想 a_n=n^2，用数学归纳法证明：n=1 成立；假设 n=k 成立，则 a_{k+1}=a_k+2k+1=k^2+2k+1=(k+1)^2，得证。",pass,pass,not_applicable,,,"已知数列 {a_n} 满足 a_1 = 1，a_{n+1} = a_n + 2n + 1。\n(1) 求 a_2，a_3，a_4；\n(2) 猜想数列 {a_n} 的通项公式，并用数学归纳法证明你的猜想。"
bnu-high-ds-v1-s6-168,S6,upper,fill-in,Foundation,bnu-high-s6-数列,数列,选择性必修 第二册,数列,pass,none,high,stage-b,pass,pass,pass,pass,not_applicable,9,,,,a_5=2·5-1=9，答案正确。,9,9,pass,none,9,pass,pass,not_applicable,,,已知数列 {a_n} 的通项公式为 a_n = 2n - 1，则 a_5 = ______。
bnu-high-ds-v1-s6-169,S6,upper,multiple-choice,Exam,bnu-high-s6-数列,数列,选择性必修 第二册,数列,pass,none,high,stage-b,pass,pass,pass,pass,pass,A,,,,存储答案A.10与独立解一致，解析正确使用等比性质和对数运算，无矛盾。,A. 10,A. 10,pass,none,A,pass,pass,pass,,,已知等比数列 {a_n} 的各项均为正数，且 a_5·a_6 = 9，则 log_3 a_1 + log_3 a_2 + ... + log_3 a_{10} =（ ）
bnu-high-ds-v1-s6-170,S6,upper,short-answer,Core,bnu-high-s6-数列,数列,选择性必修 第二册,数列,pass,none,high,stage-b,pass,pass,pass,pass,not_applicable,28,,,,存储答案28与独立解一致，解析正确识别等差数列并计算a10，无矛盾。,28,28,pass,none,28,pass,pass,not_applicable,,,已知数列 {a_n} 满足 a_1 = 1，a_{n+1} = a_n + 3，求 a_{10}。
bnu-high-ds-v1-s6-171,S6,upper,fill-in,Challenge,bnu-high-s6-数列,数列,选择性必修 第二册,数列,fail,blocker,high,stage-c,pass,pass,pass,fail,not_applicable,b_n = n,,explanation_contradiction,status_rationale_tension,题目可解，答案正确为 b_n = n，但解析中推导过程错误（c_n 定义与变换不一致，最终结果矛盾），导致解析不可信，需修正解析。,n,n,pass,none,b_n = n,fail,fail,not_applicable,n,blocker,已知数列 {a_n} 满足 a_1 = 1，且对任意正整数 n，有 a_{n+1} = 2a_n + 3^n。设 b_n = a_n / 3^{n-1}，则数列 {b_n} 的通项公式为 b_n = ______。
bnu-high-ds-v1-s6-172,S6,upper,multiple-choice,Foundation,bnu-high-s6-数列,数列,选择性必修 第二册,数列,pass,none,high,stage-b,pass,pass,pass,pass,pass,10,,,,存储答案10与独立解一致，解析正确利用等差中项性质，无矛盾。,10,10,pass,none,10,pass,pass,pass,,,在等差数列 {a_n} 中，若 a_3 + a_7 = 20，则 a_5 的值为（ ）。
bnu-high-ds-v1-s6-173,S6,upper,short-answer,Exam,bnu-high-s6-数列,数列,选择性必修 第二册,数列,pass,none,high,stage-b,pass,pass,pass,pass,not_applicable,"a_n = 4n - 1 (n≥2), a_1 = 3，是等差数列。",,,,存储答案与独立解一致，解析正确推导通项并判断等差数列，无矛盾。,a_n = 4n - 1，是等差数列,a_n = 4n - 1，是等差数列 | a_n=4n-1，是等差数列 | 通项公式为 a_n = 4n - 1，该数列是等差数列,pass,none,"a_n = 4n - 1 (n≥2), a_1 = 3，是等差数列。",pass,pass,not_applicable,,,已知数列 {a_n} 的前 n 项和 S_n = 2n^2 + n。求数列 {a_n} 的通项公式，并判断该数列是否为等差数列。
bnu-high-ds-v1-s6-174,S6,upper,fill-in,Core,bnu-high-s6-数列,数列,选择性必修 第二册,数列,pass,none,high,stage-b,pass,pass,pass,pass,not_applicable,93,,,,存储答案93与独立解一致，解析正确使用等比求和公式，无矛盾。,93,93,pass,none,93,pass,pass,not_applicable,,,在等比数列 {a_n} 中，a_1 = 3，公比 q = 2，则前 5 项和 S_5 = ______。
bnu-high-ds-v1-s6-175,S6,upper,multiple-choice,Challenge,bnu-high-s6-数列,数列,选择性必修 第二册,数列,pass,none,high,stage-b,pass,pass,pass,pass,pass,n^2,,,,存储答案n^2与独立解一致，解析正确使用累加法，无矛盾。,n^2,n^2,pass,none,n^2,pass,pass,pass,,,已知数列 {a_n} 满足 a_1 = 1，a_{n+1} = a_n + 2n + 1，则 a_n 的表达式为（ ）。
bnu-high-ds-v1-s6-176,S6,upper,short-answer,Foundation,bnu-high-s6-数列,数列,选择性必修 第二册,数列,pass,none,high,stage-b,pass,pass,pass,pass,not_applicable,证明：① n=1 时，左边=1，右边=1，成立；② 假设 n=k 时成立，即 1+3+...+(2k-1)=k^2，则 n=k+1 时，左边= k^2 + (2k+1) = (k+1)^2，成立。由归纳法，对任意正整数 n 成立。,,,,存储答案与独立解一致，解析概括了归纳法步骤，无矛盾。,证明：①当n=1时，左边=1，右边=1，等式成立。②假设n=k时等式成立，即1+3+...+(2k-1)=k^2。则n=k+1时，左边=1+3+...+(2k-1)+(2k+1)=k^2+(2k+1)=(k+1)^2，等式也成立。由①②知，对一切正整数n等式成立。,证明：①当n=1时，左边=1，右边=1，等式成立。②假设n=k时等式成立，即1+3+...+(2k-1)=k^2。则n=k+1时，左边=1+3+...+(2k-1)+(2k+1)=k^2+(2k+1)=(k+1)^2，等式也成立。由①②知，对一切正整数n等式成立。,pass,none,证明：① n=1 时，左边=1，右边=1，成立；② 假设 n=k 时成立，即 1+3+...+(2k-1)=k^2，则 n=k+1 时，左边= k^2 + (2k+1) = (k+1)^2，成立。由归纳法，对任意正整数 n 成立。,pass,pass,not_applicable,,,用数学归纳法证明：对于任意正整数 n，1 + 3 + 5 + ... + (2n - 1) = n^2。请写出证明步骤。
bnu-high-ds-v1-s6-177,S6,upper,fill-in,Exam,bnu-high-s6-数列,数列,选择性必修 第二册,数列,pass,none,high,stage-b,pass,pass,pass,pass,not_applicable,a_n = 3^n - 1,,,,存储答案 3^n - 1 与独立解一致，解析正确构造等比数列，无问题。,3^n - 1,3^n - 1 | 3^n-1,pass,none,a_n = 3^n - 1,pass,pass,not_applicable,,,已知数列 {a_n} 满足 a_1 = 2，a_{n+1} = 3a_n + 2，则 a_n = ______。
bnu-high-ds-v1-s6-178,S6,upper,multiple-choice,Core,bnu-high-s6-数列,数列,选择性必修 第二册,数列,pass,none,high,stage-b,pass,pass,pass,pass,pass,n^2,,,,存储答案 n^2 与独立解一致，解析正确使用等差数列求和公式，选项唯一。,n^2,n^2,pass,none,n^2,pass,pass,pass,,,已知数列 {a_n} 的通项公式为 a_n = 2n - 1，则其前 n 项和 S_n 等于（ ）。
bnu-high-ds-v1-s6-179,S6,upper,short-answer,Challenge,bnu-high-s6-数列,数列,选择性必修 第二册,数列,pass,none,high,stage-b,pass,pass,pass,pass,not_applicable,a_n = 1/(2n-1),,,,存储答案 a_n = 1/(2n - 1) 与独立解一致，解析取倒数构造等差数列正确。,a_n = 1/(2n - 1),a_n = 1/(2n - 1) | a_n=1/(2n-1) | 1/(2n-1),pass,none,a_n = 1/(2n-1),pass,pass,not_applicable,,,已知数列 {a_n} 满足 a_1 = 1，a_{n+1} = a_n / (2a_n + 1)。求数列 {a_n} 的通项公式。
bnu-high-ds-v1-s6-180,S6,upper,fill-in,Foundation,bnu-high-s6-数列,数列,选择性必修 第二册,数列,pass,none,high,stage-b,pass,pass,pass,pass,not_applicable,3,,,,存储答案 3 与独立解一致，解析利用 a_5 = a_2 + 3d 正确。,3,3,pass,none,3,pass,pass,not_applicable,,,在等差数列 {a_n} 中，已知 a_2 = 5，a_5 = 14，则公差 d = ______。
bnu-high-ds-v1-s6-181,S6,upper,multiple-choice,Exam,bnu-high-s6-数列,数列,选择性必修 第二册,数列,pass,none,high,stage-b,pass,pass,pass,pass,pass,3,,,,存储答案 3 与独立解一致，解析构造等比数列正确，选项唯一。,3,3,pass,none,3,pass,pass,pass,,,已知数列 {a_n} 满足 a_1 = 2，a_{n+1} = 3a_n + 4（n ∈ N*）。设 b_n = a_n + 2，则数列 {b_n} 是等比数列，其公比为（ ）。
bnu-high-ds-v1-s6-182,S6,upper,short-answer,Core,bnu-high-s6-数列,数列,选择性必修 第二册,数列,fail,blocker,high,stage-c,pass,pass,fail,fail,not_applicable,a_n = 2n - 1,a_n = 2n - 1,math_error|answer_mismatch|explanation_contradiction,,"题目可解，符合教材范围。独立求解得 a_n=2n-1，但存储答案 a_n=n+2 错误，解析中 a_1=3, d=1 与条件矛盾，正确解为 a_1=1, d=2。答案不匹配，解释错误，严重性为 blocker。",a_n = n + 2,a_n = n + 2,pass,none,a_n = 2n - 1,fail,fail,not_applicable,a_n = 2n - 1,blocker,已知等差数列 {a_n} 的前 n 项和为 S_n，且 a_3 = 5，S_5 = 25。求数列 {a_n} 的通项公式。
bnu-high-ds-v1-s6-183,S6,upper,fill-in,Challenge,bnu-high-s6-数列,数列,选择性必修 第二册,数列,pass,none,high,stage-b,pass,pass,pass,pass,not_applicable,a_n = n^2,,,,存储答案 n^2 与独立解一致，解析累加法正确。,n^2,n^2,pass,none,a_n = n^2,pass,pass,not_applicable,,,已知数列 {a_n} 满足 a_1 = 1，a_{n+1} = a_n + 2n + 1（n ∈ N*），则 a_n = ______。
bnu-high-ds-v1-s6-184,S6,upper,multiple-choice,Foundation,bnu-high-s6-数列,数列,选择性必修 第二册,数列,pass,none,high,stage-b,pass,pass,pass,pass,pass,-24,,,,存储答案 -24 与独立解一致，解析正确计算 a_4，选项唯一。,-24,-24,pass,none,-24,pass,pass,pass,,,已知等比数列 {a_n} 中，a_1 = 3，公比 q = -2，则 a_4 的值为（ ）。
bnu-high-ds-v1-s6-185,S6,upper,short-answer,Exam,bnu-high-s6-数列,数列,选择性必修 第二册,数列,pass,none,high,stage-b,pass,pass,pass,pass,not_applicable,11,,,,存储答案11与独立解一致，解析正确推导出a_n=2n+1并验证a_1，无矛盾。,11,11,pass,none,11,pass,pass,not_applicable,,,已知数列 {a_n} 的前 n 项和 S_n = n^2 + 2n。求 a_5 的值。
bnu-high-ds-v1-s6-186,S6,upper,fill-in,Core,bnu-high-s6-数列,数列,选择性必修 第二册,数列,pass,none,high,stage-b,pass,pass,pass,pass,not_applicable,3,,,,存储答案3与独立解一致，解析通过方程组正确解得d=3。,3,3,pass,none,3,pass,pass,not_applicable,,,已知等差数列 {a_n} 中，a_2 + a_5 = 16，a_4 = 11，则公差 d = ______。
bnu-high-ds-v1-s6-187,S6,upper,multiple-choice,Challenge,bnu-high-s6-数列,数列,选择性必修 第二册,数列,fail,blocker,high,stage-c,fail,pass,fail,fail,fail,b_n = 2n - 1,b_n = 2n - 1,math_error|answer_mismatch|explanation_contradiction|ambiguous_mc|bad_options,,题目递推关系 a_{n+1}=2a_n+3^n 与选项不匹配。正确推导得 b_n=3-2·(2/3)^{n-1}，不在选项中。若修改递推为 a_{n+1}=3a_n+2·3^n，则 b_n=2n-1，对应选项B。当前题目无正确选项，答案错误，解析自相矛盾，严重不可用。,b_n = n,b_n = n,pass,none,b_n = 2n - 1,fail,fail,fail,b_n = 2n - 1,blocker,已知数列 {a_n} 满足 a_1 = 1，a_{n+1} = 2a_n + 3^n（n ∈ N*）。设 b_n = a_n / 3^{n-1}，则数列 {b_n} 的通项公式为（ ）。
bnu-high-ds-v1-s6-188,S6,upper,short-answer,Foundation,bnu-high-s6-数列,数列,选择性必修 第二册,数列,fail,blocker,high,stage-c,pass,pass,fail,fail,not_applicable,146,146,math_error|answer_mismatch|explanation_contradiction,,递推累加得通项 a_n = (3n^2 - n + 2)/2，代入 n=10 得 146。存储答案 155 错误，解析中公式正确但最终计算错误，且解析末尾又得出 146，存在矛盾。,155,155,pass,none,155,fail,fail,not_applicable,146,blocker,已知数列 {a_n} 满足 a_1 = 2，a_{n+1} = a_n + 3n + 1（n ∈ N*）。求 a_10 的值。
bnu-high-ds-v1-s6-189,S6,upper,fill-in,Exam,bnu-high-s6-数列,数列,选择性必修 第二册,数列,pass,none,high,stage-b,pass,pass,pass,pass,not_applicable,2,,,,存储答案2与独立解一致，解析正确利用等比数列求和公式推导出q=2。,2,2,pass,none,2,pass,pass,not_applicable,,,已知等比数列 {a_n} 的前 n 项和为 S_n，且 S_3 = 7，S_6 = 63，则公比 q = ______。
bnu-high-ds-v1-s6-190,S6,upper,multiple-choice,Core,bnu-high-s6-数列,数列,选择性必修 第二册,数列,pass,none,high,stage-b,pass,pass,pass,pass,pass,31,,,,存储答案31与独立解一致，解析通过构造等比数列正确得出a_n=2^n-1，选项唯一。,31,31,pass,none,31,pass,pass,pass,,,已知数列 {a_n} 满足 a_1 = 1，a_{n+1} = 2a_n + 1（n ∈ N*），则 a_5 的值为（ ）。
bnu-high-ds-v1-s6-191,S6,upper,short-answer,Challenge,bnu-high-s6-数列,数列,选择性必修 第二册,数列,pass,none,high,stage-b,pass,pass,pass,pass,not_applicable,"(1) a_2 = 5, a_3 = 19; (2) 猜想 a_n = 3^n - 2^n，证明略。",,,,存储答案与独立解一致，解析正确计算a_2、a_3并猜想证明a_n=3^n-2^n。,"(1) a_2=5, a_3=19; (2) 猜想 a_n=3^n-2^n，证明略","(1) a_2=5, a_3=19; (2) 猜想 a_n=3^n-2^n，证明略",pass,none,"(1) a_2 = 5, a_3 = 19; (2) 猜想 a_n = 3^n - 2^n，证明略。",pass,pass,not_applicable,,,"已知数列 {a_n} 满足 a_1 = 1，且对任意正整数 n，有 a_{n+1} = 2a_n + 3^n。\n(1) 求 a_2，a_3；\n(2) 猜想数列 {a_n} 的通项公式，并用数学归纳法证明你的猜想。"
bnu-high-ds-v1-s6-192,S6,upper,fill-in,Foundation,bnu-high-s6-数列,数列,选择性必修 第二册,数列,pass,none,high,stage-b,pass,pass,pass,pass,not_applicable,20,,,,存储答案20与独立解一致，解析正确利用等差数列下标和性质。,20,20,pass,none,20,pass,pass,not_applicable,,,在等差数列 {a_n} 中，已知 a_3 + a_8 = 20，则 a_5 + a_6 = ______。
bnu-high-ds-v1-s6-193,S6,upper,multiple-choice,Exam,bnu-high-s6-数列,数列,选择性必修 第二册,数列,pass,none,high,stage-b,pass,pass,pass,pass,pass,2,,,,存储答案2与独立解一致，解析正确推导出q=2，选项唯一。,2,2,pass,none,2,pass,pass,pass,,,已知等比数列 {a_n} 的前 n 项和为 S_n，且 S_3 = 7，S_6 = 63，则公比 q 的值为（　）
bnu-high-ds-v1-s6-194,S6,upper,short-answer,Core,bnu-high-s6-数列,数列,选择性必修 第二册,数列,pass,none,high,stage-b,pass,pass,pass,pass,not_applicable,"(1) a2=5, a3=10; (2) an=n^2+1",,,,存储答案与独立解一致，解析正确累加得通项n^2+1。,"(1) a_2=5, a_3=10; (2) a_n=n^2+1","(1) a_2=5, a_3=10; (2) a_n=n^2+1",pass,none,"(1) a2=5, a3=10; (2) an=n^2+1",pass,pass,not_applicable,,,"已知数列 {a_n} 满足 a_1 = 2，a_{n+1} = a_n + 2n + 1。\n(1) 求 a_2，a_3；\n(2) 求数列 {a_n} 的通项公式。"
bnu-high-ds-v1-s6-195,S6,upper,fill-in,Challenge,bnu-high-s6-数列,数列,选择性必修 第二册,数列,pass,none,high,stage-b,pass,pass,pass,pass,not_applicable,53,,,,存储答案53与独立解一致，解析递推计算正确。,53,53,pass,none,53,pass,pass,not_applicable,,,已知数列 {a_n} 满足 a_1 = 1，a_{n+1} = 3a_n + 2，则 a_4 = ______。
bnu-high-ds-v1-s6-196,S6,upper,multiple-choice,Foundation,bnu-high-s6-数列,数列,选择性必修 第二册,数列,pass,none,high,stage-b,pass,pass,pass,pass,pass,3,,,,存储答案3与独立解一致，解析正确解得d=3，选项唯一。,3,3,pass,none,3,pass,pass,pass,,,已知等差数列 {a_n} 的前 n 项和为 S_n，若 a_1 = 3，S_3 = 18，则公差 d 等于（　）
bnu-high-ds-v1-s6-197,S6,upper,short-answer,Exam,bnu-high-s6-数列,数列,选择性必修 第二册,数列,fail,blocker,high,stage-c,pass,pass,fail,fail,not_applicable,"(1) a_2=2, a_3=3; (2) a_n=n","(1) a_2=2, a_3=3; (2) a_n=n",math_error|answer_mismatch|explanation_contradiction,,"递推累加得 a_n^2 = n^2，正项数列故 a_n=n，a_2=2, a_3=3。存储答案 a_2=√3, a_3=√6 及通项 √(n(n+1)/2) 错误，解析中虽算出 a_2=2, a_3=3 却给出矛盾通项，存在数学错误和答案不匹配。","(1) a_2=√3, a_3=√6; (2) a_n=√(n(n+1)/2)","(1) a_2=√3, a_3=√6; (2) a_n=√(n(n+1)/2)",pass,none,"(1) a2=√3, a3=√6; (2) an=√(n(n+1)/2)",fail,fail,not_applicable,"(1) a_2=2, a_3=3; (2) a_n=n",blocker,"已知正项数列 {a_n} 满足 a_1 = 1，a_{n+1}^2 - a_n^2 = 2n + 1。\n(1) 求 a_2，a_3；\n(2) 求数列 {a_n} 的通项公式。"
bnu-high-ds-v1-s6-198,S6,upper,fill-in,Core,bnu-high-s6-数列,数列,选择性必修 第二册,数列,pass,none,high,stage-b,pass,pass,pass,pass,not_applicable,162,,,,存储答案162与独立解一致，解析正确应用通项公式。,162,162,pass,none,162,pass,pass,not_applicable,,,在等比数列 {a_n} 中，a_1 = 2，公比 q = 3，则 a_5 = ______。
bnu-high-ds-v1-s6-199,S6,upper,multiple-choice,Challenge,bnu-high-s6-数列,数列,选择性必修 第二册,数列,pass,none,high,stage-b,pass,pass,pass,pass,pass,1.99,,,,存储答案1.99与独立解一致，解析裂项累加正确，选项唯一。,1.99,1.99,pass,none,1.99,pass,pass,pass,,,已知数列 {a_n} 满足 a_1 = 1，a_{n+1} = a_n + rac{1}{n(n+1)}，则 a_{100} 的值最接近（　）
bnu-high-ds-v1-s6-200,S6,upper,short-answer,Foundation,bnu-high-s6-数列,数列,选择性必修 第二册,数列,pass,none,high,stage-b,pass,pass,pass,pass,not_applicable,(1) an=2n+1; (2) n=10,,,,存储答案与独立解一致，解析正确求解通项和n。,(1) a_n=2n+1; (2) n=10,(1) a_n=2n+1; (2) n=10,pass,none,(1) an=2n+1; (2) n=10,pass,pass,not_applicable,,,"已知等差数列 {a_n} 的前 n 项和为 S_n，且 a_2 = 5，S_4 = 28。\n(1) 求数列 {a_n} 的通项公式；\n(2) 求使得 S_n > 100 的最小正整数 n。"
bnu-high-ds-v1-s6-201,S6,upper,fill-in,Exam,bnu-high-s6-数列,数列,选择性必修 第二册,数列,pass,none,high,stage-b,pass,pass,pass,pass,not_applicable,a_n = 5 * 2^{n-1} - 3,,,,存储答案与独立解一致，解析正确推导出 a_n = 5·2^{n-1} - 3。,a_n = 5·2^{n-1} - 3,a_n = 5·2^{n-1} - 3 | a_n = 5*2^(n-1) - 3,pass,none,a_n = 5 * 2^{n-1} - 3,pass,pass,not_applicable,,,已知数列 {a_n} 满足 a_1 = 2，且对任意正整数 n，有 a_{n+1} = 2a_n + 3。设 b_n = a_n + 3，证明数列 {b_n} 是等比数列，并求数列 {a_n} 的通项公式。
bnu-high-ds-v1-s6-202,S6,upper,multiple-choice,Core,bnu-high-s6-数列,数列,选择性必修 第二册,数列,pass,none,high,stage-b,pass,pass,pass,pass,pass,2,,,,存储答案 2 与独立解一致，解析正确，选项唯一。,2,2,pass,none,2,pass,pass,pass,,,已知等差数列 {a_n} 的前 n 项和为 S_n，且 a_3 = 7，S_5 = 30。则 a_1 的值为（ ）。
bnu-high-ds-v1-s6-203,S6,upper,short-answer,Challenge,bnu-high-s6-数列,数列,选择性必修 第二册,数列,pass,none,high,stage-b,pass,pass,pass,pass,not_applicable,a_n = n^2,,,,存储答案 a_n = n^2 与独立解一致，解析包含归纳法证明，正确。,a_n = n^2,a_n = n^2 | a_n = n^2 (n∈N*),pass,none,a_n = n^2,pass,pass,not_applicable,,,已知数列 {a_n} 满足 a_1 = 1，a_{n+1} = a_n + 2n + 1（n ∈ N*）。求数列 {a_n} 的通项公式，并用数学归纳法证明你的结论。
bnu-high-ds-v1-s6-204,S6,upper,fill-in,Exam,bnu-high-s6-数列,数列,选择性必修 第二册,数列,pass,none,high,stage-b,pass,pass,pass,pass,not_applicable,24,,,,存储答案 24 与独立解一致，解析正确。,24,24,pass,none,24,pass,pass,not_applicable,,,在等比数列 {a_n} 中，a_1 = 3，公比 q = 2，则 a_4 = ______。
bnu-high-ds-v1-s6-205,S6,upper,multiple-choice,Core,bnu-high-s6-数列,数列,选择性必修 第二册,数列,pass,none,high,stage-b,pass,pass,pass,pass,pass,11,,,,存储答案 11 与独立解一致，解析正确，选项唯一。,11,11,pass,none,11,pass,pass,pass,,,已知数列 {a_n} 的前 n 项和 S_n = n^2 + 2n，则 a_5 的值为（ ）。
bnu-high-ds-v1-s6-206,S6,upper,short-answer,Challenge,bnu-high-s6-数列,数列,选择性必修 第二册,数列,pass,none,high,stage-b,pass,pass,pass,pass,not_applicable,a_n = 2 * 3^{n-1} - 1,,,,存储答案 a_n = 2·3^{n-1} - 1 与独立解一致，解析正确。,a_n = 2·3^{n-1} - 1,a_n = 2·3^{n-1} - 1 | a_n = 2*3^(n-1) - 1,pass,none,a_n = 2 * 3^{n-1} - 1,pass,pass,not_applicable,,,已知数列 {a_n} 满足 a_1 = 1，a_{n+1} = 3a_n + 2（n ∈ N*）。求数列 {a_n} 的通项公式。
bnu-high-ds-v1-s6-207,S6,upper,fill-in,Exam,bnu-high-s6-数列,数列,选择性必修 第二册,数列,pass,none,high,stage-b,pass,pass,pass,pass,not_applicable,2,,,,存储答案 2 与独立解一致，解析正确。,2,2,pass,none,2,pass,pass,not_applicable,,,等差数列 {a_n} 中，a_2 + a_5 = 16，a_4 = 7，则公差 d = ______。
bnu-high-ds-v1-s6-208,S6,upper,multiple-choice,Core,bnu-high-s6-数列,数列,选择性必修 第二册,数列,pass,none,high,stage-b,pass,pass,pass,pass,pass,2,,,,存储答案 2 与独立解一致，解析正确，选项唯一。,2,2,pass,none,2,pass,pass,pass,,,已知等比数列 {a_n} 满足 a_1 + a_3 = 10，a_2 + a_4 = 20，则公比 q 的值为（ ）。
bnu-high-ds-v1-s6-209,S6,upper,short-answer,Challenge,bnu-high-s6-数列,数列,选择性必修 第二册,数列,pass,none,high,stage-b,pass,pass,pass,pass,not_applicable,a_n = (3^n + 1)/2,,,,存储答案与独立解一致，均为 (3^n+1)/2；解析正确使用累加法，无矛盾。,a_n = (3^n + 1)/2,a_n = (3^n + 1)/2 | a_n = (3^n+1)/2,pass,none,a_n = (3^n + 1)/2,pass,pass,not_applicable,,,已知数列 {a_n} 满足 a_1 = 2，a_{n+1} = a_n + 3^n（n ∈ N*）。求数列 {a_n} 的通项公式。
bnu-high-ds-v1-s6-210,S6,upper,fill-in,Exam,bnu-high-s6-数列,数列,选择性必修 第二册,数列,pass,none,high,stage-b,pass,pass,pass,pass,not_applicable,4,,,,存储答案4与独立解一致；解析由S_n求a_3正确，无矛盾。,4,4,pass,none,4,pass,pass,not_applicable,,,已知数列 {a_n} 的前 n 项和 S_n = 2^n - 1，则 a_3 = ______。
bnu-high-ds-v1-s6-211,S6,upper,multiple-choice,Core,bnu-high-s6-数列,数列,选择性必修 第二册,数列,pass,none,high,stage-b,pass,pass,pass,pass,pass,7,,,,存储答案7与独立解一致；解析正确识别等差数列并求解，选项唯一。,7,7,pass,none,7,pass,pass,pass,,,已知数列 {a_n} 满足 a_1 = 2，且对任意正整数 n，有 a_{n+1} = a_n + 3。记 S_n 为数列 {a_n} 的前 n 项和。若 S_k = 77，则 k 的值为
bnu-high-ds-v1-s6-212,S6,upper,short-answer,Challenge,bnu-high-s6-数列,数列,选择性必修 第二册,数列,pass,none,high,stage-b,pass,pass,pass,pass,not_applicable,(1) 证明略；(2) a_n = 2^n - 1,,,,存储答案与独立解一致，证明和通项均正确；解析符合构造辅助数列方法。,"(1) 证明：由 a_{n+1} = 2a_n + 1 得 a_{n+1} + 1 = 2(a_n + 1)，又 a_1 + 1 = 2 ≠ 0，故 {a_n + 1} 是首项为 2、公比为 2 的等比数列。\n(2) 由 (1) 知 a_n + 1 = 2·2^{n-1} = 2^n，所以 a_n = 2^n - 1。","(1) 证明：由 a_{n+1} = 2a_n + 1 得 a_{n+1} + 1 = 2(a_n + 1)，又 a_1 + 1 = 2 ≠ 0，故 {a_n + 1} 是首项为 2、公比为 2 的等比数列。\n(2) 由 (1) 知 a_n + 1 = 2·2^{n-1} = 2^n，所以 a_n = 2^n - 1。",pass,none,(1) 证明略；(2) a_n = 2^n - 1,pass,pass,not_applicable,,,"已知数列 {a_n} 满足 a_1 = 1，a_{n+1} = 2a_n + 1 (n ∈ N*)。\n(1) 求证：数列 {a_n + 1} 是等比数列；\n(2) 求数列 {a_n} 的通项公式。"
bnu-high-ds-v1-s6-213,S6,upper,fill-in,Exam,bnu-high-s6-数列,数列,选择性必修 第二册,数列,pass,none,high,stage-b,pass,pass,pass,pass,not_applicable,48,,,,存储答案48与独立解一致；解析正确应用等比数列通项公式。,48,48,pass,none,48,pass,pass,not_applicable,,,在等比数列 {a_n} 中，a_1 = 3，公比 q = 2，则 a_5 = ______。
bnu-high-ds-v1-s6-214,S6,upper,multiple-choice,Core,bnu-high-s6-数列,数列,选择性必修 第二册,数列,pass,none,high,stage-b,pass,pass,pass,pass,pass,50,,,,存储答案50与独立解一致；解析利用等差数列性质正确，选项唯一。,50,50,pass,none,50,pass,pass,pass,,,已知等差数列 {a_n} 的前 n 项和为 S_n，若 a_3 + a_8 = 10，则 S_{10} 的值为
bnu-high-ds-v1-s6-215,S6,upper,short-answer,Challenge,bnu-high-s6-数列,数列,选择性必修 第二册,数列,pass,none,high,stage-b,pass,pass,pass,pass,not_applicable,"(1) a_2 = 4, a_3 = 9; (2) a_n = n^2",,,,"存储答案与独立解一致，a_2=4, a_3=9, a_n=n^2；解析累加法正确。","(1) a_2 = 4，a_3 = 9。\n(2) 由递推关系得 a_{n+1} - a_n = 2n + 1，利用累加法：a_n = a_1 + Σ_{k=1}^{n-1} (2k+1) = 1 + 2·(n-1)n/2 + (n-1) = n^2。","(1) a_2 = 4，a_3 = 9。\n(2) 由递推关系得 a_{n+1} - a_n = 2n + 1，利用累加法：a_n = a_1 + Σ_{k=1}^{n-1} (2k+1) = 1 + 2·(n-1)n/2 + (n-1) = n^2。",pass,none,"(1) a_2 = 4, a_3 = 9; (2) a_n = n^2",pass,pass,not_applicable,,,"已知数列 {a_n} 满足 a_1 = 1，a_{n+1} = a_n + 2n + 1 (n ∈ N*)。\n(1) 求 a_2，a_3；\n(2) 求数列 {a_n} 的通项公式。"
bnu-high-ds-v1-s6-216,S6,upper,fill-in,Exam,bnu-high-s6-数列,数列,选择性必修 第二册,数列,pass,none,high,stage-b,pass,pass,pass,pass,not_applicable,21,,,,存储答案21与独立解一致；解析利用等差数列性质正确。,21,21,pass,none,21,pass,pass,not_applicable,,,已知等差数列 {a_n} 的公差 d = 2，且 a_1 + a_4 + a_7 = 15，则 a_2 + a_5 + a_8 = ______。
bnu-high-ds-v1-s6-217,S6,upper,multiple-choice,Core,bnu-high-s6-数列,数列,选择性必修 第二册,数列,pass,none,high,stage-b,pass,pass,pass,pass,not_applicable,10,,,,存储答案10与独立解一致，解析正确使用等比性质和对数运算。,10,10,pass,none,10,pass,pass,not_applicable,,,已知等比数列 {a_n} 的各项均为正数，且 a_5·a_6 = 9，则 log_3 a_1 + log_3 a_2 + ... + log_3 a_{10} 的值为
bnu-high-ds-v1-s6-218,S6,upper,short-answer,Challenge,bnu-high-s6-数列,数列,选择性必修 第二册,数列,pass,none,high,stage-b,pass,pass,pass,pass,not_applicable,(1) 证明：a_{n+1}+1 = 3(a_n+1)，首项 a1+1=2，故 {a_n+1} 是首项2公比3的等比数列。 (2) a_n = 2·3^{n-1} - 1，b_n = 2·3^{n-1} + n - 1，T_n = 3^n - 1 + n(n-1)/2。,,,,存储答案与独立解一致，解析正确构造等比数列并分组求和。,"(1) 证明：由 a_{n+1} = 3a_n + 2 得 a_{n+1} + 1 = 3(a_n + 1)，又 a_1 + 1 = 2 ≠ 0，故 {a_n + 1} 是首项为 2、公比为 3 的等比数列。\n(2) 由 (1) 知 a_n + 1 = 2·3^{n-1}，所以 a_n = 2·3^{n-1} - 1。则 b_n = 2·3^{n-1} - 1 + n = 2·3^{n-1} + (n-1)。T_n = 2(1+3+...+3^{n-1}) + (0+1+...+(n-1)) = 2·(3^n - 1)/(3-1) + n(n-1)/2 = 3^n - 1 + n(n-1)/2。","(1) 证明：由 a_{n+1} = 3a_n + 2 得 a_{n+1} + 1 = 3(a_n + 1)，又 a_1 + 1 = 2 ≠ 0，故 {a_n + 1} 是首项为 2、公比为 3 的等比数列。\n(2) 由 (1) 知 a_n + 1 = 2·3^{n-1}，所以 a_n = 2·3^{n-1} - 1。则 b_n = 2·3^{n-1} - 1 + n = 2·3^{n-1} + (n-1)。T_n = 2(1+3+...+3^{n-1}) + (0+1+...+(n-1)) = 2·(3^n - 1)/(3-1) + n(n-1)/2 = 3^n - 1 + n(n-1)/2。",pass,none,(1) 证明：a_{n+1}+1 = 3(a_n+1)，首项 a1+1=2，故 {a_n+1} 是首项2公比3的等比数列。 (2) a_n = 2·3^{n-1} - 1，b_n = 2·3^{n-1} + n - 1，T_n = 3^n - 1 + n(n-1)/2。,pass,pass,not_applicable,,,"已知数列 {a_n} 满足 a_1 = 1，a_{n+1} = 3a_n + 2 (n ∈ N*)。\n(1) 求证：数列 {a_n + 1} 是等比数列；\n(2) 设 b_n = a_n + n，求数列 {b_n} 的前 n 项和 T_n。"
bnu-high-ds-v1-s6-219,S6,upper,fill-in,Exam,bnu-high-s6-数列,数列,选择性必修 第二册,数列,fail,blocker,high,stage-c,pass,pass,fail,fail,not_applicable,39,39,math_error|answer_mismatch|explanation_contradiction,,题目可解，独立求解得 a_5+a_6+a_7=39。存储答案45错误，解析中计算过程得出39但最终答案写为45，自相矛盾。判定为严重错误，需修正答案为39。,45,45,pass,none,45,fail,fail,not_applicable,39,blocker,已知数列 {a_n} 的前 n 项和 S_n = n^2 + 2n，则 a_5 + a_6 + a_7 = ______。
bnu-high-ds-v1-s6-220,S6,upper,multiple-choice,Core,bnu-high-s6-数列,数列,选择性必修 第二册,数列,pass,none,high,stage-b,pass,pass,pass,pass,pass,3,,,,存储答案3与独立解一致，解析正确求解公差。,3,3,pass,none,3,pass,pass,pass,,,已知等差数列 {a_n} 中，a_2 = 5，a_5 = 14，则其公差 d 等于
bnu-high-ds-v1-s6-221,S6,upper,short-answer,Challenge,bnu-high-s6-数列,数列,选择性必修 第二册,数列,fail,blocker,high,stage-c,pass,pass,fail,fail,not_applicable,(1) 证明：a_{n+1}-3^{n+1}=2(a_n-3^n)，首项a1-3=-2，故{a_n-3^n}是首项-2公比2的等比数列。 (2) a_n=3^n-2^n。 (3) S_n=(3/2)(3^n-1)-2(2^n-1)。,(1) 证明：a_{n+1}-3^{n+1}=2(a_n-3^n)，首项a1-3=-2，故{a_n-3^n}是首项-2公比2的等比数列。 (2) a_n=3^n-2^n。 (3) S_n=(3/2)(3^n-1)-2(2^n-1)。,math_error|answer_mismatch|explanation_contradiction,,存储答案(2) a_n=2·3^{n-1}-2^{n-1}错误，正确通项为a_n=3^n-2^n；解析中推导出a_n=3^n-2^n，但最终答案写错，自相矛盾。,(1) 证明见解析；(2) a_n = 2·3^{n-1} - 2^{n-1}；(3) S_n = 3^n - 2^n,(1) 证明见解析；(2) a_n = 2·3^{n-1} - 2^{n-1}；(3) S_n = 3^n - 2^n | (1)证明见解析；(2)a_n=2·3^{n-1}-2^{n-1}；(3)S_n=3^n-2^n,pass,none,(1) 证明：a_{n+1}-3^{n+1}=2(a_n-3^n)，首项a1-3=-2，故{a_n-3^n}是首项-2公比2的等比数列。 (2) a_n=3^n-2^n。 (3) S_n=(3/2)(3^n-1)-2(2^n-1)。,fail,fail,not_applicable,(1) 证明：a_{n+1}-3^{n+1}=2(a_n-3^n)，首项a1-3=-2，故{a_n-3^n}是首项-2公比2的等比数列。 (2) a_n=3^n-2^n。 (3) S_n=(3/2)(3^n-1)-2(2^n-1)。,blocker,"已知数列 {a_n} 满足 a_1 = 1，且对任意正整数 n，有 a_{n+1} = 2a_n + 3^n。\n(1) 求证：数列 {a_n - 3^n} 是等比数列；\n(2) 求数列 {a_n} 的通项公式；\n(3) 求数列 {a_n} 的前 n 项和 S_n。"
bnu-high-ds-v1-s6-222,S6,upper,fill-in,Exam,bnu-high-s6-数列,数列,选择性必修 第二册,数列,fail,blocker,high,stage-c,fail,pass,fail,fail,not_applicable,题目条件矛盾，无法求解,题目条件矛盾，无法求解,math_error|unsolvable|missing_condition,,由等差数列性质 a3+a7=2a5=20 得 a5=10，与已知 a5=9 矛盾，题目条件冲突，无法求解。存储答案 682 基于错误假设，应判定为不可解。,682,682,pass,none,62,fail,fail,not_applicable,题目条件矛盾，无法求解,blocker,在等差数列 {a_n} 中，已知 a_3 + a_7 = 20，且 a_5 = 9。设数列 {b_n} 满足 b_n = 2^{a_n}，则数列 {b_n} 的前 5 项和为 ______。
bnu-high-ds-v1-s6-223,S6,upper,multiple-choice,Core,bnu-high-s6-数列,数列,选择性必修 第二册,数列,fail,blocker,high,stage-c,pass,pass,fail,fail,fail,C,A和C均正确，但单选题需唯一答案，题目有缺陷,ambiguous_mc|bad_options|answer_mismatch,,由S_n=n^2+2n得a_n=2n+1 (n≥2)，a1=3符合，故C正确。数列是等差数列，公差为2，A也正确。单选题存在两个正确选项，违反唯一性，题目有缺陷。存储答案仅选C不完整。,C. a_n = 2n + 1,C. a_n = 2n + 1,pass,none,C,fail,fail,fail,A和C均正确，但单选题需唯一答案，题目有缺陷,blocker,已知数列 {a_n} 的前 n 项和 S_n = n^2 + 2n，则下列说法正确的是（　）
bnu-high-ds-v1-s6-224,S6,upper,short-answer,Challenge,bnu-high-s6-数列,数列,选择性必修 第二册,数列,pass,none,high,stage-b,pass,pass,pass,pass,not_applicable,"(1) a2=2, a3=2, a4=2。 (2) 猜想a_n=2，用数学归纳法证明。",,,,存储答案与独立解一致，解析正确计算并归纳证明。,"(1) a_2=2, a_3=2, a_4=2；(2) 猜想 a_n=2，证明：① n=1 时成立；② 假设 n=k 时 a_k=2，则 a_{k+1}=2^2-2·2+2=2，即 n=k+1 时成立。由①②知对一切正整数 n，a_n=2。","(1) a_2=2, a_3=2, a_4=2；(2) 猜想 a_n=2，证明：① n=1 时成立；② 假设 n=k 时 a_k=2，则 a_{k+1}=2^2-2·2+2=2，即 n=k+1 时成立。由①②知对一切正整数 n，a_n=2。 | (1)a_2=2,a_3=2,a_4=2；(2)猜想a_n=2，证明：①n=1时成立；②假设n=k时a_k=2，则a_{k+1}=2^2-2·2+2=2，即n=k+1时成立。由①②知对一切正整数n，a_n=2。",pass,none,"(1) a2=2, a3=2, a4=2。 (2) 猜想a_n=2，用数学归纳法证明。",pass,pass,not_applicable,,,"已知数列 {a_n} 满足 a_1 = 2，a_{n+1} = a_n^2 - 2a_n + 2。\n(1) 求 a_2, a_3, a_4；\n(2) 猜想数列 {a_n} 的通项公式，并用数学归纳法证明你的猜想。"
bnu-high-ds-v1-s6-225,S6,upper,fill-in,Exam,bnu-high-s6-数列,数列,选择性必修 第二册,数列,pass,none,high,stage-b,pass,pass,pass,pass,not_applicable,3,,,,存储答案3与独立解一致，解析推导正确，无问题。,3,3,pass,none,3,pass,pass,not_applicable,,,"已知等比数列 {a_n} 的各项均为正数，且 3a_1, (1/2)a_3, 2a_2 成等差数列，则数列 {a_n} 的公比为 ______。"
bnu-high-ds-v1-s6-226,S6,upper,multiple-choice,Core,bnu-high-s6-导数及其应用,导数及其应用,选择性必修 第二册,导数及其应用,pass,none,high,stage-b,pass,pass,pass,pass,pass,B,,,,存储答案B与独立解一致，解析正确，选项唯一。,"B. (0, 2)","B. (0, 2)",pass,none,B,pass,pass,pass,,,函数 f(x) = x^3 - 3x^2 + 1 的单调递减区间是（　）
bnu-high-ds-v1-s6-227,S6,upper,short-answer,Challenge,bnu-high-s6-导数及其应用,导数及其应用,选择性必修 第二册,导数及其应用,pass,none,high,stage-b,pass,pass,pass,pass,not_applicable,a ≤ 1,,,,存储答案a≤1与独立解一致，解析正确。,a ≤ 1,a ≤ 1 | a<=1,pass,none,a ≤ 1,pass,pass,not_applicable,,,"已知函数 f(x) = e^x - ax 在区间 [0, +∞) 上单调递增，求实数 a 的取值范围。"
bnu-high-ds-v1-s6-228,S6,upper,fill-in,Exam,bnu-high-s6-导数及其应用,导数及其应用,选择性必修 第二册,导数及其应用,pass,none,high,stage-b,pass,pass,pass,pass,not_applicable,y = -2,,,,存储答案y=-2与独立解一致，解析正确。,y = -2,y = -2 | y=-2,pass,none,y = -2,pass,pass,not_applicable,,,"曲线 y = x^3 - 3x 在点 (1, -2) 处的切线方程为 ______。"
bnu-high-ds-v1-s6-229,S6,upper,multiple-choice,Core,bnu-high-s6-导数及其应用,导数及其应用,选择性必修 第二册,导数及其应用,pass,none,high,stage-b,pass,pass,pass,pass,pass,B,,,,存储答案B与独立解一致，解析正确，选项唯一。,B. 1,B. 1,pass,none,B,pass,pass,pass,,,函数 f(x) = x^2 - 2ln x 的极小值为（　）
bnu-high-ds-v1-s6-230,S6,upper,short-answer,Challenge,bnu-high-s6-导数及其应用,导数及其应用,选择性必修 第二册,导数及其应用,pass,none,high,stage-b,pass,pass,pass,pass,not_applicable,"a=-3, b=-9, c=2",,,,"存储答案a=-3,b=-9,c=2与独立解一致，解析正确。","a = -3, b = -9, c = 2","a = -3, b = -9, c = 2 | a=-3,b=-9,c=2",pass,none,"a=-3, b=-9, c=2",pass,pass,not_applicable,,,"已知函数 f(x) = x^3 + ax^2 + bx + c 在 x = -1 处取得极大值 7，在 x = 3 处取得极小值，求 a, b, c 的值。"
bnu-high-ds-v1-s6-231,S6,upper,fill-in,Exam,bnu-high-s6-导数及其应用,导数及其应用,选择性必修 第二册,导数及其应用,pass,none,high,stage-b,pass,pass,pass,pass,not_applicable,32,,,,存储答案32与独立解一致，解析正确。,32,32,pass,none,32,pass,pass,not_applicable,,,"已知函数 f(x) = x^3 - 3x^2 - 9x + 5 在闭区间 [-2, 4] 上的最大值为 M，最小值为 m，则 M - m = ______。"
bnu-high-ds-v1-s6-232,S6,upper,multiple-choice,Core,bnu-high-s6-导数及其应用,导数及其应用,选择性必修 第二册,导数及其应用,fail,blocker,high,stage-c,pass,pass,fail,fail,fail,B,B,math_error|answer_mismatch|ambiguous_mc|explanation_contradiction,,"函数f(x)=x^3-3x+1，f'(x)=3x^2-3=3(x-1)(x+1)。令f'(x)<0得-1<x<1，单调递减区间为(-1,1)，对应选项B。存储答案[-1,1]错误，且解析中令f'(x)≤0包含端点，但选项B为开区间，导致答案与选项不匹配，且解析与正确解法矛盾。题目选项同时存在开区间和闭区间，造成歧义，但根据导数与单调性的标准定义，单调区间通常写开区间，因此唯一正确选项为B。","[-1, 1]","[-1, 1]",pass,none,B,fail,fail,fail,B,blocker,函数 f(x) = x^3 - 3x + 1 的单调递减区间是（ ）。
bnu-high-ds-v1-s6-233,S6,upper,short-answer,Challenge,bnu-high-s6-导数及其应用,导数及其应用,选择性必修 第二册,导数及其应用,pass,none,high,stage-b,pass,pass,pass,pass,not_applicable,"a=0, b=-12, c=4",,,,"存储答案与独立解一致，解析正确推导出a=0, b=-12, c=4。","a=0, b=-12, c=4","a=0, b=-12, c=4 | a=0,b=-12,c=4",pass,none,"a=0, b=-12, c=4",pass,pass,not_applicable,,,"已知函数 f(x) = x^3 + ax^2 + bx + c 在 x = -2 处取得极大值，在 x = 2 处取得极小值，且 f(-2) = 20，f(2) = -12。求 a, b, c 的值。"
bnu-high-ds-v1-s6-234,S6,upper,fill-in,Exam,bnu-high-s6-导数及其应用,导数及其应用,选择性必修 第二册,导数及其应用,pass,none,high,stage-b,pass,pass,pass,pass,not_applicable,y = 9x - 16,,,,存储答案与独立解一致，解析正确求得切线方程y=9x-16。,y = 9x - 16,y = 9x - 16 | y=9x-16,pass,none,y = 9x - 16,pass,pass,not_applicable,,,"曲线 y = x^3 - 3x 在点 (2, 2) 处的切线方程为 ______。"
bnu-high-ds-v1-s6-235,S6,upper,multiple-choice,Core,bnu-high-s6-导数及其应用,导数及其应用,选择性必修 第二册,导数及其应用,pass,none,high,stage-b,pass,pass,pass,pass,pass,2,,,,存储答案与独立解一致，解析正确计算最大值为2，选项唯一。,2,2,pass,none,2,pass,pass,pass,,,"函数 f(x) = x^3 - 3x^2 + 2 在区间 [-1, 3] 上的最大值是（ ）。"
bnu-high-ds-v1-s6-236,S6,upper,short-answer,Challenge,bnu-high-s6-导数及其应用,导数及其应用,选择性必修 第二册,导数及其应用,pass,none,high,stage-b,pass,pass,pass,pass,not_applicable,162 m²,,,,存储答案与独立解一致，解析正确求得最大面积162平方米。,162 平方米,162 平方米 | 162 | 162m²,pass,none,162 m²,pass,pass,not_applicable,,,用总长为 36 m 的篱笆围成一个矩形场地，一边靠墙（墙足够长），另外三边用篱笆。求矩形场地的最大面积。
bnu-high-ds-v1-s6-237,S6,upper,fill-in,Exam,bnu-high-s6-导数及其应用,导数及其应用,选择性必修 第二册,导数及其应用,pass,none,high,stage-b,pass,pass,pass,pass,not_applicable,a ≤ 5/4,,,,存储答案与独立解一致，解析正确推导出a≤5/4。,a ≤ 5/4,"a ≤ 5/4 | a≤5/4 | (-∞, 5/4]",pass,none,a ≤ 5/4,pass,pass,not_applicable,,,"若函数 f(x) = x^3 - 3ax^2 + 3x + 1 在区间 (2, 3) 上单调递增，则实数 a 的取值范围是 ______。"
bnu-high-ds-v1-s6-238,S6,upper,multiple-choice,Core,bnu-high-s6-导数及其应用,导数及其应用,选择性必修 第二册,导数及其应用,pass,none,high,stage-b,pass,pass,pass,pass,pass,32,,,,存储答案与独立解一致，解析正确计算极值差为32，选项唯一。,32,32,pass,none,32,pass,pass,pass,,,函数 f(x) = x^3 - 3x^2 - 9x + 5 的极大值与极小值之差为（ ）。
bnu-high-ds-v1-s6-239,S6,upper,short-answer,Challenge,bnu-high-s6-导数及其应用,导数及其应用,选择性必修 第二册,导数及其应用,fail,blocker,high,stage-c,pass,pass,fail,fail,not_applicable,a = e - 1,a = e - 1,math_error|answer_mismatch|explanation_contradiction,,题目可解，独立求解得 a = e - 1。存储答案 a = 1 错误，解析中 a > 1 时解得 a = 1 矛盾，且未考虑 a = e - 1 的情况，导致答案与解释均不匹配。,a = 1,a = 1 | a=1 | 1,pass,none,a = e - 1,fail,fail,not_applicable,a = e - 1,blocker,"已知函数 f(x) = e^x - ax 在区间 [0, +∞) 上的最小值为 1，求实数 a 的值。"
bnu-high-ds-v1-s6-240,S6,upper,fill-in,Exam,bnu-high-s6-导数及其应用,导数及其应用,选择性必修 第二册,导数及其应用,pass,none,high,stage-b,pass,pass,pass,pass,not_applicable,0 < k < 4,,,,存储答案与独立解一致，解析正确得出0<k<4。,0 < k < 4,"0 < k < 4 | (0, 4) | 0<k<4",pass,none,0 < k < 4,pass,pass,not_applicable,,,设函数 f(x) = x^3 - 3x + 2，若关于 x 的方程 f(x) = k 有三个不同的实数根，则实数 k 的取值范围是 ______。
bnu-high-ds-v1-s6-241,S6,upper,multiple-choice,Core,bnu-high-s6-导数及其应用,导数及其应用,选择性必修 第二册,导数及其应用,fail,blocker,high,stage-c,fail,pass,fail,fail,fail,D,D,math_error|answer_mismatch|explanation_contradiction|ambiguous_mc|bad_options,,函数 f(x)=x³-3x²+2，求导得 f'(x)=3x²-6x，f'(1)=-3≠0，故 x=1 不是极值点。选项 D 声称 f'(1)=0，与事实矛盾，导致无正确选项，题目不可解。存储答案与解析均错误。,f'(1) = 0，且 x = 1 不是 f(x) 的极值点,f'(1) = 0，且 x = 1 不是 f(x) 的极值点,pass,none,D,fail,fail,fail,D,blocker,已知函数 f(x) = x³ - 3x² + 2，其导函数为 f'(x)。下列说法正确的是：
bnu-high-ds-v1-s6-242,S6,upper,short-answer,Challenge,bnu-high-s6-导数及其应用,导数及其应用,选择性必修 第二册,导数及其应用,pass,none,high,stage-b,pass,pass,pass,pass,not_applicable,"a=0, b=-3",,,,"存储答案 a=0, b=-3 与 Stage A 独立解一致，解析正确。","a = 0, b = -3","a = 0, b = -3 | a=0,b=-3 | a=0，b=-3",pass,none,"a=0, b=-3",pass,pass,not_applicable,,,已知函数 f(x) = x³ + ax² + bx + 1 在 x = 1 处取得极小值，且 f'(0) = -3。求 a 和 b 的值。
bnu-high-ds-v1-s6-243,S6,upper,fill-in,Exam,bnu-high-s6-导数及其应用,导数及其应用,选择性必修 第二册,导数及其应用,pass,none,high,stage-b,pass,pass,pass,pass,not_applicable,2,,,,存储答案 2 与 Stage A 独立解一致，解析正确。,2,2,pass,none,2,pass,pass,not_applicable,,,"函数 f(x) = x³ - 3x 在区间 [-2, 2] 上的最大值是 ______。"
bnu-high-ds-v1-s6-244,S6,upper,multiple-choice,Core,bnu-high-s6-导数及其应用,导数及其应用,选择性必修 第二册,导数及其应用,pass,none,high,stage-b,pass,pass,pass,pass,pass,A,,,,存储答案 y=-2 与 Stage A 独立解一致，解析正确。,y = -2,y = -2,pass,none,A,pass,pass,pass,,,"曲线 y = x³ - 3x 在点 (1, -2) 处的切线方程是："
bnu-high-ds-v1-s6-245,S6,upper,short-answer,Challenge,bnu-high-s6-导数及其应用,导数及其应用,选择性必修 第二册,导数及其应用,pass,none,high,stage-b,pass,pass,pass,pass,not_applicable,长 6 m，宽 3 m，最大面积 18 m²,,,,存储答案与 Stage A 独立解一致，解析正确。,长为6 m，宽为3 m，最大面积为18 m²,长为6 m，宽为3 m，最大面积为18 m² | 长6m，宽3m，面积18m² | 长6米，宽3米，最大面积18平方米,pass,none,长 6 m，宽 3 m，最大面积 18 m²,pass,pass,not_applicable,,,用总长为 12 m 的篱笆围成一个矩形场地，一边靠墙（墙足够长），如何设计长和宽才能使场地面积最大？求出最大面积。
bnu-high-ds-v1-s6-246,S6,upper,fill-in,Exam,bnu-high-s6-导数及其应用,导数及其应用,选择性必修 第二册,导数及其应用,pass,none,high,stage-b,pass,pass,pass,pass,not_applicable,"(1, +∞)",,,,"存储答案 (1,+∞) 与 Stage A 独立解一致，解析正确。","(1, +∞)","(1, +∞) | (1,+∞) | x>1",pass,none,"(1, +∞)",pass,pass,not_applicable,,,函数 f(x) = x² - 2ln x 的单调递增区间是 ______。
bnu-high-ds-v1-s6-247,S6,upper,multiple-choice,Core,bnu-high-s6-导数及其应用,导数及其应用,选择性必修 第二册,导数及其应用,pass,none,high,stage-b,pass,pass,pass,pass,pass,B,,,,存储答案 x=3 与 Stage A 独立解一致，解析正确。,x = 3,x = 3,pass,none,B,pass,pass,pass,,,函数 f(x) = x³ - 3x² - 9x + 5 的极小值点是：
bnu-high-ds-v1-s6-248,S6,upper,short-answer,Challenge,bnu-high-s6-导数及其应用,导数及其应用,选择性必修 第二册,导数及其应用,pass,none,high,stage-b,pass,pass,pass,pass,not_applicable,"[-3, 3]",,,,"存储答案 [-3,3] 与 Stage A 独立解一致，解析正确。","[-3, 3]","[-3, 3] | -3≤a≤3 | a∈[-3,3]",pass,none,"[-3, 3]",pass,pass,not_applicable,,,已知函数 f(x) = x³ - ax² + 3x 在 R 上单调递增，求实数 a 的取值范围。
bnu-high-ds-v1-s6-249,S6,upper,fill-in,Exam,bnu-high-s6-导数及其应用,导数及其应用,选择性必修 第二册,导数及其应用,pass,none,high,stage-b,pass,pass,pass,pass,not_applicable,5,,,,存储答案5与独立解一致，解析正确。,5,5,pass,none,5,pass,pass,not_applicable,,,"曲线 y = x³ + 2x 在点 (1, 3) 处的切线斜率为 ______。"
bnu-high-ds-v1-s6-250,S6,upper,multiple-choice,Core,bnu-high-s6-导数及其应用,导数及其应用,选择性必修 第二册,导数及其应用,pass,none,high,stage-b,pass,pass,pass,pass,pass,4,,,,存储答案4与独立解一致，解析正确，选项唯一。,4,4,pass,none,4,pass,pass,pass,,,"设函数 f(x) = x³ - 3x，其在区间 [-2, 2] 上的最大值与最小值之差为："
bnu-high-ds-v1-s6-251,S6,upper,short-answer,Challenge,bnu-high-s6-导数及其应用,导数及其应用,选择性必修 第二册,导数及其应用,pass,none,high,stage-b,pass,pass,pass,pass,not_applicable,a=1,,,,存储答案1与独立解一致，解析正确。,1,1,pass,none,a=1,pass,pass,not_applicable,,,"已知函数 \(f(x) = \ln x - ax + 1\)，其中 \(a > 0\)。若 \(f(x)\) 在区间 \([1, e]\) 上的最大值为 \(0\)，求实数 \(a\) 的值。"
bnu-high-ds-v1-s6-252,S6,upper,fill-in,Exam,bnu-high-s6-导数及其应用,导数及其应用,选择性必修 第二册,导数及其应用,fail,blocker,high,stage-c,pass,pass,fail,fail,not_applicable,\frac{128}{9},\frac{128}{9},math_error|answer_mismatch|explanation_contradiction,overlong_rationale,导数计算正确，切线方程为 y=9x-16，截距分别为 16/9 和 -16，三角形面积应为 1/2 × (16/9) × 16 = 128/9。提供的答案 8/9 错误，且解析中计算过程得出 128/9 却给出错误答案，自相矛盾。,\frac{8}{9},\frac{8}{9} | 8/9,pass,none,4/9,fail,fail,not_applicable,\frac{128}{9},blocker,"曲线 \(y = x^3 - 3x\) 在点 \((2, 2)\) 处的切线与坐标轴围成的三角形面积为 ______。"
bnu-high-ds-v1-s6-253,S6,upper,multiple-choice,Core,bnu-high-s6-导数及其应用,导数及其应用,选择性必修 第二册,导数及其应用,pass,none,high,stage-c,pass,pass,pass,pass,pass,"(-1, 3)",,,,"函数可解，导数 f'(x)=3(x-3)(x+1)，递减区间为 (-1,3)。选项 A 正确且唯一，解析一致，无争议。","(-1, 3)","(-1, 3)",pass,none,"(-1, 3)",pass,pass,pass,,none,函数 \(f(x) = x^3 - 3x^2 - 9x + 5\) 的单调递减区间是
bnu-high-ds-v1-s6-254,S6,upper,short-answer,Challenge,bnu-high-s6-导数及其应用,导数及其应用,选择性必修 第二册,导数及其应用,fail,blocker,high,stage-c,pass,pass,fail,fail,not_applicable,最大值为 13/6，最小值为 -7/3,最大值为 \frac{13}{6}，最小值为 -\frac{7}{3},math_error|answer_mismatch|explanation_contradiction,,"函数在区间[-2,3]上的最大值为13/6，最小值为-7/3。存储答案最大值13/3错误，且解析中计算f(-1)=13/6却得出13/3，自相矛盾。",最大值为 \frac{13}{3}，最小值为 -\frac{7}{3},最大值为 \frac{13}{3}，最小值为 -\frac{7}{3} | 最大值13/3，最小值-7/3,pass,none,最大值为 7/3，最小值为 -7/3,fail,fail,not_applicable,最大值为 \frac{13}{6}，最小值为 -\frac{7}{3},blocker,"求函数 \(f(x) = \frac{1}{3}x^3 - \frac{1}{2}x^2 - 2x + 1\) 在区间 \([-2, 3]\) 上的最大值与最小值。"
bnu-high-ds-v1-s6-255,S6,upper,fill-in,Exam,bnu-high-s6-导数及其应用,导数及其应用,选择性必修 第二册,导数及其应用,warn,minor,high,stage-c,pass,pass,pass,weak,not_applicable,-7,,explanation_contradiction,status_rationale_tension,"题目可解，答案-7正确，符合教材范围。解析中错误声称a=4,b=-11时x=1不是极值点，与最终结论矛盾，但未影响答案正确性，故标记为解释瑕疵。",-7,-7,pass,none,-7,pass,weak,not_applicable,,minor,若函数 \(f(x) = x^3 + ax^2 + bx + a^2\) 在 \(x = 1\) 处取得极值 \(10\)，则 \(a + b =\) ______。
bnu-high-ds-v1-s6-256,S6,upper,multiple-choice,Core,bnu-high-s6-导数及其应用,导数及其应用,选择性必修 第二册,导数及其应用,pass,none,high,stage-b,pass,pass,pass,pass,pass,y = 2x + 1,,,,存储答案y=2x+1与独立解一致，解析正确，选项唯一。,y = 2x + 1,y = 2x + 1,pass,none,y = 2x + 1,pass,pass,pass,,,"曲线 \(y = e^x + x\) 在点 \((0, 1)\) 处的切线方程为"
bnu-high-ds-v1-s6-257,S6,upper,short-answer,Challenge,bnu-high-s6-导数及其应用,导数及其应用,选择性必修 第二册,导数及其应用,fail,blocker,high,stage-c,pass,pass,fail,fail,not_applicable,m = 15,m = 15,math_error|answer_mismatch|explanation_contradiction,,"函数f(x)=x^3-3x^2-9x+m在[-2,2]上最小值为-7，求导得f'(x)=3(x-3)(x+1)，驻点x=-1。计算f(-2)=m-2，f(-1)=m+5，f(2)=m-22，最小值为m-22=-7，解得m=15。原答案3错误，解析中也指出错误但未修正，答案与解析矛盾。",3,3,pass,none,m = 5,fail,fail,not_applicable,m = 15,blocker,"已知函数 \(f(x) = x^3 - 3x^2 - 9x + m\) 在区间 \([-2, 2]\) 上的最小值为 \(-7\)，求实数 \(m\) 的值。"
bnu-high-ds-v1-s6-258,S6,upper,fill-in,Exam,bnu-high-s6-导数及其应用,导数及其应用,选择性必修 第二册,导数及其应用,pass,none,high,stage-b,pass,pass,pass,pass,not_applicable,18,,,,答案18与独立解一致，解析正确。,18,18,pass,none,18,pass,pass,not_applicable,,,"函数 \(f(x) = x^3 - 3x\) 在区间 \([0, 3]\) 上的最大值为 ______。"
bnu-high-ds-v1-s6-259,S6,upper,multiple-choice,Core,bnu-high-s6-导数及其应用,导数及其应用,选择性必修 第二册,导数及其应用,pass,none,high,stage-b,pass,pass,pass,pass,pass,"(0, 1)",,,,"答案(0,1)与独立解一致，解析正确，选项唯一。","(0, 1)","(0, 1)",pass,none,"(0, 1)",pass,pass,pass,,,函数 \(f(x) = \ln x - x\) 的单调递增区间是
bnu-high-ds-v1-s6-260,S6,upper,short-answer,Challenge,bnu-high-s6-导数及其应用,导数及其应用,选择性必修 第二册,导数及其应用,pass,none,high,stage-b,pass,pass,pass,pass,not_applicable,最大值为11，最小值为2,,,,答案与独立解一致，解析正确。,最大值为 11，最小值为 2,最大值为 11，最小值为 2 | 最大值11，最小值2,pass,none,最大值为11，最小值为2,pass,pass,not_applicable,,,"求函数 \(f(x) = x^4 - 2x^2 + 3\) 在区间 \([-2, 2]\) 上的最大值与最小值。"
bnu-high-ds-v1-s6-261,S6,upper,fill-in,Exam,bnu-high-s6-导数及其应用,导数及其应用,选择性必修 第二册,导数及其应用,fail,blocker,high,stage-c,pass,pass,fail,fail,not_applicable,a = 10,a = 10,math_error|answer_mismatch|explanation_contradiction,,题目可解，符合教材范围。独立求解得 a=10，但存储答案为 2，解析虽推导出 a=10 却与答案矛盾，属于严重答案错误和解释矛盾。,2,2,pass,none,a = 10,fail,fail,not_applicable,a = 10,blocker,"已知函数 f(x) = x^3 - 3x^2 + a 在区间 [-1, 3] 上的最大值为 10，求实数 a 的值。"
bnu-high-ds-v1-s6-262,S6,upper,multiple-choice,Core,bnu-high-s6-导数及其应用,导数及其应用,选择性必修 第二册,导数及其应用,pass,none,high,stage-c,pass,pass,pass,pass,pass,"(-1, 1)",,,,"函数可解，导数计算正确，单调递减区间为(-1,1)，与选项B一致，解析无误，选项唯一，无任何问题。","(-1, 1)","(-1, 1)",pass,none,"(-1, 1)",pass,pass,pass,,none,函数 f(x) = x^3 - 3x 的单调递减区间是？
bnu-high-ds-v1-s6-263,S6,upper,short-answer,Challenge,bnu-high-s6-导数及其应用,导数及其应用,选择性必修 第二册,导数及其应用,fail,blocker,high,stage-c,pass,pass,fail,fail,not_applicable,"a = -3, b = -9, c = 0","a = -3, b = -9, c = 0",math_error|answer_mismatch|explanation_contradiction,,"题目可解，符合教材范围。独立求解得 a=-3, b=-9, c=0，但存储答案 c=2，解析中代入 f(-1) 计算错误，导致答案不匹配，属于严重数学错误。","a=-3, b=-9, c=2","a=-3, b=-9, c=2 | a=-3,b=-9,c=2",pass,none,"a = -3, b = -9, c = 0",fail,fail,not_applicable,"a = -3, b = -9, c = 0",blocker,"已知函数 f(x) = x^3 + ax^2 + bx + c 在 x = -1 处取得极大值 5，在 x = 3 处取得极小值，求 a, b, c 的值。"
bnu-high-ds-v1-s6-264,S6,upper,fill-in,Exam,bnu-high-s6-导数及其应用,导数及其应用,选择性必修 第二册,导数及其应用,fail,blocker,high,stage-c,pass,pass,fail,fail,not_applicable,0,0,math_error|answer_mismatch|explanation_contradiction,,题目可解，导数计算正确得k=-1，b=1，k+b=0。但存储答案为-1，与正确结果0不符，解析虽得出0却答案字段错误，属于答案错误和解释矛盾，严重性为blocker。,-1,-1,pass,none,0,fail,fail,not_applicable,0,blocker,"曲线 y = x^3 - 2x^2 + 1 在点 (1, 0) 处的切线方程为 y = kx + b，则 k + b = ______。"
bnu-high-ds-v1-s6-265,S6,upper,multiple-choice,Core,bnu-high-s6-导数及其应用,导数及其应用,选择性必修 第二册,导数及其应用,pass,none,high,stage-b,pass,pass,pass,pass,pass,1,,,,存储答案1与独立解一致，解析正确，选项唯一。,1,1,pass,none,1,pass,pass,pass,,,"函数 f(x) = x^3 - 6x^2 + 9x + 1 在区间 [0, 4] 上的最小值是？"
bnu-high-ds-v1-s6-266,S6,upper,short-answer,Challenge,bnu-high-s6-导数及其应用,导数及其应用,选择性必修 第二册,导数及其应用,pass,none,high,stage-b,pass,pass,pass,pass,not_applicable,长 10 m，宽 5 m，最大面积 50 m²,,,,存储答案与独立解一致，解析正确。,长为10 m，宽为5 m，最大面积为50 m²,长为10 m，宽为5 m，最大面积为50 m² | 长10米，宽5米，最大面积50平方米,pass,none,长 10 m，宽 5 m，最大面积 50 m²,pass,pass,not_applicable,,,用总长为 20 m 的篱笆围成一个矩形场地，一边靠墙（墙足够长），如何设计长和宽才能使场地面积最大？最大面积是多少？
bnu-high-ds-v1-s6-267,S6,upper,fill-in,Exam,bnu-high-s6-导数及其应用,导数及其应用,选择性必修 第二册,导数及其应用,pass,none,high,stage-b,pass,pass,pass,pass,not_applicable,"[-3, 3]",,,,"存储答案[-3,3]与独立解一致，解析正确。","[-3, 3]","[-3, 3] | [-3,3]",pass,none,"[-3, 3]",pass,pass,not_applicable,,,若函数 f(x) = x^3 + ax^2 + 3x + 1 在 R 上单调递增，则实数 a 的取值范围是 ______。
bnu-high-ds-v1-s6-268,S6,upper,multiple-choice,Core,bnu-high-s6-导数及其应用,导数及其应用,选择性必修 第二册,导数及其应用,pass,none,high,stage-b,pass,pass,pass,pass,pass,32,,,,存储答案32与独立解一致，解析正确，选项唯一。,32,32,pass,none,32,pass,pass,pass,,,函数 f(x) = x^3 - 3x^2 - 9x + 5 的极大值与极小值之差为？
bnu-high-ds-v1-s6-269,S6,upper,short-answer,Challenge,bnu-high-s6-导数及其应用,导数及其应用,选择性必修 第二册,导数及其应用,fail,blocker,high,stage-c,pass,pass,fail,fail,not_applicable,a = 15,a = 15,math_error|answer_mismatch|explanation_contradiction,,题目可解，独立求解得 a=15。存储答案为 a=7，与正确解不符。解析过程正确得出 a=15，但最终答案写为 7，存在数学错误和解释矛盾。,a = 7,a = 7 | a=7 | 7,pass,none,a = 15,fail,fail,not_applicable,a = 15,blocker,"已知函数 f(x) = x^3 - 3x^2 - 9x + a 在区间 [-2, 4] 上的最大值为 20，求 a 的值。"
bnu-high-ds-v1-s6-270,S6,upper,fill-in,Exam,bnu-high-s6-导数及其应用,导数及其应用,选择性必修 第二册,导数及其应用,pass,none,high,stage-b,pass,pass,pass,pass,not_applicable,1,,,,存储答案1与独立解一致，解析正确。,1,1,pass,none,1,pass,pass,not_applicable,,,"曲线 y = x^3 + ax + b 在点 (1, 2) 处的切线斜率为 4，则 a + b = ______。"
bnu-high-ds-v1-s6-271,S6,upper,multiple-choice,Core,bnu-high-s6-导数及其应用,导数及其应用,选择性必修 第二册,导数及其应用,pass,none,high,stage-b,pass,pass,pass,pass,pass,y = 0,,,,存储答案y=0与独立解一致，解析正确，选项唯一。,y = 0,y = 0,pass,none,y = 0,pass,pass,pass,,,"已知函数 f(x) = x^3 - 3x + 2，则曲线 y = f(x) 在点 (1, f(1)) 处的切线方程为（ ）"
bnu-high-ds-v1-s6-272,S6,upper,short-answer,Challenge,bnu-high-s6-导数及其应用,导数及其应用,选择性必修 第二册,导数及其应用,pass,none,high,stage-b,pass,pass,pass,pass,not_applicable,最大值 2，最小值 -2,,,,存储答案与独立解一致，解析正确。,最大值为2，最小值为-2,"最大值为2，最小值为-2 | 最大值2，最小值-2 | max=2, min=-2",pass,none,最大值 2，最小值 -2,pass,pass,not_applicable,,,"已知函数 f(x) = x^3 - 3x^2 + 2，求 f(x) 在区间 [-1, 3] 上的最大值与最小值。"
bnu-high-ds-v1-s6-273,S6,upper,fill-in,Exam,bnu-high-s6-导数及其应用,导数及其应用,选择性必修 第二册,导数及其应用,pass,none,high,stage-b,pass,pass,pass,pass,not_applicable,1,,,,存储答案1与独立解一致，解析正确。,1,1 | x=1,pass,none,1,pass,pass,not_applicable,,,函数 f(x) = x^3 - 3x 在 x = ______ 处取得极小值。
bnu-high-ds-v1-s6-274,S6,upper,multiple-choice,Core,bnu-high-s6-导数及其应用,导数及其应用,选择性必修 第二册,导数及其应用,pass,none,high,stage-b,pass,pass,pass,pass,pass,"(-1, 1)",,,,"存储答案(-1,1)与独立解一致，选项唯一正确。","(-1, 1)","(-1, 1)",pass,none,"(-1, 1)",pass,pass,pass,,,函数 f(x) = x^3 - 3x 的单调递减区间是（ ）
bnu-high-ds-v1-s6-275,S6,upper,short-answer,Challenge,bnu-high-s6-导数及其应用,导数及其应用,选择性必修 第二册,导数及其应用,pass,none,high,stage-b,pass,pass,pass,pass,not_applicable,"r=2, h=8",,,,"存储答案r=2, h=8与独立解一致，解析正确。","r=2, h=8","r=2, h=8 | r=2，h=8 | r=2 h=8",pass,none,"r=2, h=8",pass,pass,not_applicable,,,要做一个容积为32π的圆柱形无盖容器，底面半径为r，高为h。求当表面积最小时，r与h的值。
bnu-high-ds-v1-s6-276,S6,upper,fill-in,Exam,bnu-high-s6-导数及其应用,导数及其应用,选择性必修 第二册,导数及其应用,pass,none,high,stage-b,pass,pass,pass,pass,not_applicable,9,,,,存储答案9与独立解一致，解析正确。,9,9 | k=9,pass,none,9,pass,pass,not_applicable,,,"曲线 y = x^3 - 3x 在点 (2, 2) 处的切线斜率为 ______。"
bnu-high-ds-v1-s6-277,S6,upper,multiple-choice,Core,bnu-high-s6-导数及其应用,导数及其应用,选择性必修 第二册,导数及其应用,pass,none,high,stage-b,pass,pass,pass,pass,pass,2,,,,存储答案2与独立解一致，选项唯一正确。,2,2,pass,none,2,pass,pass,pass,,,"函数 f(x) = x^3 - 3x 在区间 [-2, 2] 上的最大值是（ ）"
bnu-high-ds-v1-s6-278,S6,upper,short-answer,Challenge,bnu-high-s6-导数及其应用,导数及其应用,选择性必修 第二册,导数及其应用,pass,none,high,stage-b,pass,pass,pass,pass,not_applicable,-2<a<2,,,,存储答案-2<a<2与独立解一致，解析正确。,-2 < a < 2,"-2 < a < 2 | (-2, 2) | a∈(-2,2)",pass,none,-2<a<2,pass,pass,not_applicable,,,已知函数 f(x) = x^3 - 3x + a 有三个不同的零点，求实数 a 的取值范围。
bnu-high-ds-v1-s6-279,S6,upper,fill-in,Exam,bnu-high-s6-导数及其应用,导数及其应用,选择性必修 第二册,导数及其应用,pass,none,high,stage-b,pass,pass,pass,pass,not_applicable,2,,,,存储答案2与独立解一致，解析正确。,2,2 | 极大值2,pass,none,2,pass,pass,not_applicable,,,函数 f(x) = x^3 - 3x 的极大值为 ______。
bnu-high-ds-v1-s6-280,S6,upper,multiple-choice,Core,bnu-high-s6-导数及其应用,导数及其应用,选择性必修 第二册,导数及其应用,pass,none,high,stage-b,pass,pass,pass,pass,pass,y = -3x,,,,存储答案y=-3x与独立解一致，选项唯一正确。,y = -3x,y = -3x,pass,none,y = -3x,pass,pass,pass,,,"函数 f(x) = x^3 - 3x 在点 (0, 0) 处的切线方程为（ ）"
bnu-high-ds-v1-s6-281,S6,upper,short-answer,Challenge,bnu-high-s6-导数及其应用,导数及其应用,选择性必修 第二册,导数及其应用,pass,none,high,stage-b,pass,pass,pass,pass,not_applicable,a = 4,,,,存储答案 a=4 与独立解一致，解析正确。,a = 4,a = 4 | 4,pass,none,a = 4,pass,pass,not_applicable,,,"已知函数 f(x) = x^3 - 3x^2 + a 在区间 [0, 3] 上的最大值为 4，求实数 a 的值。"
bnu-high-ds-v1-s6-282,S6,upper,fill-in,Exam,bnu-high-s6-导数及其应用,导数及其应用,选择性必修 第二册,导数及其应用,pass,none,high,stage-b,pass,pass,pass,pass,not_applicable,y = -2,,,,存储答案 y=-2 与独立解一致，解析正确。,y = -2,y = -2 | y=-2,pass,none,y = -2,pass,pass,not_applicable,,,"曲线 y = x^3 - 3x 在点 (1, -2) 处的切线方程为 ______。"
bnu-high-ds-v1-s6-283,S6,upper,multiple-choice,Core,bnu-high-s6-导数及其应用,导数及其应用,选择性必修 第二册,导数及其应用,pass,none,high,stage-c,pass,pass,pass,pass,pass,"[-1, 1]",,,,"函数可导，f'(x)=3x^2-3，令f'(x)≤0得-1≤x≤1，单调递减区间为[-1,1]，选项D唯一匹配，解析一致，无争议。","[-1, 1]","[-1, 1]",pass,none,"[-1, 1]",pass,pass,pass,,none,函数 f(x) = x^3 - 3x 的单调递减区间是（ ）
bnu-high-ds-v1-s6-284,S6,upper,short-answer,Challenge,bnu-high-s6-导数及其应用,导数及其应用,选择性必修 第二册,导数及其应用,pass,none,high,stage-b,pass,pass,pass,pass,not_applicable,最大值为 10，最小值为 -22,,,,存储答案与独立解一致，解析正确。,最大值为 10，最小值为 -22,"最大值为 10，最小值为 -22 | 最大值10，最小值-22 | 10, -22",pass,none,最大值为 10，最小值为 -22,pass,pass,not_applicable,,,"求函数 f(x) = x^3 - 3x^2 - 9x + 5 在区间 [-2, 4] 上的最大值与最小值。"
bnu-high-ds-v1-s6-285,S6,upper,fill-in,Exam,bnu-high-s6-导数及其应用,导数及其应用,选择性必修 第二册,导数及其应用,fail,blocker,high,stage-c,pass,pass,fail,fail,not_applicable,8,8,math_error|explanation_contradiction,,题目可解，符合教材范围。独立求解得 a+b=8，但存储答案为 -3，解析自相矛盾（先得 a+b=8 后错误给出 -3），属于严重错误。,-3,-3,pass,none,a + b = -3,fail,fail,not_applicable,8,blocker,若函数 f(x) = x^3 + ax^2 + bx + 1 在 x = 1 处有极值 10，则 a + b = ______。
bnu-high-ds-v1-s6-286,S6,upper,multiple-choice,Core,bnu-high-s6-导数及其应用,导数及其应用,选择性必修 第二册,导数及其应用,pass,none,high,stage-b,pass,pass,pass,pass,pass,1,,,,存储答案 1 与独立解一致，解析正确，选项唯一。,1,1,pass,none,1,pass,pass,pass,,,函数 f(x) = x^3 - 3x^2 + 1 的极大值是（ ）
bnu-high-ds-v1-s6-287,S6,upper,short-answer,Challenge,bnu-high-s6-导数及其应用,导数及其应用,选择性必修 第二册,导数及其应用,pass,none,high,stage-b,pass,pass,pass,pass,not_applicable,18 m²,,,,存储答案 18 m² 与独立解一致，解析正确。,18 m²,18 m² | 18平方米 | 18,pass,none,18 m²,pass,pass,not_applicable,,,用总长为 12 m 的篱笆围成一个矩形场地，一边靠墙（墙足够长），求矩形场地的最大面积。
bnu-high-ds-v1-s6-288,S6,upper,fill-in,Exam,bnu-high-s6-导数及其应用,导数及其应用,选择性必修 第二册,导数及其应用,pass,none,high,stage-b,pass,pass,pass,pass,not_applicable,a = 2,,,,存储答案 2 与独立解一致，解析正确。,2,2,pass,none,a = 2,pass,pass,not_applicable,,,"曲线 y = x^3 + ax + b 在点 (1, 2) 处的切线斜率为 5，则 a = ______。"
bnu-high-ds-v1-s6-289,S6,upper,multiple-choice,Core,bnu-high-s6-导数及其应用,导数及其应用,选择性必修 第二册,导数及其应用,pass,none,high,stage-b,pass,pass,pass,pass,pass,2,,,,存储答案2与独立解一致，解析正确，选项唯一。,2,2,pass,none,2,pass,pass,pass,,,"函数 f(x) = x^3 - 3x 在区间 [-2, 2] 上的最大值是（ ）"
bnu-high-ds-v1-s6-290,S6,upper,short-answer,Challenge,bnu-high-s6-导数及其应用,导数及其应用,选择性必修 第二册,导数及其应用,fail,blocker,high,stage-c,pass,pass,fail,fail,not_applicable,a ≥ 3,a ≥ 3,math_error|answer_mismatch|explanation_contradiction,,"函数f(x)=x^3-3x^2+ax在[1,2]单调递增，需f'(x)=3x^2-6x+a≥0恒成立。f'(x)在[1,2]最小值为f'(1)=a-3，故a≥3。存储答案a≥0错误，解析虽修正为a≥3但与存储答案矛盾，属严重数学错误。",a ≥ 0,a ≥ 0 | a>=0,pass,none,a ≥ 0,fail,fail,not_applicable,a ≥ 3,blocker,"已知函数 f(x) = x^3 - 3x^2 + ax 在区间 [1, 2] 上单调递增，求实数 a 的取值范围。"
bnu-high-ds-v1-s6-291,S6,upper,fill-in,Exam,bnu-high-s6-导数及其应用,导数及其应用,选择性必修 第二册,导数及其应用,fail,blocker,high,stage-c,pass,pass,fail,fail,not_applicable,10,10,math_error|answer_mismatch|explanation_contradiction,,"函数f(x)=x^3-3x^2+a在[-1,3]上最大值为10，求导得f'(x)=3x(x-2)，驻点0,2。计算f(-1)=a-4，f(0)=a，f(2)=a-4，f(3)=a，最大值为a，故a=10。存储答案6错误，解析过程也得出a=10，但最终答案写为6，存在数学错误和答案矛盾。",6,6,pass,none,a = 10,fail,fail,not_applicable,10,blocker,"已知函数 f(x) = x^3 - 3x^2 + a 在区间 [-1, 3] 上的最大值为 10，求实数 a 的值。"
bnu-high-ds-v1-s6-292,S6,upper,multiple-choice,Core,bnu-high-s6-导数及其应用,导数及其应用,选择性必修 第二册,导数及其应用,fail,blocker,high,stage-c,pass,pass,fail,fail,fail,"(-1, 1)","(-1, 1)",math_error|ambiguous_mc|explanation_contradiction,,"函数 f(x)=x^3-3x 的导数 f'(x)=3x^2-3，令 f'(x)<0 得 -1<x<1，单调递减区间为开区间 (-1,1)。存储答案 [-1,1] 错误，且解析称闭区间，但单调区间通常写开区间，选项中有 (-1,1)，导致答案不唯一。","[-1, 1]","[-1, 1]",pass,none,"(-1, 1)",fail,fail,fail,"(-1, 1)",blocker,函数 f(x) = x^3 - 3x 的单调递减区间是？
bnu-high-ds-v1-s6-293,S6,upper,short-answer,Exam,bnu-high-s6-导数及其应用,导数及其应用,选择性必修 第二册,导数及其应用,pass,none,high,stage-b,pass,pass,pass,pass,not_applicable,最大值为 10，最小值为 -22,,,,存储答案与独立解一致，解析正确。,最大值为 10，最小值为 -22,最大值为 10，最小值为 -22 | 最大值10，最小值-22,pass,none,最大值为 10，最小值为 -22,pass,pass,not_applicable,,,"求函数 f(x) = x^3 - 3x^2 - 9x + 5 在区间 [-2, 4] 上的最大值与最小值。"
bnu-high-ds-v1-s6-294,S6,upper,fill-in,Core,bnu-high-s6-导数及其应用,导数及其应用,选择性必修 第二册,导数及其应用,pass,none,high,stage-b,pass,pass,pass,pass,not_applicable,0,,,,存储答案0与独立解一致，解析正确。,0,0,pass,none,0,pass,pass,not_applicable,,,"曲线 y = x^3 - 2x + 1 在点 (1, 0) 处的切线方程为 y = kx + b，则 k + b = ______。"
bnu-high-ds-v1-s6-295,S6,upper,multiple-choice,Exam,bnu-high-s6-导数及其应用,导数及其应用,选择性必修 第二册,导数及其应用,pass,none,high,stage-b,pass,pass,pass,pass,pass,-3,,,,存储答案-3与独立解一致，解析正确，选项唯一。,-3,-3,pass,none,-3,pass,pass,pass,,,若函数 f(x) = x^3 + ax^2 + bx + c 在 x = -1 处取得极大值，在 x = 3 处取得极小值，则 a 的值为？
bnu-high-ds-v1-s6-296,S6,upper,short-answer,Core,bnu-high-s6-导数及其应用,导数及其应用,选择性必修 第二册,导数及其应用,pass,none,high,stage-b,pass,pass,pass,pass,not_applicable,极大值 2，极小值 -2,,,,存储答案与独立解一致，解析正确。,极大值 2，极小值 -2,极大值 2，极小值 -2 | 极大值为2，极小值为-2,pass,none,极大值 2，极小值 -2,pass,pass,not_applicable,,,求函数 f(x) = x^3 - 3x^2 + 2 的极值。
bnu-high-ds-v1-s6-297,S6,upper,fill-in,Exam,bnu-high-s6-导数及其应用,导数及其应用,选择性必修 第二册,导数及其应用,fail,blocker,high,stage-c,fail,pass,fail,fail,not_applicable,9,9,math_error|answer_mismatch|explanation_contradiction|unsolvable,,"题目条件矛盾：由f(0)=5得c=5，f'(0)=2得b=2，f'(1)=0得a=-2.5，但f(1)=5.5≠10，无法同时满足所有条件。若忽略f(0)=5，仅用f(1)=10、f'(1)=0、f'(0)=2，解得a=-2.5, b=2, c=9.5，a+b+c=9，但原答案16错误，解析自相矛盾。题目不可解。",16,16,pass,none,2,fail,fail,not_applicable,9,blocker,"已知函数 f(x) = x^3 + ax^2 + bx + c 在 x = 1 处有极值 10，且其图像在点 (0, 5) 处的切线斜率为 2，则 a + b + c = ______。"
bnu-high-ds-v1-s6-298,S6,upper,multiple-choice,Core,bnu-high-s6-导数及其应用,导数及其应用,选择性必修 第二册,导数及其应用,pass,none,high,stage-b,pass,pass,pass,pass,pass,2,,,,答案2正确，解析正确，唯一选项。,2,2,pass,none,2,pass,pass,pass,,,"函数 f(x) = x^3 - 3x 在区间 [-2, 2] 上的最大值是？"
bnu-high-ds-v1-s6-299,S6,upper,short-answer,Exam,bnu-high-s6-导数及其应用,导数及其应用,选择性必修 第二册,导数及其应用,pass,none,high,stage-b,pass,pass,pass,pass,not_applicable,"(-∞, -1) ∪ (3, +∞)",,,,"答案(-∞, -1)和(3, +∞)正确，解析正确。","(-∞, -1) 和 (3, +∞)","(-∞, -1) 和 (3, +∞) | (-∞,-1)和(3,+∞)",pass,none,"(-∞, -1) ∪ (3, +∞)",pass,pass,not_applicable,,,已知函数 f(x) = x^3 - 3x^2 - 9x + 5，求其单调递增区间。
bnu-high-ds-v1-s6-300,S6,upper,fill-in,Core,bnu-high-s6-导数及其应用,导数及其应用,选择性必修 第二册,导数及其应用,pass,none,high,stage-b,pass,pass,pass,pass,not_applicable,9,,,,答案9正确，解析正确。,9,9,pass,none,9,pass,pass,not_applicable,,,"曲线 y = x^3 - 3x 在点 (2, 2) 处的切线斜率为 ______。"
bnu-high-ds-v1-s6-301,S6,upper,multiple-choice,Exam,bnu-high-s6-导数及其应用,导数及其应用,选择性必修 第二册,导数及其应用,fail,blocker,high,stage-c,fail,pass,fail,fail,fail,10,10,math_error|answer_mismatch|bad_options|explanation_contradiction|unsolvable,,"函数f(x)=x^3-3x^2+a在[-1,3]上的最大值为max{f(-1),f(0),f(2),f(3)}=max{a-4,a}=a，由a=10得a=10，但选项无10，题目无正确选项，不可解。存储答案4错误，解析自相矛盾。",4,4,pass,none,2,fail,fail,fail,10,blocker,"已知函数 f(x) = x^3 - 3x^2 + a 在区间 [-1, 3] 上的最大值为 10，则实数 a 的值为（ ）。"
bnu-high-ds-v1-s6-302,S6,upper,short-answer,Core,bnu-high-s6-导数及其应用,导数及其应用,选择性必修 第二册,导数及其应用,pass,none,high,stage-b,pass,pass,pass,pass,not_applicable,"(-1, 3)",,,,"答案(-1, 3)正确，解析正确。","(-1, 3)","(-1, 3) | (-1,3)",pass,none,"(-1, 3)",pass,pass,not_applicable,,,求函数 f(x) = x^3 - 3x^2 - 9x + 5 的单调递减区间。
bnu-high-ds-v1-s6-303,S6,upper,fill-in,Exam,bnu-high-s6-导数及其应用,导数及其应用,选择性必修 第二册,导数及其应用,pass,none,high,stage-b,pass,pass,pass,pass,not_applicable,y = -x + 1,,,,答案y=-x+1正确，解析正确。,y = -x + 1,y = -x + 1 | y=-x+1,pass,none,y = -x + 1,pass,pass,not_applicable,,,"曲线 y = x^3 - 2x^2 + 1 在点 (1, 0) 处的切线方程为 ________。"
bnu-high-ds-v1-s6-304,S6,upper,multiple-choice,Core,bnu-high-s6-导数及其应用,导数及其应用,选择性必修 第二册,导数及其应用,pass,none,high,stage-b,pass,pass,pass,pass,pass,-2,,,,答案-2正确，解析正确，唯一选项。,-2,-2,pass,none,-2,pass,pass,pass,,,"函数 f(x) = x^3 - 3x 在区间 [-2, 2] 上的最小值是（ ）。"
bnu-high-ds-v1-s6-305,S6,upper,short-answer,Exam,bnu-high-s6-导数及其应用,导数及其应用,选择性必修 第二册,导数及其应用,pass,none,high,stage-b,pass,pass,pass,pass,not_applicable,"a = -3, b = -9, c = 5",,,,"存储答案与独立解一致，解析正确推导出a=-3, b=-9, c=5，无矛盾。","a = -3, b = -9, c = 5","a = -3, b = -9, c = 5 | a=-3,b=-9,c=5",pass,none,"a = -3, b = -9, c = 5",pass,pass,not_applicable,,,"已知函数 f(x) = x^3 + ax^2 + bx + c 在 x = -1 处取得极大值，在 x = 3 处取得极小值，且 f(-1) = 10，f(3) = -22，求 a, b, c 的值。"
bnu-high-ds-v1-s6-306,S6,upper,fill-in,Core,bnu-high-s6-导数及其应用,导数及其应用,选择性必修 第二册,导数及其应用,pass,none,high,stage-b,pass,pass,pass,pass,not_applicable,3,,,,存储答案3与独立解一致，解析通过求导和端点比较得出最大值3，正确。,3,3,pass,none,3,pass,pass,not_applicable,,,"函数 f(x) = x^2 - 4x + 3 在区间 [0, 3] 上的最大值为 ________。"
bnu-high-ds-v1-s6-307,S6,upper,multiple-choice,Exam,bnu-high-s6-导数及其应用,导数及其应用,选择性必修 第二册,导数及其应用,pass,none,high,stage-b,pass,pass,pass,pass,pass,a ≥ 3,,,,存储答案a≥3与独立解一致，解析推导正确，选项唯一，无问题。,a ≥ 3,a ≥ 3,pass,none,a ≥ 3,pass,pass,pass,,,"若函数 f(x) = x^3 - ax^2 + 1 在区间 (0, 2) 内单调递减，则实数 a 的取值范围是（ ）。"
bnu-high-ds-v1-s6-308,S6,upper,short-answer,Core,bnu-high-s6-导数及其应用,导数及其应用,选择性必修 第二册,导数及其应用,pass,none,high,stage-b,pass,pass,pass,pass,not_applicable,极大值10，极小值-22,,,,存储答案极大值10，极小值-22与独立解一致，解析正确，无矛盾。,极大值 10，极小值 -22,极大值 10，极小值 -22 | 极大值10，极小值-22,pass,none,极大值10，极小值-22,pass,pass,not_applicable,,,求函数 f(x) = x^3 - 3x^2 - 9x + 5 的极值。
bnu-high-ds-v1-s6-309,S6,upper,fill-in,Exam,bnu-high-s6-导数及其应用,导数及其应用,选择性必修 第二册,导数及其应用,pass,none,high,stage-b,pass,pass,pass,pass,not_applicable,9,,,,存储答案9与独立解一致，解析正确计算斜率为9，无问题。,9,9,pass,none,9,pass,pass,not_applicable,,,"曲线 y = x^3 - 3x 在点 (2, 2) 处的切线斜率为 ________。"
bnu-high-ds-v1-s6-310,S6,upper,multiple-choice,Core,bnu-high-s6-导数及其应用,导数及其应用,选择性必修 第二册,导数及其应用,pass,none,high,stage-b,pass,pass,pass,pass,pass,2,,,,存储答案2与独立解一致，解析正确，选项唯一，无问题。,2,2,pass,none,2,pass,pass,pass,,,"函数 f(x) = x^3 - 3x^2 + 2 在区间 [-1, 1] 上的最大值是（ ）。"
bnu-high-ds-v1-s6-311,S6,upper,short-answer,Exam,bnu-high-s6-导数及其应用,导数及其应用,选择性必修 第二册,导数及其应用,pass,none,high,stage-b,pass,pass,pass,pass,not_applicable,最大值10，最小值-22,,,,存储答案最大值10，最小值-22与独立解一致，解析正确，无矛盾。,最大值为 10，最小值为 -22,"最大值为 10，最小值为 -22 | 最大值10，最小值-22 | max=10, min=-22",pass,none,最大值10，最小值-22,pass,pass,not_applicable,,,"已知函数 f(x) = x^3 - 3x^2 - 9x + 5，求 f(x) 在区间 [-2, 4] 上的最大值与最小值。"
bnu-high-ds-v1-s6-312,S6,upper,fill-in,Core,bnu-high-s6-导数及其应用,导数及其应用,选择性必修 第二册,导数及其应用,pass,none,high,stage-b,pass,pass,pass,pass,not_applicable,y = x - 1,,,,存储答案y=x-1与独立解一致，解析正确，无问题。,y = x - 1,y = x - 1 | y=x-1,pass,none,y = x - 1,pass,pass,not_applicable,,,"曲线 y = x^3 - 2x + 1 在点 (1, 0) 处的切线方程为 ______。"
bnu-high-ds-v1-s6-313,S6,upper,multiple-choice,Exam,bnu-high-s6-导数及其应用,导数及其应用,选择性必修 第二册,导数及其应用,fail,blocker,high,stage-c,pass,pass,fail,fail,pass,B,B,math_error|explanation_contradiction,,"函数 f(x)=x^3-3x 的导数 f'(x)=3x^2-3=3(x-1)(x+1)。令 f'(x)<0 得 -1<x<1，故单调递减区间为 (-1,1)，对应选项 B。存储答案 [-1,1]（选项 D）错误，解析中令 f'(x)≤0 得闭区间，但单调区间通常写开区间，且选项 D 为闭区间，与正确选项 B 矛盾。","[-1, 1]","[-1, 1]",pass,none,B,fail,fail,pass,B,blocker,函数 f(x) = x^3 - 3x 的单调递减区间是（ ）。
bnu-high-ds-v1-s6-314,S6,upper,short-answer,Core,bnu-high-s6-导数及其应用,导数及其应用,选择性必修 第二册,导数及其应用,pass,none,high,stage-b,pass,pass,pass,pass,not_applicable,最大值为 3.5，最小值为 2,,,,存储答案与独立解一致，均为最大值 10/3，最小值 2。解析正确，无矛盾。,最大值为 10/3，最小值为 2,"最大值为 10/3，最小值为 2 | 最大值10/3，最小值2 | max=10/3, min=2",pass,none,最大值为 3.5，最小值为 2,pass,pass,not_applicable,,,"求函数 f(x) = x + 1/x 在区间 [1/2, 3] 上的最大值和最小值。"
bnu-high-ds-v1-s6-315,S6,upper,fill-in,Exam,bnu-high-s6-导数及其应用,导数及其应用,选择性必修 第二册,导数及其应用,fail,blocker,high,stage-c,pass,pass,fail,fail,not_applicable,0,0,math_error|answer_mismatch|explanation_contradiction,,独立求解得 a+b=0，但存储答案为 -3，解析中虽得出 a+b=0 却最终写为 -3，自相矛盾，数学错误，判定为 blocker。,-3,-3,pass,none,-3,fail,fail,not_applicable,0,blocker,若函数 f(x) = x^3 + ax^2 + bx + 1 在 x = 1 处取得极值，且 f(1) = 2，则 a + b = ______。
bnu-high-ds-v1-s6-316,S6,upper,multiple-choice,Core,bnu-high-s6-导数及其应用,导数及其应用,选择性必修 第二册,导数及其应用,pass,none,high,stage-b,pass,pass,pass,pass,pass,B,,,,存储答案 1 与独立解选项 B 一致，极小值为 1。解析正确，无矛盾。,1,1,pass,none,B,pass,pass,pass,,,函数 f(x) = x^2 - 2ln x 的极小值为（ ）。
bnu-high-ds-v1-s6-317,S6,upper,short-answer,Exam,bnu-high-s6-导数及其应用,导数及其应用,选择性必修 第二册,导数及其应用,pass,none,high,stage-b,pass,pass,pass,pass,not_applicable,a ≤ 0,,,,存储答案 a ≤ 0 与独立解一致。解析正确，无矛盾。,a ≤ 0,"a ≤ 0 | (-∞, 0]",pass,none,a ≤ 0,pass,pass,not_applicable,,,已知函数 f(x) = e^x - ax 在 R 上单调递增，求实数 a 的取值范围。
bnu-high-ds-v1-s6-318,S6,upper,fill-in,Core,bnu-high-s6-导数及其应用,导数及其应用,选择性必修 第二册,导数及其应用,pass,none,high,stage-b,pass,pass,pass,pass,not_applicable,1/e,,,,存储答案 1/e 与独立解一致。解析正确，无矛盾。,1/e,1/e,pass,none,1/e,pass,pass,not_applicable,,,"曲线 y = ln x 在点 (e, 1) 处的切线斜率为 ______。"
bnu-high-ds-v1-s6-319,S6,upper,multiple-choice,Exam,bnu-high-s6-导数及其应用,导数及其应用,选择性必修 第二册,导数及其应用,pass,none,high,stage-b,pass,pass,pass,pass,pass,A,,,,存储答案 1 与独立解选项 A 一致，极大值为 1。解析正确，无矛盾。,1,1,pass,none,A,pass,pass,pass,,,函数 f(x) = x^3 - 3x^2 + 1 的极大值是（ ）。
bnu-high-ds-v1-s6-320,S6,upper,short-answer,Core,bnu-high-s6-导数及其应用,导数及其应用,选择性必修 第二册,导数及其应用,pass,none,high,stage-b,pass,pass,pass,pass,not_applicable,极大值 4，极小值 0,,,,存储答案与独立解一致，极大值 4，极小值 0。解析正确，无矛盾。,极大值为 4，极小值为 0,"极大值为 4，极小值为 0 | 极大值4，极小值0 | max=4, min=0",pass,none,极大值 4，极小值 0,pass,pass,not_applicable,,,求函数 f(x) = x^3 - 3x + 2 的极值。
bnu-high-ds-v1-s6-321,S6,upper,fill-in,Exam,bnu-high-s6-导数及其应用,导数及其应用,选择性必修 第二册,导数及其应用,fail,blocker,high,stage-c,pass,pass,fail,fail,not_applicable,10,10,math_error|answer_mismatch|explanation_contradiction,,题目可解，符合教材范围。独立求解得a=10，但存储答案为6，解析过程也得出a=10却给出错误答案6，存在答案错误、答案不匹配和解释矛盾，严重性为阻断。,6,6,pass,none,a = 10,fail,fail,not_applicable,10,blocker,"已知函数 f(x) = x^3 - 3x^2 + a 在区间 [-1, 3] 上的最大值为 10，求实数 a 的值。"
bnu-high-ds-v1-s6-322,S6,upper,multiple-choice,Core,bnu-high-s6-导数及其应用,导数及其应用,选择性必修 第二册,导数及其应用,pass,none,high,stage-b,pass,pass,pass,pass,pass,-1,,,,答案-1与Stage A一致，解析正确，选项唯一。,-1,-1,pass,none,-1,pass,pass,pass,,,"函数 f(x) = x^3 - 3x + 1 在区间 [-2, 2] 上的最小值是（ ）"
bnu-high-ds-v1-s6-323,S6,upper,short-answer,Exam,bnu-high-s6-导数及其应用,导数及其应用,选择性必修 第二册,导数及其应用,pass,none,high,stage-b,pass,pass,pass,pass,not_applicable,"(-1, 3)",,,,"答案(-1,3)与Stage A一致，解析正确。","(-1, 3)","(-1, 3) | (-1,3)",pass,none,"(-1, 3)",pass,pass,not_applicable,,,已知函数 f(x) = x^3 - 3x^2 - 9x + 5，求 f(x) 的单调递减区间。
bnu-high-ds-v1-s6-324,S6,upper,fill-in,Core,bnu-high-s6-导数及其应用,导数及其应用,选择性必修 第二册,导数及其应用,fail,blocker,high,stage-c,pass,pass,fail,fail,not_applicable,0,0,math_error|answer_mismatch|explanation_contradiction,,题目可解，导数计算正确得k=-1，b=1，k+b=0。但存储答案为-1，与解析中k+b=0矛盾，属于答案错误且解析自相矛盾，必须修正为0。,-1,-1,pass,none,0,fail,fail,not_applicable,0,blocker,"曲线 y = x^3 - 2x^2 + 1 在点 (1, 0) 处的切线方程为 y = kx + b，则 k + b = ______。"
bnu-high-ds-v1-s6-325,S6,upper,multiple-choice,Exam,bnu-high-s6-导数及其应用,导数及其应用,选择性必修 第二册,导数及其应用,fail,blocker,high,stage-c,fail,pass,fail,fail,fail,0,0,math_error|answer_mismatch|ambiguous_mc|explanation_contradiction,,由条件解得a+b=0，但选项无0，且存储答案-3错误。解析中计算得a+b=0，却给出答案-3，自相矛盾。题目存在无正确选项的缺陷。,-3,-3,pass,none,-3,fail,fail,fail,0,blocker,若函数 f(x) = x^3 + ax^2 + bx + 1 在 x = 1 处取得极值，且 f(1) = 2，则 a + b =（ ）
bnu-high-ds-v1-s6-326,S6,upper,short-answer,Core,bnu-high-s6-导数及其应用,导数及其应用,选择性必修 第二册,导数及其应用,pass,none,high,stage-b,pass,pass,pass,pass,not_applicable,最大值为 10，最小值为 -22,,,,答案与Stage A一致，解析正确。,最大值为 10，最小值为 -22,"最大值为 10，最小值为 -22 | 最大值为10，最小值为-22 | 最大值10，最小值-22 | 最大值为10,最小值为-22",pass,none,最大值为 10，最小值为 -22,pass,pass,not_applicable,,,"求函数 f(x) = x^3 - 3x^2 - 9x + 5 在区间 [-2, 4] 上的最大值与最小值。"
bnu-high-ds-v1-s6-327,S6,upper,fill-in,Exam,bnu-high-s6-导数及其应用,导数及其应用,选择性必修 第二册,导数及其应用,fail,blocker,high,stage-c,pass,pass,fail,fail,not_applicable,0,0,math_error|explanation_contradiction,,题目可解，唯一正确答案为 k=0。存储答案“0 或 9/4”错误，解析中引入 t=-1/2 导致多出 9/4，与正确解法矛盾。,0 或 9/4,"0 或 9/4 | 0或9/4 | 0,9/4 | 0，9/4",pass,none,k = -3 或 k = 6,fail,fail,not_applicable,0,blocker,已知函数 f(x) = x^3 - 3x + 2，若直线 y = kx 与曲线 y = f(x) 相切，则 k = ______。
bnu-high-ds-v1-s6-328,S6,upper,multiple-choice,Core,bnu-high-s6-导数及其应用,导数及其应用,选择性必修 第二册,导数及其应用,pass,none,high,stage-b,pass,pass,pass,pass,pass,2,,,,答案2与Stage A一致，解析正确，选项唯一。,2,2,pass,none,2,pass,pass,pass,,,函数 f(x) = x^3 - 3x^2 + 2 的极大值是（ ）
bnu-high-ds-v1-s6-329,S6,upper,short-answer,Exam,bnu-high-s6-导数及其应用,导数及其应用,选择性必修 第二册,导数及其应用,pass,none,high,stage-b,pass,pass,pass,pass,not_applicable,18 m²,,,,存储答案18 m²与独立解一致，解析正确，无问题。,18 m²,18 m² | 18平方米 | 18m² | 18,pass,none,18 m²,pass,pass,not_applicable,,,用总长为 12 m 的篱笆围成一个矩形场地，一边靠墙（墙足够长），求矩形场地的最大面积。
bnu-high-ds-v1-s6-330,S6,upper,fill-in,Core,bnu-high-s6-导数及其应用,导数及其应用,选择性必修 第二册,导数及其应用,pass,none,high,stage-b,pass,pass,pass,pass,not_applicable,3,,,,存储答案3与独立解一致，解析正确，无问题。,3,3,pass,none,3,pass,pass,not_applicable,,,函数 f(x) = x^3 - 3x^2 - 9x + 5 的极小值点为 x = ______。
bnu-high-ds-v1-s6-331,S6,upper,multiple-choice,Exam,bnu-high-s6-导数及其应用,导数及其应用,选择性必修 第二册,导数及其应用,pass,none,high,stage-b,pass,pass,pass,pass,pass,3,,,,存储答案3与独立解一致，解析正确，选项唯一，无问题。,3,3,pass,none,3,pass,pass,pass,,,"已知函数 f(x) = x³ - 3x² + a 在区间 [0, 3] 上的最大值为 3，则实数 a 的值为（ ）。"
bnu-high-ds-v1-s6-332,S6,upper,short-answer,Core,bnu-high-s6-导数及其应用,导数及其应用,选择性必修 第二册,导数及其应用,pass,none,high,stage-b,pass,pass,pass,pass,not_applicable,最大值为10，最小值为-22,,,,存储答案与独立解一致，解析正确，无问题。,最大值为10，最小值为-22,最大值为10，最小值为-22 | 最大值10，最小值-22,pass,none,最大值为10，最小值为-22,pass,pass,not_applicable,,,"求函数 f(x) = x³ - 3x² - 9x + 5 在区间 [-2, 4] 上的最大值和最小值。"
bnu-high-ds-v1-s6-333,S6,upper,fill-in,Exam,bnu-high-s6-导数及其应用,导数及其应用,选择性必修 第二册,导数及其应用,pass,none,high,stage-b,pass,pass,pass,pass,not_applicable,y = -2,,,,存储答案y = -2与独立解一致，解析正确，无问题。,y = -2,y = -2 | y=-2,pass,none,y = -2,pass,pass,not_applicable,,,"曲线 y = x³ - 3x 在点 (1, -2) 处的切线方程为 ______。"
bnu-high-ds-v1-s6-334,S6,upper,multiple-choice,Core,bnu-high-s6-导数及其应用,导数及其应用,选择性必修 第二册,导数及其应用,pass,none,high,stage-c,pass,pass,pass,pass,pass,"[-1, 1]",,,,"函数可解，导数正确，单调递减区间为[-1,1]，选项D唯一匹配，解析一致，无问题。","[-1, 1]","[-1, 1]",pass,none,"[-1, 1]",pass,pass,pass,,none,函数 f(x) = x³ - 3x 的单调递减区间是（ ）。
bnu-high-ds-v1-s6-335,S6,upper,short-answer,Exam,bnu-high-s6-导数及其应用,导数及其应用,选择性必修 第二册,导数及其应用,pass,none,high,stage-b,pass,pass,pass,pass,not_applicable,"a=-3, b=-9, c=2",,,,"存储答案a=-3, b=-9, c=2与独立解一致，解析正确，无问题。","a = -3, b = -9, c = 2","a = -3, b = -9, c = 2 | a=-3,b=-9,c=2",pass,none,"a=-3, b=-9, c=2",pass,pass,not_applicable,,,"已知函数 f(x) = x³ + ax² + bx + c 在 x = -1 处取得极大值，在 x = 3 处取得极小值，且极小值为 -25，求 a, b, c 的值。"
bnu-high-ds-v1-s6-336,S6,upper,fill-in,Core,bnu-high-s6-导数及其应用,导数及其应用,选择性必修 第二册,导数及其应用,pass,none,high,stage-b,pass,pass,pass,pass,not_applicable,-1,,,,存储答案-1与独立解一致，解析正确，无问题。,-1,-1,pass,none,-1,pass,pass,not_applicable,,,"函数 y = x² - 4x + 3 在区间 [0, 3] 上的最小值为 ______。"
bnu-high-ds-v1-s6-337,S6,upper,multiple-choice,Exam,bnu-high-s6-导数及其应用,导数及其应用,选择性必修 第二册,导数及其应用,pass,none,high,stage-b,pass,pass,pass,pass,pass,a ≤ 3,,,,存储答案 a≤3 与独立解一致，解析正确，选项唯一。,a ≤ 3,a ≤ 3,pass,none,a ≤ 3,pass,pass,pass,,,"若函数 f(x) = x³ - ax 在区间 [1, +∞) 上单调递增，则实数 a 的取值范围是（ ）。"
bnu-high-ds-v1-s6-338,S6,upper,short-answer,Core,bnu-high-s6-导数及其应用,导数及其应用,选择性必修 第二册,导数及其应用,pass,none,high,stage-b,pass,pass,pass,pass,not_applicable,极大值 4，极小值 0,,,,存储答案与独立解一致，解析正确。,极大值为4，极小值为0,极大值为4，极小值为0 | 极大值4，极小值0,pass,none,极大值 4，极小值 0,pass,pass,not_applicable,,,求函数 f(x) = x³ - 6x² + 9x 的极值。
bnu-high-ds-v1-s6-339,S6,upper,fill-in,Exam,bnu-high-s6-导数及其应用,导数及其应用,选择性必修 第二册,导数及其应用,pass,none,high,stage-b,pass,pass,pass,pass,not_applicable,0,,,,存储答案 0 与独立解一致，解析正确。,0,0,pass,none,0,pass,pass,not_applicable,,,"曲线 y = x³ - 3x² + 2 在点 (2, -2) 处的切线斜率为 ______。"
bnu-high-ds-v1-s6-340,S6,upper,multiple-choice,Core,bnu-high-s6-导数及其应用,导数及其应用,选择性必修 第二册,导数及其应用,pass,none,high,stage-b,pass,pass,pass,pass,pass,2,,,,存储答案 2 与独立解一致，解析正确，选项唯一。,2,2,pass,none,2,pass,pass,pass,,,"函数 f(x) = x³ - 3x 在区间 [-2, 2] 上的最大值是（ ）。"
bnu-high-ds-v1-s6-341,S6,upper,short-answer,Exam,bnu-high-s6-导数及其应用,导数及其应用,选择性必修 第二册,导数及其应用,pass,none,high,stage-b,pass,pass,pass,pass,not_applicable,最大值 10，最小值 -22,,,,存储答案与独立解一致，解析正确。,最大值为 10，最小值为 -22,"最大值为 10，最小值为 -22 | 最大值10，最小值-22 | 最大值是10，最小值是-22 | max=10, min=-22",pass,none,最大值 10，最小值 -22,pass,pass,not_applicable,,,"已知函数 f(x) = x^3 - 3x^2 - 9x + 5，求 f(x) 在闭区间 [-2, 4] 上的最大值与最小值。"
bnu-high-ds-v1-s6-342,S6,upper,fill-in,Core,bnu-high-s6-导数及其应用,导数及其应用,选择性必修 第二册,导数及其应用,pass,none,high,stage-b,pass,pass,pass,pass,not_applicable,y = x - 1,,,,存储答案 y=x-1 与独立解一致，解析正确。,y = x - 1,y = x - 1 | y=x-1,pass,none,y = x - 1,pass,pass,not_applicable,,,"曲线 y = x^3 - 2x + 1 在点 (1, 0) 处的切线方程为 ______。"
bnu-high-ds-v1-s6-343,S6,upper,multiple-choice,Exam,bnu-high-s6-导数及其应用,导数及其应用,选择性必修 第二册,导数及其应用,pass,none,high,stage-b,pass,pass,pass,pass,pass,C,,,,存储答案 C.2 与独立解一致，解析正确，选项唯一。,C. 2,C. 2 | C | 2,pass,none,C,pass,pass,pass,,,"函数 f(x) = x^3 - 3x 在区间 [-2, 2] 上的最大值是（　）。"
bnu-high-ds-v1-s6-344,S6,upper,short-answer,Core,bnu-high-s6-导数及其应用,导数及其应用,选择性必修 第二册,导数及其应用,pass,none,high,stage-b,pass,pass,pass,pass,not_applicable,"(1, 2)",,,,"存储答案 (1,2) 与独立解一致，解析正确。","(1, 2)","(1, 2) | 1 < x < 2 | 递减区间为(1,2)",pass,none,"(1, 2)",pass,pass,not_applicable,,,求函数 f(x) = 2x^3 - 9x^2 + 12x - 3 的单调递减区间。
bnu-high-ds-v1-s6-345,S6,upper,fill-in,Exam,bnu-high-s6-导数及其应用,导数及其应用,选择性必修 第二册,导数及其应用,fail,blocker,high,stage-c,pass,pass,fail,fail,not_applicable,-3,-3,math_error|answer_mismatch|explanation_contradiction,,"题目可解，符合导数极值章节。独立求解得 a=0, b=-3, a+b=-3。存储答案为 1，与正确结果矛盾；解析过程虽得出 a=0, b=-3，但最终答案写为 1，存在计算错误和答案矛盾。",1,1,pass,none,2,fail,fail,not_applicable,-3,blocker,若函数 f(x) = x^3 + ax^2 + bx + 1 在 x = -1 处取得极值，且 f'(-1) = 0，f(-1) = 3，则 a + b = ______。
bnu-high-ds-v1-s6-346,S6,upper,multiple-choice,Core,bnu-high-s6-导数及其应用,导数及其应用,选择性必修 第二册,导数及其应用,pass,none,high,stage-b,pass,pass,pass,pass,pass,A,,,,答案A.-3与独立解一致，解析正确，选项唯一。,A. -3,A. -3 | A | -3,pass,none,A,pass,pass,pass,,,函数 f(x) = x^3 - 3x^2 + 1 的极小值是（　）。
bnu-high-ds-v1-s6-347,S6,upper,short-answer,Exam,bnu-high-s6-导数及其应用,导数及其应用,选择性必修 第二册,导数及其应用,pass,none,high,stage-b,pass,pass,pass,pass,not_applicable,极大值点 x=-1，极小值点 x=3,,,,答案与独立解一致，解析正确。,极大值点 x = -1，极小值点 x = 3,极大值点 x = -1，极小值点 x = 3 | x=-1极大，x=3极小 | 极大值点-1，极小值点3,pass,none,极大值点 x=-1，极小值点 x=3,pass,pass,not_applicable,,,已知函数 f(x) = x^3 - 3x^2 - 9x + 11，求 f(x) 的极值点，并判断是极大值还是极小值。
bnu-high-ds-v1-s6-348,S6,upper,fill-in,Core,bnu-high-s6-导数及其应用,导数及其应用,选择性必修 第二册,导数及其应用,pass,none,high,stage-b,pass,pass,pass,pass,not_applicable,9,,,,答案9与独立解一致，解析正确。,9,9,pass,none,9,pass,pass,not_applicable,,,"函数 y = x^3 - 3x 在点 (2, 2) 处的切线斜率为 ______。"
bnu-high-ds-v1-s6-349,S6,upper,multiple-choice,Exam,bnu-high-s6-导数及其应用,导数及其应用,选择性必修 第二册,导数及其应用,pass,none,high,stage-b,pass,pass,pass,pass,pass,A,,,,答案A.-2与独立解一致，解析正确，选项唯一。,A. -2,A. -2 | A | -2,pass,none,A,pass,pass,pass,,,"函数 f(x) = x^3 - 3x 在区间 [-1, 2] 上的最小值是（　）。"
bnu-high-ds-v1-s6-350,S6,upper,short-answer,Core,bnu-high-s6-导数及其应用,导数及其应用,选择性必修 第二册,导数及其应用,pass,none,high,stage-b,pass,pass,pass,pass,not_applicable,"(-∞, -1) 和 (3, +∞)",,,,答案与独立解一致，解析正确。,"(-∞, -1) 和 (3, +∞)","(-∞, -1) 和 (3, +∞) | (-∞,-1)∪(3,+∞) | x<-1或x>3",pass,none,"(-∞, -1) 和 (3, +∞)",pass,pass,not_applicable,,,求函数 f(x) = x^3 - 3x^2 - 9x + 5 的单调递增区间。
bnu-high-ds-v1-s6-351,S6,upper,fill-in,Exam,bnu-high-s6-导数及其应用,导数及其应用,选择性必修 第二册,导数及其应用,pass,none,high,stage-b,pass,pass,pass,pass,not_applicable,32,,,,答案32与独立解一致，解析正确。,32,32,pass,none,32,pass,pass,not_applicable,,,"已知函数 f(x) = x^3 - 3x^2 - 9x + 5 在闭区间 [-2, 4] 上的最大值为 M，最小值为 m，则 M - m = ______。"
bnu-high-ds-v1-s6-352,S6,upper,multiple-choice,Core,bnu-high-s6-导数及其应用,导数及其应用,选择性必修 第二册,导数及其应用,pass,none,high,stage-b,pass,pass,pass,pass,pass,2,,,,答案2与独立解一致，解析正确，选项唯一。,2,2,pass,none,2,pass,pass,pass,,,"函数 f(x) = x^3 - 3x 在区间 [-2, 2] 上的最大值是（ ）。"
bnu-high-ds-v1-s6-353,S6,upper,short-answer,Exam,bnu-high-s6-导数及其应用,导数及其应用,选择性必修 第二册,导数及其应用,pass,none,high,stage-b,pass,pass,pass,pass,not_applicable,"a = -3, b = -9, c = 2",,,,"存储答案与独立解一致，解析正确推导出a=-3,b=-9,c=2。","a = -3, b = -9, c = 2","a = -3, b = -9, c = 2 | a=-3,b=-9,c=2",pass,none,"a = -3, b = -9, c = 2",pass,pass,not_applicable,,,"已知函数 f(x) = x^3 + ax^2 + bx + c 在 x = -1 处取得极大值 7，在 x = 3 处取得极小值，求 a, b, c 的值。"
bnu-high-ds-v1-s6-354,S6,upper,fill-in,Core,bnu-high-s6-导数及其应用,导数及其应用,选择性必修 第二册,导数及其应用,pass,none,high,stage-b,pass,pass,pass,pass,not_applicable,y = 0,,,,存储答案y=0与独立解一致，解析正确计算斜率为0并得出切线方程。,y = 0,y = 0 | y=0,pass,none,y = 0,pass,pass,not_applicable,,,"曲线 y = x^3 - 3x + 2 在点 (1, 0) 处的切线方程为 ______。"
bnu-high-ds-v1-s6-355,S6,upper,multiple-choice,Exam,bnu-high-s6-导数及其应用,导数及其应用,选择性必修 第二册,导数及其应用,pass,none,high,stage-b,pass,pass,pass,pass,pass,a ≤ 3,,,,存储答案a≤3与独立解一致，解析正确推导出a≤3，且选项唯一正确。,a ≤ 3,a ≤ 3,pass,none,a ≤ 3,pass,pass,pass,,,"若函数 f(x) = x^3 - ax 在区间 (1, +∞) 上单调递增，则实数 a 的取值范围是（ ）。"
bnu-high-ds-v1-s6-356,S6,upper,short-answer,Core,bnu-high-s6-导数及其应用,导数及其应用,选择性必修 第二册,导数及其应用,pass,none,high,stage-b,pass,pass,pass,pass,not_applicable,"(-1, 3)",,,,"存储答案(-1,3)与独立解一致，解析正确求解导数并得出递减区间。","(-1, 3)","(-1, 3) | (-1,3)",pass,none,"(-1, 3)",pass,pass,not_applicable,,,求函数 f(x) = x^3 - 3x^2 - 9x + 5 的单调递减区间。
bnu-high-ds-v1-s6-357,S6,upper,fill-in,Exam,bnu-high-s6-导数及其应用,导数及其应用,选择性必修 第二册,导数及其应用,fail,blocker,high,stage-c,pass,pass,fail,fail,not_applicable,9,9,math_error|answer_mismatch|explanation_contradiction,,"题目可解，符合导数极值章节。独立求解得 a=4,b=-11 或 a=-3,b=3，经极值检验唯一解为 a=4,b=-11，a+b=-7。但存储答案 -7 与解析中计算出的 a=-12,b=21,a+b=9 矛盾，解析自身错误且与独立解不一致，答案错误，需修正为 -7。",-7,-7,pass,none,-7,fail,fail,not_applicable,9,blocker,已知函数 f(x) = x^3 + ax^2 + bx 在 x = 1 处有极值 10，则 a + b = ______。
bnu-high-ds-v1-s6-358,S6,upper,multiple-choice,Core,bnu-high-s6-导数及其应用,导数及其应用,选择性必修 第二册,导数及其应用,pass,none,high,stage-b,pass,pass,pass,pass,pass,-15,,,,存储答案-15与独立解一致，解析正确计算驻点和端点值并得出最小值。,-15,-15,pass,none,-15,pass,pass,pass,,,"函数 f(x) = 2x^3 - 3x^2 - 12x + 5 在区间 [-2, 3] 上的最小值是（ ）。"
bnu-high-ds-v1-s6-359,S6,upper,short-answer,Exam,bnu-high-s6-导数及其应用,导数及其应用,选择性必修 第二册,导数及其应用,fail,blocker,high,stage-c,pass,pass,fail,fail,not_applicable,1.8 m³,,math_error|answer_mismatch|explanation_contradiction,,题目可解，但提供的解析存在严重数学错误：由总长14.8 m和底面边长差0.5 m推导出高h=3.2-2x，体积V=x(x+0.5)(3.2-2x)，求导后解得x=0.8时V=1.664 m³，并非1.8 m³。解析中计算过程与最终答案矛盾，且答案1.8 m³与正确值不符。独立解虽给出1.8，但实际计算应为1.664，表明答案错误。因此判定为blocker。,1.8 m³,1.8 m³ | 1.8,pass,none,1.8 m³,pass,weak,not_applicable,,blocker,用总长为 14.8 m 的钢条制作一个长方体容器的框架，若容器底面的一边比另一边长 0.5 m，求容器体积的最大值。
bnu-high-ds-v1-s6-360,S6,upper,fill-in,Core,bnu-high-s6-导数及其应用,导数及其应用,选择性必修 第二册,导数及其应用,pass,none,high,stage-b,pass,pass,pass,pass,not_applicable,-2,,,,存储答案-2与独立解一致，解析正确判断极小值点并计算函数值。,-2,-2,pass,none,-2,pass,pass,not_applicable,,,函数 f(x) = x^3 - 3x 的极小值为 ______。
bnu-high-ds-v1-s6-361,S6,upper,multiple-choice,Exam,bnu-high-s6-导数及其应用,导数及其应用,选择性必修 第二册,导数及其应用,fail,blocker,high,stage-c,fail,pass,fail,fail,fail,,,math_error|answer_mismatch|bad_options|explanation_contradiction|unsolvable,overlong_rationale,"函数 f(x)=x³-3x²+a 在 [0,3] 上，f'(x)=3x(x-2)，驻点 x=0,2。f(0)=a，f(2)=a-4，f(3)=a，最大值必为 a。由最大值为 4 得 a=4，但选项 {0,1,2,3} 无 4，题目不可解。存储答案 2 错误，解析强行凑 a=2 与条件矛盾。",2,2,pass,none,2,fail,fail,fail,,blocker,"已知函数 f(x) = x³ - 3x² + a 在区间 [0, 3] 上的最大值为 4，则实数 a 的值为（ ）。"
bnu-high-ds-v1-s6-362,S6,upper,short-answer,Core,bnu-high-s6-导数及其应用,导数及其应用,选择性必修 第二册,导数及其应用,pass,none,high,stage-b,pass,pass,pass,pass,not_applicable,最大值为 5，最小值为 1,,,,存储答案与 Stage A 独立解一致，均为最大值 5、最小值 1，解析正确。,最大值为 5，最小值为 1,最大值为 5，最小值为 1 | 最大值5，最小值1 | 5和1,pass,none,最大值为 5，最小值为 1,pass,pass,not_applicable,,,"求函数 f(x) = x³ - 6x² + 9x + 1 在区间 [0, 4] 上的最大值与最小值。"
bnu-high-ds-v1-s6-363,S6,upper,fill-in,Exam,bnu-high-s6-导数及其应用,导数及其应用,选择性必修 第二册,导数及其应用,pass,none,high,stage-b,pass,pass,pass,pass,not_applicable,y = -2,,,,存储答案 y=-2 与 Stage A 独立解一致，解析正确。,y = -2,y = -2 | y=-2,pass,none,y = -2,pass,pass,not_applicable,,,"曲线 y = x³ - 3x 在点 (1, -2) 处的切线方程为 ______。"
bnu-high-ds-v1-s6-364,S6,upper,multiple-choice,Core,bnu-high-s6-导数及其应用,导数及其应用,选择性必修 第二册,导数及其应用,fail,blocker,high,stage-c,fail,pass,fail,fail,fail,"a = 0, b = -3",,math_error|answer_mismatch|ambiguous_mc|bad_options|explanation_contradiction|unsolvable,,"由 f(1)=-2 和 f'(1)=0 解得 a=0, b=-3，满足极小值条件 f''(1)=6>0，但选项无此解。所有选项均不满足 f(1)=-2，题目无正确选项，不可解。存储答案 a=-3,b=3 错误，解析矛盾。","a = -3, b = 3","a = -3, b = 3",pass,none,"a = -3, b = 3",fail,fail,fail,,blocker,函数 f(x) = x³ + ax² + bx 在 x = 1 处取得极小值 -2，则（ ）。
bnu-high-ds-v1-s6-365,S6,upper,short-answer,Exam,bnu-high-s6-导数及其应用,导数及其应用,选择性必修 第二册,导数及其应用,pass,none,high,stage-b,pass,pass,pass,pass,not_applicable,"(-1, 3)",,,,"存储答案 (-1,3) 与 Stage A 独立解一致，解析正确。","(-1, 3)","(-1, 3) | (-1,3) | 递减区间为(-1,3)",pass,none,"(-1, 3)",pass,pass,not_applicable,,,已知函数 f(x) = x³ - 3x² - 9x + 5，求 f(x) 的单调递减区间。
bnu-high-ds-v1-s6-366,S6,upper,fill-in,Core,bnu-high-s6-导数及其应用,导数及其应用,选择性必修 第二册,导数及其应用,pass,none,high,stage-b,pass,pass,pass,pass,not_applicable,2,,,,存储答案 2 与 Stage A 独立解一致，解析正确。,2,2,pass,none,2,pass,pass,not_applicable,,,"函数 f(x) = x³ - 3x 在区间 [-2, 2] 上的最大值是 ______。"
bnu-high-ds-v1-s6-367,S6,upper,multiple-choice,Exam,bnu-high-s6-导数及其应用,导数及其应用,选择性必修 第二册,导数及其应用,pass,none,high,stage-b,pass,pass,pass,pass,pass,-3,,,,存储答案 -3 与 Stage A 独立解一致，解析正确，选项唯一。,-3,-3,pass,none,-3,pass,pass,pass,,,若函数 f(x) = x³ + ax² + 1 在 x = 2 处取得极值，则 a 的值为（ ）。
bnu-high-ds-v1-s6-368,S6,upper,short-answer,Core,bnu-high-s6-导数及其应用,导数及其应用,选择性必修 第二册,导数及其应用,pass,none,high,stage-b,pass,pass,pass,pass,not_applicable,极大值 2，极小值 -2,,,,存储答案与 Stage A 独立解一致，均为极大值 2、极小值 -2，解析正确。,极大值为 2，极小值为 -2,极大值为 2，极小值为 -2 | 极大值2，极小值-2 | 2和-2,pass,none,极大值 2，极小值 -2,pass,pass,not_applicable,,,求函数 f(x) = x³ - 3x² + 2 的极值。
bnu-high-ds-v1-s6-369,S6,upper,fill-in,Exam,bnu-high-s6-导数及其应用,导数及其应用,选择性必修 第二册,导数及其应用,pass,none,high,stage-b,pass,pass,pass,pass,not_applicable,2,,,,存储答案2与独立解2一致，解析正确计算导数并代入x=2得斜率2，无问题。,2,2,pass,none,2,pass,pass,not_applicable,,,"曲线 y = x³ - 3x² + 2x 在点 (2, 0) 处的切线斜率为 ______。"
bnu-high-ds-v1-s6-370,S6,upper,multiple-choice,Core,bnu-high-s6-导数及其应用,导数及其应用,选择性必修 第二册,导数及其应用,pass,none,high,stage-c,pass,pass,pass,pass,pass,"(-∞, -1) 和 (1, +∞)",,,,"函数可解，导数 f'(x)=3x²-3，解 f'(x)>0 得 x<-1 或 x>1，单调递增区间为 (-∞,-1) 和 (1,+∞)。选项 A 唯一正确，答案与解析一致，无任何问题。","(-∞, -1) 和 (1, +∞)","(-∞, -1) 和 (1, +∞)",pass,none,"(-∞, -1) 和 (1, +∞)",pass,pass,pass,,none,函数 f(x) = x³ - 3x 的单调递增区间是（ ）。
bnu-high-ds-v1-s6-371,S6,upper,short-answer,Exam,bnu-high-s6-导数及其应用,导数及其应用,选择性必修 第二册,导数及其应用,pass,none,high,stage-b,pass,pass,pass,pass,not_applicable,最大值为 10，最小值为 -22,,,,存储答案与独立解一致，最大值10最小值-22，解析正确求导、比较端点和驻点，无问题。,最大值为 10，最小值为 -22,最大值为 10，最小值为 -22 | 最大值10，最小值-22 | 10 和 -22,pass,none,最大值为 10，最小值为 -22,pass,pass,not_applicable,,,"已知函数 f(x) = x^3 - 3x^2 - 9x + 5，定义域为 [-2, 4]。求该函数在定义域上的最大值与最小值。"
bnu-high-ds-v1-s6-372,S6,upper,fill-in,Core,bnu-high-s6-导数及其应用,导数及其应用,选择性必修 第二册,导数及其应用,pass,none,high,stage-b,pass,pass,pass,pass,not_applicable,y = x - 1,,,,存储答案y=x-1与独立解一致，解析正确求导得斜率1并写出切线方程，无问题。,y = x - 1,y = x - 1 | y=x-1,pass,none,y = x - 1,pass,pass,not_applicable,,,"曲线 y = x^3 - 2x + 1 在点 (1, 0) 处的切线方程为 ______。"
bnu-high-ds-v1-s6-373,S6,upper,multiple-choice,Exam,bnu-high-s6-导数及其应用,导数及其应用,选择性必修 第二册,导数及其应用,pass,none,high,stage-b,pass,pass,pass,pass,pass,3,,,,存储答案3与独立解一致，解析正确求导、比较端点和驻点得最大值3，选项A唯一正确，无问题。,3,3,pass,none,3,pass,pass,pass,,,"函数 f(x) = x^3 - 3x + 1 在区间 [-2, 2] 上的最大值是（ ）。"
bnu-high-ds-v1-s6-374,S6,upper,short-answer,Core,bnu-high-s6-导数及其应用,导数及其应用,选择性必修 第二册,导数及其应用,pass,none,high,stage-b,pass,pass,pass,pass,not_applicable,"(1, 3)",,,,"存储答案(1,3)与独立解一致，解析正确求导并解不等式得递减区间，无问题。","(1, 3)","(1, 3) | 1 < x < 3 | 区间(1,3)",pass,none,"(1, 3)",pass,pass,not_applicable,,,求函数 f(x) = x^3 - 6x^2 + 9x + 2 的单调递减区间。
bnu-high-ds-v1-s6-375,S6,upper,fill-in,Exam,bnu-high-s6-导数及其应用,导数及其应用,选择性必修 第二册,导数及其应用,pass,none,high,stage-b,pass,pass,pass,pass,not_applicable,2,,,,存储答案2与独立解一致，解析用二阶导数判断极小值点正确，无问题。,2,2,pass,none,2,pass,pass,not_applicable,,,函数 f(x) = x^3 - 3x^2 + 2 在 x = ______ 处取得极小值。
bnu-high-ds-v1-s6-376,S6,upper,multiple-choice,Core,bnu-high-s6-导数及其应用,导数及其应用,选择性必修 第二册,导数及其应用,pass,none,high,stage-b,pass,pass,pass,pass,pass,3,,,,存储答案3与独立解一致，解析正确求导并代入x=1得斜率3，选项C唯一正确，无问题。,3,3,pass,none,3,pass,pass,pass,,,曲线 y = x^2 + ln x 在 x = 1 处的切线斜率是（ ）。
bnu-high-ds-v1-s6-377,S6,upper,short-answer,Exam,bnu-high-s6-导数及其应用,导数及其应用,选择性必修 第二册,导数及其应用,fail,blocker,high,stage-c,pass,pass,fail,fail,not_applicable,"a = 3, b = 3","a = 3, b = 3",math_error|answer_mismatch|explanation_contradiction,,"存储答案 a=0, b=-3 错误。由 f(-1)=2 得 -1+a-b+1=2 → a-b=2；由 f'(-1)=0 得 3-2a+b=0。联立解得 a=3, b=3。解析中方程 a-b=2 与 3-2a+b=0 联立应得 a=3, b=3，但解析却给出 a=0, b=-3，自相矛盾。","a = 0, b = -3","a = 0, b = -3 | a=0, b=-3 | a=0,b=-3",pass,none,"a = 3, b = 3",fail,fail,not_applicable,"a = 3, b = 3",blocker,已知函数 f(x) = x^3 + ax^2 + bx + 1 在 x = -1 处取得极值 2，求 a 和 b 的值。
bnu-high-ds-v1-s6-378,S6,upper,fill-in,Core,bnu-high-s6-导数及其应用,导数及其应用,选择性必修 第二册,导数及其应用,pass,none,high,stage-b,pass,pass,pass,pass,not_applicable,-2,,,,存储答案 -2 与独立解一致，解析正确。,-2,-2,pass,none,-2,pass,pass,not_applicable,,,"函数 f(x) = x^3 - 3x 在区间 [0, 2] 上的最小值为 ______。"
bnu-high-ds-v1-s6-379,S6,upper,multiple-choice,Exam,bnu-high-s6-导数及其应用,导数及其应用,选择性必修 第二册,导数及其应用,fail,blocker,high,stage-c,fail,pass,fail,fail,fail,,,ambiguous_mc|bad_options|answer_mismatch,,"函数单调递增区间应为开区间 (-∞, -1) 和 (3, +∞)，但选项 C 表述矛盾（开区间却称包含端点），选项 D 为闭区间，均非严格正确。题目无唯一正确选项，且存储答案 D 与独立解不符，无法判定。","(-∞, -1] 和 [3, +∞)","(-∞, -1] 和 [3, +∞)",fail,blocker,,fail,fail,fail,,blocker,函数 f(x) = x^3 - 3x^2 - 9x + 5 的单调递增区间是（ ）。
bnu-high-ds-v1-s6-380,S6,upper,short-answer,Core,bnu-high-s6-导数及其应用,导数及其应用,选择性必修 第二册,导数及其应用,pass,none,high,stage-b,pass,pass,pass,pass,not_applicable,极大值 f(0)=1，极小值 f(2)=-3,,,,存储答案“极大值为 1，极小值为 -3”与独立解一致，解析正确。,极大值为 1，极小值为 -3,极大值为 1，极小值为 -3 | 极大值1，极小值-3 | 极大值 1，极小值 -3,pass,none,极大值 f(0)=1，极小值 f(2)=-3,pass,pass,not_applicable,,,求函数 f(x) = x^3 - 3x^2 + 1 的极值。
bnu-high-ds-v1-s6-381,S6,upper,fill-in,Exam,bnu-high-s6-导数及其应用,导数及其应用,选择性必修 第二册,导数及其应用,pass,none,high,stage-b,pass,pass,pass,pass,not_applicable,a = 5,,,,存储答案 5 与独立解 a=5 一致，解析正确。,5,5,pass,none,a = 5,pass,pass,not_applicable,,,"已知函数 f(x) = x^3 - 3x^2 + a 在区间 [0, 3] 上的最大值为 5，求实数 a 的值。"
bnu-high-ds-v1-s6-382,S6,upper,multiple-choice,Core,bnu-high-s6-导数及其应用,导数及其应用,选择性必修 第二册,导数及其应用,pass,none,high,stage-b,pass,pass,pass,pass,pass,B,,,,"存储答案 (-1, 1) 与独立解 B 一致，解析正确，选项唯一。","(-1, 1)","(-1, 1)",pass,none,B,pass,pass,pass,,,函数 f(x) = x^3 - 3x 的单调递减区间是？
bnu-high-ds-v1-s6-383,S6,upper,short-answer,Exam,bnu-high-s6-导数及其应用,导数及其应用,选择性必修 第二册,导数及其应用,pass,none,high,stage-b,pass,pass,pass,pass,not_applicable,极大值 f(-1)=10，极小值 f(3)=-22,,,,存储答案“极大值 10，极小值 -22”与独立解一致，解析正确。,极大值 10，极小值 -22,极大值 10，极小值 -22 | 极大值为10，极小值为-22,pass,none,极大值 f(-1)=10，极小值 f(3)=-22,pass,pass,not_applicable,,,已知函数 f(x) = x^3 - 3x^2 - 9x + 5，求 f(x) 的极大值与极小值。
bnu-high-ds-v1-s6-384,S6,upper,fill-in,Core,bnu-high-s6-导数及其应用,导数及其应用,选择性必修 第二册,导数及其应用,pass,none,high,stage-b,pass,pass,pass,pass,not_applicable,-1,,,,存储答案 -1 与独立解一致，解析正确。,-1,-1,pass,none,-1,pass,pass,not_applicable,,,"曲线 y = x^3 - 2x^2 + 1 在点 (1, 0) 处的切线斜率为 ______。"
bnu-high-ds-v1-s6-385,S6,upper,multiple-choice,Exam,bnu-high-s6-导数及其应用,导数及其应用,选择性必修 第二册,导数及其应用,fail,blocker,high,stage-c,fail,pass,fail,fail,fail,,,math_error|answer_mismatch|bad_options|explanation_contradiction|unsolvable,,由 f'(x)=3x²+2ax+b，f'(-1)=3-2a+b=0，f'(-2)=12-4a+b=0，解得 a=9/2，b=6，a+b=21/2，不在选项中。题目条件与选项不匹配，无正确选项，不可解。存储答案 -1 错误，解析自相矛盾。,-1,-1,pass,none,1,fail,fail,fail,,blocker,若函数 f(x) = x^3 + ax^2 + bx + 1 在 x = -1 处取得极值，且 f'(-2) = 0，则 a + b = ？
bnu-high-ds-v1-s6-386,S6,upper,short-answer,Core,bnu-high-s6-导数及其应用,导数及其应用,选择性必修 第二册,导数及其应用,pass,none,high,stage-b,pass,pass,pass,pass,not_applicable,最大值为 10，最小值为 1,,,,存储答案与 Stage A 独立解一致，均为最大值 10，最小值 1，解析正确。,最大值 10，最小值 1,最大值 10，最小值 1 | 最大值为10，最小值为1,pass,none,最大值为 10，最小值为 1,pass,pass,not_applicable,,,"求函数 f(x) = x^4 - 4x^3 + 4x^2 + 1 在区间 [-1, 3] 上的最大值与最小值。"
bnu-high-ds-v1-s6-387,S6,upper,fill-in,Exam,bnu-high-s6-导数及其应用,导数及其应用,选择性必修 第二册,导数及其应用,pass,none,high,stage-b,pass,pass,pass,pass,not_applicable,y = 0,,,,存储答案 y=-2 与 Stage A 独立解一致，解析正确。,y = -2,y = -2 | y=-2,pass,none,y = 0,pass,pass,not_applicable,,,"已知函数 f(x) = x^3 - 3x^2 + 2，则 f(x) 在点 (2, -2) 处的切线方程为 ______。"
bnu-high-ds-v1-s6-388,S6,upper,multiple-choice,Core,bnu-high-s6-导数及其应用,导数及其应用,选择性必修 第二册,导数及其应用,pass,none,high,stage-b,pass,pass,pass,pass,pass,2,,,,存储答案 2 与 Stage A 独立解一致，解析正确，选项唯一。,2,2,pass,none,2,pass,pass,pass,,,函数 f(x) = x^3 - 3x^2 + 2 的极大值是？
bnu-high-ds-v1-s6-389,S6,upper,short-answer,Exam,bnu-high-s6-导数及其应用,导数及其应用,选择性必修 第二册,导数及其应用,fail,blocker,high,stage-c,fail,pass,fail,fail,not_applicable,,,math_error|answer_mismatch|missing_condition|unsolvable|explanation_contradiction,,利润函数 L(x)=10x-200 为线性函数，无产量上限时利润无界，无法求最大化产量，题目不可解。存储答案 20 错误，解析自行修改题目条件，与原题矛盾。,20,20,fail,blocker,,fail,fail,not_applicable,,blocker,某工厂生产一种产品，固定成本为 200 元，每生产一件产品的可变成本为 10 元，售价为 20 元。设产量为 x 件，总利润为 L(x) 元。求使利润最大化的产量 x。
bnu-high-ds-v1-s6-390,S6,upper,fill-in,Core,bnu-high-s6-导数及其应用,导数及其应用,选择性必修 第二册,导数及其应用,pass,none,high,stage-b,pass,pass,pass,pass,not_applicable,-2,,,,存储答案 -2 与 Stage A 独立解一致，解析正确。,-2,-2,pass,none,-2,pass,pass,not_applicable,,,"函数 f(x) = x^3 - 3x 在区间 [-2, 2] 上的最小值为 ______。"
bnu-high-ds-v1-s6-391,S6,upper,multiple-choice,Exam,bnu-high-s6-导数及其应用,导数及其应用,选择性必修 第二册,导数及其应用,fail,blocker,high,stage-c,fail,pass,fail,fail,fail,,,ambiguous_mc|explanation_contradiction,,"f'(x)=3x^2-6x-9=3(x-3)(x+1)，临界点 x=-1,3。x<-1 时 f'>0，-1<x<3 时 f'<0，x>3 时 f'>0。故 f(x) 在 x=-1 取极大值，x=3 取极小值；单调增区间为 (-∞,-1) 和 (3,+∞)，单调减区间为 (-1,3)。选项 A、B、C、D 均正确，但题目为单选题，存在多个正确选项，违反唯一性要求。存储答案仅选 A，解析承认其他选项正确但未指出题目缺陷，构成解释矛盾。",f(x) 在 x = -1 处取得极大值,f(x) 在 x = -1 处取得极大值,fail,blocker,,fail,fail,fail,,blocker,已知函数 f(x) = x^3 - 3x^2 - 9x + 5，定义域为 R。关于该函数，下列结论正确的是：
bnu-high-ds-v1-s6-392,S6,upper,short-answer,Core,bnu-high-s6-导数及其应用,导数及其应用,选择性必修 第二册,导数及其应用,pass,none,high,stage-b,pass,pass,pass,pass,not_applicable,最大值为 5，最小值为 1,,,,存储答案与 Stage A 独立解一致，均为最大值 5，最小值 1，解析正确。,最大值为 5，最小值为 1,"最大值为 5，最小值为 1 | 最大值 5，最小值 1 | max=5, min=1",pass,none,最大值为 5，最小值为 1,pass,pass,not_applicable,,,"求函数 f(x) = x^3 - 6x^2 + 9x + 1 在区间 [0, 4] 上的最大值与最小值。"
bnu-high-ds-v1-s6-393,S6,upper,fill-in,Exam,bnu-high-s6-导数及其应用,导数及其应用,选择性必修 第二册,导数及其应用,pass,none,high,stage-b,pass,pass,pass,pass,not_applicable,y = 5x - 8,,,,存储答案与独立解一致，均为 y=5x-8，解析正确。,y = 5x - 8,y = 5x - 8 | y=5x-8,pass,none,y = 5x - 8,pass,pass,not_applicable,,,"曲线 y = x^3 - 2x^2 + x 在点 (2, 2) 处的切线方程为 ______。"
bnu-high-ds-v1-s6-394,S6,upper,multiple-choice,Core,bnu-high-s6-导数及其应用,导数及其应用,选择性必修 第二册,导数及其应用,pass,none,high,stage-b,pass,pass,pass,pass,pass,2,,,,存储答案 2 与独立解一致，解析正确，唯一选项。,2,2,pass,none,2,pass,pass,pass,,,"函数 f(x) = x^3 - 3x 在区间 [-2, 2] 上的最大值是："
bnu-high-ds-v1-s6-395,S6,upper,short-answer,Exam,bnu-high-s6-导数及其应用,导数及其应用,选择性必修 第二册,导数及其应用,pass,none,high,stage-b,pass,pass,pass,pass,not_applicable,"a = -3, b = -9, c = 5",,,,"存储答案 a=-3, b=-9, c=5 与独立解一致，解析正确。","a = -3, b = -9, c = 5","a = -3, b = -9, c = 5 | a=-3, b=-9, c=5",pass,none,"a = -3, b = -9, c = 5",pass,pass,not_applicable,,,"已知函数 f(x) = x^3 + ax^2 + bx + c 在 x = -1 处取得极大值，在 x = 3 处取得极小值，且 f(-1) = 10，f(3) = -22。求 a, b, c 的值。"
bnu-high-ds-v1-s6-396,S6,upper,fill-in,Core,bnu-high-s6-导数及其应用,导数及其应用,选择性必修 第二册,导数及其应用,pass,none,high,stage-b,pass,pass,pass,pass,not_applicable,"(0, 2)",,,,"存储答案 (0,2) 与独立解一致，解析正确。","(0, 2)","(0, 2) | 0 < x < 2",pass,none,"(0, 2)",pass,pass,not_applicable,,,函数 f(x) = x^3 - 3x^2 + 1 的单调递减区间为 ______。
bnu-high-ds-v1-s6-397,S6,upper,multiple-choice,Exam,bnu-high-s6-导数及其应用,导数及其应用,选择性必修 第二册,导数及其应用,pass,none,high,stage-b,pass,pass,pass,pass,pass,x = 3,,,,存储答案 x=3 与独立解一致，解析正确，唯一选项。,x = 3,x = 3,pass,none,x = 3,pass,pass,pass,,,设函数 f(x) = x^3 - 3x^2 - 9x + 5，则 f(x) 的极小值点为：
bnu-high-ds-v1-s6-398,S6,upper,short-answer,Core,bnu-high-s6-导数及其应用,导数及其应用,选择性必修 第二册,导数及其应用,pass,none,high,stage-b,pass,pass,pass,pass,not_applicable,y = -2,,,,存储答案 y=-2 与独立解一致，解析正确。,y = -2,y = -2 | y=-2,pass,none,y = -2,pass,pass,not_applicable,,,"求曲线 y = x^3 - 3x 在点 (1, -2) 处的切线方程。"
bnu-high-ds-v1-s6-399,S6,upper,fill-in,Exam,bnu-high-s6-导数及其应用,导数及其应用,选择性必修 第二册,导数及其应用,pass,none,high,stage-b,pass,pass,pass,pass,not_applicable,-2,,,,存储答案 -2 与独立解一致，解析正确。,-2,-2,pass,none,-2,pass,pass,not_applicable,,,"函数 f(x) = x^3 - 3x^2 + 2 在区间 [-1, 3] 上的最小值为 ______。"
bnu-high-ds-v1-s6-400,S6,upper,multiple-choice,Core,bnu-high-s6-导数及其应用,导数及其应用,选择性必修 第二册,导数及其应用,pass,none,high,stage-c,pass,pass,pass,pass,pass,"(-∞, -1) 和 (1, +∞)",,,,"函数可解，导数 f'(x)=3x^2-3，令 f'(x)>0 得 x<-1 或 x>1，递增区间为 (-∞,-1) 和 (1,+∞)。选项 A 正确且唯一，解析一致，无任何问题。","(-∞, -1) 和 (1, +∞)","(-∞, -1) 和 (1, +∞)",pass,none,"(-∞, -1) 和 (1, +∞)",pass,pass,pass,,none,函数 f(x) = x^3 - 3x 的单调递增区间是：
bnu-high-ds-v1-s6-401,S6,upper,short-answer,Exam,bnu-high-s6-导数及其应用,导数及其应用,选择性必修 第二册,导数及其应用,fail,blocker,high,stage-c,pass,pass,fail,fail,not_applicable,a = 6,a = 6,math_error|answer_mismatch|explanation_contradiction,,题目可解，符合教材范围。Stage A 独立求解得 a=6，但存储答案和解析最终答案误写为 a=2，解析过程本身得出 a=6，存在答案错误和解释矛盾，必须修正为 a=6。,a = 2,a = 2 | 2,pass,none,a = 2,fail,fail,not_applicable,a = 6,blocker,"已知函数 f(x) = x^3 - 3x^2 + a 在区间 [0, 3] 上的最小值为 2，求实数 a 的值。"
bnu-high-ds-v1-s6-402,S6,upper,fill-in,Core,bnu-high-s6-导数及其应用,导数及其应用,选择性必修 第二册,导数及其应用,pass,none,high,stage-b,pass,pass,pass,pass,not_applicable,y = -2,,,,答案和解析均正确，切线方程为 y=-2。,y = -2,y = -2 | y=-2,pass,none,y = -2,pass,pass,not_applicable,,,"曲线 y = x^3 - 3x 在点 (1, -2) 处的切线方程为 ______。"
bnu-high-ds-v1-s6-403,S6,upper,multiple-choice,Exam,bnu-high-s6-导数及其应用,导数及其应用,选择性必修 第二册,导数及其应用,pass,none,high,stage-b,pass,pass,pass,pass,pass,10,,,,答案 10 正确，解析无误，选项唯一。,10,10,pass,none,10,pass,pass,pass,,,"函数 f(x) = x^3 - 3x^2 - 9x + 5 在区间 [-2, 4] 上的最大值是（ ）。"
bnu-high-ds-v1-s6-404,S6,upper,short-answer,Core,bnu-high-s6-导数及其应用,导数及其应用,选择性必修 第二册,导数及其应用,pass,none,high,stage-b,pass,pass,pass,pass,not_applicable,"(-1, 3)",,,,"递减区间 (-1,3) 正确，解析无误。","(-1, 3)","(-1, 3) | (-1,3)",pass,none,"(-1, 3)",pass,pass,not_applicable,,,求函数 f(x) = x^3 - 3x^2 - 9x + 5 的单调递减区间。
bnu-high-ds-v1-s6-405,S6,upper,fill-in,Exam,bnu-high-s6-导数及其应用,导数及其应用,选择性必修 第二册,导数及其应用,fail,blocker,high,stage-c,pass,pass,fail,fail,not_applicable,0,0,math_error|answer_mismatch|explanation_contradiction,,题目可解，符合导数极值知识点。独立求解得 a+b=0，但提供的答案为 -3，解析过程也得出 a+b=0 却错误输出 -3，存在答案错误和解析矛盾，必须修正为 0。,-3,-3,pass,none,-3,fail,fail,not_applicable,0,blocker,若函数 f(x) = x^3 + ax^2 + bx + 1 在 x = 1 处取得极值，且 f(1) = 2，则 a + b = ______。
bnu-high-ds-v1-s6-406,S6,upper,multiple-choice,Core,bnu-high-s6-导数及其应用,导数及其应用,选择性必修 第二册,导数及其应用,pass,none,high,stage-b,pass,pass,pass,pass,pass,2,,,,极大值 2 正确，解析无误，选项唯一。,2,2,pass,none,2,pass,pass,pass,,,函数 f(x) = x^3 - 3x 的极大值是（ ）。
bnu-high-ds-v1-s6-407,S6,upper,short-answer,Exam,bnu-high-s6-导数及其应用,导数及其应用,选择性必修 第二册,导数及其应用,pass,none,high,stage-b,pass,pass,pass,pass,not_applicable,最大值为10，最小值为-22,,,,最大值 10、最小值 -22 正确，解析无误。,最大值为 10，最小值为 -22,最大值为 10，最小值为 -22 | 最大值10，最小值-22,pass,none,最大值为10，最小值为-22,pass,pass,not_applicable,,,"已知函数 f(x) = x^3 - 3x^2 - 9x + 5，求 f(x) 在区间 [-2, 4] 上的最大值与最小值。"
bnu-high-ds-v1-s6-408,S6,upper,fill-in,Core,bnu-high-s6-导数及其应用,导数及其应用,选择性必修 第二册,导数及其应用,pass,none,high,stage-b,pass,pass,pass,pass,not_applicable,-3,,,,极小值 -3 正确，解析无误。,-3,-3,pass,none,-3,pass,pass,not_applicable,,,函数 f(x) = x^3 - 3x^2 + 1 的极小值为 ______。
bnu-high-ds-v1-s6-409,S6,upper,multiple-choice,Exam,bnu-high-s6-导数及其应用,导数及其应用,选择性必修 第二册,导数及其应用,pass,none,high,stage-b,pass,pass,pass,pass,pass,"(-∞, -1) 和 (3, +∞)",,,,"存储答案与独立解一致，均为 (-∞, -1) 和 (3, +∞)，解析正确，选项唯一。","(-∞, -1) 和 (3, +∞)","(-∞, -1) 和 (3, +∞)",pass,none,"(-∞, -1) 和 (3, +∞)",pass,pass,pass,,,函数 f(x) = x^3 - 3x^2 - 9x + 5 的单调递增区间是（ ）。
bnu-high-ds-v1-s6-410,S6,upper,short-answer,Core,bnu-high-s6-导数及其应用,导数及其应用,选择性必修 第二册,导数及其应用,pass,none,high,stage-b,pass,pass,pass,pass,not_applicable,y = 9x - 16,,,,存储答案 y = 9x - 16 与独立解一致，解析正确。,y = 9x - 16,y = 9x - 16 | y=9x-16,pass,none,y = 9x - 16,pass,pass,not_applicable,,,"求曲线 y = x^3 - 3x 在点 (2, 2) 处的切线方程。"
bnu-high-ds-v1-s6-411,S6,upper,fill-in,Exam,bnu-high-s6-导数及其应用,导数及其应用,选择性必修 第二册,导数及其应用,pass,none,high,stage-b,pass,pass,pass,pass,not_applicable,a = 4,,,,存储答案 4 与独立解 a=4 一致，解析正确。,4,4,pass,none,a = 4,pass,pass,not_applicable,,,"已知函数 f(x) = x³ - 3x² + a 在区间 [0, 3] 上的最大值为 4，求实数 a 的值。"
bnu-high-ds-v1-s6-412,S6,upper,multiple-choice,Core,bnu-high-s6-导数及其应用,导数及其应用,选择性必修 第二册,导数及其应用,fail,blocker,high,stage-c,pass,pass,fail,fail,fail,"(-1, 1)","(-1, 1)",math_error|answer_mismatch|ambiguous_mc|explanation_contradiction,,"函数 f(x)=x³-3x，f'(x)=3x²-3=3(x-1)(x+1)。单调递减区间应满足 f'(x)<0，解得 -1<x<1，即开区间 (-1,1)，对应选项 B。存储答案 [-1,1] 错误，且解析中 f'(x)≤0 的闭区间写法导致选项 D 也正确，造成多解，违反唯一性。","[-1, 1]","[-1, 1]",pass,none,"(-1, 1)",fail,fail,fail,"(-1, 1)",blocker,函数 f(x) = x³ - 3x 的单调递减区间是？
bnu-high-ds-v1-s6-413,S6,upper,short-answer,Exam,bnu-high-s6-导数及其应用,导数及其应用,选择性必修 第二册,导数及其应用,pass,none,high,stage-b,pass,pass,pass,pass,not_applicable,最大值为 10，最小值为 -22,,,,存储答案与独立解一致，最大值 10，最小值 -22，解析正确。,最大值为 10，最小值为 -22,最大值为 10，最小值为 -22 | 最大值10，最小值-22,pass,none,最大值为 10，最小值为 -22,pass,pass,not_applicable,,,"求函数 f(x) = x³ - 3x² - 9x + 5 在区间 [-2, 4] 上的最大值和最小值。"
bnu-high-ds-v1-s6-414,S6,upper,fill-in,Core,bnu-high-s6-导数及其应用,导数及其应用,选择性必修 第二册,导数及其应用,pass,none,high,stage-b,pass,pass,pass,pass,not_applicable,1,,,,存储答案 1 与独立解一致，解析正确。,1,1,pass,none,1,pass,pass,not_applicable,,,"曲线 y = x³ - 2x + 1 在点 (1, 0) 处的切线斜率为 ______。"
bnu-high-ds-v1-s6-415,S6,upper,multiple-choice,Exam,bnu-high-s6-导数及其应用,导数及其应用,选择性必修 第二册,导数及其应用,pass,none,high,stage-b,pass,pass,pass,pass,pass,-3,,,,存储答案 -3 与独立解一致，解析正确，选项唯一。,-3,-3,pass,none,-3,pass,pass,pass,,,已知函数 f(x) = x³ + ax² + bx + c 在 x = -1 处取得极大值，在 x = 3 处取得极小值，则 a 的值为？
bnu-high-ds-v1-s6-416,S6,upper,short-answer,Core,bnu-high-s6-导数及其应用,导数及其应用,选择性必修 第二册,导数及其应用,pass,none,high,stage-b,pass,pass,pass,pass,not_applicable,"(-∞, 0) 和 (2, +∞)",,,,"存储答案与独立解一致，均为 (-∞, 0) 和 (2, +∞)，解析正确。","(-∞, 0) 和 (2, +∞)","(-∞, 0) 和 (2, +∞) | (-∞,0)和(2,+∞) | (-∞,0)∪(2,+∞)",pass,none,"(-∞, 0) 和 (2, +∞)",pass,pass,not_applicable,,,求函数 f(x) = x³ - 3x² + 2 的单调递增区间。
bnu-high-ds-v1-s6-417,S6,upper,fill-in,Exam,bnu-high-s6-导数及其应用,导数及其应用,选择性必修 第二册,导数及其应用,fail,blocker,high,stage-c,pass,pass,fail,fail,not_applicable,a = -1 或 a = 1,a = -1 或 a = 1,math_error|answer_mismatch|explanation_contradiction|accepted_answer_gap,,"函数 f(x)=x³-3x 在区间 [a, a+2] 上的最小值为 -2。求导得 f'(x)=3x²-3，驻点 x=±1，f(1)=-2，f(-1)=2。区间长度 2，最小值 -2 只能由 x=1 取得，故区间必须包含 x=1 且不包含更小值。当 a=-1 时区间为 [-1,1]，包含 x=1，最小值为 f(1)=-2；当 a=1 时区间为 [1,3]，同样包含 x=1，最小值为 f(1)=-2。因此 a=-1 或 a=1 均满足。存储答案仅给出 -1，遗漏 a=1，且解析未讨论 a=1 的情况，属于答案错误和解析不完整。",-1,-1,pass,none,a = -1 或 a = 1,fail,fail,not_applicable,a = -1 或 a = 1,blocker,"若函数 f(x) = x³ - 3x 在区间 [a, a+2] 上的最小值为 -2，则实数 a 的值为 ______。"
bnu-high-ds-v1-s6-418,S6,upper,multiple-choice,Core,bnu-high-s6-导数及其应用,导数及其应用,选择性必修 第二册,导数及其应用,pass,none,high,stage-b,pass,pass,pass,pass,pass,1,,,,存储答案 1 与 Stage A 独立解一致，解析正确，选项唯一。,1,1,pass,none,1,pass,pass,pass,,,函数 f(x) = x³ - 3x² + 1 的极大值是？
bnu-high-ds-v1-s6-419,S6,upper,short-answer,Exam,bnu-high-s6-导数及其应用,导数及其应用,选择性必修 第二册,导数及其应用,pass,none,high,stage-b,pass,pass,pass,pass,not_applicable,长为6 m，宽为3 m时面积最大，最大面积为18 m²,,,,存储答案与 Stage A 独立解一致，解析完整，无问题。,长为 6 m，宽为 3 m，最大面积为 18 m²,长为 6 m，宽为 3 m，最大面积为 18 m² | 长6m，宽3m，最大面积18m² | 长6米，宽3米，最大面积18平方米,pass,none,长为6 m，宽为3 m时面积最大，最大面积为18 m²,pass,pass,not_applicable,,,用总长为 12 m 的篱笆围成一个矩形场地，一边靠墙（墙足够长），如何设计长和宽才能使场地面积最大？求出最大面积。
bnu-high-ds-v1-s6-420,S6,upper,fill-in,Core,bnu-high-s6-导数及其应用,导数及其应用,选择性必修 第二册,导数及其应用,pass,none,high,stage-b,pass,pass,pass,pass,not_applicable,x = 3,,,,存储答案 3 与 Stage A 独立解一致，解析正确。,3,3,pass,none,x = 3,pass,pass,not_applicable,,,函数 f(x) = x³ - 3x² - 9x + 5 的极小值点为 x = ______。
bnu-high-ds-v1-s6-421,S6,upper,multiple-choice,Exam,bnu-high-s6-导数及其应用,导数及其应用,选择性必修 第二册,导数及其应用,fail,blocker,high,stage-c,fail,pass,fail,fail,fail,a = 5,a = 5,math_error|answer_mismatch|bad_options|explanation_contradiction|unsolvable,overlong_rationale,"函数 f(x)=x³-3x²+a 在 [-1,3] 上最大值为 a，令 a=5 得 a=5，但选项仅含 1,2,3,4，无正确选项，题目不可解，存储答案 a=2 错误，解析矛盾。",a = 2,a = 2,pass,none,a = 1,fail,fail,fail,a = 5,blocker,"已知函数 f(x) = x^3 - 3x^2 + a 在区间 [-1, 3] 上的最大值为 5，则实数 a 的值为（ ）。"
bnu-high-ds-v1-s6-422,S6,upper,short-answer,Core,bnu-high-s6-导数及其应用,导数及其应用,选择性必修 第二册,导数及其应用,pass,none,high,stage-b,pass,pass,pass,pass,not_applicable,"(-1, 3)",,,,"存储答案 (-1, 3) 与 Stage A 独立解一致，解析正确。","(-1, 3)","(-1, 3) | (-1,3) | 递减区间为(-1,3)",pass,none,"(-1, 3)",pass,pass,not_applicable,,,求函数 f(x) = x^3 - 3x^2 - 9x + 5 的单调递减区间。
bnu-high-ds-v1-s6-423,S6,upper,fill-in,Exam,bnu-high-s6-导数及其应用,导数及其应用,选择性必修 第二册,导数及其应用,pass,none,high,stage-b,pass,pass,pass,pass,not_applicable,y = -x + 1,,,,存储答案 y = -x + 1 与 Stage A 独立解一致，解析正确。,y = -x + 1,y = -x + 1 | y=-x+1,pass,none,y = -x + 1,pass,pass,not_applicable,,,"曲线 y = x^3 - 2x^2 + 1 在点 (1, 0) 处的切线方程为 ______。"
bnu-high-ds-v1-s6-424,S6,upper,multiple-choice,Core,bnu-high-s6-导数及其应用,导数及其应用,选择性必修 第二册,导数及其应用,pass,none,high,stage-b,pass,pass,pass,pass,pass,2,,,,存储答案 2 与 Stage A 独立解一致，解析正确，选项唯一。,2,2,pass,none,2,pass,pass,pass,,,"函数 f(x) = x^3 - 3x 在区间 [-2, 2] 上的最大值是（ ）。"
bnu-high-ds-v1-s6-425,S6,upper,short-answer,Exam,bnu-high-s6-导数及其应用,导数及其应用,选择性必修 第二册,导数及其应用,fail,blocker,high,stage-c,pass,pass,fail,fail,not_applicable,"a = -3, b = -9, c = 0","a = -3, b = -9, c = 0",math_error|answer_mismatch|explanation_contradiction,,"题目条件为极大值5，由f'(-1)=0, f'(3)=0, f(-1)=5解得a=-3, b=-9, c=0。存储答案c=2错误，解析中计算过程也得出c=0，但最终答案写c=2，存在矛盾。","a = -3, b = -9, c = 2","a = -3, b = -9, c = 2 | a=-3,b=-9,c=2",pass,none,"a = -3, b = -9, c = 0",fail,fail,not_applicable,"a = -3, b = -9, c = 0",blocker,"已知函数 f(x) = x^3 + ax^2 + bx + c 在 x = -1 处取得极大值 5，在 x = 3 处取得极小值，求 a, b, c 的值。"
bnu-high-ds-v1-s6-426,S6,upper,fill-in,Core,bnu-high-s6-导数及其应用,导数及其应用,选择性必修 第二册,导数及其应用,fail,blocker,high,stage-c,pass,pass,fail,fail,not_applicable,-2,-2,math_error|explanation_contradiction,,"函数 f(x)=x^3-3x^2+2 在 [-1,1] 上，f'(x)=3x^2-6x，驻点 x=0。比较端点与驻点：f(-1)=-2，f(0)=2，f(1)=0，最小值为 -2。存储答案 0 错误，解析中列出 f(-1)=-2 却得出最小值 0，自相矛盾。",0,0,pass,none,-2,fail,fail,not_applicable,-2,blocker,"函数 f(x) = x^3 - 3x^2 + 2 在区间 [-1, 1] 上的最小值是 ______。"
bnu-high-ds-v1-s6-427,S6,upper,multiple-choice,Exam,bnu-high-s6-导数及其应用,导数及其应用,选择性必修 第二册,导数及其应用,pass,none,high,stage-b,pass,pass,pass,pass,pass,a = 3,,,,答案 a=3 正确，解析无误，选项唯一。,a = 3,a = 3,pass,none,a = 3,pass,pass,pass,,,若函数 f(x) = x^3 - ax^2 + 1 在 x = 2 处取得极值，则 a 的值为（ ）。
bnu-high-ds-v1-s6-428,S6,upper,short-answer,Core,bnu-high-s6-导数及其应用,导数及其应用,选择性必修 第二册,导数及其应用,pass,none,high,stage-b,pass,pass,pass,pass,not_applicable,极大值 10，极小值 -22,,,,答案极大值10极小值-22正确，解析无误。,极大值 10，极小值 -22,极大值 10，极小值 -22 | 极大值10，极小值-22,pass,none,极大值 10，极小值 -22,pass,pass,not_applicable,,,求函数 f(x) = x^3 - 3x^2 - 9x + 5 的极值。
bnu-high-ds-v1-s6-429,S6,upper,fill-in,Exam,bnu-high-s6-导数及其应用,导数及其应用,选择性必修 第二册,导数及其应用,pass,none,high,stage-b,pass,pass,pass,pass,not_applicable,0,,,,答案0正确，解析无误。,0,0,pass,none,0,pass,pass,not_applicable,,,"曲线 y = x^3 - 3x 在点 (1, -2) 处的切线斜率为 ______。"
bnu-high-ds-v1-s6-430,S6,upper,multiple-choice,Core,bnu-high-s6-导数及其应用,导数及其应用,选择性必修 第二册,导数及其应用,pass,none,high,stage-b,pass,pass,pass,pass,pass,"(-∞, 0) 和 (2, +∞)",,,,"答案(-∞,0)和(2,+∞)正确，解析无误，选项唯一。","(-∞, 0) 和 (2, +∞)","(-∞, 0) 和 (2, +∞)",pass,none,"(-∞, 0) 和 (2, +∞)",pass,pass,pass,,,函数 f(x) = x^3 - 3x^2 + 1 的单调递增区间是（ ）。
bnu-high-ds-v1-s6-431,S6,upper,short-answer,Exam,bnu-high-s6-导数及其应用,导数及其应用,选择性必修 第二册,导数及其应用,pass,none,high,stage-b,pass,pass,pass,pass,not_applicable,a = 5,,,,答案a=5正确，解析无误。,a = 5,a = 5 | a=5 | 5,pass,none,a = 5,pass,pass,not_applicable,,,"已知函数 f(x) = x³ - 3x² + a 在区间 [0, 3] 上的最大值为 5，求实数 a 的值。"
bnu-high-ds-v1-s6-432,S6,upper,fill-in,Core,bnu-high-s6-导数及其应用,导数及其应用,选择性必修 第二册,导数及其应用,pass,none,high,stage-b,pass,pass,pass,pass,not_applicable,9,,,,答案9正确，解析无误。,9,9,pass,none,9,pass,pass,not_applicable,,,"曲线 y = x³ - 3x 在点 (2, 2) 处的切线斜率为 ______。"
bnu-high-ds-v1-s6-433,S6,upper,multiple-choice,Exam,bnu-high-s6-导数及其应用,导数及其应用,选择性必修 第二册,导数及其应用,pass,none,high,stage-b,pass,pass,pass,pass,pass,2,,,,存储答案2与独立解一致，解析正确，选项唯一。,2,2,pass,none,2,pass,pass,pass,,,"函数 f(x) = x³ - 3x 在区间 [-2, 2] 上的最大值是（ ）。"
bnu-high-ds-v1-s6-434,S6,upper,short-answer,Core,bnu-high-s6-导数及其应用,导数及其应用,选择性必修 第二册,导数及其应用,pass,none,high,stage-b,pass,pass,pass,pass,not_applicable,"(-1, 3)",,,,"存储答案(-1, 3)与独立解一致，解析正确。","(-1, 3)","(-1, 3) | (-1,3) | x∈(-1,3)",pass,none,"(-1, 3)",pass,pass,not_applicable,,,求函数 f(x) = x³ - 3x² - 9x + 5 的单调递减区间。
bnu-high-ds-v1-s6-435,S6,upper,fill-in,Exam,bnu-high-s6-导数及其应用,导数及其应用,选择性必修 第二册,导数及其应用,pass,none,high,stage-b,pass,pass,pass,pass,not_applicable,-2,,,,存储答案-2与独立解一致，解析正确。,-2,-2,pass,none,-2,pass,pass,not_applicable,,,已知函数 f(x) = x³ - 3x² + 2，则 f(x) 的极小值为 ______。
bnu-high-ds-v1-s6-436,S6,upper,multiple-choice,Core,bnu-high-s6-导数及其应用,导数及其应用,选择性必修 第二册,导数及其应用,pass,none,high,stage-c,pass,pass,pass,pass,pass,"(-∞, -1) 和 (1, +∞)",,,,"函数可解，导数计算正确，单调递增区间为(-∞, -1)和(1, +∞)，与选项A一致，解析无误，选项唯一，无任何问题。","(-∞, -1) 和 (1, +∞)","(-∞, -1) 和 (1, +∞)",pass,none,"(-∞, -1) 和 (1, +∞)",pass,pass,pass,,none,函数 f(x) = x³ - 3x 的单调递增区间是（ ）。
bnu-high-ds-v1-s6-437,S6,upper,short-answer,Exam,bnu-high-s6-导数及其应用,导数及其应用,选择性必修 第二册,导数及其应用,pass,none,high,stage-b,pass,pass,pass,pass,not_applicable,最大值为 2，最小值为 -2,,,,存储答案与独立解一致，解析正确。,最大值为 2，最小值为 -2,"最大值为 2，最小值为 -2 | 最大值2，最小值-2 | max=2, min=-2",pass,none,最大值为 2，最小值为 -2,pass,pass,not_applicable,,,"求函数 f(x) = x³ - 3x² + 2 在区间 [-1, 3] 上的最大值与最小值。"
bnu-high-ds-v1-s6-438,S6,upper,fill-in,Core,bnu-high-s6-导数及其应用,导数及其应用,选择性必修 第二册,导数及其应用,pass,none,high,stage-b,pass,pass,pass,pass,not_applicable,y = -2,,,,存储答案y = -2与独立解一致，解析正确。,y = -2,y = -2 | y=-2,pass,none,y = -2,pass,pass,not_applicable,,,"曲线 y = x³ - 3x 在点 (1, -2) 处的切线方程为 ______。"
bnu-high-ds-v1-s6-439,S6,upper,multiple-choice,Exam,bnu-high-s6-导数及其应用,导数及其应用,选择性必修 第二册,导数及其应用,pass,none,high,stage-b,pass,pass,pass,pass,pass,2,,,,存储答案2与独立解一致，解析正确，选项唯一。,2,2,pass,none,2,pass,pass,pass,,,函数 f(x) = x³ - 3x² + 2 的极大值是（ ）。
bnu-high-ds-v1-s6-440,S6,upper,short-answer,Core,bnu-high-s6-导数及其应用,导数及其应用,选择性必修 第二册,导数及其应用,pass,none,high,stage-b,pass,pass,pass,pass,not_applicable,18 m²,,,,存储答案18 m²与独立解一致，解析正确。,18 m²,18 m² | 18平方米 | 18,pass,none,18 m²,pass,pass,not_applicable,,,用总长为 12 m 的篱笆围成一个矩形场地，一边靠墙（墙足够长），求矩形场地的最大面积。
bnu-high-ds-v1-s6-441,S6,upper,fill-in,Exam,bnu-high-s6-导数及其应用,导数及其应用,选择性必修 第二册,导数及其应用,fail,blocker,high,stage-c,pass,pass,fail,fail,not_applicable,5,5,math_error|answer_mismatch|explanation_contradiction,,函数最大值为5，正确解得a=5，但存储答案为1，解析最后一步错误得出a=1，与自身推导矛盾，属于严重数学错误。,1,1,pass,none,a = 5,fail,fail,not_applicable,5,blocker,"已知函数 f(x) = x³ - 3x² + a 在区间 [-1, 3] 上的最大值为 5，求实数 a 的值。"
bnu-high-ds-v1-s6-442,S6,upper,multiple-choice,Core,bnu-high-s6-导数及其应用,导数及其应用,选择性必修 第二册,导数及其应用,pass,none,high,stage-b,pass,pass,pass,pass,pass,"(-1, 1)",,,,"答案和解析均正确，单调递减区间为(-1,1)，选项唯一。","(-1, 1)","(-1, 1)",pass,none,"(-1, 1)",pass,pass,pass,,,函数 f(x) = x³ - 3x 的单调递减区间是（ ）。
bnu-high-ds-v1-s6-443,S6,upper,short-answer,Exam,bnu-high-s6-导数及其应用,导数及其应用,选择性必修 第二册,导数及其应用,pass,none,high,stage-b,pass,pass,pass,pass,not_applicable,最大值为 10/3，最小值为 2,,,,答案和解析均正确，最大值为10/3，最小值为2。,最大值为 10/3，最小值为 2,"最大值为 10/3，最小值为 2 | 最大值10/3，最小值2 | max=10/3, min=2",pass,none,最大值为 10/3，最小值为 2,pass,pass,not_applicable,,,"求函数 f(x) = x + 1/x 在区间 [1/2, 3] 上的最大值与最小值。"
bnu-high-ds-v1-s6-444,S6,upper,fill-in,Core,bnu-high-s6-导数及其应用,导数及其应用,选择性必修 第二册,导数及其应用,pass,none,high,stage-b,pass,pass,pass,pass,not_applicable,y = x - 1,,,,答案和解析均正确，切线方程为y=x-1。,y = x - 1,y = x - 1 | y=x-1,pass,none,y = x - 1,pass,pass,not_applicable,,,"曲线 y = x³ - 2x + 1 在点 (1, 0) 处的切线方程为 ______。"
bnu-high-ds-v1-s6-445,S6,upper,multiple-choice,Exam,bnu-high-s6-导数及其应用,导数及其应用,选择性必修 第二册,导数及其应用,fail,blocker,high,stage-c,pass,pass,fail,fail,fail,-6,,math_error|answer_mismatch|ambiguous_mc|bad_options|explanation_contradiction,overlong_rationale,独立求解得a+b=-6，不在选项中；存储答案-3错误，解析得出a+b=-6却选-3，自相矛盾，且无正确选项。,-3,-3,pass,none,-1,fail,fail,fail,,blocker,若函数 f(x) = x³ + ax² + bx + 1 在 x = -1 处取得极值，且 f'(-1) = 0，f(-1) = 4，则 a + b 的值为（ ）。
bnu-high-ds-v1-s6-446,S6,upper,short-answer,Core,bnu-high-s6-导数及其应用,导数及其应用,选择性必修 第二册,导数及其应用,pass,none,high,stage-b,pass,pass,pass,pass,not_applicable,极大值 10，极小值 -22,,,,答案和解析均正确，极大值10，极小值-22。,极大值为 10，极小值为 -22,"极大值为 10，极小值为 -22 | 极大值10，极小值-22 | max=10, min=-22",pass,none,极大值 10，极小值 -22,pass,pass,not_applicable,,,已知函数 f(x) = x³ - 3x² - 9x + 5，求 f(x) 的极值。
bnu-high-ds-v1-s6-447,S6,upper,fill-in,Exam,bnu-high-s6-导数及其应用,导数及其应用,选择性必修 第二册,导数及其应用,pass,none,high,stage-b,pass,pass,pass,pass,not_applicable,"(0, 4)",,,,"答案和解析均正确，k的取值范围为(0,4)。","(0, 4)","(0, 4) | 0<k<4",pass,none,"(0, 4)",pass,pass,not_applicable,,,设函数 f(x) = x³ - 3x + 2，若方程 f(x) = k 有三个不同的实数根，则实数 k 的取值范围是 ______。
bnu-high-ds-v1-s6-448,S6,upper,multiple-choice,Core,bnu-high-s6-导数及其应用,导数及其应用,选择性必修 第二册,导数及其应用,pass,none,high,stage-b,pass,pass,pass,pass,pass,"(1, +∞)",,,,"答案和解析均正确，单调递增区间为(1,+∞)，选项唯一。","(1, +∞)","(1, +∞)",pass,none,"(1, +∞)",pass,pass,pass,,,函数 f(x) = x² - 2ln x 的单调递增区间是（ ）。
bnu-high-ds-v1-s6-449,S6,upper,short-answer,Exam,bnu-high-s6-导数及其应用,导数及其应用,选择性必修 第二册,导数及其应用,pass,none,high,stage-b,pass,pass,pass,pass,not_applicable,18 m²,,,,存储答案18 m²与独立解一致，解析正确推导了面积函数和最大值。,18 m²,18 m² | 18平方米 | 18,pass,none,18 m²,pass,pass,not_applicable,,,用总长为 12 m 的篱笆围成一个矩形场地，一边靠墙（墙足够长），求矩形场地的最大面积。
bnu-high-ds-v1-s6-450,S6,upper,fill-in,Core,bnu-high-s6-导数及其应用,导数及其应用,选择性必修 第二册,导数及其应用,pass,none,high,stage-b,pass,pass,pass,pass,not_applicable,a ≤ 3,,,,"存储答案(-∞, 3]与独立解a≤3等价，解析正确使用导数非负条件。","(-∞, 3]","(-∞, 3] | a≤3",pass,none,a ≤ 3,pass,pass,not_applicable,,,"若函数 f(x) = x³ - ax 在区间 [1, +∞) 上单调递增，则实数 a 的取值范围是 ______。"
bnu-high-ds-v1-s6-451,S6,full-year,multiple-choice,Exam,bnu-high-s6-高三数列与导数综合复习,高三数列与导数综合复习,选择性必修 第二册综合复习,高三数列与导数综合复习,pass,none,high,stage-c,pass,pass,pass,pass,pass,3,,,,题目可解，符合BNU教材范围，答案3唯一且与独立解一致，解析正确推导出公比为3，无矛盾。,3,3,pass,none,3,pass,pass,pass,,none,已知数列{an}满足a1=2，an+1=3an+4n，设bn=an+2n。若数列{bn}是等比数列，则其公比等于（　　）
bnu-high-ds-v1-s6-452,S6,full-year,short-answer,Core,bnu-high-s6-高三数列与导数综合复习,高三数列与导数综合复习,选择性必修 第二册综合复习,高三数列与导数综合复习,pass,none,high,stage-b,pass,pass,pass,pass,not_applicable,an = 2n + 1,,,,存储答案an=2n+1与独立解一致，解析正确解出首项和公差。,an = 2n + 1,an = 2n + 1 | 2n+1,pass,none,an = 2n + 1,pass,pass,not_applicable,,,已知等差数列{an}的前n项和为Sn，且a3=7，S5=30。求数列{an}的通项公式。
bnu-high-ds-v1-s6-453,S6,full-year,multiple-choice,Exam,bnu-high-s6-高三数列与导数综合复习,高三数列与导数综合复习,选择性必修 第二册综合复习,高三数列与导数综合复习,pass,none,high,stage-b,pass,pass,pass,pass,pass,"(-1, 3)",,,,"存储答案(-1,3)与独立解一致，解析正确求导并解不等式。","(-1, 3)","(-1, 3)",pass,none,"(-1, 3)",pass,pass,pass,,,已知函数f(x)=x^3-3x^2-9x+5，则f(x)的单调递减区间为（　　）
bnu-high-ds-v1-s6-454,S6,full-year,short-answer,Core,bnu-high-s6-高三数列与导数综合复习,高三数列与导数综合复习,选择性必修 第二册综合复习,高三数列与导数综合复习,pass,none,high,stage-b,pass,pass,pass,pass,not_applicable,62,,,,存储答案62与独立解一致，解析正确求出公比并计算前5项和。,62,62,pass,none,62,pass,pass,not_applicable,,,已知等比数列{an}中，a1=2，a4=16，求其前5项和S5。
bnu-high-ds-v1-s6-455,S6,full-year,multiple-choice,Exam,bnu-high-s6-高三数列与导数综合复习,高三数列与导数综合复习,选择性必修 第二册综合复习,高三数列与导数综合复习,pass,none,high,stage-b,pass,pass,pass,pass,pass,31,,,,存储答案31与独立解一致，解析正确构造等比数列并求出a5。,31,31,pass,none,31,pass,pass,pass,,,已知数列{an}满足a1=1，an+1=2an+1，则a5的值为（　　）
bnu-high-ds-v1-s6-456,S6,full-year,short-answer,Core,bnu-high-s6-高三数列与导数综合复习,高三数列与导数综合复习,选择性必修 第二册综合复习,高三数列与导数综合复习,pass,none,high,stage-b,pass,pass,pass,pass,not_applicable,y = 3x - 2,,,,存储答案y=3x-2与独立解一致，解析正确求导并写出切线方程。,y = 3x - 2,y = 3x - 2 | 3x - y - 2 = 0,pass,none,y = 3x - 2,pass,pass,not_applicable,,,"求曲线y=x^2+ln x在点(1,1)处的切线方程。"
bnu-high-ds-v1-s6-457,S6,full-year,multiple-choice,Exam,bnu-high-s6-高三数列与导数综合复习,高三数列与导数综合复习,选择性必修 第二册综合复习,高三数列与导数综合复习,pass,none,high,stage-b,pass,pass,pass,pass,pass,a ≤ 1,,,,存储答案与独立解一致，均为a≤1；解析正确推导f'(x)≥0得a≤e^x，最小值1，故a≤1。,a ≤ 1,a ≤ 1,pass,none,a ≤ 1,pass,pass,pass,,,"已知函数f(x)=e^x - ax在区间[0, +∞)上单调递增，则实数a的取值范围是（　　）"
bnu-high-ds-v1-s6-458,S6,full-year,short-answer,Core,bnu-high-s6-高三数列与导数综合复习,高三数列与导数综合复习,选择性必修 第二册综合复习,高三数列与导数综合复习,pass,none,high,stage-b,pass,pass,pass,pass,not_applicable,假设当n=k(k∈N*)时，等式成立，即1+3+5+...+(2k-1)=k^2。,,,,存储答案与独立解一致，均为归纳假设：假设n=k时等式成立，即1+3+...+(2k-1)=k^2。解析正确。,假设当n=k时，等式成立，即1+3+5+...+(2k-1)=k^2。,假设当n=k时，等式成立，即1+3+5+...+(2k-1)=k^2。 | 假设n=k时，1+3+5+...+(2k-1)=k^2,pass,none,假设当n=k(k∈N*)时，等式成立，即1+3+5+...+(2k-1)=k^2。,pass,pass,not_applicable,,,用数学归纳法证明：1+3+5+...+(2n-1)=n^2。请写出第二步的归纳假设。
bnu-high-ds-v1-s6-459,S6,full-year,multiple-choice,Exam,bnu-high-s6-高三数列与导数综合复习,高三数列与导数综合复习,选择性必修 第二册综合复习,高三数列与导数综合复习,pass,none,high,stage-b,pass,pass,pass,pass,pass,9,,,,存储答案9与独立解一致；解析a4=S4-S3=24-15=9正确。,9,9,pass,none,9,pass,pass,pass,,,已知数列{an}的前n项和Sn=n^2+2n，则a4的值为（　　）
bnu-high-ds-v1-s6-460,S6,full-year,short-answer,Core,bnu-high-s6-高三数列与导数综合复习,高三数列与导数综合复习,选择性必修 第二册综合复习,高三数列与导数综合复习,pass,none,high,stage-b,pass,pass,pass,pass,not_applicable,最大值为2，最小值为-2。,,,,存储答案最大2最小-2与独立解一致；解析求导得驻点±1，比较端点得最值，正确。,最大值为2，最小值为-2。,最大值为2，最小值为-2。 | 最大值2，最小值-2,pass,none,最大值为2，最小值为-2。,pass,pass,not_applicable,,,"求函数f(x)=x^3-3x在区间[-2,2]上的最大值与最小值。"
bnu-high-ds-v1-s6-461,S6,full-year,multiple-choice,Exam,bnu-high-s6-高三数列与导数综合复习,高三数列与导数综合复习,选择性必修 第二册综合复习,高三数列与导数综合复习,pass,none,high,stage-b,pass,pass,pass,pass,pass,数列 {b_n} 是公比为 2 的等比数列,,,,存储答案与独立解一致，均为{b_n}是公比为2的等比数列；解析推导b_{n+1}=2b_n正确。,数列 {b_n} 是公比为 2 的等比数列,数列 {b_n} 是公比为 2 的等比数列,pass,none,数列 {b_n} 是公比为 2 的等比数列,pass,pass,pass,,,已知数列 {a_n} 满足 a_1 = 2，a_{n+1} = 2a_n + 3^n，n ∈ N*。设 b_n = a_n - 3^n，则下列结论正确的是（ ）
bnu-high-ds-v1-s6-462,S6,full-year,short-answer,Core,bnu-high-s6-高三数列与导数综合复习,高三数列与导数综合复习,选择性必修 第二册综合复习,高三数列与导数综合复习,pass,none,high,stage-b,pass,pass,pass,pass,not_applicable,a_n = 3n - 2,,,,"存储答案a_n=3n-2与独立解一致；解析解方程组得a1=1,d=3，通项正确。",a_n = 3n - 2,a_n = 3n - 2,pass,none,a_n = 3n - 2,pass,pass,not_applicable,,,已知等差数列 {a_n} 的前 n 项和为 S_n，且 a_3 = 7，S_6 = 72。求数列 {a_n} 的通项公式。
bnu-high-ds-v1-s6-463,S6,full-year,multiple-choice,Exam,bnu-high-s6-高三数列与导数综合复习,高三数列与导数综合复习,选择性必修 第二册综合复习,高三数列与导数综合复习,pass,none,high,stage-b,pass,pass,pass,pass,pass,-22,,,,"存储答案-22与独立解一致；解析求导得极小值-22，端点值-6,-15，最小值-22，m最大-22正确。",-22,-22,pass,none,-22,pass,pass,pass,,,"已知函数 f(x) = x^3 - 3x^2 - 9x + 5，若对于任意 x ∈ [1, 4]，不等式 f(x) ≥ m 恒成立，则实数 m 的最大值为（ ）"
bnu-high-ds-v1-s6-464,S6,full-year,short-answer,Core,bnu-high-s6-高三数列与导数综合复习,高三数列与导数综合复习,选择性必修 第二册综合复习,高三数列与导数综合复习,pass,none,high,stage-b,pass,pass,pass,pass,not_applicable,100,,,,存储答案100与独立解一致；解析累加得a_n=n^2，a_10=100正确。,100,100,pass,none,100,pass,pass,not_applicable,,,已知数列 {a_n} 满足 a_1 = 1，a_{n+1} = a_n + 2n + 1，n ∈ N*。求 a_10 的值。
bnu-high-ds-v1-s6-465,S6,full-year,multiple-choice,Exam,bnu-high-s6-高三数列与导数综合复习,高三数列与导数综合复习,选择性必修 第二册综合复习,高三数列与导数综合复习,fail,blocker,high,stage-c,pass,pass,fail,fail,fail,7,7,math_error|answer_mismatch|explanation_contradiction|ambiguous_mc,self_correction_language|overlong_rationale,题目可解，公比q=3或-4均得最小n=7，选项A为7。存储答案9错误，解析自相矛盾（先得n≥7却给9），且选项7、8、9、10中7为唯一最小解，但原答案9导致多解歧义。正确答案应为7。,9,9,pass,none,8,fail,fail,fail,7,blocker,已知等比数列 {a_n} 的前 n 项和为 S_n，且 a_1 = 2，S_3 = 26。若 S_n > 1000，则正整数 n 的最小值为（ ）
bnu-high-ds-v1-s6-466,S6,full-year,short-answer,Core,bnu-high-s6-高三数列与导数综合复习,高三数列与导数综合复习,选择性必修 第二册综合复习,高三数列与导数综合复习,pass,none,high,stage-b,pass,pass,pass,pass,not_applicable,a ≤ 1/e,,,,存储答案a≤1/e与Stage A独立解一致，解析正确。,a ≤ 1/e,a ≤ 1/e,pass,none,a ≤ 1/e,pass,pass,not_applicable,,,"已知函数 f(x) = ln x - ax 在区间 (0, e] 上单调递增，求实数 a 的取值范围。"
bnu-high-ds-v1-s6-467,S6,full-year,multiple-choice,Exam,bnu-high-s6-高三数列与导数综合复习,高三数列与导数综合复习,选择性必修 第二册综合复习,高三数列与导数综合复习,fail,blocker,high,stage-c,pass,pass,fail,fail,pass,3^n - 1,3^n - 1,math_error|answer_mismatch|explanation_contradiction,,题目可解，符合BNU数列递推与求和范围。独立求解得T_n=3^n-1，对应选项C。但存储答案和解析均指向A (3^{n+1}-3)/2，解析过程却算出3^n-1，自相矛盾。正确答案唯一，选项C正确，A错误。判定为答案错误、解析矛盾，严重程度为blocker。,(3^{n+1} - 3)/2,(3^{n+1} - 3)/2,pass,none,(3^{n+1} - 3)/2,fail,fail,fail,3^n - 1,blocker,已知数列 {a_n} 满足 a_1 = 1，a_{n+1} = 3a_n + 2，n ∈ N*。设 b_n = a_n + 1，则数列 {b_n} 的前 n 项和 T_n 等于（ ）
bnu-high-ds-v1-s6-468,S6,full-year,short-answer,Core,bnu-high-s6-高三数列与导数综合复习,高三数列与导数综合复习,选择性必修 第二册综合复习,高三数列与导数综合复习,pass,none,high,stage-b,pass,pass,pass,pass,not_applicable,a = -1,,,,存储答案-1与Stage A独立解一致，解析正确。,-1,-1,pass,none,a = -1,pass,pass,not_applicable,,,"已知曲线 y = x^3 + ax 在点 (1, 1+a) 处的切线与直线 y = 2x - 1 平行，求 a 的值。"
bnu-high-ds-v1-s6-469,S6,full-year,multiple-choice,Exam,bnu-high-s6-高三数列与导数综合复习,高三数列与导数综合复习,选择性必修 第二册综合复习,高三数列与导数综合复习,pass,none,high,stage-b,pass,pass,pass,pass,pass,a > e,,,,存储答案a>e与Stage A独立解一致，解析正确。,a > e,a > e,pass,none,a > e,pass,pass,pass,,,已知函数 f(x) = e^x - ax 在 R 上有两个零点，则实数 a 的取值范围是（ ）
bnu-high-ds-v1-s6-470,S6,full-year,short-answer,Core,bnu-high-s6-高三数列与导数综合复习,高三数列与导数综合复习,选择性必修 第二册综合复习,高三数列与导数综合复习,pass,none,high,stage-b,pass,pass,pass,pass,not_applicable,a_n = 2^{2^{n-1}} - 1,,,,存储答案a_n=2^{2^{n-1}}-1与Stage A独立解一致，解析正确。,a_n = 2^{2^{n-1}} - 1,a_n = 2^{2^{n-1}} - 1,pass,none,a_n = 2^{2^{n-1}} - 1,pass,pass,not_applicable,,,已知正项数列 {a_n} 满足 a_1 = 1，a_{n+1} = a_n^2 + 2a_n，n ∈ N*。求数列 {a_n} 的通项公式。
bnu-high-ds-v1-s6-471,S6,full-year,multiple-choice,Exam,bnu-high-s6-高三数列与导数综合复习,高三数列与导数综合复习,选择性必修 第二册综合复习,高三数列与导数综合复习,pass,none,high,stage-b,pass,pass,pass,pass,pass,2,,,,存储答案2与Stage A独立解一致，解析正确。,2,2,pass,none,2,pass,pass,pass,,,已知数列 {a_n} 满足 a_1 = 2，a_{n+1} = 2a_n + 3n - 1。设 b_n = a_n + 3n + 2，则数列 {b_n} 是等比数列，其公比为（ ）。
bnu-high-ds-v1-s6-472,S6,full-year,short-answer,Core,bnu-high-s6-高三数列与导数综合复习,高三数列与导数综合复习,选择性必修 第二册综合复习,高三数列与导数综合复习,pass,none,high,stage-b,pass,pass,pass,pass,not_applicable,a_n = 2n - 1,,,,存储答案a_n=2n-1与Stage A独立解一致，解析正确。,a_n = 2n - 1,a_n = 2n - 1,pass,none,a_n = 2n - 1,pass,pass,not_applicable,,,已知等差数列 {a_n} 的前 n 项和为 S_n，且 a_3 = 5，S_6 = 36。求数列 {a_n} 的通项公式。
bnu-high-ds-v1-s6-473,S6,full-year,multiple-choice,Exam,bnu-high-s6-高三数列与导数综合复习,高三数列与导数综合复习,选择性必修 第二册综合复习,高三数列与导数综合复习,pass,none,high,stage-b,pass,pass,pass,pass,pass,B,,,,"存储答案 (-1,3) 与独立解 B 一致，解析正确，选项唯一。","(-1, 3)","(-1, 3)",pass,none,B,pass,pass,pass,,,已知函数 f(x) = x^3 - 3x^2 - 9x + 5，则 f(x) 的单调递减区间是（ ）。
bnu-high-ds-v1-s6-474,S6,full-year,short-answer,Core,bnu-high-s6-高三数列与导数综合复习,高三数列与导数综合复习,选择性必修 第二册综合复习,高三数列与导数综合复习,pass,none,high,stage-b,pass,pass,pass,pass,not_applicable,q=2,,,,存储答案 2 与独立解 q=2 一致，解析正确。,2,2,pass,none,q=2,pass,pass,not_applicable,,,已知等比数列 {a_n} 的各项均为正数，且 a_1 + a_2 = 6，a_3 + a_4 = 24。求该数列的公比 q。
bnu-high-ds-v1-s6-475,S6,full-year,multiple-choice,Exam,bnu-high-s6-高三数列与导数综合复习,高三数列与导数综合复习,选择性必修 第二册综合复习,高三数列与导数综合复习,pass,none,high,stage-b,pass,pass,pass,pass,pass,A,,,,存储答案 11 与独立解 A 一致，解析正确，选项唯一。,11,11,pass,none,A,pass,pass,pass,,,已知数列 {a_n} 的前 n 项和 S_n = n^2 + 2n，则 a_5 的值为（ ）。
bnu-high-ds-v1-s6-476,S6,full-year,short-answer,Core,bnu-high-s6-高三数列与导数综合复习,高三数列与导数综合复习,选择性必修 第二册综合复习,高三数列与导数综合复习,pass,none,high,stage-b,pass,pass,pass,pass,not_applicable,"a=0, b=-3",,,,"存储答案 a=0, b=-3 与独立解一致，解析正确。","a = 0, b = -3","a = 0, b = -3",pass,none,"a=0, b=-3",pass,pass,not_applicable,,,已知函数 f(x) = x^3 + ax^2 + bx + 1 在 x = 1 处取得极值，且 f'(0) = -3。求 a 和 b 的值。
bnu-high-ds-v1-s6-477,S6,full-year,multiple-choice,Exam,bnu-high-s6-高三数列与导数综合复习,高三数列与导数综合复习,选择性必修 第二册综合复习,高三数列与导数综合复习,pass,none,high,stage-b,pass,pass,pass,pass,pass,A,,,,存储答案 100 与独立解 A 一致，解析正确，选项唯一。,100,100,pass,none,A,pass,pass,pass,,,已知数列 {a_n} 满足 a_1 = 1，a_{n+1} = a_n + 2n + 1，则 a_10 的值为（ ）。
bnu-high-ds-v1-s6-478,S6,full-year,short-answer,Core,bnu-high-s6-高三数列与导数综合复习,高三数列与导数综合复习,选择性必修 第二册综合复习,高三数列与导数综合复习,pass,none,high,stage-b,pass,pass,pass,pass,not_applicable,13/16,,,,存储答案 13/16 与独立解一致，解析正确。,13/16,13/16,pass,none,13/16,pass,pass,not_applicable,,,"已知等差数列 {a_n} 的公差 d ≠ 0，且 a_1, a_3, a_9 成等比数列。求 (a_1 + a_3 + a_9) / (a_2 + a_4 + a_10) 的值。"
bnu-high-ds-v1-s6-479,S6,full-year,multiple-choice,Exam,bnu-high-s6-高三数列与导数综合复习,高三数列与导数综合复习,选择性必修 第二册综合复习,高三数列与导数综合复习,pass,none,high,stage-b,pass,pass,pass,pass,pass,B,,,,存储答案 y=-1 与独立解 B 一致，解析正确，选项唯一。,y = -1,y = -1,pass,none,B,pass,pass,pass,,,"已知函数 f(x) = x^3 - 3x + 1，则曲线 y = f(x) 在点 (1, f(1)) 处的切线方程为（ ）。"
bnu-high-ds-v1-s6-480,S6,full-year,short-answer,Core,bnu-high-s6-高三数列与导数综合复习,高三数列与导数综合复习,选择性必修 第二册综合复习,高三数列与导数综合复习,fail,blocker,high,stage-c,pass,pass,fail,fail,not_applicable,a_n = n(n+1)/2 + n,a_n = n(n+1)/2 + n,math_error|explanation_contradiction,,题目可解，独立解为 a_n = n(n+1)/2 + n，存储答案 a_n = n^2 + n 错误，解析中猜测验证不严谨且结果矛盾，属于严重数学错误。,a_n = n^2 + n,a_n = n^2 + n,pass,none,a_n = n(n+1)/2 + n,fail,fail,not_applicable,a_n = n(n+1)/2 + n,blocker,已知数列 {a_n} 满足 a_1 = 2，a_{n+1} = (n+1)/n * a_n + 1。求数列 {a_n} 的通项公式。
bnu-high-ds-v1-s6-481,S6,full-year,multiple-choice,Exam,bnu-high-s6-高三数列与导数综合复习,高三数列与导数综合复习,选择性必修 第二册综合复习,高三数列与导数综合复习,fail,blocker,high,stage-c,pass,pass,fail,fail,pass,D,D. n(n+1)/6,math_error|explanation_contradiction,,题目可解，正确解法得b_n=n/3，S_n=n(n+1)/6，选项D正确且唯一。但所附解析错误：构造等比数列得b_n=1-(2/3)^n，S_n=n-2+2(2/3)^n，与选项D矛盾，且解析末尾声称S_n=n(n+1)/6，自相矛盾。解析与正确答案不符，存在数学错误和解释矛盾，必须修正。,D. n(n+1)/6,D. n(n+1)/6,pass,none,A,fail,fail,pass,D. n(n+1)/6,blocker,已知数列{a_n}满足a_1=1，a_{n+1}=2a_n+3^n，n∈N*。设b_n=a_n/3^n，则数列{b_n}的前n项和S_n等于（ ）
bnu-high-ds-v1-s6-482,S6,full-year,short-answer,Core,bnu-high-s6-高三数列与导数综合复习,高三数列与导数综合复习,选择性必修 第二册综合复习,高三数列与导数综合复习,pass,none,high,stage-b,pass,pass,pass,pass,not_applicable,y=-3x+3,,,,存储答案、解析与Stage A独立答案一致，均为y=-3x+3。,y=-3x+3,y=-3x+3,pass,none,y=-3x+3,pass,pass,not_applicable,,,"已知函数f(x)=x^3-3x^2+2，求曲线y=f(x)在点(1,f(1))处的切线方程。"
bnu-high-ds-v1-s6-483,S6,full-year,multiple-choice,Exam,bnu-high-s6-高三数列与导数综合复习,高三数列与导数综合复习,选择性必修 第二册综合复习,高三数列与导数综合复习,fail,blocker,high,stage-c,pass,pass,pass,fail,pass,B,,math_error|explanation_contradiction,,题目可解，答案B正确，选项唯一。但解析中T_n化简过程错误：T_n=(1/2)(4(4^n-1)/3)=2(4^n-1)/3，不等于2^{n+2}-4，且解析声称化简得2^{n+2}-4，前后矛盾。正确化简应为2(4^n-1)/3=2(2^{2n}-1)/3，与2^{n+2}-4不等价，解析存在数学错误和解释矛盾，需修正。,B. 2^{n+2}-4,B. 2^{n+2}-4,pass,none,B,pass,fail,pass,,blocker,已知等差数列{a_n}的前n项和为S_n，且a_3=5，S_6=36。若b_n=2^{a_n}，则数列{b_n}的前n项和T_n等于（ ）
bnu-high-ds-v1-s6-484,S6,full-year,short-answer,Core,bnu-high-s6-高三数列与导数综合复习,高三数列与导数综合复习,选择性必修 第二册综合复习,高三数列与导数综合复习,fail,blocker,high,stage-c,pass,pass,fail,fail,not_applicable,2,2,math_error|answer_mismatch|explanation_contradiction,,递推计算：a1=2，a2=2，a3=2，a4=2。存储答案26错误，解析混乱且自相矛盾。Stage A独立答案2正确。,26,26,pass,none,2,fail,fail,not_applicable,2,blocker,已知数列{a_n}满足a_1=2，a_{n+1}=a_n^2-2a_n+2，求a_4的值。
bnu-high-ds-v1-s6-485,S6,full-year,multiple-choice,Exam,bnu-high-s6-高三数列与导数综合复习,高三数列与导数综合复习,选择性必修 第二册综合复习,高三数列与导数综合复习,fail,blocker,high,stage-c,pass,pass,fail,fail,pass,C,C. 3,math_error|explanation_contradiction,,"题目可解，由条件解得a=-3/2, b=1, c=7/2，a+b+c=3，对应选项C。存储答案B错误，解析混乱且与条件矛盾，故判定为blocker。",B. 2,B. 2,pass,none,C,fail,fail,pass,C. 3,blocker,"已知函数f(x)=x^3+ax^2+bx+c在x=1处有极值，且f(1)=2，f'(0)=1。若曲线y=f(x)在点(0,f(0))处的切线与直线x-2y+1=0垂直，则a+b+c等于（ ）"
bnu-high-ds-v1-s6-486,S6,full-year,short-answer,Core,bnu-high-s6-高三数列与导数综合复习,高三数列与导数综合复习,选择性必修 第二册综合复习,高三数列与导数综合复习,fail,blocker,high,stage-c,pass,pass,fail,fail,not_applicable,160,160,math_error|answer_mismatch|explanation_contradiction,,题目可解，正确通项为a_n=n·2^n，a_5=160。存储答案160正确，但解析中递推计算错误得出192，与答案矛盾，且解析过程存在数学错误。,160,160,pass,none,80,fail,fail,not_applicable,160,blocker,已知数列{a_n}的前n项和为S_n，且S_n=2a_n-2^{n+1}，求a_5的值。
bnu-high-ds-v1-s6-487,S6,full-year,multiple-choice,Exam,bnu-high-s6-高三数列与导数综合复习,高三数列与导数综合复习,选择性必修 第二册综合复习,高三数列与导数综合复习,warn,minor,high,stage-c,pass,pass,pass,weak,pass,A,,explanation_contradiction,,题目可解，导数单调性条件正确，答案A唯一且与独立解答一致。解析中令g(x)=1/x-2ax+a-2，但后续讨论a≥0时g(x)→+∞，与g(x)≤0矛盾，故a<0，然后求最大值点x=1/√(-2a)并代入得2√(-2a)+a-2≤0，解得a≤-1。解析思路正确，但表述存在小瑕疵：g(x)表达式与f'(x)不完全一致（f'(x)=1/x-2ax+a-2，解析中写为1/x+a(1-2x)-2，等价但不够直接），且未严格说明最大值点处二阶条件，但整体不影响正确性，故标记为weak。,A. a≤-1,A. a≤-1,pass,none,A,pass,weak,pass,,minor,"已知函数f(x)=lnx-ax^2+(a-2)x在区间(0,+∞)上单调递减，则实数a的取值范围是（ ）"
bnu-high-ds-v1-s6-488,S6,full-year,short-answer,Core,bnu-high-s6-高三数列与导数综合复习,高三数列与导数综合复习,选择性必修 第二册综合复习,高三数列与导数综合复习,pass,none,high,stage-b,pass,pass,pass,pass,not_applicable,96,,,,存储答案、解析与Stage A独立答案一致，均为96。,96,96,pass,none,96,pass,pass,not_applicable,,,已知等比数列{a_n}的公比q>0，且a_1+a_2=6，a_3+a_4=24，求a_5+a_6的值。
bnu-high-ds-v1-s6-489,S6,full-year,multiple-choice,Exam,bnu-high-s6-高三数列与导数综合复习,高三数列与导数综合复习,选择性必修 第二册综合复习,高三数列与导数综合复习,pass,none,high,stage-c,pass,pass,pass,pass,pass,A,,,,递推累加得a_n = n(n+1)/2，选项A正确，解析一致，无问题。,A. n(n+1)/2,A. n(n+1)/2,pass,none,A,pass,pass,pass,,none,已知数列{a_n}满足a_1=1，a_{n+1}=a_n+n+1，则a_n等于（ ）
bnu-high-ds-v1-s6-490,S6,full-year,short-answer,Core,bnu-high-s6-高三数列与导数综合复习,高三数列与导数综合复习,选择性必修 第二册综合复习,高三数列与导数综合复习,fail,blocker,high,stage-c,pass,pass,fail,fail,not_applicable,a = e - 1,e-1,math_error|explanation_contradiction,,题目可解，正确答案为a=e-1。解析中错误得出a=e，且a=e-1与a≥e矛盾，与正确答案不一致，存在数学错误和解释矛盾。,e-1,e-1,pass,none,a = e - 1,fail,fail,not_applicable,e-1,blocker,"已知函数f(x)=e^x-ax在区间[0,1]上的最小值为1，求实数a的值。"
bnu-high-ds-v1-s6-491,S6,full-year,multiple-choice,Exam,bnu-high-s6-高三数列与导数综合复习,高三数列与导数综合复习,选择性必修 第二册综合复习,高三数列与导数综合复习,fail,blocker,high,stage-c,fail,pass,fail,fail,fail,,,math_error|unsolvable|ambiguous_mc|explanation_contradiction,,由a1=2得b1=0，递推得bn恒为0，Sn=0，但选项无0，题目无正确选项，不可解。解析随意修改a1，与题目矛盾。,3^n-1,3^n-1,pass,none,B,fail,fail,fail,,blocker,已知数列{an}满足a1=2，且对任意正整数n，有an+1=3an-4。若bn=an-2，则数列{bn}的前n项和Sn等于（ ）。
bnu-high-ds-v1-s6-492,S6,full-year,short-answer,Exam,bnu-high-s6-高三数列与导数综合复习,高三数列与导数综合复习,选择性必修 第二册综合复习,高三数列与导数综合复习,fail,blocker,high,stage-c,pass,pass,fail,fail,not_applicable,y = -9x + 11,y = -9x + 11,math_error|explanation_contradiction,,题目可解，独立计算得切线方程 y=-9x+11。存储答案 y=-9x+15 错误，解析中 y=-9x+1 与答案不一致，存在数学错误和解释矛盾。,y=-9x+15,y=-9x+15,pass,none,y = -9x + 11,fail,fail,not_applicable,y=-9x+11,blocker,"已知函数f(x)=x^3-3x^2-9x+5。求曲线y=f(x)在点(2, f(2))处的切线方程。"
bnu-high-ds-v1-s6-493,S6,full-year,multiple-choice,Exam,bnu-high-s6-高三数列与导数综合复习,高三数列与导数综合复习,选择性必修 第二册综合复习,高三数列与导数综合复习,pass,none,high,stage-b,pass,pass,pass,pass,pass,A,,,,存储答案2与独立解一致，解析正确，选项唯一。,2,2,pass,none,A,pass,pass,pass,,,设等差数列{an}的前n项和为Sn，已知a3=7，S6=48，则公差d等于（ ）。
bnu-high-ds-v1-s6-494,S6,full-year,short-answer,Exam,bnu-high-s6-高三数列与导数综合复习,高三数列与导数综合复习,选择性必修 第二册综合复习,高三数列与导数综合复习,pass,none,high,stage-b,pass,pass,pass,pass,not_applicable,a_n = n^2,,,,存储答案an=n^2与独立解一致，解析累加正确。,an=n^2,an=n^2,pass,none,a_n = n^2,pass,pass,not_applicable,,,已知数列{an}满足a1=1，an+1=an+2n+1，求通项公式an。
bnu-high-ds-v1-s6-495,S6,full-year,multiple-choice,Exam,bnu-high-s6-高三数列与导数综合复习,高三数列与导数综合复习,选择性必修 第二册综合复习,高三数列与导数综合复习,pass,none,high,stage-b,pass,pass,pass,pass,pass,B,,,,"存储答案[1,+∞)与独立解一致，解析正确，选项唯一。","[1, +∞)","[1, +∞)",pass,none,B,pass,pass,pass,,,"若函数f(x)=lnx-ax在区间[1,2]上单调递减，则实数a的取值范围是（ ）。"
bnu-high-ds-v1-s6-496,S6,full-year,short-answer,Exam,bnu-high-s6-高三数列与导数综合复习,高三数列与导数综合复习,选择性必修 第二册综合复习,高三数列与导数综合复习,pass,none,high,stage-b,pass,pass,pass,pass,not_applicable,假设当n=k时，等式成立，即1+3+5+...+(2k-1)=k^2。,,,,存储答案与独立解一致，解析正确。,假设当n=k时，等式成立，即1+3+5+...+(2k-1)=k^2。,假设当n=k时，等式成立，即1+3+5+...+(2k-1)=k^2。,pass,none,假设当n=k时，等式成立，即1+3+5+...+(2k-1)=k^2。,pass,pass,not_applicable,,,用数学归纳法证明：1+3+5+...+(2n-1)=n^2。请写出第二步的归纳假设。
bnu-high-ds-v1-s6-497,S6,full-year,multiple-choice,Exam,bnu-high-s6-高三数列与导数综合复习,高三数列与导数综合复习,选择性必修 第二册综合复习,高三数列与导数综合复习,pass,none,high,stage-b,pass,pass,pass,pass,pass,2,,,,存储答案2与独立解一致，解析正确推导公比q=2，选项唯一。,2,2,pass,none,2,pass,pass,pass,,,已知等比数列{an}中，a2=6，a5=48，则公比q等于（ ）。
bnu-high-ds-v1-s6-498,S6,full-year,short-answer,Exam,bnu-high-s6-高三数列与导数综合复习,高三数列与导数综合复习,选择性必修 第二册综合复习,高三数列与导数综合复习,pass,none,high,stage-b,pass,pass,pass,pass,not_applicable,最大值为2，最小值为-2,,,,存储答案“最大值为2，最小值为-2”与独立解一致，解析正确计算极值和端点值。,最大值为2，最小值为-2,最大值为2，最小值为-2,pass,none,最大值为2，最小值为-2,pass,pass,not_applicable,,,"求函数f(x)=x^3-3x在区间[-2,2]上的最大值与最小值。"
bnu-high-ds-v1-s6-499,S6,full-year,multiple-choice,Exam,bnu-high-s6-高三数列与导数综合复习,高三数列与导数综合复习,选择性必修 第二册综合复习,高三数列与导数综合复习,pass,none,high,stage-b,pass,pass,pass,pass,pass,31,,,,存储答案31与独立解一致，解析通过构造等比数列正确求得a5=31，选项唯一。,31,31,pass,none,31,pass,pass,pass,,,数列{an}满足a1=1，an+1=2an+1，则a5等于（ ）。
bnu-high-ds-v1-s6-500,S6,full-year,short-answer,Exam,bnu-high-s6-高三数列与导数综合复习,高三数列与导数综合复习,选择性必修 第二册综合复习,高三数列与导数综合复习,pass,none,high,stage-b,pass,pass,pass,pass,not_applicable,1,,,,存储答案a=1与独立解一致，解析由f'(0)=0正确解得a=1。,a=1,a=1,pass,none,1,pass,pass,not_applicable,,,已知函数f(x)=e^x-ax在x=0处取得极值，求a的值。
