id,grade,semester,type,difficulty,topicId,unitTitle,status,severity,issueTags,correctedAnswer,rationale,answer,promptZhHans
hjb-primary-ds-v1-p1-001,P1,upper,multiple-choice,Foundation,hjb-primary-p1-upper-school-math-habits,我是小学生与数学学习习惯,pass,none,,,题目清晰，选项区分度好，答案正确，符合一年级学习习惯培养目标。,C. 先拿出糖果，一颗一颗数，然后告诉同桌“我拿了5颗”,数学课上，老师说：“请每个小朋友从盒子里拿出5颗糖果，然后数一数，告诉同桌你拿了几颗。”下面哪个做法是正确的？
hjb-primary-ds-v1-p1-002,P1,upper,fill-in,Core,hjb-primary-p1-upper-school-math-habits,我是小学生与数学学习习惯,pass,none,,,答案8正确，接受中文数字，符合听力与加法练习要求。,8,老师拍手，第一次拍3下，第二次拍5下。请你仔细听，然后回答：老师一共拍了______下。
hjb-primary-ds-v1-p1-003,P1,upper,short-answer,Challenge,hjb-primary-p1-upper-school-math-habits,我是小学生与数学学习习惯,pass,none,,,答案合理，接受多种表述，考察数学语言识别，难度适合挑战。,颜色、最多,小明在数学游戏中说：“我看到的积木有红色、蓝色、黄色，红色积木最多。”请你写出小明用了哪些数学语言？
hjb-primary-ds-v1-p1-004,P1,upper,multiple-choice,Exam,hjb-primary-p1-upper-school-math-habits,我是小学生与数学学习习惯,pass,none,,,选项B明确包含数量和比较，是数学发现，其他选项无关，答案正确。,B. 小刚说：“教室里有3扇窗户，比门多。”,老师让小朋友观察教室里的物品，然后说一个数学发现。下面哪个小朋友的发现最像数学发现？
hjb-primary-ds-v1-p1-005,P1,upper,fill-in,Foundation,hjb-primary-p1-upper-school-math-habits,我是小学生与数学学习习惯,pass,none,,,比3多2是5，答案正确，接受中文数字，符合基础计算。,5,游戏规则：老师说“请你拿出比3多2的积木块数”。你应该拿出______块积木。
hjb-primary-ds-v1-p1-006,P1,upper,short-answer,Core,hjb-primary-p1-upper-school-math-habits,我是小学生与数学学习习惯,pass,none,,,小红提到圆形（形状）和一个（数字1），符合既有数字又有形状，答案正确。,小红,老师让小朋友说一说自己书包里有什么数学有关的东西。小明说：“我的书包里有3本数学书。”小红说：“我的书包里有一个圆形的笔筒。”小华说：“我的书包里有很多铅笔。”谁说的话里既有数字又有形状？请写出这个小朋友的名字。
hjb-primary-ds-v1-p1-007,P1,upper,multiple-choice,Challenge,hjb-primary-p1-upper-school-math-habits,我是小学生与数学学习习惯,pass,none,,,选项描述清晰，正确答案强调认真听、想、举手，符合学习习惯要求。,认真听老师拍手，拍完后想一想，再举手说出拍手的次数。,数学课上，老师拍手，小朋友要仔细听，然后说出老师拍了几下。下面哪个做法最好？
hjb-primary-ds-v1-p1-008,P1,upper,fill-in,Exam,hjb-primary-p1-upper-school-math-habits,我是小学生与数学学习习惯,pass,none,,,3+2=5，答案正确，题目考察按指令操作和加法，难度适合考试。,5,在数学游戏中，老师说：“请拿出3个红色积木和2个蓝色积木。”小明先拿了2个红色积木，又拿了1个红色积木，再拿了2个蓝色积木。他一共拿了______个积木。
hjb-primary-ds-v1-p1-009,P1,upper,short-answer,Foundation,hjb-primary-p1-upper-school-math-habits,我是小学生与数学学习习惯,pass,none,,,答案合理，接受多种相近表述，考察倾听习惯，符合基础要求。,认真听，不插话，等小朋友说完再举手说自己的想法。,请你说一说，在数学课上，当其他小朋友在发言时，你应该怎么做？
hjb-primary-ds-v1-p1-010,P1,upper,multiple-choice,Core,hjb-primary-p1-upper-school-math-habits,我是小学生与数学学习习惯,pass,none,,,小刚说出形状，是数学发现，其他选项无关，答案正确。,小刚说：“黑板是长方形的。”,老师让小朋友观察教室里的物品，并说出一个数学发现。下面哪个小朋友的发现是数学发现？
hjb-primary-ds-v1-p1-011,P1,upper,fill-in,Challenge,hjb-primary-p1-upper-school-math-habits,我是小学生与数学学习习惯,pass,none,,,"填空2,3,5正确，接受逗号分隔，题目复述指令，考察听力与记忆。","2,3,5",老师说：“请小朋友听好：先拍两下手，再拍三下手，然后告诉大家一共拍了几下。”小明听完后马上说：“一共拍了5下。”老师又问：“你是怎么知道的？”小明说：“因为2和3合起来是5。”老师表扬小明听得认真、说得清楚。请你像小明一样，先听老师的话，再想一想，然后填空：老师让小朋友先拍____下手，再拍____下手，一共拍____下手。
hjb-primary-ds-v1-p1-012,P1,upper,short-answer,Exam,hjb-primary-p1-upper-school-math-habits,我是小学生与数学学习习惯,pass,none,,,答案6下，解释合理，接受多种表述，符合考试难度。,一共跳了6下。因为4和2合起来是6。,在数学课上，老师让小朋友玩“听指令做动作”的游戏。老师说：“请你先跳4下，再跳2下，然后想一想，你一共跳了几下？你是怎样算出来的？”请你写出你的答案和想法。
hjb-primary-ds-v1-p1-013,P1,upper,multiple-choice,Foundation,hjb-primary-p1-upper-school-math-habits,我是小学生与数学学习习惯,pass,none,,,小丽先听后说，符合良好习惯，答案正确，选项区分度好。,B. 小丽听完小红的话，点点头说：“小红说得对，3和2合起来是5。”,数学课上，老师请小红说说她看到的铅笔。小红说：“我看到3支红铅笔和2支蓝铅笔，合起来是5支铅笔。”老师又请小明说说他听到的。下面哪个小朋友的做法最好？
hjb-primary-ds-v1-p1-014,P1,upper,fill-in,Core,hjb-primary-p1-upper-school-math-habits,我是小学生与数学学习习惯,pass,none,,,填空内容与示例一致，答案正确，考察观察与数学特征描述。,"正方体,长方体,正方体有6个一样的面",老师拿出一些积木，说：“请小朋友观察这些积木，然后告诉老师你看到了什么，再说一个数学发现。”小芳说：“我看到有正方体积木和长方体积木。我发现正方体有6个一样的面。”请你像小芳一样，先观察，再填空：我看到有____和____，我发现____。
hjb-primary-ds-v1-p1-015,P1,upper,short-answer,Challenge,hjb-primary-p1-upper-school-math-habits,我是小学生与数学学习习惯,pass,none,,,答案开放，接受两种规则，要求写出数学内容，符合挑战难度。,我选小明的规则：从1数到10，每数一个数就拍一次手。这个规则里有数数和一一对应。,在小组活动中，老师让每个小朋友轮流说一个数学规则。小明说：“我来说一个规则：从1数到10，每数一个数就拍一次手。”小丽说：“我来说另一个规则：从10倒数到1，每数一个数就跺一次脚。”请你选一个规则，用完整的句子写下来，并说说这个规则里有什么数学。
hjb-primary-ds-v1-p1-016,P1,upper,multiple-choice,Exam,hjb-primary-p1-upper-school-math-habits,我是小学生与数学学习习惯,pass,none,,,C选项符合先交流再回答，且答案多1个正确，其他选项有误。,C. 先和同桌说一说，再举手回答“多1个”,在数学课上，老师要求小朋友先和同桌说一说，再举手回答。老师问：“教室里有3个红气球和2个蓝气球，红气球比蓝气球多几个？”下面哪个做法既符合老师要求，又回答正确？
hjb-primary-ds-v1-p1-017,P1,upper,fill-in,Foundation,hjb-primary-p1-upper-school-math-habits,我是小学生与数学学习习惯,pass,none,,,答案拍手3下，跺脚2下正确，接受顺序表述，符合基础要求。,拍手3下，跺脚2下,在数学游戏“听口令做动作”中，老师说：“请你拍手3下，然后跺脚2下。”小朋友应该怎么做？请用数字和动作名称写下来。
hjb-primary-ds-v1-p1-018,P1,upper,short-answer,Core,hjb-primary-p1-upper-school-math-habits,我是小学生与数学学习习惯,pass,none,,,答案开放，比较或求和均可，接受多种数学描述，符合核心难度。,铅笔比橡皮多2支,小明在数学课上观察自己的文具盒，他说：“我的文具盒里有4支铅笔和2块橡皮。”请你帮小明想一想，他还可以怎样用数学的话说一说文具盒里的东西？
hjb-primary-ds-v1-p1-019,P1,upper,multiple-choice,Challenge,hjb-primary-p1-upper-school-math-habits,我是小学生与数学学习习惯,pass,none,,,题目清晰，答案正确，符合一年级数学学习习惯。,A. 说“3”，因为接着2往下数就是3。,数学课上，老师让小朋友玩“数字接龙”游戏。规则是：从1开始，每人说一个数，要接着前一个数往下数，数到10就停。小明第一个说“1”，小红第二个说“2”，小刚第三个应该说什么？
hjb-primary-ds-v1-p1-020,P1,upper,fill-in,Exam,hjb-primary-p1-upper-school-math-habits,我是小学生与数学学习习惯,pass,none,,,指令明确，答案合理，接受答案覆盖多种表述。,先摆5个圆片，再拿走2个,在数学活动“我说你摆”中，老师对小明说：“请你在桌上摆出5个圆片，然后拿走2个。”小明应该怎样做？请用数字和动作写下来。
hjb-primary-ds-v1-p1-021,P1,upper,short-answer,Foundation,hjb-primary-p1-upper-solids-introduction,认识立体图形,pass,none,,,物品特征描述准确，答案正确，接受答案格式灵活。,①③⑤,"下面这些物品中，哪些的形状是圆柱？请写出它们的序号。\n① 一个易拉罐 ② 一个魔方 ③ 一卷卫生纸 ④ 一个篮球 ⑤ 一支没有削过的圆柱形铅笔"
hjb-primary-ds-v1-p1-022,P1,upper,multiple-choice,Core,hjb-primary-p1-upper-solids-introduction,认识立体图形,pass,none,,,选项清晰，骰子是典型正方体，答案正确。,B. 一个骰子,下面哪个物品的形状是正方体？
hjb-primary-ds-v1-p1-023,P1,upper,fill-in,Challenge,hjb-primary-p1-upper-solids-introduction,认识立体图形,pass,none,,,计数准确，答案格式灵活，符合要求。,"2,2,3,1","数一数，下面的积木中，长方体有____个，正方体有____个，圆柱有____个，球有____个。\n积木描述：\n- 一个红色长方体\n- 一个蓝色正方体\n- 一个绿色圆柱\n- 一个黄色球\n- 一个蓝色长方体\n- 一个红色圆柱\n- 一个绿色正方体\n- 一个黄色圆柱"
hjb-primary-ds-v1-p1-024,P1,upper,short-answer,Foundation,hjb-primary-p1-upper-solids-introduction,认识立体图形,pass,none,,,特征描述与图形名称匹配，答案正确。,长方体，正方体，圆柱，球,"观察下面的立体图形，写出它们的名称。\n图形描述：\n第一个：长长方方的，有6个平平的面，面有大有小。\n第二个：四四方方的，有6个平平的面，每个面都一样大。\n第三个：直直的，上下一样粗，两头是圆圆的平面。\n第四个：圆滚滚的，没有平平的面。"
hjb-primary-ds-v1-p1-025,P1,upper,multiple-choice,Core,hjb-primary-p1-upper-solids-introduction,认识立体图形,pass,none,,,圆柱既能滚动又能堆叠，其他选项不符合，答案正确。,C. 圆柱,下面哪种立体图形既能滚动，又能上下堆叠？
hjb-primary-ds-v1-p1-026,P1,upper,fill-in,Challenge,hjb-primary-p1-upper-solids-introduction,认识立体图形,pass,none,,,分类正确，接受答案覆盖顺序变化。,"长方体：牙膏盒\n正方体：魔方、骰子\n圆柱：易拉罐\n球：皮球、乒乓球","下面有一些物品：魔方、皮球、牙膏盒、易拉罐、骰子、乒乓球。请你按形状分一分，把物品名称填在横线上。\n长方体：______\n正方体：______\n圆柱：______\n球：______"
hjb-primary-ds-v1-p1-027,P1,upper,short-answer,Foundation,hjb-primary-p1-upper-solids-introduction,认识立体图形,pass,none,,,理由充分，答案合理，接受多种表述。,足球最容易滚动，因为它是球，表面是弯弯的，没有平平的面，可以朝任意方向滚动。,"说一说，下面哪个物体最容易滚动？为什么？\n铅笔盒、足球、字典、积木块"
hjb-primary-ds-v1-p1-028,P1,upper,multiple-choice,Core,hjb-primary-p1-upper-solids-introduction,认识立体图形,pass,none,,,水杯是典型圆柱，选项区分度好，答案正确。,B. 水杯,"下面哪个物体和圆柱的形状最像？\nA. 粉笔盒\nB. 水杯\nC. 篮球\nD. 魔方"
hjb-primary-ds-v1-p1-029,P1,upper,fill-in,Challenge,hjb-primary-p1-upper-solids-introduction,认识立体图形,pass,none,,,计数准确，答案格式灵活，符合要求。,长方体有2个，正方体有2个，圆柱有1个，球有1个。,"数一数，下面的积木堆中，长方体有______个，正方体有______个，圆柱有______个，球有______个。\n积木堆描述：最下面一层从左到右放着：一个长方体（鞋盒形状），一个正方体（骰子形状），一个圆柱（易拉罐形状）。上面一层：在长方体上面放着一个正方体，在正方体上面放着一个球（乒乓球大小），在圆柱上面放着一个长方体（小牙膏盒形状）。"
hjb-primary-ds-v1-p1-030,P1,upper,short-answer,Foundation,hjb-primary-p1-upper-solids-introduction,认识立体图形,pass,none,,,魔方和骰子是正方体，答案正确。,魔方、骰子,"从下面的物品中找出所有正方体，并把它们的名字写下来。\n物品：魔方、皮球、骰子、牙膏盒、粉笔盒、易拉罐"
hjb-primary-ds-v1-p1-031,P1,upper,multiple-choice,Core,hjb-primary-p1-upper-solids-introduction,认识立体图形,pass,none,,,选项描述准确，答案正确。,一个扁扁的盒子，上下都是圆形的面,下面哪一个物体最像圆柱？
hjb-primary-ds-v1-p1-032,P1,upper,fill-in,Challenge,hjb-primary-p1-upper-solids-introduction,认识立体图形,pass,none,,,魔方是正方体，答案正确。,魔方,观察下面的物体：魔方、皮球、水杯、牙膏盒。其中，形状是正方体的物体是______。
hjb-primary-ds-v1-p1-033,P1,upper,short-answer,Foundation,hjb-primary-p1-upper-solids-introduction,认识立体图形,pass,none,,,答案合理，接受多种球类物品。,足球，因为它可以任意方向滚动，表面是弯曲的。,请说出一个生活中形状是球的物体，并简单说明理由。
hjb-primary-ds-v1-p1-034,P1,upper,multiple-choice,Core,hjb-primary-p1-upper-solids-introduction,认识立体图形,pass,none,,,圆柱形积木最容易滚动，答案正确。,一个圆柱形的积木,下面哪个物体最容易滚动？
hjb-primary-ds-v1-p1-035,P1,upper,fill-in,Challenge,hjb-primary-p1-upper-solids-introduction,认识立体图形,pass,none,,,粉笔盒是长方体，答案正确。,粉笔盒,把下面的物体按形状分类：篮球、骰子、易拉罐、粉笔盒。其中，形状是长方体的有______。
hjb-primary-ds-v1-p1-036,P1,upper,short-answer,Foundation,hjb-primary-p1-upper-solids-introduction,认识立体图形,pass,none,,,分类正确，接受答案覆盖顺序变化。,长方体：铅笔盒、牙膏盒；正方体：魔方、骰子；圆柱：薯片筒、易拉罐；球：皮球、玻璃弹珠,"下面有一些物品：魔方、皮球、铅笔盒、薯片筒、骰子、玻璃弹珠、牙膏盒、易拉罐。请你按照形状分一分，把物品名称填在横线上。\n长方体：______\n正方体：______\n圆柱：______\n球：______"
hjb-primary-ds-v1-p1-037,P1,upper,multiple-choice,Core,hjb-primary-p1-upper-solids-introduction,认识立体图形,pass,none,,,题目清晰，选项合理，答案正确，解释准确。,B. 水杯,下面哪一个物品的形状是圆柱？
hjb-primary-ds-v1-p1-038,P1,upper,fill-in,Challenge,hjb-primary-p1-upper-solids-introduction,认识立体图形,pass,none,,,题目清晰，计算正确，答案格式合理。,1；5,"数一数，填一填。\n在一个大盒子里，有3个长方体形状的积木，2个正方体形状的积木，4个圆柱形状的积木，1个球形状的积木。\n长方体比正方体多______个。\n圆柱和球一共有______个。"
hjb-primary-ds-v1-p1-039,P1,upper,short-answer,Foundation,hjb-primary-p1-upper-solids-introduction,认识立体图形,pass,none,,,开放题，答案合理，分类标准多样，解释清晰。,可以按能不能滚动来分。能滚动的：圆柱形水杯、皮球；不能滚动的：长方体盒子、正方体积木。,小明有一些立体图形：一个长方体盒子，一个正方体积木，一个圆柱形水杯，一个皮球。他想把这些图形分成两类，可以怎么分？写出你的分类方法和每一类里有什么。
hjb-primary-ds-v1-p1-040,P1,upper,multiple-choice,Core,hjb-primary-p1-upper-solids-introduction,认识立体图形,pass,none,,,题目明确，选项唯一，答案正确。,C. 圆柱,下面哪个图形既能滚动，又有平平的面？
hjb-primary-ds-v1-p1-041,P1,upper,fill-in,Challenge,hjb-primary-p1-upper-within-10-number-sense,10以内数的认识,pass,none,,,排队问题，计算正确，答案合理。,6,小动物排队。从左往右数，小兔排在第3个；从右往左数，小兔排在第4个。这一队一共有多少只小动物？
hjb-primary-ds-v1-p1-042,P1,upper,short-answer,Foundation,hjb-primary-p1-upper-within-10-number-sense,10以内数的认识,pass,none,,,简单减法应用，答案正确。,5,篮子里原来有一些鸡蛋，妈妈又放进去3个，现在篮子里一共有8个鸡蛋。篮子里原来有几个鸡蛋？
hjb-primary-ds-v1-p1-043,P1,upper,multiple-choice,Core,hjb-primary-p1-upper-within-10-number-sense,10以内数的认识,pass,none,,,选项唯一正确，题目清晰。,6,下面哪个数比5大，比9小？
hjb-primary-ds-v1-p1-044,P1,upper,fill-in,Challenge,hjb-primary-p1-upper-within-10-number-sense,10以内数的认识,pass,none,,,开放题，答案合理，要求明确。,1和6，2和5,把7个苹果分给两个小朋友，每个小朋友都要分到，而且两人分到的苹果个数不一样。可以怎么分？请写出两种不同的分法。
hjb-primary-ds-v1-p1-045,P1,upper,short-answer,Foundation,hjb-primary-p1-upper-within-10-number-sense,10以内数的认识,pass,none,,,简单加法，答案正确。,7,看图写数。树上有5只小鸟，又飞来2只，现在树上一共有几只小鸟？
hjb-primary-ds-v1-p1-046,P1,upper,multiple-choice,Core,hjb-primary-p1-upper-within-10-number-sense,10以内数的认识,pass,none,,,比较大小，答案正确。,小丽,小丽有5个苹果，小华有3个苹果。谁有更多的苹果？
hjb-primary-ds-v1-p1-047,P1,upper,fill-in,Challenge,hjb-primary-p1-upper-within-10-number-sense,10以内数的认识,pass,none,,,数序填空，答案正确。,"1,2,4,6,8",把数字0、3、5、7、9按从小到大的顺序排列，中间缺少的数字是几？
hjb-primary-ds-v1-p1-048,P1,upper,short-answer,Foundation,hjb-primary-p1-upper-within-10-number-sense,10以内数的认识,pass,none,,,简单减法，答案正确。,4,树上有6只小鸟，飞走了2只，还剩几只？
hjb-primary-ds-v1-p1-049,P1,upper,multiple-choice,Core,hjb-primary-p1-upper-within-10-number-sense,10以内数的认识,pass,none,,,0的意义，答案正确。,0,下面哪个数表示“没有”？
hjb-primary-ds-v1-p1-050,P1,upper,fill-in,Challenge,hjb-primary-p1-upper-within-10-number-sense,10以内数的认识,pass,none,,,数的分解，答案完整。,"1,7 2,6 3,5 4,4 5,3 6,2 7,1","8可以分成几和几？写出所有可能的分法，用数字和逗号隔开，例如“1,7”。"
hjb-primary-ds-v1-p1-051,P1,upper,short-answer,Foundation,hjb-primary-p1-upper-within-10-number-sense,10以内数的认识,pass,none,,,简单加法应用，答案正确。,5,篮子里有一些苹果，吃掉2个后还剩3个。篮子里原来有几个苹果？
hjb-primary-ds-v1-p1-052,P1,upper,multiple-choice,Core,hjb-primary-p1-upper-within-10-number-sense,10以内数的认识,pass,none,,,比较与减法，选项唯一正确。,小明比小红多2颗,小明有5颗糖，小红有3颗糖。下面哪句话是正确的？
hjb-primary-ds-v1-p1-053,P1,upper,fill-in,Challenge,hjb-primary-p1-upper-within-10-number-sense,10以内数的认识,pass,none,,,开放题，答案合理，要求明确。,1和6,把7个气球分给两个小朋友，每个小朋友都要分到，可以分成__和__。
hjb-primary-ds-v1-p1-054,P1,upper,short-answer,Foundation,hjb-primary-p1-upper-within-10-number-sense,10以内数的认识,pass,none,,,数序，答案正确。,4,从0数到10，5的前面一个数是几？
hjb-primary-ds-v1-p1-055,P1,upper,multiple-choice,Core,hjb-primary-p1-upper-within-10-number-sense,10以内数的认识,pass,none,,,题目清晰，答案正确，适合P1上10以内数的认识。,3个,妈妈买了8个橘子，吃了几个后还剩5个？
hjb-primary-ds-v1-p1-056,P1,upper,fill-in,Challenge,hjb-primary-p1-upper-within-10-number-sense,10以内数的认识,pass,none,,,排队问题答案正确，中间有3只，符合P1挑战难度。,3,小动物排队。从左往右数，小狗排第3，小猫排第7。小狗和小猫之间有几只小动物？
hjb-primary-ds-v1-p1-057,P1,upper,short-answer,Foundation,hjb-primary-p1-upper-within-10-number-sense,10以内数的认识,pass,none,,,加法逆运算，答案4正确，适合基础题。,4,篮子里原来有5个苹果，妈妈又放进去一些，现在篮子里有9个苹果。妈妈放进去几个苹果？
hjb-primary-ds-v1-p1-058,P1,upper,multiple-choice,Core,hjb-primary-p1-upper-within-10-number-sense,10以内数的认识,pass,none,,,比大小题目，7符合条件，选项无歧义。,7,下面哪个数比6大，比9小？
hjb-primary-ds-v1-p1-059,P1,upper,fill-in,Challenge,hjb-primary-p1-upper-within-10-number-sense,10以内数的认识,pass,none,,,分草莓问题，3种分法正确，排除4和4。,3,把8个草莓分给两个小朋友，每个小朋友都要分到，而且分到的草莓不一样多。有几种不同的分法？
hjb-primary-ds-v1-p1-060,P1,upper,short-answer,Foundation,hjb-primary-p1-upper-within-10-number-sense,10以内数的认识,pass,none,,,从0开始数，第5个数是4，答案正确。,4,从0开始，一个一个地数，数到10。请写出第5个数是几。
hjb-primary-ds-v1-p1-061,P1,upper,multiple-choice,Core,hjb-primary-p1-upper-within-10-add-sub,10以内数的加减法,pass,none,,,加法应用题，算式3+4=7正确，选项清晰。,3 + 4 = 7,树上有3只小鸟，又飞来了4只，现在树上一共有多少只小鸟？正确的算式是哪一个？
hjb-primary-ds-v1-p1-062,P1,upper,fill-in,Challenge,hjb-primary-p1-upper-within-10-add-sub,10以内数的加减法,pass,none,,,减法填空，8-□=5，□=3正确。,3,妈妈买了8个苹果，吃了几个后，还剩下5个。吃了多少个苹果？请填写算式：8 - □ = 5
hjb-primary-ds-v1-p1-063,P1,upper,short-answer,Foundation,hjb-primary-p1-upper-within-10-add-sub,10以内数的加减法,pass,none,,,减法应用题，6-2=4正确，答案格式合理。,6 - 2 = 4,池塘里有6只鸭子，游走了2只，还剩几只？请写出算式和答案。
hjb-primary-ds-v1-p1-064,P1,upper,multiple-choice,Core,hjb-primary-p1-upper-within-10-add-sub,10以内数的加减法,pass,none,,,加法应用题，5+3=8正确，选项无歧义。,5 + 3 = 8,小明有5支铅笔，小红有3支铅笔，他们一共有多少支铅笔？正确的算式是哪一个？
hjb-primary-ds-v1-p1-065,P1,upper,fill-in,Challenge,hjb-primary-p1-upper-within-10-add-sub,10以内数的加减法,pass,none,,,加法逆运算填空，□+2=9，□=7正确。,7,篮子里有一些鸡蛋，妈妈又放进去2个后，现在一共有9个。篮子里原来有几个鸡蛋？请填写算式：□ + 2 = 9
hjb-primary-ds-v1-p1-066,P1,upper,short-answer,Foundation,hjb-primary-p1-upper-within-10-add-sub,10以内数的加减法,pass,none,,,减法逆运算，8-3=5正确，答案表述清晰。,8-3=5，原来有5只小鸟。,树上有一些小鸟，飞来了3只，现在一共有8只。原来树上有几只小鸟？请写出算式和答案。
hjb-primary-ds-v1-p1-067,P1,upper,multiple-choice,Core,hjb-primary-p1-upper-within-10-add-sub,10以内数的加减法,pass,none,,,减法应用题，7-4=3正确，选项合理。,7-4=3,妈妈买了7个苹果，吃了几个后还剩4个。妈妈吃了几个苹果？
hjb-primary-ds-v1-p1-068,P1,upper,fill-in,Foundation,hjb-primary-p1-upper-within-10-add-sub,10以内数的加减法,pass,none,,,加法填空，2+6=8正确，答案接受8或8个。,8,篮子里有2个鸡蛋，又放进去6个，现在一共有______个鸡蛋。
hjb-primary-ds-v1-p1-069,P1,upper,short-answer,Core,hjb-primary-p1-upper-within-10-add-sub,10以内数的加减法,pass,none,,,减法应用题，9-5=4正确，答案格式合理。,9-5=4，送给弟弟4块糖。,小明有9块糖，送给弟弟一些后还剩5块。小明送给弟弟几块糖？请写出算式和答案。
hjb-primary-ds-v1-p1-070,P1,upper,multiple-choice,Foundation,hjb-primary-p1-upper-within-10-add-sub,10以内数的加减法,pass,none,,,加法应用题，5+4=9正确，选项无歧义。,5+4=9,池塘里有5只鸭子，又游来4只，现在一共有几只鸭子？
hjb-primary-ds-v1-p1-071,P1,upper,fill-in,Core,hjb-primary-p1-upper-within-10-add-sub,10以内数的加减法,pass,none,,,加法计算题，3+4=7正确，答案接受算式或得数。,3+4=7,树上有3只小鸟，又飞来了4只，现在树上一共有多少只小鸟？请列出算式并计算。
hjb-primary-ds-v1-p1-072,P1,upper,short-answer,Foundation,hjb-primary-p1-upper-within-10-add-sub,10以内数的加减法,pass,none,,,减法计算题，8-3=5正确，答案接受算式或得数。,8-3=5,妈妈买了8个苹果，吃了3个，还剩几个？请列出算式并计算。
hjb-primary-ds-v1-p1-073,P1,upper,multiple-choice,Core,hjb-primary-p1-upper-within-10-add-sub,10以内数的加减法,pass,none,,,题目清晰，选项唯一正确，符合一年级10以内加法要求。,5+2=7,小明有5支铅笔，小红有2支铅笔，他们一共有几支铅笔？正确的算式是哪一个？
hjb-primary-ds-v1-p1-074,P1,upper,fill-in,Foundation,hjb-primary-p1-upper-within-10-add-sub,10以内数的加减法,pass,none,,,减法应用题，答案正确，接受答案覆盖算式和得数，无歧义。,6-2=4,池塘里有6只青蛙，跳走了2只，池塘里还有几只青蛙？请列出算式并计算。
hjb-primary-ds-v1-p1-075,P1,upper,short-answer,Core,hjb-primary-p1-upper-within-10-add-sub,10以内数的加减法,pass,none,,,逆向加法题，答案9-3=6正确，符合一年级水平。,9-3=6,篮子里有一些鸡蛋，妈妈又放进去3个，现在一共有9个。篮子里原来有几个鸡蛋？请列出算式并计算。
hjb-primary-ds-v1-p1-076,P1,upper,multiple-choice,Foundation,hjb-primary-p1-upper-within-10-add-sub,10以内数的加减法,pass,none,,,简单减法，选项唯一正确，无问题。,6-2=4,妈妈买了6个苹果，小明吃了2个，还剩几个？正确的算式是哪一个？
hjb-primary-ds-v1-p1-077,P1,upper,fill-in,Core,hjb-primary-p1-upper-within-10-add-sub,10以内数的加减法,pass,none,,,加法填空，答案8正确，接受答案包含单位。,8,树上有5只小鸟，又飞来3只，现在一共有___只小鸟。
hjb-primary-ds-v1-p1-078,P1,upper,short-answer,Foundation,hjb-primary-p1-upper-within-10-add-sub,10以内数的加减法,pass,none,,,逆向减法题，答案7正确，接受答案包含单位。,7,篮子里有一些鸡蛋，拿走4个后还剩3个，篮子里原来有几个鸡蛋？
hjb-primary-ds-v1-p1-079,P1,upper,multiple-choice,Core,hjb-primary-p1-upper-within-10-add-sub,10以内数的加减法,pass,none,,,选择题，正确选项8-5=3，其他选项干扰合理。,8-5=3,小华有8块糖，送给妹妹一些后还剩5块，送给妹妹几块？正确的算式是哪一个？
hjb-primary-ds-v1-p1-080,P1,upper,fill-in,Foundation,hjb-primary-p1-upper-within-20-number-add-sub,20以内的数与不进位不退位加减,pass,none,,,数的组成填空，答案16正确，接受中文数字。,16,1个十和6个一合起来是___。
hjb-primary-ds-v1-p1-081,P1,upper,short-answer,Core,hjb-primary-p1-upper-within-20-number-add-sub,20以内的数与不进位不退位加减,pass,none,,,小棒计数，答案16正确，接受答案包含单位。,16,小乐有1捆小棒（10根）和6根零散小棒，他一共有多少根小棒？
hjb-primary-ds-v1-p1-082,P1,upper,multiple-choice,Foundation,hjb-primary-p1-upper-within-20-number-add-sub,20以内的数与不进位不退位加减,pass,none,,,数的组成选择题，选项14唯一正确，无歧义。,14,下面哪个数表示1个十和4个一？
hjb-primary-ds-v1-p1-083,P1,upper,fill-in,Core,hjb-primary-p1-upper-within-20-number-add-sub,20以内的数与不进位不退位加减,pass,none,,,"数的分解填空，答案1,7正确，接受多种分隔形式。","1,7",17里面有____个十和____个一。
hjb-primary-ds-v1-p1-084,P1,upper,short-answer,Foundation,hjb-primary-p1-upper-within-20-number-add-sub,20以内的数与不进位不退位加减,pass,none,,,计数器读数，答案15正确，无问题。,15,在计数器上，十位拨1颗珠，个位拨5颗珠，这个数是多少？
hjb-primary-ds-v1-p1-085,P1,upper,multiple-choice,Core,hjb-primary-p1-upper-within-20-number-add-sub,20以内的数与不进位不退位加减,pass,none,,,不退位减法选择题，答案10正确，选项干扰合理。,10,小美有13块糖，送给弟弟3块，她还剩多少块？
hjb-primary-ds-v1-p1-086,P1,upper,fill-in,Foundation,hjb-primary-p1-upper-within-20-number-add-sub,20以内的数与不进位不退位加减,pass,none,,,"与083类似，答案1,7正确，无问题。","1,7",17里面有（ ）个十和（ ）个一。
hjb-primary-ds-v1-p1-087,P1,upper,short-answer,Core,hjb-primary-p1-upper-within-20-number-add-sub,20以内的数与不进位不退位加减,pass,none,,,不退位减法，答案11块正确，接受答案包含单位。,11块,小明有13块糖，吃掉了2块，还剩多少块？
hjb-primary-ds-v1-p1-088,P1,upper,multiple-choice,Foundation,hjb-primary-p1-upper-within-20-number-add-sub,20以内的数与不进位不退位加减,pass,none,,,数的大小比较，选项16唯一正确，无歧义。,16,下面哪个数比15大，比18小？
hjb-primary-ds-v1-p1-089,P1,upper,fill-in,Core,hjb-primary-p1-upper-within-20-number-add-sub,20以内的数与不进位不退位加减,pass,none,,,数的组成填空，答案16正确，无问题。,16,一个十和6个一合起来是（ ）。
hjb-primary-ds-v1-p1-090,P1,upper,short-answer,Foundation,hjb-primary-p1-upper-within-20-number-add-sub,20以内的数与不进位不退位加减,pass,none,,,计数器读数，答案14正确，无问题。,14,在计数器上，十位拨1颗珠子，个位拨4颗珠子，这个数是多少？
hjb-primary-ds-v1-p1-091,P1,upper,multiple-choice,Core,hjb-primary-p1-upper-within-20-number-add-sub,20以内的数与不进位不退位加减,pass,none,,,题目正确，13+5=18，选项唯一，解释合理。,18,小乐有13支铅笔，他又拿来5支，现在有多少支？
hjb-primary-ds-v1-p1-092,P1,upper,fill-in,Foundation,hjb-primary-p1-upper-within-20-number-add-sub,20以内的数与不进位不退位加减,pass,none,,,1个十和6个一合起来是16，答案正确。,16,1个十和6个一合起来是（ ）。
hjb-primary-ds-v1-p1-093,P1,upper,short-answer,Core,hjb-primary-p1-upper-within-20-number-add-sub,20以内的数与不进位不退位加减,pass,none,,,计数器十位1个位4表示14，答案正确。,14,在计数器上，十位上有1颗珠子，个位上有4颗珠子，这个数是多少？
hjb-primary-ds-v1-p1-094,P1,upper,multiple-choice,Foundation,hjb-primary-p1-upper-within-20-number-add-sub,20以内的数与不进位不退位加减,pass,none,,,1个十和7个一是17，选项唯一，解释清晰。,17,下面哪个数表示1个十和7个一？
hjb-primary-ds-v1-p1-095,P1,upper,fill-in,Core,hjb-primary-p1-upper-within-20-number-add-sub,20以内的数与不进位不退位加减,pass,none,,,18里面有1个十和8个一，答案正确，接受多种分隔符。,"1,8",18里面有（ ）个十和（ ）个一。
hjb-primary-ds-v1-p1-096,P1,upper,short-answer,Foundation,hjb-primary-p1-upper-within-20-number-add-sub,20以内的数与不进位不退位加减,pass,none,,,1个十和3个一合起来是13，答案正确。,13,小乐有1个十和3个一，合起来是（    ）。
hjb-primary-ds-v1-p1-097,P1,upper,multiple-choice,Core,hjb-primary-p1-upper-within-20-number-add-sub,20以内的数与不进位不退位加减,pass,none,,,1个十和6个一是16，选项唯一，解释合理。,16,下面哪个数表示1个十和6个一？
hjb-primary-ds-v1-p1-098,P1,upper,fill-in,Foundation,hjb-primary-p1-upper-within-20-number-add-sub,20以内的数与不进位不退位加减,pass,none,,,计数器十位1个位4表示14，答案正确。,14,在计数器上，十位有1颗珠子，个位有4颗珠子，这个数是（    ）。
hjb-primary-ds-v1-p1-099,P1,upper,short-answer,Core,hjb-primary-p1-upper-review,一年级上册整理与复习,pass,none,,,分类理由合理，答案覆盖主要表述，无歧义。,一类有平平的面，一类有弯弯的面（或一类能滚动，一类不能滚动）,小美在整理数学知识时，把“长方体”和“正方体”归为一类，把“球”和“圆柱”归为另一类。她这样分的理由是什么？请用一句话写出来。
hjb-primary-ds-v1-p1-100,P1,upper,multiple-choice,Foundation,hjb-primary-p1-upper-review,一年级上册整理与复习,pass,none,,,检查计算的有效方法是再算一遍，选项唯一正确。,用不同的方法再算一遍,下面哪种做法能帮助我们检查计算对不对？
hjb-primary-ds-v1-p1-101,P1,upper,fill-in,Core,hjb-primary-p1-upper-review,一年级上册整理与复习,pass,none,,,按面的特征分类，填空“面，面”正确。,面，面,小乐在整理数学知识。他把学过的立体图形分成了两类：第一类有长方体、正方体；第二类有圆柱、球。他这样分的理由是什么？请填一填：第一类图形都有平平的（ ），第二类图形都有弯弯的（ ）。
hjb-primary-ds-v1-p1-102,P1,upper,short-answer,Foundation,hjb-primary-p1-upper-review,一年级上册整理与复习,pass,none,,,凑十法过程正确，答案覆盖主要表述。,先算7+3=10，再算10+3=13,小明说：“计算8+5时，我可以先算8+2=10，再算10+3=13。”请你用这样的方法，说一说计算7+6的过程。
hjb-primary-ds-v1-p1-103,P1,upper,multiple-choice,Core,hjb-primary-p1-upper-review,一年级上册整理与复习,pass,none,,,长方体有6个平平的面正确，其他选项错误。,长方体有6个平平的面,下面哪句话的说法是正确的？
hjb-primary-ds-v1-p1-104,P1,upper,fill-in,Foundation,hjb-primary-p1-upper-review,一年级上册整理与复习,pass,none,,,想加算减，5+7=12，所以12-5=7，答案正确。,7，7,在计算12-5时，小芳是这样想的：因为5+（ ）=12，所以12-5=（ ）。请你把括号里的数填出来。
hjb-primary-ds-v1-p1-105,P1,upper,short-answer,Core,hjb-primary-p1-upper-review,一年级上册整理与复习,pass,none,,,计算正确，答案覆盖主要表述。,4+3=7，7-2=5，圆柱有5块,桌上有一些积木，其中长方体有4块，正方体比长方体多3块，圆柱比正方体少2块。圆柱有多少块？请写出算式和答案。
hjb-primary-ds-v1-p1-106,P1,upper,multiple-choice,Foundation,hjb-primary-p1-upper-review,一年级上册整理与复习,pass,none,,,选项B符合“数一数再比多少”的任务，其他选项不符。,数出铅笔有几支，再说谁多谁少,下面哪一项是“数一数，再比多少”的任务？
hjb-primary-ds-v1-p1-107,P1,upper,fill-in,Core,hjb-primary-p1-upper-review,一年级上册整理与复习,pass,none,,,指出长方体可能有正方形的面，答案正确，覆盖主要表述。,不对，长方体有6个面，但有的面可能是正方形。,小明说：“长方体有6个面，每个面都是长方形。”这句话对吗？如果不对，请写出正确的说法。
hjb-primary-ds-v1-p1-108,P1,upper,short-answer,Foundation,hjb-primary-p1-upper-review,一年级上册整理与复习,pass,none,,,用凑十法检查9+6=15，过程正确，答案覆盖主要表述。,先看9加6，想9加1等于10，再加5等于15，所以对。,请你用“先……再……”说一说，检查 9 + 6 = 15 对不对，可以怎样做？
hjb-primary-ds-v1-p1-109,P1,upper,multiple-choice,Core,hjb-primary-p1-upper-review,一年级上册整理与复习,pass,none,,,题目清晰，选项无歧义，答案正确，符合一年级整理与复习要求。,可以按数和形分成两类来整理,下面哪句话在整理数学知识时是正确的？
hjb-primary-ds-v1-p1-110,P1,upper,fill-in,Foundation,hjb-primary-p1-upper-review,一年级上册整理与复习,pass,none,,,计数器拨珠问题，答案4正确，接受答案覆盖了数字和带单位形式。,4,在计数器上拨出 14，十位上拨了1颗珠，个位上应该拨几颗珠？
hjb-primary-ds-v1-p1-111,P1,upper,short-answer,Core,hjb-primary-p1-upper-review,一年级上册整理与复习,pass,none,,,分类判断合理，答案和解释一致，接受答案覆盖了多种表述。,应该放在第三类图形。因为这句话讲的是立体图形的特征，属于图形知识。,小乐在整理数学知识时，把下面这些内容分成了三类：第一类是数数，第二类是计算，第三类是图形。请你判断“长方体和正方体都有6个面”这句话应该放在哪一类？为什么？请简单说一说。
hjb-primary-ds-v1-p1-112,P1,upper,multiple-choice,Foundation,hjb-primary-p1-upper-review,一年级上册整理与复习,pass,none,,,选项区分度好，答案正确，解释合理。,把8个苹果平均分给2个小朋友。,下面哪句话说的是计算？
hjb-primary-ds-v1-p1-113,P1,upper,fill-in,Core,hjb-primary-p1-upper-review,一年级上册整理与复习,pass,none,,,简单口算改错，答案15正确。,15,小明在检查自己的口算题时，发现有一道题算错了：9+6=14。请你帮小明改正，正确的得数是______。
hjb-primary-ds-v1-p1-114,P1,upper,short-answer,Foundation,hjb-primary-p1-upper-review,一年级上册整理与复习,pass,none,,,立体图形特征判断，答案正确，解释合理。,对，因为球可以向任意方向滚动，圆柱放倒后也可以滚动。,小芳说：“我整理了立体图形，发现球和圆柱都可以滚动。”你觉得她说得对吗？为什么？
hjb-primary-ds-v1-p1-115,P1,upper,multiple-choice,Core,hjb-primary-p1-upper-review,一年级上册整理与复习,pass,none,,,区分加减法情境，选项B为减法，答案正确。,妈妈买了7个苹果，吃了2个，还剩几个？,小东在整理错题时，发现下面有一道题不是用加法解决的，是哪一道？
hjb-primary-ds-v1-p1-116,P1,upper,fill-in,Foundation,hjb-primary-p1-upper-review,一年级上册整理与复习,pass,none,,,分类纠错，答案指出图形应单独分类，正确。,不对，④⑤⑥应该单独分为一类，它们是立体图形，①②③是数和运算。,在整理数学知识时，小明把下面的内容分成了三类：① 数数、② 加法、③ 减法、④ 长方体、⑤ 正方体、⑥ 圆柱。你觉得他分得对吗？如果不对，请把分类错误的地方写出来。
hjb-primary-ds-v1-p1-117,P1,upper,short-answer,Core,hjb-primary-p1-upper-review,一年级上册整理与复习,pass,none,,,改错并分析错误原因，答案正确，解释合理。,8+5=13，不是12。她可能忘记进位，把8+5算成了8+2+2=12，少算了1。,小丽在整理20以内的加法时，发现一道题算错了：8+5=12。请你帮小丽检查，并说说她可能错在哪里。
hjb-primary-ds-v1-p1-118,P1,lower,multiple-choice,Foundation,hjb-primary-p1-lower-within-20-regrouping,20以内数的加减法（二）,pass,none,,,多种退位减法策略，选项均正确，答案“以上都对”无误。,以上都对,计算13-6时，下面哪种方法是对的？
hjb-primary-ds-v1-p1-119,P1,lower,fill-in,Core,hjb-primary-p1-lower-within-20-regrouping,20以内数的加减法（二）,pass,none,,,凑十法填空，答案顺序正确，接受答案覆盖了分号与逗号分隔。,3；3；3；3；13,用凑十法计算7+6时，先把6分成____和____，7+____=10，10+____=____。
hjb-primary-ds-v1-p1-120,P1,lower,short-answer,Foundation,hjb-primary-p1-lower-within-20-regrouping,20以内数的加减法（二）,pass,none,,,要求两种方法计算，答案提供了分拆减数和想加算减，正确。,方法一：15-8=7，把8分成5和3，15-5=10，10-3=7。方法二：因为8+7=15，所以15-8=7。,妈妈买了15个苹果，吃了8个，还剩几个？请用两种不同的方法计算，并写出过程。
hjb-primary-ds-v1-p1-121,P1,lower,multiple-choice,Core,hjb-primary-p1-lower-within-20-regrouping,20以内数的加减法（二）,pass,none,,,方法识别，破十法正确，选项无歧义。,破十法,小乐在计算 13 - 6 时，先算 10 - 6 = 4，再算 4 + 3 = 7。他用的方法是（ ）。
hjb-primary-ds-v1-p1-122,P1,lower,fill-in,Foundation,hjb-primary-p1-lower-within-20-regrouping,20以内数的加减法（二）,pass,none,,,凑十法填空，答案“凑十”或“凑十法”均可。,凑十,计算 8 + 7 时，可以先把 7 分成 2 和 5，8 + 2 = 10，10 + 5 = 15。这种方法是______法。
hjb-primary-ds-v1-p1-123,P1,lower,short-answer,Core,hjb-primary-p1-lower-within-20-regrouping,20以内数的加减法（二）,pass,none,,,计算并写出过程，答案6正确，解释提供了两种方法。,6,计算 15 - 9，并写出你是怎么算的。
hjb-primary-ds-v1-p1-124,P1,lower,multiple-choice,Foundation,hjb-primary-p1-lower-within-20-regrouping,20以内数的加减法（二）,pass,none,,,想加算减方法识别，选项B正确。,14 - 8，因为 8 + 6 = 14，所以 14 - 8 = 6,下面哪道题的计算过程用了“想加算减”的方法？
hjb-primary-ds-v1-p1-125,P1,lower,fill-in,Core,hjb-primary-p1-lower-within-20-regrouping,20以内数的加减法（二）,pass,none,,,分拆减数法填空，答案正确。,分拆减数,在计算 17 - 8 时，小丁把 8 分成了 7 和 1，先算 17 - 7 = 10，再算 10 - 1 = 9。这种方法是______法。
hjb-primary-ds-v1-p1-126,P1,lower,short-answer,Foundation,hjb-primary-p1-lower-within-20-regrouping,20以内数的加减法（二）,pass,none,,,破十法计算过程，答案正确。,13 - 5 = 8。把13分成10和3，先算10 - 5 = 5，再算5 + 3 = 8。,小芳有13块饼干，送给同学5块。她想用“破十法”计算还剩几块。请你写出计算过程。
hjb-primary-ds-v1-p1-127,P1,lower,multiple-choice,Core,hjb-primary-p1-lower-within-20-regrouping,20以内数的加减法（二）,pass,none,,,三种方法均正确，答案“以上都对”合理，解释清晰。,以上都对,计算14 - 8时，下面哪种方法正确？
hjb-primary-ds-v1-p1-128,P1,lower,fill-in,Foundation,hjb-primary-p1-lower-within-20-regrouping,20以内数的加减法（二）,pass,none,,,填空答案“连减”准确，接受答案覆盖常见说法，解释正确。,连减,在计算12 - 7时，小明把7分成了2和5。他先算12 - 2 = 10，再算10 - 5 = 5。这种方法是______法。
hjb-primary-ds-v1-p1-129,P1,lower,short-answer,Core,hjb-primary-p1-lower-within-20-regrouping,20以内数的加减法（二）,pass,none,,,要求两种方法，答案给出破十法和想加算减，过程正确，接受答案合理。,方法一：15 - 8 = 7。把15分成10和5，10 - 8 = 2，2 + 5 = 7。方法二：想8 + 7 = 15，所以15 - 8 = 7。,妈妈买了15个苹果，吃了8个，还剩几个？请你用两种不同的方法计算，并写出过程。
hjb-primary-ds-v1-p1-130,P1,lower,multiple-choice,Foundation,hjb-primary-p1-lower-within-20-regrouping,20以内数的加减法（二）,pass,none,,,所有选项结果均为5，答案“以上都是”正确，解释清晰。,以上都是,下面哪道算式的结果和11 - 6相同？
hjb-primary-ds-v1-p1-131,P1,lower,fill-in,Core,hjb-primary-p1-lower-within-20-regrouping,20以内数的加减法（二）,pass,none,,,答案6正确，接受答案包含“6颗”，解释中破十法和想加算减均合理。,6,小乐有13颗糖，送给朋友一些后还剩7颗。小乐送出了多少颗糖？请用退位减法计算，并写出你用的方法（如“破十法”或“想加算减”）。
hjb-primary-ds-v1-p1-132,P1,lower,short-answer,Foundation,hjb-primary-p1-lower-within-20-regrouping,20以内数的加减法（二）,pass,none,,,答案15正确，接受答案包含凑十法过程，解释合理。,15,计算：8 + 7 = □。请用凑十法写出计算过程。
hjb-primary-ds-v1-p1-133,P1,lower,multiple-choice,Core,hjb-primary-p1-lower-within-20-regrouping,20以内数的加减法（二）,pass,none,,,选项B正确描述了破十法，答案唯一，解释清晰。,12 - 5，先算10 - 5 = 5，再算5 + 2 = 7,下面哪道题的计算过程使用了“破十法”？
hjb-primary-ds-v1-p1-134,P1,lower,fill-in,Foundation,hjb-primary-p1-lower-within-20-regrouping,20以内数的加减法（二）,pass,none,,,答案7正确，利用想加算减，解释合理。,7,在计算15 - 8时，小明想：8 + □ = 15，□里应该填几？
hjb-primary-ds-v1-p1-135,P1,lower,short-answer,Core,hjb-primary-p1-lower-within-20-regrouping,20以内数的加减法（二）,pass,none,,,答案14-9=5正确，接受答案覆盖多种格式，解释合理。,14 - 9 = 5,树上有14只小鸟，飞走了一些，还剩9只。飞走了多少只？请列出算式并计算。
hjb-primary-ds-v1-p1-136,P1,lower,multiple-choice,Foundation,hjb-primary-p1-lower-within-20-regrouping,20以内数的加减法（二）,pass,none,,,三种方法均正确，答案“以上方法都对”合理，解释清晰。,以上方法都对,小乐有14块饼干，吃了6块，还剩几块？下面哪种方法算得对？
hjb-primary-ds-v1-p1-137,P1,lower,fill-in,Core,hjb-primary-p1-lower-within-100-number-sense,100以内的数,pass,none,,,答案75正确，符合数位关系，解释合理。,75,一个两位数，十位上的数字是7，个位上的数字比十位上的数字小2，这个数是______。
hjb-primary-ds-v1-p1-138,P1,lower,short-answer,Foundation,hjb-primary-p1-lower-within-100-number-sense,100以内的数,pass,none,,,"规律正确，答案60,40准确，接受答案覆盖常见分隔符。","60,40",按规律填数：90，80，70，______，50，______。
hjb-primary-ds-v1-p1-139,P1,lower,multiple-choice,Core,hjb-primary-p1-lower-within-100-number-sense,100以内的数,pass,none,,,59在56和63之间，选项唯一正确，解释清晰。,59,下面哪个数比56大，比63小？
hjb-primary-ds-v1-p1-140,P1,lower,fill-in,Foundation,hjb-primary-p1-lower-within-100-number-sense,100以内的数,pass,none,,,答案63正确，数位组合无误。,63,6个十和3个一合起来是______。
hjb-primary-ds-v1-p1-141,P1,lower,short-answer,Core,hjb-primary-p1-lower-within-100-number-sense,100以内的数,pass,none,,,答案63正确，小棒表示数位清晰。,63,小丽用小棒表示数。她摆了6捆小棒（每捆10根）和3根单独的小棒。她表示的数是多少？
hjb-primary-ds-v1-p1-142,P1,lower,multiple-choice,Foundation,hjb-primary-p1-lower-within-100-number-sense,100以内的数,pass,none,,,答案52正确，十位5个位2，解释提醒避免写反。,52,下面哪个数的十位是5，个位是2？
hjb-primary-ds-v1-p1-143,P1,lower,fill-in,Core,hjb-primary-p1-lower-within-100-number-sense,100以内的数,pass,none,,,答案40正确，整十数序列规律明显。,40,按规律填数：10，20，30，___，50，60。
hjb-primary-ds-v1-p1-144,P1,lower,short-answer,Foundation,hjb-primary-p1-lower-within-100-number-sense,100以内的数,pass,none,,,答案80正确，比79大1。,80,写出比79大1的数。
hjb-primary-ds-v1-p1-145,P1,lower,multiple-choice,Core,hjb-primary-p1-lower-within-100-number-sense,100以内的数,pass,none,,,题目正确，选项清晰，答案唯一，符合一年级数感要求。,45，54，63,下面哪组数是从小到大排列的？
hjb-primary-ds-v1-p1-146,P1,lower,fill-in,Foundation,hjb-primary-p1-lower-within-100-number-sense,100以内的数,pass,none,,,题目正确，答案53无误，符合数的组成。,53,小丽用小棒摆数：每10根捆成一捆，她摆了5捆和3根。这个数写作______。
hjb-primary-ds-v1-p1-147,P1,lower,short-answer,Core,hjb-primary-p1-lower-within-100-number-sense,100以内的数,pass,none,,,题目正确，答案49及组成描述准确，acceptedAnswers覆盖合理。,49，由4个十和9个一组成,在计数器上，十位上有4颗珠子，个位上有9颗珠子。这个数是多少？请写出这个数，并说出它是由几个十和几个一组成的。
hjb-primary-ds-v1-p1-148,P1,lower,multiple-choice,Foundation,hjb-primary-p1-lower-within-100-number-sense,100以内的数,pass,none,,,题目正确，选项62无误，其他选项干扰有效。,62,下面哪个数表示6个十和2个一？
hjb-primary-ds-v1-p1-149,P1,lower,fill-in,Core,hjb-primary-p1-lower-within-100-number-sense,100以内的数,pass,none,,,规律正确，答案76无误。,76,按规律填数：70、72、74、______、78。
hjb-primary-ds-v1-p1-150,P1,lower,short-answer,Foundation,hjb-primary-p1-lower-within-100-number-sense,100以内的数,pass,none,,,比较大小正确，解释合理。,87大，因为十位上8比7大,比较大小：87和78。哪个数大？为什么？
hjb-primary-ds-v1-p1-151,P1,lower,multiple-choice,Core,hjb-primary-p1-lower-within-100-number-sense,100以内的数,pass,none,,,题目正确，3捆5根为35，选项无误。,35,小乐用一捆一捆的小棒表示数。他摆了3捆和5根散的小棒，这个数是多少？
hjb-primary-ds-v1-p1-152,P1,lower,fill-in,Foundation,hjb-primary-p1-lower-within-100-number-sense,100以内的数,pass,none,,,题目正确，答案62无误。,62,一个两位数，十位上是6，个位上是2，这个数写作______。
hjb-primary-ds-v1-p1-153,P1,lower,short-answer,Core,hjb-primary-p1-lower-within-100-number-sense,100以内的数,pass,none,,,递减规律正确，答案72无误。,72,按规律填数：78，76，74，______，70。
hjb-primary-ds-v1-p1-154,P1,lower,multiple-choice,Foundation,hjb-primary-p1-lower-within-100-number-sense,100以内的数,pass,none,,,题目正确，47在45和50之间，选项唯一。,47,下面哪个数比45大，比50小？
hjb-primary-ds-v1-p1-155,P1,lower,fill-in,Core,hjb-primary-p1-lower-within-100-number-sense,100以内的数,pass,none,,,计数器表示正确，答案49无误。,49,在计数器上，十位拨了4颗珠子，个位拨了9颗珠子，这个数是______。
hjb-primary-ds-v1-p1-156,P1,lower,short-answer,Foundation,hjb-primary-p1-lower-within-100-add-sub,100以内数的加减法（一）,pass,none,,,连减计算正确，答案20张，acceptedAnswers合理。,20张,小华有36张贴纸，送给小丽10张后，又送给小刚6张。小华现在还有多少张贴纸？
hjb-primary-ds-v1-p1-157,P1,lower,multiple-choice,Core,hjb-primary-p1-lower-within-100-add-sub,100以内数的加减法（一）,pass,none,,,算法正确，选项唯一，符合两位数加整十数的方法。,先算 40+30=70，再算 70+5=75,计算 45 + 30 时，下面哪种想法是正确的？
hjb-primary-ds-v1-p1-158,P1,lower,fill-in,Foundation,hjb-primary-p1-lower-within-100-add-sub,100以内数的加减法（一）,pass,none,,,减法计算正确，答案28无误。,28,在算式 68 - 40 = □ 中，□里应该填______。
hjb-primary-ds-v1-p1-159,P1,lower,short-answer,Core,hjb-primary-p1-lower-within-100-add-sub,100以内数的加减法（一）,pass,none,,,加减混合计算正确，答案42本，acceptedAnswers合理。,42本,一（2）班图书角原来有57本故事书，同学们借走了20本，又还回来5本。现在图书角有多少本故事书？
hjb-primary-ds-v1-p1-160,P1,lower,multiple-choice,Foundation,hjb-primary-p1-lower-within-100-add-sub,100以内数的加减法（一）,pass,none,,,计算比较正确，90-50=40最小，选项无误。,90 - 50,下面哪道题的得数最小？
hjb-primary-ds-v1-p1-161,P1,lower,fill-in,Core,hjb-primary-p1-lower-within-100-add-sub,100以内数的加减法（一）,pass,none,,,方法应用正确，答案76，acceptedAnswers覆盖合理。,先算 50 + 20 = 70，再算 70 + 6 = 76,计算 45 + 30 时，可以先算 40 + 30 = 70，再算 70 + 5 = 75。请你用同样的方法计算 56 + 20，把过程写出来。
hjb-primary-ds-v1-p1-162,P1,lower,short-answer,Foundation,hjb-primary-p1-lower-within-100-add-sub,100以内数的加减法（一）,pass,none,,,加法计算正确，答案28本，acceptedAnswers合理。,28本,小明有23本故事书，妈妈又给他买了5本。小明现在一共有多少本故事书？
hjb-primary-ds-v1-p1-163,P1,lower,multiple-choice,Core,hjb-primary-p1-lower-within-100-add-sub,100以内数的加减法（一）,pass,none,,,题目正确，答案唯一，选项无歧义。,40 + 30 + 7,下面哪个算式的得数与 47 + 30 相同？
hjb-primary-ds-v1-p1-164,P1,lower,fill-in,Foundation,hjb-primary-p1-lower-within-100-add-sub,100以内数的加减法（一）,pass,none,,,题目正确，答案与解释一致，acceptedAnswers覆盖合理。,先算 9 - 4 = 5，再算 70 + 5 = 75,在计算 68 - 5 时，可以先算 8 - 5 = 3，再算 60 + 3 = 63。请你用同样的方法计算 79 - 4，把过程写出来。
hjb-primary-ds-v1-p1-165,P1,lower,short-answer,Core,hjb-primary-p1-lower-within-100-add-sub,100以内数的加减法（一）,pass,none,,,题目正确，答案45人无误。,45人,一（2）班有42人，一（1）班比一（2）班多3人。一（1）班有多少人？
hjb-primary-ds-v1-p1-166,P1,lower,multiple-choice,Foundation,hjb-primary-p1-lower-within-100-add-sub,100以内数的加减法（一）,pass,none,,,题目正确，选项区分度好，答案唯一。,先算 30 + 20 = 50，再算 50 + 4 = 54,计算 34 + 20 时，下面哪种想法是正确的？
hjb-primary-ds-v1-p1-167,P1,lower,fill-in,Core,hjb-primary-p1-lower-within-100-add-sub,100以内数的加减法（一）,pass,none,,,题目正确，填空顺序清晰，答案唯一。,6 + 3 = 9，50 + 9 = 59,在算式 56 + 3 中，先算 ______ + ______ = ______，再算 ______ + ______ = ______。
hjb-primary-ds-v1-p1-168,P1,lower,short-answer,Foundation,hjb-primary-p1-lower-within-100-add-sub,100以内数的加减法（一）,pass,none,,,题目正确，答案33个无误。,33 个,妈妈买了 23 个苹果，又买了 10 个苹果。妈妈一共买了多少个苹果？
hjb-primary-ds-v1-p1-169,P1,lower,multiple-choice,Core,hjb-primary-p1-lower-within-100-add-sub,100以内数的加减法（一）,pass,none,,,题目正确，计算无误，选项唯一。,38 + 20,下面哪道题的得数比 50 大？
hjb-primary-ds-v1-p1-170,P1,lower,fill-in,Foundation,hjb-primary-p1-lower-within-100-add-sub,100以内数的加减法（一）,pass,none,,,题目正确，填空顺序清晰，答案唯一。,8 - 5 = 3，70 + 3 = 73,计算 78 - 5 时，先算 ______ - ______ = ______，再算 ______ + ______ = ______。
hjb-primary-ds-v1-p1-171,P1,lower,short-answer,Core,hjb-primary-p1-lower-within-100-add-sub,100以内数的加减法（一）,pass,none,,,题目正确，答案54本无误。,54本,小华有34本故事书，小丽有20本故事书。两人一共有多少本故事书？
hjb-primary-ds-v1-p1-172,P1,lower,multiple-choice,Foundation,hjb-primary-p1-lower-within-100-add-sub,100以内数的加减法（一）,pass,none,,,题目正确，选项区分度好，答案唯一。,先算 5 + 3 = 8，再算 40 + 8 = 48,计算 45 + 3 时，下面哪种想法是正确的？
hjb-primary-ds-v1-p1-173,P1,lower,fill-in,Core,hjb-primary-p1-lower-within-100-add-sub,100以内数的加减法（一）,pass,none,,,题目正确，答案63无误。,63,在计算 68 - 5 时，先算 8 - 5 = 3，再算 60 + 3 = ______。
hjb-primary-ds-v1-p1-174,P1,lower,short-answer,Foundation,hjb-primary-p1-lower-within-100-add-sub,100以内数的加减法（一）,pass,none,,,题目正确，答案25辆无误。,25辆,停车场原来有45辆车，开走了20辆，还剩多少辆？
hjb-primary-ds-v1-p1-175,P1,lower,multiple-choice,Core,hjb-primary-p1-lower-time-introduction,时间的初步认识,pass,none,,,题目正确，半时特征描述准确，选项唯一。,分针指向6，时针指向6和7之间,下面哪个钟面表示的时间是半时？
hjb-primary-ds-v1-p1-176,P1,lower,fill-in,Foundation,hjb-primary-p1-lower-time-introduction,时间的初步认识,pass,none,,,题目正确，答案7时半无误。,7时半,小明的钟面上，时针指向7和8的中间，分针指向6。这时是几时半？
hjb-primary-ds-v1-p1-177,P1,lower,short-answer,Core,hjb-primary-p1-lower-time-introduction,时间的初步认识,pass,none,,,题目正确，时间顺序合理，答案唯一。,②③①,按时间顺序排列下面的活动：① 下午5时吃晚饭 ② 上午7时半到校 ③ 中午12时吃午饭。请写出正确的顺序（用序号）。
hjb-primary-ds-v1-p1-178,P1,lower,multiple-choice,Foundation,hjb-primary-p1-lower-time-introduction,时间的初步认识,pass,none,,,题目正确，整时特征描述准确，选项唯一。,时针指向8，分针指向12,下面哪个钟面表示的时间是8时？
hjb-primary-ds-v1-p1-179,P1,lower,fill-in,Core,hjb-primary-p1-lower-time-introduction,时间的初步认识,pass,none,,,题目正确，答案描述准确，acceptedAnswers覆盖合理。,时针指向4和5的中间，分针指向6,小红每天下午4时半开始写作业。请用文字描述此时钟面上时针和分针的位置。
hjb-primary-ds-v1-p1-180,P1,lower,short-answer,Foundation,hjb-primary-p1-lower-time-introduction,时间的初步认识,pass,none,,,题目正确，答案8时无误。,8时,小华晚上9时睡觉。请写出他睡觉前1小时是几时。
hjb-primary-ds-v1-p1-181,P1,lower,multiple-choice,Core,hjb-primary-p1-lower-time-introduction,时间的初步认识,pass,none,,,题目正确，时针在9和10之间、分针指向6是9:30，选项和答案匹配。,9:30,小明的钟面上，时针指向9和10之间，分针指向6。这个时间是（ ）。
hjb-primary-ds-v1-p1-182,P1,lower,fill-in,Foundation,hjb-primary-p1-lower-time-introduction,时间的初步认识,pass,none,,,题目正确，分针指向12、时针指向4是4时，答案和接受答案合理。,4,写出下面钟面表示的时间：时针指向4，分针指向12。这个时间是______时。
hjb-primary-ds-v1-p1-183,P1,lower,multiple-choice,Core,hjb-primary-p1-lower-time-introduction,时间的初步认识,pass,none,,,题目正确，下午1:30最可能吃午饭，选项和答案匹配。,吃午饭,下面哪件事最可能在下午1:30发生？
hjb-primary-ds-v1-p1-184,P1,lower,fill-in,Foundation,hjb-primary-p1-lower-time-introduction,时间的初步认识,pass,none,,,题目正确，时间顺序为起床、午饭、睡觉，答案和接受答案合理。,②③①,按照时间顺序，把下面的活动排一排：①晚上8:00睡觉 ②早上7:00起床 ③中午12:00吃午饭。正确的顺序是______。（填序号）
hjb-primary-ds-v1-p1-185,P1,lower,multiple-choice,Core,hjb-primary-p1-lower-time-introduction,时间的初步认识,pass,none,,,题目正确，分针指向12、时针指向8是8:00，选项和答案匹配。,8:00,钟面上，时针指向8，分针指向12。这个时间是（ ）。
hjb-primary-ds-v1-p1-186,P1,lower,fill-in,Foundation,hjb-primary-p1-lower-time-introduction,时间的初步认识,pass,none,,,题目正确，时针在8和9之间、分针指向6是8时半，答案和接受答案合理。,8时半,钟面上，时针指向8和9之间，分针指向6，这时是几时半？请用中文填写。
hjb-primary-ds-v1-p1-187,P1,lower,multiple-choice,Core,hjb-primary-p1-lower-time-introduction,时间的初步认识,pass,none,,,题目正确，半时特征为时针在两数之间、分针指向6，选项B符合，答案匹配。,时针指向6和7之间，分针指向6,下面哪个时间表示的是半时？
hjb-primary-ds-v1-p1-188,P1,lower,fill-in,Foundation,hjb-primary-p1-lower-time-introduction,时间的初步认识,pass,none,,,题目正确，时间顺序为起床、到校、吃午饭，答案和接受答案合理。,起床，到校，吃午饭,小明上午7时起床，8时到校，11时半吃午饭。请按时间顺序排列这三件事：起床、到校、吃午饭。
hjb-primary-ds-v1-p1-189,P1,lower,multiple-choice,Core,hjb-primary-p1-lower-time-introduction,时间的初步认识,pass,none,,,题目正确，4时半时针在4和5之间、分针指向6，选项B正确，答案匹配。,时针指向4和5之间，分针指向6,小丽每天下午4时半放学，下面哪个钟面表示的是放学时间？
hjb-primary-ds-v1-p1-190,P1,lower,fill-in,Foundation,hjb-primary-p1-lower-time-introduction,时间的初步认识,pass,none,,,题目正确，时针在10和11之间、分针指向6是10时半，答案和接受答案合理。,10时半,钟面上，时针指向10和11之间，分针指向6，这时是几时半？请用中文填写。
hjb-primary-ds-v1-p1-191,P1,lower,multiple-choice,Core,hjb-primary-p1-lower-time-introduction,时间的初步认识,pass,none,,,题目正确，时针在8和9中间、分针指向6是8时半，小明说得对，答案匹配。,对,小明的钟面显示：时针指向8和9的中间，分针指向6。小明说：“现在是8时半。”他说得对吗？
hjb-primary-ds-v1-p1-192,P1,lower,fill-in,Foundation,hjb-primary-p1-lower-time-introduction,时间的初步认识,pass,none,,,题目正确，分针指向12、时针指向7是7时，答案和接受答案合理。,7,看钟面：时针指向7，分针指向12。这个时间是____时。
hjb-primary-ds-v1-p1-193,P1,lower,multiple-choice,Core,hjb-primary-p1-lower-time-introduction,时间的初步认识,pass,none,,,题目正确，上午9时半通常在上课，选项和答案匹配。,在学校上课,下面哪件事最可能在上午9时半发生？
hjb-primary-ds-v1-p1-194,P1,lower,fill-in,Foundation,hjb-primary-p1-lower-length-measurement,长度的比较与测量,pass,none,,,题目正确，从起点到第8支铅笔末尾是8支铅笔长度，答案和接受答案合理。,8,用铅笔测量课桌的长度，铅笔的一端对齐课桌的左端，另一端指向第8支铅笔的末尾。课桌的长度相当于____支铅笔的长度。
hjb-primary-ds-v1-p1-195,P1,lower,multiple-choice,Core,hjb-primary-p1-lower-length-measurement,长度的比较与测量,pass,none,,,题目正确，比较长度应拉直一端对齐，选项和答案匹配。,把两根绳子都拉直，一端对齐，看另一端谁更长,比较两根绳子的长度，哪种方法最公平？
hjb-primary-ds-v1-p1-196,P1,lower,fill-in,Foundation,hjb-primary-p1-lower-length-measurement,长度的比较与测量,pass,none,,,题目正确，小华对齐起点测量更准确，答案和接受答案合理。,小华测出的更准确，因为他把回形针的一端和铅笔的一端对齐了，这样测量才公平。,小华用回形针测量铅笔的长度，用了8个回形针。小明用同样的回形针测量同一支铅笔，但他没有把回形针的一端和铅笔的一端对齐，结果用了9个回形针。谁测出的铅笔长度更准确？为什么？
hjb-primary-ds-v1-p1-197,P1,lower,multiple-choice,Core,hjb-primary-p1-lower-length-measurement,长度的比较与测量,pass,none,,,题目正确，比较长短应一端对齐看另一端，选项和答案匹配。,把两支铅笔的一端对齐，再看另一端,下面哪种比较长短的方法是正确的？
hjb-primary-ds-v1-p1-198,P1,lower,fill-in,Foundation,hjb-primary-p1-lower-length-measurement,长度的比较与测量,pass,none,,,题目正确，用数学书长边量4次，课桌长边约4个单位，答案和接受答案合理。,对，因为她用数学书的长边作为测量单位，量了4次，所以课桌的长边大约有4个这样的单位长。,小丽用数学书的长边去量课桌的长边，量了4次正好量完。小丽说课桌的长边大约有4本数学书的长边那么长。她说的对吗？为什么？
hjb-primary-ds-v1-p1-199,P1,lower,multiple-choice,Core,hjb-primary-p1-lower-length-measurement,长度的比较与测量,pass,none,,,题目清晰，选项合理，答案正确，解释恰当。,米尺,测量教室门的宽度，用下面哪种东西量最方便？
hjb-primary-ds-v1-p1-200,P1,lower,fill-in,Foundation,hjb-primary-p1-lower-length-measurement,长度的比较与测量,pass,none,,,题目逻辑正确，答案与解释一致，acceptedAnswers覆盖合理。,小东的一拃更长，因为课桌长边一样长，量的拃数少，说明他的一拃更长。,小东和小红都用拃（张开大拇指和中指两端的距离）测量同一张课桌的长边。小东量了5拃，小红量了6拃。谁的一拃更长？为什么？
hjb-primary-ds-v1-p1-201,P1,lower,multiple-choice,Foundation,hjb-primary-p1-lower-length-measurement,长度的比较与测量,pass,none,,,题目考查测量起点对齐，选项无歧义，答案正确。,小华,小华用回形针测量铅笔的长度，他把铅笔的一端对齐回形针的一端，数出铅笔的长度是8个回形针。小丽用同样的回形针测量同一支铅笔，但她没有对齐起点，结果数出铅笔的长度是9个回形针。谁测出的铅笔长度更准确？
hjb-primary-ds-v1-p1-202,P1,lower,fill-in,Foundation,hjb-primary-p1-lower-length-measurement,长度的比较与测量,pass,none,,,简单比较，答案明确，acceptedAnswers包含数字形式。,一,比较下面两条绳子的长短：第一条绳子拉直后长12拃，第二条绳子拉直后长10拃。第___条绳子更长。
hjb-primary-ds-v1-p1-203,P1,lower,multiple-choice,Foundation,hjb-primary-p1-lower-length-measurement,长度的比较与测量,pass,none,,,选项唯一正确，解释合理，无歧义。,因为铅笔比橡皮长,小明用铅笔测量课桌的长度，测得课桌大约有5支铅笔长。小刚用橡皮测量同一张课桌，测得课桌大约有20块橡皮长。为什么两人得到的数据不同？
hjb-primary-ds-v1-p1-204,P1,lower,fill-in,Foundation,hjb-primary-p1-lower-length-measurement,长度的比较与测量,pass,none,,,步数少步子大，答案正确，解释清晰。,小芳,小芳用脚步测量教室的长度，她走了15步。小东用同样的方法测量，走了17步。___的步子更大。
hjb-primary-ds-v1-p1-205,P1,lower,multiple-choice,Foundation,hjb-primary-p1-lower-length-measurement,长度的比较与测量,pass,none,,,选项唯一正确，其他明显错误，解释到位。,把两根铁丝都拉直，对齐一端再比较,下面哪种方法能准确比较两根弯曲的铁丝的长度？
hjb-primary-ds-v1-p1-206,P1,lower,fill-in,Foundation,hjb-primary-p1-lower-length-measurement,长度的比较与测量,pass,none,,,题目考查测量方法，答案正确，acceptedAnswers覆盖多种表述。,不正确，8个回形针,小明用回形针测量铅笔的长度。他把回形针一个接一个排好，从铅笔的一端开始，到另一端结束，一共用了8个回形针。小红用同样的回形针测量同一支铅笔，但她没有把回形针对齐铅笔的一端，而是从铅笔的中间开始排，排了5个回形针就到铅笔的另一端了。小红说铅笔的长度是5个回形针。她的测量方法正确吗？铅笔的长度应该是几个回形针？
hjb-primary-ds-v1-p1-207,P1,lower,multiple-choice,Foundation,hjb-primary-p1-lower-length-measurement,长度的比较与测量,pass,none,,,选项唯一正确，解释强调对齐起点，符合要求。,把两支铅笔的一端对齐，看另一端,下面哪种比较铅笔长短的方法是正确的？
hjb-primary-ds-v1-p1-208,P1,lower,fill-in,Foundation,hjb-primary-p1-lower-length-measurement,长度的比较与测量,pass,none,,,题目考查测量无空隙，答案正确，acceptedAnswers合理。,小丽，6根小棒,小丽用同样长的小棒测量课桌的长度，她一根接一根地摆，正好摆了6根小棒。小刚用同样的小棒测量同一张课桌，但他摆的时候小棒之间有空隙，摆了7根小棒。谁测出的课桌长度更准确？课桌的长度应该是几根小棒？
hjb-primary-ds-v1-p1-209,P1,lower,multiple-choice,Foundation,hjb-primary-p1-lower-length-measurement,长度的比较与测量,pass,none,,,选项唯一正确，解释强调首尾相连，无问题。,一拃一拃地量，每一拃都首尾相连,用拃（张开大拇指和中指两端的距离）测量课桌的长度，下面哪种做法能得到正确的结果？
hjb-primary-ds-v1-p1-210,P1,lower,fill-in,Foundation,hjb-primary-p1-lower-length-measurement,长度的比较与测量,pass,none,,,答案明确，acceptedAnswers覆盖简略表述，解释合理。,把两根绳子都拉直，一端对齐，看另一端,比较两根绳子的长短。一根绳子是直的，另一根绳子是弯曲的。下面哪种比较方法最公平？
hjb-primary-ds-v1-p1-211,P1,lower,multiple-choice,Foundation,hjb-primary-p1-lower-length-measurement,长度的比较与测量,pass,none,,,选项唯一正确，解释强调对齐，符合测量原则。,把两支铅笔的笔尖对齐后再比较,小丁和小方想比一比谁的铅笔更长。小丁的铅笔放在桌面上，小方的铅笔也放在桌面上，但两支铅笔的笔尖没有对齐。下面哪种做法能公平地比较出哪支铅笔更长？
hjb-primary-ds-v1-p1-212,P1,lower,fill-in,Foundation,hjb-primary-p1-lower-length-measurement,长度的比较与测量,pass,none,,,答案正确，acceptedAnswers覆盖简答，解释清晰。,小胖；一个接一个排紧，中间不能有空隙,"小胖用回形针测量数学书的长度，他把回形针一个接一个排好，一共用了8个回形针。小亚用同样的回形针测量同一本数学书，但她没有排紧，回形针之间有空隙，结果用了9个回形针。谁测出的长度更接近数学书的实际长度？为什么？\n答：______测出的长度更接近实际长度，因为测量时回形针要______。"
hjb-primary-ds-v1-p1-213,P1,lower,multiple-choice,Foundation,hjb-primary-p1-lower-body-rulers-math-square,身体上的尺子与数学广场,pass,none,,,选项唯一正确，解释合理，适合P1。,一庹（两臂左右平伸，两手指尖的距离）,小丁想用“身体尺”估测教室黑板的长度。下面哪种“身体尺”最合适？
hjb-primary-ds-v1-p1-214,P1,lower,fill-in,Foundation,hjb-primary-p1-lower-body-rulers-math-square,身体上的尺子与数学广场,pass,none,,,答案正确，解释清晰，与之前类似题一致。,小亚,"小亚用“一拃”量课桌的长边，量了5次正好量完。小胖也用“一拃”量同一张课桌的长边，但他量了6次。谁的一拃更长？\n答：______的一拃更长。"
hjb-primary-ds-v1-p1-215,P1,lower,multiple-choice,Foundation,hjb-primary-p1-lower-body-rulers-math-square,身体上的尺子与数学广场,pass,none,,,规律简单，答案正确，选项无歧义。,蓝,数学广场上，小丁和小方在玩“找规律”游戏。他们看到一排彩旗：红、黄、蓝、红、黄、蓝、红、黄、？。接下来一面彩旗应该是什么颜色？
hjb-primary-ds-v1-p1-216,P1,lower,fill-in,Foundation,hjb-primary-p1-lower-body-rulers-math-square,身体上的尺子与数学广场,pass,none,,,计算正确，acceptedAnswers覆盖约数表述，解释合理。,72厘米,小明的课桌长度大约是4拃。如果他用同样的拃去量教室的门宽，量得门宽大约是6拃。请你估一估，教室的门宽大约是多少厘米？并简单说明你是怎样估的。（提示：小明一拃长约12厘米。）
hjb-primary-ds-v1-p1-217,P1,lower,multiple-choice,Foundation,hjb-primary-p1-lower-body-rulers-math-square,身体上的尺子与数学广场,pass,none,,,题目清晰，答案正确，解释合理，适合一年级。,一庹,小红想测量教室黑板的长度，她可以用下面哪种“身体尺”来估测最方便？
hjb-primary-ds-v1-p1-218,P1,lower,fill-in,Foundation,hjb-primary-p1-lower-body-rulers-math-square,身体上的尺子与数学广场,pass,none,,,计算正确，答案和接受答案覆盖合理，无歧义。,600厘米,小丽用“步”来测量教室的长度，她走了15步。如果她的一步长约40厘米，教室的长度大约是多少厘米？
hjb-primary-ds-v1-p1-219,P1,lower,multiple-choice,Foundation,hjb-primary-p1-lower-body-rulers-math-square,身体上的尺子与数学广场,pass,none,,,选项区分度好，答案正确，解释恰当。,教室黑板的长度,下面哪个长度最适合用“一庹”来估测？
hjb-primary-ds-v1-p1-220,P1,lower,fill-in,Foundation,hjb-primary-p1-lower-body-rulers-math-square,身体上的尺子与数学广场,pass,none,,,开放题，答案合理，接受答案覆盖多种表述，无问题。,因为每个人的一拃长度不同,在数学广场活动中，小组成员用“拃”测量同一张课桌的长度，得到的结果分别是：小明4拃，小红5拃，小刚4拃半。为什么他们测量的结果不一样？请简单写出你的想法。
hjb-primary-ds-v1-p1-221,P1,lower,multiple-choice,Foundation,hjb-primary-p1-lower-body-rulers-math-square,身体上的尺子与数学广场,pass,none,,,计算12×5=60，选项正确，无错误。,60厘米,小丽张开拇指和食指，一拃长约12厘米。她用拃去量课桌的长边，量了5次刚好量完。课桌的长边大约有多长？
hjb-primary-ds-v1-p1-222,P1,lower,fill-in,Foundation,hjb-primary-p1-lower-body-rulers-math-square,身体上的尺子与数学广场,pass,none,,,40×8=320，答案正确，接受答案合理。,320,小刚用脚步测量教室的宽。他的一步长约40厘米，沿着宽走了8步。教室的宽大约是___厘米。
hjb-primary-ds-v1-p1-223,P1,lower,multiple-choice,Foundation,hjb-primary-p1-lower-body-rulers-math-square,身体上的尺子与数学广场,pass,none,,,选项明确，答案正确，解释合理。,两臂平伸的长度,下面哪种身体尺最适合估测黑板的长度？
hjb-primary-ds-v1-p1-224,P1,lower,fill-in,Foundation,hjb-primary-p1-lower-body-rulers-math-square,身体上的尺子与数学广场,pass,none,,,周期问题，10÷3=3余1，红色正确。,红,数学广场上有一排彩旗，按“红、黄、蓝、红、黄、蓝……”的顺序重复排列。第10面彩旗是什么颜色？
hjb-primary-ds-v1-p1-225,P1,lower,multiple-choice,Foundation,hjb-primary-p1-lower-body-rulers-math-square,身体上的尺子与数学广场,pass,none,,,选项合理，答案正确，解释恰当。,用一庹的长度去比一比,小杰用“身体尺”估测一根跳绳的长度，下面哪种做法最合适？
hjb-primary-ds-v1-p1-226,P1,lower,fill-in,Foundation,hjb-primary-p1-lower-body-rulers-math-square,身体上的尺子与数学广场,pass,none,,,1厘米×18=18厘米，答案正确。,18厘米,小明的食指宽大约是1厘米。他用自己的食指宽去量数学书的短边，量了18次正好量完。数学书的短边大约长多少厘米？
hjb-primary-ds-v1-p1-227,P1,lower,multiple-choice,Foundation,hjb-primary-p1-lower-body-rulers-math-square,身体上的尺子与数学广场,pass,none,,,一拃约15-20厘米，最接近20厘米，答案正确。,一拃,下面哪个身体部位的长度最接近20厘米？
hjb-primary-ds-v1-p1-228,P1,lower,fill-in,Foundation,hjb-primary-p1-lower-body-rulers-math-square,身体上的尺子与数学广场,pass,none,,,30×8=240，答案正确。,240厘米,小红的步长大约是30厘米。她从教室前面走到后面，走了8步。教室的长大约是多少厘米？
hjb-primary-ds-v1-p1-229,P1,lower,multiple-choice,Foundation,hjb-primary-p1-lower-body-rulers-math-square,身体上的尺子与数学广场,pass,none,,,课桌长度适合用拃，答案正确。,用一拃去量,用身体尺估测课桌的长度，下面哪种方法最合适？
hjb-primary-ds-v1-p1-230,P1,lower,fill-in,Foundation,hjb-primary-p1-lower-body-rulers-math-square,身体上的尺子与数学广场,pass,none,,,120×2=240，单位换算正确。,240厘米,小华的一庹长大约是1米20厘米。他用一庹去量教室黑板的长度，量了2次正好量完。黑板大约长多少厘米？
hjb-primary-ds-v1-p1-231,P1,lower,multiple-choice,Foundation,hjb-primary-p1-lower-body-rulers-math-square,身体上的尺子与数学广场,pass,none,,,1米×3=3米，答案正确。,3米,小美想估测教室黑板的长度。她先张开双臂，发现自己的双臂张开长度大约是1米。然后她用这个长度去量黑板，发现黑板大约有3个双臂张开那么长。这块黑板大约有多长？
hjb-primary-ds-v1-p1-232,P1,lower,fill-in,Foundation,hjb-primary-p1-lower-review,一年级下册整理与复习,pass,none,,,凑十法分解正确，答案5和3。,5和3,在计算45+8时，小杰先算45+5=50，再算50+3=53。他用的方法是把8分成了几和几？请填空：8分成了______和______。
hjb-primary-ds-v1-p1-233,P1,lower,multiple-choice,Foundation,hjb-primary-p1-lower-review,一年级下册整理与复习,pass,none,,,读数与写数对应正确，选项无误。,63,下面哪个数读作“六十三”？
hjb-primary-ds-v1-p1-234,P1,lower,fill-in,Foundation,hjb-primary-p1-lower-review,一年级下册整理与复习,pass,none,,,钟面认读正确，答案8时30分。,8时30分,小丽看钟面，时针指向8和9之间，分针指向6。这时是几时几分？请填空：______时______分。
hjb-primary-ds-v1-p1-235,P1,lower,multiple-choice,Foundation,hjb-primary-p1-lower-review,一年级下册整理与复习,pass,none,,,数学正确，答案与解释一致，选项清晰，适合一年级复习。,75厘米,一根绳子长50厘米，另一根绳子长30厘米。两根绳子接在一起，接头处用去5厘米。接好后的绳子长多少厘米？
hjb-primary-ds-v1-p1-236,P1,lower,fill-in,Foundation,hjb-primary-p1-lower-review,一年级下册整理与复习,pass,none,,,计算正确，解释合理，答案覆盖全面，无歧义。,两道题都算对了,小明在复习时做了两道题。第一题：45 + 8，他先算45 + 5 = 50，再算50 + 3 = 53。第二题：62 - 9，他先算62 - 2 = 60，再算60 - 7 = 53。请帮小明检查，他哪道题算错了？正确的得数应该是多少？
hjb-primary-ds-v1-p1-237,P1,lower,multiple-choice,Foundation,hjb-primary-p1-lower-review,一年级下册整理与复习,pass,none,,,下午3时可用12时或24时表示，选项C正确，解释清晰。,3:00和15:00都可以,下面哪个时间表示的是下午3时？
hjb-primary-ds-v1-p1-238,P1,lower,fill-in,Foundation,hjb-primary-p1-lower-review,一年级下册整理与复习,pass,none,,,长度计算正确，答案14厘米无误。,14厘米,小丽用尺子量一支铅笔的长度，她将铅笔的一端对准0刻度，另一端对准18厘米。她又量了一块橡皮，一端对准0刻度，另一端对准4厘米。铅笔比橡皮长多少厘米？
hjb-primary-ds-v1-p1-239,P1,lower,multiple-choice,Foundation,hjb-primary-p1-lower-review,一年级下册整理与复习,pass,none,,,选项A准确体现“先加10再减1”，其他选项不符。,先算34+10=44，再算44-1=43,计算34 + 9时，下面哪种方法体现了“先加10，再减1”的简便想法？
hjb-primary-ds-v1-p1-240,P1,lower,fill-in,Foundation,hjb-primary-p1-lower-review,一年级下册整理与复习,pass,none,,,填空答案8正确，符合加减关系。,8,在括号里填上合适的数：57 + ( ) = 65
hjb-primary-ds-v1-p1-241,P1,lower,multiple-choice,Foundation,hjb-primary-p1-lower-review,一年级下册整理与复习,pass,none,,,方法为破十法，选项B正确，解释清楚。,破十法,小华在计算 15 - 8 时，他先算 10 - 8 = 2，再算 2 + 5 = 7。他用的方法是哪一种？
hjb-primary-ds-v1-p1-242,P1,lower,multiple-choice,Foundation,hjb-primary-p1-lower-review,一年级下册整理与复习,pass,none,,,7+6=13，8+5=13，结果相同，选项A正确。,8 + 5,下面哪道题的计算结果与 7 + 6 相同？
hjb-primary-ds-v1-p1-243,P1,lower,multiple-choice,Foundation,hjb-primary-p1-lower-review,一年级下册整理与复习,pass,none,,,利用加法算减法，是想加算减法，选项C正确。,想加算减法,小明这样计算 12 - 5：因为 5 + 7 = 12，所以 12 - 5 = 7。他用了什么方法？
hjb-primary-ds-v1-p1-244,P1,lower,multiple-choice,Foundation,hjb-primary-p1-lower-review,一年级下册整理与复习,pass,none,,,时间差计算正确，11时55分最接近12时。,11时55分,下面哪个时间最接近中午12时？
hjb-primary-ds-v1-p1-245,P1,lower,multiple-choice,Foundation,hjb-primary-p1-lower-review,一年级下册整理与复习,pass,none,,,单位换算正确，100-30=70厘米，答案无误。,70厘米,一根绳子长 1 米，用去了 30 厘米，还剩下多少厘米？
hjb-primary-ds-v1-p1-246,P1,lower,multiple-choice,Foundation,hjb-primary-p1-lower-review,一年级下册整理与复习,pass,none,,,凑成整十数再算，是凑十法，选项A正确。,凑十法,小乐在计算 36 + 8 时，先算 36 + 4 = 40，再算 40 + 4 = 44。他用的方法是下面哪一种？
hjb-primary-ds-v1-p1-247,P1,lower,multiple-choice,Foundation,hjb-primary-p1-lower-review,一年级下册整理与复习,pass,none,,,只有D正确，其他选项均错误，解释合理。,1米等于100厘米,下面哪句话是对的？
hjb-primary-ds-v1-p1-248,P1,lower,multiple-choice,Foundation,hjb-primary-p1-lower-review,一年级下册整理与复习,pass,none,,,用加法验算减法，选项B正确。,用加法检查减法,小芳在检查 43 - 7 = 36 时，用 36 + 7 算了一遍，得到 43。她用的检查方法是？
hjb-primary-ds-v1-p1-249,P1,lower,multiple-choice,Foundation,hjb-primary-p1-lower-review,一年级下册整理与复习,pass,none,,,算式25-8+10正确，选项A无误。,25 - 8 + 10,妈妈买了25个苹果，吃了8个，又买来10个，现在有多少个苹果？正确的算式是？
hjb-primary-ds-v1-p1-250,P1,lower,multiple-choice,Foundation,hjb-primary-p1-lower-review,一年级下册整理与复习,pass,none,,,选项B先凑60再加6，是凑十法，正确。,57 + 3 = 60，60 + 6 = 66,下面计算 57 + 9 的方法中，哪一种是先凑成整十数再算的？
hjb-primary-ds-v1-p2-001,P2,upper,multiple-choice,Foundation,hjb-primary-p2-upper-within-100-add-sub,100以内数的加减法（二）,pass,none,,,竖式计算正确，结果为35，选项B无误。,"63\n- 28\n---\n  35",计算 63 - 28，下面哪个竖式是正确的？
hjb-primary-ds-v1-p2-002,P2,upper,fill-in,Core,hjb-primary-p2-upper-within-100-add-sub,100以内数的加减法（二）,pass,none,,,借位后个位变成11，答案正确。,11,在竖式计算 81 - 46 时，个位上 1 减 6 不够减，从十位借 1 后，个位变成 ___ 减 6。
hjb-primary-ds-v1-p2-003,P2,upper,short-answer,Challenge,hjb-primary-p2-upper-within-100-add-sub,100以内数的加减法（二）,pass,none,,,题目要求写出验算竖式并判断，答案与解释一致，无错误。,"33\n+ 39\n---\n  72\n正确",小明计算 72 - 39 = 33，他用 33 + 39 进行验算。请写出验算的竖式，并判断小明的计算结果是否正确。
hjb-primary-ds-v1-p2-004,P2,upper,multiple-choice,Exam,hjb-primary-p2-upper-within-100-add-sub,100以内数的加减法（二）,pass,none,,,选项四符合已知总数和剩余数求减少部分的结构，其他选项关系不同，答案正确。,树上有 50 只鸟，飞走一些后还剩 26 只，飞走了多少只？,下面哪一道题用“原来有 50 个苹果，吃掉一些后还剩 26 个，吃掉了多少个？”的数量关系？
hjb-primary-ds-v1-p2-005,P2,upper,fill-in,Foundation,hjb-primary-p2-upper-within-100-add-sub,100以内数的加减法（二）,pass,none,,,凑整法计算正确，填空答案1和28无误。,"1, 28",计算 57 - 29 时，可以先算 57 - 30 = 27，再算 27 + ___ = ___。
hjb-primary-ds-v1-p2-006,P2,upper,short-answer,Core,hjb-primary-p2-upper-within-100-add-sub,100以内数的加减法（二）,pass,none,,,竖式计算和验算要求明确，答案33正确。,33,小丽有56颗糖果，她送给好朋友23颗。小丽还剩多少颗糖果？请用竖式计算，并用加法验算。
hjb-primary-ds-v1-p2-007,P2,upper,multiple-choice,Challenge,hjb-primary-p2-upper-within-100-add-sub,100以内数的加减法（二）,pass,none,,,竖式选项B计算正确，其他选项错误，答案无误。,B,"下面哪个竖式计算是正确的？\nA.  45\n  - 28\n  -----\n    27\nB.  45\n  - 28\n  -----\n    17\nC.  45\n  - 28\n  -----\n    23\nD.  45\n  - 28\n  -----\n    13"
hjb-primary-ds-v1-p2-008,P2,upper,fill-in,Exam,hjb-primary-p2-upper-within-100-add-sub,100以内数的加减法（二）,pass,none,,,退位后个位变成12，填空答案正确。,12,在竖式计算 72 - 46 时，个位不够减，从十位借1后，个位变成 ___ 减 6。
hjb-primary-ds-v1-p2-009,P2,upper,short-answer,Foundation,hjb-primary-p2-upper-within-100-add-sub,100以内数的加减法（二）,pass,none,,,竖式计算和验算要求合理，答案63正确。,63,用竖式计算 34 + 29，并写出验算过程。
hjb-primary-ds-v1-p2-010,P2,upper,multiple-choice,Core,hjb-primary-p2-upper-within-100-add-sub,100以内数的加减法（二）,pass,none,,,验算44+47=91≠81，选项B正确指出错误，答案无误。,B,"小明计算 81 - 47 时，得到的结果是 44。他算得对吗？\nA. 对，因为 44 + 47 = 91\nB. 不对，因为 44 + 47 = 91，不等于 81\nC. 对，因为 81 - 44 = 37\nD. 不对，因为 81 - 44 = 47"
hjb-primary-ds-v1-p2-011,P2,upper,fill-in,Challenge,hjb-primary-p2-upper-within-100-add-sub,100以内数的加减法（二）,pass,none,,,验算竖式34+38=72正确，答案符合要求。,34 + 38 = 72,在计算 72 - 38 时，个位 2 减 8 不够减，从十位退 1 作 10，个位变成 12 减 8 得 4，十位 7 退 1 后剩 6，6 减 3 得 3，所以结果是 34。请用加法验算，并写出验算的竖式。
hjb-primary-ds-v1-p2-012,P2,upper,short-answer,Exam,hjb-primary-p2-upper-within-100-add-sub,100以内数的加减法（二）,pass,none,,,竖式计算和验算说明正确，答案27张无误。,27 张,小华有 56 张贴纸，送给小丽 29 张后，还剩多少张？请用竖式计算，并说说你是怎样验算的。
hjb-primary-ds-v1-p2-013,P2,upper,multiple-choice,Foundation,hjb-primary-p2-upper-within-100-add-sub,100以内数的加减法（二）,pass,none,,,选项A完整描述了正确的退位过程，其他选项有错误，答案正确。,十位 6 退 1 变成 5，个位 3 加 10 变成 13，13 减 7 得 6，十位 5 减 2 得 3，结果是 36,下面哪个竖式在计算 63 - 27 时，退位处理是正确的？
hjb-primary-ds-v1-p2-014,P2,upper,fill-in,Core,hjb-primary-p2-upper-within-100-add-sub,100以内数的加减法（二）,pass,none,,,验算算式35+46=81正确，答案符合要求。,35 + 46 = 81,在竖式计算 81 - 46 时，个位 1 减 6 不够减，从十位退 1，个位变成 11 减 6 得 5，十位 8 退 1 后剩 7，7 减 4 得 3，所以结果是 35。请用加法验算，写出验算的算式：______
hjb-primary-ds-v1-p2-015,P2,upper,short-answer,Challenge,hjb-primary-p2-upper-within-100-add-sub,100以内数的加减法（二）,pass,none,,,解释退位原理正确，答案合理。,因为十位上的 1 表示 1 个十，退到个位就是 10 个一，所以十位要减少 1 个十。,小明在计算 90 - 54 时，个位 0 减 4 不够减，从十位退 1，个位变成 10 减 4 得 6，十位 9 退 1 后剩 8，8 减 5 得 3，结果是 36。他验算时用 36 + 54 = 90，发现正确。请你说一说，为什么从十位退 1 后，十位要减去 1？
hjb-primary-ds-v1-p2-016,P2,upper,multiple-choice,Exam,hjb-primary-p2-upper-within-100-add-sub,100以内数的加减法（二）,pass,none,,,加法验算25+48=73最快，选项A正确。,用 25 + 48 看是否等于 73,小丽用竖式计算 73 - 48，她先算个位 3 减 8 不够减，从十位退 1 当 10，个位变成 13 减 8 得 5；十位上 7 退 1 后剩 6，再减 4 得 2，所以她得到 25。下面哪种验算方法能最快判断她的结果是否正确？
hjb-primary-ds-v1-p2-017,P2,upper,fill-in,Foundation,hjb-primary-p2-upper-within-100-add-sub,100以内数的加减法（二）,pass,none,,,"填空答案16,7,4,2,27正确，计算过程无误。","16,7,4,2,27",在竖式计算 56 - 29 时，个位 6 减 9 不够减，从十位退 1 当 10，个位变成（    ）减 9 得（    ），十位 5 退 1 后剩（    ），再减 2 得（    ），所以结果是（    ）。
hjb-primary-ds-v1-p2-018,P2,upper,short-answer,Core,hjb-primary-p2-upper-within-100-add-sub,100以内数的加减法（二）,pass,none,,,竖式计算和验算正确，答案44无误。,44,用竖式计算 81 - 37，并写出验算过程。
hjb-primary-ds-v1-p2-019,P2,upper,multiple-choice,Challenge,hjb-primary-p2-upper-within-100-add-sub,100以内数的加减法（二）,pass,none,,,小明计算过程和结果正确，选项A描述准确。,个位 0 减 5 不够减，应该从十位退 1 当 10，但十位是 9，退 1 后应该剩 8，他算对了,小明计算 90 - 45 时，个位 0 减 5 不够减，他从十位退 1 当 10，个位变成 10 减 5 得 5；十位 9 退 1 后剩 8，再减 4 得 4，所以他得到 45。下面哪句话说得对？
hjb-primary-ds-v1-p2-020,P2,upper,fill-in,Exam,hjb-primary-p2-upper-within-100-add-sub,100以内数的加减法（二）,pass,none,,,验算结果62，判断正确，填空答案无误。,"62,正确",在 62 - 38 的竖式计算中，个位 2 减 8 不够减，从十位退 1 当 10，个位变成 12 减 8 得 4；十位 6 退 1 后剩 5，再减 3 得 2，所以结果是 24。请用加法验算：24 + 38 = （    ），与被减数 62 比较，说明计算（    ）。（填“正确”或“错误”）
hjb-primary-ds-v1-p2-021,P2,upper,short-answer,Foundation,hjb-primary-p2-upper-within-100-add-sub,100以内数的加减法（二）,pass,none,,,竖式计算和验算过程正确，答案27无误。,27,用竖式计算 73 - 46，并写出验算过程。
hjb-primary-ds-v1-p2-022,P2,upper,multiple-choice,Core,hjb-primary-p2-upper-within-100-add-sub,100以内数的加减法（二）,pass,none,,,选项B计算正确，其他选项错误，答案唯一。,"52\n- 38\n----\n  14",下面哪个竖式计算是正确的？
hjb-primary-ds-v1-p2-023,P2,upper,fill-in,Challenge,hjb-primary-p2-upper-within-100-add-sub,100以内数的加减法（二）,pass,none,,,个位填2符合竖式减法，答案正确。,2,"在□里填上合适的数。\n  6□\n- 2 7\n----\n  3 5"
hjb-primary-ds-v1-p2-024,P2,upper,short-answer,Exam,hjb-primary-p2-upper-money-shopping,人民币与购物应用,pass,none,,,计算正确，单位统一，答案3元无误。,3元,小明有5元，买一支铅笔用了1元2角，买一块橡皮用了8角。他还剩多少钱？
hjb-primary-ds-v1-p2-025,P2,upper,multiple-choice,Foundation,hjb-primary-p2-upper-money-shopping,人民币与购物应用,pass,none,,,比较和计算正确，选项A为唯一正确答案。,钢笔贵，贵5元5角,一支钢笔8元5角，一个笔记本3元，哪个更贵？贵多少？
hjb-primary-ds-v1-p2-026,P2,upper,fill-in,Core,hjb-primary-p2-upper-money-shopping,人民币与购物应用,pass,none,,,8角+5角=13角=1元3角，答案正确。,1元3角,一支铅笔的价格是8角，一块橡皮的价格是5角。小明买了这两样文具，他一共要付多少钱？请用“几元几角”的形式回答。
hjb-primary-ds-v1-p2-027,P2,upper,short-answer,Challenge,hjb-primary-p2-upper-money-shopping,人民币与购物应用,pass,none,,,总钱数计算正确，找回2元4角无误。,够，找回2元4角,小丽有2张5元、3张1元和4枚5角硬币。她想买一本价格为12元6角的笔记本。她带的钱够不够？如果够，付钱后应找回多少钱？请用“几元几角”的形式回答找回的钱。
hjb-primary-ds-v1-p2-028,P2,upper,multiple-choice,Exam,hjb-primary-p2-upper-money-shopping,人民币与购物应用,pass,none,,,选项C正好3元8角，其他选项金额不符，答案正确。,3张1元，1张5角，3张1角,下面哪种付钱方式正好能买一个价格为3元8角的卷笔刀？
hjb-primary-ds-v1-p2-029,P2,upper,fill-in,Foundation,hjb-primary-p2-upper-money-shopping,人民币与购物应用,pass,none,,,20元换4张5元，答案正确。,4,1张20元可以换______张5元。
hjb-primary-ds-v1-p2-030,P2,upper,short-answer,Core,hjb-primary-p2-upper-money-shopping,人民币与购物应用,pass,none,,,计算正确，2元5角+6元8角+4元=13元3角。,13元3角,妈妈去超市买了下面这些物品：一袋盐2元5角，一瓶酱油6元8角，一包糖4元。妈妈一共要付多少钱？请用“几元几角”的形式回答。
hjb-primary-ds-v1-p2-031,P2,upper,multiple-choice,Challenge,hjb-primary-p2-upper-money-shopping,人民币与购物应用,pass,none,,,选项B总钱数3元3角正好，其他选项不对，答案正确。,一张2元，一张5角，一张5角，一张3角,小美想买一个笔记本和一支铅笔。笔记本的价格是2元5角，铅笔的价格是8角。下面哪种付钱方式正好够付，不需要找零？
hjb-primary-ds-v1-p2-032,P2,upper,fill-in,Foundation,hjb-primary-p2-upper-money-shopping,人民币与购物应用,pass,none,,,小明有9元，找回2元2角，计算正确。,2元2角,小明有1张5元、3张1元和2张5角。他想买一个价格是6元8角的玩具车。他付的钱够吗？如果够，应找回多少钱？请用“元”和“角”填空：够，应找回___元___角。
hjb-primary-ds-v1-p2-033,P2,upper,short-answer,Core,hjb-primary-p2-upper-money-shopping,人民币与购物应用,pass,none,,,3元6角+4元5角+1元2角=9元3角，答案正确。,9元3角,妈妈买了下面这些物品：一盒牛奶3元6角，一袋面包4元5角，一个苹果1元2角。妈妈一共花了多少钱？请用“元”和“角”回答。
hjb-primary-ds-v1-p2-034,P2,upper,multiple-choice,Challenge,hjb-primary-p2-upper-money-shopping,人民币与购物应用,pass,none,,,B选项总价9元4角，剩6角最少，答案正确。,铅笔9角，卷笔刀8元5角,小东有10元钱，他想买两样不同的文具。下面哪种买法剩下的钱最少？
hjb-primary-ds-v1-p2-035,P2,upper,fill-in,Foundation,hjb-primary-p2-upper-money-shopping,人民币与购物应用,pass,none,,,10元换2张5元或10张1元，答案正确。,"2,10",1张10元可以换___张5元，也可以换___张1元。
hjb-primary-ds-v1-p2-036,P2,upper,short-answer,Core,hjb-primary-p2-upper-money-shopping,人民币与购物应用,pass,none,,,12元8角+1元5角=14元3角，计算正确。,14元3角,小丽买一本故事书花了12元8角，买一支铅笔花了1元5角。她一共花了多少钱？（用元角形式回答）
hjb-primary-ds-v1-p2-037,P2,upper,multiple-choice,Challenge,hjb-primary-p2-upper-money-shopping,人民币与购物应用,pass,none,,,20元-15元6角=4元4角，答案正确。,4元4角,小明有20元，他想买一个15元6角的玩具车。付钱后，他应该找回多少钱？
hjb-primary-ds-v1-p2-038,P2,upper,fill-in,Foundation,hjb-primary-p2-upper-money-shopping,人民币与购物应用,pass,none,,,10元换2张5元，答案正确。,2,1张10元可以换______张5元。
hjb-primary-ds-v1-p2-039,P2,upper,short-answer,Core,hjb-primary-p2-upper-money-shopping,人民币与购物应用,pass,none,,,计算正确，答案与解释一致，符合二年级人民币减法要求。,4元7角,一支钢笔8元6角，一个笔记本3元9角。钢笔比笔记本贵多少钱？（用元角形式回答）
hjb-primary-ds-v1-p2-040,P2,upper,multiple-choice,Challenge,hjb-primary-p2-upper-money-shopping,人民币与购物应用,pass,none,,,找回金额计算正确，选项唯一，acceptedAnswers覆盖合理。,2元2角,小芳付给售货员5元，买一块2元8角的橡皮。售货员应该找回多少钱？
hjb-primary-ds-v1-p2-041,P2,upper,fill-in,Foundation,hjb-primary-p2-upper-money-shopping,人民币与购物应用,pass,none,,,人民币合计计算正确，填空答案明确。,7元3角,小丽有1张5元、2张1元和3枚1角，她一共有______元______角。
hjb-primary-ds-v1-p2-042,P2,upper,short-answer,Core,hjb-primary-p2-upper-money-shopping,人民币与购物应用,pass,none,,,计算过程与答案正确，找回7角无误。,7角,一支铅笔8角，一块橡皮5角。小明买一支铅笔和一块橡皮，付了2元，应找回多少钱？请写出计算过程并注明单位。
hjb-primary-ds-v1-p2-043,P2,upper,multiple-choice,Challenge,hjb-primary-p2-upper-money-shopping,人民币与购物应用,pass,none,,,选项一金额正好6元5角，其他选项金额不符，答案正确。,1张5元、1张1元、1枚5角,下面哪种付钱方法正好能买一本6元5角的笔记本？
hjb-primary-ds-v1-p2-044,P2,upper,fill-in,Foundation,hjb-primary-p2-upper-money-shopping,人民币与购物应用,pass,none,,,单位换算正确，4元6角等于46角，填“=”无误。,=,"在○里填“>”“<”或“=”。\n4元6角○46角"
hjb-primary-ds-v1-p2-045,P2,upper,short-answer,Core,hjb-primary-p2-upper-money-shopping,人民币与购物应用,pass,none,,,找回2元2角计算正确，acceptedAnswers合理。,2元2角,小东有10元钱，他想买一个7元8角的文具盒，售货员应该找他多少钱？请写出算式和答案。
hjb-primary-ds-v1-p2-046,P2,upper,multiple-choice,Challenge,hjb-primary-p2-upper-money-shopping,人民币与购物应用,pass,none,,,总价3元3角，找回1元7角，计算正确，选项唯一。,1元7角,妈妈带小杰去文具店。小杰想买一本笔记本和一支铅笔。笔记本的价格是2元5角，铅笔的价格是8角。小杰付给收银员5元，应该找回多少钱？
hjb-primary-ds-v1-p2-047,P2,upper,fill-in,Foundation,hjb-primary-p2-upper-school-position-direction,校园方位与位置表达,pass,none,,,方位推理正确，图书馆在操场东北方向。,东北,校园里，教学楼在操场的东面，图书馆在教学楼的北面。以操场为参照点，图书馆在操场的什么方向？
hjb-primary-ds-v1-p2-048,P2,upper,short-answer,Core,hjb-primary-p2-upper-school-position-direction,校园方位与位置表达,pass,none,,,回家路线方向反转正确，答案表述清晰。,从学校出发，先向东走到书店，再向北走到公园，最后向西走到家。,小玲从家出发，先向东走到公园，再向南走到书店，最后向西走到学校。请描述小玲从学校回家的路线。
hjb-primary-ds-v1-p2-049,P2,upper,multiple-choice,Challenge,hjb-primary-p2-upper-school-position-direction,校园方位与位置表达,pass,none,,,方位推理正确，小丽在小红东南方向。,东南,四个小朋友站在操场上，小军在小红的东面，小强在小红的南面，小丽在小强的东面。请问小丽在小红的什么方向？
hjb-primary-ds-v1-p2-050,P2,upper,fill-in,Foundation,hjb-primary-p2-upper-school-position-direction,校园方位与位置表达,pass,none,,,大门朝南，正对方向为北，答案正确。,北,学校大门朝南。走进大门，正对面是教学楼，教学楼在大门的____面。
hjb-primary-ds-v1-p2-051,P2,upper,short-answer,Core,hjb-primary-p2-upper-school-position-direction,校园方位与位置表达,pass,none,,,操场在校门北面，推理正确。,北面,小明的学校操场平面图上，校门在操场的南面，教学楼在校门的北面，操场在教学楼的东面。请问操场在校门的哪个方向？
hjb-primary-ds-v1-p2-052,P2,upper,multiple-choice,Challenge,hjb-primary-p2-upper-school-position-direction,校园方位与位置表达,pass,none,,,面向北时左边为西，图书馆在西面，答案正确。,西,小华站在学校操场中央，面向北。他的左边是图书馆，右边是体育馆。请问图书馆在操场的哪个方向？
hjb-primary-ds-v1-p2-053,P2,upper,fill-in,Foundation,hjb-primary-p2-upper-school-position-direction,校园方位与位置表达,pass,none,,,直接根据描述，办公楼在花坛西面，答案正确。,西,学校大门朝南。走进大门，正前方是花坛，花坛的东面是教学楼，西面是办公楼。办公楼在花坛的______面。
hjb-primary-ds-v1-p2-054,P2,upper,short-answer,Core,hjb-primary-p2-upper-school-position-direction,校园方位与位置表达,pass,none,,,电影院在学校东北方向，推理正确。,东北,从学校出发，先向北走到公园，再向东走到图书馆，最后向南走到电影院。请问电影院在学校的哪个方向？
hjb-primary-ds-v1-p2-055,P2,upper,multiple-choice,Challenge,hjb-primary-p2-upper-school-position-direction,校园方位与位置表达,pass,none,,,回程路线方向反转正确，选项一符合。,先向西走到书店，再向南走到超市，最后向东走到家,小丽从家出发，先向西走到超市，再向北走到书店，最后向东走到学校。小丽从学校回家，应该怎么走？
hjb-primary-ds-v1-p2-056,P2,upper,fill-in,Foundation,hjb-primary-p2-upper-school-position-direction,校园方位与位置表达,pass,none,,,教学楼在校门东北方向，推理正确。,东北,小明的学校地图上，校门在正南方，操场在校门的北面，教学楼在操场的东面。请问教学楼在校门的什么方向？
hjb-primary-ds-v1-p2-057,P2,upper,short-answer,Core,hjb-primary-p2-upper-school-position-direction,校园方位与位置表达,pass,none,,,题目清晰，答案正确，符合二年级方位学习要求。,东北,小丽从家出发，先向东走200米到公园，再向北走150米到图书馆。请问图书馆在小丽家的什么方向？请用文字描述路线。
hjb-primary-ds-v1-p2-058,P2,upper,multiple-choice,Challenge,hjb-primary-p2-upper-school-position-direction,校园方位与位置表达,pass,none,,,推理正确，选项唯一，难度适合挑战题。,东北,在学校的平面图上，食堂在花坛的西面，花坛在图书馆的南面。请问图书馆在食堂的什么方向？
hjb-primary-ds-v1-p2-059,P2,upper,fill-in,Foundation,hjb-primary-p2-upper-school-position-direction,校园方位与位置表达,pass,none,,,基础方位题，答案准确，acceptedAnswers覆盖分隔符变体。,西；北；南,小华面向东站立，他的后面是（    ）方，左面是（    ）方，右面是（    ）方。
hjb-primary-ds-v1-p2-060,P2,upper,short-answer,Core,hjb-primary-p2-upper-school-position-direction,校园方位与位置表达,pass,none,,,简单方位推理，答案正确。,东南,小动物们排队：小狗在小猫的东面，小兔在小狗的南面。请你说一说小兔在小猫的什么方向？
hjb-primary-ds-v1-p2-061,P2,upper,multiple-choice,Challenge,hjb-primary-p2-upper-school-position-direction,校园方位与位置表达,pass,none,,,多步方位推理，答案北面正确，选项无歧义。,北面,"下面是校园里四个地点的位置描述：\n• 操场在教学楼的东面\n• 图书馆在教学楼的北面\n• 花坛在操场的南面\n• 校门在图书馆的西面\n\n根据这些描述，校门在花坛的哪个方向？"
hjb-primary-ds-v1-p2-062,P2,upper,fill-in,Foundation,hjb-primary-p2-upper-school-position-direction,校园方位与位置表达,pass,none,,,相对方向题，答案西正确，acceptedAnswers包含西面。,西,小丽站在校园中心花坛，她看到旗杆在自己的东面，教学楼在自己的北面。那么，小丽在旗杆的______面。
hjb-primary-ds-v1-p2-063,P2,upper,short-answer,Core,hjb-primary-p2-upper-school-position-direction,校园方位与位置表达,pass,none,,,路线描述题，答案完整，acceptedAnswers覆盖多种合理表述。,先向北走到操场，再向东走到教学楼，最后向北走到图书馆。,校园地图上，大门在正南方，操场在大门的北面，教学楼在操场的东面，图书馆在教学楼的北面。请按顺序写出从大门到图书馆的行走路线（用方向词）。
hjb-primary-ds-v1-p2-064,P2,upper,multiple-choice,Challenge,hjb-primary-p2-upper-school-position-direction,校园方位与位置表达,pass,none,,,逻辑推理题，答案小刚正确，解释清晰。,小刚,"四个小朋友站在校园不同位置，描述如下：\n小明说：“我在图书馆的东面。”\n小红说：“我在操场的北面。”\n小刚说：“我在花坛的西面。”\n小丽说：“我在校门的南面。”\n\n已知图书馆在操场的北面，花坛在操场的东面，校门在操场的南面。谁和小明在同一个方向（以操场为中心）？"
hjb-primary-ds-v1-p2-065,P2,upper,fill-in,Foundation,hjb-primary-p2-upper-school-position-direction,校园方位与位置表达,pass,none,,,方位推理，答案西北正确。,西北,校园里，音乐教室在美术教室的东面，美术教室在舞蹈教室的南面。那么，舞蹈教室在音乐教室的______面。
hjb-primary-ds-v1-p2-066,P2,upper,short-answer,Core,hjb-primary-p2-upper-school-position-direction,校园方位与位置表达,pass,none,,,转向题，答案北正确。,北,小乐站在学校操场中央，面向东。他先向右转一次，再向后转一次。现在小乐面向哪个方向？
hjb-primary-ds-v1-p2-067,P2,upper,multiple-choice,Challenge,hjb-primary-p2-upper-school-position-direction,校园方位与位置表达,pass,none,,,相对位置题，答案西南正确。,西南,校园平面图上，教学楼在花坛的北面，操场在教学楼的东面。那么花坛在操场的什么方向？
hjb-primary-ds-v1-p2-068,P2,upper,fill-in,Foundation,hjb-primary-p2-upper-school-position-direction,校园方位与位置表达,pass,none,,,基础常识题，答案西正确。,西,早晨，小红面向太阳去上学，她的前面是东，后面是____，左面是北，右面是南。
hjb-primary-ds-v1-p2-069,P2,upper,short-answer,Core,hjb-primary-p2-upper-school-position-direction,校园方位与位置表达,pass,none,,,返回路线题，答案正确，acceptedAnswers覆盖多种表述。,先向西走到图书馆，再向南走到学校大门。,从学校大门出发，先向北走到图书馆，再向东走到体育馆。请写出从体育馆返回学校大门的路线。
hjb-primary-ds-v1-p2-070,P2,upper,multiple-choice,Challenge,hjb-primary-p2-upper-multiplication-facts,表内乘法,pass,none,,,乘法意义辨析，选项C正确，解释合理。,小明有3支铅笔，小红有4块橡皮，他们一共有多少文具？,下面哪种情况不能用乘法算式 3×4 表示？
hjb-primary-ds-v1-p2-071,P2,upper,fill-in,Foundation,hjb-primary-p2-upper-multiplication-facts,表内乘法,pass,none,,,基础乘法填空，答案正确，acceptedAnswers覆盖顺序变体。,12；4×3=12,每盘有4个苹果，有3盘。一共有（ ）个苹果。乘法算式可以写成：______。
hjb-primary-ds-v1-p2-072,P2,upper,short-answer,Core,hjb-primary-p2-upper-multiplication-facts,表内乘法,pass,none,,,乘法应用题，答案正确。,5×6=30（支）,小明有5盒铅笔，每盒有6支。他一共有多少支铅笔？请写出乘法算式和得数。
hjb-primary-ds-v1-p2-073,P2,upper,multiple-choice,Challenge,hjb-primary-p2-upper-multiplication-facts,表内乘法,pass,none,,,乘法适用性辨析，选项B正确。,B,"下面哪个问题不能用乘法解决？\nA. 每排有8棵树，有4排，一共有多少棵树？\nB. 小红有3个苹果，小蓝有5个苹果，两人一共有几个苹果？\nC. 一盒巧克力有6块，买7盒一共有多少块？\nD. 教室里有5行桌子，每行有5张，一共有多少张桌子？"
hjb-primary-ds-v1-p2-074,P2,upper,fill-in,Foundation,hjb-primary-p2-upper-multiplication-facts,表内乘法,pass,none,,,口诀写算式，答案正确，acceptedAnswers覆盖多种格式。,"4×7=28\n7×4=28","根据口诀“四七二十八”写出两道乘法算式。\n□×□=□\n□×□=□"
hjb-primary-ds-v1-p2-075,P2,upper,short-answer,Core,hjb-primary-p2-upper-multiplication-facts,表内乘法,pass,none,,,题目为间隔问题，非乘法，但放在表内乘法单元作为辨析题合理。答案正确，表述清晰。,8-1=7（个）,学校走廊的一边摆了8盆花，每两盆花之间放1个花架。一共需要多少个花架？请列式解答。
hjb-primary-ds-v1-p2-076,P2,upper,multiple-choice,Challenge,hjb-primary-p2-upper-multiplication-facts,表内乘法,pass,none,,,选项设计合理，正确选项4×7=28表示总数，其他选项为干扰项。答案唯一，无歧义。,4×7=28,小华有4个盒子，每个盒子里都放着同样多的铅笔。他数了数，一共有28支铅笔。下面哪个算式可以正确表示铅笔的总数？
hjb-primary-ds-v1-p2-077,P2,upper,fill-in,Foundation,hjb-primary-p2-upper-multiplication-facts,表内乘法,pass,none,,,看图填空，答案18正确，乘法算式3×6=18或6×3=18均可，acceptedAnswers覆盖全面。,18,看图填空：每行有6颗☆，摆了3行，一共有（    ）颗☆。用乘法算式表示：______×______=______。
hjb-primary-ds-v1-p2-078,P2,upper,short-answer,Core,hjb-primary-p2-upper-multiplication-facts,表内乘法,pass,none,,,要求两种方法，答案20个正确，acceptedAnswers包含多种形式，无问题。,20个,妈妈买了5袋苹果，每袋有4个苹果。请你用两种方法算出一共有多少个苹果，并写出对应的乘法算式。
hjb-primary-ds-v1-p2-079,P2,upper,multiple-choice,Challenge,hjb-primary-p2-upper-multiplication-facts,表内乘法,pass,none,,,选项C为不同加数，不能用乘法，正确。其他选项均为等组情况，可用乘法。,一盒巧克力有3颗，另一盒有5颗，两盒一共有多少颗？,下面哪种情况不能用乘法算式3×5来表示？
hjb-primary-ds-v1-p2-080,P2,upper,fill-in,Foundation,hjb-primary-p2-upper-multiplication-facts,表内乘法,pass,none,,,根据口诀写算式，答案4×6=24和6×4=24均正确，acceptedAnswers覆盖。,4×6=24,根据口诀“四六二十四”写出两个乘法算式：______×______=______，______×______=______。
hjb-primary-ds-v1-p2-081,P2,upper,short-answer,Core,hjb-primary-p2-upper-multiplication-facts,表内乘法,pass,none,,,简单乘法应用题，答案4×6=24（支）或6×4=24（支）正确。,4×6=24（支）,小芳有4个笔筒，每个笔筒里都插着6支铅笔。小芳一共有多少支铅笔？请写出乘法算式并计算。
hjb-primary-ds-v1-p2-082,P2,upper,multiple-choice,Challenge,hjb-primary-p2-upper-multiplication-facts,表内乘法,pass,none,,,选项C为不同数量，不能用乘法，正确。其他选项均为等组情况。,小明有5本书，小红有3本书,下面哪种情况不能用乘法计算？
hjb-primary-ds-v1-p2-083,P2,upper,fill-in,Foundation,hjb-primary-p2-upper-multiplication-facts,表内乘法,pass,none,,,加法与乘法算式均正确，acceptedAnswers包含两种乘法顺序。,4+4+4+4+4=20（条），4×5=20（条）,每只小猫钓了4条鱼，5只小猫一共钓了多少条鱼？加法算式是______，乘法算式是______。
hjb-primary-ds-v1-p2-084,P2,upper,short-answer,Core,hjb-primary-p2-upper-multiplication-facts,表内乘法,pass,none,,,两种方法列式正确，答案15张，acceptedAnswers覆盖。,加法：5+5+5=15（张）；乘法：3×5=15（张）,教室里有3排桌子，每排5张。一共有多少张桌子？请用两种方法列式并计算。
hjb-primary-ds-v1-p2-085,P2,upper,multiple-choice,Challenge,hjb-primary-p2-upper-multiplication-facts,表内乘法,pass,none,,,3+7得10，与3×7得21不同，正确。其他选项均得21。,3+7,下面哪个算式的得数与“3×7”不同？
hjb-primary-ds-v1-p2-086,P2,upper,fill-in,Foundation,hjb-primary-p2-upper-multiplication-facts,表内乘法,pass,none,,,看图填空，每盘5个，3盘，共15个，乘法算式5×3=15或3×5=15，口诀三五十五，正确。,5；3；15；5×3=15；三五十五,"看图填空：每盘有（ ）个苹果，有（ ）盘，一共有（ ）个苹果。乘法算式：___×___=___，口诀：______。\n（文字描述：桌上有3个盘子，每个盘子里放5个苹果。）"
hjb-primary-ds-v1-p2-087,P2,upper,short-answer,Core,hjb-primary-p2-upper-multiplication-facts,表内乘法,pass,none,,,答案4×6=24（颗），口诀四六二十四，正确。,4×6=24（颗），四六二十四,小丽买了4袋糖果，每袋6颗。她一共买了多少颗糖果？请写出乘法算式和口诀。
hjb-primary-ds-v1-p2-088,P2,upper,multiple-choice,Challenge,hjb-primary-p2-upper-multiplication-facts,表内乘法,pass,none,,,选项C为不同加数，不能用乘法，正确。其他选项均为等组情况。,C,"下面哪个问题不能用乘法解决？\nA. 小明有3盒铅笔，每盒5支，一共有多少支？\nB. 教室里有4排桌子，每排6张，一共有多少张？\nC. 小红有2个苹果，小蓝有3个苹果，一共有多少个苹果？\nD. 一本故事书每天看7页，看了5天，一共看了多少页？"
hjb-primary-ds-v1-p2-089,P2,upper,fill-in,Foundation,hjb-primary-p2-upper-multiplication-facts,表内乘法,pass,none,,,4个7相加，乘法算式4×7=28或7×4=28，口诀四七二十八，正确。,4×7=28；四七二十八,把加法算式改写成乘法算式：7+7+7+7=___×___，口诀：______。
hjb-primary-ds-v1-p2-090,P2,upper,short-answer,Core,hjb-primary-p2-upper-multiplication-facts,表内乘法,pass,none,,,根据口诀写算式，5×6=30和6×5=30正确。,5×6=30，6×5=30,根据口诀“五六三十”写出两个乘法算式。
hjb-primary-ds-v1-p2-091,P2,upper,multiple-choice,Challenge,hjb-primary-p2-upper-multiplication-facts,表内乘法,pass,none,,,小华4×6=24，小丽3×8=24，一样多，正确。,一样多,小华有4个盒子，每个盒子里放6块糖。小丽有3个盒子，每个盒子里放8块糖。他们谁的糖更多？
hjb-primary-ds-v1-p2-092,P2,upper,fill-in,Foundation,hjb-primary-p2-upper-multiplication-facts,表内乘法,pass,none,,,根据口诀写算式，4×7=28和7×4=28正确。,"4×7=28,7×4=28",根据口诀“四七二十八”写出两个乘法算式。
hjb-primary-ds-v1-p2-093,P2,upper,short-answer,Core,hjb-primary-p2-upper-classification,分类与整理,pass,none,,,题目清晰，答案正确，符合二年级分类要求。,红色有3个，蓝色有3个,老师带来一些图形：红色三角形、蓝色三角形、红色正方形、蓝色正方形、红色圆形、蓝色圆形。请你按颜色分类，并说出每类各有多少个。
hjb-primary-ds-v1-p2-094,P2,upper,multiple-choice,Challenge,hjb-primary-p2-upper-classification,分类与整理,pass,none,,,选项设计合理，正确答案唯一，解释恰当。,按用途分：学习用品和水果,下面哪种分类标准是正确的？一组物品：铅笔、橡皮、尺子、苹果、香蕉、橘子。
hjb-primary-ds-v1-p2-095,P2,upper,fill-in,Foundation,hjb-primary-p2-upper-classification,分类与整理,pass,none,,,分类标准明确，答案覆盖多种表述，无歧义。,主要生活在水中的：金鱼；不主要生活在水中的：猫、狗、鸟、马,按“是否主要生活在水中”把下面的动物分成两类：猫、狗、金鱼、鸟、马。一类是（ ），另一类是（ ）。
hjb-primary-ds-v1-p2-096,P2,upper,short-answer,Core,hjb-primary-p2-upper-classification,分类与整理,pass,none,,,简单加法，答案正确，符合核心难度。,20张,小美把一些图形卡片按颜色分类，结果如下：红色卡片有8张，蓝色卡片有5张，黄色卡片有7张。她一共整理了多少张图形卡片？
hjb-primary-ds-v1-p2-097,P2,upper,multiple-choice,Challenge,hjb-primary-p2-upper-classification,分类与整理,pass,none,,,选项分析合理，正确答案唯一，其他选项均有错误。,按会不会飞分：会飞的有燕子、蝴蝶、老鹰；不会飞的有金鱼、鲨鱼、海豚,老师让同学们把下面的动物卡片分成两组。卡片有：金鱼、燕子、蝴蝶、鲨鱼、老鹰、海豚。下面哪种分法是正确的？
hjb-primary-ds-v1-p2-098,P2,upper,fill-in,Foundation,hjb-primary-p2-upper-classification,分类与整理,pass,none,,,表格填空，答案与文字信息一致。,6,"二（1）班同学最喜欢的水果情况：苹果有12人，香蕉有8人，橘子有10人，梨有6人。请把表格填写完整。\n\n| 水果 | 苹果 | 香蕉 | 橘子 | 梨 |\n|------|------|------|------|----|\n| 人数 | 12   | 8    | 10   | □  |"
hjb-primary-ds-v1-p2-099,P2,upper,short-answer,Core,hjb-primary-p2-upper-classification,分类与整理,pass,none,,,减法比较，答案正确，表述清晰。,2支,小明把一些铅笔按长短分类，长铅笔有9支，短铅笔有11支。长铅笔比短铅笔少几支？
hjb-primary-ds-v1-p2-100,P2,upper,multiple-choice,Foundation,hjb-primary-p2-upper-classification,分类与整理,pass,none,,,分类标准一致性考查，选项设计合理，答案正确。,把树叶按大小分成大树叶和小树叶,下面哪种分类标准是正确的？
hjb-primary-ds-v1-p2-101,P2,upper,fill-in,Core,hjb-primary-p2-upper-classification,分类与整理,pass,none,,,加法求和，答案正确，符合核心难度。,19本,小丽把班级图书角的书按种类整理：故事书有9本，科普书有6本，漫画书有4本。图书角这三类书一共有多少本？
hjb-primary-ds-v1-p2-102,P2,upper,short-answer,Foundation,hjb-primary-p2-upper-classification,分类与整理,pass,none,,,比较大小，答案明确，无歧义。,苹果,二（1）班同学最喜欢的水果情况如下：苹果：12人，香蕉：8人，橘子：10人，草莓：6人。请你说一说，最喜欢哪种水果的人数最多？
hjb-primary-ds-v1-p2-103,P2,upper,multiple-choice,Core,hjb-primary-p2-upper-classification,分类与整理,pass,none,,,按形状分类，选项B正确，其他选项不符合要求。,按形状分成圆形和方形两组,下面哪种分法是把同一堆玩具按形状分类？玩具包括：3个红色圆形积木，2个蓝色方形积木，4个红色方形积木，1个蓝色圆形积木。
hjb-primary-ds-v1-p2-104,P2,upper,fill-in,Foundation,hjb-primary-p2-upper-classification,分类与整理,pass,none,,,减法求剩余，答案正确，符合基础难度。,3支,老师让同学们把12支铅笔按颜色分类。红色铅笔有5支，蓝色铅笔有4支，其余是绿色铅笔。绿色铅笔有多少支？
hjb-primary-ds-v1-p2-105,P2,upper,short-answer,Core,hjb-primary-p2-upper-classification,分类与整理,pass,none,,,开放提问，答案覆盖多种合理问题，解释清晰。,会飞的动物比不会飞的动物少几张？9-6=3（张）,小明把一些动物卡片分成了两组：一组是会飞的动物，有6张；另一组是不会飞的动物，有9张。请你提出一个数学问题并解答。
hjb-primary-ds-v1-p2-106,P2,upper,multiple-choice,Foundation,hjb-primary-p2-upper-classification,分类与整理,pass,none,,,选项分析正确，答案唯一，解释合理。,黄色树叶比绿色树叶多7片,二（1）班同学收集了一些树叶标本，按颜色分类：红色树叶有8片，黄色树叶有12片，绿色树叶有5片。下面哪种说法是正确的？
hjb-primary-ds-v1-p2-107,P2,upper,fill-in,Core,hjb-primary-p2-upper-classification,分类与整理,pass,none,,,分类标准明确，答案覆盖多种表述，无歧义。,第一类：金鱼、鲨鱼；第二类：燕子、蝴蝶、老鹰、蜻蜓；分类标准：是否主要生活在水中,按“是否主要生活在水中”把下面的动物分成两类，并写出分类标准。动物：金鱼、燕子、蝴蝶、鲨鱼、老鹰、蜻蜓。第一类：______，第二类：______。分类标准：______。
hjb-primary-ds-v1-p2-108,P2,upper,short-answer,Foundation,hjb-primary-p2-upper-classification,分类与整理,pass,none,,,减法比较，答案正确，表述清晰。,9人,老师调查了同学们最喜欢的水果，结果如下：苹果：9人，香蕉：6人，草莓：12人，橘子：3人。请回答：最喜欢草莓的比最喜欢橘子的多几人？
hjb-primary-ds-v1-p2-109,P2,upper,multiple-choice,Core,hjb-primary-p2-upper-classification,分类与整理,pass,none,,,计数比较，答案正确，选项设计合理。,圆形,下面是一些图形：圆形、正方形、三角形、长方形、圆形、正方形、圆形、三角形。按形状分类后，哪种图形最多？
hjb-primary-ds-v1-p2-110,P2,upper,fill-in,Foundation,hjb-primary-p2-upper-classification,分类与整理,pass,none,,,单双数分类，答案正确，符合基础要求。,单数：7、9、15；双数：12、20、8,把下面的数字卡片按单数和双数分成两类。卡片：7、12、9、20、15、8。单数：______，双数：______。
hjb-primary-ds-v1-p2-111,P2,upper,short-answer,Core,hjb-primary-p2-upper-classification,分类与整理,pass,none,,,题目清晰，答案正确，符合二年级分类与整理要求。,草莓、苹果、香蕉、橘子,二（1）班同学最喜欢的水果调查结果如下：苹果有12人，香蕉有8人，草莓有15人，橘子有5人。请按照喜欢的人数从多到少排列这些水果，并写出排列顺序。
hjb-primary-ds-v1-p2-112,P2,upper,multiple-choice,Foundation,hjb-primary-p2-upper-classification,分类与整理,pass,none,,,分类标准明确，选项无歧义，答案正确。,按球类运动的种类分类,"二（1）班同学在活动课上选择自己喜欢的球类运动，每人只选一种。老师把结果整理成下表：\n\n| 球类运动 | 人数 |\n|----------|------|\n| 篮球     | 8    |\n| 足球     | 12   |\n| 乒乓球   | 10   |\n| 羽毛球   | 6    |\n\n老师是按照什么标准来分类的？"
hjb-primary-ds-v1-p2-113,P2,upper,fill-in,Core,hjb-primary-p2-upper-classification,分类与整理,pass,none,,,填空设计合理，答案准确，符合数据整理要求。,"（1）12, 8, 15, 5；（2）草莓, 橘子；（3）7","二（1）班同学最喜欢吃的水果情况如下：苹果有12人，香蕉有8人，草莓有15人，橘子有5人。\n\n（1）按照水果的种类分一分，数一数，填在下面的表格中。\n\n水果种类 | 苹果 | 香蕉 | 草莓 | 橘子\n人数     |      |      |      |\n\n（2）最喜欢吃（　　）的人数最多，最喜欢吃（　　）的人数最少。\n（3）最喜欢吃草莓的比最喜欢吃香蕉的多（　　）人。"
hjb-primary-ds-v1-p2-114,P2,upper,short-answer,Foundation,hjb-primary-p2-upper-classification,分类与整理,pass,none,,,统计表填写正确，计算无误，符合二年级水平。,"（1）跳绳：15；踢毽子：10；拍皮球：5；跑步：10\n（2）跳绳；拍皮球\n（3）40","下面是二（1）班同学最喜欢的运动项目调查结果：\n跳绳：正正正\n踢毽子：正正\n拍皮球：正\n跑步：正正\n\n（1）请根据调查结果完成下面的统计表。\n\n| 运动项目 | 人数 |\n|----------|------|\n| 跳绳     |      |\n| 踢毽子   |      |\n| 拍皮球   |      |\n| 跑步     |      |\n\n（2）最喜欢（    ）的人数最多，最喜欢（    ）的人数最少。\n（3）这个班一共有（    ）人参加了这次调查。"
hjb-primary-ds-v1-p2-115,P2,upper,multiple-choice,Core,hjb-primary-p2-upper-classification,分类与整理,pass,none,,,分类标准清晰，选项合理，答案正确。,按书的内容分类,二（1）班同学在整理图书角时，把图书分成了三类：故事书、科普书和漫画书。他们数了数，故事书有15本，科普书有8本，漫画书有12本。请问他们是用什么标准进行分类的？
hjb-primary-ds-v1-p2-116,P2,upper,fill-in,Foundation,hjb-primary-p2-upper-math-square-review,二年级上册数学广场与整理复习,pass,none,,,改错题设计合理，答案覆盖多种表述，正确指出错误。,他错在第二步用加法，应该用减法。改正：3×5=15（元），15-8=7（元）。,"小华在整理错题时发现一道题：""小明有3张5元，买文具花了8元，还剩多少元？""他列式为3×5=15（元），15+8=23（元）。请写出他错在哪里，并改正。"
hjb-primary-ds-v1-p2-117,P2,upper,short-answer,Core,hjb-primary-p2-upper-math-square-review,二年级上册数学广场与整理复习,pass,none,,,应用题步骤清晰，答案正确，符合二年级计算要求。,够，还剩7元。计算：25+8=33（元），40-33=7（元）。答：够，还剩7元。,小芳有40元，她想买一个25元的书包和一支8元的笔。她带的钱够吗？如果够，还剩多少元？请写出计算过程和答句。
hjb-primary-ds-v1-p2-118,P2,upper,multiple-choice,Foundation,hjb-primary-p2-upper-math-square-review,二年级上册数学广场与整理复习,pass,none,,,复习方法选择题，答案合理，无歧义。,把错题分类，找出错误原因，再练习同类题,下面哪种整理复习的方法最好？
hjb-primary-ds-v1-p2-119,P2,upper,fill-in,Core,hjb-primary-p2-upper-math-square-review,二年级上册数学广场与整理复习,pass,none,,,找规律题正确，答案14，规律加3，符合二年级。,14，规律是每次加3。,"在数学广场活动中，同学们玩""找规律""游戏。观察下面的数列：2，5，8，11，__，17。请填出横线上的数，并说明规律。"
hjb-primary-ds-v1-p2-120,P2,upper,short-answer,Foundation,hjb-primary-p2-upper-math-square-review,二年级上册数学广场与整理复习,pass,none,,,方向判断题，答案正确指出左右写反，改正合理。,不对，左面是北，右面是南。改正：左面是北，右面是南。,"小杰在复习方向时，写了一段话：""早晨，我面向太阳，前面是东，后面是西，左面是北，右面是南。""他写得对吗？如果不对，请改正。"
hjb-primary-ds-v1-p2-121,P2,upper,multiple-choice,Core,hjb-primary-p2-upper-math-square-review,二年级上册数学广场与整理复习,pass,none,,,错题分析题，答案正确指出混淆乘法与加法。,把乘法问题当成了加法,"小乐在整理自己的错题本时，看到一道题：""一盒巧克力有6颗，妈妈买了4盒，一共有多少颗巧克力？"" 他列的算式是6+4=10（颗）。小乐出错的原因是什么？"
hjb-primary-ds-v1-p2-122,P2,upper,fill-in,Foundation,hjb-primary-p2-upper-math-square-review,二年级上册数学广场与整理复习,pass,none,,,方向填空正确，南、西、东顺序无误。,南，西，东,小明在复习方向时，画了一个简单的方位图：他站在操场中心，面向北。他的后面是（  ），左面是（  ），右面是（  ）。请按顺序填空。
hjb-primary-ds-v1-p2-123,P2,upper,short-answer,Core,hjb-primary-p2-upper-math-square-review,二年级上册数学广场与整理复习,pass,none,,,检查方法题，答案提供两种合理方法，符合要求。,用原来的钱减去花掉的总钱数：35-(18+5)=12（元），再和剩下的钱比较。,小芳有35元，她买了一个文具盒花了18元，又买了一支笔花了5元。她想检查剩下的钱对不对，可以用两种方法。请写出其中一种检查方法。
hjb-primary-ds-v1-p2-124,P2,upper,multiple-choice,Foundation,hjb-primary-p2-upper-math-square-review,二年级上册数学广场与整理复习,pass,none,,,算式分类题，答案正确区分乘法和加法。,乘法算式：①③，加法算式：②④,复习课上，老师让同学们把下面的算式分类：① 3×5  ② 2+2+2  ③ 4×6  ④ 5+5+5。下面哪种分类是正确的？
hjb-primary-ds-v1-p2-125,P2,upper,fill-in,Core,hjb-primary-p2-upper-math-square-review,二年级上册数学广场与整理复习,pass,none,,,周期规律题，答案△正确，计算无误。,△,在数学广场活动中，小亮观察一组图形：△□○△□○△□○…… 他发现规律是每3个图形重复一次。按照这个规律，第10个图形是（  ）。
hjb-primary-ds-v1-p2-126,P2,upper,short-answer,Foundation,hjb-primary-p2-upper-math-square-review,二年级上册数学广场与整理复习,pass,none,,,应用题计算正确，检查方法合理，答案覆盖多种格式。,45 - 18 - 12 = 15（元）,小华有45元，买了一本故事书花了18元，又买了一盒彩笔花了12元。小华还剩多少元？请写出计算过程，并说说你是怎样检查的。
hjb-primary-ds-v1-p2-127,P2,upper,multiple-choice,Core,hjb-primary-p2-upper-math-square-review,二年级上册数学广场与整理复习,pass,none,,,乘法意义题，选项A正确，其他选项明显错误。,A. 3个5相加,下面哪一道题可以用“3×5”来计算？
hjb-primary-ds-v1-p2-128,P2,upper,fill-in,Foundation,hjb-primary-p2-upper-math-square-review,二年级上册数学广场与整理复习,pass,none,,,元角分换算题，答案正确，符合二年级基础。,（1）10；（2）5；（3）36,"在括号里填上合适的数：\n（1）1元＝（ ）角\n（2）50角＝（ ）元\n（3）3元6角＝（ ）角"
hjb-primary-ds-v1-p2-129,P2,upper,short-answer,Core,hjb-primary-p2-upper-math-square-review,二年级上册数学广场与整理复习,pass,none,,,方向推理正确，答案和解释一致，适合二年级。,西,小明面向东站立，他向右转两次后，面向哪个方向？请写出方向，并说明你是怎样想的。
hjb-primary-ds-v1-p2-130,P2,upper,multiple-choice,Foundation,hjb-primary-p2-upper-math-square-review,二年级上册数学广场与整理复习,pass,none,,,平均分概念清晰，选项B正确，其他选项均非平均分。,B. 把12块糖分给3个小朋友，每人4块,下面哪种分法是平均分？
hjb-primary-ds-v1-p2-131,P2,upper,fill-in,Core,hjb-primary-p2-upper-math-square-review,二年级上册数学广场与整理复习,pass,none,,,乘法应用正确，错误分析合理，答案覆盖多种表述。,6×4=24（颗），小乐把乘法问题当成了加法。,"小乐在整理自己的错题本，他发现一道题：""一盒巧克力有6颗，妈妈买了4盒，一共有多少颗？""他原来写的算式是6+4=10（颗）。请你写出正确的算式和得数，并简单说一说小乐错在哪里。"
hjb-primary-ds-v1-p2-132,P2,upper,short-answer,Foundation,hjb-primary-p2-upper-math-square-review,二年级上册数学广场与整理复习,pass,none,,,计算正确，答案和解释一致，符合生活实际。,够，还剩1元。,小丁有35元，他想买一个28元的文具盒和一支6元的笔。他带的钱够吗？如果够，还剩多少元？如果不够，还差多少元？请列式解答。
hjb-primary-ds-v1-p2-133,P2,upper,multiple-choice,Core,hjb-primary-p2-upper-math-square-review,二年级上册数学广场与整理复习,pass,none,,,方向相对性表述正确，其他选项有逻辑错误。,书店在学校的东面，学校在书店的西面。,下面哪句话在描述方向时是正确的？
hjb-primary-ds-v1-p2-134,P2,upper,fill-in,Foundation,hjb-primary-p2-upper-math-square-review,二年级上册数学广场与整理复习,pass,none,,,加法改乘法正确，答案接受两种顺序，符合二年级要求。,7×5=35,把下面的加法算式改写成乘法算式：7+7+7+7+7=______。
hjb-primary-ds-v1-p2-135,P2,upper,short-answer,Core,hjb-primary-p2-upper-math-square-review,二年级上册数学广场与整理复习,pass,none,,,排序和计算正确，答案覆盖多种格式。,15>12>9>8，多7人。,二（1）班同学参加兴趣小组的情况如下：绘画组12人，舞蹈组8人，科技组15人，书法组9人。请你把人数按从多到少的顺序排列，并回答：人数最多的组比人数最少的组多几人？
hjb-primary-ds-v1-p2-136,P2,upper,multiple-choice,Foundation,hjb-primary-p2-upper-math-square-review,二年级上册数学广场与整理复习,pass,none,,,付钱方法正确，选项分析合理，无歧义。,3张5元和3枚1元,小乐有3张5元纸币和4枚1元硬币，他想买一本18元的笔记本。下面哪种付钱方法正好够付，而且不用找钱？
hjb-primary-ds-v1-p2-137,P2,upper,fill-in,Core,hjb-primary-p2-upper-math-square-review,二年级上册数学广场与整理复习,pass,none,,,图形代换推理正确，答案唯一。,4,在下面的加法算式中，相同的图形代表相同的数字，不同的图形代表不同的数字。△ + ☆ = 10，△ + △ = 12。那么☆代表的数字是____。
hjb-primary-ds-v1-p2-138,P2,upper,short-answer,Foundation,hjb-primary-p2-upper-math-square-review,二年级上册数学广场与整理复习,pass,none,,,测量问题计算正确，答案和解释一致。,65厘米,小丽用一根长20厘米的绳子测量课桌的长边，量了3次后绳子还多出5厘米。课桌的长边是多少厘米？请写出算式和答案。
hjb-primary-ds-v1-p2-139,P2,lower,multiple-choice,Core,hjb-primary-p2-lower-division-facts,表内除法,pass,none,,,除法算式选择正确，其他选项分析到位。,24 ÷ 6 = 4,老师把24支铅笔平均分给6个小朋友，每个小朋友分到几支？下面哪个算式是正确的？
hjb-primary-ds-v1-p2-140,P2,lower,fill-in,Foundation,hjb-primary-p2-lower-division-facts,表内除法,pass,none,,,包含分问题，答案正确，接受带单位或不带单位。,6,有18个苹果，每3个装一袋，可以装____袋。
hjb-primary-ds-v1-p2-141,P2,lower,short-answer,Core,hjb-primary-p2-lower-division-facts,表内除法,pass,none,,,平均分问题，算式和答案正确，单位合理。,24÷4=6（颗）,妈妈买了24颗草莓，平均分给4个小朋友，每个小朋友分到几颗草莓？请写出除法算式和答案。
hjb-primary-ds-v1-p2-142,P2,lower,multiple-choice,Foundation,hjb-primary-p2-lower-division-facts,表内除法,pass,none,,,包含分问题，算式选择正确，解释清晰。,18÷3=6（盒）,有18支铅笔，每3支装一盒，可以装几盒？下面哪个算式是正确的？
hjb-primary-ds-v1-p2-143,P2,lower,fill-in,Core,hjb-primary-p2-lower-division-facts,表内除法,pass,none,,,根据口诀写除法算式正确，答案覆盖多种分隔符。,35÷5=7，35÷7=5,根据乘法口诀“五七三十五”，写出两个除法算式。
hjb-primary-ds-v1-p2-144,P2,lower,short-answer,Foundation,hjb-primary-p2-lower-division-facts,表内除法,pass,none,,,平均分问题，答案正确，接受多种表述。,4本,王老师把20本练习本平均分给5个小组，每个小组分到几本？
hjb-primary-ds-v1-p2-145,P2,lower,multiple-choice,Core,hjb-primary-p2-lower-division-facts,表内除法,pass,none,,,除法意义理解正确，选项分析合理。,把12个苹果平均放在3个盘子里，每个盘子放几个？,下面哪个问题可以用“12÷3”来解决？
hjb-primary-ds-v1-p2-146,P2,lower,fill-in,Foundation,hjb-primary-p2-lower-division-facts,表内除法,pass,none,,,平均分问题，算式和答案正确，单位合理。,12 ÷ 4 = 3（个）,把12个苹果平均分给4个小朋友，每个小朋友分到几个苹果？请写出除法算式。
hjb-primary-ds-v1-p2-147,P2,lower,short-answer,Core,hjb-primary-p2-lower-division-facts,表内除法,pass,none,,,题目清晰，答案正确，符合P2表内除法要求。,18 ÷ 6 = 3（袋）,妈妈买了18颗糖，每6颗装一袋，可以装几袋？请写出除法算式并回答。
hjb-primary-ds-v1-p2-148,P2,lower,multiple-choice,Foundation,hjb-primary-p2-lower-division-facts,表内除法,pass,none,,,选项A正确对应20÷5=4的平均分模型，其他选项错误，无歧义。,把20个气球平均分给5个小朋友，每人分到几个？,下面哪种情况可以用除法算式“20 ÷ 5 = 4”表示？
hjb-primary-ds-v1-p2-149,P2,lower,fill-in,Core,hjb-primary-p2-lower-division-facts,表内除法,pass,none,,,根据口诀写除法算式，答案正确，符合要求。,24 ÷ 4 = 6，24 ÷ 6 = 4,根据口诀“四六二十四”写出两道除法算式。
hjb-primary-ds-v1-p2-150,P2,lower,short-answer,Foundation,hjb-primary-p2-lower-division-facts,表内除法,pass,none,,,包含分问题，算式和答案正确。,15 ÷ 3 = 5（个）,有15个足球，每个筐放3个，需要几个筐？请写出除法算式并回答。
hjb-primary-ds-v1-p2-151,P2,lower,multiple-choice,Core,hjb-primary-p2-lower-division-facts,表内除法,pass,none,,,平均分问题，24÷6=4，选项B正确，无歧义。,4本,老师把24本故事书平均分给6个小组，每个小组分到几本？
hjb-primary-ds-v1-p2-152,P2,lower,fill-in,Foundation,hjb-primary-p2-lower-division-facts,表内除法,pass,none,,,填空设计合理，答案30÷5=6正确。,30 ÷ 5 = 6,"有30颗糖果，每个小朋友分5颗，可以分给几个小朋友？\n除法算式：30 ÷ □ = □"
hjb-primary-ds-v1-p2-153,P2,lower,short-answer,Core,hjb-primary-p2-lower-division-facts,表内除法,pass,none,,,平均分问题，18÷3=6，答案正确，acceptedAnswers覆盖常见写法。,18 ÷ 3 = 6（个）,妈妈买了18个苹果，平均放在3个盘子里，每个盘子放几个？列出除法算式并写出答案。
hjb-primary-ds-v1-p2-154,P2,lower,multiple-choice,Foundation,hjb-primary-p2-lower-division-facts,表内除法,pass,none,,,选项D正确对应“12里面有几个4”，其他选项错误，无歧义。,有12支铅笔，每4支放一盒，可以放几盒？,下面哪种情况表示“12里面有几个4”，可以用除法算式“12÷4=3”解决？
hjb-primary-ds-v1-p2-155,P2,lower,fill-in,Core,hjb-primary-p2-lower-division-facts,表内除法,pass,none,,,答案35÷5=7或35÷7=5均正确，acceptedAnswers覆盖两种可能。,35 ÷ 5 = 7,"根据口诀“五七三十五”写出一个除法算式。\n□ ÷ □ = □"
hjb-primary-ds-v1-p2-156,P2,lower,short-answer,Foundation,hjb-primary-p2-lower-division-facts,表内除法,pass,none,,,与153题类似，答案正确，acceptedAnswers充分。,18÷3=6（个）,妈妈买了18个苹果，平均放在3个盘子里，每个盘子放几个？列出除法算式，并写出得数。
hjb-primary-ds-v1-p2-157,P2,lower,multiple-choice,Core,hjb-primary-p2-lower-division-facts,表内除法,pass,none,,,包含分问题，选项A正确，其他选项为干扰项，无歧义。,24÷6=4（盒）,有24支铅笔，每6支装一盒，可以装几盒？下面哪个算式是正确的？
hjb-primary-ds-v1-p2-158,P2,lower,fill-in,Foundation,hjb-primary-p2-lower-division-facts,表内除法,pass,none,,,填空答案3正确，acceptedAnswers包含“3块”合理。,3,把12块饼干平均分给4个小朋友，每个小朋友分到___块。
hjb-primary-ds-v1-p2-159,P2,lower,short-answer,Core,hjb-primary-p2-lower-division-facts,表内除法,pass,none,,,包含分问题，20÷5=4，答案正确。,20÷5=4（个）,王老师有20本练习本，每个同学发5本，可以发给几个同学？请写出除法算式并解答。
hjb-primary-ds-v1-p2-160,P2,lower,multiple-choice,Foundation,hjb-primary-p2-lower-division-facts,表内除法,pass,none,,,选项A正确对应15÷3的平均分模型，其他选项错误。,把15个气球平均分给3个小朋友，每人分几个？,下面哪个问题表示“把15平均分成3份，求每份是多少”，可以用“15÷3”来解决？
hjb-primary-ds-v1-p2-161,P2,lower,fill-in,Core,hjb-primary-p2-lower-division-facts,表内除法,pass,none,,,平均分问题，24÷6=4，答案正确。,24÷6=4（本）,老师把24本故事书平均分给6个小组，每个小组分到几本？请写出除法算式和得数。
hjb-primary-ds-v1-p2-162,P2,lower,short-answer,Foundation,hjb-primary-p2-lower-time,时间在哪里,pass,none,,,时间计算正确，8:30过30分钟是9:00，acceptedAnswers覆盖多种表达。,9:00,小华晚上8:30开始看书，看了30分钟后去洗漱。他洗漱的时间是晚上几时几分？
hjb-primary-ds-v1-p2-163,P2,lower,multiple-choice,Core,hjb-primary-p2-lower-time,时间在哪里,pass,none,,,钟面描述正确，10:15时针在10和11之间，分针指向3。,时针指向10和11之间，分针指向3,下面哪个钟面表示的时间是10:15？
hjb-primary-ds-v1-p2-164,P2,lower,fill-in,Foundation,hjb-primary-p2-lower-time,时间在哪里,pass,none,,,填空答案8时30分正确，acceptedAnswers覆盖常见写法。,8时30分,钟面上，时针在8和9之间，分针指向6，这时是___时___分。
hjb-primary-ds-v1-p2-165,P2,lower,short-answer,Core,hjb-primary-p2-lower-time,时间在哪里,pass,none,,,计算正确，答案与解释一致，符合P2时间计算要求。,4:00,小明下午3:45放学，他走路回家用了15分钟。小明到家的时间是下午几时几分？
hjb-primary-ds-v1-p2-166,P2,lower,multiple-choice,Foundation,hjb-primary-p2-lower-time,时间在哪里,pass,none,,,钟面描述正确，选项唯一，答案8:30无误。,8:30,小明的闹钟显示：时针指向8和9之间，分针指向6。这时是什么时间？
hjb-primary-ds-v1-p2-167,P2,lower,fill-in,Core,hjb-primary-p2-lower-time,时间在哪里,pass,none,,,描述与答案匹配，10时15分正确。,10时15分,看钟面描述：时针刚过10，分针指向3。这时是___时___分。
hjb-primary-ds-v1-p2-168,P2,lower,short-answer,Foundation,hjb-primary-p2-lower-time,时间在哪里,pass,none,,,时间差计算正确，35分钟无误。,35分钟,小红下午3:10开始画画，3:45画完。她画了多长时间？
hjb-primary-ds-v1-p2-169,P2,lower,multiple-choice,Core,hjb-primary-p2-lower-time,时间在哪里,pass,none,,,选项合理，跳绳100下约1分钟，其他明显不符。,跳绳100下,下面哪件事大约需要1分钟？
hjb-primary-ds-v1-p2-170,P2,lower,fill-in,Foundation,hjb-primary-p2-lower-time,时间在哪里,pass,none,,,计算正确，8:30无误。,8时30分,小华晚上8:05开始阅读，读了25分钟。结束时间是___时___分。
hjb-primary-ds-v1-p2-171,P2,lower,short-answer,Core,hjb-primary-p2-lower-time,时间在哪里,pass,none,,,电子表读法正确，8时25分无误。,8时25分,小明的电子表显示“08:25”。请写出这个时刻的另一种读法：___时___分。
hjb-primary-ds-v1-p2-172,P2,lower,multiple-choice,Foundation,hjb-primary-p2-lower-time,时间在哪里,pass,none,,,选项A描述准确，其他错误，答案正确。,时针指向3和4之间，分针指向6,下面哪个钟面表示的时间是3时30分？
hjb-primary-ds-v1-p2-173,P2,lower,fill-in,Core,hjb-primary-p2-lower-time,时间在哪里,pass,none,,,计算正确，3时45分无误。,3时45分,小华每天下午3:15开始练琴，练了30分钟。结束时间是下午___时___分。
hjb-primary-ds-v1-p2-174,P2,lower,short-answer,Foundation,hjb-primary-p2-lower-time,时间在哪里,pass,none,,,跨天时间计算正确，10小时无误。,10小时,小红晚上9时睡觉，第二天早上7时起床。她睡了多长时间？
hjb-primary-ds-v1-p2-175,P2,lower,multiple-choice,Core,hjb-primary-p2-lower-time,时间在哪里,pass,none,,,选项合理，写名字约1分钟，其他明显不符。,写一个自己的名字,下面哪件事情大约需要1分钟？
hjb-primary-ds-v1-p2-176,P2,lower,fill-in,Foundation,hjb-primary-p2-lower-time,时间在哪里,pass,none,,,钟面描述正确，8时20分无误。,8时20分,小明的闹钟显示时针指向8和9之间，分针指向4。这时是几时几分？
hjb-primary-ds-v1-p2-177,P2,lower,short-answer,Core,hjb-primary-p2-lower-time,时间在哪里,pass,none,,,计算正确，9时45分无误。,9时45分,小丽上午9:15开始画画，画了30分钟。她画完时是什么时间？请用几时几分表示。
hjb-primary-ds-v1-p2-178,P2,lower,multiple-choice,Foundation,hjb-primary-p2-lower-time,时间在哪里,pass,none,,,选项A描述准确，其他错误，答案正确。,时针指向10和11之间，分针指向2,下面哪个钟面表示的时间是10时10分？
hjb-primary-ds-v1-p2-179,P2,lower,fill-in,Core,hjb-primary-p2-lower-time,时间在哪里,pass,none,,,描述与答案匹配，7时55分正确。,7时55分,根据描述写出时间：时针刚走过7，分针指向11。这时是___时___分。
hjb-primary-ds-v1-p2-180,P2,lower,short-answer,Foundation,hjb-primary-p2-lower-time,时间在哪里,pass,none,,,计算正确，8时45分无误。,8时45分,小东晚上8:30上床，听故事用了15分钟，然后立刻睡觉。他几点几分开始睡觉？
hjb-primary-ds-v1-p2-181,P2,lower,multiple-choice,Core,hjb-primary-p2-lower-time,时间在哪里,pass,none,,,开始时间推断正确，计算后4:55无误。,4:55,小华下午放学后看课外书，开始看书时，钟面上时针指向4和5之间，分针指向6。他看了25分钟。他看完书的时间是下面哪一个？
hjb-primary-ds-v1-p2-182,P2,lower,fill-in,Foundation,hjb-primary-p2-lower-time,时间在哪里,pass,none,,,计算正确，分针指向8无误。,8,小丽晚上练习钢琴，开始练习时，钟面上时针指向7和8之间，分针指向4。她练习了20分钟。练习结束时，钟面上分针指向数字几？
hjb-primary-ds-v1-p2-183,P2,lower,multiple-choice,Core,hjb-primary-p2-lower-time,时间在哪里,pass,none,,,题目合理，选项区分度好，答案正确，解释清晰。,系好一双鞋带,下面哪一件事情用的时间大约是1分钟？
hjb-primary-ds-v1-p2-184,P2,lower,fill-in,Foundation,hjb-primary-p2-lower-time,时间在哪里,pass,none,,,计算正确，答案格式符合要求，解释清晰。,3小时30分钟,小东上午8:15到学校，上午11:45放学。他在学校的时间是几小时几分钟？
hjb-primary-ds-v1-p2-185,P2,lower,multiple-choice,Core,hjb-primary-p2-lower-within-10000-number-sense,万以内的数,pass,none,,,题目与答案匹配，选项无歧义，解释正确。,3058,用数字卡片3、0、5、8摆出四位数，下面哪个数读作“三千零五十八”？
hjb-primary-ds-v1-p2-186,P2,lower,fill-in,Foundation,hjb-primary-p2-lower-within-10000-number-sense,万以内的数,pass,none,,,写作和读作均正确，解释到位。,3052，三千零五十二,一个数由3个千、0个百、5个十和2个一组成，这个数写作______，读作______。
hjb-primary-ds-v1-p2-187,P2,lower,multiple-choice,Core,hjb-primary-p2-lower-within-10000-number-sense,万以内的数,pass,none,,,选项设置合理，答案唯一，解释正确。,4800,下面四个数中，一个零都不读的是哪一个？
hjb-primary-ds-v1-p2-188,P2,lower,fill-in,Foundation,hjb-primary-p2-lower-within-10000-number-sense,万以内的数,pass,none,,,最大最小数正确，解释清晰。,7420，2047,用数字卡片4、0、7、2摆出一个最大的四位数是______，摆出一个最小的四位数是______。（每个数字只能用一次）
hjb-primary-ds-v1-p2-189,P2,lower,multiple-choice,Core,hjb-primary-p2-lower-within-10000-number-sense,万以内的数,pass,none,,,比较大小正确，解释清晰。,<,比较大小：6078 ○ 6087，○里应该填什么符号？
hjb-primary-ds-v1-p2-190,P2,lower,fill-in,Foundation,hjb-primary-p2-lower-within-10000-number-sense,万以内的数,pass,none,,,写作正确，解释清晰。,2006，5800,写出下面各数：二千零六写作______，五千八百写作______。
hjb-primary-ds-v1-p2-191,P2,lower,multiple-choice,Core,hjb-primary-p2-lower-within-10000-number-sense,万以内的数,pass,none,,,答案正确，选项无歧义，解释清晰。,6049,一个数由6个千、0个百、4个十和9个一组成，这个数写作多少？
hjb-primary-ds-v1-p2-192,P2,lower,fill-in,Foundation,hjb-primary-p2-lower-within-10000-number-sense,万以内的数,pass,none,,,最大数正确，解释清晰。,8530,用数字卡片3、0、5、8摆出一个最大的四位数，这个数是______。
hjb-primary-ds-v1-p2-193,P2,lower,multiple-choice,Core,hjb-primary-p2-lower-within-10000-number-sense,万以内的数,pass,none,,,只读一个零的判断正确，解释清晰。,4008,下面四个数中，只读一个零的数是哪一个？
hjb-primary-ds-v1-p2-194,P2,lower,fill-in,Foundation,hjb-primary-p2-lower-within-10000-number-sense,万以内的数,pass,none,,,数位顺序正确，解释清晰。,千,在数位顺序表中，从右边起，第四位是______位。
hjb-primary-ds-v1-p2-195,P2,lower,multiple-choice,Core,hjb-primary-p2-lower-within-10000-number-sense,万以内的数,pass,none,,,比较大小正确，解释清晰。,<,"比较大小：在○里填上“>”“<”或“=”。\n5078 ○ 5087"
hjb-primary-ds-v1-p2-196,P2,lower,fill-in,Foundation,hjb-primary-p2-lower-within-10000-number-sense,万以内的数,pass,none,,,写作正确，解释清晰。,3058,一个数由3个千、0个百、5个十和8个一组成，这个数写作______。
hjb-primary-ds-v1-p2-197,P2,lower,multiple-choice,Core,hjb-primary-p2-lower-within-10000-number-sense,万以内的数,pass,none,,,读数与写作匹配，选项合理，解释正确。,6009,下面哪个数读作“六千零九”？
hjb-primary-ds-v1-p2-198,P2,lower,fill-in,Foundation,hjb-primary-p2-lower-within-10000-number-sense,万以内的数,pass,none,,,最大数正确，解释清晰。,7420,用数字卡片4、0、7、2摆出一个最大的四位数，这个数是______。
hjb-primary-ds-v1-p2-199,P2,lower,multiple-choice,Core,hjb-primary-p2-lower-within-10000-number-sense,万以内的数,pass,none,,,比较大小正确，解释清晰。,<,比较大小：5802 ○ 5820，○里应该填什么符号？
hjb-primary-ds-v1-p2-200,P2,lower,fill-in,Foundation,hjb-primary-p2-lower-within-10000-number-sense,万以内的数,pass,none,,,相邻数正确，解释清晰。,"3998,4000",写出与3999相邻的两个数：______和______。
hjb-primary-ds-v1-p2-201,P2,lower,multiple-choice,Core,hjb-primary-p2-lower-within-10000-number-sense,万以内的数,pass,none,,,题目逻辑正确，答案唯一，解析清晰。,3085,用数字卡片 3、0、5、8 摆出一个四位数，要求这个数只读一个零，并且千位上的数字比百位上的数字小。这个数是多少？
hjb-primary-ds-v1-p2-202,P2,lower,fill-in,Foundation,hjb-primary-p2-lower-within-10000-number-sense,万以内的数,pass,none,,,答案正确，解析到位，符合基础要求。,6049,一个数由6个千、0个百、4个十和9个一组成，这个数写作______。
hjb-primary-ds-v1-p2-203,P2,lower,multiple-choice,Core,hjb-primary-p2-lower-within-10000-number-sense,万以内的数,pass,none,,,计算正确，选项合理，答案唯一。,7012,下面四个数中，最接近7000的数是哪一个？
hjb-primary-ds-v1-p2-204,P2,lower,fill-in,Foundation,hjb-primary-p2-lower-within-10000-number-sense,万以内的数,pass,none,,,数位顺序正确，答案无误。,千,在数位顺序表中，从右边起第四位是______位。
hjb-primary-ds-v1-p2-205,P2,lower,multiple-choice,Core,hjb-primary-p2-lower-within-10000-number-sense,万以内的数,pass,none,,,比较大小逻辑正确，最大填3无误。,3,比较大小：5□28 < 5436，□里最大能填几？
hjb-primary-ds-v1-p2-206,P2,lower,fill-in,Foundation,hjb-primary-p2-lower-within-10000-number-sense,万以内的数,pass,none,,,答案3058正确，强调0占位。,3058,一个数由3个千、0个百、5个十和8个一组成，这个数写作多少？
hjb-primary-ds-v1-p2-207,P2,lower,multiple-choice,Core,hjb-primary-p2-lower-two-three-digit-add-sub,两位数与三位数的加减法,pass,none,,,减法计算正确，选项区分度好。,256 - 189 = 67（张）,小乐有256张卡片，小美有189张卡片。小乐比小美多多少张卡片？下面哪个算式和结果都正确？
hjb-primary-ds-v1-p2-208,P2,lower,fill-in,Foundation,hjb-primary-p2-lower-two-three-digit-add-sub,两位数与三位数的加减法,pass,none,,,加法计算正确，答案621无误。,621,计算：423 + 198 = ______。
hjb-primary-ds-v1-p2-209,P2,lower,multiple-choice,Core,hjb-primary-p2-lower-two-three-digit-add-sub,两位数与三位数的加减法,pass,none,,,减法计算正确，答案177无误。,345 - 168 = 177（棵）,果园里有苹果树345棵，梨树比苹果树少168棵。梨树有多少棵？下面哪个算式和结果都正确？
hjb-primary-ds-v1-p2-210,P2,lower,fill-in,Foundation,hjb-primary-p2-lower-two-three-digit-add-sub,两位数与三位数的加减法,pass,none,,,估算合理，答案900正确。,900,估算：598 + 304 大约是多少？
hjb-primary-ds-v1-p2-211,P2,lower,multiple-choice,Core,hjb-primary-p2-lower-two-three-digit-add-sub,两位数与三位数的加减法,pass,none,,,估算与精确计算匹配，答案623正确。,345 + 278 = 623,小华想计算 345 + 278。他先估算：345 接近 350，278 接近 280，350 + 280 = 630。下面哪个算式的结果最接近他的估算？
hjb-primary-ds-v1-p2-212,P2,lower,fill-in,Foundation,hjb-primary-p2-lower-two-three-digit-add-sub,两位数与三位数的加减法,pass,none,,,"竖式计算正确，答案2,6,8无误。","2,6,8",用竖式计算 506 - 238，差的百位是（    ），十位是（    ），个位是（    ）。
hjb-primary-ds-v1-p2-213,P2,lower,multiple-choice,Core,hjb-primary-p2-lower-two-three-digit-add-sub,两位数与三位数的加减法,pass,none,,,退位判断正确，432-156需连续退位。,432 - 156,下面哪道题在计算时个位和十位都需要退位？
hjb-primary-ds-v1-p2-214,P2,lower,fill-in,Foundation,hjb-primary-p2-lower-two-three-digit-add-sub,两位数与三位数的加减法,pass,none,,,估算正确，答案500无误。,500,估算 198 + 305，和大约是（    ）。
hjb-primary-ds-v1-p2-215,P2,lower,multiple-choice,Core,hjb-primary-p2-lower-two-three-digit-add-sub,两位数与三位数的加减法,pass,none,,,连减算式正确，答案唯一。,500 - 186 - 214,一根绳子长 500 厘米，先用去 186 厘米，又用去 214 厘米。下面哪个算式能正确求出剩下的长度？
hjb-primary-ds-v1-p2-216,P2,lower,fill-in,Foundation,hjb-primary-p2-lower-two-three-digit-add-sub,两位数与三位数的加减法,pass,none,,,加法计算正确，答案623无误。,623,计算：345 + 278 = ______
hjb-primary-ds-v1-p2-217,P2,lower,multiple-choice,Core,hjb-primary-p2-lower-two-three-digit-add-sub,两位数与三位数的加减法,pass,none,,,各选项计算正确，D最接近500。,D. 198 + 297,下面哪道算式的得数最接近500？
hjb-primary-ds-v1-p2-218,P2,lower,fill-in,Foundation,hjb-primary-p2-lower-two-three-digit-add-sub,两位数与三位数的加减法,pass,none,,,退位减法正确，答案245无误。,245,计算：602 - 357 = ______
hjb-primary-ds-v1-p2-219,P2,lower,multiple-choice,Core,hjb-primary-p2-lower-two-three-digit-add-sub,两位数与三位数的加减法,pass,none,,,数学正确，选项合理，解释清晰。,A. 74,小马虎计算一道加法题时，把其中一个加数45看成了54，算出的得数是83。正确的得数应该是多少？
hjb-primary-ds-v1-p2-220,P2,lower,fill-in,Foundation,hjb-primary-p2-lower-two-three-digit-add-sub,两位数与三位数的加减法,pass,none,,,估算与精确计算均正确，答案格式符合要求。,"950,945",先估算，再计算：789 + 156 ≈ ______，789 + 156 = ______
hjb-primary-ds-v1-p2-221,P2,lower,multiple-choice,Core,hjb-primary-p2-lower-two-three-digit-add-sub,两位数与三位数的加减法,pass,none,,,估算分析正确，选项描述准确。,估算结果比精确结果大，因为两个加数都估大了,小华计算 256 + 178，他先估算：256 接近 260，178 接近 180，和大约是 440。他列竖式算出结果是 434。下面哪种说法正确？
hjb-primary-ds-v1-p2-222,P2,lower,fill-in,Foundation,hjb-primary-p2-lower-two-three-digit-add-sub,两位数与三位数的加减法,pass,none,,,"退位过程正确，答案11,13符合逻辑。","11,13",用竖式计算 523 - 287，个位不够减，从十位退 1 当 10，十位是 1 不够退，要从百位退 1 到十位当 10，这时十位变成 ___，个位变成 ___。
hjb-primary-ds-v1-p2-223,P2,lower,multiple-choice,Core,hjb-primary-p2-lower-two-three-digit-add-sub,两位数与三位数的加减法,pass,none,,,计算正确，唯一选项小于500。,900 - 410,下面哪道题的得数比 500 小？
hjb-primary-ds-v1-p2-224,P2,lower,fill-in,Foundation,hjb-primary-p2-lower-two-three-digit-add-sub,两位数与三位数的加减法,pass,none,,,计算正确，答案17厘米合理。,17,一捆绳子长 100 厘米，先用去 38 厘米，又用去 45 厘米，还剩 ___ 厘米。
hjb-primary-ds-v1-p2-225,P2,lower,multiple-choice,Core,hjb-primary-p2-lower-two-three-digit-add-sub,两位数与三位数的加减法,pass,none,,,逆推正确，差为28。,28,小明做一道减法题，把减数 56 看成了 50，算出的差是 34。正确的差是多少？
hjb-primary-ds-v1-p2-226,P2,lower,fill-in,Foundation,hjb-primary-p2-lower-two-three-digit-add-sub,两位数与三位数的加减法,pass,none,,,估算与笔算均正确，答案顺序合理。,"630,630,625","计算 346 + 279，先估算，再列竖式笔算。\n估算：346 接近 350，279 接近 280，350 + 280 = ______，所以结果大约是 ______。\n笔算：\n  3 4 6\n+ 2 7 9\n______\n笔算结果是 ______。"
hjb-primary-ds-v1-p2-227,P2,lower,multiple-choice,Core,hjb-primary-p2-lower-two-three-digit-add-sub,两位数与三位数的加减法,pass,none,,,减法计算正确，选项B唯一正确。,268 - 195 = 73（张）,小丁有 268 张卡片，小亚有 195 张卡片，小丁比小亚多多少张卡片？下面哪个算式和结果都正确？
hjb-primary-ds-v1-p2-228,P2,lower,fill-in,Foundation,hjb-primary-p2-lower-two-three-digit-add-sub,两位数与三位数的加减法,pass,none,,,竖式计算与验算均正确。,"336,336,523","用竖式计算 523 - 187，并验算。\n竖式：\n  5 2 3\n- 1 8 7\n______\n验算：用差加上减数，看是否等于被减数。\n差是 ______，187 + ______ = ______，与被减数 523 相同，所以计算正确。"
hjb-primary-ds-v1-p2-229,P2,lower,multiple-choice,Core,hjb-primary-p2-lower-math-square-review,二年级下册数学广场与整理复习,pass,none,,,分类合理，选项描述清晰。,按题目类型分：除法①⑤，时间单位换算②⑥，两三位数加减法③④,"老师让同学们把下面的题目分类整理。下面哪种分法最合理？\n① 24÷4=6  ② 3时=180分  ③ 456+278=734  ④ 800-365=435  ⑤ 18÷3=6  ⑥ 1分=60秒"
hjb-primary-ds-v1-p2-230,P2,lower,fill-in,Foundation,hjb-primary-p2-lower-math-square-review,二年级下册数学广场与整理复习,pass,none,,,平方数规律正确，填25。,25,"按规律填数：1, 4, 9, 16, ______, 36。"
hjb-primary-ds-v1-p2-231,P2,lower,multiple-choice,Core,hjb-primary-p2-lower-math-square-review,二年级下册数学广场与整理复习,pass,none,,,用乘法检验除法正确。,用乘法检验：4×6=24,"小乐在复习时看到下面这道题：\n“把24块饼干平均分给6个小朋友，每人分到几块？”\n他列出了算式24÷6=4（块）。\n老师让他用另一种方法检验答案是否正确。下面哪种检验方法最合适？"
hjb-primary-ds-v1-p2-232,P2,lower,fill-in,Foundation,hjb-primary-p2-lower-math-square-review,二年级下册数学广场与整理复习,pass,none,,,规律应用正确，得56。,56,在数学广场活动中，小丁发现了一组数：2，4，8，14，22，32。他发现从第三个数开始，每个数都是前两个数的和再加2。按照这个规律，32后面的一个数是多少？
hjb-primary-ds-v1-p2-233,P2,lower,multiple-choice,Core,hjb-primary-p2-lower-math-square-review,二年级下册数学广场与整理复习,pass,none,,,时间计算正确，选项A唯一正确。,40+10=50，1小时=60分钟，60-50=10，答案是10分钟,"小胖在整理错题时，看到自己的一道错题：\n“一节课40分钟，课间休息10分钟，再加上多少分钟是1小时？”\n他原来写的答案是30分钟，被老师打了叉。\n他应该怎样改正？"
hjb-primary-ds-v1-p2-234,P2,lower,fill-in,Foundation,hjb-primary-p2-lower-math-square-review,二年级下册数学广场与整理复习,pass,none,,,分类标准明确，答案合理。,第一类是加减法，第二类是乘除法。,"小亚在复习时，把下面这些算式分成了两类。\n第一类：35+27， 62-19， 48+36\n第二类：8×7， 45÷5， 63÷9\n她分类的标准是什么？请用一句话写出来。"
hjb-primary-ds-v1-p2-235,P2,lower,multiple-choice,Core,hjb-primary-p2-lower-math-square-review,二年级下册数学广场与整理复习,pass,none,,,乘加两步计算识别正确。,一盒铅笔有6支，3盒铅笔和2支单独的铅笔，一共有多少支？,"小玲在解决一个问题：“妈妈买了3盒牛奶，每盒4元，又买了一袋面包8元。妈妈一共花了多少钱？”\n她列出了两个算式：\n① 3×4=12（元）\n② 12+8=20（元）\n她选择用乘加两步计算来解决。下面哪个问题也需要用乘加两步计算？"
hjb-primary-ds-v1-p2-236,P2,lower,fill-in,Foundation,hjb-primary-p2-lower-math-square-review,二年级下册数学广场与整理复习,pass,none,,,等分除模型名称正确。,等分除,小华在复习时看到一道题：把24个苹果平均分给6个小朋友，每个小朋友分到几个？他列式24÷6=4（个）。请你写出他用的数学模型名称。
hjb-primary-ds-v1-p2-237,P2,lower,multiple-choice,Core,hjb-primary-p2-lower-math-square-review,二年级下册数学广场与整理复习,pass,none,,,题目清晰，选项区分明确，答案正确，符合二年级包含除概念。,B. 一根绳子长18米，每3米剪一段，可以剪成几段？,下面哪一道题需要用“包含除”模型来解决？
hjb-primary-ds-v1-p2-238,P2,lower,fill-in,Foundation,hjb-primary-p2-lower-math-square-review,二年级下册数学广场与整理复习,pass,none,,,填空答案准确，接受答案覆盖合理，符合口算拆分方法。,整十数，一位数,小红计算35+28时，先算30+20=50，再算5+8=13，最后50+13=63。她用的方法是把两位数拆成____和____分别相加。
hjb-primary-ds-v1-p2-239,P2,lower,multiple-choice,Foundation,hjb-primary-p2-lower-math-square-review,二年级下册数学广场与整理复习,pass,none,,,选项B时间计算正确，其他选项错误明显，题目无歧义。,B. 电影从2:30开始，3:50结束，放映了1小时20分,下列哪个时间表示是正确的？
hjb-primary-ds-v1-p2-240,P2,lower,fill-in,Foundation,hjb-primary-p2-lower-math-square-review,二年级下册数学广场与整理复习,pass,none,,,余数最大为4，被除数34，答案正确，符合有余数除法规则。,4，34,在算式□÷5=6……△中，△最大是____，这时□是____。
hjb-primary-ds-v1-p2-241,P2,lower,multiple-choice,Foundation,hjb-primary-p2-lower-math-square-review,二年级下册数学广场与整理复习,pass,none,,,验算方法正确，选项唯一，符合除法验算逻辑。,用9×4看是否等于36,小华有36块饼干，平均分给4个小朋友，每人分到几块？他列式36÷4=9（块）。下面哪种检查方法最合适？
hjb-primary-ds-v1-p2-242,P2,lower,multiple-choice,Foundation,hjb-primary-p2-lower-math-square-review,二年级下册数学广场与整理复习,pass,none,,,错误原因分析准确，选项指向明确，符合常见错误类型。,把1时当成100分,小明做了一道题：1时20分=120分。他的错误是什么？
hjb-primary-ds-v1-p2-243,P2,lower,multiple-choice,Foundation,hjb-primary-p2-lower-math-square-review,二年级下册数学广场与整理复习,pass,none,,,加法进位过程描述正确，结果721无误，选项区分清晰。,个位3+8=11，向十位进1；十位5+6+1=12，向百位进1；百位2+4+1=7，结果是721,计算253+468时，下面哪种做法是正确的？
hjb-primary-ds-v1-p2-244,P2,lower,multiple-choice,Foundation,hjb-primary-p2-lower-math-square-review,二年级下册数学广场与整理复习,pass,none,,,平均分模型识别正确，选项A符合，其他选项为减法或包含除。,把24支铅笔平均放在3个笔筒里，每个笔筒放几支？,下面哪道题应该用“平均分”的方法解决？
hjb-primary-ds-v1-p2-245,P2,lower,multiple-choice,Foundation,hjb-primary-p2-lower-math-square-review,二年级下册数学广场与整理复习,pass,none,,,方法描述准确，选项唯一，符合退位减法口算策略。,把19分成10和9，分两次减,小丽计算56-19时，先算56-10=46，再算46-9=37。她用的方法是？
hjb-primary-ds-v1-p2-246,P2,lower,multiple-choice,Foundation,hjb-primary-p2-lower-math-square-review,二年级下册数学广场与整理复习,pass,none,,,错误原因明确，选项指向除数看错，符合题意。,把除数6看成了4,小玲在整理错题时发现一道题：把24块饼干平均分给6个小朋友，每人分几块？她写成了24÷4=6。她的错误是什么？
hjb-primary-ds-v1-p2-247,P2,lower,multiple-choice,Foundation,hjb-primary-p2-lower-math-square-review,二年级下册数学广场与整理复习,pass,none,,,检查方法合理，逆运算验证时间计算，选项唯一。,用结束时间减去开始时间看是否等于30分钟,小明做了一道题：从8:15开始看书，看了30分钟，结束时间是几时几分？他写8:15+30=8:45。下面哪种检查方法最合适？
hjb-primary-ds-v1-p2-248,P2,lower,multiple-choice,Foundation,hjb-primary-p2-lower-math-square-review,二年级下册数学广场与整理复习,pass,none,,,分类标准清晰，①③为计算，②④为单位换算，答案正确。,①和③一类，②和④一类,老师让同学们把下面的题目分类：①36÷4=9  ②2时=120分  ③45+37=82  ④10个百是1000。下面哪种分类是按“计算与单位换算”来分的？
hjb-primary-ds-v1-p2-249,P2,lower,multiple-choice,Foundation,hjb-primary-p2-lower-math-square-review,二年级下册数学广场与整理复习,pass,none,,,错误原因分析准确，关键词误导，符合低年级常见问题。,看到“一共”就用加法,小芳在复习时看到一道题：一盒巧克力有3层，每层8块，一共有多少块？她选了3+8=11。她选错模型的原因是什么？
hjb-primary-ds-v1-p2-250,P2,lower,multiple-choice,Foundation,hjb-primary-p2-lower-math-square-review,二年级下册数学广场与整理复习,pass,none,,,数位对齐要求明确，三位数减法最需注意，选项正确。,345 - 128,下面哪道题在计算时最需要注意数位对齐？
hjb-primary-ds-v1-p3-001,P3,upper,multiple-choice,Core,hjb-primary-p3-upper-review-place-value-operations,三年级上册复习与数的运算,pass,none,,,看错加数导致和增加9，计算正确，选项无歧义。,9,在计算 345 + 278 时，小马虎把 345 看成了 354，他算出的和比正确的和大多少？
hjb-primary-ds-v1-p3-002,P3,upper,fill-in,Foundation,hjb-primary-p3-upper-review-place-value-operations,三年级上册复习与数的运算,pass,none,,,简单乘除法关系，答案7正确。,7,在算式 6×□＝42 中，□里的数是____。
hjb-primary-ds-v1-p3-003,P3,upper,short-answer,Challenge,hjb-primary-p3-upper-review-place-value-operations,三年级上册复习与数的运算,pass,none,,,错中求解，多加了23，正确和777，过程合理。,777,小胖在计算一道加法题时，把一个加数个位上的6看成了9，十位上的3看成了5，结果得到的和是800。正确的和应该是多少？请写出你的思考过程。
hjb-primary-ds-v1-p3-004,P3,upper,multiple-choice,Exam,hjb-primary-p3-upper-review-place-value-operations,三年级上册复习与数的运算,pass,none,,,减法性质应用正确，456-199=456-200+1，选项唯一。,456－200＋1,下面哪个算式的结果与 456－199 的结果相等？
hjb-primary-ds-v1-p3-005,P3,upper,fill-in,Core,hjb-primary-p3-upper-review-place-value-operations,三年级上册复习与数的运算,pass,none,,,题目正确，最大四位数7520，最小四位数2057，符合位值规则。,"7520,2057",用2、5、7、0组成一个最大的四位数是____，最小的四位数是____。
hjb-primary-ds-v1-p3-006,P3,upper,short-answer,Foundation,hjb-primary-p3-upper-review-place-value-operations,三年级上册复习与数的运算,pass,none,,,题目要求说出数字意义并计算验算，答案完整正确。,234 中，2 表示 2 个百，3 表示 3 个十，4 表示 4 个一；567 中，5 表示 5 个百，6 表示 6 个十，7 表示 7 个一。计算：234 + 567 = 801。验算：801 - 567 = 234，或 801 - 234 = 567，结果正确。,计算 234 + 567 之前，先说出每个加数中每个数字表示的意义，再计算并验算。
hjb-primary-ds-v1-p3-007,P3,upper,multiple-choice,Challenge,hjb-primary-p3-upper-review-place-value-operations,三年级上册复习与数的运算,pass,none,,,错误分析合理，十位忘记进位导致513，选项唯一正确。,十位相加时忘记进位,小马虎计算 345 + 278 时，得到 513。他可能错在哪里？下面哪种说法最合理？
hjb-primary-ds-v1-p3-008,P3,upper,fill-in,Exam,hjb-primary-p3-upper-review-place-value-operations,三年级上册复习与数的运算,pass,none,,,简单乘除关系，答案9正确。,9,在算式 8 × □ = 72 中，□ 里应该填（ ）。
hjb-primary-ds-v1-p3-009,P3,upper,short-answer,Core,hjb-primary-p3-upper-review-place-value-operations,三年级上册复习与数的运算,pass,none,,,估算与精确计算步骤清晰，结果正确。,估算：598 接近 600，304 接近 300，600 + 300 = 900。精确计算：598 + 304 = 902。估算结果 900 与精确结果 902 很接近，相差 2。,先估算 598 + 304 的结果大约是多少，再精确计算，并比较估算与精确结果。
hjb-primary-ds-v1-p3-010,P3,upper,multiple-choice,Foundation,hjb-primary-p3-upper-review-place-value-operations,三年级上册复习与数的运算,pass,none,,,利用凑整巧算，选项A正确，其他错误。,456 + 200 - 2,下面哪个算式的结果与 456 + 198 相等？
hjb-primary-ds-v1-p3-011,P3,upper,fill-in,Challenge,hjb-primary-p3-upper-review-place-value-operations,三年级上册复习与数的运算,pass,none,,,分析看错数的位值变化，正确和724，答案合理。,百位不变，十位多了5个十，个位少了4个一；正确的和是724,小马虎计算 528 + 196 时，把 528 看成了 582，算出的结果是 778。他检查时想用减法验算，但不知道正确的和应该是多少。请你帮他分析：他看错的数在百位、十位、个位上分别发生了什么变化？正确的和是多少？
hjb-primary-ds-v1-p3-012,P3,upper,short-answer,Exam,hjb-primary-p3-upper-review-place-value-operations,三年级上册复习与数的运算,pass,none,,,解释乘除互逆关系，答案开放但合理，符合要求。,因为乘法和除法互为逆运算，已知积和一个乘数，可以用积除以已知乘数得到另一个乘数。例子合理即可。,小胖在计算 7 × □ = 56 时，想：因为 56 ÷ 7 = 8，所以 □ 里填 8。后来他又遇到 9 × □ = 63，他直接用 63 ÷ 9 = 7 得到答案。请你用乘除法关系解释：为什么可以用除法来求乘法算式中的未知数？再举一个你生活中的例子说明。
hjb-primary-ds-v1-p3-013,P3,upper,multiple-choice,Core,hjb-primary-p3-upper-review-place-value-operations,三年级上册复习与数的运算,pass,none,,,验算方法正确，选项A唯一正确。,A. 用 713 - 435，看是否等于 278,下面哪种验算方法可以检验 435 + 278 = 713 是否正确？
hjb-primary-ds-v1-p3-014,P3,upper,fill-in,Foundation,hjb-primary-p3-upper-review-place-value-operations,三年级上册复习与数的运算,pass,none,,,递等式计算正确，先乘后加得398。,398,用递等式计算：128 + 45 × 6
hjb-primary-ds-v1-p3-015,P3,upper,short-answer,Challenge,hjb-primary-p3-upper-review-place-value-operations,三年级上册复习与数的运算,pass,none,,,估算、计算、检验步骤完整，答案465正确。,估算：5包约125本，共约465本；计算：340 + 25 × 5 = 340 + 125 = 465（本）；检验：465 - 340 = 125，125 ÷ 5 = 25，正确。,学校图书馆原来有 340 本书，又买来 5 包新书，每包 25 本。现在图书馆一共有多少本书？请先估算结果大约是多少，再列式计算，最后用逆运算检验你的答案。
hjb-primary-ds-v1-p3-016,P3,upper,multiple-choice,Exam,hjb-primary-p3-upper-review-place-value-operations,三年级上册复习与数的运算,pass,none,,,最直接验算为逆运算，选项B正确，但需注意和应为734，题目中选项B写为734-278，与计算一致。,B. 用 734 - 278 看是否等于 456,计算 456 + 278 时，下面哪种验算方法可以最直接地判断结果是否正确？
hjb-primary-ds-v1-p3-017,P3,upper,fill-in,Core,hjb-primary-p3-upper-review-place-value-operations,三年级上册复习与数的运算,pass,none,,,填空考查乘除关系，答案“逆运算”等均可接受。,逆运算,在算式 8 × 7 = 56 中，如果忘记了 8 × 7 的结果，可以用 56 ÷ 7 来回忆。这种利用乘法和除法之间关系的方法叫做______。
hjb-primary-ds-v1-p3-018,P3,upper,short-answer,Foundation,hjb-primary-p3-upper-review-place-value-operations,三年级上册复习与数的运算,pass,none,,,多减了2要加回，正确答案325。,325,小马虎计算 523 - 198 时，错误地算成了 523 - 200 = 323，他多减了 2。正确的计算结果应该是多少？请写出你的思考过程。
hjb-primary-ds-v1-p3-019,P3,upper,multiple-choice,Challenge,hjb-primary-p3-upper-review-place-value-operations,三年级上册复习与数的运算,pass,none,,,位值理解正确，609中的6在百位，选项B正确。,B. 609 - 234,下面哪个算式中的“6”表示 6 个百？
hjb-primary-ds-v1-p3-020,P3,upper,fill-in,Exam,hjb-primary-p3-upper-review-place-value-operations,三年级上册复习与数的运算,pass,none,,,估算分析正确，精确结果503比500大。,大,估算 198 + 305 时，把 198 看作 200，把 305 看作 300，估算结果是 500。精确计算结果比 500 ______（填“大”或“小”），因为______。
hjb-primary-ds-v1-p3-021,P3,upper,short-answer,Core,hjb-primary-p3-upper-multiplication-division-extension,乘与除,pass,none,,,乘加应用，8×6+3=51，答案正确。,51本,学校图书馆新买来一批书，每班分到8本，分给6个班后还剩3本。图书馆一共买来多少本书？
hjb-primary-ds-v1-p3-022,P3,upper,multiple-choice,Foundation,hjb-primary-p3-upper-multiplication-division-extension,乘与除,pass,none,,,倍数问题，12×3=36，选项C正确，其他为常见错误。,36张,小雅有12张贴纸，小明的贴纸张数是小雅的3倍。小明有多少张贴纸？
hjb-primary-ds-v1-p3-023,P3,upper,fill-in,Challenge,hjb-primary-p3-upper-multiplication-division-extension,乘与除,pass,none,,,题目正确，答案与解释一致，符合P3乘除余数要求。,"9,2",把47颗糖果平均分给5个小朋友，每人最多分到______颗，还剩______颗。
hjb-primary-ds-v1-p3-024,P3,upper,short-answer,Exam,hjb-primary-p3-upper-multiplication-division-extension,乘与除,pass,none,,,题目正确，答案38人，计算无误。,38人,同学们去划船，每条船坐4人，他们租了9条船，结果还有2人没有上船。一共有多少人去划船？
hjb-primary-ds-v1-p3-025,P3,upper,multiple-choice,Core,hjb-primary-p3-upper-multiplication-division-extension,乘与除,pass,none,,,题目正确，24÷5=4余4，最多分给4个小朋友，选项无误。,4个,一盒巧克力有24块，每个小朋友分5块，最多可以分给几个小朋友？
hjb-primary-ds-v1-p3-026,P3,upper,fill-in,Foundation,hjb-primary-p3-upper-multiplication-division-extension,乘与除,pass,none,,,题目正确，35÷4=8余3，答案与解释一致。,"8,3",把35支铅笔平均分给4个小朋友，每个小朋友分到______支，还剩______支。
hjb-primary-ds-v1-p3-027,P3,upper,short-answer,Challenge,hjb-primary-p3-upper-multiplication-division-extension,乘与除,pass,none,,,题目正确，分掉28颗剩2颗，总30颗，符合逻辑。,30颗,一盒巧克力有6颗。妈妈买了若干盒，分给小朋友们后还剩2颗。已知分掉的巧克力颗数是28颗，妈妈一共买了多少颗巧克力？请写出算式和答案。
hjb-primary-ds-v1-p3-028,P3,upper,multiple-choice,Exam,hjb-primary-p3-upper-multiplication-division-extension,乘与除,pass,none,,,题目正确，必须知道总根数才能求班数，选项B正确。,B. 跳绳的总根数是32根,学校买来一些跳绳，每班分4根，可以分给几个班？下面哪个信息是解决问题必需的？
hjb-primary-ds-v1-p3-029,P3,upper,fill-in,Core,hjb-primary-p3-upper-multiplication-division-extension,乘与除,pass,none,,,题目正确，求4个6用乘法，算式6×4=24或4×6=24，答案覆盖全面。,"4,6,乘,6×4=24",看图填空：每行有6个点子，有这样的4行。要求一共有多少个点子，就是求______个______是多少，用______法计算，算式是______。
hjb-primary-ds-v1-p3-030,P3,upper,short-answer,Foundation,hjb-primary-p3-upper-multiplication-division-extension,乘与除,pass,none,,,题目正确，12的3倍是36，答案无误。,36张,小明有12张动物贴纸，小红的贴纸张数是小明的3倍。小红有多少张贴纸？请写出算式和答案。
hjb-primary-ds-v1-p3-031,P3,upper,multiple-choice,Challenge,hjb-primary-p3-upper-multiplication-division-extension,乘与除,pass,none,,,题目正确，45÷6=7余3，选项A正确。,她贴了 7 行，剩下 3 张,小雅有 45 张贴纸，每 6 张贴成一行。她贴了完整的行后，剩下的贴纸不够贴满一行。下面哪句话是正确的？
hjb-primary-ds-v1-p3-032,P3,upper,fill-in,Exam,hjb-primary-p3-upper-multiplication-division-extension,乘与除,pass,none,,,题目正确，8和5的最小公倍数40，答案无误。,40,一盒巧克力有 8 颗。老师买了若干盒，全部分给小朋友，每人分得 5 颗，正好分完。老师最少买了多少颗巧克力？
hjb-primary-ds-v1-p3-033,P3,upper,short-answer,Core,hjb-primary-p3-upper-multiplication-division-extension,乘与除,pass,none,,,题目正确，86÷9=9余5，最后一个书架放5本。,5,学校买来 86 本新书，每个书架放 9 本。全部放完后，最后一个书架没有放满。最后一个书架放了多少本？
hjb-primary-ds-v1-p3-034,P3,upper,multiple-choice,Foundation,hjb-primary-p3-upper-multiplication-division-extension,乘与除,pass,none,,,题目正确，24×3=72，选项C正确。,72 块,小杰有 24 块积木，小雅的积木数量是小杰的 3 倍。小雅有多少块积木？
hjb-primary-ds-v1-p3-035,P3,upper,fill-in,Challenge,hjb-primary-p3-upper-multiplication-division-extension,乘与除,pass,none,,,题目正确，3和4的最小公倍数12，答案无误。,12,用一堆小棒摆三角形，每个三角形用 3 根小棒。摆完后小棒没有剩余。如果改用这些小棒摆正方形，每个正方形用 4 根，摆完后也没有剩余。这堆小棒最少有多少根？
hjb-primary-ds-v1-p3-036,P3,upper,short-answer,Exam,hjb-primary-p3-upper-multiplication-division-extension,乘与除,pass,none,,,题目正确，97÷4=24余1，答案与解释一致。,97 ÷ 4 = 24（本）……1（本） 答：每个班分到24本，还剩1本。,学校图书馆新到一批图书，共97本。管理员想把这些书平均分给三年级的4个班，每个班能分到多少本？还剩多少本？请写出除法算式并回答。
hjb-primary-ds-v1-p3-037,P3,upper,multiple-choice,Core,hjb-primary-p3-upper-multiplication-division-extension,乘与除,pass,none,,,题目正确，求倍数用乘法，36×3正确。,36 × 3,小雅有36张贴纸，小轩的贴纸数量是小雅的3倍。小轩有多少张贴纸？正确的算式是哪一个？
hjb-primary-ds-v1-p3-038,P3,upper,fill-in,Foundation,hjb-primary-p3-upper-multiplication-division-extension,乘与除,pass,none,,,题目正确，45÷6=7余3，答案无误。,"7,3",把45颗糖果平均分给6个小朋友，每人分到____颗，还剩____颗。
hjb-primary-ds-v1-p3-039,P3,upper,short-answer,Challenge,hjb-primary-p3-upper-multiplication-division-extension,乘与除,pass,none,,,题目正确，58÷3=19余1，19÷5=3余4，解答完整。,58 ÷ 3 = 19（根）……1（米） 最多做19根。19 ÷ 5 = 3（根）……4（根） 答：每个班级分到3根，还剩4根。,用一根长58米的绳子做跳绳，每根跳绳需要3米。最多能做多少根跳绳？如果把这些跳绳平均分给5个班级，每个班级能分到几根？还剩几根？请写出完整的解答过程。
hjb-primary-ds-v1-p3-040,P3,upper,multiple-choice,Exam,hjb-primary-p3-upper-multiplication-division-extension,乘与除,pass,none,,,题目正确，24是4和6的公倍数，选项B正确。,24支,老师把一些铅笔分给小朋友，每人分4支，正好分完；如果每人分6支，也正好分完。铅笔的数量可能是多少支？
hjb-primary-ds-v1-p3-041,P3,upper,fill-in,Core,hjb-primary-p3-upper-time-measurement,时间与日程推理,pass,none,,,计算正确，答案与解释一致，无歧义。,2:55,小杰下午2:15开始做数学作业，他用了40分钟完成。完成作业的时刻是下午（ ）。
hjb-primary-ds-v1-p3-042,P3,upper,short-answer,Foundation,hjb-primary-p3-upper-time-measurement,时间与日程推理,pass,none,,,计算正确，答案与解释一致，符合要求。,3小时30分钟,小丽上午8:10到校，上午11:40放学。她上午在校多长时间？请写出计算过程。
hjb-primary-ds-v1-p3-043,P3,upper,multiple-choice,Challenge,hjb-primary-p3-upper-time-measurement,时间与日程推理,pass,none,,,计算正确，选项唯一，解释清晰。,40分钟,小宇晚上7:45开始阅读，8:25结束。他阅读了多长时间？
hjb-primary-ds-v1-p3-044,P3,upper,fill-in,Exam,hjb-primary-p3-upper-time-measurement,时间与日程推理,pass,none,,,计算正确，答案与解释一致。,4:30,一场电影从下午2:40开始，放映了1小时50分钟，结束时间是下午（ ）。
hjb-primary-ds-v1-p3-045,P3,upper,short-answer,Core,hjb-primary-p3-upper-time-measurement,时间与日程推理,pass,none,,,计算正确，答案与解释一致。,9:40,小华上午9:15从家出发去公园，路上用了25分钟。他到达公园的时刻是上午（ ）。
hjb-primary-ds-v1-p3-046,P3,upper,multiple-choice,Foundation,hjb-primary-p3-upper-time-measurement,时间与日程推理,pass,none,,,计算正确，选项唯一，解释清晰。,3:55,小杰下午2:15开始做手工，做了1小时40分钟后结束。他结束的时间是下午（ ）。
hjb-primary-ds-v1-p3-047,P3,upper,fill-in,Challenge,hjb-primary-p3-upper-time-measurement,时间与日程推理,pass,none,,,计算正确，答案与解释一致。,11时40分,小丽上午9:10从家出发去图书馆，路上用了35分钟，她在图书馆看书1小时20分钟，然后原路返回，路上时间相同。小丽回到家时是上午（ ）时（ ）分。
hjb-primary-ds-v1-p3-048,P3,upper,short-answer,Exam,hjb-primary-p3-upper-time-measurement,时间与日程推理,pass,none,,,计算正确，答案与解释一致，过程清晰。,8时50分,小宇晚上7:45开始写作业，他先用了25分钟完成数学，休息10分钟，又用了30分钟完成语文。小宇完成全部作业时是晚上几时几分？请写出你的计算过程。
hjb-primary-ds-v1-p3-049,P3,upper,multiple-choice,Core,hjb-primary-p3-upper-time-measurement,时间与日程推理,pass,none,,,计算正确，选项唯一，解释清晰。,3小时20分钟,小东上午8:30到学校，中午11:50放学。他在学校的时间是（ ）。
hjb-primary-ds-v1-p3-050,P3,upper,fill-in,Foundation,hjb-primary-p3-upper-time-measurement,时间与日程推理,pass,none,,,计算正确，答案与解释一致。,4时30分,小芳下午3:40开始练琴，练了50分钟后结束。她结束的时间是下午（ ）时（ ）分。
hjb-primary-ds-v1-p3-051,P3,upper,short-answer,Challenge,hjb-primary-p3-upper-time-measurement,时间与日程推理,pass,none,,,计算正确，答案与解释一致，过程合理。,7:57,小杰从家走到学校需要15分钟。今天他7:25从家出发，走到一半发现忘带作业本，立即原路返回家拿作业本，然后再次出发去学校。如果返回和再次出发的速度与原来相同，且拿作业本用了2分钟，小杰今天到校的时间是几时几分？
hjb-primary-ds-v1-p3-052,P3,upper,multiple-choice,Core,hjb-primary-p3-upper-time-measurement,时间与日程推理,pass,none,,,计算正确，选项唯一，解释清晰。,10:53,小丽参加学校朗诵比赛，她的上场时间是上午10:45，朗诵时长8分钟。如果前一位选手10:38结束，中间有2分钟评委打分时间，小丽朗诵结束的时间是几时几分？
hjb-primary-ds-v1-p3-053,P3,upper,fill-in,Foundation,hjb-primary-p3-upper-time-measurement,时间与日程推理,pass,none,,,计算正确，答案与解释一致。,22,一集动画片从9:15开始播放，到9:37结束。这集动画片播放了______分钟。
hjb-primary-ds-v1-p3-054,P3,upper,short-answer,Challenge,hjb-primary-p3-upper-time-measurement,时间与日程推理,pass,none,,,计算正确，答案与解释一致。,4:30,小东每天下午3:50放学，他先参加30分钟的足球训练，再花15分钟走回家。今天训练提前5分钟结束，他到家时是下午几时几分？
hjb-primary-ds-v1-p3-055,P3,upper,multiple-choice,Core,hjb-primary-p3-upper-time-measurement,时间与日程推理,pass,none,,,计算正确，选项唯一，解释清晰。,妈妈买菜用了35分钟,妈妈上午8:40出门买菜，9:15回到家。下面哪个说法是正确的？
hjb-primary-ds-v1-p3-056,P3,upper,fill-in,Foundation,hjb-primary-p3-upper-time-measurement,时间与日程推理,pass,none,,,计算正确，答案与解释一致。,8:05,小华从家走到学校需要25分钟。他早上7:40从家出发，到学校的时间是（    ）。
hjb-primary-ds-v1-p3-057,P3,upper,short-answer,Challenge,hjb-primary-p3-upper-time-measurement,时间与日程推理,pass,none,,,计算正确，答案与解释一致，过程清晰。,1小时35分钟,学校组织看电影，电影从下午2:15开始，到下午3:50结束。这场电影一共放映了多长时间？请写出计算过程。
hjb-primary-ds-v1-p3-058,P3,upper,multiple-choice,Core,hjb-primary-p3-upper-time-measurement,时间与日程推理,pass,none,,,计算正确，选项唯一，解释清晰。,10小时20分钟,小丽晚上8:30睡觉，第二天早上6:50起床。她一共睡了多长时间？
hjb-primary-ds-v1-p3-059,P3,upper,fill-in,Foundation,hjb-primary-p3-upper-time-measurement,时间与日程推理,pass,none,,,时间计算正确，8:20加40分钟得9:00，答案和解释一致。,9:00,一节课40分钟，第一节课从8:20开始，下课时间是（    ）。
hjb-primary-ds-v1-p3-060,P3,upper,short-answer,Challenge,hjb-primary-p3-upper-time-measurement,时间与日程推理,pass,none,,,90分钟=1小时30分，9:10加1小时30分得10:40，计算正确，解释清晰。,10:40,小军参加数学竞赛，竞赛时间是90分钟。如果竞赛在上午9:10开始，那么结束时间是几时几分？请写出你的思考过程。
hjb-primary-ds-v1-p3-061,P3,upper,multiple-choice,Core,hjb-primary-p3-upper-one-digit-multiplication,用一位数乘,pass,none,,,247×3=741，选项A描述正确，其他选项结果错误，无歧义。,个位 7×3=21，向十位进 2，十位 4×3=12，加进位 2 得 14，向百位进 1，百位 2×3=6，加进位 1 得 7，结果是 741,计算 247 × 3 时，下面哪种说法是正确的？
hjb-primary-ds-v1-p3-062,P3,upper,fill-in,Foundation,hjb-primary-p3-upper-one-digit-multiplication,用一位数乘,pass,none,,,305×4竖式填空，十位0×4=0，加进位2得2，答案正确。,0，2，2,在竖式计算 305 × 4 时，十位上的 0 乘 4 得（ ），然后加上个位进上来的（ ），十位应写（ ）。
hjb-primary-ds-v1-p3-063,P3,upper,short-answer,Challenge,hjb-primary-p3-upper-one-digit-multiplication,用一位数乘,pass,none,,,168×7正确计算为1176，解释清楚，答案覆盖完整。,个位8×7=56，写6进5；十位6×7=42，加进位5得47，写7进4；百位1×7=7，加进位4得11，结果是1176。,小马虎在计算 168 × 7 时，个位 8×7=56，向十位进 5，十位 6×7=42，他忘记加进位 5，直接写了 42，百位 1×7=7，最后得到 7426。请你写出正确的计算过程和结果。
hjb-primary-ds-v1-p3-064,P3,upper,multiple-choice,Core,hjb-primary-p3-upper-one-digit-multiplication,用一位数乘,pass,none,,,389×6=2334，390×6=2340最接近，选项正确。,把 389 看作 390，390×6=2340,估算 389 × 6 的结果，下面哪个估算最接近精确值？
hjb-primary-ds-v1-p3-065,P3,upper,fill-in,Foundation,hjb-primary-p3-upper-one-digit-multiplication,用一位数乘,pass,none,,,24×3竖式分解填空，答案72正确，顺序合理。,4，3，12，2，3，6，72,一箱矿泉水有 24 瓶，学校买了 3 箱。一共买了多少瓶？列竖式计算 24 × 3，先算个位（ ）×（ ）=（ ），再算十位（ ）×（ ）=（ ），结果是（ ）。
hjb-primary-ds-v1-p3-066,P3,upper,short-answer,Challenge,hjb-primary-p3-upper-one-digit-multiplication,用一位数乘,pass,none,,,307×6=1842，十位处理正确，答案和解释一致。,1842，十位上0×6=0，加上个位进上来的4，十位应写4。,"小乐计算“6 × 307”时，先估一估：6 × 300 = 1800，6 × 7 = 42，所以结果大约是1800多。他列竖式如下：\n\n    3 0 7\n×       6\n---------\n  1 8 4 2\n\n他忘了在十位上写什么？请写出正确的积，并说明十位上应该怎样处理。"
hjb-primary-ds-v1-p3-067,P3,upper,multiple-choice,Core,hjb-primary-p3-upper-one-digit-multiplication,用一位数乘,pass,none,,,估算20×8=160，精确192，合理且能帮助发现错误，选项正确。,估算：20×8=160，精确：24×8=192，192比160大一些，合理。,一箱矿泉水有24瓶，学校买了8箱。下面哪个算式先估算再精确计算，并且估算能帮助发现计算错误？
hjb-primary-ds-v1-p3-068,P3,upper,fill-in,Foundation,hjb-primary-p3-upper-one-digit-multiplication,用一位数乘,pass,none,,,208×5竖式填空，十位0×5=0，加进位4得4，答案正确。,0，4，4,在竖式计算 5 × 2 0 8 时，十位上的“0”乘5得______，再加上个位进上来的______，十位应写______。
hjb-primary-ds-v1-p3-069,P3,upper,short-answer,Challenge,hjb-primary-p3-upper-one-digit-multiplication,用一位数乘,pass,none,,,125×4=500，竖式过程正确，进位错误分析合理。,正确竖式：125×4，个位5×4=20，写0进2；十位2×4=8，加进位2得10，写0进1；百位1×4=4，加进位1得5；积为500。小丁可能十位忘了加进位2，或者进位加错位置。,小丁做了一道题：4 × 1 2 5 = 500。他检查时发现忘了进位。请你写出正确的竖式过程，并说明哪一步进位错了。
hjb-primary-ds-v1-p3-070,P3,upper,multiple-choice,Core,hjb-primary-p3-upper-one-digit-multiplication,用一位数乘,pass,none,,,4×270=1080个位为0，其他选项个位非0，正确。,4 × 270,下面哪道题的积的个位是0？
hjb-primary-ds-v1-p3-071,P3,upper,fill-in,Foundation,hjb-primary-p3-upper-one-digit-multiplication,用一位数乘,pass,none,,,236×4个位6×4=24，进2写4，答案正确。,"2,4",计算 236 × 4 时，个位 6 × 4 = 24，向十位进（  ），个位写（  ）。
hjb-primary-ds-v1-p3-072,P3,upper,short-answer,Challenge,hjb-primary-p3-upper-one-digit-multiplication,用一位数乘,pass,none,,,9:05到9:17共12分钟，8×12=96，计算正确。,96,小丁每分钟写8个大字，他从9:05写到9:17，一共写了多少个大字？请写出计算过程。
hjb-primary-ds-v1-p3-073,P3,upper,multiple-choice,Core,hjb-primary-p3-upper-one-digit-multiplication,用一位数乘,pass,none,,,403×3=1209最接近1200，其他选项距离更大，正确。,403 × 3,下面哪个算式的积最接近 1200？
hjb-primary-ds-v1-p3-074,P3,upper,fill-in,Foundation,hjb-primary-p3-upper-one-digit-multiplication,用一位数乘,pass,none,,,407×5十位0×5=0，写在十位，答案正确。,十,竖式计算 407 × 5 时，十位上的 0 × 5 得 0，这个 0 应该写在积的（  ）位上。
hjb-primary-ds-v1-p3-075,P3,upper,short-answer,Challenge,hjb-primary-p3-upper-one-digit-multiplication,用一位数乘,pass,none,,,24×8=192，192÷5=38余2，答案正确。,"38,2",一箱矿泉水有24瓶，学校买了8箱。如果每班分5瓶，最多可以分给多少个班？还剩几瓶？请写出计算过程。
hjb-primary-ds-v1-p3-076,P3,upper,multiple-choice,Core,hjb-primary-p3-upper-one-digit-multiplication,用一位数乘,pass,none,,,237×4=948，估算240×4=960≈900，选项B正确。,估算：237 × 4 ≈ 900，竖式结果：948,小乐在计算 237 × 4 时，先估算了一下，然后列竖式计算。下面哪个选项正确描述了他的估算和竖式结果？
hjb-primary-ds-v1-p3-077,P3,upper,fill-in,Foundation,hjb-primary-p3-upper-one-digit-multiplication,用一位数乘,pass,none,,,计算正确，答案与解释一致，无歧义。,3,计算 305 × 6 时，积的十位上是______。
hjb-primary-ds-v1-p3-078,P3,upper,short-answer,Challenge,hjb-primary-p3-upper-one-digit-multiplication,用一位数乘,pass,none,,,计算正确，过程清晰，答案无误。,582,小马虎在计算一道一位数乘三位数的乘法时，把乘数6看成了9，结果得到873。正确的积应该是多少？请写出过程。
hjb-primary-ds-v1-p3-079,P3,upper,multiple-choice,Core,hjb-primary-p3-upper-one-digit-multiplication,用一位数乘,pass,none,,,计算正确，选项唯一，无歧义。,1032,计算258×4，下面哪个结果正确？
hjb-primary-ds-v1-p3-080,P3,upper,fill-in,Foundation,hjb-primary-p3-upper-rectangle-square-geometry,长方形与正方形,pass,none,,,周长计算正确，答案无误。,26,一个长方形花坛，长是8米，宽是5米。小明沿着花坛边缘走了一圈，他一共走了______米。
hjb-primary-ds-v1-p3-081,P3,upper,short-answer,Challenge,hjb-primary-p3-upper-rectangle-square-geometry,长方形与正方形,pass,none,,,正方形边长计算正确，答案合理。,10厘米,小杰用一根长40厘米的绳子在桌面上围了一个长方形，这个长方形的长是12厘米。他保持绳子长度不变，又围了一个正方形。请问正方形的边长是多少厘米？请写出你的思考过程。
hjb-primary-ds-v1-p3-082,P3,upper,multiple-choice,Core,hjb-primary-p3-upper-rectangle-square-geometry,长方形与正方形,pass,none,,,选项唯一正确，解释合理。,正方形的四条边都相等，四个角都是直角。,下面哪个说法是正确的？
hjb-primary-ds-v1-p3-083,P3,upper,fill-in,Foundation,hjb-primary-p3-upper-rectangle-square-geometry,长方形与正方形,pass,none,,,与080题重复，但内容正确，无问题。,26,一个长方形花坛，长8米，宽5米。小明沿着花坛边缘走了一圈，他一共走了______米。
hjb-primary-ds-v1-p3-084,P3,upper,short-answer,Challenge,hjb-primary-p3-upper-rectangle-square-geometry,长方形与正方形,pass,none,,,拼法正确，周长计算无误。,30厘米,用两个完全相同的长方形拼成一个大长方形，每个小长方形的长是7厘米，宽是4厘米。如果拼成的大长方形周长最短，应该怎样拼？请计算最短周长是多少厘米。
hjb-primary-ds-v1-p3-085,P3,upper,multiple-choice,Core,hjb-primary-p3-upper-rectangle-square-geometry,长方形与正方形,pass,none,,,周长增加量计算正确，选项唯一。,8厘米,一个正方形的边长增加2厘米后，周长增加了多少厘米？
hjb-primary-ds-v1-p3-086,P3,upper,fill-in,Foundation,hjb-primary-p3-upper-rectangle-square-geometry,长方形与正方形,pass,none,,,周长计算正确，答案无误。,26,一个长方形，长是8厘米，宽是5厘米。它的周长是______厘米。
hjb-primary-ds-v1-p3-087,P3,upper,short-answer,Challenge,hjb-primary-p3-upper-rectangle-square-geometry,长方形与正方形,pass,none,,,宽的计算正确，过程清晰。,4,用一根铁丝正好围成一个边长是6厘米的正方形。如果把这根铁丝改围成一个长是8厘米的长方形，这个长方形的宽是多少厘米？
hjb-primary-ds-v1-p3-088,P3,upper,multiple-choice,Core,hjb-primary-p3-upper-rectangle-square-geometry,长方形与正方形,pass,none,,,正方形定义准确，选项唯一正确。,四条边都相等且四个角都是直角的四边形,下面哪个图形一定是正方形？
hjb-primary-ds-v1-p3-089,P3,upper,fill-in,Foundation,hjb-primary-p3-upper-rectangle-square-geometry,长方形与正方形,pass,none,,,周长和圈数计算正确。,108,一个正方形花坛，边长是9米。小明沿着花坛边缘走了3圈，他一共走了______米。
hjb-primary-ds-v1-p3-090,P3,upper,short-answer,Challenge,hjb-primary-p3-upper-rectangle-square-geometry,长方形与正方形,pass,none,,,两种拼法周长计算正确，答案完整。,36厘米或30厘米,把两个完全相同的长方形拼成一个大长方形。每个小长方形的长是7厘米，宽是4厘米。拼成的大长方形的周长可能是多少厘米？请写出所有可能的情况。
hjb-primary-ds-v1-p3-091,P3,upper,multiple-choice,Core,hjb-primary-p3-upper-rectangle-square-geometry,长方形与正方形,pass,none,,,长方形性质描述正确，选项唯一。,长方形有4条边，对边相等，4个角都是直角。,下面哪句话一定正确？
hjb-primary-ds-v1-p3-092,P3,upper,fill-in,Foundation,hjb-primary-p3-upper-rectangle-square-geometry,长方形与正方形,pass,none,,,与086题重复，但内容正确。,26,一个长方形，长是8厘米，宽是5厘米。它的周长是____厘米。
hjb-primary-ds-v1-p3-093,P3,upper,short-answer,Challenge,hjb-primary-p3-upper-rectangle-square-geometry,长方形与正方形,pass,none,,,答案开放但合理，acceptedAnswers覆盖多种组合。,长11厘米宽1厘米，长10厘米宽2厘米，长9厘米宽3厘米，长8厘米宽4厘米，长7厘米宽5厘米（任选两种）,用一根长24厘米的铁丝围成一个长方形，这个长方形的长和宽都是整厘米数。请写出两种不同的围法，并说明每种围法的长和宽各是多少厘米。
hjb-primary-ds-v1-p3-094,P3,upper,multiple-choice,Core,hjb-primary-p3-upper-rectangle-square-geometry,长方形与正方形,pass,none,,,周长和圈数计算正确，选项唯一。,48米,一个正方形花坛，边长是6米。小明沿着花坛边缘走了2圈，他一共走了多少米？
hjb-primary-ds-v1-p3-095,P3,upper,fill-in,Foundation,hjb-primary-p3-upper-rectangle-square-geometry,长方形与正方形,pass,none,,,题目正确，正方形特征描述准确，答案与解释一致。,"4,4,相等,直",一个正方形有____条边，____个角，所有的边都____，所有的角都是____角。
hjb-primary-ds-v1-p3-096,P3,upper,short-answer,Challenge,hjb-primary-p3-upper-rectangle-square-geometry,长方形与正方形,pass,none,,,题目正确，周长计算无误，答案9厘米合理，解释清晰。,9厘米,小宇用一根长36厘米的绳子在钉板上围图形。他先围成一个长方形，长是10厘米。接着他把绳子拉直，重新围成一个正方形。这个正方形的边长是多少厘米？请写出你的思考过程。
hjb-primary-ds-v1-p3-097,P3,upper,multiple-choice,Core,hjb-primary-p3-upper-rectangle-square-geometry,长方形与正方形,pass,none,,,题目正确，小棒根数计算无误，D选项周长最长，答案与解释一致。,D,下面哪个图形的周长最长？四个图形都是用同样长的小棒拼成的：A. 一个长方形，长边用4根小棒，短边用2根小棒；B. 一个正方形，每边用3根小棒；C. 一个长方形，长边用5根小棒，短边用1根小棒；D. 一个正方形，每边用4根小棒。
hjb-primary-ds-v1-p3-098,P3,upper,fill-in,Foundation,hjb-primary-p3-upper-rectangle-square-geometry,长方形与正方形,pass,none,,,题目正确，长方形周长计算无误，答案26厘米合理。,26,一个长方形的长是8厘米，宽是5厘米，它的周长是______厘米。
hjb-primary-ds-v1-p3-099,P3,upper,short-answer,Challenge,hjb-primary-p3-upper-fraction-introduction,分数的初步认识,pass,none,,,题目正确，分数表示准确，分母分子含义解释清晰。,3/8,妈妈把一张圆饼平均分成了8块。弟弟吃了其中的3块。弟弟吃了这张饼的几分之几？请用分数表示，并说明分母和分子各表示什么。
hjb-primary-ds-v1-p3-100,P3,upper,multiple-choice,Core,hjb-primary-p3-upper-fraction-introduction,分数的初步认识,pass,none,,,题目正确，强调平均分，B选项符合1/4，其他选项均非平均分。,B,下面哪幅图里的涂色部分可以用1/4表示？A. 一个正方形被分成4个大小不同的小块，涂了其中1块；B. 一个圆形被平均分成4份，涂了其中1份；C. 一个长方形被分成4个三角形，其中1个三角形涂色，但这4个三角形大小不完全相同；D. 一条线段被分成4段，其中1段涂色，但4段长度不相等。
hjb-primary-ds-v1-p3-101,P3,upper,fill-in,Foundation,hjb-primary-p3-upper-fraction-introduction,分数的初步认识,pass,none,,,题目正确，对折两次平均分成4份，每份1/4，读作四分之一。,四分之一，四分之一,把一张圆形纸片对折两次，沿折痕剪开，得到大小一样的4份。每份是这张纸的（    ），读作（    ）。
hjb-primary-ds-v1-p3-102,P3,upper,short-answer,Challenge,hjb-primary-p3-upper-fraction-introduction,分数的初步认识,pass,none,,,题目正确，分数计算无误，理由充分，答案与解释一致。,小红分到5/12，小明分到7/12。理由：整体是12个橘子，平均分成12份，每份1个。小红分到5个，就是5份，所以是5/12；小明分到7个，就是7份，所以是7/12。,妈妈买回12个同样大小的橘子，全部分给小红和小明。小红分到5个，小明分到7个。小红分到的橘子占全部的几分之几？小明分到的占全部的几分之几？请写出分数并说明理由。
hjb-primary-ds-v1-p3-103,P3,upper,multiple-choice,Core,hjb-primary-p3-upper-fraction-introduction,分数的初步认识,pass,none,,,题目正确，只有对折两次是平均分，符合1/4，其他选项未说明平均分。,把一张长方形纸对折两次，沿折痕剪开，取其中1份。,下面哪种情况可以用1/4表示？
hjb-primary-ds-v1-p3-104,P3,upper,fill-in,Foundation,hjb-primary-p3-upper-fraction-introduction,分数的初步认识,pass,none,,,题目正确，平均分成9份涂4份，分数4/9，读作九分之四。,九分之四，九分之四,"用分数表示涂色部分。\n一个正方形被平均分成9个小方格，其中4个小方格涂色。涂色部分占整个正方形的（    ），这个分数读作（    ）。"
hjb-primary-ds-v1-p3-105,P3,upper,short-answer,Challenge,hjb-primary-p3-upper-fraction-introduction,分数的初步认识,pass,none,,,题目正确，分数计算无误，思考过程清晰，答案2/3合理。,第一次取走2/6，即1/3。剩下4/6，即2/3。第二次取走剩下的一半，即2/3的一半，是1/3。两次一共取走1/3+1/3=2/3。所以一共取走2/3。,小华有一根彩带，他先把彩带平均分成6段，取走2段；又把剩下的部分平均分成2段，取走1段。小华两次一共取走的彩带占原来整根彩带的几分之几？请写出你的思考过程。
hjb-primary-ds-v1-p3-106,P3,upper,multiple-choice,Core,hjb-primary-p3-upper-fraction-introduction,分数的初步认识,pass,none,,,题目正确，对折两次分成4份，每份1/4，选项无误。,4份，每份是1/4,小丽把一张圆形纸片对折两次后展开，纸片被平均分成了几份？每份是这张纸片的几分之几？
hjb-primary-ds-v1-p3-107,P3,upper,fill-in,Foundation,hjb-primary-p3-upper-fraction-introduction,分数的初步认识,pass,none,,,题目正确，平均分8块吃3块，分数3/8无误。,3/8,把一块蛋糕平均分成8块，小华吃了其中的3块。小华吃了这块蛋糕的几分之几？请用分数表示。
hjb-primary-ds-v1-p3-108,P3,upper,short-answer,Challenge,hjb-primary-p3-upper-fraction-introduction,分数的初步认识,pass,none,,,题目正确，对折后剪开得3段，每段占1/4，解释合理。,3段，其中一段是原来绳子的1/4,一根绳子对折一次后，从中间剪开，得到几段？其中一段是原来绳子的几分之一？请写出你的思考过程。
hjb-primary-ds-v1-p3-109,P3,upper,multiple-choice,Core,hjb-primary-p3-upper-fraction-introduction,分数的初步认识,pass,none,,,题目正确，只有圆形平均分成3个扇形符合1/3，其他选项未平均分。,一个圆形被分成3个相等的扇形，其中一个涂色,下面哪个图形中的涂色部分可以用1/3表示？
hjb-primary-ds-v1-p3-110,P3,upper,fill-in,Foundation,hjb-primary-p3-upper-fraction-introduction,分数的初步认识,pass,none,,,题目正确，平均分5份涂2份，分数2/5无误。,2/5,用分数表示涂色部分：一个长方形被平均分成5份，涂色部分占其中的2份。涂色部分是这个长方形的几分之几？
hjb-primary-ds-v1-p3-111,P3,upper,short-answer,Challenge,hjb-primary-p3-upper-fraction-introduction,分数的初步认识,pass,none,,,题目正确，分数加法无误，两人共吃5/8。,八分之五,妈妈把一张圆形的饼平均分成了8块。小丽吃了其中的3块，小强吃了其中的2块。两人一共吃了这张饼的几分之几？
hjb-primary-ds-v1-p3-112,P3,upper,multiple-choice,Core,hjb-primary-p3-upper-fraction-introduction,分数的初步认识,pass,none,,,题目正确，强调平均分，只有蛋糕平均分3份符合1/3。,把一块蛋糕平均分成3份，取其中的1份,下面哪种情况可以用分数三分之一表示？
hjb-primary-ds-v1-p3-113,P3,upper,fill-in,Foundation,hjb-primary-p3-upper-fraction-introduction,分数的初步认识,pass,none,,,题目正确，答案和解释均无误，符合三年级分数初步认识要求。,六、一,把一条彩带平均分成6段，每段是这条彩带的（    ）分之（    ）。
hjb-primary-ds-v1-p3-114,P3,upper,short-answer,Challenge,hjb-primary-p3-upper-fraction-introduction,分数的初步认识,pass,none,,,题目正确，答案9颗，解释清晰，符合三年级分数应用要求。,9颗,小明有一盒巧克力，共12颗。他打算把其中的四分之三送给好朋友。他需要送出多少颗巧克力？
hjb-primary-ds-v1-p3-115,P3,upper,multiple-choice,Core,hjb-primary-p3-upper-fraction-introduction,分数的初步认识,pass,none,,,选项设计合理，正确选项明确，其他选项均有错误，符合分数概念考查。,把一个正方形平均分成8份，涂色部分占3份,下面哪个分数表示的是八分之三？
hjb-primary-ds-v1-p3-116,P3,upper,fill-in,Foundation,hjb-primary-p3-upper-fraction-introduction,分数的初步认识,pass,none,,,题目正确，答案3/8，解释合理，符合分数初步认识。,3/8,妈妈把一块圆形蛋糕平均切成了8块，小丽吃了其中的3块。小丽吃了这块蛋糕的几分之几？
hjb-primary-ds-v1-p3-117,P3,upper,short-answer,Challenge,hjb-primary-p3-upper-fraction-introduction,分数的初步认识,pass,none,,,题目正确，答案2/5，解释清晰，符合分数意义考查。,2/5,小明有一根彩带，他把它平均剪成了5段，每段长度都相等。他用了其中的2段来包装礼物。请用分数表示他用了这根彩带的几分之几，并说明分母和分子分别表示什么。
hjb-primary-ds-v1-p3-118,P3,upper,multiple-choice,Core,hjb-primary-p3-upper-math-square-review,三年级上册数学广场与整理复习,pass,none,,,规律简单，答案20根正确，选项无歧义，符合三年级规律探索。,20根,在数学广场活动中，老师让同学们用同样长的小棒摆图形。小华摆了1个正方形，小丽摆了2个正方形，小明摆了3个正方形，这些正方形都是单独分开的。摆1个正方形需要4根小棒，摆2个正方形需要8根小棒，摆3个正方形需要12根小棒。按照这样的规律，摆5个正方形需要多少根小棒？
hjb-primary-ds-v1-p3-119,P3,upper,fill-in,Foundation,hjb-primary-p3-upper-math-square-review,三年级上册数学广场与整理复习,pass,none,,,答案和解释正确，acceptedAnswers覆盖合理，符合错题分析要求。,错误原因：乘法口诀记错，四九三十六，所以36÷4=9，不是8。正确的商是9。,在整理复习时，小马虎做了一道题：36÷4=8。他的错误原因是什么？正确的商应该是多少？
hjb-primary-ds-v1-p3-120,P3,upper,short-answer,Challenge,hjb-primary-p3-upper-math-square-review,三年级上册数学广场与整理复习,pass,none,,,题目正确，答案96本，解释清晰，符合三年级倍数应用。,96本,学校图书馆新买来一批书，其中故事书有48本，科技书的本数是故事书的3倍。科技书比故事书多多少本？请写出你的思考过程。
hjb-primary-ds-v1-p3-121,P3,upper,multiple-choice,Core,hjb-primary-p3-upper-math-square-review,三年级上册数学广场与整理复习,pass,none,,,运算顺序考查，答案28正确，选项包含常见错误，设计合理。,28,小胖在整理错题时发现，计算 25 + 15 ÷ 5 时，他先算了加法，得到了 8。正确的得数应该是多少？
hjb-primary-ds-v1-p3-122,P3,upper,fill-in,Foundation,hjb-primary-p3-upper-math-square-review,三年级上册数学广场与整理复习,pass,none,,,规律正确，答案16根，解释清晰，符合三年级找规律。,16,在数学广场活动中，同学们用火柴棒摆正方形。摆1个正方形需要4根火柴棒，摆2个正方形需要7根火柴棒，摆3个正方形需要10根火柴棒。照这样摆下去，摆5个正方形需要多少根火柴棒？
hjb-primary-ds-v1-p3-123,P3,upper,short-answer,Challenge,hjb-primary-p3-upper-math-square-review,三年级上册数学广场与整理复习,pass,none,,,对折问题正确，答案64厘米，解释清晰，acceptedAnswers覆盖合理。,不正确。对折3次，绳子被平均分成8段，每段8厘米，原来长 8 × 8 = 64（厘米）。,小丁丁在整理复习时，发现一道题：把一根绳子对折3次后，每段长8厘米。这根绳子原来长多少厘米？他列式为 8 × 3 = 24（厘米）。他的解答正确吗？如果不正确，请写出正确的解答过程。
hjb-primary-ds-v1-p3-124,P3,upper,multiple-choice,Core,hjb-primary-p3-upper-math-square-review,三年级上册数学广场与整理复习,pass,none,,,选项设计合理，正确选项C，其他选项错误明显，符合倍数应用。,120 × 3 - 15,在整理复习课上，老师让同学们选择合适的方法解决下面的问题：学校图书馆有故事书120本，科技书比故事书的3倍少15本。科技书有多少本？下面哪种方法正确？
hjb-primary-ds-v1-p3-125,P3,upper,fill-in,Foundation,hjb-primary-p3-upper-math-square-review,三年级上册数学广场与整理复习,pass,none,,,规律正确，答案36，解释清晰，符合三年级探索规律。,36,在数学广场的探索活动中，小亚发现一个规律：1+3=4，1+3+5=9，1+3+5+7=16。按照这个规律，1+3+5+7+9+11 的结果是多少？
hjb-primary-ds-v1-p3-126,P3,upper,short-answer,Challenge,hjb-primary-p3-upper-math-square-review,三年级上册数学广场与整理复习,pass,none,,,策略名称和解释正确，acceptedAnswers覆盖多种表述，合理。,拆分法（或数的分解法），将238拆成200、30和8分别乘4再相加。,小丁在整理错题时发现一道题：计算 238 × 4 时，他先算 200 × 4 = 800，再算 30 × 4 = 120，最后算 8 × 4 = 32，然后相加得到 952。他用的策略是什么？请用一句话说明，并写出这种策略的名称。
hjb-primary-ds-v1-p3-127,P3,upper,multiple-choice,Core,hjb-primary-p3-upper-math-square-review,三年级上册数学广场与整理复习,pass,none,,,选项设计合理，正确选项明确，符合估算策略考查。,检查 612 ÷ 6 的商是否大约为 100,下面哪种情况最适合用“先估算再精确计算”的策略？
hjb-primary-ds-v1-p3-128,P3,upper,fill-in,Foundation,hjb-primary-p3-upper-math-square-review,三年级上册数学广场与整理复习,pass,none,,,答案逆运算正确，acceptedAnswers覆盖合理，符合乘除关系。,逆运算,在计算 56 ÷ 7 时，可以想乘法口诀“七八五十六”，这里用到了除法和乘法的关系。这种关系叫做________。
hjb-primary-ds-v1-p3-129,P3,upper,short-answer,Core,hjb-primary-p3-upper-math-square-review,三年级上册数学广场与整理复习,pass,none,,,策略名称和解释正确，acceptedAnswers覆盖多种表述，合理。,凑整法（或加整减补法），把28看作30，多加了2，所以再减去2。,小胖在计算 45 + 28 时，先算 45 + 30 = 75，再减去 2 得到 73。他用的策略是什么？请写出策略名称，并说明为什么这样算。
hjb-primary-ds-v1-p3-130,P3,upper,multiple-choice,Foundation,hjb-primary-p3-upper-math-square-review,三年级上册数学广场与整理复习,pass,none,,,选项设计合理，正确选项明确，符合整理复习方法。,把错题按类型分类，并写出错因,下面哪一项是整理复习时常用的好方法？
hjb-primary-ds-v1-p3-131,P3,upper,fill-in,Core,hjb-primary-p3-upper-math-square-review,三年级上册数学广场与整理复习,pass,none,,,规律正确，第10个数计算无误，答案55准确。,55,在数学广场探索中，小丁发现了一个规律：1，1，2，3，5，8，13，21，… 按照这个规律，第10个数是____。
hjb-primary-ds-v1-p3-132,P3,upper,short-answer,Foundation,hjb-primary-p3-upper-math-square-review,三年级上册数学广场与整理复习,pass,none,,,运算顺序正确，计算过程和结果无误，答案覆盖全面。,36+64÷8=36+8=44,小胖在整理错题时发现，计算 36+64÷8 时，他先算了加法得到100，再除以8得到12.5，但这是错误的。请你写出正确的计算过程和结果。
hjb-primary-ds-v1-p3-133,P3,upper,multiple-choice,Core,hjb-primary-p3-upper-math-square-review,三年级上册数学广场与整理复习,pass,none,,,列式正确，选项唯一，无歧义。,25×4-68,学校图书馆买来4包新书，每包25本，借出68本后，还剩多少本？正确的列式是（ ）。
hjb-primary-ds-v1-p3-134,P3,upper,fill-in,Foundation,hjb-primary-p3-upper-math-square-review,三年级上册数学广场与整理复习,pass,none,,,正方形周长公式应用正确，计算无误。,32,在整理复习中，小亚发现一道题：一个正方形的边长是8厘米，它的周长是____厘米。
hjb-primary-ds-v1-p3-135,P3,upper,short-answer,Core,hjb-primary-p3-upper-math-square-review,三年级上册数学广场与整理复习,pass,none,,,解题步骤清晰，答案正确，acceptedAnswers覆盖多种表达。,每个盘子放6个。,妈妈买了3盒鸡蛋，每盒有10个。做蛋糕用掉了18个，剩下的鸡蛋平均放在2个盘子里，每个盘子放几个？请写出你的思考过程。
hjb-primary-ds-v1-p3-136,P3,upper,multiple-choice,Foundation,hjb-primary-p3-upper-math-square-review,三年级上册数学广场与整理复习,pass,none,,,方法描述准确，选项B唯一正确，无歧义。,B. 拆分乘数再相加,小丁在整理数学笔记时发现，计算“36×5”时，他先算“30×5=150”，再算“6×5=30”，最后把两部分相加得到180。小丁用的方法是（ ）。
hjb-primary-ds-v1-p3-137,P3,lower,fill-in,Core,hjb-primary-p3-lower-review-multiplication-division,三年级下册复习与乘除运算,pass,none,,,填空内容正确，acceptedAnswers考虑了不同分隔符。,12，12，12,计算48÷4时，可以想：48里面有（ ）个4，商是（ ）。用乘法验算：（ ）×4=48。
hjb-primary-ds-v1-p3-138,P3,lower,short-answer,Foundation,hjb-primary-p3-lower-review-multiplication-division,三年级下册复习与乘除运算,pass,none,,,解释合理，方法正确，答案表述清晰。,小胖把72拆成60和12，分别除以3再相加，因为60和12都是3的倍数，这样口算更简便。,小胖计算 72÷3 时，先算 60÷3=20，再算 12÷3=4，最后 20+4=24。请你说一说小胖为什么这样算，这样算有什么好处？
hjb-primary-ds-v1-p3-139,P3,lower,multiple-choice,Core,hjb-primary-p3-lower-review-multiplication-division,三年级下册复习与乘除运算,pass,none,,,估算依据正确，选项A最接近80，无歧义。,A. 79÷4,下面哪个算式估算时，把被除数看作80最合适？
hjb-primary-ds-v1-p3-140,P3,lower,fill-in,Foundation,hjb-primary-p3-lower-review-multiplication-division,三年级下册复习与乘除运算,pass,none,,,计算和验算正确，答案格式合理。,12，12,计算96÷8时，商是（ ）。用乘法验算：（ ）×8=96。
hjb-primary-ds-v1-p3-141,P3,lower,short-answer,Core,hjb-primary-p3-lower-review-multiplication-division,三年级下册复习与乘除运算,pass,none,,,估算与精确计算差异解释正确，acceptedAnswers覆盖多种表述。,因为把238看成了240，多算了2个7，也就是多算了14，所以估算结果比精确结果大14。,小杰计算 238 × 7 时，先估一估，他这样想：238 接近 240，240 × 7 = 1680，所以结果大约是 1680。接着他用竖式算出 238 × 7 = 1666。请你说一说，为什么他的估算结果比精确结果大一些？
hjb-primary-ds-v1-p3-142,P3,lower,multiple-choice,Foundation,hjb-primary-p3-lower-review-multiplication-division,三年级下册复习与乘除运算,pass,none,,,题目要求估算，选项A明确问“大约”，其他为精确计算，选择正确。,A. 学校图书馆有6个书架，每个书架放128本书，大约有多少本书？,下面哪一道题用“先估算，再精确计算”的方法最合适？
hjb-primary-ds-v1-p3-143,P3,lower,fill-in,Core,hjb-primary-p3-lower-review-multiplication-division,三年级下册复习与乘除运算,pass,none,,,计算和验算均正确，acceptedAnswers考虑了不同写法。,152；152 × 3 = 456,"计算 456 ÷ 3，并验算。\n456 ÷ 3 = ______\n验算：______"
hjb-primary-ds-v1-p3-144,P3,lower,short-answer,Foundation,hjb-primary-p3-lower-review-multiplication-division,三年级下册复习与乘除运算,pass,none,,,方法正确，解释合理，答案覆盖多种表述。,对，因为她把84分成80和4，分别除以4，再把商加起来，就是21。,小芳在计算 84 ÷ 4 时，想：80 ÷ 4 = 20，4 ÷ 4 = 1，所以 84 ÷ 4 = 21。她用的方法对吗？为什么？
hjb-primary-ds-v1-p3-145,P3,lower,multiple-choice,Core,hjb-primary-p3-lower-review-multiplication-division,三年级下册复习与乘除运算,pass,none,,,验算方法正确，选项A唯一正确。,A. 63 × 5 = 315,下面哪个验算方法可以判断 315 ÷ 5 = 63 是否正确？
hjb-primary-ds-v1-p3-146,P3,lower,fill-in,Foundation,hjb-primary-p3-lower-review-multiplication-division,三年级下册复习与乘除运算,pass,none,,,填空内容正确，acceptedAnswers考虑了不同分隔符。,16，16,计算48÷3时，可以想：3×（ ）=48，所以48÷3=（ ）。
hjb-primary-ds-v1-p3-147,P3,lower,short-answer,Core,hjb-primary-p3-lower-review-multiplication-division,三年级下册复习与乘除运算,pass,none,,,验算方法正确，解释合理，答案覆盖多种表述。,对，因为除法可以用乘法验算，商乘除数等于被除数。,小丁计算 126 ÷ 7 时，用乘法验算：18 × 7 = 126，所以他认为自己算对了。他验算的方法对吗？为什么？
hjb-primary-ds-v1-p3-148,P3,lower,multiple-choice,Foundation,hjb-primary-p3-lower-review-multiplication-division,三年级下册复习与乘除运算,pass,none,,,估算方法合理，选项A最接近，无歧义。,A. 估算 82 ÷ 4 时，把 82 看作 80，80 ÷ 4 = 20,下面哪道题的估算方法最合理？
hjb-primary-ds-v1-p3-149,P3,lower,fill-in,Core,hjb-primary-p3-lower-review-multiplication-division,三年级下册复习与乘除运算,pass,none,,,题目清晰，答案拆分法符合沪教版三年级乘法分配律的常用说法，无错误。,拆分法,在计算 75 × 6 时，小胖先算 70 × 6 = 420，再算 5 × 6 = 30，最后把两个积相加。他用的方法是（    ）。
hjb-primary-ds-v1-p3-150,P3,lower,short-answer,Foundation,hjb-primary-p3-lower-review-multiplication-division,三年级下册复习与乘除运算,pass,none,,,计算正确，验算方法符合要求，答案格式覆盖多种写法，无问题。,168 ÷ 6 = 28（本），验算：28 × 6 = 168,学校图书馆有 168 本新书，平均分给 6 个年级，每个年级分到多少本？请写出计算过程并验算。
hjb-primary-ds-v1-p3-151,P3,lower,multiple-choice,Core,hjb-primary-p3-lower-review-multiplication-division,三年级下册复习与乘除运算,pass,none,,,选项C正确，解释合理，无歧义。,C. 拆分法,小胖计算 48×5 时，先算 50×5=250，再减去 2×5=10，得到 240。他用的方法是（ ）。
hjb-primary-ds-v1-p3-152,P3,lower,fill-in,Foundation,hjb-primary-p3-lower-review-multiplication-division,三年级下册复习与乘除运算,pass,none,,,计算正确，答案104无误。,104,计算 312÷3 时，可以先算 300÷3=100，再算 12÷3=4，最后把两次的商相加，得到（ ）。
hjb-primary-ds-v1-p3-153,P3,lower,short-answer,Core,hjb-primary-p3-lower-review-multiplication-division,三年级下册复习与乘除运算,pass,none,,,答案表述清晰，覆盖多种合理说法，无问题。,用乘法验算除法（或：用商乘除数看是否等于被除数）。,小丁丁说：“因为 23×4=92，所以 92÷4=23。”他用了什么方法验算？请用一句话说明。
hjb-primary-ds-v1-p3-154,P3,lower,multiple-choice,Foundation,hjb-primary-p3-lower-review-multiplication-division,三年级下册复习与乘除运算,pass,none,,,选项B正确，先乘后除，符合题意。,B. 6×25÷5,学校买来 6 包练习本，每包 25 本，平均分给 5 个班。下面哪个算式先算一共有多少本？
hjb-primary-ds-v1-p3-155,P3,lower,fill-in,Core,hjb-primary-p3-lower-review-multiplication-division,三年级下册复习与乘除运算,pass,none,,,估算方法正确，答案800无误。,800,估算 198×4 时，把 198 看作 200，200×4=800，所以 198×4 的积大约是（ ）。
hjb-primary-ds-v1-p3-156,P3,lower,short-answer,Foundation,hjb-primary-p3-lower-two-digit-multiplication-division,两位数乘除与问题解决,pass,none,,,计算正确，答案1680本无误。,1680本,学校图书馆有15个书架，每个书架有4层，每层可以放28本书。这些书架一共可以放多少本书？
hjb-primary-ds-v1-p3-157,P3,lower,multiple-choice,Core,hjb-primary-p3-lower-two-digit-multiplication-division,两位数乘除与问题解决,pass,none,,,计算正确，还需1辆，选项无误。,1辆,三年级同学去春游，一共192人。每辆大巴车可以坐32人，已经租了5辆车，还需要再租几辆车？
hjb-primary-ds-v1-p3-158,P3,lower,fill-in,Foundation,hjb-primary-p3-lower-two-digit-multiplication-division,两位数乘除与问题解决,pass,none,,,计算正确，答案432块无误。,432,一盒巧克力有24块，李老师买了18盒。她一共买了______块巧克力。
hjb-primary-ds-v1-p3-159,P3,lower,short-answer,Core,hjb-primary-p3-lower-two-digit-multiplication-division,两位数乘除与问题解决,pass,none,,,买5送1问题处理正确，最少付300元。,300元,文具店促销，每支钢笔原价12元，现在买5支送1支。王老师要买30支钢笔，最少需要付多少钱？
hjb-primary-ds-v1-p3-160,P3,lower,multiple-choice,Foundation,hjb-primary-p3-lower-two-digit-multiplication-division,两位数乘除与问题解决,pass,none,,,先减剩余再除，得15箱，正确。,15箱,果园里摘了276个苹果，每箱装18个。装完一些整箱后，还剩6个苹果。已经装了多少箱？
hjb-primary-ds-v1-p3-161,P3,lower,fill-in,Core,hjb-primary-p3-lower-two-digit-multiplication-division,两位数乘除与问题解决,pass,none,,,计算正确，每个班级22本。,22,学校图书馆新买来一批书，每包有24本，一共运来18包。图书馆老师把其中的300本放在阅览室，剩下的书平均分给6个班级。每个班级分到多少本？
hjb-primary-ds-v1-p3-162,P3,lower,short-answer,Foundation,hjb-primary-p3-lower-two-digit-multiplication-division,两位数乘除与问题解决,pass,none,,,估算和精确计算均正确，能运走。,能,果园里摘了15筐苹果，每筐重28千克。用一辆载重500千克的卡车来运，一次能全部运走吗？先估算，再计算说明。
hjb-primary-ds-v1-p3-163,P3,lower,multiple-choice,Core,hjb-primary-p3-lower-two-digit-multiplication-division,两位数乘除与问题解决,pass,none,,,选项A正确，其他选项错误。,3×25+2×18,张叔叔买了3袋大米，每袋25千克，又买了2袋面粉，每袋18千克。他一共买了多少千克粮食？正确的算式是（ ）。
hjb-primary-ds-v1-p3-164,P3,lower,fill-in,Foundation,hjb-primary-p3-lower-two-digit-multiplication-division,两位数乘除与问题解决,pass,none,,,计算正确，816人。,816,一列火车有12节车厢，每节车厢可以乘坐68人。这列火车一共可以乘坐多少人？
hjb-primary-ds-v1-p3-165,P3,lower,short-answer,Core,hjb-primary-p3-lower-two-digit-multiplication-division,两位数乘除与问题解决,pass,none,,,计算正确，最多7袋。,7,李阿姨带200元去超市买食用油，每桶油36元，她买了4桶。剩下的钱想买每袋8元的白糖，最多能买几袋？
hjb-primary-ds-v1-p3-166,P3,lower,multiple-choice,Foundation,hjb-primary-p3-lower-two-digit-multiplication-division,两位数乘除与问题解决,pass,none,,,计算正确，36本。,36 本,学校图书馆新买来一批图书，每班分到 24 本，正好分给 18 个班。如果把这些图书平均分给 12 个班，每个班可以分到多少本？
hjb-primary-ds-v1-p3-167,P3,lower,fill-in,Core,hjb-primary-p3-lower-two-digit-multiplication-division,两位数乘除与问题解决,pass,none,,,题目正确，计算无误，答案与解释一致。,84 袋,一箱苹果有 15 千克，水果店运来 28 箱。如果每 5 千克装一袋，这些苹果一共可以装多少袋？
hjb-primary-ds-v1-p3-168,P3,lower,short-answer,Foundation,hjb-primary-p3-lower-two-digit-multiplication-division,两位数乘除与问题解决,pass,none,,,题目正确，计算无误，答案与解释一致。,9 辆,三年级同学去春游，租了 6 辆大巴车，每辆车坐 45 人。如果改租每辆坐 30 人的中巴车，需要租多少辆？
hjb-primary-ds-v1-p3-169,P3,lower,multiple-choice,Core,hjb-primary-p3-lower-two-digit-multiplication-division,两位数乘除与问题解决,pass,none,,,题目正确，计算无误，选项唯一且正确。,34 元,李老师买了 12 盒水彩笔，每盒 18 元。他付了 250 元，应找回多少元？
hjb-primary-ds-v1-p3-170,P3,lower,fill-in,Foundation,hjb-primary-p3-lower-two-digit-multiplication-division,两位数乘除与问题解决,pass,none,,,题目正确，计算无误，答案与解释一致。,32 页,一本故事书有 96 页，小华每天看 16 页。他看了 4 天后，还剩多少页没看？
hjb-primary-ds-v1-p3-171,P3,lower,short-answer,Core,hjb-primary-p3-lower-two-digit-multiplication-division,两位数乘除与问题解决,pass,none,,,题目正确，计算无误，答案与解释一致。,48本,学校图书馆新买来一批图书，共12包，每包24本。图书管理员把这些书平均放到6个书架上，每个书架放多少本？
hjb-primary-ds-v1-p3-172,P3,lower,multiple-choice,Foundation,hjb-primary-p3-lower-two-digit-multiplication-division,两位数乘除与问题解决,pass,none,,,题目正确，计算无误，选项唯一且正确。,8箱,一箱矿泉水有24瓶，三年级有5个班，每班需要38瓶。至少需要买多少箱？
hjb-primary-ds-v1-p3-173,P3,lower,fill-in,Core,hjb-primary-p3-lower-two-digit-multiplication-division,两位数乘除与问题解决,pass,none,,,题目正确，计算无误，答案与解释一致。,884,在计算34×26时，先算34×6=204，再算34×20=680，最后把两次的积相加，结果是______。
hjb-primary-ds-v1-p3-174,P3,lower,short-answer,Foundation,hjb-primary-p3-lower-two-digit-multiplication-division,两位数乘除与问题解决,pass,none,,,题目正确，计算无误，答案与解释一致。,45千克,果园里摘了15筐苹果，每筐18千克。如果把这些苹果平均分给6个水果店，每个水果店分到多少千克？
hjb-primary-ds-v1-p3-175,P3,lower,multiple-choice,Core,hjb-primary-p3-lower-decimal-introduction,小数的初步认识,pass,none,,,题目正确，比较无误，选项唯一且正确。,0.93,下面四个小数中，哪一个最大？
hjb-primary-ds-v1-p3-176,P3,lower,fill-in,Foundation,hjb-primary-p3-lower-decimal-introduction,小数的初步认识,pass,none,,,题目正确，读法和计数单位无误。,零点一五，15,一支铅笔的长度是0.15米。0.15读作（ ），它表示（ ）个0.01。
hjb-primary-ds-v1-p3-177,P3,lower,short-answer,Core,hjb-primary-p3-lower-decimal-introduction,小数的初步认识,pass,none,,,题目正确，比较过程合理，答案与解释一致。,小明跳得更远。因为1.2米=1.20米，1.20>1.15，所以小明跳得更远。,在跳远比赛中，小明跳了1.2米，小华跳了1.15米。谁跳得更远？请写出比较的过程。
hjb-primary-ds-v1-p3-178,P3,lower,multiple-choice,Foundation,hjb-primary-p3-lower-decimal-introduction,小数的初步认识,pass,none,,,题目正确，数位理解无误，选项唯一且正确。,0.35,下面哪个小数中的“3”表示3个0.1？
hjb-primary-ds-v1-p3-179,P3,lower,fill-in,Core,hjb-primary-p3-lower-decimal-introduction,小数的初步认识,pass,none,,,题目正确，单位换算无误，答案与解释一致。,0.5，0.8,用小数表示下面各数：5分米=（ ）米，8角=（ ）元。
hjb-primary-ds-v1-p3-180,P3,lower,short-answer,Foundation,hjb-primary-p3-lower-decimal-introduction,小数的初步认识,pass,none,,,题目正确，排序无误，答案与解释一致。,0.08<0.45<0.6<0.9,把0.6、0.45、0.9、0.08按从小到大的顺序排列。
hjb-primary-ds-v1-p3-181,P3,lower,multiple-choice,Core,hjb-primary-p3-lower-decimal-introduction,小数的初步认识,pass,none,,,题目正确，小数表示无误，选项唯一且正确。,3.6,妈妈在超市买了一瓶牛奶，价格是3元6角。用小数表示，这瓶牛奶的价格是（　）元。
hjb-primary-ds-v1-p3-182,P3,lower,fill-in,Foundation,hjb-primary-p3-lower-decimal-introduction,小数的初步认识,pass,none,,,题目正确，读法无误，答案与解释一致。,零点一五,一支铅笔的长度是0.15米。0.15读作：________。
hjb-primary-ds-v1-p3-183,P3,lower,multiple-choice,Core,hjb-primary-p3-lower-decimal-introduction,小数的初步认识,pass,none,,,题目正确，比较无误，选项唯一且正确。,0.99,下面四个小数中，最大的是（　）。
hjb-primary-ds-v1-p3-184,P3,lower,fill-in,Foundation,hjb-primary-p3-lower-decimal-introduction,小数的初步认识,pass,none,,,题目正确，单位换算无误，答案与解释一致。,0.8,用小数表示下面钱数：8角 = ________元。
hjb-primary-ds-v1-p3-185,P3,lower,multiple-choice,Core,hjb-primary-p3-lower-decimal-introduction,小数的初步认识,pass,none,,,题目正确，1米3分米=1.3米，选项合理。,1.3,小华身高1米3分米，写成小数是（　）米。
hjb-primary-ds-v1-p3-186,P3,lower,fill-in,Foundation,hjb-primary-p3-lower-decimal-introduction,小数的初步认识,pass,none,,,8角5分=0.85元，答案正确。,0.85,一支铅笔的价格是8角5分，用小数表示是______元。
hjb-primary-ds-v1-p3-187,P3,lower,multiple-choice,Core,hjb-primary-p3-lower-decimal-introduction,小数的初步认识,pass,none,,,0.36读作零点三六，选项无误。,0.36,下面哪个小数读作“零点三六”？
hjb-primary-ds-v1-p3-188,P3,lower,fill-in,Foundation,hjb-primary-p3-lower-decimal-introduction,小数的初步认识,pass,none,,,1米2分米=1.2米，答案正确。,1.2,在跳远比赛中，小杰跳了1米2分米，用小数表示是______米。
hjb-primary-ds-v1-p3-189,P3,lower,multiple-choice,Core,hjb-primary-p3-lower-decimal-introduction,小数的初步认识,pass,none,,,0.93最大，比较正确。,0.93,下面四个小数中，哪个最大？
hjb-primary-ds-v1-p3-190,P3,lower,fill-in,Foundation,hjb-primary-p3-lower-decimal-introduction,小数的初步认识,pass,none,,,1升250毫升=1.25升，正确。,1.25,一瓶果汁的净含量是1升250毫升，用小数表示是______升。
hjb-primary-ds-v1-p3-191,P3,lower,multiple-choice,Core,hjb-primary-p3-lower-decimal-introduction,小数的初步认识,pass,none,,,选项A正确指出读法和位值，其他选项有误。,应该读作“零点一八”，百分位是8表示8个百分之一,小丽测量一支铅笔的长度是0.18米，她读作“零点十八”。下面哪句话正确指出了她的错误？
hjb-primary-ds-v1-p3-192,P3,lower,fill-in,Foundation,hjb-primary-p3-lower-decimal-introduction,小数的初步认识,pass,none,,,3元4角5分=3.45元，答案正确，接受3.45元或3.45。,3.45元,把3元4角5分写成以元为单位的小数。
hjb-primary-ds-v1-p3-193,P3,lower,multiple-choice,Core,hjb-primary-p3-lower-decimal-introduction,小数的初步认识,pass,none,,,0.6>0.59，比较方法正确。,0.6 > 0.59，因为十分位6大于5,比较0.6和0.59的大小，下面哪个说法正确？
hjb-primary-ds-v1-p3-194,P3,lower,fill-in,Foundation,hjb-primary-p3-lower-area-measurement,面积与周长,pass,none,,,面积8×5=40平方米，答案正确。,40平方米,一个长方形花坛，长8米，宽5米。这个花坛的面积是多少平方米？
hjb-primary-ds-v1-p3-195,P3,lower,multiple-choice,Core,hjb-primary-p3-lower-area-measurement,面积与周长,pass,none,,,一行排列周长最长，计算正确。,拼成一行，长12厘米、宽1厘米,用12个边长1厘米的小正方形拼成一个长方形，下面哪种拼法得到的长方形周长最长？
hjb-primary-ds-v1-p3-196,P3,lower,fill-in,Foundation,hjb-primary-p3-lower-area-measurement,面积与周长,pass,none,,,6×4=24平方厘米，正确。,24,用边长1厘米的小正方形铺满一个长方形，每行铺6个，铺了4行。这个长方形的面积是____平方厘米。
hjb-primary-ds-v1-p3-197,P3,lower,multiple-choice,Core,hjb-primary-p3-lower-area-measurement,面积与周长,pass,none,,,面积24平方米，周长22米，选项B正确。,花坛的面积是24平方米,一个长方形花坛长8米，宽3米。下面说法正确的是（ ）。
hjb-primary-ds-v1-p3-198,P3,lower,fill-in,Foundation,hjb-primary-p3-lower-area-measurement,面积与周长,pass,none,,,15×15=225平方厘米，正确。,225,一个正方形手帕的边长是15厘米，它的面积是____平方厘米。
hjb-primary-ds-v1-p3-199,P3,lower,multiple-choice,Core,hjb-primary-p3-lower-area-measurement,面积与周长,pass,none,,,面积均为12平方分米，选项D正确。,三种拼法面积一样大,用12个边长1分米的正方形拼成一个长方形，下面哪种拼法拼成的长方形面积最大？
hjb-primary-ds-v1-p3-200,P3,lower,fill-in,Foundation,hjb-primary-p3-lower-area-measurement,面积与周长,pass,none,,,90×60=5400平方厘米，正确。,5400,一个长方形桌面长90厘米，宽60厘米。要给桌面配一块同样大小的玻璃，玻璃的面积是____平方厘米。
hjb-primary-ds-v1-p3-201,P3,lower,multiple-choice,Core,hjb-primary-p3-lower-area-measurement,面积与周长,pass,none,,,篱笆周长26米，草皮面积40平方米，选项A正确。,篱笆总长26米，草皮面积40平方米,一个长方形花坛，长8米，宽5米。工人沿着花坛边缘围了一圈篱笆，又在花坛表面铺满草皮。下面哪句话是正确的？
hjb-primary-ds-v1-p3-202,P3,lower,fill-in,Foundation,hjb-primary-p3-lower-area-measurement,面积与周长,pass,none,,,12个1平方厘米拼成面积12平方厘米，正确。,12,用12个边长1厘米的小正方形拼成一个长方形，这个长方形的面积是____平方厘米。
hjb-primary-ds-v1-p3-203,P3,lower,multiple-choice,Core,hjb-primary-p3-lower-area-measurement,面积与周长,pass,none,,,题目正确，最大正方形边长取宽15厘米，面积225平方厘米，答案与解释一致。,225平方厘米,一张长方形纸，长20厘米，宽15厘米。从这张纸上剪下一个最大的正方形，这个正方形的面积是多少？
hjb-primary-ds-v1-p3-204,P3,lower,fill-in,Foundation,hjb-primary-p3-lower-area-measurement,面积与周长,pass,none,,,周长36厘米，边长9厘米，面积81平方厘米，答案正确。,81,一个正方形手帕的周长是36厘米，它的面积是____平方厘米。
hjb-primary-ds-v1-p3-205,P3,lower,multiple-choice,Core,hjb-primary-p3-lower-area-measurement,面积与周长,pass,none,,,面积均为6平方厘米，周长分别为10厘米和14厘米，选项B正确。,面积相等，周长不相等,下面两个图形都是用6个面积是1平方厘米的小正方形拼成的。甲是长3厘米、宽2厘米的长方形，乙是长6厘米、宽1厘米的长方形。关于它们的说法，哪一个是正确的？
hjb-primary-ds-v1-p3-206,P3,lower,fill-in,Foundation,hjb-primary-p3-lower-area-measurement,面积与周长,pass,none,,,8×5=40个，面积40平方厘米，答案正确。,40,用边长1厘米的小正方形铺满一个长方形，每行铺8个，铺了5行。这个长方形的面积是______平方厘米。
hjb-primary-ds-v1-p3-207,P3,lower,multiple-choice,Core,hjb-primary-p3-lower-area-measurement,面积与周长,pass,none,,,面积24平方米，周长20米，选项B正确，其他选项单位或数值错误。,周长是20米,一个长方形花坛长6米、宽4米。下面说法正确的是（ ）。
hjb-primary-ds-v1-p3-208,P3,lower,fill-in,Foundation,hjb-primary-p3-lower-area-measurement,面积与周长,pass,none,,,25×25=625平方厘米，答案正确。,625,一个正方形手帕的边长是25厘米，它的面积是______平方厘米。
hjb-primary-ds-v1-p3-209,P3,lower,multiple-choice,Core,hjb-primary-p3-lower-area-measurement,面积与周长,pass,none,,,周长(10+6)×2=32厘米，答案正确。,32厘米,用一根铁丝围成一个长10厘米、宽6厘米的长方形框架，这根铁丝的长度是（ ）。
hjb-primary-ds-v1-p3-210,P3,lower,fill-in,Foundation,hjb-primary-p3-lower-area-measurement,面积与周长,pass,none,,,(12+8)×2=40米，答案正确。,40,一块长方形菜地长12米、宽8米，它的周长是______米。
hjb-primary-ds-v1-p3-211,P3,lower,multiple-choice,Core,hjb-primary-p3-lower-area-measurement,面积与周长,pass,none,,,周长26米，面积40平方米，选项B正确，单位区分清晰。,篱笆长度是26米，草皮面积是40平方米,一个长方形花坛长8米、宽5米。小明用篱笆沿着花坛边缘围一圈，又在花坛表面铺满草皮。下面说法正确的是（ ）。
hjb-primary-ds-v1-p3-212,P3,lower,fill-in,Foundation,hjb-primary-p3-lower-area-measurement,面积与周长,pass,none,,,6×4=24个小正方形，面积24平方厘米，答案正确。,24，24,用边长1厘米的小正方形铺一个长6厘米、宽4厘米的长方形，一共需要（ ）个小正方形，这个长方形的面积是（ ）平方厘米。
hjb-primary-ds-v1-p3-213,P3,lower,multiple-choice,Core,hjb-primary-p3-lower-data-statistics,数据整理与统计表达,pass,none,,,20÷5=4，选项A正确，其他选项存在逻辑或计算错误。,喜欢打篮球的人数是跑步的4倍,三（1）班同学最喜欢的运动项目统计如下：跳绳15人，踢毽子10人，打篮球20人，跑步5人。下面说法正确的是（ ）。
hjb-primary-ds-v1-p3-214,P3,lower,fill-in,Foundation,hjb-primary-p3-lower-data-statistics,数据整理与统计表达,pass,none,,,星期六25本最多，答案正确。,星期六，25,"下面是某书店一周售出图书数量的统计表：\n星期一：12本，星期二：8本，星期三：15本，星期四：10本，星期五：20本，星期六：25本，星期日：18本。\n售出最多的一天是（ ），售出了（ ）本。"
hjb-primary-ds-v1-p3-215,P3,lower,multiple-choice,Core,hjb-primary-p3-lower-data-statistics,数据整理与统计表达,pass,none,,,135下最大，选项A正确，其他选项有误。,小刚跳得最快，他跳了135下,"下表是四个小朋友1分钟跳绳的成绩：\n小军：120下，小红：98下，小刚：135下，小丽：110下。\n下面说法正确的是（ ）。"
hjb-primary-ds-v1-p3-216,P3,lower,fill-in,Foundation,hjb-primary-p3-lower-data-statistics,数据整理与统计表达,pass,none,,,香蕉12人最多，橘子5人最少，答案正确。,香蕉；橘子,"三（1）班同学最喜欢的水果情况如下：苹果8人，香蕉12人，橘子5人，葡萄10人。请完成统计表。\n\n| 水果 | 苹果 | 香蕉 | 橘子 | 葡萄 |\n|------|------|------|------|------|\n| 人数 |      |      |      |      |\n\n根据统计表，喜欢（    ）的人数最多，喜欢（    ）的人数最少。"
hjb-primary-ds-v1-p3-217,P3,lower,multiple-choice,Core,hjb-primary-p3-lower-data-statistics,数据整理与统计表达,pass,none,,,三个说法均正确，选项D“以上都对”正确。,以上都对,三（2）班同学参加兴趣小组的情况用条形图表示：每个小组的人数用直条长度表示，直条旁边标有数字。美术组直条最高，标有15；音乐组直条第二高，标有12；体育组直条第三高，标有9；科技组直条最矮，标有6。下面哪种说法是正确的？
hjb-primary-ds-v1-p3-218,P3,lower,fill-in,Foundation,hjb-primary-p3-lower-data-statistics,数据整理与统计表达,pass,none,,,20-10=10本，答案正确。,10,"三（3）班图书角各类图书数量统计如下：故事书20本，科普书15本，漫画书10本，其他5本。请完成统计表。\n\n| 种类 | 故事书 | 科普书 | 漫画书 | 其他 |\n|------|--------|--------|--------|------|\n| 数量 |        |        |        |      |\n\n根据统计表，故事书比漫画书多（    ）本。"
hjb-primary-ds-v1-p3-219,P3,lower,multiple-choice,Core,hjb-primary-p3-lower-data-statistics,数据整理与统计表达,pass,none,,,第二组14节最少，选项C错误，符合题目要求。,第四组收集的废电池最少,三（4）班四个小组收集废电池的数量用条形图表示：第一组直条标有18，第二组直条标有14，第三组直条标有20，第四组直条标有16。下面哪种说法是错误的？
hjb-primary-ds-v1-p3-220,P3,lower,fill-in,Foundation,hjb-primary-p3-lower-data-statistics,数据整理与统计表达,pass,none,,,12-6=6人，答案正确。,6,"三（5）班同学出生季节统计如下：春季8人，夏季12人，秋季10人，冬季6人。请完成统计表。\n\n| 季节 | 春季 | 夏季 | 秋季 | 冬季 |\n|------|------|------|------|------|\n| 人数 |      |      |      |      |\n\n根据统计表，夏季比冬季多（    ）人。"
hjb-primary-ds-v1-p3-221,P3,lower,multiple-choice,Core,hjb-primary-p3-lower-data-statistics,数据整理与统计表达,pass,none,,,数据正确，答案唯一，选项无歧义，适合三年级数据统计。,喜欢橘子的人数最少,三（1）班同学最喜欢的水果情况如下：苹果8人，香蕉12人，橘子5人，葡萄10人。根据这些数据，下面哪个说法是正确的？
hjb-primary-ds-v1-p3-222,P3,lower,fill-in,Foundation,hjb-primary-p3-lower-data-statistics,数据整理与统计表达,pass,none,,,填空答案明确，acceptedAnswers覆盖多种写法，无错误。,四，25,下面是三（2）班四个小组收集废电池的数量：第一组15节，第二组20节，第三组10节，第四组25节。请填写：收集最多的小组是第___组，收集了___节。
hjb-primary-ds-v1-p3-223,P3,lower,multiple-choice,Core,hjb-primary-p3-lower-data-statistics,数据整理与统计表达,pass,none,,,选项分析正确，合唱组人数最多，其他选项均错误。,参加合唱组的人数最多,三（3）班同学参加兴趣小组的人数统计如下：绘画组12人，舞蹈组8人，书法组5人，合唱组15人。下面哪个说法是正确的？
hjb-primary-ds-v1-p3-224,P3,lower,fill-in,Foundation,hjb-primary-p3-lower-data-statistics,数据整理与统计表达,pass,none,,,故事书18本最多，答案准确。,故事书，18,三（4）班图书角各类图书数量如下：故事书18本，科技书12本，漫画书9本，作文书6本。请填写：数量最多的图书是___，有___本。
hjb-primary-ds-v1-p3-225,P3,lower,multiple-choice,Core,hjb-primary-p3-lower-data-statistics,数据整理与统计表达,pass,none,,,数据比较正确，小红跳得最多，其他选项错误。,小红跳得最多,三（5）班四个同学的跳绳成绩如下：小明跳了85下，小红跳了92下，小刚跳了78下，小丽跳了88下。下面哪个说法是正确的？
hjb-primary-ds-v1-p3-226,P3,lower,fill-in,Foundation,hjb-primary-p3-lower-data-statistics,数据整理与统计表达,pass,none,,,香蕉12人最多，填空答案正确。,香蕉，12,三（1）班同学最喜欢的水果调查结果如下：苹果8人，香蕉12人，橘子5人，葡萄10人。请根据数据填空：最喜欢（ ）的人数最多，有（ ）人。
hjb-primary-ds-v1-p3-227,P3,lower,multiple-choice,Core,hjb-primary-p3-lower-data-statistics,数据整理与统计表达,pass,none,,,书法小组9人最少，其他选项差值计算错误，答案唯一。,书法小组的人数最少,"下面是三（2）班同学参加兴趣小组的统计表：\n\n| 小组 | 人数 |\n|------|------|\n| 绘画 | 15 |\n| 书法 | 9 |\n| 舞蹈 | 12 |\n| 合唱 | 18 |\n\n根据统计表，下面哪个说法是正确的？"
hjb-primary-ds-v1-p3-228,P3,lower,fill-in,Core,hjb-primary-p3-lower-data-statistics,数据整理与统计表达,pass,none,,,差值计算正确，均为5本。,5，5,三（3）班图书角各类图书数量如下：故事书20本，科普书15本，漫画书25本，其他书10本。请根据数据填空：故事书比科普书多（ ）本，漫画书比故事书多（ ）本。
hjb-primary-ds-v1-p3-229,P3,lower,multiple-choice,Core,hjb-primary-p3-lower-data-statistics,数据整理与统计表达,pass,none,,,跳绳30人最多，其他选项人数比较错误。,跳绳达标人数最多,三（4）班同学体育达标项目统计如下：跳绳达标30人，跑步达标25人，仰卧起坐达标20人，立定跳远达标28人。下面哪个结论是正确的？
hjb-primary-ds-v1-p3-230,P3,lower,fill-in,Core,hjb-primary-p3-lower-data-statistics,数据整理与统计表达,pass,none,,,24-18=6，计算正确。,6,三（5）班四个小组收集废电池的数量如下：第一组18节，第二组24节，第三组20节，第四组22节。请根据数据填空：收集最多的小组比最少的小组多（ ）节。
hjb-primary-ds-v1-p3-231,P3,lower,multiple-choice,Core,hjb-primary-p3-lower-data-statistics,数据整理与统计表达,pass,none,,,草莓15人最多，其他选项人数差值错误。,喜欢草莓的人数最多，是15人,三（1）班同学最喜欢的水果统计如下：苹果8人，香蕉12人，橘子5人，草莓15人。下面哪句话是正确的？
hjb-primary-ds-v1-p3-232,P3,lower,fill-in,Core,hjb-primary-p3-lower-math-square-review,三年级下册数学广场与整理复习,pass,none,,,规律明显，5×9=45，适合三年级。,45,在数学广场活动中，小明发现一个规律：1×9=9，2×9=18，3×9=27，4×9=36。按照这个规律，5×9的结果是多少？
hjb-primary-ds-v1-p3-233,P3,lower,multiple-choice,Core,hjb-primary-p3-lower-math-square-review,三年级下册数学广场与整理复习,pass,none,,,选项B符合先求和再平均分，其他选项为一步运算。,小红有8支铅笔，小蓝有6支铅笔，他们把铅笔合起来平均放在2个笔筒里，每个笔筒放几支？,下面哪个问题适合用“先算一共有多少，再平均分”的方法解决？
hjb-primary-ds-v1-p3-234,P3,lower,fill-in,Core,hjb-primary-p3-lower-math-square-review,三年级下册数学广场与整理复习,pass,none,,,正确结果5.7，acceptedAnswers覆盖多种表述。,他忘记加小数部分0.5和0.2，正确结果是5.7,小马虎在计算小数加法时，把2.5+3.2算成了2+3=5，他忘记加什么了？请写出正确结果。
hjb-primary-ds-v1-p3-235,P3,lower,multiple-choice,Core,hjb-primary-p3-lower-math-square-review,三年级下册数学广场与整理复习,pass,none,,,小宇148下最多，其他选项差值错误。,小宇跳得最多，是148下,学校举行跳绳比赛，记录了三（2）班四名同学一分钟跳绳的次数：小杰跳了142下，小文跳了135下，小宇跳了148下，小琪跳了139下。下面哪个结论是正确的？
hjb-primary-ds-v1-p3-236,P3,lower,fill-in,Core,hjb-primary-p3-lower-math-square-review,三年级下册数学广场与整理复习,pass,none,,,正确结果15.5，解释合理。,15.5,小胖在整理复习时发现，计算“12.5 + 3”时，他错误地先把12.5看成125，加上3得到128，再点小数点得到1.28。请写出正确的计算结果，并说明小胖错在哪里。
hjb-primary-ds-v1-p3-237,P3,lower,multiple-choice,Core,hjb-primary-p3-lower-math-square-review,三年级下册数学广场与整理复习,pass,none,,,周长26米正确，面积40平方米，选项区分清晰。,篱笆的长度是26米,学校要给一块长方形花坛围上篱笆，花坛长8米、宽5米。下面哪个选项是正确的？
hjb-primary-ds-v1-p3-238,P3,lower,fill-in,Core,hjb-primary-p3-lower-math-square-review,三年级下册数学广场与整理复习,pass,none,,,总人数45，18人不到一半，答案正确。,不对,三（1）班同学调查了全班最喜欢的运动项目，结果如下：跑步12人，跳绳18人，踢毽子9人，其他6人。小明说：“喜欢跳绳的人最多，所以全班有一半人喜欢跳绳。”你认为小明的说法对吗？请用数据说明理由。
hjb-primary-ds-v1-p3-239,P3,lower,multiple-choice,Core,hjb-primary-p3-lower-math-square-review,三年级下册数学广场与整理复习,pass,none,,,规律正确，答案16根无误，选项清晰，适合三年级。,16根,在数学广场活动中，小丁发现一个规律：用同样长的小棒摆正方形，摆1个正方形需要4根小棒，摆2个正方形需要7根小棒，摆3个正方形需要10根小棒。按照这个规律，摆5个正方形需要多少根小棒？
hjb-primary-ds-v1-p3-240,P3,lower,fill-in,Core,hjb-primary-p3-lower-math-square-review,三年级下册数学广场与整理复习,pass,none,,,小数比较正确，答案>无误，要求填写比较方法合理。,>,比较大小：0.8 ○ 0.6。请填上“>”、“<”或“=”，并写出你的比较方法。
hjb-primary-ds-v1-p3-241,P3,lower,multiple-choice,Core,hjb-primary-p3-lower-math-square-review,三年级下册数学广场与整理复习,pass,none,,,策略判断正确，②题需先求边长再求面积，其他选项分析合理。,②,"在整理复习时，小丁把下面四道题混在了一起。请你先判断每道题属于哪个知识领域，再选出哪一道题需要用到“先求边长再求周长”的策略。\n① 一个长方形花坛的长是8米，宽是5米，它的周长是多少米？\n② 用一根36厘米长的铁丝围成一个正方形，这个正方形的面积是多少平方厘米？\n③ 比较0.7和0.5的大小。\n④ 统计小组记录了本周每天借出的图书数量，要找出借出最多的一天。"
hjb-primary-ds-v1-p3-242,P3,lower,multiple-choice,Core,hjb-primary-p3-lower-math-square-review,三年级下册数学广场与整理复习,pass,none,,,小数与整数比较正确，选项设置合理，答案无误。,正确，因为3.2 > 3，所以3.2米 > 3米。,小胖在复习时写了这样一句话：“因为3.2比3大，所以3.2米比3米长。”他的说法正确吗？请选出正确的判断和理由。
hjb-primary-ds-v1-p3-243,P3,lower,multiple-choice,Core,hjb-primary-p3-lower-math-square-review,三年级下册数学广场与整理复习,pass,none,,,面积求周长正确，边长7米，周长28米，选项分析合理。,小丁对，因为正方形边长是7米，周长是28米。,学校要给一块正方形草坪围上篱笆，草坪的面积是49平方米。小亚说：“篱笆的长度就是49米。”小丁说：“不对，要先求出边长再算周长。”谁说得对？为什么？
hjb-primary-ds-v1-p3-244,P3,lower,multiple-choice,Core,hjb-primary-p3-lower-math-square-review,三年级下册数学广场与整理复习,pass,none,,,知识领域归类正确，统计不属于图形与几何，答案无误。,小胖归错了“统计天气情况”。,老师让同学们整理本学期学过的内容。小丁把“比较小数大小”归到了“数与运算”，把“计算长方形面积”归到了“图形与几何”。小胖把“统计天气情况”归到了“图形与几何”。谁归错了？
hjb-primary-ds-v1-p3-245,P3,lower,multiple-choice,Core,hjb-primary-p3-lower-math-square-review,三年级下册数学广场与整理复习,pass,none,,,平方数规律正确，第5个25个，选项清晰。,25个,在数学广场活动中，老师给出了一组图形：第一个图形由1个小正方形组成，第二个由4个小正方形组成，第三个由9个小正方形组成。按照这个规律，第5个图形由多少个小正方形组成？
hjb-primary-ds-v1-p3-246,P3,lower,multiple-choice,Core,hjb-primary-p3-lower-math-square-review,三年级下册数学广场与整理复习,pass,none,,,两句均错误，分析正确，选项设置合理。,两句都错,小丁在整理复习时写了两句话：① 小数都比整数小。② 边长4米的正方形，它的周长和面积相等。他写得对吗？
hjb-primary-ds-v1-p3-247,P3,lower,multiple-choice,Core,hjb-primary-p3-lower-math-square-review,三年级下册数学广场与整理复习,pass,none,,,平均数逆推正确，星期五11千克，计算无误。,11千克,"学校举行“数学广场”活动，三（1）班同学记录了一周内每天回收废纸的质量，如下表。\n星期 一 二 三 四 五\n质量（千克） 8 12 10 14 ？\n已知这五天平均每天回收11千克，星期五回收了多少千克？"
hjb-primary-ds-v1-p3-248,P3,lower,multiple-choice,Core,hjb-primary-p3-lower-math-square-review,三年级下册数学广场与整理复习,pass,none,,,周长固定面积最大问题，正方形面积最大，答案正确。,长6厘米，宽6厘米,用一根长24厘米的铁丝围成一个长方形，下面哪种围法面积最大？
hjb-primary-ds-v1-p3-249,P3,lower,multiple-choice,Core,hjb-primary-p3-lower-math-square-review,三年级下册数学广场与整理复习,pass,none,,,统计比较正确，篮球比乒乓球少2人，其他选项计算错误。,喜欢篮球的人数比乒乓球少2人,三（2）班同学最喜欢的运动项目统计如下：足球12人，篮球8人，乒乓球10人，羽毛球6人。下面哪种说法是正确的？
hjb-primary-ds-v1-p3-250,P3,lower,multiple-choice,Core,hjb-primary-p3-lower-math-square-review,三年级下册数学广场与整理复习,pass,none,,,错中求解正确，另一个加数4.2，正确结果7.8。,7.8,小胖在计算一道小数加法时，把3.6看成了36，得到的结果是40.2。正确的结果应该是多少？
hjb-primary-ds-v1-p4-001,P4,upper,multiple-choice,Core,hjb-primary-p4-upper-review-operations-fractions,复习与提高,pass,none,,,乘除法关系正确，选项清晰，适合四年级。,乘法与除法的关系,在计算 84 ÷ 14 时，小胖说：“因为 14 × 6 = 84，所以 84 ÷ 14 = 6。”小胖的想法运用了哪种运算关系？
hjb-primary-ds-v1-p4-002,P4,upper,fill-in,Foundation,hjb-primary-p4-upper-review-operations-fractions,复习与提高,pass,none,,,逆运算填空正确，答案17无误。,17,根据 23 × 17 = 391，直接写出 391 ÷ 23 = ______。
hjb-primary-ds-v1-p4-003,P4,upper,short-answer,Challenge,hjb-primary-p4-upper-review-operations-fractions,复习与提高,pass,none,,,逆运算检查正确，答案8，过程合理。,用 32 × 9 = 288，不等于 256，所以错误。正确计算：256 ÷ 32 = 8，因为 32 × 8 = 256。,小丁丁在计算 256 ÷ 32 时，错误地算成了 256 ÷ 32 = 9。请你用逆运算的方法帮他检查，并写出正确的答案和检查过程。
hjb-primary-ds-v1-p4-004,P4,upper,multiple-choice,Exam,hjb-primary-p4-upper-review-operations-fractions,复习与提高,pass,none,,,分数意义正确，每段是整体的1/5，选项区分了具体长度和分率。,每段是这根彩带的 1/5,把 1 米长的彩带平均分成 5 段，每段是这根彩带的几分之几？下面哪种说法是正确的？
hjb-primary-ds-v1-p4-005,P4,upper,fill-in,Core,hjb-primary-p4-upper-review-operations-fractions,复习与提高,pass,none,,,求一个数的几分之几正确，24÷3=8块。,8,一盒巧克力有 24 块，小亚吃了这盒巧克力的 1/3，她吃了 ______ 块。
hjb-primary-ds-v1-p4-006,P4,upper,short-answer,Foundation,hjb-primary-p4-upper-review-operations-fractions,复习与提高,pass,none,,,错中求解正确，多加了9，正确和69，过程清晰。,69,小胖在计算一道加法题时，把加数23看成了32，结果得到和是78。正确的和应该是多少？请写出你的思考过程。
hjb-primary-ds-v1-p4-007,P4,upper,multiple-choice,Challenge,hjb-primary-p4-upper-review-operations-fractions,复习与提高,pass,none,,,计算正确，被除数=54×12+8=656，656÷45=14余38，选项匹配，无歧义。,商14，余数38,小丁丁在计算一道除法题时，把除数45看成了54，结果得到商是12，余数是8。正确的商和余数应该是多少？
hjb-primary-ds-v1-p4-008,P4,upper,fill-in,Exam,hjb-primary-p4-upper-review-operations-fractions,复习与提高,pass,none,,,减数看大多减了27，差应加回27得54，答案正确。,54,小亚在计算一道减法题时，把减数36看成了63，结果得到差是27。正确的差应该是______。
hjb-primary-ds-v1-p4-009,P4,upper,short-answer,Core,hjb-primary-p4-upper-review-operations-fractions,复习与提高,pass,none,,,另一个乘数=189÷21=9，正确积=12×9=108，答案正确。,108,小胖在计算一道乘法题时，把乘数12看成了21，结果得到积是189。正确的积是多少？请写出你的思考过程。
hjb-primary-ds-v1-p4-010,P4,upper,multiple-choice,Foundation,hjb-primary-p4-upper-review-operations-fractions,复习与提高,pass,none,,,3/8 > 2/8，小丁丁吃得多，选项正确。,小丁丁吃的多,小丁丁把一个蛋糕平均分成8块，吃了其中的3块。小亚把同样大小的蛋糕平均分成4块，吃了其中的1块。谁吃的蛋糕多？
hjb-primary-ds-v1-p4-011,P4,upper,fill-in,Challenge,hjb-primary-p4-upper-review-operations-fractions,复习与提高,pass,none,,,正确逆运算为84÷7=12，答案覆盖多种写法，无问题。,84 ÷ 7 = 12,小马虎计算 84 ÷ □ = 7，他错误地用 84 × 7 得到了 588。请你写出正确的逆运算关系，再求出方框里的数。
hjb-primary-ds-v1-p4-012,P4,upper,short-answer,Exam,hjb-primary-p4-upper-review-operations-fractions,复习与提高,pass,none,,,每段1/8，3段3/8，答案正确，acceptedAnswers覆盖合理。,每段是 1/8，3 段是 3/8。,小明把一根绳子平均分成 8 段，每段是这根绳子的几分之几？他取了其中的 3 段，是这根绳子的几分之几？请写出你的思考过程。
hjb-primary-ds-v1-p4-013,P4,upper,multiple-choice,Core,hjb-primary-p4-upper-review-operations-fractions,复习与提高,pass,none,,,"各选项□值分别为9,8,12,11，C最大，答案正确。",C. 84 ÷ □ = 7,下面哪个算式中的□代表的数最大？
hjb-primary-ds-v1-p4-014,P4,upper,fill-in,Foundation,hjb-primary-p4-upper-review-operations-fractions,复习与提高,pass,none,,,乘除互逆，345÷23=15，答案正确。,15,根据 23 × 15 = 345，直接写出 345 ÷ 23 = □，□ 里应填（ ）。
hjb-primary-ds-v1-p4-015,P4,upper,short-answer,Challenge,hjb-primary-p4-upper-review-operations-fractions,复习与提高,pass,none,,,分子相同分母大反而小，1/4<1/3，答案正确，acceptedAnswers合理。,不同意。1/4 小于 1/3。因为平均分的份数越多，每份越小。,小丽说：“因为 1/4 的分母是 4，所以 1/4 比 1/3 大。” 你同意吗？请用画图或文字说明理由。
hjb-primary-ds-v1-p4-016,P4,upper,multiple-choice,Exam,hjb-primary-p4-upper-review-operations-fractions,复习与提高,pass,none,,,被除数差18，商多1余数同，除数=18，768÷18=42余12，商42正确。,42,小杰在计算一道除法题时，把被除数 768 错看成了 786，得到的商比正确的商多 1，余数相同。正确的商是（    ）。
hjb-primary-ds-v1-p4-017,P4,upper,fill-in,Core,hjb-primary-p4-upper-review-operations-fractions,复习与提高,pass,none,,,1081÷23=47，答案正确。,47,"根据 23 × 47 = 1081，直接写出下面括号里的数。\n1081 ÷ 23 = （    ）"
hjb-primary-ds-v1-p4-018,P4,upper,short-answer,Foundation,hjb-primary-p4-upper-review-operations-fractions,复习与提高,pass,none,,,对折两次平均分4份，每份1/4，答案及acceptedAnswers合理。,四分之一,把一根绳子对折两次后，每段是这根绳子的几分之几？
hjb-primary-ds-v1-p4-019,P4,upper,multiple-choice,Challenge,hjb-primary-p4-upper-review-operations-fractions,复习与提高,pass,none,,,减数看大多减36，差少36，正确差=156+36=192，答案正确。,192,小马虎在计算一道减法题时，把减数 37 看成了 73，算出的结果是 156。正确的结果应该是（    ）。
hjb-primary-ds-v1-p4-020,P4,upper,fill-in,Exam,hjb-primary-p4-upper-review-operations-fractions,复习与提高,pass,none,,,余数最大24，被除数=18×25+24=474，答案正确，acceptedAnswers覆盖合理。,"24, 474",在算式 □ ÷ 25 = 18……△ 中，△ 最大是（    ），这时 □ 是（    ）。
hjb-primary-ds-v1-p4-021,P4,upper,short-answer,Core,hjb-primary-p4-upper-review-operations-fractions,复习与提高,pass,none,,,验算用除法，360÷15=24或360÷24=15，答案及acceptedAnswers合理。,360 ÷ 15 = 24 或 360 ÷ 24 = 15，理由：乘法可以用除法来验算，因为乘法和除法互为逆运算。,小杰在计算一道题时，先用 24 × 15 = 360，然后想用逆运算来检查。他应该用哪个算式来验算？请写出验算算式，并说明理由。
hjb-primary-ds-v1-p4-022,P4,upper,multiple-choice,Foundation,hjb-primary-p4-upper-review-operations-fractions,复习与提高,pass,none,,,3/8表示平均分8份取3份，选项正确。,3/8,下面哪个分数表示的是整个图形被平均分成8份，取其中的3份？
hjb-primary-ds-v1-p4-023,P4,upper,fill-in,Challenge,hjb-primary-p4-upper-review-operations-fractions,复习与提高,pass,none,,,12×15=180，答案正确。,180,在算式 □ ÷ 12 = 15 中，□ 代表的数是多少？
hjb-primary-ds-v1-p4-024,P4,upper,short-answer,Exam,hjb-primary-p4-upper-large-numbers-measurement,数与量,pass,none,,,50000平方米=0.05平方千米，换算正确，acceptedAnswers合理。,0.05平方千米,一个大型仓库的占地面积约为50000平方米，合多少平方千米？
hjb-primary-ds-v1-p4-025,P4,upper,multiple-choice,Core,hjb-primary-p4-upper-large-numbers-measurement,数与量,pass,none,,,数学正确，四舍五入到万位看千位5进1，得3080000，选项唯一，解释清晰。,3080000,把 3075020 四舍五入到万位，得到的近似数是多少？
hjb-primary-ds-v1-p4-026,P4,upper,fill-in,Foundation,hjb-primary-p4-upper-large-numbers-measurement,数与量,pass,none,,,答案正确，5个百万、3个万、8个十合成为5030080，解释到位。,5030080,一个数由5个百万、3个万和8个十组成，这个数写作______。
hjb-primary-ds-v1-p4-027,P4,upper,short-answer,Challenge,hjb-primary-p4-upper-large-numbers-measurement,数与量,pass,none,,,答案正确，最大204999，最小195000，符合四舍五入规则，acceptedAnswers覆盖常见写法。,最大是204999，最小是195000,一个数省略万位后面的尾数约是20万，这个数最大是多少？最小是多少？
hjb-primary-ds-v1-p4-028,P4,upper,multiple-choice,Exam,hjb-primary-p4-upper-large-numbers-measurement,数与量,pass,none,,,答案正确，5060070读作五百零六万零七十，读出两个零，其他选项均不符合。,5060070,下面哪个数读出两个零？
hjb-primary-ds-v1-p4-029,P4,upper,fill-in,Core,hjb-primary-p4-upper-large-numbers-measurement,数与量,pass,none,,,答案合理，一瓶矿泉水容量约550毫升，符合生活实际，acceptedAnswers包含毫升和mL。,毫升,在横线上填上合适的单位：一瓶矿泉水的容量约是550______。
hjb-primary-ds-v1-p4-030,P4,upper,short-answer,Foundation,hjb-primary-p4-upper-large-numbers-measurement,数与量,pass,none,,,排序正确，50005<50500<55000<500500，比较方法清晰。,50005 < 50500 < 55000 < 500500,把下面各数按从小到大的顺序排列：50500、500500、55000、50005。
hjb-primary-ds-v1-p4-031,P4,upper,multiple-choice,Challenge,hjb-primary-p4-upper-large-numbers-measurement,数与量,pass,none,,,答案正确，二千三百零五万六千写作23056000，选项唯一。,23056000,2024年，某市常住人口约为二千三百零五万六千。下面哪个数表示这个人口数？
hjb-primary-ds-v1-p4-032,P4,upper,fill-in,Exam,hjb-primary-p4-upper-large-numbers-measurement,数与量,pass,none,,,答案正确，384920000四舍五入到亿位得4亿，acceptedAnswers包含4和4亿。,4,把384920000四舍五入到亿位，得到的近似数是______亿。
hjb-primary-ds-v1-p4-033,P4,upper,short-answer,Core,hjb-primary-p4-upper-large-numbers-measurement,数与量,pass,none,,,答案正确，50806000，解释清晰。,50806000,一个数由5个千万、8个十万和6个千组成，这个数写作多少？
hjb-primary-ds-v1-p4-034,P4,upper,multiple-choice,Foundation,hjb-primary-p4-upper-large-numbers-measurement,数与量,pass,none,,,答案合理，上海市总面积适合用平方千米，选项唯一。,平方千米,下面哪个面积单位最适合用来表示上海市的总面积？
hjb-primary-ds-v1-p4-035,P4,upper,fill-in,Challenge,hjb-primary-p4-upper-large-numbers-measurement,数与量,pass,none,,,答案正确，一瓶矿泉水容量约550毫升，符合实际。,毫升,一瓶矿泉水的容量大约是550______。（填“升”或“毫升”）
hjb-primary-ds-v1-p4-036,P4,upper,short-answer,Exam,hjb-primary-p4-upper-large-numbers-measurement,数与量,pass,none,,,答案正确，写作3020500，四舍五入到万位得3020000，acceptedAnswers覆盖分隔符变体。,3020500，3020000,一个城市的人口是三百零二万零五百。请写出这个数，并把它四舍五入到万位。
hjb-primary-ds-v1-p4-037,P4,upper,multiple-choice,Core,hjb-primary-p4-upper-large-numbers-measurement,数与量,pass,none,,,答案正确，50800070读作五千零八十万零七十，选项唯一。,50800070,下面哪个数读作“五千零八十万零七十”？
hjb-primary-ds-v1-p4-038,P4,upper,fill-in,Foundation,hjb-primary-p4-upper-large-numbers-measurement,数与量,pass,none,,,答案正确，50806000，与hjb-primary-ds-v1-p4-033相同，无问题。,50806000,一个数由5个千万、8个十万和6个千组成，这个数写作______。
hjb-primary-ds-v1-p4-039,P4,upper,short-answer,Challenge,hjb-primary-p4-upper-large-numbers-measurement,数与量,pass,none,,,答案正确，最大8530000，最小3005800，符合所有0不读出的条件。,最大8530000，最小3005800,用3、0、5、0、8、0、0这七个数字组成一个七位数，要求所有的0都不读出来，这个数最大是多少？最小是多少？
hjb-primary-ds-v1-p4-040,P4,upper,multiple-choice,Exam,hjb-primary-p4-upper-large-numbers-measurement,数与量,pass,none,,,答案正确，最大204999，选项唯一。,204999,一个数四舍五入到万位后约是20万，这个数最大可能是（ ）。
hjb-primary-ds-v1-p4-041,P4,upper,fill-in,Core,hjb-primary-p4-upper-large-numbers-measurement,数与量,pass,none,,,答案正确，写作50836000，读作五千零八十三万六千，解释清晰。,50836000，五千零八十三万六千,一个数由5个千万、8个十万、3个万和6个千组成，这个数写作（    ），读作（    ）。
hjb-primary-ds-v1-p4-042,P4,upper,short-answer,Foundation,hjb-primary-p4-upper-large-numbers-measurement,数与量,pass,none,,,答案正确，306490≈31万，799500≈80万，acceptedAnswers覆盖多种格式。,（1）31万 （2）80万,"把下面各数四舍五入到万位。\n（1）306490≈______\n（2）799500≈______"
hjb-primary-ds-v1-p4-043,P4,upper,multiple-choice,Challenge,hjb-primary-p4-upper-large-numbers-measurement,数与量,pass,none,,,计算正确，选项合理，答案唯一，适合P4。,B. 800010,下面哪个数最接近80万？
hjb-primary-ds-v1-p4-044,P4,upper,fill-in,Exam,hjb-primary-p4-upper-large-numbers-measurement,数与量,pass,none,,,单位选择符合实际，答案明确，无歧义。,（1）平方米 （2）毫升 （3）吨,"在括号里填上合适的单位。\n（1）一个标准足球场的面积约是7000（    ）。\n（2）一瓶矿泉水的容量约是550（    ）。\n（3）一头大象的体重约是5（    ）。"
hjb-primary-ds-v1-p4-045,P4,upper,short-answer,Core,hjb-primary-p4-upper-large-numbers-measurement,数与量,pass,none,,,四舍五入求最大最小正确，答案54999和45000无误。,54999，45000,一个数省略万位后面的尾数约是5万，这个数最大是（    ），最小是（    ）。
hjb-primary-ds-v1-p4-046,P4,upper,multiple-choice,Foundation,hjb-primary-p4-upper-large-numbers-measurement,数与量,pass,none,,,读数写数正确，选项唯一，无干扰。,3056000,一个城市的人口约为三百零五万六千。这个数写作多少？
hjb-primary-ds-v1-p4-047,P4,upper,fill-in,Challenge,hjb-primary-p4-upper-fraction-extension,分数的初步认识（二）,pass,none,,,同分母分数比较，答案正确，理由充分。,第二根更长，因为2/5 < 3/5,有两根同样长的彩带。第一根平均分成5份，取其中的2份；第二根平均分成5份，取其中的3份。取出的部分相比，哪一根更长？请用分数表示你的比较结果，并说明理由。
hjb-primary-ds-v1-p4-048,P4,upper,short-answer,Exam,hjb-primary-p4-upper-fraction-extension,分数的初步认识（二）,pass,none,,,强调整体相同，比较正确，解释合理。,小明吃的多，因为3/8 > 2/8，且两块蛋糕同样大，整体相同，分母相同，分子大的分数大。,小华和小明各有一块同样大小的长方形蛋糕。小华吃了自己蛋糕的2/8，小明吃了自己蛋糕的3/8。谁吃的蛋糕多？请用分数比较说明，并解释为什么不能直接比较2/8和3/8的分子大小就得出结论。
hjb-primary-ds-v1-p4-049,P4,upper,multiple-choice,Core,hjb-primary-p4-upper-fraction-extension,分数的初步认识（二）,pass,none,,,同分母分数比较，6/7最大，选项清晰。,6/7,下面哪个分数最大？
hjb-primary-ds-v1-p4-050,P4,upper,fill-in,Foundation,hjb-primary-p4-upper-fraction-extension,分数的初步认识（二）,pass,none,,,同分母加法正确，答案7/9。,7/9,计算：4/9 + 3/9 = ?
hjb-primary-ds-v1-p4-051,P4,upper,short-answer,Challenge,hjb-primary-p4-upper-fraction-extension,分数的初步认识（二）,pass,none,,,异分母比较，通分正确，过程完整。,小杰用去的彩带更长。比较过程：因为彩带同样长，比较5/8和7/12的大小。通分，5/8=15/24，7/12=14/24，15/24>14/24，所以5/8>7/12。,小杰和小丽各有一根同样长的彩带。小杰把自己的彩带平均分成8份，用去了其中的5份；小丽把自己的彩带平均分成12份，用去了其中的7份。谁用去的彩带更长？请写出比较过程。
hjb-primary-ds-v1-p4-052,P4,upper,multiple-choice,Core,hjb-primary-p4-upper-fraction-extension,分数的初步认识（二）,pass,none,,,通分比较正确，选项唯一，无歧义。,第二根更长,有两根同样长的绳子，第一根剪下它的2/5，第二根剪下它的3/7。剪下的部分相比，哪一根更长？
hjb-primary-ds-v1-p4-053,P4,upper,fill-in,Foundation,hjb-primary-p4-upper-fraction-extension,分数的初步认识（二）,pass,none,,,同分母比较，答案“<”正确。,<,"在下面的括号里填上“>”“<”或“=”。\n3/8 ○ 5/8"
hjb-primary-ds-v1-p4-054,P4,upper,short-answer,Challenge,hjb-primary-p4-upper-fraction-extension,分数的初步认识（二）,pass,none,,,通分比较，答案正确，理由清晰。,爸爸吃得多。理由：比较1/4和3/8，通分后1/4=2/8，2/8<3/8，所以爸爸吃得多。,妈妈买了一个蛋糕，小华吃了这个蛋糕的1/4，爸爸吃了这个蛋糕的3/8。谁吃得多？请说明理由。
hjb-primary-ds-v1-p4-055,P4,upper,multiple-choice,Core,hjb-primary-p4-upper-fraction-extension,分数的初步认识（二）,pass,none,,,选项分析正确，唯一正确选项2/7<3/7。,2/7 < 3/7,下面哪一组分数比较是正确的？
hjb-primary-ds-v1-p4-056,P4,upper,fill-in,Foundation,hjb-primary-p4-upper-fraction-extension,分数的初步认识（二）,pass,none,,,同分母加法，答案5/8正确。,5/8,把一根彩带平均分成8份，小雅用了其中的3份，小轩用了其中的2份。两人一共用了这根彩带的几分之几？
hjb-primary-ds-v1-p4-057,P4,upper,short-answer,Challenge,hjb-primary-p4-upper-fraction-extension,分数的初步认识（二）,pass,none,,,整体相同，分子为1时比较分母，答案正确。,小明拿的更多。因为两块蛋糕同样大，第一块分成4份，每份是1/4；第二块分成6份，每份是1/6。1/4大于1/6，所以小明拿的更多。,有两块同样大的蛋糕，第一块被平均分成4份，第二块被平均分成6份。小明从第一块中拿了1份，小红从第二块中拿了1份。谁拿的蛋糕更多？请说明理由。
hjb-primary-ds-v1-p4-058,P4,upper,multiple-choice,Core,hjb-primary-p4-upper-fraction-extension,分数的初步认识（二）,pass,none,,,同分母比较，2/9<4/9正确，其他错误。,2/9 < 4/9,下面哪一组分数的大小比较是正确的？
hjb-primary-ds-v1-p4-059,P4,upper,fill-in,Foundation,hjb-primary-p4-upper-fraction-extension,分数的初步认识（二）,pass,none,,,比较1/4和1/3，答案小刚正确。,小刚,一盒巧克力有12颗，小丽吃了这盒巧克力的1/4，小刚吃了这盒巧克力的1/3。谁吃得多？
hjb-primary-ds-v1-p4-060,P4,upper,short-answer,Challenge,hjb-primary-p4-upper-fraction-extension,分数的初步认识（二）,pass,none,,,分子相同比分母，3/8>3/10，答案正确。,哥哥吃得多。第一张披萨每块是1/8，哥哥吃了3/8；第二张披萨每块是1/10，弟弟吃了3/10。3/8大于3/10，所以哥哥吃得多。,妈妈买了两张同样大的披萨，一张切成8块，另一张切成10块。哥哥吃了第一张披萨的3块，弟弟吃了第二张披萨的3块。谁吃得多？请用分数比较说明。
hjb-primary-ds-v1-p4-061,P4,upper,multiple-choice,Core,hjb-primary-p4-upper-fraction-extension,分数的初步认识（二）,pass,none,,,题目正确，分数比较清晰，答案与解释一致。,小杰吃得多,小杰和小美各有一块同样大小的长方形巧克力。小杰把巧克力平均分成8块，吃了其中的3块；小美把巧克力平均分成4块，吃了其中的1块。谁吃的巧克力多？
hjb-primary-ds-v1-p4-062,P4,upper,fill-in,Foundation,hjb-primary-p4-upper-fraction-extension,分数的初步认识（二）,pass,none,,,同分母分数比较，答案正确。,>,"在〇里填上“>”“<”或“=”。\n5/9 〇 4/9"
hjb-primary-ds-v1-p4-063,P4,upper,short-answer,Challenge,hjb-primary-p4-upper-fraction-extension,分数的初步认识（二）,pass,none,,,同分母分数加减，计算正确，答案完整。,一共用去3/5米，还剩2/5米。,一根彩带长1米，做中国结用去2/5米，做蝴蝶结用去1/5米。一共用去多少米？还剩多少米？
hjb-primary-ds-v1-p4-064,P4,upper,multiple-choice,Core,hjb-primary-p4-upper-fraction-extension,分数的初步认识（二）,pass,none,,,分数大小比较，计算正确，选项D最大。,D,"下面哪幅图表示的分数最大？\nA. 把一个圆平均分成6份，涂色部分占2份。\nB. 把一个圆平均分成6份，涂色部分占4份。\nC. 把一个圆平均分成8份，涂色部分占3份。\nD. 把一个圆平均分成8份，涂色部分占5份。"
hjb-primary-ds-v1-p4-065,P4,upper,fill-in,Foundation,hjb-primary-p4-upper-fraction-extension,分数的初步认识（二）,pass,none,,,同分母分数加法，答案正确。,7/10,计算：3/10 + 4/10 = （ ）
hjb-primary-ds-v1-p4-066,P4,upper,short-answer,Challenge,hjb-primary-p4-upper-fraction-extension,分数的初步认识（二）,pass,none,,,分数单位比较，推理正确，答案合理。,第一根取出的更长,有两根同样长的彩带，第一根被平均分成8份，第二根被平均分成12份。从第一根中取出5份，从第二根中取出7份。比较取出的部分，哪一根取出的更长？请说明理由。
hjb-primary-ds-v1-p4-067,P4,upper,multiple-choice,Core,hjb-primary-p4-upper-fraction-extension,分数的初步认识（二）,pass,none,,,异分母分数比较，通分正确，答案小红。,小红,小明和小红各有一块同样大小的巧克力。小明吃了自己巧克力的3/8，小红吃了自己巧克力的5/12。谁吃的巧克力更多？
hjb-primary-ds-v1-p4-068,P4,upper,fill-in,Foundation,hjb-primary-p4-upper-fraction-extension,分数的初步认识（二）,pass,none,,,同分母分数加法，答案正确。,7/9,计算：5/9 + 2/9 = （ ）
hjb-primary-ds-v1-p4-069,P4,upper,short-answer,Challenge,hjb-primary-p4-upper-fraction-extension,分数的初步认识（二）,pass,none,,,分数应用，计算正确，答案1/4。,1/4,一个西瓜被平均分成10块，爸爸吃了3块，妈妈吃了2块，剩下的留给小华。小华吃了剩下部分的一半。小华吃了这个西瓜的几分之几？
hjb-primary-ds-v1-p4-070,P4,upper,multiple-choice,Core,hjb-primary-p4-upper-four-operations-problem-solving,整数的四则运算,pass,none,,,归总问题，计算正确，提前3天。,3天,学校图书馆有一批新书，如果每天整理48本，需要15天整理完。实际每天整理60本，可以提前几天完成？
hjb-primary-ds-v1-p4-071,P4,upper,fill-in,Foundation,hjb-primary-p4-upper-four-operations-problem-solving,整数的四则运算,pass,none,,,运算定律填空，答案正确，acceptedAnswers覆盖多种格式。,（1）4 （2）5,"根据运算定律或运算性质，在横线上填上合适的数。\n（1）25×（4×18）=（25×______）×18\n（2）360÷（9×5）=360÷9÷______"
hjb-primary-ds-v1-p4-072,P4,upper,short-answer,Challenge,hjb-primary-p4-upper-four-operations-problem-solving,整数的四则运算,pass,none,,,归总问题，计算正确，提前3天。,3天,小丁丁看一本故事书，原计划每天看24页，12天看完。实际他每天多看8页，实际提前几天看完？
hjb-primary-ds-v1-p4-073,P4,upper,multiple-choice,Core,hjb-primary-p4-upper-four-operations-problem-solving,整数的四则运算,pass,none,,,去括号规则，选项C正确，解释合理。,C. 25×（40÷8）,下面哪个算式去掉括号后，计算结果不变？
hjb-primary-ds-v1-p4-074,P4,upper,fill-in,Foundation,hjb-primary-p4-upper-four-operations-problem-solving,整数的四则运算,pass,none,,,估算比较，答案正确，acceptedAnswers覆盖多种格式。,（1）＜ （2）＜,"先估算，再在横线上填上“＞”“＜”或“＝”。\n（1）298×19______6000\n（2）403÷21______20"
hjb-primary-ds-v1-p4-075,P4,upper,short-answer,Challenge,hjb-primary-p4-upper-four-operations-problem-solving,整数的四则运算,pass,none,,,逆推问题，计算正确，答案是1。,1,一个数加上8，再乘8，再减去8，最后除以8，结果还是8。这个数是多少？
hjb-primary-ds-v1-p4-076,P4,upper,multiple-choice,Core,hjb-primary-p4-upper-four-operations-problem-solving,整数的四则运算,pass,none,,,归总问题，算式正确。,40 × 12 ÷ 48,学校图书馆新买来一批书，如果每班分40本，正好可以分给12个班。如果每班分48本，可以分给多少个班？正确的算式是（ ）。
hjb-primary-ds-v1-p4-077,P4,upper,fill-in,Foundation,hjb-primary-p4-upper-four-operations-problem-solving,整数的四则运算,pass,none,,,乘法分配律计算，答案11000正确。,11000,计算 125×（80＋8）时，运用乘法分配律可以得到 125×80＋125×8，结果是______。
hjb-primary-ds-v1-p4-078,P4,upper,short-answer,Challenge,hjb-primary-p4-upper-four-operations-problem-solving,整数的四则运算,pass,none,,,逆推问题，计算正确，答案完整。,某数是90，正确结果是290,小马虎在计算一道题时，把某数乘3加20，误算成某数除以3减20，得数是10。某数是多少？正确的计算结果应该是多少？
hjb-primary-ds-v1-p4-079,P4,upper,multiple-choice,Core,hjb-primary-p4-upper-four-operations-problem-solving,整数的四则运算,pass,none,,,题目正确，列式符合归一问题思路，答案与解释一致。,200÷（80÷4）,一辆卡车4次运煤80吨。照这样计算，要运煤200吨，需要运多少次？下面列式正确的是（ ）。
hjb-primary-ds-v1-p4-080,P4,upper,fill-in,Foundation,hjb-primary-p4-upper-four-operations-problem-solving,整数的四则运算,pass,none,,,运算顺序正确，答案与解释匹配，acceptedAnswers覆盖合理。,乘，减，除,在计算 360÷（70－4×16）时，应先算______法，再算______法，最后算______法。
hjb-primary-ds-v1-p4-081,P4,upper,short-answer,Challenge,hjb-primary-p4-upper-four-operations-problem-solving,整数的四则运算,pass,none,,,逆推过程正确，答案320无误。,320,小杰计算一道题时，先除以8，再减去15，接着乘4，最后得到100。这道题原来的数是多少？
hjb-primary-ds-v1-p4-082,P4,upper,multiple-choice,Core,hjb-primary-p4-upper-four-operations-problem-solving,整数的四则运算,pass,none,,,列式正确，先求总数再求实际天数，最后求提前天数。,15－60×15÷(60+15),李师傅要加工一批零件，原计划每天加工60个，15天完成。实际每天多加工15个，实际提前几天完成？正确的列式是（ ）。
hjb-primary-ds-v1-p4-083,P4,upper,fill-in,Foundation,hjb-primary-p4-upper-four-operations-problem-solving,整数的四则运算,pass,none,,,简便计算拆分正确，答案与解释一致。,8×4，8，1000，1000×4，4000,计算 125×32 时，为了简便，可以把32看作（ ）×（ ），先算125×（ ）=（ ），再算（ ）×（ ）=（ ）。
hjb-primary-ds-v1-p4-084,P4,upper,short-answer,Challenge,hjb-primary-p4-upper-four-operations-problem-solving,整数的四则运算,pass,none,,,逆推求原数正确，正确得数32无误。,32,小马虎在计算“□－24÷6”时，弄错了运算顺序，先算减法后算除法，结果得数是2。正确的得数应该是多少？
hjb-primary-ds-v1-p4-085,P4,upper,multiple-choice,Core,hjb-primary-p4-upper-four-operations-problem-solving,整数的四则运算,pass,none,,,选项C去掉括号后运算顺序不变，其余选项改变，答案正确。,45×(72÷8),下面算式中，去掉括号后计算结果不变的是（ ）。
hjb-primary-ds-v1-p4-086,P4,upper,fill-in,Foundation,hjb-primary-p4-upper-four-operations-problem-solving,整数的四则运算,pass,none,,,乘法分配律逆用正确，答案与解释一致。,25；75；4；400,小雅在计算“25×4＋75×4”时，想用运算定律使计算更简便。她可以写成（______＋______）×______，结果是______。
hjb-primary-ds-v1-p4-087,P4,upper,short-answer,Challenge,hjb-primary-p4-upper-four-operations-problem-solving,整数的四则运算,pass,none,,,逆推步骤正确，答案16无误。,16,小丁想了一个数，先乘6，再减去18，然后除以3，最后加上24，得到的结果是50。小丁想的数是多少？请写出你的思考过程。
hjb-primary-ds-v1-p4-088,P4,upper,multiple-choice,Core,hjb-primary-p4-upper-four-operations-problem-solving,整数的四则运算,pass,none,,,选项B列式正确，先求总数再除以实际每架本数。,B. 320×20÷(320＋80),学校图书馆买来一批新书，如果每个书架放320本，需要20个书架。如果每个书架多放80本，需要多少个书架？下面列式正确的是（ ）。
hjb-primary-ds-v1-p4-089,P4,upper,fill-in,Foundation,hjb-primary-p4-upper-four-operations-problem-solving,整数的四则运算,pass,none,,,拆分与计算正确，答案4000无误。,8；4；8；4；4000,计算125×32时，小胖想用乘法结合律使计算简便。他把32看成______×______，先算125×______，再乘______，结果是______。
hjb-primary-ds-v1-p4-090,P4,upper,short-answer,Challenge,hjb-primary-p4-upper-four-operations-problem-solving,整数的四则运算,pass,none,,,工作效率和乘时间再加剩余，答案680正确。,680,李师傅和张师傅共同加工一批零件。李师傅每小时加工45个，张师傅每小时加工55个，两人一起工作6小时后，还剩下80个零件没有加工。这批零件一共有多少个？请列式解答。
hjb-primary-ds-v1-p4-091,P4,upper,multiple-choice,Core,hjb-primary-p4-upper-four-operations-problem-solving,整数的四则运算,pass,none,,,综合算式正确，先求和再乘时间。,(48 + 36) × 3,学校图书馆整理一批新书，甲组每小时整理48本，乙组每小时整理36本。两组同时工作，3小时后共整理了多少本？正确的综合算式是哪一个？
hjb-primary-ds-v1-p4-092,P4,upper,fill-in,Foundation,hjb-primary-p4-upper-four-operations-problem-solving,整数的四则运算,pass,none,,,拆分正确，acceptedAnswers覆盖8和4的顺序。,"8,4",计算 125 × 32 时，为了简便，可以把32看作______和______的乘积，再运用乘法结合律。
hjb-primary-ds-v1-p4-093,P4,upper,short-answer,Challenge,hjb-primary-p4-upper-geometry-circle-lines-angles,几何小实践,pass,none,,,圆环面积计算正确，答案28.26无误。,28.26,一个圆形花坛的直径是8米，在花坛周围修一条1米宽的小路。小路的面积是多少平方米？（π取3.14）
hjb-primary-ds-v1-p4-094,P4,upper,multiple-choice,Core,hjb-primary-p4-upper-geometry-circle-lines-angles,几何小实践,pass,none,,,选项A正确，其余选项均有错误，解释合理。,线段有两个端点，射线有一个端点，直线没有端点。,下列说法正确的是哪一个？
hjb-primary-ds-v1-p4-095,P4,upper,fill-in,Foundation,hjb-primary-p4-upper-geometry-circle-lines-angles,几何小实践,pass,none,,,"周角、平角、直角关系正确，答案2,4无误。","2,4",一个周角等于______个平角，等于______个直角。
hjb-primary-ds-v1-p4-096,P4,upper,short-answer,Challenge,hjb-primary-p4-upper-geometry-circle-lines-angles,几何小实践,pass,none,,,半径定义正确，理由充分，acceptedAnswers覆盖合理。,对。因为从圆心到圆上任意一点的线段都是半径，且所有半径长度相等。,小海画了一个圆，圆心是点O。他在圆上取了三个点A、B、C，连接OA、OB、OC。他发现OA、OB、OC的长度都是4厘米。小海说：“因为这三条线段长度相等，所以它们都是圆的半径。”小海的说法对吗？请说明理由。
hjb-primary-ds-v1-p4-097,P4,upper,multiple-choice,Core,hjb-primary-p4-upper-geometry-circle-lines-angles,几何小实践,pass,none,,,选项正确描述了线段、射线和直线的端点特征，答案与解释一致，无歧义。,线段有两个端点，射线只有一个端点，直线没有端点。,下面关于线段、射线和直线的说法，正确的是哪一个？
hjb-primary-ds-v1-p4-098,P4,upper,fill-in,Foundation,hjb-primary-p4-upper-geometry-circle-lines-angles,几何小实践,pass,none,,,答案“叉开”准确，acceptedAnswers包含常见同义表述，符合角的大小定义。,叉开,一个角的两条边都是射线，角的大小与边的长短无关，只与两条边______的大小有关。
hjb-primary-ds-v1-p4-099,P4,upper,short-answer,Challenge,hjb-primary-p4-upper-geometry-circle-lines-angles,几何小实践,pass,none,,,答案正确解释了量角器内外圈刻度差异，acceptedAnswers覆盖合理变体。,小圆对。因为小圆读的是外圈刻度，小方读的是内圈刻度，同一个角从不同方向看刻度不同，但角的大小是130°。,小圆用量角器量一个角时，把量角器的中心与角的顶点重合，0°刻度线与角的一条边重合，角的另一条边指向130°。小圆说这个角是130°。小方用同样的方法量同一个角，却得到50°。谁对？为什么？
hjb-primary-ds-v1-p4-100,P4,upper,multiple-choice,Core,hjb-primary-p4-upper-geometry-circle-lines-angles,几何小实践,pass,none,,,145°无法用一副三角尺拼出，选项和答案正确，解释清晰。,145°,用一副三角尺拼角，下面哪个度数的角不能直接拼出来？
hjb-primary-ds-v1-p4-101,P4,upper,fill-in,Foundation,hjb-primary-p4-upper-geometry-circle-lines-angles,几何小实践,pass,none,,,答案“射线”符合角的定义，无问题。,射线,从一点引出两条（ ）所组成的图形叫做角。
hjb-primary-ds-v1-p4-102,P4,upper,short-answer,Challenge,hjb-primary-p4-upper-geometry-circle-lines-angles,几何小实践,pass,none,,,答案列出所有可能的钝角105°、120°、135°、150°，acceptedAnswers覆盖不同顺序和分隔符。,"105°, 120°, 135°, 150°",用一副三角尺可以拼出多少个不同的钝角？请写出所有可能拼出的钝角的度数。（三角尺上各个角的度数分别为30°、60°、90°和45°、45°、90°）
hjb-primary-ds-v1-p4-103,P4,upper,multiple-choice,Core,hjb-primary-p4-upper-geometry-circle-lines-angles,几何小实践,pass,none,,,选项C正确，其他选项错误点已在解释中指出，无歧义。,C. 圆心决定圆的位置，半径决定圆的大小。,下面关于圆的说法，正确的是（ ）。
hjb-primary-ds-v1-p4-104,P4,upper,fill-in,Foundation,hjb-primary-p4-upper-geometry-circle-lines-angles,几何小实践,pass,none,,,"答案“2, 1”正确，acceptedAnswers包含中文数字和逗号变体。","2, 1",线段有（ ）个端点，射线有（ ）个端点。
hjb-primary-ds-v1-p4-105,P4,upper,short-answer,Challenge,hjb-primary-p4-upper-geometry-circle-lines-angles,几何小实践,pass,none,,,计算正确，∠1=135°，∠2=45°，acceptedAnswers覆盖度符号和汉字变体。,"∠1=135°, ∠2=45°",已知∠1和∠2组成一个平角，∠1的度数是∠2的3倍，求∠1和∠2的度数。
hjb-primary-ds-v1-p4-106,P4,upper,multiple-choice,Core,hjb-primary-p4-upper-geometry-circle-lines-angles,几何小实践,pass,none,,,选项A正确，半径4厘米，解释清晰，其他选项错误明确。,点O到圆上任意一点的距离都相等，都是4厘米。,小丁在纸上画了一个图形：先确定一个点O，把圆规两脚分开4厘米，针尖固定在O点，旋转一周画出一个圆。关于这个圆，下面哪句话是正确的？
hjb-primary-ds-v1-p4-107,P4,upper,fill-in,Foundation,hjb-primary-p4-upper-geometry-circle-lines-angles,几何小实践,pass,none,,,答案“射线”符合手电筒光线的特征，无问题。,射线,手电筒射出的光线可以看作一条（    ）。
hjb-primary-ds-v1-p4-108,P4,upper,short-answer,Challenge,hjb-primary-p4-upper-geometry-circle-lines-angles,几何小实践,pass,none,,,答案45°正确，利用内外圈互补关系，acceptedAnswers覆盖数字和度符号。,45°,小胖用量角器量一个角时，把量角器的中心与角的顶点重合，0°刻度线与角的一条边重合，角的另一条边指向内圈刻度135°。小丁量同一个角时，也把中心和顶点重合，0°刻度线与角的一条边重合，但他看的是外圈刻度。请问小丁看到的外圈刻度是多少度？请写出你的思考过程。
hjb-primary-ds-v1-p4-109,P4,upper,multiple-choice,Core,hjb-primary-p4-upper-geometry-circle-lines-angles,几何小实践,pass,none,,,选项D正确，3时整时针分针成直角，其他选项错误解释合理。,时钟在3时整，时针和分针组成的角是直角。,下面关于角的说法，哪一个是正确的？
hjb-primary-ds-v1-p4-110,P4,upper,fill-in,Foundation,hjb-primary-p4-upper-geometry-circle-lines-angles,几何小实践,pass,none,,,答案“一”正确，acceptedAnswers包含数字和“一条”，符合两点确定一条直线。,一,经过两点可以画（    ）条直线。
hjb-primary-ds-v1-p4-111,P4,upper,short-answer,Challenge,hjb-primary-p4-upper-geometry-circle-lines-angles,几何小实践,pass,none,,,答案正确区分半径、射线和直线，acceptedAnswers覆盖不同格式。,(1) 半径；(2) 射线；(3) 直线,"小丁用圆规画了一个圆，圆心为O，半径为3厘米。他在圆上取一点A，连接OA。接着，他从O点出发，沿着OA的反方向画一条无限长的线。请回答：\n(1) 线段OA是圆的什么？\n(2) 从O点出发沿OA反方向画的无限长的线是什么？\n(3) 如果小丁再画一条从A点出发，经过O点继续延伸的线，这条线是什么？"
hjb-primary-ds-v1-p4-112,P4,upper,multiple-choice,Core,hjb-primary-p4-upper-geometry-circle-lines-angles,几何小实践,pass,none,,,选项C正确，角的大小与两边张开大小有关，与边长短无关，解释清晰。,C. 角的大小与两边张开的大小有关，与边的长短无关。,下面关于角的说法，哪一项是正确的？
hjb-primary-ds-v1-p4-113,P4,upper,fill-in,Foundation,hjb-primary-p4-upper-geometry-circle-lines-angles,几何小实践,pass,none,,,答案“2；4”正确，acceptedAnswers覆盖分号和逗号变体。,2；4,一个周角等于______个平角，也等于______个直角。
hjb-primary-ds-v1-p4-114,P4,upper,short-answer,Challenge,hjb-primary-p4-upper-geometry-circle-lines-angles,几何小实践,pass,none,,,计算正确，∠C=70°，acceptedAnswers覆盖度符号和汉字变体。,70°,小胖画了一个三角形ABC，其中∠A=50°，∠B=60°。他用量角器量出∠C的度数后，发现三角形三个内角的和是180°。请计算∠C的度数，并说明你用的推理方法。
hjb-primary-ds-v1-p4-115,P4,upper,multiple-choice,Core,hjb-primary-p4-upper-geometry-circle-lines-angles,几何小实践,pass,none,,,选项A正确描述了线段、射线、直线的端点特征；B错误，射线AB与BA端点不同；C错误，两点之间线段最短；D错误，需在同圆或等圆中。答案与解析一致。,A. 线段有两个端点，射线只有一个端点，直线没有端点。,下列说法中，哪一项是正确的？
hjb-primary-ds-v1-p4-116,P4,upper,fill-in,Foundation,hjb-primary-p4-upper-review-integration,四年级上册整理与提高,pass,none,,,四舍五入到万位，千位9≥5进1，得385万，答案正确，acceptedAnswers覆盖了带单位和不带单位的写法。,385,把 3849600 四舍五入到万位，得到的近似数是（    ）万。
hjb-primary-ds-v1-p4-117,P4,upper,short-answer,Challenge,hjb-primary-p4-upper-review-integration,四年级上册整理与提高,pass,none,,,数的组成正确，四舍五入到十万位，万位8≥5进1，得50400000，答案与解析一致。,50386000，50400000,一个数由5个千万、3个十万、8个万和6个千组成。写出这个数，并把它四舍五入到十万位。
hjb-primary-ds-v1-p4-118,P4,upper,multiple-choice,Core,hjb-primary-p4-upper-review-integration,四年级上册整理与提高,pass,none,,,四舍五入到亿位看千万位，B选项千万位5，入后约10亿，其余选项均不符合，答案正确。,B. 950000001,下面哪个数四舍五入到亿位后约等于10亿？
hjb-primary-ds-v1-p4-119,P4,upper,fill-in,Foundation,hjb-primary-p4-upper-review-integration,四年级上册整理与提高,pass,none,,,数射线0到1平均分10份，第3个点对应3/10，答案正确，acceptedAnswers包含分数和中文写法。,3/10,在数射线上，从0到1平均分成10份，从左往右第3个点表示的分数是（    ）。
hjb-primary-ds-v1-p4-120,P4,upper,short-answer,Challenge,hjb-primary-p4-upper-review-integration,四年级上册整理与提高,pass,none,,,60°占360°的1/6，扇形面积是圆面积的1/6，答案正确。,1/6,画一个半径为3厘米的圆，并在圆内画一个圆心角为60°的扇形。计算这个扇形的面积占整个圆面积的几分之几。
hjb-primary-ds-v1-p4-121,P4,upper,multiple-choice,Core,hjb-primary-p4-upper-review-integration,四年级上册整理与提高,pass,none,,,估算适用于快速判断总量是否超限，购物总价是否超过500元是典型估算场景，其他选项需精确值，答案正确。,判断买5件商品总价是否超过500元,在解决问题时，下面哪种情况最适合用“四舍五入法”先凑整再估算？
hjb-primary-ds-v1-p4-122,P4,upper,fill-in,Foundation,hjb-primary-p4-upper-review-integration,四年级上册整理与提高,pass,none,,,点A为3/8，点B为6/8，相差3/8，答案正确，acceptedAnswers覆盖多种合理表述。,点A是3/8，点B是6/8，相差3/8,在数射线上，从0到1被平均分成了8份。点A在从左数起第3个分点上，点B在从左数起第6个分点上。用分数表示点A和点B的位置，并计算点B表示的数比点A表示的数大多少。
hjb-primary-ds-v1-p4-123,P4,upper,short-answer,Challenge,hjb-primary-p4-upper-review-integration,四年级上册整理与提高,pass,none,,,105°=60°+45°，15°=45°-30°或60°-45°，符合三角尺拼角方法，答案与解析一致。,105°=60°+45°，15°=45°-30°（或60°-45°）,用一副三角尺可以拼出很多角。小明说：“我用一副三角尺拼出了一个105°的角和一个15°的角。”请你想一想他是怎样拼的，并写出每个角是由哪两个已知角拼成的。
hjb-primary-ds-v1-p4-124,P4,upper,multiple-choice,Core,hjb-primary-p4-upper-review-integration,四年级上册整理与提高,pass,none,,,495001千位5进一得50万，504998千位4舍去得50万，其余选项不满足，答案正确。,495001和504998,下面哪个选项中的数，省略万位后面的尾数求近似数后，结果都是50万？
hjb-primary-ds-v1-p4-125,P4,upper,fill-in,Foundation,hjb-primary-p4-upper-review-integration,四年级上册整理与提高,pass,none,,,估测方法合理，结果在3-5平方米范围内，答案示例符合实际，acceptedAnswers覆盖多种表述。,方法合理，结果在3平方米到5平方米之间均可。例如：用庹量出黑板长约4米，宽约1米，面积约4平方米。,估测一下，你所在教室黑板的面积大约是多少？请写出你估测的方法和结果。
hjb-primary-ds-v1-p4-126,P4,upper,short-answer,Challenge,hjb-primary-p4-upper-review-integration,四年级上册整理与提高,pass,none,,,四舍五入和去尾法均得38万，400000-384592=15408，计算正确，答案与解析一致。,四舍五入法：38万；去尾法：38万；至少需要购买 15 408 本。,学校图书馆有藏书 384 592 本。请你把这个数分别用“四舍五入法”和“去尾法”凑整到万位，并写出两个结果。然后想一想：如果图书馆计划再购买一些新书，使藏书总数达到 40 万本，至少需要购买多少本？请写出你的计算过程。
hjb-primary-ds-v1-p4-127,P4,upper,multiple-choice,Core,hjb-primary-p4-upper-review-integration,四年级上册整理与提高,pass,none,,,0到1平均分10份，第3个分点为3/10，选项B正确，无歧义。,3/10,在一条数射线上，点 A 表示 0，点 B 表示 1。把线段 AB 平均分成 10 份，从左往右第 3 个分点表示哪个分数？
hjb-primary-ds-v1-p4-128,P4,upper,fill-in,Foundation,hjb-primary-p4-upper-review-integration,四年级上册整理与提高,pass,none,,,5个百万、3个万、6个千组成5036000，答案正确，acceptedAnswers包含带空格的写法。,5036000,一个数由 5 个百万、3 个万和 6 个千组成，这个数写作 ________。
hjb-primary-ds-v1-p4-129,P4,upper,short-answer,Core,hjb-primary-p4-upper-review-integration,四年级上册整理与提高,pass,none,,,OA=OB=半径，等腰三角形顶角60°则为等边三角形，答案与解析正确。,等边三角形。因为 OA = OB = 3 厘米，所以三角形 AOB 是等腰三角形，又因为 ∠AOB = 60°，所以三角形 AOB 是等边三角形。,小丁丁用圆规画了一个圆，圆心是 O，半径是 3 厘米。他又在圆上取两点 A 和 B，连接 OA 和 OB，量得 ∠AOB = 60°。请问三角形 AOB 是什么三角形？请说明理由。
hjb-primary-ds-v1-p4-130,P4,upper,multiple-choice,Foundation,hjb-primary-p4-upper-review-integration,四年级上册整理与提高,pass,none,,,方法一将24拆为8×3，运用乘法结合律；方法二拆为20+4，运用乘法分配律，选项A正确。,方法一运用了乘法结合律，方法二运用了乘法分配律,小胖在计算 125 × 24 时，想到了两种不同的方法。方法一：125 × 24 = 125 × 8 × 3 = 1000 × 3 = 3000。方法二：125 × 24 = 125 × (20 + 4) = 125 × 20 + 125 × 4 = 2500 + 500 = 3000。这两种方法分别运用了什么运算定律？
hjb-primary-ds-v1-p4-131,P4,upper,fill-in,Core,hjb-primary-p4-upper-review-integration,四年级上册整理与提高,pass,none,,,384720千位4舍去，得38万，答案正确。,38,把 384720 四舍五入到万位，得到的近似数是______万。
hjb-primary-ds-v1-p4-132,P4,upper,short-answer,Foundation,hjb-primary-p4-upper-review-integration,四年级上册整理与提高,pass,none,,,0到1平均分10份，第3份为3/10，答案正确。,3/10,在数射线上，从0到1平均分成10份，从左起第3份的点表示哪个分数？请写出这个分数。
hjb-primary-ds-v1-p4-133,P4,upper,multiple-choice,Core,hjb-primary-p4-upper-review-integration,四年级上册整理与提高,pass,none,,,题目清晰，选项区分度好，答案正确，适合四年级整理与提高。,统计全校学生人数大约是多少,下面哪种情况适合用“四舍五入法”求近似数？
hjb-primary-ds-v1-p4-134,P4,upper,fill-in,Foundation,hjb-primary-p4-upper-review-integration,四年级上册整理与提高,pass,none,,,基础题，答案正确，接受多种合理写法。,8,一个圆的半径是4厘米，它的直径是______厘米。
hjb-primary-ds-v1-p4-135,P4,upper,short-answer,Core,hjb-primary-p4-upper-review-integration,四年级上册整理与提高,pass,none,,,步测估测合理，计算正确，答案接受带单位或不带单位。,12,小胖用步测的方法估测教室的长。他走10步大约5米，从教室前面走到后面走了24步，教室的长大约是多少米？请写出计算过程。
hjb-primary-ds-v1-p4-136,P4,upper,multiple-choice,Foundation,hjb-primary-p4-upper-review-integration,四年级上册整理与提高,pass,none,,,选项设计合理，答案唯一，解释清晰。,A. 学校图书馆有藏书 38472 本，大约是几万本？,小丁丁在复习时遇到了下面四个问题，他应该选择哪个问题用“凑整到万位”的方法来解决？
hjb-primary-ds-v1-p4-137,P4,upper,fill-in,Core,hjb-primary-p4-upper-review-integration,四年级上册整理与提高,pass,none,,,分数概念题，答案正确，解释清楚分点含义。,3/8,在数射线上，点A表示0，点B表示1，把线段AB平均分成8份。从左往右数，第3个分点表示的分数是（ ）。
hjb-primary-ds-v1-p4-138,P4,upper,short-answer,Foundation,hjb-primary-p4-upper-review-integration,四年级上册整理与提高,pass,none,,,扇形半径与圆半径关系明确，答案正确。,5厘米,一个圆的直径是10厘米，在这个圆里画一个最大的扇形，扇形的圆心角是90°。这个扇形的半径是多少厘米？请写出你的思考过程。
hjb-primary-ds-v1-p4-139,P4,lower,multiple-choice,Core,hjb-primary-p4-lower-review-operation-properties,复习与提高,pass,none,,,乘法分配律辨析清晰，选项设计合理。,B. 125×（80＋8）＝125×80＋125×8,下面哪个算式运用了乘法分配律？
hjb-primary-ds-v1-p4-140,P4,lower,fill-in,Foundation,hjb-primary-p4-lower-review-operation-properties,复习与提高,pass,none,,,两种方法对比合理，答案正确，接受多种写法。,正确，二,小胖在计算“25×44”时，想到了两种方法：方法一：25×44＝25×（40＋4）＝25×40＋25×4＝1000＋100＝1100；方法二：25×44＝25×4×11＝100×11＝1100。这两种方法都正确吗？如果都正确，哪种更简便？请填空：两种方法都（ ）（填“正确”或“不正确”），更简便的是方法（ ）。
hjb-primary-ds-v1-p4-141,P4,lower,short-answer,Core,hjb-primary-p4-lower-review-operation-properties,复习与提高,pass,none,,,简便计算过程完整，解释正确。,125×32×25 = 125×(8×4)×25 = (125×8)×(4×25) = 1000×100 = 100000。这样算正确是因为运用了乘法结合律，把32拆成8×4，再分别与125和25结合，先算125×8和4×25得到整百、整千数，使计算简便，结果不变。,计算 125×32×25，要求写出简便计算的过程，并说明这样算为什么正确。
hjb-primary-ds-v1-p4-142,P4,lower,multiple-choice,Foundation,hjb-primary-p4-lower-review-operation-properties,复习与提高,pass,none,,,选项区分度好，答案唯一，解释准确。,45×99 = 45×100 - 45,下面哪个算式运用了乘法分配律进行简便计算？
hjb-primary-ds-v1-p4-143,P4,lower,fill-in,Core,hjb-primary-p4-lower-review-operation-properties,复习与提高,pass,none,,,填空设计合理，答案正确，接受多种分隔符。,"46, 54",在横线上填上合适的数，使计算简便： 78×46 + 78×54 = 78 × (___ + ___)
hjb-primary-ds-v1-p4-144,P4,lower,short-answer,Foundation,hjb-primary-p4-lower-review-operation-properties,复习与提高,pass,none,,,数量关系清晰，列式解答正确。,数量关系：科技书的本数 = 故事书的本数 × 3 - 24。列式：168×3 - 24 = 504 - 24 = 480（本）。答：科技书有480本。,学校图书馆有故事书168本，科技书比故事书的3倍少24本。科技书有多少本？请先写出数量关系，再列式解答。
hjb-primary-ds-v1-p4-145,P4,lower,multiple-choice,Core,hjb-primary-p4-lower-review-operation-properties,复习与提高,pass,none,,,运算顺序易错题，答案正确，选项设计合理。,16,小马虎在计算“25×4÷25×4”时，错误地算成了(25×4)÷(25×4)=1。正确的得数应该是多少？
hjb-primary-ds-v1-p4-146,P4,lower,fill-in,Foundation,hjb-primary-p4-lower-review-operation-properties,复习与提高,pass,none,,,填空答案明确，结合律运用正确。,25 × 36 = 25 × (4 × 9) = (25 × 4) × 9 = 100 × 9 = 900,计算 25 × 36，下面哪种方法用到了乘法结合律？
hjb-primary-ds-v1-p4-147,P4,lower,short-answer,Core,hjb-primary-p4-lower-review-operation-properties,复习与提高,pass,none,,,和倍问题典型，解答正确，验算合理。,科技书：240 ÷ (3 + 1) = 60（本），故事书：60 × 3 = 180（本）,学校图书馆新买来故事书和科技书共240本，其中故事书的本数是科技书的3倍。故事书和科技书各有多少本？请先写出数量关系，再列式解答。
hjb-primary-ds-v1-p4-148,P4,lower,multiple-choice,Foundation,hjb-primary-p4-lower-review-operation-properties,复习与提高,pass,none,,,分配律辨析清晰，选项设计合理。,48 × 12 = 48 × 10 + 48 × 2 = 480 + 96 = 576,下面哪道题的计算过程运用了乘法分配律？
hjb-primary-ds-v1-p4-149,P4,lower,fill-in,Core,hjb-primary-p4-lower-review-operation-properties,复习与提高,pass,none,,,加法结合律填空，答案正确。,58，42，加法结合律,"在下面的横线上填上合适的数，使计算简便，并写出运用了什么运算性质。\n167 + 58 + 42 = 167 + (____ + ____)，运用了________。"
hjb-primary-ds-v1-p4-150,P4,lower,short-answer,Foundation,hjb-primary-p4-lower-review-operation-properties,复习与提高,pass,none,,,和倍问题，解答正确，验算步骤完整。,"360 ÷ (2 + 1) = 120（千克）\n验算：苹果120×2=240千克，120+240=360千克，符合总重量。",水果店运来苹果和梨共360千克，苹果的重量是梨的2倍。运来的梨有多少千克？请列式解答，并说说你是怎样验算的。
hjb-primary-ds-v1-p4-151,P4,lower,multiple-choice,Core,hjb-primary-p4-lower-review-operation-properties,复习与提高,pass,none,,,题目考查乘法分配律，选项设置合理，答案正确，解释清晰。,125×80+125×8,计算 125×(80+8) 时，下面哪种方法既简便又正确？
hjb-primary-ds-v1-p4-152,P4,lower,fill-in,Foundation,hjb-primary-p4-lower-review-operation-properties,复习与提高,pass,none,,,题目考查带括号的除法逆运算，答案正确，解释合理。,10,在算式 480÷(6×□)=8 中，□里应填的数是______。
hjb-primary-ds-v1-p4-153,P4,lower,short-answer,Core,hjb-primary-p4-lower-review-operation-properties,复习与提高,pass,none,,,题目考查两步计算解决问题，数量关系与计算正确，符合要求。,每个书架放 60 本。数量关系：新书总本数 ÷ 书架个数 = 每个书架放的本数。12×25=300（本），300÷5=60（本）。,学校图书馆买来 12 包新书，每包 25 本。管理员准备把这些书平均放到 5 个书架上，每个书架放多少本？请写出数量关系再解答。
hjb-primary-ds-v1-p4-154,P4,lower,multiple-choice,Foundation,hjb-primary-p4-lower-review-operation-properties,复习与提高,pass,none,,,题目考查乘法分配律和结合律的辨析，选项D明显错误，答案正确。,36×5+5,下面哪个算式与 36×25 的计算结果不相等？
hjb-primary-ds-v1-p4-155,P4,lower,fill-in,Core,hjb-primary-p4-lower-review-operation-properties,复习与提高,pass,none,,,题目考查乘法分配律的拆分，答案1正确，解释合理。,1,用简便方法计算 78×101，第一步可以写成 78×100+78×______。
hjb-primary-ds-v1-p4-156,P4,lower,short-answer,Foundation,hjb-primary-p4-lower-review-operation-properties,复习与提高,pass,none,,,题目考查乘法结合律的简便计算，过程与解释正确。,125×32 = 125×(8×4) = (125×8)×4 = 1000×4 = 4000。运用了乘法结合律，把32拆成8×4，先算125×8得1000，再乘4，结果不变。,计算 125×32，你能用简便方法吗？写出计算过程，并说明为什么这样算结果不变。
hjb-primary-ds-v1-p4-157,P4,lower,multiple-choice,Core,hjb-primary-p4-lower-review-operation-properties,复习与提高,pass,none,,,题目考查乘法结合律的等价变形，选项B正确，其他选项错误。,9×(4×25),下面哪个算式与 36×25 的计算结果相等？
hjb-primary-ds-v1-p4-158,P4,lower,fill-in,Foundation,hjb-primary-p4-lower-review-operation-properties,复习与提高,pass,none,,,题目考查乘法结合律的拆分，答案4和9正确，顺序可交换，acceptedAnswers覆盖多种写法。,"4,9",在横线上填上合适的数，使计算简便： 25×36 = 25×____×____
hjb-primary-ds-v1-p4-159,P4,lower,short-answer,Core,hjb-primary-p4-lower-review-operation-properties,复习与提高,pass,none,,,题目考查连乘问题的数量关系和简便计算，答案正确，解释合理。,数量关系：总价=包数×每包本数×每本单价。12×25×8=12×(25×8)=12×200=2400（元）。答：一共花了2400元。,学校图书馆买来12包书，每包25本，每本书8元。买这些书一共花了多少元？先写出数量关系，再列式计算。
hjb-primary-ds-v1-p4-160,P4,lower,multiple-choice,Foundation,hjb-primary-p4-lower-review-operation-properties,复习与提高,pass,none,,,题目考查乘法分配律的常见错误辨析，选项C正确，解释清晰。,不对，因为125×48=125×(40+8)=125×40+125×8，他漏乘了125。,小马虎在计算 125×48 时，想用简便方法，他写成了 125×40+8。他的方法对吗？为什么？
hjb-primary-ds-v1-p4-161,P4,lower,fill-in,Core,hjb-primary-p4-lower-review-operation-properties,复习与提高,pass,none,,,题目考查简便方法的选择，方法一最简便，答案正确，acceptedAnswers覆盖多种格式。,方法一，4000,"计算 125×32 时，小胖想用运算性质使计算简便。下面哪种方法正确且简便？请写出你选择的方法和结果。\n方法一：125×32 = 125×8×4 = 1000×4 = 4000\n方法二：125×32 = (125×30) + (125×2) = 3750 + 250 = 4000\n方法三：125×32 = 125×16×2 = 2000×2 = 4000\n方法四：125×32 = 125×40 - 125×8 = 5000 - 1000 = 4000"
hjb-primary-ds-v1-p4-162,P4,lower,short-answer,Foundation,hjb-primary-p4-lower-decimals-meaning-add-sub,小数的认识与加减法,pass,none,,,题目考查小数大小比较，排序正确，acceptedAnswers覆盖常见写法。,0.65 > 0.605 > 0.6 > 0.56 > 0.065,"把下面各数按从大到小的顺序排列。\n0.6  0.605  0.65  0.56  0.065"
hjb-primary-ds-v1-p4-163,P4,lower,multiple-choice,Core,hjb-primary-p4-lower-decimals-meaning-add-sub,小数的认识与加减法,pass,none,,,题目考查小数性质，选项C正确，解释合理。,8.300,下面各数中，去掉“0”而大小不变的是（ ）。
hjb-primary-ds-v1-p4-164,P4,lower,fill-in,Foundation,hjb-primary-p4-lower-decimals-meaning-add-sub,小数的认识与加减法,pass,none,,,题目考查小数点移动，答案0.036正确。,0.036,把3.6的小数点向左移动两位，得到的数是（ ）。
hjb-primary-ds-v1-p4-165,P4,lower,short-answer,Core,hjb-primary-p4-lower-decimals-meaning-add-sub,小数的认识与加减法,pass,none,,,题目考查元角分转小数加法，计算正确，答案带单位。,7.45元,小亚买了一本笔记本，花了4元8角5分，又买了一支笔，花了2元6角。她一共花了多少元？请用小数计算。
hjb-primary-ds-v1-p4-166,P4,lower,multiple-choice,Foundation,hjb-primary-p4-lower-decimals-meaning-add-sub,小数的认识与加减法,pass,none,,,题目考查小数大小比较，答案小宇正确，解释清晰。,小宇,在跳远比赛中，小杰跳了1.52米，小宇跳了1.6米，小轩跳了1.49米。谁跳得最远？
hjb-primary-ds-v1-p4-167,P4,lower,fill-in,Core,hjb-primary-p4-lower-decimals-meaning-add-sub,小数的认识与加减法,pass,none,,,题目考查小数加法，答案3.95正确，解释合理。,3.95,计算：3.25 + 0.7 = ______
hjb-primary-ds-v1-p4-168,P4,lower,short-answer,Foundation,hjb-primary-p4-lower-decimals-meaning-add-sub,小数的认识与加减法,pass,none,,,题目考查小数比较，答案正确，acceptedAnswers覆盖多种表述。,0.5升更大,一瓶饮料的容量是0.5升，另一瓶是0.45升。哪一瓶的容量更大？请写出你的比较过程。
hjb-primary-ds-v1-p4-169,P4,lower,multiple-choice,Core,hjb-primary-p4-lower-decimals-meaning-add-sub,小数的认识与加减法,pass,none,,,题目正确，选项清晰，答案与解释一致。,4.02,下面哪个小数中的“2”表示2个百分之一？
hjb-primary-ds-v1-p4-170,P4,lower,fill-in,Foundation,hjb-primary-p4-lower-decimals-meaning-add-sub,小数的认识与加减法,pass,none,,,题目正确，答案80无误。,80,把0.8的小数点向右移动两位，得到的数是______。
hjb-primary-ds-v1-p4-171,P4,lower,short-answer,Core,hjb-primary-p4-lower-decimals-meaning-add-sub,小数的认识与加减法,pass,none,,,题目正确，答案与解释合理。,不正确。5元4角应该写成5.4元，而不是5.04元。因为1元=10角，4角=0.4元，所以5元4角=5.4元。5.04元表示5元0角4分，与5元4角不同。,小丽在超市买了一瓶果汁，价格是5元4角。她用小数表示这个价格，写成了5.04元。请判断她写得是否正确，并说明理由。
hjb-primary-ds-v1-p4-172,P4,lower,multiple-choice,Foundation,hjb-primary-p4-lower-decimals-meaning-add-sub,小数的认识与加减法,pass,none,,,题目正确，选项唯一，答案0.70无误。,0.70,下面四个小数中，哪一个与0.7相等？
hjb-primary-ds-v1-p4-173,P4,lower,fill-in,Core,hjb-primary-p4-lower-decimals-meaning-add-sub,小数的认识与加减法,pass,none,,,题目正确，计算过程和结果均无误。,正确，得数是5.05。,在计算3.25 + 1.8时，小明列竖式把两个小数的小数点对齐，然后从百分位开始加。百分位上5加0得5，十分位上2加8得10，向个位进1，十分位写0；个位上3加1再加进位1得5。他算出的结果是5.05。请你帮小明检查，他的计算正确吗？如果不正确，正确的得数应该是多少？
hjb-primary-ds-v1-p4-174,P4,lower,short-answer,Foundation,hjb-primary-p4-lower-decimals-meaning-add-sub,小数的认识与加减法,pass,none,,,题目正确，答案1.25米无误。,1.25米,一根绳子长2.6米，用去1.35米后，还剩多少米？请列竖式计算。
hjb-primary-ds-v1-p4-175,P4,lower,multiple-choice,Core,hjb-primary-p4-lower-decimals-meaning-add-sub,小数的认识与加减法,pass,none,,,题目正确，比较逻辑清晰，答案小浩无误。,小浩,在50米跑测试中，小杰的成绩是8.9秒，小宇的成绩是9.2秒，小浩的成绩是8.5秒，小轩的成绩是9.0秒。谁跑得最快？
hjb-primary-ds-v1-p4-176,P4,lower,fill-in,Foundation,hjb-primary-p4-lower-decimals-meaning-add-sub,小数的认识与加减法,pass,none,,,题目正确，比较过程合理，答案小宇无误。,小宇跳得更远。比较过程：1.6米可以看作1.60米，1.60＞1.56，所以1.6米＞1.56米。,在跳远比赛中，小杰跳了1.56米，小宇跳了1.6米。谁跳得更远？请写出比较的过程。
hjb-primary-ds-v1-p4-177,P4,lower,short-answer,Core,hjb-primary-p4-lower-decimals-meaning-add-sub,小数的认识与加减法,pass,none,,,题目正确，计算无误，答案3.75元。,3.75元,妈妈买苹果花了8.5元，买香蕉花了4.75元。买苹果比买香蕉多花了多少元？
hjb-primary-ds-v1-p4-178,P4,lower,multiple-choice,Foundation,hjb-primary-p4-lower-decimals-meaning-add-sub,小数的认识与加减法,pass,none,,,题目正确，比较过程严谨，答案0.699无误。,0.699,下面四个小数中，最大的是哪一个？
hjb-primary-ds-v1-p4-179,P4,lower,fill-in,Core,hjb-primary-p4-lower-decimals-meaning-add-sub,小数的认识与加减法,pass,none,,,题目正确，化简结果3.05无误。,3.05,把3.050化简，写成最简小数是______。
hjb-primary-ds-v1-p4-180,P4,lower,short-answer,Foundation,hjb-primary-p4-lower-decimals-meaning-add-sub,小数的认识与加减法,pass,none,,,题目正确，解题步骤清晰，答案0.6千克无误。,0.6千克,一桶油连桶重5.6千克，用去一半油后，连桶重3.1千克。桶重多少千克？
hjb-primary-ds-v1-p4-181,P4,lower,multiple-choice,Core,hjb-primary-p4-lower-decimals-meaning-add-sub,小数的认识与加减法,pass,none,,,题目正确，比较无误，答案小华。,小华,小明的身高是1.35米，小华的身高是1.4米。谁更高？
hjb-primary-ds-v1-p4-182,P4,lower,fill-in,Foundation,hjb-primary-p4-lower-decimals-meaning-add-sub,小数的认识与加减法,pass,none,,,题目正确，改写结果0.80无误。,0.80,把0.8改写成以百分之一为计数单位的数是______。
hjb-primary-ds-v1-p4-183,P4,lower,multiple-choice,Core,hjb-primary-p4-lower-decimals-meaning-add-sub,小数的认识与加减法,pass,none,,,题目正确，选项唯一，答案6.050无误。,6.050,下面各数中，去掉“0”后大小不变的是（ ）。
hjb-primary-ds-v1-p4-184,P4,lower,fill-in,Foundation,hjb-primary-p4-lower-decimals-meaning-add-sub,小数的认识与加减法,pass,none,,,题目正确，计算无误，答案4.08。,4.08,计算：3.6 + 0.48 = ______。
hjb-primary-ds-v1-p4-185,P4,lower,multiple-choice,Core,hjb-primary-p4-lower-line-statistics,统计,pass,none,,,题目正确，趋势判断无误，答案先上升后下降再上升。,先上升后下降再上升,下面是某地一周内每天最高气温的折线统计图数据：周一25°C，周二26°C，周三24°C，周四27°C，周五28°C，周六30°C，周日29°C。从周一到周六，气温的整体变化趋势是（ ）。
hjb-primary-ds-v1-p4-186,P4,lower,fill-in,Foundation,hjb-primary-p4-lower-line-statistics,统计,pass,none,,,题目正确，比较无误，答案星期三。,星期三,小丁记录了连续5天每天上午8时的室外气温，数据如下：星期一18℃，星期二20℃，星期三22℃，星期四21℃，星期五19℃。根据这些数据，星期几的气温最高？
hjb-primary-ds-v1-p4-187,P4,lower,multiple-choice,Core,hjb-primary-p4-lower-line-statistics,统计,pass,none,,,题目正确，答案与解释一致，无歧义。,气温下降了1℃,下面是某城市一周内每天下午2时的气温记录：星期一15℃，星期二17℃，星期三16℃，星期四18℃，星期五19℃，星期六20℃，星期日18℃。如果把这些数据画成折线统计图，横轴表示星期，纵轴表示气温，那么从星期二到星期三的线段表示什么？
hjb-primary-ds-v1-p4-188,P4,lower,fill-in,Foundation,hjb-primary-p4-lower-line-statistics,统计,pass,none,,,计算正确，答案4格，解释清晰。,4,小胖记录了自己一周内每天跳绳的个数：星期一120个，星期二135个，星期三130个，星期四140个，星期五125个。他打算画折线统计图，纵轴每格表示5个。如果纵轴从115开始，那么星期二的点应该画在纵轴从下往上数第几格的位置？
hjb-primary-ds-v1-p4-189,P4,lower,multiple-choice,Core,hjb-primary-p4-lower-line-statistics,统计,pass,none,,,选项B温差3℃最大，符合“最陡”，其他选项温差均小于3℃，答案正确。,第1天18℃，第2天21℃，第3天20℃，第4天22℃，第5天23℃，第6天24℃,小亚记录了连续6天每天中午12时的室内温度，并画了折线统计图。她发现第1天到第2天的线段最陡。下面哪组数据符合她的记录？
hjb-primary-ds-v1-p4-190,P4,lower,fill-in,Foundation,hjb-primary-p4-lower-line-statistics,统计,pass,none,,,直接比较数据，35页最少，对应第3周，答案正确。,第3周,小巧统计了自己连续4周每周阅读课外书的页数：第1周40页，第2周45页，第3周35页，第4周50页。根据这些数据，哪一周阅读页数最少？
hjb-primary-ds-v1-p4-191,P4,lower,multiple-choice,Core,hjb-primary-p4-lower-line-statistics,统计,pass,none,,,选项C正确，其他选项均有错误，解释合理。,星期六的气温比星期五低2℃,小丁记录了上海某公园一周内每天上午8时的气温，并制成折线统计图。横轴表示星期一到星期日，纵轴表示气温（℃），每格代表1℃。数据点依次为：星期一10℃，星期二12℃，星期三11℃，星期四14℃，星期五15℃，星期六13℃，星期日16℃。下列说法正确的是（ ）。
hjb-primary-ds-v1-p4-192,P4,lower,fill-in,Foundation,hjb-primary-p4-lower-line-statistics,统计,pass,none,,,计算相邻差值，第3到4天增加20个最多，答案正确。,"3,4",小胖记录了自己连续5天每天跳绳的个数，并绘制成折线统计图。横轴表示天数（第1天到第5天），纵轴表示跳绳个数，每格代表10个。数据点：第1天120个，第2天135个，第3天130个，第4天150个，第5天145个。请填空：跳绳个数增加最多的是从第______天到第______天。
hjb-primary-ds-v1-p4-193,P4,lower,multiple-choice,Core,hjb-primary-p4-lower-line-statistics,统计,pass,none,,,选项C正确，其他选项计算错误，解释清晰。,星期五到星期六高度增加了2厘米,小亚记录了某植物一周内每天的高度，并制成折线统计图。横轴表示星期一到星期日，纵轴表示高度（厘米），每格代表2厘米。数据点：星期一6厘米，星期二8厘米，星期三10厘米，星期四10厘米，星期五12厘米，星期六14厘米，星期日14厘米。根据统计图，下列说法正确的是（ ）。
hjb-primary-ds-v1-p4-194,P4,lower,fill-in,Foundation,hjb-primary-p4-lower-line-statistics,统计,pass,none,,,11时22℃最高，答案正确。,"11,22",小巧记录了某天上午8时到12时室外气温变化情况，并绘制成折线统计图。横轴表示时间（8时、9时、10时、11时、12时），纵轴表示气温（℃），每格代表1℃。数据点：8时15℃，9时17℃，10时20℃，11时22℃，12时21℃。请填空：从8时到12时，气温最高出现在______时，为______℃。
hjb-primary-ds-v1-p4-195,P4,lower,multiple-choice,Core,hjb-primary-p4-lower-line-statistics,统计,pass,none,,,选项D正确，其他选项错误，解释合理。,星期四和星期一做作业的时间相同,小丁丁记录了自己一周内每天做作业的时间，并制成折线统计图。横轴表示星期一到星期日，纵轴表示时间（分钟），每格代表5分钟。数据点：星期一30分钟，星期二25分钟，星期三35分钟，星期四30分钟，星期五40分钟，星期六20分钟，星期日15分钟。根据统计图，下列说法正确的是（ ）。
hjb-primary-ds-v1-p4-196,P4,lower,fill-in,Foundation,hjb-primary-p4-lower-line-statistics,统计,pass,none,,,数据整体上升，答案正确。,上升,小丁记录了连续5天每天上午10点的室外温度，数据如下：第1天18℃，第2天20℃，第3天19℃，第4天22℃，第5天25℃。如果把这些数据画成折线统计图，横轴表示天数，纵轴表示温度（单位：℃），那么从第1天到第5天，温度的整体变化趋势是______。（填“上升”或“下降”）
hjb-primary-ds-v1-p4-197,P4,lower,multiple-choice,Core,hjb-primary-p4-lower-line-statistics,统计,pass,none,,,星期四150个最多，答案正确，其他选项错误。,星期四跳绳个数最多,小胖记录了自己一周每天跳绳的个数，并画成了折线统计图。横轴是星期一到星期五，纵轴是跳绳个数（单位：个）。数据点：星期一120个，星期二135个，星期三130个，星期四150个，星期五140个。下列说法正确的是（ ）。
hjb-primary-ds-v1-p4-198,P4,lower,fill-in,Foundation,hjb-primary-p4-lower-line-statistics,统计,pass,none,,,20-10=10厘米，答案正确。,10,小亚测量了一棵植物在5周内每周一的高度，数据如下：第1周10厘米，第2周12厘米，第3周15厘米，第4周17厘米，第5周20厘米。如果画成折线统计图，横轴表示周数，纵轴表示高度（单位：厘米），那么从第1周到第5周，高度增加了______厘米。
hjb-primary-ds-v1-p4-199,P4,lower,multiple-choice,Core,hjb-primary-p4-lower-line-statistics,统计,pass,none,,,6月气温最高，选项C正确，其他选项错误。,6月气温最高，所以6月最热,小丁丁记录了某地连续6个月每月1日的平均气温，并画成折线统计图。横轴是月份（1月到6月），纵轴是气温（单位：℃）。数据点：1月2℃，2月5℃，3月9℃，4月14℃，5月19℃，6月24℃。下列说法正确的是（ ）。
hjb-primary-ds-v1-p4-200,P4,lower,fill-in,Foundation,hjb-primary-p4-lower-line-statistics,统计,pass,none,,,10页到9页减少，答案正确。,减少,小巧记录了自己连续4天每天阅读课外书的页数，并画成折线统计图。横轴是第1天到第4天，纵轴是页数（单位：页）。数据点：第1天8页，第2天10页，第3天9页，第4天12页。从第2天到第3天，阅读页数______了。（填“增加”或“减少”）
hjb-primary-ds-v1-p4-201,P4,lower,multiple-choice,Core,hjb-primary-p4-lower-line-statistics,统计,pass,none,,,温差总体增大，上升速度加快，选项A正确。,从1月到6月，气温一直在上升，且上升速度越来越快。,下面是某城市2023年1月至6月每月平均气温的折线统计图数据：1月5℃，2月8℃，3月12℃，4月18℃，5月23℃，6月28℃。根据这些数据，以下哪个趋势描述是正确的？
hjb-primary-ds-v1-p4-202,P4,lower,fill-in,Foundation,hjb-primary-p4-lower-line-statistics,统计,pass,none,,,第3到4天上升4℃最大，答案正确。,"3,4",小丁记录了连续5天每天上午8时的室外温度，并绘制成折线统计图。数据如下：第1天12℃，第2天15℃，第3天14℃，第4天18℃，第5天20℃。请填空：温度上升最快的是从第____天到第____天。
hjb-primary-ds-v1-p4-203,P4,lower,multiple-choice,Core,hjb-primary-p4-lower-line-statistics,统计,pass,none,,,总体上升，3月下降，选项B正确。,销售额总体呈上升趋势，但3月略有下降。,某商店上半年各月销售额如下：1月10万元，2月12万元，3月11万元，4月15万元，5月18万元，6月20万元。根据这些数据绘制的折线统计图，以下哪个结论是正确的？
hjb-primary-ds-v1-p4-204,P4,lower,fill-in,Foundation,hjb-primary-p4-lower-line-statistics,统计,pass,none,,,每格2厘米合适，答案合理。,2,根据下面的数据，在绘制折线统计图时，纵轴每格表示多少比较合适？数据：某学生1~6年级身高分别为120cm、126cm、132cm、138cm、145cm、152cm。请填空：纵轴每格可以表示____厘米。
hjb-primary-ds-v1-p4-205,P4,lower,multiple-choice,Core,hjb-primary-p4-lower-line-statistics,统计,pass,none,,,数据与选项一致，最高气温周五28℃，趋势先升后降，答案正确。,这一周气温先上升后下降，最高气温出现在周五。,下面是某城市一周内每天最高气温的折线统计图数据：周一22℃，周二24℃，周三23℃，周四26℃，周五28℃，周六27℃，周日25℃。根据这些数据，以下哪个说法是正确的？
hjb-primary-ds-v1-p4-206,P4,lower,fill-in,Foundation,hjb-primary-p4-lower-line-statistics,统计,pass,none,,,表格数据清晰，周五气温18℃，答案与acceptedAnswers匹配。,18,"下表记录了学校气象小组一周内每天下午2时的气温。\n\n| 星期 | 一 | 二 | 三 | 四 | 五 | 六 | 日 |\n|------|----|----|----|----|----|----|----|\n| 气温（℃） | 12 | 14 | 13 | 16 | 18 | 17 | 15 |\n\n根据表中数据，在折线统计图中，表示星期五气温的点应该画在横轴“五”的上方，纵轴对应（    ）℃的位置。"
hjb-primary-ds-v1-p4-207,P4,lower,multiple-choice,Core,hjb-primary-p4-lower-vertical-parallel-lines,几何小实践,pass,none,,,选项C正确，垂直定义是相交成直角，其他选项均有错误，解释合理。,C. 两条直线互相垂直，它们一定相交成直角。,"下面哪句话是正确的？\nA. 两条直线相交，它们一定互相垂直。\nB. 在同一平面内，不相交的两条直线叫做平行线。\nC. 两条直线互相垂直，它们一定相交成直角。\nD. 两条直线互相平行，它们一定长度相等。"
hjb-primary-ds-v1-p4-208,P4,lower,fill-in,Foundation,hjb-primary-p4-lower-vertical-parallel-lines,几何小实践,pass,none,,,画垂线需用直角边，答案“直角”或“直角边”均可，符合操作。,直角,用三角尺画一条直线L的垂线时，应该把三角尺的一条（    ）边与直线L重合，然后沿另一条直角边画线。
hjb-primary-ds-v1-p4-209,P4,lower,multiple-choice,Core,hjb-primary-p4-lower-vertical-parallel-lines,几何小实践,pass,none,,,平行线特征为距离处处相等，选项B正确，其他选项为相交或重合。,B. 两条直线之间的距离处处相等。,"下面哪组直线是互相平行的？\nA. 两条直线相交成60°角。\nB. 两条直线之间的距离处处相等。\nC. 两条直线相交成90°角。\nD. 两条直线有无数个交点。"
hjb-primary-ds-v1-p4-210,P4,lower,fill-in,Foundation,hjb-primary-p4-lower-vertical-parallel-lines,几何小实践,pass,none,,,垂直于同一直线的两直线平行，答案“平行”或“互相平行”正确。,平行,在同一平面内，如果直线a垂直于直线b，直线b垂直于直线c，那么直线a和直线c互相（    ）。
hjb-primary-ds-v1-p4-211,P4,lower,multiple-choice,Core,hjb-primary-p4-lower-vertical-parallel-lines,几何小实践,pass,none,,,垂直需90°角，选项B正确，其他角度或不相交均不符合。,B,"下面哪组直线互相垂直？\nA. 两条直线相交成85°角\nB. 两条直线相交成90°角\nC. 两条直线相交成95°角\nD. 两条直线没有交点"
hjb-primary-ds-v1-p4-212,P4,lower,fill-in,Foundation,hjb-primary-p4-lower-vertical-parallel-lines,几何小实践,pass,none,,,答案描述画垂线操作正确，acceptedAnswers覆盖多种表述。,一条直角边与直线L重合，另一条直角边紧贴直线L,用三角尺画一条直线L的垂线时，三角尺的直角边应该与直线L怎样放置？
hjb-primary-ds-v1-p4-213,P4,lower,multiple-choice,Core,hjb-primary-p4-lower-vertical-parallel-lines,几何小实践,pass,none,,,过直线外一点只能画一条垂线，选项D正确，其他选项均有误。,D,"下面哪句话是正确的？\nA. 两条直线不相交就一定平行\nB. 两条直线相交就一定垂直\nC. 过直线外一点可以画无数条已知直线的平行线\nD. 过直线外一点只能画一条已知直线的垂线"
hjb-primary-ds-v1-p4-214,P4,lower,fill-in,Foundation,hjb-primary-p4-lower-vertical-parallel-lines,几何小实践,pass,none,,,垂直于同一直线的两直线平行，答案“互相平行”或“平行”正确。,互相平行,在同一平面内，如果直线a与直线b互相垂直，直线b与直线c互相垂直，那么直线a与直线c的位置关系是______。
hjb-primary-ds-v1-p4-215,P4,lower,multiple-choice,Core,hjb-primary-p4-lower-vertical-parallel-lines,几何小实践,pass,none,,,画平行线第一步用三角尺直角边贴住直尺，选项A正确。,A,"用三角尺和直尺画平行线时，第一步应该做什么？\nA. 用三角尺的一条直角边贴住直尺\nB. 用三角尺画一条直线\nC. 用直尺画一条直线\nD. 把三角尺和直尺分开"
hjb-primary-ds-v1-p4-216,P4,lower,fill-in,Foundation,hjb-primary-p4-lower-vertical-parallel-lines,几何小实践,pass,none,,,垂直定义，答案“垂直”正确。,垂直,在同一平面内，如果两条直线相交成直角，就说这两条直线互相______。
hjb-primary-ds-v1-p4-217,P4,lower,multiple-choice,Core,hjb-primary-p4-lower-vertical-parallel-lines,几何小实践,pass,none,,,平行线定义是不相交，选项“无论怎么延长都不相交”正确。,两条直线无论怎么延长都不相交,下面哪组直线是互相平行的？
hjb-primary-ds-v1-p4-218,P4,lower,fill-in,Foundation,hjb-primary-p4-lower-vertical-parallel-lines,几何小实践,pass,none,,,画垂线需重合，答案“重合”正确。,重合,用三角尺画垂线时，需要将三角尺的一条直角边与已知直线______。
hjb-primary-ds-v1-p4-219,P4,lower,multiple-choice,Core,hjb-primary-p4-lower-vertical-parallel-lines,几何小实践,pass,none,,,垂直定义是相交成直角，选项正确，其他选项均有错误。,互相垂直的两条直线一定相交成直角,下面说法正确的是哪一个？
hjb-primary-ds-v1-p4-220,P4,lower,fill-in,Foundation,hjb-primary-p4-lower-vertical-parallel-lines,几何小实践,pass,none,,,过直线外一点只能画一条平行线，答案“一”或“1”正确。,一,在同一平面内，过直线外一点可以画______条直线与已知直线平行。
hjb-primary-ds-v1-p4-221,P4,lower,multiple-choice,Core,hjb-primary-p4-lower-vertical-parallel-lines,几何小实践,pass,none,,,垂直定义是相交成直角，选项正确，其他选项混淆概念。,两条直线相交成直角时，这两条直线互相垂直。,下面哪句话正确描述了“垂直”？（    ）
hjb-primary-ds-v1-p4-222,P4,lower,fill-in,Foundation,hjb-primary-p4-lower-vertical-parallel-lines,几何小实践,pass,none,,,平行线定义，答案“平行线”正确。,平行线,在同一平面内，不相交的两条直线叫做（    ）。
hjb-primary-ds-v1-p4-223,P4,lower,multiple-choice,Core,hjb-primary-p4-lower-vertical-parallel-lines,几何小实践,pass,none,,,题目正确，选项清晰，答案唯一，解释合理。,把三角尺的一条直角边与已知直线重合，沿另一条直角边画线。,用三角尺画垂线时，下面哪种做法是正确的？（    ）
hjb-primary-ds-v1-p4-224,P4,lower,fill-in,Foundation,hjb-primary-p4-lower-vertical-parallel-lines,几何小实践,pass,none,,,题目正确，答案唯一，解释合理。,直尺,过直线外一点画已知直线的平行线，一般需要用到（    ）和三角尺。
hjb-primary-ds-v1-p4-225,P4,lower,multiple-choice,Core,hjb-primary-p4-lower-vertical-parallel-lines,几何小实践,pass,none,,,题目正确，选项清晰，答案唯一，解释合理。,两条直线无论怎样延长都不相交。,下面哪组直线是互相平行的？（    ）
hjb-primary-ds-v1-p4-226,P4,lower,fill-in,Foundation,hjb-primary-p4-lower-vertical-parallel-lines,几何小实践,pass,none,,,题目正确，答案唯一，解释合理。,竖直，垂直,"在方格纸上，有一条直线经过点A(2,1)和点B(2,5)。小明说：“这条直线是竖直的。”小丽说：“这条直线与水平方向互相垂直。”你认为谁说得对？为什么？请填空：这条直线是______的，它与水平方向互相______。"
hjb-primary-ds-v1-p4-227,P4,lower,multiple-choice,Core,hjb-primary-p4-lower-vertical-parallel-lines,几何小实践,pass,none,,,题目正确，选项清晰，答案唯一，解释合理。,让三角尺的直角边对齐已知直线，沿另一条直角边画线,用三角尺画一条直线，使它和已知直线互相垂直。下面哪一项是画图时必须做到的？
hjb-primary-ds-v1-p4-228,P4,lower,fill-in,Core,hjb-primary-p4-lower-vertical-parallel-lines,几何小实践,pass,none,,,题目正确，答案唯一，解释合理。,垂直,在同一平面内，有两条直线a和b。已知直线a与直线b互相垂直，且直线b与直线c互相平行。那么直线a与直线c的位置关系是什么？请填写“垂直”或“平行”。
hjb-primary-ds-v1-p4-229,P4,lower,multiple-choice,Core,hjb-primary-p4-lower-review-integration,四年级下册整理与提高,pass,none,,,题目正确，选项清晰，答案唯一，解释合理。,小丁说：0.5就是十分之五，也就是一半。,在数学整理课上，老师让同学们用不同方式表示“0.5”。下面哪位同学的说法是正确的？
hjb-primary-ds-v1-p4-230,P4,lower,fill-in,Core,hjb-primary-p4-lower-review-integration,四年级下册整理与提高,pass,none,,,题目正确，答案唯一，解释合理。,3.1；平行；3月到4月,"小雅在整理本学期数学知识时，需要完成以下任务：\n1. 将小数 3.148 用“五舍六入”法保留一位小数，结果是（ ）。\n2. 在同一平面内，如果直线 a 垂直于直线 b，直线 b 垂直于直线 c，那么直线 a 与直线 c 的位置关系是（ ）。\n3. 观察下面折线统计图描述的数据：某城市2024年1月至6月的月平均气温分别为5℃、8℃、14℃、21℃、25℃、28℃。从几月到几月气温上升最快？答：（ ）月到（ ）月。\n请按顺序填写三个答案，用中文分号“；”隔开。"
hjb-primary-ds-v1-p4-231,P4,lower,multiple-choice,Core,hjb-primary-p4-lower-review-integration,四年级下册整理与提高,pass,none,,,题目正确，选项清晰，答案唯一，解释合理。,7.77,在计算一道小数加法时，小马虎把其中一个加数3.68看成了3.86，得到的和是7.95。正确的和应该是多少？
hjb-primary-ds-v1-p4-232,P4,lower,fill-in,Core,hjb-primary-p4-lower-review-integration,四年级下册整理与提高,pass,none,,,题目正确，答案唯一，解释合理。,4.60,把4.596精确到百分位，得到的近似数是______。
hjb-primary-ds-v1-p4-233,P4,lower,multiple-choice,Core,hjb-primary-p4-lower-review-integration,四年级下册整理与提高,pass,none,,,题目正确，选项清晰，答案唯一，解释合理。,B,下面哪一组中的两条直线是互相垂直的？选项A：直线a和直线b相交成85°角；选项B：直线c和直线d相交成90°角；选项C：直线e和直线f相交成95°角；选项D：直线g和直线h没有相交。
hjb-primary-ds-v1-p4-234,P4,lower,fill-in,Core,hjb-primary-p4-lower-review-integration,四年级下册整理与提高,pass,none,,,题目正确，答案唯一，解释合理。,"(5,8)","小丁丁站在点(3,5)处，他先向东走2格，再向北走3格，最后到达点______。"
hjb-primary-ds-v1-p4-235,P4,lower,multiple-choice,Core,hjb-primary-p4-lower-review-integration,四年级下册整理与提高,pass,none,,,题目正确，选项清晰，答案唯一，解释合理。,持续上升,下面是某地一周内每天最高气温的折线统计图数据：星期一25°C，星期二26°C，星期三27°C，星期四28°C，星期五29°C，星期六30°C，星期日31°C。这一周最高气温的总体变化趋势是怎样的？
hjb-primary-ds-v1-p4-236,P4,lower,fill-in,Core,hjb-primary-p4-lower-review-integration,四年级下册整理与提高,pass,none,,,题目正确，答案唯一，解释合理。,3.54,小胖用“五舍六入”法将一个小数保留一位小数后得到 3.5。这个小数最大可能是多少？
hjb-primary-ds-v1-p4-237,P4,lower,multiple-choice,Core,hjb-primary-p4-lower-review-integration,四年级下册整理与提高,pass,none,,,题目正确，选项清晰，答案唯一，解释合理。,两条直线无论怎样延长都不相交,下面哪一组中的两条直线互相平行？
hjb-primary-ds-v1-p4-238,P4,lower,fill-in,Core,hjb-primary-p4-lower-review-integration,四年级下册整理与提高,pass,none,,,题目正确，答案唯一，解释合理。,折线统计图,小丁丁记录了连续五天的最高气温，分别是 23℃、25℃、24℃、26℃、27℃。他想用统计图表示气温的变化情况，应该选择什么统计图？
hjb-primary-ds-v1-p4-239,P4,lower,multiple-choice,Core,hjb-primary-p4-lower-review-integration,四年级下册整理与提高,pass,none,,,题目正确，选项清晰，答案唯一，解释合理。,不对，因为 12.56 + 7.4 = 19.96,小亚在计算 12.56 + 7.4 时，得到的和是 20.00。她算得对吗？
hjb-primary-ds-v1-p4-240,P4,lower,fill-in,Core,hjb-primary-p4-lower-review-integration,四年级下册整理与提高,pass,none,,,题目正确，答案唯一，解释合理。,232,学校图书馆有一批新书，故事书有 125 本，科技书比故事书的 2 倍少 18 本。科技书有多少本？
hjb-primary-ds-v1-p4-241,P4,lower,multiple-choice,Core,hjb-primary-p4-lower-review-integration,四年级下册整理与提高,pass,none,,,题目考查四舍五入，答案正确，解释合理。,3.5,在计算小数近似数时，小马虎把“五舍六入”的规则用错了。他把3.546保留一位小数，结果写成了3.5。正确的近似数应该是多少？
hjb-primary-ds-v1-p4-242,P4,lower,multiple-choice,Core,hjb-primary-p4-lower-review-integration,四年级下册整理与提高,pass,none,,,垂直判断正确，选项A和D符合，答案无误。,A和D,下面哪组直线互相垂直？A. 长方形相邻的两条边；B. 平行四边形相对的两条边；C. 梯形的一条腰和上底；D. 三角形的一条边和它的高所在的直线。
hjb-primary-ds-v1-p4-243,P4,lower,multiple-choice,Core,hjb-primary-p4-lower-review-integration,四年级下册整理与提高,pass,none,,,条形统计图适合比较离散类别，答案正确。,条形统计图更适合比较不同水果的人数,下面是四（1）班同学最喜欢的水果人数统计：苹果12人，香蕉8人，橘子10人，葡萄6人。要清楚比较喜欢每种水果的人数，下面说法正确的是？
hjb-primary-ds-v1-p4-244,P4,lower,multiple-choice,Core,hjb-primary-p4-lower-review-integration,四年级下册整理与提高,pass,none,,,横线与竖线垂直，不是平行，答案正确。,一条横线和一条竖线,小丁丁在方格纸上画了两条直线，他说这两条直线互相平行。下面哪种情况他说的不对？
hjb-primary-ds-v1-p4-245,P4,lower,multiple-choice,Core,hjb-primary-p4-lower-review-integration,四年级下册整理与提高,pass,none,,,"正后方列不变行加1，数对(3,6)正确。","（3,6）","用数对表示位置时，小胖坐在教室的第3列第5行，用数对（3,5）表示。小亚坐在小胖的正后方第一个位置，小亚的位置用数对表示是？"
hjb-primary-ds-v1-p4-246,P4,lower,multiple-choice,Core,hjb-primary-p4-lower-review-integration,四年级下册整理与提高,pass,none,,,五舍六入规则应用正确，3.55舍去百分位5得3.5。,3.55,小马虎用“五舍六入”法将一个小数保留一位小数后得到 3.5。下面哪个数可能是原来的小数？
hjb-primary-ds-v1-p4-247,P4,lower,multiple-choice,Core,hjb-primary-p4-lower-review-integration,四年级下册整理与提高,pass,none,,,平行线定义准确，选项B符合。,直线c与直线d在同一平面内，且它们之间的距离处处相等,下面哪一组直线互相平行？
hjb-primary-ds-v1-p4-248,P4,lower,multiple-choice,Core,hjb-primary-p4-lower-review-integration,四年级下册整理与提高,pass,none,,,数据整体上升且周三到周四上升最快，D符合。,周一18℃，周二20℃，周三21℃，周四25℃，周五26℃,学校气象小组记录了一周每天上午8时的气温，并制成折线统计图。从图中看出，气温整体呈上升趋势，且周三到周四上升最快。下面哪组数据符合这个描述？
hjb-primary-ds-v1-p4-249,P4,lower,multiple-choice,Core,hjb-primary-p4-lower-review-integration,四年级下册整理与提高,pass,none,,,"右侧同桌同行相邻列，数对(5,3)正确。",（5，3）,用数对表示位置时，小军在教室的位置是（4，3），他的右侧同桌与他在同一行、相邻一列。下面哪个数对可能是他右侧同桌的位置？
hjb-primary-ds-v1-p4-250,P4,lower,multiple-choice,Core,hjb-primary-p4-lower-review-integration,四年级下册整理与提高,pass,none,,,五舍六入后得2.0，1.96符合，计算正确。,1.96,下面哪个小数在“五舍六入”保留一位小数后是 2.0？
hjb-primary-ds-v1-p5-001,P5,upper,multiple-choice,Core,hjb-primary-p5-upper-decimal-operations,小数乘除法与估算,pass,none,,,小数乘法与减法应用，答案0.5元正确。,0.5元,妈妈买了2.5千克苹果，每千克7.8元。她付了20元，应找回多少元？
hjb-primary-ds-v1-p5-002,P5,upper,fill-in,Foundation,hjb-primary-p5-upper-decimal-operations,小数乘除法与估算,pass,none,,,小数除法计算正确，答案9。,9,计算：3.6÷0.4=？
hjb-primary-ds-v1-p5-003,P5,upper,short-answer,Challenge,hjb-primary-p5-upper-decimal-operations,小数乘除法与估算,pass,none,,,商不变性质，错误与正确商均为8，解释合理。,错误的商是8，正确的商是8,小明在计算一道小数除法时，把被除数7.2看成了72，除数0.9看成了9，他算出的商是多少？正确的商应该是多少？请写出你的思考过程。
hjb-primary-ds-v1-p5-004,P5,upper,multiple-choice,Exam,hjb-primary-p5-upper-decimal-operations,小数乘除法与估算,pass,none,,,估算合理，4×3=12，答案正确。,4×3=12,一种彩带每米售价4.5元，王老师买了3.6米。下面哪个算式可以估算出总价大约是多少元？
hjb-primary-ds-v1-p5-005,P5,upper,fill-in,Core,hjb-primary-p5-upper-decimal-operations,小数乘除法与估算,pass,none,,,小数乘法积的小数位数正确，3.22无误。,3.22,根据14×23=322，直接写出下面算式的积：1.4×2.3=？
hjb-primary-ds-v1-p5-006,P5,upper,short-answer,Foundation,hjb-primary-p5-upper-decimal-operations,小数乘除法与估算,pass,none,,,计算与保留两位小数正确，答案3.23米。,3.23米,小杰用一根长12.5米的彩带包装礼物。他先剪下2.8米，剩下的彩带平均分成3段。每段彩带长多少米？先估算，再列式计算，结果保留两位小数。
hjb-primary-ds-v1-p5-007,P5,upper,multiple-choice,Challenge,hjb-primary-p5-upper-decimal-operations,小数乘除法与估算,pass,none,,,除数小于1时商大于被除数，0.96÷0.8正确。,0.96÷0.8,下面哪个算式的商大于1？
hjb-primary-ds-v1-p5-008,P5,upper,fill-in,Exam,hjb-primary-p5-upper-decimal-operations,小数乘除法与估算,pass,none,,,积的变化规律应用正确，三个答案均无误。,8.64；0.0864；8.64,"根据24×36＝864，直接写出下面各题的积。\n2.4×3.6＝______\n0.24×0.36＝______\n240×0.036＝______"
hjb-primary-ds-v1-p5-009,P5,upper,short-answer,Core,hjb-primary-p5-upper-decimal-operations,小数乘除法与估算,pass,none,,,题目完整，计算正确，估算合理，答案与解释一致。,31元,妈妈买了2.5千克苹果，每千克苹果7.6元。她付给收银员50元，应找回多少元？先估算，再计算，并检查结果是否合理。
hjb-primary-ds-v1-p5-010,P5,upper,multiple-choice,Foundation,hjb-primary-p5-upper-decimal-operations,小数乘除法与估算,pass,none,,,选项计算正确，积最大为0.56，答案无误。,0.7×0.8,下面哪个算式的积最大？
hjb-primary-ds-v1-p5-011,P5,upper,fill-in,Challenge,hjb-primary-p5-upper-decimal-operations,小数乘除法与估算,pass,none,,,除数计算正确，正确商0.38，估算合理，答案与解释一致。,正确的商是 0.38。估算方法：被除数 4.56 约是 4.5，除数不变，商应约为 4.5 ÷ 12 = 0.375，接近 0.38。,小杰在计算一道小数除法时，将被除数 4.56 错看成了 45.6，除数不变，得到的商是 3.8。请你先估算正确的商大约是多少，再计算出正确的商，并说明你的估算方法。
hjb-primary-ds-v1-p5-012,P5,upper,short-answer,Exam,hjb-primary-p5-upper-decimal-operations,小数乘除法与估算,pass,none,,,计算正确，估算合理，找回21.7元，答案与解释一致。,估算：苹果约 2.5×8=20 元，香蕉约 1.6×5.5≈8.8 元，总价约 28.8 元，找回约 21.2 元。计算：2.5×7.8=19.5 元，1.6×5.5=8.8 元，总价 28.3 元，50-28.3=21.7 元。找回 21.7 元合理。,妈妈买了 2.5 千克苹果，每千克 7.8 元；又买了 1.6 千克香蕉，每千克 5.5 元。她付了 50 元，应找回多少元？请先估算总价的范围，再列式计算，并判断找回的钱是否合理。
hjb-primary-ds-v1-p5-013,P5,upper,multiple-choice,Core,hjb-primary-p5-upper-decimal-operations,小数乘除法与估算,pass,none,,,选项计算正确，0.042×0.73=0.03066最小，答案无误。,0.042 × 0.73,下列算式中，积最小的是哪一个？
hjb-primary-ds-v1-p5-014,P5,upper,fill-in,Foundation,hjb-primary-p5-upper-decimal-operations,小数乘除法与估算,pass,none,,,根据小数乘法法则，积为3.45，答案正确。,3.45,根据 23 × 15 = 345，直接写出下面算式的积：2.3 × 1.5 = ______。
hjb-primary-ds-v1-p5-015,P5,upper,short-answer,Challenge,hjb-primary-p5-upper-decimal-operations,小数乘除法与估算,pass,none,,,宽2米，新面积9.6平方米，计算正确，答案与解释一致。,宽：7.2 ÷ 3.6 = 2 米；新长：3.6 + 1.2 = 4.8 米；新面积：4.8 × 2 = 9.6 平方米。,一个长方形的面积是 7.2 平方米，长是 3.6 米。如果宽不变，长增加 1.2 米，那么新的长方形面积是多少平方米？请先写出数量关系，再列式计算。
hjb-primary-ds-v1-p5-016,P5,upper,multiple-choice,Exam,hjb-primary-p5-upper-decimal-operations,小数乘除法与估算,pass,none,,,估算总价约28元，找回约22元，实际21.86元最接近22元，答案正确。,大约22元,妈妈买了2.5千克苹果，每千克7.8元；又买了1.6千克香蕉，每千克5.4元。她付了50元，应找回多少元？下面哪个估算结果最接近实际应找回的金额？
hjb-primary-ds-v1-p5-017,P5,upper,fill-in,Core,hjb-primary-p5-upper-decimal-operations,小数乘除法与估算,pass,none,,,根据小数乘除法法则，答案6.45、0.0645、15正确。,6.45; 0.0645; 15,"根据43×15=645，直接写出下面各题的得数：\n4.3×1.5=______\n0.43×0.15=______\n6.45÷0.43=______"
hjb-primary-ds-v1-p5-018,P5,upper,short-answer,Foundation,hjb-primary-p5-upper-decimal-operations,小数乘除法与估算,pass,none,,,正确商1.2，除数10.5，计算正确，答案与解释一致。,10.5,小明在计算一道小数除法时，把被除数12.6错看成了126，得到的商比正确的商大了10.8。这道题原来的除数是多少？
hjb-primary-ds-v1-p5-019,P5,upper,multiple-choice,Challenge,hjb-primary-p5-upper-decimal-operations,小数乘除法与估算,pass,none,,,除以小于1的数商最大，3.6÷0.99最大，答案正确。,3.6÷0.99,下面算式中，计算结果最大的是哪一个？
hjb-primary-ds-v1-p5-020,P5,upper,fill-in,Exam,hjb-primary-p5-upper-decimal-operations,小数乘除法与估算,pass,none,,,估算170，精确153，保留整数153，答案正确。,170; 153; 153,"一种大豆每千克可榨油0.18千克。现有大豆850千克，大约可榨油多少千克？请先估算，再计算，并把结果保留整数。\n估算：850×0.18≈______千克\n计算：850×0.18=______千克≈______千克（保留整数）"
hjb-primary-ds-v1-p5-021,P5,upper,short-answer,Core,hjb-primary-p5-upper-decimal-operations,小数乘除法与估算,pass,none,,,最多6个，剩下0.3米，计算正确，答案与解释一致。,6个，0.3米,小杰用一根长4.8米的彩带包装礼物，每包装一个礼物需要0.75米彩带。他最多能包装多少个礼物？包装完后，剩下的彩带长多少米？
hjb-primary-ds-v1-p5-022,P5,upper,multiple-choice,Foundation,hjb-primary-p5-upper-decimal-operations,小数乘除法与估算,pass,none,,,乘大于1的数积大于原数，3.6×1.1正确。,3.6×1.1,下列算式中，积大于第一个因数的是哪一个？
hjb-primary-ds-v1-p5-023,P5,upper,fill-in,Challenge,hjb-primary-p5-upper-decimal-operations,小数乘除法与估算,pass,none,,,积为0.84，小数位数正确，答案无误。,0.84,计算2.4×0.35时，先算24×35=840，然后看两个因数中一共有几位小数，就从积的右边起数出几位点上小数点。2.4×0.35的积是______。
hjb-primary-ds-v1-p5-024,P5,upper,short-answer,Exam,hjb-primary-p5-upper-decimal-operations,小数乘除法与估算,pass,none,,,油重11.4千克，桶重1.1千克，计算正确，答案与解释一致。,油重11.4千克，桶重1.1千克,学校食堂买来一桶油，连桶重12.5千克。用去一半油后，连桶重6.8千克。原来油重多少千克？桶重多少千克？
hjb-primary-ds-v1-p5-025,P5,upper,multiple-choice,Core,hjb-primary-p5-upper-decimal-operations,小数乘除法与估算,pass,none,,,5.4÷6商小于1，其他商大于或等于1，答案正确。,5.4÷6,下面哪个算式的商小于1？
hjb-primary-ds-v1-p5-026,P5,upper,fill-in,Foundation,hjb-primary-p5-upper-decimal-operations,小数乘除法与估算,pass,none,,,2.4÷0.15=16，计算正确，答案无误。,16,小明用一根长 2.4 米的绳子，剪成每段 0.15 米长的短绳。他最多可以剪出多少段？
hjb-primary-ds-v1-p5-027,P5,upper,short-answer,Challenge,hjb-primary-p5-upper-decimal-operations,小数乘除法与估算,pass,none,,,题目正确，估算与计算过程合理，答案准确。,3.6,一个长方形的面积是 8.64 平方米，宽是 2.4 米。它的长是多少米？先估算再计算，并说明估算方法。
hjb-primary-ds-v1-p5-028,P5,upper,multiple-choice,Exam,hjb-primary-p5-upper-decimal-operations,小数乘除法与估算,pass,none,,,选项清晰，商大于1的判断正确，答案无误。,2.34 ÷ 1.8,下列算式中，商大于 1 的是哪一个？
hjb-primary-ds-v1-p5-029,P5,upper,fill-in,Core,hjb-primary-p5-upper-decimal-operations,小数乘除法与估算,pass,none,,,小数位数判断正确，答案“三”或“3”均合理。,三,计算 0.25 × 4.8 时，可以先算 25 × 48 = 1200，然后根据因数的小数位数确定积的小数点位置。0.25 有两位小数，4.8 有一位小数，积应该有（ ）位小数。
hjb-primary-ds-v1-p5-030,P5,upper,short-answer,Foundation,hjb-primary-p5-upper-decimal-operations,小数乘除法与估算,pass,none,,,计算正确，找回20.6元，估算合理。,20.6,妈妈买了 3.5 千克苹果，每千克 8.4 元。她付了 50 元，应找回多少元？
hjb-primary-ds-v1-p5-031,P5,upper,multiple-choice,Challenge,hjb-primary-p5-upper-decimal-operations,小数乘除法与估算,pass,none,,,选项设置合理，正确指出错误并给出正确结果1.2。,他算错了，因为 0.48 × 2.5 应该等于 1.2,小杰计算 0.48 × 2.5，他先算 48 × 25 = 1200，然后根据因数的小数位数确定积的小数点位置，得到 0.48 × 2.5 = 0.12。下面哪种说法正确？
hjb-primary-ds-v1-p5-032,P5,upper,fill-in,Exam,hjb-primary-p5-upper-decimal-operations,小数乘除法与估算,pass,none,,,答案正确，6杯剩0.06升，符合实际取整和余数计算。,6杯，还剩0.06升,一瓶果汁有 1.5 升。妈妈用容量是 0.24 升的杯子倒果汁，最多能倒满几杯？还剩多少升？
hjb-primary-ds-v1-p5-033,P5,upper,short-answer,Core,hjb-primary-p5-upper-equations-relationships,用字母表示数与简易方程,pass,none,,,代数式与代入计算均正确，答案85元无误。,5a−3b；多付85元,学校买来一些足球和篮球，足球每个 a 元，买了 5 个；篮球每个 b 元，买了 3 个。用式子表示买足球比买篮球多付的钱数。当 a=68，b=85 时，买足球比买篮球多付多少元？
hjb-primary-ds-v1-p5-034,P5,upper,multiple-choice,Foundation,hjb-primary-p5-upper-equations-relationships,用字母表示数与简易方程,pass,none,,,方程定义清晰，选项B正确。,7y − 2 = 19,下面哪个式子是方程？
hjb-primary-ds-v1-p5-035,P5,upper,fill-in,Challenge,hjb-primary-p5-upper-equations-relationships,用字母表示数与简易方程,pass,none,,,方程求解正确，x=5。,5,已知 x 的 3 倍加上 4 等于 19，求 x 的值。
hjb-primary-ds-v1-p5-036,P5,upper,short-answer,Exam,hjb-primary-p5-upper-equations-relationships,用字母表示数与简易方程,pass,none,,,方程列式与求解正确，故事书105本，科技书35本。,科技书有35本，故事书有105本,学校图书馆有一批新书，故事书的本数是科技书的3倍。如果故事书借出15本后，剩下的故事书比科技书多20本。设科技书有x本，请列出方程并求出科技书和故事书各有多少本。
hjb-primary-ds-v1-p5-037,P5,upper,multiple-choice,Core,hjb-primary-p5-upper-equations-relationships,用字母表示数与简易方程,pass,none,,,方程列式正确，选项A无误。,5x + 3(x+2) = 16,小华买了5支铅笔和3本笔记本，共花了16元。已知每本笔记本比每支铅笔贵2元。设每支铅笔的价格为x元，下面哪个方程是正确的？
hjb-primary-ds-v1-p5-038,P5,upper,fill-in,Foundation,hjb-primary-p5-upper-equations-relationships,用字母表示数与简易方程,pass,none,,,长2x，方程2(x+2x)=36正确，也可写6x=36，但给定答案符合要求。,"2x, 2(x+2x)=36",一个长方形的长是宽的2倍，周长是36厘米。设宽为x厘米，则长为______厘米，列出方程______。
hjb-primary-ds-v1-p5-039,P5,upper,short-answer,Challenge,hjb-primary-p5-upper-equations-relationships,用字母表示数与简易方程,pass,none,,,方程与求解正确，乙车32千米/时，甲车48千米/时。,乙车速度32千米/时，甲车速度48千米/时,甲、乙两车从相距240千米的两地同时出发，相向而行，3小时后相遇。甲车的速度是乙车的1.5倍。设乙车速度为x千米/时，请列出方程并求出两车的速度。
hjb-primary-ds-v1-p5-040,P5,upper,multiple-choice,Exam,hjb-primary-p5-upper-equations-relationships,用字母表示数与简易方程,pass,none,,,方程列式正确，选项A无误。,x + (2x - 30) = 120,水果店运来苹果和梨共120千克，苹果的质量比梨的2倍少30千克。设梨的质量为x千克，下面哪个方程是正确的？
hjb-primary-ds-v1-p5-041,P5,upper,fill-in,Core,hjb-primary-p5-upper-equations-relationships,用字母表示数与简易方程,pass,none,,,方程x+3x=360正确。,x + 3x = 360,学校图书馆有故事书和科技书共360本，其中故事书的本数是科技书的3倍。设科技书有x本，可以列出方程：______。
hjb-primary-ds-v1-p5-042,P5,upper,short-answer,Foundation,hjb-primary-p5-upper-equations-relationships,用字母表示数与简易方程,pass,none,,,代数式(a-b)÷5正确。,(a - b) ÷ 5,小明买了5支同样的钢笔，付了a元，找回b元。每支钢笔多少元？（用含有字母的式子表示）
hjb-primary-ds-v1-p5-043,P5,upper,multiple-choice,Challenge,hjb-primary-p5-upper-equations-relationships,用字母表示数与简易方程,pass,none,,,方程解x=6正确。,x = 6,方程2x + 5 = 17的解是（ ）。
hjb-primary-ds-v1-p5-044,P5,upper,fill-in,Exam,hjb-primary-p5-upper-equations-relationships,用字母表示数与简易方程,pass,none,,,方程4x-8=2x+6正确。,4x - 8 = 2x + 6,一个数的4倍减去8等于这个数的2倍加上6，设这个数为x，可以列出方程：______。
hjb-primary-ds-v1-p5-045,P5,upper,short-answer,Core,hjb-primary-p5-upper-equations-relationships,用字母表示数与简易方程,pass,none,,,方程正确，解答和检验步骤无误，符合P5简易方程要求。,x = 9,解方程：3x - 7 = 20，并检验。
hjb-primary-ds-v1-p5-046,P5,upper,multiple-choice,Foundation,hjb-primary-p5-upper-equations-relationships,用字母表示数与简易方程,pass,none,,,用字母表示数量关系，选项清晰，答案正确。,a + b,小雅买了一本故事书，已经看了a页，还剩下b页。这本书的总页数可以表示为（  ）。
hjb-primary-ds-v1-p5-047,P5,upper,fill-in,Challenge,hjb-primary-p5-upper-equations-relationships,用字母表示数与简易方程,pass,none,,,列方程和解均正确，填空格式符合要求。,"5x+12=47,7",一个数的5倍加上12等于47。设这个数为x，列出方程并求出x的值。方程是______，x=______。
hjb-primary-ds-v1-p5-048,P5,upper,short-answer,Exam,hjb-primary-p5-upper-equations-relationships,用字母表示数与简易方程,pass,none,,,应用题设未知数、列方程、解答完整，答案正确。,设科技书有x本，则故事书有3x本。x+3x=128，4x=128，x=32。科技书有32本。,学校图书馆购进一批新书，故事书的本数是科技书的3倍，故事书和科技书一共有128本。科技书有多少本？请先设未知数，再列方程解答。
hjb-primary-ds-v1-p5-049,P5,upper,multiple-choice,Core,hjb-primary-p5-upper-equations-relationships,用字母表示数与简易方程,pass,none,,,方程求解正确，选项无歧义。,x = 8,方程2x - 6 = 10的解是（  ）。
hjb-primary-ds-v1-p5-050,P5,upper,fill-in,Foundation,hjb-primary-p5-upper-equations-relationships,用字母表示数与简易方程,pass,none,,,用字母表示数量关系，答案正确。,2m+5,小明有m张邮票，小红的邮票张数是小明的2倍多5张。小红有______张邮票。
hjb-primary-ds-v1-p5-051,P5,upper,short-answer,Challenge,hjb-primary-p5-upper-equations-relationships,用字母表示数与简易方程,pass,none,,,用字母表示数量关系，化简正确，答案覆盖多种等价形式。,4a - 12,学校图书馆购买了一批新书，其中故事书有a本，科技书比故事书的3倍少12本。图书馆购买的故事书和科技书一共有多少本？请用含有字母的式子表示。
hjb-primary-ds-v1-p5-052,P5,upper,multiple-choice,Exam,hjb-primary-p5-upper-equations-relationships,用字母表示数与简易方程,pass,none,,,根据描述选择正确方程，选项唯一正确。,y = 4x + 2,小华今年x岁，爸爸的年龄比小华的4倍多2岁。如果用y表示爸爸的年龄，下面哪个方程正确地表示了爸爸和小华的年龄关系？
hjb-primary-ds-v1-p5-053,P5,upper,fill-in,Core,hjb-primary-p5-upper-equations-relationships,用字母表示数与简易方程,pass,none,,,解方程正确，填空答案无误。,6,在方程 5x - 8 = 22 中，x = ______。
hjb-primary-ds-v1-p5-054,P5,upper,short-answer,Foundation,hjb-primary-p5-upper-equations-relationships,用字母表示数与简易方程,pass,none,,,解方程正确，答案覆盖多种写法。,x = 6,解方程：3x + 7 = 25。
hjb-primary-ds-v1-p5-055,P5,upper,multiple-choice,Challenge,hjb-primary-p5-upper-equations-relationships,用字母表示数与简易方程,pass,none,,,根据周长公式列方程，选项A正确，其他错误。,2(x + 2x) = 36,一个长方形的周长是36厘米，长是宽的2倍。设宽为x厘米，下面哪个方程是正确的？
hjb-primary-ds-v1-p5-056,P5,upper,fill-in,Exam,hjb-primary-p5-upper-equations-relationships,用字母表示数与简易方程,pass,none,,,盈亏问题列方程正确，解出班级数无误。,8x-3=6x+9，x=6,学校图书馆有一批新书，如果每个班分8本，还缺3本；如果每个班分6本，则多出9本。设班级数为x，列出方程并求出班级数。
hjb-primary-ds-v1-p5-057,P5,upper,short-answer,Core,hjb-primary-p5-upper-equations-relationships,用字母表示数与简易方程,pass,none,,,列方程和解均正确，答案4.4元合理。,3(x+2)+2x=28，x=4.4,妈妈买了3千克苹果和2千克梨，共花了28元。已知每千克苹果比每千克梨贵2元。设每千克梨的价格为x元，列出方程并求出每千克梨的价格。
hjb-primary-ds-v1-p5-058,P5,upper,multiple-choice,Foundation,hjb-primary-p5-upper-equations-relationships,用字母表示数与简易方程,pass,none,,,方程定义判断正确，选项B是唯一方程。,7y-2=19,下列式子中，是方程的是（　）。
hjb-primary-ds-v1-p5-059,P5,upper,fill-in,Challenge,hjb-primary-p5-upper-equations-relationships,用字母表示数与简易方程,pass,none,,,错中求解思路正确，答案无误。,□=3，x=6,小马虎在解方程3x-□=15时，错误地看成了3x+□=15，解得x=4。请你求出□代表的数，并求出原方程正确的解。
hjb-primary-ds-v1-p5-060,P5,upper,short-answer,Exam,hjb-primary-p5-upper-equations-relationships,用字母表示数与简易方程,pass,none,,,列方程解应用题，过程和答案均正确。,2(x+2x)=36，宽6厘米，长12厘米,一个长方形的周长是36厘米，长是宽的2倍。设宽为x厘米，列出方程并求出长和宽。
hjb-primary-ds-v1-p5-061,P5,upper,multiple-choice,Core,hjb-primary-p5-upper-equations-relationships,用字母表示数与简易方程,pass,none,,,用字母表示数量关系，选项正确。,3a - 12,学校图书馆新购进一批图书，其中故事书有a本，科技书比故事书的3倍少12本。科技书有（ ）本。
hjb-primary-ds-v1-p5-062,P5,upper,fill-in,Foundation,hjb-primary-p5-upper-equations-relationships,用字母表示数与简易方程,pass,none,,,用字母表示数量关系，答案正确。,2x + 5,水果店运来苹果x千克，运来的梨比苹果的2倍多5千克。运来的梨有（ ）千克。
hjb-primary-ds-v1-p5-063,P5,upper,short-answer,Challenge,hjb-primary-p5-upper-equations-relationships,用字母表示数与简易方程,pass,none,,,题目清晰，答案正确，符合五年级用字母表示数的要求。,1200 ÷ (a + b),甲、乙两个工程队合修一条长1200米的公路，甲队每天修a米，乙队每天修b米。两队同时从两端开工，多少天可以修完？请用含有字母的式子表示。
hjb-primary-ds-v1-p5-064,P5,upper,multiple-choice,Exam,hjb-primary-p5-upper-equations-relationships,用字母表示数与简易方程,pass,none,,,选项设置合理，答案正确，无歧义。,4m - 3,小华今年m岁，爸爸的年龄比小华年龄的4倍少3岁。爸爸今年（ ）岁。
hjb-primary-ds-v1-p5-065,P5,upper,fill-in,Core,hjb-primary-p5-upper-plane-figure-area,平面图形面积,pass,none,,,基础题，答案正确，符合要求。,40,一个平行四边形的底是8厘米，高是5厘米，它的面积是（ ）平方厘米。
hjb-primary-ds-v1-p5-066,P5,upper,short-answer,Foundation,hjb-primary-p5-upper-plane-figure-area,平面图形面积,pass,none,,,等底等高三角形面积关系清晰，答案正确。,48,一个平行四边形的底是12厘米，高是8厘米。与它等底等高的三角形的面积是多少平方厘米？
hjb-primary-ds-v1-p5-067,P5,upper,multiple-choice,Challenge,hjb-primary-p5-upper-plane-figure-area,平面图形面积,pass,none,,,分割方法合理，答案正确，选项无歧义。,20,一个梯形的上底是5厘米，下底是9厘米，高是4厘米。如果把这个梯形分成一个平行四边形和一个三角形，平行四边形的面积是多少平方厘米？
hjb-primary-ds-v1-p5-068,P5,upper,fill-in,Exam,hjb-primary-p5-upper-plane-figure-area,平面图形面积,pass,none,,,三角形面积计算正确，答案无误。,30,一个三角形的底是10分米，高是6分米，面积是____平方分米。
hjb-primary-ds-v1-p5-069,P5,upper,short-answer,Core,hjb-primary-p5-upper-plane-figure-area,平面图形面积,pass,none,,,梯形面积与产量计算正确，答案合理。,300,一块梯形菜地，上底是8米，下底是12米，高是5米。如果每平方米收白菜6千克，这块地一共可以收白菜多少千克？
hjb-primary-ds-v1-p5-070,P5,upper,multiple-choice,Foundation,hjb-primary-p5-upper-plane-figure-area,平面图形面积,pass,none,,,考虑两种可能情况，答案正确，选项设计合理。,28或20,一个平行四边形的两条邻边分别是7厘米和5厘米，其中一条边上的高是4厘米。这个平行四边形的面积可能是多少平方厘米？
hjb-primary-ds-v1-p5-071,P5,upper,fill-in,Challenge,hjb-primary-p5-upper-plane-figure-area,平面图形面积,pass,none,,,梯形求高公式运用正确，答案无误。,8,一个梯形，上底长8厘米，下底长12厘米。如果它的面积是80平方厘米，那么它的高是多少厘米？
hjb-primary-ds-v1-p5-072,P5,upper,short-answer,Core,hjb-primary-p5-upper-plane-figure-area,平面图形面积,pass,none,,,要求写出所有可能情况，答案完整，符合题意。,120平方厘米或80平方厘米,一个平行四边形相邻两条边的长度分别是15厘米和10厘米，其中一条边上的高是8厘米。这个平行四边形的面积是多少平方厘米？请写出所有可能的情况。
hjb-primary-ds-v1-p5-073,P5,upper,multiple-choice,Foundation,hjb-primary-p5-upper-plane-figure-area,平面图形面积,pass,none,,,三角形求高计算正确，选项唯一。,8厘米,一个三角形的面积是24平方厘米，底是6厘米。它的高是多少厘米？
hjb-primary-ds-v1-p5-074,P5,upper,fill-in,Challenge,hjb-primary-p5-upper-plane-figure-area,平面图形面积,pass,none,,,梯形面积变化判断正确，答案“不变”无误。,不变,一个梯形，如果上底增加3厘米，下底减少3厘米，高不变，得到的新梯形面积与原梯形面积相比，有什么变化？请填写“变大”“变小”或“不变”。
hjb-primary-ds-v1-p5-075,P5,upper,short-answer,Core,hjb-primary-p5-upper-plane-figure-area,平面图形面积,pass,none,,,等底等高三角形面积关系正确，答案无误。,18,一个三角形和一个平行四边形等底等高。已知平行四边形的面积是36平方分米，那么三角形的面积是多少平方分米？
hjb-primary-ds-v1-p5-076,P5,upper,multiple-choice,Foundation,hjb-primary-p5-upper-plane-figure-area,平面图形面积,pass,none,,,强调底与高对应，多余条件不干扰，答案正确。,60,一个平行四边形，底边长10厘米，底边上的高是6厘米。另一条邻边长8厘米。这个平行四边形的面积是多少平方厘米？
hjb-primary-ds-v1-p5-077,P5,upper,fill-in,Challenge,hjb-primary-p5-upper-plane-figure-area,平面图形面积,pass,none,,,等底等高平行四边形面积是三角形2倍，计算正确。,60,一个三角形的底是12分米，高是5分米。与它等底等高的平行四边形的面积是多少平方分米？
hjb-primary-ds-v1-p5-078,P5,upper,short-answer,Core,hjb-primary-p5-upper-plane-figure-area,平面图形面积,pass,none,,,梯形面积公式运用正确，答案无误。,30,一个梯形，上底长4米，下底长8米，高5米。求这个梯形的面积。
hjb-primary-ds-v1-p5-079,P5,upper,multiple-choice,Foundation,hjb-primary-p5-upper-plane-figure-area,平面图形面积,pass,none,,,明确底与对应高，计算正确，选项合理。,30,一个三角形，三条边的长度分别是5厘米、12厘米、13厘米，其中12厘米边上的高是5厘米。这个三角形的面积是多少平方厘米？
hjb-primary-ds-v1-p5-080,P5,upper,fill-in,Challenge,hjb-primary-p5-upper-plane-figure-area,平面图形面积,pass,none,,,平行四边形面积计算正确，答案无误。,120,一个平行四边形的一条底边长15厘米，这条底边上的高是8厘米。这个平行四边形的面积是多少平方厘米？
hjb-primary-ds-v1-p5-081,P5,upper,short-answer,Core,hjb-primary-p5-upper-plane-figure-area,平面图形面积,pass,none,,,数学正确，割补后面积不变，答案96平方厘米合理。,96,一个平行四边形，底边长12厘米，对应的高是8厘米。将这个平行四边形沿一条高剪开，拼成一个长方形。拼成的长方形的面积是多少平方厘米？
hjb-primary-ds-v1-p5-082,P5,upper,multiple-choice,Foundation,hjb-primary-p5-upper-plane-figure-area,平面图形面积,pass,none,,,三角形面积计算正确，选项30无误。,30,一个三角形的底是10厘米，高是6厘米，它的面积是多少平方厘米？
hjb-primary-ds-v1-p5-083,P5,upper,fill-in,Challenge,hjb-primary-p5-upper-plane-figure-area,平面图形面积,pass,none,,,梯形面积与最大平行四边形面积计算正确，剩余三角形面积8平方厘米无误。,8,一个梯形，上底长5厘米，下底长9厘米，高是4厘米。从这个梯形中剪下一个最大的平行四边形，剩下的三角形面积是______平方厘米。
hjb-primary-ds-v1-p5-084,P5,upper,short-answer,Core,hjb-primary-p5-upper-plane-figure-area,平面图形面积,pass,none,,,面积与产量计算正确，答案3200千克无误。,3200,一块平行四边形菜地，底边长25米，高16米。如果每平方米收白菜8千克，这块地一共可以收白菜多少千克？
hjb-primary-ds-v1-p5-085,P5,upper,multiple-choice,Foundation,hjb-primary-p5-upper-plane-figure-area,平面图形面积,pass,none,,,梯形高计算正确，选项6分米无误。,6,一个梯形的上底是4分米，下底是8分米，面积是36平方分米。它的高是多少分米？
hjb-primary-ds-v1-p5-086,P5,upper,fill-in,Challenge,hjb-primary-p5-upper-plane-figure-area,平面图形面积,pass,none,,,平行四边形面积求高，再求三角形面积，梯形总面积60平方厘米正确。,60,一个梯形的上底是8厘米，下底是12厘米。如果把这个梯形分成一个平行四边形和一个三角形，平行四边形的面积是48平方厘米。那么原来梯形的面积是多少平方厘米？
hjb-primary-ds-v1-p5-087,P5,upper,short-answer,Core,hjb-primary-p5-upper-plane-figure-area,平面图形面积,pass,none,,,三角形高计算正确，答案7分米无误。,7,一个三角形的底是10分米，面积是35平方分米。这个三角形的高是多少分米？
hjb-primary-ds-v1-p5-088,P5,upper,multiple-choice,Foundation,hjb-primary-p5-upper-plane-figure-area,平面图形面积,pass,none,,,等底等高三角形面积是平行四边形一半，18平方米正确。,18平方米,一个平行四边形的底是9米，高是4米，与它等底等高的三角形的面积是多少平方米？
hjb-primary-ds-v1-p5-089,P5,upper,fill-in,Challenge,hjb-primary-p5-upper-plane-figure-area,平面图形面积,pass,none,,,剪去最大平行四边形后剩余三角形面积12平方厘米正确。,12,一个梯形的上底是5厘米，下底是9厘米，高是6厘米。从这个梯形中剪去一个最大的平行四边形，剩下的三角形面积是多少平方厘米？
hjb-primary-ds-v1-p5-090,P5,upper,short-answer,Core,hjb-primary-p5-upper-plane-figure-area,平面图形面积,pass,none,,,面积与产量计算正确，答案1440千克无误。,1440,一块平行四边形菜地的底是15米，高是8米。如果每平方米收白菜12千克，这块地一共可以收白菜多少千克？
hjb-primary-ds-v1-p5-091,P5,upper,multiple-choice,Foundation,hjb-primary-p5-upper-plane-figure-area,平面图形面积,pass,none,,,等底等高三角形面积20平方厘米正确。,20平方厘米,一个平行四边形的底是8厘米，高是5厘米，与它等底等高的三角形的面积是多少平方厘米？
hjb-primary-ds-v1-p5-092,P5,upper,fill-in,Challenge,hjb-primary-p5-upper-plane-figure-area,平面图形面积,pass,none,,,梯形高计算正确，答案6厘米无误。,6,一个梯形的上底是4厘米，下底是10厘米，面积是42平方厘米。这个梯形的高是多少厘米？
hjb-primary-ds-v1-p5-093,P5,upper,short-answer,Core,hjb-primary-p5-upper-plane-figure-area,平面图形面积,pass,none,,,面积与产量计算正确，答案1440千克无误。,1440,一块平行四边形菜地，底是12米，高是8米。如果每平方米收白菜15千克，这块地一共可以收白菜多少千克？
hjb-primary-ds-v1-p5-094,P5,upper,multiple-choice,Foundation,hjb-primary-p5-upper-plane-figure-area,平面图形面积,pass,none,,,三角形高计算正确，选项8厘米无误。,8厘米,一个三角形的面积是24平方厘米，底是6厘米，它的高是多少厘米？
hjb-primary-ds-v1-p5-095,P5,upper,fill-in,Challenge,hjb-primary-p5-upper-plane-figure-area,平面图形面积,pass,none,,,剪去最大平行四边形后剩余面积4平方分米正确。,4,一个梯形的上底是5分米，下底是7分米，高是4分米。从这个梯形中剪去一个最大的平行四边形，剩下的面积是多少平方分米？
hjb-primary-ds-v1-p5-096,P5,upper,short-answer,Core,hjb-primary-p5-upper-data-average,数据整理与平均数,pass,none,,,平均数计算正确，结论开放合理，答案覆盖多种表述。,（1）平均数约是145.7下；（2）结论合理即可，例如：这组同学的平均跳绳成绩约为145.7下，大部分同学的成绩在140下以上，整体水平较好。,"下面是五年级（1）班第一小组6名同学1分钟跳绳的成绩（单位：下）：\n148，152，139，145，150，140。\n（1）这组数据的平均数是多少？结果保留一位小数。\n（2）根据平均数，你能得出什么结论？请用数据说明。"
hjb-primary-ds-v1-p5-097,P5,upper,multiple-choice,Foundation,hjb-primary-p5-upper-data-average,数据整理与平均数,pass,none,,,平均数计算正确，选项141下无误。,141下,下面是四名同学1分钟跳绳的成绩记录：小杰跳了142下，小雅跳了135下，小浩跳了148下，小悦跳了139下。这四名同学1分钟跳绳的平均成绩是多少下？
hjb-primary-ds-v1-p5-098,P5,upper,fill-in,Challenge,hjb-primary-p5-upper-data-average,数据整理与平均数,pass,none,,,平均数计算正确，解释合理，答案覆盖多种表述。,平均数约是142下。它表示这6名同学1分钟跳绳的整体水平，相当于把总次数平均分给每个人。,"下面是五年级（1）班第一小组6名同学1分钟跳绳的成绩记录（单位：下）：\n小杰：142  小雅：138  小浩：145  小雯：140  小凯：136  小婷：149\n请计算这组数据的平均数，结果四舍五入取整，并回答：这个平均数表示什么？"
hjb-primary-ds-v1-p5-099,P5,upper,short-answer,Core,hjb-primary-p5-upper-data-average,数据整理与平均数,pass,none,,,计算正确，答案与解释一致，符合P5平均数要求。,（1）138下。（2）这个小组的跳绳水平整体较好，因为平均成绩138下，超过了130下，且大部分同学的成绩都在130下以上。,"下面是四（1）班第一小组5名同学1分钟跳绳的成绩记录（单位：下）：\n小杰：132  小雅：145  小宇：128  小婷：150  小浩：135\n\n（1）这5名同学1分钟跳绳的平均成绩是多少下？\n（2）根据平均成绩，你认为这个小组的跳绳水平怎么样？请用数据说明你的结论。"
hjb-primary-ds-v1-p5-100,P5,upper,multiple-choice,Foundation,hjb-primary-p5-upper-data-average,数据整理与平均数,pass,none,,,选项C正确，平均数意义理解题，无歧义。,平均成绩是141个，表示如果四人跳得一样多，每人会是141个。,"下面是四名同学1分钟跳绳的成绩记录表：\n小杰：142个\n小雅：135个\n小浩：148个\n小美：139个\n\n根据表中数据，下面哪句话是正确的？"
hjb-primary-ds-v1-p5-101,P5,upper,fill-in,Challenge,hjb-primary-p5-upper-data-average,数据整理与平均数,pass,none,,,答案正确，指出平均数不是众数，解释合理。,不正确，平均每天借出14本，但平均数不代表出现次数最多的数，它表示这5天借出量的整体水平。,小杰记录了学校图书馆连续5天每天借出的图书数量：12本、15本、10本、18本、15本。他计算了这5天的平均借出量，并说：“平均每天借出14本，所以借出14本的天数最多。”他的说法正确吗？如果不正确，请写出正确的平均借出量，并说明平均数的意义。
hjb-primary-ds-v1-p5-102,P5,upper,short-answer,Core,hjb-primary-p5-upper-data-average,数据整理与平均数,pass,none,,,计算正确，答案说明平均数代表整体而非个人，符合要求。,平均个数是124个。这个平均个数能代表小组的整体水平，但不能完全代表每个人的水平，因为有的人高于平均，有的人低于平均。,"下面是四（1）班第一小组同学1分钟跳绳成绩的统计表：\n\n| 姓名 | 跳绳个数 |\n|------|----------|\n| 小明 | 120 |\n| 小红 | 135 |\n| 小刚 | 110 |\n| 小丽 | 125 |\n| 小强 | 130 |\n\n请计算这个小组同学1分钟跳绳的平均个数，并回答：这个平均个数能代表每个人的跳绳水平吗？为什么？"
hjb-primary-ds-v1-p5-103,P5,upper,multiple-choice,Foundation,hjb-primary-p5-upper-data-average,数据整理与平均数,pass,none,,,平均数计算正确，选项B表述准确。,平均时间大约是33.6分钟，它表示这周每天作业时间的一般水平,小玲统计了自己一周内每天做作业所用的时间（单位：分钟）：30、35、25、40、30、45、30。下面关于这组数据的说法，正确的是（ ）。
hjb-primary-ds-v1-p5-104,P5,upper,fill-in,Challenge,hjb-primary-p5-upper-data-average,数据整理与平均数,pass,none,,,人均计算正确，均为15元，答案合理。,五（1）班人均捐款15元，五（2）班人均捐款15元，所以两个班的人均捐款金额一样高。,"下面是五年级两个班在“爱心义卖”活动中各班捐款金额的统计表：\n\n| 班级 | 捐款总金额（元） | 人数 |\n|------|------------------|------|\n| 五（1）班 | 450 | 30 |\n| 五（2）班 | 480 | 32 |\n\n哪个班的人均捐款金额更高？请计算并填空：五（1）班人均捐款______元，五（2）班人均捐款______元，所以______班的人均捐款金额更高。"
hjb-primary-ds-v1-p5-105,P5,upper,short-answer,Core,hjb-primary-p5-upper-data-average,数据整理与平均数,pass,none,,,平均数9个，高于平均数的天数正确（星期三等于平均数不算高于）。,（1）平均每天卖出9个书包。（2）星期三、星期五、星期六、星期日卖出的数量高于平均数。,"下面是某商店一周内每天卖出书包数量的统计表：\n\n| 星期 | 一 | 二 | 三 | 四 | 五 | 六 | 日 |\n|------|----|----|----|----|----|----|----|\n| 数量（个） | 8 | 6 | 9 | 7 | 10 | 12 | 11 |\n\n（1）这一周平均每天卖出多少个书包？\n（2）哪几天卖出的数量高于平均数？请写出来。"
hjb-primary-ds-v1-p5-106,P5,upper,multiple-choice,Foundation,hjb-primary-p5-upper-data-average,数据整理与平均数,pass,none,,,平均数计算正确，选项C为126次（四舍五入），无歧义。,这组数据的平均数是126次。,小丁记录了五（1）班第一小组6名同学1分钟跳绳的次数：120、135、110、125、130、140。关于这组数据，下面哪种说法是正确的？
hjb-primary-ds-v1-p5-107,P5,upper,fill-in,Challenge,hjb-primary-p5-upper-data-average,数据整理与平均数,pass,none,,,计算正确，总节数105，7天，平均15节。,15,五（2）班环保小队收集废电池，前4天共收集60节，后3天共收集45节。这一周平均每天收集废电池多少节？
hjb-primary-ds-v1-p5-108,P5,upper,short-answer,Core,hjb-primary-p5-upper-data-average,数据整理与平均数,pass,none,,,平均身高150厘米，处于中间位置，计算与解释正确。,平均身高150厘米，处于中间位置。,"下面是五（3）班第一小队5名同学的身高统计表：\n\n| 姓名 | 小杰 | 小芳 | 小军 | 小丽 | 小伟 |\n|------|------|------|------|------|------|\n| 身高（cm） | 152 | 148 | 155 | 150 | 145 |\n\n请计算这个小队同学的平均身高，并说明平均身高在这个小队中处于什么位置。"
hjb-primary-ds-v1-p5-109,P5,upper,multiple-choice,Foundation,hjb-primary-p5-upper-data-average,数据整理与平均数,pass,none,,,统计图A正确对应数据，无错误。,统计图A：故事书40本、科技书30本、漫画书20本，条形高度依次为4格、3格、2格。,五（4）班图书角有故事书、科技书和漫画书。故事书有40本，科技书有30本，漫画书有20本。下面哪幅统计图最能正确表示这三类图书的数量？
hjb-primary-ds-v1-p5-110,P5,upper,fill-in,Challenge,hjb-primary-p5-upper-data-average,数据整理与平均数,pass,none,,,平均数6.5次，计算正确。,6.5,五（5）班男生参加投篮比赛，每人投10次。投中次数如下：7、5、8、6、9、5、4、8、7、6。这组数据的平均数是几？
hjb-primary-ds-v1-p5-111,P5,upper,short-answer,Core,hjb-primary-p5-upper-data-average,数据整理与平均数,pass,none,,,平均数144个（保留整数），解释合理，无极端值影响。,（1）144个；（2）能，因为平均数反映了这组数据的集中趋势，且数据中没有极端值，所以能较好地代表整体水平。,"下面是五年级一班第一小组同学1分钟跳绳的成绩记录（单位：个）：\n145，138，152，140，147，139，151，143。\n（1）这组数据的平均数是多少？（保留整数）\n（2）这个平均数能代表这个小组的整体水平吗？请简要说明理由。"
hjb-primary-ds-v1-p5-112,P5,upper,multiple-choice,Foundation,hjb-primary-p5-upper-data-average,数据整理与平均数,pass,none,,,平均数50本，计算正确，选项B正确。,50本,学校图书室上周借出图书情况如下：周一45本，周二52本，周三48本，周四50本，周五55本。这五天平均每天借出图书多少本？
hjb-primary-ds-v1-p5-113,P5,upper,fill-in,Challenge,hjb-primary-p5-upper-data-average,数据整理与平均数,pass,none,,,总和87.2，平均约12.457，保留一位小数12.5，正确。,12.5,"小丁丁记录了自家小区一周内每天产生的可回收垃圾质量（单位：千克）：\n周一：12.5，周二：10.8，周三：13.2，周四：11.6，周五：14.0，周六：15.3，周日：9.8。\n这一周平均每天产生可回收垃圾______千克。（结果保留一位小数）"
hjb-primary-ds-v1-p5-114,P5,upper,short-answer,Core,hjb-primary-p5-upper-data-average,数据整理与平均数,pass,none,,,平均数33千克，高于平均数的为第二天和第五天，正确。,（1）33千克；（2）第二天和第五天。,"下面是某水果店连续5天卖出苹果数量的统计表：\n第一天：30千克，第二天：35千克，第三天：28千克，第四天：32千克，第五天：40千克。\n（1）这5天卖出苹果的平均数是多少千克？\n（2）哪几天卖出的苹果数量高于平均数？"
hjb-primary-ds-v1-p5-115,P5,upper,multiple-choice,Foundation,hjb-primary-p5-upper-data-average,数据整理与平均数,pass,none,,,平均数23.5℃，计算正确，选项C正确。,23.5℃,小胖记录了4月份前4天的最高气温：22℃，24℃，23℃，25℃。这4天的平均最高气温是多少？
hjb-primary-ds-v1-p5-116,P5,upper,fill-in,Challenge,hjb-primary-p5-upper-data-average,数据整理与平均数,pass,none,,,答案正确，指出平均数不代表每天实际气温，解释合理。,不正确。平均气温14℃只表示这7天气温的总体水平，不代表每天的实际气温都是14℃。,小杰记录了上周每天早晨7点的气温（单位：℃）：周一12，周二13，周三11，周四14，周五15，周六16，周日17。他计算了这7天的平均气温是14℃。小杰说：“因为平均气温是14℃，所以这周每天早晨7点的气温都是14℃。”他的说法正确吗？如果不正确，请说明理由。
hjb-primary-ds-v1-p5-117,P5,upper,short-answer,Core,hjb-primary-p5-upper-data-average,数据整理与平均数,pass,none,,,计算正确，答案与解释一致，符合P5平均数核心要求。,124下,下面是四（1）班第一小组5名同学1分钟跳绳的成绩：小明120下，小红135下，小刚110下，小丽125下，小华130下。这5名同学1分钟跳绳的平均成绩是多少下？请列式计算。
hjb-primary-ds-v1-p5-118,P5,upper,multiple-choice,Foundation,hjb-primary-p5-upper-data-average,数据整理与平均数,pass,none,,,计算正确，选项唯一，答案55本无误。,55本,"下面是某书店一周内售出图书数量的统计表：\n星期一：45本\n星期二：52本\n星期三：48本\n星期四：50本\n星期五：55本\n星期六：70本\n星期日：65本\n这周平均每天售出图书多少本？"
hjb-primary-ds-v1-p5-119,P5,upper,fill-in,Challenge,hjb-primary-p5-upper-data-average,数据整理与平均数,pass,none,,,计算正确，答案与解释一致，acceptedAnswers覆盖合理。,五（1）班平均每组收集的废电池多，多1.25节。,"下面是五年级两个班在“环保小卫士”活动中收集废电池的数量统计表：\n五（1）班：第一组28节，第二组32节，第三组30节，第四组34节\n五（2）班：第一组26节，第二组31节，第三组29节，第四组33节\n哪个班平均每组收集的废电池多？多多少节？"
hjb-primary-ds-v1-p5-120,P5,upper,short-answer,Core,hjb-primary-p5-upper-data-average,数据整理与平均数,pass,none,,,去掉最高最低后计算正确，9.33分无误。,9.33分,小玲参加校园歌手比赛，5位评委的打分分别是：9.2分，9.5分，9.0分，9.8分，9.3分。计算小玲的平均得分时，通常去掉一个最高分和一个最低分，再计算平均分。这样得到的平均分是多少？请列式计算。
hjb-primary-ds-v1-p5-121,P5,upper,multiple-choice,Foundation,hjb-primary-p5-upper-data-average,数据整理与平均数,pass,none,,,平均数计算正确，选项B表述准确，其他选项错误明显。,B. 这组数据的平均数是141下，可以代表这组同学跳绳的整体水平。,"下面是五年级一班第一小组6名同学1分钟跳绳的成绩记录（单位：下）：\n小杰：142  小雅：138  小宇：145  小婷：136  小浩：150  小悦：139\n根据这些数据，下列说法正确的是（   ）。"
hjb-primary-ds-v1-p5-122,P5,upper,fill-in,Challenge,hjb-primary-p5-upper-data-average,数据整理与平均数,pass,none,,,计算正确，答案144下，结论开放但合理。,144,"下面是五年级（1）班第一小组6名同学1分钟跳绳的成绩记录（单位：下）：\n小杰：142，小雅：138，小浩：155，小雯：130，小凯：148，小婷：151。\n请计算这6名同学1分钟跳绳的平均成绩，并根据平均数写出一条合理的结论。\n平均成绩：______下\n结论：______"
hjb-primary-ds-v1-p5-123,P5,upper,short-answer,Core,hjb-primary-p5-upper-data-average,数据整理与平均数,pass,none,,,计算正确，结论合理，符合要求。,"（1）平均数 = (142+138+147+135+152+140) ÷ 6 = 854 ÷ 6 ≈ 142.33（下）\n（2）结论：这组同学的平均跳绳成绩约为142下，大部分同学的成绩在140下左右，说明整体水平较好。","下面是五年级（1）班第一小组6名同学1分钟跳绳的成绩（单位：下）：\n小明：142，小红：138，小刚：147，小丽：135，小强：152，小芳：140。\n（1）这组数据的平均数是多少？（列式计算）\n（2）根据平均数，你能得出什么结论？请用数据说明。"
hjb-primary-ds-v1-p5-124,P5,upper,multiple-choice,Foundation,hjb-primary-p5-upper-data-average,数据整理与平均数,pass,none,,,平均数计算正确，选项表述准确。,这组数据的平均数是124下，表示这5名同学跳绳的整体水平大约是124下。,"下面是四（1）班第一小组5名同学1分钟跳绳的成绩（单位：下）：\n小明：120  小红：135  小刚：110  小兰：125  小强：130\n根据这些数据，下面哪个说法是正确的？"
hjb-primary-ds-v1-p5-125,P5,upper,fill-in,Challenge,hjb-primary-p5-upper-data-average,数据整理与平均数,pass,none,,,计算正确，平均数5千克，换再生纸4千克，估算合理。,平均数5千克，大约能换4千克再生纸,五年级一班环保小组记录了上周每天收集的废纸数量（单位：千克）：周一5.2，周二4.8，周三5.0，周四5.6，周五4.4。他们计划用这些废纸换再生纸，每千克废纸可换0.8千克再生纸。先计算这五天收集废纸的平均数，再根据平均数估算本周大约能换多少千克再生纸。
hjb-primary-ds-v1-p5-126,P5,upper,short-answer,Core,hjb-primary-p5-upper-data-average,数据整理与平均数,pass,none,,,计算正确，平均数146下，解释合理。,（1）146下 （2）这个平均数表示第一小组6名同学1分钟跳绳的整体水平。,"下面是五年级一班第一小组6名同学1分钟跳绳的成绩（单位：下）：145、138、152、140、148、155。\n（1）这组数据的平均数是多少？\n（2）这个平均数表示什么？"
hjb-primary-ds-v1-p5-127,P5,lower,multiple-choice,Foundation,hjb-primary-p5-lower-factors-multiples,因数、倍数与数的结构,pass,none,,,公因数判断正确，6是唯一正确选项。,6,下面哪个数既是12的因数，又是18的因数？
hjb-primary-ds-v1-p5-128,P5,lower,fill-in,Challenge,hjb-primary-p5-lower-factors-multiples,因数、倍数与数的结构,pass,none,,,质数和20积91，7和13正确。,7和13,两个质数的和是20，积是91，这两个质数分别是（ ）和（ ）。
hjb-primary-ds-v1-p5-129,P5,lower,short-answer,Core,hjb-primary-p5-lower-factors-multiples,因数、倍数与数的结构,pass,none,,,分解质因数正确，最大公因数12无误。,24=2×2×2×3，36=2×2×3×3，最大公因数是12。,把24和36分解质因数，并写出它们的最大公因数。
hjb-primary-ds-v1-p5-130,P5,lower,multiple-choice,Foundation,hjb-primary-p5-lower-factors-multiples,因数、倍数与数的结构,pass,none,,,11是质数且奇数，选项正确。,11,下面哪个数既是质数又是奇数？
hjb-primary-ds-v1-p5-131,P5,lower,fill-in,Challenge,hjb-primary-p5-lower-factors-multiples,因数、倍数与数的结构,pass,none,,,利用最大公因数和最小公倍数关系计算正确，另一个数是24。,24,两个数的最大公因数是6，最小公倍数是72，其中一个数是18，另一个数是多少？
hjb-primary-ds-v1-p5-132,P5,lower,short-answer,Core,hjb-primary-p5-lower-factors-multiples,因数、倍数与数的结构,pass,none,,,最大公因数12，每袋苹果2橘子3，正确。,最多装12袋，每袋苹果2个，橘子3个,把24个苹果和36个橘子分装到袋子里，每个袋子里的苹果个数相同，橘子个数也相同，且没有剩余。最多可以装多少袋？每袋中苹果和橘子各有多少个？
hjb-primary-ds-v1-p5-133,P5,lower,multiple-choice,Foundation,hjb-primary-p5-lower-factors-multiples,因数、倍数与数的结构,pass,none,,,2是唯一质偶数，选项正确。,2,下面哪个数既是质数又是偶数？
hjb-primary-ds-v1-p5-134,P5,lower,fill-in,Challenge,hjb-primary-p5-lower-factors-multiples,因数、倍数与数的结构,pass,none,,,3和4的公倍数36在30-40之间，正确。,36,一个数在30到40之间，它既是3的倍数，又是4的倍数，这个数是多少？
hjb-primary-ds-v1-p5-135,P5,lower,short-answer,Core,hjb-primary-p5-lower-factors-multiples,因数、倍数与数的结构,pass,none,,,题目清晰，答案正确，符合五年级因数倍数知识点。,40,五年级学生排队做操，每行8人或每行10人都正好排成整行，没有剩余。五年级至少有多少人？
hjb-primary-ds-v1-p5-136,P5,lower,multiple-choice,Foundation,hjb-primary-p5-lower-factors-multiples,因数、倍数与数的结构,pass,none,,,选项唯一正确，解析无误。,12,下面哪个数既是 24 的因数，又是 36 的因数？
hjb-primary-ds-v1-p5-137,P5,lower,fill-in,Challenge,hjb-primary-p5-lower-factors-multiples,因数、倍数与数的结构,pass,none,,,质数组合正确，最大两位数73无误。,73,一个两位数，十位数字与个位数字都是质数，且它们的和是 10。这个两位数最大是______。
hjb-primary-ds-v1-p5-138,P5,lower,short-answer,Core,hjb-primary-p5-lower-factors-multiples,因数、倍数与数的结构,pass,none,,,最大公因数计算正确。,6,求 18 和 30 的最大公因数。
hjb-primary-ds-v1-p5-139,P5,lower,multiple-choice,Foundation,hjb-primary-p5-lower-factors-multiples,因数、倍数与数的结构,pass,none,,,27是合数，其他为质数，选项无误。,27,下面哪个数不是质数？
hjb-primary-ds-v1-p5-140,P5,lower,fill-in,Challenge,hjb-primary-p5-lower-factors-multiples,因数、倍数与数的结构,pass,none,,,利用两数积等于最大公因数乘最小公倍数，计算正确。,24,两个数的最大公因数是 6，最小公倍数是 72。如果其中一个数是 18，那么另一个数是______。
hjb-primary-ds-v1-p5-141,P5,lower,short-answer,Core,hjb-primary-p5-lower-factors-multiples,因数、倍数与数的结构,pass,none,,,求最大公因数，答案12正确，接受答案合理。,12,五（1）班有36人，五（2）班有48人。如果把两个班的同学分别分成人数相等的小组，且每个小组的人数相同，每个小组最多可以有多少人？
hjb-primary-ds-v1-p5-142,P5,lower,multiple-choice,Foundation,hjb-primary-p5-lower-factors-multiples,因数、倍数与数的结构,pass,none,,,选项12个正确，解析清晰。,12个,把24块巧克力和36块饼干平均分给一些小朋友，每个小朋友分到的巧克力和饼干都同样多，且没有剩余。最多可以分给几个小朋友？
hjb-primary-ds-v1-p5-143,P5,lower,fill-in,Challenge,hjb-primary-p5-lower-factors-multiples,因数、倍数与数的结构,pass,none,,,最大公因数12厘米，总段数9段，答案和接受答案均正确。,每小段最长12厘米，一共可以截成9段,有三根铁丝，长度分别为 24 厘米、36 厘米和 48 厘米。现在要把它们截成同样长的小段，且没有剩余，每小段最长是多少厘米？一共可以截成多少段？
hjb-primary-ds-v1-p5-144,P5,lower,short-answer,Core,hjb-primary-p5-lower-factors-multiples,因数、倍数与数的结构,pass,none,,,与141题类似，答案12正确。,12,把24个苹果和36个橘子分给一些小朋友，每个小朋友分到的苹果个数相同，分到的橘子个数也相同，且正好分完。最多可以分给几个小朋友？
hjb-primary-ds-v1-p5-145,P5,lower,multiple-choice,Foundation,hjb-primary-p5-lower-factors-multiples,因数、倍数与数的结构,pass,none,,,选项12人正确，解析无误。,12人,五(1)班有36名同学，五(2)班有48名同学。两个班分别分成若干个小组进行实践活动，要求每个小组的人数相同，且小组数尽可能多。每个小组最多有多少人？
hjb-primary-ds-v1-p5-146,P5,lower,fill-in,Challenge,hjb-primary-p5-lower-factors-multiples,因数、倍数与数的结构,pass,none,,,甲数18，乙数24，最大公因数6正确。,6,有甲、乙两个数，甲数的最大因数是18，乙数的最小倍数是24。甲、乙两数的最大公因数是多少？
hjb-primary-ds-v1-p5-147,P5,lower,short-answer,Core,hjb-primary-p5-lower-factors-multiples,因数、倍数与数的结构,pass,none,,,求最大公因数，答案12正确。,12,把36个苹果和48个橘子分给一些小朋友，每个小朋友分得的苹果同样多，分得的橘子也同样多，且正好分完。最多可以分给多少个小朋友？
hjb-primary-ds-v1-p5-148,P5,lower,multiple-choice,Foundation,hjb-primary-p5-lower-factors-multiples,因数、倍数与数的结构,pass,none,,,21是42的因数且是7的倍数，选项唯一正确。,21,下面哪个数既是42的因数，又是7的倍数？
hjb-primary-ds-v1-p5-149,P5,lower,fill-in,Challenge,hjb-primary-p5-lower-factors-multiples,因数、倍数与数的结构,pass,none,,,"答案15,30,60正确，接受答案覆盖多种分隔符。","15,30,60",一个数既是60的因数，又是15的倍数，这个数可能是多少？写出所有可能的答案。
hjb-primary-ds-v1-p5-150,P5,lower,short-answer,Core,hjb-primary-p5-lower-factors-multiples,因数、倍数与数的结构,pass,none,,,最小公倍数24正确。,24,一包糖果，如果平均分给8个小朋友，正好分完；如果平均分给12个小朋友，也正好分完。这包糖果至少有多少颗？
hjb-primary-ds-v1-p5-151,P5,lower,multiple-choice,Foundation,hjb-primary-p5-lower-factors-multiples,因数、倍数与数的结构,pass,none,,,5不是24的因数，选项正确。,分给5个小朋友,把24块同样的巧克力全部分给小朋友，每个小朋友分得的块数相同且多于1块。下面哪种分法不可能？
hjb-primary-ds-v1-p5-152,P5,lower,fill-in,Challenge,hjb-primary-p5-lower-factors-multiples,因数、倍数与数的结构,pass,none,,,所有可能长宽组合的最大公因数正确，接受答案合理。,"1,2,4",一个长方形的长和宽都是整厘米数，面积是48平方厘米。这个长方形的长和宽的最大公因数可能是多少？请写出所有可能的值，用逗号分隔。
hjb-primary-ds-v1-p5-153,P5,lower,short-answer,Core,hjb-primary-p5-lower-factors-multiples,因数、倍数与数的结构,pass,none,,,题目清晰，求最大公因数，答案正确，解释合理。,12,把48个苹果和36个梨分装到相同的果篮里，每个果篮里的苹果个数相同，梨的个数也相同，且没有剩余。最多可以装多少个果篮？
hjb-primary-ds-v1-p5-154,P5,lower,multiple-choice,Foundation,hjb-primary-p5-lower-factors-multiples,因数、倍数与数的结构,pass,none,,,题目明确，求24的因数（排除1和24），答案6种正确。,6种,把24块巧克力全部装进礼盒里，每个礼盒装的块数相同且多于1块，少于24块。一共有多少种不同的装法？
hjb-primary-ds-v1-p5-155,P5,lower,fill-in,Core,hjb-primary-p5-lower-factors-multiples,因数、倍数与数的结构,pass,none,,,求最大公因数，答案12正确，解释清晰。,12,把24个苹果和36个橘子全部平均分给一些小朋友，每个小朋友分到的苹果个数相同，橘子个数也相同，且全部分完。最多可以分给几个小朋友？
hjb-primary-ds-v1-p5-156,P5,lower,short-answer,Foundation,hjb-primary-p5-lower-factors-multiples,因数、倍数与数的结构,pass,none,,,求24的所有因数，答案完整，解释正确。,"1,2,3,4,6,8,12,24",把24个同样大小的正方形拼成一个长方形，要求每行个数相同。拼成的长方形每行可能有几个正方形？请写出所有可能的情况。
hjb-primary-ds-v1-p5-157,P5,lower,multiple-choice,Core,hjb-primary-p5-lower-factors-multiples,因数、倍数与数的结构,pass,none,,,质数判断正确，选项2和7均为质数，解释合理。,2和7,下面哪一组数中的两个数都是质数？
hjb-primary-ds-v1-p5-158,P5,lower,fill-in,Foundation,hjb-primary-p5-lower-fractions-equivalence-operations,分数意义、性质与加减,pass,none,,,通分正确，最小公分母24，答案9/24和20/24无误。,"9/24,20/24","把3/8和5/6通分，用它们的最小公分母。通分后3/8 = ( )/( ), 5/6 = ( )/( )。"
hjb-primary-ds-v1-p5-159,P5,lower,short-answer,Core,hjb-primary-p5-lower-fractions-equivalence-operations,分数意义、性质与加减,pass,none,,,分数应用题，计算正确，小丽吃了3颗。,3,一盒巧克力有15颗。小华吃了这盒巧克力的2/5，小丽吃了剩下的1/3。小丽吃了多少颗巧克力？
hjb-primary-ds-v1-p5-160,P5,lower,multiple-choice,Foundation,hjb-primary-p5-lower-fractions-equivalence-operations,分数意义、性质与加减,pass,none,,,分数基本性质，6/9与2/3相等，选项无误。,6/9,下面哪个分数与2/3相等？
hjb-primary-ds-v1-p5-161,P5,lower,fill-in,Core,hjb-primary-p5-lower-fractions-equivalence-operations,分数意义、性质与加减,pass,none,,,除法与分数关系，3÷5=3/5米，答案正确。,3/5,把一根长3米的绳子平均分成5段，每段长多少米？用分数表示。
hjb-primary-ds-v1-p5-162,P5,lower,short-answer,Foundation,hjb-primary-p5-lower-fractions-equivalence-operations,分数意义、性质与加减,pass,none,,,开放题，答案示例4/6和6/9符合要求。,"4/6, 6/9",写出两个与2/3相等的分数。
hjb-primary-ds-v1-p5-163,P5,lower,multiple-choice,Core,hjb-primary-p5-lower-fractions-equivalence-operations,分数意义、性质与加减,pass,none,,,分数相等判断，6/8=3/4，其他选项错误。,6/8,下面哪个分数与3/4相等？
hjb-primary-ds-v1-p5-164,P5,lower,fill-in,Foundation,hjb-primary-p5-lower-fractions-equivalence-operations,分数意义、性质与加减,pass,none,,,约分正确，18/24=3/4。,3/4,把18/24化成最简分数。
hjb-primary-ds-v1-p5-165,P5,lower,short-answer,Core,hjb-primary-p5-lower-fractions-equivalence-operations,分数意义、性质与加减,pass,none,,,异分母加法，通分后得5/6，正确。,5/6,计算：1/2 + 1/3 = ?
hjb-primary-ds-v1-p5-166,P5,lower,multiple-choice,Foundation,hjb-primary-p5-lower-fractions-equivalence-operations,分数意义、性质与加减,pass,none,,,对折剪绳问题，分析正确，较短段为原长1/8。,1/8,把一根绳子对折一次后，再对折一次，然后从中间剪开。剪开后较短的一段是原来绳子长度的几分之几？
hjb-primary-ds-v1-p5-167,P5,lower,fill-in,Core,hjb-primary-p5-lower-fractions-equivalence-operations,分数意义、性质与加减,pass,none,,,分数基本性质，3/4=9/12，答案9正确。,9,在括号里填上适当的分数：3/4 = ( )/12。
hjb-primary-ds-v1-p5-168,P5,lower,short-answer,Foundation,hjb-primary-p5-lower-fractions-equivalence-operations,分数意义、性质与加减,pass,none,,,异分母减法，通分后得7/12，正确。,7/12,计算：5/6 - 1/4 = ?（结果用最简分数表示）
hjb-primary-ds-v1-p5-169,P5,lower,multiple-choice,Core,hjb-primary-p5-lower-fractions-equivalence-operations,分数意义、性质与加减,pass,none,,,分数相等判断，4/10=2/5，其他选项错误。,4/10,下面哪个分数与2/5相等？
hjb-primary-ds-v1-p5-170,P5,lower,fill-in,Foundation,hjb-primary-p5-lower-fractions-equivalence-operations,分数意义、性质与加减,pass,none,,,约分正确，12/18=2/3。,2/3,把12/18化成最简分数。
hjb-primary-ds-v1-p5-171,P5,lower,short-answer,Core,hjb-primary-p5-lower-fractions-equivalence-operations,分数意义、性质与加减,pass,none,,,题目清晰，计算正确，答案与解释一致。,\frac{4}{15},妈妈买回一袋糖果，打算分给小明和他的两个妹妹。小明分得糖果总数的 \\(\frac{2}{5}\\)，大妹妹分得 \\(\frac{1}{3}\\)，小妹妹分得剩下的糖果。小妹妹分得的糖果占总数的几分之几？
hjb-primary-ds-v1-p5-172,P5,lower,multiple-choice,Foundation,hjb-primary-p5-lower-fractions-equivalence-operations,分数意义、性质与加减,pass,none,,,选项唯一正确，解释合理。,\frac{3}{4},下面哪个分数与 \\(\frac{9}{12}\\) 相等？
hjb-primary-ds-v1-p5-173,P5,lower,fill-in,Core,hjb-primary-p5-lower-fractions-equivalence-operations,分数意义、性质与加减,pass,none,,,最小公分母正确，解释清晰。,24,在计算 \\(\frac{3}{8} + \frac{1}{6}\\) 时，需要先通分。8 和 6 的最小公分母是 ____。
hjb-primary-ds-v1-p5-174,P5,lower,short-answer,Foundation,hjb-primary-p5-lower-fractions-equivalence-operations,分数意义、性质与加减,pass,none,,,约分正确，答案最简。,\frac{3}{4},把 \\(\frac{18}{24}\\) 化成最简分数。
hjb-primary-ds-v1-p5-175,P5,lower,multiple-choice,Core,hjb-primary-p5-lower-fractions-equivalence-operations,分数意义、性质与加减,pass,none,,,算式选择正确，解释合理。,\frac{7}{10} - \frac{1}{4},一根绳子长 \\(\frac{7}{10}\\) 米，用去 \\(\frac{1}{4}\\) 米，还剩多少米？下面哪个算式正确？
hjb-primary-ds-v1-p5-176,P5,lower,fill-in,Foundation,hjb-primary-p5-lower-fractions-equivalence-operations,分数意义、性质与加减,pass,none,,,答案正确，已是最简分数。,3/8 米,把一根长 3 米的绳子平均分成 8 段，每段长多少米？用分数表示，并化成最简分数。
hjb-primary-ds-v1-p5-177,P5,lower,short-answer,Core,hjb-primary-p5-lower-fractions-equivalence-operations,分数意义、性质与加减,pass,none,,,计算过程正确，答案准确。,13/20,小华有一根彩带，第一次用去全长的 1/4，第二次用去全长的 2/5。两次一共用去全长的几分之几？请写出计算过程。
hjb-primary-ds-v1-p5-178,P5,lower,multiple-choice,Foundation,hjb-primary-p5-lower-fractions-equivalence-operations,分数意义、性质与加减,pass,none,,,选项唯一正确，解释清晰。,6/10,下面哪个分数与 3/5 相等？
hjb-primary-ds-v1-p5-179,P5,lower,fill-in,Core,hjb-primary-p5-lower-fractions-equivalence-operations,分数意义、性质与加减,pass,none,,,填空答案正确，符合分数基本性质。,15,在括号里填上适当的数，使等式成立：5/8 = ( )/24。
hjb-primary-ds-v1-p5-180,P5,lower,short-answer,Foundation,hjb-primary-p5-lower-fractions-equivalence-operations,分数意义、性质与加减,pass,none,,,比较过程正确，答案明确。,3/7 > 5/14,比较 3/7 和 5/14 的大小，写出比较过程。
hjb-primary-ds-v1-p5-181,P5,lower,multiple-choice,Core,hjb-primary-p5-lower-fractions-equivalence-operations,分数意义、性质与加减,pass,none,,,对折三次为8份，涂色5份为5/8，10/16与之相等，选项正确。,10/16,小杰把一张长方形纸对折三次，展开后纸被平均分成了几份？他将其中的5份涂上颜色，涂色部分占这张纸的几分之几？下列分数中，与涂色部分相等的是哪一个？
hjb-primary-ds-v1-p5-182,P5,lower,fill-in,Foundation,hjb-primary-p5-lower-fractions-equivalence-operations,分数意义、性质与加减,pass,none,,,两个问题答案均正确，解释合理。,"1/8, 3/8",把一根3米长的绳子平均分成8段，每段占全长的几分之几？每段长多少米？（用分数表示）
hjb-primary-ds-v1-p5-183,P5,lower,multiple-choice,Core,hjb-primary-p5-lower-fractions-equivalence-operations,分数意义、性质与加减,pass,none,,,小红的方法正确，其他错误，选项清晰。,小红,"在计算2/5 + 1/4时，下面哪位同学的想法是正确的？\n小明：因为5+4=9，2+1=3，所以结果是3/9。\n小红：先通分，2/5=8/20，1/4=5/20，再相加得13/20。\n小刚：2/5+1/4=3/9，约分后是1/3。\n小丽：2/5+1/4=3/20。"
hjb-primary-ds-v1-p5-184,P5,lower,fill-in,Foundation,hjb-primary-p5-lower-fractions-equivalence-operations,分数意义、性质与加减,pass,none,,,填空答案正确，符合分数基本性质。,"9, 20",在括号里填上适当的数，使等式成立：3/4 = ( )/12 = 15/( )。
hjb-primary-ds-v1-p5-185,P5,lower,multiple-choice,Core,hjb-primary-p5-lower-fractions-equivalence-operations,分数意义、性质与加减,pass,none,,,最简分数正确，选项唯一。,2/3,学校合唱队有男生24人，女生36人。男生人数是女生的几分之几？下面哪个最简分数是正确的？
hjb-primary-ds-v1-p5-186,P5,lower,fill-in,Foundation,hjb-primary-p5-lower-fractions-equivalence-operations,分数意义、性质与加减,pass,none,,,答案正确，解释合理。,3/8,把一根长3米的彩带平均分成8段，每段长多少米？用分数表示。
hjb-primary-ds-v1-p5-187,P5,lower,multiple-choice,Core,hjb-primary-p5-lower-fractions-equivalence-operations,分数意义、性质与加减,pass,none,,,计算正确，选项唯一。,11/15,小雅有一根彩带，她先用了全长的2/5，又用了全长的1/3。她两次一共用了全长的几分之几？
hjb-primary-ds-v1-p5-188,P5,lower,fill-in,Foundation,hjb-primary-p5-lower-fractions-equivalence-operations,分数意义、性质与加减,pass,none,,,答案正确，解释合理。,\frac{3}{8},把一根3米长的彩带平均分成8段，每段长多少米？用分数表示。
hjb-primary-ds-v1-p5-189,P5,lower,multiple-choice,Core,hjb-primary-p5-lower-cuboid-cube,长方体、正方体与体积,pass,none,,,计算正确，单位换算合理，答案与解释一致。,10 厘米,一个长方体形状的鱼缸，从里面量长 60 厘米、宽 30 厘米、高 40 厘米。现在鱼缸里装有 54 升水，水面离鱼缸口还有多少厘米？
hjb-primary-ds-v1-p5-190,P5,lower,fill-in,Core,hjb-primary-p5-lower-cuboid-cube,长方体、正方体与体积,pass,none,,,体积计算正确，答案160立方厘米无误。,160,一个长方体纸盒，长8厘米，宽5厘米，高4厘米。它的体积是多少立方厘米？
hjb-primary-ds-v1-p5-191,P5,lower,multiple-choice,Core,hjb-primary-p5-lower-cuboid-cube,长方体、正方体与体积,pass,none,,,表面积计算正确，选项唯一，答案匹配。,184平方厘米,一个长方体纸盒，长8厘米，宽5厘米，高4厘米。把它的表面全部贴上彩纸，至少需要多少平方厘米的彩纸？
hjb-primary-ds-v1-p5-192,P5,lower,fill-in,Core,hjb-primary-p5-lower-cuboid-cube,长方体、正方体与体积,pass,none,,,棱长与体积计算正确，答案125无误。,125,一个正方体的棱长总和是60厘米，它的体积是______立方厘米。
hjb-primary-ds-v1-p5-193,P5,lower,multiple-choice,Core,hjb-primary-p5-lower-cuboid-cube,长方体、正方体与体积,pass,none,,,体积计算正确，所需小正方体数量36个无误。,36个,用棱长1厘米的小正方体拼成一个长6厘米、宽3厘米、高2厘米的长方体，一共需要多少个小正方体？
hjb-primary-ds-v1-p5-194,P5,lower,fill-in,Core,hjb-primary-p5-lower-cuboid-cube,长方体、正方体与体积,pass,none,,,水的体积计算正确，单位换算合理，答案240升无误。,240,一个长方体水箱，从里面量长10分米，宽6分米，高5分米。水箱内水深4分米，水箱内的水有______升。
hjb-primary-ds-v1-p5-195,P5,lower,multiple-choice,Core,hjb-primary-p5-lower-cuboid-cube,长方体、正方体与体积,pass,none,,,体积变化倍数计算正确，答案8倍无误。,8倍,一个正方体的棱长扩大到原来的2倍，它的体积扩大到原来的多少倍？
hjb-primary-ds-v1-p5-196,P5,lower,fill-in,Core,hjb-primary-p5-lower-cuboid-cube,长方体、正方体与体积,pass,none,,,水的体积计算正确，区分了鱼缸高度和水深，答案160立方分米无误。,160,一个长方体鱼缸，从里面量长8分米、宽5分米、高6分米。鱼缸中装有水，水深4分米。鱼缸内水的体积是多少立方分米？
hjb-primary-ds-v1-p5-197,P5,lower,multiple-choice,Core,hjb-primary-p5-lower-cuboid-cube,长方体、正方体与体积,pass,none,,,表面积计算正确，答案150平方厘米无误。,150,一个正方体的棱长总和是60厘米，它的表面积是多少平方厘米？
hjb-primary-ds-v1-p5-198,P5,lower,fill-in,Core,hjb-primary-p5-lower-cuboid-cube,长方体、正方体与体积,pass,none,,,减少的表面积计算正确，答案16平方厘米无误。,16,把3个棱长2厘米的小正方体拼成一个长方体，拼成的长方体的表面积比原来3个小正方体的表面积总和减少了多少平方厘米？
hjb-primary-ds-v1-p5-199,P5,lower,multiple-choice,Core,hjb-primary-p5-lower-cuboid-cube,长方体、正方体与体积,pass,none,,,最小占地面积计算正确，答案48平方厘米无误。,48,一个长方体纸盒，长10厘米、宽8厘米、高6厘米。如果把它放在桌面上，占地面积最小是多少平方厘米？
hjb-primary-ds-v1-p5-200,P5,lower,fill-in,Core,hjb-primary-p5-lower-cuboid-cube,长方体、正方体与体积,pass,none,,,由表面积求体积计算正确，答案64立方厘米无误。,64,一个正方体的表面积是96平方厘米，它的体积是多少立方厘米？
hjb-primary-ds-v1-p5-201,P5,lower,multiple-choice,Core,hjb-primary-p5-lower-cuboid-cube,长方体、正方体与体积,pass,none,,,贴膜面积计算正确，答案196平方分米无误。,196平方分米,一个长方体水箱，从里面量长8分米、宽5分米、高6分米。水箱内壁四周和底面贴上防水膜，贴防水膜的面积是多少平方分米？
hjb-primary-ds-v1-p5-202,P5,lower,fill-in,Core,hjb-primary-p5-lower-cuboid-cube,长方体、正方体与体积,pass,none,,,所需小正方体数量计算正确，答案24块无误。,24,用棱长1厘米的小正方体搭成一个长4厘米、宽3厘米、高2厘米的长方体。一共用了______块小正方体。
hjb-primary-ds-v1-p5-203,P5,lower,multiple-choice,Core,hjb-primary-p5-lower-cuboid-cube,长方体、正方体与体积,pass,none,,,表面积计算正确，答案96平方厘米无误。,96平方厘米,一个正方体的棱长总和是48厘米，它的表面积是多少平方厘米？
hjb-primary-ds-v1-p5-204,P5,lower,fill-in,Core,hjb-primary-p5-lower-cuboid-cube,长方体、正方体与体积,pass,none,,,由表面积求体积计算正确，答案125立方厘米无误。,125,一个正方体的表面积是150平方厘米，它的体积是______立方厘米。
hjb-primary-ds-v1-p5-205,P5,lower,multiple-choice,Core,hjb-primary-p5-lower-cuboid-cube,长方体、正方体与体积,pass,none,,,切割数量计算正确，答案60个无误。,60个,一个长方体木块，长10厘米、宽8厘米、高6厘米。把它切成棱长2厘米的小正方体，最多可以切成多少个？
hjb-primary-ds-v1-p5-206,P5,lower,fill-in,Core,hjb-primary-p5-lower-cuboid-cube,长方体、正方体与体积,pass,none,,,切割数量计算正确，答案160个无误。,160,一个长方体木块，长8厘米，宽5厘米，高4厘米。把它切成棱长1厘米的小正方体，一共可以切成多少个？
hjb-primary-ds-v1-p5-207,P5,lower,multiple-choice,Core,hjb-primary-p5-lower-cuboid-cube,长方体、正方体与体积,pass,none,,,题目正确，计算无误，选项清晰。,216,一个正方体的棱长是6厘米，它的表面积是多少平方厘米？
hjb-primary-ds-v1-p5-208,P5,lower,fill-in,Core,hjb-primary-p5-lower-cuboid-cube,长方体、正方体与体积,pass,none,,,题目正确，答案240立方厘米，接受答案合理。,240,一个长方体，长10厘米，宽6厘米，高4厘米。它的体积是多少立方厘米？
hjb-primary-ds-v1-p5-209,P5,lower,multiple-choice,Core,hjb-primary-p5-lower-cuboid-cube,长方体、正方体与体积,pass,none,,,题目正确，体积计算无误，选项合理。,30,用棱长1厘米的小正方体搭成一个长方体，长5厘米，宽3厘米，高2厘米。搭成这个长方体需要多少个小正方体？
hjb-primary-ds-v1-p5-210,P5,lower,fill-in,Core,hjb-primary-p5-lower-cuboid-cube,长方体、正方体与体积,pass,none,,,题目正确，先求棱长再算体积，答案64立方厘米。,64,一个正方体的棱长总和是48厘米，它的体积是多少立方厘米？
hjb-primary-ds-v1-p5-211,P5,lower,multiple-choice,Core,hjb-primary-p5-lower-cuboid-cube,长方体、正方体与体积,pass,none,,,题目正确，体积计算无误，选项清晰。,160块,一个长方体木块，长8厘米、宽5厘米、高4厘米。把它切成棱长为1厘米的小正方体，一共可以切成多少块？
hjb-primary-ds-v1-p5-212,P5,lower,fill-in,Core,hjb-primary-p5-lower-cuboid-cube,长方体、正方体与体积,pass,none,,,题目正确，棱长5厘米，表面积150平方厘米。,150,一个正方体的棱长总和是60厘米，它的表面积是______平方厘米。
hjb-primary-ds-v1-p5-213,P5,lower,multiple-choice,Core,hjb-primary-p5-lower-cuboid-cube,长方体、正方体与体积,pass,none,,,题目正确，计算水深4分米，离缸口1分米。,1分米,一个长方体金鱼缸，从里面量长6分米、宽4分米、高5分米。倒入96升水后，水面离缸口还有多少分米？
hjb-primary-ds-v1-p5-214,P5,lower,fill-in,Core,hjb-primary-p5-lower-cuboid-cube,长方体、正方体与体积,pass,none,,,题目正确，棱长8厘米，体积512立方厘米。,512,用一根长96厘米的铁丝焊接成一个正方体框架，这个正方体的体积是______立方厘米。
hjb-primary-ds-v1-p5-215,P5,lower,multiple-choice,Core,hjb-primary-p5-lower-cuboid-cube,长方体、正方体与体积,pass,none,,,题目正确，增加表面积56平方厘米，底面边长7厘米，原高5厘米，体积245立方厘米。,245立方厘米,一个长方体，如果高增加2厘米，就变成一个正方体，且表面积增加56平方厘米。原来长方体的体积是多少立方厘米？
hjb-primary-ds-v1-p5-216,P5,lower,fill-in,Core,hjb-primary-p5-lower-cuboid-cube,长方体、正方体与体积,pass,none,,,题目正确，上升高度1.2分米，体积28.8立方分米。,28.8,一个长方体玻璃鱼缸，从里面量长6分米、宽4分米、高5分米。鱼缸里装有水，水深3分米。把一块假山石完全浸入水中后，水面上升到4.2分米。这块假山石的体积是多少立方分米？
hjb-primary-ds-v1-p5-217,P5,lower,multiple-choice,Core,hjb-primary-p5-lower-cuboid-cube,长方体、正方体与体积,pass,none,,,题目正确，棱长6厘米，表面积216平方厘米。,216,一个正方体的棱长总和是72厘米，它的表面积是多少平方厘米？
hjb-primary-ds-v1-p5-218,P5,lower,fill-in,Core,hjb-primary-p5-lower-cuboid-cube,长方体、正方体与体积,pass,none,,,题目正确，表面积184平方分米。,184,一个长方体纸箱，长8分米、宽5分米、高4分米。制作这个纸箱至少需要多少平方分米的硬纸板？（接口处忽略不计）
hjb-primary-ds-v1-p5-219,P5,lower,multiple-choice,Core,hjb-primary-p5-lower-cuboid-cube,长方体、正方体与体积,pass,none,,,题目正确，体积54立方厘米。,54,把两个棱长都是3厘米的正方体拼成一个长方体，拼成的长方体的体积是多少立方厘米？
hjb-primary-ds-v1-p5-220,P5,lower,fill-in,Core,hjb-primary-p5-lower-statistics-review,统计表达与综合应用,pass,none,,,题目正确，3月到4月上升6℃，为最早出现的一组。,3月到4月,下面是某地2023年各月平均气温的折线统计图数据：1月2℃，2月5℃，3月10℃，4月16℃，5月22℃，6月28℃，7月30℃，8月29℃，9月25℃，10月18℃，11月10℃，12月4℃。从几月到几月气温上升最快？若有多组上升幅度相同，请写最早出现的一组。
hjb-primary-ds-v1-p5-221,P5,lower,multiple-choice,Core,hjb-primary-p5-lower-statistics-review,统计表达与综合应用,pass,none,,,题目正确，选项B描述准确，其他选项错误。,第2天到第3天气温下降，第3天到第5天气温上升,小杰记录了连续5天每天上午8时的气温，并绘制成折线统计图。数据如下：第1天12℃，第2天14℃，第3天11℃，第4天15℃，第5天16℃。下列说法正确的是（ ）。
hjb-primary-ds-v1-p5-222,P5,lower,fill-in,Core,hjb-primary-p5-lower-statistics-review,统计表达与综合应用,pass,none,,,题目正确，超过20本的有3天。,3,"下表是某商店一周内每天售出的笔记本数量。\n\n| 星期 | 一 | 二 | 三 | 四 | 五 | 六 | 日 |\n|------|----|----|----|----|----|----|----|\n| 数量（本） | 15 | 12 | 18 | 20 | 25 | 30 | 22 |\n\n售出数量超过20本的有______天。"
hjb-primary-ds-v1-p5-223,P5,lower,multiple-choice,Core,hjb-primary-p5-lower-statistics-review,统计表达与综合应用,pass,none,,,题目正确，D选项正确，其他选项不准确。,4月的气温比3月上升了6℃,"下面是某城市2023年1~6月的月平均气温统计表。\n\n| 月份 | 1月 | 2月 | 3月 | 4月 | 5月 | 6月 |\n|------|-----|-----|-----|-----|-----|-----|\n| 气温（℃） | 2 | 5 | 10 | 16 | 22 | 28 |\n\n根据表中数据，下列说法正确的是（ ）。"
hjb-primary-ds-v1-p5-224,P5,lower,fill-in,Core,hjb-primary-p5-lower-statistics-review,统计表达与综合应用,pass,none,,,题目正确，增加最快的是第6天到第7天。,"6,7","小丁记录了蒜苗生长的高度，数据如下：\n\n| 第几天 | 1 | 2 | 3 | 4 | 5 | 6 | 7 |\n|--------|---|---|---|---|---|---|---|---|\n| 高度（厘米） | 2 | 3 | 5 | 8 | 12 | 17 | 23 |\n\n蒜苗高度增加最快的是第______天到第______天。"
hjb-primary-ds-v1-p5-225,P5,lower,multiple-choice,Core,hjb-primary-p5-lower-statistics-review,统计表达与综合应用,pass,none,,,数据变化描述正确，选项C准确反映趋势，D的错误分析合理。,从8:00到10:00停车数量增加，10:00到12:00停车数量减少,"下面是某停车场连续5小时内的停车数量记录。\n\n| 时刻 | 8:00 | 9:00 | 10:00 | 11:00 | 12:00 |\n|------|------|------|-------|-------|-------|\n| 停车数（辆） | 20 | 35 | 50 | 45 | 30 |\n\n下列说法正确的是（ ）。"
hjb-primary-ds-v1-p5-226,P5,lower,fill-in,Core,hjb-primary-p5-lower-statistics-review,统计表达与综合应用,pass,none,,,温差计算正确，最早最大上升幅度为3月到4月，答案与解释一致。,"3,4","下表记录了某城市2024年1月至6月的月平均气温。\n\n| 月份 | 1月 | 2月 | 3月 | 4月 | 5月 | 6月 |\n|------|-----|-----|-----|-----|-----|-----|\n| 气温（℃） | 2 | 5 | 10 | 16 | 22 | 28 |\n\n根据表中数据，气温上升最快的相邻两个月是______月和______月。若有多组上升幅度相同，请写最早出现的一组。"
hjb-primary-ds-v1-p5-227,P5,lower,multiple-choice,Core,hjb-primary-p5-lower-statistics-review,统计表达与综合应用,pass,none,,,折线统计图适合表示增减变化，选项正确，解释合理。,折线统计图,小丁记录了连续五天每天做仰卧起坐的个数：第一天32个，第二天35个，第三天30个，第四天33个，第五天35个。他想用统计图表示这五天的变化情况，并突出每天个数的增减。选用下面哪种统计图最合适？
hjb-primary-ds-v1-p5-228,P5,lower,fill-in,Core,hjb-primary-p5-lower-statistics-review,统计表达与综合应用,pass,none,,,总和计算正确，223支无误。,223,"下面是某文具店一周内铅笔销售量的记录。\n\n| 星期 | 一 | 二 | 三 | 四 | 五 | 六 | 日 |\n|------|----|----|----|----|----|----|----|\n| 销售量（支） | 20 | 25 | 18 | 30 | 35 | 50 | 45 |\n\n这一周铅笔的总销售量是______支。"
hjb-primary-ds-v1-p5-229,P5,lower,multiple-choice,Core,hjb-primary-p5-lower-statistics-review,统计表达与综合应用,pass,none,,,路程与时间成正比，速度恒定，选项C正确。,汽车行驶的速度保持不变,"小胖记录了自家汽车在高速公路上行驶的时间和路程，数据如下表。\n\n| 时间（小时） | 1 | 2 | 3 | 4 |\n|-------------|----|----|----|----|\n| 路程（千米） | 80 | 160 | 240 | 320 |\n\n根据表中数据，下列说法正确的是（ ）。"
hjb-primary-ds-v1-p5-230,P5,lower,fill-in,Core,hjb-primary-p5-lower-statistics-review,统计表达与综合应用,pass,none,,,16-2=14，计算正确。,14,"小亚记录了蒜苗在阳光下生长的高度，数据如下。\n\n| 天数 | 第1天 | 第2天 | 第3天 | 第4天 | 第5天 |\n|------|-------|-------|-------|-------|-------|\n| 高度（厘米） | 2 | 4 | 7 | 11 | 16 |\n\n蒜苗第5天比第1天长高了______厘米。"
hjb-primary-ds-v1-p5-231,P5,lower,multiple-choice,Core,hjb-primary-p5-lower-statistics-review,统计表达与综合应用,pass,none,,,1月到6月上升26℃正确，其他选项均有误，解释清晰。,1月到6月的气温上升了26℃,"下面是某市2024年1月至6月的月平均气温统计表。\n月份：1月 2月 3月 4月 5月 6月\n气温（℃）：2 5 10 9 22 28\n根据表中数据，下列说法正确的是（ ）。"
hjb-primary-ds-v1-p5-232,P5,lower,fill-in,Core,hjb-primary-p5-lower-statistics-review,统计表达与综合应用,pass,none,,,最大值220在6月，答案与解释一致。,"6,220","下面是某商店2024年1月至6月的月销售量统计表。\n月份：1月 2月 3月 4月 5月 6月\n销售量（件）：120 150 180 160 200 220\n从表中可以看出，销售量最高的月份是______月，销售量是______件。"
hjb-primary-ds-v1-p5-233,P5,lower,multiple-choice,Core,hjb-primary-p5-lower-statistics-review,统计表达与综合应用,pass,none,,,5月比4月高25毫米正确，其他选项错误分析合理。,5月的降水量比4月的降水量高25毫米,"下面是某地2024年1月至6月的月降水量统计表。\n月份：1月 2月 3月 4月 5月 6月\n降水量（毫米）：30 45 60 55 80 95\n根据表中数据，下列说法正确的是（ ）。"
hjb-primary-ds-v1-p5-234,P5,lower,fill-in,Core,hjb-primary-p5-lower-statistics-review,统计表达与综合应用,pass,none,,,一班最高60在6月，二班最低30在1月，答案正确。,"6,60,1,30","下面是某小学五年级一班和二班2024年1月至6月的月借书量统计表。\n月份：1月 2月 3月 4月 5月 6月\n一班借书量（本）：35 40 50 45 55 60\n二班借书量（本）：30 35 45 50 55 65\n从表中可以看出，一班借书量最高的月份是______月，借书______本；二班借书量最低的月份是______月，借书______本。"
hjb-primary-ds-v1-p5-235,P5,lower,multiple-choice,Core,hjb-primary-p5-lower-statistics-review,统计表达与综合应用,pass,none,,,5月比4月高13℃正确，其他选项错误分析合理。,5月的气温比4月的气温高13℃,"下面是某市2024年1月至6月的月平均气温统计表。\n月份：1月 2月 3月 4月 5月 6月\n气温（℃）：3 6 11 10 23 30\n根据表中数据，下列说法正确的是（ ）。"
hjb-primary-ds-v1-p5-236,P5,lower,fill-in,Core,hjb-primary-p5-lower-statistics-review,统计表达与综合应用,pass,none,,,最高气温16℃在第6天，答案正确。,第6天,"小玲记录了连续6天每天上午8时的气温，数据如下：\n第1天：12°C，第2天：14°C，第3天：11°C，第4天：13°C，第5天：15°C，第6天：16°C。\n她将这些数据画成了折线统计图，横轴表示天数，纵轴表示气温（°C），从0°C开始，每格表示1°C。\n请根据数据回答：这6天的最高气温出现在第几天？"
hjb-primary-ds-v1-p5-237,P5,lower,multiple-choice,Core,hjb-primary-p5-lower-statistics-review,统计表达与综合应用,pass,none,,,星期五比星期四多5本正确，其他选项错误分析合理。,星期五比星期四多售出5本,"下面是某商店一周内每天售出的笔记本数量：\n星期一：15本，星期二：12本，星期三：18本，星期四：20本，星期五：25本，星期六：30本，星期日：22本。\n根据这些数据，下面哪种说法是正确的？"
hjb-primary-ds-v1-p5-238,P5,lower,fill-in,Core,hjb-primary-p5-lower-statistics-review,统计表达与综合应用,pass,none,,,星期四到星期五减少20分钟，减少最快，答案正确。,星期四到星期五,"小杰记录了自己一周内每天做作业所用的时间（单位：分钟）：\n星期一：30，星期二：25，星期三：35，星期四：40，星期五：20，星期六：15，星期日：10。\n他想用折线统计图展示这一周作业时间的变化趋势。横轴表示星期，纵轴表示时间（分钟），从0开始，每格表示5分钟。\n请根据数据回答：作业时间减少最快的是哪两天之间？"
hjb-primary-ds-v1-p5-239,P5,lower,multiple-choice,Core,hjb-primary-p5-lower-statistics-review,统计表达与综合应用,pass,none,,,3月到4月上升6℃正确，其他选项错误分析合理。,3月到4月气温上升了6°C,"某城市2023年1月至6月的月平均气温如下：\n1月：2°C，2月：5°C，3月：10°C，4月：16°C，5月：22°C，6月：28°C。\n如果将这些数据绘制成折线统计图，下面哪一项描述是正确的？"
hjb-primary-ds-v1-p5-240,P5,lower,fill-in,Core,hjb-primary-p5-lower-statistics-review,统计表达与综合应用,pass,none,,,平均身高142厘米计算正确。,142,"下面是四（1）班第一小组5名同学的身高数据（单位：厘米）：\n小华：145，小丽：138，小刚：150，小敏：142，小强：135。\n他们想用统计图比较身高，并计算平均身高。\n请根据数据回答：这5名同学的平均身高是多少厘米？"
hjb-primary-ds-v1-p5-241,P5,lower,multiple-choice,Core,hjb-primary-p5-lower-statistics-review,统计表达与综合应用,pass,none,,,1月到6月上升23℃正确，其他选项错误分析合理。,从1月到6月，气温上升了23℃,"下面是某城市2023年1月至6月的月平均气温统计表：\n\n| 月份 | 1月 | 2月 | 3月 | 4月 | 5月 | 6月 |\n|------|------|------|------|------|------|------|\n| 平均气温（℃） | 2 | 5 | 10 | 16 | 21 | 25 |\n\n根据表中数据，下面哪个结论是正确的？"
hjb-primary-ds-v1-p5-242,P5,lower,multiple-choice,Core,hjb-primary-p5-lower-statistics-review,统计表达与综合应用,pass,none,,,周六18℃最高正确，其他选项错误分析合理。,周六上午8时的气温最高，是18℃。,"小丁记录了上海某公园一周内每天上午8时的气温（单位：℃），数据如下：\n周一：12，周二：14，周三：11，周四：15，周五：16，周六：18，周日：17。\n根据这些数据，下面哪句话是正确的？"
hjb-primary-ds-v1-p5-243,P5,lower,multiple-choice,Core,hjb-primary-p5-lower-statistics-review,统计表达与综合应用,pass,none,,,数学正确，选项B计算无误，解释合理，适合五年级统计复习。,3月的“优”天数比2月增加了5天。,"下面是某城市2024年1月至6月每月空气质量为“优”的天数统计表。\n\n月份：1月、2月、3月、4月、5月、6月\n优的天数：12天、10天、15天、18天、22天、20天\n\n根据这些数据，下面哪个说法是正确的？"
hjb-primary-ds-v1-p5-244,P5,lower,multiple-choice,Core,hjb-primary-p5-lower-statistics-review,统计表达与综合应用,pass,none,,,数学正确，选项D判断合理，解释清晰，适合五年级统计复习。,D. 第5天比第4天少跳4个，说明第5天比第4天退步了,"下表记录了乐乐连续6天练习跳绳的个数：\n\n| 天数 | 第1天 | 第2天 | 第3天 | 第4天 | 第5天 | 第6天 |\n|------|-------|-------|-------|-------|-------|-------|\n| 个数 | 120   | 135   | 128   | 142   | 138   | 145   |\n\n根据表中数据，下面说法正确的是（ ）。"
hjb-primary-ds-v1-p5-245,P5,lower,multiple-choice,Core,hjb-primary-p5-lower-statistics-review,统计表达与综合应用,pass,none,,,数学正确，选项B计算无误，解释合理，适合五年级统计复习。,B. 3月的天数比2月增加了2天。,"下面是某城市2024年1月至6月每月空气质量为“优”的天数统计表。\n\n| 月份 | 1月 | 2月 | 3月 | 4月 | 5月 | 6月 |\n|------|-----|-----|-----|-----|-----|-----|\n| 天数 | 11  | 10  | 12  | 15  | 18  | 20  |\n\n根据表中数据，下面哪句话是正确的？"
hjb-primary-ds-v1-p5-246,P5,lower,multiple-choice,Core,hjb-primary-p5-lower-statistics-review,统计表达与综合应用,pass,none,,,数学正确，选项C计算无误，解释合理，适合五年级统计复习。,C. 周日气温比周六下降了2℃,下面是某城市一周内每天最高气温的折线统计图数据：周一15℃，周二17℃，周三16℃，周四19℃，周五21℃，周六22℃，周日20℃。下列说法正确的是（ ）。
hjb-primary-ds-v1-p5-247,P5,lower,multiple-choice,Core,hjb-primary-p5-lower-statistics-review,统计表达与综合应用,pass,none,,,数学正确，选项C判断无误，解释合理，适合五年级统计复习。,C. 第5天温度最高,小华记录了连续5天早上7点的室外温度，并制成折线统计图：第1天12℃，第2天14℃，第3天11℃，第4天16℃，第5天18℃。下列说法正确的是（ ）。
hjb-primary-ds-v1-p5-248,P5,lower,multiple-choice,Core,hjb-primary-p5-lower-statistics-review,统计表达与综合应用,pass,none,,,数学正确，选项B计算无误，解释合理，适合五年级统计复习。,B. 3月到4月销售额上升了6万元,下面是某商店上半年每月销售额的折线统计图数据：1月10万元，2月12万元，3月9万元，4月15万元，5月18万元，6月20万元。下列说法正确的是（ ）。
hjb-primary-ds-v1-p5-249,P5,lower,multiple-choice,Core,hjb-primary-p5-lower-statistics-review,统计表达与综合应用,pass,none,,,数学正确，选项C判断无误，解释合理，适合五年级统计复习。,C. 周三水位最低,下面是某水库一周内每天水位高度的折线统计图数据：周一120厘米，周二122厘米，周三119厘米，周四123厘米，周五125厘米，周六124厘米，周日126厘米。下列说法正确的是（ ）。
hjb-primary-ds-v1-p5-250,P5,lower,multiple-choice,Core,hjb-primary-p5-lower-statistics-review,统计表达与综合应用,pass,none,,,数学正确，选项C计算无误，解释合理，适合五年级统计复习。,C. 周四到周五跳绳次数上升了5次,下面是某同学一周内每天跳绳次数的折线统计图数据：周一80次，周二85次，周三82次，周四90次，周五95次，周六88次，周日100次。下列说法正确的是（ ）。
hjb-primary-ds-v1-p6-001,P6,upper,multiple-choice,Core,hjb-primary-p6-upper-divisibility,数的整除,pass,none,,,数学正确，12是24和36的公因数，选项无误，适合六年级整除单元。,12,在下列各数中，哪一个数既是 24 的因数，又是 36 的因数？
hjb-primary-ds-v1-p6-002,P6,upper,fill-in,Foundation,hjb-primary-p6-upper-divisibility,数的整除,pass,none,,,数学正确，2是唯一的偶质数，适合六年级基础题。,2,在 1 到 20 的自然数中，既是质数又是偶数的数是______。
hjb-primary-ds-v1-p6-003,P6,upper,short-answer,Challenge,hjb-primary-p6-upper-divisibility,数的整除,pass,none,,,数学正确，利用余数补同最小公倍数求解，答案208无误，适合六年级挑战题。,208,一个数除以 5 余 3，除以 6 余 4，除以 7 余 5。这个数最小是多少？
hjb-primary-ds-v1-p6-004,P6,upper,multiple-choice,Exam,hjb-primary-p6-upper-divisibility,数的整除,pass,none,,,数学正确，D选项正确，解释合理，适合六年级考试题。,两个相邻自然数的最大公因数是 1,下面说法中，正确的是（ ）。
hjb-primary-ds-v1-p6-005,P6,upper,fill-in,Core,hjb-primary-p6-upper-divisibility,数的整除,pass,none,,,数学正确，利用公式求得18，适合六年级核心题。,18,两个数的最大公因数是 6，最小公倍数是 36，其中一个数是 12，另一个数是______。
hjb-primary-ds-v1-p6-006,P6,upper,short-answer,Foundation,hjb-primary-p6-upper-divisibility,数的整除,pass,none,,,数学正确，强调因数和倍数的相互依存关系，适合六年级基础题。,不正确。因为因数和倍数是相互依存的，不能单独说一个数是倍数或因数。正确的说法是：36 是 9 的倍数，9 是 36 的因数。,判断下面说法是否正确，并说明理由：因为 36 ÷ 9 = 4，所以 36 是倍数，9 是因数。
hjb-primary-ds-v1-p6-007,P6,upper,multiple-choice,Challenge,hjb-primary-p6-upper-divisibility,数的整除,pass,none,,,数学正确，质数不一定为奇数，小杰对，小丽错，适合六年级挑战题。,小杰对，小丽错,小杰和小丽在讨论一个两位数。小杰说：“这个数的因数只有 1 和它本身。”小丽说：“这个数一定是奇数。”他们谁说得对？
hjb-primary-ds-v1-p6-008,P6,upper,fill-in,Exam,hjb-primary-p6-upper-divisibility,数的整除,pass,none,,,数学正确，9、21、27共3个，注意1不是合数，适合六年级考试题。,3,在 1、2、9、13、21、27、31 中，既是奇数又是合数的数有______个。
hjb-primary-ds-v1-p6-009,P6,upper,short-answer,Core,hjb-primary-p6-upper-divisibility,数的整除,pass,none,,,数学正确，分解质因数及最大公因数计算无误，适合六年级核心题。,24 = 2 × 2 × 2 × 3，36 = 2 × 2 × 3 × 3，最大公因数是 12。,把 24 和 36 分解质因数，并求出它们的最大公因数。
hjb-primary-ds-v1-p6-010,P6,upper,multiple-choice,Foundation,hjb-primary-p6-upper-divisibility,数的整除,pass,none,,,数学正确，6是18和24的公因数，选项无误，适合六年级基础题。,6,下面哪个数既是 18 的因数，又是 24 的因数？
hjb-primary-ds-v1-p6-011,P6,upper,fill-in,Challenge,hjb-primary-p6-upper-divisibility,数的整除,pass,none,,,题目正确，答案30符合条件，解析清晰。,30,一个两位数，十位数字比个位数字大3，且这个数既是3的倍数，又是5的倍数。这个数是多少？
hjb-primary-ds-v1-p6-012,P6,upper,short-answer,Exam,hjb-primary-p6-upper-divisibility,数的整除,pass,none,,,分解质因数、最大公因数和最小公倍数均正确，答案格式合理。,36=2×2×3×3，48=2×2×2×2×3，最大公因数是12，最小公倍数是144,把36和48分别分解质因数，并写出它们的最大公因数和最小公倍数。
hjb-primary-ds-v1-p6-013,P6,upper,multiple-choice,Core,hjb-primary-p6-upper-divisibility,数的整除,pass,none,,,选项15是唯一合数且奇数，答案正确。,15,下面哪个数既是合数又是奇数？
hjb-primary-ds-v1-p6-014,P6,upper,fill-in,Foundation,hjb-primary-p6-upper-divisibility,数的整除,pass,none,,,质数2个，合数3个，答案正确。,"2,3",在1、2、9、13、21、27中，质数有______个，合数有______个。
hjb-primary-ds-v1-p6-015,P6,upper,short-answer,Challenge,hjb-primary-p6-upper-divisibility,数的整除,pass,none,,,40和50均满足条件，答案完整。,"40,50",有一箱苹果，数量不少于40个且不多于50个。如果2个2个地数，正好数完；如果5个5个地数，也正好数完。这箱苹果可能有多少个？请写出所有可能的答案。
hjb-primary-ds-v1-p6-016,P6,upper,multiple-choice,Exam,hjb-primary-p6-upper-divisibility,数的整除,pass,none,,,D选项正确，解析指出其他选项错误原因。,D. 一个合数至少有3个因数。,"下面说法中，正确的是（ ）。\nA. 一个数的倍数一定比它的因数大。\nB. 所有的奇数都是质数。\nC. 两个数的公倍数一定比这两个数都大。\nD. 一个合数至少有3个因数。"
hjb-primary-ds-v1-p6-017,P6,upper,fill-in,Core,hjb-primary-p6-upper-divisibility,数的整除,pass,none,,,9和15是1-20中既是合数又是奇数的数，答案正确。,"9,15",在1到20的自然数中，既是合数又是奇数的数有哪些？请写出所有满足条件的数，并用逗号分隔。
hjb-primary-ds-v1-p6-018,P6,upper,short-answer,Foundation,hjb-primary-p6-upper-divisibility,数的整除,pass,none,,,750是能同时被2、3、5整除的最大三位数，答案正确。,750,从0、2、3、5、7中选出三个不同的数字，组成一个能同时被2、3、5整除的最大三位数。这个三位数是多少？
hjb-primary-ds-v1-p6-019,P6,upper,multiple-choice,Challenge,hjb-primary-p6-upper-fractions,分数,pass,none,,,计算正确，原来24颗，解析清晰。,24颗,小杰有一盒巧克力，他先吃了整盒的1/4，又吃了剩下的1/3，最后盒子里还剩12颗巧克力。原来这盒巧克力有多少颗？
hjb-primary-ds-v1-p6-020,P6,upper,fill-in,Exam,hjb-primary-p6-upper-fractions,分数,pass,none,,,与019题相同，答案24正确。,24,小杰有一盒巧克力，他先吃了整盒的1/4，又吃了剩下的1/3，最后盒子里还剩12颗巧克力。这盒巧克力原来有多少颗？
hjb-primary-ds-v1-p6-021,P6,upper,short-answer,Core,hjb-primary-p6-upper-fractions,分数,pass,none,,,计算正确，原长6米。,6米,小明有一根彩带，第一次用去全长的1/3，第二次用去剩下部分的1/2，最后还剩2米。这根彩带原来长多少米？
hjb-primary-ds-v1-p6-022,P6,upper,multiple-choice,Foundation,hjb-primary-p6-upper-fractions,分数,pass,none,,,5/8=15/24正确，其他选项错误。,5/8 = 15/24,下面哪组分数的大小关系是正确的？
hjb-primary-ds-v1-p6-023,P6,upper,fill-in,Challenge,hjb-primary-p6-upper-fractions,分数,pass,none,,,计算正确，结果为4又1/6或25/6。,4又1/6,计算：2又1/3 + 1又5/6 = ______（填最简分数或带分数）
hjb-primary-ds-v1-p6-024,P6,upper,short-answer,Exam,hjb-primary-p6-upper-fractions,分数,pass,none,,,计算正确，原来400千克。,400千克,学校食堂运来一批大米，第一周吃了总数的2/5，第二周吃了剩下的3/4，这时还剩60千克。这批大米原来有多少千克？
hjb-primary-ds-v1-p6-025,P6,upper,multiple-choice,Core,hjb-primary-p6-upper-fractions,分数,pass,none,,,第二段占全长3/5，更长，答案正确。,第二段更长,一根绳子剪成两段，第一段长3/5米，第二段占全长的3/5。下面说法正确的是（ ）。
hjb-primary-ds-v1-p6-026,P6,upper,fill-in,Foundation,hjb-primary-p6-upper-fractions,分数,pass,none,,,5÷8=5/8米，答案正确。,5/8,把一根长5米的绳子平均分成8段，每段长多少米？用分数表示。
hjb-primary-ds-v1-p6-027,P6,upper,short-answer,Challenge,hjb-primary-p6-upper-fractions,分数,pass,none,,,比较和计算正确，小红多喝3/20。,小红喝得多，多喝了3/20。,小明喝了一杯牛奶的1/4，小红喝了同样一杯牛奶的2/5。谁喝得多？多喝了这杯牛奶的几分之几？请写出比较和计算过程。
hjb-primary-ds-v1-p6-028,P6,upper,multiple-choice,Exam,hjb-primary-p6-upper-fractions,分数,pass,none,,,通分正确，结果为11/12，选项B正确。,3/4 + 1/6 = 9/12 + 2/12 = 11/12,下面哪个算式的计算结果与3/4 + 1/6相等？
hjb-primary-ds-v1-p6-029,P6,upper,fill-in,Core,hjb-primary-p6-upper-fractions,分数,pass,none,,,计算正确，带分数表示符合要求，解释清晰。,3又5/6,计算：2又1/3 + 1又1/2 = ______（用带分数表示）
hjb-primary-ds-v1-p6-030,P6,upper,short-answer,Foundation,hjb-primary-p6-upper-fractions,分数,pass,none,,,答案正确，解题步骤完整，注意了整体变化。,8,一袋糖果有24颗，哥哥吃了这袋糖果的1/3，弟弟吃了剩下的1/2。弟弟吃了多少颗糖果？
hjb-primary-ds-v1-p6-031,P6,upper,multiple-choice,Challenge,hjb-primary-p6-upper-fractions,分数,pass,none,,,答案正确，比较过程清晰，选项无歧义。,第一次用去的长,小杰有一根彩带，第一次用去全长的 2/5，第二次用去剩下部分的 1/3。比较两次用去的长度，下面哪个说法正确？
hjb-primary-ds-v1-p6-032,P6,upper,fill-in,Exam,hjb-primary-p6-upper-fractions,分数,pass,none,,,计算正确，带分数格式符合要求。,5 11/12,计算：3 1/4 + 2 2/3 = ______（结果写成带分数，如 5 5/12）
hjb-primary-ds-v1-p6-033,P6,upper,short-answer,Core,hjb-primary-p6-upper-fractions,分数,pass,none,,,答案正确，过程完整，符合分数应用要求。,1/3,一个西瓜，爸爸吃了 1/3，妈妈吃了剩下的 1/2，最后小明吃了剩下的全部。小明吃了这个西瓜的几分之几？请写出计算过程。
hjb-primary-ds-v1-p6-034,P6,upper,multiple-choice,Foundation,hjb-primary-p6-upper-fractions,分数,pass,none,,,答案正确，比较方法合理，选项唯一。,7/20,下面哪个分数在 1/3 和 2/5 之间？
hjb-primary-ds-v1-p6-035,P6,upper,fill-in,Challenge,hjb-primary-p6-upper-fractions,分数,pass,none,,,答案正确，设未知数方法合理。,12/16,一个分数，分子与分母的和是 28，约分后得到 3/4。原来的分数是 ______。
hjb-primary-ds-v1-p6-036,P6,upper,short-answer,Exam,hjb-primary-p6-upper-fractions,分数,pass,none,,,答案正确，逆向推理清晰，单位合理。,30支,小杰有一盒彩笔，他先用去总数的 2/5，又用去剩下的 1/3，最后盒子里还剩 12 支彩笔。这盒彩笔原来有多少支？
hjb-primary-ds-v1-p6-037,P6,upper,multiple-choice,Core,hjb-primary-p6-upper-ratio-proportion,比和比例,pass,none,,,答案正确，按比例分配计算无误。,60千克,一种混凝土由水泥、沙子和石子按质量比 2∶3∶5 搅拌而成。现在要配制 200 千克的这种混凝土，需要沙子多少千克？
hjb-primary-ds-v1-p6-038,P6,upper,fill-in,Foundation,hjb-primary-p6-upper-ratio-proportion,比和比例,pass,none,,,化简正确，最简整数比无误。,1∶2,把 0.6∶1.2 化成最简单的整数比是______。
hjb-primary-ds-v1-p6-039,P6,upper,short-answer,Challenge,hjb-primary-p6-upper-ratio-proportion,比和比例,pass,none,,,比例尺计算正确，单位换算无误。,4小时,在比例尺为 1∶5000000 的地图上，量得甲、乙两城的距离是 6.4 厘米。一辆汽车以每小时 80 千米的速度从甲城开往乙城，需要多少小时到达？
hjb-primary-ds-v1-p6-040,P6,upper,multiple-choice,Exam,hjb-primary-p6-upper-ratio-proportion,比和比例,pass,none,,,答案正确，比值判断准确，选项唯一。,1/2∶1/3 和 3∶2,下面各组中的两个比，能组成比例的是哪一组？
hjb-primary-ds-v1-p6-041,P6,upper,fill-in,Core,hjb-primary-p6-upper-ratio-proportion,比和比例,pass,none,,,答案正确，比的定义和化简无误。,1:5,小杰调制一杯饮料，用了40毫升浓缩果汁和160毫升水。写出浓缩果汁与饮料总体积的比，并化成最简整数比。
hjb-primary-ds-v1-p6-042,P6,upper,short-answer,Foundation,hjb-primary-p6-upper-ratio-proportion,比和比例,pass,none,,,判断正确，理由充分，符合正比例定义。,成正比例，因为路程÷时间=速度（一定），比值一定。,判断下面两个量是否成正比例，并说明理由：一辆汽车行驶的速度一定，行驶的路程与时间。
hjb-primary-ds-v1-p6-043,P6,upper,multiple-choice,Challenge,hjb-primary-p6-upper-ratio-proportion,比和比例,pass,none,,,答案正确，化简和比值计算一致。,1:3,下面哪个比与0.4:1.2的比值相等？
hjb-primary-ds-v1-p6-044,P6,upper,fill-in,Exam,hjb-primary-p6-upper-ratio-proportion,比和比例,pass,none,,,比例尺计算正确，单位统一，格式规范。,1:4000000,在一幅地图上，用3厘米表示实际距离120千米。这幅地图的比例尺是______。
hjb-primary-ds-v1-p6-045,P6,upper,short-answer,Core,hjb-primary-p6-upper-ratio-proportion,比和比例,pass,none,,,答案正确，按比例分配计算无误。,16,学校合唱队男生与女生的人数比是2:3。如果合唱队总人数是40人，那么男生有多少人？
hjb-primary-ds-v1-p6-046,P6,upper,multiple-choice,Foundation,hjb-primary-p6-upper-ratio-proportion,比和比例,pass,none,,,答案正确，按比例计算无误。,100毫升,一种果汁饮料由浓缩果汁和水按1:5的体积比混合而成。现在要配制600毫升这种饮料，需要浓缩果汁多少毫升？
hjb-primary-ds-v1-p6-047,P6,upper,fill-in,Challenge,hjb-primary-p6-upper-ratio-proportion,比和比例,pass,none,,,题目正确，甜度相同，最简整数比1:5，答案与解释一致。,相同，1:5,小明用20克糖和100克水配制了一杯糖水，小红用30克糖和150克水配制了另一杯糖水。这两杯糖水的甜度是否相同？如果相同，请写出糖与水的质量比的最简整数比；如果不同，请说明哪杯更甜。
hjb-primary-ds-v1-p6-048,P6,upper,short-answer,Exam,hjb-primary-p6-upper-ratio-proportion,比和比例,pass,none,,,计算正确，实际距离340千米，时间4小时，单位换算无误。,4小时,在比例尺为1:4000000的地图上，量得甲、乙两城的距离为8.5厘米。一辆汽车以每小时85千米的速度从甲城开往乙城，需要多少小时到达？
hjb-primary-ds-v1-p6-049,P6,upper,multiple-choice,Core,hjb-primary-p6-upper-ratio-proportion,比和比例,pass,none,,,6:8=3:4，比值相等，能组成比例，选项正确。,6:8,下面哪个比与3:4能组成比例？
hjb-primary-ds-v1-p6-050,P6,upper,fill-in,Foundation,hjb-primary-p6-upper-ratio-proportion,比和比例,pass,none,,,按比例分配，女生40人，计算正确。,40人,学校合唱队男生与女生的人数比是3:5，男生有24人，女生有多少人？
hjb-primary-ds-v1-p6-051,P6,upper,short-answer,Challenge,hjb-primary-p6-upper-ratio-proportion,比和比例,pass,none,,,总份数201，每份6毫升，原液6毫升，答案正确。,6,一种消毒液，原液与水的体积比是1:200。现在需要配制1206毫升的稀释消毒液，需要原液多少毫升？
hjb-primary-ds-v1-p6-052,P6,upper,multiple-choice,Exam,hjb-primary-p6-upper-ratio-proportion,比和比例,pass,none,,,6:10和9:15都化简为3:5，能组成比例，其他选项不能。,6:10和9:15,下面哪组中的两个比可以组成比例？
hjb-primary-ds-v1-p6-053,P6,upper,fill-in,Core,hjb-primary-p6-upper-ratio-proportion,比和比例,pass,none,,,由3a=5b得a:b=5:3，符合比例基本性质。,5:3,如果3a=5b（a、b均不为0），那么a:b=（  ）:（  ）。
hjb-primary-ds-v1-p6-054,P6,upper,short-answer,Foundation,hjb-primary-p6-upper-ratio-proportion,比和比例,pass,none,,,正比例，200:16=450:x，x=36，答案正确。,36,一辆汽车行驶200千米耗油16升。照这样计算，行驶450千米需要耗油多少升？
hjb-primary-ds-v1-p6-055,P6,upper,multiple-choice,Challenge,hjb-primary-p6-upper-circle-sector,圆和扇形,pass,none,,,面积增加50.24平方厘米，计算无误。,50.24,一个圆的半径由3厘米增加到5厘米，它的面积增加了多少平方厘米？（π取3.14）
hjb-primary-ds-v1-p6-056,P6,upper,fill-in,Exam,hjb-primary-p6-upper-circle-sector,圆和扇形,pass,none,,,圆环面积11π平方米，答案正确。,11π,一个圆形花坛的半径是5米。园丁沿着花坛边缘铺设一圈石子路，石子路的外沿形成一个半径是6米的圆。石子路的面积是多少平方米？（结果保留π）
hjb-primary-ds-v1-p6-057,P6,upper,short-answer,Core,hjb-primary-p6-upper-circle-sector,圆和扇形,pass,none,,,扇形面积50π/3平方厘米，公式应用正确。,50π/3,一个扇形的圆心角是60°，半径是10厘米。这个扇形的面积是多少平方厘米？（结果保留π）
hjb-primary-ds-v1-p6-058,P6,upper,multiple-choice,Foundation,hjb-primary-p6-upper-circle-sector,圆和扇形,pass,none,,,选项D正确，90°扇形面积是圆面积的四分之一，其他选项均有错误。,圆心角是90°的扇形，它的面积等于圆面积的四分之一。,下面关于圆和扇形的说法，正确的是哪一项？
hjb-primary-ds-v1-p6-059,P6,upper,fill-in,Challenge,hjb-primary-p6-upper-circle-sector,圆和扇形,pass,none,,,弧长约10.47厘米，计算正确，保留两位小数合理。,10.47,一个圆的周长是31.4厘米。在这个圆内画一个圆心角是120°的扇形，这个扇形的弧长是多少厘米？（π取3.14）
hjb-primary-ds-v1-p6-060,P6,upper,short-answer,Exam,hjb-primary-p6-upper-circle-sector,圆和扇形,pass,none,,,小路面积113.04平方米，圆环计算正确。,113.04,一个半径为8米的圆形水池，在水池周围修一条宽2米的小路。这条小路的面积是多少平方米？（π取3.14）
hjb-primary-ds-v1-p6-061,P6,upper,multiple-choice,Core,hjb-primary-p6-upper-circle-sector,圆和扇形,pass,none,,,周长31.4厘米，选项正确，其他选项为常见错误。,31.4厘米,一个圆的直径是10厘米，它的周长是多少厘米？（π取3.14）
hjb-primary-ds-v1-p6-062,P6,upper,fill-in,Foundation,hjb-primary-p6-upper-circle-sector,圆和扇形,pass,none,,,面积50.24平方厘米，计算正确。,50.24,一个圆的半径是4厘米，它的面积是______平方厘米。（π取3.14）
hjb-primary-ds-v1-p6-063,P6,upper,short-answer,Challenge,hjb-primary-p6-upper-circle-sector,圆和扇形,pass,none,,,扇形面积28.26平方厘米，计算正确。,28.26,一个扇形的圆心角是90°，半径是6厘米。这个扇形的面积是多少平方厘米？（π取3.14）
hjb-primary-ds-v1-p6-064,P6,upper,multiple-choice,Exam,hjb-primary-p6-upper-circle-sector,圆和扇形,pass,none,,,半径10厘米，计算正确，选项无误。,10厘米,一个圆的周长是62.8厘米，它的半径是多少厘米？（π取3.14）
hjb-primary-ds-v1-p6-065,P6,upper,fill-in,Core,hjb-primary-p6-upper-circle-sector,圆和扇形,pass,none,,,计算正确，周长=π×直径=3.14×8=25.12厘米，答案匹配。,25.12,一个圆的直径是8厘米，它的周长是______厘米。（π取3.14）
hjb-primary-ds-v1-p6-066,P6,upper,short-answer,Foundation,hjb-primary-p6-upper-circle-sector,圆和扇形,pass,none,,,计算正确，周长=2×3.14×7=43.96厘米，答案匹配。,43.96,小杰画了一个圆，量得它的半径是7厘米。这个圆的周长是多少厘米？（π取3.14）
hjb-primary-ds-v1-p6-067,P6,upper,multiple-choice,Challenge,hjb-primary-p6-upper-circle-sector,圆和扇形,pass,none,,,扇形面积占比=60°/360°=1/6，选项正确，无歧义。,六分之一,一个扇形的圆心角是60°，半径是9厘米。这个扇形的面积是所在圆面积的几分之几？
hjb-primary-ds-v1-p6-068,P6,upper,fill-in,Exam,hjb-primary-p6-upper-circle-sector,圆和扇形,pass,none,,,面积=3.14×5²=78.5平方厘米，计算正确。,78.5,一个圆的直径是10厘米，它的面积是______平方厘米。（π取3.14）
hjb-primary-ds-v1-p6-069,P6,upper,short-answer,Core,hjb-primary-p6-upper-circle-sector,圆和扇形,pass,none,,,半径=31.4÷(2×3.14)=5米，计算正确。,5,一个圆形花坛的周长是31.4米，这个花坛的半径是多少米？（π取3.14）
hjb-primary-ds-v1-p6-070,P6,upper,multiple-choice,Foundation,hjb-primary-p6-upper-circle-sector,圆和扇形,pass,none,,,扇形定义准确，选项A符合，其他选项错误。,在一个圆内，由两条半径和一段弧围成的图形,下面哪个图形中的涂色部分一定是扇形？
hjb-primary-ds-v1-p6-071,P6,upper,fill-in,Challenge,hjb-primary-p6-upper-circle-sector,圆和扇形,pass,none,,,扇形面积=3.14×8²×135/360=75.36平方厘米，计算正确。,75.36,在一个半径为8厘米的圆中，有一个圆心角为135°的扇形。这个扇形的面积是______平方厘米。（π取3.14）
hjb-primary-ds-v1-p6-072,P6,upper,short-answer,Core,hjb-primary-p6-upper-circle-sector,圆和扇形,pass,none,,,周长31.4米，棵数≈63棵；小路面积=3.14×(6²-5²)≈35平方米，计算正确，答案格式合理。,"63, 35",一个圆形花坛的直径是10米。沿花坛边缘每隔0.5米种一棵月季，大约可以种多少棵？如果沿花坛周围修一条1米宽的小路，小路的面积是多少平方米？（π取3.14，结果保留整数）
hjb-primary-ds-v1-p6-073,P6,lower,multiple-choice,Foundation,hjb-primary-p6-lower-ratio-proportion,比与比例,pass,none,,,糖:水=1:9，水=20×9=180克，选项正确。,180克,一种糖水，糖与水的质量比是1:9。现在有糖20克，需要加水多少克才能配成这种糖水？
hjb-primary-ds-v1-p6-074,P6,lower,fill-in,Challenge,hjb-primary-p6-lower-ratio-proportion,比与比例,pass,none,,,实际距离=7.2×5000000=36000000厘米=360千米，时间=360÷90=4小时，计算正确。,4,在比例尺为1:5000000的地图上，量得甲、乙两城的距离为7.2厘米。一辆汽车以每小时90千米的速度从甲城开往乙城，需要______小时。
hjb-primary-ds-v1-p6-075,P6,lower,short-answer,Core,hjb-primary-p6-lower-ratio-proportion,比与比例,pass,none,,,总人数140，二班占44/140，栽树70×44/140=22棵，计算正确。,22,学校把栽70棵树的任务按照六年级三个班的人数分配给各班，一班有46人，二班有44人，三班有50人。二班应栽多少棵？
hjb-primary-ds-v1-p6-076,P6,lower,multiple-choice,Foundation,hjb-primary-p6-lower-ratio-proportion,比与比例,pass,none,,,比值均为1:5，甜度相同，选项正确。,两杯一样甜,小明用20毫升蜂蜜和100毫升水调制了一杯蜂蜜水，小华用15毫升蜂蜜和75毫升水调制了另一杯蜂蜜水。比较这两杯蜂蜜水的甜度，下列说法正确的是（ ）。
hjb-primary-ds-v1-p6-077,P6,lower,fill-in,Challenge,hjb-primary-p6-lower-ratio-proportion,比与比例,pass,none,,,实际距离=8.5×4000000=34000000厘米=340千米，时间=340÷85=4小时，计算正确。,4,在比例尺为1:4000000的地图上，量得甲、乙两城的距离为8.5厘米。一辆汽车以每小时85千米的速度从甲城开往乙城，需要多少小时？
hjb-primary-ds-v1-p6-078,P6,lower,short-answer,Core,hjb-primary-p6-lower-ratio-proportion,比与比例,pass,none,,,每份120÷5=24本，科技书24×3=72本，计算正确。,72,学校图书馆里科技书和故事书的数量比是3:5，故事书有120本。科技书有多少本？
hjb-primary-ds-v1-p6-079,P6,lower,multiple-choice,Foundation,hjb-primary-p6-lower-ratio-proportion,比与比例,pass,none,,,最大角80°，锐角三角形，选项正确。,锐角三角形,一个三角形三个内角的度数比是2:3:4，这个三角形是（ ）。
hjb-primary-ds-v1-p6-080,P6,lower,fill-in,Challenge,hjb-primary-p6-lower-ratio-proportion,比与比例,pass,none,,,水泥占2/10，20×2/10=4吨，计算正确。,4,一种混凝土由水泥、沙子和石子按2:3:5的质量比配制而成。如果要配制20吨这样的混凝土，需要水泥多少吨？
hjb-primary-ds-v1-p6-081,P6,lower,short-answer,Core,hjb-primary-p6-lower-ratio-proportion,比与比例,pass,none,,,比例3:20=45:x，x=300克，计算正确。,300克,小明用蜂蜜和水调制饮料，蜂蜜与水的质量比是3:20。他用了45克蜂蜜，需要多少克水？
hjb-primary-ds-v1-p6-082,P6,lower,multiple-choice,Foundation,hjb-primary-p6-lower-ratio-proportion,比与比例,pass,none,,,4:5=12:15，选项正确，其他错误。,12:15,下面哪组比与4:5相等？
hjb-primary-ds-v1-p6-083,P6,lower,fill-in,Challenge,hjb-primary-p6-lower-ratio-proportion,比与比例,pass,none,,,计算正确，比例尺换算无误，答案1300千米合理。,1300,在比例尺1:5000000的地图上，上海到北京的铁路长约26厘米，实际距离约是______千米。
hjb-primary-ds-v1-p6-084,P6,lower,short-answer,Core,hjb-primary-p6-lower-ratio-proportion,比与比例,pass,none,,,比例应用正确，计算过程清晰，答案192本无误。,192本,学校图书馆科技书和故事书的本数比是5:8，科技书有120本，故事书有多少本？
hjb-primary-ds-v1-p6-085,P6,lower,multiple-choice,Foundation,hjb-primary-p6-lower-ratio-proportion,比与比例,pass,none,,,正比例定义准确，选项C符合y=kx形式，其他选项均不是正比例。,y=3x,下面哪个式子表示x和y成正比例？
hjb-primary-ds-v1-p6-086,P6,lower,fill-in,Challenge,hjb-primary-p6-lower-ratio-proportion,比与比例,pass,none,,,甜度比恒定，计算正确，答案100毫升合理。,100,小明用蜂蜜和水调制饮料，第一杯用了15毫升蜂蜜和60毫升水，第二杯用了20毫升蜂蜜和80毫升水。第三杯想要同样甜度，他用了25毫升蜂蜜，需要加水多少毫升？
hjb-primary-ds-v1-p6-087,P6,lower,short-answer,Core,hjb-primary-p6-lower-ratio-proportion,比与比例,pass,none,,,按比例分配正确，每份40本，故事书200本，计算无误。,200,学校图书馆科技书和故事书的本数比是3:5。如果科技书有120本，故事书有多少本？请写出计算过程。
hjb-primary-ds-v1-p6-088,P6,lower,multiple-choice,Foundation,hjb-primary-p6-lower-ratio-proportion,比与比例,pass,none,,,比例判断正确，6:9化简为2:3，其他选项比值不等。,6:9,下面哪组比能与2:3组成比例？
hjb-primary-ds-v1-p6-089,P6,lower,fill-in,Challenge,hjb-primary-p6-lower-ratio-proportion,比与比例,pass,none,,,比例尺换算和行程计算均正确，答案3小时无误。,3,在比例尺为1:5000000的地图上，量得甲、乙两城的距离是4.8厘米。一辆汽车以每小时80千米的速度从甲城开往乙城，需要多少小时？
hjb-primary-ds-v1-p6-090,P6,lower,short-answer,Core,hjb-primary-p6-lower-ratio-proportion,比与比例,pass,none,,,按比例分配计算正确，水泥40吨，过程清晰。,40,一种混凝土由水泥、沙子和石子按2:3:5的质量比配制而成。现在要配制这种混凝土200吨，需要水泥多少吨？请写出计算过程。
hjb-primary-ds-v1-p6-091,P6,lower,multiple-choice,Foundation,hjb-primary-p6-lower-circle-sector,圆与扇形,pass,none,,,圆的直径、周长、面积计算正确，选项C准确。,它的面积是16π平方厘米,一个圆的半径是4厘米，下列说法正确的是（ ）。
hjb-primary-ds-v1-p6-092,P6,lower,fill-in,Challenge,hjb-primary-p6-lower-circle-sector,圆与扇形,pass,none,,,扇形面积公式应用正确，解得半径6厘米无误。,6,在一个圆中，圆心角为60°的扇形面积是6π平方厘米，这个圆的半径是______厘米。
hjb-primary-ds-v1-p6-093,P6,lower,short-answer,Core,hjb-primary-p6-lower-circle-sector,圆与扇形,pass,none,,,由周长求半径再求面积，计算正确，答案28.26平方厘米。,28.26,一个圆的周长是18.84厘米，它的面积是多少平方厘米？（π取3.14）
hjb-primary-ds-v1-p6-094,P6,lower,multiple-choice,Foundation,hjb-primary-p6-lower-circle-sector,圆与扇形,pass,none,,,扇形定义准确，选项A正确，其他选项均有概念错误。,扇形是圆的一部分，由两条半径和一段曲线围成,下面关于扇形的说法，正确的是（ ）。
hjb-primary-ds-v1-p6-095,P6,lower,fill-in,Challenge,hjb-primary-p6-lower-circle-sector,圆与扇形,pass,none,,,弧长计算正确，四舍五入保留一位小数得6.3厘米。,6.3,一个扇形的半径是5厘米，圆心角是72°，它的弧长是______厘米。（π取3.14，结果保留一位小数）
hjb-primary-ds-v1-p6-096,P6,lower,short-answer,Core,hjb-primary-p6-lower-circle-sector,圆与扇形,pass,none,,,扇形面积计算正确，19.625平方厘米无误。,19.625,一个圆的直径是10厘米，从圆中剪下一个圆心角为90°的扇形。这个扇形的面积是多少平方厘米？（π取3.14）
hjb-primary-ds-v1-p6-097,P6,lower,multiple-choice,Foundation,hjb-primary-p6-lower-circle-sector,圆与扇形,pass,none,,,周长计算正确，选项A准确，其他选项错误。,A. 这个圆的周长是25.12厘米,一个圆的半径是4厘米，下面说法正确的是（ ）。
hjb-primary-ds-v1-p6-098,P6,lower,fill-in,Challenge,hjb-primary-p6-lower-circle-sector,圆与扇形,pass,none,,,扇形面积计算正确，18.84平方厘米无误。,18.84,一个扇形的圆心角是60°，半径是6厘米，它的面积是（ ）平方厘米。（π取3.14）
hjb-primary-ds-v1-p6-099,P6,lower,short-answer,Core,hjb-primary-p6-lower-circle-sector,圆与扇形,pass,none,,,圆环面积计算正确，65.94平方米无误。,65.94,一个圆形花坛的周长是62.8米，在花坛周围铺一条宽1米的小路。小路的面积是多少平方米？（π取3.14）
hjb-primary-ds-v1-p6-100,P6,lower,multiple-choice,Foundation,hjb-primary-p6-lower-circle-sector,圆与扇形,pass,none,,,扇形定义清晰，选项D不是扇形，判断正确。,D. 一个圆中，一条直径和圆周上任意一点连接的两条线段所围成的图形,下面图形中，涂色部分不是扇形的是（ ）。
hjb-primary-ds-v1-p6-101,P6,lower,fill-in,Challenge,hjb-primary-p6-lower-circle-sector,圆与扇形,pass,none,,,计算正确，弧长=72/360×2×3.14×5=6.28，周长=6.28+10=16.28≈16.3，答案与解释一致。,16.3,在一个半径为5厘米的圆中，有一个圆心角为72°的扇形。这个扇形的周长是多少厘米？（π取3.14，结果保留一位小数）
hjb-primary-ds-v1-p6-102,P6,lower,short-answer,Core,hjb-primary-p6-lower-circle-sector,圆与扇形,pass,none,,,半径6厘米，圆面积113.04，扇形面积=90/360×113.04=28.26，正确。,28.26,一个圆的直径是12厘米，在这个圆中剪下一个圆心角为90°的扇形。这个扇形的面积是多少平方厘米？（π取3.14）
hjb-primary-ds-v1-p6-103,P6,lower,multiple-choice,Foundation,hjb-primary-p6-lower-circle-sector,圆与扇形,pass,none,,,半径4厘米与直径8厘米的圆完全相同，周长面积均相等，选项正确。,它们的周长和面积都相等,一个圆的半径是4厘米，另一个圆的直径是8厘米。关于这两个圆，下面哪种说法是正确的？
hjb-primary-ds-v1-p6-104,P6,lower,fill-in,Challenge,hjb-primary-p6-lower-circle-sector,圆与扇形,pass,none,,,圆心角=6.28/25.12×360=90°，计算无误。,90,一个圆的周长是25.12厘米，在这个圆中有一个扇形，它的弧长是6.28厘米。这个扇形的圆心角是多少度？（π取3.14）
hjb-primary-ds-v1-p6-105,P6,lower,short-answer,Core,hjb-primary-p6-lower-circle-sector,圆与扇形,pass,none,,,扇形面积=60/360×3.14×100≈52.33，保留整数52，正确。,52,一个扇形的半径是10厘米，圆心角是60°。这个扇形的面积是多少平方厘米？（π取3.14，结果保留整数）
hjb-primary-ds-v1-p6-106,P6,lower,multiple-choice,Foundation,hjb-primary-p6-lower-circle-sector,圆与扇形,pass,none,,,半径5厘米，面积=3.14×25=78.5，选项正确。,78.5,一个圆的直径是10厘米，这个圆的面积是多少平方厘米？（π取3.14）
hjb-primary-ds-v1-p6-107,P6,lower,fill-in,Challenge,hjb-primary-p6-lower-circle-sector,圆与扇形,pass,none,,,扇形面积=60/360×3.14×36=18.84，正确。,18.84,一个扇形的圆心角是60°，半径是6厘米，这个扇形的面积是______平方厘米。（π取3.14）
hjb-primary-ds-v1-p6-108,P6,lower,short-answer,Core,hjb-primary-p6-lower-circle-sector,圆与扇形,pass,none,,,外圆半径5米，面积78.5；内圆面积50.24；差28.26，正确。,28.26,一个圆形花坛的半径是4米，在它的周围铺一条1米宽的小路。小路的面积是多少平方米？（π取3.14）
hjb-primary-ds-v1-p6-109,P6,lower,multiple-choice,Foundation,hjb-primary-p6-lower-probability-statistics,可能性与统计图表,pass,none,,,红球最多，可能性最大，选项正确，其他选项错误。,摸到红球的可能性最大,一个袋子里有5个红球、3个蓝球和2个黄球，它们除颜色外完全相同。从中任意摸出一个球，下面说法正确的是（ ）。
hjb-primary-ds-v1-p6-110,P6,lower,fill-in,Challenge,hjb-primary-p6-lower-probability-statistics,可能性与统计图表,pass,none,,,16-10=6，直接计算正确。,6,"下表是某班同学最喜欢的运动项目统计。如果班级总人数为40人，那么喜欢足球的人数比喜欢篮球的多______人。\n\n| 项目   | 足球 | 篮球 | 乒乓球 | 其他 |\n|--------|------|------|--------|------|\n| 人数   | 16   | 10   | 8      | 6    |"
hjb-primary-ds-v1-p6-111,P6,lower,short-answer,Core,hjb-primary-p6-lower-probability-statistics,可能性与统计图表,pass,none,,,根据实验次数推断可能性，红球22次最多，答案合理。,红球被摸出的可能性最大。因为摸球40次中，红球出现了22次，次数最多，所以摸出红球的可能性最大。,"盒子里有5个红球、3个蓝球和2个黄球，除颜色外完全相同。小华从盒子里任意摸出一个球，记录颜色后放回并摇匀，共摸球40次。下表是他记录的摸球结果。\n\n颜色 | 红 | 蓝 | 黄\n次数 | 22 | 10 | 8\n\n根据表中的数据，你认为哪种颜色的球被摸出的可能性最大？请说明理由。"
hjb-primary-ds-v1-p6-112,P6,lower,multiple-choice,Foundation,hjb-primary-p6-lower-probability-statistics,可能性与统计图表,pass,none,,,实验数据只能推测可能情况，不能确定，选项“可能比绿球多”最合理。,袋子里红球可能比绿球多,一个不透明的袋子里装有大小相同的红球和绿球共10个。小明从袋子里任意摸出一个球，记录颜色后放回，共摸球50次，摸到红球32次，摸到绿球18次。根据这些数据，下面哪种说法最合理？
hjb-primary-ds-v1-p6-113,P6,lower,fill-in,Challenge,hjb-primary-p6-lower-probability-statistics,可能性与统计图表,pass,none,,,12+8+10+6+4=40，正确。,40,"下面是六年级一班同学最喜欢的运动项目统计表。\n\n项目 | 篮球 | 足球 | 乒乓球 | 羽毛球 | 其他\n人数 | 12 | 8 | 10 | 6 | 4\n\n全班共有______人。"
hjb-primary-ds-v1-p6-114,P6,lower,short-answer,Core,hjb-primary-p6-lower-probability-statistics,可能性与统计图表,pass,none,,,总和46.9，星期六9.6最高，计算正确。,总营业额是46.9万元，星期六的营业额最高。,"某商场一周内每天的营业额如下：\n星期一：5.2万元，星期二：4.8万元，星期三：6.1万元，星期四：5.5万元，星期五：7.3万元，星期六：9.6万元，星期日：8.4万元。\n\n这一周的总营业额是多少万元？哪一天的营业额最高？"
hjb-primary-ds-v1-p6-115,P6,lower,multiple-choice,Foundation,hjb-primary-p6-lower-probability-statistics,可能性与统计图表,pass,none,,,红色区域面积最大，可能性最大，选项正确。,指针停在红色区域的可能性最大,转动一个均匀的转盘，转盘被分成红、黄、蓝三个区域，红色区域占转盘面积的一半，黄色和蓝色区域各占四分之一。下面哪种说法是正确的？
hjb-primary-ds-v1-p6-116,P6,lower,fill-in,Challenge,hjb-primary-p6-lower-probability-statistics,可能性与统计图表,pass,none,,,12/25 ÷ 5/25 = 12/5 = 2.4，正确。,2.4,"一个不透明的袋子里装有大小、形状相同的红球、蓝球和绿球。下表是三种颜色球的数量统计：\n\n| 颜色 | 数量（个） |\n|------|------------|\n| 红球 | 12         |\n| 蓝球 | 8          |\n| 绿球 | 5          |\n\n从袋中任意摸出一个球，摸到红球的可能性是摸到绿球的可能性的多少倍？"
hjb-primary-ds-v1-p6-117,P6,lower,short-answer,Core,hjb-primary-p6-lower-probability-statistics,可能性与统计图表,pass,none,,,总人数40，差值6，乒乓球10人>足球8人，可能性大，答案完整。,（1）40名；（2）6人；（3）乒乓球的可能性大，因为喜欢乒乓球的人数（10人）比喜欢足球的人数（8人）多，所以抽到乒乓球的概率更高。,"下面是某小学六年级（1）班同学最喜欢的运动项目统计表。\n\n| 运动项目 | 人数 |\n|----------|------|\n| 篮球     | 12   |\n| 足球     | 8    |\n| 乒乓球   | 10   |\n| 羽毛球   | 6    |\n| 其他     | 4    |\n\n根据统计表回答：\n（1）这个班一共有多少名同学？\n（2）喜欢篮球的人数比喜欢羽毛球的人数多几人？\n（3）如果从这个班任意抽取一名同学，他最喜欢的运动项目是足球的可能性大，还是乒乓球的可能性大？请说明理由。"
hjb-primary-ds-v1-p6-118,P6,lower,multiple-choice,Foundation,hjb-primary-p6-lower-probability-statistics,可能性与统计图表,pass,none,,,红球最多，可能性最大，选项正确，其他选项错误。,摸到红球的可能性最大,一个不透明的袋子里装有5个红球、3个蓝球和2个黄球，这些球除颜色外完全相同。从袋子中任意摸出一个球，下面哪种说法是正确的？
hjb-primary-ds-v1-p6-119,P6,lower,fill-in,Challenge,hjb-primary-p6-lower-probability-statistics,可能性与统计图表,pass,none,,,题目数据清晰，答案与解释一致，无错误。,大，高,"一个不透明的袋子里装有红、黄、蓝三种颜色的球共20个，每种颜色至少有一个。下表是随机摸球实验的部分记录（每次摸出一个球，记录颜色后放回并摇匀）。\n\n| 实验次数 | 摸到红球次数 | 摸到黄球次数 | 摸到蓝球次数 |\n|----------|--------------|--------------|--------------|\n| 100      | 32           | 45           | 23           |\n| 200      | 68           | 88           | 44           |\n| 500      | 165          | 220          | 115          |\n\n根据表中数据，摸到黄球的可能性最______（填“大”或“小”），理由是：从实验数据看，黄球出现的频率最______（填“高”或“低”）。"
hjb-primary-ds-v1-p6-120,P6,lower,short-answer,Core,hjb-primary-p6-lower-probability-statistics,可能性与统计图表,pass,none,,,答案正确，计算无误，符合要求。,喜欢跳绳的人数最多，占总人数的40%。,六（1）班同学在“最喜欢的课间活动”调查中，统计结果如下：跳绳12人，踢毽子8人，下棋6人，阅读4人。请写出一个正确说法，并说明理由。
hjb-primary-ds-v1-p6-121,P6,lower,multiple-choice,Foundation,hjb-primary-p6-lower-probability-statistics,可能性与统计图表,pass,none,,,选项唯一正确，无歧义。,摸到红球的可能性最大,一个不透明的袋子里装有大小、形状相同的球，其中红球5个，蓝球3个，黄球2个。从袋子中任意摸出一个球，下面哪种说法是正确的？
hjb-primary-ds-v1-p6-122,P6,lower,fill-in,Challenge,hjb-primary-p6-lower-probability-statistics,可能性与统计图表,pass,none,,,答案合理，黄球次数多于蓝球，可能性更大。,黄球,"一个不透明的袋子里装有红、黄、蓝三种颜色的球共20个，除颜色外完全相同。下表是摸球试验的记录（每次摸出一个球，记录颜色后放回并摇匀）：\n\n| 颜色 | 红 | 黄 | 蓝 |\n|------|----|----|----|\n| 次数 | 8  | 12 | 5  |\n\n根据试验数据，摸到哪种颜色的球的可能性比摸到蓝球的可能性大？请填一种颜色。"
hjb-primary-ds-v1-p6-123,P6,lower,short-answer,Core,hjb-primary-p6-lower-probability-statistics,可能性与统计图表,pass,none,,,判断正确，理由充分，符合可能性定义。,两人的说法都正确。因为可能性的大小由事件占全部可能情况的比例决定，喜欢乒乓球的人数占总人数的比例最大，所以抽到喜欢乒乓球的同学的可能性最大；喜欢羽毛球的人数比喜欢篮球的人数少，所以抽到喜欢羽毛球的同学的可能性比抽到喜欢篮球的同学的可能性小。,六（1）班进行了一次“最喜欢的运动”调查，全班40人每人只选一项。结果如下：乒乓球12人，足球10人，篮球8人，羽毛球6人，其他4人。小明说：“因为喜欢乒乓球的人最多，所以任意抽一名同学，抽到喜欢乒乓球的同学的可能性最大。”小华说：“喜欢羽毛球的人数比喜欢篮球的人数少，所以抽到喜欢羽毛球的同学的可能性比抽到喜欢篮球的同学的可能性小。”请判断两人的说法是否正确，并说明理由。（提示：可能性大小由什么决定？）
hjb-primary-ds-v1-p6-124,P6,lower,multiple-choice,Foundation,hjb-primary-p6-lower-probability-statistics,可能性与统计图表,pass,none,,,选项B正确，其他选项错误明显。,B. 摸出蓝球的可能性比摸出绿球的可能性大,一个袋子里装有大小、质地完全相同的红球5个、蓝球3个、绿球2个。从袋子里任意摸出一个球，下面说法正确的是（ ）。
hjb-primary-ds-v1-p6-125,P6,lower,fill-in,Challenge,hjb-primary-p6-lower-probability-statistics,可能性与统计图表,pass,none,,,计算正确，黄球最多，红球最少。,最大：黄，最小：红,一个不透明的袋子里装有红、黄、蓝三种颜色的球共20个，除颜色外完全相同。其中红球有5个，黄球有8个，其余为蓝球。从袋子中任意摸出一个球，摸到哪种颜色球的可能性最大？摸到哪种颜色球的可能性最小？请按“最大：颜色，最小：颜色”的格式填写。
hjb-primary-ds-v1-p6-126,P6,lower,short-answer,Core,hjb-primary-p6-lower-probability-statistics,可能性与统计图表,pass,none,,,答案正确，理由明确。,摸到红球的可能性最大，因为红球的数量最多。,一个不透明的袋子里装有大小、形状相同的红球5个、黄球3个、蓝球2个。从袋子中任意摸出一个球，下面哪种说法是正确的？请写出你的判断理由。
hjb-primary-ds-v1-p6-127,P6,lower,multiple-choice,Foundation,hjb-primary-p6-lower-cylinder-cone,圆柱与圆锥,pass,none,,,计算正确，选项匹配。,75.36平方分米,一个圆柱形水桶，底面半径是2分米，高是5分米。给这个水桶的侧面和底面贴上防锈膜，需要贴膜的面积是多少平方分米？
hjb-primary-ds-v1-p6-128,P6,lower,fill-in,Challenge,hjb-primary-p6-lower-cylinder-cone,圆柱与圆锥,pass,none,,,计算过程正确，保留整数得11。,11,一个圆锥形沙堆，底面周长是12.56米，高是1.5米。如果每立方米沙重1.7吨，这堆沙大约重多少吨？（得数保留整数）
hjb-primary-ds-v1-p6-129,P6,lower,short-answer,Core,hjb-primary-p6-lower-cylinder-cone,圆柱与圆锥,pass,none,,,体积不变，圆锥高为圆柱高的3倍，计算正确。,18厘米,一个圆柱形橡皮泥，底面积是15平方厘米，高是6厘米。如果把它捏成等底的圆锥，圆锥的高是多少厘米？
hjb-primary-ds-v1-p6-130,P6,lower,multiple-choice,Foundation,hjb-primary-p6-lower-cylinder-cone,圆柱与圆锥,pass,none,,,选项C正确，其他选项均有知识性错误。,圆柱有无数条高，圆锥只有一条高。,下面关于圆柱和圆锥的说法，正确的是哪一个？
hjb-primary-ds-v1-p6-131,P6,lower,fill-in,Challenge,hjb-primary-p6-lower-cylinder-cone,圆柱与圆锥,pass,none,,,表面积计算正确，保留整数得88。,88,一个圆柱形铁桶，底面直径是4分米，高是5分米。做这个铁桶至少需要多少平方分米的铁皮？（得数保留整数）
hjb-primary-ds-v1-p6-132,P6,lower,short-answer,Core,hjb-primary-p6-lower-cylinder-cone,圆柱与圆锥,pass,none,,,与128题类似，计算无误。,11,一个圆锥形沙堆，底面周长是12.56米，高是1.5米。如果每立方米沙子重1.7吨，这堆沙子大约重多少吨？（得数保留整数）
hjb-primary-ds-v1-p6-133,P6,lower,multiple-choice,Foundation,hjb-primary-p6-lower-cylinder-cone,圆柱与圆锥,pass,none,,,推导正确，比值为1:π。,1:π,一个圆柱的侧面展开图是一个正方形，这个圆柱的底面直径与高的比是（ ）。
hjb-primary-ds-v1-p6-134,P6,lower,fill-in,Challenge,hjb-primary-p6-lower-cylinder-cone,圆柱与圆锥,pass,none,,,最大圆锥体积计算正确。,56.52,把一个棱长是6厘米的正方体木块削成一个最大的圆锥，圆锥的体积是（ ）立方厘米。（π取3.14）
hjb-primary-ds-v1-p6-135,P6,lower,short-answer,Core,hjb-primary-p6-lower-cylinder-cone,圆柱与圆锥,pass,none,,,抹水泥面积计算正确。,100.48,一个圆柱形水池，底面直径是8米，深2米。在水池的底面和四周抹上水泥，抹水泥部分的面积是多少平方米？
hjb-primary-ds-v1-p6-136,P6,lower,multiple-choice,Foundation,hjb-primary-p6-lower-cylinder-cone,圆柱与圆锥,pass,none,,,无盖水桶表面积计算正确，选项匹配。,75.36,一个圆柱形铁皮水桶（无盖），底面半径是2分米，高是5分米。制作这个水桶至少需要多少平方分米的铁皮？（铁皮厚度忽略不计）
hjb-primary-ds-v1-p6-137,P6,lower,fill-in,Challenge,hjb-primary-p6-lower-cylinder-cone,圆柱与圆锥,pass,none,,,计算正确，答案与解释一致，保留一位小数符合要求。,10.7,一个圆锥形沙堆，底面周长是12.56米，高是1.5米。如果每立方米沙重1.7吨，这堆沙大约重多少吨？（得数保留一位小数）
hjb-primary-ds-v1-p6-138,P6,lower,short-answer,Core,hjb-primary-p6-lower-cylinder-cone,圆柱与圆锥,pass,none,,,计算正确，高等于底面周长，答案18.84厘米无误。,18.84,一个圆柱的侧面展开图是一个正方形。已知这个圆柱的底面半径是3厘米，它的高是多少厘米？
hjb-primary-ds-v1-p6-139,P6,lower,multiple-choice,Foundation,hjb-primary-p6-lower-cylinder-cone,圆柱与圆锥,pass,none,,,等底等高圆柱体积是圆锥3倍，和48对应4份，圆柱36正确。,36,等底等高的圆柱和圆锥，它们的体积之和是48立方分米。圆柱的体积是多少立方分米？
hjb-primary-ds-v1-p6-140,P6,lower,fill-in,Challenge,hjb-primary-p6-lower-cylinder-cone,圆柱与圆锥,pass,none,,,截成3段增加4个底面积，计算正确，单位统一，答案125.6正确。,125.6,把一根长2米的圆柱形木料截成3段，表面积增加了25.12平方分米。原来这根木料的体积是多少立方分米？
hjb-primary-ds-v1-p6-141,P6,lower,short-answer,Core,hjb-primary-p6-lower-cylinder-cone,圆柱与圆锥,pass,none,,,容积计算正确，62.8立方分米即62.8升，答案无误。,62.8,一个圆柱形水桶，从里面量得底面半径是2分米，高是5分米。这个水桶最多能装水多少升？（π取3.14）
hjb-primary-ds-v1-p6-142,P6,lower,multiple-choice,Foundation,hjb-primary-p6-lower-cylinder-cone,圆柱与圆锥,pass,none,,,底面周长6.28，半径1分米，计算正确，选项唯一。,1,一个圆柱的侧面展开后是一个边长为6.28分米的正方形。这个圆柱的底面半径是多少分米？（π取3.14）
hjb-primary-ds-v1-p6-143,P6,lower,fill-in,Challenge,hjb-primary-p6-lower-cylinder-cone,圆柱与圆锥,pass,none,,,体积和重量计算正确，保留一位小数8.5吨无误。,8.5,一个圆锥形粮堆，底面半径是3米，高是1.2米。如果每立方米粮食重0.75吨，这堆粮食大约重多少吨？（π取3.14，结果保留一位小数）
hjb-primary-ds-v1-p6-144,P6,lower,short-answer,Core,hjb-primary-p6-lower-cylinder-cone,圆柱与圆锥,pass,none,,,表面积计算正确，87.92保留整数为88，答案无误。,88,一个圆柱形铁皮油桶，底面直径是4分米，高是5分米。做这个油桶至少需要多少平方分米的铁皮？（π取3.14，得数保留整数）
hjb-primary-ds-v1-p6-145,P6,lower,multiple-choice,Foundation,hjb-primary-p6-lower-linear-systems,二元一次方程组,pass,none,,,方程组正确，选项A符合题意，其他选项错误。,x+y=12，80x+60y=840,学校买来一批篮球和足球，篮球每个80元，足球每个60元，一共买了12个球，总价840元。设篮球买了x个，足球买了y个，下面哪个方程组是正确的？
hjb-primary-ds-v1-p6-146,P6,lower,fill-in,Challenge,hjb-primary-p6-lower-linear-systems,二元一次方程组,pass,none,,,"方程组和求解正确，x=6,y=5，acceptedAnswers覆盖多种格式。","x=6, y=5",小华和小明一起买文具。小华买了3支钢笔和2本笔记本，共付了28元；小明买了2支钢笔和5本笔记本，共付了34元。设每支钢笔的价格为x元，每本笔记本的价格为y元。请列出方程组，并求出x和y的值。
hjb-primary-ds-v1-p6-147,P6,lower,short-answer,Core,hjb-primary-p6-lower-linear-systems,二元一次方程组,pass,none,,,"方程组和求解正确，x=60,y=90，acceptedAnswers覆盖多种表述。","x=60, y=90",学校组织植树活动，七年级和八年级共植树150棵。已知八年级植树棵数是七年级的2倍少30棵。设七年级植树x棵，八年级植树y棵。请列出方程组并求解。
hjb-primary-ds-v1-p6-148,P6,lower,multiple-choice,Foundation,hjb-primary-p6-lower-linear-systems,二元一次方程组,pass,none,,,"代入验证，x=5,y=5是唯一解，选项正确。","x=5, y=5","下列哪一组数是方程组 { x + y = 10, 2x - y = 5 } 的解？"
hjb-primary-ds-v1-p6-149,P6,lower,fill-in,Challenge,hjb-primary-p6-lower-linear-systems,二元一次方程组,pass,none,,,方程组和求解正确，原数48，acceptedAnswers覆盖多种表述。,48,一个两位数，个位数字与十位数字之和为12。如果交换个位与十位数字的位置，得到的新数比原数大36。设原数十位数字为x，个位数字为y。请列出方程组，并求出原数。
hjb-primary-ds-v1-p6-150,P6,lower,short-answer,Core,hjb-primary-p6-lower-linear-systems,二元一次方程组,pass,none,,,"相遇问题方程组和求解正确，x=5,y=4，acceptedAnswers覆盖多种表述。","x=5, y=4",甲、乙两人从相距36千米的A、B两地同时出发，相向而行，4小时后相遇。如果甲比乙每小时多走1千米，设甲的速度为x千米/时，乙的速度为y千米/时。请列出方程组并求出两人的速度。
hjb-primary-ds-v1-p6-151,P6,lower,multiple-choice,Foundation,hjb-primary-p6-lower-linear-systems,二元一次方程组,pass,none,,,方程组正确，选项A符合题意，其他选项错误。,"3x + 2y = 11, 2x + 3y = 9",小华买了3支铅笔和2本练习本，共花了11元；小丽买了2支铅笔和3本练习本，共花了9元。设每支铅笔x元，每本练习本y元，下列方程组正确的是（ ）。
hjb-primary-ds-v1-p6-152,P6,lower,fill-in,Challenge,hjb-primary-p6-lower-linear-systems,二元一次方程组,pass,none,,,代入消元正确，甲数a=20，答案无误。,20,甲、乙两数的和是35，甲数的2倍与乙数的3倍的和是85。设甲数为a，乙数为b，可列方程组为：a + b = 35，2a + 3b = 85。则甲数a = ______。
hjb-primary-ds-v1-p6-153,P6,lower,short-answer,Core,hjb-primary-p6-lower-linear-systems,二元一次方程组,pass,none,,,方程组和求解正确，篮球5个足球5个，acceptedAnswers覆盖多种表述。,篮球5个，足球5个,学校买来一批篮球和足球，篮球每个80元，足球每个60元，共买了10个球，总价700元。设篮球买了x个，足球买了y个。请列出方程组并求出篮球和足球各买了多少个。
hjb-primary-ds-v1-p6-154,P6,lower,multiple-choice,Foundation,hjb-primary-p6-lower-linear-systems,二元一次方程组,pass,none,,,方程组正确，选项A符合题意，其他选项错误。,"x + y = 12, 10y + x = 10x + y + 36",一个两位数，十位数字与个位数字的和是12，如果交换十位数字与个位数字的位置，所得新数比原数大36。设原数十位数字为x，个位数字为y，下列方程组正确的是（ ）。
hjb-primary-ds-v1-p6-155,P6,lower,fill-in,Core,hjb-primary-p6-lower-linear-systems,二元一次方程组,pass,none,,,题目正确，方程组和答案一致，适合P6二元一次方程组。,4,妈妈买了苹果和梨共8千克，苹果每千克12元，梨每千克8元，一共花了80元。设苹果买了x千克，梨买了y千克，可列方程组：x + y = 8，12x + 8y = 80。则苹果买了______千克。
hjb-primary-ds-v1-p6-156,P6,lower,short-answer,Foundation,hjb-primary-p6-lower-linear-systems,二元一次方程组,pass,none,,,题目正确，方程组和答案一致，解答清晰。,故事书36本，科技书12本,学校图书馆购买一批新书，其中故事书和科技书共48本，故事书的本数是科技书的3倍。设故事书有x本，科技书有y本，请列出方程组并求出两种书各有多少本。
hjb-primary-ds-v1-p6-157,P6,lower,multiple-choice,Core,hjb-primary-p6-lower-linear-systems,二元一次方程组,pass,none,,,选项A正确，其他选项错误，无歧义。,2x+3y=14，x=2y,小明买了若干支铅笔和圆珠笔，铅笔每支2元，圆珠笔每支3元，一共花了14元，且买的铅笔支数是圆珠笔支数的2倍。设铅笔买了x支，圆珠笔买了y支，下面哪个方程组是正确的？
hjb-primary-ds-v1-p6-158,P6,lower,fill-in,Foundation,hjb-primary-p6-lower-linear-systems,二元一次方程组,pass,none,,,填空答案正确，符合题意。,25，2y-5,甲、乙两个数的和是25，甲数比乙数的2倍少5。设甲数为x，乙数为y，则可列方程组为：x+y=______，x=______。
hjb-primary-ds-v1-p6-159,P6,lower,short-answer,Core,hjb-primary-p6-lower-linear-systems,二元一次方程组,pass,none,,,方程组和解答正确，符合周长和倍数关系。,长11厘米，宽4厘米,一个长方形的周长是30厘米，长比宽的2倍多3厘米。设长为x厘米，宽为y厘米，请列出方程组，并求出长和宽。
hjb-primary-ds-v1-p6-160,P6,lower,multiple-choice,Foundation,hjb-primary-p6-lower-linear-systems,二元一次方程组,pass,none,,,选项A正确，其他选项错误，无歧义。,x+y=40，x=3y-4,小华和小丽共有邮票40枚，小华邮票枚数比小丽的3倍少4枚。设小华有x枚，小丽有y枚，下面哪个方程组是正确的？
hjb-primary-ds-v1-p6-161,P6,lower,fill-in,Core,hjb-primary-p6-lower-linear-systems,二元一次方程组,pass,none,,,方程组和解答正确，符合题意。,"方程组：x+y=8, 5x+3y=34；解：x=5, y=3",文具店出售两种笔记本，A款每本5元，B款每本3元。小杰买了两种笔记本共8本，付了34元。设他买了A款笔记本x本，B款笔记本y本。请列出关于x、y的二元一次方程组，并写出方程组的解。
hjb-primary-ds-v1-p6-162,P6,lower,short-answer,Foundation,hjb-primary-p6-lower-linear-systems,二元一次方程组,pass,none,,,方程组和解答正确，符合题意。,七年级45棵，八年级75棵,学校组织植树活动，七年级和八年级共植树120棵，八年级植树棵数是七年级的2倍少15棵。设七年级植树x棵，八年级植树y棵，列出方程组并求出两个年级各植树多少棵。
hjb-primary-ds-v1-p6-163,P6,lower,multiple-choice,Core,hjb-primary-p6-lower-rational-numbers,有理数,pass,none,,,数轴和对称点计算正确，选项无误。,-2,在数轴上，点A表示-3，点B在点A的右边，且到点A的距离为5个单位长度。点C与点B关于原点对称。则点C表示的数是（ ）。
hjb-primary-ds-v1-p6-164,P6,lower,fill-in,Foundation,hjb-primary-p6-lower-rational-numbers,有理数,pass,none,,,温差计算正确，答案8℃无误。,8,某日气温从零上5℃下降到零下3℃，气温下降了______℃。
hjb-primary-ds-v1-p6-165,P6,lower,short-answer,Core,hjb-primary-p6-lower-rational-numbers,有理数,pass,none,,,比较大小正确，理由充分。,>,比较大小：-2.5______-3（填“>”“<”或“=”），并说明理由。
hjb-primary-ds-v1-p6-166,P6,lower,multiple-choice,Foundation,hjb-primary-p6-lower-rational-numbers,有理数,pass,none,,,选项C正确，其他选项错误，无歧义。,点A的相反数是3,在数轴上，点A表示-3，点B表示2。下列说法正确的是（ ）。
hjb-primary-ds-v1-p6-167,P6,lower,fill-in,Core,hjb-primary-p6-lower-rational-numbers,有理数,pass,none,,,数轴距离计算正确。,5,在数轴上，点M表示-4，点N表示1。点M到点N的距离是______。
hjb-primary-ds-v1-p6-168,P6,lower,short-answer,Foundation,hjb-primary-p6-lower-rational-numbers,有理数,pass,none,,,气温变化计算正确，答案0℃无误。,0℃,某天早晨气温是-5℃，中午上升了8℃，傍晚又下降了3℃。傍晚的气温是多少摄氏度？请写出算式并计算。
hjb-primary-ds-v1-p6-169,P6,lower,multiple-choice,Core,hjb-primary-p6-lower-rational-numbers,有理数,pass,none,,,绝对值比较正确，-4的绝对值最大。,-4,下列各数中，绝对值最大的是（ ）。
hjb-primary-ds-v1-p6-170,P6,lower,fill-in,Foundation,hjb-primary-p6-lower-rational-numbers,有理数,pass,none,,,负数比较正确，-2.3 < -2.1。,<,比较大小：-2.3______-2.1（填“>”“<”或“=”）。
hjb-primary-ds-v1-p6-171,P6,lower,short-answer,Core,hjb-primary-p6-lower-rational-numbers,有理数,pass,none,,,温度降低计算正确，答案-19℃无误。,－19℃,某冷库的温度是零下12℃，记为－12℃。现在需要将温度降低7℃，降低后的温度是多少摄氏度？
hjb-primary-ds-v1-p6-172,P6,lower,multiple-choice,Foundation,hjb-primary-p6-lower-rational-numbers,有理数,pass,none,,,数轴和对称点计算正确，选项无误。,－2,在数轴上，点A表示－3，点B在点A的右边5个单位长度处，点C与点B关于原点对称。点C表示的数是多少？
hjb-primary-ds-v1-p6-173,P6,lower,fill-in,Core,hjb-primary-p6-lower-rational-numbers,有理数,pass,none,,,题目正确，比较两个负数大小，答案和解释均无误。,＜,比较大小：－2.7____－2.5（填“＞”“＜”或“＝”）。
hjb-primary-ds-v1-p6-174,P6,lower,short-answer,Foundation,hjb-primary-p6-lower-rational-numbers,有理数,pass,none,,,题目正确，计算过程清晰，答案和可接受答案合理。,－57米,某潜水艇在海平面以下50米处，记为－50米。它先上浮18米，再下潜25米，最后的位置是多少米？
hjb-primary-ds-v1-p6-175,P6,lower,multiple-choice,Core,hjb-primary-p6-lower-rational-numbers,有理数,pass,none,,,题目正确，中点公式应用无误，选项唯一。,－1,数轴上点P表示的数是－5，点Q表示的数是3。点M是线段PQ的中点。点M表示的数是多少？
hjb-primary-ds-v1-p6-176,P6,lower,fill-in,Foundation,hjb-primary-p6-lower-rational-numbers,有理数,pass,none,,,题目正确，点B在原点右侧距离5，只能是5。,5,在数轴上，点A表示-3，点B在点A的右边，且点B与原点的距离为5。点B表示的数是多少？
hjb-primary-ds-v1-p6-177,P6,lower,short-answer,Core,hjb-primary-p6-lower-rational-numbers,有理数,pass,none,,,题目正确，计算过程无误，答案和可接受答案合理。,-21℃,某冷库的温度是-18℃，上升5℃后，又下降8℃，这时冷库的温度是多少摄氏度？请写出计算过程。
hjb-primary-ds-v1-p6-178,P6,lower,multiple-choice,Foundation,hjb-primary-p6-lower-rational-numbers,有理数,pass,none,,,题目正确，原点左右距离对应正负数，选项唯一。,-4和6,数轴上，点P在原点左侧，且点P到原点的距离是4。点Q在原点右侧，且点Q到原点的距离是6。点P和点Q表示的数分别是（ ）。
hjb-primary-ds-v1-p6-179,P6,lower,fill-in,Core,hjb-primary-p6-lower-rational-numbers,有理数,pass,none,,,题目正确，相反数概念清晰，答案和可接受答案合理。,7，0，-2.5，1/3,写出下列各数的相反数：-7，0，+2.5，-1/3。
hjb-primary-ds-v1-p6-180,P6,lower,short-answer,Foundation,hjb-primary-p6-lower-rational-numbers,有理数,pass,none,,,题目正确，负数比较大小，答案和解释无误。,-5 < -2,比较大小：-5和-2，并用“<”或“>”连接。
hjb-primary-ds-v1-p6-181,P6,lower,multiple-choice,Core,hjb-primary-p6-lower-simple-algebraic-expressions,简单的代数式,pass,none,,,题目正确，代数式表示“3倍少2”为3a-2，选项唯一。,3a - 2,小明有 a 张邮票，小红的邮票张数是小明的 3 倍少 2 张。下列代数式中，能正确表示小红邮票张数的是（ ）。
hjb-primary-ds-v1-p6-182,P6,lower,fill-in,Foundation,hjb-primary-p6-lower-simple-algebraic-expressions,简单的代数式,pass,none,,,题目正确，代数式5x+8无误。,5x + 8,用代数式表示：比 x 的 5 倍多 8 的数是______。
hjb-primary-ds-v1-p6-183,P6,lower,multiple-choice,Core,hjb-primary-p6-lower-simple-algebraic-expressions,简单的代数式,pass,none,,,题目正确，代入计算得21，选项唯一。,21,当 m = 4 时，代数式 2m² - 3m + 1 的值是（ ）。
hjb-primary-ds-v1-p6-184,P6,lower,fill-in,Foundation,hjb-primary-p6-lower-simple-algebraic-expressions,简单的代数式,pass,none,,,题目正确，代入计算得22。,22,当 a = 3，b = 5 时，代数式 4a + 2b 的值是______。
hjb-primary-ds-v1-p6-185,P6,lower,multiple-choice,Core,hjb-primary-p6-lower-simple-algebraic-expressions,简单的代数式,pass,none,,,题目正确，同类项判断无误，-4m²n与7nm²是同类项。,-4m²n 与 7nm²,下列各组代数式中，是同类项的是（ ）。
hjb-primary-ds-v1-p6-186,P6,lower,fill-in,Foundation,hjb-primary-p6-lower-simple-algebraic-expressions,简单的代数式,pass,none,,,题目正确，代数式2a-3无误。,2a - 3,小明有 a 本故事书，小华的故事书数量比小明的 2 倍少 3 本。用含有字母 a 的式子表示小华的故事书数量。
hjb-primary-ds-v1-p6-187,P6,lower,multiple-choice,Core,hjb-primary-p6-lower-simple-algebraic-expressions,简单的代数式,pass,none,,,题目正确，周长公式2(x+y)，选项唯一。,2(x + y),长方形的长是 x 厘米，宽是 y 厘米，它的周长用代数式表示是（ ）。
hjb-primary-ds-v1-p6-188,P6,lower,fill-in,Foundation,hjb-primary-p6-lower-simple-algebraic-expressions,简单的代数式,pass,none,,,题目正确，代入计算得2。,2,当 a = 4，b = 5 时，代数式 3a - 2b 的值是______。
hjb-primary-ds-v1-p6-189,P6,lower,multiple-choice,Core,hjb-primary-p6-lower-simple-algebraic-expressions,简单的代数式,pass,none,,,题目正确，同类项判断无误，3mn与-2nm是同类项。,3mn 和 -2nm,下列各组式子中，是同类项的是（ ）。
hjb-primary-ds-v1-p6-190,P6,lower,fill-in,Core,hjb-primary-p6-lower-simple-algebraic-expressions,简单的代数式,pass,none,,,题目正确，路程公式vt，可接受答案合理。,vt,一辆汽车每小时行驶 v 千米，t 小时行驶的路程是______千米。
hjb-primary-ds-v1-p6-191,P6,lower,multiple-choice,Core,hjb-primary-p6-lower-simple-algebraic-expressions,简单的代数式,pass,none,,,题目清晰，答案正确，符合六年级代数式要求。,3a - 12,学校图书馆原有故事书 a 本，科普书比故事书的 3 倍少 12 本。用含有字母的式子表示科普书的本数，正确的是（ ）。
hjb-primary-ds-v1-p6-192,P6,lower,fill-in,Core,hjb-primary-p6-lower-simple-algebraic-expressions,简单的代数式,pass,none,,,填空答案正确，接受多种等价写法，无问题。,5x + 2y,一种笔记本的单价是 x 元，钢笔的单价是 y 元。买 5 本笔记本和 2 支钢笔，一共要付（ ）元。
hjb-primary-ds-v1-p6-193,P6,lower,multiple-choice,Core,hjb-primary-p6-lower-simple-algebraic-expressions,简单的代数式,pass,none,,,代入计算正确，选项唯一，无歧义。,13,当 m = 5 时，代数式 4m - 7 的值是（ ）。
hjb-primary-ds-v1-p6-194,P6,lower,fill-in,Core,hjb-primary-p6-lower-simple-algebraic-expressions,简单的代数式,pass,none,,,周长公式正确，接受多种等价形式，无问题。,2a + 2b,一个长方形的长是 a 厘米，宽是 b 厘米，它的周长是（ ）厘米。
hjb-primary-ds-v1-p6-195,P6,lower,multiple-choice,Core,hjb-primary-p6-lower-simple-algebraic-expressions,简单的代数式,pass,none,,,同类项判断正确，选项区分度好。,2ab 和 5ab,下列式子中，属于同类项的是（ ）。
hjb-primary-ds-v1-p6-196,P6,lower,fill-in,Core,hjb-primary-p6-lower-simple-algebraic-expressions,简单的代数式,pass,none,,,代数式表示正确，接受常见写法。,2a+3,小明有 a 本故事书，小红的书比小明的 2 倍多 3 本。用含有字母的式子表示小红的书的本数。
hjb-primary-ds-v1-p6-197,P6,lower,multiple-choice,Core,hjb-primary-p6-lower-simple-algebraic-expressions,简单的代数式,pass,none,,,周长计算正确，选项无歧义。,4x−8,一个长方形的长是 x 厘米，宽比长短 4 厘米。下面哪个式子表示这个长方形的周长？
hjb-primary-ds-v1-p6-198,P6,lower,fill-in,Core,hjb-primary-p6-lower-simple-algebraic-expressions,简单的代数式,pass,none,,,代入计算正确，答案唯一。,66,当 m=5 时，求代数式 3m²−2m+1 的值。
hjb-primary-ds-v1-p6-199,P6,lower,multiple-choice,Core,hjb-primary-p6-lower-linear-equations-inequalities,一元一次方程,pass,none,,,方程求解正确，检验合理。,x=7,方程 3(x−2)=2x+1 的解是哪一个？
hjb-primary-ds-v1-p6-200,P6,lower,fill-in,Core,hjb-primary-p6-lower-linear-equations-inequalities,一元一次方程,pass,none,,,列方程正确，符合题意。,5(x+20)+8x=460,学校买来 5 个篮球和 8 个排球，共用去 460 元。已知每个篮球比每个排球贵 20 元。设每个排球 x 元，列出方程。
hjb-primary-ds-v1-p6-201,P6,lower,multiple-choice,Core,hjb-primary-p6-lower-linear-equations-inequalities,一元一次方程,pass,none,,,方程选择正确，解释清晰。,20 - 3x = 2,小杰买了3支同样的钢笔，付了20元，找回2元。设每支钢笔x元，下面哪个方程是正确的？
hjb-primary-ds-v1-p6-202,P6,lower,fill-in,Core,hjb-primary-p6-lower-linear-equations-inequalities,一元一次方程,pass,none,,,解方程正确，步骤合理。,6,解方程：4x - 7 = 2x + 5。x = ______。
hjb-primary-ds-v1-p6-203,P6,lower,multiple-choice,Core,hjb-primary-p6-lower-linear-equations-inequalities,一元一次方程,pass,none,,,根据题意列方程正确。,3x - 5 = 2x + 7,一个数的3倍减去5等于这个数的2倍加上7，求这个数。设这个数为x，下面哪个方程是正确的？
hjb-primary-ds-v1-p6-204,P6,lower,fill-in,Core,hjb-primary-p6-lower-linear-equations-inequalities,一元一次方程,pass,none,,,列方程和解均正确，答案无误。,90,列方程解应用题：学校图书馆有科技书和故事书共120本，科技书的本数是故事书的3倍。科技书有多少本？设故事书有x本，则科技书有3x本，列出方程并求解。科技书有______本。
hjb-primary-ds-v1-p6-205,P6,lower,multiple-choice,Core,hjb-primary-p6-lower-linear-equations-inequalities,一元一次方程,pass,none,,,方程变形正确，选项D与原方程等价。,2x - 6 = 8,方程2(x - 3) = 8的解与下面哪个方程的解相同？
hjb-primary-ds-v1-p6-206,P6,lower,fill-in,Core,hjb-primary-p6-lower-linear-equations-inequalities,一元一次方程,pass,none,,,列方程和解均正确，答案合理。,5x+3(x+4)=48，x=4.5,小杰用零花钱买文具。他买了5本笔记本和3支钢笔，一共花了48元。已知每支钢笔比每本笔记本贵4元。设每本笔记本的价格为x元，请列出关于x的一元一次方程，并求出每本笔记本的价格。
hjb-primary-ds-v1-p6-207,P6,lower,multiple-choice,Core,hjb-primary-p6-lower-linear-equations-inequalities,一元一次方程,pass,none,,,代入检验正确，选项B是唯一解。,3x-4=5,下列方程中，解为x=3的是哪一个？
hjb-primary-ds-v1-p6-208,P6,lower,fill-in,Core,hjb-primary-p6-lower-linear-equations-inequalities,一元一次方程,pass,none,,,解方程正确，检验无误。,y=3,解方程：4(2y-1)=3(y+2)+5。
hjb-primary-ds-v1-p6-209,P6,lower,multiple-choice,Core,hjb-primary-p6-lower-linear-equations-inequalities,一元一次方程,pass,none,,,方程列式正确，答案与解释一致，无歧义。,3x+5=2x-1,一个数的3倍加上5等于这个数的2倍减去1，求这个数。设这个数为x，下面哪个方程是正确的？
hjb-primary-ds-v1-p6-210,P6,lower,fill-in,Core,hjb-primary-p6-lower-linear-equations-inequalities,一元一次方程,pass,none,,,方程与求解正确，答案格式符合要求，解释清晰。,2v+40=120，v=40,甲、乙两地相距120千米。一辆汽车从甲地开往乙地，行驶了2小时后，离乙地还有40千米。设汽车的速度为v千米/时，列出方程并求出速度。
hjb-primary-ds-v1-p6-211,P6,lower,multiple-choice,Core,hjb-primary-p6-lower-linear-equations-inequalities,一元一次方程,pass,none,,,方程列式正确，选项唯一，解释合理。,3x + 2(x + 3) = 36,小杰买了3本笔记本和2支钢笔，一共花了36元。已知每支钢笔比每本笔记本贵3元。设每本笔记本的价格为x元，下面哪个方程是正确的？
hjb-primary-ds-v1-p6-212,P6,lower,fill-in,Core,hjb-primary-p6-lower-linear-equations-inequalities,一元一次方程,pass,none,,,解方程步骤正确，答案无误。,10,解方程：5x - 12 = 3x + 8。x = ______。
hjb-primary-ds-v1-p6-213,P6,lower,multiple-choice,Core,hjb-primary-p6-lower-linear-equations-inequalities,一元一次方程,pass,none,,,方程变形正确，选项A解相同，其他选项解不同，无歧义。,x - 4 = 5,方程2(x - 4) = 10的解与下面哪个方程的解相同？
hjb-primary-ds-v1-p6-214,P6,lower,fill-in,Core,hjb-primary-p6-lower-linear-equations-inequalities,一元一次方程,pass,none,,,方程列式正确，符合题意。,3x - 5 = 2x + 7,一个数的3倍减去5等于这个数的2倍加上7，求这个数。若设这个数为x，则可列出方程：______。
hjb-primary-ds-v1-p6-215,P6,lower,multiple-choice,Core,hjb-primary-p6-lower-linear-equations-inequalities,一元一次方程,pass,none,,,年龄问题方程列式正确，选项唯一。,36 + 5 = 3(a + 5),小雅今年a岁，爸爸今年36岁。5年后，爸爸的年龄是小雅的3倍。下面哪个方程是正确的？
hjb-primary-ds-v1-p6-216,P6,lower,fill-in,Core,hjb-primary-p6-lower-linear-equations-inequalities,一元一次方程,pass,none,,,方程列式正确，acceptedAnswers覆盖了常见写法。,x + (3x - 12) = 156,学校图书馆购进一批新书，其中故事书的本数是科技书的3倍少12本，两种书一共有156本。设科技书有x本，下面列出的方程正确的是__________。
hjb-primary-ds-v1-p6-217,P6,lower,multiple-choice,Core,hjb-primary-p6-lower-segments-angles,线段与角,pass,none,,,线段、射线、直线的定义描述正确，选项唯一。,射线有一个端点，可以向一端无限延伸,下面关于线段、射线和直线的说法中，正确的是哪一项？
hjb-primary-ds-v1-p6-218,P6,lower,fill-in,Core,hjb-primary-p6-lower-segments-angles,线段与角,pass,none,,,线段和计算正确，答案8 cm无误。,8,已知点A、B、C在同一条直线上，且AB = 5 cm，BC = 3 cm。如果点B在点A和点C之间，那么线段AC的长度是__________cm。
hjb-primary-ds-v1-p6-219,P6,lower,multiple-choice,Core,hjb-primary-p6-lower-segments-angles,线段与角,pass,none,,,角的表示方法正确，选项唯一。,以O为顶点，OA和OB为边的角,用三个大写字母表示角时，必须把表示顶点的字母写在中间。下面哪个角可以用∠AOB表示？
hjb-primary-ds-v1-p6-220,P6,lower,fill-in,Core,hjb-primary-p6-lower-segments-angles,线段与角,pass,none,,,余角计算正确，答案30°无误。,30,一个角是60°，它的余角是__________度。
hjb-primary-ds-v1-p6-221,P6,lower,multiple-choice,Core,hjb-primary-p6-lower-segments-angles,线段与角,pass,none,,,线段中点计算正确，选项A唯一正确。,A. 线段CB长5厘米，线段CD长2.5厘米,已知线段AB长8厘米，点C在线段AB上，且AC长3厘米，点D是线段CB的中点。下列说法正确的是（ ）。
hjb-primary-ds-v1-p6-222,P6,lower,fill-in,Core,hjb-primary-p6-lower-segments-angles,线段与角,pass,none,,,延长线和中点计算正确，答案5.5 cm无误。,5.5,已知线段AB = 8 cm，延长AB到点C，使BC = 3 cm。如果M是线段AC的中点，那么线段AM的长度是____cm。
hjb-primary-ds-v1-p6-223,P6,lower,multiple-choice,Core,hjb-primary-p6-lower-segments-angles,线段与角,pass,none,,,线段和计算正确，选项8厘米唯一正确。,8厘米,已知点A、B、C在同一条直线上，点B在点A与点C之间，线段AB的长度是5厘米，线段BC的长度是3厘米。下列选项中，哪一项正确地表示了线段AC的长度？
hjb-primary-ds-v1-p6-224,P6,lower,fill-in,Core,hjb-primary-p6-lower-segments-angles,线段与角,pass,none,,,射线列举完整，线段长度计算正确，acceptedAnswers覆盖了多种格式。,射线有射线AB、射线BA、射线BC、射线CB、射线AC、射线CA；线段AC＝8 cm,已知点A、B、C在同一条直线上，点B在点A与点C之间，线段AB＝5 cm，线段BC＝3 cm。请写出图中所有不同的射线，并计算线段AC的长度。
hjb-primary-ds-v1-p6-225,P6,lower,multiple-choice,Core,hjb-primary-p6-lower-segments-angles,线段与角,pass,none,,,线段和计算正确，选项8 cm唯一正确。,8 cm,已知点A、B、C在同一条直线上，且AB=5 cm，BC=3 cm。如果点B在点A和点C之间，那么线段AC的长度是多少？
hjb-primary-ds-v1-p6-226,P6,lower,fill-in,Core,hjb-primary-p6-lower-segments-angles,线段与角,pass,none,,,中点计算正确，答案4 cm无误。,4 cm,已知点A、B、C在同一条直线上，点B在点A与点C之间，AB = 5 cm，BC = 3 cm。点D是线段AC的中点。求线段AD的长度。
hjb-primary-ds-v1-p6-227,P6,lower,multiple-choice,Core,hjb-primary-p6-lower-segments-angles,线段与角,pass,none,,,数学正确，选项清晰，解释合理，适合P6线段与角。,经过A、B两点只能画一条直线,在同一平面内，有A、B、C三点。下列说法正确的是哪一项？
hjb-primary-ds-v1-p6-228,P6,lower,fill-in,Core,hjb-primary-p6-lower-segments-angles,线段与角,pass,none,,,答案正确，acceptedAnswers覆盖合理，解释清晰。,射线AB、射线BA、射线BC、射线CB；射线BA或射线BC,已知点A、B、C在同一条直线上，线段AB = 5 cm，线段BC = 3 cm，且点B在点A和点C之间。请用字母表示图中的所有射线，并写出其中一条以B为端点的射线。
hjb-primary-ds-v1-p6-229,P6,lower,multiple-choice,Core,hjb-primary-p6-lower-segments-angles,线段与角,pass,none,,,计算正确，选项唯一，解释合理。,线段AC的长度为8厘米,已知点A、B、C在同一条直线上，且点B在点A与点C之间。线段AB的长度为5厘米，线段BC的长度为3厘米。下列选项中，关于线段AC长度的说法正确的是（ ）。
hjb-primary-ds-v1-p6-230,P6,lower,fill-in,Core,hjb-primary-p6-lower-segments-angles,线段与角,pass,none,,,答案正确，acceptedAnswers包含单位，解释清晰。,8,已知点A、B、C在同一条直线上，点B在点A与点C之间。若线段AB的长度为5厘米，线段BC的长度为3厘米，则线段AC的长度为多少厘米？
hjb-primary-ds-v1-p6-231,P6,lower,multiple-choice,Core,hjb-primary-p6-lower-segments-angles,线段与角,pass,none,,,计算正确，选项唯一，解释合理。,8 cm,已知点A、B、C在同一条直线上，且AB=5 cm，BC=3 cm。如果点B在点A和点C之间，那么线段AC的长度是（ ）。
hjb-primary-ds-v1-p6-232,P6,lower,fill-in,Core,hjb-primary-p6-lower-segments-angles,线段与角,pass,none,,,答案正确，acceptedAnswers包含两种写法，解释清晰。,∠AOB,用三个大写字母表示以点O为顶点、射线OA和射线OB为边的角，正确的写法是______。
hjb-primary-ds-v1-p6-233,P6,lower,multiple-choice,Core,hjb-primary-p6-lower-segments-angles,线段与角,pass,none,,,数学正确，选项清晰，解释合理。,直线AB和直线BA是同一条直线,下列语句中，正确的是（ ）。
hjb-primary-ds-v1-p6-234,P6,lower,fill-in,Core,hjb-primary-p6-lower-cuboid,长方体,pass,none,,,计算正确，答案唯一，解释清晰。,160,一个长方体的长、宽、高分别是8 cm、5 cm、4 cm，它的体积是______立方厘米。
hjb-primary-ds-v1-p6-235,P6,lower,multiple-choice,Core,hjb-primary-p6-lower-cuboid,长方体,pass,none,,,计算正确，选项唯一，解释合理。,248 cm²,一个长方体纸盒，长10 cm、宽6 cm、高4 cm，做这样一个纸盒至少需要多少平方厘米的硬纸板？（ ）
hjb-primary-ds-v1-p6-236,P6,lower,fill-in,Core,hjb-primary-p6-lower-cuboid,长方体,pass,none,,,计算正确，acceptedAnswers包含单位，解释清晰。,160,一个长方体形状的鱼缸，从里面量长8分米、宽5分米、高6分米。鱼缸里装有水，水深4分米。鱼缸里的水有多少升？
hjb-primary-ds-v1-p6-237,P6,lower,multiple-choice,Core,hjb-primary-p6-lower-cuboid,长方体,pass,none,,,计算正确，选项唯一，解释合理。,376平方厘米,一个长方体纸盒，长10厘米、宽8厘米、高6厘米。制作这个纸盒至少需要多少平方厘米的硬纸板？
hjb-primary-ds-v1-p6-238,P6,lower,fill-in,Core,hjb-primary-p6-lower-cuboid,长方体,pass,none,,,计算正确，acceptedAnswers包含单位，解释清晰。,6,一个长方体的长是12厘米，宽是5厘米，体积是360立方厘米。它的高是多少厘米？
hjb-primary-ds-v1-p6-239,P6,lower,multiple-choice,Core,hjb-primary-p6-lower-cuboid,长方体,pass,none,,,计算正确，选项唯一，解释合理。,24个,一个长方体木块，长8厘米、宽6厘米、高4厘米。把它切成棱长2厘米的小正方体，最多可以切成多少个？
hjb-primary-ds-v1-p6-240,P6,lower,fill-in,Core,hjb-primary-p6-lower-cuboid,长方体,pass,none,,,计算正确，acceptedAnswers包含单位，解释清晰。,1280,一个长方体游泳池，长50米、宽20米、深2米。在游泳池的四壁和底面贴上瓷砖，贴瓷砖的面积是多少平方米？
hjb-primary-ds-v1-p6-241,P6,lower,multiple-choice,Core,hjb-primary-p6-lower-cuboid,长方体,pass,none,,,计算正确，选项唯一，解释合理。,12600,一个长方体鱼缸，从里面量长60厘米、宽30厘米、高40厘米。现在鱼缸里水深25厘米。把一块假山石完全浸没在水中后，水面上升到32厘米。这块假山石的体积是多少立方厘米？
hjb-primary-ds-v1-p6-242,P6,lower,multiple-choice,Core,hjb-primary-p6-lower-cuboid,长方体,pass,none,,,计算正确，选项唯一，解释合理。,1000,一个长方体饼干盒，长15厘米、宽10厘米、高20厘米。如果围着它的侧面贴一圈商标纸（上、下面不贴），这张商标纸的面积至少是多少平方厘米？
hjb-primary-ds-v1-p6-243,P6,lower,multiple-choice,Core,hjb-primary-p6-lower-cuboid,长方体,pass,none,,,计算正确，选项唯一，解释合理。,64,一个长方体木块，长8厘米、宽5厘米、高4厘米。如果把它锯成一个最大的正方体，这个正方体的体积是多少立方厘米？
hjb-primary-ds-v1-p6-244,P6,lower,multiple-choice,Core,hjb-primary-p6-lower-cuboid,长方体,pass,none,,,计算正确，选项唯一，解释合理。,1550,一个长方体游泳池，长50米、宽25米、深2米。现在要在游泳池的四壁和底面贴上瓷砖，贴瓷砖的面积是多少平方米？
hjb-primary-ds-v1-p6-245,P6,lower,multiple-choice,Core,hjb-primary-p6-lower-cuboid,长方体,pass,none,,,数学正确，答案匹配，选项无歧义，条件完整，适合P6长方体内容。,240,一个长方体纸箱，从里面量长40厘米、宽30厘米、高25厘米。现在要放入棱长5厘米的正方体小木块，最多能放多少个？
hjb-primary-ds-v1-p6-246,P6,lower,multiple-choice,Core,hjb-primary-p6-lower-cuboid,长方体,pass,none,,,数学正确，答案匹配，选项无歧义，条件完整，适合P6长方体内容。,4.6分米,一个长方体水箱，从里面量长8分米、宽5分米、高6分米。水箱内水面高度为4分米。现将一块体积为24立方分米的石块完全浸入水中，水未溢出。此时水面高度变为多少分米？
hjb-primary-ds-v1-p6-247,P6,lower,multiple-choice,Core,hjb-primary-p6-lower-cuboid,长方体,pass,none,,,数学正确，答案匹配，选项无歧义，条件完整，适合P6长方体内容。,8个,一个长方体木块，长10厘米、宽8厘米、高6厘米。将其表面涂满红色油漆，然后切成棱长2厘米的小正方体。在这些小正方体中，三面涂色的有多少个？
hjb-primary-ds-v1-p6-248,P6,lower,multiple-choice,Core,hjb-primary-p6-lower-cuboid,长方体,pass,none,,,数学正确，答案匹配，选项无歧义，条件完整，适合P6长方体内容。,384立方厘米,用一根长96厘米的铁丝焊接成一个长方体框架，使它的长、宽、高之比为3:2:1。这个长方体的体积是多少立方厘米？
hjb-primary-ds-v1-p6-249,P6,lower,multiple-choice,Core,hjb-primary-p6-lower-cuboid,长方体,pass,none,,,数学正确，答案匹配，选项无歧义，条件完整，适合P6长方体内容。,320立方厘米,一个长方体，如果高增加3厘米，就变成一个正方体，且表面积增加96平方厘米。原来长方体的体积是多少立方厘米？
hjb-primary-ds-v1-p6-250,P6,lower,multiple-choice,Core,hjb-primary-p6-lower-cuboid,长方体,pass,none,,,数学正确，答案匹配，选项无歧义，条件完整，适合P6长方体内容。,332平方分米,一个无盖的长方体玻璃鱼缸，长12分米、宽5分米、高8分米。制作这个鱼缸至少需要多少平方分米的玻璃？
