"id","grade","semester","topicId","unitTitle","type","difficulty","reviewReason","reviewStatus","reviewer","reviewNotes"
"bnu-primary-ds-v2-p1-006","P1","upper","bnu-primary-p1-upper-life-number-sense","生活中的数","short-answer","Core","grade-pass-sample","approved","S18","S18 manual sample approved after checking solvability, answer alignment, accepted-answer coverage, grade/topic fit, terminology, and source-distance safety; candidate only, not public integration."
"bnu-primary-ds-v2-p1-008","P1","upper","bnu-primary-p1-upper-life-number-sense","生活中的数","fill-in","Exam","grade-pass-sample","approved","S18","S18 manual sample approved after checking solvability, answer alignment, accepted-answer coverage, grade/topic fit, terminology, and source-distance safety; candidate only, not public integration."
"bnu-primary-ds-v2-p1-010","P1","upper","bnu-primary-p1-upper-life-number-sense","生活中的数","multiple-choice","Core","grade-pass-sample","approved","S18","S18 manual sample approved after checking solvability, answer alignment, accepted-answer coverage, grade/topic fit, terminology, and source-distance safety; candidate only, not public integration."
"bnu-primary-ds-v2-p1-020","P1","upper","bnu-primary-p1-upper-comparison","比较","fill-in","Exam","grade-pass-sample","approved","S18","S18 manual sample approved after checking solvability, answer alignment, accepted-answer coverage, grade/topic fit, terminology, and source-distance safety; candidate only, not public integration."
"bnu-primary-ds-v2-p1-045","P1","upper","bnu-primary-p1-upper-within-10-add-sub","加与减（一）","short-answer","Foundation","grade-pass-sample","approved","S18","S18 manual sample approved after checking solvability, answer alignment, accepted-answer coverage, grade/topic fit, terminology, and source-distance safety; candidate only, not public integration."
"bnu-primary-ds-v2-p1-050","P1","upper","bnu-primary-p1-upper-classification","分类","fill-in","Challenge","grade-pass-sample","approved","S18","S18 manual sample approved after checking solvability, answer alignment, accepted-answer coverage, grade/topic fit, terminology, and source-distance safety; candidate only, not public integration."
"bnu-primary-ds-v2-p1-053","P1","upper","bnu-primary-p1-upper-classification","分类","fill-in","Challenge","grade-pass-sample","approved","S18","S18 manual sample approved after checking solvability, answer alignment, accepted-answer coverage, grade/topic fit, terminology, and source-distance safety; candidate only, not public integration."
"bnu-primary-ds-v2-p1-054","P1","upper","bnu-primary-p1-upper-classification","分类","short-answer","Foundation","grade-pass-sample","approved","S18","S18 manual sample approved after checking solvability, answer alignment, accepted-answer coverage, grade/topic fit, terminology, and source-distance safety; candidate only, not public integration."
"bnu-primary-ds-v2-p1-065","P1","upper","bnu-primary-p1-upper-position-order","位置与顺序","fill-in","Challenge","grade-pass-sample","approved","S18","S18 manual sample approved after checking solvability, answer alignment, accepted-answer coverage, grade/topic fit, terminology, and source-distance safety; candidate only, not public integration."
"bnu-primary-ds-v2-p1-067","P1","upper","bnu-primary-p1-upper-position-order","位置与顺序","multiple-choice","Core","grade-pass-sample","approved","S18","S18 manual sample approved after checking solvability, answer alignment, accepted-answer coverage, grade/topic fit, terminology, and source-distance safety; candidate only, not public integration."
"bnu-primary-ds-v2-p1-072","P1","upper","bnu-primary-p1-upper-position-order","位置与顺序","short-answer","Foundation","grade-pass-sample","approved","S18","S18 manual sample approved after checking solvability, answer alignment, accepted-answer coverage, grade/topic fit, terminology, and source-distance safety; candidate only, not public integration."
"bnu-primary-ds-v2-p1-081","P1","upper","bnu-primary-p1-upper-solid-shapes","认识图形","short-answer","Core","grade-pass-sample","approved","S18","S18 manual sample approved after checking solvability, answer alignment, accepted-answer coverage, grade/topic fit, terminology, and source-distance safety; candidate only, not public integration."
"bnu-primary-ds-v2-p1-082","P1","upper","bnu-primary-p1-upper-solid-shapes","认识图形","multiple-choice","Foundation","grade-pass-sample","approved","S18","S18 manual sample approved after checking solvability, answer alignment, accepted-answer coverage, grade/topic fit, terminology, and source-distance safety; candidate only, not public integration."
"bnu-primary-ds-v2-p1-084","P1","upper","bnu-primary-p1-upper-solid-shapes","认识图形","short-answer","Foundation","grade-pass-sample","approved","S18","S18 manual sample approved after checking solvability, answer alignment, accepted-answer coverage, grade/topic fit, terminology, and source-distance safety; candidate only, not public integration."
"bnu-primary-ds-v2-p1-089","P1","upper","bnu-primary-p1-upper-solid-shapes","认识图形","fill-in","Core","grade-pass-sample","approved","S18","S18 manual sample approved after checking solvability, answer alignment, accepted-answer coverage, grade/topic fit, terminology, and source-distance safety; candidate only, not public integration."
"bnu-primary-ds-v2-p1-094","P1","upper","bnu-primary-p1-upper-solid-shapes","认识图形","multiple-choice","Foundation","grade-pass-sample","approved","S18","S18 manual sample approved after checking solvability, answer alignment, accepted-answer coverage, grade/topic fit, terminology, and source-distance safety; candidate only, not public integration."
"bnu-primary-ds-v2-p1-095","P1","upper","bnu-primary-p1-upper-solid-shapes","认识图形","fill-in","Core","grade-pass-sample","approved","S18","S18 manual sample approved after checking solvability, answer alignment, accepted-answer coverage, grade/topic fit, terminology, and source-distance safety; candidate only, not public integration."
"bnu-primary-ds-v2-p1-097","P1","upper","bnu-primary-p1-upper-within-20-add-sub","加与减（二）","multiple-choice","Core","grade-pass-sample","approved","S18","S18 manual sample approved after checking solvability, answer alignment, accepted-answer coverage, grade/topic fit, terminology, and source-distance safety; candidate only, not public integration."
"bnu-primary-ds-v2-p1-098","P1","upper","bnu-primary-p1-upper-within-20-add-sub","加与减（二）","fill-in","Foundation","grade-pass-sample","approved","S18","S18 manual sample approved after checking solvability, answer alignment, accepted-answer coverage, grade/topic fit, terminology, and source-distance safety; candidate only, not public integration."
"bnu-primary-ds-v2-p1-100","P1","upper","bnu-primary-p1-upper-within-20-add-sub","加与减（二）","multiple-choice","Foundation","grade-pass-sample","approved","S18","S18 manual sample approved after checking solvability, answer alignment, accepted-answer coverage, grade/topic fit, terminology, and source-distance safety; candidate only, not public integration."
"bnu-primary-ds-v2-p1-122","P1","upper","bnu-primary-p1-upper-clock-introduction","认识钟表","fill-in","Foundation","grade-pass-sample","approved","S18","S18 manual sample approved after checking solvability, answer alignment, accepted-answer coverage, grade/topic fit, terminology, and source-distance safety; candidate only, not public integration."
"bnu-primary-ds-v2-p1-129","P1","upper","bnu-primary-p1-upper-review","一年级上册整理与复习","short-answer","Core","grade-pass-sample","approved","S18","S18 manual sample approved after checking solvability, answer alignment, accepted-answer coverage, grade/topic fit, terminology, and source-distance safety; candidate only, not public integration."
"bnu-primary-ds-v2-p1-132","P1","upper","bnu-primary-p1-upper-review","一年级上册整理与复习","short-answer","Foundation","grade-pass-sample","approved","S18","S18 manual sample approved after checking solvability, answer alignment, accepted-answer coverage, grade/topic fit, terminology, and source-distance safety; candidate only, not public integration."
"bnu-primary-ds-v2-p1-136","P1","upper","bnu-primary-p1-upper-review","一年级上册整理与复习","multiple-choice","Foundation","grade-pass-sample","approved","S18","S18 manual sample approved after checking solvability, answer alignment, accepted-answer coverage, grade/topic fit, terminology, and source-distance safety; candidate only, not public integration."
"bnu-primary-ds-v2-p1-147","P1","lower","bnu-primary-p1-lower-within-20-regrouping","加与减（一）","short-answer","Core","grade-pass-sample","approved","S18","S18 manual sample approved after checking solvability, answer alignment, accepted-answer coverage, grade/topic fit, terminology, and source-distance safety; candidate only, not public integration."
"bnu-primary-ds-v2-p1-149","P1","lower","bnu-primary-p1-lower-within-20-regrouping","加与减（一）","fill-in","Core","grade-pass-sample","approved","S18","S18 manual sample approved after checking solvability, answer alignment, accepted-answer coverage, grade/topic fit, terminology, and source-distance safety; candidate only, not public integration."
"bnu-primary-ds-v2-p1-155","P1","lower","bnu-primary-p1-lower-within-20-regrouping","加与减（一）","fill-in","Core","grade-pass-sample","approved","S18","S18 manual sample approved after checking solvability, answer alignment, accepted-answer coverage, grade/topic fit, terminology, and source-distance safety; candidate only, not public integration."
"bnu-primary-ds-v2-p1-157","P1","lower","bnu-primary-p1-lower-within-20-regrouping","加与减（一）","multiple-choice","Core","grade-pass-sample","approved","S18","S18 manual sample approved after checking solvability, answer alignment, accepted-answer coverage, grade/topic fit, terminology, and source-distance safety; candidate only, not public integration."
"bnu-primary-ds-v2-p1-164","P1","lower","bnu-primary-p1-lower-observe-objects","观察物体","fill-in","Foundation","grade-pass-sample","approved","S18","S18 manual sample approved after checking solvability, answer alignment, accepted-answer coverage, grade/topic fit, terminology, and source-distance safety; candidate only, not public integration."
"bnu-primary-ds-v2-p1-167","P1","lower","bnu-primary-p1-lower-observe-objects","观察物体","fill-in","Core","grade-pass-sample","approved","S18","S18 manual sample approved after checking solvability, answer alignment, accepted-answer coverage, grade/topic fit, terminology, and source-distance safety; candidate only, not public integration."
"bnu-primary-ds-v2-p1-170","P1","lower","bnu-primary-p1-lower-observe-objects","观察物体","fill-in","Foundation","grade-pass-sample","approved","S18","S18 manual sample approved after checking solvability, answer alignment, accepted-answer coverage, grade/topic fit, terminology, and source-distance safety; candidate only, not public integration."
"bnu-primary-ds-v2-p1-178","P1","lower","bnu-primary-p1-lower-within-100-number-sense","生活中的数","multiple-choice","Foundation","grade-pass-sample","approved","S18","S18 manual sample approved after checking solvability, answer alignment, accepted-answer coverage, grade/topic fit, terminology, and source-distance safety; candidate only, not public integration."
"bnu-primary-ds-v2-p1-180","P1","lower","bnu-primary-p1-lower-within-100-number-sense","生活中的数","short-answer","Foundation","grade-pass-sample","approved","S18","S18 manual sample approved after checking solvability, answer alignment, accepted-answer coverage, grade/topic fit, terminology, and source-distance safety; candidate only, not public integration."
"bnu-primary-ds-v2-p1-181","P1","lower","bnu-primary-p1-lower-within-100-number-sense","生活中的数","multiple-choice","Core","grade-pass-sample","approved","S18","S18 manual sample approved after checking solvability, answer alignment, accepted-answer coverage, grade/topic fit, terminology, and source-distance safety; candidate only, not public integration."
"bnu-primary-ds-v2-p1-183","P1","lower","bnu-primary-p1-lower-within-100-number-sense","生活中的数","multiple-choice","Core","grade-pass-sample","approved","S18","S18 manual sample approved after checking solvability, answer alignment, accepted-answer coverage, grade/topic fit, terminology, and source-distance safety; candidate only, not public integration."
"bnu-primary-ds-v2-p1-196","P1","lower","bnu-primary-p1-lower-plane-shapes","有趣的图形","fill-in","Foundation","grade-pass-sample","approved","S18","S18 manual sample approved after checking solvability, answer alignment, accepted-answer coverage, grade/topic fit, terminology, and source-distance safety; candidate only, not public integration."
"bnu-primary-ds-v2-p1-203","P1","lower","bnu-primary-p1-lower-plane-shapes","有趣的图形","multiple-choice","Foundation","grade-pass-sample","approved","S18","S18 manual sample approved after checking solvability, answer alignment, accepted-answer coverage, grade/topic fit, terminology, and source-distance safety; candidate only, not public integration."
"bnu-primary-ds-v2-p1-204","P1","lower","bnu-primary-p1-lower-plane-shapes","有趣的图形","fill-in","Foundation","grade-pass-sample","approved","S18","S18 manual sample approved after checking solvability, answer alignment, accepted-answer coverage, grade/topic fit, terminology, and source-distance safety; candidate only, not public integration."
"bnu-primary-ds-v2-p1-210","P1","lower","bnu-primary-p1-lower-within-100-add-sub-nonregrouping","加与减（二）","fill-in","Foundation","grade-pass-sample","approved","S18","S18 manual sample approved after checking solvability, answer alignment, accepted-answer coverage, grade/topic fit, terminology, and source-distance safety; candidate only, not public integration."
"bnu-primary-ds-v2-p1-212","P1","lower","bnu-primary-p1-lower-within-100-add-sub-nonregrouping","加与减（二）","fill-in","Foundation","grade-pass-sample","approved","S18","S18 manual sample approved after checking solvability, answer alignment, accepted-answer coverage, grade/topic fit, terminology, and source-distance safety; candidate only, not public integration."
"bnu-primary-ds-v2-p1-217","P1","lower","bnu-primary-p1-lower-within-100-add-sub-nonregrouping","加与减（二）","multiple-choice","Foundation","grade-pass-sample","approved","S18","S18 manual sample approved after checking solvability, answer alignment, accepted-answer coverage, grade/topic fit, terminology, and source-distance safety; candidate only, not public integration."
"bnu-primary-ds-v2-p1-223","P1","lower","bnu-primary-p1-lower-within-100-add-sub-integrated","加与减（三）","multiple-choice","Foundation","grade-pass-sample","approved","S18","S18 manual sample approved after checking solvability, answer alignment, accepted-answer coverage, grade/topic fit, terminology, and source-distance safety; candidate only, not public integration."
"bnu-primary-ds-v2-p1-225","P1","lower","bnu-primary-p1-lower-within-100-add-sub-integrated","加与减（三）","multiple-choice","Foundation","grade-pass-sample","approved","S18","S18 manual sample approved after checking solvability, answer alignment, accepted-answer coverage, grade/topic fit, terminology, and source-distance safety; candidate only, not public integration."
"bnu-primary-ds-v2-p1-231","P1","lower","bnu-primary-p1-lower-within-100-add-sub-integrated","加与减（三）","multiple-choice","Foundation","grade-pass-sample","approved","S18","S18 manual sample approved after checking solvability, answer alignment, accepted-answer coverage, grade/topic fit, terminology, and source-distance safety; candidate only, not public integration."
"bnu-primary-ds-v2-p1-234","P1","lower","bnu-primary-p1-lower-within-100-add-sub-integrated","加与减（三）","fill-in","Foundation","grade-pass-sample","approved","S18","S18 manual sample approved after checking solvability, answer alignment, accepted-answer coverage, grade/topic fit, terminology, and source-distance safety; candidate only, not public integration."
"bnu-primary-ds-v2-p1-235","P1","lower","bnu-primary-p1-lower-within-100-add-sub-integrated","加与减（三）","multiple-choice","Foundation","grade-pass-sample","approved","S18","S18 manual sample approved after checking solvability, answer alignment, accepted-answer coverage, grade/topic fit, terminology, and source-distance safety; candidate only, not public integration."
"bnu-primary-ds-v2-p1-236","P1","lower","bnu-primary-p1-lower-math-play-review","数学好玩与整理复习","fill-in","Foundation","grade-pass-sample","approved","S18","S18 manual sample approved after checking solvability, answer alignment, accepted-answer coverage, grade/topic fit, terminology, and source-distance safety; candidate only, not public integration."
"bnu-primary-ds-v2-p1-239","P1","lower","bnu-primary-p1-lower-math-play-review","数学好玩与整理复习","multiple-choice","Foundation","grade-pass-sample","approved","S18","S18 manual sample approved after checking solvability, answer alignment, accepted-answer coverage, grade/topic fit, terminology, and source-distance safety; candidate only, not public integration."
"bnu-primary-ds-v2-p1-248","P1","lower","bnu-primary-p1-lower-math-play-review","数学好玩与整理复习","multiple-choice","Foundation","grade-pass-sample","approved","S18","S18 manual sample approved after checking solvability, answer alignment, accepted-answer coverage, grade/topic fit, terminology, and source-distance safety; candidate only, not public integration."
"bnu-primary-ds-v2-p1-250","P1","lower","bnu-primary-p1-lower-math-play-review","数学好玩与整理复习","multiple-choice","Foundation","grade-pass-sample","approved","S18","S18 manual sample approved after checking solvability, answer alignment, accepted-answer coverage, grade/topic fit, terminology, and source-distance safety; candidate only, not public integration."
"bnu-primary-ds-v2-p2-003","P2","upper","bnu-primary-p2-upper-add-sub-review","加与减","short-answer","Challenge","grade-pass-sample","approved","S18","S18 manual sample approved after checking solvability, answer alignment, accepted-answer coverage, grade/topic fit, terminology, and source-distance safety; candidate only, not public integration."
"bnu-primary-ds-v2-p2-006","P2","upper","bnu-primary-p2-upper-add-sub-review","加与减","short-answer","Core","grade-pass-sample","approved","S18","S18 manual sample approved after checking solvability, answer alignment, accepted-answer coverage, grade/topic fit, terminology, and source-distance safety; candidate only, not public integration."
"bnu-primary-ds-v2-p2-007","P2","upper","bnu-primary-p2-upper-add-sub-review","加与减","multiple-choice","Challenge","grade-pass-sample","approved","S18","S18 manual sample approved after checking solvability, answer alignment, accepted-answer coverage, grade/topic fit, terminology, and source-distance safety; candidate only, not public integration."
"bnu-primary-ds-v2-p2-015","P2","upper","bnu-primary-p2-upper-add-sub-review","加与减","short-answer","Challenge","grade-pass-sample","approved","S18","S18 manual sample approved after checking solvability, answer alignment, accepted-answer coverage, grade/topic fit, terminology, and source-distance safety; candidate only, not public integration."
"bnu-primary-ds-v2-p2-017","P2","upper","bnu-primary-p2-upper-shopping-money","购物","fill-in","Foundation","grade-pass-sample","approved","S18","S18 manual sample approved after checking solvability, answer alignment, accepted-answer coverage, grade/topic fit, terminology, and source-distance safety; candidate only, not public integration."
"bnu-primary-ds-v2-p2-022","P2","upper","bnu-primary-p2-upper-shopping-money","购物","multiple-choice","Core","grade-pass-sample","approved","S18","S18 manual sample approved after checking solvability, answer alignment, accepted-answer coverage, grade/topic fit, terminology, and source-distance safety; candidate only, not public integration."
"bnu-primary-ds-v2-p2-024","P2","upper","bnu-primary-p2-upper-shopping-money","购物","short-answer","Exam","grade-pass-sample","approved","S18","S18 manual sample approved after checking solvability, answer alignment, accepted-answer coverage, grade/topic fit, terminology, and source-distance safety; candidate only, not public integration."
"bnu-primary-ds-v2-p2-025","P2","upper","bnu-primary-p2-upper-shopping-money","购物","multiple-choice","Foundation","grade-pass-sample","approved","S18","S18 manual sample approved after checking solvability, answer alignment, accepted-answer coverage, grade/topic fit, terminology, and source-distance safety; candidate only, not public integration."
"bnu-primary-ds-v2-p2-031","P2","upper","bnu-primary-p2-upper-multiplication-introduction","数一数与乘法","multiple-choice","Challenge","grade-pass-sample","approved","S18","S18 manual sample approved after checking solvability, answer alignment, accepted-answer coverage, grade/topic fit, terminology, and source-distance safety; candidate only, not public integration."
"bnu-primary-ds-v2-p2-032","P2","upper","bnu-primary-p2-upper-multiplication-introduction","数一数与乘法","fill-in","Foundation","grade-pass-sample","approved","S18","S18 manual sample approved after checking solvability, answer alignment, accepted-answer coverage, grade/topic fit, terminology, and source-distance safety; candidate only, not public integration."
"bnu-primary-ds-v2-p2-045","P2","upper","bnu-primary-p2-upper-multiplication-introduction","数一数与乘法","short-answer","Core","grade-pass-sample","approved","S18","S18 manual sample approved after checking solvability, answer alignment, accepted-answer coverage, grade/topic fit, terminology, and source-distance safety; candidate only, not public integration."
"bnu-primary-ds-v2-p2-055","P2","upper","bnu-primary-p2-upper-shape-transformations","图形的变化","multiple-choice","Challenge","grade-pass-sample","approved","S18","S18 manual sample approved after checking solvability, answer alignment, accepted-answer coverage, grade/topic fit, terminology, and source-distance safety; candidate only, not public integration."
"bnu-primary-ds-v2-p2-071","P2","upper","bnu-primary-p2-upper-multiplication-facts-2-to-5","2-5的乘法口诀","fill-in","Foundation","grade-pass-sample","approved","S18","S18 manual sample approved after checking solvability, answer alignment, accepted-answer coverage, grade/topic fit, terminology, and source-distance safety; candidate only, not public integration."
"bnu-primary-ds-v2-p2-083","P2","upper","bnu-primary-p2-upper-measurement","测量","fill-in","Foundation","grade-pass-sample","approved","S18","S18 manual sample approved after checking solvability, answer alignment, accepted-answer coverage, grade/topic fit, terminology, and source-distance safety; candidate only, not public integration."
"bnu-primary-ds-v2-p2-086","P2","upper","bnu-primary-p2-upper-measurement","测量","fill-in","Foundation","grade-pass-sample","approved","S18","S18 manual sample approved after checking solvability, answer alignment, accepted-answer coverage, grade/topic fit, terminology, and source-distance safety; candidate only, not public integration."
"bnu-primary-ds-v2-p2-088","P2","upper","bnu-primary-p2-upper-measurement","测量","multiple-choice","Challenge","grade-pass-sample","approved","S18","S18 manual sample approved after checking solvability, answer alignment, accepted-answer coverage, grade/topic fit, terminology, and source-distance safety; candidate only, not public integration."
"bnu-primary-ds-v2-p2-092","P2","upper","bnu-primary-p2-upper-division-introduction","分一分与除法","fill-in","Foundation","grade-pass-sample","approved","S18","S18 manual sample approved after checking solvability, answer alignment, accepted-answer coverage, grade/topic fit, terminology, and source-distance safety; candidate only, not public integration."
"bnu-primary-ds-v2-p2-095","P2","upper","bnu-primary-p2-upper-division-introduction","分一分与除法","fill-in","Foundation","grade-pass-sample","approved","S18","S18 manual sample approved after checking solvability, answer alignment, accepted-answer coverage, grade/topic fit, terminology, and source-distance safety; candidate only, not public integration."
"bnu-primary-ds-v2-p2-103","P2","upper","bnu-primary-p2-upper-division-introduction","分一分与除法","multiple-choice","Core","grade-pass-sample","approved","S18","S18 manual sample approved after checking solvability, answer alignment, accepted-answer coverage, grade/topic fit, terminology, and source-distance safety; candidate only, not public integration."
"bnu-primary-ds-v2-p2-106","P2","upper","bnu-primary-p2-upper-multiplication-facts-6-to-9","6-9的乘法口诀","multiple-choice","Foundation","grade-pass-sample","approved","S18","S18 manual sample approved after checking solvability, answer alignment, accepted-answer coverage, grade/topic fit, terminology, and source-distance safety; candidate only, not public integration."
"bnu-primary-ds-v2-p2-107","P2","upper","bnu-primary-p2-upper-multiplication-facts-6-to-9","6-9的乘法口诀","fill-in","Core","grade-pass-sample","approved","S18","S18 manual sample approved after checking solvability, answer alignment, accepted-answer coverage, grade/topic fit, terminology, and source-distance safety; candidate only, not public integration."
"bnu-primary-ds-v2-p2-115","P2","upper","bnu-primary-p2-upper-multiplication-facts-6-to-9","6-9的乘法口诀","multiple-choice","Core","grade-pass-sample","approved","S18","S18 manual sample approved after checking solvability, answer alignment, accepted-answer coverage, grade/topic fit, terminology, and source-distance safety; candidate only, not public integration."
"bnu-primary-ds-v2-p2-132","P2","upper","bnu-primary-p2-upper-division-facts-review","除法与整理复习","short-answer","Foundation","grade-pass-sample","approved","S18","S18 manual sample approved after checking solvability, answer alignment, accepted-answer coverage, grade/topic fit, terminology, and source-distance safety; candidate only, not public integration."
"bnu-primary-ds-v2-p2-143","P2","lower","bnu-primary-p2-lower-division-strengthening","除法","fill-in","Core","grade-pass-sample","approved","S18","S18 manual sample approved after checking solvability, answer alignment, accepted-answer coverage, grade/topic fit, terminology, and source-distance safety; candidate only, not public integration."
"bnu-primary-ds-v2-p2-145","P2","lower","bnu-primary-p2-lower-division-strengthening","除法","multiple-choice","Core","grade-pass-sample","approved","S18","S18 manual sample approved after checking solvability, answer alignment, accepted-answer coverage, grade/topic fit, terminology, and source-distance safety; candidate only, not public integration."
"bnu-primary-ds-v2-p2-147","P2","lower","bnu-primary-p2-lower-division-strengthening","除法","short-answer","Core","grade-pass-sample","approved","S18","S18 manual sample approved after checking solvability, answer alignment, accepted-answer coverage, grade/topic fit, terminology, and source-distance safety; candidate only, not public integration."
"bnu-primary-ds-v2-p2-149","P2","lower","bnu-primary-p2-lower-division-strengthening","除法","fill-in","Core","grade-pass-sample","approved","S18","S18 manual sample approved after checking solvability, answer alignment, accepted-answer coverage, grade/topic fit, terminology, and source-distance safety; candidate only, not public integration."
"bnu-primary-ds-v2-p2-150","P2","lower","bnu-primary-p2-lower-division-strengthening","除法","short-answer","Foundation","grade-pass-sample","approved","S18","S18 manual sample approved after checking solvability, answer alignment, accepted-answer coverage, grade/topic fit, terminology, and source-distance safety; candidate only, not public integration."
"bnu-primary-ds-v2-p2-156","P2","lower","bnu-primary-p2-lower-direction-position","方向与位置","short-answer","Foundation","grade-pass-sample","approved","S18","S18 manual sample approved after checking solvability, answer alignment, accepted-answer coverage, grade/topic fit, terminology, and source-distance safety; candidate only, not public integration."
"bnu-primary-ds-v2-p2-158","P2","lower","bnu-primary-p2-lower-direction-position","方向与位置","fill-in","Foundation","grade-pass-sample","approved","S18","S18 manual sample approved after checking solvability, answer alignment, accepted-answer coverage, grade/topic fit, terminology, and source-distance safety; candidate only, not public integration."
"bnu-primary-ds-v2-p2-163","P2","lower","bnu-primary-p2-lower-direction-position","方向与位置","multiple-choice","Core","grade-pass-sample","approved","S18","S18 manual sample approved after checking solvability, answer alignment, accepted-answer coverage, grade/topic fit, terminology, and source-distance safety; candidate only, not public integration."
"bnu-primary-ds-v2-p2-172","P2","lower","bnu-primary-p2-lower-large-numbers","生活中的大数","multiple-choice","Foundation","grade-pass-sample","approved","S18","S18 manual sample approved after checking solvability, answer alignment, accepted-answer coverage, grade/topic fit, terminology, and source-distance safety; candidate only, not public integration."
"bnu-primary-ds-v2-p2-183","P2","lower","bnu-primary-p2-lower-measurement","测量","multiple-choice","Core","grade-pass-sample","approved","S18","S18 manual sample approved after checking solvability, answer alignment, accepted-answer coverage, grade/topic fit, terminology, and source-distance safety; candidate only, not public integration."
"bnu-primary-ds-v2-p2-185","P2","lower","bnu-primary-p2-lower-measurement","测量","multiple-choice","Core","grade-pass-sample","approved","S18","S18 manual sample approved after checking solvability, answer alignment, accepted-answer coverage, grade/topic fit, terminology, and source-distance safety; candidate only, not public integration."
"bnu-primary-ds-v2-p2-186","P2","lower","bnu-primary-p2-lower-measurement","测量","fill-in","Foundation","grade-pass-sample","approved","S18","S18 manual sample approved after checking solvability, answer alignment, accepted-answer coverage, grade/topic fit, terminology, and source-distance safety; candidate only, not public integration."
"bnu-primary-ds-v2-p2-190","P2","lower","bnu-primary-p2-lower-measurement","测量","fill-in","Foundation","grade-pass-sample","approved","S18","S18 manual sample approved after checking solvability, answer alignment, accepted-answer coverage, grade/topic fit, terminology, and source-distance safety; candidate only, not public integration."
"bnu-primary-ds-v2-p2-191","P2","lower","bnu-primary-p2-lower-measurement","测量","multiple-choice","Core","grade-pass-sample","approved","S18","S18 manual sample approved after checking solvability, answer alignment, accepted-answer coverage, grade/topic fit, terminology, and source-distance safety; candidate only, not public integration."
"bnu-primary-ds-v2-p2-193","P2","lower","bnu-primary-p2-lower-measurement","测量","multiple-choice","Core","grade-pass-sample","approved","S18","S18 manual sample approved after checking solvability, answer alignment, accepted-answer coverage, grade/topic fit, terminology, and source-distance safety; candidate only, not public integration."
"bnu-primary-ds-v2-p2-201","P2","lower","bnu-primary-p2-lower-three-digit-add-sub","加与减","multiple-choice","Core","grade-pass-sample","approved","S18","S18 manual sample approved after checking solvability, answer alignment, accepted-answer coverage, grade/topic fit, terminology, and source-distance safety; candidate only, not public integration."
"bnu-primary-ds-v2-p2-203","P2","lower","bnu-primary-p2-lower-three-digit-add-sub","加与减","multiple-choice","Core","grade-pass-sample","approved","S18","S18 manual sample approved after checking solvability, answer alignment, accepted-answer coverage, grade/topic fit, terminology, and source-distance safety; candidate only, not public integration."
"bnu-primary-ds-v2-p2-204","P2","lower","bnu-primary-p2-lower-three-digit-add-sub","加与减","fill-in","Foundation","grade-pass-sample","approved","S18","S18 manual sample approved after checking solvability, answer alignment, accepted-answer coverage, grade/topic fit, terminology, and source-distance safety; candidate only, not public integration."
"bnu-primary-ds-v2-p2-208","P2","lower","bnu-primary-p2-lower-three-digit-add-sub","加与减","fill-in","Foundation","grade-pass-sample","approved","S18","S18 manual sample approved after checking solvability, answer alignment, accepted-answer coverage, grade/topic fit, terminology, and source-distance safety; candidate only, not public integration."
"bnu-primary-ds-v2-p2-213","P2","lower","bnu-primary-p2-lower-plane-shapes","认识图形","multiple-choice","Core","grade-pass-sample","approved","S18","S18 manual sample approved after checking solvability, answer alignment, accepted-answer coverage, grade/topic fit, terminology, and source-distance safety; candidate only, not public integration."
"bnu-primary-ds-v2-p2-222","P2","lower","bnu-primary-p2-lower-plane-shapes","认识图形","fill-in","Foundation","grade-pass-sample","approved","S18","S18 manual sample approved after checking solvability, answer alignment, accepted-answer coverage, grade/topic fit, terminology, and source-distance safety; candidate only, not public integration."
"bnu-primary-ds-v2-p2-224","P2","lower","bnu-primary-p2-lower-time","时、分、秒","fill-in","Foundation","grade-pass-sample","approved","S18","S18 manual sample approved after checking solvability, answer alignment, accepted-answer coverage, grade/topic fit, terminology, and source-distance safety; candidate only, not public integration."
"bnu-primary-ds-v2-p2-232","P2","lower","bnu-primary-p2-lower-time","时、分、秒","fill-in","Foundation","grade-pass-sample","approved","S18","S18 manual sample approved after checking solvability, answer alignment, accepted-answer coverage, grade/topic fit, terminology, and source-distance safety; candidate only, not public integration."
"bnu-primary-ds-v2-p2-238","P2","lower","bnu-primary-p2-lower-data-recording-review","调查与记录及整理复习","fill-in","Foundation","grade-pass-sample","approved","S18","S18 manual sample approved after checking solvability, answer alignment, accepted-answer coverage, grade/topic fit, terminology, and source-distance safety; candidate only, not public integration."
"bnu-primary-ds-v2-p2-239","P2","lower","bnu-primary-p2-lower-data-recording-review","调查与记录及整理复习","multiple-choice","Foundation","grade-pass-sample","approved","S18","S18 manual sample approved after checking solvability, answer alignment, accepted-answer coverage, grade/topic fit, terminology, and source-distance safety; candidate only, not public integration."
"bnu-primary-ds-v2-p2-243","P2","lower","bnu-primary-p2-lower-data-recording-review","调查与记录及整理复习","multiple-choice","Foundation","grade-pass-sample","approved","S18","S18 manual sample approved after checking solvability, answer alignment, accepted-answer coverage, grade/topic fit, terminology, and source-distance safety; candidate only, not public integration."
"bnu-primary-ds-v2-p2-247","P2","lower","bnu-primary-p2-lower-data-recording-review","调查与记录及整理复习","multiple-choice","Foundation","grade-pass-sample","approved","S18","S18 manual sample approved after checking solvability, answer alignment, accepted-answer coverage, grade/topic fit, terminology, and source-distance safety; candidate only, not public integration."
"bnu-primary-ds-v2-p3-008","P3","upper","bnu-primary-p3-upper-mixed-operations","混合运算","fill-in","Exam","grade-pass-sample","approved","S18","S18 manual sample approved after checking solvability, answer alignment, accepted-answer coverage, grade/topic fit, terminology, and source-distance safety; candidate only, not public integration."
"bnu-primary-ds-v2-p3-014","P3","upper","bnu-primary-p3-upper-mixed-operations","混合运算","fill-in","Foundation","grade-pass-sample","approved","S18","S18 manual sample approved after checking solvability, answer alignment, accepted-answer coverage, grade/topic fit, terminology, and source-distance safety; candidate only, not public integration."
"bnu-primary-ds-v2-p3-021","P3","upper","bnu-primary-p3-upper-observe-objects","观察物体","short-answer","Core","grade-pass-sample","approved","S18","S18 manual sample approved after checking solvability, answer alignment, accepted-answer coverage, grade/topic fit, terminology, and source-distance safety; candidate only, not public integration."
"bnu-primary-ds-v2-p3-026","P3","upper","bnu-primary-p3-upper-observe-objects","观察物体","fill-in","Foundation","grade-pass-sample","approved","S18","S18 manual sample approved after checking solvability, answer alignment, accepted-answer coverage, grade/topic fit, terminology, and source-distance safety; candidate only, not public integration."
"bnu-primary-ds-v2-p3-042","P3","upper","bnu-primary-p3-upper-three-digit-add-sub","加与减","short-answer","Foundation","grade-pass-sample","approved","S18","S18 manual sample approved after checking solvability, answer alignment, accepted-answer coverage, grade/topic fit, terminology, and source-distance safety; candidate only, not public integration."
"bnu-primary-ds-v2-p3-043","P3","upper","bnu-primary-p3-upper-three-digit-add-sub","加与减","multiple-choice","Challenge","grade-pass-sample","approved","S18","S18 manual sample approved after checking solvability, answer alignment, accepted-answer coverage, grade/topic fit, terminology, and source-distance safety; candidate only, not public integration."
"bnu-primary-ds-v2-p3-047","P3","upper","bnu-primary-p3-upper-multiplication-division-fluency","乘与除","fill-in","Challenge","grade-pass-sample","approved","S18","S18 manual sample approved after checking solvability, answer alignment, accepted-answer coverage, grade/topic fit, terminology, and source-distance safety; candidate only, not public integration."
"bnu-primary-ds-v2-p3-055","P3","upper","bnu-primary-p3-upper-multiplication-division-fluency","乘与除","multiple-choice","Core","grade-pass-sample","approved","S18","S18 manual sample approved after checking solvability, answer alignment, accepted-answer coverage, grade/topic fit, terminology, and source-distance safety; candidate only, not public integration."
"bnu-primary-ds-v2-p3-056","P3","upper","bnu-primary-p3-upper-multiplication-division-fluency","乘与除","fill-in","Foundation","grade-pass-sample","approved","S18","S18 manual sample approved after checking solvability, answer alignment, accepted-answer coverage, grade/topic fit, terminology, and source-distance safety; candidate only, not public integration."
"bnu-primary-ds-v2-p3-058","P3","upper","bnu-primary-p3-upper-multiplication-division-fluency","乘与除","multiple-choice","Core","grade-pass-sample","approved","S18","S18 manual sample approved after checking solvability, answer alignment, accepted-answer coverage, grade/topic fit, terminology, and source-distance safety; candidate only, not public integration."
"bnu-primary-ds-v2-p3-059","P3","upper","bnu-primary-p3-upper-multiplication-division-fluency","乘与除","fill-in","Foundation","grade-pass-sample","approved","S18","S18 manual sample approved after checking solvability, answer alignment, accepted-answer coverage, grade/topic fit, terminology, and source-distance safety; candidate only, not public integration."
"bnu-primary-ds-v2-p3-062","P3","upper","bnu-primary-p3-upper-perimeter","周长","fill-in","Foundation","grade-pass-sample","approved","S18","S18 manual sample approved after checking solvability, answer alignment, accepted-answer coverage, grade/topic fit, terminology, and source-distance safety; candidate only, not public integration."
"bnu-primary-ds-v2-p3-064","P3","upper","bnu-primary-p3-upper-perimeter","周长","multiple-choice","Core","grade-pass-sample","approved","S18","S18 manual sample approved after checking solvability, answer alignment, accepted-answer coverage, grade/topic fit, terminology, and source-distance safety; candidate only, not public integration."
"bnu-primary-ds-v2-p3-067","P3","upper","bnu-primary-p3-upper-perimeter","周长","multiple-choice","Core","grade-pass-sample","approved","S18","S18 manual sample approved after checking solvability, answer alignment, accepted-answer coverage, grade/topic fit, terminology, and source-distance safety; candidate only, not public integration."
"bnu-primary-ds-v2-p3-068","P3","upper","bnu-primary-p3-upper-perimeter","周长","fill-in","Foundation","grade-pass-sample","approved","S18","S18 manual sample approved after checking solvability, answer alignment, accepted-answer coverage, grade/topic fit, terminology, and source-distance safety; candidate only, not public integration."
"bnu-primary-ds-v2-p3-073","P3","upper","bnu-primary-p3-upper-perimeter","周长","multiple-choice","Core","grade-pass-sample","approved","S18","S18 manual sample approved after checking solvability, answer alignment, accepted-answer coverage, grade/topic fit, terminology, and source-distance safety; candidate only, not public integration."
"bnu-primary-ds-v2-p3-076","P3","upper","bnu-primary-p3-upper-multi-digit-multiplication","乘法","multiple-choice","Core","grade-pass-sample","approved","S18","S18 manual sample approved after checking solvability, answer alignment, accepted-answer coverage, grade/topic fit, terminology, and source-distance safety; candidate only, not public integration."
"bnu-primary-ds-v2-p3-081","P3","upper","bnu-primary-p3-upper-multi-digit-multiplication","乘法","short-answer","Challenge","grade-pass-sample","approved","S18","S18 manual sample approved after checking solvability, answer alignment, accepted-answer coverage, grade/topic fit, terminology, and source-distance safety; candidate only, not public integration."
"bnu-primary-ds-v2-p3-086","P3","upper","bnu-primary-p3-upper-multi-digit-multiplication","乘法","fill-in","Foundation","grade-pass-sample","approved","S18","S18 manual sample approved after checking solvability, answer alignment, accepted-answer coverage, grade/topic fit, terminology, and source-distance safety; candidate only, not public integration."
"bnu-primary-ds-v2-p3-092","P3","upper","bnu-primary-p3-upper-calendar-time","年、月、日","fill-in","Foundation","grade-pass-sample","approved","S18","S18 manual sample approved after checking solvability, answer alignment, accepted-answer coverage, grade/topic fit, terminology, and source-distance safety; candidate only, not public integration."
"bnu-primary-ds-v2-p3-093","P3","upper","bnu-primary-p3-upper-calendar-time","年、月、日","short-answer","Challenge","grade-pass-sample","approved","S18","S18 manual sample approved after checking solvability, answer alignment, accepted-answer coverage, grade/topic fit, terminology, and source-distance safety; candidate only, not public integration."
"bnu-primary-ds-v2-p3-098","P3","upper","bnu-primary-p3-upper-calendar-time","年、月、日","fill-in","Foundation","grade-pass-sample","approved","S18","S18 manual sample approved after checking solvability, answer alignment, accepted-answer coverage, grade/topic fit, terminology, and source-distance safety; candidate only, not public integration."
"bnu-primary-ds-v2-p3-120","P3","upper","bnu-primary-p3-upper-decimal-introduction","认识小数","short-answer","Challenge","grade-pass-sample","approved","S18","S18 manual sample approved after checking solvability, answer alignment, accepted-answer coverage, grade/topic fit, terminology, and source-distance safety; candidate only, not public integration."
"bnu-primary-ds-v2-p3-122","P3","upper","bnu-primary-p3-upper-math-play-review","数学好玩及整理复习","fill-in","Foundation","grade-pass-sample","approved","S18","S18 manual sample approved after checking solvability, answer alignment, accepted-answer coverage, grade/topic fit, terminology, and source-distance safety; candidate only, not public integration."
"bnu-primary-ds-v2-p3-123","P3","upper","bnu-primary-p3-upper-math-play-review","数学好玩及整理复习","short-answer","Challenge","grade-pass-sample","approved","S18","S18 manual sample approved after checking solvability, answer alignment, accepted-answer coverage, grade/topic fit, terminology, and source-distance safety; candidate only, not public integration."
"bnu-primary-ds-v2-p3-131","P3","upper","bnu-primary-p3-upper-math-play-review","数学好玩及整理复习","fill-in","Core","grade-pass-sample","approved","S18","S18 manual sample approved after checking solvability, answer alignment, accepted-answer coverage, grade/topic fit, terminology, and source-distance safety; candidate only, not public integration."
"bnu-primary-ds-v2-p3-134","P3","upper","bnu-primary-p3-upper-math-play-review","数学好玩及整理复习","fill-in","Foundation","grade-pass-sample","approved","S18","S18 manual sample approved after checking solvability, answer alignment, accepted-answer coverage, grade/topic fit, terminology, and source-distance safety; candidate only, not public integration."
"bnu-primary-ds-v2-p3-142","P3","lower","bnu-primary-p3-lower-division","除法","multiple-choice","Foundation","grade-pass-sample","approved","S18","S18 manual sample approved after checking solvability, answer alignment, accepted-answer coverage, grade/topic fit, terminology, and source-distance safety; candidate only, not public integration."
"bnu-primary-ds-v2-p3-151","P3","lower","bnu-primary-p3-lower-shape-motion","图形的运动","multiple-choice","Core","grade-pass-sample","approved","S18","S18 manual sample approved after checking solvability, answer alignment, accepted-answer coverage, grade/topic fit, terminology, and source-distance safety; candidate only, not public integration."
"bnu-primary-ds-v2-p3-155","P3","lower","bnu-primary-p3-lower-shape-motion","图形的运动","fill-in","Core","grade-pass-sample","approved","S18","S18 manual sample approved after checking solvability, answer alignment, accepted-answer coverage, grade/topic fit, terminology, and source-distance safety; candidate only, not public integration."
"bnu-primary-ds-v2-p3-159","P3","lower","bnu-primary-p3-lower-shape-motion","图形的运动","short-answer","Core","grade-pass-sample","approved","S18","S18 manual sample approved after checking solvability, answer alignment, accepted-answer coverage, grade/topic fit, terminology, and source-distance safety; candidate only, not public integration."
"bnu-primary-ds-v2-p3-162","P3","lower","bnu-primary-p3-lower-shape-motion","图形的运动","short-answer","Foundation","grade-pass-sample","approved","S18","S18 manual sample approved after checking solvability, answer alignment, accepted-answer coverage, grade/topic fit, terminology, and source-distance safety; candidate only, not public integration."
"bnu-primary-ds-v2-p3-166","P3","lower","bnu-primary-p3-lower-two-digit-multiplication","乘法","multiple-choice","Foundation","grade-pass-sample","approved","S18","S18 manual sample approved after checking solvability, answer alignment, accepted-answer coverage, grade/topic fit, terminology, and source-distance safety; candidate only, not public integration."
"bnu-primary-ds-v2-p3-181","P3","lower","bnu-primary-p3-lower-mass-units","千克、克、吨","multiple-choice","Core","grade-pass-sample","approved","S18","S18 manual sample approved after checking solvability, answer alignment, accepted-answer coverage, grade/topic fit, terminology, and source-distance safety; candidate only, not public integration."
"bnu-primary-ds-v2-p3-184","P3","lower","bnu-primary-p3-lower-mass-units","千克、克、吨","fill-in","Foundation","grade-pass-sample","approved","S18","S18 manual sample approved after checking solvability, answer alignment, accepted-answer coverage, grade/topic fit, terminology, and source-distance safety; candidate only, not public integration."
"bnu-primary-ds-v2-p3-190","P3","lower","bnu-primary-p3-lower-mass-units","千克、克、吨","fill-in","Foundation","grade-pass-sample","approved","S18","S18 manual sample approved after checking solvability, answer alignment, accepted-answer coverage, grade/topic fit, terminology, and source-distance safety; candidate only, not public integration."
"bnu-primary-ds-v2-p3-191","P3","lower","bnu-primary-p3-lower-mass-units","千克、克、吨","multiple-choice","Core","grade-pass-sample","approved","S18","S18 manual sample approved after checking solvability, answer alignment, accepted-answer coverage, grade/topic fit, terminology, and source-distance safety; candidate only, not public integration."
"bnu-primary-ds-v2-p3-197","P3","lower","bnu-primary-p3-lower-area","面积","multiple-choice","Core","grade-pass-sample","approved","S18","S18 manual sample approved after checking solvability, answer alignment, accepted-answer coverage, grade/topic fit, terminology, and source-distance safety; candidate only, not public integration."
"bnu-primary-ds-v2-p3-199","P3","lower","bnu-primary-p3-lower-area","面积","multiple-choice","Core","grade-pass-sample","approved","S18","S18 manual sample approved after checking solvability, answer alignment, accepted-answer coverage, grade/topic fit, terminology, and source-distance safety; candidate only, not public integration."
"bnu-primary-ds-v2-p3-203","P3","lower","bnu-primary-p3-lower-area","面积","multiple-choice","Core","grade-pass-sample","approved","S18","S18 manual sample approved after checking solvability, answer alignment, accepted-answer coverage, grade/topic fit, terminology, and source-distance safety; candidate only, not public integration."
"bnu-primary-ds-v2-p3-205","P3","lower","bnu-primary-p3-lower-area","面积","multiple-choice","Core","grade-pass-sample","approved","S18","S18 manual sample approved after checking solvability, answer alignment, accepted-answer coverage, grade/topic fit, terminology, and source-distance safety; candidate only, not public integration."
"bnu-primary-ds-v2-p3-206","P3","lower","bnu-primary-p3-lower-area","面积","fill-in","Foundation","grade-pass-sample","approved","S18","S18 manual sample approved after checking solvability, answer alignment, accepted-answer coverage, grade/topic fit, terminology, and source-distance safety; candidate only, not public integration."
"bnu-primary-ds-v2-p3-210","P3","lower","bnu-primary-p3-lower-fraction-introduction","认识分数","fill-in","Foundation","grade-pass-sample","approved","S18","S18 manual sample approved after checking solvability, answer alignment, accepted-answer coverage, grade/topic fit, terminology, and source-distance safety; candidate only, not public integration."
"bnu-primary-ds-v2-p3-212","P3","lower","bnu-primary-p3-lower-fraction-introduction","认识分数","fill-in","Foundation","grade-pass-sample","approved","S18","S18 manual sample approved after checking solvability, answer alignment, accepted-answer coverage, grade/topic fit, terminology, and source-distance safety; candidate only, not public integration."
"bnu-primary-ds-v2-p3-218","P3","lower","bnu-primary-p3-lower-fraction-introduction","认识分数","fill-in","Foundation","grade-pass-sample","approved","S18","S18 manual sample approved after checking solvability, answer alignment, accepted-answer coverage, grade/topic fit, terminology, and source-distance safety; candidate only, not public integration."
"bnu-primary-ds-v2-p3-225","P3","lower","bnu-primary-p3-lower-data-representation","数据的整理和表示","multiple-choice","Core","grade-pass-sample","approved","S18","S18 manual sample approved after checking solvability, answer alignment, accepted-answer coverage, grade/topic fit, terminology, and source-distance safety; candidate only, not public integration."
"bnu-primary-ds-v2-p3-233","P3","lower","bnu-primary-p3-lower-data-representation","数据的整理和表示","multiple-choice","Core","grade-pass-sample","approved","S18","S18 manual sample approved after checking solvability, answer alignment, accepted-answer coverage, grade/topic fit, terminology, and source-distance safety; candidate only, not public integration."
"bnu-primary-ds-v2-p3-243","P3","lower","bnu-primary-p3-lower-math-play-review","数学好玩及整理复习","multiple-choice","Core","grade-pass-sample","approved","S18","S18 manual sample approved after checking solvability, answer alignment, accepted-answer coverage, grade/topic fit, terminology, and source-distance safety; candidate only, not public integration."
"bnu-primary-ds-v2-p3-246","P3","lower","bnu-primary-p3-lower-math-play-review","数学好玩及整理复习","multiple-choice","Core","grade-pass-sample","approved","S18","S18 manual sample approved after checking solvability, answer alignment, accepted-answer coverage, grade/topic fit, terminology, and source-distance safety; candidate only, not public integration."
"bnu-primary-ds-v2-p3-247","P3","lower","bnu-primary-p3-lower-math-play-review","数学好玩及整理复习","multiple-choice","Core","grade-pass-sample","approved","S18","S18 manual sample approved after checking solvability, answer alignment, accepted-answer coverage, grade/topic fit, terminology, and source-distance safety; candidate only, not public integration."
"bnu-primary-ds-v2-p4-003","P4","upper","bnu-primary-p4-upper-large-numbers","认识更大的数","short-answer","Challenge","grade-pass-sample","approved","S18","S18 manual sample approved after checking solvability, answer alignment, accepted-answer coverage, grade/topic fit, terminology, and source-distance safety; candidate only, not public integration."
"bnu-primary-ds-v2-p4-005","P4","upper","bnu-primary-p4-upper-large-numbers","认识更大的数","fill-in","Core","grade-pass-sample","approved","S18","S18 manual sample approved after checking solvability, answer alignment, accepted-answer coverage, grade/topic fit, terminology, and source-distance safety; candidate only, not public integration."
"bnu-primary-ds-v2-p4-011","P4","upper","bnu-primary-p4-upper-large-numbers","认识更大的数","fill-in","Challenge","grade-pass-sample","approved","S18","S18 manual sample approved after checking solvability, answer alignment, accepted-answer coverage, grade/topic fit, terminology, and source-distance safety; candidate only, not public integration."
"bnu-primary-ds-v2-p4-015","P4","upper","bnu-primary-p4-upper-large-numbers","认识更大的数","short-answer","Challenge","grade-pass-sample","approved","S18","S18 manual sample approved after checking solvability, answer alignment, accepted-answer coverage, grade/topic fit, terminology, and source-distance safety; candidate only, not public integration."
"bnu-primary-ds-v2-p4-017","P4","upper","bnu-primary-p4-upper-lines-angles","线与角","fill-in","Core","grade-pass-sample","approved","S18","S18 manual sample approved after checking solvability, answer alignment, accepted-answer coverage, grade/topic fit, terminology, and source-distance safety; candidate only, not public integration."
"bnu-primary-ds-v2-p4-021","P4","upper","bnu-primary-p4-upper-lines-angles","线与角","short-answer","Core","grade-pass-sample","approved","S18","S18 manual sample approved after checking solvability, answer alignment, accepted-answer coverage, grade/topic fit, terminology, and source-distance safety; candidate only, not public integration."
"bnu-primary-ds-v2-p4-031","P4","upper","bnu-primary-p4-upper-lines-angles","线与角","multiple-choice","Challenge","grade-pass-sample","approved","S18","S18 manual sample approved after checking solvability, answer alignment, accepted-answer coverage, grade/topic fit, terminology, and source-distance safety; candidate only, not public integration."
"bnu-primary-ds-v2-p4-034","P4","upper","bnu-primary-p4-upper-multiplication","乘法","multiple-choice","Foundation","grade-pass-sample","approved","S18","S18 manual sample approved after checking solvability, answer alignment, accepted-answer coverage, grade/topic fit, terminology, and source-distance safety; candidate only, not public integration."
"bnu-primary-ds-v2-p4-042","P4","upper","bnu-primary-p4-upper-multiplication","乘法","short-answer","Foundation","grade-pass-sample","approved","S18","S18 manual sample approved after checking solvability, answer alignment, accepted-answer coverage, grade/topic fit, terminology, and source-distance safety; candidate only, not public integration."
"bnu-primary-ds-v2-p4-053","P4","upper","bnu-primary-p4-upper-operation-laws","运算律","fill-in","Foundation","grade-pass-sample","approved","S18","S18 manual sample approved after checking solvability, answer alignment, accepted-answer coverage, grade/topic fit, terminology, and source-distance safety; candidate only, not public integration."
"bnu-primary-ds-v2-p4-066","P4","upper","bnu-primary-p4-upper-direction-position","方向与位置","short-answer","Challenge","grade-pass-sample","approved","S18","S18 manual sample approved after checking solvability, answer alignment, accepted-answer coverage, grade/topic fit, terminology, and source-distance safety; candidate only, not public integration."
"bnu-primary-ds-v2-p4-069","P4","upper","bnu-primary-p4-upper-direction-position","方向与位置","short-answer","Challenge","grade-pass-sample","approved","S18","S18 manual sample approved after checking solvability, answer alignment, accepted-answer coverage, grade/topic fit, terminology, and source-distance safety; candidate only, not public integration."
"bnu-primary-ds-v2-p4-071","P4","upper","bnu-primary-p4-upper-direction-position","方向与位置","fill-in","Foundation","grade-pass-sample","approved","S18","S18 manual sample approved after checking solvability, answer alignment, accepted-answer coverage, grade/topic fit, terminology, and source-distance safety; candidate only, not public integration."
"bnu-primary-ds-v2-p4-076","P4","upper","bnu-primary-p4-upper-direction-position","方向与位置","multiple-choice","Core","grade-pass-sample","approved","S18","S18 manual sample approved after checking solvability, answer alignment, accepted-answer coverage, grade/topic fit, terminology, and source-distance safety; candidate only, not public integration."
"bnu-primary-ds-v2-p4-088","P4","upper","bnu-primary-p4-upper-division","除法","multiple-choice","Core","grade-pass-sample","approved","S18","S18 manual sample approved after checking solvability, answer alignment, accepted-answer coverage, grade/topic fit, terminology, and source-distance safety; candidate only, not public integration."
"bnu-primary-ds-v2-p4-091","P4","upper","bnu-primary-p4-upper-division","除法","multiple-choice","Core","grade-pass-sample","approved","S18","S18 manual sample approved after checking solvability, answer alignment, accepted-answer coverage, grade/topic fit, terminology, and source-distance safety; candidate only, not public integration."
"bnu-primary-ds-v2-p4-105","P4","upper","bnu-primary-p4-upper-negative-numbers","生活中的负数","short-answer","Challenge","grade-pass-sample","approved","S18","S18 manual sample approved after checking solvability, answer alignment, accepted-answer coverage, grade/topic fit, terminology, and source-distance safety; candidate only, not public integration."
"bnu-primary-ds-v2-p4-110","P4","upper","bnu-primary-p4-upper-negative-numbers","生活中的负数","fill-in","Foundation","grade-pass-sample","approved","S18","S18 manual sample approved after checking solvability, answer alignment, accepted-answer coverage, grade/topic fit, terminology, and source-distance safety; candidate only, not public integration."
"bnu-primary-ds-v2-p4-112","P4","upper","bnu-primary-p4-upper-negative-numbers","生活中的负数","multiple-choice","Core","grade-pass-sample","approved","S18","S18 manual sample approved after checking solvability, answer alignment, accepted-answer coverage, grade/topic fit, terminology, and source-distance safety; candidate only, not public integration."
"bnu-primary-ds-v2-p4-117","P4","upper","bnu-primary-p4-upper-probability","可能性","short-answer","Challenge","grade-pass-sample","approved","S18","S18 manual sample approved after checking solvability, answer alignment, accepted-answer coverage, grade/topic fit, terminology, and source-distance safety; candidate only, not public integration."
"bnu-primary-ds-v2-p4-123","P4","upper","bnu-primary-p4-upper-probability","可能性","short-answer","Challenge","grade-pass-sample","approved","S18","S18 manual sample approved after checking solvability, answer alignment, accepted-answer coverage, grade/topic fit, terminology, and source-distance safety; candidate only, not public integration."
"bnu-primary-ds-v2-p4-126","P4","upper","bnu-primary-p4-upper-probability","可能性","short-answer","Challenge","grade-pass-sample","approved","S18","S18 manual sample approved after checking solvability, answer alignment, accepted-answer coverage, grade/topic fit, terminology, and source-distance safety; candidate only, not public integration."
"bnu-primary-ds-v2-p4-128","P4","upper","bnu-primary-p4-upper-probability","可能性","fill-in","Foundation","grade-pass-sample","approved","S18","S18 manual sample approved after checking solvability, answer alignment, accepted-answer coverage, grade/topic fit, terminology, and source-distance safety; candidate only, not public integration."
"bnu-primary-ds-v2-p4-132","P4","upper","bnu-primary-p4-upper-math-play-review","数学好玩及整理复习","short-answer","Foundation","grade-pass-sample","approved","S18","S18 manual sample approved after checking solvability, answer alignment, accepted-answer coverage, grade/topic fit, terminology, and source-distance safety; candidate only, not public integration."
"bnu-primary-ds-v2-p4-139","P4","upper","bnu-primary-p4-upper-math-play-review","数学好玩及整理复习","multiple-choice","Core","grade-pass-sample","approved","S18","S18 manual sample approved after checking solvability, answer alignment, accepted-answer coverage, grade/topic fit, terminology, and source-distance safety; candidate only, not public integration."
"bnu-primary-ds-v2-p4-147","P4","lower","bnu-primary-p4-lower-decimal-meaning-add-sub","小数的意义和加减法","short-answer","Core","grade-pass-sample","approved","S18","S18 manual sample approved after checking solvability, answer alignment, accepted-answer coverage, grade/topic fit, terminology, and source-distance safety; candidate only, not public integration."
"bnu-primary-ds-v2-p4-150","P4","lower","bnu-primary-p4-lower-decimal-meaning-add-sub","小数的意义和加减法","short-answer","Foundation","grade-pass-sample","approved","S18","S18 manual sample approved after checking solvability, answer alignment, accepted-answer coverage, grade/topic fit, terminology, and source-distance safety; candidate only, not public integration."
"bnu-primary-ds-v2-p4-151","P4","lower","bnu-primary-p4-lower-decimal-meaning-add-sub","小数的意义和加减法","multiple-choice","Core","grade-pass-sample","approved","S18","S18 manual sample approved after checking solvability, answer alignment, accepted-answer coverage, grade/topic fit, terminology, and source-distance safety; candidate only, not public integration."
"bnu-primary-ds-v2-p4-156","P4","lower","bnu-primary-p4-lower-decimal-meaning-add-sub","小数的意义和加减法","short-answer","Foundation","grade-pass-sample","approved","S18","S18 manual sample approved after checking solvability, answer alignment, accepted-answer coverage, grade/topic fit, terminology, and source-distance safety; candidate only, not public integration."
"bnu-primary-ds-v2-p4-162","P4","lower","bnu-primary-p4-lower-triangles-quadrilaterals","认识三角形和四边形","short-answer","Foundation","grade-pass-sample","approved","S18","S18 manual sample approved after checking solvability, answer alignment, accepted-answer coverage, grade/topic fit, terminology, and source-distance safety; candidate only, not public integration."
"bnu-primary-ds-v2-p4-164","P4","lower","bnu-primary-p4-lower-triangles-quadrilaterals","认识三角形和四边形","fill-in","Foundation","grade-pass-sample","approved","S18","S18 manual sample approved after checking solvability, answer alignment, accepted-answer coverage, grade/topic fit, terminology, and source-distance safety; candidate only, not public integration."
"bnu-primary-ds-v2-p4-165","P4","lower","bnu-primary-p4-lower-triangles-quadrilaterals","认识三角形和四边形","short-answer","Core","grade-pass-sample","approved","S18","S18 manual sample approved after checking solvability, answer alignment, accepted-answer coverage, grade/topic fit, terminology, and source-distance safety; candidate only, not public integration."
"bnu-primary-ds-v2-p4-166","P4","lower","bnu-primary-p4-lower-triangles-quadrilaterals","认识三角形和四边形","multiple-choice","Foundation","grade-pass-sample","approved","S18","S18 manual sample approved after checking solvability, answer alignment, accepted-answer coverage, grade/topic fit, terminology, and source-distance safety; candidate only, not public integration."
"bnu-primary-ds-v2-p4-171","P4","lower","bnu-primary-p4-lower-triangles-quadrilaterals","认识三角形和四边形","short-answer","Core","grade-pass-sample","approved","S18","S18 manual sample approved after checking solvability, answer alignment, accepted-answer coverage, grade/topic fit, terminology, and source-distance safety; candidate only, not public integration."
"bnu-primary-ds-v2-p4-178","P4","lower","bnu-primary-p4-lower-decimal-multiplication","小数乘法","multiple-choice","Foundation","grade-pass-sample","approved","S18","S18 manual sample approved after checking solvability, answer alignment, accepted-answer coverage, grade/topic fit, terminology, and source-distance safety; candidate only, not public integration."
"bnu-primary-ds-v2-p4-185","P4","lower","bnu-primary-p4-lower-decimal-multiplication","小数乘法","multiple-choice","Core","grade-pass-sample","approved","S18","S18 manual sample approved after checking solvability, answer alignment, accepted-answer coverage, grade/topic fit, terminology, and source-distance safety; candidate only, not public integration."
"bnu-primary-ds-v2-p4-186","P4","lower","bnu-primary-p4-lower-decimal-multiplication","小数乘法","fill-in","Foundation","grade-pass-sample","approved","S18","S18 manual sample approved after checking solvability, answer alignment, accepted-answer coverage, grade/topic fit, terminology, and source-distance safety; candidate only, not public integration."
"bnu-primary-ds-v2-p4-189","P4","lower","bnu-primary-p4-lower-decimal-multiplication","小数乘法","multiple-choice","Core","grade-pass-sample","approved","S18","S18 manual sample approved after checking solvability, answer alignment, accepted-answer coverage, grade/topic fit, terminology, and source-distance safety; candidate only, not public integration."
"bnu-primary-ds-v2-p4-194","P4","lower","bnu-primary-p4-lower-observe-objects","观察物体","fill-in","Foundation","grade-pass-sample","approved","S18","S18 manual sample approved after checking solvability, answer alignment, accepted-answer coverage, grade/topic fit, terminology, and source-distance safety; candidate only, not public integration."
"bnu-primary-ds-v2-p4-198","P4","lower","bnu-primary-p4-lower-observe-objects","观察物体","fill-in","Foundation","grade-pass-sample","approved","S18","S18 manual sample approved after checking solvability, answer alignment, accepted-answer coverage, grade/topic fit, terminology, and source-distance safety; candidate only, not public integration."
"bnu-primary-ds-v2-p4-200","P4","lower","bnu-primary-p4-lower-observe-objects","观察物体","fill-in","Foundation","grade-pass-sample","approved","S18","S18 manual sample approved after checking solvability, answer alignment, accepted-answer coverage, grade/topic fit, terminology, and source-distance safety; candidate only, not public integration."
"bnu-primary-ds-v2-p4-212","P4","lower","bnu-primary-p4-lower-equations","认识方程","fill-in","Foundation","grade-pass-sample","approved","S18","S18 manual sample approved after checking solvability, answer alignment, accepted-answer coverage, grade/topic fit, terminology, and source-distance safety; candidate only, not public integration."
"bnu-primary-ds-v2-p4-214","P4","lower","bnu-primary-p4-lower-equations","认识方程","fill-in","Foundation","grade-pass-sample","approved","S18","S18 manual sample approved after checking solvability, answer alignment, accepted-answer coverage, grade/topic fit, terminology, and source-distance safety; candidate only, not public integration."
"bnu-primary-ds-v2-p4-215","P4","lower","bnu-primary-p4-lower-equations","认识方程","multiple-choice","Core","grade-pass-sample","approved","S18","S18 manual sample approved after checking solvability, answer alignment, accepted-answer coverage, grade/topic fit, terminology, and source-distance safety; candidate only, not public integration."
"bnu-primary-ds-v2-p4-217","P4","lower","bnu-primary-p4-lower-equations","认识方程","multiple-choice","Core","grade-pass-sample","approved","S18","S18 manual sample approved after checking solvability, answer alignment, accepted-answer coverage, grade/topic fit, terminology, and source-distance safety; candidate only, not public integration."
"bnu-primary-ds-v2-p4-223","P4","lower","bnu-primary-p4-lower-data-representation-analysis","数据的表示和分析","multiple-choice","Core","grade-pass-sample","approved","S18","S18 manual sample approved after checking solvability, answer alignment, accepted-answer coverage, grade/topic fit, terminology, and source-distance safety; candidate only, not public integration."
"bnu-primary-ds-v2-p4-228","P4","lower","bnu-primary-p4-lower-data-representation-analysis","数据的表示和分析","fill-in","Core","grade-pass-sample","approved","S18","S18 manual sample approved after checking solvability, answer alignment, accepted-answer coverage, grade/topic fit, terminology, and source-distance safety; candidate only, not public integration."
"bnu-primary-ds-v2-p4-248","P4","lower","bnu-primary-p4-lower-math-play-review","数学好玩及整理复习","multiple-choice","Core","grade-pass-sample","approved","S18","S18 manual sample approved after checking solvability, answer alignment, accepted-answer coverage, grade/topic fit, terminology, and source-distance safety; candidate only, not public integration."
"bnu-primary-ds-v2-p4-249","P4","lower","bnu-primary-p4-lower-math-play-review","数学好玩及整理复习","multiple-choice","Core","grade-pass-sample","approved","S18","S18 manual sample approved after checking solvability, answer alignment, accepted-answer coverage, grade/topic fit, terminology, and source-distance safety; candidate only, not public integration."
"bnu-primary-ds-v2-p4-250","P4","lower","bnu-primary-p4-lower-math-play-review","数学好玩及整理复习","multiple-choice","Core","grade-pass-sample","approved","S18","S18 manual sample approved after checking solvability, answer alignment, accepted-answer coverage, grade/topic fit, terminology, and source-distance safety; candidate only, not public integration."
"bnu-primary-ds-v2-p5-004","P5","upper","bnu-primary-p5-upper-decimal-division","小数除法","multiple-choice","Exam","grade-pass-sample","approved","S18","S18 manual sample approved after checking solvability, answer alignment, accepted-answer coverage, grade/topic fit, terminology, and source-distance safety; candidate only, not public integration."
"bnu-primary-ds-v2-p5-006","P5","upper","bnu-primary-p5-upper-decimal-division","小数除法","short-answer","Foundation","grade-pass-sample","approved","S18","S18 manual sample approved after checking solvability, answer alignment, accepted-answer coverage, grade/topic fit, terminology, and source-distance safety; candidate only, not public integration."
"bnu-primary-ds-v2-p5-015","P5","upper","bnu-primary-p5-upper-decimal-division","小数除法","short-answer","Challenge","grade-pass-sample","approved","S18","S18 manual sample approved after checking solvability, answer alignment, accepted-answer coverage, grade/topic fit, terminology, and source-distance safety; candidate only, not public integration."
"bnu-primary-ds-v2-p5-025","P5","upper","bnu-primary-p5-upper-symmetry-translation","轴对称和平移","multiple-choice","Core","grade-pass-sample","approved","S18","S18 manual sample approved after checking solvability, answer alignment, accepted-answer coverage, grade/topic fit, terminology, and source-distance safety; candidate only, not public integration."
"bnu-primary-ds-v2-p5-028","P5","upper","bnu-primary-p5-upper-symmetry-translation","轴对称和平移","multiple-choice","Exam","grade-pass-sample","approved","S18","S18 manual sample approved after checking solvability, answer alignment, accepted-answer coverage, grade/topic fit, terminology, and source-distance safety; candidate only, not public integration."
"bnu-primary-ds-v2-p5-043","P5","upper","bnu-primary-p5-upper-multiples-factors","倍数与因数","multiple-choice","Challenge","grade-pass-sample","approved","S18","S18 manual sample approved after checking solvability, answer alignment, accepted-answer coverage, grade/topic fit, terminology, and source-distance safety; candidate only, not public integration."
"bnu-primary-ds-v2-p5-056","P5","upper","bnu-primary-p5-upper-polygon-area","多边形的面积","fill-in","Exam","grade-pass-sample","approved","S18","S18 manual sample approved after checking solvability, answer alignment, accepted-answer coverage, grade/topic fit, terminology, and source-distance safety; candidate only, not public integration."
"bnu-primary-ds-v2-p5-065","P5","upper","bnu-primary-p5-upper-fraction-meaning","分数的意义","fill-in","Core","grade-pass-sample","approved","S18","S18 manual sample approved after checking solvability, answer alignment, accepted-answer coverage, grade/topic fit, terminology, and source-distance safety; candidate only, not public integration."
"bnu-primary-ds-v2-p5-066","P5","upper","bnu-primary-p5-upper-fraction-meaning","分数的意义","short-answer","Foundation","grade-pass-sample","approved","S18","S18 manual sample approved after checking solvability, answer alignment, accepted-answer coverage, grade/topic fit, terminology, and source-distance safety; candidate only, not public integration."
"bnu-primary-ds-v2-p5-067","P5","upper","bnu-primary-p5-upper-fraction-meaning","分数的意义","multiple-choice","Challenge","grade-pass-sample","approved","S18","S18 manual sample approved after checking solvability, answer alignment, accepted-answer coverage, grade/topic fit, terminology, and source-distance safety; candidate only, not public integration."
"bnu-primary-ds-v2-p5-072","P5","upper","bnu-primary-p5-upper-fraction-meaning","分数的意义","short-answer","Core","grade-pass-sample","approved","S18","S18 manual sample approved after checking solvability, answer alignment, accepted-answer coverage, grade/topic fit, terminology, and source-distance safety; candidate only, not public integration."
"bnu-primary-ds-v2-p5-077","P5","upper","bnu-primary-p5-upper-composite-area","组合图形的面积","fill-in","Challenge","grade-pass-sample","approved","S18","S18 manual sample approved after checking solvability, answer alignment, accepted-answer coverage, grade/topic fit, terminology, and source-distance safety; candidate only, not public integration."
"bnu-primary-ds-v2-p5-081","P5","upper","bnu-primary-p5-upper-composite-area","组合图形的面积","short-answer","Core","grade-pass-sample","approved","S18","S18 manual sample approved after checking solvability, answer alignment, accepted-answer coverage, grade/topic fit, terminology, and source-distance safety; candidate only, not public integration."
"bnu-primary-ds-v2-p5-090","P5","upper","bnu-primary-p5-upper-composite-area","组合图形的面积","short-answer","Core","grade-pass-sample","approved","S18","S18 manual sample approved after checking solvability, answer alignment, accepted-answer coverage, grade/topic fit, terminology, and source-distance safety; candidate only, not public integration."
"bnu-primary-ds-v2-p5-091","P5","upper","bnu-primary-p5-upper-probability","可能性","multiple-choice","Foundation","grade-pass-sample","approved","S18","S18 manual sample approved after checking solvability, answer alignment, accepted-answer coverage, grade/topic fit, terminology, and source-distance safety; candidate only, not public integration."
"bnu-primary-ds-v2-p5-095","P5","upper","bnu-primary-p5-upper-probability","可能性","fill-in","Challenge","grade-pass-sample","approved","S18","S18 manual sample approved after checking solvability, answer alignment, accepted-answer coverage, grade/topic fit, terminology, and source-distance safety; candidate only, not public integration."
"bnu-primary-ds-v2-p5-096","P5","upper","bnu-primary-p5-upper-probability","可能性","short-answer","Core","grade-pass-sample","approved","S18","S18 manual sample approved after checking solvability, answer alignment, accepted-answer coverage, grade/topic fit, terminology, and source-distance safety; candidate only, not public integration."
"bnu-primary-ds-v2-p5-097","P5","upper","bnu-primary-p5-upper-probability","可能性","multiple-choice","Foundation","grade-pass-sample","approved","S18","S18 manual sample approved after checking solvability, answer alignment, accepted-answer coverage, grade/topic fit, terminology, and source-distance safety; candidate only, not public integration."
"bnu-primary-ds-v2-p5-107","P5","upper","bnu-primary-p5-upper-review-activity","数学好玩与总复习","fill-in","Challenge","grade-pass-sample","approved","S18","S18 manual sample approved after checking solvability, answer alignment, accepted-answer coverage, grade/topic fit, terminology, and source-distance safety; candidate only, not public integration."
"bnu-primary-ds-v2-p5-111","P5","upper","bnu-primary-p5-upper-review-activity","数学好玩与总复习","short-answer","Core","grade-pass-sample","approved","S18","S18 manual sample approved after checking solvability, answer alignment, accepted-answer coverage, grade/topic fit, terminology, and source-distance safety; candidate only, not public integration."
"bnu-primary-ds-v2-p5-115","P5","upper","bnu-primary-p5-upper-review-activity","数学好玩与总复习","multiple-choice","Foundation","grade-pass-sample","approved","S18","S18 manual sample approved after checking solvability, answer alignment, accepted-answer coverage, grade/topic fit, terminology, and source-distance safety; candidate only, not public integration."
"bnu-primary-ds-v2-p5-118","P5","upper","bnu-primary-p5-upper-review-activity","数学好玩与总复习","multiple-choice","Foundation","grade-pass-sample","approved","S18","S18 manual sample approved after checking solvability, answer alignment, accepted-answer coverage, grade/topic fit, terminology, and source-distance safety; candidate only, not public integration."
"bnu-primary-ds-v2-p5-120","P5","upper","bnu-primary-p5-upper-review-activity","数学好玩与总复习","short-answer","Core","grade-pass-sample","approved","S18","S18 manual sample approved after checking solvability, answer alignment, accepted-answer coverage, grade/topic fit, terminology, and source-distance safety; candidate only, not public integration."
"bnu-primary-ds-v2-p5-130","P5","lower","bnu-primary-p5-lower-fraction-add-sub","分数加减法","multiple-choice","Foundation","grade-pass-sample","approved","S18","S18 manual sample approved after checking solvability, answer alignment, accepted-answer coverage, grade/topic fit, terminology, and source-distance safety; candidate only, not public integration."
"bnu-primary-ds-v2-p5-131","P5","lower","bnu-primary-p5-lower-fraction-add-sub","分数加减法","fill-in","Challenge","grade-pass-sample","approved","S18","S18 manual sample approved after checking solvability, answer alignment, accepted-answer coverage, grade/topic fit, terminology, and source-distance safety; candidate only, not public integration."
"bnu-primary-ds-v2-p5-133","P5","lower","bnu-primary-p5-lower-fraction-add-sub","分数加减法","multiple-choice","Foundation","grade-pass-sample","approved","S18","S18 manual sample approved after checking solvability, answer alignment, accepted-answer coverage, grade/topic fit, terminology, and source-distance safety; candidate only, not public integration."
"bnu-primary-ds-v2-p5-134","P5","lower","bnu-primary-p5-lower-fraction-add-sub","分数加减法","fill-in","Challenge","grade-pass-sample","approved","S18","S18 manual sample approved after checking solvability, answer alignment, accepted-answer coverage, grade/topic fit, terminology, and source-distance safety; candidate only, not public integration."
"bnu-primary-ds-v2-p5-139","P5","lower","bnu-primary-p5-lower-cuboid-introduction","长方体（一）","multiple-choice","Foundation","grade-pass-sample","approved","S18","S18 manual sample approved after checking solvability, answer alignment, accepted-answer coverage, grade/topic fit, terminology, and source-distance safety; candidate only, not public integration."
"bnu-primary-ds-v2-p5-156","P5","lower","bnu-primary-p5-lower-fraction-multiplication","分数乘法","short-answer","Foundation","grade-pass-sample","approved","S18","S18 manual sample approved after checking solvability, answer alignment, accepted-answer coverage, grade/topic fit, terminology, and source-distance safety; candidate only, not public integration."
"bnu-primary-ds-v2-p5-160","P5","lower","bnu-primary-p5-lower-fraction-multiplication","分数乘法","multiple-choice","Foundation","grade-pass-sample","approved","S18","S18 manual sample approved after checking solvability, answer alignment, accepted-answer coverage, grade/topic fit, terminology, and source-distance safety; candidate only, not public integration."
"bnu-primary-ds-v2-p5-166","P5","lower","bnu-primary-p5-lower-cuboid-volume","长方体（二）","multiple-choice","Foundation","grade-pass-sample","approved","S18","S18 manual sample approved after checking solvability, answer alignment, accepted-answer coverage, grade/topic fit, terminology, and source-distance safety; candidate only, not public integration."
"bnu-primary-ds-v2-p5-169","P5","lower","bnu-primary-p5-lower-cuboid-volume","长方体（二）","multiple-choice","Core","grade-pass-sample","approved","S18","S18 manual sample approved after checking solvability, answer alignment, accepted-answer coverage, grade/topic fit, terminology, and source-distance safety; candidate only, not public integration."
"bnu-primary-ds-v2-p5-171","P5","lower","bnu-primary-p5-lower-cuboid-volume","长方体（二）","short-answer","Core","grade-pass-sample","approved","S18","S18 manual sample approved after checking solvability, answer alignment, accepted-answer coverage, grade/topic fit, terminology, and source-distance safety; candidate only, not public integration."
"bnu-primary-ds-v2-p5-172","P5","lower","bnu-primary-p5-lower-cuboid-volume","长方体（二）","multiple-choice","Foundation","grade-pass-sample","approved","S18","S18 manual sample approved after checking solvability, answer alignment, accepted-answer coverage, grade/topic fit, terminology, and source-distance safety; candidate only, not public integration."
"bnu-primary-ds-v2-p5-179","P5","lower","bnu-primary-p5-lower-cuboid-volume","长方体（二）","fill-in","Core","grade-pass-sample","approved","S18","S18 manual sample approved after checking solvability, answer alignment, accepted-answer coverage, grade/topic fit, terminology, and source-distance safety; candidate only, not public integration."
"bnu-primary-ds-v2-p5-183","P5","lower","bnu-primary-p5-lower-fraction-division","分数除法","multiple-choice","Core","grade-pass-sample","approved","S18","S18 manual sample approved after checking solvability, answer alignment, accepted-answer coverage, grade/topic fit, terminology, and source-distance safety; candidate only, not public integration."
"bnu-primary-ds-v2-p5-186","P5","lower","bnu-primary-p5-lower-fraction-division","分数除法","fill-in","Foundation","grade-pass-sample","approved","S18","S18 manual sample approved after checking solvability, answer alignment, accepted-answer coverage, grade/topic fit, terminology, and source-distance safety; candidate only, not public integration."
"bnu-primary-ds-v2-p5-190","P5","lower","bnu-primary-p5-lower-fraction-division","分数除法","fill-in","Core","grade-pass-sample","approved","S18","S18 manual sample approved after checking solvability, answer alignment, accepted-answer coverage, grade/topic fit, terminology, and source-distance safety; candidate only, not public integration."
"bnu-primary-ds-v2-p5-191","P5","lower","bnu-primary-p5-lower-fraction-division","分数除法","multiple-choice","Core","grade-pass-sample","approved","S18","S18 manual sample approved after checking solvability, answer alignment, accepted-answer coverage, grade/topic fit, terminology, and source-distance safety; candidate only, not public integration."
"bnu-primary-ds-v2-p5-196","P5","lower","bnu-primary-p5-lower-position","确定位置","fill-in","Core","grade-pass-sample","approved","S18","S18 manual sample approved after checking solvability, answer alignment, accepted-answer coverage, grade/topic fit, terminology, and source-distance safety; candidate only, not public integration."
"bnu-primary-ds-v2-p5-198","P5","lower","bnu-primary-p5-lower-position","确定位置","fill-in","Core","grade-pass-sample","approved","S18","S18 manual sample approved after checking solvability, answer alignment, accepted-answer coverage, grade/topic fit, terminology, and source-distance safety; candidate only, not public integration."
"bnu-primary-ds-v2-p5-206","P5","lower","bnu-primary-p5-lower-position","确定位置","fill-in","Core","grade-pass-sample","approved","S18","S18 manual sample approved after checking solvability, answer alignment, accepted-answer coverage, grade/topic fit, terminology, and source-distance safety; candidate only, not public integration."
"bnu-primary-ds-v2-p5-213","P5","lower","bnu-primary-p5-lower-equations","用方程解决问题","multiple-choice","Core","grade-pass-sample","approved","S18","S18 manual sample approved after checking solvability, answer alignment, accepted-answer coverage, grade/topic fit, terminology, and source-distance safety; candidate only, not public integration."
"bnu-primary-ds-v2-p5-218","P5","lower","bnu-primary-p5-lower-equations","用方程解决问题","fill-in","Core","grade-pass-sample","approved","S18","S18 manual sample approved after checking solvability, answer alignment, accepted-answer coverage, grade/topic fit, terminology, and source-distance safety; candidate only, not public integration."
"bnu-primary-ds-v2-p5-222","P5","lower","bnu-primary-p5-lower-equations","用方程解决问题","fill-in","Core","grade-pass-sample","approved","S18","S18 manual sample approved after checking solvability, answer alignment, accepted-answer coverage, grade/topic fit, terminology, and source-distance safety; candidate only, not public integration."
"bnu-primary-ds-v2-p5-227","P5","lower","bnu-primary-p5-lower-data-analysis","数据的表示和分析","multiple-choice","Core","grade-pass-sample","approved","S18","S18 manual sample approved after checking solvability, answer alignment, accepted-answer coverage, grade/topic fit, terminology, and source-distance safety; candidate only, not public integration."
"bnu-primary-ds-v2-p5-229","P5","lower","bnu-primary-p5-lower-data-analysis","数据的表示和分析","multiple-choice","Core","grade-pass-sample","approved","S18","S18 manual sample approved after checking solvability, answer alignment, accepted-answer coverage, grade/topic fit, terminology, and source-distance safety; candidate only, not public integration."
"bnu-primary-ds-v2-p5-235","P5","lower","bnu-primary-p5-lower-data-analysis","数据的表示和分析","multiple-choice","Core","grade-pass-sample","approved","S18","S18 manual sample approved after checking solvability, answer alignment, accepted-answer coverage, grade/topic fit, terminology, and source-distance safety; candidate only, not public integration."
"bnu-primary-ds-v2-p5-242","P5","lower","bnu-primary-p5-lower-review-activity","数学好玩与总复习","multiple-choice","Core","grade-pass-sample","approved","S18","S18 manual sample approved after checking solvability, answer alignment, accepted-answer coverage, grade/topic fit, terminology, and source-distance safety; candidate only, not public integration."
"bnu-primary-ds-v2-p5-243","P5","lower","bnu-primary-p5-lower-review-activity","数学好玩与总复习","multiple-choice","Core","grade-pass-sample","approved","S18","S18 manual sample approved after checking solvability, answer alignment, accepted-answer coverage, grade/topic fit, terminology, and source-distance safety; candidate only, not public integration."
"bnu-primary-ds-v2-p6-004","P6","upper","bnu-primary-p6-upper-circles","圆","multiple-choice","Exam","grade-pass-sample","approved","S18","S18 manual sample approved after checking solvability, answer alignment, accepted-answer coverage, grade/topic fit, terminology, and source-distance safety; candidate only, not public integration."
"bnu-primary-ds-v2-p6-008","P6","upper","bnu-primary-p6-upper-circles","圆","fill-in","Exam","grade-pass-sample","approved","S18","S18 manual sample approved after checking solvability, answer alignment, accepted-answer coverage, grade/topic fit, terminology, and source-distance safety; candidate only, not public integration."
"bnu-primary-ds-v2-p6-013","P6","upper","bnu-primary-p6-upper-circles","圆","multiple-choice","Core","grade-pass-sample","approved","S18","S18 manual sample approved after checking solvability, answer alignment, accepted-answer coverage, grade/topic fit, terminology, and source-distance safety; candidate only, not public integration."
"bnu-primary-ds-v2-p6-020","P6","upper","bnu-primary-p6-upper-fraction-mixed-operations","分数混合运算","fill-in","Exam","grade-pass-sample","approved","S18","S18 manual sample approved after checking solvability, answer alignment, accepted-answer coverage, grade/topic fit, terminology, and source-distance safety; candidate only, not public integration."
"bnu-primary-ds-v2-p6-026","P6","upper","bnu-primary-p6-upper-fraction-mixed-operations","分数混合运算","fill-in","Foundation","grade-pass-sample","approved","S18","S18 manual sample approved after checking solvability, answer alignment, accepted-answer coverage, grade/topic fit, terminology, and source-distance safety; candidate only, not public integration."
"bnu-primary-ds-v2-p6-036","P6","upper","bnu-primary-p6-upper-fraction-mixed-operations","分数混合运算","short-answer","Exam","grade-pass-sample","approved","S18","S18 manual sample approved after checking solvability, answer alignment, accepted-answer coverage, grade/topic fit, terminology, and source-distance safety; candidate only, not public integration."
"bnu-primary-ds-v2-p6-049","P6","upper","bnu-primary-p6-upper-observe-objects","观察物体","multiple-choice","Core","grade-pass-sample","approved","S18","S18 manual sample approved after checking solvability, answer alignment, accepted-answer coverage, grade/topic fit, terminology, and source-distance safety; candidate only, not public integration."
"bnu-primary-ds-v2-p6-055","P6","upper","bnu-primary-p6-upper-percentage-meaning","百分数","multiple-choice","Challenge","grade-pass-sample","approved","S18","S18 manual sample approved after checking solvability, answer alignment, accepted-answer coverage, grade/topic fit, terminology, and source-distance safety; candidate only, not public integration."
"bnu-primary-ds-v2-p6-056","P6","upper","bnu-primary-p6-upper-percentage-meaning","百分数","fill-in","Exam","grade-pass-sample","approved","S18","S18 manual sample approved after checking solvability, answer alignment, accepted-answer coverage, grade/topic fit, terminology, and source-distance safety; candidate only, not public integration."
"bnu-primary-ds-v2-p6-060","P6","upper","bnu-primary-p6-upper-percentage-meaning","百分数","short-answer","Exam","grade-pass-sample","approved","S18","S18 manual sample approved after checking solvability, answer alignment, accepted-answer coverage, grade/topic fit, terminology, and source-distance safety; candidate only, not public integration."
"bnu-primary-ds-v2-p6-061","P6","upper","bnu-primary-p6-upper-percentage-meaning","百分数","multiple-choice","Core","grade-pass-sample","approved","S18","S18 manual sample approved after checking solvability, answer alignment, accepted-answer coverage, grade/topic fit, terminology, and source-distance safety; candidate only, not public integration."
"bnu-primary-ds-v2-p6-070","P6","upper","bnu-primary-p6-upper-percentage-meaning","百分数","multiple-choice","Foundation","grade-pass-sample","approved","S18","S18 manual sample approved after checking solvability, answer alignment, accepted-answer coverage, grade/topic fit, terminology, and source-distance safety; candidate only, not public integration."
"bnu-primary-ds-v2-p6-071","P6","upper","bnu-primary-p6-upper-percentage-meaning","百分数","fill-in","Challenge","grade-pass-sample","approved","S18","S18 manual sample approved after checking solvability, answer alignment, accepted-answer coverage, grade/topic fit, terminology, and source-distance safety; candidate only, not public integration."
"bnu-primary-ds-v2-p6-074","P6","upper","bnu-primary-p6-upper-data-processing","数据处理","fill-in","Challenge","grade-pass-sample","approved","S18","S18 manual sample approved after checking solvability, answer alignment, accepted-answer coverage, grade/topic fit, terminology, and source-distance safety; candidate only, not public integration."
"bnu-primary-ds-v2-p6-079","P6","upper","bnu-primary-p6-upper-data-processing","数据处理","multiple-choice","Foundation","grade-pass-sample","approved","S18","S18 manual sample approved after checking solvability, answer alignment, accepted-answer coverage, grade/topic fit, terminology, and source-distance safety; candidate only, not public integration."
"bnu-primary-ds-v2-p6-080","P6","upper","bnu-primary-p6-upper-data-processing","数据处理","fill-in","Challenge","grade-pass-sample","approved","S18","S18 manual sample approved after checking solvability, answer alignment, accepted-answer coverage, grade/topic fit, terminology, and source-distance safety; candidate only, not public integration."
"bnu-primary-ds-v2-p6-081","P6","upper","bnu-primary-p6-upper-data-processing","数据处理","short-answer","Core","grade-pass-sample","approved","S18","S18 manual sample approved after checking solvability, answer alignment, accepted-answer coverage, grade/topic fit, terminology, and source-distance safety; candidate only, not public integration."
"bnu-primary-ds-v2-p6-083","P6","upper","bnu-primary-p6-upper-data-processing","数据处理","fill-in","Challenge","grade-pass-sample","approved","S18","S18 manual sample approved after checking solvability, answer alignment, accepted-answer coverage, grade/topic fit, terminology, and source-distance safety; candidate only, not public integration."
"bnu-primary-ds-v2-p6-090","P6","upper","bnu-primary-p6-upper-data-processing","数据处理","short-answer","Core","grade-pass-sample","approved","S18","S18 manual sample approved after checking solvability, answer alignment, accepted-answer coverage, grade/topic fit, terminology, and source-distance safety; candidate only, not public integration."
"bnu-primary-ds-v2-p6-093","P6","upper","bnu-primary-p6-upper-ratio","比的认识","short-answer","Core","grade-pass-sample","approved","S18","S18 manual sample approved after checking solvability, answer alignment, accepted-answer coverage, grade/topic fit, terminology, and source-distance safety; candidate only, not public integration."
"bnu-primary-ds-v2-p6-094","P6","upper","bnu-primary-p6-upper-ratio","比的认识","multiple-choice","Foundation","grade-pass-sample","approved","S18","S18 manual sample approved after checking solvability, answer alignment, accepted-answer coverage, grade/topic fit, terminology, and source-distance safety; candidate only, not public integration."
"bnu-primary-ds-v2-p6-095","P6","upper","bnu-primary-p6-upper-ratio","比的认识","fill-in","Challenge","grade-pass-sample","approved","S18","S18 manual sample approved after checking solvability, answer alignment, accepted-answer coverage, grade/topic fit, terminology, and source-distance safety; candidate only, not public integration."
"bnu-primary-ds-v2-p6-098","P6","upper","bnu-primary-p6-upper-ratio","比的认识","fill-in","Challenge","grade-pass-sample","approved","S18","S18 manual sample approved after checking solvability, answer alignment, accepted-answer coverage, grade/topic fit, terminology, and source-distance safety; candidate only, not public integration."
"bnu-primary-ds-v2-p6-101","P6","upper","bnu-primary-p6-upper-ratio","比的认识","fill-in","Challenge","grade-pass-sample","approved","S18","S18 manual sample approved after checking solvability, answer alignment, accepted-answer coverage, grade/topic fit, terminology, and source-distance safety; candidate only, not public integration."
"bnu-primary-ds-v2-p6-103","P6","upper","bnu-primary-p6-upper-ratio","比的认识","multiple-choice","Foundation","grade-pass-sample","approved","S18","S18 manual sample approved after checking solvability, answer alignment, accepted-answer coverage, grade/topic fit, terminology, and source-distance safety; candidate only, not public integration."
"bnu-primary-ds-v2-p6-105","P6","upper","bnu-primary-p6-upper-ratio","比的认识","short-answer","Core","grade-pass-sample","approved","S18","S18 manual sample approved after checking solvability, answer alignment, accepted-answer coverage, grade/topic fit, terminology, and source-distance safety; candidate only, not public integration."
"bnu-primary-ds-v2-p6-106","P6","upper","bnu-primary-p6-upper-ratio","比的认识","multiple-choice","Foundation","grade-pass-sample","approved","S18","S18 manual sample approved after checking solvability, answer alignment, accepted-answer coverage, grade/topic fit, terminology, and source-distance safety; candidate only, not public integration."
"bnu-primary-ds-v2-p6-107","P6","upper","bnu-primary-p6-upper-ratio","比的认识","fill-in","Challenge","grade-pass-sample","approved","S18","S18 manual sample approved after checking solvability, answer alignment, accepted-answer coverage, grade/topic fit, terminology, and source-distance safety; candidate only, not public integration."
"bnu-primary-ds-v2-p6-116","P6","upper","bnu-primary-p6-upper-percentage-applications","百分数的应用","fill-in","Challenge","grade-pass-sample","approved","S18","S18 manual sample approved after checking solvability, answer alignment, accepted-answer coverage, grade/topic fit, terminology, and source-distance safety; candidate only, not public integration."
"bnu-primary-ds-v2-p6-117","P6","upper","bnu-primary-p6-upper-percentage-applications","百分数的应用","short-answer","Core","grade-pass-sample","approved","S18","S18 manual sample approved after checking solvability, answer alignment, accepted-answer coverage, grade/topic fit, terminology, and source-distance safety; candidate only, not public integration."
"bnu-primary-ds-v2-p6-118","P6","upper","bnu-primary-p6-upper-percentage-applications","百分数的应用","multiple-choice","Foundation","grade-pass-sample","approved","S18","S18 manual sample approved after checking solvability, answer alignment, accepted-answer coverage, grade/topic fit, terminology, and source-distance safety; candidate only, not public integration."
"bnu-primary-ds-v2-p6-124","P6","upper","bnu-primary-p6-upper-percentage-applications","百分数的应用","multiple-choice","Foundation","grade-pass-sample","approved","S18","S18 manual sample approved after checking solvability, answer alignment, accepted-answer coverage, grade/topic fit, terminology, and source-distance safety; candidate only, not public integration."
"bnu-primary-ds-v2-p6-135","P6","upper","bnu-primary-p6-upper-review-activity","数学好玩与总复习","short-answer","Core","grade-pass-sample","approved","S18","S18 manual sample approved after checking solvability, answer alignment, accepted-answer coverage, grade/topic fit, terminology, and source-distance safety; candidate only, not public integration."
"bnu-primary-ds-v2-p6-140","P6","upper","bnu-primary-p6-upper-review-activity","数学好玩与总复习","fill-in","Challenge","grade-pass-sample","approved","S18","S18 manual sample approved after checking solvability, answer alignment, accepted-answer coverage, grade/topic fit, terminology, and source-distance safety; candidate only, not public integration."
"bnu-primary-ds-v2-p6-143","P6","upper","bnu-primary-p6-upper-review-activity","数学好玩与总复习","fill-in","Challenge","grade-pass-sample","approved","S18","S18 manual sample approved after checking solvability, answer alignment, accepted-answer coverage, grade/topic fit, terminology, and source-distance safety; candidate only, not public integration."
"bnu-primary-ds-v2-p6-147","P6","lower","bnu-primary-p6-lower-cylinders-cones","圆柱与圆锥","short-answer","Core","grade-pass-sample","approved","S18","S18 manual sample approved after checking solvability, answer alignment, accepted-answer coverage, grade/topic fit, terminology, and source-distance safety; candidate only, not public integration."
"bnu-primary-ds-v2-p6-157","P6","lower","bnu-primary-p6-lower-cylinders-cones","圆柱与圆锥","multiple-choice","Core","grade-pass-sample","approved","S18","S18 manual sample approved after checking solvability, answer alignment, accepted-answer coverage, grade/topic fit, terminology, and source-distance safety; candidate only, not public integration."
"bnu-primary-ds-v2-p6-168","P6","lower","bnu-primary-p6-lower-proportion","比例","short-answer","Foundation","grade-pass-sample","approved","S18","S18 manual sample approved after checking solvability, answer alignment, accepted-answer coverage, grade/topic fit, terminology, and source-distance safety; candidate only, not public integration."
"bnu-primary-ds-v2-p6-173","P6","lower","bnu-primary-p6-lower-proportion","比例","fill-in","Core","grade-pass-sample","approved","S18","S18 manual sample approved after checking solvability, answer alignment, accepted-answer coverage, grade/topic fit, terminology, and source-distance safety; candidate only, not public integration."
"bnu-primary-ds-v2-p6-178","P6","lower","bnu-primary-p6-lower-proportion","比例","multiple-choice","Foundation","grade-pass-sample","approved","S18","S18 manual sample approved after checking solvability, answer alignment, accepted-answer coverage, grade/topic fit, terminology, and source-distance safety; candidate only, not public integration."
"bnu-primary-ds-v2-p6-184","P6","lower","bnu-primary-p6-lower-geometric-motion","图形的运动","fill-in","Foundation","grade-pass-sample","approved","S18","S18 manual sample approved after checking solvability, answer alignment, accepted-answer coverage, grade/topic fit, terminology, and source-distance safety; candidate only, not public integration."
"bnu-primary-ds-v2-p6-196","P6","lower","bnu-primary-p6-lower-geometric-motion","图形的运动","fill-in","Core","grade-pass-sample","approved","S18","S18 manual sample approved after checking solvability, answer alignment, accepted-answer coverage, grade/topic fit, terminology, and source-distance safety; candidate only, not public integration."
"bnu-primary-ds-v2-p6-200","P6","lower","bnu-primary-p6-lower-direct-inverse-proportion","正比例与反比例","fill-in","Core","grade-pass-sample","approved","S18","S18 manual sample approved after checking solvability, answer alignment, accepted-answer coverage, grade/topic fit, terminology, and source-distance safety; candidate only, not public integration."
"bnu-primary-ds-v2-p6-203","P6","lower","bnu-primary-p6-lower-direct-inverse-proportion","正比例与反比例","multiple-choice","Core","grade-pass-sample","approved","S18","S18 manual sample approved after checking solvability, answer alignment, accepted-answer coverage, grade/topic fit, terminology, and source-distance safety; candidate only, not public integration."
"bnu-primary-ds-v2-p6-211","P6","lower","bnu-primary-p6-lower-direct-inverse-proportion","正比例与反比例","multiple-choice","Core","grade-pass-sample","approved","S18","S18 manual sample approved after checking solvability, answer alignment, accepted-answer coverage, grade/topic fit, terminology, and source-distance safety; candidate only, not public integration."
"bnu-primary-ds-v2-p6-213","P6","lower","bnu-primary-p6-lower-direct-inverse-proportion","正比例与反比例","multiple-choice","Core","grade-pass-sample","approved","S18","S18 manual sample approved after checking solvability, answer alignment, accepted-answer coverage, grade/topic fit, terminology, and source-distance safety; candidate only, not public integration."
"bnu-primary-ds-v2-p6-226","P6","lower","bnu-primary-p6-lower-math-play","数学好玩","fill-in","Core","grade-pass-sample","approved","S18","S18 manual sample approved after checking solvability, answer alignment, accepted-answer coverage, grade/topic fit, terminology, and source-distance safety; candidate only, not public integration."
"bnu-primary-ds-v2-p6-231","P6","lower","bnu-primary-p6-lower-math-play","数学好玩","multiple-choice","Core","grade-pass-sample","approved","S18","S18 manual sample approved after checking solvability, answer alignment, accepted-answer coverage, grade/topic fit, terminology, and source-distance safety; candidate only, not public integration."
"bnu-primary-ds-v2-p6-233","P6","lower","bnu-primary-p6-lower-math-play","数学好玩","multiple-choice","Core","grade-pass-sample","approved","S18","S18 manual sample approved after checking solvability, answer alignment, accepted-answer coverage, grade/topic fit, terminology, and source-distance safety; candidate only, not public integration."
"bnu-primary-ds-v2-p6-247","P6","lower","bnu-primary-p6-lower-final-review","整理与总复习","multiple-choice","Core","grade-pass-sample","approved","S18","S18 manual sample approved after checking solvability, answer alignment, accepted-answer coverage, grade/topic fit, terminology, and source-distance safety; candidate only, not public integration."
