"questionId","grade","semester","topicId","unitTitle","type","difficulty","answer","acceptedAnswers","qaStatus","severity","issueCodes","issueDetails","recommendedAction"
"bnu-primary-ds-v2-p1-001","P1","upper","bnu-primary-p1-upper-life-number-sense","生活中的数","multiple-choice","Foundation","对，因为她用手指点着数，最后一个数是6，所以是6个。","对，因为她用手指点着数，最后一个数是6，所以是6个。","pass","none","","","Passed structural gate; include in S18 pass-sample review."
"bnu-primary-ds-v2-p1-002","P1","upper","bnu-primary-p1-upper-life-number-sense","生活中的数","fill-in","Core","5","5","pass","none","","","Passed structural gate; include in S18 pass-sample review."
"bnu-primary-ds-v2-p1-003","P1","upper","bnu-primary-p1-upper-life-number-sense","生活中的数","short-answer","Challenge","小明可能没有一一对应，或者重复数了某一颗糖果，或者数得太快漏掉了。","小明可能没有一一对应，或者重复数了某一颗糖果，或者数得太快漏掉了。","pass","none","","","Passed structural gate; include in S18 pass-sample review."
"bnu-primary-ds-v2-p1-004","P1","upper","bnu-primary-p1-upper-life-number-sense","生活中的数","multiple-choice","Exam","小红一次也没有跳，所以用0表示。","小红一次也没有跳，所以用0表示。","pass","none","","","Passed structural gate; include in S18 pass-sample review."
"bnu-primary-ds-v2-p1-005","P1","upper","bnu-primary-p1-upper-life-number-sense","生活中的数","fill-in","Foundation","4","4","pass","none","","","Passed structural gate; include in S18 pass-sample review."
"bnu-primary-ds-v2-p1-006","P1","upper","bnu-primary-p1-upper-life-number-sense","生活中的数","short-answer","Core","蓝色积木最多，黄色积木最少。因为5>3>0，所以蓝色最多，黄色是0表示没有，所以最少。","蓝色积木最多，黄色积木最少。因为5>3>0，所以蓝色最多，黄色是0表示没有，所以最少。","pass","none","","","Passed structural gate; include in S18 pass-sample review."
"bnu-primary-ds-v2-p1-007","P1","upper","bnu-primary-p1-upper-life-number-sense","生活中的数","multiple-choice","Challenge","小象排在小猴的后面。","小象排在小猴的后面。","pass","none","","","Passed structural gate; include in S18 pass-sample review."
"bnu-primary-ds-v2-p1-008","P1","upper","bnu-primary-p1-upper-life-number-sense","生活中的数","fill-in","Exam","3,6","3,6 | 3，6","pass","none","","","Passed structural gate; include in S18 pass-sample review."
"bnu-primary-ds-v2-p1-009","P1","upper","bnu-primary-p1-upper-life-number-sense","生活中的数","short-answer","Foundation","0可以表示一个也没有。比如，盘子里一个苹果都没有，就用0表示。","0可以表示一个也没有。比如，盘子里一个苹果都没有，就用0表示。","pass","none","","","Passed structural gate; include in S18 pass-sample review."
"bnu-primary-ds-v2-p1-010","P1","upper","bnu-primary-p1-upper-life-number-sense","生活中的数","multiple-choice","Core","0，2，4，6","0，2，4，6","pass","none","","","Passed structural gate; include in S18 pass-sample review."
"bnu-primary-ds-v2-p1-011","P1","upper","bnu-primary-p1-upper-life-number-sense","生活中的数","fill-in","Challenge","7","7 | 7只","pass","none","","","Passed structural gate; include in S18 pass-sample review."
"bnu-primary-ds-v2-p1-012","P1","upper","bnu-primary-p1-upper-life-number-sense","生活中的数","short-answer","Exam","3","3 | 3个 | 8-5=3 | 8-3=5","pass","none","","","Passed structural gate; include in S18 pass-sample review."
"bnu-primary-ds-v2-p1-013","P1","upper","bnu-primary-p1-upper-life-number-sense","生活中的数","multiple-choice","Foundation","鱼缸里一条鱼也没有","鱼缸里一条鱼也没有","pass","none","","","Passed structural gate; include in S18 pass-sample review."
"bnu-primary-ds-v2-p1-014","P1","upper","bnu-primary-p1-upper-life-number-sense","生活中的数","fill-in","Core","5,4,1","5,4,1 | 5 4 1","pass","none","","","Passed structural gate; include in S18 pass-sample review."
"bnu-primary-ds-v2-p1-015","P1","upper","bnu-primary-p1-upper-life-number-sense","生活中的数","short-answer","Challenge","0,2,4,6,8,10","0,2,4,6,8,10 | 0 2 4 6 8 10 | 0<2<4<6<8<10","pass","none","","","Passed structural gate; include in S18 pass-sample review."
"bnu-primary-ds-v2-p1-016","P1","upper","bnu-primary-p1-upper-life-number-sense","生活中的数","multiple-choice","Exam","小红的铅笔比小明多2支","小红的铅笔比小明多2支","pass","none","","","Passed structural gate; include in S18 pass-sample review."
"bnu-primary-ds-v2-p1-017","P1","upper","bnu-primary-p1-upper-comparison","比较","fill-in","Foundation","长","长","pass","none","","","Passed structural gate; include in S18 pass-sample review."
"bnu-primary-ds-v2-p1-018","P1","upper","bnu-primary-p1-upper-comparison","比较","short-answer","Core","两堆苹果同样多","两堆苹果同样多 | 同样多 | 一样多","pass","none","","","Passed structural gate; include in S18 pass-sample review."
"bnu-primary-ds-v2-p1-019","P1","upper","bnu-primary-p1-upper-comparison","比较","multiple-choice","Challenge","两个同样大小的盒子，一个装满积木，一个装少量积木，装满的盒子更重","两个同样大小的盒子，一个装满积木，一个装少量积木，装满的盒子更重","pass","none","","","Passed structural gate; include in S18 pass-sample review."
"bnu-primary-ds-v2-p1-020","P1","upper","bnu-primary-p1-upper-comparison","比较","fill-in","Exam","小红，小刚，小丽","小红，小刚，小丽 | 小红 小刚 小丽","pass","none","","","Passed structural gate; include in S18 pass-sample review."
"bnu-primary-ds-v2-p1-021","P1","upper","bnu-primary-p1-upper-comparison","比较","short-answer","Foundation","篮子里的苹果多，多2个。","篮子里的苹果多，多2个。 | 篮子多，多2个。 | 篮子里的苹果多，多2个 | 篮子多，多2个","pass","none","","","Passed structural gate; include in S18 pass-sample review."
"bnu-primary-ds-v2-p1-022","P1","upper","bnu-primary-p1-upper-comparison","比较","multiple-choice","Core","小明的铅笔比小红的多。","小明的铅笔比小红的多。","pass","none","","","Passed structural gate; include in S18 pass-sample review."
"bnu-primary-ds-v2-p1-023","P1","upper","bnu-primary-p1-upper-comparison","比较","fill-in","Challenge","蓝色绳子更长，长2根小木棍的长度。","蓝色绳子更长，长2根小木棍的长度。 | 蓝色绳子长，长2根。 | 蓝色绳子更长，长2根小木棍的长度 | 蓝色绳子长，长2根","pass","none","","","Passed structural gate; include in S18 pass-sample review."
"bnu-primary-ds-v2-p1-024","P1","upper","bnu-primary-p1-upper-comparison","比较","short-answer","Foundation","一样多。","一样多。 | 一样多","pass","none","","","Passed structural gate; include in S18 pass-sample review."
"bnu-primary-ds-v2-p1-025","P1","upper","bnu-primary-p1-upper-comparison","比较","multiple-choice","Core","大树比小树高。","大树比小树高。","pass","none","","","Passed structural gate; include in S18 pass-sample review."
"bnu-primary-ds-v2-p1-026","P1","upper","bnu-primary-p1-upper-comparison","比较","fill-in","Challenge","右边重。","右边重。 | 右边重","pass","none","","","Passed structural gate; include in S18 pass-sample review."
"bnu-primary-ds-v2-p1-027","P1","upper","bnu-primary-p1-upper-comparison","比较","short-answer","Foundation","杯子多，多4个。","杯子多，多4个。 | 杯子多，多4个","pass","none","","","Passed structural gate; include in S18 pass-sample review."
"bnu-primary-ds-v2-p1-028","P1","upper","bnu-primary-p1-upper-comparison","比较","multiple-choice","Core","小丽跳得比小刚多。","小丽跳得比小刚多。","pass","none","","","Passed structural gate; include in S18 pass-sample review."
"bnu-primary-ds-v2-p1-029","P1","upper","bnu-primary-p1-upper-comparison","比较","fill-in","Challenge","第二盒多，多3块。","第二盒多，多3块。 | 第二盒多，多3块","pass","none","","","Passed structural gate; include in S18 pass-sample review."
"bnu-primary-ds-v2-p1-030","P1","upper","bnu-primary-p1-upper-comparison","比较","short-answer","Foundation","岸上的鸭子少，少5只。","岸上的鸭子少，少5只。 | 岸上少，少5只。 | 岸上的鸭子少，少5只 | 岸上少，少5只","pass","none","","","Passed structural gate; include in S18 pass-sample review."
"bnu-primary-ds-v2-p1-031","P1","upper","bnu-primary-p1-upper-comparison","比较","multiple-choice","Core","绿苹果比红苹果多","绿苹果比红苹果多","pass","none","","","Passed structural gate; include in S18 pass-sample review."
"bnu-primary-ds-v2-p1-032","P1","upper","bnu-primary-p1-upper-comparison","比较","fill-in","Challenge","2","2 | 两","pass","none","","","Passed structural gate; include in S18 pass-sample review."
"bnu-primary-ds-v2-p1-033","P1","upper","bnu-primary-p1-upper-within-10-add-sub","加与减（一）","short-answer","Foundation","2+3=5","2+3=5 | 3+2=5","pass","none","","","Passed structural gate; include in S18 pass-sample review."
"bnu-primary-ds-v2-p1-034","P1","upper","bnu-primary-p1-upper-within-10-add-sub","加与减（一）","multiple-choice","Core","7-2=5","7-2=5","pass","none","","","Passed structural gate; include in S18 pass-sample review."
"bnu-primary-ds-v2-p1-035","P1","upper","bnu-primary-p1-upper-within-10-add-sub","加与减（一）","fill-in","Challenge","3","3 | 三","pass","none","","","Passed structural gate; include in S18 pass-sample review."
"bnu-primary-ds-v2-p1-036","P1","upper","bnu-primary-p1-upper-within-10-add-sub","加与减（一）","short-answer","Foundation","4+1=5","4+1=5 | 1+4=5","pass","none","","","Passed structural gate; include in S18 pass-sample review."
"bnu-primary-ds-v2-p1-037","P1","upper","bnu-primary-p1-upper-within-10-add-sub","加与减（一）","multiple-choice","Core","6-2=4","6-2=4","pass","none","","","Passed structural gate; include in S18 pass-sample review."
"bnu-primary-ds-v2-p1-038","P1","upper","bnu-primary-p1-upper-within-10-add-sub","加与减（一）","fill-in","Challenge","7","7 | 七","pass","none","","","Passed structural gate; include in S18 pass-sample review."
"bnu-primary-ds-v2-p1-039","P1","upper","bnu-primary-p1-upper-within-10-add-sub","加与减（一）","short-answer","Foundation","3+2=5","3+2=5 | 2+3=5","pass","none","","","Passed structural gate; include in S18 pass-sample review."
"bnu-primary-ds-v2-p1-040","P1","upper","bnu-primary-p1-upper-within-10-add-sub","加与减（一）","multiple-choice","Core","8-3=5","8-3=5","pass","none","","","Passed structural gate; include in S18 pass-sample review."
"bnu-primary-ds-v2-p1-041","P1","upper","bnu-primary-p1-upper-within-10-add-sub","加与减（一）","fill-in","Challenge","7-3=4，4","7-3=4，4 | 7-3=4,4 | 7-3=4 4","pass","none","","","Passed structural gate; include in S18 pass-sample review."
"bnu-primary-ds-v2-p1-042","P1","upper","bnu-primary-p1-upper-within-10-add-sub","加与减（一）","short-answer","Foundation","3+2=5","3+2=5 | 3+2=5（只） | 3+2=5只","pass","none","","","Passed structural gate; include in S18 pass-sample review."
"bnu-primary-ds-v2-p1-043","P1","upper","bnu-primary-p1-upper-within-10-add-sub","加与减（一）","multiple-choice","Core","8-5=3","8-5=3","pass","none","","","Passed structural gate; include in S18 pass-sample review."
"bnu-primary-ds-v2-p1-044","P1","upper","bnu-primary-p1-upper-within-10-add-sub","加与减（一）","fill-in","Challenge","9-2=7，7","9-2=7，7 | 9-2=7,7 | 9-2=7 7","pass","none","","","Passed structural gate; include in S18 pass-sample review."
"bnu-primary-ds-v2-p1-045","P1","upper","bnu-primary-p1-upper-within-10-add-sub","加与减（一）","short-answer","Foundation","6-2=4","6-2=4 | 6-2=4（只） | 6-2=4只","pass","none","","","Passed structural gate; include in S18 pass-sample review."
"bnu-primary-ds-v2-p1-046","P1","upper","bnu-primary-p1-upper-within-10-add-sub","加与减（一）","multiple-choice","Core","4+3=7","4+3=7","pass","none","","","Passed structural gate; include in S18 pass-sample review."
"bnu-primary-ds-v2-p1-047","P1","upper","bnu-primary-p1-upper-within-10-add-sub","加与减（一）","fill-in","Challenge","8-5=3，3","8-5=3，3 | 8-5=3,3 | 8-5=3 3","pass","none","","","Passed structural gate; include in S18 pass-sample review."
"bnu-primary-ds-v2-p1-048","P1","upper","bnu-primary-p1-upper-within-10-add-sub","加与减（一）","short-answer","Foundation","4+2=6","4+2=6 | 4+2=6（个） | 4+2=6个","pass","none","","","Passed structural gate; include in S18 pass-sample review."
"bnu-primary-ds-v2-p1-049","P1","upper","bnu-primary-p1-upper-classification","分类","multiple-choice","Core","水果：苹果、香蕉、橘子；文具：铅笔、橡皮、尺子","水果：苹果、香蕉、橘子；文具：铅笔、橡皮、尺子","pass","none","","","Passed structural gate; include in S18 pass-sample review."
"bnu-primary-ds-v2-p1-050","P1","upper","bnu-primary-p1-upper-classification","分类","fill-in","Challenge","水里游的，3，天上飞的，3","水里游的，3，天上飞的，3 | 水生动物，3，飞行动物，3 | 鱼类，3，鸟类，3","pass","none","","","Passed structural gate; include in S18 pass-sample review."
"bnu-primary-ds-v2-p1-051","P1","upper","bnu-primary-p1-upper-classification","分类","short-answer","Foundation","按颜色分：红色物品有3个，青色物品有3个。按种类分：苹果有2个，气球有2个，积木有2个。两种分法都是对的，因为分类标准不同，结果也不同，但都把所有物品分完了。","按颜色分：红色物品有3个，青色物品有3个。按种类分：苹果有2个，气球有2个，积木有2个。两种分法都是对的，因为分类标准不同，结果也不同，但都把所有物品分完了。 | 红色物品3个，青色物品3个；苹果2个，气球2个，积木2个。两种都对，因为分类标准不一样。 | 按颜色：红色3个，青色3个。按种类：苹果2个，气球2个，积木2个。都对，因为分的标准不同。","pass","none","","","Passed structural gate; include in S18 pass-sample review."
"bnu-primary-ds-v2-p1-052","P1","upper","bnu-primary-p1-upper-classification","分类","multiple-choice","Core","苹果和草莓是红色，香蕉是黄色，橘子是橙色，西瓜是绿色，葡萄是紫色","苹果和草莓是红色，香蕉是黄色，橘子是橙色，西瓜是绿色，葡萄是紫色","pass","none","","","Passed structural gate; include in S18 pass-sample review."
"bnu-primary-ds-v2-p1-053","P1","upper","bnu-primary-p1-upper-classification","分类","fill-in","Challenge","2,3","2,3 | 2，3","pass","none","","","Passed structural gate; include in S18 pass-sample review."
"bnu-primary-ds-v2-p1-054","P1","upper","bnu-primary-p1-upper-classification","分类","short-answer","Foundation","按是不是水果分类","按是不是水果分类 | 按水果和文具分类 | 第一类是水果，第二类是文具 | 水果和不是水果 | 水果和文具 | 按水果和不是水果分类","pass","none","","","Passed structural gate; include in S18 pass-sample review."
"bnu-primary-ds-v2-p1-055","P1","upper","bnu-primary-p1-upper-classification","分类","multiple-choice","Core","水果：苹果、香蕉、橘子；文具：铅笔、橡皮、尺子","水果：苹果、香蕉、橘子；文具：铅笔、橡皮、尺子","pass","none","","","Passed structural gate; include in S18 pass-sample review."
"bnu-primary-ds-v2-p1-056","P1","upper","bnu-primary-p1-upper-classification","分类","fill-in","Challenge","按形状分类，三角形一类，圆形一类。","按形状分类，三角形一类，圆形一类。 | 按形状分，三角形一类，圆形一类。 | 按形状分类，三角形和圆形分开。 | 按形状分，三角形和圆形分开。 | 按形状分类 | 按形状分 | 按形状分类，三角形一类，圆形一类 | 按形状分，三角形一类，圆形一类 | 按形状分类，三角形和圆形分开 | 按形状分，三角形和圆形分开","pass","none","","","Passed structural gate; include in S18 pass-sample review."
"bnu-primary-ds-v2-p1-057","P1","upper","bnu-primary-p1-upper-classification","分类","short-answer","Foundation","按颜色分，可以分成四类：红色有苹果、草莓；黄色有香蕉；橙色有橘子；紫色有葡萄。","按颜色分，可以分成四类：红色有苹果、草莓；黄色有香蕉；橙色有橘子；紫色有葡萄。 | 红色：苹果、草莓；黄色：香蕉；橙色：橘子；紫色：葡萄。 | 分成四类：苹果和草莓，香蕉，橘子，葡萄。","pass","none","","","Passed structural gate; include in S18 pass-sample review."
"bnu-primary-ds-v2-p1-058","P1","upper","bnu-primary-p1-upper-classification","分类","multiple-choice","Core","3类","3类","pass","none","","","Passed structural gate; include in S18 pass-sample review."
"bnu-primary-ds-v2-p1-059","P1","upper","bnu-primary-p1-upper-classification","分类","fill-in","Challenge","颜色","颜色 | 按颜色","pass","none","","","Passed structural gate; include in S18 pass-sample review."
"bnu-primary-ds-v2-p1-060","P1","upper","bnu-primary-p1-upper-classification","分类","short-answer","Foundation","按颜色分：红色——苹果、草莓；黄色——香蕉；橙色——橘子；紫色——紫葡萄。","按颜色分：红色——苹果、草莓；黄色——香蕉；橙色——橘子；紫色——紫葡萄。 | 红色：苹果、草莓；黄色：香蕉；橙色：橘子；紫色：紫葡萄。 | 按颜色分类：红色有苹果和草莓，黄色有香蕉，橙色有橘子，紫色有紫葡萄。","pass","none","","","Passed structural gate; include in S18 pass-sample review."
"bnu-primary-ds-v2-p1-061","P1","upper","bnu-primary-p1-upper-classification","分类","multiple-choice","Core","按是不是水果分","按是不是水果分","pass","none","","","Passed structural gate; include in S18 pass-sample review."
"bnu-primary-ds-v2-p1-062","P1","upper","bnu-primary-p1-upper-classification","分类","fill-in","Challenge","会飞的：小鸟；不会飞的：小猫、小狗、金鱼、小兔","会飞的：小鸟；不会飞的：小猫、小狗、金鱼、小兔 | 会飞：小鸟；不会飞：小猫、小狗、金鱼、小兔","pass","none","","","Passed structural gate; include in S18 pass-sample review."
"bnu-primary-ds-v2-p1-063","P1","upper","bnu-primary-p1-upper-classification","分类","short-answer","Foundation","2个","2个 | 2","pass","none","","","Passed structural gate; include in S18 pass-sample review."
"bnu-primary-ds-v2-p1-064","P1","upper","bnu-primary-p1-upper-classification","分类","multiple-choice","Core","正方形、三角形、圆形","正方形、三角形、圆形","pass","none","","","Passed structural gate; include in S18 pass-sample review."
"bnu-primary-ds-v2-p1-065","P1","upper","bnu-primary-p1-upper-position-order","位置与顺序","fill-in","Challenge","从前往后数排第5，从后往前数排第1","从前往后数排第5，从后往前数排第1 | 5,1 | 5，1","pass","none","","","Passed structural gate; include in S18 pass-sample review."
"bnu-primary-ds-v2-p1-066","P1","upper","bnu-primary-p1-upper-position-order","位置与顺序","short-answer","Foundation","前面","前面","pass","none","","","Passed structural gate; include in S18 pass-sample review."
"bnu-primary-ds-v2-p1-067","P1","upper","bnu-primary-p1-upper-position-order","位置与顺序","multiple-choice","Core","西","西","pass","none","","","Passed structural gate; include in S18 pass-sample review."
"bnu-primary-ds-v2-p1-068","P1","upper","bnu-primary-p1-upper-position-order","位置与顺序","fill-in","Foundation","第二层","第二层 | 2","pass","none","","","Passed structural gate; include in S18 pass-sample review."
"bnu-primary-ds-v2-p1-069","P1","upper","bnu-primary-p1-upper-position-order","位置与顺序","short-answer","Core","小兔、小猫、小乌龟","小兔、小猫、小乌龟","pass","none","","","Passed structural gate; include in S18 pass-sample review."
"bnu-primary-ds-v2-p1-070","P1","upper","bnu-primary-p1-upper-position-order","位置与顺序","multiple-choice","Foundation","右手","右手","pass","none","","","Passed structural gate; include in S18 pass-sample review."
"bnu-primary-ds-v2-p1-071","P1","upper","bnu-primary-p1-upper-position-order","位置与顺序","fill-in","Core","7","7 | 7只","pass","none","","","Passed structural gate; include in S18 pass-sample review."
"bnu-primary-ds-v2-p1-072","P1","upper","bnu-primary-p1-upper-position-order","位置与顺序","short-answer","Foundation","后面","后面 | 后 | 他的后面","pass","none","","","Passed structural gate; include in S18 pass-sample review."
"bnu-primary-ds-v2-p1-073","P1","upper","bnu-primary-p1-upper-position-order","位置与顺序","multiple-choice","Core","第2层","第2层","pass","none","","","Passed structural gate; include in S18 pass-sample review."
"bnu-primary-ds-v2-p1-074","P1","upper","bnu-primary-p1-upper-position-order","位置与顺序","fill-in","Foundation","左边","左边 | 左","pass","none","","","Passed structural gate; include in S18 pass-sample review."
"bnu-primary-ds-v2-p1-075","P1","upper","bnu-primary-p1-upper-position-order","位置与顺序","short-answer","Core","4+6-1=9（个）","4+6-1=9（个） | 4+6-1=9 | 9 | 9个","pass","none","","","Passed structural gate; include in S18 pass-sample review."
"bnu-primary-ds-v2-p1-076","P1","upper","bnu-primary-p1-upper-position-order","位置与顺序","multiple-choice","Foundation","3米","3米","pass","none","","","Passed structural gate; include in S18 pass-sample review."
"bnu-primary-ds-v2-p1-077","P1","upper","bnu-primary-p1-upper-position-order","位置与顺序","fill-in","Core","7","7 | 7盆","pass","none","","","Passed structural gate; include in S18 pass-sample review."
"bnu-primary-ds-v2-p1-078","P1","upper","bnu-primary-p1-upper-position-order","位置与顺序","short-answer","Foundation","左边","左边 | 左","pass","none","","","Passed structural gate; include in S18 pass-sample review."
"bnu-primary-ds-v2-p1-079","P1","upper","bnu-primary-p1-upper-position-order","位置与顺序","multiple-choice","Core","8人","8人","pass","none","","","Passed structural gate; include in S18 pass-sample review."
"bnu-primary-ds-v2-p1-080","P1","upper","bnu-primary-p1-upper-position-order","位置与顺序","fill-in","Foundation","7","7 | 7只","pass","none","","","Passed structural gate; include in S18 pass-sample review."
"bnu-primary-ds-v2-p1-081","P1","upper","bnu-primary-p1-upper-solid-shapes","认识图形","short-answer","Core","①③⑤","①③⑤ | ①,③,⑤ | 1,3,5 | 135","pass","none","","","Passed structural gate; include in S18 pass-sample review."
"bnu-primary-ds-v2-p1-082","P1","upper","bnu-primary-p1-upper-solid-shapes","认识图形","multiple-choice","Foundation","C. 乒乓球","C. 乒乓球","pass","none","","","Passed structural gate; include in S18 pass-sample review."
"bnu-primary-ds-v2-p1-083","P1","upper","bnu-primary-p1-upper-solid-shapes","认识图形","fill-in","Core","2,1,1,1","2,1,1,1 | 2个,1个,1个,1个","pass","none","","","Passed structural gate; include in S18 pass-sample review."
"bnu-primary-ds-v2-p1-084","P1","upper","bnu-primary-p1-upper-solid-shapes","认识图形","short-answer","Foundation","②④","②④ | ②,④ | 2,4 | 24","pass","none","","","Passed structural gate; include in S18 pass-sample review."
"bnu-primary-ds-v2-p1-085","P1","upper","bnu-primary-p1-upper-solid-shapes","认识图形","multiple-choice","Core","C. 圆柱","C. 圆柱","pass","none","","","Passed structural gate; include in S18 pass-sample review."
"bnu-primary-ds-v2-p1-086","P1","upper","bnu-primary-p1-upper-solid-shapes","认识图形","fill-in","Foundation","4","4 | 四 | 4类","pass","none","","","Passed structural gate; include in S18 pass-sample review."
"bnu-primary-ds-v2-p1-087","P1","upper","bnu-primary-p1-upper-solid-shapes","认识图形","short-answer","Core","拼法一：一横排；拼法二：上下两层，每层两个。","拼法一：一横排；拼法二：上下两层，每层两个。 | 一排；两层，每层两个","pass","none","","","Passed structural gate; include in S18 pass-sample review."
"bnu-primary-ds-v2-p1-088","P1","upper","bnu-primary-p1-upper-solid-shapes","认识图形","multiple-choice","Foundation","C. 茶叶罐","C. 茶叶罐","pass","none","","","Passed structural gate; include in S18 pass-sample review."
"bnu-primary-ds-v2-p1-089","P1","upper","bnu-primary-p1-upper-solid-shapes","认识图形","fill-in","Core","①正方；②圆","①正方；②圆 | 正方；圆 | 正方形；圆形","pass","none","","","Passed structural gate; include in S18 pass-sample review."
"bnu-primary-ds-v2-p1-090","P1","upper","bnu-primary-p1-upper-solid-shapes","认识图形","short-answer","Foundation","②④⑥","②④⑥ | ②,④,⑥ | 2,4,6 | 246","pass","none","","","Passed structural gate; include in S18 pass-sample review."
"bnu-primary-ds-v2-p1-091","P1","upper","bnu-primary-p1-upper-solid-shapes","认识图形","multiple-choice","Core","足球","足球","pass","none","","","Passed structural gate; include in S18 pass-sample review."
"bnu-primary-ds-v2-p1-092","P1","upper","bnu-primary-p1-upper-solid-shapes","认识图形","fill-in","Foundation","长方体，球，正方体","长方体，球，正方体","pass","none","","","Passed structural gate; include in S18 pass-sample review."
"bnu-primary-ds-v2-p1-093","P1","upper","bnu-primary-p1-upper-solid-shapes","认识图形","short-answer","Core","球：乒乓球、篮球；长方体：牙膏盒、纸巾盒；正方体：骰子、魔方","球：乒乓球、篮球；长方体：牙膏盒、纸巾盒；正方体：骰子、魔方","pass","none","","","Passed structural gate; include in S18 pass-sample review."
"bnu-primary-ds-v2-p1-094","P1","upper","bnu-primary-p1-upper-solid-shapes","认识图形","multiple-choice","Foundation","易拉罐","易拉罐","pass","none","","","Passed structural gate; include in S18 pass-sample review."
"bnu-primary-ds-v2-p1-095","P1","upper","bnu-primary-p1-upper-solid-shapes","认识图形","fill-in","Core","2，2，2，2","2，2，2，2","pass","none","","","Passed structural gate; include in S18 pass-sample review."
"bnu-primary-ds-v2-p1-096","P1","upper","bnu-primary-p1-upper-solid-shapes","认识图形","short-answer","Foundation","容易滚动：皮球、铅笔、玻璃珠、纸巾筒；能堆得很高：字典、积木","容易滚动：皮球、铅笔、玻璃珠、纸巾筒；能堆得很高：字典、积木","pass","none","","","Passed structural gate; include in S18 pass-sample review."
"bnu-primary-ds-v2-p1-097","P1","upper","bnu-primary-p1-upper-within-20-add-sub","加与减（二）","multiple-choice","Core","16","16","pass","none","","","Passed structural gate; include in S18 pass-sample review."
"bnu-primary-ds-v2-p1-098","P1","upper","bnu-primary-p1-upper-within-20-add-sub","加与减（二）","fill-in","Foundation","1，7","1，7","pass","none","","","Passed structural gate; include in S18 pass-sample review."
"bnu-primary-ds-v2-p1-099","P1","upper","bnu-primary-p1-upper-within-20-add-sub","加与减（二）","short-answer","Core","13-2=11","13-2=11","pass","none","","","Passed structural gate; include in S18 pass-sample review."
"bnu-primary-ds-v2-p1-100","P1","upper","bnu-primary-p1-upper-within-20-add-sub","加与减（二）","multiple-choice","Foundation","10+5","10+5","pass","none","","","Passed structural gate; include in S18 pass-sample review."
"bnu-primary-ds-v2-p1-101","P1","upper","bnu-primary-p1-upper-within-20-add-sub","加与减（二）","fill-in","Core","13,1,1,11","13,1,1,11","pass","none","","","Passed structural gate; include in S18 pass-sample review."
"bnu-primary-ds-v2-p1-102","P1","upper","bnu-primary-p1-upper-within-20-add-sub","加与减（二）","short-answer","Foundation","13","13 | 十三","pass","none","","","Passed structural gate; include in S18 pass-sample review."
"bnu-primary-ds-v2-p1-103","P1","upper","bnu-primary-p1-upper-within-20-add-sub","加与减（二）","multiple-choice","Core","8个一","8个一","pass","none","","","Passed structural gate; include in S18 pass-sample review."
"bnu-primary-ds-v2-p1-104","P1","upper","bnu-primary-p1-upper-within-20-add-sub","加与减（二）","fill-in","Foundation","16","16 | 16根","pass","none","","","Passed structural gate; include in S18 pass-sample review."
"bnu-primary-ds-v2-p1-105","P1","upper","bnu-primary-p1-upper-within-20-add-sub","加与减（二）","short-answer","Core","13；11","13；11 | 13,11 | 13和11","pass","none","","","Passed structural gate; include in S18 pass-sample review."
"bnu-primary-ds-v2-p1-106","P1","upper","bnu-primary-p1-upper-within-20-add-sub","加与减（二）","multiple-choice","Foundation","3块","3块","pass","none","","","Passed structural gate; include in S18 pass-sample review."
"bnu-primary-ds-v2-p1-107","P1","upper","bnu-primary-p1-upper-within-20-add-sub","加与减（二）","fill-in","Core","13；1；7；16；17","13；1；7；16；17","pass","none","","","Passed structural gate; include in S18 pass-sample review."
"bnu-primary-ds-v2-p1-108","P1","upper","bnu-primary-p1-upper-within-20-add-sub","加与减（二）","short-answer","Foundation","7","7 | 7块","pass","none","","","Passed structural gate; include in S18 pass-sample review."
"bnu-primary-ds-v2-p1-109","P1","upper","bnu-primary-p1-upper-within-20-add-sub","加与减（二）","multiple-choice","Core","1个十和5个一","1个十和5个一","pass","none","","","Passed structural gate; include in S18 pass-sample review."
"bnu-primary-ds-v2-p1-110","P1","upper","bnu-primary-p1-upper-within-20-add-sub","加与减（二）","fill-in","Foundation","13,5,15","13,5,15 | 13，5，15","pass","none","","","Passed structural gate; include in S18 pass-sample review."
"bnu-primary-ds-v2-p1-111","P1","upper","bnu-primary-p1-upper-within-20-add-sub","加与减（二）","short-answer","Core","14支","14支 | 14","pass","none","","","Passed structural gate; include in S18 pass-sample review."
"bnu-primary-ds-v2-p1-112","P1","upper","bnu-primary-p1-upper-within-20-add-sub","加与减（二）","multiple-choice","Foundation","12只","12只","pass","none","","","Passed structural gate; include in S18 pass-sample review."
"bnu-primary-ds-v2-p1-113","P1","upper","bnu-primary-p1-upper-clock-introduction","认识钟表","fill-in","Core","8","8 | 8时","pass","none","","","Passed structural gate; include in S18 pass-sample review."
"bnu-primary-ds-v2-p1-114","P1","upper","bnu-primary-p1-upper-clock-introduction","认识钟表","short-answer","Foundation","10小时","10小时 | 10","pass","none","","","Passed structural gate; include in S18 pass-sample review."
"bnu-primary-ds-v2-p1-115","P1","upper","bnu-primary-p1-upper-clock-introduction","认识钟表","multiple-choice","Core","12时","12时","pass","none","","","Passed structural gate; include in S18 pass-sample review."
"bnu-primary-ds-v2-p1-116","P1","upper","bnu-primary-p1-upper-clock-introduction","认识钟表","fill-in","Foundation","6","6 | 6小时","pass","none","","","Passed structural gate; include in S18 pass-sample review."
"bnu-primary-ds-v2-p1-117","P1","upper","bnu-primary-p1-upper-clock-introduction","认识钟表","short-answer","Core","5时","5时 | 5","pass","none","","","Passed structural gate; include in S18 pass-sample review."
"bnu-primary-ds-v2-p1-118","P1","upper","bnu-primary-p1-upper-clock-introduction","认识钟表","multiple-choice","Foundation","分针指向12，时针指向7","分针指向12，时针指向7","pass","none","","","Passed structural gate; include in S18 pass-sample review."
"bnu-primary-ds-v2-p1-119","P1","upper","bnu-primary-p1-upper-clock-introduction","认识钟表","fill-in","Core","2","2 | 2小时","pass","none","","","Passed structural gate; include in S18 pass-sample review."
"bnu-primary-ds-v2-p1-120","P1","upper","bnu-primary-p1-upper-clock-introduction","认识钟表","short-answer","Foundation","11小时","11小时 | 11","pass","none","","","Passed structural gate; include in S18 pass-sample review."
"bnu-primary-ds-v2-p1-121","P1","upper","bnu-primary-p1-upper-clock-introduction","认识钟表","multiple-choice","Core","8时","8时","pass","none","","","Passed structural gate; include in S18 pass-sample review."
"bnu-primary-ds-v2-p1-122","P1","upper","bnu-primary-p1-upper-clock-introduction","认识钟表","fill-in","Foundation","3","3 | 3时","pass","none","","","Passed structural gate; include in S18 pass-sample review."
"bnu-primary-ds-v2-p1-123","P1","upper","bnu-primary-p1-upper-clock-introduction","认识钟表","short-answer","Core","3小时","3小时 | 3时 | 3个小时","pass","none","","","Passed structural gate; include in S18 pass-sample review."
"bnu-primary-ds-v2-p1-124","P1","upper","bnu-primary-p1-upper-clock-introduction","认识钟表","multiple-choice","Foundation","放学回家","放学回家","pass","none","","","Passed structural gate; include in S18 pass-sample review."
"bnu-primary-ds-v2-p1-125","P1","upper","bnu-primary-p1-upper-clock-introduction","认识钟表","fill-in","Core","6,7","6,7 | 6时,7时","pass","none","","","Passed structural gate; include in S18 pass-sample review."
"bnu-primary-ds-v2-p1-126","P1","upper","bnu-primary-p1-upper-clock-introduction","认识钟表","short-answer","Foundation","11小时","11小时 | 11时 | 11个小时","pass","none","","","Passed structural gate; include in S18 pass-sample review."
"bnu-primary-ds-v2-p1-127","P1","upper","bnu-primary-p1-upper-clock-introduction","认识钟表","multiple-choice","Core","10时30分","10时30分","pass","none","","","Passed structural gate; include in S18 pass-sample review."
"bnu-primary-ds-v2-p1-128","P1","upper","bnu-primary-p1-upper-clock-introduction","认识钟表","fill-in","Foundation","12","12 | 12时","pass","none","","","Passed structural gate; include in S18 pass-sample review."
"bnu-primary-ds-v2-p1-129","P1","upper","bnu-primary-p1-upper-review","一年级上册整理与复习","short-answer","Core","对，因为上午10时和下午2时都是上课时间，小红分别在上数学课和美术课，所以她在学校。","对，因为上午10时和下午2时都是上课时间，小红分别在上数学课和美术课，所以她在学校。 | 对，因为上午10时上数学课，下午2时上美术课，这两个时间她都在学校上课。","pass","none","","","Passed structural gate; include in S18 pass-sample review."
"bnu-primary-ds-v2-p1-130","P1","upper","bnu-primary-p1-upper-review","一年级上册整理与复习","multiple-choice","Foundation","分针指向12，时针指向5","分针指向12，时针指向5","pass","none","","","Passed structural gate; include in S18 pass-sample review."
"bnu-primary-ds-v2-p1-131","P1","upper","bnu-primary-p1-upper-review","一年级上册整理与复习","fill-in","Core","13，8","13，8 | 13 8 | 13和8","pass","none","","","Passed structural gate; include in S18 pass-sample review."
"bnu-primary-ds-v2-p1-132","P1","upper","bnu-primary-p1-upper-review","一年级上册整理与复习","short-answer","Foundation","加法，因为是把两部分合起来求总数。5+4=9。","加法，因为是把两部分合起来求总数。5+4=9。 | 加法，因为求一共用加法。5+4=9。 | 用加法，因为合起来。5+4=9。 | 加法。5+4=9。","pass","none","","","Passed structural gate; include in S18 pass-sample review."
"bnu-primary-ds-v2-p1-133","P1","upper","bnu-primary-p1-upper-review","一年级上册整理与复习","multiple-choice","Core","小刚说：这道题用到了数一数和加法的知识，把8和5合起来用加法计算。","小刚说：这道题用到了数一数和加法的知识，把8和5合起来用加法计算。","pass","none","","","Passed structural gate; include in S18 pass-sample review."
"bnu-primary-ds-v2-p1-134","P1","upper","bnu-primary-p1-upper-review","一年级上册整理与复习","fill-in","Foundation","树上还剩的小鸟只数","树上还剩的小鸟只数 | 还剩的小鸟只数 | 剩下的小鸟只数 | 树上剩下的鸟的数量 | 剩下的小鸟数量 | 剩下的鸟的数量 | 还剩5只小鸟 | 剩下5只小鸟","pass","none","","","Passed structural gate; include in S18 pass-sample review."
"bnu-primary-ds-v2-p1-135","P1","upper","bnu-primary-p1-upper-review","一年级上册整理与复习","short-answer","Core","5","5 | 5块 | 5块糖","pass","none","","","Passed structural gate; include in S18 pass-sample review."
"bnu-primary-ds-v2-p1-136","P1","upper","bnu-primary-p1-upper-review","一年级上册整理与复习","multiple-choice","Foundation","②","②","pass","none","","","Passed structural gate; include in S18 pass-sample review."
"bnu-primary-ds-v2-p1-137","P1","upper","bnu-primary-p1-upper-review","一年级上册整理与复习","fill-in","Core","错误1：15 < 9，正确应为15 > 9。错误2：7 + 8 = 14，正确应为7 + 8 = 15。错误3：足球的形状是圆形，正确应为足球的形状是球。","错误1：15 < 9，正确应为15 > 9。错误2：7 + 8 = 14，正确应为7 + 8 = 15。错误3：足球的形状是圆形，正确应为足球的形状是球。","pass","none","","","Passed structural gate; include in S18 pass-sample review."
"bnu-primary-ds-v2-p1-138","P1","upper","bnu-primary-p1-upper-review","一年级上册整理与复习","short-answer","Foundation","用到了比较两个数量的多少和减法计算的知识。","用到了比较两个数量的多少和减法计算的知识。 | 比较多少和减法 | 比较和减法 | 求一个数比另一个数多几用减法计算 | 减法解决比较问题","pass","none","","","Passed structural gate; include in S18 pass-sample review."
"bnu-primary-ds-v2-p1-139","P1","upper","bnu-primary-p1-upper-review","一年级上册整理与复习","multiple-choice","Core","计算9+5时，可以先算9+1=10，再算10+4=14。","计算9+5时，可以先算9+1=10，再算10+4=14。","pass","none","","","Passed structural gate; include in S18 pass-sample review."
"bnu-primary-ds-v2-p1-140","P1","upper","bnu-primary-p1-upper-review","一年级上册整理与复习","fill-in","Foundation","加法，8+6=14","加法，8+6=14 | 加法,8+6=14 | 加法 8+6=14 | 加法8+6=14","pass","none","","","Passed structural gate; include in S18 pass-sample review."
"bnu-primary-ds-v2-p1-141","P1","upper","bnu-primary-p1-upper-review","一年级上册整理与复习","short-answer","Core","先算：12-5=7，后算：7+3=10","先算：12-5=7，后算：7+3=10 | 12-5=7，7+3=10 | 12-5=7 7+3=10","pass","none","","","Passed structural gate; include in S18 pass-sample review."
"bnu-primary-ds-v2-p1-142","P1","upper","bnu-primary-p1-upper-review","一年级上册整理与复习","multiple-choice","Foundation","20比19大，因为20在19的后面","20比19大，因为20在19的后面","pass","none","","","Passed structural gate; include in S18 pass-sample review."
"bnu-primary-ds-v2-p1-143","P1","upper","bnu-primary-p1-upper-review","一年级上册整理与复习","fill-in","Core","7, 15","7, 15 | 7 15 | 7、15","pass","none","","","Passed structural gate; include in S18 pass-sample review."
"bnu-primary-ds-v2-p1-144","P1","upper","bnu-primary-p1-upper-review","一年级上册整理与复习","short-answer","Foundation","对，因为它们都是学习时用的东西。","对，因为它们都是学习时用的东西。 | 对，都是学习用品。 | 对。","pass","none","","","Passed structural gate; include in S18 pass-sample review."
"bnu-primary-ds-v2-p1-145","P1","lower","bnu-primary-p1-lower-within-20-regrouping","加与减（一）","multiple-choice","Core","把6分成1和5，9+1=10，10+5=15","把6分成1和5，9+1=10，10+5=15","pass","none","","","Passed structural gate; include in S18 pass-sample review."
"bnu-primary-ds-v2-p1-146","P1","lower","bnu-primary-p1-lower-within-20-regrouping","加与减（一）","fill-in","Foundation","5, 5","5, 5 | 5 5 | 5、5","pass","none","","","Passed structural gate; include in S18 pass-sample review."
"bnu-primary-ds-v2-p1-147","P1","lower","bnu-primary-p1-lower-within-20-regrouping","加与减（一）","short-answer","Core","14-6=8。把14分成10和4，10-6=4，4+4=8。","14-6=8。把14分成10和4，10-6=4，4+4=8。 | 14-6=8，把14分成10和4，10-6=4，4+4=8 | 14-6=8 14分成10和4 10-6=4 4+4=8","pass","none","","","Passed structural gate; include in S18 pass-sample review."
"bnu-primary-ds-v2-p1-148","P1","lower","bnu-primary-p1-lower-within-20-regrouping","加与减（一）","multiple-choice","Foundation","13-9","13-9","pass","none","","","Passed structural gate; include in S18 pass-sample review."
"bnu-primary-ds-v2-p1-149","P1","lower","bnu-primary-p1-lower-within-20-regrouping","加与减（一）","fill-in","Core","3, 3, 13","3, 3, 13 | 3 3 13 | 3、3、13","pass","none","","","Passed structural gate; include in S18 pass-sample review."
"bnu-primary-ds-v2-p1-150","P1","lower","bnu-primary-p1-lower-within-20-regrouping","加与减（一）","short-answer","Foundation","15-9=6（只）","15-9=6（只） | 15-9=6 | 15-9=6只","pass","none","","","Passed structural gate; include in S18 pass-sample review."
"bnu-primary-ds-v2-p1-151","P1","lower","bnu-primary-p1-lower-within-20-regrouping","加与减（一）","multiple-choice","Core","把 7 分成 2 和 5，先算 8 + 2 = 10，再算 10 + 5 = 15","把 7 分成 2 和 5，先算 8 + 2 = 10，再算 10 + 5 = 15","pass","none","","","Passed structural gate; include in S18 pass-sample review."
"bnu-primary-ds-v2-p1-152","P1","lower","bnu-primary-p1-lower-within-20-regrouping","加与减（一）","fill-in","Foundation","7,7","7,7","pass","none","","","Passed structural gate; include in S18 pass-sample review."
"bnu-primary-ds-v2-p1-153","P1","lower","bnu-primary-p1-lower-within-20-regrouping","加与减（一）","short-answer","Core","把15分成10和5，先算10-8=2，再算2+5=7，所以15-8=7。","把15分成10和5，先算10-8=2，再算2+5=7，所以15-8=7。","pass","none","","","Passed structural gate; include in S18 pass-sample review."
"bnu-primary-ds-v2-p1-154","P1","lower","bnu-primary-p1-lower-within-20-regrouping","加与减（一）","multiple-choice","Foundation","10 + 5","10 + 5","pass","none","","","Passed structural gate; include in S18 pass-sample review."
"bnu-primary-ds-v2-p1-155","P1","lower","bnu-primary-p1-lower-within-20-regrouping","加与减（一）","fill-in","Core","3,2,3,2","3,2,3,2","pass","none","","","Passed structural gate; include in S18 pass-sample review."
"bnu-primary-ds-v2-p1-156","P1","lower","bnu-primary-p1-lower-within-20-regrouping","加与减（一）","short-answer","Foundation","12-4=8（块）","12-4=8（块）","pass","none","","","Passed structural gate; include in S18 pass-sample review."
"bnu-primary-ds-v2-p1-157","P1","lower","bnu-primary-p1-lower-within-20-regrouping","加与减（一）","multiple-choice","Core","因为 9 + 5 = 14，所以 14 - 9 = 5","因为 9 + 5 = 14，所以 14 - 9 = 5","pass","none","","","Passed structural gate; include in S18 pass-sample review."
"bnu-primary-ds-v2-p1-158","P1","lower","bnu-primary-p1-lower-within-20-regrouping","加与减（一）","fill-in","Foundation","7,7","7,7","pass","none","","","Passed structural gate; include in S18 pass-sample review."
"bnu-primary-ds-v2-p1-159","P1","lower","bnu-primary-p1-lower-within-20-regrouping","加与减（一）","short-answer","Core","想：7+9=16，所以16-7=9。","想：7+9=16，所以16-7=9。","pass","none","","","Passed structural gate; include in S18 pass-sample review."
"bnu-primary-ds-v2-p1-160","P1","lower","bnu-primary-p1-lower-within-20-regrouping","加与减（一）","multiple-choice","Foundation","7 + 6","7 + 6","pass","none","","","Passed structural gate; include in S18 pass-sample review."
"bnu-primary-ds-v2-p1-161","P1","lower","bnu-primary-p1-lower-observe-objects","观察物体","fill-in","Core","红色的门","红色的门","pass","none","","","Passed structural gate; include in S18 pass-sample review."
"bnu-primary-ds-v2-p1-162","P1","lower","bnu-primary-p1-lower-observe-objects","观察物体","short-answer","Foundation","什么也看不到（或光光的背面）","什么也看不到（或光光的背面） | 什么也看不到 | 光光的背面","pass","none","","","Passed structural gate; include in S18 pass-sample review."
"bnu-primary-ds-v2-p1-163","P1","lower","bnu-primary-p1-lower-observe-objects","观察物体","multiple-choice","Core","小猫","小猫","pass","none","","","Passed structural gate; include in S18 pass-sample review."
"bnu-primary-ds-v2-p1-164","P1","lower","bnu-primary-p1-lower-observe-objects","观察物体","fill-in","Foundation","杯子的侧面（或看不到贴纸）","杯子的侧面（或看不到贴纸） | 杯子的侧面 | 看不到贴纸","pass","none","","","Passed structural gate; include in S18 pass-sample review."
"bnu-primary-ds-v2-p1-165","P1","lower","bnu-primary-p1-lower-observe-objects","观察物体","short-answer","Core","不能，因为鼻子在正面，从背面看不到。","不能，因为鼻子在正面，从背面看不到。","pass","none","","","Passed structural gate; include in S18 pass-sample review."
"bnu-primary-ds-v2-p1-166","P1","lower","bnu-primary-p1-lower-observe-objects","观察物体","multiple-choice","Foundation","蓝色","蓝色","pass","none","","","Passed structural gate; include in S18 pass-sample review."
"bnu-primary-ds-v2-p1-167","P1","lower","bnu-primary-p1-lower-observe-objects","观察物体","fill-in","Core","大口袋和“ABC”字母","大口袋和“ABC”字母","pass","none","","","Passed structural gate; include in S18 pass-sample review."
"bnu-primary-ds-v2-p1-168","P1","lower","bnu-primary-p1-lower-observe-objects","观察物体","short-answer","Foundation","闹钟的顶部（或看到闹钟的上面）","闹钟的顶部（或看到闹钟的上面） | 闹钟的顶部 | 看到闹钟的上面","pass","none","","","Passed structural gate; include in S18 pass-sample review."
"bnu-primary-ds-v2-p1-169","P1","lower","bnu-primary-p1-lower-observe-objects","观察物体","multiple-choice","Core","星","星","pass","none","","","Passed structural gate; include in S18 pass-sample review."
"bnu-primary-ds-v2-p1-170","P1","lower","bnu-primary-p1-lower-observe-objects","观察物体","fill-in","Foundation","小兔图案","小兔图案","pass","none","","","Passed structural gate; include in S18 pass-sample review."
"bnu-primary-ds-v2-p1-171","P1","lower","bnu-primary-p1-lower-observe-objects","观察物体","short-answer","Core","看到一个长方形和一个正方形，长方形在左边，正方形在右边。","看到一个长方形和一个正方形，长方形在左边，正方形在右边。 | 长方形在左，正方形在右。 | 左边是长方形，右边是正方形。","pass","none","","","Passed structural gate; include in S18 pass-sample review."
"bnu-primary-ds-v2-p1-172","P1","lower","bnu-primary-p1-lower-observe-objects","观察物体","multiple-choice","Foundation","圆柱","圆柱","pass","none","","","Passed structural gate; include in S18 pass-sample review."
"bnu-primary-ds-v2-p1-173","P1","lower","bnu-primary-p1-lower-observe-objects","观察物体","fill-in","Core","左","左","pass","none","","","Passed structural gate; include in S18 pass-sample review."
"bnu-primary-ds-v2-p1-174","P1","lower","bnu-primary-p1-lower-observe-objects","观察物体","short-answer","Foundation","看到的是一个长方形，因为长方体从右面看也是长方形，但可能大小不同。","看到的是一个长方形，因为长方体从右面看也是长方形，但可能大小不同。 | 长方形，因为长方体每个面都是长方形（或正方形），从右面看是侧面，也是长方形。","pass","none","","","Passed structural gate; include in S18 pass-sample review."
"bnu-primary-ds-v2-p1-175","P1","lower","bnu-primary-p1-lower-observe-objects","观察物体","multiple-choice","Core","圆柱","圆柱","pass","none","","","Passed structural gate; include in S18 pass-sample review."
"bnu-primary-ds-v2-p1-176","P1","lower","bnu-primary-p1-lower-within-100-number-sense","生活中的数","fill-in","Foundation","5，7","5，7","pass","none","","","Passed structural gate; include in S18 pass-sample review."
"bnu-primary-ds-v2-p1-177","P1","lower","bnu-primary-p1-lower-within-100-number-sense","生活中的数","short-answer","Core","79，80，81","79，80，81","pass","none","","","Passed structural gate; include in S18 pass-sample review."
"bnu-primary-ds-v2-p1-178","P1","lower","bnu-primary-p1-lower-within-100-number-sense","生活中的数","multiple-choice","Foundation","68","68","pass","none","","","Passed structural gate; include in S18 pass-sample review."
"bnu-primary-ds-v2-p1-179","P1","lower","bnu-primary-p1-lower-within-100-number-sense","生活中的数","fill-in","Core","47","47","pass","none","","","Passed structural gate; include in S18 pass-sample review."
"bnu-primary-ds-v2-p1-180","P1","lower","bnu-primary-p1-lower-within-100-number-sense","生活中的数","short-answer","Foundation","39，45，48，54","39，45，48，54","pass","none","","","Passed structural gate; include in S18 pass-sample review."
"bnu-primary-ds-v2-p1-181","P1","lower","bnu-primary-p1-lower-within-100-number-sense","生活中的数","multiple-choice","Core","43","43","pass","none","","","Passed structural gate; include in S18 pass-sample review."
"bnu-primary-ds-v2-p1-182","P1","lower","bnu-primary-p1-lower-within-100-number-sense","生活中的数","fill-in","Foundation","6,7","6,7 | 6 7","pass","none","","","Passed structural gate; include in S18 pass-sample review."
"bnu-primary-ds-v2-p1-183","P1","lower","bnu-primary-p1-lower-within-100-number-sense","生活中的数","multiple-choice","Core","55","55","pass","none","","","Passed structural gate; include in S18 pass-sample review."
"bnu-primary-ds-v2-p1-184","P1","lower","bnu-primary-p1-lower-within-100-number-sense","生活中的数","fill-in","Foundation","80","80","pass","none","","","Passed structural gate; include in S18 pass-sample review."
"bnu-primary-ds-v2-p1-185","P1","lower","bnu-primary-p1-lower-within-100-number-sense","生活中的数","multiple-choice","Core","32","32","pass","none","","","Passed structural gate; include in S18 pass-sample review."
"bnu-primary-ds-v2-p1-186","P1","lower","bnu-primary-p1-lower-within-100-number-sense","生活中的数","fill-in","Foundation","40","40","pass","none","","","Passed structural gate; include in S18 pass-sample review."
"bnu-primary-ds-v2-p1-187","P1","lower","bnu-primary-p1-lower-within-100-number-sense","生活中的数","multiple-choice","Core","71","71","pass","none","","","Passed structural gate; include in S18 pass-sample review."
"bnu-primary-ds-v2-p1-188","P1","lower","bnu-primary-p1-lower-within-100-number-sense","生活中的数","fill-in","Foundation","57","57","pass","none","","","Passed structural gate; include in S18 pass-sample review."
"bnu-primary-ds-v2-p1-189","P1","lower","bnu-primary-p1-lower-within-100-number-sense","生活中的数","multiple-choice","Core","30，36，60，63","30，36，60，63","pass","none","","","Passed structural gate; include in S18 pass-sample review."
"bnu-primary-ds-v2-p1-190","P1","lower","bnu-primary-p1-lower-within-100-number-sense","生活中的数","fill-in","Foundation","4,5","4,5 | 4 5","pass","none","","","Passed structural gate; include in S18 pass-sample review."
"bnu-primary-ds-v2-p1-191","P1","lower","bnu-primary-p1-lower-plane-shapes","有趣的图形","multiple-choice","Core","有4条边，4个角，相对的两条边一样长","有4条边，4个角，相对的两条边一样长","pass","none","","","Passed structural gate; include in S18 pass-sample review."
"bnu-primary-ds-v2-p1-192","P1","lower","bnu-primary-p1-lower-plane-shapes","有趣的图形","fill-in","Foundation","平行四边形","平行四边形 | 长方形 | 正方形 | 三角形 | 菱形","pass","none","","","Passed structural gate; include in S18 pass-sample review."
"bnu-primary-ds-v2-p1-193","P1","lower","bnu-primary-p1-lower-plane-shapes","有趣的图形","multiple-choice","Core","一个长方形，长边有3个小正方形，短边有2个小正方形","一个长方形，长边有3个小正方形，短边有2个小正方形","pass","none","","","Passed structural gate; include in S18 pass-sample review."
"bnu-primary-ds-v2-p1-194","P1","lower","bnu-primary-p1-lower-plane-shapes","有趣的图形","fill-in","Foundation","4，一样长","4，一样长 | 4，相等 | 4，同样长","pass","none","","","Passed structural gate; include in S18 pass-sample review."
"bnu-primary-ds-v2-p1-195","P1","lower","bnu-primary-p1-lower-plane-shapes","有趣的图形","multiple-choice","Core","长方体","长方体","pass","none","","","Passed structural gate; include in S18 pass-sample review."
"bnu-primary-ds-v2-p1-196","P1","lower","bnu-primary-p1-lower-plane-shapes","有趣的图形","fill-in","Foundation","3，3","3，3","pass","none","","","Passed structural gate; include in S18 pass-sample review."
"bnu-primary-ds-v2-p1-197","P1","lower","bnu-primary-p1-lower-plane-shapes","有趣的图形","multiple-choice","Core","两个同样的正方形一定能拼成一个长方形","两个同样的正方形一定能拼成一个长方形","pass","none","","","Passed structural gate; include in S18 pass-sample review."
"bnu-primary-ds-v2-p1-198","P1","lower","bnu-primary-p1-lower-plane-shapes","有趣的图形","fill-in","Foundation","4，4","4，4","pass","none","","","Passed structural gate; include in S18 pass-sample review."
"bnu-primary-ds-v2-p1-199","P1","lower","bnu-primary-p1-lower-plane-shapes","有趣的图形","multiple-choice","Core","像房子的形状：下面一个正方形，上面一个三角形","像房子的形状：下面一个正方形，上面一个三角形","pass","none","","","Passed structural gate; include in S18 pass-sample review."
"bnu-primary-ds-v2-p1-200","P1","lower","bnu-primary-p1-lower-plane-shapes","有趣的图形","fill-in","Foundation","曲，角","曲，角 | 弯，角 | 曲线，角","pass","none","","","Passed structural gate; include in S18 pass-sample review."
"bnu-primary-ds-v2-p1-201","P1","lower","bnu-primary-p1-lower-plane-shapes","有趣的图形","multiple-choice","Foundation","A. 1个三角形和1个长方形","A. 1个三角形和1个长方形","pass","none","","","Passed structural gate; include in S18 pass-sample review."
"bnu-primary-ds-v2-p1-202","P1","lower","bnu-primary-p1-lower-plane-shapes","有趣的图形","fill-in","Foundation","长方形1个，正方形1个，三角形3个，圆2个","长方形1个，正方形1个，三角形3个，圆2个","pass","none","","","Passed structural gate; include in S18 pass-sample review."
"bnu-primary-ds-v2-p1-203","P1","lower","bnu-primary-p1-lower-plane-shapes","有趣的图形","multiple-choice","Foundation","长方形、正方形、三角形、圆","长方形、正方形、三角形、圆","pass","none","","","Passed structural gate; include in S18 pass-sample review."
"bnu-primary-ds-v2-p1-204","P1","lower","bnu-primary-p1-lower-plane-shapes","有趣的图形","fill-in","Foundation","正方形，平行四边形","正方形，平行四边形 | 平行四边形，正方形 | 长方形，平行四边形 | 平行四边形，长方形 | 正方形，长方形 | 长方形，正方形","pass","none","","","Passed structural gate; include in S18 pass-sample review."
"bnu-primary-ds-v2-p1-205","P1","lower","bnu-primary-p1-lower-plane-shapes","有趣的图形","multiple-choice","Foundation","三角形、长方形、正方形","三角形、长方形、正方形","pass","none","","","Passed structural gate; include in S18 pass-sample review."
"bnu-primary-ds-v2-p1-206","P1","lower","bnu-primary-p1-lower-within-100-add-sub-nonregrouping","加与减（二）","fill-in","Foundation","15","15 | 15块","pass","none","","","Passed structural gate; include in S18 pass-sample review."
"bnu-primary-ds-v2-p1-207","P1","lower","bnu-primary-p1-lower-within-100-add-sub-nonregrouping","加与减（二）","multiple-choice","Foundation","37张","37张","pass","none","","","Passed structural gate; include in S18 pass-sample review."
"bnu-primary-ds-v2-p1-208","P1","lower","bnu-primary-p1-lower-within-100-add-sub-nonregrouping","加与减（二）","fill-in","Foundation","28块","28块 | 28","pass","none","","","Passed structural gate; include in S18 pass-sample review."
"bnu-primary-ds-v2-p1-209","P1","lower","bnu-primary-p1-lower-within-100-add-sub-nonregrouping","加与减（二）","multiple-choice","Foundation","15本","15本","pass","none","","","Passed structural gate; include in S18 pass-sample review."
"bnu-primary-ds-v2-p1-210","P1","lower","bnu-primary-p1-lower-within-100-add-sub-nonregrouping","加与减（二）","fill-in","Foundation","24","24 | 24张","pass","none","","","Passed structural gate; include in S18 pass-sample review."
"bnu-primary-ds-v2-p1-211","P1","lower","bnu-primary-p1-lower-within-100-add-sub-nonregrouping","加与减（二）","multiple-choice","Foundation","23 + 40 = 63","23 + 40 = 63","pass","none","","","Passed structural gate; include in S18 pass-sample review."
"bnu-primary-ds-v2-p1-212","P1","lower","bnu-primary-p1-lower-within-100-add-sub-nonregrouping","加与减（二）","fill-in","Foundation","先算20 + 50 = 70，再算70 + 8 = 78，结果是78。","先算20 + 50 = 70，再算70 + 8 = 78，结果是78。 | 先算20+50=70，再算70+8=78，结果是78。 | 先算20+50=70，再算70+8=78，结果78 | 先算20+50=70，再算70+8=78，得78 | 先算20+50=70，再算70+8=78，等于78 | 20+50=70，70+8=78，结果是78 | 20+50=70，70+8=78，结果78 | 20+50=70，70+8=78，得78 | 20+50=70，70+8=78，等于78 | 先算十位：20+50=70，再算个位：70+8=78，结果是78 | 先算十位20+50=70，再算个位70+8=78，结果是78 | 先算20+50=70，再加8得78","pass","none","","","Passed structural gate; include in S18 pass-sample review."
"bnu-primary-ds-v2-p1-213","P1","lower","bnu-primary-p1-lower-within-100-add-sub-nonregrouping","加与减（二）","multiple-choice","Foundation","28本","28本","pass","none","","","Passed structural gate; include in S18 pass-sample review."
"bnu-primary-ds-v2-p1-214","P1","lower","bnu-primary-p1-lower-within-100-add-sub-nonregrouping","加与减（二）","fill-in","Foundation","先算 30 + 50 = 80，再算 80 + 4 = 84，结果是 84","先算 30 + 50 = 80，再算 80 + 4 = 84，结果是 84 | 先算30+50=80，再算80+4=84，结果是84 | 先算30+50=80，再算80+4=84，结果84 | 先算30加50等于80，再算80加4等于84，结果是84","pass","none","","","Passed structural gate; include in S18 pass-sample review."
"bnu-primary-ds-v2-p1-215","P1","lower","bnu-primary-p1-lower-within-100-add-sub-nonregrouping","加与减（二）","multiple-choice","Foundation","56本","56本","pass","none","","","Passed structural gate; include in S18 pass-sample review."
"bnu-primary-ds-v2-p1-216","P1","lower","bnu-primary-p1-lower-within-100-add-sub-nonregrouping","加与减（二）","fill-in","Foundation","63本","63本 | 63","pass","none","","","Passed structural gate; include in S18 pass-sample review."
"bnu-primary-ds-v2-p1-217","P1","lower","bnu-primary-p1-lower-within-100-add-sub-nonregrouping","加与减（二）","multiple-choice","Foundation","55个","55个","pass","none","","","Passed structural gate; include in S18 pass-sample review."
"bnu-primary-ds-v2-p1-218","P1","lower","bnu-primary-p1-lower-within-100-add-sub-nonregrouping","加与减（二）","fill-in","Foundation","16本","16本 | 16","pass","none","","","Passed structural gate; include in S18 pass-sample review."
"bnu-primary-ds-v2-p1-219","P1","lower","bnu-primary-p1-lower-within-100-add-sub-nonregrouping","加与减（二）","multiple-choice","Foundation","20张","20张","pass","none","","","Passed structural gate; include in S18 pass-sample review."
"bnu-primary-ds-v2-p1-220","P1","lower","bnu-primary-p1-lower-within-100-add-sub-nonregrouping","加与减（二）","fill-in","Foundation","28本","28本 | 28","pass","none","","","Passed structural gate; include in S18 pass-sample review."
"bnu-primary-ds-v2-p1-221","P1","lower","bnu-primary-p1-lower-within-100-add-sub-integrated","加与减（三）","multiple-choice","Foundation","36 - 19 = 17（张）","36 - 19 = 17（张）","pass","none","","","Passed structural gate; include in S18 pass-sample review."
"bnu-primary-ds-v2-p1-222","P1","lower","bnu-primary-p1-lower-within-100-add-sub-integrated","加与减（三）","fill-in","Foundation","54 + 28 = 82（本）","54 + 28 = 82（本） | 54+28=82（本）","pass","none","","","Passed structural gate; include in S18 pass-sample review."
"bnu-primary-ds-v2-p1-223","P1","lower","bnu-primary-p1-lower-within-100-add-sub-integrated","加与减（三）","multiple-choice","Foundation","45 - 18 = 27（个）","45 - 18 = 27（个）","pass","none","","","Passed structural gate; include in S18 pass-sample review."
"bnu-primary-ds-v2-p1-224","P1","lower","bnu-primary-p1-lower-within-100-add-sub-integrated","加与减（三）","fill-in","Foundation","32 - 15 + 9 = 26（人）","32 - 15 + 9 = 26（人） | 32-15+9=26（人）","pass","none","","","Passed structural gate; include in S18 pass-sample review."
"bnu-primary-ds-v2-p1-225","P1","lower","bnu-primary-p1-lower-within-100-add-sub-integrated","加与减（三）","multiple-choice","Foundation","35 + 8 = 43（元）","35 + 8 = 43（元）","pass","none","","","Passed structural gate; include in S18 pass-sample review."
"bnu-primary-ds-v2-p1-226","P1","lower","bnu-primary-p1-lower-within-100-add-sub-integrated","加与减（三）","fill-in","Foundation","63 - 27 = 36（棵）","63 - 27 = 36（棵） | 63-27=36（棵）","pass","none","","","Passed structural gate; include in S18 pass-sample review."
"bnu-primary-ds-v2-p1-227","P1","lower","bnu-primary-p1-lower-within-100-add-sub-integrated","加与减（三）","multiple-choice","Foundation","40 - 23 = 17（块）","40 - 23 = 17（块）","pass","none","","","Passed structural gate; include in S18 pass-sample review."
"bnu-primary-ds-v2-p1-228","P1","lower","bnu-primary-p1-lower-within-100-add-sub-integrated","加与减（三）","fill-in","Foundation","24 + 19 = 43（只）","24 + 19 = 43（只） | 24+19=43（只）","pass","none","","","Passed structural gate; include in S18 pass-sample review."
"bnu-primary-ds-v2-p1-229","P1","lower","bnu-primary-p1-lower-within-100-add-sub-integrated","加与减（三）","multiple-choice","Foundation","58 - 26 + 14 = 46（辆）","58 - 26 + 14 = 46（辆）","pass","none","","","Passed structural gate; include in S18 pass-sample review."
"bnu-primary-ds-v2-p1-230","P1","lower","bnu-primary-p1-lower-within-100-add-sub-integrated","加与减（三）","fill-in","Foundation","72 - 25 - 18 = 29（张）","72 - 25 - 18 = 29（张） | 72-25-18=29（张）","pass","none","","","Passed structural gate; include in S18 pass-sample review."
"bnu-primary-ds-v2-p1-231","P1","lower","bnu-primary-p1-lower-within-100-add-sub-integrated","加与减（三）","multiple-choice","Foundation","36 - 19 = 17","36 - 19 = 17","pass","none","","","Passed structural gate; include in S18 pass-sample review."
"bnu-primary-ds-v2-p1-232","P1","lower","bnu-primary-p1-lower-within-100-add-sub-integrated","加与减（三）","fill-in","Foundation","12","12 | 12人","pass","none","","","Passed structural gate; include in S18 pass-sample review."
"bnu-primary-ds-v2-p1-233","P1","lower","bnu-primary-p1-lower-within-100-add-sub-integrated","加与减（三）","multiple-choice","Foundation","42 + 5 = 47，47 + 42 = 89","42 + 5 = 47，47 + 42 = 89","pass","none","","","Passed structural gate; include in S18 pass-sample review."
"bnu-primary-ds-v2-p1-234","P1","lower","bnu-primary-p1-lower-within-100-add-sub-integrated","加与减（三）","fill-in","Foundation","25","25 | 25个","pass","none","","","Passed structural gate; include in S18 pass-sample review."
"bnu-primary-ds-v2-p1-235","P1","lower","bnu-primary-p1-lower-within-100-add-sub-integrated","加与减（三）","multiple-choice","Foundation","18 + 25 = 43，70 - 43 = 27","18 + 25 = 43，70 - 43 = 27","pass","none","","","Passed structural gate; include in S18 pass-sample review."
"bnu-primary-ds-v2-p1-236","P1","lower","bnu-primary-p1-lower-math-play-review","数学好玩与整理复习","fill-in","Foundation","14","14","pass","none","","","Passed structural gate; include in S18 pass-sample review."
"bnu-primary-ds-v2-p1-237","P1","lower","bnu-primary-p1-lower-math-play-review","数学好玩与整理复习","multiple-choice","Foundation","可以拼成平行四边形","可以拼成平行四边形","pass","none","","","Passed structural gate; include in S18 pass-sample review."
"bnu-primary-ds-v2-p1-238","P1","lower","bnu-primary-p1-lower-math-play-review","数学好玩与整理复习","fill-in","Foundation","圆，长方形","圆，长方形 | 长方形，圆 | 圆形，长方形 | 长方形，圆形","pass","none","","","Passed structural gate; include in S18 pass-sample review."
"bnu-primary-ds-v2-p1-239","P1","lower","bnu-primary-p1-lower-math-play-review","数学好玩与整理复习","multiple-choice","Foundation","5和3","5和3","pass","none","","","Passed structural gate; include in S18 pass-sample review."
"bnu-primary-ds-v2-p1-240","P1","lower","bnu-primary-p1-lower-math-play-review","数学好玩与整理复习","fill-in","Foundation","4","4 | 4颗","pass","none","","","Passed structural gate; include in S18 pass-sample review."
"bnu-primary-ds-v2-p1-241","P1","lower","bnu-primary-p1-lower-math-play-review","数学好玩与整理复习","multiple-choice","Foundation","计算8+7时，可以用“凑十法”：把7分成2和5，先算8+2=10，再算10+5=15。","计算8+7时，可以用“凑十法”：把7分成2和5，先算8+2=10，再算10+5=15。","pass","none","","","Passed structural gate; include in S18 pass-sample review."
"bnu-primary-ds-v2-p1-242","P1","lower","bnu-primary-p1-lower-math-play-review","数学好玩与整理复习","multiple-choice","Foundation","3块","3块","pass","none","","","Passed structural gate; include in S18 pass-sample review."
"bnu-primary-ds-v2-p1-243","P1","lower","bnu-primary-p1-lower-math-play-review","数学好玩与整理复习","multiple-choice","Foundation","△","△","pass","none","","","Passed structural gate; include in S18 pass-sample review."
"bnu-primary-ds-v2-p1-244","P1","lower","bnu-primary-p1-lower-math-play-review","数学好玩与整理复习","multiple-choice","Foundation","5块","5块","pass","none","","","Passed structural gate; include in S18 pass-sample review."
"bnu-primary-ds-v2-p1-245","P1","lower","bnu-primary-p1-lower-math-play-review","数学好玩与整理复习","multiple-choice","Foundation","2个积木上下叠放，前面再放1个积木","2个积木上下叠放，前面再放1个积木","pass","none","","","Passed structural gate; include in S18 pass-sample review."
"bnu-primary-ds-v2-p1-246","P1","lower","bnu-primary-p1-lower-math-play-review","数学好玩与整理复习","multiple-choice","Foundation","△","△","pass","none","","","Passed structural gate; include in S18 pass-sample review."
"bnu-primary-ds-v2-p1-247","P1","lower","bnu-primary-p1-lower-math-play-review","数学好玩与整理复习","multiple-choice","Foundation","0块","0块","pass","none","","","Passed structural gate; include in S18 pass-sample review."
"bnu-primary-ds-v2-p1-248","P1","lower","bnu-primary-p1-lower-math-play-review","数学好玩与整理复习","multiple-choice","Foundation","卡片D","卡片D","pass","none","","","Passed structural gate; include in S18 pass-sample review."
"bnu-primary-ds-v2-p1-249","P1","lower","bnu-primary-p1-lower-math-play-review","数学好玩与整理复习","multiple-choice","Foundation","计算9+5时，可以把5分成1和4，先算9+1=10，再算10+4=14","计算9+5时，可以把5分成1和4，先算9+1=10，再算10+4=14","pass","none","","","Passed structural gate; include in S18 pass-sample review."
"bnu-primary-ds-v2-p1-250","P1","lower","bnu-primary-p1-lower-math-play-review","数学好玩与整理复习","multiple-choice","Foundation","3块","3块","pass","none","","","Passed structural gate; include in S18 pass-sample review."
"bnu-primary-ds-v2-p2-001","P2","upper","bnu-primary-p2-upper-add-sub-review","加与减","multiple-choice","Foundation","63张","63张","pass","none","","","Passed structural gate; include in S18 pass-sample review."
"bnu-primary-ds-v2-p2-002","P2","upper","bnu-primary-p2-upper-add-sub-review","加与减","fill-in","Core","43","43","pass","none","","","Passed structural gate; include in S18 pass-sample review."
"bnu-primary-ds-v2-p2-003","P2","upper","bnu-primary-p2-upper-add-sub-review","加与减","short-answer","Challenge","36 - 18 = 18（块）","36 - 18 = 18（块） | 36-18=18 | 36-18=18（块） | 18块","pass","none","","","Passed structural gate; include in S18 pass-sample review."
"bnu-primary-ds-v2-p2-004","P2","upper","bnu-primary-p2-upper-add-sub-review","加与减","multiple-choice","Exam","34 + 28","34 + 28","pass","none","","","Passed structural gate; include in S18 pass-sample review."
"bnu-primary-ds-v2-p2-005","P2","upper","bnu-primary-p2-upper-add-sub-review","加与减","fill-in","Foundation","36","36","pass","none","","","Passed structural gate; include in S18 pass-sample review."
"bnu-primary-ds-v2-p2-006","P2","upper","bnu-primary-p2-upper-add-sub-review","加与减","short-answer","Core","50 - 38 = 12（元）","50 - 38 = 12（元） | 50-38=12 | 50-38=12（元） | 12元","pass","none","","","Passed structural gate; include in S18 pass-sample review."
"bnu-primary-ds-v2-p2-007","P2","upper","bnu-primary-p2-upper-add-sub-review","加与减","multiple-choice","Challenge","70","70","pass","none","","","Passed structural gate; include in S18 pass-sample review."
"bnu-primary-ds-v2-p2-008","P2","upper","bnu-primary-p2-upper-add-sub-review","加与减","fill-in","Exam","38","38","pass","none","","","Passed structural gate; include in S18 pass-sample review."
"bnu-primary-ds-v2-p2-009","P2","upper","bnu-primary-p2-upper-add-sub-review","加与减","short-answer","Foundation","34 - 19 + 16 = 31（人）","34 - 19 + 16 = 31（人） | 34-19+16=31 | 34-19+16=31（人） | 31人","pass","none","","","Passed structural gate; include in S18 pass-sample review."
"bnu-primary-ds-v2-p2-010","P2","upper","bnu-primary-p2-upper-add-sub-review","加与减","multiple-choice","Core","63米","63米","pass","none","","","Passed structural gate; include in S18 pass-sample review."
"bnu-primary-ds-v2-p2-011","P2","upper","bnu-primary-p2-upper-add-sub-review","加与减","fill-in","Challenge","最多能凑出1个10元。","最多能凑出1个10元。 | 1个 | 1 | 1个10元","pass","none","","","Passed structural gate; include in S18 pass-sample review."
"bnu-primary-ds-v2-p2-012","P2","upper","bnu-primary-p2-upper-add-sub-review","加与减","short-answer","Exam","估算：大约50张；计算：48-19+25=54；验算：54-25=29，29+19=48，与原数相符。","估算：大约50张；计算：48-19+25=54；验算：54-25=29，29+19=48，与原数相符。 | 估算：大约50张；计算：48-19+25=54；验算：54-25=29，29+19=48，与原数相符","pass","none","","","Passed structural gate; include in S18 pass-sample review."
"bnu-primary-ds-v2-p2-013","P2","upper","bnu-primary-p2-upper-add-sub-review","加与减","multiple-choice","Foundation","65","65","pass","none","","","Passed structural gate; include in S18 pass-sample review."
"bnu-primary-ds-v2-p2-014","P2","upper","bnu-primary-p2-upper-add-sub-review","加与减","fill-in","Core","91","91 | 91本","pass","none","","","Passed structural gate; include in S18 pass-sample review."
"bnu-primary-ds-v2-p2-015","P2","upper","bnu-primary-p2-upper-add-sub-review","加与减","short-answer","Challenge","78","78","pass","none","","","Passed structural gate; include in S18 pass-sample review."
"bnu-primary-ds-v2-p2-016","P2","upper","bnu-primary-p2-upper-shopping-money","购物","multiple-choice","Exam","19 元","19 元","pass","none","","","Passed structural gate; include in S18 pass-sample review."
"bnu-primary-ds-v2-p2-017","P2","upper","bnu-primary-p2-upper-shopping-money","购物","fill-in","Foundation","11元3角","11元3角","pass","none","","","Passed structural gate; include in S18 pass-sample review."
"bnu-primary-ds-v2-p2-018","P2","upper","bnu-primary-p2-upper-shopping-money","购物","short-answer","Core","16元5角","16元5角","pass","none","","","Passed structural gate; include in S18 pass-sample review."
"bnu-primary-ds-v2-p2-019","P2","upper","bnu-primary-p2-upper-shopping-money","购物","multiple-choice","Challenge","9元7角","9元7角","pass","none","","","Passed structural gate; include in S18 pass-sample review."
"bnu-primary-ds-v2-p2-020","P2","upper","bnu-primary-p2-upper-shopping-money","购物","fill-in","Exam","20元 - 5元6角 - 3元8角 - 1元5角 = 9元1角","20元 - 5元6角 - 3元8角 - 1元5角 = 9元1角 | 5元6角 + 3元8角 + 1元5角 = 10元9角，20元 - 10元9角 = 9元1角 | 20 - 5.6 - 3.8 - 1.5 = 9.1元 | 9元1角","pass","none","","","Passed structural gate; include in S18 pass-sample review."
"bnu-primary-ds-v2-p2-021","P2","upper","bnu-primary-p2-upper-shopping-money","购物","short-answer","Foundation","7角","7角 | 0.7元","pass","none","","","Passed structural gate; include in S18 pass-sample review."
"bnu-primary-ds-v2-p2-022","P2","upper","bnu-primary-p2-upper-shopping-money","购物","multiple-choice","Core","5角","5角","pass","none","","","Passed structural gate; include in S18 pass-sample review."
"bnu-primary-ds-v2-p2-023","P2","upper","bnu-primary-p2-upper-shopping-money","购物","fill-in","Challenge","17元3角","17元3角 | 17.3元","pass","none","","","Passed structural gate; include in S18 pass-sample review."
"bnu-primary-ds-v2-p2-024","P2","upper","bnu-primary-p2-upper-shopping-money","购物","short-answer","Exam","够，还剩1元9角","够，还剩1元9角 | 够，1元9角","pass","none","","","Passed structural gate; include in S18 pass-sample review."
"bnu-primary-ds-v2-p2-025","P2","upper","bnu-primary-p2-upper-shopping-money","购物","multiple-choice","Foundation","一张5元，一张1元，一个5角，一个2角","一张5元，一张1元，一个5角，一个2角","pass","none","","","Passed structural gate; include in S18 pass-sample review."
"bnu-primary-ds-v2-p2-026","P2","upper","bnu-primary-p2-upper-shopping-money","购物","fill-in","Core","9元4角","9元4角","pass","none","","","Passed structural gate; include in S18 pass-sample review."
"bnu-primary-ds-v2-p2-027","P2","upper","bnu-primary-p2-upper-shopping-money","购物","short-answer","Challenge","不够，还差2元6角","不够，还差2元6角 | 不够，2元6角","pass","none","","","Passed structural gate; include in S18 pass-sample review."
"bnu-primary-ds-v2-p2-028","P2","upper","bnu-primary-p2-upper-shopping-money","购物","multiple-choice","Exam","37元5角","37元5角","pass","none","","","Passed structural gate; include in S18 pass-sample review."
"bnu-primary-ds-v2-p2-029","P2","upper","bnu-primary-p2-upper-shopping-money","购物","fill-in","Foundation","2，5","2，5 | 2张，5张","pass","none","","","Passed structural gate; include in S18 pass-sample review."
"bnu-primary-ds-v2-p2-030","P2","upper","bnu-primary-p2-upper-shopping-money","购物","short-answer","Core","5元5角","5元5角 | 5.5元","pass","none","","","Passed structural gate; include in S18 pass-sample review."
"bnu-primary-ds-v2-p2-031","P2","upper","bnu-primary-p2-upper-multiplication-introduction","数一数与乘法","multiple-choice","Challenge","每盘有3个苹果，有4盘","每盘有3个苹果，有4盘","pass","none","","","Passed structural gate; include in S18 pass-sample review."
"bnu-primary-ds-v2-p2-032","P2","upper","bnu-primary-p2-upper-multiplication-introduction","数一数与乘法","fill-in","Foundation","4+3","4+3","pass","none","","","Passed structural gate; include in S18 pass-sample review."
"bnu-primary-ds-v2-p2-033","P2","upper","bnu-primary-p2-upper-multiplication-introduction","数一数与乘法","short-answer","Core","B. 一共有4×3=12颗巧克力，表示3个4相加","B. 一共有4×3=12颗巧克力，表示3个4相加","pass","none","","","Passed structural gate; include in S18 pass-sample review."
"bnu-primary-ds-v2-p2-034","P2","upper","bnu-primary-p2-upper-multiplication-introduction","数一数与乘法","multiple-choice","Challenge","B","B","pass","none","","","Passed structural gate; include in S18 pass-sample review."
"bnu-primary-ds-v2-p2-035","P2","upper","bnu-primary-p2-upper-multiplication-introduction","数一数与乘法","fill-in","Foundation","（1）4+4+4=12；（2）4×3=12；（3）每盒的颗数，盒数","（1）4+4+4=12；（2）4×3=12；（3）每盒的颗数，盒数 | （1）4+4+4=12；（2）4×3=12；（3）每盒的颗数，盒数。 | （1）4+4+4=12；（2）4×3=12；（3）每盒的颗数、盒数 | （1）4+4+4=12 （2）4×3=12 （3）每盒的颗数，盒数 | （1）4+4+4=12 （2）4×3=12 （3）每盒的颗数、盒数","pass","none","","","Passed structural gate; include in S18 pass-sample review."
"bnu-primary-ds-v2-p2-036","P2","upper","bnu-primary-p2-upper-multiplication-introduction","数一数与乘法","short-answer","Core","加法算式：4+4+4=12（支），乘法算式：3×4=12（支）或4×3=12（支）","加法算式：4+4+4=12（支），乘法算式：3×4=12（支）或4×3=12（支） | 加法算式：4+4+4=12（支），乘法算式：3×4=12（支） | 加法算式：4+4+4=12（支），乘法算式：4×3=12（支） | 4+4+4=12，3×4=12 | 4+4+4=12，4×3=12","pass","none","","","Passed structural gate; include in S18 pass-sample review."
"bnu-primary-ds-v2-p2-037","P2","upper","bnu-primary-p2-upper-multiplication-introduction","数一数与乘法","multiple-choice","Challenge","不对，因为每排的糖果数不一样多","不对，因为每排的糖果数不一样多","pass","none","","","Passed structural gate; include in S18 pass-sample review."
"bnu-primary-ds-v2-p2-038","P2","upper","bnu-primary-p2-upper-multiplication-introduction","数一数与乘法","fill-in","Foundation","（1）4 5 （2）4 5","（1）4 5 （2）4 5","pass","none","","","Passed structural gate; include in S18 pass-sample review."
"bnu-primary-ds-v2-p2-039","P2","upper","bnu-primary-p2-upper-multiplication-introduction","数一数与乘法","short-answer","Core","（1）4+4+4=12（支）\n（2）3×4=12（支）或4×3=12（支）；3表示笔筒的个数，4表示每个笔筒里铅笔的支数，12表示铅笔的总支数。","（1）4+4+4=12（支）\n（2）3×4=12（支）或4×3=12（支）；3表示笔筒的个数，4表示每个笔筒里铅笔的支数，12表示铅笔的总支数。 | （1）4+4+4=12（支）\n（2）3×4=12（支）；3表示笔筒的个数，4表示每个笔筒里铅笔的支数，12表示铅笔的总支数。 | （1）4+4+4=12（支）\n（2）4×3=12（支）；3表示笔筒的个数，4表示每个笔筒里铅笔的支数，12表示铅笔的总支数。","pass","none","","","Passed structural gate; include in S18 pass-sample review."
"bnu-primary-ds-v2-p2-040","P2","upper","bnu-primary-p2-upper-multiplication-introduction","数一数与乘法","multiple-choice","Challenge","B","B","pass","none","","","Passed structural gate; include in S18 pass-sample review."
"bnu-primary-ds-v2-p2-041","P2","upper","bnu-primary-p2-upper-multiplication-introduction","数一数与乘法","fill-in","Foundation","加法算式：4+4+4=12；乘法算式：3×4=12；表示（3）个（4）相加。","加法算式：4+4+4=12；乘法算式：3×4=12；表示（3）个（4）相加。 | 加法算式：4+4+4=12；乘法算式：3×4=12；表示3个4相加。 | 加法算式：4+4+4=12；乘法算式：4×3=12；表示（3）个（4）相加。 | 加法算式：4+4+4=12；乘法算式：4×3=12；表示3个4相加。","pass","none","","","Passed structural gate; include in S18 pass-sample review."
"bnu-primary-ds-v2-p2-042","P2","upper","bnu-primary-p2-upper-multiplication-introduction","数一数与乘法","short-answer","Core","加法算式：2+2+2+2+2=10；乘法算式：5×2=10；5表示袋数，2表示每袋的颗数，10表示总颗数。","加法算式：2+2+2+2+2=10；乘法算式：5×2=10；5表示袋数，2表示每袋的颗数，10表示总颗数。 | 加法算式：2+2+2+2+2=10；乘法算式：5×2=10；5表示有5袋，2表示每袋2颗，10表示一共10颗。 | 加法算式：2+2+2+2+2=10；乘法算式：2×5=10；5表示袋数，2表示每袋的颗数，10表示总颗数。 | 加法算式：2+2+2+2+2=10；乘法算式：2×5=10；5表示有5袋，2表示每袋2颗，10表示一共10颗。","pass","none","","","Passed structural gate; include in S18 pass-sample review."
"bnu-primary-ds-v2-p2-043","P2","upper","bnu-primary-p2-upper-multiplication-introduction","数一数与乘法","multiple-choice","Challenge","C","C","pass","none","","","Passed structural gate; include in S18 pass-sample review."
"bnu-primary-ds-v2-p2-044","P2","upper","bnu-primary-p2-upper-multiplication-introduction","数一数与乘法","fill-in","Foundation","每份有（4）颗星，有（3）份，一共有（12）颗星。\n加法算式：4+4+4=12\n乘法算式：3×4=12","每份有（4）颗星，有（3）份，一共有（12）颗星。\n加法算式：4+4+4=12\n乘法算式：3×4=12 | 每份有（4）颗星，有（3）份，一共有（12）颗星。\n加法算式：4+4+4=12\n乘法算式：4×3=12 | 每份有4颗星，有3份，一共有12颗星。\n加法算式：4+4+4=12\n乘法算式：3×4=12 | 每份有4颗星，有3份，一共有12颗星。\n加法算式：4+4+4=12\n乘法算式：4×3=12","pass","none","","","Passed structural gate; include in S18 pass-sample review."
"bnu-primary-ds-v2-p2-045","P2","upper","bnu-primary-p2-upper-multiplication-introduction","数一数与乘法","short-answer","Core","加法算式：5+5+5+5+5+5=30（盆）\n乘法算式：6×5=30（盆）\n答：一共摆了30盆花。","加法算式：5+5+5+5+5+5=30（盆）\n乘法算式：6×5=30（盆）\n答：一共摆了30盆花。 | 加法算式：5+5+5+5+5+5=30（盆）\n乘法算式：5×6=30（盆）\n答：一共摆了30盆花。 | 加法算式：5+5+5+5+5+5=30（盆）\n乘法算式：6×5=30（盆）\n答：一共摆了30盆花 | 加法算式：5+5+5+5+5+5=30（盆）\n乘法算式：5×6=30（盆）\n答：一共摆了30盆花","pass","none","","","Passed structural gate; include in S18 pass-sample review."
"bnu-primary-ds-v2-p2-046","P2","upper","bnu-primary-p2-upper-shape-transformations","图形的变化","multiple-choice","Challenge","C","C","pass","none","","","Passed structural gate; include in S18 pass-sample review."
"bnu-primary-ds-v2-p2-047","P2","upper","bnu-primary-p2-upper-shape-transformations","图形的变化","fill-in","Foundation","（1）√ （2）× （3）√","（1）√ （2）× （3）√ | （1）√（2）×（3）√ | （1）√\n（2）×\n（3）√ | 1.√ 2.× 3.√","pass","none","","","Passed structural gate; include in S18 pass-sample review."
"bnu-primary-ds-v2-p2-048","P2","upper","bnu-primary-p2-upper-shape-transformations","图形的变化","short-answer","Core","有4个洞，它们分别位于正方形的四个角附近，且大小形状相同，位置对称。","有4个洞，它们分别位于正方形的四个角附近，且大小形状相同，位置对称。 | 4个洞，在四个角上，对称。 | 4个洞，四个角附近，对称。 | 有4个洞，位置在四个角，对称。","pass","none","","","Passed structural gate; include in S18 pass-sample review."
"bnu-primary-ds-v2-p2-049","P2","upper","bnu-primary-p2-upper-shape-transformations","图形的变化","multiple-choice","Challenge","C","C","pass","none","","","Passed structural gate; include in S18 pass-sample review."
"bnu-primary-ds-v2-p2-050","P2","upper","bnu-primary-p2-upper-shape-transformations","图形的变化","fill-in","Foundation","（1）√ （3）√","（1）√ （3）√ | （1）√（3）√ | （1）√\n（3）√ | 1.√ 3.√","pass","none","","","Passed structural gate; include in S18 pass-sample review."
"bnu-primary-ds-v2-p2-051","P2","upper","bnu-primary-p2-upper-shape-transformations","图形的变化","short-answer","Core","大小和形状都不变。","大小和形状都不变。 | 没有变化。 | 不变。 | 大小和形状不变。","pass","none","","","Passed structural gate; include in S18 pass-sample review."
"bnu-primary-ds-v2-p2-052","P2","upper","bnu-primary-p2-upper-shape-transformations","图形的变化","multiple-choice","Challenge","C. 平行四边形沿一条对角线对折","C. 平行四边形沿一条对角线对折","pass","none","","","Passed structural gate; include in S18 pass-sample review."
"bnu-primary-ds-v2-p2-053","P2","upper","bnu-primary-p2-upper-shape-transformations","图形的变化","fill-in","Foundation","三角形，四边形","三角形，四边形 | 四边形，三角形 | 三角形和四边形 | 四边形和三角形","pass","none","","","Passed structural gate; include in S18 pass-sample review."
"bnu-primary-ds-v2-p2-054","P2","upper","bnu-primary-p2-upper-shape-transformations","图形的变化","short-answer","Core","平移，旋转","平移，旋转 | 平移、旋转 | 平移和旋转","pass","none","","","Passed structural gate; include in S18 pass-sample review."
"bnu-primary-ds-v2-p2-055","P2","upper","bnu-primary-p2-upper-shape-transformations","图形的变化","multiple-choice","Challenge","B. 左边的等边三角形和右边的等边三角形，方向不同","B. 左边的等边三角形和右边的等边三角形，方向不同","pass","none","","","Passed structural gate; include in S18 pass-sample review."
"bnu-primary-ds-v2-p2-056","P2","upper","bnu-primary-p2-upper-shape-transformations","图形的变化","fill-in","Foundation","0，8","0，8 | 8，0 | 0和8 | 8和0 | 0、8 | 8、0","pass","none","","","Passed structural gate; include in S18 pass-sample review."
"bnu-primary-ds-v2-p2-057","P2","upper","bnu-primary-p2-upper-shape-transformations","图形的变化","short-answer","Core","4个","4个 | 4 | 四个","pass","none","","","Passed structural gate; include in S18 pass-sample review."
"bnu-primary-ds-v2-p2-058","P2","upper","bnu-primary-p2-upper-shape-transformations","图形的变化","multiple-choice","Challenge","A. 不变，改变","A. 不变，改变","pass","none","","","Passed structural gate; include in S18 pass-sample review."
"bnu-primary-ds-v2-p2-059","P2","upper","bnu-primary-p2-upper-shape-transformations","图形的变化","fill-in","Foundation","口，日，田","口，日，田 | 日，口，田 | 田，口，日 | 口、日、田 | 日、口、田 | 田、口、日","pass","none","","","Passed structural gate; include in S18 pass-sample review."
"bnu-primary-ds-v2-p2-060","P2","upper","bnu-primary-p2-upper-shape-transformations","图形的变化","short-answer","Core","正方形，长方形","正方形，长方形 | 长方形，正方形 | 正方形和长方形 | 长方形和正方形","pass","none","","","Passed structural gate; include in S18 pass-sample review."
"bnu-primary-ds-v2-p2-061","P2","upper","bnu-primary-p2-upper-multiplication-facts-2-to-5","2-5的乘法口诀","multiple-choice","Challenge","多4","多4","pass","none","","","Passed structural gate; include in S18 pass-sample review."
"bnu-primary-ds-v2-p2-062","P2","upper","bnu-primary-p2-upper-multiplication-facts-2-to-5","2-5的乘法口诀","fill-in","Foundation","12","12 | 12枚 | 十二 | 十二枚","pass","none","","","Passed structural gate; include in S18 pass-sample review."
"bnu-primary-ds-v2-p2-063","P2","upper","bnu-primary-p2-upper-multiplication-facts-2-to-5","2-5的乘法口诀","short-answer","Core","12个","12个 | 12","pass","none","","","Passed structural gate; include in S18 pass-sample review."
"bnu-primary-ds-v2-p2-064","P2","upper","bnu-primary-p2-upper-multiplication-facts-2-to-5","2-5的乘法口诀","multiple-choice","Challenge","用24加4","用24加4","pass","none","","","Passed structural gate; include in S18 pass-sample review."
"bnu-primary-ds-v2-p2-065","P2","upper","bnu-primary-p2-upper-multiplication-facts-2-to-5","2-5的乘法口诀","fill-in","Foundation","12","12 | 12颗 | 12颗糖果","pass","none","","","Passed structural gate; include in S18 pass-sample review."
"bnu-primary-ds-v2-p2-066","P2","upper","bnu-primary-p2-upper-multiplication-facts-2-to-5","2-5的乘法口诀","short-answer","Core","5 × 4 = 20","5 × 4 = 20 | 5×4=20 | 5*4=20","pass","none","","","Passed structural gate; include in S18 pass-sample review."
"bnu-primary-ds-v2-p2-067","P2","upper","bnu-primary-p2-upper-multiplication-facts-2-to-5","2-5的乘法口诀","multiple-choice","Challenge","四八三十二","四八三十二","pass","none","","","Passed structural gate; include in S18 pass-sample review."
"bnu-primary-ds-v2-p2-068","P2","upper","bnu-primary-p2-upper-multiplication-facts-2-to-5","2-5的乘法口诀","fill-in","Foundation","15","15 | 15枚","pass","none","","","Passed structural gate; include in S18 pass-sample review."
"bnu-primary-ds-v2-p2-069","P2","upper","bnu-primary-p2-upper-multiplication-facts-2-to-5","2-5的乘法口诀","short-answer","Core","4 × 3 = 12（支）","4 × 3 = 12（支） | 3 × 4 = 12（支）","pass","none","","","Passed structural gate; include in S18 pass-sample review."
"bnu-primary-ds-v2-p2-070","P2","upper","bnu-primary-p2-upper-multiplication-facts-2-to-5","2-5的乘法口诀","multiple-choice","Challenge","可以想成3+4=7，所以用了7张。","可以想成3+4=7，所以用了7张。","pass","none","","","Passed structural gate; include in S18 pass-sample review."
"bnu-primary-ds-v2-p2-071","P2","upper","bnu-primary-p2-upper-multiplication-facts-2-to-5","2-5的乘法口诀","fill-in","Foundation","4×3=12，三四十二","4×3=12，三四十二 | 3×4=12，三四十二","pass","none","","","Passed structural gate; include in S18 pass-sample review."
"bnu-primary-ds-v2-p2-072","P2","upper","bnu-primary-p2-upper-multiplication-facts-2-to-5","2-5的乘法口诀","short-answer","Core","5×4=20（颗），四五二十","5×4=20（颗），四五二十 | 4×5=20（颗），四五二十","pass","none","","","Passed structural gate; include in S18 pass-sample review."
"bnu-primary-ds-v2-p2-073","P2","upper","bnu-primary-p2-upper-multiplication-facts-2-to-5","2-5的乘法口诀","multiple-choice","Challenge","五三十五","五三十五","pass","none","","","Passed structural gate; include in S18 pass-sample review."
"bnu-primary-ds-v2-p2-074","P2","upper","bnu-primary-p2-upper-multiplication-facts-2-to-5","2-5的乘法口诀","fill-in","Foundation","4×5=20，四五二十","4×5=20，四五二十 | 5×4=20，四五二十","pass","none","","","Passed structural gate; include in S18 pass-sample review."
"bnu-primary-ds-v2-p2-075","P2","upper","bnu-primary-p2-upper-multiplication-facts-2-to-5","2-5的乘法口诀","short-answer","Core","3×6=18（块），三六十八","3×6=18（块），三六十八 | 6×3=18（块），三六十八","pass","none","","","Passed structural gate; include in S18 pass-sample review."
"bnu-primary-ds-v2-p2-076","P2","upper","bnu-primary-p2-upper-measurement","测量","multiple-choice","Challenge","教室黑板的长度","教室黑板的长度","pass","none","","","Passed structural gate; include in S18 pass-sample review."
"bnu-primary-ds-v2-p2-077","P2","upper","bnu-primary-p2-upper-measurement","测量","fill-in","Foundation","5","5 | 6 | 4 | 7","pass","none","","","Passed structural gate; include in S18 pass-sample review."
"bnu-primary-ds-v2-p2-078","P2","upper","bnu-primary-p2-upper-measurement","测量","short-answer","Core","2米的跳绳更长，因为2米=200厘米，200厘米>150厘米。","2米的跳绳更长，因为2米=200厘米，200厘米>150厘米。 | 2米的更长，2米=200厘米，200>150","pass","none","","","Passed structural gate; include in S18 pass-sample review."
"bnu-primary-ds-v2-p2-079","P2","upper","bnu-primary-p2-upper-measurement","测量","multiple-choice","Challenge","7厘米","7厘米","pass","none","","","Passed structural gate; include in S18 pass-sample review."
"bnu-primary-ds-v2-p2-080","P2","upper","bnu-primary-p2-upper-measurement","测量","fill-in","Foundation","米","米","pass","none","","","Passed structural gate; include in S18 pass-sample review."
"bnu-primary-ds-v2-p2-081","P2","upper","bnu-primary-p2-upper-measurement","测量","short-answer","Core","15厘米","15厘米 | 15cm","pass","none","","","Passed structural gate; include in S18 pass-sample review."
"bnu-primary-ds-v2-p2-082","P2","upper","bnu-primary-p2-upper-measurement","测量","multiple-choice","Challenge","一张课桌的高度","一张课桌的高度","pass","none","","","Passed structural gate; include in S18 pass-sample review."
"bnu-primary-ds-v2-p2-083","P2","upper","bnu-primary-p2-upper-measurement","测量","fill-in","Foundation","米","米 | m","pass","none","","","Passed structural gate; include in S18 pass-sample review."
"bnu-primary-ds-v2-p2-084","P2","upper","bnu-primary-p2-upper-measurement","测量","short-answer","Core","16厘米","16厘米 | 16cm","pass","none","","","Passed structural gate; include in S18 pass-sample review."
"bnu-primary-ds-v2-p2-085","P2","upper","bnu-primary-p2-upper-measurement","测量","multiple-choice","Challenge","3厘米","3厘米","pass","none","","","Passed structural gate; include in S18 pass-sample review."
"bnu-primary-ds-v2-p2-086","P2","upper","bnu-primary-p2-upper-measurement","测量","fill-in","Foundation","厘米","厘米 | cm","pass","none","","","Passed structural gate; include in S18 pass-sample review."
"bnu-primary-ds-v2-p2-087","P2","upper","bnu-primary-p2-upper-measurement","测量","short-answer","Core","估计和测量结果合理即可","估计和测量结果合理即可","pass","none","","","Passed structural gate; include in S18 pass-sample review."
"bnu-primary-ds-v2-p2-088","P2","upper","bnu-primary-p2-upper-measurement","测量","multiple-choice","Challenge","100厘米","100厘米","pass","none","","","Passed structural gate; include in S18 pass-sample review."
"bnu-primary-ds-v2-p2-089","P2","upper","bnu-primary-p2-upper-measurement","测量","fill-in","Foundation","100","100","pass","none","","","Passed structural gate; include in S18 pass-sample review."
"bnu-primary-ds-v2-p2-090","P2","upper","bnu-primary-p2-upper-measurement","测量","short-answer","Core","125厘米","125厘米 | 125cm","pass","none","","","Passed structural gate; include in S18 pass-sample review."
"bnu-primary-ds-v2-p2-091","P2","upper","bnu-primary-p2-upper-division-introduction","分一分与除法","multiple-choice","Challenge","分给4个小组，每组分9本","分给4个小组，每组分9本","pass","none","","","Passed structural gate; include in S18 pass-sample review."
"bnu-primary-ds-v2-p2-092","P2","upper","bnu-primary-p2-upper-division-introduction","分一分与除法","fill-in","Foundation","8","8 | 8块","pass","none","","","Passed structural gate; include in S18 pass-sample review."
"bnu-primary-ds-v2-p2-093","P2","upper","bnu-primary-p2-upper-division-introduction","分一分与除法","short-answer","Core","30÷5=6（袋）","30÷5=6（袋） | 30÷5=6 | 6袋 | 6","pass","none","","","Passed structural gate; include in S18 pass-sample review."
"bnu-primary-ds-v2-p2-094","P2","upper","bnu-primary-p2-upper-division-introduction","分一分与除法","multiple-choice","Challenge","42÷6=7（组）","42÷6=7（组）","pass","none","","","Passed structural gate; include in S18 pass-sample review."
"bnu-primary-ds-v2-p2-095","P2","upper","bnu-primary-p2-upper-division-introduction","分一分与除法","fill-in","Foundation","9","9 | 9人","pass","none","","","Passed structural gate; include in S18 pass-sample review."
"bnu-primary-ds-v2-p2-096","P2","upper","bnu-primary-p2-upper-division-introduction","分一分与除法","short-answer","Core","20÷4=5（个）","20÷4=5（个） | 20÷4=5 | 5个 | 5","pass","none","","","Passed structural gate; include in S18 pass-sample review."
"bnu-primary-ds-v2-p2-097","P2","upper","bnu-primary-p2-upper-division-introduction","分一分与除法","multiple-choice","Challenge","分给6人，每人5支","分给6人，每人5支","pass","none","","","Passed structural gate; include in S18 pass-sample review."
"bnu-primary-ds-v2-p2-098","P2","upper","bnu-primary-p2-upper-division-introduction","分一分与除法","fill-in","Foundation","5","5 | 5朵","pass","none","","","Passed structural gate; include in S18 pass-sample review."
"bnu-primary-ds-v2-p2-099","P2","upper","bnu-primary-p2-upper-division-introduction","分一分与除法","short-answer","Core","28÷7=4（盒）","28÷7=4（盒） | 28÷7=4 | 4盒 | 4","pass","none","","","Passed structural gate; include in S18 pass-sample review."
"bnu-primary-ds-v2-p2-100","P2","upper","bnu-primary-p2-upper-division-introduction","分一分与除法","multiple-choice","Foundation","27÷3=9","27÷3=9","pass","none","","","Passed structural gate; include in S18 pass-sample review."
"bnu-primary-ds-v2-p2-101","P2","upper","bnu-primary-p2-upper-division-introduction","分一分与除法","fill-in","Core","24 ÷ 8 = 3（支）","24 ÷ 8 = 3（支） | 24÷8=3（支） | 24 ÷ 8 = 3支 | 24÷8=3支","pass","none","","","Passed structural gate; include in S18 pass-sample review."
"bnu-primary-ds-v2-p2-102","P2","upper","bnu-primary-p2-upper-division-introduction","分一分与除法","short-answer","Foundation","24 ÷ 8 = 3（块）","24 ÷ 8 = 3（块） | 24÷8=3（块） | 24 ÷ 8 = 3块 | 24÷8=3块","pass","none","","","Passed structural gate; include in S18 pass-sample review."
"bnu-primary-ds-v2-p2-103","P2","upper","bnu-primary-p2-upper-division-introduction","分一分与除法","multiple-choice","Core","24 ÷ 4 = 6（颗）","24 ÷ 4 = 6（颗）","pass","none","","","Passed structural gate; include in S18 pass-sample review."
"bnu-primary-ds-v2-p2-104","P2","upper","bnu-primary-p2-upper-division-introduction","分一分与除法","fill-in","Foundation","18÷3=6（个）","18÷3=6（个） | 18÷3=6 | 6个 | 6","pass","none","","","Passed structural gate; include in S18 pass-sample review."
"bnu-primary-ds-v2-p2-105","P2","upper","bnu-primary-p2-upper-division-introduction","分一分与除法","short-answer","Core","18÷3=6（个）","18÷3=6（个） | 18÷3=6 | 18除以3等于6 | 18÷3=6个","pass","none","","","Passed structural gate; include in S18 pass-sample review."
"bnu-primary-ds-v2-p2-106","P2","upper","bnu-primary-p2-upper-multiplication-facts-6-to-9","6-9的乘法口诀","multiple-choice","Foundation","C. 56人","C. 56人","pass","none","","","Passed structural gate; include in S18 pass-sample review."
"bnu-primary-ds-v2-p2-107","P2","upper","bnu-primary-p2-upper-multiplication-facts-6-to-9","6-9的乘法口诀","fill-in","Core","56","56 | 56个","pass","none","","","Passed structural gate; include in S18 pass-sample review."
"bnu-primary-ds-v2-p2-108","P2","upper","bnu-primary-p2-upper-multiplication-facts-6-to-9","6-9的乘法口诀","short-answer","Foundation","56","56 | 56人","pass","none","","","Passed structural gate; include in S18 pass-sample review."
"bnu-primary-ds-v2-p2-109","P2","upper","bnu-primary-p2-upper-multiplication-facts-6-to-9","6-9的乘法口诀","multiple-choice","Core","18块","18块","pass","none","","","Passed structural gate; include in S18 pass-sample review."
"bnu-primary-ds-v2-p2-110","P2","upper","bnu-primary-p2-upper-multiplication-facts-6-to-9","6-9的乘法口诀","fill-in","Foundation","6×3+6×6=18+36=54","6×3+6×6=18+36=54 | 6×2+6×7=12+42=54 | 6×1+6×8=6+48=54 | 9×2+9×4=18+36=54 | 9×1+9×5=9+45=54 | 9×3+9×3=27+27=54","pass","none","","","Passed structural gate; include in S18 pass-sample review."
"bnu-primary-ds-v2-p2-111","P2","upper","bnu-primary-p2-upper-multiplication-facts-6-to-9","6-9的乘法口诀","short-answer","Core","32","32 | 32个","pass","none","","","Passed structural gate; include in S18 pass-sample review."
"bnu-primary-ds-v2-p2-112","P2","upper","bnu-primary-p2-upper-multiplication-facts-6-to-9","6-9的乘法口诀","multiple-choice","Foundation","6×7","6×7","pass","none","","","Passed structural gate; include in S18 pass-sample review."
"bnu-primary-ds-v2-p2-113","P2","upper","bnu-primary-p2-upper-multiplication-facts-6-to-9","6-9的乘法口诀","fill-in","Core","6×9=54 和 9×6=54","6×9=54 和 9×6=54 | 6×9=54，9×6=54","pass","none","","","Passed structural gate; include in S18 pass-sample review."
"bnu-primary-ds-v2-p2-114","P2","upper","bnu-primary-p2-upper-multiplication-facts-6-to-9","6-9的乘法口诀","short-answer","Foundation","28","28 | 28支","pass","none","","","Passed structural gate; include in S18 pass-sample review."
"bnu-primary-ds-v2-p2-115","P2","upper","bnu-primary-p2-upper-multiplication-facts-6-to-9","6-9的乘法口诀","multiple-choice","Core","8×7","8×7","pass","none","","","Passed structural gate; include in S18 pass-sample review."
"bnu-primary-ds-v2-p2-116","P2","upper","bnu-primary-p2-upper-multiplication-facts-6-to-9","6-9的乘法口诀","fill-in","Foundation","7，七九六十三","7，七九六十三 | 7,七九六十三","pass","none","","","Passed structural gate; include in S18 pass-sample review."
"bnu-primary-ds-v2-p2-117","P2","upper","bnu-primary-p2-upper-multiplication-facts-6-to-9","6-9的乘法口诀","short-answer","Core","48","48 | 48人","pass","none","","","Passed structural gate; include in S18 pass-sample review."
"bnu-primary-ds-v2-p2-118","P2","upper","bnu-primary-p2-upper-multiplication-facts-6-to-9","6-9的乘法口诀","multiple-choice","Foundation","七七四十九","七七四十九","pass","none","","","Passed structural gate; include in S18 pass-sample review."
"bnu-primary-ds-v2-p2-119","P2","upper","bnu-primary-p2-upper-multiplication-facts-6-to-9","6-9的乘法口诀","fill-in","Core","四，七","四，七 | 四 七","pass","none","","","Passed structural gate; include in S18 pass-sample review."
"bnu-primary-ds-v2-p2-120","P2","upper","bnu-primary-p2-upper-multiplication-facts-6-to-9","6-9的乘法口诀","short-answer","Foundation","54","54 | 54块","pass","none","","","Passed structural gate; include in S18 pass-sample review."
"bnu-primary-ds-v2-p2-121","P2","upper","bnu-primary-p2-upper-division-facts-review","除法与整理复习","multiple-choice","Core","24÷6=4，因为四六二十四","24÷6=4，因为四六二十四","pass","none","","","Passed structural gate; include in S18 pass-sample review."
"bnu-primary-ds-v2-p2-122","P2","upper","bnu-primary-p2-upper-division-facts-review","除法与整理复习","fill-in","Foundation","六，6","六，6 | 6，六","pass","none","","","Passed structural gate; include in S18 pass-sample review."
"bnu-primary-ds-v2-p2-123","P2","upper","bnu-primary-p2-upper-division-facts-review","除法与整理复习","short-answer","Core","分给3个班：24÷3=8（本）；分给6个班：24÷6=4（本）。想：三八二十四，所以24÷3=8；四六二十四，所以24÷6=4。","分给3个班：24÷3=8（本）；分给6个班：24÷6=4（本）。想：三八二十四，所以24÷3=8；四六二十四，所以24÷6=4。","pass","none","","","Passed structural gate; include in S18 pass-sample review."
"bnu-primary-ds-v2-p2-124","P2","upper","bnu-primary-p2-upper-division-facts-review","除法与整理复习","multiple-choice","Foundation","24 ÷ 6 = 4（本）","24 ÷ 6 = 4（本）","pass","none","","","Passed structural gate; include in S18 pass-sample review."
"bnu-primary-ds-v2-p2-125","P2","upper","bnu-primary-p2-upper-division-facts-review","除法与整理复习","fill-in","Core","4名","4名 | 4 | 4人","pass","none","","","Passed structural gate; include in S18 pass-sample review."
"bnu-primary-ds-v2-p2-126","P2","upper","bnu-primary-p2-upper-division-facts-review","除法与整理复习","short-answer","Foundation","24÷6=4（个）","24÷6=4（个） | 24÷6=4 | 4个 | 4","pass","none","","","Passed structural gate; include in S18 pass-sample review."
"bnu-primary-ds-v2-p2-127","P2","upper","bnu-primary-p2-upper-division-facts-review","除法与整理复习","multiple-choice","Core","24÷6=4（个），因为把24平均分，每份是6，求份数用除法。","24÷6=4（个），因为把24平均分，每份是6，求份数用除法。","pass","none","","","Passed structural gate; include in S18 pass-sample review."
"bnu-primary-ds-v2-p2-128","P2","upper","bnu-primary-p2-upper-division-facts-review","除法与整理复习","fill-in","Foundation","对，因为除法是乘法的逆运算，用商乘除数等于被除数，说明计算正确。","对，因为除法是乘法的逆运算，用商乘除数等于被除数，说明计算正确。 | 对，因为4×6=24，和原来的被除数一样，所以除法算对了。 | 对，因为乘法和除法是相反的，用乘法可以检查除法。","pass","none","","","Passed structural gate; include in S18 pass-sample review."
"bnu-primary-ds-v2-p2-129","P2","upper","bnu-primary-p2-upper-division-facts-review","除法与整理复习","short-answer","Core","每个好朋友分4张，可以分给6个好朋友（或每个好朋友分3张，可以分给8个好朋友；每个好朋友分2张，可以分给12个好朋友；每个好朋友分1张，可以分给24个好朋友；每个好朋友分12张，可以分给2个好朋友）。我是这样想的：24张贴纸，要平均分，就是想24可以分成几个几，也就是想乘法口诀。比如四六二十四，所以每个好朋友分4张，可以分给6个好朋友。","每个好朋友分4张，可以分给6个好朋友（或每个好朋友分3张，可以分给8个好朋友；每个好朋友分2张，可以分给12个好朋友；每个好朋友分1张，可以分给24个好朋友；每个好朋友分12张，可以分给2个好朋友）。我是这样想的：24张贴纸，要平均分，就是想24可以分成几个几，也就是想乘法口诀。比如四六二十四，所以每个好朋友分4张，可以分给6个好朋友。","pass","none","","","Passed structural gate; include in S18 pass-sample review."
"bnu-primary-ds-v2-p2-130","P2","upper","bnu-primary-p2-upper-division-facts-review","除法与整理复习","multiple-choice","Foundation","36 ÷ 6 = 6（本）","36 ÷ 6 = 6（本）","pass","none","","","Passed structural gate; include in S18 pass-sample review."
"bnu-primary-ds-v2-p2-131","P2","upper","bnu-primary-p2-upper-division-facts-review","除法与整理复习","fill-in","Core","8","8","pass","none","","","Passed structural gate; include in S18 pass-sample review."
"bnu-primary-ds-v2-p2-132","P2","upper","bnu-primary-p2-upper-division-facts-review","除法与整理复习","short-answer","Foundation","24 ÷ 4 = 6（个）","24 ÷ 4 = 6（个） | 24÷4=6（个） | 24÷4=6个 | 24 ÷ 4 = 6个","pass","none","","","Passed structural gate; include in S18 pass-sample review."
"bnu-primary-ds-v2-p2-133","P2","upper","bnu-primary-p2-upper-division-facts-review","除法与整理复习","multiple-choice","Core","36 ÷ 6 = 6（个）","36 ÷ 6 = 6（个）","pass","none","","","Passed structural gate; include in S18 pass-sample review."
"bnu-primary-ds-v2-p2-134","P2","upper","bnu-primary-p2-upper-division-facts-review","除法与整理复习","fill-in","Foundation","35 ÷ 5 = 7 和 35 ÷ 7 = 5","35 ÷ 5 = 7 和 35 ÷ 7 = 5 | 35÷5=7 和 35÷7=5","pass","none","","","Passed structural gate; include in S18 pass-sample review."
"bnu-primary-ds-v2-p2-135","P2","upper","bnu-primary-p2-upper-division-facts-review","除法与整理复习","short-answer","Core","对，因为 6 × 7 = 42，所以 42 ÷ 7 = 6。","对，因为 6 × 7 = 42，所以 42 ÷ 7 = 6。 | 对，因为六七四十二，所以42÷7=6。","pass","none","","","Passed structural gate; include in S18 pass-sample review."
"bnu-primary-ds-v2-p2-136","P2","lower","bnu-primary-p2-lower-division-strengthening","除法","multiple-choice","Foundation","5 个小朋友，还剩 3 颗","5 个小朋友，还剩 3 颗","pass","none","","","Passed structural gate; include in S18 pass-sample review."
"bnu-primary-ds-v2-p2-137","P2","lower","bnu-primary-p2-lower-division-strengthening","除法","fill-in","Core","7，2","7，2 | 7支，2支 | 7 2","pass","none","","","Passed structural gate; include in S18 pass-sample review."
"bnu-primary-ds-v2-p2-138","P2","lower","bnu-primary-p2-lower-division-strengthening","除法","short-answer","Foundation","18 ÷ 5 = 3（束）……3（个）","18 ÷ 5 = 3（束）……3（个） | 18÷5=3（束）……3（个） | 18÷5=3束……3个","pass","none","","","Passed structural gate; include in S18 pass-sample review."
"bnu-primary-ds-v2-p2-139","P2","lower","bnu-primary-p2-lower-division-strengthening","除法","multiple-choice","Core","56 ÷ 1","56 ÷ 1","pass","none","","","Passed structural gate; include in S18 pass-sample review."
"bnu-primary-ds-v2-p2-140","P2","lower","bnu-primary-p2-lower-division-strengthening","除法","fill-in","Foundation","3","3","pass","none","","","Passed structural gate; include in S18 pass-sample review."
"bnu-primary-ds-v2-p2-141","P2","lower","bnu-primary-p2-lower-division-strengthening","除法","short-answer","Core","22÷5=4（盒）……2（个）","22÷5=4（盒）……2（个） | 22÷5=4盒……2个 | 22÷5=4（盒）余2（个）","pass","none","","","Passed structural gate; include in S18 pass-sample review."
"bnu-primary-ds-v2-p2-142","P2","lower","bnu-primary-p2-lower-division-strengthening","除法","multiple-choice","Foundation","每人6颗，剩3颗","每人6颗，剩3颗","pass","none","","","Passed structural gate; include in S18 pass-sample review."
"bnu-primary-ds-v2-p2-143","P2","lower","bnu-primary-p2-lower-division-strengthening","除法","fill-in","Core","3，3","3，3 | 3支，3支 | 3,3","pass","none","","","Passed structural gate; include in S18 pass-sample review."
"bnu-primary-ds-v2-p2-144","P2","lower","bnu-primary-p2-lower-division-strengthening","除法","short-answer","Foundation","3个鱼缸，剩1条","3个鱼缸，剩1条 | 3个，剩1条 | 3个鱼缸，1条","pass","none","","","Passed structural gate; include in S18 pass-sample review."
"bnu-primary-ds-v2-p2-145","P2","lower","bnu-primary-p2-lower-division-strengthening","除法","multiple-choice","Core","4袋，剩3块","4袋，剩3块","pass","none","","","Passed structural gate; include in S18 pass-sample review."
"bnu-primary-ds-v2-p2-146","P2","lower","bnu-primary-p2-lower-division-strengthening","除法","fill-in","Foundation","4，5","4，5 | 4束，5个 | 4,5","pass","none","","","Passed structural gate; include in S18 pass-sample review."
"bnu-primary-ds-v2-p2-147","P2","lower","bnu-primary-p2-lower-division-strengthening","除法","short-answer","Core","40÷7=5（本）……5（本）","40÷7=5（本）……5（本） | 40÷7=5本……5本 | 40÷7=5（本）余5（本）","pass","none","","","Passed structural gate; include in S18 pass-sample review."
"bnu-primary-ds-v2-p2-148","P2","lower","bnu-primary-p2-lower-division-strengthening","除法","multiple-choice","Foundation","3盒，剩4个","3盒，剩4个","pass","none","","","Passed structural gate; include in S18 pass-sample review."
"bnu-primary-ds-v2-p2-149","P2","lower","bnu-primary-p2-lower-division-strengthening","除法","fill-in","Core","3，2","3，2 | 3盘，2个 | 3,2","pass","none","","","Passed structural gate; include in S18 pass-sample review."
"bnu-primary-ds-v2-p2-150","P2","lower","bnu-primary-p2-lower-division-strengthening","除法","short-answer","Foundation","4条船，剩2个","4条船，剩2个 | 4条，剩2个 | 4条船，2个","pass","none","","","Passed structural gate; include in S18 pass-sample review."
"bnu-primary-ds-v2-p2-151","P2","lower","bnu-primary-p2-lower-direction-position","方向与位置","multiple-choice","Core","西","西","pass","none","","","Passed structural gate; include in S18 pass-sample review."
"bnu-primary-ds-v2-p2-152","P2","lower","bnu-primary-p2-lower-direction-position","方向与位置","fill-in","Foundation","西","西","pass","none","","","Passed structural gate; include in S18 pass-sample review."
"bnu-primary-ds-v2-p2-153","P2","lower","bnu-primary-p2-lower-direction-position","方向与位置","short-answer","Core","东北","东北","pass","none","","","Passed structural gate; include in S18 pass-sample review."
"bnu-primary-ds-v2-p2-154","P2","lower","bnu-primary-p2-lower-direction-position","方向与位置","multiple-choice","Foundation","东北","东北","pass","none","","","Passed structural gate; include in S18 pass-sample review."
"bnu-primary-ds-v2-p2-155","P2","lower","bnu-primary-p2-lower-direction-position","方向与位置","fill-in","Core","北","北","pass","none","","","Passed structural gate; include in S18 pass-sample review."
"bnu-primary-ds-v2-p2-156","P2","lower","bnu-primary-p2-lower-direction-position","方向与位置","short-answer","Foundation","从学校向西走60米到邮局，再向南走80米到超市，最后向西走100米到家。","从学校向西走60米到邮局，再向南走80米到超市，最后向西走100米到家。","pass","none","","","Passed structural gate; include in S18 pass-sample review."
"bnu-primary-ds-v2-p2-157","P2","lower","bnu-primary-p2-lower-direction-position","方向与位置","multiple-choice","Core","东","东","pass","none","","","Passed structural gate; include in S18 pass-sample review."
"bnu-primary-ds-v2-p2-158","P2","lower","bnu-primary-p2-lower-direction-position","方向与位置","fill-in","Foundation","东","东","pass","none","","","Passed structural gate; include in S18 pass-sample review."
"bnu-primary-ds-v2-p2-159","P2","lower","bnu-primary-p2-lower-direction-position","方向与位置","short-answer","Core","东南","东南","pass","none","","","Passed structural gate; include in S18 pass-sample review."
"bnu-primary-ds-v2-p2-160","P2","lower","bnu-primary-p2-lower-direction-position","方向与位置","multiple-choice","Foundation","南","南","pass","none","","","Passed structural gate; include in S18 pass-sample review."
"bnu-primary-ds-v2-p2-161","P2","lower","bnu-primary-p2-lower-direction-position","方向与位置","fill-in","Core","东南","东南","pass","none","","","Passed structural gate; include in S18 pass-sample review."
"bnu-primary-ds-v2-p2-162","P2","lower","bnu-primary-p2-lower-direction-position","方向与位置","short-answer","Foundation","北面","北面 | 北边 | 正北","pass","none","","","Passed structural gate; include in S18 pass-sample review."
"bnu-primary-ds-v2-p2-163","P2","lower","bnu-primary-p2-lower-direction-position","方向与位置","multiple-choice","Core","先向北走，再向西走","先向北走，再向西走","pass","none","","","Passed structural gate; include in S18 pass-sample review."
"bnu-primary-ds-v2-p2-164","P2","lower","bnu-primary-p2-lower-direction-position","方向与位置","fill-in","Foundation","东","东","pass","none","","","Passed structural gate; include in S18 pass-sample review."
"bnu-primary-ds-v2-p2-165","P2","lower","bnu-primary-p2-lower-direction-position","方向与位置","short-answer","Core","小兔说得对。因为从广场出发，先向北到松树林，再向东到蘑菇地，再向南到小河，此时小河在蘑菇地的南边，广场在小河的西边，所以最后向西走就能回到广场。小鹿说向东走是错误的。","小兔说得对。因为从广场出发，先向北到松树林，再向东到蘑菇地，再向南到小河，此时小河在蘑菇地的南边，广场在小河的西边，所以最后向西走就能回到广场。小鹿说向东走是错误的。 | 小兔说得对。因为从广场向北到松树林，向东到蘑菇地，向南到小河，这时广场在小河的西面，所以向西走就能回到广场。小鹿说的向东走是错的。 | 小兔说得对。因为按照路线，最后小河在广场的东边，所以向西走才能回到广场。小鹿说向东走不对。","pass","none","","","Passed structural gate; include in S18 pass-sample review."
"bnu-primary-ds-v2-p2-166","P2","lower","bnu-primary-p2-lower-large-numbers","生活中的大数","multiple-choice","Foundation","3080","3080","pass","none","","","Passed structural gate; include in S18 pass-sample review."
"bnu-primary-ds-v2-p2-167","P2","lower","bnu-primary-p2-lower-large-numbers","生活中的大数","fill-in","Core","（1）8540 （2）4058 （3）5048","（1）8540 （2）4058 （3）5048","pass","none","","","Passed structural gate; include in S18 pass-sample review."
"bnu-primary-ds-v2-p2-168","P2","lower","bnu-primary-p2-lower-large-numbers","生活中的大数","short-answer","Foundation","写作3058，读作三千零五十八","写作3058，读作三千零五十八 | 3058，三千零五十八","pass","none","","","Passed structural gate; include in S18 pass-sample review."
"bnu-primary-ds-v2-p2-169","P2","lower","bnu-primary-p2-lower-large-numbers","生活中的大数","multiple-choice","Core","853 + 305 = 1158","853 + 305 = 1158","pass","none","","","Passed structural gate; include in S18 pass-sample review."
"bnu-primary-ds-v2-p2-170","P2","lower","bnu-primary-p2-lower-large-numbers","生活中的大数","fill-in","Foundation","3058","3058","pass","none","","","Passed structural gate; include in S18 pass-sample review."
"bnu-primary-ds-v2-p2-171","P2","lower","bnu-primary-p2-lower-large-numbers","生活中的大数","short-answer","Core","最大的四位数是8530，最小的四位数是3058","最大的四位数是8530，最小的四位数是3058 | 8530 3058 | 8530,3058","pass","none","","","Passed structural gate; include in S18 pass-sample review."
"bnu-primary-ds-v2-p2-172","P2","lower","bnu-primary-p2-lower-large-numbers","生活中的大数","multiple-choice","Foundation","6007","6007","pass","none","","","Passed structural gate; include in S18 pass-sample review."
"bnu-primary-ds-v2-p2-173","P2","lower","bnu-primary-p2-lower-large-numbers","生活中的大数","fill-in","Core","4069","4069","pass","none","","","Passed structural gate; include in S18 pass-sample review."
"bnu-primary-ds-v2-p2-174","P2","lower","bnu-primary-p2-lower-large-numbers","生活中的大数","short-answer","Foundation","（1）3250 （2）5004","（1）3250 （2）5004 | 3250 5004 | 3250,5004","pass","none","","","Passed structural gate; include in S18 pass-sample review."
"bnu-primary-ds-v2-p2-175","P2","lower","bnu-primary-p2-lower-large-numbers","生活中的大数","multiple-choice","Core","<","<","pass","none","","","Passed structural gate; include in S18 pass-sample review."
"bnu-primary-ds-v2-p2-176","P2","lower","bnu-primary-p2-lower-large-numbers","生活中的大数","fill-in","Foundation","3000，3001","3000，3001 | 3000 3001 | 3000,3001","pass","none","","","Passed structural gate; include in S18 pass-sample review."
"bnu-primary-ds-v2-p2-177","P2","lower","bnu-primary-p2-lower-large-numbers","生活中的大数","short-answer","Core","可以组成18个不同的四位数。最大的数是7530，最小的数是3057。","可以组成18个不同的四位数。最大的数是7530，最小的数是3057。 | 18 7530 3057","pass","none","","","Passed structural gate; include in S18 pass-sample review."
"bnu-primary-ds-v2-p2-178","P2","lower","bnu-primary-p2-lower-large-numbers","生活中的大数","multiple-choice","Foundation","8008","8008","pass","none","","","Passed structural gate; include in S18 pass-sample review."
"bnu-primary-ds-v2-p2-179","P2","lower","bnu-primary-p2-lower-large-numbers","生活中的大数","fill-in","Core","个，十，百，千","个，十，百，千 | 个 十 百 千 | 个、十、百、千","pass","none","","","Passed structural gate; include in S18 pass-sample review."
"bnu-primary-ds-v2-p2-180","P2","lower","bnu-primary-p2-lower-large-numbers","生活中的大数","short-answer","Foundation","（1）5302 五千三百零二 （2）8060 八千零六十","（1）5302 五千三百零二 （2）8060 八千零六十 | 5302 五千三百零二 8060 八千零六十","pass","none","","","Passed structural gate; include in S18 pass-sample review."
"bnu-primary-ds-v2-p2-181","P2","lower","bnu-primary-p2-lower-measurement","测量","multiple-choice","Core","毫米","毫米","pass","none","","","Passed structural gate; include in S18 pass-sample review."
"bnu-primary-ds-v2-p2-182","P2","lower","bnu-primary-p2-lower-measurement","测量","fill-in","Foundation","3000","3000","pass","none","","","Passed structural gate; include in S18 pass-sample review."
"bnu-primary-ds-v2-p2-183","P2","lower","bnu-primary-p2-lower-measurement","测量","multiple-choice","Core","一支新铅笔的长度","一支新铅笔的长度","pass","none","","","Passed structural gate; include in S18 pass-sample review."
"bnu-primary-ds-v2-p2-184","P2","lower","bnu-primary-p2-lower-measurement","测量","fill-in","Foundation","50","50","pass","none","","","Passed structural gate; include in S18 pass-sample review."
"bnu-primary-ds-v2-p2-185","P2","lower","bnu-primary-p2-lower-measurement","测量","multiple-choice","Core","千米","千米","pass","none","","","Passed structural gate; include in S18 pass-sample review."
"bnu-primary-ds-v2-p2-186","P2","lower","bnu-primary-p2-lower-measurement","测量","fill-in","Foundation","2","2","pass","none","","","Passed structural gate; include in S18 pass-sample review."
"bnu-primary-ds-v2-p2-187","P2","lower","bnu-primary-p2-lower-measurement","测量","multiple-choice","Core","毫米","毫米","pass","none","","","Passed structural gate; include in S18 pass-sample review."
"bnu-primary-ds-v2-p2-188","P2","lower","bnu-primary-p2-lower-measurement","测量","fill-in","Foundation","40","40","pass","none","","","Passed structural gate; include in S18 pass-sample review."
"bnu-primary-ds-v2-p2-189","P2","lower","bnu-primary-p2-lower-measurement","测量","multiple-choice","Core","一张银行卡的厚度","一张银行卡的厚度","pass","none","","","Passed structural gate; include in S18 pass-sample review."
"bnu-primary-ds-v2-p2-190","P2","lower","bnu-primary-p2-lower-measurement","测量","fill-in","Foundation","6","6","pass","none","","","Passed structural gate; include in S18 pass-sample review."
"bnu-primary-ds-v2-p2-191","P2","lower","bnu-primary-p2-lower-measurement","测量","multiple-choice","Core","数学课本的厚度","数学课本的厚度","pass","none","","","Passed structural gate; include in S18 pass-sample review."
"bnu-primary-ds-v2-p2-192","P2","lower","bnu-primary-p2-lower-measurement","测量","fill-in","Foundation","10","10","pass","none","","","Passed structural gate; include in S18 pass-sample review."
"bnu-primary-ds-v2-p2-193","P2","lower","bnu-primary-p2-lower-measurement","测量","multiple-choice","Core","2000","2000","pass","none","","","Passed structural gate; include in S18 pass-sample review."
"bnu-primary-ds-v2-p2-194","P2","lower","bnu-primary-p2-lower-measurement","测量","fill-in","Foundation","米","米","pass","none","","","Passed structural gate; include in S18 pass-sample review."
"bnu-primary-ds-v2-p2-195","P2","lower","bnu-primary-p2-lower-three-digit-add-sub","加与减","multiple-choice","Core","443","443","pass","none","","","Passed structural gate; include in S18 pass-sample review."
"bnu-primary-ds-v2-p2-196","P2","lower","bnu-primary-p2-lower-three-digit-add-sub","加与减","fill-in","Foundation","216","216","pass","none","","","Passed structural gate; include in S18 pass-sample review."
"bnu-primary-ds-v2-p2-197","P2","lower","bnu-primary-p2-lower-three-digit-add-sub","加与减","multiple-choice","Core","702-199","702-199","pass","none","","","Passed structural gate; include in S18 pass-sample review."
"bnu-primary-ds-v2-p2-198","P2","lower","bnu-primary-p2-lower-three-digit-add-sub","加与减","fill-in","Foundation","235","235","pass","none","","","Passed structural gate; include in S18 pass-sample review."
"bnu-primary-ds-v2-p2-199","P2","lower","bnu-primary-p2-lower-three-digit-add-sub","加与减","multiple-choice","Core","327-148","327-148","pass","none","","","Passed structural gate; include in S18 pass-sample review."
"bnu-primary-ds-v2-p2-200","P2","lower","bnu-primary-p2-lower-three-digit-add-sub","加与减","fill-in","Foundation","630","630","pass","none","","","Passed structural gate; include in S18 pass-sample review."
"bnu-primary-ds-v2-p2-201","P2","lower","bnu-primary-p2-lower-three-digit-add-sub","加与减","multiple-choice","Core","721 本","721 本","pass","none","","","Passed structural gate; include in S18 pass-sample review."
"bnu-primary-ds-v2-p2-202","P2","lower","bnu-primary-p2-lower-three-digit-add-sub","加与减","fill-in","Foundation","估算：530+380=910；准确：904；验算：904-376=528","估算：530+380=910；准确：904；验算：904-376=528 | 估算：530+380=910，准确：904，验算：904-376=528 | 估算：530+380=910 准确：904 验算：904-376=528","pass","none","","","Passed structural gate; include in S18 pass-sample review."
"bnu-primary-ds-v2-p2-203","P2","lower","bnu-primary-p2-lower-three-digit-add-sub","加与减","multiple-choice","Core","326 + 158 = 484（本），484 + 326 = 810（本）","326 + 158 = 484（本），484 + 326 = 810（本）","pass","none","","","Passed structural gate; include in S18 pass-sample review."
"bnu-primary-ds-v2-p2-204","P2","lower","bnu-primary-p2-lower-three-digit-add-sub","加与减","fill-in","Foundation","估算：270+200=470（本），竖式计算：268+195=463（本）","估算：270+200=470（本），竖式计算：268+195=463（本）","pass","none","","","Passed structural gate; include in S18 pass-sample review."
"bnu-primary-ds-v2-p2-205","P2","lower","bnu-primary-p2-lower-three-digit-add-sub","加与减","multiple-choice","Core","228本","228本","pass","none","","","Passed structural gate; include in S18 pass-sample review."
"bnu-primary-ds-v2-p2-206","P2","lower","bnu-primary-p2-lower-three-digit-add-sub","加与减","fill-in","Foundation","估算：270+200=470（本）或 270+190=460（本）等合理估算；竖式计算：268+195=463（本）","估算：270+200=470（本）或 270+190=460（本）等合理估算；竖式计算：268+195=463（本）","pass","none","","","Passed structural gate; include in S18 pass-sample review."
"bnu-primary-ds-v2-p2-207","P2","lower","bnu-primary-p2-lower-three-digit-add-sub","加与减","multiple-choice","Core","把358看作360，276看作280，360+280=640","把358看作360，276看作280，360+280=640","pass","none","","","Passed structural gate; include in S18 pass-sample review."
"bnu-primary-ds-v2-p2-208","P2","lower","bnu-primary-p2-lower-three-digit-add-sub","加与减","fill-in","Foundation","估算：426 接近 430，158 接近 160，93 接近 90，430 - 160 = 270，270 + 90 = 360，大约 360 本。精确计算：426 - 158 = 268，268 + 93 = 361，现在有 361 本。","估算：426 接近 430，158 接近 160，93 接近 90，430 - 160 = 270，270 + 90 = 360，大约 360 本。精确计算：426 - 158 = 268，268 + 93 = 361，现在有 361 本。 | 估算：426≈430，158≈160，93≈90，430-160=270，270+90=360，大约360本。精确计算：426-158=268，268+93=361，现在有361本。","pass","none","","","Passed structural gate; include in S18 pass-sample review."
"bnu-primary-ds-v2-p2-209","P2","lower","bnu-primary-p2-lower-plane-shapes","认识图形","multiple-choice","Core","A","A","pass","none","","","Passed structural gate; include in S18 pass-sample review."
"bnu-primary-ds-v2-p2-210","P2","lower","bnu-primary-p2-lower-plane-shapes","认识图形","fill-in","Foundation","长方形","长方形","pass","none","","","Passed structural gate; include in S18 pass-sample review."
"bnu-primary-ds-v2-p2-211","P2","lower","bnu-primary-p2-lower-plane-shapes","认识图形","multiple-choice","Core","图形一","图形一","pass","none","","","Passed structural gate; include in S18 pass-sample review."
"bnu-primary-ds-v2-p2-212","P2","lower","bnu-primary-p2-lower-plane-shapes","认识图形","fill-in","Foundation","正方形","正方形","pass","none","","","Passed structural gate; include in S18 pass-sample review."
"bnu-primary-ds-v2-p2-213","P2","lower","bnu-primary-p2-lower-plane-shapes","认识图形","multiple-choice","Core","用4个同样大小的正方形拼在一起，拼成后的图形是一个大正方形。","用4个同样大小的正方形拼在一起，拼成后的图形是一个大正方形。","pass","none","","","Passed structural gate; include in S18 pass-sample review."
"bnu-primary-ds-v2-p2-214","P2","lower","bnu-primary-p2-lower-plane-shapes","认识图形","fill-in","Foundation","二","二","pass","none","","","Passed structural gate; include in S18 pass-sample review."
"bnu-primary-ds-v2-p2-215","P2","lower","bnu-primary-p2-lower-plane-shapes","认识图形","multiple-choice","Core","卡片A","卡片A","pass","none","","","Passed structural gate; include in S18 pass-sample review."
"bnu-primary-ds-v2-p2-216","P2","lower","bnu-primary-p2-lower-plane-shapes","认识图形","fill-in","Foundation","②","② | 2","pass","none","","","Passed structural gate; include in S18 pass-sample review."
"bnu-primary-ds-v2-p2-217","P2","lower","bnu-primary-p2-lower-plane-shapes","认识图形","multiple-choice","Core","有4条边，对边相等，4个角都是直角","有4条边，对边相等，4个角都是直角","pass","none","","","Passed structural gate; include in S18 pass-sample review."
"bnu-primary-ds-v2-p2-218","P2","lower","bnu-primary-p2-lower-plane-shapes","认识图形","fill-in","Foundation","长方形","长方形","pass","none","","","Passed structural gate; include in S18 pass-sample review."
"bnu-primary-ds-v2-p2-219","P2","lower","bnu-primary-p2-lower-plane-shapes","认识图形","multiple-choice","Core","图形一","图形一","pass","none","","","Passed structural gate; include in S18 pass-sample review."
"bnu-primary-ds-v2-p2-220","P2","lower","bnu-primary-p2-lower-plane-shapes","认识图形","fill-in","Foundation","长方形","长方形","pass","none","","","Passed structural gate; include in S18 pass-sample review."
"bnu-primary-ds-v2-p2-221","P2","lower","bnu-primary-p2-lower-plane-shapes","认识图形","multiple-choice","Core","长方形","长方形","pass","none","","","Passed structural gate; include in S18 pass-sample review."
"bnu-primary-ds-v2-p2-222","P2","lower","bnu-primary-p2-lower-plane-shapes","认识图形","fill-in","Foundation","长方形","长方形","pass","none","","","Passed structural gate; include in S18 pass-sample review."
"bnu-primary-ds-v2-p2-223","P2","lower","bnu-primary-p2-lower-time","时、分、秒","multiple-choice","Core","30分钟","30分钟","pass","none","","","Passed structural gate; include in S18 pass-sample review."
"bnu-primary-ds-v2-p2-224","P2","lower","bnu-primary-p2-lower-time","时、分、秒","fill-in","Foundation","60,2","60,2 | 60，2","pass","none","","","Passed structural gate; include in S18 pass-sample review."
"bnu-primary-ds-v2-p2-225","P2","lower","bnu-primary-p2-lower-time","时、分、秒","multiple-choice","Core","140分钟","140分钟","pass","none","","","Passed structural gate; include in S18 pass-sample review."
"bnu-primary-ds-v2-p2-226","P2","lower","bnu-primary-p2-lower-time","时、分、秒","fill-in","Foundation","7,30","7,30 | 7，30","pass","none","","","Passed structural gate; include in S18 pass-sample review."
"bnu-primary-ds-v2-p2-227","P2","lower","bnu-primary-p2-lower-time","时、分、秒","multiple-choice","Core","分针走1小格","分针走1小格","pass","none","","","Passed structural gate; include in S18 pass-sample review."
"bnu-primary-ds-v2-p2-228","P2","lower","bnu-primary-p2-lower-time","时、分、秒","fill-in","Foundation","分,秒","分,秒 | 分，秒","pass","none","","","Passed structural gate; include in S18 pass-sample review."
"bnu-primary-ds-v2-p2-229","P2","lower","bnu-primary-p2-lower-time","时、分、秒","multiple-choice","Core","跳100下跳绳","跳100下跳绳","pass","none","","","Passed structural gate; include in S18 pass-sample review."
"bnu-primary-ds-v2-p2-230","P2","lower","bnu-primary-p2-lower-time","时、分、秒","fill-in","Foundation","30","30","pass","none","","","Passed structural gate; include in S18 pass-sample review."
"bnu-primary-ds-v2-p2-231","P2","lower","bnu-primary-p2-lower-time","时、分、秒","multiple-choice","Core","7:55","7:55","pass","none","","","Passed structural gate; include in S18 pass-sample review."
"bnu-primary-ds-v2-p2-232","P2","lower","bnu-primary-p2-lower-time","时、分、秒","fill-in","Foundation","秒，小时","秒，小时","pass","none","","","Passed structural gate; include in S18 pass-sample review."
"bnu-primary-ds-v2-p2-233","P2","lower","bnu-primary-p2-lower-time","时、分、秒","multiple-choice","Core","20分钟","20分钟","pass","none","","","Passed structural gate; include in S18 pass-sample review."
"bnu-primary-ds-v2-p2-234","P2","lower","bnu-primary-p2-lower-time","时、分、秒","fill-in","Foundation","60，2","60，2","pass","none","","","Passed structural gate; include in S18 pass-sample review."
"bnu-primary-ds-v2-p2-235","P2","lower","bnu-primary-p2-lower-time","时、分、秒","multiple-choice","Core","跳绳100下","跳绳100下","pass","none","","","Passed structural gate; include in S18 pass-sample review."
"bnu-primary-ds-v2-p2-236","P2","lower","bnu-primary-p2-lower-time","时、分、秒","fill-in","Foundation","10","10","pass","none","","","Passed structural gate; include in S18 pass-sample review."
"bnu-primary-ds-v2-p2-237","P2","lower","bnu-primary-p2-lower-data-recording-review","调查与记录及整理复习","multiple-choice","Core","喜欢跳绳和打球的一共有22人","喜欢跳绳和打球的一共有22人","pass","none","","","Passed structural gate; include in S18 pass-sample review."
"bnu-primary-ds-v2-p2-238","P2","lower","bnu-primary-p2-lower-data-recording-review","调查与记录及整理复习","fill-in","Foundation","10，40","10，40","pass","none","","","Passed structural gate; include in S18 pass-sample review."
"bnu-primary-ds-v2-p2-239","P2","lower","bnu-primary-p2-lower-data-recording-review","调查与记录及整理复习","multiple-choice","Foundation","写“正”字","写“正”字","pass","none","","","Passed structural gate; include in S18 pass-sample review."
"bnu-primary-ds-v2-p2-240","P2","lower","bnu-primary-p2-lower-data-recording-review","调查与记录及整理复习","fill-in","Foundation","科技，6","科技，6","pass","none","","","Passed structural gate; include in S18 pass-sample review."
"bnu-primary-ds-v2-p2-241","P2","lower","bnu-primary-p2-lower-data-recording-review","调查与记录及整理复习","multiple-choice","Foundation","喜欢拍皮球的人数最多，是20人","喜欢拍皮球的人数最多，是20人","pass","none","","","Passed structural gate; include in S18 pass-sample review."
"bnu-primary-ds-v2-p2-242","P2","lower","bnu-primary-p2-lower-data-recording-review","调查与记录及整理复习","multiple-choice","Foundation","第三组收集的废电池最多，是15节","第三组收集的废电池最多，是15节","pass","none","","","Passed structural gate; include in S18 pass-sample review."
"bnu-primary-ds-v2-p2-243","P2","lower","bnu-primary-p2-lower-data-recording-review","调查与记录及整理复习","multiple-choice","Foundation","喜欢苹果的人数最多，是20人","喜欢苹果的人数最多，是20人","pass","none","","","Passed structural gate; include in S18 pass-sample review."
"bnu-primary-ds-v2-p2-244","P2","lower","bnu-primary-p2-lower-data-recording-review","调查与记录及整理复习","multiple-choice","Foundation","喜欢跳绳的人数最多，是20人","喜欢跳绳的人数最多，是20人","pass","none","","","Passed structural gate; include in S18 pass-sample review."
"bnu-primary-ds-v2-p2-245","P2","lower","bnu-primary-p2-lower-data-recording-review","调查与记录及整理复习","multiple-choice","Foundation","喜欢小猫的人数最多，是25人","喜欢小猫的人数最多，是25人","pass","none","","","Passed structural gate; include in S18 pass-sample review."
"bnu-primary-ds-v2-p2-246","P2","lower","bnu-primary-p2-lower-data-recording-review","调查与记录及整理复习","multiple-choice","Foundation","喜欢黄色的人数最多，是20人","喜欢黄色的人数最多，是20人","pass","none","","","Passed structural gate; include in S18 pass-sample review."
"bnu-primary-ds-v2-p2-247","P2","lower","bnu-primary-p2-lower-data-recording-review","调查与记录及整理复习","multiple-choice","Foundation","喜欢春天的人数最多，是20人","喜欢春天的人数最多，是20人","pass","none","","","Passed structural gate; include in S18 pass-sample review."
"bnu-primary-ds-v2-p2-248","P2","lower","bnu-primary-p2-lower-data-recording-review","调查与记录及整理复习","multiple-choice","Foundation","喜欢科普书的人数最多，是20人","喜欢科普书的人数最多，是20人","pass","none","","","Passed structural gate; include in S18 pass-sample review."
"bnu-primary-ds-v2-p2-249","P2","lower","bnu-primary-p2-lower-data-recording-review","调查与记录及整理复习","multiple-choice","Foundation","喜欢水果的人数最多，是20人","喜欢水果的人数最多，是20人","pass","none","","","Passed structural gate; include in S18 pass-sample review."
"bnu-primary-ds-v2-p2-250","P2","lower","bnu-primary-p2-lower-data-recording-review","调查与记录及整理复习","multiple-choice","Foundation","喜欢动画片的人数最多，是20人","喜欢动画片的人数最多，是20人","pass","none","","","Passed structural gate; include in S18 pass-sample review."
"bnu-primary-ds-v2-p3-001","P3","upper","bnu-primary-p3-upper-mixed-operations","混合运算","multiple-choice","Core","8×6－15＋4×6","8×6－15＋4×6","pass","none","","","Passed structural gate; include in S18 pass-sample review."
"bnu-primary-ds-v2-p3-002","P3","upper","bnu-primary-p3-upper-mixed-operations","混合运算","fill-in","Foundation","(42 - 6 × 5) ÷ 4 = 3（条）","(42 - 6 × 5) ÷ 4 = 3（条） | (42 - 5 × 6) ÷ 4 = 3（条） | 42 - 6 × 5 = 12，12 ÷ 4 = 3（条）","pass","none","","","Passed structural gate; include in S18 pass-sample review."
"bnu-primary-ds-v2-p3-003","P3","upper","bnu-primary-p3-upper-mixed-operations","混合运算","short-answer","Challenge","(3×8-12)÷4=3（支）","(3×8-12)÷4=3（支） | 3支 | 3","pass","none","","","Passed structural gate; include in S18 pass-sample review."
"bnu-primary-ds-v2-p3-004","P3","upper","bnu-primary-p3-upper-mixed-operations","混合运算","multiple-choice","Exam","2辆","2辆","pass","none","","","Passed structural gate; include in S18 pass-sample review."
"bnu-primary-ds-v2-p3-005","P3","upper","bnu-primary-p3-upper-mixed-operations","混合运算","fill-in","Core","240 + 3 × 25 = 315（本）","240 + 3 × 25 = 315（本） | 240 + 3 × 25 = 315 | 240+3×25=315 | 240+3×25=315（本）","pass","none","","","Passed structural gate; include in S18 pass-sample review."
"bnu-primary-ds-v2-p3-006","P3","upper","bnu-primary-p3-upper-mixed-operations","混合运算","short-answer","Foundation","36","36 | 36本","pass","none","","","Passed structural gate; include in S18 pass-sample review."
"bnu-primary-ds-v2-p3-007","P3","upper","bnu-primary-p3-upper-mixed-operations","混合运算","multiple-choice","Challenge","5×8－26","5×8－26","pass","none","","","Passed structural gate; include in S18 pass-sample review."
"bnu-primary-ds-v2-p3-008","P3","upper","bnu-primary-p3-upper-mixed-operations","混合运算","fill-in","Exam","6×5+4×3=42（人）","6×5+4×3=42（人） | 6×5+4×3=42 | 42人 | 42","pass","none","","","Passed structural gate; include in S18 pass-sample review."
"bnu-primary-ds-v2-p3-009","P3","upper","bnu-primary-p3-upper-mixed-operations","混合运算","short-answer","Core","先算20－2，因为小括号里的运算要先算，20－2表示买笔记本实际花的钱。","先算20－2，因为小括号里的运算要先算，20－2表示买笔记本实际花的钱。","pass","none","","","Passed structural gate; include in S18 pass-sample review."
"bnu-primary-ds-v2-p3-010","P3","upper","bnu-primary-p3-upper-mixed-operations","混合运算","multiple-choice","Foundation","50 - (4 × 6 + 8)","50 - (4 × 6 + 8)","pass","none","","","Passed structural gate; include in S18 pass-sample review."
"bnu-primary-ds-v2-p3-011","P3","upper","bnu-primary-p3-upper-mixed-operations","混合运算","fill-in","Challenge","8×12-45+3×12=96-45+36=87（支）","8×12-45+3×12=96-45+36=87（支） | 87支 | 87","pass","none","","","Passed structural gate; include in S18 pass-sample review."
"bnu-primary-ds-v2-p3-012","P3","upper","bnu-primary-p3-upper-mixed-operations","混合运算","short-answer","Exam","不能，还差29个座位。","不能，还差29个座位。 | 不能，还差29个座位 | 不能，差29个座位 | 不能，还差29座 | 不能，差29座","pass","none","","","Passed structural gate; include in S18 pass-sample review."
"bnu-primary-ds-v2-p3-013","P3","upper","bnu-primary-p3-upper-mixed-operations","混合运算","multiple-choice","Core","A. 50 - 5 × 4","A. 50 - 5 × 4 | A | 50 - 5 × 4","pass","none","","","Passed structural gate; include in S18 pass-sample review."
"bnu-primary-ds-v2-p3-014","P3","upper","bnu-primary-p3-upper-mixed-operations","混合运算","fill-in","Foundation","除，加，44","除，加，44 | 除法，加法，44","pass","none","","","Passed structural gate; include in S18 pass-sample review."
"bnu-primary-ds-v2-p3-015","P3","upper","bnu-primary-p3-upper-mixed-operations","混合运算","short-answer","Challenge","相差20。","相差20。 | 相差20 | 20 | 20。","pass","none","","","Passed structural gate; include in S18 pass-sample review."
"bnu-primary-ds-v2-p3-016","P3","upper","bnu-primary-p3-upper-observe-objects","观察物体","multiple-choice","Exam","A. 竖着排成一列的2个正方形","A. 竖着排成一列的2个正方形 | A | 竖着排成一列的2个正方形","pass","none","","","Passed structural gate; include in S18 pass-sample review."
"bnu-primary-ds-v2-p3-017","P3","upper","bnu-primary-p3-upper-observe-objects","观察物体","fill-in","Core","看到的是竖着排成一列的2个正方形，下面一个在左，上面一个在右。","看到的是竖着排成一列的2个正方形，下面一个在左，上面一个在右。 | 竖着排成一列的2个正方形，下面一个在左，上面一个在右 | 竖着2个正方形，左下一个，右上一下","pass","none","","","Passed structural gate; include in S18 pass-sample review."
"bnu-primary-ds-v2-p3-018","P3","upper","bnu-primary-p3-upper-observe-objects","观察物体","short-answer","Foundation","从前面看到正方形，从右面也看到正方形，两个形状一样，因为正方体每个面都是相同的正方形。","从前面看到正方形，从右面也看到正方形，两个形状一样，因为正方体每个面都是相同的正方形。 | 都是正方形，一样，因为正方体每个面都是正方形","pass","none","","","Passed structural gate; include in S18 pass-sample review."
"bnu-primary-ds-v2-p3-019","P3","upper","bnu-primary-p3-upper-observe-objects","观察物体","multiple-choice","Challenge","B. 4个","B. 4个 | B | 4个","pass","none","","","Passed structural gate; include in S18 pass-sample review."
"bnu-primary-ds-v2-p3-020","P3","upper","bnu-primary-p3-upper-observe-objects","观察物体","fill-in","Exam","看到的是1个正方形。","看到的是1个正方形。 | 1个正方形 | 一个正方形","pass","none","","","Passed structural gate; include in S18 pass-sample review."
"bnu-primary-ds-v2-p3-021","P3","upper","bnu-primary-p3-upper-observe-objects","观察物体","short-answer","Core","2","2 | 两层 | 2层","pass","none","","","Passed structural gate; include in S18 pass-sample review."
"bnu-primary-ds-v2-p3-022","P3","upper","bnu-primary-p3-upper-observe-objects","观察物体","multiple-choice","Foundation","竖着排成一列的2个小正方形","竖着排成一列的2个小正方形","pass","none","","","Passed structural gate; include in S18 pass-sample review."
"bnu-primary-ds-v2-p3-023","P3","upper","bnu-primary-p3-upper-observe-objects","观察物体","fill-in","Challenge","2","2 | 两层 | 2层","pass","none","","","Passed structural gate; include in S18 pass-sample review."
"bnu-primary-ds-v2-p3-024","P3","upper","bnu-primary-p3-upper-observe-objects","观察物体","short-answer","Exam","第一层：前排左边1个，前排右边1个，后排左边1个；第二层：前排左边上面放1个","第一层：前排左边1个，前排右边1个，后排左边1个；第二层：前排左边上面放1个 | 前排左边上下两个，前排右边一个，后排左边一个 | 第一层摆三个：前排左、前排右、后排左；第二层在前排左上方加一个","pass","none","","","Passed structural gate; include in S18 pass-sample review."
"bnu-primary-ds-v2-p3-025","P3","upper","bnu-primary-p3-upper-observe-objects","观察物体","multiple-choice","Core","左边一列1个小正方形，右边一列2个小正方形","左边一列1个小正方形，右边一列2个小正方形","pass","none","","","Passed structural gate; include in S18 pass-sample review."
"bnu-primary-ds-v2-p3-026","P3","upper","bnu-primary-p3-upper-observe-objects","观察物体","fill-in","Foundation","1","1 | 一个 | 1个","pass","none","","","Passed structural gate; include in S18 pass-sample review."
"bnu-primary-ds-v2-p3-027","P3","upper","bnu-primary-p3-upper-observe-objects","观察物体","short-answer","Challenge","2","2 | 两种 | 2种","pass","none","","","Passed structural gate; include in S18 pass-sample review."
"bnu-primary-ds-v2-p3-028","P3","upper","bnu-primary-p3-upper-observe-objects","观察物体","multiple-choice","Exam","第一层：前排左边1个，前排右边1个，后排右边1个；第二层：前排左边上面放1个","第一层：前排左边1个，前排右边1个，后排右边1个；第二层：前排左边上面放1个","pass","none","","","Passed structural gate; include in S18 pass-sample review."
"bnu-primary-ds-v2-p3-029","P3","upper","bnu-primary-p3-upper-observe-objects","观察物体","fill-in","Core","3","3 | 三个 | 3个","pass","none","","","Passed structural gate; include in S18 pass-sample review."
"bnu-primary-ds-v2-p3-030","P3","upper","bnu-primary-p3-upper-observe-objects","观察物体","short-answer","Foundation","左边一列2个小正方形，右边一列1个小正方形","左边一列2个小正方形，右边一列1个小正方形 | 左列两个右列一个 | 左边上下两个，右边一个","pass","none","","","Passed structural gate; include in S18 pass-sample review."
"bnu-primary-ds-v2-p3-031","P3","upper","bnu-primary-p3-upper-three-digit-add-sub","加与减","multiple-choice","Challenge","336本","336本","pass","none","","","Passed structural gate; include in S18 pass-sample review."
"bnu-primary-ds-v2-p3-032","P3","upper","bnu-primary-p3-upper-three-digit-add-sub","加与减","fill-in","Exam","69","69","pass","none","","","Passed structural gate; include in S18 pass-sample review."
"bnu-primary-ds-v2-p3-033","P3","upper","bnu-primary-p3-upper-three-digit-add-sub","加与减","short-answer","Core","212本","212本 | 212","pass","none","","","Passed structural gate; include in S18 pass-sample review."
"bnu-primary-ds-v2-p3-034","P3","upper","bnu-primary-p3-upper-three-digit-add-sub","加与减","multiple-choice","Foundation","500 + 400 = 900","500 + 400 = 900","pass","none","","","Passed structural gate; include in S18 pass-sample review."
"bnu-primary-ds-v2-p3-035","P3","upper","bnu-primary-p3-upper-three-digit-add-sub","加与减","fill-in","Challenge","913","913","pass","none","","","Passed structural gate; include in S18 pass-sample review."
"bnu-primary-ds-v2-p3-036","P3","upper","bnu-primary-p3-upper-three-digit-add-sub","加与减","short-answer","Exam","估算：故事书约 700 本，科技书约 600 本，一共约 1300 本。精确计算：528 + 175 = 703，364 + 238 = 602，703 + 602 = 1305。验算：1305 - 703 = 602，1305 - 602 = 703，计算正确。答：现在一共有 1305 本。","估算：故事书约 700 本，科技书约 600 本，一共约 1300 本。精确计算：528 + 175 = 703，364 + 238 = 602，703 + 602 = 1305。验算：1305 - 703 = 602，1305 - 602 = 703，计算正确。答：现在一共有 1305 本。 | 1305 | 1305本 | 1305 本","pass","none","","","Passed structural gate; include in S18 pass-sample review."
"bnu-primary-ds-v2-p3-037","P3","upper","bnu-primary-p3-upper-three-digit-add-sub","加与减","multiple-choice","Core","527 + 368 - 45","527 + 368 - 45","pass","none","","","Passed structural gate; include in S18 pass-sample review."
"bnu-primary-ds-v2-p3-038","P3","upper","bnu-primary-p3-upper-three-digit-add-sub","加与减","fill-in","Foundation","737","737","pass","none","","","Passed structural gate; include in S18 pass-sample review."
"bnu-primary-ds-v2-p3-039","P3","upper","bnu-primary-p3-upper-three-digit-add-sub","加与减","short-answer","Challenge","599","599 | 正确的和是599","pass","none","","","Passed structural gate; include in S18 pass-sample review."
"bnu-primary-ds-v2-p3-040","P3","upper","bnu-primary-p3-upper-three-digit-add-sub","加与减","multiple-choice","Exam","60 本","60 本","pass","none","","","Passed structural gate; include in S18 pass-sample review."
"bnu-primary-ds-v2-p3-041","P3","upper","bnu-primary-p3-upper-three-digit-add-sub","加与减","fill-in","Core","693本","693本 | 693","pass","none","","","Passed structural gate; include in S18 pass-sample review."
"bnu-primary-ds-v2-p3-042","P3","upper","bnu-primary-p3-upper-three-digit-add-sub","加与减","short-answer","Foundation","科技书有 425 本，一共有 693 本。","科技书有 425 本，一共有 693 本。 | 科技书有425本，一共有693本。 | 科技书有425本，一共有693本 | 425本，693本 | 425 693","pass","none","","","Passed structural gate; include in S18 pass-sample review."
"bnu-primary-ds-v2-p3-043","P3","upper","bnu-primary-p3-upper-three-digit-add-sub","加与减","multiple-choice","Challenge","先算189－74＝115，少了115本","先算189－74＝115，少了115本","pass","none","","","Passed structural gate; include in S18 pass-sample review."
"bnu-primary-ds-v2-p3-044","P3","upper","bnu-primary-p3-upper-three-digit-add-sub","加与减","fill-in","Exam","估算：270+200+310=780（本）；精确计算：268+195+307=770（本）；验算：770-268-195=307","估算：270+200+310=780（本）；精确计算：268+195+307=770（本）；验算：770-268-195=307 | 估算：270+200+310=780本；精确计算：268+195+307=770本；验算：770-268-195=307 | 估算：270+200+310=780 精确计算：268+195+307=770 验算：770-268-195=307 | 估算：270+200+310=780，精确计算：268+195+307=770，验算：770-268-195=307","pass","none","","","Passed structural gate; include in S18 pass-sample review."
"bnu-primary-ds-v2-p3-045","P3","upper","bnu-primary-p3-upper-three-digit-add-sub","加与减","short-answer","Core","估算：530-180+90=440，实际计算：528-176+89=441。竖式：528-176=352，352+89=441。验算：441-89=352，352+176=528。现在有441本故事书。","估算：530-180+90=440，实际计算：528-176+89=441。竖式：528-176=352，352+89=441。验算：441-89=352，352+176=528。现在有441本故事书。 | 估算：530-180+90=440，实际计算：528-176+89=441。竖式：528-176=352，352+89=441。验算：441-89=352，352+176=528。现在有441本。 | 估算：530-180+90=440，实际计算：528-176+89=441。竖式：528-176=352，352+89=441。验算：441-89=352，352+176=528。441本。 | 估算：530-180+90=440，实际计算：528-176+89=441。竖式：528-176=352，352+89=441。验算：441-89=352，352+176=528。441本故事书。 | 估算：530-180+90=440，实际计算：528-176+89=441。竖式：528-176=352，352+89=441。验算：441-89=352，352+176=528。现在有441本故事书 | 估算：530-180+90=440，实际计算：528-176+89=441。竖式：528-176=352，352+89=441。验算：441-89=352，352+176=528。现在有441本 | 估算：530-180+90=440，实际计算：528-176+89=441。竖式：528-176=352，352+89=441。验算：441-89=352，352+176=528。441本 | 估算：530-180+90=440，实际计算：528-176+89=441。竖式：528-176=352，352+89=441。验算：441-89=352，352+176=528。441本故事书","pass","none","","","Passed structural gate; include in S18 pass-sample review."
"bnu-primary-ds-v2-p3-046","P3","upper","bnu-primary-p3-upper-multiplication-division-fluency","乘与除","multiple-choice","Foundation","铅笔总数是60支，每个小组分到10支","铅笔总数是60支，每个小组分到10支","pass","none","","","Passed structural gate; include in S18 pass-sample review."
"bnu-primary-ds-v2-p3-047","P3","upper","bnu-primary-p3-upper-multiplication-division-fluency","乘与除","fill-in","Challenge","8个","8个 | 8 | 需要8个书架","pass","none","","","Passed structural gate; include in S18 pass-sample review."
"bnu-primary-ds-v2-p3-048","P3","upper","bnu-primary-p3-upper-multiplication-division-fluency","乘与除","short-answer","Exam","分步计算：先算一共有多少支水彩笔：4×12=48（支）。再算每个小组分到多少支：48÷6=8（支）。综合算式：4×12÷6=8（支）。","分步计算：先算一共有多少支水彩笔：4×12=48（支）。再算每个小组分到多少支：48÷6=8（支）。综合算式：4×12÷6=8（支）。 | 4×12=48（支），48÷6=8（支），综合算式：4×12÷6=8（支） | 4×12=48支，48÷6=8支，综合算式：4×12÷6=8支 | 4×12=48 48÷6=8 综合算式：4×12÷6=8","pass","none","","","Passed structural gate; include in S18 pass-sample review."
"bnu-primary-ds-v2-p3-049","P3","upper","bnu-primary-p3-upper-multiplication-division-fluency","乘与除","multiple-choice","Core","8个班","8个班","pass","none","","","Passed structural gate; include in S18 pass-sample review."
"bnu-primary-ds-v2-p3-050","P3","upper","bnu-primary-p3-upper-multiplication-division-fluency","乘与除","fill-in","Foundation","8×6=48（千克），48×3=144（千克）","8×6=48（千克），48×3=144（千克） | 8×6=48千克，48×3=144千克 | 8×6=48，48×3=144 | 144千克 | 144","pass","none","","","Passed structural gate; include in S18 pass-sample review."
"bnu-primary-ds-v2-p3-051","P3","upper","bnu-primary-p3-upper-multiplication-division-fluency","乘与除","short-answer","Challenge","36","36 | 36本","pass","none","","","Passed structural gate; include in S18 pass-sample review."
"bnu-primary-ds-v2-p3-052","P3","upper","bnu-primary-p3-upper-multiplication-division-fluency","乘与除","multiple-choice","Core","A. 8×9÷6","A. 8×9÷6","pass","none","","","Passed structural gate; include in S18 pass-sample review."
"bnu-primary-ds-v2-p3-053","P3","upper","bnu-primary-p3-upper-multiplication-division-fluency","乘与除","fill-in","Foundation","35÷5=7，35÷7=5","35÷5=7，35÷7=5 | 35÷5=7 35÷7=5","pass","none","","","Passed structural gate; include in S18 pass-sample review."
"bnu-primary-ds-v2-p3-054","P3","upper","bnu-primary-p3-upper-multiplication-division-fluency","乘与除","short-answer","Challenge","12","12 | 12行","pass","none","","","Passed structural gate; include in S18 pass-sample review."
"bnu-primary-ds-v2-p3-055","P3","upper","bnu-primary-p3-upper-multiplication-division-fluency","乘与除","multiple-choice","Core","B. 有24个苹果，每3个装一袋，可以装几袋？","B. 有24个苹果，每3个装一袋，可以装几袋？","pass","none","","","Passed structural gate; include in S18 pass-sample review."
"bnu-primary-ds-v2-p3-056","P3","upper","bnu-primary-p3-upper-multiplication-division-fluency","乘与除","fill-in","Foundation","9，35","9，35 | 9 35","pass","none","","","Passed structural gate; include in S18 pass-sample review."
"bnu-primary-ds-v2-p3-057","P3","upper","bnu-primary-p3-upper-multiplication-division-fluency","乘与除","short-answer","Challenge","8","8 | 8页","pass","none","","","Passed structural gate; include in S18 pass-sample review."
"bnu-primary-ds-v2-p3-058","P3","upper","bnu-primary-p3-upper-multiplication-division-fluency","乘与除","multiple-choice","Core","C. 27÷3","C. 27÷3","pass","none","","","Passed structural gate; include in S18 pass-sample review."
"bnu-primary-ds-v2-p3-059","P3","upper","bnu-primary-p3-upper-multiplication-division-fluency","乘与除","fill-in","Foundation","5×4=20，20÷5=4","5×4=20，20÷5=4 | 5×4=20 20÷5=4","pass","none","","","Passed structural gate; include in S18 pass-sample review."
"bnu-primary-ds-v2-p3-060","P3","upper","bnu-primary-p3-upper-multiplication-division-fluency","乘与除","short-answer","Challenge","7","7 | 7支","pass","none","","","Passed structural gate; include in S18 pass-sample review."
"bnu-primary-ds-v2-p3-061","P3","upper","bnu-primary-p3-upper-perimeter","周长","multiple-choice","Core","10 厘米","10 厘米","pass","none","","","Passed structural gate; include in S18 pass-sample review."
"bnu-primary-ds-v2-p3-062","P3","upper","bnu-primary-p3-upper-perimeter","周长","fill-in","Foundation","26米","26米 | 26","pass","none","","","Passed structural gate; include in S18 pass-sample review."
"bnu-primary-ds-v2-p3-063","P3","upper","bnu-primary-p3-upper-perimeter","周长","short-answer","Challenge","15厘米","15厘米 | 15 | 15cm","pass","none","","","Passed structural gate; include in S18 pass-sample review."
"bnu-primary-ds-v2-p3-064","P3","upper","bnu-primary-p3-upper-perimeter","周长","multiple-choice","Core","26米","26米","pass","none","","","Passed structural gate; include in S18 pass-sample review."
"bnu-primary-ds-v2-p3-065","P3","upper","bnu-primary-p3-upper-perimeter","周长","fill-in","Foundation","26","26 | 26米","pass","none","","","Passed structural gate; include in S18 pass-sample review."
"bnu-primary-ds-v2-p3-066","P3","upper","bnu-primary-p3-upper-perimeter","周长","short-answer","Challenge","15厘米","15厘米 | 15","pass","none","","","Passed structural gate; include in S18 pass-sample review."
"bnu-primary-ds-v2-p3-067","P3","upper","bnu-primary-p3-upper-perimeter","周长","multiple-choice","Core","312元","312元","pass","none","","","Passed structural gate; include in S18 pass-sample review."
"bnu-primary-ds-v2-p3-068","P3","upper","bnu-primary-p3-upper-perimeter","周长","fill-in","Foundation","40厘米","40厘米 | 40","pass","none","","","Passed structural gate; include in S18 pass-sample review."
"bnu-primary-ds-v2-p3-069","P3","upper","bnu-primary-p3-upper-perimeter","周长","short-answer","Challenge","15厘米","15厘米 | 15","pass","none","","","Passed structural gate; include in S18 pass-sample review."
"bnu-primary-ds-v2-p3-070","P3","upper","bnu-primary-p3-upper-perimeter","周长","multiple-choice","Core","26米","26米","pass","none","","","Passed structural gate; include in S18 pass-sample review."
"bnu-primary-ds-v2-p3-071","P3","upper","bnu-primary-p3-upper-perimeter","周长","fill-in","Foundation","26","26 | 26米","pass","none","","","Passed structural gate; include in S18 pass-sample review."
"bnu-primary-ds-v2-p3-072","P3","upper","bnu-primary-p3-upper-perimeter","周长","short-answer","Challenge","10","10 | 10厘米","pass","none","","","Passed structural gate; include in S18 pass-sample review."
"bnu-primary-ds-v2-p3-073","P3","upper","bnu-primary-p3-upper-perimeter","周长","multiple-choice","Core","100米","100米","pass","none","","","Passed structural gate; include in S18 pass-sample review."
"bnu-primary-ds-v2-p3-074","P3","upper","bnu-primary-p3-upper-perimeter","周长","fill-in","Foundation","55","55 | 55厘米","pass","none","","","Passed structural gate; include in S18 pass-sample review."
"bnu-primary-ds-v2-p3-075","P3","upper","bnu-primary-p3-upper-perimeter","周长","short-answer","Challenge","一种拼法：长边相接，周长 = (10 + 12) × 2 = 44厘米；另一种拼法：宽边相接，周长 = (20 + 6) × 2 = 52厘米。","一种拼法：长边相接，周长 = (10 + 12) × 2 = 44厘米；另一种拼法：宽边相接，周长 = (20 + 6) × 2 = 52厘米。 | 44厘米和52厘米","pass","none","","","Passed structural gate; include in S18 pass-sample review."
"bnu-primary-ds-v2-p3-076","P3","upper","bnu-primary-p3-upper-multi-digit-multiplication","乘法","multiple-choice","Core","24 × 6 × 2","24 × 6 × 2","pass","none","","","Passed structural gate; include in S18 pass-sample review."
"bnu-primary-ds-v2-p3-077","P3","upper","bnu-primary-p3-upper-multi-digit-multiplication","乘法","fill-in","Foundation","1","1","pass","none","","","Passed structural gate; include in S18 pass-sample review."
"bnu-primary-ds-v2-p3-078","P3","upper","bnu-primary-p3-upper-multi-digit-multiplication","乘法","short-answer","Challenge","最大填3，最小填4","最大填3，最小填4 | 3和4","pass","none","","","Passed structural gate; include in S18 pass-sample review."
"bnu-primary-ds-v2-p3-079","P3","upper","bnu-primary-p3-upper-multi-digit-multiplication","乘法","multiple-choice","Core","402 × 3","402 × 3","pass","none","","","Passed structural gate; include in S18 pass-sample review."
"bnu-primary-ds-v2-p3-080","P3","upper","bnu-primary-p3-upper-multi-digit-multiplication","乘法","fill-in","Foundation","约1600个字","约1600个字 | 约1600 | 1600","pass","none","","","Passed structural gate; include in S18 pass-sample review."
"bnu-primary-ds-v2-p3-081","P3","upper","bnu-primary-p3-upper-multi-digit-multiplication","乘法","short-answer","Challenge","2304","2304 | 2304元","pass","none","","","Passed structural gate; include in S18 pass-sample review."
"bnu-primary-ds-v2-p3-082","P3","upper","bnu-primary-p3-upper-multi-digit-multiplication","乘法","multiple-choice","Core","399×5","399×5","pass","none","","","Passed structural gate; include in S18 pass-sample review."
"bnu-primary-ds-v2-p3-083","P3","upper","bnu-primary-p3-upper-multi-digit-multiplication","乘法","fill-in","Foundation","4","4","pass","none","","","Passed structural gate; include in S18 pass-sample review."
"bnu-primary-ds-v2-p3-084","P3","upper","bnu-primary-p3-upper-multi-digit-multiplication","乘法","short-answer","Challenge","582","582","pass","none","","","Passed structural gate; include in S18 pass-sample review."
"bnu-primary-ds-v2-p3-085","P3","upper","bnu-primary-p3-upper-multi-digit-multiplication","乘法","multiple-choice","Core","6个十","6个十","pass","none","","","Passed structural gate; include in S18 pass-sample review."
"bnu-primary-ds-v2-p3-086","P3","upper","bnu-primary-p3-upper-multi-digit-multiplication","乘法","fill-in","Foundation","3","3","pass","none","","","Passed structural gate; include in S18 pass-sample review."
"bnu-primary-ds-v2-p3-087","P3","upper","bnu-primary-p3-upper-multi-digit-multiplication","乘法","short-answer","Challenge","532×7=3724","532×7=3724 | 532×7","pass","none","","","Passed structural gate; include in S18 pass-sample review."
"bnu-primary-ds-v2-p3-088","P3","upper","bnu-primary-p3-upper-multi-digit-multiplication","乘法","multiple-choice","Core","37本余3本","37本余3本","pass","none","","","Passed structural gate; include in S18 pass-sample review."
"bnu-primary-ds-v2-p3-089","P3","upper","bnu-primary-p3-upper-multi-digit-multiplication","乘法","fill-in","Foundation","80","80","pass","none","","","Passed structural gate; include in S18 pass-sample review."
"bnu-primary-ds-v2-p3-090","P3","upper","bnu-primary-p3-upper-multi-digit-multiplication","乘法","short-answer","Challenge","944","944 | 944个","pass","none","","","Passed structural gate; include in S18 pass-sample review."
"bnu-primary-ds-v2-p3-091","P3","upper","bnu-primary-p3-upper-calendar-time","年、月、日","multiple-choice","Core","星期五","星期五","pass","none","","","Passed structural gate; include in S18 pass-sample review."
"bnu-primary-ds-v2-p3-092","P3","upper","bnu-primary-p3-upper-calendar-time","年、月、日","fill-in","Foundation","7月和8月、12月和1月","7月和8月、12月和1月 | 7月和8月 12月和1月 | 7月和8月，12月和1月","pass","none","","","Passed structural gate; include in S18 pass-sample review."
"bnu-primary-ds-v2-p3-093","P3","upper","bnu-primary-p3-upper-calendar-time","年、月、日","short-answer","Challenge","7月13日","7月13日","pass","none","","","Passed structural gate; include in S18 pass-sample review."
"bnu-primary-ds-v2-p3-094","P3","upper","bnu-primary-p3-upper-calendar-time","年、月、日","multiple-choice","Core","2020年","2020年","pass","none","","","Passed structural gate; include in S18 pass-sample review."
"bnu-primary-ds-v2-p3-095","P3","upper","bnu-primary-p3-upper-calendar-time","年、月、日","fill-in","Foundation","28","28 | 28天","pass","none","","","Passed structural gate; include in S18 pass-sample review."
"bnu-primary-ds-v2-p3-096","P3","upper","bnu-primary-p3-upper-calendar-time","年、月、日","short-answer","Challenge","58","58 | 58天","pass","none","","","Passed structural gate; include in S18 pass-sample review."
"bnu-primary-ds-v2-p3-097","P3","upper","bnu-primary-p3-upper-calendar-time","年、月、日","multiple-choice","Core","7天","7天","pass","none","","","Passed structural gate; include in S18 pass-sample review."
"bnu-primary-ds-v2-p3-098","P3","upper","bnu-primary-p3-upper-calendar-time","年、月、日","fill-in","Foundation","91","91 | 91天","pass","none","","","Passed structural gate; include in S18 pass-sample review."
"bnu-primary-ds-v2-p3-099","P3","upper","bnu-primary-p3-upper-calendar-time","年、月、日","short-answer","Challenge","星期五、星期六、星期日","星期五、星期六、星期日 | 星期五 星期六 星期日 | 星期五，星期六，星期日","pass","none","","","Passed structural gate; include in S18 pass-sample review."
"bnu-primary-ds-v2-p3-100","P3","upper","bnu-primary-p3-upper-calendar-time","年、月、日","multiple-choice","Core","星期一","星期一","pass","none","","","Passed structural gate; include in S18 pass-sample review."
"bnu-primary-ds-v2-p3-101","P3","upper","bnu-primary-p3-upper-calendar-time","年、月、日","fill-in","Foundation","星期五","星期五","pass","none","","","Passed structural gate; include in S18 pass-sample review."
"bnu-primary-ds-v2-p3-102","P3","upper","bnu-primary-p3-upper-calendar-time","年、月、日","short-answer","Challenge","22","22","pass","none","","","Passed structural gate; include in S18 pass-sample review."
"bnu-primary-ds-v2-p3-103","P3","upper","bnu-primary-p3-upper-calendar-time","年、月、日","multiple-choice","Core","28天","28天","pass","none","","","Passed structural gate; include in S18 pass-sample review."
"bnu-primary-ds-v2-p3-104","P3","upper","bnu-primary-p3-upper-calendar-time","年、月、日","fill-in","Foundation","七月和八月","七月和八月","pass","none","","","Passed structural gate; include in S18 pass-sample review."
"bnu-primary-ds-v2-p3-105","P3","upper","bnu-primary-p3-upper-calendar-time","年、月、日","short-answer","Challenge","8","8","pass","none","","","Passed structural gate; include in S18 pass-sample review."
"bnu-primary-ds-v2-p3-106","P3","upper","bnu-primary-p3-upper-decimal-introduction","认识小数","multiple-choice","Core","0.91","0.91","pass","none","","","Passed structural gate; include in S18 pass-sample review."
"bnu-primary-ds-v2-p3-107","P3","upper","bnu-primary-p3-upper-decimal-introduction","认识小数","fill-in","Foundation","3.5","3.5","pass","none","","","Passed structural gate; include in S18 pass-sample review."
"bnu-primary-ds-v2-p3-108","P3","upper","bnu-primary-p3-upper-decimal-introduction","认识小数","short-answer","Challenge","0.7","0.7","pass","none","","","Passed structural gate; include in S18 pass-sample review."
"bnu-primary-ds-v2-p3-109","P3","upper","bnu-primary-p3-upper-decimal-introduction","认识小数","multiple-choice","Core","15厘米","15厘米","pass","none","","","Passed structural gate; include in S18 pass-sample review."
"bnu-primary-ds-v2-p3-110","P3","upper","bnu-primary-p3-upper-decimal-introduction","认识小数","fill-in","Foundation","0.59","0.59","pass","none","","","Passed structural gate; include in S18 pass-sample review."
"bnu-primary-ds-v2-p3-111","P3","upper","bnu-primary-p3-upper-decimal-introduction","认识小数","short-answer","Challenge","0.3 < 0.8","0.3 < 0.8 | 0.3<0.8 | 0.3 ＜ 0.8","pass","none","","","Passed structural gate; include in S18 pass-sample review."
"bnu-primary-ds-v2-p3-112","P3","upper","bnu-primary-p3-upper-decimal-introduction","认识小数","multiple-choice","Core","4.8元","4.8元","pass","none","","","Passed structural gate; include in S18 pass-sample review."
"bnu-primary-ds-v2-p3-113","P3","upper","bnu-primary-p3-upper-decimal-introduction","认识小数","fill-in","Foundation","1.2","1.2 | 1.2分米","pass","none","","","Passed structural gate; include in S18 pass-sample review."
"bnu-primary-ds-v2-p3-114","P3","upper","bnu-primary-p3-upper-decimal-introduction","认识小数","short-answer","Challenge","5.09 < 5.9","5.09 < 5.9 | 5.09<5.9 | 5.09 ＜ 5.9","pass","none","","","Passed structural gate; include in S18 pass-sample review."
"bnu-primary-ds-v2-p3-115","P3","upper","bnu-primary-p3-upper-decimal-introduction","认识小数","multiple-choice","Core","0.99","0.99","pass","none","","","Passed structural gate; include in S18 pass-sample review."
"bnu-primary-ds-v2-p3-116","P3","upper","bnu-primary-p3-upper-decimal-introduction","认识小数","fill-in","Foundation","0.01","0.01 | 0.01元","pass","none","","","Passed structural gate; include in S18 pass-sample review."
"bnu-primary-ds-v2-p3-117","P3","upper","bnu-primary-p3-upper-decimal-introduction","认识小数","short-answer","Challenge","小明1.65米，小刚1.72米，小刚跳得更远。","小明1.65米，小刚1.72米，小刚跳得更远。 | 小明1.65米 小刚1.72米 小刚跳得更远 | 1.65米，1.72米，小刚","pass","none","","","Passed structural gate; include in S18 pass-sample review."
"bnu-primary-ds-v2-p3-118","P3","upper","bnu-primary-p3-upper-decimal-introduction","认识小数","multiple-choice","Core","3.05","3.05","pass","none","","","Passed structural gate; include in S18 pass-sample review."
"bnu-primary-ds-v2-p3-119","P3","upper","bnu-primary-p3-upper-decimal-introduction","认识小数","fill-in","Foundation","0.8","0.8 | 0.8元","pass","none","","","Passed structural gate; include in S18 pass-sample review."
"bnu-primary-ds-v2-p3-120","P3","upper","bnu-primary-p3-upper-decimal-introduction","认识小数","short-answer","Challenge","0.35和0.53","0.35和0.53 | 0.35、0.53 | 0.35 0.53","pass","none","","","Passed structural gate; include in S18 pass-sample review."
"bnu-primary-ds-v2-p3-121","P3","upper","bnu-primary-p3-upper-math-play-review","数学好玩及整理复习","multiple-choice","Core","30 - 5 × 2，先算5 × 2","30 - 5 × 2，先算5 × 2","pass","none","","","Passed structural gate; include in S18 pass-sample review."
"bnu-primary-ds-v2-p3-122","P3","upper","bnu-primary-p3-upper-math-play-review","数学好玩及整理复习","fill-in","Foundation","230","230 | 230厘米","pass","none","","","Passed structural gate; include in S18 pass-sample review."
"bnu-primary-ds-v2-p3-123","P3","upper","bnu-primary-p3-upper-math-play-review","数学好玩及整理复习","short-answer","Challenge","68厘米","68厘米 | 68","pass","none","","","Passed structural gate; include in S18 pass-sample review."
"bnu-primary-ds-v2-p3-124","P3","upper","bnu-primary-p3-upper-math-play-review","数学好玩及整理复习","multiple-choice","Core","35分钟","35分钟","pass","none","","","Passed structural gate; include in S18 pass-sample review."
"bnu-primary-ds-v2-p3-125","P3","upper","bnu-primary-p3-upper-math-play-review","数学好玩及整理复习","fill-in","Foundation","毫米 < 厘米 < 分米 < 米 < 千米","毫米 < 厘米 < 分米 < 米 < 千米 | 毫米<厘米<分米<米<千米","pass","none","","","Passed structural gate; include in S18 pass-sample review."
"bnu-primary-ds-v2-p3-126","P3","upper","bnu-primary-p3-upper-math-play-review","数学好玩及整理复习","short-answer","Challenge","4厘米","4厘米 | 4","pass","none","","","Passed structural gate; include in S18 pass-sample review."
"bnu-primary-ds-v2-p3-127","P3","upper","bnu-primary-p3-upper-math-play-review","数学好玩及整理复习","multiple-choice","Core","周长是图形边线的总长度，面积是图形面的大小","周长是图形边线的总长度，面积是图形面的大小","pass","none","","","Passed structural gate; include in S18 pass-sample review."
"bnu-primary-ds-v2-p3-128","P3","upper","bnu-primary-p3-upper-math-play-review","数学好玩及整理复习","fill-in","Foundation","6","6 | 6种","pass","none","","","Passed structural gate; include in S18 pass-sample review."
"bnu-primary-ds-v2-p3-129","P3","upper","bnu-primary-p3-upper-math-play-review","数学好玩及整理复习","short-answer","Core","35分钟","35分钟 | 35","pass","none","","","Passed structural gate; include in S18 pass-sample review."
"bnu-primary-ds-v2-p3-130","P3","upper","bnu-primary-p3-upper-math-play-review","数学好玩及整理复习","multiple-choice","Foundation","260米","260米","pass","none","","","Passed structural gate; include in S18 pass-sample review."
"bnu-primary-ds-v2-p3-131","P3","upper","bnu-primary-p3-upper-math-play-review","数学好玩及整理复习","fill-in","Core","除，加，40","除，加，40 | 除法，加法，40","pass","none","","","Passed structural gate; include in S18 pass-sample review."
"bnu-primary-ds-v2-p3-132","P3","upper","bnu-primary-p3-upper-math-play-review","数学好玩及整理复习","short-answer","Foundation","长方形周长 10 厘米，正方形周长 8 厘米，正方形周长更短。","长方形周长 10 厘米，正方形周长 8 厘米，正方形周长更短。 | 长方形周长10厘米，正方形周长8厘米，正方形周长更短。","pass","none","","","Passed structural gate; include in S18 pass-sample review."
"bnu-primary-ds-v2-p3-133","P3","upper","bnu-primary-p3-upper-math-play-review","数学好玩及整理复习","multiple-choice","Core","5 角 = 0.5 元","5 角 = 0.5 元","pass","none","","","Passed structural gate; include in S18 pass-sample review."
"bnu-primary-ds-v2-p3-134","P3","upper","bnu-primary-p3-upper-math-play-review","数学好玩及整理复习","fill-in","Foundation","3","3 | 3人","pass","none","","","Passed structural gate; include in S18 pass-sample review."
"bnu-primary-ds-v2-p3-135","P3","upper","bnu-primary-p3-upper-math-play-review","数学好玩及整理复习","short-answer","Core","阴雨天有 8 天。因为 2024 年 1 月有 31 天，减去晴天和多云的天数：31 - 15 - 8 = 8（天）。","阴雨天有 8 天。因为 2024 年 1 月有 31 天，减去晴天和多云的天数：31 - 15 - 8 = 8（天）。 | 8天，31-15-8=8 | 8天","pass","none","","","Passed structural gate; include in S18 pass-sample review."
"bnu-primary-ds-v2-p3-136","P3","lower","bnu-primary-p3-lower-division","除法","multiple-choice","Foundation","22 本，剩 1 本","22 本，剩 1 本","pass","none","","","Passed structural gate; include in S18 pass-sample review."
"bnu-primary-ds-v2-p3-137","P3","lower","bnu-primary-p3-lower-division","除法","fill-in","Core","5，89","5，89 | 5,89","pass","none","","","Passed structural gate; include in S18 pass-sample review."
"bnu-primary-ds-v2-p3-138","P3","lower","bnu-primary-p3-lower-division","除法","short-answer","Foundation","每包 23 元。100 - 8 = 92（元），92 ÷ 4 = 23（元）。","每包 23 元。100 - 8 = 92（元），92 ÷ 4 = 23（元）。 | 23元 | 23","pass","none","","","Passed structural gate; include in S18 pass-sample review."
"bnu-primary-ds-v2-p3-139","P3","lower","bnu-primary-p3-lower-division","除法","multiple-choice","Core","302 ÷ 5","302 ÷ 5","pass","none","","","Passed structural gate; include in S18 pass-sample review."
"bnu-primary-ds-v2-p3-140","P3","lower","bnu-primary-p3-lower-division","除法","fill-in","Foundation","2，1，1","2，1，1 | 2,1,1","pass","none","","","Passed structural gate; include in S18 pass-sample review."
"bnu-primary-ds-v2-p3-141","P3","lower","bnu-primary-p3-lower-division","除法","short-answer","Core","每个年级分到30本，还剩5本","每个年级分到30本，还剩5本 | 30本余5本 | 30本剩5本","pass","none","","","Passed structural gate; include in S18 pass-sample review."
"bnu-primary-ds-v2-p3-142","P3","lower","bnu-primary-p3-lower-division","除法","multiple-choice","Foundation","8盒","8盒","pass","none","","","Passed structural gate; include in S18 pass-sample review."
"bnu-primary-ds-v2-p3-143","P3","lower","bnu-primary-p3-lower-division","除法","fill-in","Core","6，90","6，90 | 6 90 | 6和90","pass","none","","","Passed structural gate; include in S18 pass-sample review."
"bnu-primary-ds-v2-p3-144","P3","lower","bnu-primary-p3-lower-division","除法","short-answer","Foundation","23元","23元 | 23","pass","none","","","Passed structural gate; include in S18 pass-sample review."
"bnu-primary-ds-v2-p3-145","P3","lower","bnu-primary-p3-lower-division","除法","multiple-choice","Core","481÷6","481÷6","pass","none","","","Passed structural gate; include in S18 pass-sample review."
"bnu-primary-ds-v2-p3-146","P3","lower","bnu-primary-p3-lower-division","除法","fill-in","Foundation","5","5 | 5个","pass","none","","","Passed structural gate; include in S18 pass-sample review."
"bnu-primary-ds-v2-p3-147","P3","lower","bnu-primary-p3-lower-division","除法","short-answer","Core","5辆","5辆 | 5","pass","none","","","Passed structural gate; include in S18 pass-sample review."
"bnu-primary-ds-v2-p3-148","P3","lower","bnu-primary-p3-lower-division","除法","multiple-choice","Foundation","6个","6个","pass","none","","","Passed structural gate; include in S18 pass-sample review."
"bnu-primary-ds-v2-p3-149","P3","lower","bnu-primary-p3-lower-division","除法","fill-in","Core","26，4","26，4 | 26 4 | 26个，4厘米","pass","none","","","Passed structural gate; include in S18 pass-sample review."
"bnu-primary-ds-v2-p3-150","P3","lower","bnu-primary-p3-lower-division","除法","short-answer","Foundation","152个","152个 | 152","pass","none","","","Passed structural gate; include in S18 pass-sample review."
"bnu-primary-ds-v2-p3-151","P3","lower","bnu-primary-p3-lower-shape-motion","图形的运动","multiple-choice","Core","电梯从1楼上升到5楼","电梯从1楼上升到5楼","pass","none","","","Passed structural gate; include in S18 pass-sample review."
"bnu-primary-ds-v2-p3-152","P3","lower","bnu-primary-p3-lower-shape-motion","图形的运动","fill-in","Foundation","不变","不变 | 没有变化 | 完全相同","pass","none","","","Passed structural gate; include in S18 pass-sample review."
"bnu-primary-ds-v2-p3-153","P3","lower","bnu-primary-p3-lower-shape-motion","图形的运动","short-answer","Core","(7,1)","(7,1) | 7,1","pass","none","","","Passed structural gate; include in S18 pass-sample review."
"bnu-primary-ds-v2-p3-154","P3","lower","bnu-primary-p3-lower-shape-motion","图形的运动","multiple-choice","Foundation","风车叶片绕中心转动","风车叶片绕中心转动","pass","none","","","Passed structural gate; include in S18 pass-sample review."
"bnu-primary-ds-v2-p3-155","P3","lower","bnu-primary-p3-lower-shape-motion","图形的运动","fill-in","Core","7,1","7,1 | （7，1） | (7,1)","pass","none","","","Passed structural gate; include in S18 pass-sample review."
"bnu-primary-ds-v2-p3-156","P3","lower","bnu-primary-p3-lower-shape-motion","图形的运动","short-answer","Foundation","大小和形状没有变化；平移","大小和形状没有变化；平移 | 没有变化；平移 | 大小和形状不变；平移 | 形状大小不变；平移","pass","none","","","Passed structural gate; include in S18 pass-sample review."
"bnu-primary-ds-v2-p3-157","P3","lower","bnu-primary-p3-lower-shape-motion","图形的运动","multiple-choice","Core","A. (7,1)","A. (7,1)","pass","none","","","Passed structural gate; include in S18 pass-sample review."
"bnu-primary-ds-v2-p3-158","P3","lower","bnu-primary-p3-lower-shape-motion","图形的运动","fill-in","Foundation","平移：①、③、⑤；旋转：②、④、⑥","平移：①、③、⑤；旋转：②、④、⑥ | 平移:①③⑤;旋转:②④⑥ | 平移：①③⑤，旋转：②④⑥ | 平移:①,③,⑤;旋转:②,④,⑥","pass","none","","","Passed structural gate; include in S18 pass-sample review."
"bnu-primary-ds-v2-p3-159","P3","lower","bnu-primary-p3-lower-shape-motion","图形的运动","short-answer","Core","形状和大小都不变","形状和大小都不变 | 形状不变，大小不变 | 没有变化 | 不变","pass","none","","","Passed structural gate; include in S18 pass-sample review."
"bnu-primary-ds-v2-p3-160","P3","lower","bnu-primary-p3-lower-shape-motion","图形的运动","multiple-choice","Foundation","B. 推拉抽屉","B. 推拉抽屉","pass","none","","","Passed structural gate; include in S18 pass-sample review."
"bnu-primary-ds-v2-p3-161","P3","lower","bnu-primary-p3-lower-shape-motion","图形的运动","fill-in","Core","轴对称；对称轴","轴对称；对称轴 | 轴对称图形；对称轴","pass","none","","","Passed structural gate; include in S18 pass-sample review."
"bnu-primary-ds-v2-p3-162","P3","lower","bnu-primary-p3-lower-shape-motion","图形的运动","short-answer","Foundation","（6，5）","（6，5） | (6,5) | 6，5","pass","none","","","Passed structural gate; include in S18 pass-sample review."
"bnu-primary-ds-v2-p3-163","P3","lower","bnu-primary-p3-lower-shape-motion","图形的运动","multiple-choice","Core","风车叶片的转动","风车叶片的转动","pass","none","","","Passed structural gate; include in S18 pass-sample review."
"bnu-primary-ds-v2-p3-164","P3","lower","bnu-primary-p3-lower-shape-motion","图形的运动","fill-in","Foundation","上；4","上；4 | 向上；4","pass","none","","","Passed structural gate; include in S18 pass-sample review."
"bnu-primary-ds-v2-p3-165","P3","lower","bnu-primary-p3-lower-shape-motion","图形的运动","short-answer","Core","向右平移2格，再向下平移2格","向右平移2格，再向下平移2格 | 先向右平移2格，再向下平移2格 | 向右2格，向下2格","pass","none","","","Passed structural gate; include in S18 pass-sample review."
"bnu-primary-ds-v2-p3-166","P3","lower","bnu-primary-p3-lower-two-digit-multiplication","乘法","multiple-choice","Foundation","23×10＋23×4","23×10＋23×4","pass","none","","","Passed structural gate; include in S18 pass-sample review."
"bnu-primary-ds-v2-p3-167","P3","lower","bnu-primary-p3-lower-two-digit-multiplication","乘法","fill-in","Core","680；204；884","680；204；884 | 680,204,884","pass","none","","","Passed structural gate; include in S18 pass-sample review."
"bnu-primary-ds-v2-p3-168","P3","lower","bnu-primary-p3-lower-two-digit-multiplication","乘法","short-answer","Foundation","1200本","1200本 | 1200","pass","none","","","Passed structural gate; include in S18 pass-sample review."
"bnu-primary-ds-v2-p3-169","P3","lower","bnu-primary-p3-lower-two-digit-multiplication","乘法","multiple-choice","Core","47×35=47×30+47×5=1410+235=1645","47×35=47×30+47×5=1410+235=1645","pass","none","","","Passed structural gate; include in S18 pass-sample review."
"bnu-primary-ds-v2-p3-170","P3","lower","bnu-primary-p3-lower-two-digit-multiplication","乘法","fill-in","Foundation","2100","2100 | 约2100","pass","none","","","Passed structural gate; include in S18 pass-sample review."
"bnu-primary-ds-v2-p3-171","P3","lower","bnu-primary-p3-lower-two-digit-multiplication","乘法","short-answer","Core","360千克","360千克 | 360","pass","none","","","Passed structural gate; include in S18 pass-sample review."
"bnu-primary-ds-v2-p3-172","P3","lower","bnu-primary-p3-lower-two-digit-multiplication","乘法","multiple-choice","Foundation","23×10=230，23×3=69，230+69=299","23×10=230，23×3=69，230+69=299","pass","none","","","Passed structural gate; include in S18 pass-sample review."
"bnu-primary-ds-v2-p3-173","P3","lower","bnu-primary-p3-lower-two-digit-multiplication","乘法","fill-in","Core","十","十","pass","none","","","Passed structural gate; include in S18 pass-sample review."
"bnu-primary-ds-v2-p3-174","P3","lower","bnu-primary-p3-lower-two-digit-multiplication","乘法","short-answer","Foundation","大约600棵","大约600棵 | 600棵 | 600","pass","none","","","Passed structural gate; include in S18 pass-sample review."
"bnu-primary-ds-v2-p3-175","P3","lower","bnu-primary-p3-lower-two-digit-multiplication","乘法","multiple-choice","Core","24×16","24×16","pass","none","","","Passed structural gate; include in S18 pass-sample review."
"bnu-primary-ds-v2-p3-176","P3","lower","bnu-primary-p3-lower-two-digit-multiplication","乘法","fill-in","Foundation","820,82","820,82 | 820 82","pass","none","","","Passed structural gate; include in S18 pass-sample review."
"bnu-primary-ds-v2-p3-177","P3","lower","bnu-primary-p3-lower-two-digit-multiplication","乘法","short-answer","Core","490个","490个 | 490","pass","none","","","Passed structural gate; include in S18 pass-sample review."
"bnu-primary-ds-v2-p3-178","P3","lower","bnu-primary-p3-lower-two-digit-multiplication","乘法","multiple-choice","Foundation","600","600","pass","none","","","Passed structural gate; include in S18 pass-sample review."
"bnu-primary-ds-v2-p3-179","P3","lower","bnu-primary-p3-lower-two-digit-multiplication","乘法","fill-in","Core","120,48","120,48 | 120 48","pass","none","","","Passed structural gate; include in S18 pass-sample review."
"bnu-primary-ds-v2-p3-180","P3","lower","bnu-primary-p3-lower-two-digit-multiplication","乘法","short-answer","Foundation","286本","286本 | 286","pass","none","","","Passed structural gate; include in S18 pass-sample review."
"bnu-primary-ds-v2-p3-181","P3","lower","bnu-primary-p3-lower-mass-units","千克、克、吨","multiple-choice","Core","吨","吨","pass","none","","","Passed structural gate; include in S18 pass-sample review."
"bnu-primary-ds-v2-p3-182","P3","lower","bnu-primary-p3-lower-mass-units","千克、克、吨","fill-in","Foundation","100","100","pass","none","","","Passed structural gate; include in S18 pass-sample review."
"bnu-primary-ds-v2-p3-183","P3","lower","bnu-primary-p3-lower-mass-units","千克、克、吨","multiple-choice","Core","一本数学书","一本数学书","pass","none","","","Passed structural gate; include in S18 pass-sample review."
"bnu-primary-ds-v2-p3-184","P3","lower","bnu-primary-p3-lower-mass-units","千克、克、吨","fill-in","Foundation","5000","5000","pass","none","","","Passed structural gate; include in S18 pass-sample review."
"bnu-primary-ds-v2-p3-185","P3","lower","bnu-primary-p3-lower-mass-units","千克、克、吨","multiple-choice","Core","133箱","133箱","pass","none","","","Passed structural gate; include in S18 pass-sample review."
"bnu-primary-ds-v2-p3-186","P3","lower","bnu-primary-p3-lower-mass-units","千克、克、吨","fill-in","Foundation","克","克","pass","none","","","Passed structural gate; include in S18 pass-sample review."
"bnu-primary-ds-v2-p3-187","P3","lower","bnu-primary-p3-lower-mass-units","千克、克、吨","multiple-choice","Core",">",">","pass","none","","","Passed structural gate; include in S18 pass-sample review."
"bnu-primary-ds-v2-p3-188","P3","lower","bnu-primary-p3-lower-mass-units","千克、克、吨","fill-in","Foundation","2500","2500","pass","none","","","Passed structural gate; include in S18 pass-sample review."
"bnu-primary-ds-v2-p3-189","P3","lower","bnu-primary-p3-lower-mass-units","千克、克、吨","multiple-choice","Core","3500克","3500克","pass","none","","","Passed structural gate; include in S18 pass-sample review."
"bnu-primary-ds-v2-p3-190","P3","lower","bnu-primary-p3-lower-mass-units","千克、克、吨","fill-in","Foundation","8","8","pass","none","","","Passed structural gate; include in S18 pass-sample review."
"bnu-primary-ds-v2-p3-191","P3","lower","bnu-primary-p3-lower-mass-units","千克、克、吨","multiple-choice","Core","苹果","苹果","pass","none","","","Passed structural gate; include in S18 pass-sample review."
"bnu-primary-ds-v2-p3-192","P3","lower","bnu-primary-p3-lower-mass-units","千克、克、吨","fill-in","Foundation","4","4","pass","none","","","Passed structural gate; include in S18 pass-sample review."
"bnu-primary-ds-v2-p3-193","P3","lower","bnu-primary-p3-lower-mass-units","千克、克、吨","multiple-choice","Core","一辆卡车的载重量","一辆卡车的载重量","pass","none","","","Passed structural gate; include in S18 pass-sample review."
"bnu-primary-ds-v2-p3-194","P3","lower","bnu-primary-p3-lower-mass-units","千克、克、吨","fill-in","Foundation","2","2","pass","none","","","Passed structural gate; include in S18 pass-sample review."
"bnu-primary-ds-v2-p3-195","P3","lower","bnu-primary-p3-lower-area","面积","multiple-choice","Core","24 平方米","24 平方米","pass","none","","","Passed structural gate; include in S18 pass-sample review."
"bnu-primary-ds-v2-p3-196","P3","lower","bnu-primary-p3-lower-area","面积","fill-in","Foundation","24","24","pass","none","","","Passed structural gate; include in S18 pass-sample review."
"bnu-primary-ds-v2-p3-197","P3","lower","bnu-primary-p3-lower-area","面积","multiple-choice","Core","25 平方厘米","25 平方厘米","pass","none","","","Passed structural gate; include in S18 pass-sample review."
"bnu-primary-ds-v2-p3-198","P3","lower","bnu-primary-p3-lower-area","面积","fill-in","Foundation","96","96","pass","none","","","Passed structural gate; include in S18 pass-sample review."
"bnu-primary-ds-v2-p3-199","P3","lower","bnu-primary-p3-lower-area","面积","multiple-choice","Core","边长 4 厘米的正方形","边长 4 厘米的正方形","pass","none","","","Passed structural gate; include in S18 pass-sample review."
"bnu-primary-ds-v2-p3-200","P3","lower","bnu-primary-p3-lower-area","面积","fill-in","Foundation","250","250","pass","none","","","Passed structural gate; include in S18 pass-sample review."
"bnu-primary-ds-v2-p3-201","P3","lower","bnu-primary-p3-lower-area","面积","multiple-choice","Core","144平方分米","144平方分米","pass","none","","","Passed structural gate; include in S18 pass-sample review."
"bnu-primary-ds-v2-p3-202","P3","lower","bnu-primary-p3-lower-area","面积","fill-in","Foundation","40","40","pass","none","","","Passed structural gate; include in S18 pass-sample review."
"bnu-primary-ds-v2-p3-203","P3","lower","bnu-primary-p3-lower-area","面积","multiple-choice","Core","C","C","pass","none","","","Passed structural gate; include in S18 pass-sample review."
"bnu-primary-ds-v2-p3-204","P3","lower","bnu-primary-p3-lower-area","面积","fill-in","Foundation","81","81","pass","none","","","Passed structural gate; include in S18 pass-sample review."
"bnu-primary-ds-v2-p3-205","P3","lower","bnu-primary-p3-lower-area","面积","multiple-choice","Core","长12厘米、宽1厘米","长12厘米、宽1厘米","pass","none","","","Passed structural gate; include in S18 pass-sample review."
"bnu-primary-ds-v2-p3-206","P3","lower","bnu-primary-p3-lower-area","面积","fill-in","Foundation","平方厘米；平方米","平方厘米；平方米","pass","none","","","Passed structural gate; include in S18 pass-sample review."
"bnu-primary-ds-v2-p3-207","P3","lower","bnu-primary-p3-lower-area","面积","multiple-choice","Core","10平方分米","10平方分米","pass","none","","","Passed structural gate; include in S18 pass-sample review."
"bnu-primary-ds-v2-p3-208","P3","lower","bnu-primary-p3-lower-area","面积","fill-in","Foundation","6","6","pass","none","","","Passed structural gate; include in S18 pass-sample review."
"bnu-primary-ds-v2-p3-209","P3","lower","bnu-primary-p3-lower-fraction-introduction","认识分数","multiple-choice","Core","八分之一","八分之一","pass","none","","","Passed structural gate; include in S18 pass-sample review."
"bnu-primary-ds-v2-p3-210","P3","lower","bnu-primary-p3-lower-fraction-introduction","认识分数","fill-in","Foundation","七分之三","七分之三","pass","none","","","Passed structural gate; include in S18 pass-sample review."
"bnu-primary-ds-v2-p3-211","P3","lower","bnu-primary-p3-lower-fraction-introduction","认识分数","multiple-choice","Core","3/8","3/8","pass","none","","","Passed structural gate; include in S18 pass-sample review."
"bnu-primary-ds-v2-p3-212","P3","lower","bnu-primary-p3-lower-fraction-introduction","认识分数","fill-in","Foundation","五分之一","五分之一 | 1/5","pass","none","","","Passed structural gate; include in S18 pass-sample review."
"bnu-primary-ds-v2-p3-213","P3","lower","bnu-primary-p3-lower-fraction-introduction","认识分数","multiple-choice","Core","一个圆形被分成4个相等的扇形，其中1个扇形涂色","一个圆形被分成4个相等的扇形，其中1个扇形涂色","pass","none","","","Passed structural gate; include in S18 pass-sample review."
"bnu-primary-ds-v2-p3-214","P3","lower","bnu-primary-p3-lower-fraction-introduction","认识分数","fill-in","Foundation","三分之一","三分之一 | 1/3","pass","none","","","Passed structural gate; include in S18 pass-sample review."
"bnu-primary-ds-v2-p3-215","P3","lower","bnu-primary-p3-lower-fraction-introduction","认识分数","multiple-choice","Core","2/6","2/6","pass","none","","","Passed structural gate; include in S18 pass-sample review."
"bnu-primary-ds-v2-p3-216","P3","lower","bnu-primary-p3-lower-fraction-introduction","认识分数","fill-in","Foundation","十分之一","十分之一 | 1/10","pass","none","","","Passed structural gate; include in S18 pass-sample review."
"bnu-primary-ds-v2-p3-217","P3","lower","bnu-primary-p3-lower-fraction-introduction","认识分数","multiple-choice","Core","把一块蛋糕平均分成2份，小明吃了1份","把一块蛋糕平均分成2份，小明吃了1份","pass","none","","","Passed structural gate; include in S18 pass-sample review."
"bnu-primary-ds-v2-p3-218","P3","lower","bnu-primary-p3-lower-fraction-introduction","认识分数","fill-in","Foundation","六分之一","六分之一 | 1/6","pass","none","","","Passed structural gate; include in S18 pass-sample review."
"bnu-primary-ds-v2-p3-219","P3","lower","bnu-primary-p3-lower-fraction-introduction","认识分数","multiple-choice","Core","3/8","3/8","pass","none","","","Passed structural gate; include in S18 pass-sample review."
"bnu-primary-ds-v2-p3-220","P3","lower","bnu-primary-p3-lower-fraction-introduction","认识分数","fill-in","Foundation","四分之一","四分之一 | 1/4","pass","none","","","Passed structural gate; include in S18 pass-sample review."
"bnu-primary-ds-v2-p3-221","P3","lower","bnu-primary-p3-lower-fraction-introduction","认识分数","multiple-choice","Core","四分之一","四分之一","pass","none","","","Passed structural gate; include in S18 pass-sample review."
"bnu-primary-ds-v2-p3-222","P3","lower","bnu-primary-p3-lower-fraction-introduction","认识分数","fill-in","Foundation","三分之一","三分之一","pass","none","","","Passed structural gate; include in S18 pass-sample review."
"bnu-primary-ds-v2-p3-223","P3","lower","bnu-primary-p3-lower-data-representation","数据的整理和表示","multiple-choice","Core","7人","7人","pass","none","","","Passed structural gate; include in S18 pass-sample review."
"bnu-primary-ds-v2-p3-224","P3","lower","bnu-primary-p3-lower-data-representation","数据的整理和表示","fill-in","Foundation","2","2","pass","none","","","Passed structural gate; include in S18 pass-sample review."
"bnu-primary-ds-v2-p3-225","P3","lower","bnu-primary-p3-lower-data-representation","数据的整理和表示","multiple-choice","Core","二分之一","二分之一","pass","none","","","Passed structural gate; include in S18 pass-sample review."
"bnu-primary-ds-v2-p3-226","P3","lower","bnu-primary-p3-lower-data-representation","数据的整理和表示","fill-in","Foundation","7","7","pass","none","","","Passed structural gate; include in S18 pass-sample review."
"bnu-primary-ds-v2-p3-227","P3","lower","bnu-primary-p3-lower-data-representation","数据的整理和表示","multiple-choice","Core","猴子的数量是孔雀的2倍","猴子的数量是孔雀的2倍","pass","none","","","Passed structural gate; include in S18 pass-sample review."
"bnu-primary-ds-v2-p3-228","P3","lower","bnu-primary-p3-lower-data-representation","数据的整理和表示","fill-in","Core","6","6","pass","none","","","Passed structural gate; include in S18 pass-sample review."
"bnu-primary-ds-v2-p3-229","P3","lower","bnu-primary-p3-lower-data-representation","数据的整理和表示","multiple-choice","Core","6人","6人","pass","none","","","Passed structural gate; include in S18 pass-sample review."
"bnu-primary-ds-v2-p3-230","P3","lower","bnu-primary-p3-lower-data-representation","数据的整理和表示","fill-in","Core","13","13","pass","none","","","Passed structural gate; include in S18 pass-sample review."
"bnu-primary-ds-v2-p3-231","P3","lower","bnu-primary-p3-lower-data-representation","数据的整理和表示","multiple-choice","Core","喜欢草莓的人数最多，喜欢香蕉的人数最少。","喜欢草莓的人数最多，喜欢香蕉的人数最少。","pass","none","","","Passed structural gate; include in S18 pass-sample review."
"bnu-primary-ds-v2-p3-232","P3","lower","bnu-primary-p3-lower-data-representation","数据的整理和表示","fill-in","Core","6","6 | 6人","pass","none","","","Passed structural gate; include in S18 pass-sample review."
"bnu-primary-ds-v2-p3-233","P3","lower","bnu-primary-p3-lower-data-representation","数据的整理和表示","multiple-choice","Core","喜欢跳绳的人数最多，比踢毽子多4人。","喜欢跳绳的人数最多，比踢毽子多4人。","pass","none","","","Passed structural gate; include in S18 pass-sample review."
"bnu-primary-ds-v2-p3-234","P3","lower","bnu-primary-p3-lower-data-representation","数据的整理和表示","fill-in","Core","表格：跳绳12，踢毽子8，拍皮球10，跳房子6；问题答案：6","表格：跳绳12，踢毽子8，拍皮球10，跳房子6；问题答案：6 | 跳绳12，踢毽子8，拍皮球10，跳房子6；6 | 跳绳12 踢毽子8 拍皮球10 跳房子6 6 | 12,8,10,6;6 | 12 8 10 6 6","pass","none","","","Passed structural gate; include in S18 pass-sample review."
"bnu-primary-ds-v2-p3-235","P3","lower","bnu-primary-p3-lower-data-representation","数据的整理和表示","multiple-choice","Core","喜欢葡萄的人数最少","喜欢葡萄的人数最少","pass","none","","","Passed structural gate; include in S18 pass-sample review."
"bnu-primary-ds-v2-p3-236","P3","lower","bnu-primary-p3-lower-data-representation","数据的整理和表示","fill-in","Core","（1）苹果：12；香蕉：8；草莓：15；西瓜：10\n（2）草莓，香蕉\n（3）7人","（1）苹果：12；香蕉：8；草莓：15；西瓜：10\n（2）草莓，香蕉\n（3）7人","pass","none","","","Passed structural gate; include in S18 pass-sample review."
"bnu-primary-ds-v2-p3-237","P3","lower","bnu-primary-p3-lower-math-play-review","数学好玩及整理复习","multiple-choice","Core","先算每个小组分到多少张：48÷6＝8（张），再算每名同学分到多少张：8÷2＝4（张）","先算每个小组分到多少张：48÷6＝8（张），再算每名同学分到多少张：8÷2＝4（张）","pass","none","","","Passed structural gate; include in S18 pass-sample review."
"bnu-primary-ds-v2-p3-238","P3","lower","bnu-primary-p3-lower-math-play-review","数学好玩及整理复习","fill-in","Core","2个“正”字，多出2笔","2个“正”字，多出2笔","pass","none","","","Passed structural gate; include in S18 pass-sample review."
"bnu-primary-ds-v2-p3-239","P3","lower","bnu-primary-p3-lower-math-play-review","数学好玩及整理复习","multiple-choice","Core","1464元","1464元","pass","none","","","Passed structural gate; include in S18 pass-sample review."
"bnu-primary-ds-v2-p3-240","P3","lower","bnu-primary-p3-lower-math-play-review","数学好玩及整理复习","fill-in","Core","9，3","9，3 | 9,3","pass","none","","","Passed structural gate; include in S18 pass-sample review."
"bnu-primary-ds-v2-p3-241","P3","lower","bnu-primary-p3-lower-math-play-review","数学好玩及整理复习","multiple-choice","Core","先算48+36=84，再算84÷6=14","先算48+36=84，再算84÷6=14","pass","none","","","Passed structural gate; include in S18 pass-sample review."
"bnu-primary-ds-v2-p3-242","P3","lower","bnu-primary-p3-lower-math-play-review","数学好玩及整理复习","multiple-choice","Core","一个鸡蛋约重50克","一个鸡蛋约重50克","pass","none","","","Passed structural gate; include in S18 pass-sample review."
"bnu-primary-ds-v2-p3-243","P3","lower","bnu-primary-p3-lower-math-play-review","数学好玩及整理复习","multiple-choice","Core","条形统计图","条形统计图","pass","none","","","Passed structural gate; include in S18 pass-sample review."
"bnu-primary-ds-v2-p3-244","P3","lower","bnu-primary-p3-lower-math-play-review","数学好玩及整理复习","multiple-choice","Core","4平方厘米","4平方厘米","pass","none","","","Passed structural gate; include in S18 pass-sample review."
"bnu-primary-ds-v2-p3-245","P3","lower","bnu-primary-p3-lower-math-play-review","数学好玩及整理复习","multiple-choice","Core","705÷5=141","705÷5=141","pass","none","","","Passed structural gate; include in S18 pass-sample review."
"bnu-primary-ds-v2-p3-246","P3","lower","bnu-primary-p3-lower-math-play-review","数学好玩及整理复习","multiple-choice","Core","2","2","pass","none","","","Passed structural gate; include in S18 pass-sample review."
"bnu-primary-ds-v2-p3-247","P3","lower","bnu-primary-p3-lower-math-play-review","数学好玩及整理复习","multiple-choice","Core","3","3","pass","none","","","Passed structural gate; include in S18 pass-sample review."
"bnu-primary-ds-v2-p3-248","P3","lower","bnu-primary-p3-lower-math-play-review","数学好玩及整理复习","multiple-choice","Core","600","600","pass","none","","","Passed structural gate; include in S18 pass-sample review."
"bnu-primary-ds-v2-p3-249","P3","lower","bnu-primary-p3-lower-math-play-review","数学好玩及整理复习","multiple-choice","Core","电梯的上下移动","电梯的上下移动","pass","none","","","Passed structural gate; include in S18 pass-sample review."
"bnu-primary-ds-v2-p3-250","P3","lower","bnu-primary-p3-lower-math-play-review","数学好玩及整理复习","multiple-choice","Core","34","34","pass","none","","","Passed structural gate; include in S18 pass-sample review."
"bnu-primary-ds-v2-p4-001","P4","upper","bnu-primary-p4-upper-large-numbers","认识更大的数","multiple-choice","Core","5037000","5037000","pass","none","","","Passed structural gate; include in S18 pass-sample review."
"bnu-primary-ds-v2-p4-002","P4","upper","bnu-primary-p4-upper-large-numbers","认识更大的数","fill-in","Foundation","602.0万","602.0万","pass","none","","","Passed structural gate; include in S18 pass-sample review."
"bnu-primary-ds-v2-p4-003","P4","upper","bnu-primary-p4-upper-large-numbers","认识更大的数","short-answer","Challenge","710500","710500","pass","none","","","Passed structural gate; include in S18 pass-sample review."
"bnu-primary-ds-v2-p4-004","P4","upper","bnu-primary-p4-upper-large-numbers","认识更大的数","multiple-choice","Exam","800100","800100","pass","none","","","Passed structural gate; include in S18 pass-sample review."
"bnu-primary-ds-v2-p4-005","P4","upper","bnu-primary-p4-upper-large-numbers","认识更大的数","fill-in","Core","154999, 145000","154999, 145000 | 154999 145000","pass","none","","","Passed structural gate; include in S18 pass-sample review."
"bnu-primary-ds-v2-p4-006","P4","upper","bnu-primary-p4-upper-large-numbers","认识更大的数","short-answer","Foundation","5505000 > 5500005 > 5050500 > 5050050","5505000 > 5500005 > 5050500 > 5050050 | 5505000>5500005>5050500>5050050","pass","none","","","Passed structural gate; include in S18 pass-sample review."
"bnu-primary-ds-v2-p4-007","P4","upper","bnu-primary-p4-upper-large-numbers","认识更大的数","multiple-choice","Challenge","1049999999","1049999999","pass","none","","","Passed structural gate; include in S18 pass-sample review."
"bnu-primary-ds-v2-p4-008","P4","upper","bnu-primary-p4-upper-large-numbers","认识更大的数","fill-in","Exam","<, <","<, < | < <","pass","none","","","Passed structural gate; include in S18 pass-sample review."
"bnu-primary-ds-v2-p4-009","P4","upper","bnu-primary-p4-upper-large-numbers","认识更大的数","short-answer","Core","453678","453678","pass","none","","","Passed structural gate; include in S18 pass-sample review."
"bnu-primary-ds-v2-p4-010","P4","upper","bnu-primary-p4-upper-large-numbers","认识更大的数","multiple-choice","Foundation","4000550","4000550","pass","none","","","Passed structural gate; include in S18 pass-sample review."
"bnu-primary-ds-v2-p4-011","P4","upper","bnu-primary-p4-upper-large-numbers","认识更大的数","fill-in","Challenge","850402","850402","pass","none","","","Passed structural gate; include in S18 pass-sample review."
"bnu-primary-ds-v2-p4-012","P4","upper","bnu-primary-p4-upper-large-numbers","认识更大的数","short-answer","Exam","最大是504999，最小是495000","最大是504999，最小是495000 | 504999和495000 | 最大504999，最小495000","pass","none","","","Passed structural gate; include in S18 pass-sample review."
"bnu-primary-ds-v2-p4-013","P4","upper","bnu-primary-p4-upper-large-numbers","认识更大的数","multiple-choice","Core","6060600","6060600","pass","none","","","Passed structural gate; include in S18 pass-sample review."
"bnu-primary-ds-v2-p4-014","P4","upper","bnu-primary-p4-upper-large-numbers","认识更大的数","fill-in","Foundation","80530900","80530900","pass","none","","","Passed structural gate; include in S18 pass-sample review."
"bnu-primary-ds-v2-p4-015","P4","upper","bnu-primary-p4-upper-large-numbers","认识更大的数","short-answer","Challenge","两个三位数是951和730，和是1681","两个三位数是951和730，和是1681 | 951和730，和是1681 | 951和730，1681 | 951,730,1681","pass","none","","","Passed structural gate; include in S18 pass-sample review."
"bnu-primary-ds-v2-p4-016","P4","upper","bnu-primary-p4-upper-large-numbers","认识更大的数","multiple-choice","Exam","④ < ② < ① < ③","④ < ② < ① < ③","pass","none","","","Passed structural gate; include in S18 pass-sample review."
"bnu-primary-ds-v2-p4-017","P4","upper","bnu-primary-p4-upper-lines-angles","线与角","fill-in","Core","对。因为从一点出发可以向任意方向画射线，所以有无数条。","对。因为从一点出发可以向任意方向画射线，所以有无数条。 | 对，因为从一点出发可以向任意方向画射线，所以有无数条。","pass","none","","","Passed structural gate; include in S18 pass-sample review."
"bnu-primary-ds-v2-p4-018","P4","upper","bnu-primary-p4-upper-lines-angles","线与角","short-answer","Foundation","锐角，余角是55°","锐角，余角是55° | 锐角，55° | 锐角，55度","pass","none","","","Passed structural gate; include in S18 pass-sample review."
"bnu-primary-ds-v2-p4-019","P4","upper","bnu-primary-p4-upper-lines-angles","线与角","multiple-choice","Challenge","线段是直线的一部分。","线段是直线的一部分。","pass","none","","","Passed structural gate; include in S18 pass-sample review."
"bnu-primary-ds-v2-p4-020","P4","upper","bnu-primary-p4-upper-lines-angles","线与角","fill-in","Exam","90，直","90，直 | 90度，直角 | 90，直角","pass","none","","","Passed structural gate; include in S18 pass-sample review."
"bnu-primary-ds-v2-p4-021","P4","upper","bnu-primary-p4-upper-lines-angles","线与角","short-answer","Core","无数条","无数条 | 无数条。从一点可以向任意方向画射线，所以有无数条。 | 无数条，因为从一点可以向各个方向画射线。","pass","none","","","Passed structural gate; include in S18 pass-sample review."
"bnu-primary-ds-v2-p4-022","P4","upper","bnu-primary-p4-upper-lines-angles","线与角","multiple-choice","Foundation","B. 有一个端点，向一端无限延伸","B. 有一个端点，向一端无限延伸","pass","none","","","Passed structural gate; include in S18 pass-sample review."
"bnu-primary-ds-v2-p4-023","P4","upper","bnu-primary-p4-upper-lines-angles","线与角","fill-in","Challenge","钝，125","钝，125 | 钝角，125 | 钝角，125° | 钝，125°","pass","none","","","Passed structural gate; include in S18 pass-sample review."
"bnu-primary-ds-v2-p4-024","P4","upper","bnu-primary-p4-upper-lines-angles","线与角","short-answer","Exam","钝角，135°","钝角，135° | 钝角，135度 | 135°，钝角 | 135度，钝角","pass","none","","","Passed structural gate; include in S18 pass-sample review."
"bnu-primary-ds-v2-p4-025","P4","upper","bnu-primary-p4-upper-lines-angles","线与角","multiple-choice","Core","B. 这两条直线一定互相平行","B. 这两条直线一定互相平行","pass","none","","","Passed structural gate; include in S18 pass-sample review."
"bnu-primary-ds-v2-p4-026","P4","upper","bnu-primary-p4-upper-lines-angles","线与角","fill-in","Foundation","直，90","直，90 | 直角，90 | 直角，90° | 直，90°","pass","none","","","Passed structural gate; include in S18 pass-sample review."
"bnu-primary-ds-v2-p4-027","P4","upper","bnu-primary-p4-upper-lines-angles","线与角","short-answer","Challenge","4种，分别是120°、135°、150°、105°","4种，分别是120°、135°、150°、105° | 4种：120°、135°、150°、105° | 120°、135°、150°、105° | 120°,135°,150°,105°","pass","none","","","Passed structural gate; include in S18 pass-sample review."
"bnu-primary-ds-v2-p4-028","P4","upper","bnu-primary-p4-upper-lines-angles","线与角","multiple-choice","Exam","B. 100°","B. 100°","pass","none","","","Passed structural gate; include in S18 pass-sample review."
"bnu-primary-ds-v2-p4-029","P4","upper","bnu-primary-p4-upper-lines-angles","线与角","fill-in","Core","直，钝","直，钝 | 直角，钝角 | 直角，钝 | 直，钝角","pass","none","","","Passed structural gate; include in S18 pass-sample review."
"bnu-primary-ds-v2-p4-030","P4","upper","bnu-primary-p4-upper-lines-angles","线与角","short-answer","Foundation","1条","1条 | 1条。过直线外一点有且只有一条直线与已知直线平行。 | 一条，因为过直线外一点只能画一条直线与已知直线平行。","pass","none","","","Passed structural gate; include in S18 pass-sample review."
"bnu-primary-ds-v2-p4-031","P4","upper","bnu-primary-p4-upper-lines-angles","线与角","multiple-choice","Challenge","线段有两个端点，长度可以测量","线段有两个端点，长度可以测量","pass","none","","","Passed structural gate; include in S18 pass-sample review."
"bnu-primary-ds-v2-p4-032","P4","upper","bnu-primary-p4-upper-lines-angles","线与角","fill-in","Exam","钝,135","钝,135 | 钝角,135","pass","none","","","Passed structural gate; include in S18 pass-sample review."
"bnu-primary-ds-v2-p4-033","P4","upper","bnu-primary-p4-upper-multiplication","乘法","short-answer","Core","7872","7872","pass","none","","","Passed structural gate; include in S18 pass-sample review."
"bnu-primary-ds-v2-p4-034","P4","upper","bnu-primary-p4-upper-multiplication","乘法","multiple-choice","Foundation","234\n×  15\n------\n 1170\n 2340\n------\n 3510","234\n×  15\n------\n 1170\n 2340\n------\n 3510","pass","none","","","Passed structural gate; include in S18 pass-sample review."
"bnu-primary-ds-v2-p4-035","P4","upper","bnu-primary-p4-upper-multiplication","乘法","fill-in","Challenge","1000","1000","pass","none","","","Passed structural gate; include in S18 pass-sample review."
"bnu-primary-ds-v2-p4-036","P4","upper","bnu-primary-p4-upper-multiplication","乘法","short-answer","Exam","估算：1440千米；精确：1416千米","估算：1440千米；精确：1416千米 | 估算1440千米，精确1416千米 | 约1440千米，1416千米","pass","none","","","Passed structural gate; include in S18 pass-sample review."
"bnu-primary-ds-v2-p4-037","P4","upper","bnu-primary-p4-upper-multiplication","乘法","multiple-choice","Core","210×43","210×43","pass","none","","","Passed structural gate; include in S18 pass-sample review."
"bnu-primary-ds-v2-p4-038","P4","upper","bnu-primary-p4-upper-multiplication","乘法","fill-in","Foundation","7700","7700","pass","none","","","Passed structural gate; include in S18 pass-sample review."
"bnu-primary-ds-v2-p4-039","P4","upper","bnu-primary-p4-upper-multiplication","乘法","short-answer","Challenge","864","864","pass","none","","","Passed structural gate; include in S18 pass-sample review."
"bnu-primary-ds-v2-p4-040","P4","upper","bnu-primary-p4-upper-multiplication","乘法","multiple-choice","Exam","125×8×11","125×8×11","pass","none","","","Passed structural gate; include in S18 pass-sample review."
"bnu-primary-ds-v2-p4-041","P4","upper","bnu-primary-p4-upper-multiplication","乘法","fill-in","Core","9440","9440","pass","none","","","Passed structural gate; include in S18 pass-sample review."
"bnu-primary-ds-v2-p4-042","P4","upper","bnu-primary-p4-upper-multiplication","乘法","short-answer","Foundation","2250","2250 | 2250元","pass","none","","","Passed structural gate; include in S18 pass-sample review."
"bnu-primary-ds-v2-p4-043","P4","upper","bnu-primary-p4-upper-multiplication","乘法","multiple-choice","Challenge","C. 312 × 32","C. 312 × 32 | C","pass","none","","","Passed structural gate; include in S18 pass-sample review."
"bnu-primary-ds-v2-p4-044","P4","upper","bnu-primary-p4-upper-multiplication","乘法","fill-in","Exam","1035","1035","pass","none","","","Passed structural gate; include in S18 pass-sample review."
"bnu-primary-ds-v2-p4-045","P4","upper","bnu-primary-p4-upper-multiplication","乘法","short-answer","Core","1416","1416 | 1416千米","pass","none","","","Passed structural gate; include in S18 pass-sample review."
"bnu-primary-ds-v2-p4-046","P4","upper","bnu-primary-p4-upper-multiplication","乘法","multiple-choice","Foundation","C. 236 × 20","C. 236 × 20 | C","pass","none","","","Passed structural gate; include in S18 pass-sample review."
"bnu-primary-ds-v2-p4-047","P4","upper","bnu-primary-p4-upper-multiplication","乘法","fill-in","Challenge","36000","36000","pass","none","","","Passed structural gate; include in S18 pass-sample review."
"bnu-primary-ds-v2-p4-048","P4","upper","bnu-primary-p4-upper-multiplication","乘法","short-answer","Exam","516","516 | 516棵","pass","none","","","Passed structural gate; include in S18 pass-sample review."
"bnu-primary-ds-v2-p4-049","P4","upper","bnu-primary-p4-upper-operation-laws","运算律","multiple-choice","Core","B. 25 × 4 × 11","B. 25 × 4 × 11 | B","pass","none","","","Passed structural gate; include in S18 pass-sample review."
"bnu-primary-ds-v2-p4-050","P4","upper","bnu-primary-p4-upper-operation-laws","运算律","fill-in","Foundation","100, 900","100, 900 | 100 900","pass","none","","","Passed structural gate; include in S18 pass-sample review."
"bnu-primary-ds-v2-p4-051","P4","upper","bnu-primary-p4-upper-operation-laws","运算律","short-answer","Challenge","小宇用了乘法结合律，把36看成4×9，先算25×4得到100，再乘9得900；小文用了乘法分配律，把36拆成30+6，分别乘25再相加，也是900。两种方法都正确，因为结合律和分配律都能保证算式的结果不变。","小宇用了乘法结合律，把36看成4×9，先算25×4得到100，再乘9得900；小文用了乘法分配律，把36拆成30+6，分别乘25再相加，也是900。两种方法都正确，因为结合律和分配律都能保证算式的结果不变。","pass","none","","","Passed structural gate; include in S18 pass-sample review."
"bnu-primary-ds-v2-p4-052","P4","upper","bnu-primary-p4-upper-operation-laws","运算律","multiple-choice","Core","25×(40+7)","25×(40+7)","pass","none","","","Passed structural gate; include in S18 pass-sample review."
"bnu-primary-ds-v2-p4-053","P4","upper","bnu-primary-p4-upper-operation-laws","运算律","fill-in","Foundation","5；结合","5；结合 | 5，结合","pass","none","","","Passed structural gate; include in S18 pass-sample review."
"bnu-primary-ds-v2-p4-054","P4","upper","bnu-primary-p4-upper-operation-laws","运算律","short-answer","Challenge","错误：没有把102拆成100+2后用分配律分别乘48，而是只乘了100，漏乘了2。正确：48×102 = 48×(100+2) = 48×100+48×2 = 4800+96 = 4896。","错误：没有把102拆成100+2后用分配律分别乘48，而是只乘了100，漏乘了2。正确：48×102 = 48×(100+2) = 48×100+48×2 = 4800+96 = 4896。","pass","none","","","Passed structural gate; include in S18 pass-sample review."
"bnu-primary-ds-v2-p4-055","P4","upper","bnu-primary-p4-upper-operation-laws","运算律","multiple-choice","Core","125×80×8","125×80×8","pass","none","","","Passed structural gate; include in S18 pass-sample review."
"bnu-primary-ds-v2-p4-056","P4","upper","bnu-primary-p4-upper-operation-laws","运算律","fill-in","Foundation","25；25","25；25 | 25，25","pass","none","","","Passed structural gate; include in S18 pass-sample review."
"bnu-primary-ds-v2-p4-057","P4","upper","bnu-primary-p4-upper-operation-laws","运算律","short-answer","Challenge","72×125 = 9×8×125 = 9×(8×125) = 9×1000 = 9000。第一步把72拆成9×8（分解因数），第二步用乘法结合律先算8×125得到1000，第三步再乘9。","72×125 = 9×8×125 = 9×(8×125) = 9×1000 = 9000。第一步把72拆成9×8（分解因数），第二步用乘法结合律先算8×125得到1000，第三步再乘9。","pass","none","","","Passed structural gate; include in S18 pass-sample review."
"bnu-primary-ds-v2-p4-058","P4","upper","bnu-primary-p4-upper-operation-laws","运算律","multiple-choice","Core","(36+59)+41=36+(59+41)","(36+59)+41=36+(59+41)","pass","none","","","Passed structural gate; include in S18 pass-sample review."
"bnu-primary-ds-v2-p4-059","P4","upper","bnu-primary-p4-upper-operation-laws","运算律","fill-in","Foundation","47；53；交换；结合","47；53；交换；结合 | 47，53，交换，结合","pass","none","","","Passed structural gate; include in S18 pass-sample review."
"bnu-primary-ds-v2-p4-060","P4","upper","bnu-primary-p4-upper-operation-laws","运算律","short-answer","Challenge","对。99×38+38 = 99×38+1×38 = (99+1)×38 = 100×38 = 3800。这里把最后一个38看成1×38，然后逆用乘法分配律，提取公因数38，得到(99+1)×38，计算简便。","对。99×38+38 = 99×38+1×38 = (99+1)×38 = 100×38 = 3800。这里把最后一个38看成1×38，然后逆用乘法分配律，提取公因数38，得到(99+1)×38，计算简便。","pass","none","","","Passed structural gate; include in S18 pass-sample review."
"bnu-primary-ds-v2-p4-061","P4","upper","bnu-primary-p4-upper-operation-laws","运算律","multiple-choice","Core","25×44 = 25×40 + 25×4","25×44 = 25×40 + 25×4","pass","none","","","Passed structural gate; include in S18 pass-sample review."
"bnu-primary-ds-v2-p4-062","P4","upper","bnu-primary-p4-upper-operation-laws","运算律","fill-in","Foundation","64 交换","64 交换 | 64 交换律","pass","none","","","Passed structural gate; include in S18 pass-sample review."
"bnu-primary-ds-v2-p4-063","P4","upper","bnu-primary-p4-upper-operation-laws","运算律","short-answer","Challenge","(1) 乘法分配律；(2) 乘法结合律；(3) 小丽的方法更简便，因为 25 × 4 = 100，再乘 9 得 900，计算更简单。","(1) 乘法分配律；(2) 乘法结合律；(3) 小丽的方法更简便，因为 25 × 4 = 100，再乘 9 得 900，计算更简单。 | (1) 乘法分配律；(2) 乘法结合律；(3) 小丽的方法更简便，因为 25 × 4 = 100，再乘 9 得 900，计算更简单","pass","none","","","Passed structural gate; include in S18 pass-sample review."
"bnu-primary-ds-v2-p4-064","P4","upper","bnu-primary-p4-upper-operation-laws","运算律","multiple-choice","Core","23×99 = 23×100 - 23","23×99 = 23×100 - 23","pass","none","","","Passed structural gate; include in S18 pass-sample review."
"bnu-primary-ds-v2-p4-065","P4","upper","bnu-primary-p4-upper-direction-position","方向与位置","fill-in","Foundation","正东方向，30米","正东方向，30米 | 正东，30米 | 东，30米","pass","none","","","Passed structural gate; include in S18 pass-sample review."
"bnu-primary-ds-v2-p4-066","P4","upper","bnu-primary-p4-upper-direction-position","方向与位置","short-answer","Challenge","学校在公园的西南方向，学校到公园的直线距离大约是361米。","学校在公园的西南方向，学校到公园的直线距离大约是361米。 | 西南方向，361米 | 西南，361 | 学校在公园的西南方向，直线距离约361米 | 西南方向，约361米 | 西南方向 361米 | 西南 361米","pass","none","","","Passed structural gate; include in S18 pass-sample review."
"bnu-primary-ds-v2-p4-067","P4","upper","bnu-primary-p4-upper-direction-position","方向与位置","multiple-choice","Core","东北方向，250米","东北方向，250米","pass","none","","","Passed structural gate; include in S18 pass-sample review."
"bnu-primary-ds-v2-p4-068","P4","upper","bnu-primary-p4-upper-direction-position","方向与位置","fill-in","Foundation","西偏南30°方向400米","西偏南30°方向400米 | 西偏南30° 400米 | 西偏南30度方向400米 | 西偏南30度400米","pass","none","","","Passed structural gate; include in S18 pass-sample review."
"bnu-primary-ds-v2-p4-069","P4","upper","bnu-primary-p4-upper-direction-position","方向与位置","short-answer","Challenge","点C在中心点O的正西方向40米处","点C在中心点O的正西方向40米处 | 点C在点O的正西方向40米处 | 正西方向40米 | 正西40米","pass","none","","","Passed structural gate; include in S18 pass-sample review."
"bnu-primary-ds-v2-p4-070","P4","upper","bnu-primary-p4-upper-direction-position","方向与位置","multiple-choice","Core","南偏西40°方向200米","南偏西40°方向200米","pass","none","","","Passed structural gate; include in S18 pass-sample review."
"bnu-primary-ds-v2-p4-071","P4","upper","bnu-primary-p4-upper-direction-position","方向与位置","fill-in","Foundation","学校在书店南偏西30°方向200米处","学校在书店南偏西30°方向200米处 | 学校在书店南偏西30°方向200米 | 南偏西30°方向200米 | 南偏西30°200米","pass","none","","","Passed structural gate; include in S18 pass-sample review."
"bnu-primary-ds-v2-p4-072","P4","upper","bnu-primary-p4-upper-direction-position","方向与位置","short-answer","Challenge","从图书馆出发，先向西偏北45°方向走250米到公园，再向南走200米到超市，最后向西走300米到家。","从图书馆出发，先向西偏北45°方向走250米到公园，再向南走200米到超市，最后向西走300米到家。 | 从图书馆出发，先向西偏北45°方向走250米到公园，再向南走200米到超市，最后向西走300米到家 | 先向西偏北45°方向走250米到公园，再向南走200米到超市，最后向西走300米到家 | 向西偏北45°走250米到公园，向南走200米到超市，向西走300米到家","pass","none","","","Passed structural gate; include in S18 pass-sample review."
"bnu-primary-ds-v2-p4-073","P4","upper","bnu-primary-p4-upper-direction-position","方向与位置","multiple-choice","Core","西","西","pass","none","","","Passed structural gate; include in S18 pass-sample review."
"bnu-primary-ds-v2-p4-074","P4","upper","bnu-primary-p4-upper-direction-position","方向与位置","fill-in","Foundation","广场在邮局西偏北40°方向150米处","广场在邮局西偏北40°方向150米处 | 广场在邮局西偏北40°方向150米 | 西偏北40°方向150米 | 西偏北40°150米","pass","none","","","Passed structural gate; include in S18 pass-sample review."
"bnu-primary-ds-v2-p4-075","P4","upper","bnu-primary-p4-upper-direction-position","方向与位置","short-answer","Challenge","从体育馆出发，向西偏北30°方向走300米到书店，再向南偏西20°方向走400米到学校。","从体育馆出发，向西偏北30°方向走300米到书店，再向南偏西20°方向走400米到学校。 | 从体育馆出发，向西偏北30°方向走300米到书店，再向南偏西20°方向走400米到学校 | 先向西偏北30°方向走300米到书店，再向南偏西20°方向走400米到学校 | 向西偏北30°走300米到书店，向南偏西20°走400米到学校","pass","none","","","Passed structural gate; include in S18 pass-sample review."
"bnu-primary-ds-v2-p4-076","P4","upper","bnu-primary-p4-upper-direction-position","方向与位置","multiple-choice","Core","东","东","pass","none","","","Passed structural gate; include in S18 pass-sample review."
"bnu-primary-ds-v2-p4-077","P4","upper","bnu-primary-p4-upper-direction-position","方向与位置","fill-in","Foundation","公园在学校北偏东25°方向300米处","公园在学校北偏东25°方向300米处 | 公园在学校北偏东25°方向300米 | 北偏东25°方向300米 | 北偏东25°300米","pass","none","","","Passed structural gate; include in S18 pass-sample review."
"bnu-primary-ds-v2-p4-078","P4","upper","bnu-primary-p4-upper-direction-position","方向与位置","short-answer","Challenge","从电影院出发，先向西偏南50°方向走200米到商场，再向北偏东40°方向走350米到公交站，最后向东走250米到家。","从电影院出发，先向西偏南50°方向走200米到商场，再向北偏东40°方向走350米到公交站，最后向东走250米到家。 | 从电影院出发，先向西偏南50°方向走200米到商场，再向北偏东40°方向走350米到公交站，最后向东走250米到家 | 先向西偏南50°方向走200米到商场，再向北偏东40°方向走350米到公交站，最后向东走250米到家 | 向西偏南50°走200米到商场，向北偏东40°走350米到公交站，向东走250米到家","pass","none","","","Passed structural gate; include in S18 pass-sample review."
"bnu-primary-ds-v2-p4-079","P4","upper","bnu-primary-p4-upper-direction-position","方向与位置","multiple-choice","Core","南","南","pass","none","","","Passed structural gate; include in S18 pass-sample review."
"bnu-primary-ds-v2-p4-080","P4","upper","bnu-primary-p4-upper-direction-position","方向与位置","fill-in","Foundation","图书馆在科技馆西偏南15°方向500米处","图书馆在科技馆西偏南15°方向500米处 | 图书馆在科技馆西偏南15°方向500米 | 西偏南15°方向500米 | 西偏南15°500米","pass","none","","","Passed structural gate; include in S18 pass-sample review."
"bnu-primary-ds-v2-p4-081","P4","upper","bnu-primary-p4-upper-division","除法","short-answer","Challenge","估计：大约40本。计算：896÷24=37（本）……8（本）。验算：24×37+8=888+8=896。答：每个班实际分到37本，还剩8本。","估计：大约40本。计算：896÷24=37（本）……8（本）。验算：24×37+8=888+8=896。答：每个班实际分到37本，还剩8本。 | 估计：约40本。896÷24=37……8。验算：24×37+8=896。答：37本，剩8本。","pass","none","","","Passed structural gate; include in S18 pass-sample review."
"bnu-primary-ds-v2-p4-082","P4","upper","bnu-primary-p4-upper-division","除法","multiple-choice","Core","8 辆","8 辆 | 8辆","pass","none","","","Passed structural gate; include in S18 pass-sample review."
"bnu-primary-ds-v2-p4-083","P4","upper","bnu-primary-p4-upper-division","除法","fill-in","Foundation","28","28","pass","none","","","Passed structural gate; include in S18 pass-sample review."
"bnu-primary-ds-v2-p4-084","P4","upper","bnu-primary-p4-upper-division","除法","short-answer","Challenge","估算合理，因为把896看作900，24看作30，900÷30=30，所以大约30本。实际计算：896÷24=37（本）……8（本）。","估算合理，因为把896看作900，24看作30，900÷30=30，所以大约30本。实际计算：896÷24=37（本）……8（本）。 | 合理。把896估成900，24估成30，900÷30=30，所以大约30本。竖式：896÷24=37余8。 | 估算合理。896≈900，24≈30，900÷30=30，大约30本。896÷24=37本余8本。","pass","none","","","Passed structural gate; include in S18 pass-sample review."
"bnu-primary-ds-v2-p4-085","P4","upper","bnu-primary-p4-upper-division","除法","multiple-choice","Core","28 本","28 本","pass","none","","","Passed structural gate; include in S18 pass-sample review."
"bnu-primary-ds-v2-p4-086","P4","upper","bnu-primary-p4-upper-division","除法","fill-in","Foundation","16包，还剩0本","16包，还剩0本 | 16包 | 16包，0本 | 16","pass","none","","","Passed structural gate; include in S18 pass-sample review."
"bnu-primary-ds-v2-p4-087","P4","upper","bnu-primary-p4-upper-division","除法","short-answer","Challenge","每个班实际分到33本，图书馆还剩下6本。","每个班实际分到33本，图书馆还剩下6本。 | 33本，剩下6本 | 33本，余6本 | 33本，6本","pass","none","","","Passed structural gate; include in S18 pass-sample review."
"bnu-primary-ds-v2-p4-088","P4","upper","bnu-primary-p4-upper-division","除法","multiple-choice","Core","每个班级分到 19 本，还剩 22 本","每个班级分到 19 本，还剩 22 本","pass","none","","","Passed structural gate; include in S18 pass-sample review."
"bnu-primary-ds-v2-p4-089","P4","upper","bnu-primary-p4-upper-division","除法","fill-in","Foundation","最多可以分给 16 个班，还剩 2 本。","最多可以分给 16 个班，还剩 2 本。 | 16个班，剩2本 | 16个班，还剩2本 | 16个班剩2本","pass","none","","","Passed structural gate; include in S18 pass-sample review."
"bnu-primary-ds-v2-p4-090","P4","upper","bnu-primary-p4-upper-division","除法","short-answer","Challenge","估算：897÷24≈900÷25=36（本）或 897÷24≈900÷20=45（本）等合理估算均可。竖式计算：897÷24=37（本）……9（本）。验算：37×24+9=888+9=897，等于被除数，计算正确。","估算：897÷24≈900÷25=36（本）或 897÷24≈900÷20=45（本）等合理估算均可。竖式计算：897÷24=37（本）……9（本）。验算：37×24+9=888+9=897，等于被除数，计算正确。","pass","none","","","Passed structural gate; include in S18 pass-sample review."
"bnu-primary-ds-v2-p4-091","P4","upper","bnu-primary-p4-upper-division","除法","multiple-choice","Core","36 本","36 本","pass","none","","","Passed structural gate; include in S18 pass-sample review."
"bnu-primary-ds-v2-p4-092","P4","upper","bnu-primary-p4-upper-division","除法","fill-in","Foundation","12，0","12，0 | 12 0 | 12和0 | 商12余0","pass","none","","","Passed structural gate; include in S18 pass-sample review."
"bnu-primary-ds-v2-p4-093","P4","upper","bnu-primary-p4-upper-division","除法","short-answer","Challenge","28 元","28 元 | 28 | 每个28元","pass","none","","","Passed structural gate; include in S18 pass-sample review."
"bnu-primary-ds-v2-p4-094","P4","upper","bnu-primary-p4-upper-division","除法","multiple-choice","Core","把 35 看作 30，先商 3","把 35 看作 30，先商 3","pass","none","","","Passed structural gate; include in S18 pass-sample review."
"bnu-primary-ds-v2-p4-095","P4","upper","bnu-primary-p4-upper-division","除法","fill-in","Foundation","大，小","大，小 | 大小 | 大和小","pass","none","","","Passed structural gate; include in S18 pass-sample review."
"bnu-primary-ds-v2-p4-096","P4","upper","bnu-primary-p4-upper-division","除法","short-answer","Challenge","9 辆","9 辆 | 9 | 9辆","pass","none","","","Passed structural gate; include in S18 pass-sample review."
"bnu-primary-ds-v2-p4-097","P4","upper","bnu-primary-p4-upper-negative-numbers","生活中的负数","multiple-choice","Core","+8 ℃ 比 -5 ℃ 高","+8 ℃ 比 -5 ℃ 高","pass","none","","","Passed structural gate; include in S18 pass-sample review."
"bnu-primary-ds-v2-p4-098","P4","upper","bnu-primary-p4-upper-negative-numbers","生活中的负数","fill-in","Foundation","-150","-150 | -150米 | 负150","pass","none","","","Passed structural gate; include in S18 pass-sample review."
"bnu-primary-ds-v2-p4-099","P4","upper","bnu-primary-p4-upper-negative-numbers","生活中的负数","short-answer","Challenge","小丽，小美，小刚，小强","小丽，小美，小刚，小强 | 小丽 小美 小刚 小强 | 小丽>小美>小刚>小强","pass","none","","","Passed structural gate; include in S18 pass-sample review."
"bnu-primary-ds-v2-p4-100","P4","upper","bnu-primary-p4-upper-negative-numbers","生活中的负数","multiple-choice","Core","-0.5","-0.5","pass","none","","","Passed structural gate; include in S18 pass-sample review."
"bnu-primary-ds-v2-p4-101","P4","upper","bnu-primary-p4-upper-negative-numbers","生活中的负数","fill-in","Foundation","13","13","pass","none","","","Passed structural gate; include in S18 pass-sample review."
"bnu-primary-ds-v2-p4-102","P4","upper","bnu-primary-p4-upper-negative-numbers","生活中的负数","short-answer","Challenge","西侧，50米，-50米","西侧，50米，-50米 | 西侧50米，-50米 | 西侧50米-50米","pass","none","","","Passed structural gate; include in S18 pass-sample review."
"bnu-primary-ds-v2-p4-103","P4","upper","bnu-primary-p4-upper-negative-numbers","生活中的负数","multiple-choice","Core","丁市","丁市","pass","none","","","Passed structural gate; include in S18 pass-sample review."
"bnu-primary-ds-v2-p4-104","P4","upper","bnu-primary-p4-upper-negative-numbers","生活中的负数","fill-in","Foundation","25","25","pass","none","","","Passed structural gate; include in S18 pass-sample review."
"bnu-primary-ds-v2-p4-105","P4","upper","bnu-primary-p4-upper-negative-numbers","生活中的负数","short-answer","Challenge","60","60 | 60分","pass","none","","","Passed structural gate; include in S18 pass-sample review."
"bnu-primary-ds-v2-p4-106","P4","upper","bnu-primary-p4-upper-negative-numbers","生活中的负数","multiple-choice","Core","凌晨2时","凌晨2时","pass","none","","","Passed structural gate; include in S18 pass-sample review."
"bnu-primary-ds-v2-p4-107","P4","upper","bnu-primary-p4-upper-negative-numbers","生活中的负数","fill-in","Foundation","5","5","pass","none","","","Passed structural gate; include in S18 pass-sample review."
"bnu-primary-ds-v2-p4-108","P4","upper","bnu-primary-p4-upper-negative-numbers","生活中的负数","short-answer","Challenge","1395","1395 | 1395米","pass","none","","","Passed structural gate; include in S18 pass-sample review."
"bnu-primary-ds-v2-p4-109","P4","upper","bnu-primary-p4-upper-negative-numbers","生活中的负数","multiple-choice","Core","-2","-2","pass","none","","","Passed structural gate; include in S18 pass-sample review."
"bnu-primary-ds-v2-p4-110","P4","upper","bnu-primary-p4-upper-negative-numbers","生活中的负数","fill-in","Foundation","3000","3000 | +3000 | 盈利3000","pass","none","","","Passed structural gate; include in S18 pass-sample review."
"bnu-primary-ds-v2-p4-111","P4","upper","bnu-primary-p4-upper-negative-numbers","生活中的负数","short-answer","Challenge","上午10时：+4℃；下午4时：-1℃；下午4时的气温比凌晨2时高。","上午10时：+4℃；下午4时：-1℃；下午4时的气温比凌晨2时高。 | 上午10时：+4℃；下午4时：-1℃；高","pass","none","","","Passed structural gate; include in S18 pass-sample review."
"bnu-primary-ds-v2-p4-112","P4","upper","bnu-primary-p4-upper-negative-numbers","生活中的负数","multiple-choice","Core","-7℃","-7℃","pass","none","","","Passed structural gate; include in S18 pass-sample review."
"bnu-primary-ds-v2-p4-113","P4","upper","bnu-primary-p4-upper-probability","可能性","fill-in","Foundation","红；蓝","红；蓝 | 红球；蓝球","pass","none","","","Passed structural gate; include in S18 pass-sample review."
"bnu-primary-ds-v2-p4-114","P4","upper","bnu-primary-p4-upper-probability","可能性","short-answer","Challenge","停在黄色区域的可能性最大，停在蓝色区域的可能性最小。理由：黄色区域占4份，份数最多，所以可能性最大；蓝色区域占1份，份数最少，所以可能性最小。","停在黄色区域的可能性最大，停在蓝色区域的可能性最小。理由：黄色区域占4份，份数最多，所以可能性最大；蓝色区域占1份，份数最少，所以可能性最小。 | 黄色；蓝色。因为黄色份数多，蓝色份数少。","pass","none","","","Passed structural gate; include in S18 pass-sample review."
"bnu-primary-ds-v2-p4-115","P4","upper","bnu-primary-p4-upper-probability","可能性","multiple-choice","Core","摸到黑球的可能性最小","摸到黑球的可能性最小","pass","none","","","Passed structural gate; include in S18 pass-sample review."
"bnu-primary-ds-v2-p4-116","P4","upper","bnu-primary-p4-upper-probability","可能性","fill-in","Foundation","不可能；可能；一定","不可能；可能；一定","pass","none","","","Passed structural gate; include in S18 pass-sample review."
"bnu-primary-ds-v2-p4-117","P4","upper","bnu-primary-p4-upper-probability","可能性","short-answer","Challenge","公平。因为骰子六个面中单数有1、3、5共3个，双数有2、4、6共3个，数量相等，所以两人赢的可能性相同。","公平。因为骰子六个面中单数有1、3、5共3个，双数有2、4、6共3个，数量相等，所以两人赢的可能性相同。 | 公平。单数和双数一样多，可能性相同。","pass","none","","","Passed structural gate; include in S18 pass-sample review."
"bnu-primary-ds-v2-p4-118","P4","upper","bnu-primary-p4-upper-probability","可能性","multiple-choice","Core","摸到红球和黄球的可能性一样大","摸到红球和黄球的可能性一样大","pass","none","","","Passed structural gate; include in S18 pass-sample review."
"bnu-primary-ds-v2-p4-119","P4","upper","bnu-primary-p4-upper-probability","可能性","fill-in","Foundation","一样大","一样大","pass","none","","","Passed structural gate; include in S18 pass-sample review."
"bnu-primary-ds-v2-p4-120","P4","upper","bnu-primary-p4-upper-probability","可能性","short-answer","Challenge","可以将转盘平均分成若干份，例如分成8份：红色占5份，黄色占2份，蓝色占1份。这样红色份数最多，可能性最大；蓝色份数最少，可能性最小；黄色居中。","可以将转盘平均分成若干份，例如分成8份：红色占5份，黄色占2份，蓝色占1份。这样红色份数最多，可能性最大；蓝色份数最少，可能性最小；黄色居中。 | 红色5份，黄色2份，蓝色1份。红色最多，蓝色最少。","pass","none","","","Passed structural gate; include in S18 pass-sample review."
"bnu-primary-ds-v2-p4-121","P4","upper","bnu-primary-p4-upper-probability","可能性","multiple-choice","Core","摸到红球的可能性最大","摸到红球的可能性最大","pass","none","","","Passed structural gate; include in S18 pass-sample review."
"bnu-primary-ds-v2-p4-122","P4","upper","bnu-primary-p4-upper-probability","可能性","fill-in","Foundation","大","大","pass","none","","","Passed structural gate; include in S18 pass-sample review."
"bnu-primary-ds-v2-p4-123","P4","upper","bnu-primary-p4-upper-probability","可能性","short-answer","Challenge","公平，因为红色区域和蓝色区域各占3份，小明和小红赢的机会相等。","公平，因为红色区域和蓝色区域各占3份，小明和小红赢的机会相等。","pass","none","","","Passed structural gate; include in S18 pass-sample review."
"bnu-primary-ds-v2-p4-124","P4","upper","bnu-primary-p4-upper-probability","可能性","multiple-choice","Core","可能性相等","可能性相等","pass","none","","","Passed structural gate; include in S18 pass-sample review."
"bnu-primary-ds-v2-p4-125","P4","upper","bnu-primary-p4-upper-probability","可能性","fill-in","Foundation","大","大","pass","none","","","Passed structural gate; include in S18 pass-sample review."
"bnu-primary-ds-v2-p4-126","P4","upper","bnu-primary-p4-upper-probability","可能性","short-answer","Challenge","不同意。每次抽奖前卡片总数和单双数比例不变，抽到单数或双数的可能性不变，上一次的结果不影响下一次。","不同意。每次抽奖前卡片总数和单双数比例不变，抽到单数或双数的可能性不变，上一次的结果不影响下一次。","pass","none","","","Passed structural gate; include in S18 pass-sample review."
"bnu-primary-ds-v2-p4-127","P4","upper","bnu-primary-p4-upper-probability","可能性","multiple-choice","Core","摸到黑球","摸到黑球","pass","none","","","Passed structural gate; include in S18 pass-sample review."
"bnu-primary-ds-v2-p4-128","P4","upper","bnu-primary-p4-upper-probability","可能性","fill-in","Foundation","大","大","pass","none","","","Passed structural gate; include in S18 pass-sample review."
"bnu-primary-ds-v2-p4-129","P4","upper","bnu-primary-p4-upper-math-play-review","数学好玩及整理复习","short-answer","Core","他用了四舍五入法把加数看作整百数进行估算。198≈200，397≈400，200+400=600，实际198+397=595，600接近595，结果合理。","他用了四舍五入法把加数看作整百数进行估算。198≈200，397≈400，200+400=600，实际198+397=595，600接近595，结果合理。","pass","none","","","Passed structural gate; include in S18 pass-sample review."
"bnu-primary-ds-v2-p4-130","P4","upper","bnu-primary-p4-upper-math-play-review","数学好玩及整理复习","multiple-choice","Foundation","小明有345元，买了一个198元的书包，还剩多少元？","小明有345元，买了一个198元的书包，还剩多少元？","pass","none","","","Passed structural gate; include in S18 pass-sample review."
"bnu-primary-ds-v2-p4-131","P4","upper","bnu-primary-p4-upper-math-play-review","数学好玩及整理复习","fill-in","Core","④；大于90°且小于180°的角才是钝角（或：钝角是大于90°且小于180°的角）","④；大于90°且小于180°的角才是钝角（或：钝角是大于90°且小于180°的角） | ④；大于90°且小于180°的角才是钝角 | ④；钝角是大于90°且小于180°的角 | ④；大于90°而小于180°的角是钝角","pass","none","","","Passed structural gate; include in S18 pass-sample review."
"bnu-primary-ds-v2-p4-132","P4","upper","bnu-primary-p4-upper-math-play-review","数学好玩及整理复习","short-answer","Foundation","（1）5380206000；（2）五十三亿八千零二十万六千；（3）54","（1）5380206000；（2）五十三亿八千零二十万六千；（3）54 | （1）5380206000；（2）五十三亿八千零二十万六千；（3）54亿","pass","none","","","Passed structural gate; include in S18 pass-sample review."
"bnu-primary-ds-v2-p4-133","P4","upper","bnu-primary-p4-upper-math-play-review","数学好玩及整理复习","multiple-choice","Core","C. 130°","C. 130°","pass","none","","","Passed structural gate; include in S18 pass-sample review."
"bnu-primary-ds-v2-p4-134","P4","upper","bnu-primary-p4-upper-math-play-review","数学好玩及整理复习","fill-in","Foundation","123","123","pass","none","","","Passed structural gate; include in S18 pass-sample review."
"bnu-primary-ds-v2-p4-135","P4","upper","bnu-primary-p4-upper-math-play-review","数学好玩及整理复习","short-answer","Core","①③④；理由：①是把25分别与4和8相乘再相加；③是逆用分配律把36提取出来；④是把101拆成100+1，再用分配律。②运用的是乘法结合律。","①③④；理由：①是把25分别与4和8相乘再相加；③是逆用分配律把36提取出来；④是把101拆成100+1，再用分配律。②运用的是乘法结合律。 | ①③④；①③④都符合乘法分配律的形式，②是乘法结合律。","pass","none","","","Passed structural gate; include in S18 pass-sample review."
"bnu-primary-ds-v2-p4-136","P4","upper","bnu-primary-p4-upper-math-play-review","数学好玩及整理复习","multiple-choice","Foundation","A. 点B在点A的南偏西30°方向，距离200米处","A. 点B在点A的南偏西30°方向，距离200米处","pass","none","","","Passed structural gate; include in S18 pass-sample review."
"bnu-primary-ds-v2-p4-137","P4","upper","bnu-primary-p4-upper-math-play-review","数学好玩及整理复习","fill-in","Core","（1）×；（2）√；（3）√","（1）×；（2）√；（3）√","pass","none","","","Passed structural gate; include in S18 pass-sample review."
"bnu-primary-ds-v2-p4-138","P4","upper","bnu-primary-p4-upper-math-play-review","数学好玩及整理复习","short-answer","Foundation","（1）-30；（2）-500；（3）-0.2","（1）-30；（2）-500；（3）-0.2","pass","none","","","Passed structural gate; include in S18 pass-sample review."
"bnu-primary-ds-v2-p4-139","P4","upper","bnu-primary-p4-upper-math-play-review","数学好玩及整理复习","multiple-choice","Core","C. 10条","C. 10条","pass","none","","","Passed structural gate; include in S18 pass-sample review."
"bnu-primary-ds-v2-p4-140","P4","upper","bnu-primary-p4-upper-math-play-review","数学好玩及整理复习","fill-in","Foundation","9876；98765","9876；98765 | 9876, 98765","pass","none","","","Passed structural gate; include in S18 pass-sample review."
"bnu-primary-ds-v2-p4-141","P4","upper","bnu-primary-p4-upper-math-play-review","数学好玩及整理复习","short-answer","Core","②，乘法结合律","②，乘法结合律 | ② 乘法结合律 | ②,乘法结合律","pass","none","","","Passed structural gate; include in S18 pass-sample review."
"bnu-primary-ds-v2-p4-142","P4","upper","bnu-primary-p4-upper-math-play-review","数学好玩及整理复习","multiple-choice","Foundation","B","B","pass","none","","","Passed structural gate; include in S18 pass-sample review."
"bnu-primary-ds-v2-p4-143","P4","upper","bnu-primary-p4-upper-math-play-review","数学好玩及整理复习","fill-in","Core","9876","9876","pass","none","","","Passed structural gate; include in S18 pass-sample review."
"bnu-primary-ds-v2-p4-144","P4","upper","bnu-primary-p4-upper-math-play-review","数学好玩及整理复习","short-answer","Foundation","用商乘除数，看是否等于被除数，即27×28=756。","用商乘除数，看是否等于被除数，即27×28=756。 | 27×28=756 | 用乘法验算","pass","none","","","Passed structural gate; include in S18 pass-sample review."
"bnu-primary-ds-v2-p4-145","P4","lower","bnu-primary-p4-lower-decimal-meaning-add-sub","小数的意义和加减法","multiple-choice","Core","B","B","pass","none","","","Passed structural gate; include in S18 pass-sample review."
"bnu-primary-ds-v2-p4-146","P4","lower","bnu-primary-p4-lower-decimal-meaning-add-sub","小数的意义和加减法","fill-in","Foundation","0.6=0.60=0.600","0.6=0.60=0.600 | 0.600=0.60=0.6","pass","none","","","Passed structural gate; include in S18 pass-sample review."
"bnu-primary-ds-v2-p4-147","P4","lower","bnu-primary-p4-lower-decimal-meaning-add-sub","小数的意义和加减法","short-answer","Core","14.98元","14.98元 | 14.98","pass","none","","","Passed structural gate; include in S18 pass-sample review."
"bnu-primary-ds-v2-p4-148","P4","lower","bnu-primary-p4-lower-decimal-meaning-add-sub","小数的意义和加减法","multiple-choice","Foundation","A","A","pass","none","","","Passed structural gate; include in S18 pass-sample review."
"bnu-primary-ds-v2-p4-149","P4","lower","bnu-primary-p4-lower-decimal-meaning-add-sub","小数的意义和加减法","fill-in","Core","8.66","8.66","pass","none","","","Passed structural gate; include in S18 pass-sample review."
"bnu-primary-ds-v2-p4-150","P4","lower","bnu-primary-p4-lower-decimal-meaning-add-sub","小数的意义和加减法","short-answer","Foundation","1.12米","1.12米 | 1.12","pass","none","","","Passed structural gate; include in S18 pass-sample review."
"bnu-primary-ds-v2-p4-151","P4","lower","bnu-primary-p4-lower-decimal-meaning-add-sub","小数的意义和加减法","multiple-choice","Core","13.98元","13.98元","pass","none","","","Passed structural gate; include in S18 pass-sample review."
"bnu-primary-ds-v2-p4-152","P4","lower","bnu-primary-p4-lower-decimal-meaning-add-sub","小数的意义和加减法","fill-in","Foundation","0.61","0.61","pass","none","","","Passed structural gate; include in S18 pass-sample review."
"bnu-primary-ds-v2-p4-153","P4","lower","bnu-primary-p4-lower-decimal-meaning-add-sub","小数的意义和加减法","short-answer","Core","8.1","8.1","pass","none","","","Passed structural gate; include in S18 pass-sample review."
"bnu-primary-ds-v2-p4-154","P4","lower","bnu-primary-p4-lower-decimal-meaning-add-sub","小数的意义和加减法","multiple-choice","Foundation","3.02","3.02","pass","none","","","Passed structural gate; include in S18 pass-sample review."
"bnu-primary-ds-v2-p4-155","P4","lower","bnu-primary-p4-lower-decimal-meaning-add-sub","小数的意义和加减法","fill-in","Core","1.75","1.75","pass","none","","","Passed structural gate; include in S18 pass-sample review."
"bnu-primary-ds-v2-p4-156","P4","lower","bnu-primary-p4-lower-decimal-meaning-add-sub","小数的意义和加减法","short-answer","Foundation","70.95","70.95","pass","none","","","Passed structural gate; include in S18 pass-sample review."
"bnu-primary-ds-v2-p4-157","P4","lower","bnu-primary-p4-lower-decimal-meaning-add-sub","小数的意义和加减法","multiple-choice","Core","10.00 - 3.45","10.00 - 3.45","pass","none","","","Passed structural gate; include in S18 pass-sample review."
"bnu-primary-ds-v2-p4-158","P4","lower","bnu-primary-p4-lower-decimal-meaning-add-sub","小数的意义和加减法","fill-in","Foundation","3.56","3.56","pass","none","","","Passed structural gate; include in S18 pass-sample review."
"bnu-primary-ds-v2-p4-159","P4","lower","bnu-primary-p4-lower-decimal-meaning-add-sub","小数的意义和加减法","short-answer","Core","1.9米 > 1.85米 > 1.78米","1.9米 > 1.85米 > 1.78米 | 1.9 > 1.85 > 1.78","pass","none","","","Passed structural gate; include in S18 pass-sample review."
"bnu-primary-ds-v2-p4-160","P4","lower","bnu-primary-p4-lower-decimal-meaning-add-sub","小数的意义和加减法","multiple-choice","Foundation","5.06","5.06","pass","none","","","Passed structural gate; include in S18 pass-sample review."
"bnu-primary-ds-v2-p4-161","P4","lower","bnu-primary-p4-lower-triangles-quadrilaterals","认识三角形和四边形","fill-in","Core","平行四边形","平行四边形","pass","none","","","Passed structural gate; include in S18 pass-sample review."
"bnu-primary-ds-v2-p4-162","P4","lower","bnu-primary-p4-lower-triangles-quadrilaterals","认识三角形和四边形","short-answer","Foundation","平行四边形。因为两组对边分别相等，且相邻边不相等，符合平行四边形的特征。","平行四边形。因为两组对边分别相等，且相邻边不相等，符合平行四边形的特征。 | 平行四边形。因为两组对边分别相等，相邻边不相等，所以是平行四边形。 | 平行四边形。两组对边分别相等，相邻边不相等，符合平行四边形的特征。 | 平行四边形。因为两组对边分别相等，且相邻边不相等，所以是平行四边形。","pass","none","","","Passed structural gate; include in S18 pass-sample review."
"bnu-primary-ds-v2-p4-163","P4","lower","bnu-primary-p4-lower-triangles-quadrilaterals","认识三角形和四边形","multiple-choice","Core","正方形","正方形","pass","none","","","Passed structural gate; include in S18 pass-sample review."
"bnu-primary-ds-v2-p4-164","P4","lower","bnu-primary-p4-lower-triangles-quadrilaterals","认识三角形和四边形","fill-in","Foundation","正方形","正方形","pass","none","","","Passed structural gate; include in S18 pass-sample review."
"bnu-primary-ds-v2-p4-165","P4","lower","bnu-primary-p4-lower-triangles-quadrilaterals","认识三角形和四边形","short-answer","Core","4厘米、5厘米、6厘米、7厘米、8厘米、9厘米、10厘米、11厘米、12厘米","4厘米、5厘米、6厘米、7厘米、8厘米、9厘米、10厘米、11厘米、12厘米","pass","none","","","Passed structural gate; include in S18 pass-sample review."
"bnu-primary-ds-v2-p4-166","P4","lower","bnu-primary-p4-lower-triangles-quadrilaterals","认识三角形和四边形","multiple-choice","Foundation","正方形","正方形","pass","none","","","Passed structural gate; include in S18 pass-sample review."
"bnu-primary-ds-v2-p4-167","P4","lower","bnu-primary-p4-lower-triangles-quadrilaterals","认识三角形和四边形","fill-in","Core","梯形","梯形","pass","none","","","Passed structural gate; include in S18 pass-sample review."
"bnu-primary-ds-v2-p4-168","P4","lower","bnu-primary-p4-lower-triangles-quadrilaterals","认识三角形和四边形","short-answer","Foundation","是","是","pass","none","","","Passed structural gate; include in S18 pass-sample review."
"bnu-primary-ds-v2-p4-169","P4","lower","bnu-primary-p4-lower-triangles-quadrilaterals","认识三角形和四边形","multiple-choice","Core","菱形","菱形","pass","none","","","Passed structural gate; include in S18 pass-sample review."
"bnu-primary-ds-v2-p4-170","P4","lower","bnu-primary-p4-lower-triangles-quadrilaterals","认识三角形和四边形","fill-in","Foundation","正方形","正方形","pass","none","","","Passed structural gate; include in S18 pass-sample review."
"bnu-primary-ds-v2-p4-171","P4","lower","bnu-primary-p4-lower-triangles-quadrilaterals","认识三角形和四边形","short-answer","Core","等腰三角形。因为两条边长度相等，都是5厘米。","等腰三角形。因为两条边长度相等，都是5厘米。 | 等腰三角形","pass","none","","","Passed structural gate; include in S18 pass-sample review."
"bnu-primary-ds-v2-p4-172","P4","lower","bnu-primary-p4-lower-triangles-quadrilaterals","认识三角形和四边形","multiple-choice","Foundation","等腰三角形","等腰三角形","pass","none","","","Passed structural gate; include in S18 pass-sample review."
"bnu-primary-ds-v2-p4-173","P4","lower","bnu-primary-p4-lower-triangles-quadrilaterals","认识三角形和四边形","fill-in","Core","梯","梯 | 梯形","pass","none","","","Passed structural gate; include in S18 pass-sample review."
"bnu-primary-ds-v2-p4-174","P4","lower","bnu-primary-p4-lower-triangles-quadrilaterals","认识三角形和四边形","short-answer","Foundation","直角三角形","直角三角形","pass","none","","","Passed structural gate; include in S18 pass-sample review."
"bnu-primary-ds-v2-p4-175","P4","lower","bnu-primary-p4-lower-triangles-quadrilaterals","认识三角形和四边形","multiple-choice","Core","锐角三角形","锐角三角形","pass","none","","","Passed structural gate; include in S18 pass-sample review."
"bnu-primary-ds-v2-p4-176","P4","lower","bnu-primary-p4-lower-decimal-multiplication","小数乘法","fill-in","Foundation","4.2","4.2","pass","none","","","Passed structural gate; include in S18 pass-sample review."
"bnu-primary-ds-v2-p4-177","P4","lower","bnu-primary-p4-lower-decimal-multiplication","小数乘法","short-answer","Core","21元","21元 | 21","pass","none","","","Passed structural gate; include in S18 pass-sample review."
"bnu-primary-ds-v2-p4-178","P4","lower","bnu-primary-p4-lower-decimal-multiplication","小数乘法","multiple-choice","Foundation","0.8×0.7","0.8×0.7","pass","none","","","Passed structural gate; include in S18 pass-sample review."
"bnu-primary-ds-v2-p4-179","P4","lower","bnu-primary-p4-lower-decimal-multiplication","小数乘法","fill-in","Core","3.6","3.6","pass","none","","","Passed structural gate; include in S18 pass-sample review."
"bnu-primary-ds-v2-p4-180","P4","lower","bnu-primary-p4-lower-decimal-multiplication","小数乘法","short-answer","Foundation","26平方米","26平方米 | 26","pass","none","","","Passed structural gate; include in S18 pass-sample review."
"bnu-primary-ds-v2-p4-181","P4","lower","bnu-primary-p4-lower-decimal-multiplication","小数乘法","multiple-choice","Core","找回1.0元","找回1.0元","pass","none","","","Passed structural gate; include in S18 pass-sample review."
"bnu-primary-ds-v2-p4-182","P4","lower","bnu-primary-p4-lower-decimal-multiplication","小数乘法","fill-in","Foundation","估算：6.5×12≈6×12=72（元）或 6.5×10=65（元），精确计算：6.5×12=78（元）","估算：6.5×12≈6×12=72（元）或 6.5×10=65（元），精确计算：6.5×12=78（元） | 估算：约72元，精确：78元 | 估算：约65元，精确：78元 | 估算：6.5×12≈6×12=72元，精确：78元 | 估算：6.5×12≈6.5×10=65元，精确：78元","pass","none","","","Passed structural gate; include in S18 pass-sample review."
"bnu-primary-ds-v2-p4-183","P4","lower","bnu-primary-p4-lower-decimal-multiplication","小数乘法","multiple-choice","Core","7.6元","7.6元","pass","none","","","Passed structural gate; include in S18 pass-sample review."
"bnu-primary-ds-v2-p4-184","P4","lower","bnu-primary-p4-lower-decimal-multiplication","小数乘法","fill-in","Foundation","0.96","0.96 | 0.96平方米","pass","none","","","Passed structural gate; include in S18 pass-sample review."
"bnu-primary-ds-v2-p4-185","P4","lower","bnu-primary-p4-lower-decimal-multiplication","小数乘法","multiple-choice","Core","把0.6看作0.5，8.5看作9，0.5×9=4.5元","把0.6看作0.5，8.5看作9，0.5×9=4.5元","pass","none","","","Passed structural gate; include in S18 pass-sample review."
"bnu-primary-ds-v2-p4-186","P4","lower","bnu-primary-p4-lower-decimal-multiplication","小数乘法","fill-in","Foundation","估算：大约找回5元；精确计算：找回5元","估算：大约找回5元；精确计算：找回5元 | 大约找回5元；找回5元 | 估算找回5元，精确找回5元","pass","none","","","Passed structural gate; include in S18 pass-sample review."
"bnu-primary-ds-v2-p4-187","P4","lower","bnu-primary-p4-lower-decimal-multiplication","小数乘法","multiple-choice","Core","5.1元","5.1元","pass","none","","","Passed structural gate; include in S18 pass-sample review."
"bnu-primary-ds-v2-p4-188","P4","lower","bnu-primary-p4-lower-decimal-multiplication","小数乘法","fill-in","Foundation","43.2","43.2 | 43.2元","pass","none","","","Passed structural gate; include in S18 pass-sample review."
"bnu-primary-ds-v2-p4-189","P4","lower","bnu-primary-p4-lower-decimal-multiplication","小数乘法","multiple-choice","Core","把0.6看作0.5，8.5看作9，估算为4.5元","把0.6看作0.5，8.5看作9，估算为4.5元","pass","none","","","Passed structural gate; include in S18 pass-sample review."
"bnu-primary-ds-v2-p4-190","P4","lower","bnu-primary-p4-lower-decimal-multiplication","小数乘法","fill-in","Foundation","估算：2.1，计算：1.75","估算：2.1，计算：1.75 | 2.1，1.75 | 2.1 1.75 | 2.1,1.75","pass","none","","","Passed structural gate; include in S18 pass-sample review."
"bnu-primary-ds-v2-p4-191","P4","lower","bnu-primary-p4-lower-observe-objects","观察物体","multiple-choice","Core","第一层放3个排成一行，第二层在中间那个上面放1个","第一层放3个排成一行，第二层在中间那个上面放1个","pass","none","","","Passed structural gate; include in S18 pass-sample review."
"bnu-primary-ds-v2-p4-192","P4","lower","bnu-primary-p4-lower-observe-objects","观察物体","fill-in","Foundation","5","5","pass","none","","","Passed structural gate; include in S18 pass-sample review."
"bnu-primary-ds-v2-p4-193","P4","lower","bnu-primary-p4-lower-observe-objects","观察物体","multiple-choice","Core","3个","3个","pass","none","","","Passed structural gate; include in S18 pass-sample review."
"bnu-primary-ds-v2-p4-194","P4","lower","bnu-primary-p4-lower-observe-objects","观察物体","fill-in","Foundation","1","1","pass","none","","","Passed structural gate; include in S18 pass-sample review."
"bnu-primary-ds-v2-p4-195","P4","lower","bnu-primary-p4-lower-observe-objects","观察物体","multiple-choice","Core","左边一列1个，右边一列2个","左边一列1个，右边一列2个","pass","none","","","Passed structural gate; include in S18 pass-sample review."
"bnu-primary-ds-v2-p4-196","P4","lower","bnu-primary-p4-lower-observe-objects","观察物体","fill-in","Foundation","3","3","pass","none","","","Passed structural gate; include in S18 pass-sample review."
"bnu-primary-ds-v2-p4-197","P4","lower","bnu-primary-p4-lower-observe-objects","观察物体","multiple-choice","Core","2个","2个","pass","none","","","Passed structural gate; include in S18 pass-sample review."
"bnu-primary-ds-v2-p4-198","P4","lower","bnu-primary-p4-lower-observe-objects","观察物体","fill-in","Foundation","3","3","pass","none","","","Passed structural gate; include in S18 pass-sample review."
"bnu-primary-ds-v2-p4-199","P4","lower","bnu-primary-p4-lower-observe-objects","观察物体","multiple-choice","Core","这个立体图形最少有3个小正方体","这个立体图形最少有3个小正方体","pass","none","","","Passed structural gate; include in S18 pass-sample review."
"bnu-primary-ds-v2-p4-200","P4","lower","bnu-primary-p4-lower-observe-objects","观察物体","fill-in","Foundation","1","1","pass","none","","","Passed structural gate; include in S18 pass-sample review."
"bnu-primary-ds-v2-p4-201","P4","lower","bnu-primary-p4-lower-observe-objects","观察物体","multiple-choice","Core","4个","4个","pass","none","","","Passed structural gate; include in S18 pass-sample review."
"bnu-primary-ds-v2-p4-202","P4","lower","bnu-primary-p4-lower-observe-objects","观察物体","fill-in","Foundation","第1行2个，第2行2个","第1行2个，第2行2个 | 第一行2个，第二行2个","pass","none","","","Passed structural gate; include in S18 pass-sample review."
"bnu-primary-ds-v2-p4-203","P4","lower","bnu-primary-p4-lower-observe-objects","观察物体","multiple-choice","Core","两行，第一行3个，第二行2个","两行，第一行3个，第二行2个","pass","none","","","Passed structural gate; include in S18 pass-sample review."
"bnu-primary-ds-v2-p4-204","P4","lower","bnu-primary-p4-lower-observe-objects","观察物体","fill-in","Foundation","2层","2层 | 两层","pass","none","","","Passed structural gate; include in S18 pass-sample review."
"bnu-primary-ds-v2-p4-205","P4","lower","bnu-primary-p4-lower-observe-objects","观察物体","multiple-choice","Core","4个","4个 | 4","pass","none","","","Passed structural gate; include in S18 pass-sample review."
"bnu-primary-ds-v2-p4-206","P4","lower","bnu-primary-p4-lower-equations","认识方程","fill-in","Foundation","x + 3x + 5 = 65","x + 3x + 5 = 65 | x+3x+5=65","pass","none","","","Passed structural gate; include in S18 pass-sample review."
"bnu-primary-ds-v2-p4-207","P4","lower","bnu-primary-p4-lower-equations","认识方程","multiple-choice","Core","x=6","x=6","pass","none","","","Passed structural gate; include in S18 pass-sample review."
"bnu-primary-ds-v2-p4-208","P4","lower","bnu-primary-p4-lower-equations","认识方程","fill-in","Foundation","4厘米","4厘米 | 4","pass","none","","","Passed structural gate; include in S18 pass-sample review."
"bnu-primary-ds-v2-p4-209","P4","lower","bnu-primary-p4-lower-equations","认识方程","multiple-choice","Core","5a + 8b = 510","5a + 8b = 510","pass","none","","","Passed structural gate; include in S18 pass-sample review."
"bnu-primary-ds-v2-p4-210","P4","lower","bnu-primary-p4-lower-equations","认识方程","fill-in","Foundation","把x=5代入方程，左边=3×5-4=11，右边=11，左边=右边，所以x=5是方程的解。","把x=5代入方程，左边=3×5-4=11，右边=11，左边=右边，所以x=5是方程的解。 | 左边=3×5-4=11，右边=11，所以是解","pass","none","","","Passed structural gate; include in S18 pass-sample review."
"bnu-primary-ds-v2-p4-211","P4","lower","bnu-primary-p4-lower-equations","认识方程","multiple-choice","Core","50 - 5a = 15","50 - 5a = 15","pass","none","","","Passed structural gate; include in S18 pass-sample review."
"bnu-primary-ds-v2-p4-212","P4","lower","bnu-primary-p4-lower-equations","认识方程","fill-in","Foundation","2(x + 8) = 36","2(x + 8) = 36 | 2x + 16 = 36 | (x + 8) × 2 = 36","pass","none","","","Passed structural gate; include in S18 pass-sample review."
"bnu-primary-ds-v2-p4-213","P4","lower","bnu-primary-p4-lower-equations","认识方程","multiple-choice","Core","y + (y - 6) = 30","y + (y - 6) = 30","pass","none","","","Passed structural gate; include in S18 pass-sample review."
"bnu-primary-ds-v2-p4-214","P4","lower","bnu-primary-p4-lower-equations","认识方程","fill-in","Foundation","4m - 3 = 37","4m - 3 = 37 | 4m = 37 + 3","pass","none","","","Passed structural gate; include in S18 pass-sample review."
"bnu-primary-ds-v2-p4-215","P4","lower","bnu-primary-p4-lower-equations","认识方程","multiple-choice","Core","65x + 48(10 - x) = 530","65x + 48(10 - x) = 530","pass","none","","","Passed structural gate; include in S18 pass-sample review."
"bnu-primary-ds-v2-p4-216","P4","lower","bnu-primary-p4-lower-equations","认识方程","fill-in","Foundation","120 - n = 2n - 10","120 - n = 2n - 10 | 2n - 10 = 120 - n","pass","none","","","Passed structural gate; include in S18 pass-sample review."
"bnu-primary-ds-v2-p4-217","P4","lower","bnu-primary-p4-lower-equations","认识方程","multiple-choice","Core","x + 2x + 2x = 24","x + 2x + 2x = 24","pass","none","","","Passed structural gate; include in S18 pass-sample review."
"bnu-primary-ds-v2-p4-218","P4","lower","bnu-primary-p4-lower-equations","认识方程","fill-in","Foundation","4a + 3(15 - a) = 55","4a + 3(15 - a) = 55 | 4a + 45 - 3a = 55","pass","none","","","Passed structural gate; include in S18 pass-sample review."
"bnu-primary-ds-v2-p4-219","P4","lower","bnu-primary-p4-lower-equations","认识方程","multiple-choice","Core","x + 3x = 96","x + 3x = 96","pass","none","","","Passed structural gate; include in S18 pass-sample review."
"bnu-primary-ds-v2-p4-220","P4","lower","bnu-primary-p4-lower-equations","认识方程","fill-in","Foundation","5b + 3 = 38","5b + 3 = 38 | 5b = 38 - 3","pass","none","","","Passed structural gate; include in S18 pass-sample review."
"bnu-primary-ds-v2-p4-221","P4","lower","bnu-primary-p4-lower-data-representation-analysis","数据的表示和分析","multiple-choice","Core","科技组6格，美术组4格，音乐组5格，体育组7格","科技组6格，美术组4格，音乐组5格，体育组7格","pass","none","","","Passed structural gate; include in S18 pass-sample review."
"bnu-primary-ds-v2-p4-222","P4","lower","bnu-primary-p4-lower-data-representation-analysis","数据的表示和分析","fill-in","Foundation","（1）140个；（2）平均数会变大","（1）140个；（2）平均数会变大 | （1）140个 （2）平均数会变大 | （1）140个，（2）平均数会变大 | （1）140个（2）平均数会变大","pass","none","","","Passed structural gate; include in S18 pass-sample review."
"bnu-primary-ds-v2-p4-223","P4","lower","bnu-primary-p4-lower-data-representation-analysis","数据的表示和分析","multiple-choice","Core","132次","132次","pass","none","","","Passed structural gate; include in S18 pass-sample review."
"bnu-primary-ds-v2-p4-224","P4","lower","bnu-primary-p4-lower-data-representation-analysis","数据的表示和分析","fill-in","Foundation","（1）141个；（2）-12个","（1）141个；（2）-12个 | （1）141个 （2）-12个 | 141个；-12个 | 141个 -12个","pass","none","","","Passed structural gate; include in S18 pass-sample review."
"bnu-primary-ds-v2-p4-225","P4","lower","bnu-primary-p4-lower-data-representation-analysis","数据的表示和分析","multiple-choice","Core","12本","12本","pass","none","","","Passed structural gate; include in S18 pass-sample review."
"bnu-primary-ds-v2-p4-226","P4","lower","bnu-primary-p4-lower-data-representation-analysis","数据的表示和分析","fill-in","Foundation","151","151 | 151下","pass","none","","","Passed structural gate; include in S18 pass-sample review."
"bnu-primary-ds-v2-p4-227","P4","lower","bnu-primary-p4-lower-data-representation-analysis","数据的表示和分析","multiple-choice","Core","130","130","pass","none","","","Passed structural gate; include in S18 pass-sample review."
"bnu-primary-ds-v2-p4-228","P4","lower","bnu-primary-p4-lower-data-representation-analysis","数据的表示和分析","fill-in","Core","（1）139下；（2）约141下（或141下）","（1）139下；（2）约141下（或141下） | （1）139下；（2）141下 | （1）139；（2）141 | （1）139；（2）约141","pass","none","","","Passed structural gate; include in S18 pass-sample review."
"bnu-primary-ds-v2-p4-229","P4","lower","bnu-primary-p4-lower-data-representation-analysis","数据的表示和分析","multiple-choice","Core","小浩跳得最多，比小雅多18个","小浩跳得最多，比小雅多18个","pass","none","","","Passed structural gate; include in S18 pass-sample review."
"bnu-primary-ds-v2-p4-230","P4","lower","bnu-primary-p4-lower-data-representation-analysis","数据的表示和分析","fill-in","Core","139","139 | 139下","pass","none","","","Passed structural gate; include in S18 pass-sample review."
"bnu-primary-ds-v2-p4-231","P4","lower","bnu-primary-p4-lower-data-representation-analysis","数据的表示和分析","multiple-choice","Core","10人","10人","pass","none","","","Passed structural gate; include in S18 pass-sample review."
"bnu-primary-ds-v2-p4-232","P4","lower","bnu-primary-p4-lower-data-representation-analysis","数据的表示和分析","fill-in","Core","124","124 | 124下","pass","none","","","Passed structural gate; include in S18 pass-sample review."
"bnu-primary-ds-v2-p4-233","P4","lower","bnu-primary-p4-lower-data-representation-analysis","数据的表示和分析","multiple-choice","Core","21节","21节","pass","none","","","Passed structural gate; include in S18 pass-sample review."
"bnu-primary-ds-v2-p4-234","P4","lower","bnu-primary-p4-lower-data-representation-analysis","数据的表示和分析","fill-in","Core","140","140 | 140厘米","pass","none","","","Passed structural gate; include in S18 pass-sample review."
"bnu-primary-ds-v2-p4-235","P4","lower","bnu-primary-p4-lower-data-representation-analysis","数据的表示和分析","multiple-choice","Core","6人","6人","pass","none","","","Passed structural gate; include in S18 pass-sample review."
"bnu-primary-ds-v2-p4-236","P4","lower","bnu-primary-p4-lower-math-play-review","数学好玩及整理复习","fill-in","Core","16.1","16.1","pass","none","","","Passed structural gate; include in S18 pass-sample review."
"bnu-primary-ds-v2-p4-237","P4","lower","bnu-primary-p4-lower-math-play-review","数学好玩及整理复习","multiple-choice","Core","80°，锐角三角形","80°，锐角三角形","pass","none","","","Passed structural gate; include in S18 pass-sample review."
"bnu-primary-ds-v2-p4-238","P4","lower","bnu-primary-p4-lower-math-play-review","数学好玩及整理复习","fill-in","Core","55","55 | 55° | 55度","pass","none","","","Passed structural gate; include in S18 pass-sample review."
"bnu-primary-ds-v2-p4-239","P4","lower","bnu-primary-p4-lower-math-play-review","数学好玩及整理复习","multiple-choice","Core","等腰三角形","等腰三角形","pass","none","","","Passed structural gate; include in S18 pass-sample review."
"bnu-primary-ds-v2-p4-240","P4","lower","bnu-primary-p4-lower-math-play-review","数学好玩及整理复习","fill-in","Core","90°，直角三角形","90°，直角三角形 | 90度，直角三角形","pass","none","","","Passed structural gate; include in S18 pass-sample review."
"bnu-primary-ds-v2-p4-241","P4","lower","bnu-primary-p4-lower-math-play-review","数学好玩及整理复习","multiple-choice","Core","0.62","0.62","pass","none","","","Passed structural gate; include in S18 pass-sample review."
"bnu-primary-ds-v2-p4-242","P4","lower","bnu-primary-p4-lower-math-play-review","数学好玩及整理复习","multiple-choice","Core","条形统计图","条形统计图","pass","none","","","Passed structural gate; include in S18 pass-sample review."
"bnu-primary-ds-v2-p4-243","P4","lower","bnu-primary-p4-lower-math-play-review","数学好玩及整理复习","multiple-choice","Core","按两组对边是否分别平行分类","按两组对边是否分别平行分类","pass","none","","","Passed structural gate; include in S18 pass-sample review."
"bnu-primary-ds-v2-p4-244","P4","lower","bnu-primary-p4-lower-math-play-review","数学好玩及整理复习","multiple-choice","Core","A. 小宇：计算时把5.6看成5.60，再减去2.48，得到3.12。","A. 小宇：计算时把5.6看成5.60，再减去2.48，得到3.12。","pass","none","","","Passed structural gate; include in S18 pass-sample review."
"bnu-primary-ds-v2-p4-245","P4","lower","bnu-primary-p4-lower-math-play-review","数学好玩及整理复习","multiple-choice","Core","在计数器上，十位拨6颗珠子，个位和十分位都不拨珠子，这个数写作60，它等于0.6。","在计数器上，十位拨6颗珠子，个位和十分位都不拨珠子，这个数写作60，它等于0.6。","pass","none","","","Passed structural gate; include in S18 pass-sample review."
"bnu-primary-ds-v2-p4-246","P4","lower","bnu-primary-p4-lower-math-play-review","数学好玩及整理复习","multiple-choice","Core","把1米平均分成10份，取其中的6份，就是0.6米。","把1米平均分成10份，取其中的6份，就是0.6米。","pass","none","","","Passed structural gate; include in S18 pass-sample review."
"bnu-primary-ds-v2-p4-247","P4","lower","bnu-primary-p4-lower-math-play-review","数学好玩及整理复习","multiple-choice","Core","B. 我把错题按计算错误和思路错误分类，然后针对不同错误类型想不同的改进方法。","B. 我把错题按计算错误和思路错误分类，然后针对不同错误类型想不同的改进方法。","pass","none","","","Passed structural gate; include in S18 pass-sample review."
"bnu-primary-ds-v2-p4-248","P4","lower","bnu-primary-p4-lower-math-play-review","数学好玩及整理复习","multiple-choice","Core","按“位数相同”和“位数不同”分类并写出计算要点","按“位数相同”和“位数不同”分类并写出计算要点","pass","none","","","Passed structural gate; include in S18 pass-sample review."
"bnu-primary-ds-v2-p4-249","P4","lower","bnu-primary-p4-lower-math-play-review","数学好玩及整理复习","multiple-choice","Core","3.6和3.60","3.6和3.60","pass","none","","","Passed structural gate; include in S18 pass-sample review."
"bnu-primary-ds-v2-p4-250","P4","lower","bnu-primary-p4-lower-math-play-review","数学好玩及整理复习","multiple-choice","Core","每份数×份数＝总数","每份数×份数＝总数","pass","none","","","Passed structural gate; include in S18 pass-sample review."
"bnu-primary-ds-v2-p5-001","P5","upper","bnu-primary-p5-upper-decimal-division","小数除法","multiple-choice","Core","6.4","6.4","pass","none","","","Passed structural gate; include in S18 pass-sample review."
"bnu-primary-ds-v2-p5-002","P5","upper","bnu-primary-p5-upper-decimal-division","小数除法","fill-in","Foundation","30","30","pass","none","","","Passed structural gate; include in S18 pass-sample review."
"bnu-primary-ds-v2-p5-003","P5","upper","bnu-primary-p5-upper-decimal-division","小数除法","short-answer","Challenge","16段，7.5分钟","16段，7.5分钟 | 16段,7.5分钟 | 16段 7.5分钟","pass","none","","","Passed structural gate; include in S18 pass-sample review."
"bnu-primary-ds-v2-p5-004","P5","upper","bnu-primary-p5-upper-decimal-division","小数除法","multiple-choice","Exam","5.6÷0.8","5.6÷0.8","pass","none","","","Passed structural gate; include in S18 pass-sample review."
"bnu-primary-ds-v2-p5-005","P5","upper","bnu-primary-p5-upper-decimal-division","小数除法","fill-in","Core","100，450÷18","100，450÷18 | 100,450÷18 | 100 450÷18","pass","none","","","Passed structural gate; include in S18 pass-sample review."
"bnu-primary-ds-v2-p5-006","P5","upper","bnu-primary-p5-upper-decimal-division","小数除法","short-answer","Foundation","14","14 | 14个","pass","none","","","Passed structural gate; include in S18 pass-sample review."
"bnu-primary-ds-v2-p5-007","P5","upper","bnu-primary-p5-upper-decimal-division","小数除法","multiple-choice","Challenge","5÷6","5÷6","pass","none","","","Passed structural gate; include in S18 pass-sample review."
"bnu-primary-ds-v2-p5-008","P5","upper","bnu-primary-p5-upper-decimal-division","小数除法","fill-in","Exam","560，商不变","560，商不变 | 560,商不变 | 560 商不变","pass","none","","","Passed structural gate; include in S18 pass-sample review."
"bnu-primary-ds-v2-p5-009","P5","upper","bnu-primary-p5-upper-decimal-division","小数除法","short-answer","Core","大10倍","大10倍 | 扩大10倍 | 是原来的10倍","pass","none","","","Passed structural gate; include in S18 pass-sample review."
"bnu-primary-ds-v2-p5-010","P5","upper","bnu-primary-p5-upper-decimal-division","小数除法","multiple-choice","Foundation","0.72÷0.9","0.72÷0.9","pass","none","","","Passed structural gate; include in S18 pass-sample review."
"bnu-primary-ds-v2-p5-011","P5","upper","bnu-primary-p5-upper-decimal-division","小数除法","fill-in","Challenge","45个，0米","45个，0米","pass","none","","","Passed structural gate; include in S18 pass-sample review."
"bnu-primary-ds-v2-p5-012","P5","upper","bnu-primary-p5-upper-decimal-division","小数除法","short-answer","Exam","2.9","2.9","pass","none","","","Passed structural gate; include in S18 pass-sample review."
"bnu-primary-ds-v2-p5-013","P5","upper","bnu-primary-p5-upper-decimal-division","小数除法","multiple-choice","Core","16.5 ÷ 2.5 = 6.6（元）","16.5 ÷ 2.5 = 6.6（元）","pass","none","","","Passed structural gate; include in S18 pass-sample review."
"bnu-primary-ds-v2-p5-014","P5","upper","bnu-primary-p5-upper-decimal-division","小数除法","fill-in","Foundation","37.8","37.8","pass","none","","","Passed structural gate; include in S18 pass-sample review."
"bnu-primary-ds-v2-p5-015","P5","upper","bnu-primary-p5-upper-decimal-division","小数除法","short-answer","Challenge","18.72","18.72 | 18.72元","pass","none","","","Passed structural gate; include in S18 pass-sample review."
"bnu-primary-ds-v2-p5-016","P5","upper","bnu-primary-p5-upper-symmetry-translation","轴对称和平移","multiple-choice","Exam","(7,6)","(7,6)","pass","none","","","Passed structural gate; include in S18 pass-sample review."
"bnu-primary-ds-v2-p5-017","P5","upper","bnu-primary-p5-upper-symmetry-translation","轴对称和平移","fill-in","Core","（7，3）","（7，3） | 7,3 | (7,3)","pass","none","","","Passed structural gate; include in S18 pass-sample review."
"bnu-primary-ds-v2-p5-018","P5","upper","bnu-primary-p5-upper-symmetry-translation","轴对称和平移","short-answer","Foundation","A'(6,3), B'(9,3), C'(6,6)","A'(6,3), B'(9,3), C'(6,6) | A' (6,3), B' (9,3), C' (6,6) | A'(6,3) B'(9,3) C'(6,6) | A'=(6,3), B'=(9,3), C'=(6,6) | (6,3), (9,3), (6,6)","pass","none","","","Passed structural gate; include in S18 pass-sample review."
"bnu-primary-ds-v2-p5-019","P5","upper","bnu-primary-p5-upper-symmetry-translation","轴对称和平移","multiple-choice","Challenge","平移前后，三角形的大小和形状不变。","平移前后，三角形的大小和形状不变。","pass","none","","","Passed structural gate; include in S18 pass-sample review."
"bnu-primary-ds-v2-p5-020","P5","upper","bnu-primary-p5-upper-symmetry-translation","轴对称和平移","fill-in","Exam","(6,1)","(6,1) | 6,1 | （6,1）","pass","none","","","Passed structural gate; include in S18 pass-sample review."
"bnu-primary-ds-v2-p5-021","P5","upper","bnu-primary-p5-upper-symmetry-translation","轴对称和平移","short-answer","Core","对称后三个顶点的坐标是A'(5,5)，B'(7,2)，C'(3,2)。","对称后三个顶点的坐标是A'(5,5)，B'(7,2)，C'(3,2)。 | A'(5,5)，B'(7,2)，C'(3,2)","pass","none","","","Passed structural gate; include in S18 pass-sample review."
"bnu-primary-ds-v2-p5-022","P5","upper","bnu-primary-p5-upper-symmetry-translation","轴对称和平移","multiple-choice","Foundation","大小不变，形状不变","大小不变，形状不变","pass","none","","","Passed structural gate; include in S18 pass-sample review."
"bnu-primary-ds-v2-p5-023","P5","upper","bnu-primary-p5-upper-symmetry-translation","轴对称和平移","fill-in","Challenge","向右平移3格","向右平移3格 | 右3格","pass","none","","","Passed structural gate; include in S18 pass-sample review."
"bnu-primary-ds-v2-p5-024","P5","upper","bnu-primary-p5-upper-symmetry-translation","轴对称和平移","short-answer","Exam","平移后四个顶点的坐标是A'(0,1)，B'(3,1)，C'(4,-1)，D'(1,-1)。","平移后四个顶点的坐标是A'(0,1)，B'(3,1)，C'(4,-1)，D'(1,-1)。 | A'(0,1)，B'(3,1)，C'(4,-1)，D'(1,-1)","pass","none","","","Passed structural gate; include in S18 pass-sample review."
"bnu-primary-ds-v2-p5-025","P5","upper","bnu-primary-p5-upper-symmetry-translation","轴对称和平移","multiple-choice","Core","平行四边形（非菱形）","平行四边形（非菱形）","pass","none","","","Passed structural gate; include in S18 pass-sample review."
"bnu-primary-ds-v2-p5-026","P5","upper","bnu-primary-p5-upper-symmetry-translation","轴对称和平移","fill-in","Foundation","向左平移5格，再向下平移2格","向左平移5格，再向下平移2格 | 左5下2","pass","none","","","Passed structural gate; include in S18 pass-sample review."
"bnu-primary-ds-v2-p5-027","P5","upper","bnu-primary-p5-upper-symmetry-translation","轴对称和平移","short-answer","Challenge","P'(5,6)，Q'(9,6)，线段P'Q'的长度与PQ的长度相等，都是4格。","P'(5,6)，Q'(9,6)，线段P'Q'的长度与PQ的长度相等，都是4格。 | P'(5,6)，Q'(9,6)，长度相等","pass","none","","","Passed structural gate; include in S18 pass-sample review."
"bnu-primary-ds-v2-p5-028","P5","upper","bnu-primary-p5-upper-symmetry-translation","轴对称和平移","multiple-choice","Exam","平移后图形上任意两点之间的距离不变","平移后图形上任意两点之间的距离不变","pass","none","","","Passed structural gate; include in S18 pass-sample review."
"bnu-primary-ds-v2-p5-029","P5","upper","bnu-primary-p5-upper-symmetry-translation","轴对称和平移","fill-in","Core","向右平移4格，向下平移2格","向右平移4格，向下平移2格 | 右4下2","pass","none","","","Passed structural gate; include in S18 pass-sample review."
"bnu-primary-ds-v2-p5-030","P5","upper","bnu-primary-p5-upper-symmetry-translation","轴对称和平移","short-answer","Foundation","(8,7)","(8,7) | 8,7","pass","none","","","Passed structural gate; include in S18 pass-sample review."
"bnu-primary-ds-v2-p5-031","P5","upper","bnu-primary-p5-upper-multiples-factors","倍数与因数","multiple-choice","Challenge","73","73","pass","none","","","Passed structural gate; include in S18 pass-sample review."
"bnu-primary-ds-v2-p5-032","P5","upper","bnu-primary-p5-upper-multiples-factors","倍数与因数","fill-in","Exam","8,16,24,48","8,16,24,48 | 8、16、24、48 | 8 16 24 48","pass","none","","","Passed structural gate; include in S18 pass-sample review."
"bnu-primary-ds-v2-p5-033","P5","upper","bnu-primary-p5-upper-multiples-factors","倍数与因数","short-answer","Core","6","6 | 6种","pass","none","","","Passed structural gate; include in S18 pass-sample review."
"bnu-primary-ds-v2-p5-034","P5","upper","bnu-primary-p5-upper-multiples-factors","倍数与因数","multiple-choice","Foundation","60","60","pass","none","","","Passed structural gate; include in S18 pass-sample review."
"bnu-primary-ds-v2-p5-035","P5","upper","bnu-primary-p5-upper-multiples-factors","倍数与因数","fill-in","Challenge","36","36","pass","none","","","Passed structural gate; include in S18 pass-sample review."
"bnu-primary-ds-v2-p5-036","P5","upper","bnu-primary-p5-upper-multiples-factors","倍数与因数","short-answer","Exam","12米，5段","12米，5段 | 12米 5段 | 12,5 | 12 5","pass","none","","","Passed structural gate; include in S18 pass-sample review."
"bnu-primary-ds-v2-p5-037","P5","upper","bnu-primary-p5-upper-multiples-factors","倍数与因数","multiple-choice","Core","8和9","8和9","pass","none","","","Passed structural gate; include in S18 pass-sample review."
"bnu-primary-ds-v2-p5-038","P5","upper","bnu-primary-p5-upper-multiples-factors","倍数与因数","fill-in","Foundation","8,11","8,11 | 8 11 | 8和11","pass","none","","","Passed structural gate; include in S18 pass-sample review."
"bnu-primary-ds-v2-p5-039","P5","upper","bnu-primary-p5-upper-multiples-factors","倍数与因数","short-answer","Challenge","8厘米和6厘米","8厘米和6厘米 | 8和6 | 8cm和6cm | 长8厘米宽6厘米","pass","none","","","Passed structural gate; include in S18 pass-sample review."
"bnu-primary-ds-v2-p5-040","P5","upper","bnu-primary-p5-upper-multiples-factors","倍数与因数","multiple-choice","Exam","36","36","pass","none","","","Passed structural gate; include in S18 pass-sample review."
"bnu-primary-ds-v2-p5-041","P5","upper","bnu-primary-p5-upper-multiples-factors","倍数与因数","fill-in","Core","(36,1)、(18,2)、(12,3)、(9,4)、(6,6)","(36,1)、(18,2)、(12,3)、(9,4)、(6,6)","pass","none","","","Passed structural gate; include in S18 pass-sample review."
"bnu-primary-ds-v2-p5-042","P5","upper","bnu-primary-p5-upper-multiples-factors","倍数与因数","short-answer","Foundation","9,18,27,36,45","9,18,27,36,45","pass","none","","","Passed structural gate; include in S18 pass-sample review."
"bnu-primary-ds-v2-p5-043","P5","upper","bnu-primary-p5-upper-multiples-factors","倍数与因数","multiple-choice","Challenge","6","6","pass","none","","","Passed structural gate; include in S18 pass-sample review."
"bnu-primary-ds-v2-p5-044","P5","upper","bnu-primary-p5-upper-multiples-factors","倍数与因数","fill-in","Exam","3,6,12,24","3,6,12,24","pass","none","","","Passed structural gate; include in S18 pass-sample review."
"bnu-primary-ds-v2-p5-045","P5","upper","bnu-primary-p5-upper-multiples-factors","倍数与因数","short-answer","Core","6种。分给2个、3个、4个、6个、8个、12个小朋友。","6种。分给2个、3个、4个、6个、8个、12个小朋友。","pass","none","","","Passed structural gate; include in S18 pass-sample review."
"bnu-primary-ds-v2-p5-046","P5","upper","bnu-primary-p5-upper-polygon-area","多边形的面积","multiple-choice","Foundation","60","60","pass","none","","","Passed structural gate; include in S18 pass-sample review."
"bnu-primary-ds-v2-p5-047","P5","upper","bnu-primary-p5-upper-polygon-area","多边形的面积","fill-in","Challenge","8","8","pass","none","","","Passed structural gate; include in S18 pass-sample review."
"bnu-primary-ds-v2-p5-048","P5","upper","bnu-primary-p5-upper-polygon-area","多边形的面积","short-answer","Exam","35","35","pass","none","","","Passed structural gate; include in S18 pass-sample review."
"bnu-primary-ds-v2-p5-049","P5","upper","bnu-primary-p5-upper-polygon-area","多边形的面积","multiple-choice","Core","60","60","pass","none","","","Passed structural gate; include in S18 pass-sample review."
"bnu-primary-ds-v2-p5-050","P5","upper","bnu-primary-p5-upper-polygon-area","多边形的面积","fill-in","Foundation","6","6","pass","none","","","Passed structural gate; include in S18 pass-sample review."
"bnu-primary-ds-v2-p5-051","P5","upper","bnu-primary-p5-upper-polygon-area","多边形的面积","short-answer","Challenge","80平方厘米","80平方厘米 | 80 cm²","pass","none","","","Passed structural gate; include in S18 pass-sample review."
"bnu-primary-ds-v2-p5-052","P5","upper","bnu-primary-p5-upper-polygon-area","多边形的面积","multiple-choice","Exam","12平方厘米","12平方厘米","pass","none","","","Passed structural gate; include in S18 pass-sample review."
"bnu-primary-ds-v2-p5-053","P5","upper","bnu-primary-p5-upper-polygon-area","多边形的面积","fill-in","Core","120","120","pass","none","","","Passed structural gate; include in S18 pass-sample review."
"bnu-primary-ds-v2-p5-054","P5","upper","bnu-primary-p5-upper-polygon-area","多边形的面积","short-answer","Foundation","28平方厘米","28平方厘米 | 28 cm²","pass","none","","","Passed structural gate; include in S18 pass-sample review."
"bnu-primary-ds-v2-p5-055","P5","upper","bnu-primary-p5-upper-polygon-area","多边形的面积","multiple-choice","Challenge","40平方厘米","40平方厘米","pass","none","","","Passed structural gate; include in S18 pass-sample review."
"bnu-primary-ds-v2-p5-056","P5","upper","bnu-primary-p5-upper-polygon-area","多边形的面积","fill-in","Exam","8","8","pass","none","","","Passed structural gate; include in S18 pass-sample review."
"bnu-primary-ds-v2-p5-057","P5","upper","bnu-primary-p5-upper-polygon-area","多边形的面积","short-answer","Core","8厘米","8厘米 | 8 cm","pass","none","","","Passed structural gate; include in S18 pass-sample review."
"bnu-primary-ds-v2-p5-058","P5","upper","bnu-primary-p5-upper-polygon-area","多边形的面积","multiple-choice","Foundation","30平方米","30平方米","pass","none","","","Passed structural gate; include in S18 pass-sample review."
"bnu-primary-ds-v2-p5-059","P5","upper","bnu-primary-p5-upper-polygon-area","多边形的面积","fill-in","Challenge","11","11","pass","none","","","Passed structural gate; include in S18 pass-sample review."
"bnu-primary-ds-v2-p5-060","P5","upper","bnu-primary-p5-upper-polygon-area","多边形的面积","short-answer","Exam","2400千克","2400千克 | 2400 kg","pass","none","","","Passed structural gate; include in S18 pass-sample review."
"bnu-primary-ds-v2-p5-061","P5","upper","bnu-primary-p5-upper-fraction-meaning","分数的意义","multiple-choice","Core","1/4","1/4","pass","none","","","Passed structural gate; include in S18 pass-sample review."
"bnu-primary-ds-v2-p5-062","P5","upper","bnu-primary-p5-upper-fraction-meaning","分数的意义","fill-in","Foundation","\frac{3}{5}","\frac{3}{5} | 3/5","pass","none","","","Passed structural gate; include in S18 pass-sample review."
"bnu-primary-ds-v2-p5-063","P5","upper","bnu-primary-p5-upper-fraction-meaning","分数的意义","short-answer","Challenge","每段占全长的1/5，每段长3/5米。","每段占全长的1/5，每段长3/5米。 | 每段占全长的五分之一，每段长五分之三米。 | 占全长的1/5，长3/5米。 | 占全长的五分之一，长五分之三米。","pass","none","","","Passed structural gate; include in S18 pass-sample review."
"bnu-primary-ds-v2-p5-064","P5","upper","bnu-primary-p5-upper-fraction-meaning","分数的意义","multiple-choice","Exam","每段占全长的1/5，每段长3/5米","每段占全长的1/5，每段长3/5米","pass","none","","","Passed structural gate; include in S18 pass-sample review."
"bnu-primary-ds-v2-p5-065","P5","upper","bnu-primary-p5-upper-fraction-meaning","分数的意义","fill-in","Core","3/5，真","3/5，真 | 五分之三，真","pass","none","","","Passed structural gate; include in S18 pass-sample review."
"bnu-primary-ds-v2-p5-066","P5","upper","bnu-primary-p5-upper-fraction-meaning","分数的意义","short-answer","Foundation","5/8米","5/8米 | 5/8 米 | 5/8 m","pass","none","","","Passed structural gate; include in S18 pass-sample review."
"bnu-primary-ds-v2-p5-067","P5","upper","bnu-primary-p5-upper-fraction-meaning","分数的意义","multiple-choice","Challenge","每段占全长的1/5，每段长3/5米","每段占全长的1/5，每段长3/5米","pass","none","","","Passed structural gate; include in S18 pass-sample review."
"bnu-primary-ds-v2-p5-068","P5","upper","bnu-primary-p5-upper-fraction-meaning","分数的意义","fill-in","Exam","每段占全长的1/8，每段长3/8米。","每段占全长的1/8，每段长3/8米。 | 每段占全长的八分之一，每段长八分之三米。 | 每段占全长的1/8，每段长3/8米 | 每段占全长的八分之一，每段长八分之三米","pass","none","","","Passed structural gate; include in S18 pass-sample review."
"bnu-primary-ds-v2-p5-069","P5","upper","bnu-primary-p5-upper-fraction-meaning","分数的意义","short-answer","Core","3/4块","3/4块 | 四分之三块","pass","none","","","Passed structural gate; include in S18 pass-sample review."
"bnu-primary-ds-v2-p5-070","P5","upper","bnu-primary-p5-upper-fraction-meaning","分数的意义","multiple-choice","Foundation","每段占全长的1/8，每段长3/8米","每段占全长的1/8，每段长3/8米","pass","none","","","Passed structural gate; include in S18 pass-sample review."
"bnu-primary-ds-v2-p5-071","P5","upper","bnu-primary-p5-upper-fraction-meaning","分数的意义","fill-in","Challenge","1/8，1 米","1/8，1 米 | 1/8,1米 | 1/8，1米","pass","none","","","Passed structural gate; include in S18 pass-sample review."
"bnu-primary-ds-v2-p5-072","P5","upper","bnu-primary-p5-upper-fraction-meaning","分数的意义","short-answer","Core","3/4 块，分数单位是 1/4","3/4 块，分数单位是 1/4 | 3/4块，1/4 | 3/4块，分数单位是1/4","pass","none","","","Passed structural gate; include in S18 pass-sample review."
"bnu-primary-ds-v2-p5-073","P5","upper","bnu-primary-p5-upper-fraction-meaning","分数的意义","multiple-choice","Foundation","3/7","3/7","pass","none","","","Passed structural gate; include in S18 pass-sample review."
"bnu-primary-ds-v2-p5-074","P5","upper","bnu-primary-p5-upper-fraction-meaning","分数的意义","fill-in","Challenge","12/16","12/16","pass","none","","","Passed structural gate; include in S18 pass-sample review."
"bnu-primary-ds-v2-p5-075","P5","upper","bnu-primary-p5-upper-fraction-meaning","分数的意义","short-answer","Core","12，20，15","12，20，15 | 12,20,15","pass","none","","","Passed structural gate; include in S18 pass-sample review."
"bnu-primary-ds-v2-p5-076","P5","upper","bnu-primary-p5-upper-composite-area","组合图形的面积","multiple-choice","Foundation","48 平方厘米","48 平方厘米","pass","none","","","Passed structural gate; include in S18 pass-sample review."
"bnu-primary-ds-v2-p5-077","P5","upper","bnu-primary-p5-upper-composite-area","组合图形的面积","fill-in","Challenge","64 平方米","64 平方米 | 64平方米","pass","none","","","Passed structural gate; include in S18 pass-sample review."
"bnu-primary-ds-v2-p5-078","P5","upper","bnu-primary-p5-upper-composite-area","组合图形的面积","short-answer","Core","41.5 平方厘米","41.5 平方厘米 | 41.5平方厘米","pass","none","","","Passed structural gate; include in S18 pass-sample review."
"bnu-primary-ds-v2-p5-079","P5","upper","bnu-primary-p5-upper-composite-area","组合图形的面积","multiple-choice","Foundation","50 平方厘米","50 平方厘米","pass","none","","","Passed structural gate; include in S18 pass-sample review."
"bnu-primary-ds-v2-p5-080","P5","upper","bnu-primary-p5-upper-composite-area","组合图形的面积","fill-in","Challenge","72 平方分米","72 平方分米 | 72平方分米","pass","none","","","Passed structural gate; include in S18 pass-sample review."
"bnu-primary-ds-v2-p5-081","P5","upper","bnu-primary-p5-upper-composite-area","组合图形的面积","short-answer","Core","52平方米","52平方米 | 52","pass","none","","","Passed structural gate; include in S18 pass-sample review."
"bnu-primary-ds-v2-p5-082","P5","upper","bnu-primary-p5-upper-composite-area","组合图形的面积","multiple-choice","Foundation","56平方厘米","56平方厘米","pass","none","","","Passed structural gate; include in S18 pass-sample review."
"bnu-primary-ds-v2-p5-083","P5","upper","bnu-primary-p5-upper-composite-area","组合图形的面积","fill-in","Challenge","90","90 | 90平方厘米","pass","none","","","Passed structural gate; include in S18 pass-sample review."
"bnu-primary-ds-v2-p5-084","P5","upper","bnu-primary-p5-upper-composite-area","组合图形的面积","short-answer","Core","126平方分米","126平方分米 | 126","pass","none","","","Passed structural gate; include in S18 pass-sample review."
"bnu-primary-ds-v2-p5-085","P5","upper","bnu-primary-p5-upper-composite-area","组合图形的面积","multiple-choice","Foundation","40平方厘米","40平方厘米","pass","none","","","Passed structural gate; include in S18 pass-sample review."
"bnu-primary-ds-v2-p5-086","P5","upper","bnu-primary-p5-upper-composite-area","组合图形的面积","fill-in","Challenge","150","150 | 150平方米","pass","none","","","Passed structural gate; include in S18 pass-sample review."
"bnu-primary-ds-v2-p5-087","P5","upper","bnu-primary-p5-upper-composite-area","组合图形的面积","short-answer","Core","112.5平方分米","112.5平方分米 | 112.5","pass","none","","","Passed structural gate; include in S18 pass-sample review."
"bnu-primary-ds-v2-p5-088","P5","upper","bnu-primary-p5-upper-composite-area","组合图形的面积","multiple-choice","Foundation","88平方厘米","88平方厘米","pass","none","","","Passed structural gate; include in S18 pass-sample review."
"bnu-primary-ds-v2-p5-089","P5","upper","bnu-primary-p5-upper-composite-area","组合图形的面积","fill-in","Challenge","208","208 | 208平方米","pass","none","","","Passed structural gate; include in S18 pass-sample review."
"bnu-primary-ds-v2-p5-090","P5","upper","bnu-primary-p5-upper-composite-area","组合图形的面积","short-answer","Core","168平方厘米","168平方厘米 | 168","pass","none","","","Passed structural gate; include in S18 pass-sample review."
"bnu-primary-ds-v2-p5-091","P5","upper","bnu-primary-p5-upper-probability","可能性","multiple-choice","Foundation","摸到红球的可能性最大","摸到红球的可能性最大","pass","none","","","Passed structural gate; include in S18 pass-sample review."
"bnu-primary-ds-v2-p5-092","P5","upper","bnu-primary-p5-upper-probability","可能性","fill-in","Challenge","3/8","3/8 | 八分之三","pass","none","","","Passed structural gate; include in S18 pass-sample review."
"bnu-primary-ds-v2-p5-093","P5","upper","bnu-primary-p5-upper-probability","可能性","short-answer","Core","公平，因为摸到白球和黑球的可能性相等。","公平，因为摸到白球和黑球的可能性相等。 | 公平，因为白球和黑球的数量相同。","pass","none","","","Passed structural gate; include in S18 pass-sample review."
"bnu-primary-ds-v2-p5-094","P5","upper","bnu-primary-p5-upper-probability","可能性","multiple-choice","Foundation","可能性相等","可能性相等","pass","none","","","Passed structural gate; include in S18 pass-sample review."
"bnu-primary-ds-v2-p5-095","P5","upper","bnu-primary-p5-upper-probability","可能性","fill-in","Challenge","2/6","2/6 | 1/3 | 六分之二 | 三分之一","pass","none","","","Passed structural gate; include in S18 pass-sample review."
"bnu-primary-ds-v2-p5-096","P5","upper","bnu-primary-p5-upper-probability","可能性","short-answer","Core","指针停在黄色和蓝色区域的可能性最小，因为它们的扇形数量都是3个，比红色少。","指针停在黄色和蓝色区域的可能性最小，因为它们的扇形数量都是3个，比红色少。 | 黄色和蓝色，因为它们的扇形数量最少。","pass","none","","","Passed structural gate; include in S18 pass-sample review."
"bnu-primary-ds-v2-p5-097","P5","upper","bnu-primary-p5-upper-probability","可能性","multiple-choice","Foundation","摸到黑球","摸到黑球","pass","none","","","Passed structural gate; include in S18 pass-sample review."
"bnu-primary-ds-v2-p5-098","P5","upper","bnu-primary-p5-upper-probability","可能性","fill-in","Challenge","3/12","3/12 | 1/4 | 十二分之三 | 四分之一","pass","none","","","Passed structural gate; include in S18 pass-sample review."
"bnu-primary-ds-v2-p5-099","P5","upper","bnu-primary-p5-upper-probability","可能性","short-answer","Core","公平，因为1~10中单数和双数各有5个，抽到的可能性相等。","公平，因为1~10中单数和双数各有5个，抽到的可能性相等。 | 公平，单数和双数数量相同。","pass","none","","","Passed structural gate; include in S18 pass-sample review."
"bnu-primary-ds-v2-p5-100","P5","upper","bnu-primary-p5-upper-probability","可能性","multiple-choice","Foundation","摸到红球和蓝球的可能性一样大","摸到红球和蓝球的可能性一样大","pass","none","","","Passed structural gate; include in S18 pass-sample review."
"bnu-primary-ds-v2-p5-101","P5","upper","bnu-primary-p5-upper-probability","可能性","fill-in","Challenge","5/10,3/10,2/10","5/10,3/10,2/10 | 1/2,3/10,1/5","pass","none","","","Passed structural gate; include in S18 pass-sample review."
"bnu-primary-ds-v2-p5-102","P5","upper","bnu-primary-p5-upper-probability","可能性","short-answer","Core","不公平，因为小明赢的可能性是3/8，小红赢的可能性是2/8，可能性不相等。","不公平，因为小明赢的可能性是3/8，小红赢的可能性是2/8，可能性不相等。 | 不公平，小明赢的可能性大。 | 不公平，因为红色区域比蓝色区域多。","pass","none","","","Passed structural gate; include in S18 pass-sample review."
"bnu-primary-ds-v2-p5-103","P5","upper","bnu-primary-p5-upper-probability","可能性","multiple-choice","Foundation","1/3","1/3","pass","none","","","Passed structural gate; include in S18 pass-sample review."
"bnu-primary-ds-v2-p5-104","P5","upper","bnu-primary-p5-upper-probability","可能性","fill-in","Challenge","4/10,5/10,1/10","4/10,5/10,1/10 | 2/5,1/2,1/10","pass","none","","","Passed structural gate; include in S18 pass-sample review."
"bnu-primary-ds-v2-p5-105","P5","upper","bnu-primary-p5-upper-probability","可能性","short-answer","Core","摸到红球的可能性大，因为红球数量多。","摸到红球的可能性大，因为红球数量多。 | 红球可能性大，红球8个，黄球4个。","pass","none","","","Passed structural gate; include in S18 pass-sample review."
"bnu-primary-ds-v2-p5-106","P5","upper","bnu-primary-p5-upper-review-activity","数学好玩与总复习","multiple-choice","Foundation","3.6÷0.4 = (3.6×10)÷(0.4×10) = 36÷4 = 9","3.6÷0.4 = (3.6×10)÷(0.4×10) = 36÷4 = 9","pass","none","","","Passed structural gate; include in S18 pass-sample review."
"bnu-primary-ds-v2-p5-107","P5","upper","bnu-primary-p5-upper-review-activity","数学好玩与总复习","fill-in","Challenge","20,40","20,40 | 20平方厘米,40平方厘米","pass","none","","","Passed structural gate; include in S18 pass-sample review."
"bnu-primary-ds-v2-p5-108","P5","upper","bnu-primary-p5-upper-review-activity","数学好玩与总复习","short-answer","Core","科技书144本，故事书216本。","科技书144本，故事书216本。 | 科技书144本，故事书216本 | 科技书144,故事书216","pass","none","","","Passed structural gate; include in S18 pass-sample review."
"bnu-primary-ds-v2-p5-109","P5","upper","bnu-primary-p5-upper-review-activity","数学好玩与总复习","multiple-choice","Foundation","25平方厘米","25平方厘米","pass","none","","","Passed structural gate; include in S18 pass-sample review."
"bnu-primary-ds-v2-p5-110","P5","upper","bnu-primary-p5-upper-review-activity","数学好玩与总复习","fill-in","Challenge","长4厘米，宽3厘米，高2厘米，表面积52平方厘米。","长4厘米，宽3厘米，高2厘米，表面积52平方厘米。 | 4,3,2,52 | 长4宽3高2表面积52","pass","none","","","Passed structural gate; include in S18 pass-sample review."
"bnu-primary-ds-v2-p5-111","P5","upper","bnu-primary-p5-upper-review-activity","数学好玩与总复习","short-answer","Core","他错误地把除数0.18当成18来计算，没有将除数转化为整数时被除数也扩大相同的倍数。正确过程：7.2 ÷ 0.18 = (7.2 × 100) ÷ (0.18 × 100) = 720 ÷ 18 = 40。","他错误地把除数0.18当成18来计算，没有将除数转化为整数时被除数也扩大相同的倍数。正确过程：7.2 ÷ 0.18 = (7.2 × 100) ÷ (0.18 × 100) = 720 ÷ 18 = 40。","pass","none","","","Passed structural gate; include in S18 pass-sample review."
"bnu-primary-ds-v2-p5-112","P5","upper","bnu-primary-p5-upper-review-activity","数学好玩与总复习","multiple-choice","Foundation","3.6 ÷ 0.24 = (3.6 × 100) ÷ (0.24 × 100) = 360 ÷ 24 = 15","3.6 ÷ 0.24 = (3.6 × 100) ÷ (0.24 × 100) = 360 ÷ 24 = 15","pass","none","","","Passed structural gate; include in S18 pass-sample review."
"bnu-primary-ds-v2-p5-113","P5","upper","bnu-primary-p5-upper-review-activity","数学好玩与总复习","fill-in","Challenge","24","24","pass","none","","","Passed structural gate; include in S18 pass-sample review."
"bnu-primary-ds-v2-p5-114","P5","upper","bnu-primary-p5-upper-review-activity","数学好玩与总复习","short-answer","Core","他忘记除以2了，梯形面积公式是(上底+下底)×高÷2，他可能只算了(4+10)×5=70。正确面积：(4+10)×5÷2=35平方厘米。","他忘记除以2了，梯形面积公式是(上底+下底)×高÷2，他可能只算了(4+10)×5=70。正确面积：(4+10)×5÷2=35平方厘米。","pass","none","","","Passed structural gate; include in S18 pass-sample review."
"bnu-primary-ds-v2-p5-115","P5","upper","bnu-primary-p5-upper-review-activity","数学好玩与总复习","multiple-choice","Foundation","长方形","长方形","pass","none","","","Passed structural gate; include in S18 pass-sample review."
"bnu-primary-ds-v2-p5-116","P5","upper","bnu-primary-p5-upper-review-activity","数学好玩与总复习","fill-in","Challenge","7/20","7/20","pass","none","","","Passed structural gate; include in S18 pass-sample review."
"bnu-primary-ds-v2-p5-117","P5","upper","bnu-primary-p5-upper-review-activity","数学好玩与总复习","short-answer","Core","可以剪成9段；需要16分钟。","可以剪成9段；需要16分钟。","pass","none","","","Passed structural gate; include in S18 pass-sample review."
"bnu-primary-ds-v2-p5-118","P5","upper","bnu-primary-p5-upper-review-activity","数学好玩与总复习","multiple-choice","Foundation","10","10","pass","none","","","Passed structural gate; include in S18 pass-sample review."
"bnu-primary-ds-v2-p5-119","P5","upper","bnu-primary-p5-upper-review-activity","数学好玩与总复习","fill-in","Challenge","24","24","pass","none","","","Passed structural gate; include in S18 pass-sample review."
"bnu-primary-ds-v2-p5-120","P5","upper","bnu-primary-p5-upper-review-activity","数学好玩与总复习","short-answer","Core","3/8 < 2/5。比较方法：先通分，3/8=15/40，2/5=16/40，因为15/40<16/40，所以3/8<2/5。","3/8 < 2/5。比较方法：先通分，3/8=15/40，2/5=16/40，因为15/40<16/40，所以3/8<2/5。","pass","none","","","Passed structural gate; include in S18 pass-sample review."
"bnu-primary-ds-v2-p5-121","P5","lower","bnu-primary-p5-lower-fraction-add-sub","分数加减法","multiple-choice","Foundation","5/7","5/7","pass","none","","","Passed structural gate; include in S18 pass-sample review."
"bnu-primary-ds-v2-p5-122","P5","lower","bnu-primary-p5-lower-fraction-add-sub","分数加减法","fill-in","Challenge","1 1/4","1 1/4 | 5/4","pass","none","","","Passed structural gate; include in S18 pass-sample review."
"bnu-primary-ds-v2-p5-123","P5","lower","bnu-primary-p5-lower-fraction-add-sub","分数加减法","short-answer","Core","13/20","13/20","pass","none","","","Passed structural gate; include in S18 pass-sample review."
"bnu-primary-ds-v2-p5-124","P5","lower","bnu-primary-p5-lower-fraction-add-sub","分数加减法","multiple-choice","Foundation","5/8 + 2/8","5/8 + 2/8","pass","none","","","Passed structural gate; include in S18 pass-sample review."
"bnu-primary-ds-v2-p5-125","P5","lower","bnu-primary-p5-lower-fraction-add-sub","分数加减法","fill-in","Challenge","12","12","pass","none","","","Passed structural gate; include in S18 pass-sample review."
"bnu-primary-ds-v2-p5-126","P5","lower","bnu-primary-p5-lower-fraction-add-sub","分数加减法","short-answer","Core","2/3","2/3","pass","none","","","Passed structural gate; include in S18 pass-sample review."
"bnu-primary-ds-v2-p5-127","P5","lower","bnu-primary-p5-lower-fraction-add-sub","分数加减法","multiple-choice","Foundation","5/12","5/12","pass","none","","","Passed structural gate; include in S18 pass-sample review."
"bnu-primary-ds-v2-p5-128","P5","lower","bnu-primary-p5-lower-fraction-add-sub","分数加减法","fill-in","Challenge","3/8","3/8","pass","none","","","Passed structural gate; include in S18 pass-sample review."
"bnu-primary-ds-v2-p5-129","P5","lower","bnu-primary-p5-lower-fraction-add-sub","分数加减法","short-answer","Core","1/6","1/6","pass","none","","","Passed structural gate; include in S18 pass-sample review."
"bnu-primary-ds-v2-p5-130","P5","lower","bnu-primary-p5-lower-fraction-add-sub","分数加减法","multiple-choice","Foundation","1/3 + 1/2 = 5/6","1/3 + 1/2 = 5/6","pass","none","","","Passed structural gate; include in S18 pass-sample review."
"bnu-primary-ds-v2-p5-131","P5","lower","bnu-primary-p5-lower-fraction-add-sub","分数加减法","fill-in","Challenge","错误：把分母直接相加。正确：通分，\(\frac{3}{8} + \frac{1}{4} = \frac{3}{8} + \frac{2}{8} = \frac{5}{8}\)。","错误：把分母直接相加。正确：通分，\(\frac{3}{8} + \frac{1}{4} = \frac{3}{8} + \frac{2}{8} = \frac{5}{8}\)。 | 错误：分母直接相加。正确：\(\frac{3}{8} + \frac{1}{4} = \frac{3}{8} + \frac{2}{8} = \frac{5}{8}\)。 | 错误：把分母直接相加。正确：先通分，\(\frac{3}{8} + \frac{1}{4} = \frac{3}{8} + \frac{2}{8} = \frac{5}{8}\)。","pass","none","","","Passed structural gate; include in S18 pass-sample review."
"bnu-primary-ds-v2-p5-132","P5","lower","bnu-primary-p5-lower-fraction-add-sub","分数加减法","short-answer","Core","7/20","7/20","pass","none","","","Passed structural gate; include in S18 pass-sample review."
"bnu-primary-ds-v2-p5-133","P5","lower","bnu-primary-p5-lower-fraction-add-sub","分数加减法","multiple-choice","Foundation","5/12米","5/12米","pass","none","","","Passed structural gate; include in S18 pass-sample review."
"bnu-primary-ds-v2-p5-134","P5","lower","bnu-primary-p5-lower-fraction-add-sub","分数加减法","fill-in","Challenge","20","20","pass","none","","","Passed structural gate; include in S18 pass-sample review."
"bnu-primary-ds-v2-p5-135","P5","lower","bnu-primary-p5-lower-fraction-add-sub","分数加减法","short-answer","Core","一共吃了3/4，剩下1/4","一共吃了3/4，剩下1/4 | 一共吃了3/4，还剩1/4 | 吃了3/4，剩下1/4 | 吃了3/4，还剩1/4","pass","none","","","Passed structural gate; include in S18 pass-sample review."
"bnu-primary-ds-v2-p5-136","P5","lower","bnu-primary-p5-lower-cuboid-introduction","长方体（一）","multiple-choice","Foundation","A","A","pass","none","","","Passed structural gate; include in S18 pass-sample review."
"bnu-primary-ds-v2-p5-137","P5","lower","bnu-primary-p5-lower-cuboid-introduction","长方体（一）","fill-in","Challenge","96；192","96；192 | 96,192 | 96 192 | 96平方厘米；192平方厘米","pass","none","","","Passed structural gate; include in S18 pass-sample review."
"bnu-primary-ds-v2-p5-138","P5","lower","bnu-primary-p5-lower-cuboid-introduction","长方体（一）","short-answer","Core","392平方厘米","392平方厘米 | 392 cm² | 392","pass","none","","","Passed structural gate; include in S18 pass-sample review."
"bnu-primary-ds-v2-p5-139","P5","lower","bnu-primary-p5-lower-cuboid-introduction","长方体（一）","multiple-choice","Foundation","展开图A：中间一排四个面依次是长8宽5、长8宽4、长8宽5、长8宽4，上下各有一个长5宽4的面","展开图A：中间一排四个面依次是长8宽5、长8宽4、长8宽5、长8宽4，上下各有一个长5宽4的面","pass","none","","","Passed structural gate; include in S18 pass-sample review."
"bnu-primary-ds-v2-p5-140","P5","lower","bnu-primary-p5-lower-cuboid-introduction","长方体（一）","fill-in","Challenge","40","40 | 40平方厘米","pass","none","","","Passed structural gate; include in S18 pass-sample review."
"bnu-primary-ds-v2-p5-141","P5","lower","bnu-primary-p5-lower-cuboid-introduction","长方体（一）","short-answer","Core","700","700 | 700平方厘米","pass","none","","","Passed structural gate; include in S18 pass-sample review."
"bnu-primary-ds-v2-p5-142","P5","lower","bnu-primary-p5-lower-cuboid-introduction","长方体（一）","multiple-choice","Foundation","96","96","pass","none","","","Passed structural gate; include in S18 pass-sample review."
"bnu-primary-ds-v2-p5-143","P5","lower","bnu-primary-p5-lower-cuboid-introduction","长方体（一）","fill-in","Challenge","18","18","pass","none","","","Passed structural gate; include in S18 pass-sample review."
"bnu-primary-ds-v2-p5-144","P5","lower","bnu-primary-p5-lower-cuboid-introduction","长方体（一）","short-answer","Core","152","152 | 152平方分米","pass","none","","","Passed structural gate; include in S18 pass-sample review."
"bnu-primary-ds-v2-p5-145","P5","lower","bnu-primary-p5-lower-cuboid-introduction","长方体（一）","multiple-choice","Foundation","由六个正方形排成三排，第一排两个，第二排两个，第三排两个，且上下对齐","由六个正方形排成三排，第一排两个，第二排两个，第三排两个，且上下对齐","pass","none","","","Passed structural gate; include in S18 pass-sample review."
"bnu-primary-ds-v2-p5-146","P5","lower","bnu-primary-p5-lower-cuboid-introduction","长方体（一）","fill-in","Challenge","4","4","pass","none","","","Passed structural gate; include in S18 pass-sample review."
"bnu-primary-ds-v2-p5-147","P5","lower","bnu-primary-p5-lower-cuboid-introduction","长方体（一）","short-answer","Core","5","5","pass","none","","","Passed structural gate; include in S18 pass-sample review."
"bnu-primary-ds-v2-p5-148","P5","lower","bnu-primary-p5-lower-cuboid-introduction","长方体（一）","multiple-choice","Foundation","(12×8+12×5+8×5)×2","(12×8+12×5+8×5)×2","pass","none","","","Passed structural gate; include in S18 pass-sample review."
"bnu-primary-ds-v2-p5-149","P5","lower","bnu-primary-p5-lower-cuboid-introduction","长方体（一）","fill-in","Challenge","384","384","pass","none","","","Passed structural gate; include in S18 pass-sample review."
"bnu-primary-ds-v2-p5-150","P5","lower","bnu-primary-p5-lower-cuboid-introduction","长方体（一）","short-answer","Core","700","700 | 700平方厘米","pass","none","","","Passed structural gate; include in S18 pass-sample review."
"bnu-primary-ds-v2-p5-151","P5","lower","bnu-primary-p5-lower-fraction-multiplication","分数乘法","multiple-choice","Foundation","8块","8块","pass","none","","","Passed structural gate; include in S18 pass-sample review."
"bnu-primary-ds-v2-p5-152","P5","lower","bnu-primary-p5-lower-fraction-multiplication","分数乘法","fill-in","Challenge","1/2米","1/2米 | 1/2","pass","none","","","Passed structural gate; include in S18 pass-sample review."
"bnu-primary-ds-v2-p5-153","P5","lower","bnu-primary-p5-lower-fraction-multiplication","分数乘法","short-answer","Core","9/50平方米","9/50平方米 | 9/50","pass","none","","","Passed structural gate; include in S18 pass-sample review."
"bnu-primary-ds-v2-p5-154","P5","lower","bnu-primary-p5-lower-fraction-multiplication","分数乘法","multiple-choice","Foundation","2/3 × 3/4","2/3 × 3/4","pass","none","","","Passed structural gate; include in S18 pass-sample review."
"bnu-primary-ds-v2-p5-155","P5","lower","bnu-primary-p5-lower-fraction-multiplication","分数乘法","fill-in","Core","1/4吨","1/4吨 | 1/4","pass","none","","","Passed structural gate; include in S18 pass-sample review."
"bnu-primary-ds-v2-p5-156","P5","lower","bnu-primary-p5-lower-fraction-multiplication","分数乘法","short-answer","Foundation","9千克","9千克 | 9","pass","none","","","Passed structural gate; include in S18 pass-sample review."
"bnu-primary-ds-v2-p5-157","P5","lower","bnu-primary-p5-lower-fraction-multiplication","分数乘法","multiple-choice","Core","6/7 × 5/6","6/7 × 5/6","pass","none","","","Passed structural gate; include in S18 pass-sample review."
"bnu-primary-ds-v2-p5-158","P5","lower","bnu-primary-p5-lower-fraction-multiplication","分数乘法","fill-in","Foundation","70页","70页 | 70","pass","none","","","Passed structural gate; include in S18 pass-sample review."
"bnu-primary-ds-v2-p5-159","P5","lower","bnu-primary-p5-lower-fraction-multiplication","分数乘法","short-answer","Core","2/3，60平方米","2/3，60平方米 | 2/3 60平方米","pass","none","","","Passed structural gate; include in S18 pass-sample review."
"bnu-primary-ds-v2-p5-160","P5","lower","bnu-primary-p5-lower-fraction-multiplication","分数乘法","multiple-choice","Foundation","8/3米","8/3米","pass","none","","","Passed structural gate; include in S18 pass-sample review."
"bnu-primary-ds-v2-p5-161","P5","lower","bnu-primary-p5-lower-fraction-multiplication","分数乘法","fill-in","Core","8块","8块 | 8","pass","none","","","Passed structural gate; include in S18 pass-sample review."
"bnu-primary-ds-v2-p5-162","P5","lower","bnu-primary-p5-lower-fraction-multiplication","分数乘法","short-answer","Foundation","144本","144本 | 144","pass","none","","","Passed structural gate; include in S18 pass-sample review."
"bnu-primary-ds-v2-p5-163","P5","lower","bnu-primary-p5-lower-fraction-multiplication","分数乘法","multiple-choice","Core","7/8 × 2/3","7/8 × 2/3","pass","none","","","Passed structural gate; include in S18 pass-sample review."
"bnu-primary-ds-v2-p5-164","P5","lower","bnu-primary-p5-lower-fraction-multiplication","分数乘法","fill-in","Foundation","3/8升","3/8升 | 3/8","pass","none","","","Passed structural gate; include in S18 pass-sample review."
"bnu-primary-ds-v2-p5-165","P5","lower","bnu-primary-p5-lower-fraction-multiplication","分数乘法","short-answer","Core","6米","6米 | 6","pass","none","","","Passed structural gate; include in S18 pass-sample review."
"bnu-primary-ds-v2-p5-166","P5","lower","bnu-primary-p5-lower-cuboid-volume","长方体（二）","multiple-choice","Foundation","125立方分米","125立方分米","pass","none","","","Passed structural gate; include in S18 pass-sample review."
"bnu-primary-ds-v2-p5-167","P5","lower","bnu-primary-p5-lower-cuboid-volume","长方体（二）","fill-in","Core","160立方分米","160立方分米 | 160","pass","none","","","Passed structural gate; include in S18 pass-sample review."
"bnu-primary-ds-v2-p5-168","P5","lower","bnu-primary-p5-lower-cuboid-volume","长方体（二）","short-answer","Foundation","4厘米","4厘米 | 4","pass","none","","","Passed structural gate; include in S18 pass-sample review."
"bnu-primary-ds-v2-p5-169","P5","lower","bnu-primary-p5-lower-cuboid-volume","长方体（二）","multiple-choice","Core","它的体积是72立方厘米","它的体积是72立方厘米","pass","none","","","Passed structural gate; include in S18 pass-sample review."
"bnu-primary-ds-v2-p5-170","P5","lower","bnu-primary-p5-lower-cuboid-volume","长方体（二）","fill-in","Foundation","64立方厘米","64立方厘米 | 64","pass","none","","","Passed structural gate; include in S18 pass-sample review."
"bnu-primary-ds-v2-p5-171","P5","lower","bnu-primary-p5-lower-cuboid-volume","长方体（二）","short-answer","Core","160个","160个 | 160","pass","none","","","Passed structural gate; include in S18 pass-sample review."
"bnu-primary-ds-v2-p5-172","P5","lower","bnu-primary-p5-lower-cuboid-volume","长方体（二）","multiple-choice","Foundation","125立方分米","125立方分米","pass","none","","","Passed structural gate; include in S18 pass-sample review."
"bnu-primary-ds-v2-p5-173","P5","lower","bnu-primary-p5-lower-cuboid-volume","长方体（二）","fill-in","Core","120","120 | 120升","pass","none","","","Passed structural gate; include in S18 pass-sample review."
"bnu-primary-ds-v2-p5-174","P5","lower","bnu-primary-p5-lower-cuboid-volume","长方体（二）","short-answer","Foundation","36个","36个 | 36","pass","none","","","Passed structural gate; include in S18 pass-sample review."
"bnu-primary-ds-v2-p5-175","P5","lower","bnu-primary-p5-lower-cuboid-volume","长方体（二）","multiple-choice","Core","600立方厘米","600立方厘米","pass","none","","","Passed structural gate; include in S18 pass-sample review."
"bnu-primary-ds-v2-p5-176","P5","lower","bnu-primary-p5-lower-cuboid-volume","长方体（二）","fill-in","Foundation","27","27 | 27立方厘米","pass","none","","","Passed structural gate; include in S18 pass-sample review."
"bnu-primary-ds-v2-p5-177","P5","lower","bnu-primary-p5-lower-cuboid-volume","长方体（二）","short-answer","Core","96升","96升 | 96","pass","none","","","Passed structural gate; include in S18 pass-sample review."
"bnu-primary-ds-v2-p5-178","P5","lower","bnu-primary-p5-lower-cuboid-volume","长方体（二）","multiple-choice","Foundation","0.06立方米","0.06立方米","pass","none","","","Passed structural gate; include in S18 pass-sample review."
"bnu-primary-ds-v2-p5-179","P5","lower","bnu-primary-p5-lower-cuboid-volume","长方体（二）","fill-in","Core","5","5 | 5厘米","pass","none","","","Passed structural gate; include in S18 pass-sample review."
"bnu-primary-ds-v2-p5-180","P5","lower","bnu-primary-p5-lower-cuboid-volume","长方体（二）","short-answer","Foundation","18升","18升 | 18","pass","none","","","Passed structural gate; include in S18 pass-sample review."
"bnu-primary-ds-v2-p5-181","P5","lower","bnu-primary-p5-lower-fraction-division","分数除法","multiple-choice","Core","3/4 ÷ 3","3/4 ÷ 3","pass","none","","","Passed structural gate; include in S18 pass-sample review."
"bnu-primary-ds-v2-p5-182","P5","lower","bnu-primary-p5-lower-fraction-division","分数除法","fill-in","Foundation","5/4","5/4","pass","none","","","Passed structural gate; include in S18 pass-sample review."
"bnu-primary-ds-v2-p5-183","P5","lower","bnu-primary-p5-lower-fraction-division","分数除法","multiple-choice","Core","3/2 ÷ 3/10","3/2 ÷ 3/10","pass","none","","","Passed structural gate; include in S18 pass-sample review."
"bnu-primary-ds-v2-p5-184","P5","lower","bnu-primary-p5-lower-fraction-division","分数除法","fill-in","Foundation","1/6","1/6","pass","none","","","Passed structural gate; include in S18 pass-sample review."
"bnu-primary-ds-v2-p5-185","P5","lower","bnu-primary-p5-lower-fraction-division","分数除法","multiple-choice","Core","7/8 ÷ 1/2","7/8 ÷ 1/2","pass","none","","","Passed structural gate; include in S18 pass-sample review."
"bnu-primary-ds-v2-p5-186","P5","lower","bnu-primary-p5-lower-fraction-division","分数除法","fill-in","Foundation","20","20","pass","none","","","Passed structural gate; include in S18 pass-sample review."
"bnu-primary-ds-v2-p5-187","P5","lower","bnu-primary-p5-lower-fraction-division","分数除法","multiple-choice","Core","2/3 ÷ 2","2/3 ÷ 2","pass","none","","","Passed structural gate; include in S18 pass-sample review."
"bnu-primary-ds-v2-p5-188","P5","lower","bnu-primary-p5-lower-fraction-division","分数除法","fill-in","Foundation",">",">","pass","none","","","Passed structural gate; include in S18 pass-sample review."
"bnu-primary-ds-v2-p5-189","P5","lower","bnu-primary-p5-lower-fraction-division","分数除法","multiple-choice","Core","4/5 ÷ 2/15","4/5 ÷ 2/15","pass","none","","","Passed structural gate; include in S18 pass-sample review."
"bnu-primary-ds-v2-p5-190","P5","lower","bnu-primary-p5-lower-fraction-division","分数除法","fill-in","Core","2/3","2/3","pass","none","","","Passed structural gate; include in S18 pass-sample review."
"bnu-primary-ds-v2-p5-191","P5","lower","bnu-primary-p5-lower-fraction-division","分数除法","multiple-choice","Core","5/6 ÷ 5","5/6 ÷ 5","pass","none","","","Passed structural gate; include in S18 pass-sample review."
"bnu-primary-ds-v2-p5-192","P5","lower","bnu-primary-p5-lower-fraction-division","分数除法","fill-in","Core","1/16","1/16","pass","none","","","Passed structural gate; include in S18 pass-sample review."
"bnu-primary-ds-v2-p5-193","P5","lower","bnu-primary-p5-lower-fraction-division","分数除法","multiple-choice","Core","1/12 ÷ 3/4","1/12 ÷ 3/4","pass","none","","","Passed structural gate; include in S18 pass-sample review."
"bnu-primary-ds-v2-p5-194","P5","lower","bnu-primary-p5-lower-fraction-division","分数除法","fill-in","Core","40","40","pass","none","","","Passed structural gate; include in S18 pass-sample review."
"bnu-primary-ds-v2-p5-195","P5","lower","bnu-primary-p5-lower-position","确定位置","multiple-choice","Core","学校在书店南偏西30°方向200米处","学校在书店南偏西30°方向200米处","pass","none","","","Passed structural gate; include in S18 pass-sample review."
"bnu-primary-ds-v2-p5-196","P5","lower","bnu-primary-p5-lower-position","确定位置","fill-in","Core","南偏西40° 西","南偏西40° 西 | 南偏西40 西","pass","none","","","Passed structural gate; include in S18 pass-sample review."
"bnu-primary-ds-v2-p5-197","P5","lower","bnu-primary-p5-lower-position","确定位置","multiple-choice","Core","公园大门在游乐场东偏南25°方向150米处","公园大门在游乐场东偏南25°方向150米处","pass","none","","","Passed structural gate; include in S18 pass-sample review."
"bnu-primary-ds-v2-p5-198","P5","lower","bnu-primary-p5-lower-position","确定位置","fill-in","Core","西偏北30° 南偏西50°","西偏北30° 南偏西50° | 西偏北30 南偏西50","pass","none","","","Passed structural gate; include in S18 pass-sample review."
"bnu-primary-ds-v2-p5-199","P5","lower","bnu-primary-p5-lower-position","确定位置","multiple-choice","Core","灯塔在渔船A的北偏东40°方向30千米处","灯塔在渔船A的北偏东40°方向30千米处","pass","none","","","Passed structural gate; include in S18 pass-sample review."
"bnu-primary-ds-v2-p5-200","P5","lower","bnu-primary-p5-lower-position","确定位置","fill-in","Core","南偏东60° 西偏北25°","南偏东60° 西偏北25° | 南偏东60 西偏北25","pass","none","","","Passed structural gate; include in S18 pass-sample review."
"bnu-primary-ds-v2-p5-201","P5","lower","bnu-primary-p5-lower-position","确定位置","multiple-choice","Core","学校大门在图书馆南偏西30°方向200米处","学校大门在图书馆南偏西30°方向200米处","pass","none","","","Passed structural gate; include in S18 pass-sample review."
"bnu-primary-ds-v2-p5-202","P5","lower","bnu-primary-p5-lower-position","确定位置","fill-in","Core","西偏北40°方向150米","西偏北40°方向150米 | 西偏北40°150米 | 西偏北40度150米","pass","none","","","Passed structural gate; include in S18 pass-sample review."
"bnu-primary-ds-v2-p5-203","P5","lower","bnu-primary-p5-lower-position","确定位置","multiple-choice","Core","先向西偏北30°走400米到书店，再向南偏西60°走200米到超市，最后向西走300米到家","先向西偏北30°走400米到书店，再向南偏西60°走200米到超市，最后向西走300米到家","pass","none","","","Passed structural gate; include in S18 pass-sample review."
"bnu-primary-ds-v2-p5-204","P5","lower","bnu-primary-p5-lower-position","确定位置","fill-in","Core","东偏南25°方向500米","东偏南25°方向500米 | 东偏南25°500米 | 东偏南25度500米","pass","none","","","Passed structural gate; include in S18 pass-sample review."
"bnu-primary-ds-v2-p5-205","P5","lower","bnu-primary-p5-lower-position","确定位置","multiple-choice","Core","灯塔在渔船北偏东50°方向30千米处","灯塔在渔船北偏东50°方向30千米处","pass","none","","","Passed structural gate; include in S18 pass-sample review."
"bnu-primary-ds-v2-p5-206","P5","lower","bnu-primary-p5-lower-position","确定位置","fill-in","Core","西偏南20°方向300米，北偏西30°方向400米","西偏南20°方向300米，北偏西30°方向400米 | 西偏南20°300米，北偏西30°400米","pass","none","","","Passed structural gate; include in S18 pass-sample review."
"bnu-primary-ds-v2-p5-207","P5","lower","bnu-primary-p5-lower-position","确定位置","multiple-choice","Core","广场在医院南偏东60°方向800米处","广场在医院南偏东60°方向800米处","pass","none","","","Passed structural gate; include in S18 pass-sample review."
"bnu-primary-ds-v2-p5-208","P5","lower","bnu-primary-p5-lower-position","确定位置","fill-in","Core","西偏南15°方向2千米","西偏南15°方向2千米 | 西偏南15°2千米 | 西偏南15度2千米","pass","none","","","Passed structural gate; include in S18 pass-sample review."
"bnu-primary-ds-v2-p5-209","P5","lower","bnu-primary-p5-lower-equations","用方程解决问题","multiple-choice","Core","2x - 4 = 36","2x - 4 = 36","pass","none","","","Passed structural gate; include in S18 pass-sample review."
"bnu-primary-ds-v2-p5-210","P5","lower","bnu-primary-p5-lower-equations","用方程解决问题","fill-in","Core","45","45","pass","none","","","Passed structural gate; include in S18 pass-sample review."
"bnu-primary-ds-v2-p5-211","P5","lower","bnu-primary-p5-lower-equations","用方程解决问题","multiple-choice","Core","2x - 18 = 120","2x - 18 = 120","pass","none","","","Passed structural gate; include in S18 pass-sample review."
"bnu-primary-ds-v2-p5-212","P5","lower","bnu-primary-p5-lower-equations","用方程解决问题","fill-in","Core","1.5x + x = 15","1.5x + x = 15 | x + 1.5x = 15","pass","none","","","Passed structural gate; include in S18 pass-sample review."
"bnu-primary-ds-v2-p5-213","P5","lower","bnu-primary-p5-lower-equations","用方程解决问题","multiple-choice","Core","3(1.5x + x) = 360","3(1.5x + x) = 360","pass","none","","","Passed structural gate; include in S18 pass-sample review."
"bnu-primary-ds-v2-p5-214","P5","lower","bnu-primary-p5-lower-equations","用方程解决问题","fill-in","Core","8","8","pass","none","","","Passed structural gate; include in S18 pass-sample review."
"bnu-primary-ds-v2-p5-215","P5","lower","bnu-primary-p5-lower-equations","用方程解决问题","multiple-choice","Core","2(2x + x) = 36","2(2x + x) = 36","pass","none","","","Passed structural gate; include in S18 pass-sample review."
"bnu-primary-ds-v2-p5-216","P5","lower","bnu-primary-p5-lower-equations","用方程解决问题","fill-in","Core","10","10","pass","none","","","Passed structural gate; include in S18 pass-sample review."
"bnu-primary-ds-v2-p5-217","P5","lower","bnu-primary-p5-lower-equations","用方程解决问题","multiple-choice","Core","72 + x = 4(12 + x)","72 + x = 4(12 + x)","pass","none","","","Passed structural gate; include in S18 pass-sample review."
"bnu-primary-ds-v2-p5-218","P5","lower","bnu-primary-p5-lower-equations","用方程解决问题","fill-in","Core","12","12","pass","none","","","Passed structural gate; include in S18 pass-sample review."
"bnu-primary-ds-v2-p5-219","P5","lower","bnu-primary-p5-lower-equations","用方程解决问题","multiple-choice","Core","3x + x = 240","3x + x = 240","pass","none","","","Passed structural gate; include in S18 pass-sample review."
"bnu-primary-ds-v2-p5-220","P5","lower","bnu-primary-p5-lower-equations","用方程解决问题","fill-in","Core","48","48","pass","none","","","Passed structural gate; include in S18 pass-sample review."
"bnu-primary-ds-v2-p5-221","P5","lower","bnu-primary-p5-lower-equations","用方程解决问题","multiple-choice","Core","24本","24本","pass","none","","","Passed structural gate; include in S18 pass-sample review."
"bnu-primary-ds-v2-p5-222","P5","lower","bnu-primary-p5-lower-equations","用方程解决问题","fill-in","Core","5千克","5千克 | 5","pass","none","","","Passed structural gate; include in S18 pass-sample review."
"bnu-primary-ds-v2-p5-223","P5","lower","bnu-primary-p5-lower-data-analysis","数据的表示和分析","multiple-choice","Core","7格","7格","pass","none","","","Passed structural gate; include in S18 pass-sample review."
"bnu-primary-ds-v2-p5-224","P5","lower","bnu-primary-p5-lower-data-analysis","数据的表示和分析","fill-in","Core","20℃","20℃ | 20","pass","none","","","Passed structural gate; include in S18 pass-sample review."
"bnu-primary-ds-v2-p5-225","P5","lower","bnu-primary-p5-lower-data-analysis","数据的表示和分析","multiple-choice","Core","五（2）班跳绳的整体水平比五（1）班高","五（2）班跳绳的整体水平比五（1）班高","pass","none","","","Passed structural gate; include in S18 pass-sample review."
"bnu-primary-ds-v2-p5-226","P5","lower","bnu-primary-p5-lower-data-analysis","数据的表示和分析","fill-in","Core","10本","10本 | 10","pass","none","","","Passed structural gate; include in S18 pass-sample review."
"bnu-primary-ds-v2-p5-227","P5","lower","bnu-primary-p5-lower-data-analysis","数据的表示和分析","multiple-choice","Core","140厘米","140厘米","pass","none","","","Passed structural gate; include in S18 pass-sample review."
"bnu-primary-ds-v2-p5-228","P5","lower","bnu-primary-p5-lower-data-analysis","数据的表示和分析","fill-in","Core","10人","10人 | 10","pass","none","","","Passed structural gate; include in S18 pass-sample review."
"bnu-primary-ds-v2-p5-229","P5","lower","bnu-primary-p5-lower-data-analysis","数据的表示和分析","multiple-choice","Core","条形统计图","条形统计图","pass","none","","","Passed structural gate; include in S18 pass-sample review."
"bnu-primary-ds-v2-p5-230","P5","lower","bnu-primary-p5-lower-data-analysis","数据的表示和分析","fill-in","Core","20人","20人 | 20","pass","none","","","Passed structural gate; include in S18 pass-sample review."
"bnu-primary-ds-v2-p5-231","P5","lower","bnu-primary-p5-lower-data-analysis","数据的表示和分析","multiple-choice","Core","条形统计图","条形统计图","pass","none","","","Passed structural gate; include in S18 pass-sample review."
"bnu-primary-ds-v2-p5-232","P5","lower","bnu-primary-p5-lower-data-analysis","数据的表示和分析","fill-in","Core","140","140 | 140厘米","pass","none","","","Passed structural gate; include in S18 pass-sample review."
"bnu-primary-ds-v2-p5-233","P5","lower","bnu-primary-p5-lower-data-analysis","数据的表示和分析","multiple-choice","Core","一班阅读60分钟的人数比二班多5人","一班阅读60分钟的人数比二班多5人","pass","none","","","Passed structural gate; include in S18 pass-sample review."
"bnu-primary-ds-v2-p5-234","P5","lower","bnu-primary-p5-lower-data-analysis","数据的表示和分析","fill-in","Core","17","17 | 17分钟","pass","none","","","Passed structural gate; include in S18 pass-sample review."
"bnu-primary-ds-v2-p5-235","P5","lower","bnu-primary-p5-lower-data-analysis","数据的表示和分析","multiple-choice","Core","喜欢夏季的人数是冬季的3倍","喜欢夏季的人数是冬季的3倍","pass","none","","","Passed structural gate; include in S18 pass-sample review."
"bnu-primary-ds-v2-p5-236","P5","lower","bnu-primary-p5-lower-data-analysis","数据的表示和分析","fill-in","Core","31.6","31.6 | 31.6千克","pass","none","","","Passed structural gate; include in S18 pass-sample review."
"bnu-primary-ds-v2-p5-237","P5","lower","bnu-primary-p5-lower-review-activity","数学好玩与总复习","multiple-choice","Core","218÷45=4（辆）……38（人），4+1=5（辆），5×600=3000（元）","218÷45=4（辆）……38（人），4+1=5（辆），5×600=3000（元）","pass","none","","","Passed structural gate; include in S18 pass-sample review."
"bnu-primary-ds-v2-p5-238","P5","lower","bnu-primary-p5-lower-review-activity","数学好玩与总复习","fill-in","Core","160","160 | 160立方分米","pass","none","","","Passed structural gate; include in S18 pass-sample review."
"bnu-primary-ds-v2-p5-239","P5","lower","bnu-primary-p5-lower-review-activity","数学好玩与总复习","multiple-choice","Core","3/8 + 5/12 = 9/24 + 10/24 = 19/24","3/8 + 5/12 = 9/24 + 10/24 = 19/24","pass","none","","","Passed structural gate; include in S18 pass-sample review."
"bnu-primary-ds-v2-p5-240","P5","lower","bnu-primary-p5-lower-review-activity","数学好玩与总复习","fill-in","Core","340","340 | 340本","pass","none","","","Passed structural gate; include in S18 pass-sample review."
"bnu-primary-ds-v2-p5-241","P5","lower","bnu-primary-p5-lower-review-activity","数学好玩与总复习","multiple-choice","Core","1 - (2/5 + 1/4)","1 - (2/5 + 1/4)","pass","none","","","Passed structural gate; include in S18 pass-sample review."
"bnu-primary-ds-v2-p5-242","P5","lower","bnu-primary-p5-lower-review-activity","数学好玩与总复习","multiple-choice","Core","5 × 4 × (2.5 - 2)","5 × 4 × (2.5 - 2)","pass","none","","","Passed structural gate; include in S18 pass-sample review."
"bnu-primary-ds-v2-p5-243","P5","lower","bnu-primary-p5-lower-review-activity","数学好玩与总复习","multiple-choice","Core","(150 - 120) ÷ 120","(150 - 120) ÷ 120","pass","none","","","Passed structural gate; include in S18 pass-sample review."
"bnu-primary-ds-v2-p5-244","P5","lower","bnu-primary-p5-lower-review-activity","数学好玩与总复习","multiple-choice","Core","72 ÷ 12 × 72 ÷ 12 × 72 ÷ 12","72 ÷ 12 × 72 ÷ 12 × 72 ÷ 12","pass","none","","","Passed structural gate; include in S18 pass-sample review."
"bnu-primary-ds-v2-p5-245","P5","lower","bnu-primary-p5-lower-review-activity","数学好玩与总复习","multiple-choice","Core","3/4 + 2/5 = 15/20 + 8/20 = 23/20","3/4 + 2/5 = 15/20 + 8/20 = 23/20","pass","none","","","Passed structural gate; include in S18 pass-sample review."
"bnu-primary-ds-v2-p5-246","P5","lower","bnu-primary-p5-lower-review-activity","数学好玩与总复习","multiple-choice","Core","8 × 3 × (5 - 4) + 6","8 × 3 × (5 - 4) + 6","pass","none","","","Passed structural gate; include in S18 pass-sample review."
"bnu-primary-ds-v2-p5-247","P5","lower","bnu-primary-p5-lower-review-activity","数学好玩与总复习","multiple-choice","Core","1 - 5/9","1 - 5/9","pass","none","","","Passed structural gate; include in S18 pass-sample review."
"bnu-primary-ds-v2-p5-248","P5","lower","bnu-primary-p5-lower-review-activity","数学好玩与总复习","multiple-choice","Core","10 × 8 × 2","10 × 8 × 2","pass","none","","","Passed structural gate; include in S18 pass-sample review."
"bnu-primary-ds-v2-p5-249","P5","lower","bnu-primary-p5-lower-review-activity","数学好玩与总复习","multiple-choice","Core","5 × 1/4 + 1/4","5 × 1/4 + 1/4","pass","none","","","Passed structural gate; include in S18 pass-sample review."
"bnu-primary-ds-v2-p5-250","P5","lower","bnu-primary-p5-lower-review-activity","数学好玩与总复习","multiple-choice","Core","4 × 4 × 4 ÷ (8 × 4)","4 × 4 × 4 ÷ (8 × 4)","pass","none","","","Passed structural gate; include in S18 pass-sample review."
"bnu-primary-ds-v2-p6-001","P6","upper","bnu-primary-p6-upper-circles","圆","multiple-choice","Core","28.26","28.26","pass","none","","","Passed structural gate; include in S18 pass-sample review."
"bnu-primary-ds-v2-p6-002","P6","upper","bnu-primary-p6-upper-circles","圆","fill-in","Foundation","5","5","pass","none","","","Passed structural gate; include in S18 pass-sample review."
"bnu-primary-ds-v2-p6-003","P6","upper","bnu-primary-p6-upper-circles","圆","short-answer","Challenge","50","50","pass","none","","","Passed structural gate; include in S18 pass-sample review."
"bnu-primary-ds-v2-p6-004","P6","upper","bnu-primary-p6-upper-circles","圆","multiple-choice","Exam","15.7","15.7","pass","none","","","Passed structural gate; include in S18 pass-sample review."
"bnu-primary-ds-v2-p6-005","P6","upper","bnu-primary-p6-upper-circles","圆","fill-in","Core","9","9","pass","none","","","Passed structural gate; include in S18 pass-sample review."
"bnu-primary-ds-v2-p6-006","P6","upper","bnu-primary-p6-upper-circles","圆","short-answer","Foundation","62.8","62.8","pass","none","","","Passed structural gate; include in S18 pass-sample review."
"bnu-primary-ds-v2-p6-007","P6","upper","bnu-primary-p6-upper-circles","圆","multiple-choice","Challenge","50.24","50.24","pass","none","","","Passed structural gate; include in S18 pass-sample review."
"bnu-primary-ds-v2-p6-008","P6","upper","bnu-primary-p6-upper-circles","圆","fill-in","Exam","15.42","15.42","pass","none","","","Passed structural gate; include in S18 pass-sample review."
"bnu-primary-ds-v2-p6-009","P6","upper","bnu-primary-p6-upper-circles","圆","short-answer","Core","28.26","28.26","pass","none","","","Passed structural gate; include in S18 pass-sample review."
"bnu-primary-ds-v2-p6-010","P6","upper","bnu-primary-p6-upper-circles","圆","multiple-choice","Foundation","4:9","4:9","pass","none","","","Passed structural gate; include in S18 pass-sample review."
"bnu-primary-ds-v2-p6-011","P6","upper","bnu-primary-p6-upper-circles","圆","fill-in","Challenge","87.92","87.92","pass","none","","","Passed structural gate; include in S18 pass-sample review."
"bnu-primary-ds-v2-p6-012","P6","upper","bnu-primary-p6-upper-circles","圆","short-answer","Exam","28.26","28.26","pass","none","","","Passed structural gate; include in S18 pass-sample review."
"bnu-primary-ds-v2-p6-013","P6","upper","bnu-primary-p6-upper-circles","圆","multiple-choice","Core","12.56","12.56","pass","none","","","Passed structural gate; include in S18 pass-sample review."
"bnu-primary-ds-v2-p6-014","P6","upper","bnu-primary-p6-upper-circles","圆","fill-in","Foundation","3,9","3,9 | 3，9","pass","none","","","Passed structural gate; include in S18 pass-sample review."
"bnu-primary-ds-v2-p6-015","P6","upper","bnu-primary-p6-upper-circles","圆","short-answer","Challenge","21.5","21.5","pass","none","","","Passed structural gate; include in S18 pass-sample review."
"bnu-primary-ds-v2-p6-016","P6","upper","bnu-primary-p6-upper-circles","圆","multiple-choice","Exam","15.42","15.42","pass","none","","","Passed structural gate; include in S18 pass-sample review."
"bnu-primary-ds-v2-p6-017","P6","upper","bnu-primary-p6-upper-circles","圆","fill-in","Core","4,50.24","4,50.24 | 4，50.24","pass","none","","","Passed structural gate; include in S18 pass-sample review."
"bnu-primary-ds-v2-p6-018","P6","upper","bnu-primary-p6-upper-circles","圆","short-answer","Foundation","31.4,157","31.4,157 | 31.4，157","pass","none","","","Passed structural gate; include in S18 pass-sample review."
"bnu-primary-ds-v2-p6-019","P6","upper","bnu-primary-p6-upper-fraction-mixed-operations","分数混合运算","multiple-choice","Challenge","10千克","10千克","pass","none","","","Passed structural gate; include in S18 pass-sample review."
"bnu-primary-ds-v2-p6-020","P6","upper","bnu-primary-p6-upper-fraction-mixed-operations","分数混合运算","fill-in","Exam","30","30","pass","none","","","Passed structural gate; include in S18 pass-sample review."
"bnu-primary-ds-v2-p6-021","P6","upper","bnu-primary-p6-upper-fraction-mixed-operations","分数混合运算","short-answer","Core","36棵","36棵 | 36","pass","none","","","Passed structural gate; include in S18 pass-sample review."
"bnu-primary-ds-v2-p6-022","P6","upper","bnu-primary-p6-upper-fraction-mixed-operations","分数混合运算","multiple-choice","Foundation","4米","4米","pass","none","","","Passed structural gate; include in S18 pass-sample review."
"bnu-primary-ds-v2-p6-023","P6","upper","bnu-primary-p6-upper-fraction-mixed-operations","分数混合运算","fill-in","Challenge","7/6","7/6 | 1又1/6","pass","none","","","Passed structural gate; include in S18 pass-sample review."
"bnu-primary-ds-v2-p6-024","P6","upper","bnu-primary-p6-upper-fraction-mixed-operations","分数混合运算","short-answer","Exam","200本","200本 | 200","pass","none","","","Passed structural gate; include in S18 pass-sample review."
"bnu-primary-ds-v2-p6-025","P6","upper","bnu-primary-p6-upper-fraction-mixed-operations","分数混合运算","multiple-choice","Core","1/2 + 1/3 + 1/4","1/2 + 1/3 + 1/4","pass","none","","","Passed structural gate; include in S18 pass-sample review."
"bnu-primary-ds-v2-p6-026","P6","upper","bnu-primary-p6-upper-fraction-mixed-operations","分数混合运算","fill-in","Foundation","5","5 | 5千克","pass","none","","","Passed structural gate; include in S18 pass-sample review."
"bnu-primary-ds-v2-p6-027","P6","upper","bnu-primary-p6-upper-fraction-mixed-operations","分数混合运算","short-answer","Challenge","108元","108元 | 108","pass","none","","","Passed structural gate; include in S18 pass-sample review."
"bnu-primary-ds-v2-p6-028","P6","upper","bnu-primary-p6-upper-fraction-mixed-operations","分数混合运算","multiple-choice","Exam","108平方厘米","108平方厘米","pass","none","","","Passed structural gate; include in S18 pass-sample review."
"bnu-primary-ds-v2-p6-029","P6","upper","bnu-primary-p6-upper-fraction-mixed-operations","分数混合运算","fill-in","Core","7/8","7/8","pass","none","","","Passed structural gate; include in S18 pass-sample review."
"bnu-primary-ds-v2-p6-030","P6","upper","bnu-primary-p6-upper-fraction-mixed-operations","分数混合运算","short-answer","Foundation","600米","600米 | 600","pass","none","","","Passed structural gate; include in S18 pass-sample review."
"bnu-primary-ds-v2-p6-031","P6","upper","bnu-primary-p6-upper-fraction-mixed-operations","分数混合运算","multiple-choice","Challenge","25 千克","25 千克","pass","none","","","Passed structural gate; include in S18 pass-sample review."
"bnu-primary-ds-v2-p6-032","P6","upper","bnu-primary-p6-upper-fraction-mixed-operations","分数混合运算","fill-in","Exam","6 米","6 米 | 6","pass","none","","","Passed structural gate; include in S18 pass-sample review."
"bnu-primary-ds-v2-p6-033","P6","upper","bnu-primary-p6-upper-fraction-mixed-operations","分数混合运算","short-answer","Core","苹果树 160 棵，梨树 200 棵","苹果树 160 棵，梨树 200 棵 | 苹果树160棵，梨树200棵 | 160棵苹果树，200棵梨树","pass","none","","","Passed structural gate; include in S18 pass-sample review."
"bnu-primary-ds-v2-p6-034","P6","upper","bnu-primary-p6-upper-fraction-mixed-operations","分数混合运算","multiple-choice","Foundation","8 ÷ (2 - 1/2 × 3)","8 ÷ (2 - 1/2 × 3)","pass","none","","","Passed structural gate; include in S18 pass-sample review."
"bnu-primary-ds-v2-p6-035","P6","upper","bnu-primary-p6-upper-fraction-mixed-operations","分数混合运算","fill-in","Challenge","2000 米","2000 米 | 2000","pass","none","","","Passed structural gate; include in S18 pass-sample review."
"bnu-primary-ds-v2-p6-036","P6","upper","bnu-primary-p6-upper-fraction-mixed-operations","分数混合运算","short-answer","Exam","200 页","200 页 | 200","pass","none","","","Passed structural gate; include in S18 pass-sample review."
"bnu-primary-ds-v2-p6-037","P6","upper","bnu-primary-p6-upper-observe-objects","观察物体","multiple-choice","Core","第一层放 3 个排成一行，第二层在中间放 1 个，第三层在中间放 1 个","第一层放 3 个排成一行，第二层在中间放 1 个，第三层在中间放 1 个","pass","none","","","Passed structural gate; include in S18 pass-sample review."
"bnu-primary-ds-v2-p6-038","P6","upper","bnu-primary-p6-upper-observe-objects","观察物体","fill-in","Foundation","2 层","2 层 | 2","pass","none","","","Passed structural gate; include in S18 pass-sample review."
"bnu-primary-ds-v2-p6-039","P6","upper","bnu-primary-p6-upper-observe-objects","观察物体","short-answer","Challenge","4 个","4 个 | 4","pass","none","","","Passed structural gate; include in S18 pass-sample review."
"bnu-primary-ds-v2-p6-040","P6","upper","bnu-primary-p6-upper-observe-objects","观察物体","multiple-choice","Exam","底层放 4 个排成两行两列，第二层在左前方放 1 个，第三层在左前方放 1 个","底层放 4 个排成两行两列，第二层在左前方放 1 个，第三层在左前方放 1 个","pass","none","","","Passed structural gate; include in S18 pass-sample review."
"bnu-primary-ds-v2-p6-041","P6","upper","bnu-primary-p6-upper-observe-objects","观察物体","fill-in","Core","3","3 | 3种","pass","none","","","Passed structural gate; include in S18 pass-sample review."
"bnu-primary-ds-v2-p6-042","P6","upper","bnu-primary-p6-upper-observe-objects","观察物体","short-answer","Foundation","4","4 | 4个","pass","none","","","Passed structural gate; include in S18 pass-sample review."
"bnu-primary-ds-v2-p6-043","P6","upper","bnu-primary-p6-upper-observe-objects","观察物体","multiple-choice","Challenge","3个","3个","pass","none","","","Passed structural gate; include in S18 pass-sample review."
"bnu-primary-ds-v2-p6-044","P6","upper","bnu-primary-p6-upper-observe-objects","观察物体","fill-in","Exam","2","2 | 2种","pass","none","","","Passed structural gate; include in S18 pass-sample review."
"bnu-primary-ds-v2-p6-045","P6","upper","bnu-primary-p6-upper-observe-objects","观察物体","short-answer","Core","4","4 | 4个","pass","none","","","Passed structural gate; include in S18 pass-sample review."
"bnu-primary-ds-v2-p6-046","P6","upper","bnu-primary-p6-upper-observe-objects","观察物体","multiple-choice","Foundation","2个小正方形上下排列","2个小正方形上下排列","pass","none","","","Passed structural gate; include in S18 pass-sample review."
"bnu-primary-ds-v2-p6-047","P6","upper","bnu-primary-p6-upper-observe-objects","观察物体","fill-in","Challenge","5","5 | 5个","pass","none","","","Passed structural gate; include in S18 pass-sample review."
"bnu-primary-ds-v2-p6-048","P6","upper","bnu-primary-p6-upper-observe-objects","观察物体","short-answer","Exam","最多拿走2个","最多拿走2个 | 2个 | 2","pass","none","","","Passed structural gate; include in S18 pass-sample review."
"bnu-primary-ds-v2-p6-049","P6","upper","bnu-primary-p6-upper-observe-objects","观察物体","multiple-choice","Core","3个","3个","pass","none","","","Passed structural gate; include in S18 pass-sample review."
"bnu-primary-ds-v2-p6-050","P6","upper","bnu-primary-p6-upper-observe-objects","观察物体","fill-in","Foundation","5","5 | 5个","pass","none","","","Passed structural gate; include in S18 pass-sample review."
"bnu-primary-ds-v2-p6-051","P6","upper","bnu-primary-p6-upper-observe-objects","观察物体","short-answer","Challenge","前排从左到右依次放3个小正方体，其中前排中间的小正方体上面再放1个小正方体；后排在前排最左边小正方体的后面放1个小正方体。从上面看时，后排那个正方形对应的小正方体位于前排最左边小正方体的正后方。","前排从左到右依次放3个小正方体，其中前排中间的小正方体上面再放1个小正方体；后排在前排最左边小正方体的后面放1个小正方体。从上面看时，后排那个正方形对应的小正方体位于前排最左边小正方体的正后方。","pass","none","","","Passed structural gate; include in S18 pass-sample review."
"bnu-primary-ds-v2-p6-052","P6","upper","bnu-primary-p6-upper-observe-objects","观察物体","multiple-choice","Exam","横排2个正方形，右边一列有2层","横排2个正方形，右边一列有2层","pass","none","","","Passed structural gate; include in S18 pass-sample review."
"bnu-primary-ds-v2-p6-053","P6","upper","bnu-primary-p6-upper-observe-objects","观察物体","fill-in","Core","4","4 | 四个 | 4个","pass","none","","","Passed structural gate; include in S18 pass-sample review."
"bnu-primary-ds-v2-p6-054","P6","upper","bnu-primary-p6-upper-observe-objects","观察物体","short-answer","Foundation","前排从左到右放2个小正方体，前排右边的小正方体上面再放1个小正方体；后排在前排右边小正方体的正后方放1个小正方体。","前排从左到右放2个小正方体，前排右边的小正方体上面再放1个小正方体；后排在前排右边小正方体的正后方放1个小正方体。","pass","none","","","Passed structural gate; include in S18 pass-sample review."
"bnu-primary-ds-v2-p6-055","P6","upper","bnu-primary-p6-upper-percentage-meaning","百分数","multiple-choice","Challenge","55%","55%","pass","none","","","Passed structural gate; include in S18 pass-sample review."
"bnu-primary-ds-v2-p6-056","P6","upper","bnu-primary-p6-upper-percentage-meaning","百分数","fill-in","Exam","65","65 | 65%","pass","none","","","Passed structural gate; include in S18 pass-sample review."
"bnu-primary-ds-v2-p6-057","P6","upper","bnu-primary-p6-upper-percentage-meaning","百分数","short-answer","Core","240本","240本 | 240","pass","none","","","Passed structural gate; include in S18 pass-sample review."
"bnu-primary-ds-v2-p6-058","P6","upper","bnu-primary-p6-upper-percentage-meaning","百分数","multiple-choice","Foundation","一本书看了0.5","一本书看了0.5","pass","none","","","Passed structural gate; include in S18 pass-sample review."
"bnu-primary-ds-v2-p6-059","P6","upper","bnu-primary-p6-upper-percentage-meaning","百分数","fill-in","Challenge","95.0","95.0 | 95.0% | 95","pass","none","","","Passed structural gate; include in S18 pass-sample review."
"bnu-primary-ds-v2-p6-060","P6","upper","bnu-primary-p6-upper-percentage-meaning","百分数","short-answer","Exam","198元","198元 | 198","pass","none","","","Passed structural gate; include in S18 pass-sample review."
"bnu-primary-ds-v2-p6-061","P6","upper","bnu-primary-p6-upper-percentage-meaning","百分数","multiple-choice","Core","6人","6人","pass","none","","","Passed structural gate; include in S18 pass-sample review."
"bnu-primary-ds-v2-p6-062","P6","upper","bnu-primary-p6-upper-percentage-meaning","百分数","fill-in","Foundation","95%","95% | 百分之九十五","pass","none","","","Passed structural gate; include in S18 pass-sample review."
"bnu-primary-ds-v2-p6-063","P6","upper","bnu-primary-p6-upper-percentage-meaning","百分数","short-answer","Challenge","57.8%","57.8% | 57.8 | 百分之五十七点八","pass","none","","","Passed structural gate; include in S18 pass-sample review."
"bnu-primary-ds-v2-p6-064","P6","upper","bnu-primary-p6-upper-percentage-meaning","百分数","multiple-choice","Exam","小雯的达标率是90%","小雯的达标率是90%","pass","none","","","Passed structural gate; include in S18 pass-sample review."
"bnu-primary-ds-v2-p6-065","P6","upper","bnu-primary-p6-upper-percentage-meaning","百分数","fill-in","Core","95%","95% | 百分之九十五","pass","none","","","Passed structural gate; include in S18 pass-sample review."
"bnu-primary-ds-v2-p6-066","P6","upper","bnu-primary-p6-upper-percentage-meaning","百分数","short-answer","Foundation","2人","2人 | 2","pass","none","","","Passed structural gate; include in S18 pass-sample review."
"bnu-primary-ds-v2-p6-067","P6","upper","bnu-primary-p6-upper-percentage-meaning","百分数","multiple-choice","Challenge","男生人数比女生人数少20%","男生人数比女生人数少20%","pass","none","","","Passed structural gate; include in S18 pass-sample review."
"bnu-primary-ds-v2-p6-068","P6","upper","bnu-primary-p6-upper-percentage-meaning","百分数","fill-in","Exam","80;55.6","80;55.6 | 80; 55.6 | 80%;55.6% | 80%; 55.6% | 80％;55.6％ | 80％; 55.6％","pass","none","","","Passed structural gate; include in S18 pass-sample review."
"bnu-primary-ds-v2-p6-069","P6","upper","bnu-primary-p6-upper-percentage-meaning","百分数","short-answer","Core","93.3%","93.3% | 约93.3% | 93.33% | 约93.33%","pass","none","","","Passed structural gate; include in S18 pass-sample review."
"bnu-primary-ds-v2-p6-070","P6","upper","bnu-primary-p6-upper-percentage-meaning","百分数","multiple-choice","Foundation","55%","55%","pass","none","","","Passed structural gate; include in S18 pass-sample review."
"bnu-primary-ds-v2-p6-071","P6","upper","bnu-primary-p6-upper-percentage-meaning","百分数","fill-in","Challenge","60%","60% | 0.6 | 3/5","pass","none","","","Passed structural gate; include in S18 pass-sample review."
"bnu-primary-ds-v2-p6-072","P6","upper","bnu-primary-p6-upper-percentage-meaning","百分数","short-answer","Core","45%","45%","pass","none","","","Passed structural gate; include in S18 pass-sample review."
"bnu-primary-ds-v2-p6-073","P6","upper","bnu-primary-p6-upper-data-processing","数据处理","multiple-choice","Foundation","扇形统计图","扇形统计图","pass","none","","","Passed structural gate; include in S18 pass-sample review."
"bnu-primary-ds-v2-p6-074","P6","upper","bnu-primary-p6-upper-data-processing","数据处理","fill-in","Challenge","折线统计图","折线统计图","pass","none","","","Passed structural gate; include in S18 pass-sample review."
"bnu-primary-ds-v2-p6-075","P6","upper","bnu-primary-p6-upper-data-processing","数据处理","short-answer","Core","5","5 | 5人","pass","none","","","Passed structural gate; include in S18 pass-sample review."
"bnu-primary-ds-v2-p6-076","P6","upper","bnu-primary-p6-upper-data-processing","数据处理","multiple-choice","Foundation","条形统计图","条形统计图","pass","none","","","Passed structural gate; include in S18 pass-sample review."
"bnu-primary-ds-v2-p6-077","P6","upper","bnu-primary-p6-upper-data-processing","数据处理","fill-in","Challenge","逐年上升","逐年上升 | 逐年增加 | 不断增长","pass","none","","","Passed structural gate; include in S18 pass-sample review."
"bnu-primary-ds-v2-p6-078","P6","upper","bnu-primary-p6-upper-data-processing","数据处理","short-answer","Core","37.5%","37.5% | 0.375","pass","none","","","Passed structural gate; include in S18 pass-sample review."
"bnu-primary-ds-v2-p6-079","P6","upper","bnu-primary-p6-upper-data-processing","数据处理","multiple-choice","Foundation","扇形统计图","扇形统计图","pass","none","","","Passed structural gate; include in S18 pass-sample review."
"bnu-primary-ds-v2-p6-080","P6","upper","bnu-primary-p6-upper-data-processing","数据处理","fill-in","Challenge","折线统计图","折线统计图","pass","none","","","Passed structural gate; include in S18 pass-sample review."
"bnu-primary-ds-v2-p6-081","P6","upper","bnu-primary-p6-upper-data-processing","数据处理","short-answer","Core","3人","3人 | 3","pass","none","","","Passed structural gate; include in S18 pass-sample review."
"bnu-primary-ds-v2-p6-082","P6","upper","bnu-primary-p6-upper-data-processing","数据处理","multiple-choice","Foundation","折线统计图","折线统计图","pass","none","","","Passed structural gate; include in S18 pass-sample review."
"bnu-primary-ds-v2-p6-083","P6","upper","bnu-primary-p6-upper-data-processing","数据处理","fill-in","Challenge","条形统计图","条形统计图","pass","none","","","Passed structural gate; include in S18 pass-sample review."
"bnu-primary-ds-v2-p6-084","P6","upper","bnu-primary-p6-upper-data-processing","数据处理","short-answer","Core","逐渐上升","逐渐上升 | 不断上升 | 持续上升 | 上升趋势","pass","none","","","Passed structural gate; include in S18 pass-sample review."
"bnu-primary-ds-v2-p6-085","P6","upper","bnu-primary-p6-upper-data-processing","数据处理","multiple-choice","Foundation","条形统计图","条形统计图","pass","none","","","Passed structural gate; include in S18 pass-sample review."
"bnu-primary-ds-v2-p6-086","P6","upper","bnu-primary-p6-upper-data-processing","数据处理","fill-in","Challenge","扇形统计图","扇形统计图","pass","none","","","Passed structural gate; include in S18 pass-sample review."
"bnu-primary-ds-v2-p6-087","P6","upper","bnu-primary-p6-upper-data-processing","数据处理","short-answer","Core","4月，240人","4月，240人 | 4月240人 | 四月，240人","pass","none","","","Passed structural gate; include in S18 pass-sample review."
"bnu-primary-ds-v2-p6-088","P6","upper","bnu-primary-p6-upper-data-processing","数据处理","multiple-choice","Foundation","折线统计图能清楚地表示数量的增减变化情况","折线统计图能清楚地表示数量的增减变化情况","pass","none","","","Passed structural gate; include in S18 pass-sample review."
"bnu-primary-ds-v2-p6-089","P6","upper","bnu-primary-p6-upper-data-processing","数据处理","fill-in","Challenge","折线统计图","折线统计图","pass","none","","","Passed structural gate; include in S18 pass-sample review."
"bnu-primary-ds-v2-p6-090","P6","upper","bnu-primary-p6-upper-data-processing","数据处理","short-answer","Core","水稻，50公顷","水稻，50公顷 | 水稻50公顷","pass","none","","","Passed structural gate; include in S18 pass-sample review."
"bnu-primary-ds-v2-p6-091","P6","upper","bnu-primary-p6-upper-ratio","比的认识","multiple-choice","Foundation","100毫升","100毫升","pass","none","","","Passed structural gate; include in S18 pass-sample review."
"bnu-primary-ds-v2-p6-092","P6","upper","bnu-primary-p6-upper-ratio","比的认识","fill-in","Challenge","20","20","pass","none","","","Passed structural gate; include in S18 pass-sample review."
"bnu-primary-ds-v2-p6-093","P6","upper","bnu-primary-p6-upper-ratio","比的认识","short-answer","Core","90本","90本 | 90","pass","none","","","Passed structural gate; include in S18 pass-sample review."
"bnu-primary-ds-v2-p6-094","P6","upper","bnu-primary-p6-upper-ratio","比的认识","multiple-choice","Foundation","6:8","6:8","pass","none","","","Passed structural gate; include in S18 pass-sample review."
"bnu-primary-ds-v2-p6-095","P6","upper","bnu-primary-p6-upper-ratio","比的认识","fill-in","Challenge","1:6","1:6 | 1：6","pass","none","","","Passed structural gate; include in S18 pass-sample review."
"bnu-primary-ds-v2-p6-096","P6","upper","bnu-primary-p6-upper-ratio","比的认识","short-answer","Core","15米","15米 | 15","pass","none","","","Passed structural gate; include in S18 pass-sample review."
"bnu-primary-ds-v2-p6-097","P6","upper","bnu-primary-p6-upper-ratio","比的认识","multiple-choice","Foundation","男生人数是女生的4/5","男生人数是女生的4/5","pass","none","","","Passed structural gate; include in S18 pass-sample review."
"bnu-primary-ds-v2-p6-098","P6","upper","bnu-primary-p6-upper-ratio","比的认识","fill-in","Challenge","80","80 | 80度","pass","none","","","Passed structural gate; include in S18 pass-sample review."
"bnu-primary-ds-v2-p6-099","P6","upper","bnu-primary-p6-upper-ratio","比的认识","short-answer","Core","100吨","100吨 | 100","pass","none","","","Passed structural gate; include in S18 pass-sample review."
"bnu-primary-ds-v2-p6-100","P6","upper","bnu-primary-p6-upper-ratio","比的认识","multiple-choice","Foundation","4:3","4:3","pass","none","","","Passed structural gate; include in S18 pass-sample review."
"bnu-primary-ds-v2-p6-101","P6","upper","bnu-primary-p6-upper-ratio","比的认识","fill-in","Challenge","120","120 | 120毫升","pass","none","","","Passed structural gate; include in S18 pass-sample review."
"bnu-primary-ds-v2-p6-102","P6","upper","bnu-primary-p6-upper-ratio","比的认识","short-answer","Core","40","40 | 40人","pass","none","","","Passed structural gate; include in S18 pass-sample review."
"bnu-primary-ds-v2-p6-103","P6","upper","bnu-primary-p6-upper-ratio","比的认识","multiple-choice","Foundation","1:6","1:6","pass","none","","","Passed structural gate; include in S18 pass-sample review."
"bnu-primary-ds-v2-p6-104","P6","upper","bnu-primary-p6-upper-ratio","比的认识","fill-in","Challenge","30","30 | 30克","pass","none","","","Passed structural gate; include in S18 pass-sample review."
"bnu-primary-ds-v2-p6-105","P6","upper","bnu-primary-p6-upper-ratio","比的认识","short-answer","Core","135","135 | 135平方厘米","pass","none","","","Passed structural gate; include in S18 pass-sample review."
"bnu-primary-ds-v2-p6-106","P6","upper","bnu-primary-p6-upper-ratio","比的认识","multiple-choice","Foundation","3:2","3:2","pass","none","","","Passed structural gate; include in S18 pass-sample review."
"bnu-primary-ds-v2-p6-107","P6","upper","bnu-primary-p6-upper-ratio","比的认识","fill-in","Challenge","240","240 | 240元","pass","none","","","Passed structural gate; include in S18 pass-sample review."
"bnu-primary-ds-v2-p6-108","P6","upper","bnu-primary-p6-upper-ratio","比的认识","short-answer","Core","4:9","4:9","pass","none","","","Passed structural gate; include in S18 pass-sample review."
"bnu-primary-ds-v2-p6-109","P6","upper","bnu-primary-p6-upper-percentage-applications","百分数的应用","multiple-choice","Foundation","现价比原价低","现价比原价低","pass","none","","","Passed structural gate; include in S18 pass-sample review."
"bnu-primary-ds-v2-p6-110","P6","upper","bnu-primary-p6-upper-percentage-applications","百分数的应用","fill-in","Challenge","41.4","41.4 | 41.4万元","pass","none","","","Passed structural gate; include in S18 pass-sample review."
"bnu-primary-ds-v2-p6-111","P6","upper","bnu-primary-p6-upper-percentage-applications","百分数的应用","short-answer","Core","552","552 | 552本","pass","none","","","Passed structural gate; include in S18 pass-sample review."
"bnu-primary-ds-v2-p6-112","P6","upper","bnu-primary-p6-upper-percentage-applications","百分数的应用","multiple-choice","Foundation","170元","170元","pass","none","","","Passed structural gate; include in S18 pass-sample review."
"bnu-primary-ds-v2-p6-113","P6","upper","bnu-primary-p6-upper-percentage-applications","百分数的应用","fill-in","Challenge","15","15 | 15吨","pass","none","","","Passed structural gate; include in S18 pass-sample review."
"bnu-primary-ds-v2-p6-114","P6","upper","bnu-primary-p6-upper-percentage-applications","百分数的应用","short-answer","Core","120","120 | 120棵","pass","none","","","Passed structural gate; include in S18 pass-sample review."
"bnu-primary-ds-v2-p6-115","P6","upper","bnu-primary-p6-upper-percentage-applications","百分数的应用","multiple-choice","Foundation","79.2元","79.2元","pass","none","","","Passed structural gate; include in S18 pass-sample review."
"bnu-primary-ds-v2-p6-116","P6","upper","bnu-primary-p6-upper-percentage-applications","百分数的应用","fill-in","Challenge","20840","20840 | 20840元","pass","none","","","Passed structural gate; include in S18 pass-sample review."
"bnu-primary-ds-v2-p6-117","P6","upper","bnu-primary-p6-upper-percentage-applications","百分数的应用","short-answer","Core","降低了4%","降低了4% | 降低4%","pass","none","","","Passed structural gate; include in S18 pass-sample review."
"bnu-primary-ds-v2-p6-118","P6","upper","bnu-primary-p6-upper-percentage-applications","百分数的应用","multiple-choice","Foundation","25%","25%","pass","none","","","Passed structural gate; include in S18 pass-sample review."
"bnu-primary-ds-v2-p6-119","P6","upper","bnu-primary-p6-upper-percentage-applications","百分数的应用","fill-in","Challenge","484.5","484.5 | 484.5元","pass","none","","","Passed structural gate; include in S18 pass-sample review."
"bnu-primary-ds-v2-p6-120","P6","upper","bnu-primary-p6-upper-percentage-applications","百分数的应用","short-answer","Core","3000","3000 | 3000米","pass","none","","","Passed structural gate; include in S18 pass-sample review."
"bnu-primary-ds-v2-p6-121","P6","upper","bnu-primary-p6-upper-percentage-applications","百分数的应用","multiple-choice","Foundation","1620本","1620本","pass","none","","","Passed structural gate; include in S18 pass-sample review."
"bnu-primary-ds-v2-p6-122","P6","upper","bnu-primary-p6-upper-percentage-applications","百分数的应用","fill-in","Challenge","0.5","0.5 | 0.5吨","pass","none","","","Passed structural gate; include in S18 pass-sample review."
"bnu-primary-ds-v2-p6-123","P6","upper","bnu-primary-p6-upper-percentage-applications","百分数的应用","short-answer","Core","9000","9000 | 9000册","pass","none","","","Passed structural gate; include in S18 pass-sample review."
"bnu-primary-ds-v2-p6-124","P6","upper","bnu-primary-p6-upper-percentage-applications","百分数的应用","multiple-choice","Foundation","4名","4名","pass","none","","","Passed structural gate; include in S18 pass-sample review."
"bnu-primary-ds-v2-p6-125","P6","upper","bnu-primary-p6-upper-percentage-applications","百分数的应用","fill-in","Challenge","4465","4465 | 4465元","pass","none","","","Passed structural gate; include in S18 pass-sample review."
"bnu-primary-ds-v2-p6-126","P6","upper","bnu-primary-p6-upper-percentage-applications","百分数的应用","short-answer","Core","57.1%","57.1%","pass","none","","","Passed structural gate; include in S18 pass-sample review."
"bnu-primary-ds-v2-p6-127","P6","upper","bnu-primary-p6-upper-review-activity","数学好玩与总复习","multiple-choice","Foundation","先问自己“要求的是长度还是面积”，再选对应的公式","先问自己“要求的是长度还是面积”，再选对应的公式","pass","none","","","Passed structural gate; include in S18 pass-sample review."
"bnu-primary-ds-v2-p6-128","P6","upper","bnu-primary-p6-upper-review-activity","数学好玩与总复习","fill-in","Challenge","20.096","20.096","pass","none","","","Passed structural gate; include in S18 pass-sample review."
"bnu-primary-ds-v2-p6-129","P6","upper","bnu-primary-p6-upper-review-activity","数学好玩与总复习","short-answer","Core","要求的是圆的面积。花坛的占地面积是314平方米。检查：半径10米，周长2×3.14×10=62.8米，符合条件；面积3.14×10²=314平方米，计算正确。","要求的是圆的面积。花坛的占地面积是314平方米。检查：半径10米，周长2×3.14×10=62.8米，符合条件；面积3.14×10²=314平方米，计算正确。 | 面积，314平方米，检查：半径=62.8÷3.14÷2=10米，面积=3.14×10²=314平方米，周长验证正确。","pass","none","","","Passed structural gate; include in S18 pass-sample review."
"bnu-primary-ds-v2-p6-130","P6","upper","bnu-primary-p6-upper-review-activity","数学好玩与总复习","multiple-choice","Foundation","B. 圆的周长总是它直径的π倍，所以周长除以直径的商是π。","B. 圆的周长总是它直径的π倍，所以周长除以直径的商是π。","pass","none","","","Passed structural gate; include in S18 pass-sample review."
"bnu-primary-ds-v2-p6-131","P6","upper","bnu-primary-p6-upper-review-activity","数学好玩与总复习","fill-in","Challenge","正确","正确","pass","none","","","Passed structural gate; include in S18 pass-sample review."
"bnu-primary-ds-v2-p6-132","P6","upper","bnu-primary-p6-upper-review-activity","数学好玩与总复习","short-answer","Core","这个算式求的是环形小路的面积，结果是28.26平方米。","这个算式求的是环形小路的面积，结果是28.26平方米。 | 环形小路的面积，28.26平方米。 | 28.26平方米","pass","none","","","Passed structural gate; include in S18 pass-sample review."
"bnu-primary-ds-v2-p6-133","P6","upper","bnu-primary-p6-upper-review-activity","数学好玩与总复习","multiple-choice","Foundation","给圆形桌面铺一块同样大小的玻璃，需要计算圆的面积","给圆形桌面铺一块同样大小的玻璃，需要计算圆的面积","pass","none","","","Passed structural gate; include in S18 pass-sample review."
"bnu-primary-ds-v2-p6-134","P6","upper","bnu-primary-p6-upper-review-activity","数学好玩与总复习","fill-in","Challenge","(2.1/π)米","(2.1/π)米 | 2.1/π | 2.1÷π | 21/(10π) | 2.1/π米 | 2.1÷π米 | 21/(10π)米","pass","none","","","Passed structural gate; include in S18 pass-sample review."
"bnu-primary-ds-v2-p6-135","P6","upper","bnu-primary-p6-upper-review-activity","数学好玩与总复习","short-answer","Core","周长：3.14×8=25.12（米）；面积：3.14×(8÷2)²=3.14×16=50.24（平方米）。周长的单位是米，面积的单位是平方米。","周长：3.14×8=25.12（米）；面积：3.14×(8÷2)²=3.14×16=50.24（平方米）。周长的单位是米，面积的单位是平方米。","pass","none","","","Passed structural gate; include in S18 pass-sample review."
"bnu-primary-ds-v2-p6-136","P6","upper","bnu-primary-p6-upper-review-activity","数学好玩与总复习","multiple-choice","Foundation","小丽、小华和小强","小丽、小华和小强","pass","none","","","Passed structural gate; include in S18 pass-sample review."
"bnu-primary-ds-v2-p6-137","P6","upper","bnu-primary-p6-upper-review-activity","数学好玩与总复习","fill-in","Challenge","65.94","65.94","pass","none","","","Passed structural gate; include in S18 pass-sample review."
"bnu-primary-ds-v2-p6-138","P6","upper","bnu-primary-p6-upper-review-activity","数学好玩与总复习","short-answer","Core","正确，结果是28.26平方米","正确，结果是28.26平方米 | 正确，28.26平方米 | 正确，28.26 | 正确，结果是28.26 | 正确，28.26 m² | 正确，结果是28.26 m²","pass","none","","","Passed structural gate; include in S18 pass-sample review."
"bnu-primary-ds-v2-p6-139","P6","upper","bnu-primary-p6-upper-review-activity","数学好玩与总复习","multiple-choice","Foundation","圆的半径扩大到原来的3倍，面积扩大到原来的9倍","圆的半径扩大到原来的3倍，面积扩大到原来的9倍","pass","none","","","Passed structural gate; include in S18 pass-sample review."
"bnu-primary-ds-v2-p6-140","P6","upper","bnu-primary-p6-upper-review-activity","数学好玩与总复习","fill-in","Challenge","小丽","小丽","pass","none","","","Passed structural gate; include in S18 pass-sample review."
"bnu-primary-ds-v2-p6-141","P6","upper","bnu-primary-p6-upper-review-activity","数学好玩与总复习","short-answer","Core","314","314 | 314平方厘米","pass","none","","","Passed structural gate; include in S18 pass-sample review."
"bnu-primary-ds-v2-p6-142","P6","upper","bnu-primary-p6-upper-review-activity","数学好玩与总复习","multiple-choice","Foundation","一袋大米重20千克，吃了1/4，还剩多少千克？","一袋大米重20千克，吃了1/4，还剩多少千克？","pass","none","","","Passed structural gate; include in S18 pass-sample review."
"bnu-primary-ds-v2-p6-143","P6","upper","bnu-primary-p6-upper-review-activity","数学好玩与总复习","fill-in","Challenge","16","16","pass","none","","","Passed structural gate; include in S18 pass-sample review."
"bnu-primary-ds-v2-p6-144","P6","upper","bnu-primary-p6-upper-review-activity","数学好玩与总复习","short-answer","Core","56","56 | 56人","pass","none","","","Passed structural gate; include in S18 pass-sample review."
"bnu-primary-ds-v2-p6-145","P6","lower","bnu-primary-p6-lower-cylinders-cones","圆柱与圆锥","multiple-choice","Foundation","3.14×2²×5","3.14×2²×5","pass","none","","","Passed structural gate; include in S18 pass-sample review."
"bnu-primary-ds-v2-p6-146","P6","lower","bnu-primary-p6-lower-cylinders-cones","圆柱与圆锥","fill-in","Challenge","11","11 | 11吨","pass","none","","","Passed structural gate; include in S18 pass-sample review."
"bnu-primary-ds-v2-p6-147","P6","lower","bnu-primary-p6-lower-cylinders-cones","圆柱与圆锥","short-answer","Core","251.2","251.2 | 251.2平方厘米","pass","none","","","Passed structural gate; include in S18 pass-sample review."
"bnu-primary-ds-v2-p6-148","P6","lower","bnu-primary-p6-lower-cylinders-cones","圆柱与圆锥","multiple-choice","Foundation","圣诞帽","圣诞帽","pass","none","","","Passed structural gate; include in S18 pass-sample review."
"bnu-primary-ds-v2-p6-149","P6","lower","bnu-primary-p6-lower-cylinders-cones","圆柱与圆锥","fill-in","Challenge","56.52","56.52","pass","none","","","Passed structural gate; include in S18 pass-sample review."
"bnu-primary-ds-v2-p6-150","P6","lower","bnu-primary-p6-lower-cylinders-cones","圆柱与圆锥","short-answer","Core","37.68","37.68 | 37.68平方米","pass","none","","","Passed structural gate; include in S18 pass-sample review."
"bnu-primary-ds-v2-p6-151","P6","lower","bnu-primary-p6-lower-cylinders-cones","圆柱与圆锥","multiple-choice","Foundation","75.36平方分米","75.36平方分米","pass","none","","","Passed structural gate; include in S18 pass-sample review."
"bnu-primary-ds-v2-p6-152","P6","lower","bnu-primary-p6-lower-cylinders-cones","圆柱与圆锥","fill-in","Challenge","11吨","11吨 | 约11吨","pass","none","","","Passed structural gate; include in S18 pass-sample review."
"bnu-primary-ds-v2-p6-153","P6","lower","bnu-primary-p6-lower-cylinders-cones","圆柱与圆锥","short-answer","Core","282.6立方厘米","282.6立方厘米 | 282.6","pass","none","","","Passed structural gate; include in S18 pass-sample review."
"bnu-primary-ds-v2-p6-154","P6","lower","bnu-primary-p6-lower-cylinders-cones","圆柱与圆锥","multiple-choice","Foundation","12立方分米","12立方分米","pass","none","","","Passed structural gate; include in S18 pass-sample review."
"bnu-primary-ds-v2-p6-155","P6","lower","bnu-primary-p6-lower-cylinders-cones","圆柱与圆锥","fill-in","Core","251.2立方分米","251.2立方分米 | 251.2","pass","none","","","Passed structural gate; include in S18 pass-sample review."
"bnu-primary-ds-v2-p6-156","P6","lower","bnu-primary-p6-lower-cylinders-cones","圆柱与圆锥","short-answer","Foundation","113.04平方米","113.04平方米 | 113.04","pass","none","","","Passed structural gate; include in S18 pass-sample review."
"bnu-primary-ds-v2-p6-157","P6","lower","bnu-primary-p6-lower-cylinders-cones","圆柱与圆锥","multiple-choice","Core","4倍","4倍","pass","none","","","Passed structural gate; include in S18 pass-sample review."
"bnu-primary-ds-v2-p6-158","P6","lower","bnu-primary-p6-lower-cylinders-cones","圆柱与圆锥","fill-in","Foundation","5厘米","5厘米 | 5","pass","none","","","Passed structural gate; include in S18 pass-sample review."
"bnu-primary-ds-v2-p6-159","P6","lower","bnu-primary-p6-lower-cylinders-cones","圆柱与圆锥","short-answer","Core","169.56千克","169.56千克 | 169.56","pass","none","","","Passed structural gate; include in S18 pass-sample review."
"bnu-primary-ds-v2-p6-160","P6","lower","bnu-primary-p6-lower-cylinders-cones","圆柱与圆锥","multiple-choice","Foundation","直角三角形绕一条直角边旋转","直角三角形绕一条直角边旋转","pass","none","","","Passed structural gate; include in S18 pass-sample review."
"bnu-primary-ds-v2-p6-161","P6","lower","bnu-primary-p6-lower-cylinders-cones","圆柱与圆锥","fill-in","Core","7536","7536 | 7536平方厘米 | 7536 cm²","pass","none","","","Passed structural gate; include in S18 pass-sample review."
"bnu-primary-ds-v2-p6-162","P6","lower","bnu-primary-p6-lower-cylinders-cones","圆柱与圆锥","short-answer","Foundation","28","28 | 28吨 | 28 t","pass","none","","","Passed structural gate; include in S18 pass-sample review."
"bnu-primary-ds-v2-p6-163","P6","lower","bnu-primary-p6-lower-proportion","比例","multiple-choice","Core","0.5:2 和 1.5:6","0.5:2 和 1.5:6","pass","none","","","Passed structural gate; include in S18 pass-sample review."
"bnu-primary-ds-v2-p6-164","P6","lower","bnu-primary-p6-lower-proportion","比例","fill-in","Foundation","300","300 | 300千米 | 300 km","pass","none","","","Passed structural gate; include in S18 pass-sample review."
"bnu-primary-ds-v2-p6-165","P6","lower","bnu-primary-p6-lower-proportion","比例","short-answer","Core","300","300 | 300千克 | 300 kg","pass","none","","","Passed structural gate; include in S18 pass-sample review."
"bnu-primary-ds-v2-p6-166","P6","lower","bnu-primary-p6-lower-proportion","比例","multiple-choice","Foundation","12","12","pass","none","","","Passed structural gate; include in S18 pass-sample review."
"bnu-primary-ds-v2-p6-167","P6","lower","bnu-primary-p6-lower-proportion","比例","fill-in","Core","5:3","5:3 | 5比3","pass","none","","","Passed structural gate; include in S18 pass-sample review."
"bnu-primary-ds-v2-p6-168","P6","lower","bnu-primary-p6-lower-proportion","比例","short-answer","Foundation","30:1","30:1 | 30比1","pass","none","","","Passed structural gate; include in S18 pass-sample review."
"bnu-primary-ds-v2-p6-169","P6","lower","bnu-primary-p6-lower-proportion","比例","multiple-choice","Core","3:2","3:2","pass","none","","","Passed structural gate; include in S18 pass-sample review."
"bnu-primary-ds-v2-p6-170","P6","lower","bnu-primary-p6-lower-proportion","比例","fill-in","Foundation","9","9 | 9倍","pass","none","","","Passed structural gate; include in S18 pass-sample review."
"bnu-primary-ds-v2-p6-171","P6","lower","bnu-primary-p6-lower-proportion","比例","short-answer","Core","2","2 | 2小时","pass","none","","","Passed structural gate; include in S18 pass-sample review."
"bnu-primary-ds-v2-p6-172","P6","lower","bnu-primary-p6-lower-proportion","比例","multiple-choice","Foundation","4小时","4小时","pass","none","","","Passed structural gate; include in S18 pass-sample review."
"bnu-primary-ds-v2-p6-173","P6","lower","bnu-primary-p6-lower-proportion","比例","fill-in","Core","4","4 | 4小时","pass","none","","","Passed structural gate; include in S18 pass-sample review."
"bnu-primary-ds-v2-p6-174","P6","lower","bnu-primary-p6-lower-proportion","比例","short-answer","Foundation","4","4 | 4小时 | 4个小时","pass","none","","","Passed structural gate; include in S18 pass-sample review."
"bnu-primary-ds-v2-p6-175","P6","lower","bnu-primary-p6-lower-proportion","比例","multiple-choice","Core","4小时","4小时","pass","none","","","Passed structural gate; include in S18 pass-sample review."
"bnu-primary-ds-v2-p6-176","P6","lower","bnu-primary-p6-lower-proportion","比例","fill-in","Foundation","3","3 | 3小时 | 3个小时","pass","none","","","Passed structural gate; include in S18 pass-sample review."
"bnu-primary-ds-v2-p6-177","P6","lower","bnu-primary-p6-lower-proportion","比例","short-answer","Core","4","4 | 4小时","pass","none","","","Passed structural gate; include in S18 pass-sample review."
"bnu-primary-ds-v2-p6-178","P6","lower","bnu-primary-p6-lower-proportion","比例","multiple-choice","Foundation","140千米","140千米","pass","none","","","Passed structural gate; include in S18 pass-sample review."
"bnu-primary-ds-v2-p6-179","P6","lower","bnu-primary-p6-lower-proportion","比例","fill-in","Core","1:5000000","1:5000000 | 1：5000000","pass","none","","","Passed structural gate; include in S18 pass-sample review."
"bnu-primary-ds-v2-p6-180","P6","lower","bnu-primary-p6-lower-proportion","比例","short-answer","Foundation","2小时","2小时 | 2","pass","none","","","Passed structural gate; include in S18 pass-sample review."
"bnu-primary-ds-v2-p6-181","P6","lower","bnu-primary-p6-lower-geometric-motion","图形的运动","multiple-choice","Core","正西方向","正西方向","pass","none","","","Passed structural gate; include in S18 pass-sample review."
"bnu-primary-ds-v2-p6-182","P6","lower","bnu-primary-p6-lower-geometric-motion","图形的运动","fill-in","Foundation","不变","不变","pass","none","","","Passed structural gate; include in S18 pass-sample review."
"bnu-primary-ds-v2-p6-183","P6","lower","bnu-primary-p6-lower-geometric-motion","图形的运动","multiple-choice","Core","三角形的一个顶点","三角形的一个顶点","pass","none","","","Passed structural gate; include in S18 pass-sample review."
"bnu-primary-ds-v2-p6-184","P6","lower","bnu-primary-p6-lower-geometric-motion","图形的运动","fill-in","Foundation","90","90 | 90度","pass","none","","","Passed structural gate; include in S18 pass-sample review."
"bnu-primary-ds-v2-p6-185","P6","lower","bnu-primary-p6-lower-geometric-motion","图形的运动","multiple-choice","Core","圆","圆","pass","none","","","Passed structural gate; include in S18 pass-sample review."
"bnu-primary-ds-v2-p6-186","P6","lower","bnu-primary-p6-lower-geometric-motion","图形的运动","fill-in","Foundation","相同","相同","pass","none","","","Passed structural gate; include in S18 pass-sample review."
"bnu-primary-ds-v2-p6-187","P6","lower","bnu-primary-p6-lower-geometric-motion","图形的运动","multiple-choice","Core","圆柱","圆柱","pass","none","","","Passed structural gate; include in S18 pass-sample review."
"bnu-primary-ds-v2-p6-188","P6","lower","bnu-primary-p6-lower-geometric-motion","图形的运动","fill-in","Foundation","7,3","7,3 | (7,3) | 7，3","pass","none","","","Passed structural gate; include in S18 pass-sample review."
"bnu-primary-ds-v2-p6-189","P6","lower","bnu-primary-p6-lower-geometric-motion","图形的运动","multiple-choice","Core","电梯的上下移动","电梯的上下移动","pass","none","","","Passed structural gate; include in S18 pass-sample review."
"bnu-primary-ds-v2-p6-190","P6","lower","bnu-primary-p6-lower-geometric-motion","图形的运动","fill-in","Core","0,0","0,0 | (0,0) | 0，0","pass","none","","","Passed structural gate; include in S18 pass-sample review."
"bnu-primary-ds-v2-p6-191","P6","lower","bnu-primary-p6-lower-geometric-motion","图形的运动","multiple-choice","Core","(-1,3)","(-1,3)","pass","none","","","Passed structural gate; include in S18 pass-sample review."
"bnu-primary-ds-v2-p6-192","P6","lower","bnu-primary-p6-lower-geometric-motion","图形的运动","fill-in","Core","右,5,下,3","右,5,下,3","pass","none","","","Passed structural gate; include in S18 pass-sample review."
"bnu-primary-ds-v2-p6-193","P6","lower","bnu-primary-p6-lower-geometric-motion","图形的运动","multiple-choice","Core","钟摆的摆动","钟摆的摆动","pass","none","","","Passed structural gate; include in S18 pass-sample review."
"bnu-primary-ds-v2-p6-194","P6","lower","bnu-primary-p6-lower-geometric-motion","图形的运动","fill-in","Core","120","120","pass","none","","","Passed structural gate; include in S18 pass-sample review."
"bnu-primary-ds-v2-p6-195","P6","lower","bnu-primary-p6-lower-geometric-motion","图形的运动","multiple-choice","Core","图形的位置变了，但大小和形状不变","图形的位置变了，但大小和形状不变","pass","none","","","Passed structural gate; include in S18 pass-sample review."
"bnu-primary-ds-v2-p6-196","P6","lower","bnu-primary-p6-lower-geometric-motion","图形的运动","fill-in","Core","(5,-4)","(5,-4)","pass","none","","","Passed structural gate; include in S18 pass-sample review."
"bnu-primary-ds-v2-p6-197","P6","lower","bnu-primary-p6-lower-geometric-motion","图形的运动","multiple-choice","Core","平行四边形（非菱形）","平行四边形（非菱形）","pass","none","","","Passed structural gate; include in S18 pass-sample review."
"bnu-primary-ds-v2-p6-198","P6","lower","bnu-primary-p6-lower-geometric-motion","图形的运动","fill-in","Core","大小,形状","大小,形状 | 形状,大小","pass","none","","","Passed structural gate; include in S18 pass-sample review."
"bnu-primary-ds-v2-p6-199","P6","lower","bnu-primary-p6-lower-direct-inverse-proportion","正比例与反比例","multiple-choice","Core","速度一定，路程和时间","速度一定，路程和时间","pass","none","","","Passed structural gate; include in S18 pass-sample review."
"bnu-primary-ds-v2-p6-200","P6","lower","bnu-primary-p6-lower-direct-inverse-proportion","正比例与反比例","fill-in","Core","反,乘积","反,乘积 | 反,积","pass","none","","","Passed structural gate; include in S18 pass-sample review."
"bnu-primary-ds-v2-p6-201","P6","lower","bnu-primary-p6-lower-direct-inverse-proportion","正比例与反比例","multiple-choice","Core","路程和时间成正比例，因为路程与时间的比值一定","路程和时间成正比例，因为路程与时间的比值一定","pass","none","","","Passed structural gate; include in S18 pass-sample review."
"bnu-primary-ds-v2-p6-202","P6","lower","bnu-primary-p6-lower-direct-inverse-proportion","正比例与反比例","fill-in","Core","反比例；5小时","反比例；5小时 | 反比例；5 | 反比例 5小时 | 反比例 5","pass","none","","","Passed structural gate; include in S18 pass-sample review."
"bnu-primary-ds-v2-p6-203","P6","lower","bnu-primary-p6-lower-direct-inverse-proportion","正比例与反比例","multiple-choice","Core","路程和时间成正比例","路程和时间成正比例","pass","none","","","Passed structural gate; include in S18 pass-sample review."
"bnu-primary-ds-v2-p6-204","P6","lower","bnu-primary-p6-lower-direct-inverse-proportion","正比例与反比例","fill-in","Core","反比例","反比例","pass","none","","","Passed structural gate; include in S18 pass-sample review."
"bnu-primary-ds-v2-p6-205","P6","lower","bnu-primary-p6-lower-direct-inverse-proportion","正比例与反比例","multiple-choice","Core","总价与数量成正比例，因为总价与数量的比值一定","总价与数量成正比例，因为总价与数量的比值一定","pass","none","","","Passed structural gate; include in S18 pass-sample review."
"bnu-primary-ds-v2-p6-206","P6","lower","bnu-primary-p6-lower-direct-inverse-proportion","正比例与反比例","fill-in","Core","一定，90，正比例","一定，90，正比例 | 一定,90,正比例","pass","none","","","Passed structural gate; include in S18 pass-sample review."
"bnu-primary-ds-v2-p6-207","P6","lower","bnu-primary-p6-lower-direct-inverse-proportion","正比例与反比例","multiple-choice","Core","路程和时间成正比例，因为路程与时间的比值一定","路程和时间成正比例，因为路程与时间的比值一定","pass","none","","","Passed structural gate; include in S18 pass-sample review."
"bnu-primary-ds-v2-p6-208","P6","lower","bnu-primary-p6-lower-direct-inverse-proportion","正比例与反比例","fill-in","Core","一定，速度，比值，正","一定，速度，比值，正 | 一定，速度，比值，正比例 | 一定，速度，商，正 | 一定，速度，商，正比例","pass","none","","","Passed structural gate; include in S18 pass-sample review."
"bnu-primary-ds-v2-p6-209","P6","lower","bnu-primary-p6-lower-direct-inverse-proportion","正比例与反比例","multiple-choice","Core","不成比例","不成比例","pass","none","","","Passed structural gate; include in S18 pass-sample review."
"bnu-primary-ds-v2-p6-210","P6","lower","bnu-primary-p6-lower-direct-inverse-proportion","正比例与反比例","fill-in","Core","反比例","反比例 | 成反比例","pass","none","","","Passed structural gate; include in S18 pass-sample review."
"bnu-primary-ds-v2-p6-211","P6","lower","bnu-primary-p6-lower-direct-inverse-proportion","正比例与反比例","multiple-choice","Core","路程和时间成正比例，因为比值一定","路程和时间成正比例，因为比值一定","pass","none","","","Passed structural gate; include in S18 pass-sample review."
"bnu-primary-ds-v2-p6-212","P6","lower","bnu-primary-p6-lower-direct-inverse-proportion","正比例与反比例","fill-in","Core","反，乘积","反，乘积 | 反比例，乘积 | 反，积 | 反比例，积","pass","none","","","Passed structural gate; include in S18 pass-sample review."
"bnu-primary-ds-v2-p6-213","P6","lower","bnu-primary-p6-lower-direct-inverse-proportion","正比例与反比例","multiple-choice","Core","xy=24","xy=24","pass","none","","","Passed structural gate; include in S18 pass-sample review."
"bnu-primary-ds-v2-p6-214","P6","lower","bnu-primary-p6-lower-direct-inverse-proportion","正比例与反比例","fill-in","Core","反","反 | 反比例","pass","none","","","Passed structural gate; include in S18 pass-sample review."
"bnu-primary-ds-v2-p6-215","P6","lower","bnu-primary-p6-lower-direct-inverse-proportion","正比例与反比例","multiple-choice","Core","长方形的面积一定，它的长和宽","长方形的面积一定，它的长和宽","pass","none","","","Passed structural gate; include in S18 pass-sample review."
"bnu-primary-ds-v2-p6-216","P6","lower","bnu-primary-p6-lower-direct-inverse-proportion","正比例与反比例","fill-in","Core","18，12","18，12 | a=18，b=12 | a=18,b=12","pass","none","","","Passed structural gate; include in S18 pass-sample review."
"bnu-primary-ds-v2-p6-217","P6","lower","bnu-primary-p6-lower-math-play","数学好玩","multiple-choice","Core","0.5×20×24","0.5×20×24","pass","none","","","Passed structural gate; include in S18 pass-sample review."
"bnu-primary-ds-v2-p6-218","P6","lower","bnu-primary-p6-lower-math-play","数学好玩","fill-in","Core","16，3","16，3 | 16厘米，3厘米 | 16cm，3cm","pass","none","","","Passed structural gate; include in S18 pass-sample review."
"bnu-primary-ds-v2-p6-219","P6","lower","bnu-primary-p6-lower-math-play","数学好玩","multiple-choice","Core","2","2","pass","none","","","Passed structural gate; include in S18 pass-sample review."
"bnu-primary-ds-v2-p6-220","P6","lower","bnu-primary-p6-lower-math-play","数学好玩","fill-in","Core","条形，能清楚地表示各种肉类喜欢的人数","条形，能清楚地表示各种肉类喜欢的人数 | 条形统计图，能清楚地表示各种肉类喜欢的人数 | 条形，能清楚地表示数量 | 条形统计图，能清楚地表示数量","pass","none","","","Passed structural gate; include in S18 pass-sample review."
"bnu-primary-ds-v2-p6-221","P6","lower","bnu-primary-p6-lower-math-play","数学好玩","multiple-choice","Core","篱笆长度刚好够用","篱笆长度刚好够用","pass","none","","","Passed structural gate; include in S18 pass-sample review."
"bnu-primary-ds-v2-p6-222","P6","lower","bnu-primary-p6-lower-math-play","数学好玩","fill-in","Core","7段，还剩0.2米","7段，还剩0.2米","pass","none","","","Passed structural gate; include in S18 pass-sample review."
"bnu-primary-ds-v2-p6-223","P6","lower","bnu-primary-p6-lower-math-play","数学好玩","multiple-choice","Core","8米","8米","pass","none","","","Passed structural gate; include in S18 pass-sample review."
"bnu-primary-ds-v2-p6-224","P6","lower","bnu-primary-p6-lower-math-play","数学好玩","fill-in","Core","4厘米","4厘米","pass","none","","","Passed structural gate; include in S18 pass-sample review."
"bnu-primary-ds-v2-p6-225","P6","lower","bnu-primary-p6-lower-math-play","数学好玩","multiple-choice","Core","62.8平方分米","62.8平方分米","pass","none","","","Passed structural gate; include in S18 pass-sample review."
"bnu-primary-ds-v2-p6-226","P6","lower","bnu-primary-p6-lower-math-play","数学好玩","fill-in","Core","11吨","11吨","pass","none","","","Passed structural gate; include in S18 pass-sample review."
"bnu-primary-ds-v2-p6-227","P6","lower","bnu-primary-p6-lower-math-play","数学好玩","multiple-choice","Core","314平方米","314平方米","pass","none","","","Passed structural gate; include in S18 pass-sample review."
"bnu-primary-ds-v2-p6-228","P6","lower","bnu-primary-p6-lower-math-play","数学好玩","fill-in","Core","10厘米","10厘米","pass","none","","","Passed structural gate; include in S18 pass-sample review."
"bnu-primary-ds-v2-p6-229","P6","lower","bnu-primary-p6-lower-math-play","数学好玩","multiple-choice","Core","6立方分米","6立方分米","pass","none","","","Passed structural gate; include in S18 pass-sample review."
"bnu-primary-ds-v2-p6-230","P6","lower","bnu-primary-p6-lower-math-play","数学好玩","fill-in","Core","31.4厘米","31.4厘米","pass","none","","","Passed structural gate; include in S18 pass-sample review."
"bnu-primary-ds-v2-p6-231","P6","lower","bnu-primary-p6-lower-math-play","数学好玩","multiple-choice","Core","两种方案的总面积相等","两种方案的总面积相等","pass","none","","","Passed structural gate; include in S18 pass-sample review."
"bnu-primary-ds-v2-p6-232","P6","lower","bnu-primary-p6-lower-math-play","数学好玩","fill-in","Core","3/8","3/8","pass","none","","","Passed structural gate; include in S18 pass-sample review."
"bnu-primary-ds-v2-p6-233","P6","lower","bnu-primary-p6-lower-math-play","数学好玩","multiple-choice","Core","1+3+5+7+9+11","1+3+5+7+9+11","pass","none","","","Passed structural gate; include in S18 pass-sample review."
"bnu-primary-ds-v2-p6-234","P6","lower","bnu-primary-p6-lower-final-review","整理与总复习","fill-in","Core","62.8","62.8","pass","none","","","Passed structural gate; include in S18 pass-sample review."
"bnu-primary-ds-v2-p6-235","P6","lower","bnu-primary-p6-lower-final-review","整理与总复习","multiple-choice","Core","每袋大米的质量一定，大米的总质量和袋数","每袋大米的质量一定，大米的总质量和袋数","pass","none","","","Passed structural gate; include in S18 pass-sample review."
"bnu-primary-ds-v2-p6-236","P6","lower","bnu-primary-p6-lower-final-review","整理与总复习","fill-in","Core","4","4","pass","none","","","Passed structural gate; include in S18 pass-sample review."
"bnu-primary-ds-v2-p6-237","P6","lower","bnu-primary-p6-lower-final-review","整理与总复习","multiple-choice","Core","锐角三角形","锐角三角形","pass","none","","","Passed structural gate; include in S18 pass-sample review."
"bnu-primary-ds-v2-p6-238","P6","lower","bnu-primary-p6-lower-final-review","整理与总复习","fill-in","Core","125.6","125.6","pass","none","","","Passed structural gate; include in S18 pass-sample review."
"bnu-primary-ds-v2-p6-239","P6","lower","bnu-primary-p6-lower-final-review","整理与总复习","multiple-choice","Core","圆","圆","pass","none","","","Passed structural gate; include in S18 pass-sample review."
"bnu-primary-ds-v2-p6-240","P6","lower","bnu-primary-p6-lower-final-review","整理与总复习","fill-in","Core","11","11","pass","none","","","Passed structural gate; include in S18 pass-sample review."
"bnu-primary-ds-v2-p6-241","P6","lower","bnu-primary-p6-lower-final-review","整理与总复习","multiple-choice","Core","③","③","pass","none","","","Passed structural gate; include in S18 pass-sample review."
"bnu-primary-ds-v2-p6-242","P6","lower","bnu-primary-p6-lower-final-review","整理与总复习","multiple-choice","Core","3.14×2²×5","3.14×2²×5","pass","none","","","Passed structural gate; include in S18 pass-sample review."
"bnu-primary-ds-v2-p6-243","P6","lower","bnu-primary-p6-lower-final-review","整理与总复习","multiple-choice","Core","(15-8)÷8","(15-8)÷8","pass","none","","","Passed structural gate; include in S18 pass-sample review."
"bnu-primary-ds-v2-p6-244","P6","lower","bnu-primary-p6-lower-final-review","整理与总复习","multiple-choice","Core","锐角三角形","锐角三角形","pass","none","","","Passed structural gate; include in S18 pass-sample review."
"bnu-primary-ds-v2-p6-245","P6","lower","bnu-primary-p6-lower-final-review","整理与总复习","multiple-choice","Core","圆的周长和它的半径成正比例。","圆的周长和它的半径成正比例。","pass","none","","","Passed structural gate; include in S18 pass-sample review."
"bnu-primary-ds-v2-p6-246","P6","lower","bnu-primary-p6-lower-final-review","整理与总复习","multiple-choice","Core","1/3×3.14×(12.56÷3.14÷2)²×1.5","1/3×3.14×(12.56÷3.14÷2)²×1.5","pass","none","","","Passed structural gate; include in S18 pass-sample review."
"bnu-primary-ds-v2-p6-247","P6","lower","bnu-primary-p6-lower-final-review","整理与总复习","multiple-choice","Core","3x+5=20","3x+5=20","pass","none","","","Passed structural gate; include in S18 pass-sample review."
"bnu-primary-ds-v2-p6-248","P6","lower","bnu-primary-p6-lower-final-review","整理与总复习","multiple-choice","Core","没有众数","没有众数","pass","none","","","Passed structural gate; include in S18 pass-sample review."
"bnu-primary-ds-v2-p6-249","P6","lower","bnu-primary-p6-lower-final-review","整理与总复习","multiple-choice","Core","2倍","2倍","pass","none","","","Passed structural gate; include in S18 pass-sample review."
"bnu-primary-ds-v2-p6-250","P6","lower","bnu-primary-p6-lower-final-review","整理与总复习","multiple-choice","Core","6×6×6×3÷36","6×6×6×3÷36","pass","none","","","Passed structural gate; include in S18 pass-sample review."
