questionId,grade,volume,unitTitle,questionType,difficulty,needTier,needLevel,priority,visualCategory,family,illustrationKind,needsDeterministicOverlay,assetStatus,imagePath,reason,promptZhHans,imageBriefZhHans
hjb-primary-ds-v1-p1-001,P1,一年级上册,我是小学生与数学学习习惯,multiple-choice,Foundation,A_required,core,P1,counting_manipulatives,counting-manipulatives,counters,true,not-generated,candidates/hjb-primary-ds-v1-p1-001.png,题干或单元含显性看图/操作/空间方位/图表线索；没有插图会明显影响低龄学生理解题意、还原对象数量或完成空间/图表判断。,数学课上，老师说：“请每个小朋友从盒子里拿出5颗糖果，然后数一数，告诉同桌你拿了几颗。”下面哪个做法是正确的？,用糖果、积木、圆片、小棒等课堂操作物表现数量、比较、合并或分组，画面简洁，便于后续叠加精确数量或标注。
hjb-primary-ds-v1-p1-006,P1,一年级上册,我是小学生与数学学习习惯,short-answer,Core,A_required,core,P1,counting_manipulatives,counting-manipulatives,counters,true,not-generated,candidates/hjb-primary-ds-v1-p1-006.png,题干或单元含显性看图/操作/空间方位/图表线索；没有插图会明显影响低龄学生理解题意、还原对象数量或完成空间/图表判断。,老师让小朋友说一说自己书包里有什么数学有关的东西。小明说：“我的书包里有3本数学书。”小红说：“我的书包里有一个圆形的笔筒。”小华说：“我的书包里有很多铅笔。”谁说的话里既有数字又有形状？请写出这个小朋友的名字。,用糖果、积木、圆片、小棒等课堂操作物表现数量、比较、合并或分组，画面简洁，便于后续叠加精确数量或标注。
hjb-primary-ds-v1-p1-007,P1,一年级上册,我是小学生与数学学习习惯,multiple-choice,Challenge,A_required,core,P1,counting_manipulatives,counting-manipulatives,counters,true,not-generated,candidates/hjb-primary-ds-v1-p1-007.png,题干或单元含显性看图/操作/空间方位/图表线索；没有插图会明显影响低龄学生理解题意、还原对象数量或完成空间/图表判断。,数学课上，老师拍手，小朋友要仔细听，然后说出老师拍了几下。下面哪个做法最好？,用糖果、积木、圆片、小棒等课堂操作物表现数量、比较、合并或分组，画面简洁，便于后续叠加精确数量或标注。
hjb-primary-ds-v1-p1-013,P1,一年级上册,我是小学生与数学学习习惯,multiple-choice,Foundation,A_required,core,P1,counting_manipulatives,counting-manipulatives,counters,true,not-generated,candidates/hjb-primary-ds-v1-p1-013.png,题干或单元含显性看图/操作/空间方位/图表线索；没有插图会明显影响低龄学生理解题意、还原对象数量或完成空间/图表判断。,数学课上，老师请小红说说她看到的铅笔。小红说：“我看到3支红铅笔和2支蓝铅笔，合起来是5支铅笔。”老师又请小明说说他听到的。下面哪个小朋友的做法最好？,用糖果、积木、圆片、小棒等课堂操作物表现数量、比较、合并或分组，画面简洁，便于后续叠加精确数量或标注。
hjb-primary-ds-v1-p1-016,P1,一年级上册,我是小学生与数学学习习惯,multiple-choice,Exam,A_required,core,P1,counting_manipulatives,counting-manipulatives,counters,true,not-generated,candidates/hjb-primary-ds-v1-p1-016.png,题干或单元含显性看图/操作/空间方位/图表线索；没有插图会明显影响低龄学生理解题意、还原对象数量或完成空间/图表判断。,在数学课上，老师要求小朋友先和同桌说一说，再举手回答。老师问：“教室里有3个红气球和2个蓝气球，红气球比蓝气球多几个？”下面哪个做法既符合老师要求，又回答正确？,用糖果、积木、圆片、小棒等课堂操作物表现数量、比较、合并或分组，画面简洁，便于后续叠加精确数量或标注。
hjb-primary-ds-v1-p1-018,P1,一年级上册,我是小学生与数学学习习惯,short-answer,Core,A_required,core,P1,counting_manipulatives,counting-manipulatives,counters,true,not-generated,candidates/hjb-primary-ds-v1-p1-018.png,题干或单元含显性看图/操作/空间方位/图表线索；没有插图会明显影响低龄学生理解题意、还原对象数量或完成空间/图表判断。,小明在数学课上观察自己的文具盒，他说：“我的文具盒里有4支铅笔和2块橡皮。”请你帮小明想一想，他还可以怎样用数学的话说一说文具盒里的东西？,用糖果、积木、圆片、小棒等课堂操作物表现数量、比较、合并或分组，画面简洁，便于后续叠加精确数量或标注。
hjb-primary-ds-v1-p1-020,P1,一年级上册,我是小学生与数学学习习惯,fill-in,Exam,A_required,core,P1,counting_manipulatives,counting-manipulatives,counters,true,not-generated,candidates/hjb-primary-ds-v1-p1-020.png,题干或单元含显性看图/操作/空间方位/图表线索；没有插图会明显影响低龄学生理解题意、还原对象数量或完成空间/图表判断。,在数学活动“我说你摆”中，老师对小明说：“请你在桌上摆出5个圆片，然后拿走2个。”小明应该怎样做？请用数字和动作写下来。,用糖果、积木、圆片、小棒等课堂操作物表现数量、比较、合并或分组，画面简洁，便于后续叠加精确数量或标注。
hjb-primary-ds-v1-p1-081,P1,一年级上册,20以内的数与不进位不退位加减,short-answer,Core,A_required,core,P1,counting_manipulatives,counting-manipulatives,counters,true,not-generated,candidates/hjb-primary-ds-v1-p1-081.png,题干或单元含显性看图/操作/空间方位/图表线索；没有插图会明显影响低龄学生理解题意、还原对象数量或完成空间/图表判断。,小乐有1捆小棒（10根）和6根零散小棒，他一共有多少根小棒？,用糖果、积木、圆片、小棒等课堂操作物表现数量、比较、合并或分组，画面简洁，便于后续叠加精确数量或标注。
hjb-primary-ds-v1-p1-106,P1,一年级上册,一年级上册整理与复习,multiple-choice,Foundation,A_required,core,P1,counting_manipulatives,counting-manipulatives,counters,true,not-generated,candidates/hjb-primary-ds-v1-p1-106.png,题干或单元含显性看图/操作/空间方位/图表线索；没有插图会明显影响低龄学生理解题意、还原对象数量或完成空间/图表判断。,下面哪一项是“数一数，再比多少”的任务？,用糖果、积木、圆片、小棒等课堂操作物表现数量、比较、合并或分组，画面简洁，便于后续叠加精确数量或标注。
hjb-primary-ds-v1-p1-141,P1,一年级下册,100以内的数,short-answer,Core,A_required,core,P1,counting_manipulatives,counting-manipulatives,counters,true,not-generated,candidates/hjb-primary-ds-v1-p1-141.png,题干或单元含显性看图/操作/空间方位/图表线索；没有插图会明显影响低龄学生理解题意、还原对象数量或完成空间/图表判断。,小丽用小棒表示数。她摆了6捆小棒（每捆10根）和3根单独的小棒。她表示的数是多少？,用糖果、积木、圆片、小棒等课堂操作物表现数量、比较、合并或分组，画面简洁，便于后续叠加精确数量或标注。
hjb-primary-ds-v1-p1-146,P1,一年级下册,100以内的数,fill-in,Foundation,A_required,core,P1,counting_manipulatives,counting-manipulatives,counters,true,not-generated,candidates/hjb-primary-ds-v1-p1-146.png,题干或单元含显性看图/操作/空间方位/图表线索；没有插图会明显影响低龄学生理解题意、还原对象数量或完成空间/图表判断。,小丽用小棒摆数：每10根捆成一捆，她摆了5捆和3根。这个数写作______。,用糖果、积木、圆片、小棒等课堂操作物表现数量、比较、合并或分组，画面简洁，便于后续叠加精确数量或标注。
hjb-primary-ds-v1-p1-151,P1,一年级下册,100以内的数,multiple-choice,Core,A_required,core,P1,counting_manipulatives,counting-manipulatives,counters,true,not-generated,candidates/hjb-primary-ds-v1-p1-151.png,题干或单元含显性看图/操作/空间方位/图表线索；没有插图会明显影响低龄学生理解题意、还原对象数量或完成空间/图表判断。,小乐用一捆一捆的小棒表示数。他摆了3捆和5根散的小棒，这个数是多少？,用糖果、积木、圆片、小棒等课堂操作物表现数量、比较、合并或分组，画面简洁，便于后续叠加精确数量或标注。
hjb-primary-ds-v1-p1-194,P1,一年级下册,长度的比较与测量,fill-in,Foundation,A_required,core,P1,counting_manipulatives,counting-manipulatives,counters,true,not-generated,candidates/hjb-primary-ds-v1-p1-194.png,题干或单元含显性看图/操作/空间方位/图表线索；没有插图会明显影响低龄学生理解题意、还原对象数量或完成空间/图表判断。,用铅笔测量课桌的长度，铅笔的一端对齐课桌的左端，另一端指向第8支铅笔的末尾。课桌的长度相当于____支铅笔的长度。,用糖果、积木、圆片、小棒等课堂操作物表现数量、比较、合并或分组，画面简洁，便于后续叠加精确数量或标注。
hjb-primary-ds-v1-p1-196,P1,一年级下册,长度的比较与测量,fill-in,Foundation,A_required,core,P1,counting_manipulatives,counting-manipulatives,counters,true,not-generated,candidates/hjb-primary-ds-v1-p1-196.png,题干或单元含显性看图/操作/空间方位/图表线索；没有插图会明显影响低龄学生理解题意、还原对象数量或完成空间/图表判断。,小华用回形针测量铅笔的长度，用了8个回形针。小明用同样的回形针测量同一支铅笔，但他没有把回形针的一端和铅笔的一端对齐，结果用了9个回形针。谁测出的铅笔长度更准确？为什么？,用糖果、积木、圆片、小棒等课堂操作物表现数量、比较、合并或分组，画面简洁，便于后续叠加精确数量或标注。
hjb-primary-ds-v1-p1-201,P1,一年级下册,长度的比较与测量,multiple-choice,Foundation,A_required,core,P1,counting_manipulatives,counting-manipulatives,counters,true,not-generated,candidates/hjb-primary-ds-v1-p1-201.png,题干或单元含显性看图/操作/空间方位/图表线索；没有插图会明显影响低龄学生理解题意、还原对象数量或完成空间/图表判断。,小华用回形针测量铅笔的长度，他把铅笔的一端对齐回形针的一端，数出铅笔的长度是8个回形针。小丽用同样的回形针测量同一支铅笔，但她没有对齐起点，结果数出铅笔的长度是9个回形针。谁测出的铅笔长度更准确？,用糖果、积木、圆片、小棒等课堂操作物表现数量、比较、合并或分组，画面简洁，便于后续叠加精确数量或标注。
hjb-primary-ds-v1-p1-203,P1,一年级下册,长度的比较与测量,multiple-choice,Foundation,A_required,core,P1,counting_manipulatives,counting-manipulatives,counters,true,not-generated,candidates/hjb-primary-ds-v1-p1-203.png,题干或单元含显性看图/操作/空间方位/图表线索；没有插图会明显影响低龄学生理解题意、还原对象数量或完成空间/图表判断。,小明用铅笔测量课桌的长度，测得课桌大约有5支铅笔长。小刚用橡皮测量同一张课桌，测得课桌大约有20块橡皮长。为什么两人得到的数据不同？,用糖果、积木、圆片、小棒等课堂操作物表现数量、比较、合并或分组，画面简洁，便于后续叠加精确数量或标注。
hjb-primary-ds-v1-p1-206,P1,一年级下册,长度的比较与测量,fill-in,Foundation,A_required,core,P1,counting_manipulatives,counting-manipulatives,counters,true,not-generated,candidates/hjb-primary-ds-v1-p1-206.png,题干或单元含显性看图/操作/空间方位/图表线索；没有插图会明显影响低龄学生理解题意、还原对象数量或完成空间/图表判断。,小明用回形针测量铅笔的长度。他把回形针一个接一个排好，从铅笔的一端开始，到另一端结束，一共用了8个回形针。小红用同样的回形针测量同一支铅笔，但她没有把回形针对齐铅笔的一端，而是从铅笔的中间开始排，排了5个回形针就到铅笔的另一端了。小红说铅笔的长度是5个回形针。她的测量方法正确吗？铅笔的长度应该是几个回形针？,用糖果、积木、圆片、小棒等课堂操作物表现数量、比较、合并或分组，画面简洁，便于后续叠加精确数量或标注。
hjb-primary-ds-v1-p1-207,P1,一年级下册,长度的比较与测量,multiple-choice,Foundation,A_required,core,P1,counting_manipulatives,counting-manipulatives,counters,true,not-generated,candidates/hjb-primary-ds-v1-p1-207.png,题干或单元含显性看图/操作/空间方位/图表线索；没有插图会明显影响低龄学生理解题意、还原对象数量或完成空间/图表判断。,下面哪种比较铅笔长短的方法是正确的？,用糖果、积木、圆片、小棒等课堂操作物表现数量、比较、合并或分组，画面简洁，便于后续叠加精确数量或标注。
hjb-primary-ds-v1-p1-208,P1,一年级下册,长度的比较与测量,fill-in,Foundation,A_required,core,P1,counting_manipulatives,counting-manipulatives,counters,true,not-generated,candidates/hjb-primary-ds-v1-p1-208.png,题干或单元含显性看图/操作/空间方位/图表线索；没有插图会明显影响低龄学生理解题意、还原对象数量或完成空间/图表判断。,小丽用同样长的小棒测量课桌的长度，她一根接一根地摆，正好摆了6根小棒。小刚用同样的小棒测量同一张课桌，但他摆的时候小棒之间有空隙，摆了7根小棒。谁测出的课桌长度更准确？课桌的长度应该是几根小棒？,用糖果、积木、圆片、小棒等课堂操作物表现数量、比较、合并或分组，画面简洁，便于后续叠加精确数量或标注。
hjb-primary-ds-v1-p1-211,P1,一年级下册,长度的比较与测量,multiple-choice,Foundation,A_required,core,P1,counting_manipulatives,counting-manipulatives,counters,true,not-generated,candidates/hjb-primary-ds-v1-p1-211.png,题干或单元含显性看图/操作/空间方位/图表线索；没有插图会明显影响低龄学生理解题意、还原对象数量或完成空间/图表判断。,小丁和小方想比一比谁的铅笔更长。小丁的铅笔放在桌面上，小方的铅笔也放在桌面上，但两支铅笔的笔尖没有对齐。下面哪种做法能公平地比较出哪支铅笔更长？,用糖果、积木、圆片、小棒等课堂操作物表现数量、比较、合并或分组，画面简洁，便于后续叠加精确数量或标注。
hjb-primary-ds-v1-p2-004,P2,二年级上册,100以内数的加减法（二）,multiple-choice,Exam,A_required,core,P1,counting_manipulatives,counting-manipulatives,counters,true,not-generated,candidates/hjb-primary-ds-v1-p2-004.png,题干或单元含显性看图/操作/空间方位/图表线索；没有插图会明显影响低龄学生理解题意、还原对象数量或完成空间/图表判断。,下面哪一道题用“原来有 50 个苹果，吃掉一些后还剩 26 个，吃掉了多少个？”的数量关系？,用糖果、积木、圆片、小棒等课堂操作物表现数量、比较、合并或分组，画面简洁，便于后续叠加精确数量或标注。
hjb-primary-ds-v1-p2-073,P2,二年级上册,表内乘法,multiple-choice,Challenge,A_required,core,P1,counting_manipulatives,counting-manipulatives,counters,true,not-generated,candidates/hjb-primary-ds-v1-p2-073.png,题干或单元含显性看图/操作/空间方位/图表线索；没有插图会明显影响低龄学生理解题意、还原对象数量或完成空间/图表判断。,下面哪个问题不能用乘法解决？ A. 每排有8棵树，有4排，一共有多少棵树？ B. 小红有3个苹果，小蓝有5个苹果，两人一共有几个苹果？ C. 一盒巧克力有6块，买7盒一共有多少块？ D. 教室里有5行桌子，每行有5张，一共有多少张桌子？,用糖果、积木、圆片、小棒等课堂操作物表现数量、比较、合并或分组，画面简洁，便于后续叠加精确数量或标注。
hjb-primary-ds-v1-p2-076,P2,二年级上册,表内乘法,multiple-choice,Challenge,A_required,core,P1,counting_manipulatives,counting-manipulatives,counters,true,not-generated,candidates/hjb-primary-ds-v1-p2-076.png,题干或单元含显性看图/操作/空间方位/图表线索；没有插图会明显影响低龄学生理解题意、还原对象数量或完成空间/图表判断。,小华有4个盒子，每个盒子里都放着同样多的铅笔。他数了数，一共有28支铅笔。下面哪个算式可以正确表示铅笔的总数？,用糖果、积木、圆片、小棒等课堂操作物表现数量、比较、合并或分组，画面简洁，便于后续叠加精确数量或标注。
hjb-primary-ds-v1-p2-086,P2,二年级上册,表内乘法,fill-in,Foundation,A_required,core,P1,counting_manipulatives,counting-manipulatives,counters,true,not-generated,candidates/hjb-primary-ds-v1-p2-086.png,题干或单元含显性看图/操作/空间方位/图表线索；没有插图会明显影响低龄学生理解题意、还原对象数量或完成空间/图表判断。,看图填空：每盘有（ ）个苹果，有（ ）盘，一共有（ ）个苹果。乘法算式：___×___=___，口诀：______。 （文字描述：桌上有3个盘子，每个盘子里放5个苹果。）,用糖果、积木、圆片、小棒等课堂操作物表现数量、比较、合并或分组，画面简洁，便于后续叠加精确数量或标注。
hjb-primary-ds-v1-p2-088,P2,二年级上册,表内乘法,multiple-choice,Challenge,A_required,core,P1,counting_manipulatives,counting-manipulatives,counters,true,not-generated,candidates/hjb-primary-ds-v1-p2-088.png,题干或单元含显性看图/操作/空间方位/图表线索；没有插图会明显影响低龄学生理解题意、还原对象数量或完成空间/图表判断。,下面哪个问题不能用乘法解决？ A. 小明有3盒铅笔，每盒5支，一共有多少支？ B. 教室里有4排桌子，每排6张，一共有多少张？ C. 小红有2个苹果，小蓝有3个苹果，一共有多少个苹果？ D. 一本故事书每天看7页，看了5天，一共看了多少页？,用糖果、积木、圆片、小棒等课堂操作物表现数量、比较、合并或分组，画面简洁，便于后续叠加精确数量或标注。
hjb-primary-ds-v1-p2-094,P2,二年级上册,分类与整理,multiple-choice,Challenge,A_required,core,P1,counting_manipulatives,counting-manipulatives,counters,true,not-generated,candidates/hjb-primary-ds-v1-p2-094.png,题干或单元含显性看图/操作/空间方位/图表线索；没有插图会明显影响低龄学生理解题意、还原对象数量或完成空间/图表判断。,下面哪种分类标准是正确的？一组物品：铅笔、橡皮、尺子、苹果、香蕉、橘子。,用糖果、积木、圆片、小棒等课堂操作物表现数量、比较、合并或分组，画面简洁，便于后续叠加精确数量或标注。
hjb-primary-ds-v1-p2-097,P2,二年级上册,分类与整理,multiple-choice,Challenge,A_required,core,P1,counting_manipulatives,counting-manipulatives,counters,true,not-generated,candidates/hjb-primary-ds-v1-p2-097.png,题干或单元含显性看图/操作/空间方位/图表线索；没有插图会明显影响低龄学生理解题意、还原对象数量或完成空间/图表判断。,老师让同学们把下面的动物卡片分成两组。卡片有：金鱼、燕子、蝴蝶、鲨鱼、老鹰、海豚。下面哪种分法是正确的？,用糖果、积木、圆片、小棒等课堂操作物表现数量、比较、合并或分组，画面简洁，便于后续叠加精确数量或标注。
hjb-primary-ds-v1-p2-103,P2,二年级上册,分类与整理,multiple-choice,Core,A_required,core,P1,counting_manipulatives,counting-manipulatives,counters,true,not-generated,candidates/hjb-primary-ds-v1-p2-103.png,题干或单元含显性看图/操作/空间方位/图表线索；没有插图会明显影响低龄学生理解题意、还原对象数量或完成空间/图表判断。,下面哪种分法是把同一堆玩具按形状分类？玩具包括：3个红色圆形积木，2个蓝色方形积木，4个红色方形积木，1个蓝色圆形积木。,用糖果、积木、圆片、小棒等课堂操作物表现数量、比较、合并或分组，画面简洁，便于后续叠加精确数量或标注。
hjb-primary-ds-v1-p2-110,P2,二年级上册,分类与整理,fill-in,Foundation,A_required,core,P1,counting_manipulatives,counting-manipulatives,counters,true,not-generated,candidates/hjb-primary-ds-v1-p2-110.png,题干或单元含显性看图/操作/空间方位/图表线索；没有插图会明显影响低龄学生理解题意、还原对象数量或完成空间/图表判断。,把下面的数字卡片按单数和双数分成两类。卡片：7、12、9、20、15、8。单数：______，双数：______。,用糖果、积木、圆片、小棒等课堂操作物表现数量、比较、合并或分组，画面简洁，便于后续叠加精确数量或标注。
hjb-primary-ds-v1-p2-113,P2,二年级上册,分类与整理,fill-in,Core,A_required,core,P1,counting_manipulatives,counting-manipulatives,counters,true,not-generated,candidates/hjb-primary-ds-v1-p2-113.png,题干或单元含显性看图/操作/空间方位/图表线索；没有插图会明显影响低龄学生理解题意、还原对象数量或完成空间/图表判断。,二（1）班同学最喜欢吃的水果情况如下：苹果有12人，香蕉有8人，草莓有15人，橘子有5人。 （1）按照水果的种类分一分，数一数，填在下面的表格中。 水果种类 | 苹果 | 香蕉 | 草莓 | 橘子 人数 | | | | （2）最喜欢吃（ ）的人数最多，最喜欢吃（ ）的人数最少。 （3）最喜欢吃草莓的比最喜欢吃香蕉的多（ ）人。,用糖果、积木、圆片、小棒等课堂操作物表现数量、比较、合并或分组，画面简洁，便于后续叠加精确数量或标注。
hjb-primary-ds-v1-p2-139,P2,二年级下册,表内除法,multiple-choice,Core,A_required,core,P1,counting_manipulatives,counting-manipulatives,counters,true,not-generated,candidates/hjb-primary-ds-v1-p2-139.png,题干或单元含显性看图/操作/空间方位/图表线索；没有插图会明显影响低龄学生理解题意、还原对象数量或完成空间/图表判断。,老师把24支铅笔平均分给6个小朋友，每个小朋友分到几支？下面哪个算式是正确的？,用糖果、积木、圆片、小棒等课堂操作物表现数量、比较、合并或分组，画面简洁，便于后续叠加精确数量或标注。
hjb-primary-ds-v1-p2-142,P2,二年级下册,表内除法,multiple-choice,Foundation,A_required,core,P1,counting_manipulatives,counting-manipulatives,counters,true,not-generated,candidates/hjb-primary-ds-v1-p2-142.png,题干或单元含显性看图/操作/空间方位/图表线索；没有插图会明显影响低龄学生理解题意、还原对象数量或完成空间/图表判断。,有18支铅笔，每3支装一盒，可以装几盒？下面哪个算式是正确的？,用糖果、积木、圆片、小棒等课堂操作物表现数量、比较、合并或分组，画面简洁，便于后续叠加精确数量或标注。
hjb-primary-ds-v1-p2-157,P2,二年级下册,表内除法,multiple-choice,Core,A_required,core,P1,counting_manipulatives,counting-manipulatives,counters,true,not-generated,candidates/hjb-primary-ds-v1-p2-157.png,题干或单元含显性看图/操作/空间方位/图表线索；没有插图会明显影响低龄学生理解题意、还原对象数量或完成空间/图表判断。,有24支铅笔，每6支装一盒，可以装几盒？下面哪个算式是正确的？,用糖果、积木、圆片、小棒等课堂操作物表现数量、比较、合并或分组，画面简洁，便于后续叠加精确数量或标注。
hjb-primary-ds-v1-p2-185,P2,二年级下册,万以内的数,multiple-choice,Core,A_required,core,P1,counting_manipulatives,counting-manipulatives,counters,true,not-generated,candidates/hjb-primary-ds-v1-p2-185.png,题干或单元含显性看图/操作/空间方位/图表线索；没有插图会明显影响低龄学生理解题意、还原对象数量或完成空间/图表判断。,用数字卡片3、0、5、8摆出四位数，下面哪个数读作“三千零五十八”？,用糖果、积木、圆片、小棒等课堂操作物表现数量、比较、合并或分组，画面简洁，便于后续叠加精确数量或标注。
hjb-primary-ds-v1-p2-188,P2,二年级下册,万以内的数,fill-in,Foundation,A_required,core,P1,counting_manipulatives,counting-manipulatives,counters,true,not-generated,candidates/hjb-primary-ds-v1-p2-188.png,题干或单元含显性看图/操作/空间方位/图表线索；没有插图会明显影响低龄学生理解题意、还原对象数量或完成空间/图表判断。,用数字卡片4、0、7、2摆出一个最大的四位数是______，摆出一个最小的四位数是______。（每个数字只能用一次）,用糖果、积木、圆片、小棒等课堂操作物表现数量、比较、合并或分组，画面简洁，便于后续叠加精确数量或标注。
hjb-primary-ds-v1-p2-192,P2,二年级下册,万以内的数,fill-in,Foundation,A_required,core,P1,counting_manipulatives,counting-manipulatives,counters,true,not-generated,candidates/hjb-primary-ds-v1-p2-192.png,题干或单元含显性看图/操作/空间方位/图表线索；没有插图会明显影响低龄学生理解题意、还原对象数量或完成空间/图表判断。,用数字卡片3、0、5、8摆出一个最大的四位数，这个数是______。,用糖果、积木、圆片、小棒等课堂操作物表现数量、比较、合并或分组，画面简洁，便于后续叠加精确数量或标注。
hjb-primary-ds-v1-p2-198,P2,二年级下册,万以内的数,fill-in,Foundation,A_required,core,P1,counting_manipulatives,counting-manipulatives,counters,true,not-generated,candidates/hjb-primary-ds-v1-p2-198.png,题干或单元含显性看图/操作/空间方位/图表线索；没有插图会明显影响低龄学生理解题意、还原对象数量或完成空间/图表判断。,用数字卡片4、0、7、2摆出一个最大的四位数，这个数是______。,用糖果、积木、圆片、小棒等课堂操作物表现数量、比较、合并或分组，画面简洁，便于后续叠加精确数量或标注。
hjb-primary-ds-v1-p2-201,P2,二年级下册,万以内的数,multiple-choice,Core,A_required,core,P1,counting_manipulatives,counting-manipulatives,counters,true,not-generated,candidates/hjb-primary-ds-v1-p2-201.png,题干或单元含显性看图/操作/空间方位/图表线索；没有插图会明显影响低龄学生理解题意、还原对象数量或完成空间/图表判断。,用数字卡片 3、0、5、8 摆出一个四位数，要求这个数只读一个零，并且千位上的数字比百位上的数字小。这个数是多少？,用糖果、积木、圆片、小棒等课堂操作物表现数量、比较、合并或分组，画面简洁，便于后续叠加精确数量或标注。
hjb-primary-ds-v1-p2-207,P2,二年级下册,两位数与三位数的加减法,multiple-choice,Core,A_required,core,P1,counting_manipulatives,counting-manipulatives,counters,true,not-generated,candidates/hjb-primary-ds-v1-p2-207.png,题干或单元含显性看图/操作/空间方位/图表线索；没有插图会明显影响低龄学生理解题意、还原对象数量或完成空间/图表判断。,小乐有256张卡片，小美有189张卡片。小乐比小美多多少张卡片？下面哪个算式和结果都正确？,用糖果、积木、圆片、小棒等课堂操作物表现数量、比较、合并或分组，画面简洁，便于后续叠加精确数量或标注。
hjb-primary-ds-v1-p2-209,P2,二年级下册,两位数与三位数的加减法,multiple-choice,Core,A_required,core,P1,counting_manipulatives,counting-manipulatives,counters,true,not-generated,candidates/hjb-primary-ds-v1-p2-209.png,题干或单元含显性看图/操作/空间方位/图表线索；没有插图会明显影响低龄学生理解题意、还原对象数量或完成空间/图表判断。,果园里有苹果树345棵，梨树比苹果树少168棵。梨树有多少棵？下面哪个算式和结果都正确？,用糖果、积木、圆片、小棒等课堂操作物表现数量、比较、合并或分组，画面简洁，便于后续叠加精确数量或标注。
hjb-primary-ds-v1-p2-227,P2,二年级下册,两位数与三位数的加减法,multiple-choice,Core,A_required,core,P1,counting_manipulatives,counting-manipulatives,counters,true,not-generated,candidates/hjb-primary-ds-v1-p2-227.png,题干或单元含显性看图/操作/空间方位/图表线索；没有插图会明显影响低龄学生理解题意、还原对象数量或完成空间/图表判断。,小丁有 268 张卡片，小亚有 195 张卡片，小丁比小亚多多少张卡片？下面哪个算式和结果都正确？,用糖果、积木、圆片、小棒等课堂操作物表现数量、比较、合并或分组，画面简洁，便于后续叠加精确数量或标注。
hjb-primary-ds-v1-p3-031,P3,三年级上册（老课本暂用）,乘与除,multiple-choice,Challenge,A_required,core,P1,counting_manipulatives,counting-manipulatives,counters,true,not-generated,candidates/hjb-primary-ds-v1-p3-031.png,题干或单元含显性看图/操作/空间方位/图表线索；没有插图会明显影响低龄学生理解题意、还原对象数量或完成空间/图表判断。,小雅有 45 张贴纸，每 6 张贴成一行。她贴了完整的行后，剩下的贴纸不够贴满一行。下面哪句话是正确的？,用糖果、积木、圆片、小棒等课堂操作物表现数量、比较、合并或分组，画面简洁，便于后续叠加精确数量或标注。
hjb-primary-ds-v1-p3-035,P3,三年级上册（老课本暂用）,乘与除,fill-in,Challenge,A_required,core,P1,counting_manipulatives,counting-manipulatives,counters,true,not-generated,candidates/hjb-primary-ds-v1-p3-035.png,题干或单元含显性看图/操作/空间方位/图表线索；没有插图会明显影响低龄学生理解题意、还原对象数量或完成空间/图表判断。,用一堆小棒摆三角形，每个三角形用 3 根小棒。摆完后小棒没有剩余。如果改用这些小棒摆正方形，每个正方形用 4 根，摆完后也没有剩余。这堆小棒最少有多少根？,用糖果、积木、圆片、小棒等课堂操作物表现数量、比较、合并或分组，画面简洁，便于后续叠加精确数量或标注。
hjb-primary-ds-v1-p3-097,P3,三年级上册（老课本暂用）,长方形与正方形,multiple-choice,Core,A_required,core,P1,counting_manipulatives,counting-manipulatives,counters,true,not-generated,candidates/hjb-primary-ds-v1-p3-097.png,题干或单元含显性看图/操作/空间方位/图表线索；没有插图会明显影响低龄学生理解题意、还原对象数量或完成空间/图表判断。,下面哪个图形的周长最长？四个图形都是用同样长的小棒拼成的：A. 一个长方形，长边用4根小棒，短边用2根小棒；B. 一个正方形，每边用3根小棒；C. 一个长方形，长边用5根小棒，短边用1根小棒；D. 一个正方形，每边用4根小棒。,用糖果、积木、圆片、小棒等课堂操作物表现数量、比较、合并或分组，画面简洁，便于后续叠加精确数量或标注。
hjb-primary-ds-v1-p3-118,P3,三年级上册（老课本暂用）,三年级上册数学广场与整理复习,multiple-choice,Core,A_required,core,P1,counting_manipulatives,counting-manipulatives,counters,true,not-generated,candidates/hjb-primary-ds-v1-p3-118.png,题干或单元含显性看图/操作/空间方位/图表线索；没有插图会明显影响低龄学生理解题意、还原对象数量或完成空间/图表判断。,在数学广场活动中，老师让同学们用同样长的小棒摆图形。小华摆了1个正方形，小丽摆了2个正方形，小明摆了3个正方形，这些正方形都是单独分开的。摆1个正方形需要4根小棒，摆2个正方形需要8根小棒，摆3个正方形需要12根小棒。按照这样的规律，摆5个正方形需要多少根小棒？,用糖果、积木、圆片、小棒等课堂操作物表现数量、比较、合并或分组，画面简洁，便于后续叠加精确数量或标注。
hjb-primary-ds-v1-p3-191,P3,三年级下册,小数的初步认识,multiple-choice,Core,A_required,core,P1,counting_manipulatives,counting-manipulatives,counters,true,not-generated,candidates/hjb-primary-ds-v1-p3-191.png,题干或单元含显性看图/操作/空间方位/图表线索；没有插图会明显影响低龄学生理解题意、还原对象数量或完成空间/图表判断。,小丽测量一支铅笔的长度是0.18米，她读作“零点十八”。下面哪句话正确指出了她的错误？,用糖果、积木、圆片、小棒等课堂操作物表现数量、比较、合并或分组，画面简洁，便于后续叠加精确数量或标注。
hjb-primary-ds-v1-p3-221,P3,三年级下册,数据整理与统计表达,multiple-choice,Core,A_required,core,P1,counting_manipulatives,counting-manipulatives,counters,true,not-generated,candidates/hjb-primary-ds-v1-p3-221.png,题干或单元含显性看图/操作/空间方位/图表线索；没有插图会明显影响低龄学生理解题意、还原对象数量或完成空间/图表判断。,三（1）班同学最喜欢的水果情况如下：苹果8人，香蕉12人，橘子5人，葡萄10人。根据这些数据，下面哪个说法是正确的？,用糖果、积木、圆片、小棒等课堂操作物表现数量、比较、合并或分组，画面简洁，便于后续叠加精确数量或标注。
hjb-primary-ds-v1-p3-231,P3,三年级下册,数据整理与统计表达,multiple-choice,Core,A_required,core,P1,counting_manipulatives,counting-manipulatives,counters,true,not-generated,candidates/hjb-primary-ds-v1-p3-231.png,题干或单元含显性看图/操作/空间方位/图表线索；没有插图会明显影响低龄学生理解题意、还原对象数量或完成空间/图表判断。,三（1）班同学最喜欢的水果统计如下：苹果8人，香蕉12人，橘子5人，草莓15人。下面哪句话是正确的？,用糖果、积木、圆片、小棒等课堂操作物表现数量、比较、合并或分组，画面简洁，便于后续叠加精确数量或标注。
hjb-primary-ds-v1-p3-239,P3,三年级下册,三年级下册数学广场与整理复习,multiple-choice,Core,A_required,core,P1,counting_manipulatives,counting-manipulatives,counters,true,not-generated,candidates/hjb-primary-ds-v1-p3-239.png,题干或单元含显性看图/操作/空间方位/图表线索；没有插图会明显影响低龄学生理解题意、还原对象数量或完成空间/图表判断。,在数学广场活动中，小丁发现一个规律：用同样长的小棒摆正方形，摆1个正方形需要4根小棒，摆2个正方形需要7根小棒，摆3个正方形需要10根小棒。按照这个规律，摆5个正方形需要多少根小棒？,用糖果、积木、圆片、小棒等课堂操作物表现数量、比较、合并或分组，画面简洁，便于后续叠加精确数量或标注。
hjb-primary-ds-v1-p4-243,P4,四年级下册,四年级下册整理与提高,multiple-choice,Core,A_required,core,P1,counting_manipulatives,counting-manipulatives,counters,true,not-generated,candidates/hjb-primary-ds-v1-p4-243.png,题干或单元含显性看图/操作/空间方位/图表线索；没有插图会明显影响低龄学生理解题意、还原对象数量或完成空间/图表判断。,下面是四（1）班同学最喜欢的水果人数统计：苹果12人，香蕉8人，橘子10人，葡萄6人。要清楚比较喜欢每种水果的人数，下面说法正确的是？,用糖果、积木、圆片、小棒等课堂操作物表现数量、比较、合并或分组，画面简洁，便于后续叠加精确数量或标注。
hjb-primary-ds-v1-p5-040,P5,五年级上册,用字母表示数与简易方程,multiple-choice,Exam,A_required,core,P1,counting_manipulatives,counting-manipulatives,counters,true,not-generated,candidates/hjb-primary-ds-v1-p5-040.png,题干或单元含显性看图/操作/空间方位/图表线索；没有插图会明显影响低龄学生理解题意、还原对象数量或完成空间/图表判断。,水果店运来苹果和梨共120千克，苹果的质量比梨的2倍少30千克。设梨的质量为x千克，下面哪个方程是正确的？,用糖果、积木、圆片、小棒等课堂操作物表现数量、比较、合并或分组，画面简洁，便于后续叠加精确数量或标注。
hjb-primary-ds-v1-p5-228,P5,五年级下册,统计表达与综合应用,fill-in,Core,A_required,core,P1,counting_manipulatives,counting-manipulatives,counters,true,not-generated,candidates/hjb-primary-ds-v1-p5-228.png,题干或单元含显性看图/操作/空间方位/图表线索；没有插图会明显影响低龄学生理解题意、还原对象数量或完成空间/图表判断。,下面是某文具店一周内铅笔销售量的记录。 | 星期 | 一 | 二 | 三 | 四 | 五 | 六 | 日 | |------|----|----|----|----|----|----|----| | 销售量（支） | 20 | 25 | 18 | 30 | 35 | 50 | 45 | 这一周铅笔的总销售量是______支。,用糖果、积木、圆片、小棒等课堂操作物表现数量、比较、合并或分组，画面简洁，便于后续叠加精确数量或标注。
hjb-primary-ds-v1-p1-021,P1,一年级上册,认识立体图形,short-answer,Foundation,A_required,core,P1,solid_shapes_blocks,solid-shapes-blocks,solid,false,not-generated,candidates/hjb-primary-ds-v1-p1-021.png,题干或单元含显性看图/操作/空间方位/图表线索；没有插图会明显影响低龄学生理解题意、还原对象数量或完成空间/图表判断。,下面这些物品中，哪些的形状是圆柱？请写出它们的序号。 ① 一个易拉罐 ② 一个魔方 ③ 一卷卫生纸 ④ 一个篮球 ⑤ 一支没有削过的圆柱形铅笔,表现正方体、长方体、圆柱、圆锥、球或积木搭建场景，突出形体特征和空间关系。
hjb-primary-ds-v1-p1-022,P1,一年级上册,认识立体图形,multiple-choice,Core,A_required,core,P1,solid_shapes_blocks,solid-shapes-blocks,solid,false,not-generated,candidates/hjb-primary-ds-v1-p1-022.png,题干或单元含显性看图/操作/空间方位/图表线索；没有插图会明显影响低龄学生理解题意、还原对象数量或完成空间/图表判断。,下面哪个物品的形状是正方体？,表现正方体、长方体、圆柱、圆锥、球或积木搭建场景，突出形体特征和空间关系。
hjb-primary-ds-v1-p1-023,P1,一年级上册,认识立体图形,fill-in,Challenge,A_required,core,P1,solid_shapes_blocks,solid-shapes-blocks,solid,false,not-generated,candidates/hjb-primary-ds-v1-p1-023.png,题干或单元含显性看图/操作/空间方位/图表线索；没有插图会明显影响低龄学生理解题意、还原对象数量或完成空间/图表判断。,数一数，下面的积木中，长方体有____个，正方体有____个，圆柱有____个，球有____个。 积木描述： - 一个红色长方体 - 一个蓝色正方体 - 一个绿色圆柱 - 一个黄色球 - 一个蓝色长方体 - 一个红色圆柱 - 一个绿色正方体 - 一个黄色圆柱,表现正方体、长方体、圆柱、圆锥、球或积木搭建场景，突出形体特征和空间关系。
hjb-primary-ds-v1-p1-024,P1,一年级上册,认识立体图形,short-answer,Foundation,A_required,core,P1,solid_shapes_blocks,solid-shapes-blocks,solid,false,not-generated,candidates/hjb-primary-ds-v1-p1-024.png,题干或单元含显性看图/操作/空间方位/图表线索；没有插图会明显影响低龄学生理解题意、还原对象数量或完成空间/图表判断。,观察下面的立体图形，写出它们的名称。 图形描述： 第一个：长长方方的，有6个平平的面，面有大有小。 第二个：四四方方的，有6个平平的面，每个面都一样大。 第三个：直直的，上下一样粗，两头是圆圆的平面。 第四个：圆滚滚的，没有平平的面。,表现正方体、长方体、圆柱、圆锥、球或积木搭建场景，突出形体特征和空间关系。
hjb-primary-ds-v1-p1-025,P1,一年级上册,认识立体图形,multiple-choice,Core,A_required,core,P1,solid_shapes_blocks,solid-shapes-blocks,solid,false,not-generated,candidates/hjb-primary-ds-v1-p1-025.png,题干或单元含显性看图/操作/空间方位/图表线索；没有插图会明显影响低龄学生理解题意、还原对象数量或完成空间/图表判断。,下面哪种立体图形既能滚动，又能上下堆叠？,表现正方体、长方体、圆柱、圆锥、球或积木搭建场景，突出形体特征和空间关系。
hjb-primary-ds-v1-p1-026,P1,一年级上册,认识立体图形,fill-in,Challenge,A_required,core,P1,solid_shapes_blocks,solid-shapes-blocks,solid,false,not-generated,candidates/hjb-primary-ds-v1-p1-026.png,题干或单元含显性看图/操作/空间方位/图表线索；没有插图会明显影响低龄学生理解题意、还原对象数量或完成空间/图表判断。,下面有一些物品：魔方、皮球、牙膏盒、易拉罐、骰子、乒乓球。请你按形状分一分，把物品名称填在横线上。 长方体：______ 正方体：______ 圆柱：______ 球：______,表现正方体、长方体、圆柱、圆锥、球或积木搭建场景，突出形体特征和空间关系。
hjb-primary-ds-v1-p1-027,P1,一年级上册,认识立体图形,short-answer,Foundation,A_required,core,P1,solid_shapes_blocks,solid-shapes-blocks,solid,false,not-generated,candidates/hjb-primary-ds-v1-p1-027.png,题干或单元含显性看图/操作/空间方位/图表线索；没有插图会明显影响低龄学生理解题意、还原对象数量或完成空间/图表判断。,说一说，下面哪个物体最容易滚动？为什么？ 铅笔盒、足球、字典、积木块,表现正方体、长方体、圆柱、圆锥、球或积木搭建场景，突出形体特征和空间关系。
hjb-primary-ds-v1-p1-028,P1,一年级上册,认识立体图形,multiple-choice,Core,A_required,core,P1,solid_shapes_blocks,solid-shapes-blocks,solid,false,not-generated,candidates/hjb-primary-ds-v1-p1-028.png,题干或单元含显性看图/操作/空间方位/图表线索；没有插图会明显影响低龄学生理解题意、还原对象数量或完成空间/图表判断。,下面哪个物体和圆柱的形状最像？ A. 粉笔盒 B. 水杯 C. 篮球 D. 魔方,表现正方体、长方体、圆柱、圆锥、球或积木搭建场景，突出形体特征和空间关系。
hjb-primary-ds-v1-p1-029,P1,一年级上册,认识立体图形,fill-in,Challenge,A_required,core,P1,solid_shapes_blocks,solid-shapes-blocks,solid,false,not-generated,candidates/hjb-primary-ds-v1-p1-029.png,题干或单元含显性看图/操作/空间方位/图表线索；没有插图会明显影响低龄学生理解题意、还原对象数量或完成空间/图表判断。,数一数，下面的积木堆中，长方体有______个，正方体有______个，圆柱有______个，球有______个。 积木堆描述：最下面一层从左到右放着：一个长方体（鞋盒形状），一个正方体（骰子形状），一个圆柱（易拉罐形状）。上面一层：在长方体上面放着一个正方体，在正方体上面放着一个球（乒乓球大小），在圆柱上面放着一个长方体（小牙膏盒形状）。,表现正方体、长方体、圆柱、圆锥、球或积木搭建场景，突出形体特征和空间关系。
hjb-primary-ds-v1-p1-030,P1,一年级上册,认识立体图形,short-answer,Foundation,A_required,core,P1,solid_shapes_blocks,solid-shapes-blocks,solid,false,not-generated,candidates/hjb-primary-ds-v1-p1-030.png,题干或单元含显性看图/操作/空间方位/图表线索；没有插图会明显影响低龄学生理解题意、还原对象数量或完成空间/图表判断。,从下面的物品中找出所有正方体，并把它们的名字写下来。 物品：魔方、皮球、骰子、牙膏盒、粉笔盒、易拉罐,表现正方体、长方体、圆柱、圆锥、球或积木搭建场景，突出形体特征和空间关系。
hjb-primary-ds-v1-p1-031,P1,一年级上册,认识立体图形,multiple-choice,Core,A_required,core,P1,solid_shapes_blocks,solid-shapes-blocks,solid,false,not-generated,candidates/hjb-primary-ds-v1-p1-031.png,题干或单元含显性看图/操作/空间方位/图表线索；没有插图会明显影响低龄学生理解题意、还原对象数量或完成空间/图表判断。,下面哪一个物体最像圆柱？,表现正方体、长方体、圆柱、圆锥、球或积木搭建场景，突出形体特征和空间关系。
hjb-primary-ds-v1-p1-032,P1,一年级上册,认识立体图形,fill-in,Challenge,A_required,core,P1,solid_shapes_blocks,solid-shapes-blocks,solid,false,not-generated,candidates/hjb-primary-ds-v1-p1-032.png,题干或单元含显性看图/操作/空间方位/图表线索；没有插图会明显影响低龄学生理解题意、还原对象数量或完成空间/图表判断。,观察下面的物体：魔方、皮球、水杯、牙膏盒。其中，形状是正方体的物体是______。,表现正方体、长方体、圆柱、圆锥、球或积木搭建场景，突出形体特征和空间关系。
hjb-primary-ds-v1-p1-033,P1,一年级上册,认识立体图形,short-answer,Foundation,A_required,core,P1,solid_shapes_blocks,solid-shapes-blocks,solid,false,not-generated,candidates/hjb-primary-ds-v1-p1-033.png,题干或单元含显性看图/操作/空间方位/图表线索；没有插图会明显影响低龄学生理解题意、还原对象数量或完成空间/图表判断。,请说出一个生活中形状是球的物体，并简单说明理由。,表现正方体、长方体、圆柱、圆锥、球或积木搭建场景，突出形体特征和空间关系。
hjb-primary-ds-v1-p1-034,P1,一年级上册,认识立体图形,multiple-choice,Core,A_required,core,P1,solid_shapes_blocks,solid-shapes-blocks,solid,false,not-generated,candidates/hjb-primary-ds-v1-p1-034.png,题干或单元含显性看图/操作/空间方位/图表线索；没有插图会明显影响低龄学生理解题意、还原对象数量或完成空间/图表判断。,下面哪个物体最容易滚动？,表现正方体、长方体、圆柱、圆锥、球或积木搭建场景，突出形体特征和空间关系。
hjb-primary-ds-v1-p1-035,P1,一年级上册,认识立体图形,fill-in,Challenge,A_required,core,P1,solid_shapes_blocks,solid-shapes-blocks,solid,false,not-generated,candidates/hjb-primary-ds-v1-p1-035.png,题干或单元含显性看图/操作/空间方位/图表线索；没有插图会明显影响低龄学生理解题意、还原对象数量或完成空间/图表判断。,把下面的物体按形状分类：篮球、骰子、易拉罐、粉笔盒。其中，形状是长方体的有______。,表现正方体、长方体、圆柱、圆锥、球或积木搭建场景，突出形体特征和空间关系。
hjb-primary-ds-v1-p1-036,P1,一年级上册,认识立体图形,short-answer,Foundation,A_required,core,P1,solid_shapes_blocks,solid-shapes-blocks,solid,false,not-generated,candidates/hjb-primary-ds-v1-p1-036.png,题干或单元含显性看图/操作/空间方位/图表线索；没有插图会明显影响低龄学生理解题意、还原对象数量或完成空间/图表判断。,下面有一些物品：魔方、皮球、铅笔盒、薯片筒、骰子、玻璃弹珠、牙膏盒、易拉罐。请你按照形状分一分，把物品名称填在横线上。 长方体：______ 正方体：______ 圆柱：______ 球：______,表现正方体、长方体、圆柱、圆锥、球或积木搭建场景，突出形体特征和空间关系。
hjb-primary-ds-v1-p1-037,P1,一年级上册,认识立体图形,multiple-choice,Core,A_required,core,P1,solid_shapes_blocks,solid-shapes-blocks,solid,false,not-generated,candidates/hjb-primary-ds-v1-p1-037.png,题干或单元含显性看图/操作/空间方位/图表线索；没有插图会明显影响低龄学生理解题意、还原对象数量或完成空间/图表判断。,下面哪一个物品的形状是圆柱？,表现正方体、长方体、圆柱、圆锥、球或积木搭建场景，突出形体特征和空间关系。
hjb-primary-ds-v1-p1-038,P1,一年级上册,认识立体图形,fill-in,Challenge,A_required,core,P1,solid_shapes_blocks,solid-shapes-blocks,solid,false,not-generated,candidates/hjb-primary-ds-v1-p1-038.png,题干或单元含显性看图/操作/空间方位/图表线索；没有插图会明显影响低龄学生理解题意、还原对象数量或完成空间/图表判断。,数一数，填一填。 在一个大盒子里，有3个长方体形状的积木，2个正方体形状的积木，4个圆柱形状的积木，1个球形状的积木。 长方体比正方体多______个。 圆柱和球一共有______个。,表现正方体、长方体、圆柱、圆锥、球或积木搭建场景，突出形体特征和空间关系。
hjb-primary-ds-v1-p1-040,P1,一年级上册,认识立体图形,multiple-choice,Core,A_required,core,P1,solid_shapes_blocks,solid-shapes-blocks,solid,false,not-generated,candidates/hjb-primary-ds-v1-p1-040.png,题干或单元含显性看图/操作/空间方位/图表线索；没有插图会明显影响低龄学生理解题意、还原对象数量或完成空间/图表判断。,下面哪个图形既能滚动，又有平平的面？,表现正方体、长方体、圆柱、圆锥、球或积木搭建场景，突出形体特征和空间关系。
hjb-primary-ds-v1-p1-111,P1,一年级上册,一年级上册整理与复习,short-answer,Core,A_required,core,P1,solid_shapes_blocks,solid-shapes-blocks,solid,false,not-generated,candidates/hjb-primary-ds-v1-p1-111.png,题干或单元含显性看图/操作/空间方位/图表线索；没有插图会明显影响低龄学生理解题意、还原对象数量或完成空间/图表判断。,小乐在整理数学知识时，把下面这些内容分成了三类：第一类是数数，第二类是计算，第三类是图形。请你判断“长方体和正方体都有6个面”这句话应该放在哪一类？为什么？请简单说一说。,表现正方体、长方体、圆柱、圆锥、球或积木搭建场景，突出形体特征和空间关系。
hjb-primary-ds-v1-p1-116,P1,一年级上册,一年级上册整理与复习,fill-in,Foundation,A_required,core,P1,solid_shapes_blocks,solid-shapes-blocks,solid,false,not-generated,candidates/hjb-primary-ds-v1-p1-116.png,题干或单元含显性看图/操作/空间方位/图表线索；没有插图会明显影响低龄学生理解题意、还原对象数量或完成空间/图表判断。,在整理数学知识时，小明把下面的内容分成了三类：① 数数、② 加法、③ 减法、④ 长方体、⑤ 正方体、⑥ 圆柱。你觉得他分得对吗？如果不对，请把分类错误的地方写出来。,表现正方体、长方体、圆柱、圆锥、球或积木搭建场景，突出形体特征和空间关系。
hjb-primary-ds-v1-p2-114,P2,二年级上册,分类与整理,short-answer,Foundation,A_required,core,P1,solid_shapes_blocks,solid-shapes-blocks,solid,false,not-generated,candidates/hjb-primary-ds-v1-p2-114.png,题干或单元含显性看图/操作/空间方位/图表线索；没有插图会明显影响低龄学生理解题意、还原对象数量或完成空间/图表判断。,下面是二（1）班同学最喜欢的运动项目调查结果： 跳绳：正正正 踢毽子：正正 拍皮球：正 跑步：正正 （1）请根据调查结果完成下面的统计表。 | 运动项目 | 人数 | |----------|------| | 跳绳 | | | 踢毽子 | | | 拍皮球 | | | 跑步 | | （2）最喜欢（ ）的人数最多，最喜欢（ ）的人数最少。 （3）这个班一共有（ ）人参加了这次调查。,表现正方体、长方体、圆柱、圆锥、球或积木搭建场景，突出形体特征和空间关系。
hjb-primary-ds-v1-p3-249,P3,三年级下册,三年级下册数学广场与整理复习,multiple-choice,Core,A_required,core,P1,solid_shapes_blocks,solid-shapes-blocks,solid,false,not-generated,candidates/hjb-primary-ds-v1-p3-249.png,题干或单元含显性看图/操作/空间方位/图表线索；没有插图会明显影响低龄学生理解题意、还原对象数量或完成空间/图表判断。,三（2）班同学最喜欢的运动项目统计如下：足球12人，篮球8人，乒乓球10人，羽毛球6人。下面哪种说法是正确的？,表现正方体、长方体、圆柱、圆锥、球或积木搭建场景，突出形体特征和空间关系。
hjb-primary-ds-v1-p5-193,P5,五年级下册,长方体、正方体与体积,multiple-choice,Core,A_required,core,P1,solid_shapes_blocks,solid-shapes-blocks,solid,false,not-generated,candidates/hjb-primary-ds-v1-p5-193.png,题干或单元含显性看图/操作/空间方位/图表线索；没有插图会明显影响低龄学生理解题意、还原对象数量或完成空间/图表判断。,用棱长1厘米的小正方体拼成一个长6厘米、宽3厘米、高2厘米的长方体，一共需要多少个小正方体？,表现正方体、长方体、圆柱、圆锥、球或积木搭建场景，突出形体特征和空间关系。
hjb-primary-ds-v1-p5-198,P5,五年级下册,长方体、正方体与体积,fill-in,Core,A_required,core,P1,solid_shapes_blocks,solid-shapes-blocks,solid,false,not-generated,candidates/hjb-primary-ds-v1-p5-198.png,题干或单元含显性看图/操作/空间方位/图表线索；没有插图会明显影响低龄学生理解题意、还原对象数量或完成空间/图表判断。,把3个棱长2厘米的小正方体拼成一个长方体，拼成的长方体的表面积比原来3个小正方体的表面积总和减少了多少平方厘米？,表现正方体、长方体、圆柱、圆锥、球或积木搭建场景，突出形体特征和空间关系。
hjb-primary-ds-v1-p5-219,P5,五年级下册,长方体、正方体与体积,multiple-choice,Core,A_required,core,P1,solid_shapes_blocks,solid-shapes-blocks,solid,false,not-generated,candidates/hjb-primary-ds-v1-p5-219.png,题干或单元含显性看图/操作/空间方位/图表线索；没有插图会明显影响低龄学生理解题意、还原对象数量或完成空间/图表判断。,把两个棱长都是3厘米的正方体拼成一个长方体，拼成的长方体的体积是多少立方厘米？,表现正方体、长方体、圆柱、圆锥、球或积木搭建场景，突出形体特征和空间关系。
hjb-primary-ds-v1-p6-130,P6,六年级下册,圆柱与圆锥,multiple-choice,Foundation,A_required,core,P1,solid_shapes_blocks,solid-shapes-blocks,solid,false,not-generated,candidates/hjb-primary-ds-v1-p6-130.png,题干或单元含显性看图/操作/空间方位/图表线索；没有插图会明显影响低龄学生理解题意、还原对象数量或完成空间/图表判断。,下面关于圆柱和圆锥的说法，正确的是哪一个？,表现正方体、长方体、圆柱、圆锥、球或积木搭建场景，突出形体特征和空间关系。
hjb-primary-ds-v1-p6-242,P6,六年级下册,长方体,multiple-choice,Core,A_required,core,P1,solid_shapes_blocks,solid-shapes-blocks,solid,false,not-generated,candidates/hjb-primary-ds-v1-p6-242.png,题干或单元含显性看图/操作/空间方位/图表线索；没有插图会明显影响低龄学生理解题意、还原对象数量或完成空间/图表判断。,一个长方体饼干盒，长15厘米、宽10厘米、高20厘米。如果围着它的侧面贴一圈商标纸（上、下面不贴），这张商标纸的面积至少是多少平方厘米？,表现正方体、长方体、圆柱、圆锥、球或积木搭建场景，突出形体特征和空间关系。
hjb-primary-ds-v1-p6-247,P6,六年级下册,长方体,multiple-choice,Core,A_required,core,P1,solid_shapes_blocks,solid-shapes-blocks,solid,false,not-generated,candidates/hjb-primary-ds-v1-p6-247.png,题干或单元含显性看图/操作/空间方位/图表线索；没有插图会明显影响低龄学生理解题意、还原对象数量或完成空间/图表判断。,一个长方体木块，长10厘米、宽8厘米、高6厘米。将其表面涂满红色油漆，然后切成棱长2厘米的小正方体。在这些小正方体中，三面涂色的有多少个？,表现正方体、长方体、圆柱、圆锥、球或积木搭建场景，突出形体特征和空间关系。
hjb-primary-ds-v1-p1-175,P1,一年级下册,时间的初步认识,multiple-choice,Core,A_required,core,P1,time_clock,time-clock,clock,true,not-generated,candidates/hjb-primary-ds-v1-p1-175.png,题干或单元含显性看图/操作/空间方位/图表线索；没有插图会明显影响低龄学生理解题意、还原对象数量或完成空间/图表判断。,下面哪个钟面表示的时间是半时？,生成无错误文字的钟面或时间线底图，时针分针、数字、刻度和题目标签优先后续确定性叠加。
hjb-primary-ds-v1-p1-176,P1,一年级下册,时间的初步认识,fill-in,Foundation,A_required,core,P1,time_clock,time-clock,clock,true,not-generated,candidates/hjb-primary-ds-v1-p1-176.png,题干或单元含显性看图/操作/空间方位/图表线索；没有插图会明显影响低龄学生理解题意、还原对象数量或完成空间/图表判断。,小明的钟面上，时针指向7和8的中间，分针指向6。这时是几时半？,生成无错误文字的钟面或时间线底图，时针分针、数字、刻度和题目标签优先后续确定性叠加。
hjb-primary-ds-v1-p1-177,P1,一年级下册,时间的初步认识,short-answer,Core,A_required,core,P1,time_clock,time-clock,clock,true,not-generated,candidates/hjb-primary-ds-v1-p1-177.png,题干或单元含显性看图/操作/空间方位/图表线索；没有插图会明显影响低龄学生理解题意、还原对象数量或完成空间/图表判断。,按时间顺序排列下面的活动：① 下午5时吃晚饭 ② 上午7时半到校 ③ 中午12时吃午饭。请写出正确的顺序（用序号）。,生成无错误文字的钟面或时间线底图，时针分针、数字、刻度和题目标签优先后续确定性叠加。
hjb-primary-ds-v1-p1-178,P1,一年级下册,时间的初步认识,multiple-choice,Foundation,A_required,core,P1,time_clock,time-clock,clock,true,not-generated,candidates/hjb-primary-ds-v1-p1-178.png,题干或单元含显性看图/操作/空间方位/图表线索；没有插图会明显影响低龄学生理解题意、还原对象数量或完成空间/图表判断。,下面哪个钟面表示的时间是8时？,生成无错误文字的钟面或时间线底图，时针分针、数字、刻度和题目标签优先后续确定性叠加。
hjb-primary-ds-v1-p1-179,P1,一年级下册,时间的初步认识,fill-in,Core,A_required,core,P1,time_clock,time-clock,clock,true,not-generated,candidates/hjb-primary-ds-v1-p1-179.png,题干或单元含显性看图/操作/空间方位/图表线索；没有插图会明显影响低龄学生理解题意、还原对象数量或完成空间/图表判断。,小红每天下午4时半开始写作业。请用文字描述此时钟面上时针和分针的位置。,生成无错误文字的钟面或时间线底图，时针分针、数字、刻度和题目标签优先后续确定性叠加。
hjb-primary-ds-v1-p1-181,P1,一年级下册,时间的初步认识,multiple-choice,Core,A_required,core,P1,time_clock,time-clock,clock,true,not-generated,candidates/hjb-primary-ds-v1-p1-181.png,题干或单元含显性看图/操作/空间方位/图表线索；没有插图会明显影响低龄学生理解题意、还原对象数量或完成空间/图表判断。,小明的钟面上，时针指向9和10之间，分针指向6。这个时间是（ ）。,生成无错误文字的钟面或时间线底图，时针分针、数字、刻度和题目标签优先后续确定性叠加。
hjb-primary-ds-v1-p1-182,P1,一年级下册,时间的初步认识,fill-in,Foundation,A_required,core,P1,time_clock,time-clock,clock,true,not-generated,candidates/hjb-primary-ds-v1-p1-182.png,题干或单元含显性看图/操作/空间方位/图表线索；没有插图会明显影响低龄学生理解题意、还原对象数量或完成空间/图表判断。,写出下面钟面表示的时间：时针指向4，分针指向12。这个时间是______时。,生成无错误文字的钟面或时间线底图，时针分针、数字、刻度和题目标签优先后续确定性叠加。
hjb-primary-ds-v1-p1-183,P1,一年级下册,时间的初步认识,multiple-choice,Core,A_required,core,P1,time_clock,time-clock,clock,true,not-generated,candidates/hjb-primary-ds-v1-p1-183.png,题干或单元含显性看图/操作/空间方位/图表线索；没有插图会明显影响低龄学生理解题意、还原对象数量或完成空间/图表判断。,下面哪件事最可能在下午1:30发生？,生成无错误文字的钟面或时间线底图，时针分针、数字、刻度和题目标签优先后续确定性叠加。
hjb-primary-ds-v1-p1-184,P1,一年级下册,时间的初步认识,fill-in,Foundation,A_required,core,P1,time_clock,time-clock,clock,true,not-generated,candidates/hjb-primary-ds-v1-p1-184.png,题干或单元含显性看图/操作/空间方位/图表线索；没有插图会明显影响低龄学生理解题意、还原对象数量或完成空间/图表判断。,按照时间顺序，把下面的活动排一排：①晚上8:00睡觉 ②早上7:00起床 ③中午12:00吃午饭。正确的顺序是______。（填序号）,生成无错误文字的钟面或时间线底图，时针分针、数字、刻度和题目标签优先后续确定性叠加。
hjb-primary-ds-v1-p1-185,P1,一年级下册,时间的初步认识,multiple-choice,Core,A_required,core,P1,time_clock,time-clock,clock,true,not-generated,candidates/hjb-primary-ds-v1-p1-185.png,题干或单元含显性看图/操作/空间方位/图表线索；没有插图会明显影响低龄学生理解题意、还原对象数量或完成空间/图表判断。,钟面上，时针指向8，分针指向12。这个时间是（ ）。,生成无错误文字的钟面或时间线底图，时针分针、数字、刻度和题目标签优先后续确定性叠加。
hjb-primary-ds-v1-p1-186,P1,一年级下册,时间的初步认识,fill-in,Foundation,A_required,core,P1,time_clock,time-clock,clock,true,not-generated,candidates/hjb-primary-ds-v1-p1-186.png,题干或单元含显性看图/操作/空间方位/图表线索；没有插图会明显影响低龄学生理解题意、还原对象数量或完成空间/图表判断。,钟面上，时针指向8和9之间，分针指向6，这时是几时半？请用中文填写。,生成无错误文字的钟面或时间线底图，时针分针、数字、刻度和题目标签优先后续确定性叠加。
hjb-primary-ds-v1-p1-187,P1,一年级下册,时间的初步认识,multiple-choice,Core,A_required,core,P1,time_clock,time-clock,clock,true,not-generated,candidates/hjb-primary-ds-v1-p1-187.png,题干或单元含显性看图/操作/空间方位/图表线索；没有插图会明显影响低龄学生理解题意、还原对象数量或完成空间/图表判断。,下面哪个时间表示的是半时？,生成无错误文字的钟面或时间线底图，时针分针、数字、刻度和题目标签优先后续确定性叠加。
hjb-primary-ds-v1-p1-189,P1,一年级下册,时间的初步认识,multiple-choice,Core,A_required,core,P1,time_clock,time-clock,clock,true,not-generated,candidates/hjb-primary-ds-v1-p1-189.png,题干或单元含显性看图/操作/空间方位/图表线索；没有插图会明显影响低龄学生理解题意、还原对象数量或完成空间/图表判断。,小丽每天下午4时半放学，下面哪个钟面表示的是放学时间？,生成无错误文字的钟面或时间线底图，时针分针、数字、刻度和题目标签优先后续确定性叠加。
hjb-primary-ds-v1-p1-190,P1,一年级下册,时间的初步认识,fill-in,Foundation,A_required,core,P1,time_clock,time-clock,clock,true,not-generated,candidates/hjb-primary-ds-v1-p1-190.png,题干或单元含显性看图/操作/空间方位/图表线索；没有插图会明显影响低龄学生理解题意、还原对象数量或完成空间/图表判断。,钟面上，时针指向10和11之间，分针指向6，这时是几时半？请用中文填写。,生成无错误文字的钟面或时间线底图，时针分针、数字、刻度和题目标签优先后续确定性叠加。
hjb-primary-ds-v1-p1-191,P1,一年级下册,时间的初步认识,multiple-choice,Core,A_required,core,P1,time_clock,time-clock,clock,true,not-generated,candidates/hjb-primary-ds-v1-p1-191.png,题干或单元含显性看图/操作/空间方位/图表线索；没有插图会明显影响低龄学生理解题意、还原对象数量或完成空间/图表判断。,小明的钟面显示：时针指向8和9的中间，分针指向6。小明说：“现在是8时半。”他说得对吗？,生成无错误文字的钟面或时间线底图，时针分针、数字、刻度和题目标签优先后续确定性叠加。
hjb-primary-ds-v1-p1-192,P1,一年级下册,时间的初步认识,fill-in,Foundation,A_required,core,P1,time_clock,time-clock,clock,true,not-generated,candidates/hjb-primary-ds-v1-p1-192.png,题干或单元含显性看图/操作/空间方位/图表线索；没有插图会明显影响低龄学生理解题意、还原对象数量或完成空间/图表判断。,看钟面：时针指向7，分针指向12。这个时间是____时。,生成无错误文字的钟面或时间线底图，时针分针、数字、刻度和题目标签优先后续确定性叠加。
hjb-primary-ds-v1-p1-193,P1,一年级下册,时间的初步认识,multiple-choice,Core,A_required,core,P1,time_clock,time-clock,clock,true,not-generated,candidates/hjb-primary-ds-v1-p1-193.png,题干或单元含显性看图/操作/空间方位/图表线索；没有插图会明显影响低龄学生理解题意、还原对象数量或完成空间/图表判断。,下面哪件事最可能在上午9时半发生？,生成无错误文字的钟面或时间线底图，时针分针、数字、刻度和题目标签优先后续确定性叠加。
hjb-primary-ds-v1-p1-234,P1,一年级下册,一年级下册整理与复习,fill-in,Foundation,A_required,core,P1,time_clock,time-clock,clock,true,not-generated,candidates/hjb-primary-ds-v1-p1-234.png,题干或单元含显性看图/操作/空间方位/图表线索；没有插图会明显影响低龄学生理解题意、还原对象数量或完成空间/图表判断。,小丽看钟面，时针指向8和9之间，分针指向6。这时是几时几分？请填空：______时______分。,生成无错误文字的钟面或时间线底图，时针分针、数字、刻度和题目标签优先后续确定性叠加。
hjb-primary-ds-v1-p1-237,P1,一年级下册,一年级下册整理与复习,multiple-choice,Foundation,A_required,core,P1,time_clock,time-clock,clock,true,not-generated,candidates/hjb-primary-ds-v1-p1-237.png,题干或单元含显性看图/操作/空间方位/图表线索；没有插图会明显影响低龄学生理解题意、还原对象数量或完成空间/图表判断。,下面哪个时间表示的是下午3时？,生成无错误文字的钟面或时间线底图，时针分针、数字、刻度和题目标签优先后续确定性叠加。
hjb-primary-ds-v1-p1-244,P1,一年级下册,一年级下册整理与复习,multiple-choice,Foundation,A_required,core,P1,time_clock,time-clock,clock,true,not-generated,candidates/hjb-primary-ds-v1-p1-244.png,题干或单元含显性看图/操作/空间方位/图表线索；没有插图会明显影响低龄学生理解题意、还原对象数量或完成空间/图表判断。,下面哪个时间最接近中午12时？,生成无错误文字的钟面或时间线底图，时针分针、数字、刻度和题目标签优先后续确定性叠加。
hjb-primary-ds-v1-p2-163,P2,二年级下册,时间在哪里,multiple-choice,Core,A_required,core,P1,time_clock,time-clock,clock,true,not-generated,candidates/hjb-primary-ds-v1-p2-163.png,题干或单元含显性看图/操作/空间方位/图表线索；没有插图会明显影响低龄学生理解题意、还原对象数量或完成空间/图表判断。,下面哪个钟面表示的时间是10:15？,生成无错误文字的钟面或时间线底图，时针分针、数字、刻度和题目标签优先后续确定性叠加。
hjb-primary-ds-v1-p2-164,P2,二年级下册,时间在哪里,fill-in,Foundation,A_required,core,P1,time_clock,time-clock,clock,true,not-generated,candidates/hjb-primary-ds-v1-p2-164.png,题干或单元含显性看图/操作/空间方位/图表线索；没有插图会明显影响低龄学生理解题意、还原对象数量或完成空间/图表判断。,钟面上，时针在8和9之间，分针指向6，这时是___时___分。,生成无错误文字的钟面或时间线底图，时针分针、数字、刻度和题目标签优先后续确定性叠加。
hjb-primary-ds-v1-p2-167,P2,二年级下册,时间在哪里,fill-in,Core,A_required,core,P1,time_clock,time-clock,clock,true,not-generated,candidates/hjb-primary-ds-v1-p2-167.png,题干或单元含显性看图/操作/空间方位/图表线索；没有插图会明显影响低龄学生理解题意、还原对象数量或完成空间/图表判断。,看钟面描述：时针刚过10，分针指向3。这时是___时___分。,生成无错误文字的钟面或时间线底图，时针分针、数字、刻度和题目标签优先后续确定性叠加。
hjb-primary-ds-v1-p2-169,P2,二年级下册,时间在哪里,multiple-choice,Core,A_required,core,P1,time_clock,time-clock,clock,true,not-generated,candidates/hjb-primary-ds-v1-p2-169.png,题干或单元含显性看图/操作/空间方位/图表线索；没有插图会明显影响低龄学生理解题意、还原对象数量或完成空间/图表判断。,下面哪件事大约需要1分钟？,生成无错误文字的钟面或时间线底图，时针分针、数字、刻度和题目标签优先后续确定性叠加。
hjb-primary-ds-v1-p2-172,P2,二年级下册,时间在哪里,multiple-choice,Foundation,A_required,core,P1,time_clock,time-clock,clock,true,not-generated,candidates/hjb-primary-ds-v1-p2-172.png,题干或单元含显性看图/操作/空间方位/图表线索；没有插图会明显影响低龄学生理解题意、还原对象数量或完成空间/图表判断。,下面哪个钟面表示的时间是3时30分？,生成无错误文字的钟面或时间线底图，时针分针、数字、刻度和题目标签优先后续确定性叠加。
hjb-primary-ds-v1-p2-175,P2,二年级下册,时间在哪里,multiple-choice,Core,A_required,core,P1,time_clock,time-clock,clock,true,not-generated,candidates/hjb-primary-ds-v1-p2-175.png,题干或单元含显性看图/操作/空间方位/图表线索；没有插图会明显影响低龄学生理解题意、还原对象数量或完成空间/图表判断。,下面哪件事情大约需要1分钟？,生成无错误文字的钟面或时间线底图，时针分针、数字、刻度和题目标签优先后续确定性叠加。
hjb-primary-ds-v1-p2-178,P2,二年级下册,时间在哪里,multiple-choice,Foundation,A_required,core,P1,time_clock,time-clock,clock,true,not-generated,candidates/hjb-primary-ds-v1-p2-178.png,题干或单元含显性看图/操作/空间方位/图表线索；没有插图会明显影响低龄学生理解题意、还原对象数量或完成空间/图表判断。,下面哪个钟面表示的时间是10时10分？,生成无错误文字的钟面或时间线底图，时针分针、数字、刻度和题目标签优先后续确定性叠加。
hjb-primary-ds-v1-p2-180,P2,二年级下册,时间在哪里,short-answer,Foundation,A_required,core,P1,time_clock,time-clock,clock,true,not-generated,candidates/hjb-primary-ds-v1-p2-180.png,题干或单元含显性看图/操作/空间方位/图表线索；没有插图会明显影响低龄学生理解题意、还原对象数量或完成空间/图表判断。,小东晚上8:30上床，听故事用了15分钟，然后立刻睡觉。他几点几分开始睡觉？,生成无错误文字的钟面或时间线底图，时针分针、数字、刻度和题目标签优先后续确定性叠加。
hjb-primary-ds-v1-p2-181,P2,二年级下册,时间在哪里,multiple-choice,Core,A_required,core,P1,time_clock,time-clock,clock,true,not-generated,candidates/hjb-primary-ds-v1-p2-181.png,题干或单元含显性看图/操作/空间方位/图表线索；没有插图会明显影响低龄学生理解题意、还原对象数量或完成空间/图表判断。,小华下午放学后看课外书，开始看书时，钟面上时针指向4和5之间，分针指向6。他看了25分钟。他看完书的时间是下面哪一个？,生成无错误文字的钟面或时间线底图，时针分针、数字、刻度和题目标签优先后续确定性叠加。
hjb-primary-ds-v1-p2-182,P2,二年级下册,时间在哪里,fill-in,Foundation,A_required,core,P1,time_clock,time-clock,clock,true,not-generated,candidates/hjb-primary-ds-v1-p2-182.png,题干或单元含显性看图/操作/空间方位/图表线索；没有插图会明显影响低龄学生理解题意、还原对象数量或完成空间/图表判断。,小丽晚上练习钢琴，开始练习时，钟面上时针指向7和8之间，分针指向4。她练习了20分钟。练习结束时，钟面上分针指向数字几？,生成无错误文字的钟面或时间线底图，时针分针、数字、刻度和题目标签优先后续确定性叠加。
hjb-primary-ds-v1-p2-183,P2,二年级下册,时间在哪里,multiple-choice,Core,A_required,core,P1,time_clock,time-clock,clock,true,not-generated,candidates/hjb-primary-ds-v1-p2-183.png,题干或单元含显性看图/操作/空间方位/图表线索；没有插图会明显影响低龄学生理解题意、还原对象数量或完成空间/图表判断。,下面哪一件事情用的时间大约是1分钟？,生成无错误文字的钟面或时间线底图，时针分针、数字、刻度和题目标签优先后续确定性叠加。
hjb-primary-ds-v1-p2-184,P2,二年级下册,时间在哪里,fill-in,Foundation,A_required,core,P1,time_clock,time-clock,clock,true,not-generated,candidates/hjb-primary-ds-v1-p2-184.png,题干或单元含显性看图/操作/空间方位/图表线索；没有插图会明显影响低龄学生理解题意、还原对象数量或完成空间/图表判断。,小东上午8:15到学校，上午11:45放学。他在学校的时间是几小时几分钟？,生成无错误文字的钟面或时间线底图，时针分针、数字、刻度和题目标签优先后续确定性叠加。
hjb-primary-ds-v1-p2-247,P2,二年级下册,二年级下册数学广场与整理复习,multiple-choice,Foundation,A_required,core,P1,time_clock,time-clock,clock,true,not-generated,candidates/hjb-primary-ds-v1-p2-247.png,题干或单元含显性看图/操作/空间方位/图表线索；没有插图会明显影响低龄学生理解题意、还原对象数量或完成空间/图表判断。,小明做了一道题：从8:15开始看书，看了30分钟，结束时间是几时几分？他写8:15+30=8:45。下面哪种检查方法最合适？,生成无错误文字的钟面或时间线底图，时针分针、数字、刻度和题目标签优先后续确定性叠加。
hjb-primary-ds-v1-p3-049,P3,三年级上册（老课本暂用）,时间与日程推理,multiple-choice,Core,A_required,core,P1,time_clock,time-clock,clock,true,not-generated,candidates/hjb-primary-ds-v1-p3-049.png,题干或单元含显性看图/操作/空间方位/图表线索；没有插图会明显影响低龄学生理解题意、还原对象数量或完成空间/图表判断。,小东上午8:30到学校，中午11:50放学。他在学校的时间是（ ）。,生成无错误文字的钟面或时间线底图，时针分针、数字、刻度和题目标签优先后续确定性叠加。
hjb-primary-ds-v1-p3-054,P3,三年级上册（老课本暂用）,时间与日程推理,short-answer,Challenge,A_required,core,P1,time_clock,time-clock,clock,true,not-generated,candidates/hjb-primary-ds-v1-p3-054.png,题干或单元含显性看图/操作/空间方位/图表线索；没有插图会明显影响低龄学生理解题意、还原对象数量或完成空间/图表判断。,小东每天下午3:50放学，他先参加30分钟的足球训练，再花15分钟走回家。今天训练提前5分钟结束，他到家时是下午几时几分？,生成无错误文字的钟面或时间线底图，时针分针、数字、刻度和题目标签优先后续确定性叠加。
hjb-primary-ds-v1-p3-055,P3,三年级上册（老课本暂用）,时间与日程推理,multiple-choice,Core,A_required,core,P1,time_clock,time-clock,clock,true,not-generated,candidates/hjb-primary-ds-v1-p3-055.png,题干或单元含显性看图/操作/空间方位/图表线索；没有插图会明显影响低龄学生理解题意、还原对象数量或完成空间/图表判断。,妈妈上午8:40出门买菜，9:15回到家。下面哪个说法是正确的？,生成无错误文字的钟面或时间线底图，时针分针、数字、刻度和题目标签优先后续确定性叠加。
hjb-primary-ds-v1-p3-215,P3,三年级下册,数据整理与统计表达,multiple-choice,Core,A_required,core,P1,time_clock,time-clock,clock,true,not-generated,candidates/hjb-primary-ds-v1-p3-215.png,题干或单元含显性看图/操作/空间方位/图表线索；没有插图会明显影响低龄学生理解题意、还原对象数量或完成空间/图表判断。,下表是四个小朋友1分钟跳绳的成绩： 小军：120下，小红：98下，小刚：135下，小丽：110下。 下面说法正确的是（ ）。,生成无错误文字的钟面或时间线底图，时针分针、数字、刻度和题目标签优先后续确定性叠加。
hjb-primary-ds-v1-p3-235,P3,三年级下册,三年级下册数学广场与整理复习,multiple-choice,Core,A_required,core,P1,time_clock,time-clock,clock,true,not-generated,candidates/hjb-primary-ds-v1-p3-235.png,题干或单元含显性看图/操作/空间方位/图表线索；没有插图会明显影响低龄学生理解题意、还原对象数量或完成空间/图表判断。,学校举行跳绳比赛，记录了三（2）班四名同学一分钟跳绳的次数：小杰跳了142下，小文跳了135下，小宇跳了148下，小琪跳了139下。下面哪个结论是正确的？,生成无错误文字的钟面或时间线底图，时针分针、数字、刻度和题目标签优先后续确定性叠加。
hjb-primary-ds-v1-p4-194,P4,四年级下册,统计,fill-in,Foundation,A_required,core,P1,time_clock,time-clock,clock,true,not-generated,candidates/hjb-primary-ds-v1-p4-194.png,题干或单元含显性看图/操作/空间方位/图表线索；没有插图会明显影响低龄学生理解题意、还原对象数量或完成空间/图表判断。,小巧记录了某天上午8时到12时室外气温变化情况，并绘制成折线统计图。横轴表示时间（8时、9时、10时、11时、12时），纵轴表示气温（℃），每格代表1℃。数据点：8时15℃，9时17℃，10时20℃，11时22℃，12时21℃。请填空：从8时到12时，气温最高出现在______时，为______℃。,生成无错误文字的钟面或时间线底图，时针分针、数字、刻度和题目标签优先后续确定性叠加。
hjb-primary-ds-v1-p4-195,P4,四年级下册,统计,multiple-choice,Core,A_required,core,P1,time_clock,time-clock,clock,true,not-generated,candidates/hjb-primary-ds-v1-p4-195.png,题干或单元含显性看图/操作/空间方位/图表线索；没有插图会明显影响低龄学生理解题意、还原对象数量或完成空间/图表判断。,小丁丁记录了自己一周内每天做作业的时间，并制成折线统计图。横轴表示星期一到星期日，纵轴表示时间（分钟），每格代表5分钟。数据点：星期一30分钟，星期二25分钟，星期三35分钟，星期四30分钟，星期五40分钟，星期六20分钟，星期日15分钟。根据统计图，下列说法正确的是（ ）。,生成无错误文字的钟面或时间线底图，时针分针、数字、刻度和题目标签优先后续确定性叠加。
hjb-primary-ds-v1-p5-096,P5,五年级上册,数据整理与平均数,short-answer,Core,A_required,core,P1,time_clock,time-clock,clock,true,not-generated,candidates/hjb-primary-ds-v1-p5-096.png,题干或单元含显性看图/操作/空间方位/图表线索；没有插图会明显影响低龄学生理解题意、还原对象数量或完成空间/图表判断。,下面是五年级（1）班第一小组6名同学1分钟跳绳的成绩（单位：下）： 148，152，139，145，150，140。 （1）这组数据的平均数是多少？结果保留一位小数。 （2）根据平均数，你能得出什么结论？请用数据说明。,生成无错误文字的钟面或时间线底图，时针分针、数字、刻度和题目标签优先后续确定性叠加。
hjb-primary-ds-v1-p5-097,P5,五年级上册,数据整理与平均数,multiple-choice,Foundation,A_required,core,P1,time_clock,time-clock,clock,true,not-generated,candidates/hjb-primary-ds-v1-p5-097.png,题干或单元含显性看图/操作/空间方位/图表线索；没有插图会明显影响低龄学生理解题意、还原对象数量或完成空间/图表判断。,下面是四名同学1分钟跳绳的成绩记录：小杰跳了142下，小雅跳了135下，小浩跳了148下，小悦跳了139下。这四名同学1分钟跳绳的平均成绩是多少下？,生成无错误文字的钟面或时间线底图，时针分针、数字、刻度和题目标签优先后续确定性叠加。
hjb-primary-ds-v1-p5-098,P5,五年级上册,数据整理与平均数,fill-in,Challenge,A_required,core,P1,time_clock,time-clock,clock,true,not-generated,candidates/hjb-primary-ds-v1-p5-098.png,题干或单元含显性看图/操作/空间方位/图表线索；没有插图会明显影响低龄学生理解题意、还原对象数量或完成空间/图表判断。,下面是五年级（1）班第一小组6名同学1分钟跳绳的成绩记录（单位：下）： 小杰：142 小雅：138 小浩：145 小雯：140 小凯：136 小婷：149 请计算这组数据的平均数，结果四舍五入取整，并回答：这个平均数表示什么？,生成无错误文字的钟面或时间线底图，时针分针、数字、刻度和题目标签优先后续确定性叠加。
hjb-primary-ds-v1-p5-099,P5,五年级上册,数据整理与平均数,short-answer,Core,A_required,core,P1,time_clock,time-clock,clock,true,not-generated,candidates/hjb-primary-ds-v1-p5-099.png,题干或单元含显性看图/操作/空间方位/图表线索；没有插图会明显影响低龄学生理解题意、还原对象数量或完成空间/图表判断。,下面是四（1）班第一小组5名同学1分钟跳绳的成绩记录（单位：下）： 小杰：132 小雅：145 小宇：128 小婷：150 小浩：135 （1）这5名同学1分钟跳绳的平均成绩是多少下？ （2）根据平均成绩，你认为这个小组的跳绳水平怎么样？请用数据说明你的结论。,生成无错误文字的钟面或时间线底图，时针分针、数字、刻度和题目标签优先后续确定性叠加。
hjb-primary-ds-v1-p5-100,P5,五年级上册,数据整理与平均数,multiple-choice,Foundation,A_required,core,P1,time_clock,time-clock,clock,true,not-generated,candidates/hjb-primary-ds-v1-p5-100.png,题干或单元含显性看图/操作/空间方位/图表线索；没有插图会明显影响低龄学生理解题意、还原对象数量或完成空间/图表判断。,下面是四名同学1分钟跳绳的成绩记录表： 小杰：142个 小雅：135个 小浩：148个 小美：139个 根据表中数据，下面哪句话是正确的？,生成无错误文字的钟面或时间线底图，时针分针、数字、刻度和题目标签优先后续确定性叠加。
hjb-primary-ds-v1-p5-102,P5,五年级上册,数据整理与平均数,short-answer,Core,A_required,core,P1,time_clock,time-clock,clock,true,not-generated,candidates/hjb-primary-ds-v1-p5-102.png,题干或单元含显性看图/操作/空间方位/图表线索；没有插图会明显影响低龄学生理解题意、还原对象数量或完成空间/图表判断。,下面是四（1）班第一小组同学1分钟跳绳成绩的统计表： | 姓名 | 跳绳个数 | |------|----------| | 小明 | 120 | | 小红 | 135 | | 小刚 | 110 | | 小丽 | 125 | | 小强 | 130 | 请计算这个小组同学1分钟跳绳的平均个数，并回答：这个平均个数能代表每个人的跳绳水平吗？为什么？,生成无错误文字的钟面或时间线底图，时针分针、数字、刻度和题目标签优先后续确定性叠加。
hjb-primary-ds-v1-p5-103,P5,五年级上册,数据整理与平均数,multiple-choice,Foundation,A_required,core,P1,time_clock,time-clock,clock,true,not-generated,candidates/hjb-primary-ds-v1-p5-103.png,题干或单元含显性看图/操作/空间方位/图表线索；没有插图会明显影响低龄学生理解题意、还原对象数量或完成空间/图表判断。,小玲统计了自己一周内每天做作业所用的时间（单位：分钟）：30、35、25、40、30、45、30。下面关于这组数据的说法，正确的是（ ）。,生成无错误文字的钟面或时间线底图，时针分针、数字、刻度和题目标签优先后续确定性叠加。
hjb-primary-ds-v1-p5-106,P5,五年级上册,数据整理与平均数,multiple-choice,Foundation,A_required,core,P1,time_clock,time-clock,clock,true,not-generated,candidates/hjb-primary-ds-v1-p5-106.png,题干或单元含显性看图/操作/空间方位/图表线索；没有插图会明显影响低龄学生理解题意、还原对象数量或完成空间/图表判断。,小丁记录了五（1）班第一小组6名同学1分钟跳绳的次数：120、135、110、125、130、140。关于这组数据，下面哪种说法是正确的？,生成无错误文字的钟面或时间线底图，时针分针、数字、刻度和题目标签优先后续确定性叠加。
hjb-primary-ds-v1-p5-111,P5,五年级上册,数据整理与平均数,short-answer,Core,A_required,core,P1,time_clock,time-clock,clock,true,not-generated,candidates/hjb-primary-ds-v1-p5-111.png,题干或单元含显性看图/操作/空间方位/图表线索；没有插图会明显影响低龄学生理解题意、还原对象数量或完成空间/图表判断。,下面是五年级一班第一小组同学1分钟跳绳的成绩记录（单位：个）： 145，138，152，140，147，139，151，143。 （1）这组数据的平均数是多少？（保留整数） （2）这个平均数能代表这个小组的整体水平吗？请简要说明理由。,生成无错误文字的钟面或时间线底图，时针分针、数字、刻度和题目标签优先后续确定性叠加。
hjb-primary-ds-v1-p5-117,P5,五年级上册,数据整理与平均数,short-answer,Core,A_required,core,P1,time_clock,time-clock,clock,true,not-generated,candidates/hjb-primary-ds-v1-p5-117.png,题干或单元含显性看图/操作/空间方位/图表线索；没有插图会明显影响低龄学生理解题意、还原对象数量或完成空间/图表判断。,下面是四（1）班第一小组5名同学1分钟跳绳的成绩：小明120下，小红135下，小刚110下，小丽125下，小华130下。这5名同学1分钟跳绳的平均成绩是多少下？请列式计算。,生成无错误文字的钟面或时间线底图，时针分针、数字、刻度和题目标签优先后续确定性叠加。
hjb-primary-ds-v1-p5-121,P5,五年级上册,数据整理与平均数,multiple-choice,Foundation,A_required,core,P1,time_clock,time-clock,clock,true,not-generated,candidates/hjb-primary-ds-v1-p5-121.png,题干或单元含显性看图/操作/空间方位/图表线索；没有插图会明显影响低龄学生理解题意、还原对象数量或完成空间/图表判断。,下面是五年级一班第一小组6名同学1分钟跳绳的成绩记录（单位：下）： 小杰：142 小雅：138 小宇：145 小婷：136 小浩：150 小悦：139 根据这些数据，下列说法正确的是（ ）。,生成无错误文字的钟面或时间线底图，时针分针、数字、刻度和题目标签优先后续确定性叠加。
hjb-primary-ds-v1-p5-122,P5,五年级上册,数据整理与平均数,fill-in,Challenge,A_required,core,P1,time_clock,time-clock,clock,true,not-generated,candidates/hjb-primary-ds-v1-p5-122.png,题干或单元含显性看图/操作/空间方位/图表线索；没有插图会明显影响低龄学生理解题意、还原对象数量或完成空间/图表判断。,下面是五年级（1）班第一小组6名同学1分钟跳绳的成绩记录（单位：下）： 小杰：142，小雅：138，小浩：155，小雯：130，小凯：148，小婷：151。 请计算这6名同学1分钟跳绳的平均成绩，并根据平均数写出一条合理的结论。 平均成绩：______下 结论：______,生成无错误文字的钟面或时间线底图，时针分针、数字、刻度和题目标签优先后续确定性叠加。
hjb-primary-ds-v1-p5-123,P5,五年级上册,数据整理与平均数,short-answer,Core,A_required,core,P1,time_clock,time-clock,clock,true,not-generated,candidates/hjb-primary-ds-v1-p5-123.png,题干或单元含显性看图/操作/空间方位/图表线索；没有插图会明显影响低龄学生理解题意、还原对象数量或完成空间/图表判断。,下面是五年级（1）班第一小组6名同学1分钟跳绳的成绩（单位：下）： 小明：142，小红：138，小刚：147，小丽：135，小强：152，小芳：140。 （1）这组数据的平均数是多少？（列式计算） （2）根据平均数，你能得出什么结论？请用数据说明。,生成无错误文字的钟面或时间线底图，时针分针、数字、刻度和题目标签优先后续确定性叠加。
hjb-primary-ds-v1-p5-124,P5,五年级上册,数据整理与平均数,multiple-choice,Foundation,A_required,core,P1,time_clock,time-clock,clock,true,not-generated,candidates/hjb-primary-ds-v1-p5-124.png,题干或单元含显性看图/操作/空间方位/图表线索；没有插图会明显影响低龄学生理解题意、还原对象数量或完成空间/图表判断。,下面是四（1）班第一小组5名同学1分钟跳绳的成绩（单位：下）： 小明：120 小红：135 小刚：110 小兰：125 小强：130 根据这些数据，下面哪个说法是正确的？,生成无错误文字的钟面或时间线底图，时针分针、数字、刻度和题目标签优先后续确定性叠加。
hjb-primary-ds-v1-p5-126,P5,五年级上册,数据整理与平均数,short-answer,Core,A_required,core,P1,time_clock,time-clock,clock,true,not-generated,candidates/hjb-primary-ds-v1-p5-126.png,题干或单元含显性看图/操作/空间方位/图表线索；没有插图会明显影响低龄学生理解题意、还原对象数量或完成空间/图表判断。,下面是五年级一班第一小组6名同学1分钟跳绳的成绩（单位：下）：145、138、152、140、148、155。 （1）这组数据的平均数是多少？ （2）这个平均数表示什么？,生成无错误文字的钟面或时间线底图，时针分针、数字、刻度和题目标签优先后续确定性叠加。
hjb-primary-ds-v1-p5-225,P5,五年级下册,统计表达与综合应用,multiple-choice,Core,A_required,core,P1,time_clock,time-clock,clock,true,not-generated,candidates/hjb-primary-ds-v1-p5-225.png,题干或单元含显性看图/操作/空间方位/图表线索；没有插图会明显影响低龄学生理解题意、还原对象数量或完成空间/图表判断。,下面是某停车场连续5小时内的停车数量记录。 | 时刻 | 8:00 | 9:00 | 10:00 | 11:00 | 12:00 | |------|------|------|-------|-------|-------| | 停车数（辆） | 20 | 35 | 50 | 45 | 30 | 下列说法正确的是（ ）。,生成无错误文字的钟面或时间线底图，时针分针、数字、刻度和题目标签优先后续确定性叠加。
hjb-primary-ds-v1-p5-238,P5,五年级下册,统计表达与综合应用,fill-in,Core,A_required,core,P1,time_clock,time-clock,clock,true,not-generated,candidates/hjb-primary-ds-v1-p5-238.png,题干或单元含显性看图/操作/空间方位/图表线索；没有插图会明显影响低龄学生理解题意、还原对象数量或完成空间/图表判断。,小杰记录了自己一周内每天做作业所用的时间（单位：分钟）： 星期一：30，星期二：25，星期三：35，星期四：40，星期五：20，星期六：15，星期日：10。 他想用折线统计图展示这一周作业时间的变化趋势。横轴表示星期，纵轴表示时间（分钟），从0开始，每格表示5分钟。 请根据数据回答：作业时间减少最快的是哪两天之间？,生成无错误文字的钟面或时间线底图，时针分针、数字、刻度和题目标签优先后续确定性叠加。
hjb-primary-ds-v1-p2-028,P2,二年级上册,人民币与购物应用,multiple-choice,Exam,A_required,core,P1,money_shopping,money-shopping,money-scene,true,not-generated,candidates/hjb-primary-ds-v1-p2-028.png,题干或单元含显性看图/操作/空间方位/图表线索；没有插图会明显影响低龄学生理解题意、还原对象数量或完成空间/图表判断。,下面哪种付钱方式正好能买一个价格为3元8角的卷笔刀？,表现原创购物场景、商品、货币或价格牌底图；精确价格、币值和文字后续叠加。
hjb-primary-ds-v1-p2-030,P2,二年级上册,人民币与购物应用,short-answer,Core,A_required,core,P1,money_shopping,money-shopping,money-scene,true,not-generated,candidates/hjb-primary-ds-v1-p2-030.png,题干或单元含显性看图/操作/空间方位/图表线索；没有插图会明显影响低龄学生理解题意、还原对象数量或完成空间/图表判断。,妈妈去超市买了下面这些物品：一袋盐2元5角，一瓶酱油6元8角，一包糖4元。妈妈一共要付多少钱？请用“几元几角”的形式回答。,表现原创购物场景、商品、货币或价格牌底图；精确价格、币值和文字后续叠加。
hjb-primary-ds-v1-p2-031,P2,二年级上册,人民币与购物应用,multiple-choice,Challenge,A_required,core,P1,money_shopping,money-shopping,money-scene,true,not-generated,candidates/hjb-primary-ds-v1-p2-031.png,题干或单元含显性看图/操作/空间方位/图表线索；没有插图会明显影响低龄学生理解题意、还原对象数量或完成空间/图表判断。,小美想买一个笔记本和一支铅笔。笔记本的价格是2元5角，铅笔的价格是8角。下面哪种付钱方式正好够付，不需要找零？,表现原创购物场景、商品、货币或价格牌底图；精确价格、币值和文字后续叠加。
hjb-primary-ds-v1-p2-033,P2,二年级上册,人民币与购物应用,short-answer,Core,A_required,core,P1,money_shopping,money-shopping,money-scene,true,not-generated,candidates/hjb-primary-ds-v1-p2-033.png,题干或单元含显性看图/操作/空间方位/图表线索；没有插图会明显影响低龄学生理解题意、还原对象数量或完成空间/图表判断。,妈妈买了下面这些物品：一盒牛奶3元6角，一袋面包4元5角，一个苹果1元2角。妈妈一共花了多少钱？请用“元”和“角”回答。,表现原创购物场景、商品、货币或价格牌底图；精确价格、币值和文字后续叠加。
hjb-primary-ds-v1-p2-034,P2,二年级上册,人民币与购物应用,multiple-choice,Challenge,A_required,core,P1,money_shopping,money-shopping,money-scene,true,not-generated,candidates/hjb-primary-ds-v1-p2-034.png,题干或单元含显性看图/操作/空间方位/图表线索；没有插图会明显影响低龄学生理解题意、还原对象数量或完成空间/图表判断。,小东有10元钱，他想买两样不同的文具。下面哪种买法剩下的钱最少？,表现原创购物场景、商品、货币或价格牌底图；精确价格、币值和文字后续叠加。
hjb-primary-ds-v1-p2-043,P2,二年级上册,人民币与购物应用,multiple-choice,Challenge,A_required,core,P1,money_shopping,money-shopping,money-scene,true,not-generated,candidates/hjb-primary-ds-v1-p2-043.png,题干或单元含显性看图/操作/空间方位/图表线索；没有插图会明显影响低龄学生理解题意、还原对象数量或完成空间/图表判断。,下面哪种付钱方法正好能买一本6元5角的笔记本？,表现原创购物场景、商品、货币或价格牌底图；精确价格、币值和文字后续叠加。
hjb-primary-ds-v1-p2-045,P2,二年级上册,人民币与购物应用,short-answer,Core,A_required,core,P1,money_shopping,money-shopping,money-scene,true,not-generated,candidates/hjb-primary-ds-v1-p2-045.png,题干或单元含显性看图/操作/空间方位/图表线索；没有插图会明显影响低龄学生理解题意、还原对象数量或完成空间/图表判断。,小东有10元钱，他想买一个7元8角的文具盒，售货员应该找他多少钱？请写出算式和答案。,表现原创购物场景、商品、货币或价格牌底图；精确价格、币值和文字后续叠加。
hjb-primary-ds-v1-p2-136,P2,二年级上册,二年级上册数学广场与整理复习,multiple-choice,Foundation,A_required,core,P1,money_shopping,money-shopping,money-scene,true,not-generated,candidates/hjb-primary-ds-v1-p2-136.png,题干或单元含显性看图/操作/空间方位/图表线索；没有插图会明显影响低龄学生理解题意、还原对象数量或完成空间/图表判断。,小乐有3张5元纸币和4枚1元硬币，他想买一本18元的笔记本。下面哪种付钱方法正好够付，而且不用找钱？,表现原创购物场景、商品、货币或价格牌底图；精确价格、币值和文字后续叠加。
hjb-primary-ds-v1-p2-235,P2,二年级下册,二年级下册数学广场与整理复习,multiple-choice,Core,A_required,core,P1,money_shopping,money-shopping,money-scene,true,not-generated,candidates/hjb-primary-ds-v1-p2-235.png,题干或单元含显性看图/操作/空间方位/图表线索；没有插图会明显影响低龄学生理解题意、还原对象数量或完成空间/图表判断。,小玲在解决一个问题：“妈妈买了3盒牛奶，每盒4元，又买了一袋面包8元。妈妈一共花了多少钱？” 她列出了两个算式： ① 3×4=12（元） ② 12+8=20（元） 她选择用乘加两步计算来解决。下面哪个问题也需要用乘加两步计算？,表现原创购物场景、商品、货币或价格牌底图；精确价格、币值和文字后续叠加。
hjb-primary-ds-v1-p3-028,P3,三年级上册（老课本暂用）,乘与除,multiple-choice,Exam,A_required,core,P1,money_shopping,money-shopping,money-scene,true,not-generated,candidates/hjb-primary-ds-v1-p3-028.png,题干或单元含显性看图/操作/空间方位/图表线索；没有插图会明显影响低龄学生理解题意、还原对象数量或完成空间/图表判断。,学校买来一些跳绳，每班分4根，可以分给几个班？下面哪个信息是解决问题必需的？,表现原创购物场景、商品、货币或价格牌底图；精确价格、币值和文字后续叠加。
hjb-primary-ds-v1-p3-067,P3,三年级上册（老课本暂用）,用一位数乘,multiple-choice,Core,A_required,core,P1,money_shopping,money-shopping,money-scene,true,not-generated,candidates/hjb-primary-ds-v1-p3-067.png,题干或单元含显性看图/操作/空间方位/图表线索；没有插图会明显影响低龄学生理解题意、还原对象数量或完成空间/图表判断。,一箱矿泉水有24瓶，学校买了8箱。下面哪个算式先估算再精确计算，并且估算能帮助发现计算错误？,表现原创购物场景、商品、货币或价格牌底图；精确价格、币值和文字后续叠加。
hjb-primary-ds-v1-p3-154,P3,三年级下册,三年级下册复习与乘除运算,multiple-choice,Foundation,A_required,core,P1,money_shopping,money-shopping,money-scene,true,not-generated,candidates/hjb-primary-ds-v1-p3-154.png,题干或单元含显性看图/操作/空间方位/图表线索；没有插图会明显影响低龄学生理解题意、还原对象数量或完成空间/图表判断。,学校买来 6 包练习本，每包 25 本，平均分给 5 个班。下面哪个算式先算一共有多少本？,表现原创购物场景、商品、货币或价格牌底图；精确价格、币值和文字后续叠加。
hjb-primary-ds-v1-p4-088,P4,四年级上册,整数的四则运算,multiple-choice,Core,A_required,core,P1,money_shopping,money-shopping,money-scene,true,not-generated,candidates/hjb-primary-ds-v1-p4-088.png,题干或单元含显性看图/操作/空间方位/图表线索；没有插图会明显影响低龄学生理解题意、还原对象数量或完成空间/图表判断。,学校图书馆买来一批新书，如果每个书架放320本，需要20个书架。如果每个书架多放80本，需要多少个书架？下面列式正确的是（ ）。,表现原创购物场景、商品、货币或价格牌底图；精确价格、币值和文字后续叠加。
hjb-primary-ds-v1-p5-004,P5,五年级上册,小数乘除法与估算,multiple-choice,Exam,A_required,core,P1,money_shopping,money-shopping,money-scene,true,not-generated,candidates/hjb-primary-ds-v1-p5-004.png,题干或单元含显性看图/操作/空间方位/图表线索；没有插图会明显影响低龄学生理解题意、还原对象数量或完成空间/图表判断。,一种彩带每米售价4.5元，王老师买了3.6米。下面哪个算式可以估算出总价大约是多少元？,表现原创购物场景、商品、货币或价格牌底图；精确价格、币值和文字后续叠加。
hjb-primary-ds-v1-p5-016,P5,五年级上册,小数乘除法与估算,multiple-choice,Exam,A_required,core,P1,money_shopping,money-shopping,money-scene,true,not-generated,candidates/hjb-primary-ds-v1-p5-016.png,题干或单元含显性看图/操作/空间方位/图表线索；没有插图会明显影响低龄学生理解题意、还原对象数量或完成空间/图表判断。,妈妈买了2.5千克苹果，每千克7.8元；又买了1.6千克香蕉，每千克5.4元。她付了50元，应找回多少元？下面哪个估算结果最接近实际应找回的金额？,表现原创购物场景、商品、货币或价格牌底图；精确价格、币值和文字后续叠加。
hjb-primary-ds-v1-p5-037,P5,五年级上册,用字母表示数与简易方程,multiple-choice,Core,A_required,core,P1,money_shopping,money-shopping,money-scene,true,not-generated,candidates/hjb-primary-ds-v1-p5-037.png,题干或单元含显性看图/操作/空间方位/图表线索；没有插图会明显影响低龄学生理解题意、还原对象数量或完成空间/图表判断。,小华买了5支铅笔和3本笔记本，共花了16元。已知每本笔记本比每支铅笔贵2元。设每支铅笔的价格为x元，下面哪个方程是正确的？,表现原创购物场景、商品、货币或价格牌底图；精确价格、币值和文字后续叠加。
hjb-primary-ds-v1-p5-104,P5,五年级上册,数据整理与平均数,fill-in,Challenge,A_required,core,P1,money_shopping,money-shopping,money-scene,true,not-generated,candidates/hjb-primary-ds-v1-p5-104.png,题干或单元含显性看图/操作/空间方位/图表线索；没有插图会明显影响低龄学生理解题意、还原对象数量或完成空间/图表判断。,下面是五年级两个班在“爱心义卖”活动中各班捐款金额的统计表： | 班级 | 捐款总金额（元） | 人数 | |------|------------------|------| | 五（1）班 | 450 | 30 | | 五（2）班 | 480 | 32 | 哪个班的人均捐款金额更高？请计算并填空：五（1）班人均捐款______元，五（2）班人均捐款______元，所以______班的人均捐款金额更高。,表现原创购物场景、商品、货币或价格牌底图；精确价格、币值和文字后续叠加。
hjb-primary-ds-v1-p5-105,P5,五年级上册,数据整理与平均数,short-answer,Core,A_required,core,P1,money_shopping,money-shopping,money-scene,true,not-generated,candidates/hjb-primary-ds-v1-p5-105.png,题干或单元含显性看图/操作/空间方位/图表线索；没有插图会明显影响低龄学生理解题意、还原对象数量或完成空间/图表判断。,下面是某商店一周内每天卖出书包数量的统计表： | 星期 | 一 | 二 | 三 | 四 | 五 | 六 | 日 | |------|----|----|----|----|----|----|----| | 数量（个） | 8 | 6 | 9 | 7 | 10 | 12 | 11 | （1）这一周平均每天卖出多少个书包？ （2）哪几天卖出的数量高于平均数？请写出来。,表现原创购物场景、商品、货币或价格牌底图；精确价格、币值和文字后续叠加。
hjb-primary-ds-v1-p5-114,P5,五年级上册,数据整理与平均数,short-answer,Core,A_required,core,P1,money_shopping,money-shopping,money-scene,true,not-generated,candidates/hjb-primary-ds-v1-p5-114.png,题干或单元含显性看图/操作/空间方位/图表线索；没有插图会明显影响低龄学生理解题意、还原对象数量或完成空间/图表判断。,下面是某水果店连续5天卖出苹果数量的统计表： 第一天：30千克，第二天：35千克，第三天：28千克，第四天：32千克，第五天：40千克。 （1）这5天卖出苹果的平均数是多少千克？ （2）哪几天卖出的苹果数量高于平均数？,表现原创购物场景、商品、货币或价格牌底图；精确价格、币值和文字后续叠加。
hjb-primary-ds-v1-p6-145,P6,六年级下册,二元一次方程组,multiple-choice,Foundation,A_required,core,P1,money_shopping,money-shopping,money-scene,true,not-generated,candidates/hjb-primary-ds-v1-p6-145.png,题干或单元含显性看图/操作/空间方位/图表线索；没有插图会明显影响低龄学生理解题意、还原对象数量或完成空间/图表判断。,学校买来一批篮球和足球，篮球每个80元，足球每个60元，一共买了12个球，总价840元。设篮球买了x个，足球买了y个，下面哪个方程组是正确的？,表现原创购物场景、商品、货币或价格牌底图；精确价格、币值和文字后续叠加。
hjb-primary-ds-v1-p6-157,P6,六年级下册,二元一次方程组,multiple-choice,Core,A_required,core,P1,money_shopping,money-shopping,money-scene,true,not-generated,candidates/hjb-primary-ds-v1-p6-157.png,题干或单元含显性看图/操作/空间方位/图表线索；没有插图会明显影响低龄学生理解题意、还原对象数量或完成空间/图表判断。,小明买了若干支铅笔和圆珠笔，铅笔每支2元，圆珠笔每支3元，一共花了14元，且买的铅笔支数是圆珠笔支数的2倍。设铅笔买了x支，圆珠笔买了y支，下面哪个方程组是正确的？,表现原创购物场景、商品、货币或价格牌底图；精确价格、币值和文字后续叠加。
hjb-primary-ds-v1-p6-160,P6,六年级下册,二元一次方程组,multiple-choice,Foundation,A_required,core,P1,money_shopping,money-shopping,money-scene,true,not-generated,candidates/hjb-primary-ds-v1-p6-160.png,题干或单元含显性看图/操作/空间方位/图表线索；没有插图会明显影响低龄学生理解题意、还原对象数量或完成空间/图表判断。,小华和小丽共有邮票40枚，小华邮票枚数比小丽的3倍少4枚。设小华有x枚，小丽有y枚，下面哪个方程组是正确的？,表现原创购物场景、商品、货币或价格牌底图；精确价格、币值和文字后续叠加。
hjb-primary-ds-v1-p6-201,P6,六年级下册,一元一次方程,multiple-choice,Core,A_required,core,P1,money_shopping,money-shopping,money-scene,true,not-generated,candidates/hjb-primary-ds-v1-p6-201.png,题干或单元含显性看图/操作/空间方位/图表线索；没有插图会明显影响低龄学生理解题意、还原对象数量或完成空间/图表判断。,小杰买了3支同样的钢笔，付了20元，找回2元。设每支钢笔x元，下面哪个方程是正确的？,表现原创购物场景、商品、货币或价格牌底图；精确价格、币值和文字后续叠加。
hjb-primary-ds-v1-p6-211,P6,六年级下册,一元一次方程,multiple-choice,Core,A_required,core,P1,money_shopping,money-shopping,money-scene,true,not-generated,candidates/hjb-primary-ds-v1-p6-211.png,题干或单元含显性看图/操作/空间方位/图表线索；没有插图会明显影响低龄学生理解题意、还原对象数量或完成空间/图表判断。,小杰买了3本笔记本和2支钢笔，一共花了36元。已知每支钢笔比每本笔记本贵3元。设每本笔记本的价格为x元，下面哪个方程是正确的？,表现原创购物场景、商品、货币或价格牌底图；精确价格、币值和文字后续叠加。
hjb-primary-ds-v1-p1-054,P1,一年级上册,10以内数的认识,short-answer,Foundation,A_required,core,P1,position_map,position-map,map,true,not-generated,candidates/hjb-primary-ds-v1-p1-054.png,题干或单元含显性看图/操作/空间方位/图表线索；没有插图会明显影响低龄学生理解题意、还原对象数量或完成空间/图表判断。,从0数到10，5的前面一个数是几？,表现方位、前后左右、路线、格子地图或教室平面图底图，具体箭头、文字和坐标后续叠加。
hjb-primary-ds-v1-p1-228,P1,一年级下册,身体上的尺子与数学广场,fill-in,Foundation,A_required,core,P1,position_map,position-map,map,true,not-generated,candidates/hjb-primary-ds-v1-p1-228.png,题干或单元含显性看图/操作/空间方位/图表线索；没有插图会明显影响低龄学生理解题意、还原对象数量或完成空间/图表判断。,小红的步长大约是30厘米。她从教室前面走到后面，走了8步。教室的长大约是多少厘米？,表现方位、前后左右、路线、格子地图或教室平面图底图，具体箭头、文字和坐标后续叠加。
hjb-primary-ds-v1-p2-047,P2,二年级上册,校园方位与位置表达,fill-in,Foundation,A_required,core,P1,position_map,position-map,map,true,not-generated,candidates/hjb-primary-ds-v1-p2-047.png,题干或单元含显性看图/操作/空间方位/图表线索；没有插图会明显影响低龄学生理解题意、还原对象数量或完成空间/图表判断。,校园里，教学楼在操场的东面，图书馆在教学楼的北面。以操场为参照点，图书馆在操场的什么方向？,表现方位、前后左右、路线、格子地图或教室平面图底图，具体箭头、文字和坐标后续叠加。
hjb-primary-ds-v1-p2-048,P2,二年级上册,校园方位与位置表达,short-answer,Core,A_required,core,P1,position_map,position-map,map,true,not-generated,candidates/hjb-primary-ds-v1-p2-048.png,题干或单元含显性看图/操作/空间方位/图表线索；没有插图会明显影响低龄学生理解题意、还原对象数量或完成空间/图表判断。,小玲从家出发，先向东走到公园，再向南走到书店，最后向西走到学校。请描述小玲从学校回家的路线。,表现方位、前后左右、路线、格子地图或教室平面图底图，具体箭头、文字和坐标后续叠加。
hjb-primary-ds-v1-p2-049,P2,二年级上册,校园方位与位置表达,multiple-choice,Challenge,A_required,core,P1,position_map,position-map,map,true,not-generated,candidates/hjb-primary-ds-v1-p2-049.png,题干或单元含显性看图/操作/空间方位/图表线索；没有插图会明显影响低龄学生理解题意、还原对象数量或完成空间/图表判断。,四个小朋友站在操场上，小军在小红的东面，小强在小红的南面，小丽在小强的东面。请问小丽在小红的什么方向？,表现方位、前后左右、路线、格子地图或教室平面图底图，具体箭头、文字和坐标后续叠加。
hjb-primary-ds-v1-p2-050,P2,二年级上册,校园方位与位置表达,fill-in,Foundation,A_required,core,P1,position_map,position-map,map,true,not-generated,candidates/hjb-primary-ds-v1-p2-050.png,题干或单元含显性看图/操作/空间方位/图表线索；没有插图会明显影响低龄学生理解题意、还原对象数量或完成空间/图表判断。,学校大门朝南。走进大门，正对面是教学楼，教学楼在大门的____面。,表现方位、前后左右、路线、格子地图或教室平面图底图，具体箭头、文字和坐标后续叠加。
hjb-primary-ds-v1-p2-051,P2,二年级上册,校园方位与位置表达,short-answer,Core,A_required,core,P1,position_map,position-map,map,true,not-generated,candidates/hjb-primary-ds-v1-p2-051.png,题干或单元含显性看图/操作/空间方位/图表线索；没有插图会明显影响低龄学生理解题意、还原对象数量或完成空间/图表判断。,小明的学校操场平面图上，校门在操场的南面，教学楼在校门的北面，操场在教学楼的东面。请问操场在校门的哪个方向？,表现方位、前后左右、路线、格子地图或教室平面图底图，具体箭头、文字和坐标后续叠加。
hjb-primary-ds-v1-p2-052,P2,二年级上册,校园方位与位置表达,multiple-choice,Challenge,A_required,core,P1,position_map,position-map,map,true,not-generated,candidates/hjb-primary-ds-v1-p2-052.png,题干或单元含显性看图/操作/空间方位/图表线索；没有插图会明显影响低龄学生理解题意、还原对象数量或完成空间/图表判断。,小华站在学校操场中央，面向北。他的左边是图书馆，右边是体育馆。请问图书馆在操场的哪个方向？,表现方位、前后左右、路线、格子地图或教室平面图底图，具体箭头、文字和坐标后续叠加。
hjb-primary-ds-v1-p2-053,P2,二年级上册,校园方位与位置表达,fill-in,Foundation,A_required,core,P1,position_map,position-map,map,true,not-generated,candidates/hjb-primary-ds-v1-p2-053.png,题干或单元含显性看图/操作/空间方位/图表线索；没有插图会明显影响低龄学生理解题意、还原对象数量或完成空间/图表判断。,学校大门朝南。走进大门，正前方是花坛，花坛的东面是教学楼，西面是办公楼。办公楼在花坛的______面。,表现方位、前后左右、路线、格子地图或教室平面图底图，具体箭头、文字和坐标后续叠加。
hjb-primary-ds-v1-p2-054,P2,二年级上册,校园方位与位置表达,short-answer,Core,A_required,core,P1,position_map,position-map,map,true,not-generated,candidates/hjb-primary-ds-v1-p2-054.png,题干或单元含显性看图/操作/空间方位/图表线索；没有插图会明显影响低龄学生理解题意、还原对象数量或完成空间/图表判断。,从学校出发，先向北走到公园，再向东走到图书馆，最后向南走到电影院。请问电影院在学校的哪个方向？,表现方位、前后左右、路线、格子地图或教室平面图底图，具体箭头、文字和坐标后续叠加。
hjb-primary-ds-v1-p2-055,P2,二年级上册,校园方位与位置表达,multiple-choice,Challenge,A_required,core,P1,position_map,position-map,map,true,not-generated,candidates/hjb-primary-ds-v1-p2-055.png,题干或单元含显性看图/操作/空间方位/图表线索；没有插图会明显影响低龄学生理解题意、还原对象数量或完成空间/图表判断。,小丽从家出发，先向西走到超市，再向北走到书店，最后向东走到学校。小丽从学校回家，应该怎么走？,表现方位、前后左右、路线、格子地图或教室平面图底图，具体箭头、文字和坐标后续叠加。
hjb-primary-ds-v1-p2-056,P2,二年级上册,校园方位与位置表达,fill-in,Foundation,A_required,core,P1,position_map,position-map,map,true,not-generated,candidates/hjb-primary-ds-v1-p2-056.png,题干或单元含显性看图/操作/空间方位/图表线索；没有插图会明显影响低龄学生理解题意、还原对象数量或完成空间/图表判断。,小明的学校地图上，校门在正南方，操场在校门的北面，教学楼在操场的东面。请问教学楼在校门的什么方向？,表现方位、前后左右、路线、格子地图或教室平面图底图，具体箭头、文字和坐标后续叠加。
hjb-primary-ds-v1-p2-057,P2,二年级上册,校园方位与位置表达,short-answer,Core,A_required,core,P1,position_map,position-map,map,true,not-generated,candidates/hjb-primary-ds-v1-p2-057.png,题干或单元含显性看图/操作/空间方位/图表线索；没有插图会明显影响低龄学生理解题意、还原对象数量或完成空间/图表判断。,小丽从家出发，先向东走200米到公园，再向北走150米到图书馆。请问图书馆在小丽家的什么方向？请用文字描述路线。,表现方位、前后左右、路线、格子地图或教室平面图底图，具体箭头、文字和坐标后续叠加。
hjb-primary-ds-v1-p2-058,P2,二年级上册,校园方位与位置表达,multiple-choice,Challenge,A_required,core,P1,position_map,position-map,map,true,not-generated,candidates/hjb-primary-ds-v1-p2-058.png,题干或单元含显性看图/操作/空间方位/图表线索；没有插图会明显影响低龄学生理解题意、还原对象数量或完成空间/图表判断。,在学校的平面图上，食堂在花坛的西面，花坛在图书馆的南面。请问图书馆在食堂的什么方向？,表现方位、前后左右、路线、格子地图或教室平面图底图，具体箭头、文字和坐标后续叠加。
hjb-primary-ds-v1-p2-059,P2,二年级上册,校园方位与位置表达,fill-in,Foundation,A_required,core,P1,position_map,position-map,map,true,not-generated,candidates/hjb-primary-ds-v1-p2-059.png,题干或单元含显性看图/操作/空间方位/图表线索；没有插图会明显影响低龄学生理解题意、还原对象数量或完成空间/图表判断。,小华面向东站立，他的后面是（ ）方，左面是（ ）方，右面是（ ）方。,表现方位、前后左右、路线、格子地图或教室平面图底图，具体箭头、文字和坐标后续叠加。
hjb-primary-ds-v1-p2-060,P2,二年级上册,校园方位与位置表达,short-answer,Core,A_required,core,P1,position_map,position-map,map,true,not-generated,candidates/hjb-primary-ds-v1-p2-060.png,题干或单元含显性看图/操作/空间方位/图表线索；没有插图会明显影响低龄学生理解题意、还原对象数量或完成空间/图表判断。,小动物们排队：小狗在小猫的东面，小兔在小狗的南面。请你说一说小兔在小猫的什么方向？,表现方位、前后左右、路线、格子地图或教室平面图底图，具体箭头、文字和坐标后续叠加。
hjb-primary-ds-v1-p2-061,P2,二年级上册,校园方位与位置表达,multiple-choice,Challenge,A_required,core,P1,position_map,position-map,map,true,not-generated,candidates/hjb-primary-ds-v1-p2-061.png,题干或单元含显性看图/操作/空间方位/图表线索；没有插图会明显影响低龄学生理解题意、还原对象数量或完成空间/图表判断。,下面是校园里四个地点的位置描述： • 操场在教学楼的东面 • 图书馆在教学楼的北面 • 花坛在操场的南面 • 校门在图书馆的西面 根据这些描述，校门在花坛的哪个方向？,表现方位、前后左右、路线、格子地图或教室平面图底图，具体箭头、文字和坐标后续叠加。
hjb-primary-ds-v1-p2-062,P2,二年级上册,校园方位与位置表达,fill-in,Foundation,A_required,core,P1,position_map,position-map,map,true,not-generated,candidates/hjb-primary-ds-v1-p2-062.png,题干或单元含显性看图/操作/空间方位/图表线索；没有插图会明显影响低龄学生理解题意、还原对象数量或完成空间/图表判断。,小丽站在校园中心花坛，她看到旗杆在自己的东面，教学楼在自己的北面。那么，小丽在旗杆的______面。,表现方位、前后左右、路线、格子地图或教室平面图底图，具体箭头、文字和坐标后续叠加。
hjb-primary-ds-v1-p2-063,P2,二年级上册,校园方位与位置表达,short-answer,Core,A_required,core,P1,position_map,position-map,map,true,not-generated,candidates/hjb-primary-ds-v1-p2-063.png,题干或单元含显性看图/操作/空间方位/图表线索；没有插图会明显影响低龄学生理解题意、还原对象数量或完成空间/图表判断。,校园地图上，大门在正南方，操场在大门的北面，教学楼在操场的东面，图书馆在教学楼的北面。请按顺序写出从大门到图书馆的行走路线（用方向词）。,表现方位、前后左右、路线、格子地图或教室平面图底图，具体箭头、文字和坐标后续叠加。
hjb-primary-ds-v1-p2-064,P2,二年级上册,校园方位与位置表达,multiple-choice,Challenge,A_required,core,P1,position_map,position-map,map,true,not-generated,candidates/hjb-primary-ds-v1-p2-064.png,题干或单元含显性看图/操作/空间方位/图表线索；没有插图会明显影响低龄学生理解题意、还原对象数量或完成空间/图表判断。,四个小朋友站在校园不同位置，描述如下： 小明说：“我在图书馆的东面。” 小红说：“我在操场的北面。” 小刚说：“我在花坛的西面。” 小丽说：“我在校门的南面。” 已知图书馆在操场的北面，花坛在操场的东面，校门在操场的南面。谁和小明在同一个方向（以操场为中心）？,表现方位、前后左右、路线、格子地图或教室平面图底图，具体箭头、文字和坐标后续叠加。
hjb-primary-ds-v1-p2-065,P2,二年级上册,校园方位与位置表达,fill-in,Foundation,A_required,core,P1,position_map,position-map,map,true,not-generated,candidates/hjb-primary-ds-v1-p2-065.png,题干或单元含显性看图/操作/空间方位/图表线索；没有插图会明显影响低龄学生理解题意、还原对象数量或完成空间/图表判断。,校园里，音乐教室在美术教室的东面，美术教室在舞蹈教室的南面。那么，舞蹈教室在音乐教室的______面。,表现方位、前后左右、路线、格子地图或教室平面图底图，具体箭头、文字和坐标后续叠加。
hjb-primary-ds-v1-p2-066,P2,二年级上册,校园方位与位置表达,short-answer,Core,A_required,core,P1,position_map,position-map,map,true,not-generated,candidates/hjb-primary-ds-v1-p2-066.png,题干或单元含显性看图/操作/空间方位/图表线索；没有插图会明显影响低龄学生理解题意、还原对象数量或完成空间/图表判断。,小乐站在学校操场中央，面向东。他先向右转一次，再向后转一次。现在小乐面向哪个方向？,表现方位、前后左右、路线、格子地图或教室平面图底图，具体箭头、文字和坐标后续叠加。
hjb-primary-ds-v1-p2-067,P2,二年级上册,校园方位与位置表达,multiple-choice,Challenge,A_required,core,P1,position_map,position-map,map,true,not-generated,candidates/hjb-primary-ds-v1-p2-067.png,题干或单元含显性看图/操作/空间方位/图表线索；没有插图会明显影响低龄学生理解题意、还原对象数量或完成空间/图表判断。,校园平面图上，教学楼在花坛的北面，操场在教学楼的东面。那么花坛在操场的什么方向？,表现方位、前后左右、路线、格子地图或教室平面图底图，具体箭头、文字和坐标后续叠加。
hjb-primary-ds-v1-p2-068,P2,二年级上册,校园方位与位置表达,fill-in,Foundation,A_required,core,P1,position_map,position-map,map,true,not-generated,candidates/hjb-primary-ds-v1-p2-068.png,题干或单元含显性看图/操作/空间方位/图表线索；没有插图会明显影响低龄学生理解题意、还原对象数量或完成空间/图表判断。,早晨，小红面向太阳去上学，她的前面是东，后面是____，左面是北，右面是南。,表现方位、前后左右、路线、格子地图或教室平面图底图，具体箭头、文字和坐标后续叠加。
hjb-primary-ds-v1-p2-069,P2,二年级上册,校园方位与位置表达,short-answer,Core,A_required,core,P1,position_map,position-map,map,true,not-generated,candidates/hjb-primary-ds-v1-p2-069.png,题干或单元含显性看图/操作/空间方位/图表线索；没有插图会明显影响低龄学生理解题意、还原对象数量或完成空间/图表判断。,从学校大门出发，先向北走到图书馆，再向东走到体育馆。请写出从体育馆返回学校大门的路线。,表现方位、前后左右、路线、格子地图或教室平面图底图，具体箭头、文字和坐标后续叠加。
hjb-primary-ds-v1-p2-120,P2,二年级上册,二年级上册数学广场与整理复习,short-answer,Foundation,A_required,core,P1,position_map,position-map,map,true,not-generated,candidates/hjb-primary-ds-v1-p2-120.png,题干或单元含显性看图/操作/空间方位/图表线索；没有插图会明显影响低龄学生理解题意、还原对象数量或完成空间/图表判断。,"小杰在复习方向时，写了一段话：""早晨，我面向太阳，前面是东，后面是西，左面是北，右面是南。""他写得对吗？如果不对，请改正。",表现方位、前后左右、路线、格子地图或教室平面图底图，具体箭头、文字和坐标后续叠加。
hjb-primary-ds-v1-p2-122,P2,二年级上册,二年级上册数学广场与整理复习,fill-in,Foundation,A_required,core,P1,position_map,position-map,map,true,not-generated,candidates/hjb-primary-ds-v1-p2-122.png,题干或单元含显性看图/操作/空间方位/图表线索；没有插图会明显影响低龄学生理解题意、还原对象数量或完成空间/图表判断。,小明在复习方向时，画了一个简单的方位图：他站在操场中心，面向北。他的后面是（ ），左面是（ ），右面是（ ）。请按顺序填空。,表现方位、前后左右、路线、格子地图或教室平面图底图，具体箭头、文字和坐标后续叠加。
hjb-primary-ds-v1-p2-129,P2,二年级上册,二年级上册数学广场与整理复习,short-answer,Core,A_required,core,P1,position_map,position-map,map,true,not-generated,candidates/hjb-primary-ds-v1-p2-129.png,题干或单元含显性看图/操作/空间方位/图表线索；没有插图会明显影响低龄学生理解题意、还原对象数量或完成空间/图表判断。,小明面向东站立，他向右转两次后，面向哪个方向？请写出方向，并说明你是怎样想的。,表现方位、前后左右、路线、格子地图或教室平面图底图，具体箭头、文字和坐标后续叠加。
hjb-primary-ds-v1-p2-133,P2,二年级上册,二年级上册数学广场与整理复习,multiple-choice,Core,A_required,core,P1,position_map,position-map,map,true,not-generated,candidates/hjb-primary-ds-v1-p2-133.png,题干或单元含显性看图/操作/空间方位/图表线索；没有插图会明显影响低龄学生理解题意、还原对象数量或完成空间/图表判断。,下面哪句话在描述方向时是正确的？,表现方位、前后左右、路线、格子地图或教室平面图底图，具体箭头、文字和坐标后续叠加。
hjb-primary-ds-v1-p2-194,P2,二年级下册,万以内的数,fill-in,Foundation,A_required,core,P1,position_map,position-map,map,true,not-generated,candidates/hjb-primary-ds-v1-p2-194.png,题干或单元含显性看图/操作/空间方位/图表线索；没有插图会明显影响低龄学生理解题意、还原对象数量或完成空间/图表判断。,在数位顺序表中，从右边起，第四位是______位。,表现方位、前后左右、路线、格子地图或教室平面图底图，具体箭头、文字和坐标后续叠加。
hjb-primary-ds-v1-p2-204,P2,二年级下册,万以内的数,fill-in,Foundation,A_required,core,P1,position_map,position-map,map,true,not-generated,candidates/hjb-primary-ds-v1-p2-204.png,题干或单元含显性看图/操作/空间方位/图表线索；没有插图会明显影响低龄学生理解题意、还原对象数量或完成空间/图表判断。,在数位顺序表中，从右边起第四位是______位。,表现方位、前后左右、路线、格子地图或教室平面图底图，具体箭头、文字和坐标后续叠加。
hjb-primary-ds-v1-p2-232,P2,二年级下册,二年级下册数学广场与整理复习,fill-in,Foundation,A_required,core,P1,position_map,position-map,map,true,not-generated,candidates/hjb-primary-ds-v1-p2-232.png,题干或单元含显性看图/操作/空间方位/图表线索；没有插图会明显影响低龄学生理解题意、还原对象数量或完成空间/图表判断。,在数学广场活动中，小丁发现了一组数：2，4，8，14，22，32。他发现从第三个数开始，每个数都是前两个数的和再加2。按照这个规律，32后面的一个数是多少？,表现方位、前后左右、路线、格子地图或教室平面图底图，具体箭头、文字和坐标后续叠加。
hjb-primary-ds-v1-p4-027,P4,四年级上册,数与量,short-answer,Challenge,A_required,core,P1,position_map,position-map,map,true,not-generated,candidates/hjb-primary-ds-v1-p4-027.png,题干或单元含显性看图/操作/空间方位/图表线索；没有插图会明显影响低龄学生理解题意、还原对象数量或完成空间/图表判断。,一个数省略万位后面的尾数约是20万，这个数最大是多少？最小是多少？,表现方位、前后左右、路线、格子地图或教室平面图底图，具体箭头、文字和坐标后续叠加。
hjb-primary-ds-v1-p4-045,P4,四年级上册,数与量,short-answer,Core,A_required,core,P1,position_map,position-map,map,true,not-generated,candidates/hjb-primary-ds-v1-p4-045.png,题干或单元含显性看图/操作/空间方位/图表线索；没有插图会明显影响低龄学生理解题意、还原对象数量或完成空间/图表判断。,一个数省略万位后面的尾数约是5万，这个数最大是（ ），最小是（ ）。,表现方位、前后左右、路线、格子地图或教室平面图底图，具体箭头、文字和坐标后续叠加。
hjb-primary-ds-v1-p4-124,P4,四年级上册,四年级上册整理与提高,multiple-choice,Core,A_required,core,P1,position_map,position-map,map,true,not-generated,candidates/hjb-primary-ds-v1-p4-124.png,题干或单元含显性看图/操作/空间方位/图表线索；没有插图会明显影响低龄学生理解题意、还原对象数量或完成空间/图表判断。,下面哪个选项中的数，省略万位后面的尾数求近似数后，结果都是50万？,表现方位、前后左右、路线、格子地图或教室平面图底图，具体箭头、文字和坐标后续叠加。
hjb-primary-ds-v1-p4-135,P4,四年级上册,四年级上册整理与提高,short-answer,Core,A_required,core,P1,position_map,position-map,map,true,not-generated,candidates/hjb-primary-ds-v1-p4-135.png,题干或单元含显性看图/操作/空间方位/图表线索；没有插图会明显影响低龄学生理解题意、还原对象数量或完成空间/图表判断。,小胖用步测的方法估测教室的长。他走10步大约5米，从教室前面走到后面走了24步，教室的长大约是多少米？请写出计算过程。,表现方位、前后左右、路线、格子地图或教室平面图底图，具体箭头、文字和坐标后续叠加。
hjb-primary-ds-v1-p4-206,P4,四年级下册,统计,fill-in,Foundation,A_required,core,P1,position_map,position-map,map,true,not-generated,candidates/hjb-primary-ds-v1-p4-206.png,题干或单元含显性看图/操作/空间方位/图表线索；没有插图会明显影响低龄学生理解题意、还原对象数量或完成空间/图表判断。,下表记录了学校气象小组一周内每天下午2时的气温。 | 星期 | 一 | 二 | 三 | 四 | 五 | 六 | 日 | |------|----|----|----|----|----|----|----| | 气温（℃） | 12 | 14 | 13 | 16 | 18 | 17 | 15 | 根据表中数据，在折线统计图中，表示星期五气温的点应该画在横轴“五”的上方，纵轴对应（ ）℃的位置。,表现方位、前后左右、路线、格子地图或教室平面图底图，具体箭头、文字和坐标后续叠加。
hjb-primary-ds-v1-p4-226,P4,四年级下册,几何小实践,fill-in,Foundation,A_required,core,P1,position_map,position-map,map,true,not-generated,candidates/hjb-primary-ds-v1-p4-226.png,题干或单元含显性看图/操作/空间方位/图表线索；没有插图会明显影响低龄学生理解题意、还原对象数量或完成空间/图表判断。,"在方格纸上，有一条直线经过点A(2,1)和点B(2,5)。小明说：“这条直线是竖直的。”小丽说：“这条直线与水平方向互相垂直。”你认为谁说得对？为什么？请填空：这条直线是______的，它与水平方向互相______。",表现方位、前后左右、路线、格子地图或教室平面图底图，具体箭头、文字和坐标后续叠加。
hjb-primary-ds-v1-p5-023,P5,五年级上册,小数乘除法与估算,fill-in,Challenge,A_required,core,P1,position_map,position-map,map,true,not-generated,candidates/hjb-primary-ds-v1-p5-023.png,题干或单元含显性看图/操作/空间方位/图表线索；没有插图会明显影响低龄学生理解题意、还原对象数量或完成空间/图表判断。,计算2.4×0.35时，先算24×35=840，然后看两个因数中一共有几位小数，就从积的右边起数出几位点上小数点。2.4×0.35的积是______。,表现方位、前后左右、路线、格子地图或教室平面图底图，具体箭头、文字和坐标后续叠加。
hjb-primary-ds-v1-p6-083,P6,六年级下册,比与比例,fill-in,Challenge,A_required,core,P1,position_map,position-map,map,true,not-generated,candidates/hjb-primary-ds-v1-p6-083.png,题干或单元含显性看图/操作/空间方位/图表线索；没有插图会明显影响低龄学生理解题意、还原对象数量或完成空间/图表判断。,在比例尺1:5000000的地图上，上海到北京的铁路长约26厘米，实际距离约是______千米。,表现方位、前后左右、路线、格子地图或教室平面图底图，具体箭头、文字和坐标后续叠加。
hjb-primary-ds-v1-p6-163,P6,六年级下册,有理数,multiple-choice,Core,A_required,core,P1,position_map,position-map,map,true,not-generated,candidates/hjb-primary-ds-v1-p6-163.png,题干或单元含显性看图/操作/空间方位/图表线索；没有插图会明显影响低龄学生理解题意、还原对象数量或完成空间/图表判断。,在数轴上，点A表示-3，点B在点A的右边，且到点A的距离为5个单位长度。点C与点B关于原点对称。则点C表示的数是（ ）。,表现方位、前后左右、路线、格子地图或教室平面图底图，具体箭头、文字和坐标后续叠加。
hjb-primary-ds-v1-p6-172,P6,六年级下册,有理数,multiple-choice,Foundation,A_required,core,P1,position_map,position-map,map,true,not-generated,candidates/hjb-primary-ds-v1-p6-172.png,题干或单元含显性看图/操作/空间方位/图表线索；没有插图会明显影响低龄学生理解题意、还原对象数量或完成空间/图表判断。,在数轴上，点A表示－3，点B在点A的右边5个单位长度处，点C与点B关于原点对称。点C表示的数是多少？,表现方位、前后左右、路线、格子地图或教室平面图底图，具体箭头、文字和坐标后续叠加。
hjb-primary-ds-v1-p6-176,P6,六年级下册,有理数,fill-in,Foundation,A_required,core,P1,position_map,position-map,map,true,not-generated,candidates/hjb-primary-ds-v1-p6-176.png,题干或单元含显性看图/操作/空间方位/图表线索；没有插图会明显影响低龄学生理解题意、还原对象数量或完成空间/图表判断。,在数轴上，点A表示-3，点B在点A的右边，且点B与原点的距离为5。点B表示的数是多少？,表现方位、前后左右、路线、格子地图或教室平面图底图，具体箭头、文字和坐标后续叠加。
hjb-primary-ds-v1-p3-004,P3,三年级上册（老课本暂用）,三年级上册复习与数的运算,multiple-choice,Exam,A_required,core,P1,plane_geometry,plane-geometry,geometry-diagram,true,not-generated,candidates/hjb-primary-ds-v1-p3-004.png,题干或单元含显性看图/操作/空间方位/图表线索；没有插图会明显影响低龄学生理解题意、还原对象数量或完成空间/图表判断。,下面哪个算式的结果与 456－199 的结果相等？,表现线段、角、圆、长方形、正方形、三角形、组合图形或面积周长示意，精确尺寸和文字后续叠加。
hjb-primary-ds-v1-p3-007,P3,三年级上册（老课本暂用）,三年级上册复习与数的运算,multiple-choice,Challenge,A_required,core,P1,plane_geometry,plane-geometry,geometry-diagram,true,not-generated,candidates/hjb-primary-ds-v1-p3-007.png,题干或单元含显性看图/操作/空间方位/图表线索；没有插图会明显影响低龄学生理解题意、还原对象数量或完成空间/图表判断。,小马虎计算 345 + 278 时，得到 513。他可能错在哪里？下面哪种说法最合理？,表现线段、角、圆、长方形、正方形、三角形、组合图形或面积周长示意，精确尺寸和文字后续叠加。
hjb-primary-ds-v1-p3-010,P3,三年级上册（老课本暂用）,三年级上册复习与数的运算,multiple-choice,Foundation,A_required,core,P1,plane_geometry,plane-geometry,geometry-diagram,true,not-generated,candidates/hjb-primary-ds-v1-p3-010.png,题干或单元含显性看图/操作/空间方位/图表线索；没有插图会明显影响低龄学生理解题意、还原对象数量或完成空间/图表判断。,下面哪个算式的结果与 456 + 198 相等？,表现线段、角、圆、长方形、正方形、三角形、组合图形或面积周长示意，精确尺寸和文字后续叠加。
hjb-primary-ds-v1-p3-013,P3,三年级上册（老课本暂用）,三年级上册复习与数的运算,multiple-choice,Core,A_required,core,P1,plane_geometry,plane-geometry,geometry-diagram,true,not-generated,candidates/hjb-primary-ds-v1-p3-013.png,题干或单元含显性看图/操作/空间方位/图表线索；没有插图会明显影响低龄学生理解题意、还原对象数量或完成空间/图表判断。,下面哪种验算方法可以检验 435 + 278 = 713 是否正确？,表现线段、角、圆、长方形、正方形、三角形、组合图形或面积周长示意，精确尺寸和文字后续叠加。
hjb-primary-ds-v1-p3-016,P3,三年级上册（老课本暂用）,三年级上册复习与数的运算,multiple-choice,Exam,A_required,core,P1,plane_geometry,plane-geometry,geometry-diagram,true,not-generated,candidates/hjb-primary-ds-v1-p3-016.png,题干或单元含显性看图/操作/空间方位/图表线索；没有插图会明显影响低龄学生理解题意、还原对象数量或完成空间/图表判断。,计算 456 + 278 时，下面哪种验算方法可以最直接地判断结果是否正确？,表现线段、角、圆、长方形、正方形、三角形、组合图形或面积周长示意，精确尺寸和文字后续叠加。
hjb-primary-ds-v1-p3-019,P3,三年级上册（老课本暂用）,三年级上册复习与数的运算,multiple-choice,Challenge,A_required,core,P1,plane_geometry,plane-geometry,geometry-diagram,true,not-generated,candidates/hjb-primary-ds-v1-p3-019.png,题干或单元含显性看图/操作/空间方位/图表线索；没有插图会明显影响低龄学生理解题意、还原对象数量或完成空间/图表判断。,下面哪个算式中的“6”表示 6 个百？,表现线段、角、圆、长方形、正方形、三角形、组合图形或面积周长示意，精确尺寸和文字后续叠加。
hjb-primary-ds-v1-p3-082,P3,三年级上册（老课本暂用）,长方形与正方形,multiple-choice,Core,A_required,core,P1,plane_geometry,plane-geometry,geometry-diagram,true,not-generated,candidates/hjb-primary-ds-v1-p3-082.png,题干或单元含显性看图/操作/空间方位/图表线索；没有插图会明显影响低龄学生理解题意、还原对象数量或完成空间/图表判断。,下面哪个说法是正确的？,表现线段、角、圆、长方形、正方形、三角形、组合图形或面积周长示意，精确尺寸和文字后续叠加。
hjb-primary-ds-v1-p3-084,P3,三年级上册（老课本暂用）,长方形与正方形,short-answer,Challenge,A_required,core,P1,plane_geometry,plane-geometry,geometry-diagram,true,not-generated,candidates/hjb-primary-ds-v1-p3-084.png,题干或单元含显性看图/操作/空间方位/图表线索；没有插图会明显影响低龄学生理解题意、还原对象数量或完成空间/图表判断。,用两个完全相同的长方形拼成一个大长方形，每个小长方形的长是7厘米，宽是4厘米。如果拼成的大长方形周长最短，应该怎样拼？请计算最短周长是多少厘米。,表现线段、角、圆、长方形、正方形、三角形、组合图形或面积周长示意，精确尺寸和文字后续叠加。
hjb-primary-ds-v1-p3-090,P3,三年级上册（老课本暂用）,长方形与正方形,short-answer,Challenge,A_required,core,P1,plane_geometry,plane-geometry,geometry-diagram,true,not-generated,candidates/hjb-primary-ds-v1-p3-090.png,题干或单元含显性看图/操作/空间方位/图表线索；没有插图会明显影响低龄学生理解题意、还原对象数量或完成空间/图表判断。,把两个完全相同的长方形拼成一个大长方形。每个小长方形的长是7厘米，宽是4厘米。拼成的大长方形的周长可能是多少厘米？请写出所有可能的情况。,表现线段、角、圆、长方形、正方形、三角形、组合图形或面积周长示意，精确尺寸和文字后续叠加。
hjb-primary-ds-v1-p3-139,P3,三年级下册,三年级下册复习与乘除运算,multiple-choice,Core,A_required,core,P1,plane_geometry,plane-geometry,geometry-diagram,true,not-generated,candidates/hjb-primary-ds-v1-p3-139.png,题干或单元含显性看图/操作/空间方位/图表线索；没有插图会明显影响低龄学生理解题意、还原对象数量或完成空间/图表判断。,下面哪个算式估算时，把被除数看作80最合适？,表现线段、角、圆、长方形、正方形、三角形、组合图形或面积周长示意，精确尺寸和文字后续叠加。
hjb-primary-ds-v1-p3-142,P3,三年级下册,三年级下册复习与乘除运算,multiple-choice,Foundation,A_required,core,P1,plane_geometry,plane-geometry,geometry-diagram,true,not-generated,candidates/hjb-primary-ds-v1-p3-142.png,题干或单元含显性看图/操作/空间方位/图表线索；没有插图会明显影响低龄学生理解题意、还原对象数量或完成空间/图表判断。,下面哪一道题用“先估算，再精确计算”的方法最合适？,表现线段、角、圆、长方形、正方形、三角形、组合图形或面积周长示意，精确尺寸和文字后续叠加。
hjb-primary-ds-v1-p3-145,P3,三年级下册,三年级下册复习与乘除运算,multiple-choice,Core,A_required,core,P1,plane_geometry,plane-geometry,geometry-diagram,true,not-generated,candidates/hjb-primary-ds-v1-p3-145.png,题干或单元含显性看图/操作/空间方位/图表线索；没有插图会明显影响低龄学生理解题意、还原对象数量或完成空间/图表判断。,下面哪个验算方法可以判断 315 ÷ 5 = 63 是否正确？,表现线段、角、圆、长方形、正方形、三角形、组合图形或面积周长示意，精确尺寸和文字后续叠加。
hjb-primary-ds-v1-p3-148,P3,三年级下册,三年级下册复习与乘除运算,multiple-choice,Foundation,A_required,core,P1,plane_geometry,plane-geometry,geometry-diagram,true,not-generated,candidates/hjb-primary-ds-v1-p3-148.png,题干或单元含显性看图/操作/空间方位/图表线索；没有插图会明显影响低龄学生理解题意、还原对象数量或完成空间/图表判断。,下面哪道题的估算方法最合理？,表现线段、角、圆、长方形、正方形、三角形、组合图形或面积周长示意，精确尺寸和文字后续叠加。
hjb-primary-ds-v1-p3-179,P3,三年级下册,小数的初步认识,fill-in,Core,A_required,core,P1,plane_geometry,plane-geometry,geometry-diagram,true,not-generated,candidates/hjb-primary-ds-v1-p3-179.png,题干或单元含显性看图/操作/空间方位/图表线索；没有插图会明显影响低龄学生理解题意、还原对象数量或完成空间/图表判断。,用小数表示下面各数：5分米=（ ）米，8角=（ ）元。,表现线段、角、圆、长方形、正方形、三角形、组合图形或面积周长示意，精确尺寸和文字后续叠加。
hjb-primary-ds-v1-p3-184,P3,三年级下册,小数的初步认识,fill-in,Foundation,A_required,core,P1,plane_geometry,plane-geometry,geometry-diagram,true,not-generated,candidates/hjb-primary-ds-v1-p3-184.png,题干或单元含显性看图/操作/空间方位/图表线索；没有插图会明显影响低龄学生理解题意、还原对象数量或完成空间/图表判断。,用小数表示下面钱数：8角 = ________元。,表现线段、角、圆、长方形、正方形、三角形、组合图形或面积周长示意，精确尺寸和文字后续叠加。
hjb-primary-ds-v1-p3-195,P3,三年级下册,面积与周长,multiple-choice,Core,A_required,core,P1,plane_geometry,plane-geometry,geometry-diagram,true,not-generated,candidates/hjb-primary-ds-v1-p3-195.png,题干或单元含显性看图/操作/空间方位/图表线索；没有插图会明显影响低龄学生理解题意、还原对象数量或完成空间/图表判断。,用12个边长1厘米的小正方形拼成一个长方形，下面哪种拼法得到的长方形周长最长？,表现线段、角、圆、长方形、正方形、三角形、组合图形或面积周长示意，精确尺寸和文字后续叠加。
hjb-primary-ds-v1-p3-197,P3,三年级下册,面积与周长,multiple-choice,Core,A_required,core,P1,plane_geometry,plane-geometry,geometry-diagram,true,not-generated,candidates/hjb-primary-ds-v1-p3-197.png,题干或单元含显性看图/操作/空间方位/图表线索；没有插图会明显影响低龄学生理解题意、还原对象数量或完成空间/图表判断。,一个长方形花坛长8米，宽3米。下面说法正确的是（ ）。,表现线段、角、圆、长方形、正方形、三角形、组合图形或面积周长示意，精确尺寸和文字后续叠加。
hjb-primary-ds-v1-p3-199,P3,三年级下册,面积与周长,multiple-choice,Core,A_required,core,P1,plane_geometry,plane-geometry,geometry-diagram,true,not-generated,candidates/hjb-primary-ds-v1-p3-199.png,题干或单元含显性看图/操作/空间方位/图表线索；没有插图会明显影响低龄学生理解题意、还原对象数量或完成空间/图表判断。,用12个边长1分米的正方形拼成一个长方形，下面哪种拼法拼成的长方形面积最大？,表现线段、角、圆、长方形、正方形、三角形、组合图形或面积周长示意，精确尺寸和文字后续叠加。
hjb-primary-ds-v1-p3-201,P3,三年级下册,面积与周长,multiple-choice,Core,A_required,core,P1,plane_geometry,plane-geometry,geometry-diagram,true,not-generated,candidates/hjb-primary-ds-v1-p3-201.png,题干或单元含显性看图/操作/空间方位/图表线索；没有插图会明显影响低龄学生理解题意、还原对象数量或完成空间/图表判断。,一个长方形花坛，长8米，宽5米。工人沿着花坛边缘围了一圈篱笆，又在花坛表面铺满草皮。下面哪句话是正确的？,表现线段、角、圆、长方形、正方形、三角形、组合图形或面积周长示意，精确尺寸和文字后续叠加。
hjb-primary-ds-v1-p3-202,P3,三年级下册,面积与周长,fill-in,Foundation,A_required,core,P1,plane_geometry,plane-geometry,geometry-diagram,true,not-generated,candidates/hjb-primary-ds-v1-p3-202.png,题干或单元含显性看图/操作/空间方位/图表线索；没有插图会明显影响低龄学生理解题意、还原对象数量或完成空间/图表判断。,用12个边长1厘米的小正方形拼成一个长方形，这个长方形的面积是____平方厘米。,表现线段、角、圆、长方形、正方形、三角形、组合图形或面积周长示意，精确尺寸和文字后续叠加。
hjb-primary-ds-v1-p3-205,P3,三年级下册,面积与周长,multiple-choice,Core,A_required,core,P1,plane_geometry,plane-geometry,geometry-diagram,true,not-generated,candidates/hjb-primary-ds-v1-p3-205.png,题干或单元含显性看图/操作/空间方位/图表线索；没有插图会明显影响低龄学生理解题意、还原对象数量或完成空间/图表判断。,下面两个图形都是用6个面积是1平方厘米的小正方形拼成的。甲是长3厘米、宽2厘米的长方形，乙是长6厘米、宽1厘米的长方形。关于它们的说法，哪一个是正确的？,表现线段、角、圆、长方形、正方形、三角形、组合图形或面积周长示意，精确尺寸和文字后续叠加。
hjb-primary-ds-v1-p3-207,P3,三年级下册,面积与周长,multiple-choice,Core,A_required,core,P1,plane_geometry,plane-geometry,geometry-diagram,true,not-generated,candidates/hjb-primary-ds-v1-p3-207.png,题干或单元含显性看图/操作/空间方位/图表线索；没有插图会明显影响低龄学生理解题意、还原对象数量或完成空间/图表判断。,一个长方形花坛长6米、宽4米。下面说法正确的是（ ）。,表现线段、角、圆、长方形、正方形、三角形、组合图形或面积周长示意，精确尺寸和文字后续叠加。
hjb-primary-ds-v1-p3-211,P3,三年级下册,面积与周长,multiple-choice,Core,A_required,core,P1,plane_geometry,plane-geometry,geometry-diagram,true,not-generated,candidates/hjb-primary-ds-v1-p3-211.png,题干或单元含显性看图/操作/空间方位/图表线索；没有插图会明显影响低龄学生理解题意、还原对象数量或完成空间/图表判断。,一个长方形花坛长8米、宽5米。小明用篱笆沿着花坛边缘围一圈，又在花坛表面铺满草皮。下面说法正确的是（ ）。,表现线段、角、圆、长方形、正方形、三角形、组合图形或面积周长示意，精确尺寸和文字后续叠加。
hjb-primary-ds-v1-p3-237,P3,三年级下册,三年级下册数学广场与整理复习,multiple-choice,Core,A_required,core,P1,plane_geometry,plane-geometry,geometry-diagram,true,not-generated,candidates/hjb-primary-ds-v1-p3-237.png,题干或单元含显性看图/操作/空间方位/图表线索；没有插图会明显影响低龄学生理解题意、还原对象数量或完成空间/图表判断。,学校要给一块长方形花坛围上篱笆，花坛长8米、宽5米。下面哪个选项是正确的？,表现线段、角、圆、长方形、正方形、三角形、组合图形或面积周长示意，精确尺寸和文字后续叠加。
hjb-primary-ds-v1-p3-241,P3,三年级下册,三年级下册数学广场与整理复习,multiple-choice,Core,A_required,core,P1,plane_geometry,plane-geometry,geometry-diagram,true,not-generated,candidates/hjb-primary-ds-v1-p3-241.png,题干或单元含显性看图/操作/空间方位/图表线索；没有插图会明显影响低龄学生理解题意、还原对象数量或完成空间/图表判断。,在整理复习时，小丁把下面四道题混在了一起。请你先判断每道题属于哪个知识领域，再选出哪一道题需要用到“先求边长再求周长”的策略。 ① 一个长方形花坛的长是8米，宽是5米，它的周长是多少米？ ② 用一根36厘米长的铁丝围成一个正方形，这个正方形的面积是多少平方厘米？ ③ 比较0.7和0.5的大小。 ④ 统计小组记录了本周每天借出的图书数量，要找出借出最多的一天。,表现线段、角、圆、长方形、正方形、三角形、组合图形或面积周长示意，精确尺寸和文字后续叠加。
hjb-primary-ds-v1-p3-248,P3,三年级下册,三年级下册数学广场与整理复习,multiple-choice,Core,A_required,core,P1,plane_geometry,plane-geometry,geometry-diagram,true,not-generated,candidates/hjb-primary-ds-v1-p3-248.png,题干或单元含显性看图/操作/空间方位/图表线索；没有插图会明显影响低龄学生理解题意、还原对象数量或完成空间/图表判断。,用一根长24厘米的铁丝围成一个长方形，下面哪种围法面积最大？,表现线段、角、圆、长方形、正方形、三角形、组合图形或面积周长示意，精确尺寸和文字后续叠加。
hjb-primary-ds-v1-p4-034,P4,四年级上册,数与量,multiple-choice,Foundation,A_required,core,P1,plane_geometry,plane-geometry,geometry-diagram,true,not-generated,candidates/hjb-primary-ds-v1-p4-034.png,题干或单元含显性看图/操作/空间方位/图表线索；没有插图会明显影响低龄学生理解题意、还原对象数量或完成空间/图表判断。,下面哪个面积单位最适合用来表示上海市的总面积？,表现线段、角、圆、长方形、正方形、三角形、组合图形或面积周长示意，精确尺寸和文字后续叠加。
hjb-primary-ds-v1-p4-097,P4,四年级上册,几何小实践,multiple-choice,Core,A_required,core,P1,plane_geometry,plane-geometry,geometry-diagram,true,not-generated,candidates/hjb-primary-ds-v1-p4-097.png,题干或单元含显性看图/操作/空间方位/图表线索；没有插图会明显影响低龄学生理解题意、还原对象数量或完成空间/图表判断。,下面关于线段、射线和直线的说法，正确的是哪一个？,表现线段、角、圆、长方形、正方形、三角形、组合图形或面积周长示意，精确尺寸和文字后续叠加。
hjb-primary-ds-v1-p4-100,P4,四年级上册,几何小实践,multiple-choice,Core,A_required,core,P1,plane_geometry,plane-geometry,geometry-diagram,true,not-generated,candidates/hjb-primary-ds-v1-p4-100.png,题干或单元含显性看图/操作/空间方位/图表线索；没有插图会明显影响低龄学生理解题意、还原对象数量或完成空间/图表判断。,用一副三角尺拼角，下面哪个度数的角不能直接拼出来？,表现线段、角、圆、长方形、正方形、三角形、组合图形或面积周长示意，精确尺寸和文字后续叠加。
hjb-primary-ds-v1-p4-103,P4,四年级上册,几何小实践,multiple-choice,Core,A_required,core,P1,plane_geometry,plane-geometry,geometry-diagram,true,not-generated,candidates/hjb-primary-ds-v1-p4-103.png,题干或单元含显性看图/操作/空间方位/图表线索；没有插图会明显影响低龄学生理解题意、还原对象数量或完成空间/图表判断。,下面关于圆的说法，正确的是（ ）。,表现线段、角、圆、长方形、正方形、三角形、组合图形或面积周长示意，精确尺寸和文字后续叠加。
hjb-primary-ds-v1-p4-106,P4,四年级上册,几何小实践,multiple-choice,Core,A_required,core,P1,plane_geometry,plane-geometry,geometry-diagram,true,not-generated,candidates/hjb-primary-ds-v1-p4-106.png,题干或单元含显性看图/操作/空间方位/图表线索；没有插图会明显影响低龄学生理解题意、还原对象数量或完成空间/图表判断。,小丁在纸上画了一个图形：先确定一个点O，把圆规两脚分开4厘米，针尖固定在O点，旋转一周画出一个圆。关于这个圆，下面哪句话是正确的？,表现线段、角、圆、长方形、正方形、三角形、组合图形或面积周长示意，精确尺寸和文字后续叠加。
hjb-primary-ds-v1-p4-109,P4,四年级上册,几何小实践,multiple-choice,Core,A_required,core,P1,plane_geometry,plane-geometry,geometry-diagram,true,not-generated,candidates/hjb-primary-ds-v1-p4-109.png,题干或单元含显性看图/操作/空间方位/图表线索；没有插图会明显影响低龄学生理解题意、还原对象数量或完成空间/图表判断。,下面关于角的说法，哪一个是正确的？,表现线段、角、圆、长方形、正方形、三角形、组合图形或面积周长示意，精确尺寸和文字后续叠加。
hjb-primary-ds-v1-p4-112,P4,四年级上册,几何小实践,multiple-choice,Core,A_required,core,P1,plane_geometry,plane-geometry,geometry-diagram,true,not-generated,candidates/hjb-primary-ds-v1-p4-112.png,题干或单元含显性看图/操作/空间方位/图表线索；没有插图会明显影响低龄学生理解题意、还原对象数量或完成空间/图表判断。,下面关于角的说法，哪一项是正确的？,表现线段、角、圆、长方形、正方形、三角形、组合图形或面积周长示意，精确尺寸和文字后续叠加。
hjb-primary-ds-v1-p4-118,P4,四年级上册,四年级上册整理与提高,multiple-choice,Core,A_required,core,P1,plane_geometry,plane-geometry,geometry-diagram,true,not-generated,candidates/hjb-primary-ds-v1-p4-118.png,题干或单元含显性看图/操作/空间方位/图表线索；没有插图会明显影响低龄学生理解题意、还原对象数量或完成空间/图表判断。,下面哪个数四舍五入到亿位后约等于10亿？,表现线段、角、圆、长方形、正方形、三角形、组合图形或面积周长示意，精确尺寸和文字后续叠加。
hjb-primary-ds-v1-p4-121,P4,四年级上册,四年级上册整理与提高,multiple-choice,Core,A_required,core,P1,plane_geometry,plane-geometry,geometry-diagram,true,not-generated,candidates/hjb-primary-ds-v1-p4-121.png,题干或单元含显性看图/操作/空间方位/图表线索；没有插图会明显影响低龄学生理解题意、还原对象数量或完成空间/图表判断。,在解决问题时，下面哪种情况最适合用“四舍五入法”先凑整再估算？,表现线段、角、圆、长方形、正方形、三角形、组合图形或面积周长示意，精确尺寸和文字后续叠加。
hjb-primary-ds-v1-p4-123,P4,四年级上册,四年级上册整理与提高,short-answer,Challenge,A_required,core,P1,plane_geometry,plane-geometry,geometry-diagram,true,not-generated,candidates/hjb-primary-ds-v1-p4-123.png,题干或单元含显性看图/操作/空间方位/图表线索；没有插图会明显影响低龄学生理解题意、还原对象数量或完成空间/图表判断。,用一副三角尺可以拼出很多角。小明说：“我用一副三角尺拼出了一个105°的角和一个15°的角。”请你想一想他是怎样拼的，并写出每个角是由哪两个已知角拼成的。,表现线段、角、圆、长方形、正方形、三角形、组合图形或面积周长示意，精确尺寸和文字后续叠加。
hjb-primary-ds-v1-p4-133,P4,四年级上册,四年级上册整理与提高,multiple-choice,Core,A_required,core,P1,plane_geometry,plane-geometry,geometry-diagram,true,not-generated,candidates/hjb-primary-ds-v1-p4-133.png,题干或单元含显性看图/操作/空间方位/图表线索；没有插图会明显影响低龄学生理解题意、还原对象数量或完成空间/图表判断。,下面哪种情况适合用“四舍五入法”求近似数？,表现线段、角、圆、长方形、正方形、三角形、组合图形或面积周长示意，精确尺寸和文字后续叠加。
hjb-primary-ds-v1-p4-136,P4,四年级上册,四年级上册整理与提高,multiple-choice,Foundation,A_required,core,P1,plane_geometry,plane-geometry,geometry-diagram,true,not-generated,candidates/hjb-primary-ds-v1-p4-136.png,题干或单元含显性看图/操作/空间方位/图表线索；没有插图会明显影响低龄学生理解题意、还原对象数量或完成空间/图表判断。,小丁丁在复习时遇到了下面四个问题，他应该选择哪个问题用“凑整到万位”的方法来解决？,表现线段、角、圆、长方形、正方形、三角形、组合图形或面积周长示意，精确尺寸和文字后续叠加。
hjb-primary-ds-v1-p4-139,P4,四年级下册,复习与提高,multiple-choice,Core,A_required,core,P1,plane_geometry,plane-geometry,geometry-diagram,true,not-generated,candidates/hjb-primary-ds-v1-p4-139.png,题干或单元含显性看图/操作/空间方位/图表线索；没有插图会明显影响低龄学生理解题意、还原对象数量或完成空间/图表判断。,下面哪个算式运用了乘法分配律？,表现线段、角、圆、长方形、正方形、三角形、组合图形或面积周长示意，精确尺寸和文字后续叠加。
hjb-primary-ds-v1-p4-142,P4,四年级下册,复习与提高,multiple-choice,Foundation,A_required,core,P1,plane_geometry,plane-geometry,geometry-diagram,true,not-generated,candidates/hjb-primary-ds-v1-p4-142.png,题干或单元含显性看图/操作/空间方位/图表线索；没有插图会明显影响低龄学生理解题意、还原对象数量或完成空间/图表判断。,下面哪个算式运用了乘法分配律进行简便计算？,表现线段、角、圆、长方形、正方形、三角形、组合图形或面积周长示意，精确尺寸和文字后续叠加。
hjb-primary-ds-v1-p4-146,P4,四年级下册,复习与提高,fill-in,Foundation,A_required,core,P1,plane_geometry,plane-geometry,geometry-diagram,true,not-generated,candidates/hjb-primary-ds-v1-p4-146.png,题干或单元含显性看图/操作/空间方位/图表线索；没有插图会明显影响低龄学生理解题意、还原对象数量或完成空间/图表判断。,计算 25 × 36，下面哪种方法用到了乘法结合律？,表现线段、角、圆、长方形、正方形、三角形、组合图形或面积周长示意，精确尺寸和文字后续叠加。
hjb-primary-ds-v1-p4-148,P4,四年级下册,复习与提高,multiple-choice,Foundation,A_required,core,P1,plane_geometry,plane-geometry,geometry-diagram,true,not-generated,candidates/hjb-primary-ds-v1-p4-148.png,题干或单元含显性看图/操作/空间方位/图表线索；没有插图会明显影响低龄学生理解题意、还原对象数量或完成空间/图表判断。,下面哪道题的计算过程运用了乘法分配律？,表现线段、角、圆、长方形、正方形、三角形、组合图形或面积周长示意，精确尺寸和文字后续叠加。
hjb-primary-ds-v1-p4-149,P4,四年级下册,复习与提高,fill-in,Core,A_required,core,P1,plane_geometry,plane-geometry,geometry-diagram,true,not-generated,candidates/hjb-primary-ds-v1-p4-149.png,题干或单元含显性看图/操作/空间方位/图表线索；没有插图会明显影响低龄学生理解题意、还原对象数量或完成空间/图表判断。,在下面的横线上填上合适的数，使计算简便，并写出运用了什么运算性质。 167 + 58 + 42 = 167 + (____ + ____)，运用了________。,表现线段、角、圆、长方形、正方形、三角形、组合图形或面积周长示意，精确尺寸和文字后续叠加。
hjb-primary-ds-v1-p4-151,P4,四年级下册,复习与提高,multiple-choice,Core,A_required,core,P1,plane_geometry,plane-geometry,geometry-diagram,true,not-generated,candidates/hjb-primary-ds-v1-p4-151.png,题干或单元含显性看图/操作/空间方位/图表线索；没有插图会明显影响低龄学生理解题意、还原对象数量或完成空间/图表判断。,计算 125×(80+8) 时，下面哪种方法既简便又正确？,表现线段、角、圆、长方形、正方形、三角形、组合图形或面积周长示意，精确尺寸和文字后续叠加。
hjb-primary-ds-v1-p4-154,P4,四年级下册,复习与提高,multiple-choice,Foundation,A_required,core,P1,plane_geometry,plane-geometry,geometry-diagram,true,not-generated,candidates/hjb-primary-ds-v1-p4-154.png,题干或单元含显性看图/操作/空间方位/图表线索；没有插图会明显影响低龄学生理解题意、还原对象数量或完成空间/图表判断。,下面哪个算式与 36×25 的计算结果不相等？,表现线段、角、圆、长方形、正方形、三角形、组合图形或面积周长示意，精确尺寸和文字后续叠加。
hjb-primary-ds-v1-p4-157,P4,四年级下册,复习与提高,multiple-choice,Core,A_required,core,P1,plane_geometry,plane-geometry,geometry-diagram,true,not-generated,candidates/hjb-primary-ds-v1-p4-157.png,题干或单元含显性看图/操作/空间方位/图表线索；没有插图会明显影响低龄学生理解题意、还原对象数量或完成空间/图表判断。,下面哪个算式与 36×25 的计算结果相等？,表现线段、角、圆、长方形、正方形、三角形、组合图形或面积周长示意，精确尺寸和文字后续叠加。
hjb-primary-ds-v1-p4-161,P4,四年级下册,复习与提高,fill-in,Core,A_required,core,P1,plane_geometry,plane-geometry,geometry-diagram,true,not-generated,candidates/hjb-primary-ds-v1-p4-161.png,题干或单元含显性看图/操作/空间方位/图表线索；没有插图会明显影响低龄学生理解题意、还原对象数量或完成空间/图表判断。,计算 125×32 时，小胖想用运算性质使计算简便。下面哪种方法正确且简便？请写出你选择的方法和结果。 方法一：125×32 = 125×8×4 = 1000×4 = 4000 方法二：125×32 = (125×30) + (125×2) = 3750 + 250 = 4000 方法三：125×32 = 125×16×2 = 2000×2 = 4000 方法四：125×32 = 125×40 - 125×8 = 5000 - 1000 = 4000,表现线段、角、圆、长方形、正方形、三角形、组合图形或面积周长示意，精确尺寸和文字后续叠加。
hjb-primary-ds-v1-p4-209,P4,四年级下册,几何小实践,multiple-choice,Core,A_required,core,P1,plane_geometry,plane-geometry,geometry-diagram,true,not-generated,candidates/hjb-primary-ds-v1-p4-209.png,题干或单元含显性看图/操作/空间方位/图表线索；没有插图会明显影响低龄学生理解题意、还原对象数量或完成空间/图表判断。,下面哪组直线是互相平行的？ A. 两条直线相交成60°角。 B. 两条直线之间的距离处处相等。 C. 两条直线相交成90°角。 D. 两条直线有无数个交点。,表现线段、角、圆、长方形、正方形、三角形、组合图形或面积周长示意，精确尺寸和文字后续叠加。
hjb-primary-ds-v1-p4-211,P4,四年级下册,几何小实践,multiple-choice,Core,A_required,core,P1,plane_geometry,plane-geometry,geometry-diagram,true,not-generated,candidates/hjb-primary-ds-v1-p4-211.png,题干或单元含显性看图/操作/空间方位/图表线索；没有插图会明显影响低龄学生理解题意、还原对象数量或完成空间/图表判断。,下面哪组直线互相垂直？ A. 两条直线相交成85°角 B. 两条直线相交成90°角 C. 两条直线相交成95°角 D. 两条直线没有交点,表现线段、角、圆、长方形、正方形、三角形、组合图形或面积周长示意，精确尺寸和文字后续叠加。
hjb-primary-ds-v1-p4-217,P4,四年级下册,几何小实践,multiple-choice,Core,A_required,core,P1,plane_geometry,plane-geometry,geometry-diagram,true,not-generated,candidates/hjb-primary-ds-v1-p4-217.png,题干或单元含显性看图/操作/空间方位/图表线索；没有插图会明显影响低龄学生理解题意、还原对象数量或完成空间/图表判断。,下面哪组直线是互相平行的？,表现线段、角、圆、长方形、正方形、三角形、组合图形或面积周长示意，精确尺寸和文字后续叠加。
hjb-primary-ds-v1-p4-219,P4,四年级下册,几何小实践,multiple-choice,Core,A_required,core,P1,plane_geometry,plane-geometry,geometry-diagram,true,not-generated,candidates/hjb-primary-ds-v1-p4-219.png,题干或单元含显性看图/操作/空间方位/图表线索；没有插图会明显影响低龄学生理解题意、还原对象数量或完成空间/图表判断。,下面说法正确的是哪一个？,表现线段、角、圆、长方形、正方形、三角形、组合图形或面积周长示意，精确尺寸和文字后续叠加。
hjb-primary-ds-v1-p4-221,P4,四年级下册,几何小实践,multiple-choice,Core,A_required,core,P1,plane_geometry,plane-geometry,geometry-diagram,true,not-generated,candidates/hjb-primary-ds-v1-p4-221.png,题干或单元含显性看图/操作/空间方位/图表线索；没有插图会明显影响低龄学生理解题意、还原对象数量或完成空间/图表判断。,下面哪句话正确描述了“垂直”？（ ）,表现线段、角、圆、长方形、正方形、三角形、组合图形或面积周长示意，精确尺寸和文字后续叠加。
hjb-primary-ds-v1-p4-223,P4,四年级下册,几何小实践,multiple-choice,Core,A_required,core,P1,plane_geometry,plane-geometry,geometry-diagram,true,not-generated,candidates/hjb-primary-ds-v1-p4-223.png,题干或单元含显性看图/操作/空间方位/图表线索；没有插图会明显影响低龄学生理解题意、还原对象数量或完成空间/图表判断。,用三角尺画垂线时，下面哪种做法是正确的？（ ）,表现线段、角、圆、长方形、正方形、三角形、组合图形或面积周长示意，精确尺寸和文字后续叠加。
hjb-primary-ds-v1-p4-225,P4,四年级下册,几何小实践,multiple-choice,Core,A_required,core,P1,plane_geometry,plane-geometry,geometry-diagram,true,not-generated,candidates/hjb-primary-ds-v1-p4-225.png,题干或单元含显性看图/操作/空间方位/图表线索；没有插图会明显影响低龄学生理解题意、还原对象数量或完成空间/图表判断。,下面哪组直线是互相平行的？（ ）,表现线段、角、圆、长方形、正方形、三角形、组合图形或面积周长示意，精确尺寸和文字后续叠加。
hjb-primary-ds-v1-p4-227,P4,四年级下册,几何小实践,multiple-choice,Core,A_required,core,P1,plane_geometry,plane-geometry,geometry-diagram,true,not-generated,candidates/hjb-primary-ds-v1-p4-227.png,题干或单元含显性看图/操作/空间方位/图表线索；没有插图会明显影响低龄学生理解题意、还原对象数量或完成空间/图表判断。,用三角尺画一条直线，使它和已知直线互相垂直。下面哪一项是画图时必须做到的？,表现线段、角、圆、长方形、正方形、三角形、组合图形或面积周长示意，精确尺寸和文字后续叠加。
hjb-primary-ds-v1-p4-229,P4,四年级下册,四年级下册整理与提高,multiple-choice,Core,A_required,core,P1,plane_geometry,plane-geometry,geometry-diagram,true,not-generated,candidates/hjb-primary-ds-v1-p4-229.png,题干或单元含显性看图/操作/空间方位/图表线索；没有插图会明显影响低龄学生理解题意、还原对象数量或完成空间/图表判断。,在数学整理课上，老师让同学们用不同方式表示“0.5”。下面哪位同学的说法是正确的？,表现线段、角、圆、长方形、正方形、三角形、组合图形或面积周长示意，精确尺寸和文字后续叠加。
hjb-primary-ds-v1-p4-233,P4,四年级下册,四年级下册整理与提高,multiple-choice,Core,A_required,core,P1,plane_geometry,plane-geometry,geometry-diagram,true,not-generated,candidates/hjb-primary-ds-v1-p4-233.png,题干或单元含显性看图/操作/空间方位/图表线索；没有插图会明显影响低龄学生理解题意、还原对象数量或完成空间/图表判断。,下面哪一组中的两条直线是互相垂直的？选项A：直线a和直线b相交成85°角；选项B：直线c和直线d相交成90°角；选项C：直线e和直线f相交成95°角；选项D：直线g和直线h没有相交。,表现线段、角、圆、长方形、正方形、三角形、组合图形或面积周长示意，精确尺寸和文字后续叠加。
hjb-primary-ds-v1-p4-234,P4,四年级下册,四年级下册整理与提高,fill-in,Core,A_required,core,P1,plane_geometry,plane-geometry,geometry-diagram,true,not-generated,candidates/hjb-primary-ds-v1-p4-234.png,题干或单元含显性看图/操作/空间方位/图表线索；没有插图会明显影响低龄学生理解题意、还原对象数量或完成空间/图表判断。,"小丁丁站在点(3,5)处，他先向东走2格，再向北走3格，最后到达点______。",表现线段、角、圆、长方形、正方形、三角形、组合图形或面积周长示意，精确尺寸和文字后续叠加。
hjb-primary-ds-v1-p4-237,P4,四年级下册,四年级下册整理与提高,multiple-choice,Core,A_required,core,P1,plane_geometry,plane-geometry,geometry-diagram,true,not-generated,candidates/hjb-primary-ds-v1-p4-237.png,题干或单元含显性看图/操作/空间方位/图表线索；没有插图会明显影响低龄学生理解题意、还原对象数量或完成空间/图表判断。,下面哪一组中的两条直线互相平行？,表现线段、角、圆、长方形、正方形、三角形、组合图形或面积周长示意，精确尺寸和文字后续叠加。
hjb-primary-ds-v1-p4-242,P4,四年级下册,四年级下册整理与提高,multiple-choice,Core,A_required,core,P1,plane_geometry,plane-geometry,geometry-diagram,true,not-generated,candidates/hjb-primary-ds-v1-p4-242.png,题干或单元含显性看图/操作/空间方位/图表线索；没有插图会明显影响低龄学生理解题意、还原对象数量或完成空间/图表判断。,下面哪组直线互相垂直？A. 长方形相邻的两条边；B. 平行四边形相对的两条边；C. 梯形的一条腰和上底；D. 三角形的一条边和它的高所在的直线。,表现线段、角、圆、长方形、正方形、三角形、组合图形或面积周长示意，精确尺寸和文字后续叠加。
hjb-primary-ds-v1-p4-244,P4,四年级下册,四年级下册整理与提高,multiple-choice,Core,A_required,core,P1,plane_geometry,plane-geometry,geometry-diagram,true,not-generated,candidates/hjb-primary-ds-v1-p4-244.png,题干或单元含显性看图/操作/空间方位/图表线索；没有插图会明显影响低龄学生理解题意、还原对象数量或完成空间/图表判断。,小丁丁在方格纸上画了两条直线，他说这两条直线互相平行。下面哪种情况他说的不对？,表现线段、角、圆、长方形、正方形、三角形、组合图形或面积周长示意，精确尺寸和文字后续叠加。
hjb-primary-ds-v1-p4-246,P4,四年级下册,四年级下册整理与提高,multiple-choice,Core,A_required,core,P1,plane_geometry,plane-geometry,geometry-diagram,true,not-generated,candidates/hjb-primary-ds-v1-p4-246.png,题干或单元含显性看图/操作/空间方位/图表线索；没有插图会明显影响低龄学生理解题意、还原对象数量或完成空间/图表判断。,小马虎用“五舍六入”法将一个小数保留一位小数后得到 3.5。下面哪个数可能是原来的小数？,表现线段、角、圆、长方形、正方形、三角形、组合图形或面积周长示意，精确尺寸和文字后续叠加。
hjb-primary-ds-v1-p4-247,P4,四年级下册,四年级下册整理与提高,multiple-choice,Core,A_required,core,P1,plane_geometry,plane-geometry,geometry-diagram,true,not-generated,candidates/hjb-primary-ds-v1-p4-247.png,题干或单元含显性看图/操作/空间方位/图表线索；没有插图会明显影响低龄学生理解题意、还原对象数量或完成空间/图表判断。,下面哪一组直线互相平行？,表现线段、角、圆、长方形、正方形、三角形、组合图形或面积周长示意，精确尺寸和文字后续叠加。
hjb-primary-ds-v1-p4-249,P4,四年级下册,四年级下册整理与提高,multiple-choice,Core,A_required,core,P1,plane_geometry,plane-geometry,geometry-diagram,true,not-generated,candidates/hjb-primary-ds-v1-p4-249.png,题干或单元含显性看图/操作/空间方位/图表线索；没有插图会明显影响低龄学生理解题意、还原对象数量或完成空间/图表判断。,用数对表示位置时，小军在教室的位置是（4，3），他的右侧同桌与他在同一行、相邻一列。下面哪个数对可能是他右侧同桌的位置？,表现线段、角、圆、长方形、正方形、三角形、组合图形或面积周长示意，精确尺寸和文字后续叠加。
hjb-primary-ds-v1-p4-250,P4,四年级下册,四年级下册整理与提高,multiple-choice,Core,A_required,core,P1,plane_geometry,plane-geometry,geometry-diagram,true,not-generated,candidates/hjb-primary-ds-v1-p4-250.png,题干或单元含显性看图/操作/空间方位/图表线索；没有插图会明显影响低龄学生理解题意、还原对象数量或完成空间/图表判断。,下面哪个小数在“五舍六入”保留一位小数后是 2.0？,表现线段、角、圆、长方形、正方形、三角形、组合图形或面积周长示意，精确尺寸和文字后续叠加。
hjb-primary-ds-v1-p5-055,P5,五年级上册,用字母表示数与简易方程,multiple-choice,Challenge,A_required,core,P1,plane_geometry,plane-geometry,geometry-diagram,true,not-generated,candidates/hjb-primary-ds-v1-p5-055.png,题干或单元含显性看图/操作/空间方位/图表线索；没有插图会明显影响低龄学生理解题意、还原对象数量或完成空间/图表判断。,一个长方形的周长是36厘米，长是宽的2倍。设宽为x厘米，下面哪个方程是正确的？,表现线段、角、圆、长方形、正方形、三角形、组合图形或面积周长示意，精确尺寸和文字后续叠加。
hjb-primary-ds-v1-p5-065,P5,五年级上册,平面图形面积,fill-in,Core,A_required,core,P1,plane_geometry,plane-geometry,geometry-diagram,true,not-generated,candidates/hjb-primary-ds-v1-p5-065.png,题干或单元含显性看图/操作/空间方位/图表线索；没有插图会明显影响低龄学生理解题意、还原对象数量或完成空间/图表判断。,一个平行四边形的底是8厘米，高是5厘米，它的面积是（ ）平方厘米。,表现线段、角、圆、长方形、正方形、三角形、组合图形或面积周长示意，精确尺寸和文字后续叠加。
hjb-primary-ds-v1-p5-066,P5,五年级上册,平面图形面积,short-answer,Foundation,A_required,core,P1,plane_geometry,plane-geometry,geometry-diagram,true,not-generated,candidates/hjb-primary-ds-v1-p5-066.png,题干或单元含显性看图/操作/空间方位/图表线索；没有插图会明显影响低龄学生理解题意、还原对象数量或完成空间/图表判断。,一个平行四边形的底是12厘米，高是8厘米。与它等底等高的三角形的面积是多少平方厘米？,表现线段、角、圆、长方形、正方形、三角形、组合图形或面积周长示意，精确尺寸和文字后续叠加。
hjb-primary-ds-v1-p5-067,P5,五年级上册,平面图形面积,multiple-choice,Challenge,A_required,core,P1,plane_geometry,plane-geometry,geometry-diagram,true,not-generated,candidates/hjb-primary-ds-v1-p5-067.png,题干或单元含显性看图/操作/空间方位/图表线索；没有插图会明显影响低龄学生理解题意、还原对象数量或完成空间/图表判断。,一个梯形的上底是5厘米，下底是9厘米，高是4厘米。如果把这个梯形分成一个平行四边形和一个三角形，平行四边形的面积是多少平方厘米？,表现线段、角、圆、长方形、正方形、三角形、组合图形或面积周长示意，精确尺寸和文字后续叠加。
hjb-primary-ds-v1-p5-068,P5,五年级上册,平面图形面积,fill-in,Exam,A_required,core,P1,plane_geometry,plane-geometry,geometry-diagram,true,not-generated,candidates/hjb-primary-ds-v1-p5-068.png,题干或单元含显性看图/操作/空间方位/图表线索；没有插图会明显影响低龄学生理解题意、还原对象数量或完成空间/图表判断。,一个三角形的底是10分米，高是6分米，面积是____平方分米。,表现线段、角、圆、长方形、正方形、三角形、组合图形或面积周长示意，精确尺寸和文字后续叠加。
hjb-primary-ds-v1-p5-069,P5,五年级上册,平面图形面积,short-answer,Core,A_required,core,P1,plane_geometry,plane-geometry,geometry-diagram,true,not-generated,candidates/hjb-primary-ds-v1-p5-069.png,题干或单元含显性看图/操作/空间方位/图表线索；没有插图会明显影响低龄学生理解题意、还原对象数量或完成空间/图表判断。,一块梯形菜地，上底是8米，下底是12米，高是5米。如果每平方米收白菜6千克，这块地一共可以收白菜多少千克？,表现线段、角、圆、长方形、正方形、三角形、组合图形或面积周长示意，精确尺寸和文字后续叠加。
hjb-primary-ds-v1-p5-070,P5,五年级上册,平面图形面积,multiple-choice,Foundation,A_required,core,P1,plane_geometry,plane-geometry,geometry-diagram,true,not-generated,candidates/hjb-primary-ds-v1-p5-070.png,题干或单元含显性看图/操作/空间方位/图表线索；没有插图会明显影响低龄学生理解题意、还原对象数量或完成空间/图表判断。,一个平行四边形的两条邻边分别是7厘米和5厘米，其中一条边上的高是4厘米。这个平行四边形的面积可能是多少平方厘米？,表现线段、角、圆、长方形、正方形、三角形、组合图形或面积周长示意，精确尺寸和文字后续叠加。
hjb-primary-ds-v1-p5-071,P5,五年级上册,平面图形面积,fill-in,Challenge,A_required,core,P1,plane_geometry,plane-geometry,geometry-diagram,true,not-generated,candidates/hjb-primary-ds-v1-p5-071.png,题干或单元含显性看图/操作/空间方位/图表线索；没有插图会明显影响低龄学生理解题意、还原对象数量或完成空间/图表判断。,一个梯形，上底长8厘米，下底长12厘米。如果它的面积是80平方厘米，那么它的高是多少厘米？,表现线段、角、圆、长方形、正方形、三角形、组合图形或面积周长示意，精确尺寸和文字后续叠加。
hjb-primary-ds-v1-p5-072,P5,五年级上册,平面图形面积,short-answer,Core,A_required,core,P1,plane_geometry,plane-geometry,geometry-diagram,true,not-generated,candidates/hjb-primary-ds-v1-p5-072.png,题干或单元含显性看图/操作/空间方位/图表线索；没有插图会明显影响低龄学生理解题意、还原对象数量或完成空间/图表判断。,一个平行四边形相邻两条边的长度分别是15厘米和10厘米，其中一条边上的高是8厘米。这个平行四边形的面积是多少平方厘米？请写出所有可能的情况。,表现线段、角、圆、长方形、正方形、三角形、组合图形或面积周长示意，精确尺寸和文字后续叠加。
hjb-primary-ds-v1-p5-073,P5,五年级上册,平面图形面积,multiple-choice,Foundation,A_required,core,P1,plane_geometry,plane-geometry,geometry-diagram,true,not-generated,candidates/hjb-primary-ds-v1-p5-073.png,题干或单元含显性看图/操作/空间方位/图表线索；没有插图会明显影响低龄学生理解题意、还原对象数量或完成空间/图表判断。,一个三角形的面积是24平方厘米，底是6厘米。它的高是多少厘米？,表现线段、角、圆、长方形、正方形、三角形、组合图形或面积周长示意，精确尺寸和文字后续叠加。
hjb-primary-ds-v1-p5-074,P5,五年级上册,平面图形面积,fill-in,Challenge,A_required,core,P1,plane_geometry,plane-geometry,geometry-diagram,true,not-generated,candidates/hjb-primary-ds-v1-p5-074.png,题干或单元含显性看图/操作/空间方位/图表线索；没有插图会明显影响低龄学生理解题意、还原对象数量或完成空间/图表判断。,一个梯形，如果上底增加3厘米，下底减少3厘米，高不变，得到的新梯形面积与原梯形面积相比，有什么变化？请填写“变大”“变小”或“不变”。,表现线段、角、圆、长方形、正方形、三角形、组合图形或面积周长示意，精确尺寸和文字后续叠加。
hjb-primary-ds-v1-p5-075,P5,五年级上册,平面图形面积,short-answer,Core,A_required,core,P1,plane_geometry,plane-geometry,geometry-diagram,true,not-generated,candidates/hjb-primary-ds-v1-p5-075.png,题干或单元含显性看图/操作/空间方位/图表线索；没有插图会明显影响低龄学生理解题意、还原对象数量或完成空间/图表判断。,一个三角形和一个平行四边形等底等高。已知平行四边形的面积是36平方分米，那么三角形的面积是多少平方分米？,表现线段、角、圆、长方形、正方形、三角形、组合图形或面积周长示意，精确尺寸和文字后续叠加。
hjb-primary-ds-v1-p5-076,P5,五年级上册,平面图形面积,multiple-choice,Foundation,A_required,core,P1,plane_geometry,plane-geometry,geometry-diagram,true,not-generated,candidates/hjb-primary-ds-v1-p5-076.png,题干或单元含显性看图/操作/空间方位/图表线索；没有插图会明显影响低龄学生理解题意、还原对象数量或完成空间/图表判断。,一个平行四边形，底边长10厘米，底边上的高是6厘米。另一条邻边长8厘米。这个平行四边形的面积是多少平方厘米？,表现线段、角、圆、长方形、正方形、三角形、组合图形或面积周长示意，精确尺寸和文字后续叠加。
hjb-primary-ds-v1-p5-077,P5,五年级上册,平面图形面积,fill-in,Challenge,A_required,core,P1,plane_geometry,plane-geometry,geometry-diagram,true,not-generated,candidates/hjb-primary-ds-v1-p5-077.png,题干或单元含显性看图/操作/空间方位/图表线索；没有插图会明显影响低龄学生理解题意、还原对象数量或完成空间/图表判断。,一个三角形的底是12分米，高是5分米。与它等底等高的平行四边形的面积是多少平方分米？,表现线段、角、圆、长方形、正方形、三角形、组合图形或面积周长示意，精确尺寸和文字后续叠加。
hjb-primary-ds-v1-p5-078,P5,五年级上册,平面图形面积,short-answer,Core,A_required,core,P1,plane_geometry,plane-geometry,geometry-diagram,true,not-generated,candidates/hjb-primary-ds-v1-p5-078.png,题干或单元含显性看图/操作/空间方位/图表线索；没有插图会明显影响低龄学生理解题意、还原对象数量或完成空间/图表判断。,一个梯形，上底长4米，下底长8米，高5米。求这个梯形的面积。,表现线段、角、圆、长方形、正方形、三角形、组合图形或面积周长示意，精确尺寸和文字后续叠加。
hjb-primary-ds-v1-p5-079,P5,五年级上册,平面图形面积,multiple-choice,Foundation,A_required,core,P1,plane_geometry,plane-geometry,geometry-diagram,true,not-generated,candidates/hjb-primary-ds-v1-p5-079.png,题干或单元含显性看图/操作/空间方位/图表线索；没有插图会明显影响低龄学生理解题意、还原对象数量或完成空间/图表判断。,一个三角形，三条边的长度分别是5厘米、12厘米、13厘米，其中12厘米边上的高是5厘米。这个三角形的面积是多少平方厘米？,表现线段、角、圆、长方形、正方形、三角形、组合图形或面积周长示意，精确尺寸和文字后续叠加。
hjb-primary-ds-v1-p5-080,P5,五年级上册,平面图形面积,fill-in,Challenge,A_required,core,P1,plane_geometry,plane-geometry,geometry-diagram,true,not-generated,candidates/hjb-primary-ds-v1-p5-080.png,题干或单元含显性看图/操作/空间方位/图表线索；没有插图会明显影响低龄学生理解题意、还原对象数量或完成空间/图表判断。,一个平行四边形的一条底边长15厘米，这条底边上的高是8厘米。这个平行四边形的面积是多少平方厘米？,表现线段、角、圆、长方形、正方形、三角形、组合图形或面积周长示意，精确尺寸和文字后续叠加。
hjb-primary-ds-v1-p5-081,P5,五年级上册,平面图形面积,short-answer,Core,A_required,core,P1,plane_geometry,plane-geometry,geometry-diagram,true,not-generated,candidates/hjb-primary-ds-v1-p5-081.png,题干或单元含显性看图/操作/空间方位/图表线索；没有插图会明显影响低龄学生理解题意、还原对象数量或完成空间/图表判断。,一个平行四边形，底边长12厘米，对应的高是8厘米。将这个平行四边形沿一条高剪开，拼成一个长方形。拼成的长方形的面积是多少平方厘米？,表现线段、角、圆、长方形、正方形、三角形、组合图形或面积周长示意，精确尺寸和文字后续叠加。
hjb-primary-ds-v1-p5-082,P5,五年级上册,平面图形面积,multiple-choice,Foundation,A_required,core,P1,plane_geometry,plane-geometry,geometry-diagram,true,not-generated,candidates/hjb-primary-ds-v1-p5-082.png,题干或单元含显性看图/操作/空间方位/图表线索；没有插图会明显影响低龄学生理解题意、还原对象数量或完成空间/图表判断。,一个三角形的底是10厘米，高是6厘米，它的面积是多少平方厘米？,表现线段、角、圆、长方形、正方形、三角形、组合图形或面积周长示意，精确尺寸和文字后续叠加。
hjb-primary-ds-v1-p5-083,P5,五年级上册,平面图形面积,fill-in,Challenge,A_required,core,P1,plane_geometry,plane-geometry,geometry-diagram,true,not-generated,candidates/hjb-primary-ds-v1-p5-083.png,题干或单元含显性看图/操作/空间方位/图表线索；没有插图会明显影响低龄学生理解题意、还原对象数量或完成空间/图表判断。,一个梯形，上底长5厘米，下底长9厘米，高是4厘米。从这个梯形中剪下一个最大的平行四边形，剩下的三角形面积是______平方厘米。,表现线段、角、圆、长方形、正方形、三角形、组合图形或面积周长示意，精确尺寸和文字后续叠加。
hjb-primary-ds-v1-p5-084,P5,五年级上册,平面图形面积,short-answer,Core,A_required,core,P1,plane_geometry,plane-geometry,geometry-diagram,true,not-generated,candidates/hjb-primary-ds-v1-p5-084.png,题干或单元含显性看图/操作/空间方位/图表线索；没有插图会明显影响低龄学生理解题意、还原对象数量或完成空间/图表判断。,一块平行四边形菜地，底边长25米，高16米。如果每平方米收白菜8千克，这块地一共可以收白菜多少千克？,表现线段、角、圆、长方形、正方形、三角形、组合图形或面积周长示意，精确尺寸和文字后续叠加。
hjb-primary-ds-v1-p5-085,P5,五年级上册,平面图形面积,multiple-choice,Foundation,A_required,core,P1,plane_geometry,plane-geometry,geometry-diagram,true,not-generated,candidates/hjb-primary-ds-v1-p5-085.png,题干或单元含显性看图/操作/空间方位/图表线索；没有插图会明显影响低龄学生理解题意、还原对象数量或完成空间/图表判断。,一个梯形的上底是4分米，下底是8分米，面积是36平方分米。它的高是多少分米？,表现线段、角、圆、长方形、正方形、三角形、组合图形或面积周长示意，精确尺寸和文字后续叠加。
hjb-primary-ds-v1-p5-086,P5,五年级上册,平面图形面积,fill-in,Challenge,A_required,core,P1,plane_geometry,plane-geometry,geometry-diagram,true,not-generated,candidates/hjb-primary-ds-v1-p5-086.png,题干或单元含显性看图/操作/空间方位/图表线索；没有插图会明显影响低龄学生理解题意、还原对象数量或完成空间/图表判断。,一个梯形的上底是8厘米，下底是12厘米。如果把这个梯形分成一个平行四边形和一个三角形，平行四边形的面积是48平方厘米。那么原来梯形的面积是多少平方厘米？,表现线段、角、圆、长方形、正方形、三角形、组合图形或面积周长示意，精确尺寸和文字后续叠加。
hjb-primary-ds-v1-p5-087,P5,五年级上册,平面图形面积,short-answer,Core,A_required,core,P1,plane_geometry,plane-geometry,geometry-diagram,true,not-generated,candidates/hjb-primary-ds-v1-p5-087.png,题干或单元含显性看图/操作/空间方位/图表线索；没有插图会明显影响低龄学生理解题意、还原对象数量或完成空间/图表判断。,一个三角形的底是10分米，面积是35平方分米。这个三角形的高是多少分米？,表现线段、角、圆、长方形、正方形、三角形、组合图形或面积周长示意，精确尺寸和文字后续叠加。
hjb-primary-ds-v1-p5-088,P5,五年级上册,平面图形面积,multiple-choice,Foundation,A_required,core,P1,plane_geometry,plane-geometry,geometry-diagram,true,not-generated,candidates/hjb-primary-ds-v1-p5-088.png,题干或单元含显性看图/操作/空间方位/图表线索；没有插图会明显影响低龄学生理解题意、还原对象数量或完成空间/图表判断。,一个平行四边形的底是9米，高是4米，与它等底等高的三角形的面积是多少平方米？,表现线段、角、圆、长方形、正方形、三角形、组合图形或面积周长示意，精确尺寸和文字后续叠加。
hjb-primary-ds-v1-p5-089,P5,五年级上册,平面图形面积,fill-in,Challenge,A_required,core,P1,plane_geometry,plane-geometry,geometry-diagram,true,not-generated,candidates/hjb-primary-ds-v1-p5-089.png,题干或单元含显性看图/操作/空间方位/图表线索；没有插图会明显影响低龄学生理解题意、还原对象数量或完成空间/图表判断。,一个梯形的上底是5厘米，下底是9厘米，高是6厘米。从这个梯形中剪去一个最大的平行四边形，剩下的三角形面积是多少平方厘米？,表现线段、角、圆、长方形、正方形、三角形、组合图形或面积周长示意，精确尺寸和文字后续叠加。
hjb-primary-ds-v1-p5-090,P5,五年级上册,平面图形面积,short-answer,Core,A_required,core,P1,plane_geometry,plane-geometry,geometry-diagram,true,not-generated,candidates/hjb-primary-ds-v1-p5-090.png,题干或单元含显性看图/操作/空间方位/图表线索；没有插图会明显影响低龄学生理解题意、还原对象数量或完成空间/图表判断。,一块平行四边形菜地的底是15米，高是8米。如果每平方米收白菜12千克，这块地一共可以收白菜多少千克？,表现线段、角、圆、长方形、正方形、三角形、组合图形或面积周长示意，精确尺寸和文字后续叠加。
hjb-primary-ds-v1-p5-091,P5,五年级上册,平面图形面积,multiple-choice,Foundation,A_required,core,P1,plane_geometry,plane-geometry,geometry-diagram,true,not-generated,candidates/hjb-primary-ds-v1-p5-091.png,题干或单元含显性看图/操作/空间方位/图表线索；没有插图会明显影响低龄学生理解题意、还原对象数量或完成空间/图表判断。,一个平行四边形的底是8厘米，高是5厘米，与它等底等高的三角形的面积是多少平方厘米？,表现线段、角、圆、长方形、正方形、三角形、组合图形或面积周长示意，精确尺寸和文字后续叠加。
hjb-primary-ds-v1-p5-092,P5,五年级上册,平面图形面积,fill-in,Challenge,A_required,core,P1,plane_geometry,plane-geometry,geometry-diagram,true,not-generated,candidates/hjb-primary-ds-v1-p5-092.png,题干或单元含显性看图/操作/空间方位/图表线索；没有插图会明显影响低龄学生理解题意、还原对象数量或完成空间/图表判断。,一个梯形的上底是4厘米，下底是10厘米，面积是42平方厘米。这个梯形的高是多少厘米？,表现线段、角、圆、长方形、正方形、三角形、组合图形或面积周长示意，精确尺寸和文字后续叠加。
hjb-primary-ds-v1-p5-093,P5,五年级上册,平面图形面积,short-answer,Core,A_required,core,P1,plane_geometry,plane-geometry,geometry-diagram,true,not-generated,candidates/hjb-primary-ds-v1-p5-093.png,题干或单元含显性看图/操作/空间方位/图表线索；没有插图会明显影响低龄学生理解题意、还原对象数量或完成空间/图表判断。,一块平行四边形菜地，底是12米，高是8米。如果每平方米收白菜15千克，这块地一共可以收白菜多少千克？,表现线段、角、圆、长方形、正方形、三角形、组合图形或面积周长示意，精确尺寸和文字后续叠加。
hjb-primary-ds-v1-p5-094,P5,五年级上册,平面图形面积,multiple-choice,Foundation,A_required,core,P1,plane_geometry,plane-geometry,geometry-diagram,true,not-generated,candidates/hjb-primary-ds-v1-p5-094.png,题干或单元含显性看图/操作/空间方位/图表线索；没有插图会明显影响低龄学生理解题意、还原对象数量或完成空间/图表判断。,一个三角形的面积是24平方厘米，底是6厘米，它的高是多少厘米？,表现线段、角、圆、长方形、正方形、三角形、组合图形或面积周长示意，精确尺寸和文字后续叠加。
hjb-primary-ds-v1-p5-095,P5,五年级上册,平面图形面积,fill-in,Challenge,A_required,core,P1,plane_geometry,plane-geometry,geometry-diagram,true,not-generated,candidates/hjb-primary-ds-v1-p5-095.png,题干或单元含显性看图/操作/空间方位/图表线索；没有插图会明显影响低龄学生理解题意、还原对象数量或完成空间/图表判断。,一个梯形的上底是5分米，下底是7分米，高是4分米。从这个梯形中剪去一个最大的平行四边形，剩下的面积是多少平方分米？,表现线段、角、圆、长方形、正方形、三角形、组合图形或面积周长示意，精确尺寸和文字后续叠加。
hjb-primary-ds-v1-p5-156,P5,五年级下册,因数、倍数与数的结构,short-answer,Foundation,A_required,core,P1,plane_geometry,plane-geometry,geometry-diagram,true,not-generated,candidates/hjb-primary-ds-v1-p5-156.png,题干或单元含显性看图/操作/空间方位/图表线索；没有插图会明显影响低龄学生理解题意、还原对象数量或完成空间/图表判断。,把24个同样大小的正方形拼成一个长方形，要求每行个数相同。拼成的长方形每行可能有几个正方形？请写出所有可能的情况。,表现线段、角、圆、长方形、正方形、三角形、组合图形或面积周长示意，精确尺寸和文字后续叠加。
hjb-primary-ds-v1-p6-197,P6,六年级下册,简单的代数式,multiple-choice,Core,A_required,core,P1,plane_geometry,plane-geometry,geometry-diagram,true,not-generated,candidates/hjb-primary-ds-v1-p6-197.png,题干或单元含显性看图/操作/空间方位/图表线索；没有插图会明显影响低龄学生理解题意、还原对象数量或完成空间/图表判断。,一个长方形的长是 x 厘米，宽比长短 4 厘米。下面哪个式子表示这个长方形的周长？,表现线段、角、圆、长方形、正方形、三角形、组合图形或面积周长示意，精确尺寸和文字后续叠加。
hjb-primary-ds-v1-p6-217,P6,六年级下册,线段与角,multiple-choice,Core,A_required,core,P1,plane_geometry,plane-geometry,geometry-diagram,true,not-generated,candidates/hjb-primary-ds-v1-p6-217.png,题干或单元含显性看图/操作/空间方位/图表线索；没有插图会明显影响低龄学生理解题意、还原对象数量或完成空间/图表判断。,下面关于线段、射线和直线的说法中，正确的是哪一项？,表现线段、角、圆、长方形、正方形、三角形、组合图形或面积周长示意，精确尺寸和文字后续叠加。
hjb-primary-ds-v1-p6-219,P6,六年级下册,线段与角,multiple-choice,Core,A_required,core,P1,plane_geometry,plane-geometry,geometry-diagram,true,not-generated,candidates/hjb-primary-ds-v1-p6-219.png,题干或单元含显性看图/操作/空间方位/图表线索；没有插图会明显影响低龄学生理解题意、还原对象数量或完成空间/图表判断。,用三个大写字母表示角时，必须把表示顶点的字母写在中间。下面哪个角可以用∠AOB表示？,表现线段、角、圆、长方形、正方形、三角形、组合图形或面积周长示意，精确尺寸和文字后续叠加。
hjb-primary-ds-v1-p2-095,P2,二年级上册,分类与整理,fill-in,Foundation,A_required,core,P1,sorting_data_chart,sorting-data-chart,chart,true,not-generated,candidates/hjb-primary-ds-v1-p2-095.png,题干或单元含显性看图/操作/空间方位/图表线索；没有插图会明显影响低龄学生理解题意、还原对象数量或完成空间/图表判断。,按“是否主要生活在水中”把下面的动物分成两类：猫、狗、金鱼、鸟、马。一类是（ ），另一类是（ ）。,表现分类物品、象形统计、条形图或折线图底图；坐标轴、分类名、数值和标题后续叠加。
hjb-primary-ds-v1-p2-100,P2,二年级上册,分类与整理,multiple-choice,Foundation,A_required,core,P1,sorting_data_chart,sorting-data-chart,chart,true,not-generated,candidates/hjb-primary-ds-v1-p2-100.png,题干或单元含显性看图/操作/空间方位/图表线索；没有插图会明显影响低龄学生理解题意、还原对象数量或完成空间/图表判断。,下面哪种分类标准是正确的？,表现分类物品、象形统计、条形图或折线图底图；坐标轴、分类名、数值和标题后续叠加。
hjb-primary-ds-v1-p2-106,P2,二年级上册,分类与整理,multiple-choice,Foundation,A_required,core,P1,sorting_data_chart,sorting-data-chart,chart,true,not-generated,candidates/hjb-primary-ds-v1-p2-106.png,题干或单元含显性看图/操作/空间方位/图表线索；没有插图会明显影响低龄学生理解题意、还原对象数量或完成空间/图表判断。,二（1）班同学收集了一些树叶标本，按颜色分类：红色树叶有8片，黄色树叶有12片，绿色树叶有5片。下面哪种说法是正确的？,表现分类物品、象形统计、条形图或折线图底图；坐标轴、分类名、数值和标题后续叠加。
hjb-primary-ds-v1-p2-107,P2,二年级上册,分类与整理,fill-in,Core,A_required,core,P1,sorting_data_chart,sorting-data-chart,chart,true,not-generated,candidates/hjb-primary-ds-v1-p2-107.png,题干或单元含显性看图/操作/空间方位/图表线索；没有插图会明显影响低龄学生理解题意、还原对象数量或完成空间/图表判断。,按“是否主要生活在水中”把下面的动物分成两类，并写出分类标准。动物：金鱼、燕子、蝴蝶、鲨鱼、老鹰、蜻蜓。第一类：______，第二类：______。分类标准：______。,表现分类物品、象形统计、条形图或折线图底图；坐标轴、分类名、数值和标题后续叠加。
hjb-primary-ds-v1-p2-109,P2,二年级上册,分类与整理,multiple-choice,Core,A_required,core,P1,sorting_data_chart,sorting-data-chart,chart,true,not-generated,candidates/hjb-primary-ds-v1-p2-109.png,题干或单元含显性看图/操作/空间方位/图表线索；没有插图会明显影响低龄学生理解题意、还原对象数量或完成空间/图表判断。,下面是一些图形：圆形、正方形、三角形、长方形、圆形、正方形、圆形、三角形。按形状分类后，哪种图形最多？,表现分类物品、象形统计、条形图或折线图底图；坐标轴、分类名、数值和标题后续叠加。
hjb-primary-ds-v1-p3-213,P3,三年级下册,数据整理与统计表达,multiple-choice,Core,A_required,core,P1,sorting_data_chart,sorting-data-chart,chart,true,not-generated,candidates/hjb-primary-ds-v1-p3-213.png,题干或单元含显性看图/操作/空间方位/图表线索；没有插图会明显影响低龄学生理解题意、还原对象数量或完成空间/图表判断。,三（1）班同学最喜欢的运动项目统计如下：跳绳15人，踢毽子10人，打篮球20人，跑步5人。下面说法正确的是（ ）。,表现分类物品、象形统计、条形图或折线图底图；坐标轴、分类名、数值和标题后续叠加。
hjb-primary-ds-v1-p3-214,P3,三年级下册,数据整理与统计表达,fill-in,Foundation,A_required,core,P1,sorting_data_chart,sorting-data-chart,chart,true,not-generated,candidates/hjb-primary-ds-v1-p3-214.png,题干或单元含显性看图/操作/空间方位/图表线索；没有插图会明显影响低龄学生理解题意、还原对象数量或完成空间/图表判断。,下面是某书店一周售出图书数量的统计表： 星期一：12本，星期二：8本，星期三：15本，星期四：10本，星期五：20本，星期六：25本，星期日：18本。 售出最多的一天是（ ），售出了（ ）本。,表现分类物品、象形统计、条形图或折线图底图；坐标轴、分类名、数值和标题后续叠加。
hjb-primary-ds-v1-p3-217,P3,三年级下册,数据整理与统计表达,multiple-choice,Core,A_required,core,P1,sorting_data_chart,sorting-data-chart,chart,true,not-generated,candidates/hjb-primary-ds-v1-p3-217.png,题干或单元含显性看图/操作/空间方位/图表线索；没有插图会明显影响低龄学生理解题意、还原对象数量或完成空间/图表判断。,三（2）班同学参加兴趣小组的情况用条形图表示：每个小组的人数用直条长度表示，直条旁边标有数字。美术组直条最高，标有15；音乐组直条第二高，标有12；体育组直条第三高，标有9；科技组直条最矮，标有6。下面哪种说法是正确的？,表现分类物品、象形统计、条形图或折线图底图；坐标轴、分类名、数值和标题后续叠加。
hjb-primary-ds-v1-p3-219,P3,三年级下册,数据整理与统计表达,multiple-choice,Core,A_required,core,P1,sorting_data_chart,sorting-data-chart,chart,true,not-generated,candidates/hjb-primary-ds-v1-p3-219.png,题干或单元含显性看图/操作/空间方位/图表线索；没有插图会明显影响低龄学生理解题意、还原对象数量或完成空间/图表判断。,三（4）班四个小组收集废电池的数量用条形图表示：第一组直条标有18，第二组直条标有14，第三组直条标有20，第四组直条标有16。下面哪种说法是错误的？,表现分类物品、象形统计、条形图或折线图底图；坐标轴、分类名、数值和标题后续叠加。
hjb-primary-ds-v1-p3-222,P3,三年级下册,数据整理与统计表达,fill-in,Foundation,A_required,core,P1,sorting_data_chart,sorting-data-chart,chart,true,not-generated,candidates/hjb-primary-ds-v1-p3-222.png,题干或单元含显性看图/操作/空间方位/图表线索；没有插图会明显影响低龄学生理解题意、还原对象数量或完成空间/图表判断。,下面是三（2）班四个小组收集废电池的数量：第一组15节，第二组20节，第三组10节，第四组25节。请填写：收集最多的小组是第___组，收集了___节。,表现分类物品、象形统计、条形图或折线图底图；坐标轴、分类名、数值和标题后续叠加。
hjb-primary-ds-v1-p3-223,P3,三年级下册,数据整理与统计表达,multiple-choice,Core,A_required,core,P1,sorting_data_chart,sorting-data-chart,chart,true,not-generated,candidates/hjb-primary-ds-v1-p3-223.png,题干或单元含显性看图/操作/空间方位/图表线索；没有插图会明显影响低龄学生理解题意、还原对象数量或完成空间/图表判断。,三（3）班同学参加兴趣小组的人数统计如下：绘画组12人，舞蹈组8人，书法组5人，合唱组15人。下面哪个说法是正确的？,表现分类物品、象形统计、条形图或折线图底图；坐标轴、分类名、数值和标题后续叠加。
hjb-primary-ds-v1-p3-225,P3,三年级下册,数据整理与统计表达,multiple-choice,Core,A_required,core,P1,sorting_data_chart,sorting-data-chart,chart,true,not-generated,candidates/hjb-primary-ds-v1-p3-225.png,题干或单元含显性看图/操作/空间方位/图表线索；没有插图会明显影响低龄学生理解题意、还原对象数量或完成空间/图表判断。,三（5）班四个同学的跳绳成绩如下：小明跳了85下，小红跳了92下，小刚跳了78下，小丽跳了88下。下面哪个说法是正确的？,表现分类物品、象形统计、条形图或折线图底图；坐标轴、分类名、数值和标题后续叠加。
hjb-primary-ds-v1-p3-227,P3,三年级下册,数据整理与统计表达,multiple-choice,Core,A_required,core,P1,sorting_data_chart,sorting-data-chart,chart,true,not-generated,candidates/hjb-primary-ds-v1-p3-227.png,题干或单元含显性看图/操作/空间方位/图表线索；没有插图会明显影响低龄学生理解题意、还原对象数量或完成空间/图表判断。,下面是三（2）班同学参加兴趣小组的统计表： | 小组 | 人数 | |------|------| | 绘画 | 15 | | 书法 | 9 | | 舞蹈 | 12 | | 合唱 | 18 | 根据统计表，下面哪个说法是正确的？,表现分类物品、象形统计、条形图或折线图底图；坐标轴、分类名、数值和标题后续叠加。
hjb-primary-ds-v1-p3-229,P3,三年级下册,数据整理与统计表达,multiple-choice,Core,A_required,core,P1,sorting_data_chart,sorting-data-chart,chart,true,not-generated,candidates/hjb-primary-ds-v1-p3-229.png,题干或单元含显性看图/操作/空间方位/图表线索；没有插图会明显影响低龄学生理解题意、还原对象数量或完成空间/图表判断。,三（4）班同学体育达标项目统计如下：跳绳达标30人，跑步达标25人，仰卧起坐达标20人，立定跳远达标28人。下面哪个结论是正确的？,表现分类物品、象形统计、条形图或折线图底图；坐标轴、分类名、数值和标题后续叠加。
hjb-primary-ds-v1-p4-185,P4,四年级下册,统计,multiple-choice,Core,A_required,core,P1,sorting_data_chart,sorting-data-chart,chart,true,not-generated,candidates/hjb-primary-ds-v1-p4-185.png,题干或单元含显性看图/操作/空间方位/图表线索；没有插图会明显影响低龄学生理解题意、还原对象数量或完成空间/图表判断。,下面是某地一周内每天最高气温的折线统计图数据：周一25°C，周二26°C，周三24°C，周四27°C，周五28°C，周六30°C，周日29°C。从周一到周六，气温的整体变化趋势是（ ）。,表现分类物品、象形统计、条形图或折线图底图；坐标轴、分类名、数值和标题后续叠加。
hjb-primary-ds-v1-p4-186,P4,四年级下册,统计,fill-in,Foundation,A_required,core,P1,sorting_data_chart,sorting-data-chart,chart,true,not-generated,candidates/hjb-primary-ds-v1-p4-186.png,题干或单元含显性看图/操作/空间方位/图表线索；没有插图会明显影响低龄学生理解题意、还原对象数量或完成空间/图表判断。,小丁记录了连续5天每天上午8时的室外气温，数据如下：星期一18℃，星期二20℃，星期三22℃，星期四21℃，星期五19℃。根据这些数据，星期几的气温最高？,表现分类物品、象形统计、条形图或折线图底图；坐标轴、分类名、数值和标题后续叠加。
hjb-primary-ds-v1-p4-187,P4,四年级下册,统计,multiple-choice,Core,A_required,core,P1,sorting_data_chart,sorting-data-chart,chart,true,not-generated,candidates/hjb-primary-ds-v1-p4-187.png,题干或单元含显性看图/操作/空间方位/图表线索；没有插图会明显影响低龄学生理解题意、还原对象数量或完成空间/图表判断。,下面是某城市一周内每天下午2时的气温记录：星期一15℃，星期二17℃，星期三16℃，星期四18℃，星期五19℃，星期六20℃，星期日18℃。如果把这些数据画成折线统计图，横轴表示星期，纵轴表示气温，那么从星期二到星期三的线段表示什么？,表现分类物品、象形统计、条形图或折线图底图；坐标轴、分类名、数值和标题后续叠加。
hjb-primary-ds-v1-p4-188,P4,四年级下册,统计,fill-in,Foundation,A_required,core,P1,sorting_data_chart,sorting-data-chart,chart,true,not-generated,candidates/hjb-primary-ds-v1-p4-188.png,题干或单元含显性看图/操作/空间方位/图表线索；没有插图会明显影响低龄学生理解题意、还原对象数量或完成空间/图表判断。,小胖记录了自己一周内每天跳绳的个数：星期一120个，星期二135个，星期三130个，星期四140个，星期五125个。他打算画折线统计图，纵轴每格表示5个。如果纵轴从115开始，那么星期二的点应该画在纵轴从下往上数第几格的位置？,表现分类物品、象形统计、条形图或折线图底图；坐标轴、分类名、数值和标题后续叠加。
hjb-primary-ds-v1-p4-189,P4,四年级下册,统计,multiple-choice,Core,A_required,core,P1,sorting_data_chart,sorting-data-chart,chart,true,not-generated,candidates/hjb-primary-ds-v1-p4-189.png,题干或单元含显性看图/操作/空间方位/图表线索；没有插图会明显影响低龄学生理解题意、还原对象数量或完成空间/图表判断。,小亚记录了连续6天每天中午12时的室内温度，并画了折线统计图。她发现第1天到第2天的线段最陡。下面哪组数据符合她的记录？,表现分类物品、象形统计、条形图或折线图底图；坐标轴、分类名、数值和标题后续叠加。
hjb-primary-ds-v1-p4-190,P4,四年级下册,统计,fill-in,Foundation,A_required,core,P1,sorting_data_chart,sorting-data-chart,chart,true,not-generated,candidates/hjb-primary-ds-v1-p4-190.png,题干或单元含显性看图/操作/空间方位/图表线索；没有插图会明显影响低龄学生理解题意、还原对象数量或完成空间/图表判断。,小巧统计了自己连续4周每周阅读课外书的页数：第1周40页，第2周45页，第3周35页，第4周50页。根据这些数据，哪一周阅读页数最少？,表现分类物品、象形统计、条形图或折线图底图；坐标轴、分类名、数值和标题后续叠加。
hjb-primary-ds-v1-p4-191,P4,四年级下册,统计,multiple-choice,Core,A_required,core,P1,sorting_data_chart,sorting-data-chart,chart,true,not-generated,candidates/hjb-primary-ds-v1-p4-191.png,题干或单元含显性看图/操作/空间方位/图表线索；没有插图会明显影响低龄学生理解题意、还原对象数量或完成空间/图表判断。,小丁记录了上海某公园一周内每天上午8时的气温，并制成折线统计图。横轴表示星期一到星期日，纵轴表示气温（℃），每格代表1℃。数据点依次为：星期一10℃，星期二12℃，星期三11℃，星期四14℃，星期五15℃，星期六13℃，星期日16℃。下列说法正确的是（ ）。,表现分类物品、象形统计、条形图或折线图底图；坐标轴、分类名、数值和标题后续叠加。
hjb-primary-ds-v1-p4-192,P4,四年级下册,统计,fill-in,Foundation,A_required,core,P1,sorting_data_chart,sorting-data-chart,chart,true,not-generated,candidates/hjb-primary-ds-v1-p4-192.png,题干或单元含显性看图/操作/空间方位/图表线索；没有插图会明显影响低龄学生理解题意、还原对象数量或完成空间/图表判断。,小胖记录了自己连续5天每天跳绳的个数，并绘制成折线统计图。横轴表示天数（第1天到第5天），纵轴表示跳绳个数，每格代表10个。数据点：第1天120个，第2天135个，第3天130个，第4天150个，第5天145个。请填空：跳绳个数增加最多的是从第______天到第______天。,表现分类物品、象形统计、条形图或折线图底图；坐标轴、分类名、数值和标题后续叠加。
hjb-primary-ds-v1-p4-193,P4,四年级下册,统计,multiple-choice,Core,A_required,core,P1,sorting_data_chart,sorting-data-chart,chart,true,not-generated,candidates/hjb-primary-ds-v1-p4-193.png,题干或单元含显性看图/操作/空间方位/图表线索；没有插图会明显影响低龄学生理解题意、还原对象数量或完成空间/图表判断。,小亚记录了某植物一周内每天的高度，并制成折线统计图。横轴表示星期一到星期日，纵轴表示高度（厘米），每格代表2厘米。数据点：星期一6厘米，星期二8厘米，星期三10厘米，星期四10厘米，星期五12厘米，星期六14厘米，星期日14厘米。根据统计图，下列说法正确的是（ ）。,表现分类物品、象形统计、条形图或折线图底图；坐标轴、分类名、数值和标题后续叠加。
hjb-primary-ds-v1-p4-196,P4,四年级下册,统计,fill-in,Foundation,A_required,core,P1,sorting_data_chart,sorting-data-chart,chart,true,not-generated,candidates/hjb-primary-ds-v1-p4-196.png,题干或单元含显性看图/操作/空间方位/图表线索；没有插图会明显影响低龄学生理解题意、还原对象数量或完成空间/图表判断。,小丁记录了连续5天每天上午10点的室外温度，数据如下：第1天18℃，第2天20℃，第3天19℃，第4天22℃，第5天25℃。如果把这些数据画成折线统计图，横轴表示天数，纵轴表示温度（单位：℃），那么从第1天到第5天，温度的整体变化趋势是______。（填“上升”或“下降”）,表现分类物品、象形统计、条形图或折线图底图；坐标轴、分类名、数值和标题后续叠加。
hjb-primary-ds-v1-p4-197,P4,四年级下册,统计,multiple-choice,Core,A_required,core,P1,sorting_data_chart,sorting-data-chart,chart,true,not-generated,candidates/hjb-primary-ds-v1-p4-197.png,题干或单元含显性看图/操作/空间方位/图表线索；没有插图会明显影响低龄学生理解题意、还原对象数量或完成空间/图表判断。,小胖记录了自己一周每天跳绳的个数，并画成了折线统计图。横轴是星期一到星期五，纵轴是跳绳个数（单位：个）。数据点：星期一120个，星期二135个，星期三130个，星期四150个，星期五140个。下列说法正确的是（ ）。,表现分类物品、象形统计、条形图或折线图底图；坐标轴、分类名、数值和标题后续叠加。
hjb-primary-ds-v1-p4-198,P4,四年级下册,统计,fill-in,Foundation,A_required,core,P1,sorting_data_chart,sorting-data-chart,chart,true,not-generated,candidates/hjb-primary-ds-v1-p4-198.png,题干或单元含显性看图/操作/空间方位/图表线索；没有插图会明显影响低龄学生理解题意、还原对象数量或完成空间/图表判断。,小亚测量了一棵植物在5周内每周一的高度，数据如下：第1周10厘米，第2周12厘米，第3周15厘米，第4周17厘米，第5周20厘米。如果画成折线统计图，横轴表示周数，纵轴表示高度（单位：厘米），那么从第1周到第5周，高度增加了______厘米。,表现分类物品、象形统计、条形图或折线图底图；坐标轴、分类名、数值和标题后续叠加。
hjb-primary-ds-v1-p4-199,P4,四年级下册,统计,multiple-choice,Core,A_required,core,P1,sorting_data_chart,sorting-data-chart,chart,true,not-generated,candidates/hjb-primary-ds-v1-p4-199.png,题干或单元含显性看图/操作/空间方位/图表线索；没有插图会明显影响低龄学生理解题意、还原对象数量或完成空间/图表判断。,小丁丁记录了某地连续6个月每月1日的平均气温，并画成折线统计图。横轴是月份（1月到6月），纵轴是气温（单位：℃）。数据点：1月2℃，2月5℃，3月9℃，4月14℃，5月19℃，6月24℃。下列说法正确的是（ ）。,表现分类物品、象形统计、条形图或折线图底图；坐标轴、分类名、数值和标题后续叠加。
hjb-primary-ds-v1-p4-200,P4,四年级下册,统计,fill-in,Foundation,A_required,core,P1,sorting_data_chart,sorting-data-chart,chart,true,not-generated,candidates/hjb-primary-ds-v1-p4-200.png,题干或单元含显性看图/操作/空间方位/图表线索；没有插图会明显影响低龄学生理解题意、还原对象数量或完成空间/图表判断。,小巧记录了自己连续4天每天阅读课外书的页数，并画成折线统计图。横轴是第1天到第4天，纵轴是页数（单位：页）。数据点：第1天8页，第2天10页，第3天9页，第4天12页。从第2天到第3天，阅读页数______了。（填“增加”或“减少”）,表现分类物品、象形统计、条形图或折线图底图；坐标轴、分类名、数值和标题后续叠加。
hjb-primary-ds-v1-p4-201,P4,四年级下册,统计,multiple-choice,Core,A_required,core,P1,sorting_data_chart,sorting-data-chart,chart,true,not-generated,candidates/hjb-primary-ds-v1-p4-201.png,题干或单元含显性看图/操作/空间方位/图表线索；没有插图会明显影响低龄学生理解题意、还原对象数量或完成空间/图表判断。,下面是某城市2023年1月至6月每月平均气温的折线统计图数据：1月5℃，2月8℃，3月12℃，4月18℃，5月23℃，6月28℃。根据这些数据，以下哪个趋势描述是正确的？,表现分类物品、象形统计、条形图或折线图底图；坐标轴、分类名、数值和标题后续叠加。
hjb-primary-ds-v1-p4-202,P4,四年级下册,统计,fill-in,Foundation,A_required,core,P1,sorting_data_chart,sorting-data-chart,chart,true,not-generated,candidates/hjb-primary-ds-v1-p4-202.png,题干或单元含显性看图/操作/空间方位/图表线索；没有插图会明显影响低龄学生理解题意、还原对象数量或完成空间/图表判断。,小丁记录了连续5天每天上午8时的室外温度，并绘制成折线统计图。数据如下：第1天12℃，第2天15℃，第3天14℃，第4天18℃，第5天20℃。请填空：温度上升最快的是从第____天到第____天。,表现分类物品、象形统计、条形图或折线图底图；坐标轴、分类名、数值和标题后续叠加。
hjb-primary-ds-v1-p4-203,P4,四年级下册,统计,multiple-choice,Core,A_required,core,P1,sorting_data_chart,sorting-data-chart,chart,true,not-generated,candidates/hjb-primary-ds-v1-p4-203.png,题干或单元含显性看图/操作/空间方位/图表线索；没有插图会明显影响低龄学生理解题意、还原对象数量或完成空间/图表判断。,某商店上半年各月销售额如下：1月10万元，2月12万元，3月11万元，4月15万元，5月18万元，6月20万元。根据这些数据绘制的折线统计图，以下哪个结论是正确的？,表现分类物品、象形统计、条形图或折线图底图；坐标轴、分类名、数值和标题后续叠加。
hjb-primary-ds-v1-p4-204,P4,四年级下册,统计,fill-in,Foundation,A_required,core,P1,sorting_data_chart,sorting-data-chart,chart,true,not-generated,candidates/hjb-primary-ds-v1-p4-204.png,题干或单元含显性看图/操作/空间方位/图表线索；没有插图会明显影响低龄学生理解题意、还原对象数量或完成空间/图表判断。,根据下面的数据，在绘制折线统计图时，纵轴每格表示多少比较合适？数据：某学生1~6年级身高分别为120cm、126cm、132cm、138cm、145cm、152cm。请填空：纵轴每格可以表示____厘米。,表现分类物品、象形统计、条形图或折线图底图；坐标轴、分类名、数值和标题后续叠加。
hjb-primary-ds-v1-p4-205,P4,四年级下册,统计,multiple-choice,Core,A_required,core,P1,sorting_data_chart,sorting-data-chart,chart,true,not-generated,candidates/hjb-primary-ds-v1-p4-205.png,题干或单元含显性看图/操作/空间方位/图表线索；没有插图会明显影响低龄学生理解题意、还原对象数量或完成空间/图表判断。,下面是某城市一周内每天最高气温的折线统计图数据：周一22℃，周二24℃，周三23℃，周四26℃，周五28℃，周六27℃，周日25℃。根据这些数据，以下哪个说法是正确的？,表现分类物品、象形统计、条形图或折线图底图；坐标轴、分类名、数值和标题后续叠加。
hjb-primary-ds-v1-p4-230,P4,四年级下册,四年级下册整理与提高,fill-in,Core,A_required,core,P1,sorting_data_chart,sorting-data-chart,chart,true,not-generated,candidates/hjb-primary-ds-v1-p4-230.png,题干或单元含显性看图/操作/空间方位/图表线索；没有插图会明显影响低龄学生理解题意、还原对象数量或完成空间/图表判断。,小雅在整理本学期数学知识时，需要完成以下任务： 1. 将小数 3.148 用“五舍六入”法保留一位小数，结果是（ ）。 2. 在同一平面内，如果直线 a 垂直于直线 b，直线 b 垂直于直线 c，那么直线 a 与直线 c 的位置关系是（ ）。 3. 观察下面折线统计图描述的数据：某城市2024年1月至6月的月平均气温分别为5℃、8℃、14℃、21℃、25℃、28℃。从几月到几月气温上升最快？答：（ ）月到（ ）月。 请按顺序填写三个答案，用中文分号“；”隔开。,表现分类物品、象形统计、条形图或折线图底图；坐标轴、分类名、数值和标题后续叠加。
hjb-primary-ds-v1-p4-235,P4,四年级下册,四年级下册整理与提高,multiple-choice,Core,A_required,core,P1,sorting_data_chart,sorting-data-chart,chart,true,not-generated,candidates/hjb-primary-ds-v1-p4-235.png,题干或单元含显性看图/操作/空间方位/图表线索；没有插图会明显影响低龄学生理解题意、还原对象数量或完成空间/图表判断。,下面是某地一周内每天最高气温的折线统计图数据：星期一25°C，星期二26°C，星期三27°C，星期四28°C，星期五29°C，星期六30°C，星期日31°C。这一周最高气温的总体变化趋势是怎样的？,表现分类物品、象形统计、条形图或折线图底图；坐标轴、分类名、数值和标题后续叠加。
hjb-primary-ds-v1-p4-238,P4,四年级下册,四年级下册整理与提高,fill-in,Core,A_required,core,P1,sorting_data_chart,sorting-data-chart,chart,true,not-generated,candidates/hjb-primary-ds-v1-p4-238.png,题干或单元含显性看图/操作/空间方位/图表线索；没有插图会明显影响低龄学生理解题意、还原对象数量或完成空间/图表判断。,小丁丁记录了连续五天的最高气温，分别是 23℃、25℃、24℃、26℃、27℃。他想用统计图表示气温的变化情况，应该选择什么统计图？,表现分类物品、象形统计、条形图或折线图底图；坐标轴、分类名、数值和标题后续叠加。
hjb-primary-ds-v1-p4-248,P4,四年级下册,四年级下册整理与提高,multiple-choice,Core,A_required,core,P1,sorting_data_chart,sorting-data-chart,chart,true,not-generated,candidates/hjb-primary-ds-v1-p4-248.png,题干或单元含显性看图/操作/空间方位/图表线索；没有插图会明显影响低龄学生理解题意、还原对象数量或完成空间/图表判断。,学校气象小组记录了一周每天上午8时的气温，并制成折线统计图。从图中看出，气温整体呈上升趋势，且周三到周四上升最快。下面哪组数据符合这个描述？,表现分类物品、象形统计、条形图或折线图底图；坐标轴、分类名、数值和标题后续叠加。
hjb-primary-ds-v1-p5-108,P5,五年级上册,数据整理与平均数,short-answer,Core,A_required,core,P1,sorting_data_chart,sorting-data-chart,chart,true,not-generated,candidates/hjb-primary-ds-v1-p5-108.png,题干或单元含显性看图/操作/空间方位/图表线索；没有插图会明显影响低龄学生理解题意、还原对象数量或完成空间/图表判断。,下面是五（3）班第一小队5名同学的身高统计表： | 姓名 | 小杰 | 小芳 | 小军 | 小丽 | 小伟 | |------|------|------|------|------|------| | 身高（cm） | 152 | 148 | 155 | 150 | 145 | 请计算这个小队同学的平均身高，并说明平均身高在这个小队中处于什么位置。,表现分类物品、象形统计、条形图或折线图底图；坐标轴、分类名、数值和标题后续叠加。
hjb-primary-ds-v1-p5-109,P5,五年级上册,数据整理与平均数,multiple-choice,Foundation,A_required,core,P1,sorting_data_chart,sorting-data-chart,chart,true,not-generated,candidates/hjb-primary-ds-v1-p5-109.png,题干或单元含显性看图/操作/空间方位/图表线索；没有插图会明显影响低龄学生理解题意、还原对象数量或完成空间/图表判断。,五（4）班图书角有故事书、科技书和漫画书。故事书有40本，科技书有30本，漫画书有20本。下面哪幅统计图最能正确表示这三类图书的数量？,表现分类物品、象形统计、条形图或折线图底图；坐标轴、分类名、数值和标题后续叠加。
hjb-primary-ds-v1-p5-118,P5,五年级上册,数据整理与平均数,multiple-choice,Foundation,A_required,core,P1,sorting_data_chart,sorting-data-chart,chart,true,not-generated,candidates/hjb-primary-ds-v1-p5-118.png,题干或单元含显性看图/操作/空间方位/图表线索；没有插图会明显影响低龄学生理解题意、还原对象数量或完成空间/图表判断。,下面是某书店一周内售出图书数量的统计表： 星期一：45本 星期二：52本 星期三：48本 星期四：50本 星期五：55本 星期六：70本 星期日：65本 这周平均每天售出图书多少本？,表现分类物品、象形统计、条形图或折线图底图；坐标轴、分类名、数值和标题后续叠加。
hjb-primary-ds-v1-p5-119,P5,五年级上册,数据整理与平均数,fill-in,Challenge,A_required,core,P1,sorting_data_chart,sorting-data-chart,chart,true,not-generated,candidates/hjb-primary-ds-v1-p5-119.png,题干或单元含显性看图/操作/空间方位/图表线索；没有插图会明显影响低龄学生理解题意、还原对象数量或完成空间/图表判断。,下面是五年级两个班在“环保小卫士”活动中收集废电池的数量统计表： 五（1）班：第一组28节，第二组32节，第三组30节，第四组34节 五（2）班：第一组26节，第二组31节，第三组29节，第四组33节 哪个班平均每组收集的废电池多？多多少节？,表现分类物品、象形统计、条形图或折线图底图；坐标轴、分类名、数值和标题后续叠加。
hjb-primary-ds-v1-p5-220,P5,五年级下册,统计表达与综合应用,fill-in,Core,A_required,core,P1,sorting_data_chart,sorting-data-chart,chart,true,not-generated,candidates/hjb-primary-ds-v1-p5-220.png,题干或单元含显性看图/操作/空间方位/图表线索；没有插图会明显影响低龄学生理解题意、还原对象数量或完成空间/图表判断。,下面是某地2023年各月平均气温的折线统计图数据：1月2℃，2月5℃，3月10℃，4月16℃，5月22℃，6月28℃，7月30℃，8月29℃，9月25℃，10月18℃，11月10℃，12月4℃。从几月到几月气温上升最快？若有多组上升幅度相同，请写最早出现的一组。,表现分类物品、象形统计、条形图或折线图底图；坐标轴、分类名、数值和标题后续叠加。
hjb-primary-ds-v1-p5-221,P5,五年级下册,统计表达与综合应用,multiple-choice,Core,A_required,core,P1,sorting_data_chart,sorting-data-chart,chart,true,not-generated,candidates/hjb-primary-ds-v1-p5-221.png,题干或单元含显性看图/操作/空间方位/图表线索；没有插图会明显影响低龄学生理解题意、还原对象数量或完成空间/图表判断。,小杰记录了连续5天每天上午8时的气温，并绘制成折线统计图。数据如下：第1天12℃，第2天14℃，第3天11℃，第4天15℃，第5天16℃。下列说法正确的是（ ）。,表现分类物品、象形统计、条形图或折线图底图；坐标轴、分类名、数值和标题后续叠加。
hjb-primary-ds-v1-p5-223,P5,五年级下册,统计表达与综合应用,multiple-choice,Core,A_required,core,P1,sorting_data_chart,sorting-data-chart,chart,true,not-generated,candidates/hjb-primary-ds-v1-p5-223.png,题干或单元含显性看图/操作/空间方位/图表线索；没有插图会明显影响低龄学生理解题意、还原对象数量或完成空间/图表判断。,下面是某城市2023年1~6月的月平均气温统计表。 | 月份 | 1月 | 2月 | 3月 | 4月 | 5月 | 6月 | |------|-----|-----|-----|-----|-----|-----| | 气温（℃） | 2 | 5 | 10 | 16 | 22 | 28 | 根据表中数据，下列说法正确的是（ ）。,表现分类物品、象形统计、条形图或折线图底图；坐标轴、分类名、数值和标题后续叠加。
hjb-primary-ds-v1-p5-227,P5,五年级下册,统计表达与综合应用,multiple-choice,Core,A_required,core,P1,sorting_data_chart,sorting-data-chart,chart,true,not-generated,candidates/hjb-primary-ds-v1-p5-227.png,题干或单元含显性看图/操作/空间方位/图表线索；没有插图会明显影响低龄学生理解题意、还原对象数量或完成空间/图表判断。,小丁记录了连续五天每天做仰卧起坐的个数：第一天32个，第二天35个，第三天30个，第四天33个，第五天35个。他想用统计图表示这五天的变化情况，并突出每天个数的增减。选用下面哪种统计图最合适？,表现分类物品、象形统计、条形图或折线图底图；坐标轴、分类名、数值和标题后续叠加。
hjb-primary-ds-v1-p5-231,P5,五年级下册,统计表达与综合应用,multiple-choice,Core,A_required,core,P1,sorting_data_chart,sorting-data-chart,chart,true,not-generated,candidates/hjb-primary-ds-v1-p5-231.png,题干或单元含显性看图/操作/空间方位/图表线索；没有插图会明显影响低龄学生理解题意、还原对象数量或完成空间/图表判断。,下面是某市2024年1月至6月的月平均气温统计表。 月份：1月 2月 3月 4月 5月 6月 气温（℃）：2 5 10 9 22 28 根据表中数据，下列说法正确的是（ ）。,表现分类物品、象形统计、条形图或折线图底图；坐标轴、分类名、数值和标题后续叠加。
hjb-primary-ds-v1-p5-232,P5,五年级下册,统计表达与综合应用,fill-in,Core,A_required,core,P1,sorting_data_chart,sorting-data-chart,chart,true,not-generated,candidates/hjb-primary-ds-v1-p5-232.png,题干或单元含显性看图/操作/空间方位/图表线索；没有插图会明显影响低龄学生理解题意、还原对象数量或完成空间/图表判断。,下面是某商店2024年1月至6月的月销售量统计表。 月份：1月 2月 3月 4月 5月 6月 销售量（件）：120 150 180 160 200 220 从表中可以看出，销售量最高的月份是______月，销售量是______件。,表现分类物品、象形统计、条形图或折线图底图；坐标轴、分类名、数值和标题后续叠加。
hjb-primary-ds-v1-p5-233,P5,五年级下册,统计表达与综合应用,multiple-choice,Core,A_required,core,P1,sorting_data_chart,sorting-data-chart,chart,true,not-generated,candidates/hjb-primary-ds-v1-p5-233.png,题干或单元含显性看图/操作/空间方位/图表线索；没有插图会明显影响低龄学生理解题意、还原对象数量或完成空间/图表判断。,下面是某地2024年1月至6月的月降水量统计表。 月份：1月 2月 3月 4月 5月 6月 降水量（毫米）：30 45 60 55 80 95 根据表中数据，下列说法正确的是（ ）。,表现分类物品、象形统计、条形图或折线图底图；坐标轴、分类名、数值和标题后续叠加。
hjb-primary-ds-v1-p5-234,P5,五年级下册,统计表达与综合应用,fill-in,Core,A_required,core,P1,sorting_data_chart,sorting-data-chart,chart,true,not-generated,candidates/hjb-primary-ds-v1-p5-234.png,题干或单元含显性看图/操作/空间方位/图表线索；没有插图会明显影响低龄学生理解题意、还原对象数量或完成空间/图表判断。,下面是某小学五年级一班和二班2024年1月至6月的月借书量统计表。 月份：1月 2月 3月 4月 5月 6月 一班借书量（本）：35 40 50 45 55 60 二班借书量（本）：30 35 45 50 55 65 从表中可以看出，一班借书量最高的月份是______月，借书______本；二班借书量最低的月份是______月，借书______本。,表现分类物品、象形统计、条形图或折线图底图；坐标轴、分类名、数值和标题后续叠加。
hjb-primary-ds-v1-p5-235,P5,五年级下册,统计表达与综合应用,multiple-choice,Core,A_required,core,P1,sorting_data_chart,sorting-data-chart,chart,true,not-generated,candidates/hjb-primary-ds-v1-p5-235.png,题干或单元含显性看图/操作/空间方位/图表线索；没有插图会明显影响低龄学生理解题意、还原对象数量或完成空间/图表判断。,下面是某市2024年1月至6月的月平均气温统计表。 月份：1月 2月 3月 4月 5月 6月 气温（℃）：3 6 11 10 23 30 根据表中数据，下列说法正确的是（ ）。,表现分类物品、象形统计、条形图或折线图底图；坐标轴、分类名、数值和标题后续叠加。
hjb-primary-ds-v1-p5-236,P5,五年级下册,统计表达与综合应用,fill-in,Core,A_required,core,P1,sorting_data_chart,sorting-data-chart,chart,true,not-generated,candidates/hjb-primary-ds-v1-p5-236.png,题干或单元含显性看图/操作/空间方位/图表线索；没有插图会明显影响低龄学生理解题意、还原对象数量或完成空间/图表判断。,小玲记录了连续6天每天上午8时的气温，数据如下： 第1天：12°C，第2天：14°C，第3天：11°C，第4天：13°C，第5天：15°C，第6天：16°C。 她将这些数据画成了折线统计图，横轴表示天数，纵轴表示气温（°C），从0°C开始，每格表示1°C。 请根据数据回答：这6天的最高气温出现在第几天？,表现分类物品、象形统计、条形图或折线图底图；坐标轴、分类名、数值和标题后续叠加。
hjb-primary-ds-v1-p5-237,P5,五年级下册,统计表达与综合应用,multiple-choice,Core,A_required,core,P1,sorting_data_chart,sorting-data-chart,chart,true,not-generated,candidates/hjb-primary-ds-v1-p5-237.png,题干或单元含显性看图/操作/空间方位/图表线索；没有插图会明显影响低龄学生理解题意、还原对象数量或完成空间/图表判断。,下面是某商店一周内每天售出的笔记本数量： 星期一：15本，星期二：12本，星期三：18本，星期四：20本，星期五：25本，星期六：30本，星期日：22本。 根据这些数据，下面哪种说法是正确的？,表现分类物品、象形统计、条形图或折线图底图；坐标轴、分类名、数值和标题后续叠加。
hjb-primary-ds-v1-p5-239,P5,五年级下册,统计表达与综合应用,multiple-choice,Core,A_required,core,P1,sorting_data_chart,sorting-data-chart,chart,true,not-generated,candidates/hjb-primary-ds-v1-p5-239.png,题干或单元含显性看图/操作/空间方位/图表线索；没有插图会明显影响低龄学生理解题意、还原对象数量或完成空间/图表判断。,某城市2023年1月至6月的月平均气温如下： 1月：2°C，2月：5°C，3月：10°C，4月：16°C，5月：22°C，6月：28°C。 如果将这些数据绘制成折线统计图，下面哪一项描述是正确的？,表现分类物品、象形统计、条形图或折线图底图；坐标轴、分类名、数值和标题后续叠加。
hjb-primary-ds-v1-p5-240,P5,五年级下册,统计表达与综合应用,fill-in,Core,A_required,core,P1,sorting_data_chart,sorting-data-chart,chart,true,not-generated,candidates/hjb-primary-ds-v1-p5-240.png,题干或单元含显性看图/操作/空间方位/图表线索；没有插图会明显影响低龄学生理解题意、还原对象数量或完成空间/图表判断。,下面是四（1）班第一小组5名同学的身高数据（单位：厘米）： 小华：145，小丽：138，小刚：150，小敏：142，小强：135。 他们想用统计图比较身高，并计算平均身高。 请根据数据回答：这5名同学的平均身高是多少厘米？,表现分类物品、象形统计、条形图或折线图底图；坐标轴、分类名、数值和标题后续叠加。
hjb-primary-ds-v1-p5-241,P5,五年级下册,统计表达与综合应用,multiple-choice,Core,A_required,core,P1,sorting_data_chart,sorting-data-chart,chart,true,not-generated,candidates/hjb-primary-ds-v1-p5-241.png,题干或单元含显性看图/操作/空间方位/图表线索；没有插图会明显影响低龄学生理解题意、还原对象数量或完成空间/图表判断。,下面是某城市2023年1月至6月的月平均气温统计表： | 月份 | 1月 | 2月 | 3月 | 4月 | 5月 | 6月 | |------|------|------|------|------|------|------| | 平均气温（℃） | 2 | 5 | 10 | 16 | 21 | 25 | 根据表中数据，下面哪个结论是正确的？,表现分类物品、象形统计、条形图或折线图底图；坐标轴、分类名、数值和标题后续叠加。
hjb-primary-ds-v1-p5-242,P5,五年级下册,统计表达与综合应用,multiple-choice,Core,A_required,core,P1,sorting_data_chart,sorting-data-chart,chart,true,not-generated,candidates/hjb-primary-ds-v1-p5-242.png,题干或单元含显性看图/操作/空间方位/图表线索；没有插图会明显影响低龄学生理解题意、还原对象数量或完成空间/图表判断。,小丁记录了上海某公园一周内每天上午8时的气温（单位：℃），数据如下： 周一：12，周二：14，周三：11，周四：15，周五：16，周六：18，周日：17。 根据这些数据，下面哪句话是正确的？,表现分类物品、象形统计、条形图或折线图底图；坐标轴、分类名、数值和标题后续叠加。
hjb-primary-ds-v1-p5-243,P5,五年级下册,统计表达与综合应用,multiple-choice,Core,A_required,core,P1,sorting_data_chart,sorting-data-chart,chart,true,not-generated,candidates/hjb-primary-ds-v1-p5-243.png,题干或单元含显性看图/操作/空间方位/图表线索；没有插图会明显影响低龄学生理解题意、还原对象数量或完成空间/图表判断。,下面是某城市2024年1月至6月每月空气质量为“优”的天数统计表。 月份：1月、2月、3月、4月、5月、6月 优的天数：12天、10天、15天、18天、22天、20天 根据这些数据，下面哪个说法是正确的？,表现分类物品、象形统计、条形图或折线图底图；坐标轴、分类名、数值和标题后续叠加。
hjb-primary-ds-v1-p5-244,P5,五年级下册,统计表达与综合应用,multiple-choice,Core,A_required,core,P1,sorting_data_chart,sorting-data-chart,chart,true,not-generated,candidates/hjb-primary-ds-v1-p5-244.png,题干或单元含显性看图/操作/空间方位/图表线索；没有插图会明显影响低龄学生理解题意、还原对象数量或完成空间/图表判断。,下表记录了乐乐连续6天练习跳绳的个数： | 天数 | 第1天 | 第2天 | 第3天 | 第4天 | 第5天 | 第6天 | |------|-------|-------|-------|-------|-------|-------| | 个数 | 120 | 135 | 128 | 142 | 138 | 145 | 根据表中数据，下面说法正确的是（ ）。,表现分类物品、象形统计、条形图或折线图底图；坐标轴、分类名、数值和标题后续叠加。
hjb-primary-ds-v1-p5-245,P5,五年级下册,统计表达与综合应用,multiple-choice,Core,A_required,core,P1,sorting_data_chart,sorting-data-chart,chart,true,not-generated,candidates/hjb-primary-ds-v1-p5-245.png,题干或单元含显性看图/操作/空间方位/图表线索；没有插图会明显影响低龄学生理解题意、还原对象数量或完成空间/图表判断。,下面是某城市2024年1月至6月每月空气质量为“优”的天数统计表。 | 月份 | 1月 | 2月 | 3月 | 4月 | 5月 | 6月 | |------|-----|-----|-----|-----|-----|-----| | 天数 | 11 | 10 | 12 | 15 | 18 | 20 | 根据表中数据，下面哪句话是正确的？,表现分类物品、象形统计、条形图或折线图底图；坐标轴、分类名、数值和标题后续叠加。
hjb-primary-ds-v1-p5-246,P5,五年级下册,统计表达与综合应用,multiple-choice,Core,A_required,core,P1,sorting_data_chart,sorting-data-chart,chart,true,not-generated,candidates/hjb-primary-ds-v1-p5-246.png,题干或单元含显性看图/操作/空间方位/图表线索；没有插图会明显影响低龄学生理解题意、还原对象数量或完成空间/图表判断。,下面是某城市一周内每天最高气温的折线统计图数据：周一15℃，周二17℃，周三16℃，周四19℃，周五21℃，周六22℃，周日20℃。下列说法正确的是（ ）。,表现分类物品、象形统计、条形图或折线图底图；坐标轴、分类名、数值和标题后续叠加。
hjb-primary-ds-v1-p5-247,P5,五年级下册,统计表达与综合应用,multiple-choice,Core,A_required,core,P1,sorting_data_chart,sorting-data-chart,chart,true,not-generated,candidates/hjb-primary-ds-v1-p5-247.png,题干或单元含显性看图/操作/空间方位/图表线索；没有插图会明显影响低龄学生理解题意、还原对象数量或完成空间/图表判断。,小华记录了连续5天早上7点的室外温度，并制成折线统计图：第1天12℃，第2天14℃，第3天11℃，第4天16℃，第5天18℃。下列说法正确的是（ ）。,表现分类物品、象形统计、条形图或折线图底图；坐标轴、分类名、数值和标题后续叠加。
hjb-primary-ds-v1-p5-248,P5,五年级下册,统计表达与综合应用,multiple-choice,Core,A_required,core,P1,sorting_data_chart,sorting-data-chart,chart,true,not-generated,candidates/hjb-primary-ds-v1-p5-248.png,题干或单元含显性看图/操作/空间方位/图表线索；没有插图会明显影响低龄学生理解题意、还原对象数量或完成空间/图表判断。,下面是某商店上半年每月销售额的折线统计图数据：1月10万元，2月12万元，3月9万元，4月15万元，5月18万元，6月20万元。下列说法正确的是（ ）。,表现分类物品、象形统计、条形图或折线图底图；坐标轴、分类名、数值和标题后续叠加。
hjb-primary-ds-v1-p5-249,P5,五年级下册,统计表达与综合应用,multiple-choice,Core,A_required,core,P1,sorting_data_chart,sorting-data-chart,chart,true,not-generated,candidates/hjb-primary-ds-v1-p5-249.png,题干或单元含显性看图/操作/空间方位/图表线索；没有插图会明显影响低龄学生理解题意、还原对象数量或完成空间/图表判断。,下面是某水库一周内每天水位高度的折线统计图数据：周一120厘米，周二122厘米，周三119厘米，周四123厘米，周五125厘米，周六124厘米，周日126厘米。下列说法正确的是（ ）。,表现分类物品、象形统计、条形图或折线图底图；坐标轴、分类名、数值和标题后续叠加。
hjb-primary-ds-v1-p5-250,P5,五年级下册,统计表达与综合应用,multiple-choice,Core,A_required,core,P1,sorting_data_chart,sorting-data-chart,chart,true,not-generated,candidates/hjb-primary-ds-v1-p5-250.png,题干或单元含显性看图/操作/空间方位/图表线索；没有插图会明显影响低龄学生理解题意、还原对象数量或完成空间/图表判断。,下面是某同学一周内每天跳绳次数的折线统计图数据：周一80次，周二85次，周三82次，周四90次，周五95次，周六88次，周日100次。下列说法正确的是（ ）。,表现分类物品、象形统计、条形图或折线图底图；坐标轴、分类名、数值和标题后续叠加。
hjb-primary-ds-v1-p2-160,P2,二年级下册,表内除法,multiple-choice,Foundation,A_required,core,P1,fraction_area_model,fraction-area-model,fraction-area,true,not-generated,candidates/hjb-primary-ds-v1-p2-160.png,题干或单元含显性看图/操作/空间方位/图表线索；没有插图会明显影响低龄学生理解题意、还原对象数量或完成空间/图表判断。,下面哪个问题表示“把15平均分成3份，求每份是多少”，可以用“15÷3”来解决？,表现分数条、等分面积、阴影部分、圆形/长方形分割模型；精确分数和标签后续叠加。
hjb-primary-ds-v1-p3-100,P3,三年级上册（老课本暂用）,分数的初步认识,multiple-choice,Core,A_required,core,P1,fraction_area_model,fraction-area-model,fraction-area,true,not-generated,candidates/hjb-primary-ds-v1-p3-100.png,题干或单元含显性看图/操作/空间方位/图表线索；没有插图会明显影响低龄学生理解题意、还原对象数量或完成空间/图表判断。,下面哪幅图里的涂色部分可以用1/4表示？A. 一个正方形被分成4个大小不同的小块，涂了其中1块；B. 一个圆形被平均分成4份，涂了其中1份；C. 一个长方形被分成4个三角形，其中1个三角形涂色，但这4个三角形大小不完全相同；D. 一条线段被分成4段，其中1段涂色，但4段长度不相等。,表现分数条、等分面积、阴影部分、圆形/长方形分割模型；精确分数和标签后续叠加。
hjb-primary-ds-v1-p3-103,P3,三年级上册（老课本暂用）,分数的初步认识,multiple-choice,Core,A_required,core,P1,fraction_area_model,fraction-area-model,fraction-area,true,not-generated,candidates/hjb-primary-ds-v1-p3-103.png,题干或单元含显性看图/操作/空间方位/图表线索；没有插图会明显影响低龄学生理解题意、还原对象数量或完成空间/图表判断。,下面哪种情况可以用1/4表示？,表现分数条、等分面积、阴影部分、圆形/长方形分割模型；精确分数和标签后续叠加。
hjb-primary-ds-v1-p3-104,P3,三年级上册（老课本暂用）,分数的初步认识,fill-in,Foundation,A_required,core,P1,fraction_area_model,fraction-area-model,fraction-area,true,not-generated,candidates/hjb-primary-ds-v1-p3-104.png,题干或单元含显性看图/操作/空间方位/图表线索；没有插图会明显影响低龄学生理解题意、还原对象数量或完成空间/图表判断。,用分数表示涂色部分。 一个正方形被平均分成9个小方格，其中4个小方格涂色。涂色部分占整个正方形的（ ），这个分数读作（ ）。,表现分数条、等分面积、阴影部分、圆形/长方形分割模型；精确分数和标签后续叠加。
hjb-primary-ds-v1-p3-109,P3,三年级上册（老课本暂用）,分数的初步认识,multiple-choice,Core,A_required,core,P1,fraction_area_model,fraction-area-model,fraction-area,true,not-generated,candidates/hjb-primary-ds-v1-p3-109.png,题干或单元含显性看图/操作/空间方位/图表线索；没有插图会明显影响低龄学生理解题意、还原对象数量或完成空间/图表判断。,下面哪个图形中的涂色部分可以用1/3表示？,表现分数条、等分面积、阴影部分、圆形/长方形分割模型；精确分数和标签后续叠加。
hjb-primary-ds-v1-p3-110,P3,三年级上册（老课本暂用）,分数的初步认识,fill-in,Foundation,A_required,core,P1,fraction_area_model,fraction-area-model,fraction-area,true,not-generated,candidates/hjb-primary-ds-v1-p3-110.png,题干或单元含显性看图/操作/空间方位/图表线索；没有插图会明显影响低龄学生理解题意、还原对象数量或完成空间/图表判断。,用分数表示涂色部分：一个长方形被平均分成5份，涂色部分占其中的2份。涂色部分是这个长方形的几分之几？,表现分数条、等分面积、阴影部分、圆形/长方形分割模型；精确分数和标签后续叠加。
hjb-primary-ds-v1-p3-112,P3,三年级上册（老课本暂用）,分数的初步认识,multiple-choice,Core,A_required,core,P1,fraction_area_model,fraction-area-model,fraction-area,true,not-generated,candidates/hjb-primary-ds-v1-p3-112.png,题干或单元含显性看图/操作/空间方位/图表线索；没有插图会明显影响低龄学生理解题意、还原对象数量或完成空间/图表判断。,下面哪种情况可以用分数三分之一表示？,表现分数条、等分面积、阴影部分、圆形/长方形分割模型；精确分数和标签后续叠加。
hjb-primary-ds-v1-p3-115,P3,三年级上册（老课本暂用）,分数的初步认识,multiple-choice,Core,A_required,core,P1,fraction_area_model,fraction-area-model,fraction-area,true,not-generated,candidates/hjb-primary-ds-v1-p3-115.png,题干或单元含显性看图/操作/空间方位/图表线索；没有插图会明显影响低龄学生理解题意、还原对象数量或完成空间/图表判断。,下面哪个分数表示的是八分之三？,表现分数条、等分面积、阴影部分、圆形/长方形分割模型；精确分数和标签后续叠加。
hjb-primary-ds-v1-p4-004,P4,四年级上册,复习与提高,multiple-choice,Exam,A_required,core,P1,fraction_area_model,fraction-area-model,fraction-area,true,not-generated,candidates/hjb-primary-ds-v1-p4-004.png,题干或单元含显性看图/操作/空间方位/图表线索；没有插图会明显影响低龄学生理解题意、还原对象数量或完成空间/图表判断。,把 1 米长的彩带平均分成 5 段，每段是这根彩带的几分之几？下面哪种说法是正确的？,表现分数条、等分面积、阴影部分、圆形/长方形分割模型；精确分数和标签后续叠加。
hjb-primary-ds-v1-p4-013,P4,四年级上册,复习与提高,multiple-choice,Core,A_required,core,P1,fraction_area_model,fraction-area-model,fraction-area,true,not-generated,candidates/hjb-primary-ds-v1-p4-013.png,题干或单元含显性看图/操作/空间方位/图表线索；没有插图会明显影响低龄学生理解题意、还原对象数量或完成空间/图表判断。,下面哪个算式中的□代表的数最大？,表现分数条、等分面积、阴影部分、圆形/长方形分割模型；精确分数和标签后续叠加。
hjb-primary-ds-v1-p4-017,P4,四年级上册,复习与提高,fill-in,Core,A_required,core,P1,fraction_area_model,fraction-area-model,fraction-area,true,not-generated,candidates/hjb-primary-ds-v1-p4-017.png,题干或单元含显性看图/操作/空间方位/图表线索；没有插图会明显影响低龄学生理解题意、还原对象数量或完成空间/图表判断。,根据 23 × 47 = 1081，直接写出下面括号里的数。 1081 ÷ 23 = （ ）,表现分数条、等分面积、阴影部分、圆形/长方形分割模型；精确分数和标签后续叠加。
hjb-primary-ds-v1-p4-022,P4,四年级上册,复习与提高,multiple-choice,Foundation,A_required,core,P1,fraction_area_model,fraction-area-model,fraction-area,true,not-generated,candidates/hjb-primary-ds-v1-p4-022.png,题干或单元含显性看图/操作/空间方位/图表线索；没有插图会明显影响低龄学生理解题意、还原对象数量或完成空间/图表判断。,下面哪个分数表示的是整个图形被平均分成8份，取其中的3份？,表现分数条、等分面积、阴影部分、圆形/长方形分割模型；精确分数和标签后续叠加。
hjb-primary-ds-v1-p4-049,P4,四年级上册,分数的初步认识（二）,multiple-choice,Core,A_required,core,P1,fraction_area_model,fraction-area-model,fraction-area,true,not-generated,candidates/hjb-primary-ds-v1-p4-049.png,题干或单元含显性看图/操作/空间方位/图表线索；没有插图会明显影响低龄学生理解题意、还原对象数量或完成空间/图表判断。,下面哪个分数最大？,表现分数条、等分面积、阴影部分、圆形/长方形分割模型；精确分数和标签后续叠加。
hjb-primary-ds-v1-p4-053,P4,四年级上册,分数的初步认识（二）,fill-in,Foundation,A_required,core,P1,fraction_area_model,fraction-area-model,fraction-area,true,not-generated,candidates/hjb-primary-ds-v1-p4-053.png,题干或单元含显性看图/操作/空间方位/图表线索；没有插图会明显影响低龄学生理解题意、还原对象数量或完成空间/图表判断。,在下面的括号里填上“>”“<”或“=”。 3/8 ○ 5/8,表现分数条、等分面积、阴影部分、圆形/长方形分割模型；精确分数和标签后续叠加。
hjb-primary-ds-v1-p4-055,P4,四年级上册,分数的初步认识（二）,multiple-choice,Core,A_required,core,P1,fraction_area_model,fraction-area-model,fraction-area,true,not-generated,candidates/hjb-primary-ds-v1-p4-055.png,题干或单元含显性看图/操作/空间方位/图表线索；没有插图会明显影响低龄学生理解题意、还原对象数量或完成空间/图表判断。,下面哪一组分数比较是正确的？,表现分数条、等分面积、阴影部分、圆形/长方形分割模型；精确分数和标签后续叠加。
hjb-primary-ds-v1-p4-058,P4,四年级上册,分数的初步认识（二）,multiple-choice,Core,A_required,core,P1,fraction_area_model,fraction-area-model,fraction-area,true,not-generated,candidates/hjb-primary-ds-v1-p4-058.png,题干或单元含显性看图/操作/空间方位/图表线索；没有插图会明显影响低龄学生理解题意、还原对象数量或完成空间/图表判断。,下面哪一组分数的大小比较是正确的？,表现分数条、等分面积、阴影部分、圆形/长方形分割模型；精确分数和标签后续叠加。
hjb-primary-ds-v1-p4-064,P4,四年级上册,分数的初步认识（二）,multiple-choice,Core,A_required,core,P1,fraction_area_model,fraction-area-model,fraction-area,true,not-generated,candidates/hjb-primary-ds-v1-p4-064.png,题干或单元含显性看图/操作/空间方位/图表线索；没有插图会明显影响低龄学生理解题意、还原对象数量或完成空间/图表判断。,下面哪幅图表示的分数最大？ A. 把一个圆平均分成6份，涂色部分占2份。 B. 把一个圆平均分成6份，涂色部分占4份。 C. 把一个圆平均分成8份，涂色部分占3份。 D. 把一个圆平均分成8份，涂色部分占5份。,表现分数条、等分面积、阴影部分、圆形/长方形分割模型；精确分数和标签后续叠加。
hjb-primary-ds-v1-p4-069,P4,四年级上册,分数的初步认识（二）,short-answer,Challenge,A_required,core,P1,fraction_area_model,fraction-area-model,fraction-area,true,not-generated,candidates/hjb-primary-ds-v1-p4-069.png,题干或单元含显性看图/操作/空间方位/图表线索；没有插图会明显影响低龄学生理解题意、还原对象数量或完成空间/图表判断。,一个西瓜被平均分成10块，爸爸吃了3块，妈妈吃了2块，剩下的留给小华。小华吃了剩下部分的一半。小华吃了这个西瓜的几分之几？,表现分数条、等分面积、阴影部分、圆形/长方形分割模型；精确分数和标签后续叠加。
hjb-primary-ds-v1-p5-160,P5,五年级下册,分数意义、性质与加减,multiple-choice,Foundation,A_required,core,P1,fraction_area_model,fraction-area-model,fraction-area,true,not-generated,candidates/hjb-primary-ds-v1-p5-160.png,题干或单元含显性看图/操作/空间方位/图表线索；没有插图会明显影响低龄学生理解题意、还原对象数量或完成空间/图表判断。,下面哪个分数与2/3相等？,表现分数条、等分面积、阴影部分、圆形/长方形分割模型；精确分数和标签后续叠加。
hjb-primary-ds-v1-p5-163,P5,五年级下册,分数意义、性质与加减,multiple-choice,Core,A_required,core,P1,fraction_area_model,fraction-area-model,fraction-area,true,not-generated,candidates/hjb-primary-ds-v1-p5-163.png,题干或单元含显性看图/操作/空间方位/图表线索；没有插图会明显影响低龄学生理解题意、还原对象数量或完成空间/图表判断。,下面哪个分数与3/4相等？,表现分数条、等分面积、阴影部分、圆形/长方形分割模型；精确分数和标签后续叠加。
hjb-primary-ds-v1-p5-169,P5,五年级下册,分数意义、性质与加减,multiple-choice,Core,A_required,core,P1,fraction_area_model,fraction-area-model,fraction-area,true,not-generated,candidates/hjb-primary-ds-v1-p5-169.png,题干或单元含显性看图/操作/空间方位/图表线索；没有插图会明显影响低龄学生理解题意、还原对象数量或完成空间/图表判断。,下面哪个分数与2/5相等？,表现分数条、等分面积、阴影部分、圆形/长方形分割模型；精确分数和标签后续叠加。
hjb-primary-ds-v1-p5-172,P5,五年级下册,分数意义、性质与加减,multiple-choice,Foundation,A_required,core,P1,fraction_area_model,fraction-area-model,fraction-area,true,not-generated,candidates/hjb-primary-ds-v1-p5-172.png,题干或单元含显性看图/操作/空间方位/图表线索；没有插图会明显影响低龄学生理解题意、还原对象数量或完成空间/图表判断。,下面哪个分数与 \\(\frac{9}{12}\\) 相等？,表现分数条、等分面积、阴影部分、圆形/长方形分割模型；精确分数和标签后续叠加。
hjb-primary-ds-v1-p5-175,P5,五年级下册,分数意义、性质与加减,multiple-choice,Core,A_required,core,P1,fraction_area_model,fraction-area-model,fraction-area,true,not-generated,candidates/hjb-primary-ds-v1-p5-175.png,题干或单元含显性看图/操作/空间方位/图表线索；没有插图会明显影响低龄学生理解题意、还原对象数量或完成空间/图表判断。,一根绳子长 \\(\frac{7}{10}\\) 米，用去 \\(\frac{1}{4}\\) 米，还剩多少米？下面哪个算式正确？,表现分数条、等分面积、阴影部分、圆形/长方形分割模型；精确分数和标签后续叠加。
hjb-primary-ds-v1-p5-178,P5,五年级下册,分数意义、性质与加减,multiple-choice,Foundation,A_required,core,P1,fraction_area_model,fraction-area-model,fraction-area,true,not-generated,candidates/hjb-primary-ds-v1-p5-178.png,题干或单元含显性看图/操作/空间方位/图表线索；没有插图会明显影响低龄学生理解题意、还原对象数量或完成空间/图表判断。,下面哪个分数与 3/5 相等？,表现分数条、等分面积、阴影部分、圆形/长方形分割模型；精确分数和标签后续叠加。
hjb-primary-ds-v1-p5-181,P5,五年级下册,分数意义、性质与加减,multiple-choice,Core,A_required,core,P1,fraction_area_model,fraction-area-model,fraction-area,true,not-generated,candidates/hjb-primary-ds-v1-p5-181.png,题干或单元含显性看图/操作/空间方位/图表线索；没有插图会明显影响低龄学生理解题意、还原对象数量或完成空间/图表判断。,小杰把一张长方形纸对折三次，展开后纸被平均分成了几份？他将其中的5份涂上颜色，涂色部分占这张纸的几分之几？下列分数中，与涂色部分相等的是哪一个？,表现分数条、等分面积、阴影部分、圆形/长方形分割模型；精确分数和标签后续叠加。
hjb-primary-ds-v1-p5-183,P5,五年级下册,分数意义、性质与加减,multiple-choice,Core,A_required,core,P1,fraction_area_model,fraction-area-model,fraction-area,true,not-generated,candidates/hjb-primary-ds-v1-p5-183.png,题干或单元含显性看图/操作/空间方位/图表线索；没有插图会明显影响低龄学生理解题意、还原对象数量或完成空间/图表判断。,在计算2/5 + 1/4时，下面哪位同学的想法是正确的？ 小明：因为5+4=9，2+1=3，所以结果是3/9。 小红：先通分，2/5=8/20，1/4=5/20，再相加得13/20。 小刚：2/5+1/4=3/9，约分后是1/3。 小丽：2/5+1/4=3/20。,表现分数条、等分面积、阴影部分、圆形/长方形分割模型；精确分数和标签后续叠加。
hjb-primary-ds-v1-p5-185,P5,五年级下册,分数意义、性质与加减,multiple-choice,Core,A_required,core,P1,fraction_area_model,fraction-area-model,fraction-area,true,not-generated,candidates/hjb-primary-ds-v1-p5-185.png,题干或单元含显性看图/操作/空间方位/图表线索；没有插图会明显影响低龄学生理解题意、还原对象数量或完成空间/图表判断。,学校合唱队有男生24人，女生36人。男生人数是女生的几分之几？下面哪个最简分数是正确的？,表现分数条、等分面积、阴影部分、圆形/长方形分割模型；精确分数和标签后续叠加。
hjb-primary-ds-v1-p6-022,P6,6年级上册,分数,multiple-choice,Foundation,A_required,core,P1,fraction_area_model,fraction-area-model,fraction-area,true,not-generated,candidates/hjb-primary-ds-v1-p6-022.png,题干或单元含显性看图/操作/空间方位/图表线索；没有插图会明显影响低龄学生理解题意、还原对象数量或完成空间/图表判断。,下面哪组分数的大小关系是正确的？,表现分数条、等分面积、阴影部分、圆形/长方形分割模型；精确分数和标签后续叠加。
hjb-primary-ds-v1-p6-025,P6,6年级上册,分数,multiple-choice,Core,A_required,core,P1,fraction_area_model,fraction-area-model,fraction-area,true,not-generated,candidates/hjb-primary-ds-v1-p6-025.png,题干或单元含显性看图/操作/空间方位/图表线索；没有插图会明显影响低龄学生理解题意、还原对象数量或完成空间/图表判断。,一根绳子剪成两段，第一段长3/5米，第二段占全长的3/5。下面说法正确的是（ ）。,表现分数条、等分面积、阴影部分、圆形/长方形分割模型；精确分数和标签后续叠加。
hjb-primary-ds-v1-p6-028,P6,6年级上册,分数,multiple-choice,Exam,A_required,core,P1,fraction_area_model,fraction-area-model,fraction-area,true,not-generated,candidates/hjb-primary-ds-v1-p6-028.png,题干或单元含显性看图/操作/空间方位/图表线索；没有插图会明显影响低龄学生理解题意、还原对象数量或完成空间/图表判断。,下面哪个算式的计算结果与3/4 + 1/6相等？,表现分数条、等分面积、阴影部分、圆形/长方形分割模型；精确分数和标签后续叠加。
hjb-primary-ds-v1-p6-031,P6,6年级上册,分数,multiple-choice,Challenge,A_required,core,P1,fraction_area_model,fraction-area-model,fraction-area,true,not-generated,candidates/hjb-primary-ds-v1-p6-031.png,题干或单元含显性看图/操作/空间方位/图表线索；没有插图会明显影响低龄学生理解题意、还原对象数量或完成空间/图表判断。,小杰有一根彩带，第一次用去全长的 2/5，第二次用去剩下部分的 1/3。比较两次用去的长度，下面哪个说法正确？,表现分数条、等分面积、阴影部分、圆形/长方形分割模型；精确分数和标签后续叠加。
hjb-primary-ds-v1-p6-033,P6,6年级上册,分数,short-answer,Core,A_required,core,P1,fraction_area_model,fraction-area-model,fraction-area,true,not-generated,candidates/hjb-primary-ds-v1-p6-033.png,题干或单元含显性看图/操作/空间方位/图表线索；没有插图会明显影响低龄学生理解题意、还原对象数量或完成空间/图表判断。,一个西瓜，爸爸吃了 1/3，妈妈吃了剩下的 1/2，最后小明吃了剩下的全部。小明吃了这个西瓜的几分之几？请写出计算过程。,表现分数条、等分面积、阴影部分、圆形/长方形分割模型；精确分数和标签后续叠加。
hjb-primary-ds-v1-p6-034,P6,6年级上册,分数,multiple-choice,Foundation,A_required,core,P1,fraction_area_model,fraction-area-model,fraction-area,true,not-generated,candidates/hjb-primary-ds-v1-p6-034.png,题干或单元含显性看图/操作/空间方位/图表线索；没有插图会明显影响低龄学生理解题意、还原对象数量或完成空间/图表判断。,下面哪个分数在 1/3 和 2/5 之间？,表现分数条、等分面积、阴影部分、圆形/长方形分割模型；精确分数和标签后续叠加。
hjb-primary-ds-v1-p1-195,P1,一年级下册,长度的比较与测量,multiple-choice,Core,A_required,core,P1,measurement_ruler,measurement-ruler,ruler,true,not-generated,candidates/hjb-primary-ds-v1-p1-195.png,题干或单元含显性看图/操作/空间方位/图表线索；没有插图会明显影响低龄学生理解题意、还原对象数量或完成空间/图表判断。,比较两根绳子的长度，哪种方法最公平？,表现尺子、量角器、长度/面积测量或单位格底图，精确刻度数字和尺寸后续叠加。
hjb-primary-ds-v1-p1-197,P1,一年级下册,长度的比较与测量,multiple-choice,Core,A_required,core,P1,measurement_ruler,measurement-ruler,ruler,true,not-generated,candidates/hjb-primary-ds-v1-p1-197.png,题干或单元含显性看图/操作/空间方位/图表线索；没有插图会明显影响低龄学生理解题意、还原对象数量或完成空间/图表判断。,下面哪种比较长短的方法是正确的？,表现尺子、量角器、长度/面积测量或单位格底图，精确刻度数字和尺寸后续叠加。
hjb-primary-ds-v1-p1-198,P1,一年级下册,长度的比较与测量,fill-in,Foundation,A_required,core,P1,measurement_ruler,measurement-ruler,ruler,true,not-generated,candidates/hjb-primary-ds-v1-p1-198.png,题干或单元含显性看图/操作/空间方位/图表线索；没有插图会明显影响低龄学生理解题意、还原对象数量或完成空间/图表判断。,小丽用数学书的长边去量课桌的长边，量了4次正好量完。小丽说课桌的长边大约有4本数学书的长边那么长。她说的对吗？为什么？,表现尺子、量角器、长度/面积测量或单位格底图，精确刻度数字和尺寸后续叠加。
hjb-primary-ds-v1-p1-199,P1,一年级下册,长度的比较与测量,multiple-choice,Core,A_required,core,P1,measurement_ruler,measurement-ruler,ruler,true,not-generated,candidates/hjb-primary-ds-v1-p1-199.png,题干或单元含显性看图/操作/空间方位/图表线索；没有插图会明显影响低龄学生理解题意、还原对象数量或完成空间/图表判断。,测量教室门的宽度，用下面哪种东西量最方便？,表现尺子、量角器、长度/面积测量或单位格底图，精确刻度数字和尺寸后续叠加。
hjb-primary-ds-v1-p1-200,P1,一年级下册,长度的比较与测量,fill-in,Foundation,A_required,core,P1,measurement_ruler,measurement-ruler,ruler,true,not-generated,candidates/hjb-primary-ds-v1-p1-200.png,题干或单元含显性看图/操作/空间方位/图表线索；没有插图会明显影响低龄学生理解题意、还原对象数量或完成空间/图表判断。,小东和小红都用拃（张开大拇指和中指两端的距离）测量同一张课桌的长边。小东量了5拃，小红量了6拃。谁的一拃更长？为什么？,表现尺子、量角器、长度/面积测量或单位格底图，精确刻度数字和尺寸后续叠加。
hjb-primary-ds-v1-p1-202,P1,一年级下册,长度的比较与测量,fill-in,Foundation,A_required,core,P1,measurement_ruler,measurement-ruler,ruler,true,not-generated,candidates/hjb-primary-ds-v1-p1-202.png,题干或单元含显性看图/操作/空间方位/图表线索；没有插图会明显影响低龄学生理解题意、还原对象数量或完成空间/图表判断。,比较下面两条绳子的长短：第一条绳子拉直后长12拃，第二条绳子拉直后长10拃。第___条绳子更长。,表现尺子、量角器、长度/面积测量或单位格底图，精确刻度数字和尺寸后续叠加。
hjb-primary-ds-v1-p1-204,P1,一年级下册,长度的比较与测量,fill-in,Foundation,A_required,core,P1,measurement_ruler,measurement-ruler,ruler,true,not-generated,candidates/hjb-primary-ds-v1-p1-204.png,题干或单元含显性看图/操作/空间方位/图表线索；没有插图会明显影响低龄学生理解题意、还原对象数量或完成空间/图表判断。,小芳用脚步测量教室的长度，她走了15步。小东用同样的方法测量，走了17步。___的步子更大。,表现尺子、量角器、长度/面积测量或单位格底图，精确刻度数字和尺寸后续叠加。
hjb-primary-ds-v1-p1-205,P1,一年级下册,长度的比较与测量,multiple-choice,Foundation,A_required,core,P1,measurement_ruler,measurement-ruler,ruler,true,not-generated,candidates/hjb-primary-ds-v1-p1-205.png,题干或单元含显性看图/操作/空间方位/图表线索；没有插图会明显影响低龄学生理解题意、还原对象数量或完成空间/图表判断。,下面哪种方法能准确比较两根弯曲的铁丝的长度？,表现尺子、量角器、长度/面积测量或单位格底图，精确刻度数字和尺寸后续叠加。
hjb-primary-ds-v1-p1-209,P1,一年级下册,长度的比较与测量,multiple-choice,Foundation,A_required,core,P1,measurement_ruler,measurement-ruler,ruler,true,not-generated,candidates/hjb-primary-ds-v1-p1-209.png,题干或单元含显性看图/操作/空间方位/图表线索；没有插图会明显影响低龄学生理解题意、还原对象数量或完成空间/图表判断。,用拃（张开大拇指和中指两端的距离）测量课桌的长度，下面哪种做法能得到正确的结果？,表现尺子、量角器、长度/面积测量或单位格底图，精确刻度数字和尺寸后续叠加。
hjb-primary-ds-v1-p1-210,P1,一年级下册,长度的比较与测量,fill-in,Foundation,A_required,core,P1,measurement_ruler,measurement-ruler,ruler,true,not-generated,candidates/hjb-primary-ds-v1-p1-210.png,题干或单元含显性看图/操作/空间方位/图表线索；没有插图会明显影响低龄学生理解题意、还原对象数量或完成空间/图表判断。,比较两根绳子的长短。一根绳子是直的，另一根绳子是弯曲的。下面哪种比较方法最公平？,表现尺子、量角器、长度/面积测量或单位格底图，精确刻度数字和尺寸后续叠加。
hjb-primary-ds-v1-p1-212,P1,一年级下册,长度的比较与测量,fill-in,Foundation,A_required,core,P1,measurement_ruler,measurement-ruler,ruler,true,not-generated,candidates/hjb-primary-ds-v1-p1-212.png,题干或单元含显性看图/操作/空间方位/图表线索；没有插图会明显影响低龄学生理解题意、还原对象数量或完成空间/图表判断。,小胖用回形针测量数学书的长度，他把回形针一个接一个排好，一共用了8个回形针。小亚用同样的回形针测量同一本数学书，但她没有排紧，回形针之间有空隙，结果用了9个回形针。谁测出的长度更接近数学书的实际长度？为什么？ 答：______测出的长度更接近实际长度，因为测量时回形针要______。,表现尺子、量角器、长度/面积测量或单位格底图，精确刻度数字和尺寸后续叠加。
hjb-primary-ds-v1-p1-213,P1,一年级下册,身体上的尺子与数学广场,multiple-choice,Foundation,A_required,core,P1,measurement_ruler,measurement-ruler,ruler,true,not-generated,candidates/hjb-primary-ds-v1-p1-213.png,题干或单元含显性看图/操作/空间方位/图表线索；没有插图会明显影响低龄学生理解题意、还原对象数量或完成空间/图表判断。,小丁想用“身体尺”估测教室黑板的长度。下面哪种“身体尺”最合适？,表现尺子、量角器、长度/面积测量或单位格底图，精确刻度数字和尺寸后续叠加。
hjb-primary-ds-v1-p1-217,P1,一年级下册,身体上的尺子与数学广场,multiple-choice,Foundation,A_required,core,P1,measurement_ruler,measurement-ruler,ruler,true,not-generated,candidates/hjb-primary-ds-v1-p1-217.png,题干或单元含显性看图/操作/空间方位/图表线索；没有插图会明显影响低龄学生理解题意、还原对象数量或完成空间/图表判断。,小红想测量教室黑板的长度，她可以用下面哪种“身体尺”来估测最方便？,表现尺子、量角器、长度/面积测量或单位格底图，精确刻度数字和尺寸后续叠加。
hjb-primary-ds-v1-p1-218,P1,一年级下册,身体上的尺子与数学广场,fill-in,Foundation,A_required,core,P1,measurement_ruler,measurement-ruler,ruler,true,not-generated,candidates/hjb-primary-ds-v1-p1-218.png,题干或单元含显性看图/操作/空间方位/图表线索；没有插图会明显影响低龄学生理解题意、还原对象数量或完成空间/图表判断。,小丽用“步”来测量教室的长度，她走了15步。如果她的一步长约40厘米，教室的长度大约是多少厘米？,表现尺子、量角器、长度/面积测量或单位格底图，精确刻度数字和尺寸后续叠加。
hjb-primary-ds-v1-p1-219,P1,一年级下册,身体上的尺子与数学广场,multiple-choice,Foundation,A_required,core,P1,measurement_ruler,measurement-ruler,ruler,true,not-generated,candidates/hjb-primary-ds-v1-p1-219.png,题干或单元含显性看图/操作/空间方位/图表线索；没有插图会明显影响低龄学生理解题意、还原对象数量或完成空间/图表判断。,下面哪个长度最适合用“一庹”来估测？,表现尺子、量角器、长度/面积测量或单位格底图，精确刻度数字和尺寸后续叠加。
hjb-primary-ds-v1-p1-220,P1,一年级下册,身体上的尺子与数学广场,fill-in,Foundation,A_required,core,P1,measurement_ruler,measurement-ruler,ruler,true,not-generated,candidates/hjb-primary-ds-v1-p1-220.png,题干或单元含显性看图/操作/空间方位/图表线索；没有插图会明显影响低龄学生理解题意、还原对象数量或完成空间/图表判断。,在数学广场活动中，小组成员用“拃”测量同一张课桌的长度，得到的结果分别是：小明4拃，小红5拃，小刚4拃半。为什么他们测量的结果不一样？请简单写出你的想法。,表现尺子、量角器、长度/面积测量或单位格底图，精确刻度数字和尺寸后续叠加。
hjb-primary-ds-v1-p1-222,P1,一年级下册,身体上的尺子与数学广场,fill-in,Foundation,A_required,core,P1,measurement_ruler,measurement-ruler,ruler,true,not-generated,candidates/hjb-primary-ds-v1-p1-222.png,题干或单元含显性看图/操作/空间方位/图表线索；没有插图会明显影响低龄学生理解题意、还原对象数量或完成空间/图表判断。,小刚用脚步测量教室的宽。他的一步长约40厘米，沿着宽走了8步。教室的宽大约是___厘米。,表现尺子、量角器、长度/面积测量或单位格底图，精确刻度数字和尺寸后续叠加。
hjb-primary-ds-v1-p1-223,P1,一年级下册,身体上的尺子与数学广场,multiple-choice,Foundation,A_required,core,P1,measurement_ruler,measurement-ruler,ruler,true,not-generated,candidates/hjb-primary-ds-v1-p1-223.png,题干或单元含显性看图/操作/空间方位/图表线索；没有插图会明显影响低龄学生理解题意、还原对象数量或完成空间/图表判断。,下面哪种身体尺最适合估测黑板的长度？,表现尺子、量角器、长度/面积测量或单位格底图，精确刻度数字和尺寸后续叠加。
hjb-primary-ds-v1-p1-225,P1,一年级下册,身体上的尺子与数学广场,multiple-choice,Foundation,A_required,core,P1,measurement_ruler,measurement-ruler,ruler,true,not-generated,candidates/hjb-primary-ds-v1-p1-225.png,题干或单元含显性看图/操作/空间方位/图表线索；没有插图会明显影响低龄学生理解题意、还原对象数量或完成空间/图表判断。,小杰用“身体尺”估测一根跳绳的长度，下面哪种做法最合适？,表现尺子、量角器、长度/面积测量或单位格底图，精确刻度数字和尺寸后续叠加。
hjb-primary-ds-v1-p1-227,P1,一年级下册,身体上的尺子与数学广场,multiple-choice,Foundation,A_required,core,P1,measurement_ruler,measurement-ruler,ruler,true,not-generated,candidates/hjb-primary-ds-v1-p1-227.png,题干或单元含显性看图/操作/空间方位/图表线索；没有插图会明显影响低龄学生理解题意、还原对象数量或完成空间/图表判断。,下面哪个身体部位的长度最接近20厘米？,表现尺子、量角器、长度/面积测量或单位格底图，精确刻度数字和尺寸后续叠加。
hjb-primary-ds-v1-p1-229,P1,一年级下册,身体上的尺子与数学广场,multiple-choice,Foundation,A_required,core,P1,measurement_ruler,measurement-ruler,ruler,true,not-generated,candidates/hjb-primary-ds-v1-p1-229.png,题干或单元含显性看图/操作/空间方位/图表线索；没有插图会明显影响低龄学生理解题意、还原对象数量或完成空间/图表判断。,用身体尺估测课桌的长度，下面哪种方法最合适？,表现尺子、量角器、长度/面积测量或单位格底图，精确刻度数字和尺寸后续叠加。
hjb-primary-ds-v1-p2-138,P2,二年级上册,二年级上册数学广场与整理复习,short-answer,Foundation,A_required,core,P1,measurement_ruler,measurement-ruler,ruler,true,not-generated,candidates/hjb-primary-ds-v1-p2-138.png,题干或单元含显性看图/操作/空间方位/图表线索；没有插图会明显影响低龄学生理解题意、还原对象数量或完成空间/图表判断。,小丽用一根长20厘米的绳子测量课桌的长边，量了3次后绳子还多出5厘米。课桌的长边是多少厘米？请写出算式和答案。,表现尺子、量角器、长度/面积测量或单位格底图，精确刻度数字和尺寸后续叠加。
hjb-primary-ds-v1-p2-215,P2,二年级下册,两位数与三位数的加减法,multiple-choice,Core,A_required,core,P1,measurement_ruler,measurement-ruler,ruler,true,not-generated,candidates/hjb-primary-ds-v1-p2-215.png,题干或单元含显性看图/操作/空间方位/图表线索；没有插图会明显影响低龄学生理解题意、还原对象数量或完成空间/图表判断。,一根绳子长 500 厘米，先用去 186 厘米，又用去 214 厘米。下面哪个算式能正确求出剩下的长度？,表现尺子、量角器、长度/面积测量或单位格底图，精确刻度数字和尺寸后续叠加。
hjb-primary-ds-v1-p2-070,P2,二年级上册,表内乘法,multiple-choice,Challenge,A_required,core,P1,array_multiplication_division,array-multiplication-division,array,true,not-generated,candidates/hjb-primary-ds-v1-p2-070.png,题干或单元含显性看图/操作/空间方位/图表线索；没有插图会明显影响低龄学生理解题意、还原对象数量或完成空间/图表判断。,下面哪种情况不能用乘法算式 3×4 表示？,表现等量分组、阵列、平均分、余数或乘除法模型，精确算式和答案后续叠加。
hjb-primary-ds-v1-p2-077,P2,二年级上册,表内乘法,fill-in,Foundation,A_required,core,P1,array_multiplication_division,array-multiplication-division,array,true,not-generated,candidates/hjb-primary-ds-v1-p2-077.png,题干或单元含显性看图/操作/空间方位/图表线索；没有插图会明显影响低龄学生理解题意、还原对象数量或完成空间/图表判断。,看图填空：每行有6颗☆，摆了3行，一共有（ ）颗☆。用乘法算式表示：______×______=______。,表现等量分组、阵列、平均分、余数或乘除法模型，精确算式和答案后续叠加。
hjb-primary-ds-v1-p2-079,P2,二年级上册,表内乘法,multiple-choice,Challenge,A_required,core,P1,array_multiplication_division,array-multiplication-division,array,true,not-generated,candidates/hjb-primary-ds-v1-p2-079.png,题干或单元含显性看图/操作/空间方位/图表线索；没有插图会明显影响低龄学生理解题意、还原对象数量或完成空间/图表判断。,下面哪种情况不能用乘法算式3×5来表示？,表现等量分组、阵列、平均分、余数或乘除法模型，精确算式和答案后续叠加。
hjb-primary-ds-v1-p2-082,P2,二年级上册,表内乘法,multiple-choice,Challenge,A_required,core,P1,array_multiplication_division,array-multiplication-division,array,true,not-generated,candidates/hjb-primary-ds-v1-p2-082.png,题干或单元含显性看图/操作/空间方位/图表线索；没有插图会明显影响低龄学生理解题意、还原对象数量或完成空间/图表判断。,下面哪种情况不能用乘法计算？,表现等量分组、阵列、平均分、余数或乘除法模型，精确算式和答案后续叠加。
hjb-primary-ds-v1-p2-085,P2,二年级上册,表内乘法,multiple-choice,Challenge,A_required,core,P1,array_multiplication_division,array-multiplication-division,array,true,not-generated,candidates/hjb-primary-ds-v1-p2-085.png,题干或单元含显性看图/操作/空间方位/图表线索；没有插图会明显影响低龄学生理解题意、还原对象数量或完成空间/图表判断。,下面哪个算式的得数与“3×7”不同？,表现等量分组、阵列、平均分、余数或乘除法模型，精确算式和答案后续叠加。
hjb-primary-ds-v1-p2-130,P2,二年级上册,二年级上册数学广场与整理复习,multiple-choice,Foundation,A_required,core,P1,array_multiplication_division,array-multiplication-division,array,true,not-generated,candidates/hjb-primary-ds-v1-p2-130.png,题干或单元含显性看图/操作/空间方位/图表线索；没有插图会明显影响低龄学生理解题意、还原对象数量或完成空间/图表判断。,下面哪种分法是平均分？,表现等量分组、阵列、平均分、余数或乘除法模型，精确算式和答案后续叠加。
hjb-primary-ds-v1-p2-145,P2,二年级下册,表内除法,multiple-choice,Core,A_required,core,P1,array_multiplication_division,array-multiplication-division,array,true,not-generated,candidates/hjb-primary-ds-v1-p2-145.png,题干或单元含显性看图/操作/空间方位/图表线索；没有插图会明显影响低龄学生理解题意、还原对象数量或完成空间/图表判断。,下面哪个问题可以用“12÷3”来解决？,表现等量分组、阵列、平均分、余数或乘除法模型，精确算式和答案后续叠加。
hjb-primary-ds-v1-p2-148,P2,二年级下册,表内除法,multiple-choice,Foundation,A_required,core,P1,array_multiplication_division,array-multiplication-division,array,true,not-generated,candidates/hjb-primary-ds-v1-p2-148.png,题干或单元含显性看图/操作/空间方位/图表线索；没有插图会明显影响低龄学生理解题意、还原对象数量或完成空间/图表判断。,下面哪种情况可以用除法算式“20 ÷ 5 = 4”表示？,表现等量分组、阵列、平均分、余数或乘除法模型，精确算式和答案后续叠加。
hjb-primary-ds-v1-p2-154,P2,二年级下册,表内除法,multiple-choice,Foundation,A_required,core,P1,array_multiplication_division,array-multiplication-division,array,true,not-generated,candidates/hjb-primary-ds-v1-p2-154.png,题干或单元含显性看图/操作/空间方位/图表线索；没有插图会明显影响低龄学生理解题意、还原对象数量或完成空间/图表判断。,下面哪种情况表示“12里面有几个4”，可以用除法算式“12÷4=3”解决？,表现等量分组、阵列、平均分、余数或乘除法模型，精确算式和答案后续叠加。
hjb-primary-ds-v1-p2-231,P2,二年级下册,二年级下册数学广场与整理复习,multiple-choice,Core,A_required,core,P1,array_multiplication_division,array-multiplication-division,array,true,not-generated,candidates/hjb-primary-ds-v1-p2-231.png,题干或单元含显性看图/操作/空间方位/图表线索；没有插图会明显影响低龄学生理解题意、还原对象数量或完成空间/图表判断。,小乐在复习时看到下面这道题： “把24块饼干平均分给6个小朋友，每人分到几块？” 他列出了算式24÷6=4（块）。 老师让他用另一种方法检验答案是否正确。下面哪种检验方法最合适？,表现等量分组、阵列、平均分、余数或乘除法模型，精确算式和答案后续叠加。
hjb-primary-ds-v1-p2-234,P2,二年级下册,二年级下册数学广场与整理复习,fill-in,Foundation,A_required,core,P1,array_multiplication_division,array-multiplication-division,array,true,not-generated,candidates/hjb-primary-ds-v1-p2-234.png,题干或单元含显性看图/操作/空间方位/图表线索；没有插图会明显影响低龄学生理解题意、还原对象数量或完成空间/图表判断。,小亚在复习时，把下面这些算式分成了两类。 第一类：35+27， 62-19， 48+36 第二类：8×7， 45÷5， 63÷9 她分类的标准是什么？请用一句话写出来。,表现等量分组、阵列、平均分、余数或乘除法模型，精确算式和答案后续叠加。
hjb-primary-ds-v1-p2-241,P2,二年级下册,二年级下册数学广场与整理复习,multiple-choice,Foundation,A_required,core,P1,array_multiplication_division,array-multiplication-division,array,true,not-generated,candidates/hjb-primary-ds-v1-p2-241.png,题干或单元含显性看图/操作/空间方位/图表线索；没有插图会明显影响低龄学生理解题意、还原对象数量或完成空间/图表判断。,小华有36块饼干，平均分给4个小朋友，每人分到几块？他列式36÷4=9（块）。下面哪种检查方法最合适？,表现等量分组、阵列、平均分、余数或乘除法模型，精确算式和答案后续叠加。
hjb-primary-ds-v1-p2-244,P2,二年级下册,二年级下册数学广场与整理复习,multiple-choice,Foundation,A_required,core,P1,array_multiplication_division,array-multiplication-division,array,true,not-generated,candidates/hjb-primary-ds-v1-p2-244.png,题干或单元含显性看图/操作/空间方位/图表线索；没有插图会明显影响低龄学生理解题意、还原对象数量或完成空间/图表判断。,下面哪道题应该用“平均分”的方法解决？,表现等量分组、阵列、平均分、余数或乘除法模型，精确算式和答案后续叠加。
hjb-primary-ds-v1-p3-029,P3,三年级上册（老课本暂用）,乘与除,fill-in,Core,A_required,core,P1,array_multiplication_division,array-multiplication-division,array,true,not-generated,candidates/hjb-primary-ds-v1-p3-029.png,题干或单元含显性看图/操作/空间方位/图表线索；没有插图会明显影响低龄学生理解题意、还原对象数量或完成空间/图表判断。,看图填空：每行有6个点子，有这样的4行。要求一共有多少个点子，就是求______个______是多少，用______法计算，算式是______。,表现等量分组、阵列、平均分、余数或乘除法模型，精确算式和答案后续叠加。
hjb-primary-ds-v1-p3-124,P3,三年级上册（老课本暂用）,三年级上册数学广场与整理复习,multiple-choice,Core,A_required,core,P1,array_multiplication_division,array-multiplication-division,array,true,not-generated,candidates/hjb-primary-ds-v1-p3-124.png,题干或单元含显性看图/操作/空间方位/图表线索；没有插图会明显影响低龄学生理解题意、还原对象数量或完成空间/图表判断。,在整理复习课上，老师让同学们选择合适的方法解决下面的问题：学校图书馆有故事书120本，科技书比故事书的3倍少15本。科技书有多少本？下面哪种方法正确？,表现等量分组、阵列、平均分、余数或乘除法模型，精确算式和答案后续叠加。
hjb-primary-ds-v1-p3-233,P3,三年级下册,三年级下册数学广场与整理复习,multiple-choice,Core,A_required,core,P1,array_multiplication_division,array-multiplication-division,array,true,not-generated,candidates/hjb-primary-ds-v1-p3-233.png,题干或单元含显性看图/操作/空间方位/图表线索；没有插图会明显影响低龄学生理解题意、还原对象数量或完成空间/图表判断。,下面哪个问题适合用“先算一共有多少，再平均分”的方法解决？,表现等量分组、阵列、平均分、余数或乘除法模型，精确算式和答案后续叠加。
hjb-primary-ds-v1-p5-052,P5,五年级上册,用字母表示数与简易方程,multiple-choice,Exam,A_required,core,P1,array_multiplication_division,array-multiplication-division,array,true,not-generated,candidates/hjb-primary-ds-v1-p5-052.png,题干或单元含显性看图/操作/空间方位/图表线索；没有插图会明显影响低龄学生理解题意、还原对象数量或完成空间/图表判断。,小华今年x岁，爸爸的年龄比小华的4倍多2岁。如果用y表示爸爸的年龄，下面哪个方程正确地表示了爸爸和小华的年龄关系？,表现等量分组、阵列、平均分、余数或乘除法模型，精确算式和答案后续叠加。
hjb-primary-ds-v1-p5-127,P5,五年级下册,因数、倍数与数的结构,multiple-choice,Foundation,A_required,core,P1,array_multiplication_division,array-multiplication-division,array,true,not-generated,candidates/hjb-primary-ds-v1-p5-127.png,题干或单元含显性看图/操作/空间方位/图表线索；没有插图会明显影响低龄学生理解题意、还原对象数量或完成空间/图表判断。,下面哪个数既是12的因数，又是18的因数？,表现等量分组、阵列、平均分、余数或乘除法模型，精确算式和答案后续叠加。
hjb-primary-ds-v1-p5-130,P5,五年级下册,因数、倍数与数的结构,multiple-choice,Foundation,A_required,core,P1,array_multiplication_division,array-multiplication-division,array,true,not-generated,candidates/hjb-primary-ds-v1-p5-130.png,题干或单元含显性看图/操作/空间方位/图表线索；没有插图会明显影响低龄学生理解题意、还原对象数量或完成空间/图表判断。,下面哪个数既是质数又是奇数？,表现等量分组、阵列、平均分、余数或乘除法模型，精确算式和答案后续叠加。
hjb-primary-ds-v1-p5-133,P5,五年级下册,因数、倍数与数的结构,multiple-choice,Foundation,A_required,core,P1,array_multiplication_division,array-multiplication-division,array,true,not-generated,candidates/hjb-primary-ds-v1-p5-133.png,题干或单元含显性看图/操作/空间方位/图表线索；没有插图会明显影响低龄学生理解题意、还原对象数量或完成空间/图表判断。,下面哪个数既是质数又是偶数？,表现等量分组、阵列、平均分、余数或乘除法模型，精确算式和答案后续叠加。
hjb-primary-ds-v1-p5-136,P5,五年级下册,因数、倍数与数的结构,multiple-choice,Foundation,A_required,core,P1,array_multiplication_division,array-multiplication-division,array,true,not-generated,candidates/hjb-primary-ds-v1-p5-136.png,题干或单元含显性看图/操作/空间方位/图表线索；没有插图会明显影响低龄学生理解题意、还原对象数量或完成空间/图表判断。,下面哪个数既是 24 的因数，又是 36 的因数？,表现等量分组、阵列、平均分、余数或乘除法模型，精确算式和答案后续叠加。
hjb-primary-ds-v1-p5-139,P5,五年级下册,因数、倍数与数的结构,multiple-choice,Foundation,A_required,core,P1,array_multiplication_division,array-multiplication-division,array,true,not-generated,candidates/hjb-primary-ds-v1-p5-139.png,题干或单元含显性看图/操作/空间方位/图表线索；没有插图会明显影响低龄学生理解题意、还原对象数量或完成空间/图表判断。,下面哪个数不是质数？,表现等量分组、阵列、平均分、余数或乘除法模型，精确算式和答案后续叠加。
hjb-primary-ds-v1-p5-148,P5,五年级下册,因数、倍数与数的结构,multiple-choice,Foundation,A_required,core,P1,array_multiplication_division,array-multiplication-division,array,true,not-generated,candidates/hjb-primary-ds-v1-p5-148.png,题干或单元含显性看图/操作/空间方位/图表线索；没有插图会明显影响低龄学生理解题意、还原对象数量或完成空间/图表判断。,下面哪个数既是42的因数，又是7的倍数？,表现等量分组、阵列、平均分、余数或乘除法模型，精确算式和答案后续叠加。
hjb-primary-ds-v1-p5-157,P5,五年级下册,因数、倍数与数的结构,multiple-choice,Core,A_required,core,P1,array_multiplication_division,array-multiplication-division,array,true,not-generated,candidates/hjb-primary-ds-v1-p5-157.png,题干或单元含显性看图/操作/空间方位/图表线索；没有插图会明显影响低龄学生理解题意、还原对象数量或完成空间/图表判断。,下面哪一组数中的两个数都是质数？,表现等量分组、阵列、平均分、余数或乘除法模型，精确算式和答案后续叠加。
hjb-primary-ds-v1-p6-004,P6,6年级上册,数的整除,multiple-choice,Exam,A_required,core,P1,array_multiplication_division,array-multiplication-division,array,true,not-generated,candidates/hjb-primary-ds-v1-p6-004.png,题干或单元含显性看图/操作/空间方位/图表线索；没有插图会明显影响低龄学生理解题意、还原对象数量或完成空间/图表判断。,下面说法中，正确的是（ ）。,表现等量分组、阵列、平均分、余数或乘除法模型，精确算式和答案后续叠加。
hjb-primary-ds-v1-p6-006,P6,6年级上册,数的整除,short-answer,Foundation,A_required,core,P1,array_multiplication_division,array-multiplication-division,array,true,not-generated,candidates/hjb-primary-ds-v1-p6-006.png,题干或单元含显性看图/操作/空间方位/图表线索；没有插图会明显影响低龄学生理解题意、还原对象数量或完成空间/图表判断。,判断下面说法是否正确，并说明理由：因为 36 ÷ 9 = 4，所以 36 是倍数，9 是因数。,表现等量分组、阵列、平均分、余数或乘除法模型，精确算式和答案后续叠加。
hjb-primary-ds-v1-p6-010,P6,6年级上册,数的整除,multiple-choice,Foundation,A_required,core,P1,array_multiplication_division,array-multiplication-division,array,true,not-generated,candidates/hjb-primary-ds-v1-p6-010.png,题干或单元含显性看图/操作/空间方位/图表线索；没有插图会明显影响低龄学生理解题意、还原对象数量或完成空间/图表判断。,下面哪个数既是 18 的因数，又是 24 的因数？,表现等量分组、阵列、平均分、余数或乘除法模型，精确算式和答案后续叠加。
hjb-primary-ds-v1-p6-013,P6,6年级上册,数的整除,multiple-choice,Core,A_required,core,P1,array_multiplication_division,array-multiplication-division,array,true,not-generated,candidates/hjb-primary-ds-v1-p6-013.png,题干或单元含显性看图/操作/空间方位/图表线索；没有插图会明显影响低龄学生理解题意、还原对象数量或完成空间/图表判断。,下面哪个数既是合数又是奇数？,表现等量分组、阵列、平均分、余数或乘除法模型，精确算式和答案后续叠加。
hjb-primary-ds-v1-p6-203,P6,六年级下册,一元一次方程,multiple-choice,Core,A_required,core,P1,array_multiplication_division,array-multiplication-division,array,true,not-generated,candidates/hjb-primary-ds-v1-p6-203.png,题干或单元含显性看图/操作/空间方位/图表线索；没有插图会明显影响低龄学生理解题意、还原对象数量或完成空间/图表判断。,一个数的3倍减去5等于这个数的2倍加上7，求这个数。设这个数为x，下面哪个方程是正确的？,表现等量分组、阵列、平均分、余数或乘除法模型，精确算式和答案后续叠加。
hjb-primary-ds-v1-p6-209,P6,六年级下册,一元一次方程,multiple-choice,Core,A_required,core,P1,array_multiplication_division,array-multiplication-division,array,true,not-generated,candidates/hjb-primary-ds-v1-p6-209.png,题干或单元含显性看图/操作/空间方位/图表线索；没有插图会明显影响低龄学生理解题意、还原对象数量或完成空间/图表判断。,一个数的3倍加上5等于这个数的2倍减去1，求这个数。设这个数为x，下面哪个方程是正确的？,表现等量分组、阵列、平均分、余数或乘除法模型，精确算式和答案后续叠加。
hjb-primary-ds-v1-p6-215,P6,六年级下册,一元一次方程,multiple-choice,Core,A_required,core,P1,array_multiplication_division,array-multiplication-division,array,true,not-generated,candidates/hjb-primary-ds-v1-p6-215.png,题干或单元含显性看图/操作/空间方位/图表线索；没有插图会明显影响低龄学生理解题意、还原对象数量或完成空间/图表判断。,小雅今年a岁，爸爸今年36岁。5年后，爸爸的年龄是小雅的3倍。下面哪个方程是正确的？,表现等量分组、阵列、平均分、余数或乘除法模型，精确算式和答案后续叠加。
hjb-primary-ds-v1-p6-216,P6,六年级下册,一元一次方程,fill-in,Core,A_required,core,P1,array_multiplication_division,array-multiplication-division,array,true,not-generated,candidates/hjb-primary-ds-v1-p6-216.png,题干或单元含显性看图/操作/空间方位/图表线索；没有插图会明显影响低龄学生理解题意、还原对象数量或完成空间/图表判断。,学校图书馆购进一批新书，其中故事书的本数是科技书的3倍少12本，两种书一共有156本。设科技书有x本，下面列出的方程正确的是__________。,表现等量分组、阵列、平均分、余数或乘除法模型，精确算式和答案后续叠加。
hjb-primary-ds-v1-p4-111,P4,四年级上册,几何小实践,short-answer,Challenge,A_required,core,P1,circle_sector_model,circle-sector-model,circle-sector,true,not-generated,candidates/hjb-primary-ds-v1-p4-111.png,题干或单元含显性看图/操作/空间方位/图表线索；没有插图会明显影响低龄学生理解题意、还原对象数量或完成空间/图表判断。,小丁用圆规画了一个圆，圆心为O，半径为3厘米。他在圆上取一点A，连接OA。接着，他从O点出发，沿着OA的反方向画一条无限长的线。请回答： (1) 线段OA是圆的什么？ (2) 从O点出发沿OA反方向画的无限长的线是什么？ (3) 如果小丁再画一条从A点出发，经过O点继续延伸的线，这条线是什么？,表现圆、半径、直径、扇形、圆心角或周长面积示意，关键点名、角度和公式后续叠加。
hjb-primary-ds-v1-p6-058,P6,6年级上册,圆和扇形,multiple-choice,Foundation,A_required,core,P1,circle_sector_model,circle-sector-model,circle-sector,true,not-generated,candidates/hjb-primary-ds-v1-p6-058.png,题干或单元含显性看图/操作/空间方位/图表线索；没有插图会明显影响低龄学生理解题意、还原对象数量或完成空间/图表判断。,下面关于圆和扇形的说法，正确的是哪一项？,表现圆、半径、直径、扇形、圆心角或周长面积示意，关键点名、角度和公式后续叠加。
hjb-primary-ds-v1-p6-094,P6,六年级下册,圆与扇形,multiple-choice,Foundation,A_required,core,P1,circle_sector_model,circle-sector-model,circle-sector,true,not-generated,candidates/hjb-primary-ds-v1-p6-094.png,题干或单元含显性看图/操作/空间方位/图表线索；没有插图会明显影响低龄学生理解题意、还原对象数量或完成空间/图表判断。,下面关于扇形的说法，正确的是（ ）。,表现圆、半径、直径、扇形、圆心角或周长面积示意，关键点名、角度和公式后续叠加。
hjb-primary-ds-v1-p6-097,P6,六年级下册,圆与扇形,multiple-choice,Foundation,A_required,core,P1,circle_sector_model,circle-sector-model,circle-sector,true,not-generated,candidates/hjb-primary-ds-v1-p6-097.png,题干或单元含显性看图/操作/空间方位/图表线索；没有插图会明显影响低龄学生理解题意、还原对象数量或完成空间/图表判断。,一个圆的半径是4厘米，下面说法正确的是（ ）。,表现圆、半径、直径、扇形、圆心角或周长面积示意，关键点名、角度和公式后续叠加。
hjb-primary-ds-v1-p6-100,P6,六年级下册,圆与扇形,multiple-choice,Foundation,A_required,core,P1,circle_sector_model,circle-sector-model,circle-sector,true,not-generated,candidates/hjb-primary-ds-v1-p6-100.png,题干或单元含显性看图/操作/空间方位/图表线索；没有插图会明显影响低龄学生理解题意、还原对象数量或完成空间/图表判断。,下面图形中，涂色部分不是扇形的是（ ）。,表现圆、半径、直径、扇形、圆心角或周长面积示意，关键点名、角度和公式后续叠加。
hjb-primary-ds-v1-p6-103,P6,六年级下册,圆与扇形,multiple-choice,Foundation,A_required,core,P1,circle_sector_model,circle-sector-model,circle-sector,true,not-generated,candidates/hjb-primary-ds-v1-p6-103.png,题干或单元含显性看图/操作/空间方位/图表线索；没有插图会明显影响低龄学生理解题意、还原对象数量或完成空间/图表判断。,一个圆的半径是4厘米，另一个圆的直径是8厘米。关于这两个圆，下面哪种说法是正确的？,表现圆、半径、直径、扇形、圆心角或周长面积示意，关键点名、角度和公式后续叠加。
hjb-primary-ds-v1-p6-133,P6,六年级下册,圆柱与圆锥,multiple-choice,Foundation,A_required,core,P1,circle_sector_model,circle-sector-model,circle-sector,true,not-generated,candidates/hjb-primary-ds-v1-p6-133.png,题干或单元含显性看图/操作/空间方位/图表线索；没有插图会明显影响低龄学生理解题意、还原对象数量或完成空间/图表判断。,一个圆柱的侧面展开图是一个正方形，这个圆柱的底面直径与高的比是（ ）。,表现圆、半径、直径、扇形、圆心角或周长面积示意，关键点名、角度和公式后续叠加。
hjb-primary-ds-v1-p6-138,P6,六年级下册,圆柱与圆锥,short-answer,Core,A_required,core,P1,circle_sector_model,circle-sector-model,circle-sector,true,not-generated,candidates/hjb-primary-ds-v1-p6-138.png,题干或单元含显性看图/操作/空间方位/图表线索；没有插图会明显影响低龄学生理解题意、还原对象数量或完成空间/图表判断。,一个圆柱的侧面展开图是一个正方形。已知这个圆柱的底面半径是3厘米，它的高是多少厘米？,表现圆、半径、直径、扇形、圆心角或周长面积示意，关键点名、角度和公式后续叠加。
hjb-primary-ds-v1-p3-088,P3,三年级上册（老课本暂用）,长方形与正方形,multiple-choice,Core,A_required,core,P1,probability_scene,probability-scene,probability-scene,true,not-generated,candidates/hjb-primary-ds-v1-p3-088.png,题干或单元含显性看图/操作/空间方位/图表线索；没有插图会明显影响低龄学生理解题意、还原对象数量或完成空间/图表判断。,下面哪个图形一定是正方形？,表现摸球、转盘、抽卡、袋子或可能性实验底图，精确数量、颜色说明和概率标签后续叠加。
hjb-primary-ds-v1-p3-091,P3,三年级上册（老课本暂用）,长方形与正方形,multiple-choice,Core,A_required,core,P1,probability_scene,probability-scene,probability-scene,true,not-generated,candidates/hjb-primary-ds-v1-p3-091.png,题干或单元含显性看图/操作/空间方位/图表线索；没有插图会明显影响低龄学生理解题意、还原对象数量或完成空间/图表判断。,下面哪句话一定正确？,表现摸球、转盘、抽卡、袋子或可能性实验底图，精确数量、颜色说明和概率标签后续叠加。
hjb-primary-ds-v1-p4-207,P4,四年级下册,几何小实践,multiple-choice,Core,A_required,core,P1,probability_scene,probability-scene,probability-scene,true,not-generated,candidates/hjb-primary-ds-v1-p4-207.png,题干或单元含显性看图/操作/空间方位/图表线索；没有插图会明显影响低龄学生理解题意、还原对象数量或完成空间/图表判断。,下面哪句话是正确的？ A. 两条直线相交，它们一定互相垂直。 B. 在同一平面内，不相交的两条直线叫做平行线。 C. 两条直线互相垂直，它们一定相交成直角。 D. 两条直线互相平行，它们一定长度相等。,表现摸球、转盘、抽卡、袋子或可能性实验底图，精确数量、颜色说明和概率标签后续叠加。
hjb-primary-ds-v1-p4-213,P4,四年级下册,几何小实践,multiple-choice,Core,A_required,core,P1,probability_scene,probability-scene,probability-scene,true,not-generated,candidates/hjb-primary-ds-v1-p4-213.png,题干或单元含显性看图/操作/空间方位/图表线索；没有插图会明显影响低龄学生理解题意、还原对象数量或完成空间/图表判断。,下面哪句话是正确的？ A. 两条直线不相交就一定平行 B. 两条直线相交就一定垂直 C. 过直线外一点可以画无数条已知直线的平行线 D. 过直线外一点只能画一条已知直线的垂线,表现摸球、转盘、抽卡、袋子或可能性实验底图，精确数量、颜色说明和概率标签后续叠加。
hjb-primary-ds-v1-p5-151,P5,五年级下册,因数、倍数与数的结构,multiple-choice,Foundation,A_required,core,P1,probability_scene,probability-scene,probability-scene,true,not-generated,candidates/hjb-primary-ds-v1-p5-151.png,题干或单元含显性看图/操作/空间方位/图表线索；没有插图会明显影响低龄学生理解题意、还原对象数量或完成空间/图表判断。,把24块同样的巧克力全部分给小朋友，每个小朋友分得的块数相同且多于1块。下面哪种分法不可能？,表现摸球、转盘、抽卡、袋子或可能性实验底图，精确数量、颜色说明和概率标签后续叠加。
hjb-primary-ds-v1-p6-016,P6,6年级上册,数的整除,multiple-choice,Exam,A_required,core,P1,probability_scene,probability-scene,probability-scene,true,not-generated,candidates/hjb-primary-ds-v1-p6-016.png,题干或单元含显性看图/操作/空间方位/图表线索；没有插图会明显影响低龄学生理解题意、还原对象数量或完成空间/图表判断。,下面说法中，正确的是（ ）。 A. 一个数的倍数一定比它的因数大。 B. 所有的奇数都是质数。 C. 两个数的公倍数一定比这两个数都大。 D. 一个合数至少有3个因数。,表现摸球、转盘、抽卡、袋子或可能性实验底图，精确数量、颜色说明和概率标签后续叠加。
hjb-primary-ds-v1-p6-042,P6,6年级上册,比和比例,short-answer,Foundation,A_required,core,P1,probability_scene,probability-scene,probability-scene,true,not-generated,candidates/hjb-primary-ds-v1-p6-042.png,题干或单元含显性看图/操作/空间方位/图表线索；没有插图会明显影响低龄学生理解题意、还原对象数量或完成空间/图表判断。,判断下面两个量是否成正比例，并说明理由：一辆汽车行驶的速度一定，行驶的路程与时间。,表现摸球、转盘、抽卡、袋子或可能性实验底图，精确数量、颜色说明和概率标签后续叠加。
hjb-primary-ds-v1-p6-070,P6,6年级上册,圆和扇形,multiple-choice,Foundation,A_required,core,P1,probability_scene,probability-scene,probability-scene,true,not-generated,candidates/hjb-primary-ds-v1-p6-070.png,题干或单元含显性看图/操作/空间方位/图表线索；没有插图会明显影响低龄学生理解题意、还原对象数量或完成空间/图表判断。,下面哪个图形中的涂色部分一定是扇形？,表现摸球、转盘、抽卡、袋子或可能性实验底图，精确数量、颜色说明和概率标签后续叠加。
hjb-primary-ds-v1-p6-109,P6,六年级下册,可能性与统计图表,multiple-choice,Foundation,A_required,core,P1,probability_scene,probability-scene,probability-scene,true,not-generated,candidates/hjb-primary-ds-v1-p6-109.png,题干或单元含显性看图/操作/空间方位/图表线索；没有插图会明显影响低龄学生理解题意、还原对象数量或完成空间/图表判断。,一个袋子里有5个红球、3个蓝球和2个黄球，它们除颜色外完全相同。从中任意摸出一个球，下面说法正确的是（ ）。,表现摸球、转盘、抽卡、袋子或可能性实验底图，精确数量、颜色说明和概率标签后续叠加。
hjb-primary-ds-v1-p6-110,P6,六年级下册,可能性与统计图表,fill-in,Challenge,A_required,core,P1,probability_scene,probability-scene,probability-scene,true,not-generated,candidates/hjb-primary-ds-v1-p6-110.png,题干或单元含显性看图/操作/空间方位/图表线索；没有插图会明显影响低龄学生理解题意、还原对象数量或完成空间/图表判断。,下表是某班同学最喜欢的运动项目统计。如果班级总人数为40人，那么喜欢足球的人数比喜欢篮球的多______人。 | 项目 | 足球 | 篮球 | 乒乓球 | 其他 | |--------|------|------|--------|------| | 人数 | 16 | 10 | 8 | 6 |,表现摸球、转盘、抽卡、袋子或可能性实验底图，精确数量、颜色说明和概率标签后续叠加。
hjb-primary-ds-v1-p6-111,P6,六年级下册,可能性与统计图表,short-answer,Core,A_required,core,P1,probability_scene,probability-scene,probability-scene,true,not-generated,candidates/hjb-primary-ds-v1-p6-111.png,题干或单元含显性看图/操作/空间方位/图表线索；没有插图会明显影响低龄学生理解题意、还原对象数量或完成空间/图表判断。,盒子里有5个红球、3个蓝球和2个黄球，除颜色外完全相同。小华从盒子里任意摸出一个球，记录颜色后放回并摇匀，共摸球40次。下表是他记录的摸球结果。 颜色 | 红 | 蓝 | 黄 次数 | 22 | 10 | 8 根据表中的数据，你认为哪种颜色的球被摸出的可能性最大？请说明理由。,表现摸球、转盘、抽卡、袋子或可能性实验底图，精确数量、颜色说明和概率标签后续叠加。
hjb-primary-ds-v1-p6-112,P6,六年级下册,可能性与统计图表,multiple-choice,Foundation,A_required,core,P1,probability_scene,probability-scene,probability-scene,true,not-generated,candidates/hjb-primary-ds-v1-p6-112.png,题干或单元含显性看图/操作/空间方位/图表线索；没有插图会明显影响低龄学生理解题意、还原对象数量或完成空间/图表判断。,一个不透明的袋子里装有大小相同的红球和绿球共10个。小明从袋子里任意摸出一个球，记录颜色后放回，共摸球50次，摸到红球32次，摸到绿球18次。根据这些数据，下面哪种说法最合理？,表现摸球、转盘、抽卡、袋子或可能性实验底图，精确数量、颜色说明和概率标签后续叠加。
hjb-primary-ds-v1-p6-113,P6,六年级下册,可能性与统计图表,fill-in,Challenge,A_required,core,P1,probability_scene,probability-scene,probability-scene,true,not-generated,candidates/hjb-primary-ds-v1-p6-113.png,题干或单元含显性看图/操作/空间方位/图表线索；没有插图会明显影响低龄学生理解题意、还原对象数量或完成空间/图表判断。,下面是六年级一班同学最喜欢的运动项目统计表。 项目 | 篮球 | 足球 | 乒乓球 | 羽毛球 | 其他 人数 | 12 | 8 | 10 | 6 | 4 全班共有______人。,表现摸球、转盘、抽卡、袋子或可能性实验底图，精确数量、颜色说明和概率标签后续叠加。
hjb-primary-ds-v1-p6-114,P6,六年级下册,可能性与统计图表,short-answer,Core,A_required,core,P1,probability_scene,probability-scene,probability-scene,true,not-generated,candidates/hjb-primary-ds-v1-p6-114.png,题干或单元含显性看图/操作/空间方位/图表线索；没有插图会明显影响低龄学生理解题意、还原对象数量或完成空间/图表判断。,某商场一周内每天的营业额如下： 星期一：5.2万元，星期二：4.8万元，星期三：6.1万元，星期四：5.5万元，星期五：7.3万元，星期六：9.6万元，星期日：8.4万元。 这一周的总营业额是多少万元？哪一天的营业额最高？,表现摸球、转盘、抽卡、袋子或可能性实验底图，精确数量、颜色说明和概率标签后续叠加。
hjb-primary-ds-v1-p6-115,P6,六年级下册,可能性与统计图表,multiple-choice,Foundation,A_required,core,P1,probability_scene,probability-scene,probability-scene,true,not-generated,candidates/hjb-primary-ds-v1-p6-115.png,题干或单元含显性看图/操作/空间方位/图表线索；没有插图会明显影响低龄学生理解题意、还原对象数量或完成空间/图表判断。,转动一个均匀的转盘，转盘被分成红、黄、蓝三个区域，红色区域占转盘面积的一半，黄色和蓝色区域各占四分之一。下面哪种说法是正确的？,表现摸球、转盘、抽卡、袋子或可能性实验底图，精确数量、颜色说明和概率标签后续叠加。
hjb-primary-ds-v1-p6-116,P6,六年级下册,可能性与统计图表,fill-in,Challenge,A_required,core,P1,probability_scene,probability-scene,probability-scene,true,not-generated,candidates/hjb-primary-ds-v1-p6-116.png,题干或单元含显性看图/操作/空间方位/图表线索；没有插图会明显影响低龄学生理解题意、还原对象数量或完成空间/图表判断。,一个不透明的袋子里装有大小、形状相同的红球、蓝球和绿球。下表是三种颜色球的数量统计： | 颜色 | 数量（个） | |------|------------| | 红球 | 12 | | 蓝球 | 8 | | 绿球 | 5 | 从袋中任意摸出一个球，摸到红球的可能性是摸到绿球的可能性的多少倍？,表现摸球、转盘、抽卡、袋子或可能性实验底图，精确数量、颜色说明和概率标签后续叠加。
hjb-primary-ds-v1-p6-117,P6,六年级下册,可能性与统计图表,short-answer,Core,A_required,core,P1,probability_scene,probability-scene,probability-scene,true,not-generated,candidates/hjb-primary-ds-v1-p6-117.png,题干或单元含显性看图/操作/空间方位/图表线索；没有插图会明显影响低龄学生理解题意、还原对象数量或完成空间/图表判断。,下面是某小学六年级（1）班同学最喜欢的运动项目统计表。 | 运动项目 | 人数 | |----------|------| | 篮球 | 12 | | 足球 | 8 | | 乒乓球 | 10 | | 羽毛球 | 6 | | 其他 | 4 | 根据统计表回答： （1）这个班一共有多少名同学？ （2）喜欢篮球的人数比喜欢羽毛球的人数多几人？ （3）如果从这个班任意抽取一名同学，他最喜欢的运动项目是足球的可能性大，还是乒乓球的可能性大？请说明理由。,表现摸球、转盘、抽卡、袋子或可能性实验底图，精确数量、颜色说明和概率标签后续叠加。
hjb-primary-ds-v1-p6-118,P6,六年级下册,可能性与统计图表,multiple-choice,Foundation,A_required,core,P1,probability_scene,probability-scene,probability-scene,true,not-generated,candidates/hjb-primary-ds-v1-p6-118.png,题干或单元含显性看图/操作/空间方位/图表线索；没有插图会明显影响低龄学生理解题意、还原对象数量或完成空间/图表判断。,一个不透明的袋子里装有5个红球、3个蓝球和2个黄球，这些球除颜色外完全相同。从袋子中任意摸出一个球，下面哪种说法是正确的？,表现摸球、转盘、抽卡、袋子或可能性实验底图，精确数量、颜色说明和概率标签后续叠加。
hjb-primary-ds-v1-p6-119,P6,六年级下册,可能性与统计图表,fill-in,Challenge,A_required,core,P1,probability_scene,probability-scene,probability-scene,true,not-generated,candidates/hjb-primary-ds-v1-p6-119.png,题干或单元含显性看图/操作/空间方位/图表线索；没有插图会明显影响低龄学生理解题意、还原对象数量或完成空间/图表判断。,一个不透明的袋子里装有红、黄、蓝三种颜色的球共20个，每种颜色至少有一个。下表是随机摸球实验的部分记录（每次摸出一个球，记录颜色后放回并摇匀）。 | 实验次数 | 摸到红球次数 | 摸到黄球次数 | 摸到蓝球次数 | |----------|--------------|--------------|--------------| | 100 | 32 | 45 | 23 | | 200 | 68 | 88 | 44 | | 500 | 165 | 220 | 115 | 根据表中数据，摸到黄球的可能性最______（填“大”或“小”），理由是：从实验数据看，黄球出现的频率最______（填“高”或“低”）。,表现摸球、转盘、抽卡、袋子或可能性实验底图，精确数量、颜色说明和概率标签后续叠加。
hjb-primary-ds-v1-p6-120,P6,六年级下册,可能性与统计图表,short-answer,Core,A_required,core,P1,probability_scene,probability-scene,probability-scene,true,not-generated,candidates/hjb-primary-ds-v1-p6-120.png,题干或单元含显性看图/操作/空间方位/图表线索；没有插图会明显影响低龄学生理解题意、还原对象数量或完成空间/图表判断。,六（1）班同学在“最喜欢的课间活动”调查中，统计结果如下：跳绳12人，踢毽子8人，下棋6人，阅读4人。请写出一个正确说法，并说明理由。,表现摸球、转盘、抽卡、袋子或可能性实验底图，精确数量、颜色说明和概率标签后续叠加。
hjb-primary-ds-v1-p6-121,P6,六年级下册,可能性与统计图表,multiple-choice,Foundation,A_required,core,P1,probability_scene,probability-scene,probability-scene,true,not-generated,candidates/hjb-primary-ds-v1-p6-121.png,题干或单元含显性看图/操作/空间方位/图表线索；没有插图会明显影响低龄学生理解题意、还原对象数量或完成空间/图表判断。,一个不透明的袋子里装有大小、形状相同的球，其中红球5个，蓝球3个，黄球2个。从袋子中任意摸出一个球，下面哪种说法是正确的？,表现摸球、转盘、抽卡、袋子或可能性实验底图，精确数量、颜色说明和概率标签后续叠加。
hjb-primary-ds-v1-p6-122,P6,六年级下册,可能性与统计图表,fill-in,Challenge,A_required,core,P1,probability_scene,probability-scene,probability-scene,true,not-generated,candidates/hjb-primary-ds-v1-p6-122.png,题干或单元含显性看图/操作/空间方位/图表线索；没有插图会明显影响低龄学生理解题意、还原对象数量或完成空间/图表判断。,一个不透明的袋子里装有红、黄、蓝三种颜色的球共20个，除颜色外完全相同。下表是摸球试验的记录（每次摸出一个球，记录颜色后放回并摇匀）： | 颜色 | 红 | 黄 | 蓝 | |------|----|----|----| | 次数 | 8 | 12 | 5 | 根据试验数据，摸到哪种颜色的球的可能性比摸到蓝球的可能性大？请填一种颜色。,表现摸球、转盘、抽卡、袋子或可能性实验底图，精确数量、颜色说明和概率标签后续叠加。
hjb-primary-ds-v1-p6-123,P6,六年级下册,可能性与统计图表,short-answer,Core,A_required,core,P1,probability_scene,probability-scene,probability-scene,true,not-generated,candidates/hjb-primary-ds-v1-p6-123.png,题干或单元含显性看图/操作/空间方位/图表线索；没有插图会明显影响低龄学生理解题意、还原对象数量或完成空间/图表判断。,六（1）班进行了一次“最喜欢的运动”调查，全班40人每人只选一项。结果如下：乒乓球12人，足球10人，篮球8人，羽毛球6人，其他4人。小明说：“因为喜欢乒乓球的人最多，所以任意抽一名同学，抽到喜欢乒乓球的同学的可能性最大。”小华说：“喜欢羽毛球的人数比喜欢篮球的人数少，所以抽到喜欢羽毛球的同学的可能性比抽到喜欢篮球的同学的可能性小。”请判断两人的说法是否正确，并说明理由。（提示：可能性大小由什么决定？）,表现摸球、转盘、抽卡、袋子或可能性实验底图，精确数量、颜色说明和概率标签后续叠加。
hjb-primary-ds-v1-p6-124,P6,六年级下册,可能性与统计图表,multiple-choice,Foundation,A_required,core,P1,probability_scene,probability-scene,probability-scene,true,not-generated,candidates/hjb-primary-ds-v1-p6-124.png,题干或单元含显性看图/操作/空间方位/图表线索；没有插图会明显影响低龄学生理解题意、还原对象数量或完成空间/图表判断。,一个袋子里装有大小、质地完全相同的红球5个、蓝球3个、绿球2个。从袋子里任意摸出一个球，下面说法正确的是（ ）。,表现摸球、转盘、抽卡、袋子或可能性实验底图，精确数量、颜色说明和概率标签后续叠加。
hjb-primary-ds-v1-p6-125,P6,六年级下册,可能性与统计图表,fill-in,Challenge,A_required,core,P1,probability_scene,probability-scene,probability-scene,true,not-generated,candidates/hjb-primary-ds-v1-p6-125.png,题干或单元含显性看图/操作/空间方位/图表线索；没有插图会明显影响低龄学生理解题意、还原对象数量或完成空间/图表判断。,一个不透明的袋子里装有红、黄、蓝三种颜色的球共20个，除颜色外完全相同。其中红球有5个，黄球有8个，其余为蓝球。从袋子中任意摸出一个球，摸到哪种颜色球的可能性最大？摸到哪种颜色球的可能性最小？请按“最大：颜色，最小：颜色”的格式填写。,表现摸球、转盘、抽卡、袋子或可能性实验底图，精确数量、颜色说明和概率标签后续叠加。
hjb-primary-ds-v1-p6-126,P6,六年级下册,可能性与统计图表,short-answer,Core,A_required,core,P1,probability_scene,probability-scene,probability-scene,true,not-generated,candidates/hjb-primary-ds-v1-p6-126.png,题干或单元含显性看图/操作/空间方位/图表线索；没有插图会明显影响低龄学生理解题意、还原对象数量或完成空间/图表判断。,一个不透明的袋子里装有大小、形状相同的红球5个、黄球3个、蓝球2个。从袋子中任意摸出一个球，下面哪种说法是正确的？请写出你的判断理由。,表现摸球、转盘、抽卡、袋子或可能性实验底图，精确数量、颜色说明和概率标签后续叠加。
hjb-primary-ds-v1-p6-040,P6,6年级上册,比和比例,multiple-choice,Exam,A_required,core,P1,ratio_proportion_model,ratio-proportion-model,ratio-bar,true,not-generated,candidates/hjb-primary-ds-v1-p6-040.png,题干或单元含显性看图/操作/空间方位/图表线索；没有插图会明显影响低龄学生理解题意、还原对象数量或完成空间/图表判断。,下面各组中的两个比，能组成比例的是哪一组？,表现比例条、配比、放大缩小、线段图或比例关系底图，精确数字和文字后续叠加。
hjb-primary-ds-v1-p6-043,P6,6年级上册,比和比例,multiple-choice,Challenge,A_required,core,P1,ratio_proportion_model,ratio-proportion-model,ratio-bar,true,not-generated,candidates/hjb-primary-ds-v1-p6-043.png,题干或单元含显性看图/操作/空间方位/图表线索；没有插图会明显影响低龄学生理解题意、还原对象数量或完成空间/图表判断。,下面哪个比与0.4:1.2的比值相等？,表现比例条、配比、放大缩小、线段图或比例关系底图，精确数字和文字后续叠加。
hjb-primary-ds-v1-p6-049,P6,6年级上册,比和比例,multiple-choice,Core,A_required,core,P1,ratio_proportion_model,ratio-proportion-model,ratio-bar,true,not-generated,candidates/hjb-primary-ds-v1-p6-049.png,题干或单元含显性看图/操作/空间方位/图表线索；没有插图会明显影响低龄学生理解题意、还原对象数量或完成空间/图表判断。,下面哪个比与3:4能组成比例？,表现比例条、配比、放大缩小、线段图或比例关系底图，精确数字和文字后续叠加。
hjb-primary-ds-v1-p6-052,P6,6年级上册,比和比例,multiple-choice,Exam,A_required,core,P1,ratio_proportion_model,ratio-proportion-model,ratio-bar,true,not-generated,candidates/hjb-primary-ds-v1-p6-052.png,题干或单元含显性看图/操作/空间方位/图表线索；没有插图会明显影响低龄学生理解题意、还原对象数量或完成空间/图表判断。,下面哪组中的两个比可以组成比例？,表现比例条、配比、放大缩小、线段图或比例关系底图，精确数字和文字后续叠加。
hjb-primary-ds-v1-p6-082,P6,六年级下册,比与比例,multiple-choice,Foundation,A_required,core,P1,ratio_proportion_model,ratio-proportion-model,ratio-bar,true,not-generated,candidates/hjb-primary-ds-v1-p6-082.png,题干或单元含显性看图/操作/空间方位/图表线索；没有插图会明显影响低龄学生理解题意、还原对象数量或完成空间/图表判断。,下面哪组比与4:5相等？,表现比例条、配比、放大缩小、线段图或比例关系底图，精确数字和文字后续叠加。
hjb-primary-ds-v1-p6-085,P6,六年级下册,比与比例,multiple-choice,Foundation,A_required,core,P1,ratio_proportion_model,ratio-proportion-model,ratio-bar,true,not-generated,candidates/hjb-primary-ds-v1-p6-085.png,题干或单元含显性看图/操作/空间方位/图表线索；没有插图会明显影响低龄学生理解题意、还原对象数量或完成空间/图表判断。,下面哪个式子表示x和y成正比例？,表现比例条、配比、放大缩小、线段图或比例关系底图，精确数字和文字后续叠加。
hjb-primary-ds-v1-p6-088,P6,六年级下册,比与比例,multiple-choice,Foundation,A_required,core,P1,ratio_proportion_model,ratio-proportion-model,ratio-bar,true,not-generated,candidates/hjb-primary-ds-v1-p6-088.png,题干或单元含显性看图/操作/空间方位/图表线索；没有插图会明显影响低龄学生理解题意、还原对象数量或完成空间/图表判断。,下面哪组比能与2:3组成比例？,表现比例条、配比、放大缩小、线段图或比例关系底图，精确数字和文字后续叠加。
hjb-primary-ds-v1-p5-034,P5,五年级上册,用字母表示数与简易方程,multiple-choice,Foundation,A_required,core,P1,equation_number_model,equation-number-model,equation-scene,true,not-generated,candidates/hjb-primary-ds-v1-p5-034.png,题干或单元含显性看图/操作/空间方位/图表线索；没有插图会明显影响低龄学生理解题意、还原对象数量或完成空间/图表判断。,下面哪个式子是方程？,表现天平、线段图、数量关系图或未知量模型，具体字母、等式和数字后续叠加。
hjb-primary-ds-v1-p6-205,P6,六年级下册,一元一次方程,multiple-choice,Core,A_required,core,P1,equation_number_model,equation-number-model,equation-scene,true,not-generated,candidates/hjb-primary-ds-v1-p6-205.png,题干或单元含显性看图/操作/空间方位/图表线索；没有插图会明显影响低龄学生理解题意、还原对象数量或完成空间/图表判断。,方程2(x - 3) = 8的解与下面哪个方程的解相同？,表现天平、线段图、数量关系图或未知量模型，具体字母、等式和数字后续叠加。
hjb-primary-ds-v1-p6-213,P6,六年级下册,一元一次方程,multiple-choice,Core,A_required,core,P1,equation_number_model,equation-number-model,equation-scene,true,not-generated,candidates/hjb-primary-ds-v1-p6-213.png,题干或单元含显性看图/操作/空间方位/图表线索；没有插图会明显影响低龄学生理解题意、还原对象数量或完成空间/图表判断。,方程2(x - 4) = 10的解与下面哪个方程的解相同？,表现天平、线段图、数量关系图或未知量模型，具体字母、等式和数字后续叠加。
hjb-primary-ds-v1-p1-004,P1,一年级上册,我是小学生与数学学习习惯,multiple-choice,Exam,A_required,core,P1,text_calculation_only,text-calculation-support,conceptual-support,false,not-generated,candidates/hjb-primary-ds-v1-p1-004.png,题干或单元含显性看图/操作/空间方位/图表线索；没有插图会明显影响低龄学生理解题意、还原对象数量或完成空间/图表判断。,老师让小朋友观察教室里的物品，然后说一个数学发现。下面哪个小朋友的发现最像数学发现？,为文字题生成轻量数学支持视觉，保持非答案化、无文字、无公式。
hjb-primary-ds-v1-p1-010,P1,一年级上册,我是小学生与数学学习习惯,multiple-choice,Core,A_required,core,P1,text_calculation_only,text-calculation-support,conceptual-support,false,not-generated,candidates/hjb-primary-ds-v1-p1-010.png,题干或单元含显性看图/操作/空间方位/图表线索；没有插图会明显影响低龄学生理解题意、还原对象数量或完成空间/图表判断。,老师让小朋友观察教室里的物品，并说出一个数学发现。下面哪个小朋友的发现是数学发现？,为文字题生成轻量数学支持视觉，保持非答案化、无文字、无公式。
hjb-primary-ds-v1-p1-043,P1,一年级上册,10以内数的认识,multiple-choice,Core,A_required,core,P1,text_calculation_only,text-calculation-support,conceptual-support,false,not-generated,candidates/hjb-primary-ds-v1-p1-043.png,题干或单元含显性看图/操作/空间方位/图表线索；没有插图会明显影响低龄学生理解题意、还原对象数量或完成空间/图表判断。,下面哪个数比5大，比9小？,为文字题生成轻量数学支持视觉，保持非答案化、无文字、无公式。
hjb-primary-ds-v1-p1-045,P1,一年级上册,10以内数的认识,short-answer,Foundation,A_required,core,P1,text_calculation_only,text-calculation-support,conceptual-support,false,not-generated,candidates/hjb-primary-ds-v1-p1-045.png,题干或单元含显性看图/操作/空间方位/图表线索；没有插图会明显影响低龄学生理解题意、还原对象数量或完成空间/图表判断。,看图写数。树上有5只小鸟，又飞来2只，现在树上一共有几只小鸟？,为文字题生成轻量数学支持视觉，保持非答案化、无文字、无公式。
hjb-primary-ds-v1-p1-049,P1,一年级上册,10以内数的认识,multiple-choice,Core,A_required,core,P1,text_calculation_only,text-calculation-support,conceptual-support,false,not-generated,candidates/hjb-primary-ds-v1-p1-049.png,题干或单元含显性看图/操作/空间方位/图表线索；没有插图会明显影响低龄学生理解题意、还原对象数量或完成空间/图表判断。,下面哪个数表示“没有”？,为文字题生成轻量数学支持视觉，保持非答案化、无文字、无公式。
hjb-primary-ds-v1-p1-052,P1,一年级上册,10以内数的认识,multiple-choice,Core,A_required,core,P1,text_calculation_only,text-calculation-support,conceptual-support,false,not-generated,candidates/hjb-primary-ds-v1-p1-052.png,题干或单元含显性看图/操作/空间方位/图表线索；没有插图会明显影响低龄学生理解题意、还原对象数量或完成空间/图表判断。,小明有5颗糖，小红有3颗糖。下面哪句话是正确的？,为文字题生成轻量数学支持视觉，保持非答案化、无文字、无公式。
hjb-primary-ds-v1-p1-058,P1,一年级上册,10以内数的认识,multiple-choice,Core,A_required,core,P1,text_calculation_only,text-calculation-support,conceptual-support,false,not-generated,candidates/hjb-primary-ds-v1-p1-058.png,题干或单元含显性看图/操作/空间方位/图表线索；没有插图会明显影响低龄学生理解题意、还原对象数量或完成空间/图表判断。,下面哪个数比6大，比9小？,为文字题生成轻量数学支持视觉，保持非答案化、无文字、无公式。
hjb-primary-ds-v1-p1-082,P1,一年级上册,20以内的数与不进位不退位加减,multiple-choice,Foundation,A_required,core,P1,text_calculation_only,text-calculation-support,conceptual-support,false,not-generated,candidates/hjb-primary-ds-v1-p1-082.png,题干或单元含显性看图/操作/空间方位/图表线索；没有插图会明显影响低龄学生理解题意、还原对象数量或完成空间/图表判断。,下面哪个数表示1个十和4个一？,为文字题生成轻量数学支持视觉，保持非答案化、无文字、无公式。
hjb-primary-ds-v1-p1-088,P1,一年级上册,20以内的数与不进位不退位加减,multiple-choice,Foundation,A_required,core,P1,text_calculation_only,text-calculation-support,conceptual-support,false,not-generated,candidates/hjb-primary-ds-v1-p1-088.png,题干或单元含显性看图/操作/空间方位/图表线索；没有插图会明显影响低龄学生理解题意、还原对象数量或完成空间/图表判断。,下面哪个数比15大，比18小？,为文字题生成轻量数学支持视觉，保持非答案化、无文字、无公式。
hjb-primary-ds-v1-p1-094,P1,一年级上册,20以内的数与不进位不退位加减,multiple-choice,Foundation,A_required,core,P1,text_calculation_only,text-calculation-support,conceptual-support,false,not-generated,candidates/hjb-primary-ds-v1-p1-094.png,题干或单元含显性看图/操作/空间方位/图表线索；没有插图会明显影响低龄学生理解题意、还原对象数量或完成空间/图表判断。,下面哪个数表示1个十和7个一？,为文字题生成轻量数学支持视觉，保持非答案化、无文字、无公式。
hjb-primary-ds-v1-p1-097,P1,一年级上册,20以内的数与不进位不退位加减,multiple-choice,Core,A_required,core,P1,text_calculation_only,text-calculation-support,conceptual-support,false,not-generated,candidates/hjb-primary-ds-v1-p1-097.png,题干或单元含显性看图/操作/空间方位/图表线索；没有插图会明显影响低龄学生理解题意、还原对象数量或完成空间/图表判断。,下面哪个数表示1个十和6个一？,为文字题生成轻量数学支持视觉，保持非答案化、无文字、无公式。
hjb-primary-ds-v1-p1-100,P1,一年级上册,一年级上册整理与复习,multiple-choice,Foundation,A_required,core,P1,text_calculation_only,text-calculation-support,conceptual-support,false,not-generated,candidates/hjb-primary-ds-v1-p1-100.png,题干或单元含显性看图/操作/空间方位/图表线索；没有插图会明显影响低龄学生理解题意、还原对象数量或完成空间/图表判断。,下面哪种做法能帮助我们检查计算对不对？,为文字题生成轻量数学支持视觉，保持非答案化、无文字、无公式。
hjb-primary-ds-v1-p1-103,P1,一年级上册,一年级上册整理与复习,multiple-choice,Core,A_required,core,P1,text_calculation_only,text-calculation-support,conceptual-support,false,not-generated,candidates/hjb-primary-ds-v1-p1-103.png,题干或单元含显性看图/操作/空间方位/图表线索；没有插图会明显影响低龄学生理解题意、还原对象数量或完成空间/图表判断。,下面哪句话的说法是正确的？,为文字题生成轻量数学支持视觉，保持非答案化、无文字、无公式。
hjb-primary-ds-v1-p1-109,P1,一年级上册,一年级上册整理与复习,multiple-choice,Core,A_required,core,P1,text_calculation_only,text-calculation-support,conceptual-support,false,not-generated,candidates/hjb-primary-ds-v1-p1-109.png,题干或单元含显性看图/操作/空间方位/图表线索；没有插图会明显影响低龄学生理解题意、还原对象数量或完成空间/图表判断。,下面哪句话在整理数学知识时是正确的？,为文字题生成轻量数学支持视觉，保持非答案化、无文字、无公式。
hjb-primary-ds-v1-p1-112,P1,一年级上册,一年级上册整理与复习,multiple-choice,Foundation,A_required,core,P1,text_calculation_only,text-calculation-support,conceptual-support,false,not-generated,candidates/hjb-primary-ds-v1-p1-112.png,题干或单元含显性看图/操作/空间方位/图表线索；没有插图会明显影响低龄学生理解题意、还原对象数量或完成空间/图表判断。,下面哪句话说的是计算？,为文字题生成轻量数学支持视觉，保持非答案化、无文字、无公式。
hjb-primary-ds-v1-p1-115,P1,一年级上册,一年级上册整理与复习,multiple-choice,Core,A_required,core,P1,text_calculation_only,text-calculation-support,conceptual-support,false,not-generated,candidates/hjb-primary-ds-v1-p1-115.png,题干或单元含显性看图/操作/空间方位/图表线索；没有插图会明显影响低龄学生理解题意、还原对象数量或完成空间/图表判断。,小东在整理错题时，发现下面有一道题不是用加法解决的，是哪一道？,为文字题生成轻量数学支持视觉，保持非答案化、无文字、无公式。
hjb-primary-ds-v1-p1-118,P1,一年级下册,20以内数的加减法（二）,multiple-choice,Foundation,A_required,core,P1,text_calculation_only,text-calculation-support,conceptual-support,false,not-generated,candidates/hjb-primary-ds-v1-p1-118.png,题干或单元含显性看图/操作/空间方位/图表线索；没有插图会明显影响低龄学生理解题意、还原对象数量或完成空间/图表判断。,计算13-6时，下面哪种方法是对的？,为文字题生成轻量数学支持视觉，保持非答案化、无文字、无公式。
hjb-primary-ds-v1-p1-124,P1,一年级下册,20以内数的加减法（二）,multiple-choice,Foundation,A_required,core,P1,text_calculation_only,text-calculation-support,conceptual-support,false,not-generated,candidates/hjb-primary-ds-v1-p1-124.png,题干或单元含显性看图/操作/空间方位/图表线索；没有插图会明显影响低龄学生理解题意、还原对象数量或完成空间/图表判断。,下面哪道题的计算过程用了“想加算减”的方法？,为文字题生成轻量数学支持视觉，保持非答案化、无文字、无公式。
hjb-primary-ds-v1-p1-127,P1,一年级下册,20以内数的加减法（二）,multiple-choice,Core,A_required,core,P1,text_calculation_only,text-calculation-support,conceptual-support,false,not-generated,candidates/hjb-primary-ds-v1-p1-127.png,题干或单元含显性看图/操作/空间方位/图表线索；没有插图会明显影响低龄学生理解题意、还原对象数量或完成空间/图表判断。,计算14 - 8时，下面哪种方法正确？,为文字题生成轻量数学支持视觉，保持非答案化、无文字、无公式。
hjb-primary-ds-v1-p1-130,P1,一年级下册,20以内数的加减法（二）,multiple-choice,Foundation,A_required,core,P1,text_calculation_only,text-calculation-support,conceptual-support,false,not-generated,candidates/hjb-primary-ds-v1-p1-130.png,题干或单元含显性看图/操作/空间方位/图表线索；没有插图会明显影响低龄学生理解题意、还原对象数量或完成空间/图表判断。,下面哪道算式的结果和11 - 6相同？,为文字题生成轻量数学支持视觉，保持非答案化、无文字、无公式。
hjb-primary-ds-v1-p1-133,P1,一年级下册,20以内数的加减法（二）,multiple-choice,Core,A_required,core,P1,text_calculation_only,text-calculation-support,conceptual-support,false,not-generated,candidates/hjb-primary-ds-v1-p1-133.png,题干或单元含显性看图/操作/空间方位/图表线索；没有插图会明显影响低龄学生理解题意、还原对象数量或完成空间/图表判断。,下面哪道题的计算过程使用了“破十法”？,为文字题生成轻量数学支持视觉，保持非答案化、无文字、无公式。
hjb-primary-ds-v1-p1-136,P1,一年级下册,20以内数的加减法（二）,multiple-choice,Foundation,A_required,core,P1,text_calculation_only,text-calculation-support,conceptual-support,false,not-generated,candidates/hjb-primary-ds-v1-p1-136.png,题干或单元含显性看图/操作/空间方位/图表线索；没有插图会明显影响低龄学生理解题意、还原对象数量或完成空间/图表判断。,小乐有14块饼干，吃了6块，还剩几块？下面哪种方法算得对？,为文字题生成轻量数学支持视觉，保持非答案化、无文字、无公式。
hjb-primary-ds-v1-p1-139,P1,一年级下册,100以内的数,multiple-choice,Core,A_required,core,P1,text_calculation_only,text-calculation-support,conceptual-support,false,not-generated,candidates/hjb-primary-ds-v1-p1-139.png,题干或单元含显性看图/操作/空间方位/图表线索；没有插图会明显影响低龄学生理解题意、还原对象数量或完成空间/图表判断。,下面哪个数比56大，比63小？,为文字题生成轻量数学支持视觉，保持非答案化、无文字、无公式。
hjb-primary-ds-v1-p1-142,P1,一年级下册,100以内的数,multiple-choice,Foundation,A_required,core,P1,text_calculation_only,text-calculation-support,conceptual-support,false,not-generated,candidates/hjb-primary-ds-v1-p1-142.png,题干或单元含显性看图/操作/空间方位/图表线索；没有插图会明显影响低龄学生理解题意、还原对象数量或完成空间/图表判断。,下面哪个数的十位是5，个位是2？,为文字题生成轻量数学支持视觉，保持非答案化、无文字、无公式。
hjb-primary-ds-v1-p1-145,P1,一年级下册,100以内的数,multiple-choice,Core,A_required,core,P1,text_calculation_only,text-calculation-support,conceptual-support,false,not-generated,candidates/hjb-primary-ds-v1-p1-145.png,题干或单元含显性看图/操作/空间方位/图表线索；没有插图会明显影响低龄学生理解题意、还原对象数量或完成空间/图表判断。,下面哪组数是从小到大排列的？,为文字题生成轻量数学支持视觉，保持非答案化、无文字、无公式。
hjb-primary-ds-v1-p1-148,P1,一年级下册,100以内的数,multiple-choice,Foundation,A_required,core,P1,text_calculation_only,text-calculation-support,conceptual-support,false,not-generated,candidates/hjb-primary-ds-v1-p1-148.png,题干或单元含显性看图/操作/空间方位/图表线索；没有插图会明显影响低龄学生理解题意、还原对象数量或完成空间/图表判断。,下面哪个数表示6个十和2个一？,为文字题生成轻量数学支持视觉，保持非答案化、无文字、无公式。
hjb-primary-ds-v1-p1-154,P1,一年级下册,100以内的数,multiple-choice,Foundation,A_required,core,P1,text_calculation_only,text-calculation-support,conceptual-support,false,not-generated,candidates/hjb-primary-ds-v1-p1-154.png,题干或单元含显性看图/操作/空间方位/图表线索；没有插图会明显影响低龄学生理解题意、还原对象数量或完成空间/图表判断。,下面哪个数比45大，比50小？,为文字题生成轻量数学支持视觉，保持非答案化、无文字、无公式。
hjb-primary-ds-v1-p1-157,P1,一年级下册,100以内数的加减法（一）,multiple-choice,Core,A_required,core,P1,text_calculation_only,text-calculation-support,conceptual-support,false,not-generated,candidates/hjb-primary-ds-v1-p1-157.png,题干或单元含显性看图/操作/空间方位/图表线索；没有插图会明显影响低龄学生理解题意、还原对象数量或完成空间/图表判断。,计算 45 + 30 时，下面哪种想法是正确的？,为文字题生成轻量数学支持视觉，保持非答案化、无文字、无公式。
hjb-primary-ds-v1-p1-160,P1,一年级下册,100以内数的加减法（一）,multiple-choice,Foundation,A_required,core,P1,text_calculation_only,text-calculation-support,conceptual-support,false,not-generated,candidates/hjb-primary-ds-v1-p1-160.png,题干或单元含显性看图/操作/空间方位/图表线索；没有插图会明显影响低龄学生理解题意、还原对象数量或完成空间/图表判断。,下面哪道题的得数最小？,为文字题生成轻量数学支持视觉，保持非答案化、无文字、无公式。
hjb-primary-ds-v1-p1-163,P1,一年级下册,100以内数的加减法（一）,multiple-choice,Core,A_required,core,P1,text_calculation_only,text-calculation-support,conceptual-support,false,not-generated,candidates/hjb-primary-ds-v1-p1-163.png,题干或单元含显性看图/操作/空间方位/图表线索；没有插图会明显影响低龄学生理解题意、还原对象数量或完成空间/图表判断。,下面哪个算式的得数与 47 + 30 相同？,为文字题生成轻量数学支持视觉，保持非答案化、无文字、无公式。
hjb-primary-ds-v1-p1-166,P1,一年级下册,100以内数的加减法（一）,multiple-choice,Foundation,A_required,core,P1,text_calculation_only,text-calculation-support,conceptual-support,false,not-generated,candidates/hjb-primary-ds-v1-p1-166.png,题干或单元含显性看图/操作/空间方位/图表线索；没有插图会明显影响低龄学生理解题意、还原对象数量或完成空间/图表判断。,计算 34 + 20 时，下面哪种想法是正确的？,为文字题生成轻量数学支持视觉，保持非答案化、无文字、无公式。
hjb-primary-ds-v1-p1-169,P1,一年级下册,100以内数的加减法（一）,multiple-choice,Core,A_required,core,P1,text_calculation_only,text-calculation-support,conceptual-support,false,not-generated,candidates/hjb-primary-ds-v1-p1-169.png,题干或单元含显性看图/操作/空间方位/图表线索；没有插图会明显影响低龄学生理解题意、还原对象数量或完成空间/图表判断。,下面哪道题的得数比 50 大？,为文字题生成轻量数学支持视觉，保持非答案化、无文字、无公式。
hjb-primary-ds-v1-p1-172,P1,一年级下册,100以内数的加减法（一）,multiple-choice,Foundation,A_required,core,P1,text_calculation_only,text-calculation-support,conceptual-support,false,not-generated,candidates/hjb-primary-ds-v1-p1-172.png,题干或单元含显性看图/操作/空间方位/图表线索；没有插图会明显影响低龄学生理解题意、还原对象数量或完成空间/图表判断。,计算 45 + 3 时，下面哪种想法是正确的？,为文字题生成轻量数学支持视觉，保持非答案化、无文字、无公式。
hjb-primary-ds-v1-p1-233,P1,一年级下册,一年级下册整理与复习,multiple-choice,Foundation,A_required,core,P1,text_calculation_only,text-calculation-support,conceptual-support,false,not-generated,candidates/hjb-primary-ds-v1-p1-233.png,题干或单元含显性看图/操作/空间方位/图表线索；没有插图会明显影响低龄学生理解题意、还原对象数量或完成空间/图表判断。,下面哪个数读作“六十三”？,为文字题生成轻量数学支持视觉，保持非答案化、无文字、无公式。
hjb-primary-ds-v1-p1-239,P1,一年级下册,一年级下册整理与复习,multiple-choice,Foundation,A_required,core,P1,text_calculation_only,text-calculation-support,conceptual-support,false,not-generated,candidates/hjb-primary-ds-v1-p1-239.png,题干或单元含显性看图/操作/空间方位/图表线索；没有插图会明显影响低龄学生理解题意、还原对象数量或完成空间/图表判断。,计算34 + 9时，下面哪种方法体现了“先加10，再减1”的简便想法？,为文字题生成轻量数学支持视觉，保持非答案化、无文字、无公式。
hjb-primary-ds-v1-p1-242,P1,一年级下册,一年级下册整理与复习,multiple-choice,Foundation,A_required,core,P1,text_calculation_only,text-calculation-support,conceptual-support,false,not-generated,candidates/hjb-primary-ds-v1-p1-242.png,题干或单元含显性看图/操作/空间方位/图表线索；没有插图会明显影响低龄学生理解题意、还原对象数量或完成空间/图表判断。,下面哪道题的计算结果与 7 + 6 相同？,为文字题生成轻量数学支持视觉，保持非答案化、无文字、无公式。
hjb-primary-ds-v1-p1-246,P1,一年级下册,一年级下册整理与复习,multiple-choice,Foundation,A_required,core,P1,text_calculation_only,text-calculation-support,conceptual-support,false,not-generated,candidates/hjb-primary-ds-v1-p1-246.png,题干或单元含显性看图/操作/空间方位/图表线索；没有插图会明显影响低龄学生理解题意、还原对象数量或完成空间/图表判断。,小乐在计算 36 + 8 时，先算 36 + 4 = 40，再算 40 + 4 = 44。他用的方法是下面哪一种？,为文字题生成轻量数学支持视觉，保持非答案化、无文字、无公式。
hjb-primary-ds-v1-p1-247,P1,一年级下册,一年级下册整理与复习,multiple-choice,Foundation,A_required,core,P1,text_calculation_only,text-calculation-support,conceptual-support,false,not-generated,candidates/hjb-primary-ds-v1-p1-247.png,题干或单元含显性看图/操作/空间方位/图表线索；没有插图会明显影响低龄学生理解题意、还原对象数量或完成空间/图表判断。,下面哪句话是对的？,为文字题生成轻量数学支持视觉，保持非答案化、无文字、无公式。
hjb-primary-ds-v1-p1-250,P1,一年级下册,一年级下册整理与复习,multiple-choice,Foundation,A_required,core,P1,text_calculation_only,text-calculation-support,conceptual-support,false,not-generated,candidates/hjb-primary-ds-v1-p1-250.png,题干或单元含显性看图/操作/空间方位/图表线索；没有插图会明显影响低龄学生理解题意、还原对象数量或完成空间/图表判断。,下面计算 57 + 9 的方法中，哪一种是先凑成整十数再算的？,为文字题生成轻量数学支持视觉，保持非答案化、无文字、无公式。
hjb-primary-ds-v1-p2-001,P2,二年级上册,100以内数的加减法（二）,multiple-choice,Foundation,A_required,core,P1,text_calculation_only,text-calculation-support,conceptual-support,false,not-generated,candidates/hjb-primary-ds-v1-p2-001.png,题干或单元含显性看图/操作/空间方位/图表线索；没有插图会明显影响低龄学生理解题意、还原对象数量或完成空间/图表判断。,计算 63 - 28，下面哪个竖式是正确的？,为文字题生成轻量数学支持视觉，保持非答案化、无文字、无公式。
hjb-primary-ds-v1-p2-007,P2,二年级上册,100以内数的加减法（二）,multiple-choice,Challenge,A_required,core,P1,text_calculation_only,text-calculation-support,conceptual-support,false,not-generated,candidates/hjb-primary-ds-v1-p2-007.png,题干或单元含显性看图/操作/空间方位/图表线索；没有插图会明显影响低龄学生理解题意、还原对象数量或完成空间/图表判断。,下面哪个竖式计算是正确的？ A. 45 - 28 ----- 27 B. 45 - 28 ----- 17 C. 45 - 28 ----- 23 D. 45 - 28 ----- 13,为文字题生成轻量数学支持视觉，保持非答案化、无文字、无公式。
hjb-primary-ds-v1-p2-013,P2,二年级上册,100以内数的加减法（二）,multiple-choice,Foundation,A_required,core,P1,text_calculation_only,text-calculation-support,conceptual-support,false,not-generated,candidates/hjb-primary-ds-v1-p2-013.png,题干或单元含显性看图/操作/空间方位/图表线索；没有插图会明显影响低龄学生理解题意、还原对象数量或完成空间/图表判断。,下面哪个竖式在计算 63 - 27 时，退位处理是正确的？,为文字题生成轻量数学支持视觉，保持非答案化、无文字、无公式。
hjb-primary-ds-v1-p2-016,P2,二年级上册,100以内数的加减法（二）,multiple-choice,Exam,A_required,core,P1,text_calculation_only,text-calculation-support,conceptual-support,false,not-generated,candidates/hjb-primary-ds-v1-p2-016.png,题干或单元含显性看图/操作/空间方位/图表线索；没有插图会明显影响低龄学生理解题意、还原对象数量或完成空间/图表判断。,小丽用竖式计算 73 - 48，她先算个位 3 减 8 不够减，从十位退 1 当 10，个位变成 13 减 8 得 5；十位上 7 退 1 后剩 6，再减 4 得 2，所以她得到 25。下面哪种验算方法能最快判断她的结果是否正确？,为文字题生成轻量数学支持视觉，保持非答案化、无文字、无公式。
hjb-primary-ds-v1-p2-019,P2,二年级上册,100以内数的加减法（二）,multiple-choice,Challenge,A_required,core,P1,text_calculation_only,text-calculation-support,conceptual-support,false,not-generated,candidates/hjb-primary-ds-v1-p2-019.png,题干或单元含显性看图/操作/空间方位/图表线索；没有插图会明显影响低龄学生理解题意、还原对象数量或完成空间/图表判断。,小明计算 90 - 45 时，个位 0 减 5 不够减，他从十位退 1 当 10，个位变成 10 减 5 得 5；十位 9 退 1 后剩 8，再减 4 得 4，所以他得到 45。下面哪句话说得对？,为文字题生成轻量数学支持视觉，保持非答案化、无文字、无公式。
hjb-primary-ds-v1-p2-022,P2,二年级上册,100以内数的加减法（二）,multiple-choice,Core,A_required,core,P1,text_calculation_only,text-calculation-support,conceptual-support,false,not-generated,candidates/hjb-primary-ds-v1-p2-022.png,题干或单元含显性看图/操作/空间方位/图表线索；没有插图会明显影响低龄学生理解题意、还原对象数量或完成空间/图表判断。,下面哪个竖式计算是正确的？,为文字题生成轻量数学支持视觉，保持非答案化、无文字、无公式。
hjb-primary-ds-v1-p2-118,P2,二年级上册,二年级上册数学广场与整理复习,multiple-choice,Foundation,A_required,core,P1,text_calculation_only,text-calculation-support,conceptual-support,false,not-generated,candidates/hjb-primary-ds-v1-p2-118.png,题干或单元含显性看图/操作/空间方位/图表线索；没有插图会明显影响低龄学生理解题意、还原对象数量或完成空间/图表判断。,下面哪种整理复习的方法最好？,为文字题生成轻量数学支持视觉，保持非答案化、无文字、无公式。
hjb-primary-ds-v1-p2-119,P2,二年级上册,二年级上册数学广场与整理复习,fill-in,Core,A_required,core,P1,text_calculation_only,text-calculation-support,conceptual-support,false,not-generated,candidates/hjb-primary-ds-v1-p2-119.png,题干或单元含显性看图/操作/空间方位/图表线索；没有插图会明显影响低龄学生理解题意、还原对象数量或完成空间/图表判断。,"在数学广场活动中，同学们玩""找规律""游戏。观察下面的数列：2，5，8，11，__，17。请填出横线上的数，并说明规律。",为文字题生成轻量数学支持视觉，保持非答案化、无文字、无公式。
hjb-primary-ds-v1-p2-124,P2,二年级上册,二年级上册数学广场与整理复习,multiple-choice,Foundation,A_required,core,P1,text_calculation_only,text-calculation-support,conceptual-support,false,not-generated,candidates/hjb-primary-ds-v1-p2-124.png,题干或单元含显性看图/操作/空间方位/图表线索；没有插图会明显影响低龄学生理解题意、还原对象数量或完成空间/图表判断。,复习课上，老师让同学们把下面的算式分类：① 3×5 ② 2+2+2 ③ 4×6 ④ 5+5+5。下面哪种分类是正确的？,为文字题生成轻量数学支持视觉，保持非答案化、无文字、无公式。
hjb-primary-ds-v1-p2-125,P2,二年级上册,二年级上册数学广场与整理复习,fill-in,Core,A_required,core,P1,text_calculation_only,text-calculation-support,conceptual-support,false,not-generated,candidates/hjb-primary-ds-v1-p2-125.png,题干或单元含显性看图/操作/空间方位/图表线索；没有插图会明显影响低龄学生理解题意、还原对象数量或完成空间/图表判断。,在数学广场活动中，小亮观察一组图形：△□○△□○△□○…… 他发现规律是每3个图形重复一次。按照这个规律，第10个图形是（ ）。,为文字题生成轻量数学支持视觉，保持非答案化、无文字、无公式。
hjb-primary-ds-v1-p2-127,P2,二年级上册,二年级上册数学广场与整理复习,multiple-choice,Core,A_required,core,P1,text_calculation_only,text-calculation-support,conceptual-support,false,not-generated,candidates/hjb-primary-ds-v1-p2-127.png,题干或单元含显性看图/操作/空间方位/图表线索；没有插图会明显影响低龄学生理解题意、还原对象数量或完成空间/图表判断。,下面哪一道题可以用“3×5”来计算？,为文字题生成轻量数学支持视觉，保持非答案化、无文字、无公式。
hjb-primary-ds-v1-p2-134,P2,二年级上册,二年级上册数学广场与整理复习,fill-in,Foundation,A_required,core,P1,text_calculation_only,text-calculation-support,conceptual-support,false,not-generated,candidates/hjb-primary-ds-v1-p2-134.png,题干或单元含显性看图/操作/空间方位/图表线索；没有插图会明显影响低龄学生理解题意、还原对象数量或完成空间/图表判断。,把下面的加法算式改写成乘法算式：7+7+7+7+7=______。,为文字题生成轻量数学支持视觉，保持非答案化、无文字、无公式。
hjb-primary-ds-v1-p2-137,P2,二年级上册,二年级上册数学广场与整理复习,fill-in,Core,A_required,core,P1,text_calculation_only,text-calculation-support,conceptual-support,false,not-generated,candidates/hjb-primary-ds-v1-p2-137.png,题干或单元含显性看图/操作/空间方位/图表线索；没有插图会明显影响低龄学生理解题意、还原对象数量或完成空间/图表判断。,在下面的加法算式中，相同的图形代表相同的数字，不同的图形代表不同的数字。△ + ☆ = 10，△ + △ = 12。那么☆代表的数字是____。,为文字题生成轻量数学支持视觉，保持非答案化、无文字、无公式。
hjb-primary-ds-v1-p2-187,P2,二年级下册,万以内的数,multiple-choice,Core,A_required,core,P1,text_calculation_only,text-calculation-support,conceptual-support,false,not-generated,candidates/hjb-primary-ds-v1-p2-187.png,题干或单元含显性看图/操作/空间方位/图表线索；没有插图会明显影响低龄学生理解题意、还原对象数量或完成空间/图表判断。,下面四个数中，一个零都不读的是哪一个？,为文字题生成轻量数学支持视觉，保持非答案化、无文字、无公式。
hjb-primary-ds-v1-p2-190,P2,二年级下册,万以内的数,fill-in,Foundation,A_required,core,P1,text_calculation_only,text-calculation-support,conceptual-support,false,not-generated,candidates/hjb-primary-ds-v1-p2-190.png,题干或单元含显性看图/操作/空间方位/图表线索；没有插图会明显影响低龄学生理解题意、还原对象数量或完成空间/图表判断。,写出下面各数：二千零六写作______，五千八百写作______。,为文字题生成轻量数学支持视觉，保持非答案化、无文字、无公式。
hjb-primary-ds-v1-p2-193,P2,二年级下册,万以内的数,multiple-choice,Core,A_required,core,P1,text_calculation_only,text-calculation-support,conceptual-support,false,not-generated,candidates/hjb-primary-ds-v1-p2-193.png,题干或单元含显性看图/操作/空间方位/图表线索；没有插图会明显影响低龄学生理解题意、还原对象数量或完成空间/图表判断。,下面四个数中，只读一个零的数是哪一个？,为文字题生成轻量数学支持视觉，保持非答案化、无文字、无公式。
hjb-primary-ds-v1-p2-197,P2,二年级下册,万以内的数,multiple-choice,Core,A_required,core,P1,text_calculation_only,text-calculation-support,conceptual-support,false,not-generated,candidates/hjb-primary-ds-v1-p2-197.png,题干或单元含显性看图/操作/空间方位/图表线索；没有插图会明显影响低龄学生理解题意、还原对象数量或完成空间/图表判断。,下面哪个数读作“六千零九”？,为文字题生成轻量数学支持视觉，保持非答案化、无文字、无公式。
hjb-primary-ds-v1-p2-203,P2,二年级下册,万以内的数,multiple-choice,Core,A_required,core,P1,text_calculation_only,text-calculation-support,conceptual-support,false,not-generated,candidates/hjb-primary-ds-v1-p2-203.png,题干或单元含显性看图/操作/空间方位/图表线索；没有插图会明显影响低龄学生理解题意、还原对象数量或完成空间/图表判断。,下面四个数中，最接近7000的数是哪一个？,为文字题生成轻量数学支持视觉，保持非答案化、无文字、无公式。
hjb-primary-ds-v1-p2-211,P2,二年级下册,两位数与三位数的加减法,multiple-choice,Core,A_required,core,P1,text_calculation_only,text-calculation-support,conceptual-support,false,not-generated,candidates/hjb-primary-ds-v1-p2-211.png,题干或单元含显性看图/操作/空间方位/图表线索；没有插图会明显影响低龄学生理解题意、还原对象数量或完成空间/图表判断。,小华想计算 345 + 278。他先估算：345 接近 350，278 接近 280，350 + 280 = 630。下面哪个算式的结果最接近他的估算？,为文字题生成轻量数学支持视觉，保持非答案化、无文字、无公式。
hjb-primary-ds-v1-p2-213,P2,二年级下册,两位数与三位数的加减法,multiple-choice,Core,A_required,core,P1,text_calculation_only,text-calculation-support,conceptual-support,false,not-generated,candidates/hjb-primary-ds-v1-p2-213.png,题干或单元含显性看图/操作/空间方位/图表线索；没有插图会明显影响低龄学生理解题意、还原对象数量或完成空间/图表判断。,下面哪道题在计算时个位和十位都需要退位？,为文字题生成轻量数学支持视觉，保持非答案化、无文字、无公式。
hjb-primary-ds-v1-p2-217,P2,二年级下册,两位数与三位数的加减法,multiple-choice,Core,A_required,core,P1,text_calculation_only,text-calculation-support,conceptual-support,false,not-generated,candidates/hjb-primary-ds-v1-p2-217.png,题干或单元含显性看图/操作/空间方位/图表线索；没有插图会明显影响低龄学生理解题意、还原对象数量或完成空间/图表判断。,下面哪道算式的得数最接近500？,为文字题生成轻量数学支持视觉，保持非答案化、无文字、无公式。
hjb-primary-ds-v1-p2-221,P2,二年级下册,两位数与三位数的加减法,multiple-choice,Core,A_required,core,P1,text_calculation_only,text-calculation-support,conceptual-support,false,not-generated,candidates/hjb-primary-ds-v1-p2-221.png,题干或单元含显性看图/操作/空间方位/图表线索；没有插图会明显影响低龄学生理解题意、还原对象数量或完成空间/图表判断。,小华计算 256 + 178，他先估算：256 接近 260，178 接近 180，和大约是 440。他列竖式算出结果是 434。下面哪种说法正确？,为文字题生成轻量数学支持视觉，保持非答案化、无文字、无公式。
hjb-primary-ds-v1-p2-223,P2,二年级下册,两位数与三位数的加减法,multiple-choice,Core,A_required,core,P1,text_calculation_only,text-calculation-support,conceptual-support,false,not-generated,candidates/hjb-primary-ds-v1-p2-223.png,题干或单元含显性看图/操作/空间方位/图表线索；没有插图会明显影响低龄学生理解题意、还原对象数量或完成空间/图表判断。,下面哪道题的得数比 500 小？,为文字题生成轻量数学支持视觉，保持非答案化、无文字、无公式。
hjb-primary-ds-v1-p2-229,P2,二年级下册,二年级下册数学广场与整理复习,multiple-choice,Core,A_required,core,P1,text_calculation_only,text-calculation-support,conceptual-support,false,not-generated,candidates/hjb-primary-ds-v1-p2-229.png,题干或单元含显性看图/操作/空间方位/图表线索；没有插图会明显影响低龄学生理解题意、还原对象数量或完成空间/图表判断。,老师让同学们把下面的题目分类整理。下面哪种分法最合理？ ① 24÷4=6 ② 3时=180分 ③ 456+278=734 ④ 800-365=435 ⑤ 18÷3=6 ⑥ 1分=60秒,为文字题生成轻量数学支持视觉，保持非答案化、无文字、无公式。
hjb-primary-ds-v1-p2-237,P2,二年级下册,二年级下册数学广场与整理复习,multiple-choice,Core,A_required,core,P1,text_calculation_only,text-calculation-support,conceptual-support,false,not-generated,candidates/hjb-primary-ds-v1-p2-237.png,题干或单元含显性看图/操作/空间方位/图表线索；没有插图会明显影响低龄学生理解题意、还原对象数量或完成空间/图表判断。,下面哪一道题需要用“包含除”模型来解决？,为文字题生成轻量数学支持视觉，保持非答案化、无文字、无公式。
hjb-primary-ds-v1-p2-243,P2,二年级下册,二年级下册数学广场与整理复习,multiple-choice,Foundation,A_required,core,P1,text_calculation_only,text-calculation-support,conceptual-support,false,not-generated,candidates/hjb-primary-ds-v1-p2-243.png,题干或单元含显性看图/操作/空间方位/图表线索；没有插图会明显影响低龄学生理解题意、还原对象数量或完成空间/图表判断。,计算253+468时，下面哪种做法是正确的？,为文字题生成轻量数学支持视觉，保持非答案化、无文字、无公式。
hjb-primary-ds-v1-p2-248,P2,二年级下册,二年级下册数学广场与整理复习,multiple-choice,Foundation,A_required,core,P1,text_calculation_only,text-calculation-support,conceptual-support,false,not-generated,candidates/hjb-primary-ds-v1-p2-248.png,题干或单元含显性看图/操作/空间方位/图表线索；没有插图会明显影响低龄学生理解题意、还原对象数量或完成空间/图表判断。,老师让同学们把下面的题目分类：①36÷4=9 ②2时=120分 ③45+37=82 ④10个百是1000。下面哪种分类是按“计算与单位换算”来分的？,为文字题生成轻量数学支持视觉，保持非答案化、无文字、无公式。
hjb-primary-ds-v1-p2-250,P2,二年级下册,二年级下册数学广场与整理复习,multiple-choice,Foundation,A_required,core,P1,text_calculation_only,text-calculation-support,conceptual-support,false,not-generated,candidates/hjb-primary-ds-v1-p2-250.png,题干或单元含显性看图/操作/空间方位/图表线索；没有插图会明显影响低龄学生理解题意、还原对象数量或完成空间/图表判断。,下面哪道题在计算时最需要注意数位对齐？,为文字题生成轻量数学支持视觉，保持非答案化、无文字、无公式。
hjb-primary-ds-v1-p3-061,P3,三年级上册（老课本暂用）,用一位数乘,multiple-choice,Core,A_required,core,P1,text_calculation_only,text-calculation-support,conceptual-support,false,not-generated,candidates/hjb-primary-ds-v1-p3-061.png,题干或单元含显性看图/操作/空间方位/图表线索；没有插图会明显影响低龄学生理解题意、还原对象数量或完成空间/图表判断。,计算 247 × 3 时，下面哪种说法是正确的？,为文字题生成轻量数学支持视觉，保持非答案化、无文字、无公式。
hjb-primary-ds-v1-p3-064,P3,三年级上册（老课本暂用）,用一位数乘,multiple-choice,Core,A_required,core,P1,text_calculation_only,text-calculation-support,conceptual-support,false,not-generated,candidates/hjb-primary-ds-v1-p3-064.png,题干或单元含显性看图/操作/空间方位/图表线索；没有插图会明显影响低龄学生理解题意、还原对象数量或完成空间/图表判断。,估算 389 × 6 的结果，下面哪个估算最接近精确值？,为文字题生成轻量数学支持视觉，保持非答案化、无文字、无公式。
hjb-primary-ds-v1-p3-070,P3,三年级上册（老课本暂用）,用一位数乘,multiple-choice,Core,A_required,core,P1,text_calculation_only,text-calculation-support,conceptual-support,false,not-generated,candidates/hjb-primary-ds-v1-p3-070.png,题干或单元含显性看图/操作/空间方位/图表线索；没有插图会明显影响低龄学生理解题意、还原对象数量或完成空间/图表判断。,下面哪道题的积的个位是0？,为文字题生成轻量数学支持视觉，保持非答案化、无文字、无公式。
hjb-primary-ds-v1-p3-073,P3,三年级上册（老课本暂用）,用一位数乘,multiple-choice,Core,A_required,core,P1,text_calculation_only,text-calculation-support,conceptual-support,false,not-generated,candidates/hjb-primary-ds-v1-p3-073.png,题干或单元含显性看图/操作/空间方位/图表线索；没有插图会明显影响低龄学生理解题意、还原对象数量或完成空间/图表判断。,下面哪个算式的积最接近 1200？,为文字题生成轻量数学支持视觉，保持非答案化、无文字、无公式。
hjb-primary-ds-v1-p3-076,P3,三年级上册（老课本暂用）,用一位数乘,multiple-choice,Core,A_required,core,P1,text_calculation_only,text-calculation-support,conceptual-support,false,not-generated,candidates/hjb-primary-ds-v1-p3-076.png,题干或单元含显性看图/操作/空间方位/图表线索；没有插图会明显影响低龄学生理解题意、还原对象数量或完成空间/图表判断。,小乐在计算 237 × 4 时，先估算了一下，然后列竖式计算。下面哪个选项正确描述了他的估算和竖式结果？,为文字题生成轻量数学支持视觉，保持非答案化、无文字、无公式。
hjb-primary-ds-v1-p3-079,P3,三年级上册（老课本暂用）,用一位数乘,multiple-choice,Core,A_required,core,P1,text_calculation_only,text-calculation-support,conceptual-support,false,not-generated,candidates/hjb-primary-ds-v1-p3-079.png,题干或单元含显性看图/操作/空间方位/图表线索；没有插图会明显影响低龄学生理解题意、还原对象数量或完成空间/图表判断。,计算258×4，下面哪个结果正确？,为文字题生成轻量数学支持视觉，保持非答案化、无文字、无公式。
hjb-primary-ds-v1-p3-127,P3,三年级上册（老课本暂用）,三年级上册数学广场与整理复习,multiple-choice,Core,A_required,core,P1,text_calculation_only,text-calculation-support,conceptual-support,false,not-generated,candidates/hjb-primary-ds-v1-p3-127.png,题干或单元含显性看图/操作/空间方位/图表线索；没有插图会明显影响低龄学生理解题意、还原对象数量或完成空间/图表判断。,下面哪种情况最适合用“先估算再精确计算”的策略？,为文字题生成轻量数学支持视觉，保持非答案化、无文字、无公式。
hjb-primary-ds-v1-p3-130,P3,三年级上册（老课本暂用）,三年级上册数学广场与整理复习,multiple-choice,Foundation,A_required,core,P1,text_calculation_only,text-calculation-support,conceptual-support,false,not-generated,candidates/hjb-primary-ds-v1-p3-130.png,题干或单元含显性看图/操作/空间方位/图表线索；没有插图会明显影响低龄学生理解题意、还原对象数量或完成空间/图表判断。,下面哪一项是整理复习时常用的好方法？,为文字题生成轻量数学支持视觉，保持非答案化、无文字、无公式。
hjb-primary-ds-v1-p3-175,P3,三年级下册,小数的初步认识,multiple-choice,Core,A_required,core,P1,text_calculation_only,text-calculation-support,conceptual-support,false,not-generated,candidates/hjb-primary-ds-v1-p3-175.png,题干或单元含显性看图/操作/空间方位/图表线索；没有插图会明显影响低龄学生理解题意、还原对象数量或完成空间/图表判断。,下面四个小数中，哪一个最大？,为文字题生成轻量数学支持视觉，保持非答案化、无文字、无公式。
hjb-primary-ds-v1-p3-178,P3,三年级下册,小数的初步认识,multiple-choice,Foundation,A_required,core,P1,text_calculation_only,text-calculation-support,conceptual-support,false,not-generated,candidates/hjb-primary-ds-v1-p3-178.png,题干或单元含显性看图/操作/空间方位/图表线索；没有插图会明显影响低龄学生理解题意、还原对象数量或完成空间/图表判断。,下面哪个小数中的“3”表示3个0.1？,为文字题生成轻量数学支持视觉，保持非答案化、无文字、无公式。
hjb-primary-ds-v1-p3-183,P3,三年级下册,小数的初步认识,multiple-choice,Core,A_required,core,P1,text_calculation_only,text-calculation-support,conceptual-support,false,not-generated,candidates/hjb-primary-ds-v1-p3-183.png,题干或单元含显性看图/操作/空间方位/图表线索；没有插图会明显影响低龄学生理解题意、还原对象数量或完成空间/图表判断。,下面四个小数中，最大的是（ ）。,为文字题生成轻量数学支持视觉，保持非答案化、无文字、无公式。
hjb-primary-ds-v1-p3-187,P3,三年级下册,小数的初步认识,multiple-choice,Core,A_required,core,P1,text_calculation_only,text-calculation-support,conceptual-support,false,not-generated,candidates/hjb-primary-ds-v1-p3-187.png,题干或单元含显性看图/操作/空间方位/图表线索；没有插图会明显影响低龄学生理解题意、还原对象数量或完成空间/图表判断。,下面哪个小数读作“零点三六”？,为文字题生成轻量数学支持视觉，保持非答案化、无文字、无公式。
hjb-primary-ds-v1-p3-189,P3,三年级下册,小数的初步认识,multiple-choice,Core,A_required,core,P1,text_calculation_only,text-calculation-support,conceptual-support,false,not-generated,candidates/hjb-primary-ds-v1-p3-189.png,题干或单元含显性看图/操作/空间方位/图表线索；没有插图会明显影响低龄学生理解题意、还原对象数量或完成空间/图表判断。,下面四个小数中，哪个最大？,为文字题生成轻量数学支持视觉，保持非答案化、无文字、无公式。
hjb-primary-ds-v1-p3-193,P3,三年级下册,小数的初步认识,multiple-choice,Core,A_required,core,P1,text_calculation_only,text-calculation-support,conceptual-support,false,not-generated,candidates/hjb-primary-ds-v1-p3-193.png,题干或单元含显性看图/操作/空间方位/图表线索；没有插图会明显影响低龄学生理解题意、还原对象数量或完成空间/图表判断。,比较0.6和0.59的大小，下面哪个说法正确？,为文字题生成轻量数学支持视觉，保持非答案化、无文字、无公式。
hjb-primary-ds-v1-p4-028,P4,四年级上册,数与量,multiple-choice,Exam,A_required,core,P1,text_calculation_only,text-calculation-support,conceptual-support,false,not-generated,candidates/hjb-primary-ds-v1-p4-028.png,题干或单元含显性看图/操作/空间方位/图表线索；没有插图会明显影响低龄学生理解题意、还原对象数量或完成空间/图表判断。,下面哪个数读出两个零？,为文字题生成轻量数学支持视觉，保持非答案化、无文字、无公式。
hjb-primary-ds-v1-p4-030,P4,四年级上册,数与量,short-answer,Foundation,A_required,core,P1,text_calculation_only,text-calculation-support,conceptual-support,false,not-generated,candidates/hjb-primary-ds-v1-p4-030.png,题干或单元含显性看图/操作/空间方位/图表线索；没有插图会明显影响低龄学生理解题意、还原对象数量或完成空间/图表判断。,把下面各数按从小到大的顺序排列：50500、500500、55000、50005。,为文字题生成轻量数学支持视觉，保持非答案化、无文字、无公式。
hjb-primary-ds-v1-p4-031,P4,四年级上册,数与量,multiple-choice,Challenge,A_required,core,P1,text_calculation_only,text-calculation-support,conceptual-support,false,not-generated,candidates/hjb-primary-ds-v1-p4-031.png,题干或单元含显性看图/操作/空间方位/图表线索；没有插图会明显影响低龄学生理解题意、还原对象数量或完成空间/图表判断。,2024年，某市常住人口约为二千三百零五万六千。下面哪个数表示这个人口数？,为文字题生成轻量数学支持视觉，保持非答案化、无文字、无公式。
hjb-primary-ds-v1-p4-037,P4,四年级上册,数与量,multiple-choice,Core,A_required,core,P1,text_calculation_only,text-calculation-support,conceptual-support,false,not-generated,candidates/hjb-primary-ds-v1-p4-037.png,题干或单元含显性看图/操作/空间方位/图表线索；没有插图会明显影响低龄学生理解题意、还原对象数量或完成空间/图表判断。,下面哪个数读作“五千零八十万零七十”？,为文字题生成轻量数学支持视觉，保持非答案化、无文字、无公式。
hjb-primary-ds-v1-p4-042,P4,四年级上册,数与量,short-answer,Foundation,A_required,core,P1,text_calculation_only,text-calculation-support,conceptual-support,false,not-generated,candidates/hjb-primary-ds-v1-p4-042.png,题干或单元含显性看图/操作/空间方位/图表线索；没有插图会明显影响低龄学生理解题意、还原对象数量或完成空间/图表判断。,把下面各数四舍五入到万位。 （1）306490≈______ （2）799500≈______,为文字题生成轻量数学支持视觉，保持非答案化、无文字、无公式。
hjb-primary-ds-v1-p4-043,P4,四年级上册,数与量,multiple-choice,Challenge,A_required,core,P1,text_calculation_only,text-calculation-support,conceptual-support,false,not-generated,candidates/hjb-primary-ds-v1-p4-043.png,题干或单元含显性看图/操作/空间方位/图表线索；没有插图会明显影响低龄学生理解题意、还原对象数量或完成空间/图表判断。,下面哪个数最接近80万？,为文字题生成轻量数学支持视觉，保持非答案化、无文字、无公式。
hjb-primary-ds-v1-p4-073,P4,四年级上册,整数的四则运算,multiple-choice,Core,A_required,core,P1,text_calculation_only,text-calculation-support,conceptual-support,false,not-generated,candidates/hjb-primary-ds-v1-p4-073.png,题干或单元含显性看图/操作/空间方位/图表线索；没有插图会明显影响低龄学生理解题意、还原对象数量或完成空间/图表判断。,下面哪个算式去掉括号后，计算结果不变？,为文字题生成轻量数学支持视觉，保持非答案化、无文字、无公式。
hjb-primary-ds-v1-p4-079,P4,四年级上册,整数的四则运算,multiple-choice,Core,A_required,core,P1,text_calculation_only,text-calculation-support,conceptual-support,false,not-generated,candidates/hjb-primary-ds-v1-p4-079.png,题干或单元含显性看图/操作/空间方位/图表线索；没有插图会明显影响低龄学生理解题意、还原对象数量或完成空间/图表判断。,一辆卡车4次运煤80吨。照这样计算，要运煤200吨，需要运多少次？下面列式正确的是（ ）。,为文字题生成轻量数学支持视觉，保持非答案化、无文字、无公式。
hjb-primary-ds-v1-p4-085,P4,四年级上册,整数的四则运算,multiple-choice,Core,A_required,core,P1,text_calculation_only,text-calculation-support,conceptual-support,false,not-generated,candidates/hjb-primary-ds-v1-p4-085.png,题干或单元含显性看图/操作/空间方位/图表线索；没有插图会明显影响低龄学生理解题意、还原对象数量或完成空间/图表判断。,下面算式中，去掉括号后计算结果不变的是（ ）。,为文字题生成轻量数学支持视觉，保持非答案化、无文字、无公式。
hjb-primary-ds-v1-p4-162,P4,四年级下册,小数的认识与加减法,short-answer,Foundation,A_required,core,P1,text_calculation_only,text-calculation-support,conceptual-support,false,not-generated,candidates/hjb-primary-ds-v1-p4-162.png,题干或单元含显性看图/操作/空间方位/图表线索；没有插图会明显影响低龄学生理解题意、还原对象数量或完成空间/图表判断。,把下面各数按从大到小的顺序排列。 0.6 0.605 0.65 0.56 0.065,为文字题生成轻量数学支持视觉，保持非答案化、无文字、无公式。
hjb-primary-ds-v1-p4-163,P4,四年级下册,小数的认识与加减法,multiple-choice,Core,A_required,core,P1,text_calculation_only,text-calculation-support,conceptual-support,false,not-generated,candidates/hjb-primary-ds-v1-p4-163.png,题干或单元含显性看图/操作/空间方位/图表线索；没有插图会明显影响低龄学生理解题意、还原对象数量或完成空间/图表判断。,下面各数中，去掉“0”而大小不变的是（ ）。,为文字题生成轻量数学支持视觉，保持非答案化、无文字、无公式。
hjb-primary-ds-v1-p4-169,P4,四年级下册,小数的认识与加减法,multiple-choice,Core,A_required,core,P1,text_calculation_only,text-calculation-support,conceptual-support,false,not-generated,candidates/hjb-primary-ds-v1-p4-169.png,题干或单元含显性看图/操作/空间方位/图表线索；没有插图会明显影响低龄学生理解题意、还原对象数量或完成空间/图表判断。,下面哪个小数中的“2”表示2个百分之一？,为文字题生成轻量数学支持视觉，保持非答案化、无文字、无公式。
hjb-primary-ds-v1-p4-172,P4,四年级下册,小数的认识与加减法,multiple-choice,Foundation,A_required,core,P1,text_calculation_only,text-calculation-support,conceptual-support,false,not-generated,candidates/hjb-primary-ds-v1-p4-172.png,题干或单元含显性看图/操作/空间方位/图表线索；没有插图会明显影响低龄学生理解题意、还原对象数量或完成空间/图表判断。,下面四个小数中，哪一个与0.7相等？,为文字题生成轻量数学支持视觉，保持非答案化、无文字、无公式。
hjb-primary-ds-v1-p4-178,P4,四年级下册,小数的认识与加减法,multiple-choice,Foundation,A_required,core,P1,text_calculation_only,text-calculation-support,conceptual-support,false,not-generated,candidates/hjb-primary-ds-v1-p4-178.png,题干或单元含显性看图/操作/空间方位/图表线索；没有插图会明显影响低龄学生理解题意、还原对象数量或完成空间/图表判断。,下面四个小数中，最大的是哪一个？,为文字题生成轻量数学支持视觉，保持非答案化、无文字、无公式。
hjb-primary-ds-v1-p4-183,P4,四年级下册,小数的认识与加减法,multiple-choice,Core,A_required,core,P1,text_calculation_only,text-calculation-support,conceptual-support,false,not-generated,candidates/hjb-primary-ds-v1-p4-183.png,题干或单元含显性看图/操作/空间方位/图表线索；没有插图会明显影响低龄学生理解题意、还原对象数量或完成空间/图表判断。,下面各数中，去掉“0”后大小不变的是（ ）。,为文字题生成轻量数学支持视觉，保持非答案化、无文字、无公式。
hjb-primary-ds-v1-p5-005,P5,五年级上册,小数乘除法与估算,fill-in,Core,A_required,core,P1,text_calculation_only,text-calculation-support,conceptual-support,false,not-generated,candidates/hjb-primary-ds-v1-p5-005.png,题干或单元含显性看图/操作/空间方位/图表线索；没有插图会明显影响低龄学生理解题意、还原对象数量或完成空间/图表判断。,根据14×23=322，直接写出下面算式的积：1.4×2.3=？,为文字题生成轻量数学支持视觉，保持非答案化、无文字、无公式。
hjb-primary-ds-v1-p5-007,P5,五年级上册,小数乘除法与估算,multiple-choice,Challenge,A_required,core,P1,text_calculation_only,text-calculation-support,conceptual-support,false,not-generated,candidates/hjb-primary-ds-v1-p5-007.png,题干或单元含显性看图/操作/空间方位/图表线索；没有插图会明显影响低龄学生理解题意、还原对象数量或完成空间/图表判断。,下面哪个算式的商大于1？,为文字题生成轻量数学支持视觉，保持非答案化、无文字、无公式。
hjb-primary-ds-v1-p5-008,P5,五年级上册,小数乘除法与估算,fill-in,Exam,A_required,core,P1,text_calculation_only,text-calculation-support,conceptual-support,false,not-generated,candidates/hjb-primary-ds-v1-p5-008.png,题干或单元含显性看图/操作/空间方位/图表线索；没有插图会明显影响低龄学生理解题意、还原对象数量或完成空间/图表判断。,根据24×36＝864，直接写出下面各题的积。 2.4×3.6＝______ 0.24×0.36＝______ 240×0.036＝______,为文字题生成轻量数学支持视觉，保持非答案化、无文字、无公式。
hjb-primary-ds-v1-p5-010,P5,五年级上册,小数乘除法与估算,multiple-choice,Foundation,A_required,core,P1,text_calculation_only,text-calculation-support,conceptual-support,false,not-generated,candidates/hjb-primary-ds-v1-p5-010.png,题干或单元含显性看图/操作/空间方位/图表线索；没有插图会明显影响低龄学生理解题意、还原对象数量或完成空间/图表判断。,下面哪个算式的积最大？,为文字题生成轻量数学支持视觉，保持非答案化、无文字、无公式。
hjb-primary-ds-v1-p5-014,P5,五年级上册,小数乘除法与估算,fill-in,Foundation,A_required,core,P1,text_calculation_only,text-calculation-support,conceptual-support,false,not-generated,candidates/hjb-primary-ds-v1-p5-014.png,题干或单元含显性看图/操作/空间方位/图表线索；没有插图会明显影响低龄学生理解题意、还原对象数量或完成空间/图表判断。,根据 23 × 15 = 345，直接写出下面算式的积：2.3 × 1.5 = ______。,为文字题生成轻量数学支持视觉，保持非答案化、无文字、无公式。
hjb-primary-ds-v1-p5-017,P5,五年级上册,小数乘除法与估算,fill-in,Core,A_required,core,P1,text_calculation_only,text-calculation-support,conceptual-support,false,not-generated,candidates/hjb-primary-ds-v1-p5-017.png,题干或单元含显性看图/操作/空间方位/图表线索；没有插图会明显影响低龄学生理解题意、还原对象数量或完成空间/图表判断。,根据43×15=645，直接写出下面各题的得数： 4.3×1.5=______ 0.43×0.15=______ 6.45÷0.43=______,为文字题生成轻量数学支持视觉，保持非答案化、无文字、无公式。
hjb-primary-ds-v1-p5-019,P5,五年级上册,小数乘除法与估算,multiple-choice,Challenge,A_required,core,P1,text_calculation_only,text-calculation-support,conceptual-support,false,not-generated,candidates/hjb-primary-ds-v1-p5-019.png,题干或单元含显性看图/操作/空间方位/图表线索；没有插图会明显影响低龄学生理解题意、还原对象数量或完成空间/图表判断。,下面算式中，计算结果最大的是哪一个？,为文字题生成轻量数学支持视觉，保持非答案化、无文字、无公式。
hjb-primary-ds-v1-p5-025,P5,五年级上册,小数乘除法与估算,multiple-choice,Core,A_required,core,P1,text_calculation_only,text-calculation-support,conceptual-support,false,not-generated,candidates/hjb-primary-ds-v1-p5-025.png,题干或单元含显性看图/操作/空间方位/图表线索；没有插图会明显影响低龄学生理解题意、还原对象数量或完成空间/图表判断。,下面哪个算式的商小于1？,为文字题生成轻量数学支持视觉，保持非答案化、无文字、无公式。
hjb-primary-ds-v1-p5-031,P5,五年级上册,小数乘除法与估算,multiple-choice,Challenge,A_required,core,P1,text_calculation_only,text-calculation-support,conceptual-support,false,not-generated,candidates/hjb-primary-ds-v1-p5-031.png,题干或单元含显性看图/操作/空间方位/图表线索；没有插图会明显影响低龄学生理解题意、还原对象数量或完成空间/图表判断。,小杰计算 0.48 × 2.5，他先算 48 × 25 = 1200，然后根据因数的小数位数确定积的小数点位置，得到 0.48 × 2.5 = 0.12。下面哪种说法正确？,为文字题生成轻量数学支持视觉，保持非答案化、无文字、无公式。
hjb-primary-ds-v1-p1-002,P1,一年级上册,我是小学生与数学学习习惯,fill-in,Core,B_strong_recommended,recommended,P2,counting_manipulatives,counting-manipulatives,counters,true,not-generated,candidates/hjb-primary-ds-v1-p1-002.png,P1-P2 题目以具象数量、操作、分类、购物或生活场景为主；文字可作答，但插图能显著降低读题负担。,老师拍手，第一次拍3下，第二次拍5下。请你仔细听，然后回答：老师一共拍了______下。,用糖果、积木、圆片、小棒等课堂操作物表现数量、比较、合并或分组，画面简洁，便于后续叠加精确数量或标注。
hjb-primary-ds-v1-p1-003,P1,一年级上册,我是小学生与数学学习习惯,short-answer,Challenge,B_strong_recommended,recommended,P2,counting_manipulatives,counting-manipulatives,counters,true,not-generated,candidates/hjb-primary-ds-v1-p1-003.png,P1-P2 题目以具象数量、操作、分类、购物或生活场景为主；文字可作答，但插图能显著降低读题负担。,小明在数学游戏中说：“我看到的积木有红色、蓝色、黄色，红色积木最多。”请你写出小明用了哪些数学语言？,用糖果、积木、圆片、小棒等课堂操作物表现数量、比较、合并或分组，画面简洁，便于后续叠加精确数量或标注。
hjb-primary-ds-v1-p1-008,P1,一年级上册,我是小学生与数学学习习惯,fill-in,Exam,B_strong_recommended,recommended,P2,counting_manipulatives,counting-manipulatives,counters,true,not-generated,candidates/hjb-primary-ds-v1-p1-008.png,P1-P2 题目以具象数量、操作、分类、购物或生活场景为主；文字可作答，但插图能显著降低读题负担。,在数学游戏中，老师说：“请拿出3个红色积木和2个蓝色积木。”小明先拿了2个红色积木，又拿了1个红色积木，再拿了2个蓝色积木。他一共拿了______个积木。,用糖果、积木、圆片、小棒等课堂操作物表现数量、比较、合并或分组，画面简洁，便于后续叠加精确数量或标注。
hjb-primary-ds-v1-p1-017,P1,一年级上册,我是小学生与数学学习习惯,fill-in,Foundation,B_strong_recommended,recommended,P2,counting_manipulatives,counting-manipulatives,counters,true,not-generated,candidates/hjb-primary-ds-v1-p1-017.png,P1-P2 题目以具象数量、操作、分类、购物或生活场景为主；文字可作答，但插图能显著降低读题负担。,在数学游戏“听口令做动作”中，老师说：“请你拍手3下，然后跺脚2下。”小朋友应该怎么做？请用数字和动作名称写下来。,用糖果、积木、圆片、小棒等课堂操作物表现数量、比较、合并或分组，画面简洁，便于后续叠加精确数量或标注。
hjb-primary-ds-v1-p1-044,P1,一年级上册,10以内数的认识,fill-in,Challenge,B_strong_recommended,recommended,P2,counting_manipulatives,counting-manipulatives,counters,true,not-generated,candidates/hjb-primary-ds-v1-p1-044.png,P1-P2 题目以具象数量、操作、分类、购物或生活场景为主；文字可作答，但插图能显著降低读题负担。,把7个苹果分给两个小朋友，每个小朋友都要分到，而且两人分到的苹果个数不一样。可以怎么分？请写出两种不同的分法。,用糖果、积木、圆片、小棒等课堂操作物表现数量、比较、合并或分组，画面简洁，便于后续叠加精确数量或标注。
hjb-primary-ds-v1-p1-046,P1,一年级上册,10以内数的认识,multiple-choice,Core,B_strong_recommended,recommended,P2,counting_manipulatives,counting-manipulatives,counters,true,not-generated,candidates/hjb-primary-ds-v1-p1-046.png,P1-P2 题目以具象数量、操作、分类、购物或生活场景为主；文字可作答，但插图能显著降低读题负担。,小丽有5个苹果，小华有3个苹果。谁有更多的苹果？,用糖果、积木、圆片、小棒等课堂操作物表现数量、比较、合并或分组，画面简洁，便于后续叠加精确数量或标注。
hjb-primary-ds-v1-p1-051,P1,一年级上册,10以内数的认识,short-answer,Foundation,B_strong_recommended,recommended,P2,counting_manipulatives,counting-manipulatives,counters,true,not-generated,candidates/hjb-primary-ds-v1-p1-051.png,P1-P2 题目以具象数量、操作、分类、购物或生活场景为主；文字可作答，但插图能显著降低读题负担。,篮子里有一些苹果，吃掉2个后还剩3个。篮子里原来有几个苹果？,用糖果、积木、圆片、小棒等课堂操作物表现数量、比较、合并或分组，画面简洁，便于后续叠加精确数量或标注。
hjb-primary-ds-v1-p1-053,P1,一年级上册,10以内数的认识,fill-in,Challenge,B_strong_recommended,recommended,P2,counting_manipulatives,counting-manipulatives,counters,true,not-generated,candidates/hjb-primary-ds-v1-p1-053.png,P1-P2 题目以具象数量、操作、分类、购物或生活场景为主；文字可作答，但插图能显著降低读题负担。,把7个气球分给两个小朋友，每个小朋友都要分到，可以分成__和__。,用糖果、积木、圆片、小棒等课堂操作物表现数量、比较、合并或分组，画面简洁，便于后续叠加精确数量或标注。
hjb-primary-ds-v1-p1-057,P1,一年级上册,10以内数的认识,short-answer,Foundation,B_strong_recommended,recommended,P2,counting_manipulatives,counting-manipulatives,counters,true,not-generated,candidates/hjb-primary-ds-v1-p1-057.png,P1-P2 题目以具象数量、操作、分类、购物或生活场景为主；文字可作答，但插图能显著降低读题负担。,篮子里原来有5个苹果，妈妈又放进去一些，现在篮子里有9个苹果。妈妈放进去几个苹果？,用糖果、积木、圆片、小棒等课堂操作物表现数量、比较、合并或分组，画面简洁，便于后续叠加精确数量或标注。
hjb-primary-ds-v1-p1-064,P1,一年级上册,10以内数的加减法,multiple-choice,Core,B_strong_recommended,recommended,P2,counting_manipulatives,counting-manipulatives,counters,true,not-generated,candidates/hjb-primary-ds-v1-p1-064.png,P1-P2 题目以具象数量、操作、分类、购物或生活场景为主；文字可作答，但插图能显著降低读题负担。,小明有5支铅笔，小红有3支铅笔，他们一共有多少支铅笔？正确的算式是哪一个？,用糖果、积木、圆片、小棒等课堂操作物表现数量、比较、合并或分组，画面简洁，便于后续叠加精确数量或标注。
hjb-primary-ds-v1-p1-073,P1,一年级上册,10以内数的加减法,multiple-choice,Core,B_strong_recommended,recommended,P2,counting_manipulatives,counting-manipulatives,counters,true,not-generated,candidates/hjb-primary-ds-v1-p1-073.png,P1-P2 题目以具象数量、操作、分类、购物或生活场景为主；文字可作答，但插图能显著降低读题负担。,小明有5支铅笔，小红有2支铅笔，他们一共有几支铅笔？正确的算式是哪一个？,用糖果、积木、圆片、小棒等课堂操作物表现数量、比较、合并或分组，画面简洁，便于后续叠加精确数量或标注。
hjb-primary-ds-v1-p1-091,P1,一年级上册,20以内的数与不进位不退位加减,multiple-choice,Core,B_strong_recommended,recommended,P2,counting_manipulatives,counting-manipulatives,counters,true,not-generated,candidates/hjb-primary-ds-v1-p1-091.png,P1-P2 题目以具象数量、操作、分类、购物或生活场景为主；文字可作答，但插图能显著降低读题负担。,小乐有13支铅笔，他又拿来5支，现在有多少支？,用糖果、积木、圆片、小棒等课堂操作物表现数量、比较、合并或分组，画面简洁，便于后续叠加精确数量或标注。
hjb-primary-ds-v1-p1-156,P1,一年级下册,100以内数的加减法（一）,short-answer,Foundation,B_strong_recommended,recommended,P2,counting_manipulatives,counting-manipulatives,counters,true,not-generated,candidates/hjb-primary-ds-v1-p1-156.png,P1-P2 题目以具象数量、操作、分类、购物或生活场景为主；文字可作答，但插图能显著降低读题负担。,小华有36张贴纸，送给小丽10张后，又送给小刚6张。小华现在还有多少张贴纸？,用糖果、积木、圆片、小棒等课堂操作物表现数量、比较、合并或分组，画面简洁，便于后续叠加精确数量或标注。
hjb-primary-ds-v1-p1-238,P1,一年级下册,一年级下册整理与复习,fill-in,Foundation,B_strong_recommended,recommended,P2,counting_manipulatives,counting-manipulatives,counters,true,not-generated,candidates/hjb-primary-ds-v1-p1-238.png,P1-P2 题目以具象数量、操作、分类、购物或生活场景为主；文字可作答，但插图能显著降低读题负担。,小丽用尺子量一支铅笔的长度，她将铅笔的一端对准0刻度，另一端对准18厘米。她又量了一块橡皮，一端对准0刻度，另一端对准4厘米。铅笔比橡皮长多少厘米？,用糖果、积木、圆片、小棒等课堂操作物表现数量、比较、合并或分组，画面简洁，便于后续叠加精确数量或标注。
hjb-primary-ds-v1-p2-006,P2,二年级上册,100以内数的加减法（二）,short-answer,Core,B_strong_recommended,recommended,P2,counting_manipulatives,counting-manipulatives,counters,true,not-generated,candidates/hjb-primary-ds-v1-p2-006.png,P1-P2 题目以具象数量、操作、分类、购物或生活场景为主；文字可作答，但插图能显著降低读题负担。,小丽有56颗糖果，她送给好朋友23颗。小丽还剩多少颗糖果？请用竖式计算，并用加法验算。,用糖果、积木、圆片、小棒等课堂操作物表现数量、比较、合并或分组，画面简洁，便于后续叠加精确数量或标注。
hjb-primary-ds-v1-p2-012,P2,二年级上册,100以内数的加减法（二）,short-answer,Exam,B_strong_recommended,recommended,P2,counting_manipulatives,counting-manipulatives,counters,true,not-generated,candidates/hjb-primary-ds-v1-p2-012.png,P1-P2 题目以具象数量、操作、分类、购物或生活场景为主；文字可作答，但插图能显著降低读题负担。,小华有 56 张贴纸，送给小丽 29 张后，还剩多少张？请用竖式计算，并说说你是怎样验算的。,用糖果、积木、圆片、小棒等课堂操作物表现数量、比较、合并或分组，画面简洁，便于后续叠加精确数量或标注。
hjb-primary-ds-v1-p2-071,P2,二年级上册,表内乘法,fill-in,Foundation,B_strong_recommended,recommended,P2,counting_manipulatives,counting-manipulatives,counters,true,not-generated,candidates/hjb-primary-ds-v1-p2-071.png,P1-P2 题目以具象数量、操作、分类、购物或生活场景为主；文字可作答，但插图能显著降低读题负担。,每盘有4个苹果，有3盘。一共有（ ）个苹果。乘法算式可以写成：______。,用糖果、积木、圆片、小棒等课堂操作物表现数量、比较、合并或分组，画面简洁，便于后续叠加精确数量或标注。
hjb-primary-ds-v1-p2-072,P2,二年级上册,表内乘法,short-answer,Core,B_strong_recommended,recommended,P2,counting_manipulatives,counting-manipulatives,counters,true,not-generated,candidates/hjb-primary-ds-v1-p2-072.png,P1-P2 题目以具象数量、操作、分类、购物或生活场景为主；文字可作答，但插图能显著降低读题负担。,小明有5盒铅笔，每盒有6支。他一共有多少支铅笔？请写出乘法算式和得数。,用糖果、积木、圆片、小棒等课堂操作物表现数量、比较、合并或分组，画面简洁，便于后续叠加精确数量或标注。
hjb-primary-ds-v1-p2-081,P2,二年级上册,表内乘法,short-answer,Core,B_strong_recommended,recommended,P2,counting_manipulatives,counting-manipulatives,counters,true,not-generated,candidates/hjb-primary-ds-v1-p2-081.png,P1-P2 题目以具象数量、操作、分类、购物或生活场景为主；文字可作答，但插图能显著降低读题负担。,小芳有4个笔筒，每个笔筒里都插着6支铅笔。小芳一共有多少支铅笔？请写出乘法算式并计算。,用糖果、积木、圆片、小棒等课堂操作物表现数量、比较、合并或分组，画面简洁，便于后续叠加精确数量或标注。
hjb-primary-ds-v1-p2-096,P2,二年级上册,分类与整理,short-answer,Core,B_strong_recommended,recommended,P2,counting_manipulatives,counting-manipulatives,counters,true,not-generated,candidates/hjb-primary-ds-v1-p2-096.png,P1-P2 题目以具象数量、操作、分类、购物或生活场景为主；文字可作答，但插图能显著降低读题负担。,小美把一些图形卡片按颜色分类，结果如下：红色卡片有8张，蓝色卡片有5张，黄色卡片有7张。她一共整理了多少张图形卡片？,用糖果、积木、圆片、小棒等课堂操作物表现数量、比较、合并或分组，画面简洁，便于后续叠加精确数量或标注。
hjb-primary-ds-v1-p2-098,P2,二年级上册,分类与整理,fill-in,Foundation,B_strong_recommended,recommended,P2,counting_manipulatives,counting-manipulatives,counters,true,not-generated,candidates/hjb-primary-ds-v1-p2-098.png,P1-P2 题目以具象数量、操作、分类、购物或生活场景为主；文字可作答，但插图能显著降低读题负担。,二（1）班同学最喜欢的水果情况：苹果有12人，香蕉有8人，橘子有10人，梨有6人。请把表格填写完整。 | 水果 | 苹果 | 香蕉 | 橘子 | 梨 | |------|------|------|------|----| | 人数 | 12 | 8 | 10 | □ |,用糖果、积木、圆片、小棒等课堂操作物表现数量、比较、合并或分组，画面简洁，便于后续叠加精确数量或标注。
hjb-primary-ds-v1-p2-099,P2,二年级上册,分类与整理,short-answer,Core,B_strong_recommended,recommended,P2,counting_manipulatives,counting-manipulatives,counters,true,not-generated,candidates/hjb-primary-ds-v1-p2-099.png,P1-P2 题目以具象数量、操作、分类、购物或生活场景为主；文字可作答，但插图能显著降低读题负担。,小明把一些铅笔按长短分类，长铅笔有9支，短铅笔有11支。长铅笔比短铅笔少几支？,用糖果、积木、圆片、小棒等课堂操作物表现数量、比较、合并或分组，画面简洁，便于后续叠加精确数量或标注。
hjb-primary-ds-v1-p2-102,P2,二年级上册,分类与整理,short-answer,Foundation,B_strong_recommended,recommended,P2,counting_manipulatives,counting-manipulatives,counters,true,not-generated,candidates/hjb-primary-ds-v1-p2-102.png,P1-P2 题目以具象数量、操作、分类、购物或生活场景为主；文字可作答，但插图能显著降低读题负担。,二（1）班同学最喜欢的水果情况如下：苹果：12人，香蕉：8人，橘子：10人，草莓：6人。请你说一说，最喜欢哪种水果的人数最多？,用糖果、积木、圆片、小棒等课堂操作物表现数量、比较、合并或分组，画面简洁，便于后续叠加精确数量或标注。
hjb-primary-ds-v1-p2-104,P2,二年级上册,分类与整理,fill-in,Foundation,B_strong_recommended,recommended,P2,counting_manipulatives,counting-manipulatives,counters,true,not-generated,candidates/hjb-primary-ds-v1-p2-104.png,P1-P2 题目以具象数量、操作、分类、购物或生活场景为主；文字可作答，但插图能显著降低读题负担。,老师让同学们把12支铅笔按颜色分类。红色铅笔有5支，蓝色铅笔有4支，其余是绿色铅笔。绿色铅笔有多少支？,用糖果、积木、圆片、小棒等课堂操作物表现数量、比较、合并或分组，画面简洁，便于后续叠加精确数量或标注。
hjb-primary-ds-v1-p2-105,P2,二年级上册,分类与整理,short-answer,Core,B_strong_recommended,recommended,P2,counting_manipulatives,counting-manipulatives,counters,true,not-generated,candidates/hjb-primary-ds-v1-p2-105.png,P1-P2 题目以具象数量、操作、分类、购物或生活场景为主；文字可作答，但插图能显著降低读题负担。,小明把一些动物卡片分成了两组：一组是会飞的动物，有6张；另一组是不会飞的动物，有9张。请你提出一个数学问题并解答。,用糖果、积木、圆片、小棒等课堂操作物表现数量、比较、合并或分组，画面简洁，便于后续叠加精确数量或标注。
hjb-primary-ds-v1-p2-108,P2,二年级上册,分类与整理,short-answer,Foundation,B_strong_recommended,recommended,P2,counting_manipulatives,counting-manipulatives,counters,true,not-generated,candidates/hjb-primary-ds-v1-p2-108.png,P1-P2 题目以具象数量、操作、分类、购物或生活场景为主；文字可作答，但插图能显著降低读题负担。,老师调查了同学们最喜欢的水果，结果如下：苹果：9人，香蕉：6人，草莓：12人，橘子：3人。请回答：最喜欢草莓的比最喜欢橘子的多几人？,用糖果、积木、圆片、小棒等课堂操作物表现数量、比较、合并或分组，画面简洁，便于后续叠加精确数量或标注。
hjb-primary-ds-v1-p2-111,P2,二年级上册,分类与整理,short-answer,Core,B_strong_recommended,recommended,P2,counting_manipulatives,counting-manipulatives,counters,true,not-generated,candidates/hjb-primary-ds-v1-p2-111.png,P1-P2 题目以具象数量、操作、分类、购物或生活场景为主；文字可作答，但插图能显著降低读题负担。,二（1）班同学最喜欢的水果调查结果如下：苹果有12人，香蕉有8人，草莓有15人，橘子有5人。请按照喜欢的人数从多到少排列这些水果，并写出排列顺序。,用糖果、积木、圆片、小棒等课堂操作物表现数量、比较、合并或分组，画面简洁，便于后续叠加精确数量或标注。
hjb-primary-ds-v1-p2-140,P2,二年级下册,表内除法,fill-in,Foundation,B_strong_recommended,recommended,P2,counting_manipulatives,counting-manipulatives,counters,true,not-generated,candidates/hjb-primary-ds-v1-p2-140.png,P1-P2 题目以具象数量、操作、分类、购物或生活场景为主；文字可作答，但插图能显著降低读题负担。,有18个苹果，每3个装一袋，可以装____袋。,用糖果、积木、圆片、小棒等课堂操作物表现数量、比较、合并或分组，画面简洁，便于后续叠加精确数量或标注。
hjb-primary-ds-v1-p2-146,P2,二年级下册,表内除法,fill-in,Foundation,B_strong_recommended,recommended,P2,counting_manipulatives,counting-manipulatives,counters,true,not-generated,candidates/hjb-primary-ds-v1-p2-146.png,P1-P2 题目以具象数量、操作、分类、购物或生活场景为主；文字可作答，但插图能显著降低读题负担。,把12个苹果平均分给4个小朋友，每个小朋友分到几个苹果？请写出除法算式。,用糖果、积木、圆片、小棒等课堂操作物表现数量、比较、合并或分组，画面简洁，便于后续叠加精确数量或标注。
hjb-primary-ds-v1-p2-152,P2,二年级下册,表内除法,fill-in,Foundation,B_strong_recommended,recommended,P2,counting_manipulatives,counting-manipulatives,counters,true,not-generated,candidates/hjb-primary-ds-v1-p2-152.png,P1-P2 题目以具象数量、操作、分类、购物或生活场景为主；文字可作答，但插图能显著降低读题负担。,有30颗糖果，每个小朋友分5颗，可以分给几个小朋友？ 除法算式：30 ÷ □ = □,用糖果、积木、圆片、小棒等课堂操作物表现数量、比较、合并或分组，画面简洁，便于后续叠加精确数量或标注。
hjb-primary-ds-v1-p2-236,P2,二年级下册,二年级下册数学广场与整理复习,fill-in,Foundation,B_strong_recommended,recommended,P2,counting_manipulatives,counting-manipulatives,counters,true,not-generated,candidates/hjb-primary-ds-v1-p2-236.png,P1-P2 题目以具象数量、操作、分类、购物或生活场景为主；文字可作答，但插图能显著降低读题负担。,小华在复习时看到一道题：把24个苹果平均分给6个小朋友，每个小朋友分到几个？他列式24÷6=4（个）。请你写出他用的数学模型名称。,用糖果、积木、圆片、小棒等课堂操作物表现数量、比较、合并或分组，画面简洁，便于后续叠加精确数量或标注。
hjb-primary-ds-v1-p2-249,P2,二年级下册,二年级下册数学广场与整理复习,multiple-choice,Foundation,B_strong_recommended,recommended,P2,counting_manipulatives,counting-manipulatives,counters,true,not-generated,candidates/hjb-primary-ds-v1-p2-249.png,P1-P2 题目以具象数量、操作、分类、购物或生活场景为主；文字可作答，但插图能显著降低读题负担。,小芳在复习时看到一道题：一盒巧克力有3层，每层8块，一共有多少块？她选了3+8=11。她选错模型的原因是什么？,用糖果、积木、圆片、小棒等课堂操作物表现数量、比较、合并或分组，画面简洁，便于后续叠加精确数量或标注。
hjb-primary-ds-v1-p3-022,P3,三年级上册（老课本暂用）,乘与除,multiple-choice,Foundation,B_strong_recommended,recommended,P2,counting_manipulatives,counting-manipulatives,counters,true,not-generated,candidates/hjb-primary-ds-v1-p3-022.png,P3-P4 单元涉及时间、测量、分数、几何、面积周长或统计等视觉模型；插图有助于形成正确表征。,小雅有12张贴纸，小明的贴纸张数是小雅的3倍。小明有多少张贴纸？,用糖果、积木、圆片、小棒等课堂操作物表现数量、比较、合并或分组，画面简洁，便于后续叠加精确数量或标注。
hjb-primary-ds-v1-p3-023,P3,三年级上册（老课本暂用）,乘与除,fill-in,Challenge,B_strong_recommended,recommended,P2,counting_manipulatives,counting-manipulatives,counters,true,not-generated,candidates/hjb-primary-ds-v1-p3-023.png,P3-P4 单元涉及时间、测量、分数、几何、面积周长或统计等视觉模型；插图有助于形成正确表征。,把47颗糖果平均分给5个小朋友，每人最多分到______颗，还剩______颗。,用糖果、积木、圆片、小棒等课堂操作物表现数量、比较、合并或分组，画面简洁，便于后续叠加精确数量或标注。
hjb-primary-ds-v1-p3-025,P3,三年级上册（老课本暂用）,乘与除,multiple-choice,Core,B_strong_recommended,recommended,P2,counting_manipulatives,counting-manipulatives,counters,true,not-generated,candidates/hjb-primary-ds-v1-p3-025.png,P3-P4 单元涉及时间、测量、分数、几何、面积周长或统计等视觉模型；插图有助于形成正确表征。,一盒巧克力有24块，每个小朋友分5块，最多可以分给几个小朋友？,用糖果、积木、圆片、小棒等课堂操作物表现数量、比较、合并或分组，画面简洁，便于后续叠加精确数量或标注。
hjb-primary-ds-v1-p3-026,P3,三年级上册（老课本暂用）,乘与除,fill-in,Foundation,B_strong_recommended,recommended,P2,counting_manipulatives,counting-manipulatives,counters,true,not-generated,candidates/hjb-primary-ds-v1-p3-026.png,P3-P4 单元涉及时间、测量、分数、几何、面积周长或统计等视觉模型；插图有助于形成正确表征。,把35支铅笔平均分给4个小朋友，每个小朋友分到______支，还剩______支。,用糖果、积木、圆片、小棒等课堂操作物表现数量、比较、合并或分组，画面简洁，便于后续叠加精确数量或标注。
hjb-primary-ds-v1-p3-030,P3,三年级上册（老课本暂用）,乘与除,short-answer,Foundation,B_strong_recommended,recommended,P2,counting_manipulatives,counting-manipulatives,counters,true,not-generated,candidates/hjb-primary-ds-v1-p3-030.png,P3-P4 单元涉及时间、测量、分数、几何、面积周长或统计等视觉模型；插图有助于形成正确表征。,小明有12张动物贴纸，小红的贴纸张数是小明的3倍。小红有多少张贴纸？请写出算式和答案。,用糖果、积木、圆片、小棒等课堂操作物表现数量、比较、合并或分组，画面简洁，便于后续叠加精确数量或标注。
hjb-primary-ds-v1-p3-034,P3,三年级上册（老课本暂用）,乘与除,multiple-choice,Foundation,B_strong_recommended,recommended,P2,counting_manipulatives,counting-manipulatives,counters,true,not-generated,candidates/hjb-primary-ds-v1-p3-034.png,P3-P4 单元涉及时间、测量、分数、几何、面积周长或统计等视觉模型；插图有助于形成正确表征。,小杰有 24 块积木，小雅的积木数量是小杰的 3 倍。小雅有多少块积木？,用糖果、积木、圆片、小棒等课堂操作物表现数量、比较、合并或分组，画面简洁，便于后续叠加精确数量或标注。
hjb-primary-ds-v1-p3-037,P3,三年级上册（老课本暂用）,乘与除,multiple-choice,Core,B_strong_recommended,recommended,P2,counting_manipulatives,counting-manipulatives,counters,true,not-generated,candidates/hjb-primary-ds-v1-p3-037.png,P3-P4 单元涉及时间、测量、分数、几何、面积周长或统计等视觉模型；插图有助于形成正确表征。,小雅有36张贴纸，小轩的贴纸数量是小雅的3倍。小轩有多少张贴纸？正确的算式是哪一个？,用糖果、积木、圆片、小棒等课堂操作物表现数量、比较、合并或分组，画面简洁，便于后续叠加精确数量或标注。
hjb-primary-ds-v1-p3-038,P3,三年级上册（老课本暂用）,乘与除,fill-in,Foundation,B_strong_recommended,recommended,P2,counting_manipulatives,counting-manipulatives,counters,true,not-generated,candidates/hjb-primary-ds-v1-p3-038.png,P3-P4 单元涉及时间、测量、分数、几何、面积周长或统计等视觉模型；插图有助于形成正确表征。,把45颗糖果平均分给6个小朋友，每人分到____颗，还剩____颗。,用糖果、积木、圆片、小棒等课堂操作物表现数量、比较、合并或分组，画面简洁，便于后续叠加精确数量或标注。
hjb-primary-ds-v1-p3-040,P3,三年级上册（老课本暂用）,乘与除,multiple-choice,Exam,B_strong_recommended,recommended,P2,counting_manipulatives,counting-manipulatives,counters,true,not-generated,candidates/hjb-primary-ds-v1-p3-040.png,P3-P4 单元涉及时间、测量、分数、几何、面积周长或统计等视觉模型；插图有助于形成正确表征。,老师把一些铅笔分给小朋友，每人分4支，正好分完；如果每人分6支，也正好分完。铅笔的数量可能是多少支？,用糖果、积木、圆片、小棒等课堂操作物表现数量、比较、合并或分组，画面简洁，便于后续叠加精确数量或标注。
hjb-primary-ds-v1-p3-114,P3,三年级上册（老课本暂用）,分数的初步认识,short-answer,Challenge,B_strong_recommended,recommended,P2,counting_manipulatives,counting-manipulatives,counters,true,not-generated,candidates/hjb-primary-ds-v1-p3-114.png,P3-P4 单元涉及时间、测量、分数、几何、面积周长或统计等视觉模型；插图有助于形成正确表征。,小明有一盒巧克力，共12颗。他打算把其中的四分之三送给好朋友。他需要送出多少颗巧克力？,用糖果、积木、圆片、小棒等课堂操作物表现数量、比较、合并或分组，画面简洁，便于后续叠加精确数量或标注。
hjb-primary-ds-v1-p3-176,P3,三年级下册,小数的初步认识,fill-in,Foundation,B_strong_recommended,recommended,P2,counting_manipulatives,counting-manipulatives,counters,true,not-generated,candidates/hjb-primary-ds-v1-p3-176.png,P3-P4 单元涉及时间、测量、分数、几何、面积周长或统计等视觉模型；插图有助于形成正确表征。,一支铅笔的长度是0.15米。0.15读作（ ），它表示（ ）个0.01。,用糖果、积木、圆片、小棒等课堂操作物表现数量、比较、合并或分组，画面简洁，便于后续叠加精确数量或标注。
hjb-primary-ds-v1-p3-182,P3,三年级下册,小数的初步认识,fill-in,Foundation,B_strong_recommended,recommended,P2,counting_manipulatives,counting-manipulatives,counters,true,not-generated,candidates/hjb-primary-ds-v1-p3-182.png,P3-P4 单元涉及时间、测量、分数、几何、面积周长或统计等视觉模型；插图有助于形成正确表征。,一支铅笔的长度是0.15米。0.15读作：________。,用糖果、积木、圆片、小棒等课堂操作物表现数量、比较、合并或分组，画面简洁，便于后续叠加精确数量或标注。
hjb-primary-ds-v1-p3-216,P3,三年级下册,数据整理与统计表达,fill-in,Foundation,B_strong_recommended,recommended,P2,counting_manipulatives,counting-manipulatives,counters,true,not-generated,candidates/hjb-primary-ds-v1-p3-216.png,P3-P4 单元涉及时间、测量、分数、几何、面积周长或统计等视觉模型；插图有助于形成正确表征。,三（1）班同学最喜欢的水果情况如下：苹果8人，香蕉12人，橘子5人，葡萄10人。请完成统计表。 | 水果 | 苹果 | 香蕉 | 橘子 | 葡萄 | |------|------|------|------|------| | 人数 | | | | | 根据统计表，喜欢（ ）的人数最多，喜欢（ ）的人数最少。,用糖果、积木、圆片、小棒等课堂操作物表现数量、比较、合并或分组，画面简洁，便于后续叠加精确数量或标注。
hjb-primary-ds-v1-p3-226,P3,三年级下册,数据整理与统计表达,fill-in,Foundation,B_strong_recommended,recommended,P2,counting_manipulatives,counting-manipulatives,counters,true,not-generated,candidates/hjb-primary-ds-v1-p3-226.png,P3-P4 单元涉及时间、测量、分数、几何、面积周长或统计等视觉模型；插图有助于形成正确表征。,三（1）班同学最喜欢的水果调查结果如下：苹果8人，香蕉12人，橘子5人，葡萄10人。请根据数据填空：最喜欢（ ）的人数最多，有（ ）人。,用糖果、积木、圆片、小棒等课堂操作物表现数量、比较、合并或分组，画面简洁，便于后续叠加精确数量或标注。
hjb-primary-ds-v1-p4-059,P4,四年级上册,分数的初步认识（二）,fill-in,Foundation,B_strong_recommended,recommended,P2,counting_manipulatives,counting-manipulatives,counters,true,not-generated,candidates/hjb-primary-ds-v1-p4-059.png,P3-P4 单元涉及时间、测量、分数、几何、面积周长或统计等视觉模型；插图有助于形成正确表征。,一盒巧克力有12颗，小丽吃了这盒巧克力的1/4，小刚吃了这盒巧克力的1/3。谁吃得多？,用糖果、积木、圆片、小棒等课堂操作物表现数量、比较、合并或分组，画面简洁，便于后续叠加精确数量或标注。
hjb-primary-ds-v1-p4-061,P4,四年级上册,分数的初步认识（二）,multiple-choice,Core,B_strong_recommended,recommended,P2,counting_manipulatives,counting-manipulatives,counters,true,not-generated,candidates/hjb-primary-ds-v1-p4-061.png,P3-P4 单元涉及时间、测量、分数、几何、面积周长或统计等视觉模型；插图有助于形成正确表征。,小杰和小美各有一块同样大小的长方形巧克力。小杰把巧克力平均分成8块，吃了其中的3块；小美把巧克力平均分成4块，吃了其中的1块。谁吃的巧克力多？,用糖果、积木、圆片、小棒等课堂操作物表现数量、比较、合并或分组，画面简洁，便于后续叠加精确数量或标注。
hjb-primary-ds-v1-p4-067,P4,四年级上册,分数的初步认识（二）,multiple-choice,Core,B_strong_recommended,recommended,P2,counting_manipulatives,counting-manipulatives,counters,true,not-generated,candidates/hjb-primary-ds-v1-p4-067.png,P3-P4 单元涉及时间、测量、分数、几何、面积周长或统计等视觉模型；插图有助于形成正确表征。,小明和小红各有一块同样大小的巧克力。小明吃了自己巧克力的3/8，小红吃了自己巧克力的5/12。谁吃的巧克力更多？,用糖果、积木、圆片、小棒等课堂操作物表现数量、比较、合并或分组，画面简洁，便于后续叠加精确数量或标注。
hjb-primary-ds-v1-p1-005,P1,一年级上册,我是小学生与数学学习习惯,fill-in,Foundation,B_strong_recommended,recommended,P2,solid_shapes_blocks,solid-shapes-blocks,solid,false,not-generated,candidates/hjb-primary-ds-v1-p1-005.png,P1-P2 题目以具象数量、操作、分类、购物或生活场景为主；文字可作答，但插图能显著降低读题负担。,游戏规则：老师说“请你拿出比3多2的积木块数”。你应该拿出______块积木。,表现正方体、长方体、圆柱、圆锥、球或积木搭建场景，突出形体特征和空间关系。
hjb-primary-ds-v1-p1-014,P1,一年级上册,我是小学生与数学学习习惯,fill-in,Core,B_strong_recommended,recommended,P2,solid_shapes_blocks,solid-shapes-blocks,solid,false,not-generated,candidates/hjb-primary-ds-v1-p1-014.png,P1-P2 题目以具象数量、操作、分类、购物或生活场景为主；文字可作答，但插图能显著降低读题负担。,老师拿出一些积木，说：“请小朋友观察这些积木，然后告诉老师你看到了什么，再说一个数学发现。”小芳说：“我看到有正方体积木和长方体积木。我发现正方体有6个一样的面。”请你像小芳一样，先观察，再填空：我看到有____和____，我发现____。,表现正方体、长方体、圆柱、圆锥、球或积木搭建场景，突出形体特征和空间关系。
hjb-primary-ds-v1-p1-039,P1,一年级上册,认识立体图形,short-answer,Foundation,B_strong_recommended,recommended,P2,solid_shapes_blocks,solid-shapes-blocks,solid,false,not-generated,candidates/hjb-primary-ds-v1-p1-039.png,P1-P2 题目以具象数量、操作、分类、购物或生活场景为主；文字可作答，但插图能显著降低读题负担。,小明有一些立体图形：一个长方体盒子，一个正方体积木，一个圆柱形水杯，一个皮球。他想把这些图形分成两类，可以怎么分？写出你的分类方法和每一类里有什么。,表现正方体、长方体、圆柱、圆锥、球或积木搭建场景，突出形体特征和空间关系。
hjb-primary-ds-v1-p1-099,P1,一年级上册,一年级上册整理与复习,short-answer,Core,B_strong_recommended,recommended,P2,solid_shapes_blocks,solid-shapes-blocks,solid,false,not-generated,candidates/hjb-primary-ds-v1-p1-099.png,P1-P2 题目以具象数量、操作、分类、购物或生活场景为主；文字可作答，但插图能显著降低读题负担。,小美在整理数学知识时，把“长方体”和“正方体”归为一类，把“球”和“圆柱”归为另一类。她这样分的理由是什么？请用一句话写出来。,表现正方体、长方体、圆柱、圆锥、球或积木搭建场景，突出形体特征和空间关系。
hjb-primary-ds-v1-p1-101,P1,一年级上册,一年级上册整理与复习,fill-in,Core,B_strong_recommended,recommended,P2,solid_shapes_blocks,solid-shapes-blocks,solid,false,not-generated,candidates/hjb-primary-ds-v1-p1-101.png,P1-P2 题目以具象数量、操作、分类、购物或生活场景为主；文字可作答，但插图能显著降低读题负担。,小乐在整理数学知识。他把学过的立体图形分成了两类：第一类有长方体、正方体；第二类有圆柱、球。他这样分的理由是什么？请填一填：第一类图形都有平平的（ ），第二类图形都有弯弯的（ ）。,表现正方体、长方体、圆柱、圆锥、球或积木搭建场景，突出形体特征和空间关系。
hjb-primary-ds-v1-p1-105,P1,一年级上册,一年级上册整理与复习,short-answer,Core,B_strong_recommended,recommended,P2,solid_shapes_blocks,solid-shapes-blocks,solid,false,not-generated,candidates/hjb-primary-ds-v1-p1-105.png,P1-P2 题目以具象数量、操作、分类、购物或生活场景为主；文字可作答，但插图能显著降低读题负担。,桌上有一些积木，其中长方体有4块，正方体比长方体多3块，圆柱比正方体少2块。圆柱有多少块？请写出算式和答案。,表现正方体、长方体、圆柱、圆锥、球或积木搭建场景，突出形体特征和空间关系。
hjb-primary-ds-v1-p1-107,P1,一年级上册,一年级上册整理与复习,fill-in,Core,B_strong_recommended,recommended,P2,solid_shapes_blocks,solid-shapes-blocks,solid,false,not-generated,candidates/hjb-primary-ds-v1-p1-107.png,P1-P2 题目以具象数量、操作、分类、购物或生活场景为主；文字可作答，但插图能显著降低读题负担。,小明说：“长方体有6个面，每个面都是长方形。”这句话对吗？如果不对，请写出正确的说法。,表现正方体、长方体、圆柱、圆锥、球或积木搭建场景，突出形体特征和空间关系。
hjb-primary-ds-v1-p1-114,P1,一年级上册,一年级上册整理与复习,short-answer,Foundation,B_strong_recommended,recommended,P2,solid_shapes_blocks,solid-shapes-blocks,solid,false,not-generated,candidates/hjb-primary-ds-v1-p1-114.png,P1-P2 题目以具象数量、操作、分类、购物或生活场景为主；文字可作答，但插图能显著降低读题负担。,小芳说：“我整理了立体图形，发现球和圆柱都可以滚动。”你觉得她说得对吗？为什么？,表现正方体、长方体、圆柱、圆锥、球或积木搭建场景，突出形体特征和空间关系。
hjb-primary-ds-v1-p2-112,P2,二年级上册,分类与整理,multiple-choice,Foundation,B_strong_recommended,recommended,P2,solid_shapes_blocks,solid-shapes-blocks,solid,false,not-generated,candidates/hjb-primary-ds-v1-p2-112.png,P1-P2 题目以具象数量、操作、分类、购物或生活场景为主；文字可作答，但插图能显著降低读题负担。,二（1）班同学在活动课上选择自己喜欢的球类运动，每人只选一种。老师把结果整理成下表： | 球类运动 | 人数 | |----------|------| | 篮球 | 8 | | 足球 | 12 | | 乒乓球 | 10 | | 羽毛球 | 6 | 老师是按照什么标准来分类的？,表现正方体、长方体、圆柱、圆锥、球或积木搭建场景，突出形体特征和空间关系。
hjb-primary-ds-v1-p5-189,P5,五年级下册,长方体、正方体与体积,multiple-choice,Core,B_strong_recommended,recommended,P2,solid_shapes_blocks,solid-shapes-blocks,solid,false,not-generated,candidates/hjb-primary-ds-v1-p5-189.png,P5-P6 题目包含几何/统计/体积等视觉对象；配图可提升建模、空间想象和后续 GPT Image2 生成复用价值。,一个长方体形状的鱼缸，从里面量长 60 厘米、宽 30 厘米、高 40 厘米。现在鱼缸里装有 54 升水，水面离鱼缸口还有多少厘米？,表现正方体、长方体、圆柱、圆锥、球或积木搭建场景，突出形体特征和空间关系。
hjb-primary-ds-v1-p5-190,P5,五年级下册,长方体、正方体与体积,fill-in,Core,B_strong_recommended,recommended,P2,solid_shapes_blocks,solid-shapes-blocks,solid,false,not-generated,candidates/hjb-primary-ds-v1-p5-190.png,P5-P6 题目包含几何/统计/体积等视觉对象；配图可提升建模、空间想象和后续 GPT Image2 生成复用价值。,一个长方体纸盒，长8厘米，宽5厘米，高4厘米。它的体积是多少立方厘米？,表现正方体、长方体、圆柱、圆锥、球或积木搭建场景，突出形体特征和空间关系。
hjb-primary-ds-v1-p5-191,P5,五年级下册,长方体、正方体与体积,multiple-choice,Core,B_strong_recommended,recommended,P2,solid_shapes_blocks,solid-shapes-blocks,solid,false,not-generated,candidates/hjb-primary-ds-v1-p5-191.png,P5-P6 题目包含几何/统计/体积等视觉对象；配图可提升建模、空间想象和后续 GPT Image2 生成复用价值。,一个长方体纸盒，长8厘米，宽5厘米，高4厘米。把它的表面全部贴上彩纸，至少需要多少平方厘米的彩纸？,表现正方体、长方体、圆柱、圆锥、球或积木搭建场景，突出形体特征和空间关系。
hjb-primary-ds-v1-p5-192,P5,五年级下册,长方体、正方体与体积,fill-in,Core,B_strong_recommended,recommended,P2,solid_shapes_blocks,solid-shapes-blocks,solid,false,not-generated,candidates/hjb-primary-ds-v1-p5-192.png,P5-P6 题目包含几何/统计/体积等视觉对象；配图可提升建模、空间想象和后续 GPT Image2 生成复用价值。,一个正方体的棱长总和是60厘米，它的体积是______立方厘米。,表现正方体、长方体、圆柱、圆锥、球或积木搭建场景，突出形体特征和空间关系。
hjb-primary-ds-v1-p5-194,P5,五年级下册,长方体、正方体与体积,fill-in,Core,B_strong_recommended,recommended,P2,solid_shapes_blocks,solid-shapes-blocks,solid,false,not-generated,candidates/hjb-primary-ds-v1-p5-194.png,P5-P6 题目包含几何/统计/体积等视觉对象；配图可提升建模、空间想象和后续 GPT Image2 生成复用价值。,一个长方体水箱，从里面量长10分米，宽6分米，高5分米。水箱内水深4分米，水箱内的水有______升。,表现正方体、长方体、圆柱、圆锥、球或积木搭建场景，突出形体特征和空间关系。
hjb-primary-ds-v1-p5-195,P5,五年级下册,长方体、正方体与体积,multiple-choice,Core,B_strong_recommended,recommended,P2,solid_shapes_blocks,solid-shapes-blocks,solid,false,not-generated,candidates/hjb-primary-ds-v1-p5-195.png,P5-P6 题目包含几何/统计/体积等视觉对象；配图可提升建模、空间想象和后续 GPT Image2 生成复用价值。,一个正方体的棱长扩大到原来的2倍，它的体积扩大到原来的多少倍？,表现正方体、长方体、圆柱、圆锥、球或积木搭建场景，突出形体特征和空间关系。
hjb-primary-ds-v1-p5-196,P5,五年级下册,长方体、正方体与体积,fill-in,Core,B_strong_recommended,recommended,P2,solid_shapes_blocks,solid-shapes-blocks,solid,false,not-generated,candidates/hjb-primary-ds-v1-p5-196.png,P5-P6 题目包含几何/统计/体积等视觉对象；配图可提升建模、空间想象和后续 GPT Image2 生成复用价值。,一个长方体鱼缸，从里面量长8分米、宽5分米、高6分米。鱼缸中装有水，水深4分米。鱼缸内水的体积是多少立方分米？,表现正方体、长方体、圆柱、圆锥、球或积木搭建场景，突出形体特征和空间关系。
hjb-primary-ds-v1-p5-197,P5,五年级下册,长方体、正方体与体积,multiple-choice,Core,B_strong_recommended,recommended,P2,solid_shapes_blocks,solid-shapes-blocks,solid,false,not-generated,candidates/hjb-primary-ds-v1-p5-197.png,P5-P6 题目包含几何/统计/体积等视觉对象；配图可提升建模、空间想象和后续 GPT Image2 生成复用价值。,一个正方体的棱长总和是60厘米，它的表面积是多少平方厘米？,表现正方体、长方体、圆柱、圆锥、球或积木搭建场景，突出形体特征和空间关系。
hjb-primary-ds-v1-p5-199,P5,五年级下册,长方体、正方体与体积,multiple-choice,Core,B_strong_recommended,recommended,P2,solid_shapes_blocks,solid-shapes-blocks,solid,false,not-generated,candidates/hjb-primary-ds-v1-p5-199.png,P5-P6 题目包含几何/统计/体积等视觉对象；配图可提升建模、空间想象和后续 GPT Image2 生成复用价值。,一个长方体纸盒，长10厘米、宽8厘米、高6厘米。如果把它放在桌面上，占地面积最小是多少平方厘米？,表现正方体、长方体、圆柱、圆锥、球或积木搭建场景，突出形体特征和空间关系。
hjb-primary-ds-v1-p5-200,P5,五年级下册,长方体、正方体与体积,fill-in,Core,B_strong_recommended,recommended,P2,solid_shapes_blocks,solid-shapes-blocks,solid,false,not-generated,candidates/hjb-primary-ds-v1-p5-200.png,P5-P6 题目包含几何/统计/体积等视觉对象；配图可提升建模、空间想象和后续 GPT Image2 生成复用价值。,一个正方体的表面积是96平方厘米，它的体积是多少立方厘米？,表现正方体、长方体、圆柱、圆锥、球或积木搭建场景，突出形体特征和空间关系。
hjb-primary-ds-v1-p5-201,P5,五年级下册,长方体、正方体与体积,multiple-choice,Core,B_strong_recommended,recommended,P2,solid_shapes_blocks,solid-shapes-blocks,solid,false,not-generated,candidates/hjb-primary-ds-v1-p5-201.png,P5-P6 题目包含几何/统计/体积等视觉对象；配图可提升建模、空间想象和后续 GPT Image2 生成复用价值。,一个长方体水箱，从里面量长8分米、宽5分米、高6分米。水箱内壁四周和底面贴上防水膜，贴防水膜的面积是多少平方分米？,表现正方体、长方体、圆柱、圆锥、球或积木搭建场景，突出形体特征和空间关系。
hjb-primary-ds-v1-p5-202,P5,五年级下册,长方体、正方体与体积,fill-in,Core,B_strong_recommended,recommended,P2,solid_shapes_blocks,solid-shapes-blocks,solid,false,not-generated,candidates/hjb-primary-ds-v1-p5-202.png,P5-P6 题目包含几何/统计/体积等视觉对象；配图可提升建模、空间想象和后续 GPT Image2 生成复用价值。,用棱长1厘米的小正方体搭成一个长4厘米、宽3厘米、高2厘米的长方体。一共用了______块小正方体。,表现正方体、长方体、圆柱、圆锥、球或积木搭建场景，突出形体特征和空间关系。
hjb-primary-ds-v1-p5-203,P5,五年级下册,长方体、正方体与体积,multiple-choice,Core,B_strong_recommended,recommended,P2,solid_shapes_blocks,solid-shapes-blocks,solid,false,not-generated,candidates/hjb-primary-ds-v1-p5-203.png,P5-P6 题目包含几何/统计/体积等视觉对象；配图可提升建模、空间想象和后续 GPT Image2 生成复用价值。,一个正方体的棱长总和是48厘米，它的表面积是多少平方厘米？,表现正方体、长方体、圆柱、圆锥、球或积木搭建场景，突出形体特征和空间关系。
hjb-primary-ds-v1-p5-204,P5,五年级下册,长方体、正方体与体积,fill-in,Core,B_strong_recommended,recommended,P2,solid_shapes_blocks,solid-shapes-blocks,solid,false,not-generated,candidates/hjb-primary-ds-v1-p5-204.png,P5-P6 题目包含几何/统计/体积等视觉对象；配图可提升建模、空间想象和后续 GPT Image2 生成复用价值。,一个正方体的表面积是150平方厘米，它的体积是______立方厘米。,表现正方体、长方体、圆柱、圆锥、球或积木搭建场景，突出形体特征和空间关系。
hjb-primary-ds-v1-p5-205,P5,五年级下册,长方体、正方体与体积,multiple-choice,Core,B_strong_recommended,recommended,P2,solid_shapes_blocks,solid-shapes-blocks,solid,false,not-generated,candidates/hjb-primary-ds-v1-p5-205.png,P5-P6 题目包含几何/统计/体积等视觉对象；配图可提升建模、空间想象和后续 GPT Image2 生成复用价值。,一个长方体木块，长10厘米、宽8厘米、高6厘米。把它切成棱长2厘米的小正方体，最多可以切成多少个？,表现正方体、长方体、圆柱、圆锥、球或积木搭建场景，突出形体特征和空间关系。
hjb-primary-ds-v1-p5-206,P5,五年级下册,长方体、正方体与体积,fill-in,Core,B_strong_recommended,recommended,P2,solid_shapes_blocks,solid-shapes-blocks,solid,false,not-generated,candidates/hjb-primary-ds-v1-p5-206.png,P5-P6 题目包含几何/统计/体积等视觉对象；配图可提升建模、空间想象和后续 GPT Image2 生成复用价值。,一个长方体木块，长8厘米，宽5厘米，高4厘米。把它切成棱长1厘米的小正方体，一共可以切成多少个？,表现正方体、长方体、圆柱、圆锥、球或积木搭建场景，突出形体特征和空间关系。
hjb-primary-ds-v1-p5-207,P5,五年级下册,长方体、正方体与体积,multiple-choice,Core,B_strong_recommended,recommended,P2,solid_shapes_blocks,solid-shapes-blocks,solid,false,not-generated,candidates/hjb-primary-ds-v1-p5-207.png,P5-P6 题目包含几何/统计/体积等视觉对象；配图可提升建模、空间想象和后续 GPT Image2 生成复用价值。,一个正方体的棱长是6厘米，它的表面积是多少平方厘米？,表现正方体、长方体、圆柱、圆锥、球或积木搭建场景，突出形体特征和空间关系。
hjb-primary-ds-v1-p5-208,P5,五年级下册,长方体、正方体与体积,fill-in,Core,B_strong_recommended,recommended,P2,solid_shapes_blocks,solid-shapes-blocks,solid,false,not-generated,candidates/hjb-primary-ds-v1-p5-208.png,P5-P6 题目包含几何/统计/体积等视觉对象；配图可提升建模、空间想象和后续 GPT Image2 生成复用价值。,一个长方体，长10厘米，宽6厘米，高4厘米。它的体积是多少立方厘米？,表现正方体、长方体、圆柱、圆锥、球或积木搭建场景，突出形体特征和空间关系。
hjb-primary-ds-v1-p5-209,P5,五年级下册,长方体、正方体与体积,multiple-choice,Core,B_strong_recommended,recommended,P2,solid_shapes_blocks,solid-shapes-blocks,solid,false,not-generated,candidates/hjb-primary-ds-v1-p5-209.png,P5-P6 题目包含几何/统计/体积等视觉对象；配图可提升建模、空间想象和后续 GPT Image2 生成复用价值。,用棱长1厘米的小正方体搭成一个长方体，长5厘米，宽3厘米，高2厘米。搭成这个长方体需要多少个小正方体？,表现正方体、长方体、圆柱、圆锥、球或积木搭建场景，突出形体特征和空间关系。
hjb-primary-ds-v1-p5-210,P5,五年级下册,长方体、正方体与体积,fill-in,Core,B_strong_recommended,recommended,P2,solid_shapes_blocks,solid-shapes-blocks,solid,false,not-generated,candidates/hjb-primary-ds-v1-p5-210.png,P5-P6 题目包含几何/统计/体积等视觉对象；配图可提升建模、空间想象和后续 GPT Image2 生成复用价值。,一个正方体的棱长总和是48厘米，它的体积是多少立方厘米？,表现正方体、长方体、圆柱、圆锥、球或积木搭建场景，突出形体特征和空间关系。
hjb-primary-ds-v1-p5-211,P5,五年级下册,长方体、正方体与体积,multiple-choice,Core,B_strong_recommended,recommended,P2,solid_shapes_blocks,solid-shapes-blocks,solid,false,not-generated,candidates/hjb-primary-ds-v1-p5-211.png,P5-P6 题目包含几何/统计/体积等视觉对象；配图可提升建模、空间想象和后续 GPT Image2 生成复用价值。,一个长方体木块，长8厘米、宽5厘米、高4厘米。把它切成棱长为1厘米的小正方体，一共可以切成多少块？,表现正方体、长方体、圆柱、圆锥、球或积木搭建场景，突出形体特征和空间关系。
hjb-primary-ds-v1-p5-212,P5,五年级下册,长方体、正方体与体积,fill-in,Core,B_strong_recommended,recommended,P2,solid_shapes_blocks,solid-shapes-blocks,solid,false,not-generated,candidates/hjb-primary-ds-v1-p5-212.png,P5-P6 题目包含几何/统计/体积等视觉对象；配图可提升建模、空间想象和后续 GPT Image2 生成复用价值。,一个正方体的棱长总和是60厘米，它的表面积是______平方厘米。,表现正方体、长方体、圆柱、圆锥、球或积木搭建场景，突出形体特征和空间关系。
hjb-primary-ds-v1-p5-213,P5,五年级下册,长方体、正方体与体积,multiple-choice,Core,B_strong_recommended,recommended,P2,solid_shapes_blocks,solid-shapes-blocks,solid,false,not-generated,candidates/hjb-primary-ds-v1-p5-213.png,P5-P6 题目包含几何/统计/体积等视觉对象；配图可提升建模、空间想象和后续 GPT Image2 生成复用价值。,一个长方体金鱼缸，从里面量长6分米、宽4分米、高5分米。倒入96升水后，水面离缸口还有多少分米？,表现正方体、长方体、圆柱、圆锥、球或积木搭建场景，突出形体特征和空间关系。
hjb-primary-ds-v1-p5-214,P5,五年级下册,长方体、正方体与体积,fill-in,Core,B_strong_recommended,recommended,P2,solid_shapes_blocks,solid-shapes-blocks,solid,false,not-generated,candidates/hjb-primary-ds-v1-p5-214.png,P5-P6 题目包含几何/统计/体积等视觉对象；配图可提升建模、空间想象和后续 GPT Image2 生成复用价值。,用一根长96厘米的铁丝焊接成一个正方体框架，这个正方体的体积是______立方厘米。,表现正方体、长方体、圆柱、圆锥、球或积木搭建场景，突出形体特征和空间关系。
hjb-primary-ds-v1-p5-215,P5,五年级下册,长方体、正方体与体积,multiple-choice,Core,B_strong_recommended,recommended,P2,solid_shapes_blocks,solid-shapes-blocks,solid,false,not-generated,candidates/hjb-primary-ds-v1-p5-215.png,P5-P6 题目包含几何/统计/体积等视觉对象；配图可提升建模、空间想象和后续 GPT Image2 生成复用价值。,一个长方体，如果高增加2厘米，就变成一个正方体，且表面积增加56平方厘米。原来长方体的体积是多少立方厘米？,表现正方体、长方体、圆柱、圆锥、球或积木搭建场景，突出形体特征和空间关系。
hjb-primary-ds-v1-p5-216,P5,五年级下册,长方体、正方体与体积,fill-in,Core,B_strong_recommended,recommended,P2,solid_shapes_blocks,solid-shapes-blocks,solid,false,not-generated,candidates/hjb-primary-ds-v1-p5-216.png,P5-P6 题目包含几何/统计/体积等视觉对象；配图可提升建模、空间想象和后续 GPT Image2 生成复用价值。,一个长方体玻璃鱼缸，从里面量长6分米、宽4分米、高5分米。鱼缸里装有水，水深3分米。把一块假山石完全浸入水中后，水面上升到4.2分米。这块假山石的体积是多少立方分米？,表现正方体、长方体、圆柱、圆锥、球或积木搭建场景，突出形体特征和空间关系。
hjb-primary-ds-v1-p5-217,P5,五年级下册,长方体、正方体与体积,multiple-choice,Core,B_strong_recommended,recommended,P2,solid_shapes_blocks,solid-shapes-blocks,solid,false,not-generated,candidates/hjb-primary-ds-v1-p5-217.png,P5-P6 题目包含几何/统计/体积等视觉对象；配图可提升建模、空间想象和后续 GPT Image2 生成复用价值。,一个正方体的棱长总和是72厘米，它的表面积是多少平方厘米？,表现正方体、长方体、圆柱、圆锥、球或积木搭建场景，突出形体特征和空间关系。
hjb-primary-ds-v1-p5-218,P5,五年级下册,长方体、正方体与体积,fill-in,Core,B_strong_recommended,recommended,P2,solid_shapes_blocks,solid-shapes-blocks,solid,false,not-generated,candidates/hjb-primary-ds-v1-p5-218.png,P5-P6 题目包含几何/统计/体积等视觉对象；配图可提升建模、空间想象和后续 GPT Image2 生成复用价值。,一个长方体纸箱，长8分米、宽5分米、高4分米。制作这个纸箱至少需要多少平方分米的硬纸板？（接口处忽略不计）,表现正方体、长方体、圆柱、圆锥、球或积木搭建场景，突出形体特征和空间关系。
hjb-primary-ds-v1-p6-128,P6,六年级下册,圆柱与圆锥,fill-in,Challenge,B_strong_recommended,recommended,P2,solid_shapes_blocks,solid-shapes-blocks,solid,false,not-generated,candidates/hjb-primary-ds-v1-p6-128.png,P5-P6 题目包含几何/统计/体积等视觉对象；配图可提升建模、空间想象和后续 GPT Image2 生成复用价值。,一个圆锥形沙堆，底面周长是12.56米，高是1.5米。如果每立方米沙重1.7吨，这堆沙大约重多少吨？（得数保留整数）,表现正方体、长方体、圆柱、圆锥、球或积木搭建场景，突出形体特征和空间关系。
hjb-primary-ds-v1-p6-129,P6,六年级下册,圆柱与圆锥,short-answer,Core,B_strong_recommended,recommended,P2,solid_shapes_blocks,solid-shapes-blocks,solid,false,not-generated,candidates/hjb-primary-ds-v1-p6-129.png,P5-P6 题目包含几何/统计/体积等视觉对象；配图可提升建模、空间想象和后续 GPT Image2 生成复用价值。,一个圆柱形橡皮泥，底面积是15平方厘米，高是6厘米。如果把它捏成等底的圆锥，圆锥的高是多少厘米？,表现正方体、长方体、圆柱、圆锥、球或积木搭建场景，突出形体特征和空间关系。
hjb-primary-ds-v1-p6-132,P6,六年级下册,圆柱与圆锥,short-answer,Core,B_strong_recommended,recommended,P2,solid_shapes_blocks,solid-shapes-blocks,solid,false,not-generated,candidates/hjb-primary-ds-v1-p6-132.png,P5-P6 题目包含几何/统计/体积等视觉对象；配图可提升建模、空间想象和后续 GPT Image2 生成复用价值。,一个圆锥形沙堆，底面周长是12.56米，高是1.5米。如果每立方米沙子重1.7吨，这堆沙子大约重多少吨？（得数保留整数）,表现正方体、长方体、圆柱、圆锥、球或积木搭建场景，突出形体特征和空间关系。
hjb-primary-ds-v1-p6-134,P6,六年级下册,圆柱与圆锥,fill-in,Challenge,B_strong_recommended,recommended,P2,solid_shapes_blocks,solid-shapes-blocks,solid,false,not-generated,candidates/hjb-primary-ds-v1-p6-134.png,P5-P6 题目包含几何/统计/体积等视觉对象；配图可提升建模、空间想象和后续 GPT Image2 生成复用价值。,把一个棱长是6厘米的正方体木块削成一个最大的圆锥，圆锥的体积是（ ）立方厘米。（π取3.14）,表现正方体、长方体、圆柱、圆锥、球或积木搭建场景，突出形体特征和空间关系。
hjb-primary-ds-v1-p6-137,P6,六年级下册,圆柱与圆锥,fill-in,Challenge,B_strong_recommended,recommended,P2,solid_shapes_blocks,solid-shapes-blocks,solid,false,not-generated,candidates/hjb-primary-ds-v1-p6-137.png,P5-P6 题目包含几何/统计/体积等视觉对象；配图可提升建模、空间想象和后续 GPT Image2 生成复用价值。,一个圆锥形沙堆，底面周长是12.56米，高是1.5米。如果每立方米沙重1.7吨，这堆沙大约重多少吨？（得数保留一位小数）,表现正方体、长方体、圆柱、圆锥、球或积木搭建场景，突出形体特征和空间关系。
hjb-primary-ds-v1-p6-139,P6,六年级下册,圆柱与圆锥,multiple-choice,Foundation,B_strong_recommended,recommended,P2,solid_shapes_blocks,solid-shapes-blocks,solid,false,not-generated,candidates/hjb-primary-ds-v1-p6-139.png,P5-P6 题目包含几何/统计/体积等视觉对象；配图可提升建模、空间想象和后续 GPT Image2 生成复用价值。,等底等高的圆柱和圆锥，它们的体积之和是48立方分米。圆柱的体积是多少立方分米？,表现正方体、长方体、圆柱、圆锥、球或积木搭建场景，突出形体特征和空间关系。
hjb-primary-ds-v1-p6-140,P6,六年级下册,圆柱与圆锥,fill-in,Challenge,B_strong_recommended,recommended,P2,solid_shapes_blocks,solid-shapes-blocks,solid,false,not-generated,candidates/hjb-primary-ds-v1-p6-140.png,P5-P6 题目包含几何/统计/体积等视觉对象；配图可提升建模、空间想象和后续 GPT Image2 生成复用价值。,把一根长2米的圆柱形木料截成3段，表面积增加了25.12平方分米。原来这根木料的体积是多少立方分米？,表现正方体、长方体、圆柱、圆锥、球或积木搭建场景，突出形体特征和空间关系。
hjb-primary-ds-v1-p6-234,P6,六年级下册,长方体,fill-in,Core,B_strong_recommended,recommended,P2,solid_shapes_blocks,solid-shapes-blocks,solid,false,not-generated,candidates/hjb-primary-ds-v1-p6-234.png,P5-P6 题目包含几何/统计/体积等视觉对象；配图可提升建模、空间想象和后续 GPT Image2 生成复用价值。,一个长方体的长、宽、高分别是8 cm、5 cm、4 cm，它的体积是______立方厘米。,表现正方体、长方体、圆柱、圆锥、球或积木搭建场景，突出形体特征和空间关系。
hjb-primary-ds-v1-p6-235,P6,六年级下册,长方体,multiple-choice,Core,B_strong_recommended,recommended,P2,solid_shapes_blocks,solid-shapes-blocks,solid,false,not-generated,candidates/hjb-primary-ds-v1-p6-235.png,P5-P6 题目包含几何/统计/体积等视觉对象；配图可提升建模、空间想象和后续 GPT Image2 生成复用价值。,一个长方体纸盒，长10 cm、宽6 cm、高4 cm，做这样一个纸盒至少需要多少平方厘米的硬纸板？（ ）,表现正方体、长方体、圆柱、圆锥、球或积木搭建场景，突出形体特征和空间关系。
hjb-primary-ds-v1-p6-236,P6,六年级下册,长方体,fill-in,Core,B_strong_recommended,recommended,P2,solid_shapes_blocks,solid-shapes-blocks,solid,false,not-generated,candidates/hjb-primary-ds-v1-p6-236.png,P5-P6 题目包含几何/统计/体积等视觉对象；配图可提升建模、空间想象和后续 GPT Image2 生成复用价值。,一个长方体形状的鱼缸，从里面量长8分米、宽5分米、高6分米。鱼缸里装有水，水深4分米。鱼缸里的水有多少升？,表现正方体、长方体、圆柱、圆锥、球或积木搭建场景，突出形体特征和空间关系。
hjb-primary-ds-v1-p6-237,P6,六年级下册,长方体,multiple-choice,Core,B_strong_recommended,recommended,P2,solid_shapes_blocks,solid-shapes-blocks,solid,false,not-generated,candidates/hjb-primary-ds-v1-p6-237.png,P5-P6 题目包含几何/统计/体积等视觉对象；配图可提升建模、空间想象和后续 GPT Image2 生成复用价值。,一个长方体纸盒，长10厘米、宽8厘米、高6厘米。制作这个纸盒至少需要多少平方厘米的硬纸板？,表现正方体、长方体、圆柱、圆锥、球或积木搭建场景，突出形体特征和空间关系。
hjb-primary-ds-v1-p6-238,P6,六年级下册,长方体,fill-in,Core,B_strong_recommended,recommended,P2,solid_shapes_blocks,solid-shapes-blocks,solid,false,not-generated,candidates/hjb-primary-ds-v1-p6-238.png,P5-P6 题目包含几何/统计/体积等视觉对象；配图可提升建模、空间想象和后续 GPT Image2 生成复用价值。,一个长方体的长是12厘米，宽是5厘米，体积是360立方厘米。它的高是多少厘米？,表现正方体、长方体、圆柱、圆锥、球或积木搭建场景，突出形体特征和空间关系。
hjb-primary-ds-v1-p6-239,P6,六年级下册,长方体,multiple-choice,Core,B_strong_recommended,recommended,P2,solid_shapes_blocks,solid-shapes-blocks,solid,false,not-generated,candidates/hjb-primary-ds-v1-p6-239.png,P5-P6 题目包含几何/统计/体积等视觉对象；配图可提升建模、空间想象和后续 GPT Image2 生成复用价值。,一个长方体木块，长8厘米、宽6厘米、高4厘米。把它切成棱长2厘米的小正方体，最多可以切成多少个？,表现正方体、长方体、圆柱、圆锥、球或积木搭建场景，突出形体特征和空间关系。
hjb-primary-ds-v1-p6-240,P6,六年级下册,长方体,fill-in,Core,B_strong_recommended,recommended,P2,solid_shapes_blocks,solid-shapes-blocks,solid,false,not-generated,candidates/hjb-primary-ds-v1-p6-240.png,P5-P6 题目包含几何/统计/体积等视觉对象；配图可提升建模、空间想象和后续 GPT Image2 生成复用价值。,一个长方体游泳池，长50米、宽20米、深2米。在游泳池的四壁和底面贴上瓷砖，贴瓷砖的面积是多少平方米？,表现正方体、长方体、圆柱、圆锥、球或积木搭建场景，突出形体特征和空间关系。
hjb-primary-ds-v1-p6-241,P6,六年级下册,长方体,multiple-choice,Core,B_strong_recommended,recommended,P2,solid_shapes_blocks,solid-shapes-blocks,solid,false,not-generated,candidates/hjb-primary-ds-v1-p6-241.png,P5-P6 题目包含几何/统计/体积等视觉对象；配图可提升建模、空间想象和后续 GPT Image2 生成复用价值。,一个长方体鱼缸，从里面量长60厘米、宽30厘米、高40厘米。现在鱼缸里水深25厘米。把一块假山石完全浸没在水中后，水面上升到32厘米。这块假山石的体积是多少立方厘米？,表现正方体、长方体、圆柱、圆锥、球或积木搭建场景，突出形体特征和空间关系。
hjb-primary-ds-v1-p6-243,P6,六年级下册,长方体,multiple-choice,Core,B_strong_recommended,recommended,P2,solid_shapes_blocks,solid-shapes-blocks,solid,false,not-generated,candidates/hjb-primary-ds-v1-p6-243.png,P5-P6 题目包含几何/统计/体积等视觉对象；配图可提升建模、空间想象和后续 GPT Image2 生成复用价值。,一个长方体木块，长8厘米、宽5厘米、高4厘米。如果把它锯成一个最大的正方体，这个正方体的体积是多少立方厘米？,表现正方体、长方体、圆柱、圆锥、球或积木搭建场景，突出形体特征和空间关系。
hjb-primary-ds-v1-p6-244,P6,六年级下册,长方体,multiple-choice,Core,B_strong_recommended,recommended,P2,solid_shapes_blocks,solid-shapes-blocks,solid,false,not-generated,candidates/hjb-primary-ds-v1-p6-244.png,P5-P6 题目包含几何/统计/体积等视觉对象；配图可提升建模、空间想象和后续 GPT Image2 生成复用价值。,一个长方体游泳池，长50米、宽25米、深2米。现在要在游泳池的四壁和底面贴上瓷砖，贴瓷砖的面积是多少平方米？,表现正方体、长方体、圆柱、圆锥、球或积木搭建场景，突出形体特征和空间关系。
hjb-primary-ds-v1-p6-245,P6,六年级下册,长方体,multiple-choice,Core,B_strong_recommended,recommended,P2,solid_shapes_blocks,solid-shapes-blocks,solid,false,not-generated,candidates/hjb-primary-ds-v1-p6-245.png,P5-P6 题目包含几何/统计/体积等视觉对象；配图可提升建模、空间想象和后续 GPT Image2 生成复用价值。,一个长方体纸箱，从里面量长40厘米、宽30厘米、高25厘米。现在要放入棱长5厘米的正方体小木块，最多能放多少个？,表现正方体、长方体、圆柱、圆锥、球或积木搭建场景，突出形体特征和空间关系。
hjb-primary-ds-v1-p6-246,P6,六年级下册,长方体,multiple-choice,Core,B_strong_recommended,recommended,P2,solid_shapes_blocks,solid-shapes-blocks,solid,false,not-generated,candidates/hjb-primary-ds-v1-p6-246.png,P5-P6 题目包含几何/统计/体积等视觉对象；配图可提升建模、空间想象和后续 GPT Image2 生成复用价值。,一个长方体水箱，从里面量长8分米、宽5分米、高6分米。水箱内水面高度为4分米。现将一块体积为24立方分米的石块完全浸入水中，水未溢出。此时水面高度变为多少分米？,表现正方体、长方体、圆柱、圆锥、球或积木搭建场景，突出形体特征和空间关系。
hjb-primary-ds-v1-p6-248,P6,六年级下册,长方体,multiple-choice,Core,B_strong_recommended,recommended,P2,solid_shapes_blocks,solid-shapes-blocks,solid,false,not-generated,candidates/hjb-primary-ds-v1-p6-248.png,P5-P6 题目包含几何/统计/体积等视觉对象；配图可提升建模、空间想象和后续 GPT Image2 生成复用价值。,用一根长96厘米的铁丝焊接成一个长方体框架，使它的长、宽、高之比为3:2:1。这个长方体的体积是多少立方厘米？,表现正方体、长方体、圆柱、圆锥、球或积木搭建场景，突出形体特征和空间关系。
hjb-primary-ds-v1-p6-249,P6,六年级下册,长方体,multiple-choice,Core,B_strong_recommended,recommended,P2,solid_shapes_blocks,solid-shapes-blocks,solid,false,not-generated,candidates/hjb-primary-ds-v1-p6-249.png,P5-P6 题目包含几何/统计/体积等视觉对象；配图可提升建模、空间想象和后续 GPT Image2 生成复用价值。,一个长方体，如果高增加3厘米，就变成一个正方体，且表面积增加96平方厘米。原来长方体的体积是多少立方厘米？,表现正方体、长方体、圆柱、圆锥、球或积木搭建场景，突出形体特征和空间关系。
hjb-primary-ds-v1-p6-250,P6,六年级下册,长方体,multiple-choice,Core,B_strong_recommended,recommended,P2,solid_shapes_blocks,solid-shapes-blocks,solid,false,not-generated,candidates/hjb-primary-ds-v1-p6-250.png,P5-P6 题目包含几何/统计/体积等视觉对象；配图可提升建模、空间想象和后续 GPT Image2 生成复用价值。,一个无盖的长方体玻璃鱼缸，长12分米、宽5分米、高8分米。制作这个鱼缸至少需要多少平方分米的玻璃？,表现正方体、长方体、圆柱、圆锥、球或积木搭建场景，突出形体特征和空间关系。
hjb-primary-ds-v1-p1-180,P1,一年级下册,时间的初步认识,short-answer,Foundation,B_strong_recommended,recommended,P2,time_clock,time-clock,clock,true,not-generated,candidates/hjb-primary-ds-v1-p1-180.png,P1-P2 题目以具象数量、操作、分类、购物或生活场景为主；文字可作答，但插图能显著降低读题负担。,小华晚上9时睡觉。请写出他睡觉前1小时是几时。,生成无错误文字的钟面或时间线底图，时针分针、数字、刻度和题目标签优先后续确定性叠加。
hjb-primary-ds-v1-p1-188,P1,一年级下册,时间的初步认识,fill-in,Foundation,B_strong_recommended,recommended,P2,time_clock,time-clock,clock,true,not-generated,candidates/hjb-primary-ds-v1-p1-188.png,P1-P2 题目以具象数量、操作、分类、购物或生活场景为主；文字可作答，但插图能显著降低读题负担。,小明上午7时起床，8时到校，11时半吃午饭。请按时间顺序排列这三件事：起床、到校、吃午饭。,生成无错误文字的钟面或时间线底图，时针分针、数字、刻度和题目标签优先后续确定性叠加。
hjb-primary-ds-v1-p2-162,P2,二年级下册,时间在哪里,short-answer,Foundation,B_strong_recommended,recommended,P2,time_clock,time-clock,clock,true,not-generated,candidates/hjb-primary-ds-v1-p2-162.png,P1-P2 题目以具象数量、操作、分类、购物或生活场景为主；文字可作答，但插图能显著降低读题负担。,小华晚上8:30开始看书，看了30分钟后去洗漱。他洗漱的时间是晚上几时几分？,生成无错误文字的钟面或时间线底图，时针分针、数字、刻度和题目标签优先后续确定性叠加。
hjb-primary-ds-v1-p2-165,P2,二年级下册,时间在哪里,short-answer,Core,B_strong_recommended,recommended,P2,time_clock,time-clock,clock,true,not-generated,candidates/hjb-primary-ds-v1-p2-165.png,P1-P2 题目以具象数量、操作、分类、购物或生活场景为主；文字可作答，但插图能显著降低读题负担。,小明下午3:45放学，他走路回家用了15分钟。小明到家的时间是下午几时几分？,生成无错误文字的钟面或时间线底图，时针分针、数字、刻度和题目标签优先后续确定性叠加。
hjb-primary-ds-v1-p2-166,P2,二年级下册,时间在哪里,multiple-choice,Foundation,B_strong_recommended,recommended,P2,time_clock,time-clock,clock,true,not-generated,candidates/hjb-primary-ds-v1-p2-166.png,P1-P2 题目以具象数量、操作、分类、购物或生活场景为主；文字可作答，但插图能显著降低读题负担。,小明的闹钟显示：时针指向8和9之间，分针指向6。这时是什么时间？,生成无错误文字的钟面或时间线底图，时针分针、数字、刻度和题目标签优先后续确定性叠加。
hjb-primary-ds-v1-p2-168,P2,二年级下册,时间在哪里,short-answer,Foundation,B_strong_recommended,recommended,P2,time_clock,time-clock,clock,true,not-generated,candidates/hjb-primary-ds-v1-p2-168.png,P1-P2 题目以具象数量、操作、分类、购物或生活场景为主；文字可作答，但插图能显著降低读题负担。,小红下午3:10开始画画，3:45画完。她画了多长时间？,生成无错误文字的钟面或时间线底图，时针分针、数字、刻度和题目标签优先后续确定性叠加。
hjb-primary-ds-v1-p2-170,P2,二年级下册,时间在哪里,fill-in,Foundation,B_strong_recommended,recommended,P2,time_clock,time-clock,clock,true,not-generated,candidates/hjb-primary-ds-v1-p2-170.png,P1-P2 题目以具象数量、操作、分类、购物或生活场景为主；文字可作答，但插图能显著降低读题负担。,小华晚上8:05开始阅读，读了25分钟。结束时间是___时___分。,生成无错误文字的钟面或时间线底图，时针分针、数字、刻度和题目标签优先后续确定性叠加。
hjb-primary-ds-v1-p2-171,P2,二年级下册,时间在哪里,short-answer,Core,B_strong_recommended,recommended,P2,time_clock,time-clock,clock,true,not-generated,candidates/hjb-primary-ds-v1-p2-171.png,P1-P2 题目以具象数量、操作、分类、购物或生活场景为主；文字可作答，但插图能显著降低读题负担。,小明的电子表显示“08:25”。请写出这个时刻的另一种读法：___时___分。,生成无错误文字的钟面或时间线底图，时针分针、数字、刻度和题目标签优先后续确定性叠加。
hjb-primary-ds-v1-p2-173,P2,二年级下册,时间在哪里,fill-in,Core,B_strong_recommended,recommended,P2,time_clock,time-clock,clock,true,not-generated,candidates/hjb-primary-ds-v1-p2-173.png,P1-P2 题目以具象数量、操作、分类、购物或生活场景为主；文字可作答，但插图能显著降低读题负担。,小华每天下午3:15开始练琴，练了30分钟。结束时间是下午___时___分。,生成无错误文字的钟面或时间线底图，时针分针、数字、刻度和题目标签优先后续确定性叠加。
hjb-primary-ds-v1-p2-174,P2,二年级下册,时间在哪里,short-answer,Foundation,B_strong_recommended,recommended,P2,time_clock,time-clock,clock,true,not-generated,candidates/hjb-primary-ds-v1-p2-174.png,P1-P2 题目以具象数量、操作、分类、购物或生活场景为主；文字可作答，但插图能显著降低读题负担。,小红晚上9时睡觉，第二天早上7时起床。她睡了多长时间？,生成无错误文字的钟面或时间线底图，时针分针、数字、刻度和题目标签优先后续确定性叠加。
hjb-primary-ds-v1-p2-176,P2,二年级下册,时间在哪里,fill-in,Foundation,B_strong_recommended,recommended,P2,time_clock,time-clock,clock,true,not-generated,candidates/hjb-primary-ds-v1-p2-176.png,P1-P2 题目以具象数量、操作、分类、购物或生活场景为主；文字可作答，但插图能显著降低读题负担。,小明的闹钟显示时针指向8和9之间，分针指向4。这时是几时几分？,生成无错误文字的钟面或时间线底图，时针分针、数字、刻度和题目标签优先后续确定性叠加。
hjb-primary-ds-v1-p2-177,P2,二年级下册,时间在哪里,short-answer,Core,B_strong_recommended,recommended,P2,time_clock,time-clock,clock,true,not-generated,candidates/hjb-primary-ds-v1-p2-177.png,P1-P2 题目以具象数量、操作、分类、购物或生活场景为主；文字可作答，但插图能显著降低读题负担。,小丽上午9:15开始画画，画了30分钟。她画完时是什么时间？请用几时几分表示。,生成无错误文字的钟面或时间线底图，时针分针、数字、刻度和题目标签优先后续确定性叠加。
hjb-primary-ds-v1-p2-179,P2,二年级下册,时间在哪里,fill-in,Core,B_strong_recommended,recommended,P2,time_clock,time-clock,clock,true,not-generated,candidates/hjb-primary-ds-v1-p2-179.png,P1-P2 题目以具象数量、操作、分类、购物或生活场景为主；文字可作答，但插图能显著降低读题负担。,根据描述写出时间：时针刚走过7，分针指向11。这时是___时___分。,生成无错误文字的钟面或时间线底图，时针分针、数字、刻度和题目标签优先后续确定性叠加。
hjb-primary-ds-v1-p2-233,P2,二年级下册,二年级下册数学广场与整理复习,multiple-choice,Core,B_strong_recommended,recommended,P2,time_clock,time-clock,clock,true,not-generated,candidates/hjb-primary-ds-v1-p2-233.png,P1-P2 题目以具象数量、操作、分类、购物或生活场景为主；文字可作答，但插图能显著降低读题负担。,小胖在整理错题时，看到自己的一道错题： “一节课40分钟，课间休息10分钟，再加上多少分钟是1小时？” 他原来写的答案是30分钟，被老师打了叉。 他应该怎样改正？,生成无错误文字的钟面或时间线底图，时针分针、数字、刻度和题目标签优先后续确定性叠加。
hjb-primary-ds-v1-p2-239,P2,二年级下册,二年级下册数学广场与整理复习,multiple-choice,Foundation,B_strong_recommended,recommended,P2,time_clock,time-clock,clock,true,not-generated,candidates/hjb-primary-ds-v1-p2-239.png,P1-P2 题目以具象数量、操作、分类、购物或生活场景为主；文字可作答，但插图能显著降低读题负担。,下列哪个时间表示是正确的？,生成无错误文字的钟面或时间线底图，时针分针、数字、刻度和题目标签优先后续确定性叠加。
hjb-primary-ds-v1-p3-041,P3,三年级上册（老课本暂用）,时间与日程推理,fill-in,Core,B_strong_recommended,recommended,P2,time_clock,time-clock,clock,true,not-generated,candidates/hjb-primary-ds-v1-p3-041.png,P3-P4 单元涉及时间、测量、分数、几何、面积周长或统计等视觉模型；插图有助于形成正确表征。,小杰下午2:15开始做数学作业，他用了40分钟完成。完成作业的时刻是下午（ ）。,生成无错误文字的钟面或时间线底图，时针分针、数字、刻度和题目标签优先后续确定性叠加。
hjb-primary-ds-v1-p3-042,P3,三年级上册（老课本暂用）,时间与日程推理,short-answer,Foundation,B_strong_recommended,recommended,P2,time_clock,time-clock,clock,true,not-generated,candidates/hjb-primary-ds-v1-p3-042.png,P3-P4 单元涉及时间、测量、分数、几何、面积周长或统计等视觉模型；插图有助于形成正确表征。,小丽上午8:10到校，上午11:40放学。她上午在校多长时间？请写出计算过程。,生成无错误文字的钟面或时间线底图，时针分针、数字、刻度和题目标签优先后续确定性叠加。
hjb-primary-ds-v1-p3-043,P3,三年级上册（老课本暂用）,时间与日程推理,multiple-choice,Challenge,B_strong_recommended,recommended,P2,time_clock,time-clock,clock,true,not-generated,candidates/hjb-primary-ds-v1-p3-043.png,P3-P4 单元涉及时间、测量、分数、几何、面积周长或统计等视觉模型；插图有助于形成正确表征。,小宇晚上7:45开始阅读，8:25结束。他阅读了多长时间？,生成无错误文字的钟面或时间线底图，时针分针、数字、刻度和题目标签优先后续确定性叠加。
hjb-primary-ds-v1-p3-044,P3,三年级上册（老课本暂用）,时间与日程推理,fill-in,Exam,B_strong_recommended,recommended,P2,time_clock,time-clock,clock,true,not-generated,candidates/hjb-primary-ds-v1-p3-044.png,P3-P4 单元涉及时间、测量、分数、几何、面积周长或统计等视觉模型；插图有助于形成正确表征。,一场电影从下午2:40开始，放映了1小时50分钟，结束时间是下午（ ）。,生成无错误文字的钟面或时间线底图，时针分针、数字、刻度和题目标签优先后续确定性叠加。
hjb-primary-ds-v1-p3-045,P3,三年级上册（老课本暂用）,时间与日程推理,short-answer,Core,B_strong_recommended,recommended,P2,time_clock,time-clock,clock,true,not-generated,candidates/hjb-primary-ds-v1-p3-045.png,P3-P4 单元涉及时间、测量、分数、几何、面积周长或统计等视觉模型；插图有助于形成正确表征。,小华上午9:15从家出发去公园，路上用了25分钟。他到达公园的时刻是上午（ ）。,生成无错误文字的钟面或时间线底图，时针分针、数字、刻度和题目标签优先后续确定性叠加。
hjb-primary-ds-v1-p3-046,P3,三年级上册（老课本暂用）,时间与日程推理,multiple-choice,Foundation,B_strong_recommended,recommended,P2,time_clock,time-clock,clock,true,not-generated,candidates/hjb-primary-ds-v1-p3-046.png,P3-P4 单元涉及时间、测量、分数、几何、面积周长或统计等视觉模型；插图有助于形成正确表征。,小杰下午2:15开始做手工，做了1小时40分钟后结束。他结束的时间是下午（ ）。,生成无错误文字的钟面或时间线底图，时针分针、数字、刻度和题目标签优先后续确定性叠加。
hjb-primary-ds-v1-p3-047,P3,三年级上册（老课本暂用）,时间与日程推理,fill-in,Challenge,B_strong_recommended,recommended,P2,time_clock,time-clock,clock,true,not-generated,candidates/hjb-primary-ds-v1-p3-047.png,P3-P4 单元涉及时间、测量、分数、几何、面积周长或统计等视觉模型；插图有助于形成正确表征。,小丽上午9:10从家出发去图书馆，路上用了35分钟，她在图书馆看书1小时20分钟，然后原路返回，路上时间相同。小丽回到家时是上午（ ）时（ ）分。,生成无错误文字的钟面或时间线底图，时针分针、数字、刻度和题目标签优先后续确定性叠加。
hjb-primary-ds-v1-p3-048,P3,三年级上册（老课本暂用）,时间与日程推理,short-answer,Exam,B_strong_recommended,recommended,P2,time_clock,time-clock,clock,true,not-generated,candidates/hjb-primary-ds-v1-p3-048.png,P3-P4 单元涉及时间、测量、分数、几何、面积周长或统计等视觉模型；插图有助于形成正确表征。,小宇晚上7:45开始写作业，他先用了25分钟完成数学，休息10分钟，又用了30分钟完成语文。小宇完成全部作业时是晚上几时几分？请写出你的计算过程。,生成无错误文字的钟面或时间线底图，时针分针、数字、刻度和题目标签优先后续确定性叠加。
hjb-primary-ds-v1-p3-050,P3,三年级上册（老课本暂用）,时间与日程推理,fill-in,Foundation,B_strong_recommended,recommended,P2,time_clock,time-clock,clock,true,not-generated,candidates/hjb-primary-ds-v1-p3-050.png,P3-P4 单元涉及时间、测量、分数、几何、面积周长或统计等视觉模型；插图有助于形成正确表征。,小芳下午3:40开始练琴，练了50分钟后结束。她结束的时间是下午（ ）时（ ）分。,生成无错误文字的钟面或时间线底图，时针分针、数字、刻度和题目标签优先后续确定性叠加。
hjb-primary-ds-v1-p3-051,P3,三年级上册（老课本暂用）,时间与日程推理,short-answer,Challenge,B_strong_recommended,recommended,P2,time_clock,time-clock,clock,true,not-generated,candidates/hjb-primary-ds-v1-p3-051.png,P3-P4 单元涉及时间、测量、分数、几何、面积周长或统计等视觉模型；插图有助于形成正确表征。,小杰从家走到学校需要15分钟。今天他7:25从家出发，走到一半发现忘带作业本，立即原路返回家拿作业本，然后再次出发去学校。如果返回和再次出发的速度与原来相同，且拿作业本用了2分钟，小杰今天到校的时间是几时几分？,生成无错误文字的钟面或时间线底图，时针分针、数字、刻度和题目标签优先后续确定性叠加。
hjb-primary-ds-v1-p3-052,P3,三年级上册（老课本暂用）,时间与日程推理,multiple-choice,Core,B_strong_recommended,recommended,P2,time_clock,time-clock,clock,true,not-generated,candidates/hjb-primary-ds-v1-p3-052.png,P3-P4 单元涉及时间、测量、分数、几何、面积周长或统计等视觉模型；插图有助于形成正确表征。,小丽参加学校朗诵比赛，她的上场时间是上午10:45，朗诵时长8分钟。如果前一位选手10:38结束，中间有2分钟评委打分时间，小丽朗诵结束的时间是几时几分？,生成无错误文字的钟面或时间线底图，时针分针、数字、刻度和题目标签优先后续确定性叠加。
hjb-primary-ds-v1-p3-053,P3,三年级上册（老课本暂用）,时间与日程推理,fill-in,Foundation,B_strong_recommended,recommended,P2,time_clock,time-clock,clock,true,not-generated,candidates/hjb-primary-ds-v1-p3-053.png,P3-P4 单元涉及时间、测量、分数、几何、面积周长或统计等视觉模型；插图有助于形成正确表征。,一集动画片从9:15开始播放，到9:37结束。这集动画片播放了______分钟。,生成无错误文字的钟面或时间线底图，时针分针、数字、刻度和题目标签优先后续确定性叠加。
hjb-primary-ds-v1-p3-056,P3,三年级上册（老课本暂用）,时间与日程推理,fill-in,Foundation,B_strong_recommended,recommended,P2,time_clock,time-clock,clock,true,not-generated,candidates/hjb-primary-ds-v1-p3-056.png,P3-P4 单元涉及时间、测量、分数、几何、面积周长或统计等视觉模型；插图有助于形成正确表征。,小华从家走到学校需要25分钟。他早上7:40从家出发，到学校的时间是（ ）。,生成无错误文字的钟面或时间线底图，时针分针、数字、刻度和题目标签优先后续确定性叠加。
hjb-primary-ds-v1-p3-057,P3,三年级上册（老课本暂用）,时间与日程推理,short-answer,Challenge,B_strong_recommended,recommended,P2,time_clock,time-clock,clock,true,not-generated,candidates/hjb-primary-ds-v1-p3-057.png,P3-P4 单元涉及时间、测量、分数、几何、面积周长或统计等视觉模型；插图有助于形成正确表征。,学校组织看电影，电影从下午2:15开始，到下午3:50结束。这场电影一共放映了多长时间？请写出计算过程。,生成无错误文字的钟面或时间线底图，时针分针、数字、刻度和题目标签优先后续确定性叠加。
hjb-primary-ds-v1-p3-058,P3,三年级上册（老课本暂用）,时间与日程推理,multiple-choice,Core,B_strong_recommended,recommended,P2,time_clock,time-clock,clock,true,not-generated,candidates/hjb-primary-ds-v1-p3-058.png,P3-P4 单元涉及时间、测量、分数、几何、面积周长或统计等视觉模型；插图有助于形成正确表征。,小丽晚上8:30睡觉，第二天早上6:50起床。她一共睡了多长时间？,生成无错误文字的钟面或时间线底图，时针分针、数字、刻度和题目标签优先后续确定性叠加。
hjb-primary-ds-v1-p3-059,P3,三年级上册（老课本暂用）,时间与日程推理,fill-in,Foundation,B_strong_recommended,recommended,P2,time_clock,time-clock,clock,true,not-generated,candidates/hjb-primary-ds-v1-p3-059.png,P3-P4 单元涉及时间、测量、分数、几何、面积周长或统计等视觉模型；插图有助于形成正确表征。,一节课40分钟，第一节课从8:20开始，下课时间是（ ）。,生成无错误文字的钟面或时间线底图，时针分针、数字、刻度和题目标签优先后续确定性叠加。
hjb-primary-ds-v1-p3-060,P3,三年级上册（老课本暂用）,时间与日程推理,short-answer,Challenge,B_strong_recommended,recommended,P2,time_clock,time-clock,clock,true,not-generated,candidates/hjb-primary-ds-v1-p3-060.png,P3-P4 单元涉及时间、测量、分数、几何、面积周长或统计等视觉模型；插图有助于形成正确表征。,小军参加数学竞赛，竞赛时间是90分钟。如果竞赛在上午9:10开始，那么结束时间是几时几分？请写出你的思考过程。,生成无错误文字的钟面或时间线底图，时针分针、数字、刻度和题目标签优先后续确定性叠加。
hjb-primary-ds-v1-p3-072,P3,三年级上册（老课本暂用）,用一位数乘,short-answer,Challenge,B_strong_recommended,recommended,P2,time_clock,time-clock,clock,true,not-generated,candidates/hjb-primary-ds-v1-p3-072.png,P3-P4 单元涉及时间、测量、分数、几何、面积周长或统计等视觉模型；插图有助于形成正确表征。,小丁每分钟写8个大字，他从9:05写到9:17，一共写了多少个大字？请写出计算过程。,生成无错误文字的钟面或时间线底图，时针分针、数字、刻度和题目标签优先后续确定性叠加。
hjb-primary-ds-v1-p4-091,P4,四年级上册,整数的四则运算,multiple-choice,Core,B_strong_recommended,recommended,P2,time_clock,time-clock,clock,true,not-generated,candidates/hjb-primary-ds-v1-p4-091.png,P3-P4 单元涉及时间、测量、分数、几何、面积周长或统计等视觉模型；插图有助于形成正确表征。,学校图书馆整理一批新书，甲组每小时整理48本，乙组每小时整理36本。两组同时工作，3小时后共整理了多少本？正确的综合算式是哪一个？,生成无错误文字的钟面或时间线底图，时针分针、数字、刻度和题目标签优先后续确定性叠加。
hjb-primary-ds-v1-p1-055,P1,一年级上册,10以内数的认识,multiple-choice,Core,B_strong_recommended,recommended,P2,money_shopping,money-shopping,money-scene,true,not-generated,candidates/hjb-primary-ds-v1-p1-055.png,P1-P2 题目以具象数量、操作、分类、购物或生活场景为主；文字可作答，但插图能显著降低读题负担。,妈妈买了8个橘子，吃了几个后还剩5个？,表现原创购物场景、商品、货币或价格牌底图；精确价格、币值和文字后续叠加。
hjb-primary-ds-v1-p1-062,P1,一年级上册,10以内数的加减法,fill-in,Challenge,B_strong_recommended,recommended,P2,money_shopping,money-shopping,money-scene,true,not-generated,candidates/hjb-primary-ds-v1-p1-062.png,P1-P2 题目以具象数量、操作、分类、购物或生活场景为主；文字可作答，但插图能显著降低读题负担。,妈妈买了8个苹果，吃了几个后，还剩下5个。吃了多少个苹果？请填写算式：8 - □ = 5,表现原创购物场景、商品、货币或价格牌底图；精确价格、币值和文字后续叠加。
hjb-primary-ds-v1-p1-067,P1,一年级上册,10以内数的加减法,multiple-choice,Core,B_strong_recommended,recommended,P2,money_shopping,money-shopping,money-scene,true,not-generated,candidates/hjb-primary-ds-v1-p1-067.png,P1-P2 题目以具象数量、操作、分类、购物或生活场景为主；文字可作答，但插图能显著降低读题负担。,妈妈买了7个苹果，吃了几个后还剩4个。妈妈吃了几个苹果？,表现原创购物场景、商品、货币或价格牌底图；精确价格、币值和文字后续叠加。
hjb-primary-ds-v1-p1-072,P1,一年级上册,10以内数的加减法,short-answer,Foundation,B_strong_recommended,recommended,P2,money_shopping,money-shopping,money-scene,true,not-generated,candidates/hjb-primary-ds-v1-p1-072.png,P1-P2 题目以具象数量、操作、分类、购物或生活场景为主；文字可作答，但插图能显著降低读题负担。,妈妈买了8个苹果，吃了3个，还剩几个？请列出算式并计算。,表现原创购物场景、商品、货币或价格牌底图；精确价格、币值和文字后续叠加。
hjb-primary-ds-v1-p1-076,P1,一年级上册,10以内数的加减法,multiple-choice,Foundation,B_strong_recommended,recommended,P2,money_shopping,money-shopping,money-scene,true,not-generated,candidates/hjb-primary-ds-v1-p1-076.png,P1-P2 题目以具象数量、操作、分类、购物或生活场景为主；文字可作答，但插图能显著降低读题负担。,妈妈买了6个苹果，小明吃了2个，还剩几个？正确的算式是哪一个？,表现原创购物场景、商品、货币或价格牌底图；精确价格、币值和文字后续叠加。
hjb-primary-ds-v1-p1-120,P1,一年级下册,20以内数的加减法（二）,short-answer,Foundation,B_strong_recommended,recommended,P2,money_shopping,money-shopping,money-scene,true,not-generated,candidates/hjb-primary-ds-v1-p1-120.png,P1-P2 题目以具象数量、操作、分类、购物或生活场景为主；文字可作答，但插图能显著降低读题负担。,妈妈买了15个苹果，吃了8个，还剩几个？请用两种不同的方法计算，并写出过程。,表现原创购物场景、商品、货币或价格牌底图；精确价格、币值和文字后续叠加。
hjb-primary-ds-v1-p1-129,P1,一年级下册,20以内数的加减法（二）,short-answer,Core,B_strong_recommended,recommended,P2,money_shopping,money-shopping,money-scene,true,not-generated,candidates/hjb-primary-ds-v1-p1-129.png,P1-P2 题目以具象数量、操作、分类、购物或生活场景为主；文字可作答，但插图能显著降低读题负担。,妈妈买了15个苹果，吃了8个，还剩几个？请你用两种不同的方法计算，并写出过程。,表现原创购物场景、商品、货币或价格牌底图；精确价格、币值和文字后续叠加。
hjb-primary-ds-v1-p1-162,P1,一年级下册,100以内数的加减法（一）,short-answer,Foundation,B_strong_recommended,recommended,P2,money_shopping,money-shopping,money-scene,true,not-generated,candidates/hjb-primary-ds-v1-p1-162.png,P1-P2 题目以具象数量、操作、分类、购物或生活场景为主；文字可作答，但插图能显著降低读题负担。,小明有23本故事书，妈妈又给他买了5本。小明现在一共有多少本故事书？,表现原创购物场景、商品、货币或价格牌底图；精确价格、币值和文字后续叠加。
hjb-primary-ds-v1-p1-168,P1,一年级下册,100以内数的加减法（一）,short-answer,Foundation,B_strong_recommended,recommended,P2,money_shopping,money-shopping,money-scene,true,not-generated,candidates/hjb-primary-ds-v1-p1-168.png,P1-P2 题目以具象数量、操作、分类、购物或生活场景为主；文字可作答，但插图能显著降低读题负担。,妈妈买了 23 个苹果，又买了 10 个苹果。妈妈一共买了多少个苹果？,表现原创购物场景、商品、货币或价格牌底图；精确价格、币值和文字后续叠加。
hjb-primary-ds-v1-p1-249,P1,一年级下册,一年级下册整理与复习,multiple-choice,Foundation,B_strong_recommended,recommended,P2,money_shopping,money-shopping,money-scene,true,not-generated,candidates/hjb-primary-ds-v1-p1-249.png,P1-P2 题目以具象数量、操作、分类、购物或生活场景为主；文字可作答，但插图能显著降低读题负担。,妈妈买了25个苹果，吃了8个，又买来10个，现在有多少个苹果？正确的算式是？,表现原创购物场景、商品、货币或价格牌底图；精确价格、币值和文字后续叠加。
hjb-primary-ds-v1-p2-024,P2,二年级上册,人民币与购物应用,short-answer,Exam,B_strong_recommended,recommended,P2,money_shopping,money-shopping,money-scene,true,not-generated,candidates/hjb-primary-ds-v1-p2-024.png,P1-P2 题目以具象数量、操作、分类、购物或生活场景为主；文字可作答，但插图能显著降低读题负担。,小明有5元，买一支铅笔用了1元2角，买一块橡皮用了8角。他还剩多少钱？,表现原创购物场景、商品、货币或价格牌底图；精确价格、币值和文字后续叠加。
hjb-primary-ds-v1-p2-025,P2,二年级上册,人民币与购物应用,multiple-choice,Foundation,B_strong_recommended,recommended,P2,money_shopping,money-shopping,money-scene,true,not-generated,candidates/hjb-primary-ds-v1-p2-025.png,P1-P2 题目以具象数量、操作、分类、购物或生活场景为主；文字可作答，但插图能显著降低读题负担。,一支钢笔8元5角，一个笔记本3元，哪个更贵？贵多少？,表现原创购物场景、商品、货币或价格牌底图；精确价格、币值和文字后续叠加。
hjb-primary-ds-v1-p2-026,P2,二年级上册,人民币与购物应用,fill-in,Core,B_strong_recommended,recommended,P2,money_shopping,money-shopping,money-scene,true,not-generated,candidates/hjb-primary-ds-v1-p2-026.png,P1-P2 题目以具象数量、操作、分类、购物或生活场景为主；文字可作答，但插图能显著降低读题负担。,一支铅笔的价格是8角，一块橡皮的价格是5角。小明买了这两样文具，他一共要付多少钱？请用“几元几角”的形式回答。,表现原创购物场景、商品、货币或价格牌底图；精确价格、币值和文字后续叠加。
hjb-primary-ds-v1-p2-027,P2,二年级上册,人民币与购物应用,short-answer,Challenge,B_strong_recommended,recommended,P2,money_shopping,money-shopping,money-scene,true,not-generated,candidates/hjb-primary-ds-v1-p2-027.png,P1-P2 题目以具象数量、操作、分类、购物或生活场景为主；文字可作答，但插图能显著降低读题负担。,小丽有2张5元、3张1元和4枚5角硬币。她想买一本价格为12元6角的笔记本。她带的钱够不够？如果够，付钱后应找回多少钱？请用“几元几角”的形式回答找回的钱。,表现原创购物场景、商品、货币或价格牌底图；精确价格、币值和文字后续叠加。
hjb-primary-ds-v1-p2-029,P2,二年级上册,人民币与购物应用,fill-in,Foundation,B_strong_recommended,recommended,P2,money_shopping,money-shopping,money-scene,true,not-generated,candidates/hjb-primary-ds-v1-p2-029.png,P1-P2 题目以具象数量、操作、分类、购物或生活场景为主；文字可作答，但插图能显著降低读题负担。,1张20元可以换______张5元。,表现原创购物场景、商品、货币或价格牌底图；精确价格、币值和文字后续叠加。
hjb-primary-ds-v1-p2-032,P2,二年级上册,人民币与购物应用,fill-in,Foundation,B_strong_recommended,recommended,P2,money_shopping,money-shopping,money-scene,true,not-generated,candidates/hjb-primary-ds-v1-p2-032.png,P1-P2 题目以具象数量、操作、分类、购物或生活场景为主；文字可作答，但插图能显著降低读题负担。,小明有1张5元、3张1元和2张5角。他想买一个价格是6元8角的玩具车。他付的钱够吗？如果够，应找回多少钱？请用“元”和“角”填空：够，应找回___元___角。,表现原创购物场景、商品、货币或价格牌底图；精确价格、币值和文字后续叠加。
hjb-primary-ds-v1-p2-035,P2,二年级上册,人民币与购物应用,fill-in,Foundation,B_strong_recommended,recommended,P2,money_shopping,money-shopping,money-scene,true,not-generated,candidates/hjb-primary-ds-v1-p2-035.png,P1-P2 题目以具象数量、操作、分类、购物或生活场景为主；文字可作答，但插图能显著降低读题负担。,1张10元可以换___张5元，也可以换___张1元。,表现原创购物场景、商品、货币或价格牌底图；精确价格、币值和文字后续叠加。
hjb-primary-ds-v1-p2-036,P2,二年级上册,人民币与购物应用,short-answer,Core,B_strong_recommended,recommended,P2,money_shopping,money-shopping,money-scene,true,not-generated,candidates/hjb-primary-ds-v1-p2-036.png,P1-P2 题目以具象数量、操作、分类、购物或生活场景为主；文字可作答，但插图能显著降低读题负担。,小丽买一本故事书花了12元8角，买一支铅笔花了1元5角。她一共花了多少钱？（用元角形式回答）,表现原创购物场景、商品、货币或价格牌底图；精确价格、币值和文字后续叠加。
hjb-primary-ds-v1-p2-037,P2,二年级上册,人民币与购物应用,multiple-choice,Challenge,B_strong_recommended,recommended,P2,money_shopping,money-shopping,money-scene,true,not-generated,candidates/hjb-primary-ds-v1-p2-037.png,P1-P2 题目以具象数量、操作、分类、购物或生活场景为主；文字可作答，但插图能显著降低读题负担。,小明有20元，他想买一个15元6角的玩具车。付钱后，他应该找回多少钱？,表现原创购物场景、商品、货币或价格牌底图；精确价格、币值和文字后续叠加。
hjb-primary-ds-v1-p2-038,P2,二年级上册,人民币与购物应用,fill-in,Foundation,B_strong_recommended,recommended,P2,money_shopping,money-shopping,money-scene,true,not-generated,candidates/hjb-primary-ds-v1-p2-038.png,P1-P2 题目以具象数量、操作、分类、购物或生活场景为主；文字可作答，但插图能显著降低读题负担。,1张10元可以换______张5元。,表现原创购物场景、商品、货币或价格牌底图；精确价格、币值和文字后续叠加。
hjb-primary-ds-v1-p2-039,P2,二年级上册,人民币与购物应用,short-answer,Core,B_strong_recommended,recommended,P2,money_shopping,money-shopping,money-scene,true,not-generated,candidates/hjb-primary-ds-v1-p2-039.png,P1-P2 题目以具象数量、操作、分类、购物或生活场景为主；文字可作答，但插图能显著降低读题负担。,一支钢笔8元6角，一个笔记本3元9角。钢笔比笔记本贵多少钱？（用元角形式回答）,表现原创购物场景、商品、货币或价格牌底图；精确价格、币值和文字后续叠加。
hjb-primary-ds-v1-p2-040,P2,二年级上册,人民币与购物应用,multiple-choice,Challenge,B_strong_recommended,recommended,P2,money_shopping,money-shopping,money-scene,true,not-generated,candidates/hjb-primary-ds-v1-p2-040.png,P1-P2 题目以具象数量、操作、分类、购物或生活场景为主；文字可作答，但插图能显著降低读题负担。,小芳付给售货员5元，买一块2元8角的橡皮。售货员应该找回多少钱？,表现原创购物场景、商品、货币或价格牌底图；精确价格、币值和文字后续叠加。
hjb-primary-ds-v1-p2-041,P2,二年级上册,人民币与购物应用,fill-in,Foundation,B_strong_recommended,recommended,P2,money_shopping,money-shopping,money-scene,true,not-generated,candidates/hjb-primary-ds-v1-p2-041.png,P1-P2 题目以具象数量、操作、分类、购物或生活场景为主；文字可作答，但插图能显著降低读题负担。,小丽有1张5元、2张1元和3枚1角，她一共有______元______角。,表现原创购物场景、商品、货币或价格牌底图；精确价格、币值和文字后续叠加。
hjb-primary-ds-v1-p2-042,P2,二年级上册,人民币与购物应用,short-answer,Core,B_strong_recommended,recommended,P2,money_shopping,money-shopping,money-scene,true,not-generated,candidates/hjb-primary-ds-v1-p2-042.png,P1-P2 题目以具象数量、操作、分类、购物或生活场景为主；文字可作答，但插图能显著降低读题负担。,一支铅笔8角，一块橡皮5角。小明买一支铅笔和一块橡皮，付了2元，应找回多少钱？请写出计算过程并注明单位。,表现原创购物场景、商品、货币或价格牌底图；精确价格、币值和文字后续叠加。
hjb-primary-ds-v1-p2-044,P2,二年级上册,人民币与购物应用,fill-in,Foundation,B_strong_recommended,recommended,P2,money_shopping,money-shopping,money-scene,true,not-generated,candidates/hjb-primary-ds-v1-p2-044.png,P1-P2 题目以具象数量、操作、分类、购物或生活场景为主；文字可作答，但插图能显著降低读题负担。,在○里填“>”“<”或“=”。 4元6角○46角,表现原创购物场景、商品、货币或价格牌底图；精确价格、币值和文字后续叠加。
hjb-primary-ds-v1-p2-046,P2,二年级上册,人民币与购物应用,multiple-choice,Challenge,B_strong_recommended,recommended,P2,money_shopping,money-shopping,money-scene,true,not-generated,candidates/hjb-primary-ds-v1-p2-046.png,P1-P2 题目以具象数量、操作、分类、购物或生活场景为主；文字可作答，但插图能显著降低读题负担。,妈妈带小杰去文具店。小杰想买一本笔记本和一支铅笔。笔记本的价格是2元5角，铅笔的价格是8角。小杰付给收银员5元，应该找回多少钱？,表现原创购物场景、商品、货币或价格牌底图；精确价格、币值和文字后续叠加。
hjb-primary-ds-v1-p2-078,P2,二年级上册,表内乘法,short-answer,Core,B_strong_recommended,recommended,P2,money_shopping,money-shopping,money-scene,true,not-generated,candidates/hjb-primary-ds-v1-p2-078.png,P1-P2 题目以具象数量、操作、分类、购物或生活场景为主；文字可作答，但插图能显著降低读题负担。,妈妈买了5袋苹果，每袋有4个苹果。请你用两种方法算出一共有多少个苹果，并写出对应的乘法算式。,表现原创购物场景、商品、货币或价格牌底图；精确价格、币值和文字后续叠加。
hjb-primary-ds-v1-p2-087,P2,二年级上册,表内乘法,short-answer,Core,B_strong_recommended,recommended,P2,money_shopping,money-shopping,money-scene,true,not-generated,candidates/hjb-primary-ds-v1-p2-087.png,P1-P2 题目以具象数量、操作、分类、购物或生活场景为主；文字可作答，但插图能显著降低读题负担。,小丽买了4袋糖果，每袋6颗。她一共买了多少颗糖果？请写出乘法算式和口诀。,表现原创购物场景、商品、货币或价格牌底图；精确价格、币值和文字后续叠加。
hjb-primary-ds-v1-p2-116,P2,二年级上册,二年级上册数学广场与整理复习,fill-in,Foundation,B_strong_recommended,recommended,P2,money_shopping,money-shopping,money-scene,true,not-generated,candidates/hjb-primary-ds-v1-p2-116.png,P1-P2 题目以具象数量、操作、分类、购物或生活场景为主；文字可作答，但插图能显著降低读题负担。,"小华在整理错题时发现一道题：""小明有3张5元，买文具花了8元，还剩多少元？""他列式为3×5=15（元），15+8=23（元）。请写出他错在哪里，并改正。",表现原创购物场景、商品、货币或价格牌底图；精确价格、币值和文字后续叠加。
hjb-primary-ds-v1-p2-117,P2,二年级上册,二年级上册数学广场与整理复习,short-answer,Core,B_strong_recommended,recommended,P2,money_shopping,money-shopping,money-scene,true,not-generated,candidates/hjb-primary-ds-v1-p2-117.png,P1-P2 题目以具象数量、操作、分类、购物或生活场景为主；文字可作答，但插图能显著降低读题负担。,小芳有40元，她想买一个25元的书包和一支8元的笔。她带的钱够吗？如果够，还剩多少元？请写出计算过程和答句。,表现原创购物场景、商品、货币或价格牌底图；精确价格、币值和文字后续叠加。
hjb-primary-ds-v1-p2-121,P2,二年级上册,二年级上册数学广场与整理复习,multiple-choice,Core,B_strong_recommended,recommended,P2,money_shopping,money-shopping,money-scene,true,not-generated,candidates/hjb-primary-ds-v1-p2-121.png,P1-P2 题目以具象数量、操作、分类、购物或生活场景为主；文字可作答，但插图能显著降低读题负担。,"小乐在整理自己的错题本时，看到一道题：""一盒巧克力有6颗，妈妈买了4盒，一共有多少颗巧克力？"" 他列的算式是6+4=10（颗）。小乐出错的原因是什么？",表现原创购物场景、商品、货币或价格牌底图；精确价格、币值和文字后续叠加。
hjb-primary-ds-v1-p2-123,P2,二年级上册,二年级上册数学广场与整理复习,short-answer,Core,B_strong_recommended,recommended,P2,money_shopping,money-shopping,money-scene,true,not-generated,candidates/hjb-primary-ds-v1-p2-123.png,P1-P2 题目以具象数量、操作、分类、购物或生活场景为主；文字可作答，但插图能显著降低读题负担。,小芳有35元，她买了一个文具盒花了18元，又买了一支笔花了5元。她想检查剩下的钱对不对，可以用两种方法。请写出其中一种检查方法。,表现原创购物场景、商品、货币或价格牌底图；精确价格、币值和文字后续叠加。
hjb-primary-ds-v1-p2-126,P2,二年级上册,二年级上册数学广场与整理复习,short-answer,Foundation,B_strong_recommended,recommended,P2,money_shopping,money-shopping,money-scene,true,not-generated,candidates/hjb-primary-ds-v1-p2-126.png,P1-P2 题目以具象数量、操作、分类、购物或生活场景为主；文字可作答，但插图能显著降低读题负担。,小华有45元，买了一本故事书花了18元，又买了一盒彩笔花了12元。小华还剩多少元？请写出计算过程，并说说你是怎样检查的。,表现原创购物场景、商品、货币或价格牌底图；精确价格、币值和文字后续叠加。
hjb-primary-ds-v1-p2-128,P2,二年级上册,二年级上册数学广场与整理复习,fill-in,Foundation,B_strong_recommended,recommended,P2,money_shopping,money-shopping,money-scene,true,not-generated,candidates/hjb-primary-ds-v1-p2-128.png,P1-P2 题目以具象数量、操作、分类、购物或生活场景为主；文字可作答，但插图能显著降低读题负担。,在括号里填上合适的数： （1）1元＝（ ）角 （2）50角＝（ ）元 （3）3元6角＝（ ）角,表现原创购物场景、商品、货币或价格牌底图；精确价格、币值和文字后续叠加。
hjb-primary-ds-v1-p2-131,P2,二年级上册,二年级上册数学广场与整理复习,fill-in,Core,B_strong_recommended,recommended,P2,money_shopping,money-shopping,money-scene,true,not-generated,candidates/hjb-primary-ds-v1-p2-131.png,P1-P2 题目以具象数量、操作、分类、购物或生活场景为主；文字可作答，但插图能显著降低读题负担。,"小乐在整理自己的错题本，他发现一道题：""一盒巧克力有6颗，妈妈买了4盒，一共有多少颗？""他原来写的算式是6+4=10（颗）。请你写出正确的算式和得数，并简单说一说小乐错在哪里。",表现原创购物场景、商品、货币或价格牌底图；精确价格、币值和文字后续叠加。
hjb-primary-ds-v1-p2-132,P2,二年级上册,二年级上册数学广场与整理复习,short-answer,Foundation,B_strong_recommended,recommended,P2,money_shopping,money-shopping,money-scene,true,not-generated,candidates/hjb-primary-ds-v1-p2-132.png,P1-P2 题目以具象数量、操作、分类、购物或生活场景为主；文字可作答，但插图能显著降低读题负担。,小丁有35元，他想买一个28元的文具盒和一支6元的笔。他带的钱够吗？如果够，还剩多少元？如果不够，还差多少元？请列式解答。,表现原创购物场景、商品、货币或价格牌底图；精确价格、币值和文字后续叠加。
hjb-primary-ds-v1-p2-141,P2,二年级下册,表内除法,short-answer,Core,B_strong_recommended,recommended,P2,money_shopping,money-shopping,money-scene,true,not-generated,candidates/hjb-primary-ds-v1-p2-141.png,P1-P2 题目以具象数量、操作、分类、购物或生活场景为主；文字可作答，但插图能显著降低读题负担。,妈妈买了24颗草莓，平均分给4个小朋友，每个小朋友分到几颗草莓？请写出除法算式和答案。,表现原创购物场景、商品、货币或价格牌底图；精确价格、币值和文字后续叠加。
hjb-primary-ds-v1-p2-147,P2,二年级下册,表内除法,short-answer,Core,B_strong_recommended,recommended,P2,money_shopping,money-shopping,money-scene,true,not-generated,candidates/hjb-primary-ds-v1-p2-147.png,P1-P2 题目以具象数量、操作、分类、购物或生活场景为主；文字可作答，但插图能显著降低读题负担。,妈妈买了18颗糖，每6颗装一袋，可以装几袋？请写出除法算式并回答。,表现原创购物场景、商品、货币或价格牌底图；精确价格、币值和文字后续叠加。
hjb-primary-ds-v1-p2-153,P2,二年级下册,表内除法,short-answer,Core,B_strong_recommended,recommended,P2,money_shopping,money-shopping,money-scene,true,not-generated,candidates/hjb-primary-ds-v1-p2-153.png,P1-P2 题目以具象数量、操作、分类、购物或生活场景为主；文字可作答，但插图能显著降低读题负担。,妈妈买了18个苹果，平均放在3个盘子里，每个盘子放几个？列出除法算式并写出答案。,表现原创购物场景、商品、货币或价格牌底图；精确价格、币值和文字后续叠加。
hjb-primary-ds-v1-p2-156,P2,二年级下册,表内除法,short-answer,Foundation,B_strong_recommended,recommended,P2,money_shopping,money-shopping,money-scene,true,not-generated,candidates/hjb-primary-ds-v1-p2-156.png,P1-P2 题目以具象数量、操作、分类、购物或生活场景为主；文字可作答，但插图能显著降低读题负担。,妈妈买了18个苹果，平均放在3个盘子里，每个盘子放几个？列出除法算式，并写出得数。,表现原创购物场景、商品、货币或价格牌底图；精确价格、币值和文字后续叠加。
hjb-primary-ds-v1-p3-021,P3,三年级上册（老课本暂用）,乘与除,short-answer,Core,B_strong_recommended,recommended,P2,money_shopping,money-shopping,money-scene,true,not-generated,candidates/hjb-primary-ds-v1-p3-021.png,P3-P4 单元涉及时间、测量、分数、几何、面积周长或统计等视觉模型；插图有助于形成正确表征。,学校图书馆新买来一批书，每班分到8本，分给6个班后还剩3本。图书馆一共买来多少本书？,表现原创购物场景、商品、货币或价格牌底图；精确价格、币值和文字后续叠加。
hjb-primary-ds-v1-p3-027,P3,三年级上册（老课本暂用）,乘与除,short-answer,Challenge,B_strong_recommended,recommended,P2,money_shopping,money-shopping,money-scene,true,not-generated,candidates/hjb-primary-ds-v1-p3-027.png,P3-P4 单元涉及时间、测量、分数、几何、面积周长或统计等视觉模型；插图有助于形成正确表征。,一盒巧克力有6颗。妈妈买了若干盒，分给小朋友们后还剩2颗。已知分掉的巧克力颗数是28颗，妈妈一共买了多少颗巧克力？请写出算式和答案。,表现原创购物场景、商品、货币或价格牌底图；精确价格、币值和文字后续叠加。
hjb-primary-ds-v1-p3-032,P3,三年级上册（老课本暂用）,乘与除,fill-in,Exam,B_strong_recommended,recommended,P2,money_shopping,money-shopping,money-scene,true,not-generated,candidates/hjb-primary-ds-v1-p3-032.png,P3-P4 单元涉及时间、测量、分数、几何、面积周长或统计等视觉模型；插图有助于形成正确表征。,一盒巧克力有 8 颗。老师买了若干盒，全部分给小朋友，每人分得 5 颗，正好分完。老师最少买了多少颗巧克力？,表现原创购物场景、商品、货币或价格牌底图；精确价格、币值和文字后续叠加。
hjb-primary-ds-v1-p3-033,P3,三年级上册（老课本暂用）,乘与除,short-answer,Core,B_strong_recommended,recommended,P2,money_shopping,money-shopping,money-scene,true,not-generated,candidates/hjb-primary-ds-v1-p3-033.png,P3-P4 单元涉及时间、测量、分数、几何、面积周长或统计等视觉模型；插图有助于形成正确表征。,学校买来 86 本新书，每个书架放 9 本。全部放完后，最后一个书架没有放满。最后一个书架放了多少本？,表现原创购物场景、商品、货币或价格牌底图；精确价格、币值和文字后续叠加。
hjb-primary-ds-v1-p3-120,P3,三年级上册（老课本暂用）,三年级上册数学广场与整理复习,short-answer,Challenge,B_strong_recommended,recommended,P2,money_shopping,money-shopping,money-scene,true,not-generated,candidates/hjb-primary-ds-v1-p3-120.png,P3-P4 单元涉及时间、测量、分数、几何、面积周长或统计等视觉模型；插图有助于形成正确表征。,学校图书馆新买来一批书，其中故事书有48本，科技书的本数是故事书的3倍。科技书比故事书多多少本？请写出你的思考过程。,表现原创购物场景、商品、货币或价格牌底图；精确价格、币值和文字后续叠加。
hjb-primary-ds-v1-p3-133,P3,三年级上册（老课本暂用）,三年级上册数学广场与整理复习,multiple-choice,Core,B_strong_recommended,recommended,P2,money_shopping,money-shopping,money-scene,true,not-generated,candidates/hjb-primary-ds-v1-p3-133.png,P3-P4 单元涉及时间、测量、分数、几何、面积周长或统计等视觉模型；插图有助于形成正确表征。,学校图书馆买来4包新书，每包25本，借出68本后，还剩多少本？正确的列式是（ ）。,表现原创购物场景、商品、货币或价格牌底图；精确价格、币值和文字后续叠加。
hjb-primary-ds-v1-p3-135,P3,三年级上册（老课本暂用）,三年级上册数学广场与整理复习,short-answer,Core,B_strong_recommended,recommended,P2,money_shopping,money-shopping,money-scene,true,not-generated,candidates/hjb-primary-ds-v1-p3-135.png,P3-P4 单元涉及时间、测量、分数、几何、面积周长或统计等视觉模型；插图有助于形成正确表征。,妈妈买了3盒鸡蛋，每盒有10个。做蛋糕用掉了18个，剩下的鸡蛋平均放在2个盘子里，每个盘子放几个？请写出你的思考过程。,表现原创购物场景、商品、货币或价格牌底图；精确价格、币值和文字后续叠加。
hjb-primary-ds-v1-p3-181,P3,三年级下册,小数的初步认识,multiple-choice,Core,B_strong_recommended,recommended,P2,money_shopping,money-shopping,money-scene,true,not-generated,candidates/hjb-primary-ds-v1-p3-181.png,P3-P4 单元涉及时间、测量、分数、几何、面积周长或统计等视觉模型；插图有助于形成正确表征。,妈妈在超市买了一瓶牛奶，价格是3元6角。用小数表示，这瓶牛奶的价格是（ ）元。,表现原创购物场景、商品、货币或价格牌底图；精确价格、币值和文字后续叠加。
hjb-primary-ds-v1-p3-186,P3,三年级下册,小数的初步认识,fill-in,Foundation,B_strong_recommended,recommended,P2,money_shopping,money-shopping,money-scene,true,not-generated,candidates/hjb-primary-ds-v1-p3-186.png,P3-P4 单元涉及时间、测量、分数、几何、面积周长或统计等视觉模型；插图有助于形成正确表征。,一支铅笔的价格是8角5分，用小数表示是______元。,表现原创购物场景、商品、货币或价格牌底图；精确价格、币值和文字后续叠加。
hjb-primary-ds-v1-p3-192,P3,三年级下册,小数的初步认识,fill-in,Foundation,B_strong_recommended,recommended,P2,money_shopping,money-shopping,money-scene,true,not-generated,candidates/hjb-primary-ds-v1-p3-192.png,P3-P4 单元涉及时间、测量、分数、几何、面积周长或统计等视觉模型；插图有助于形成正确表征。,把3元4角5分写成以元为单位的小数。,表现原创购物场景、商品、货币或价格牌底图；精确价格、币值和文字后续叠加。
hjb-primary-ds-v1-p4-054,P4,四年级上册,分数的初步认识（二）,short-answer,Challenge,B_strong_recommended,recommended,P2,money_shopping,money-shopping,money-scene,true,not-generated,candidates/hjb-primary-ds-v1-p4-054.png,P3-P4 单元涉及时间、测量、分数、几何、面积周长或统计等视觉模型；插图有助于形成正确表征。,妈妈买了一个蛋糕，小华吃了这个蛋糕的1/4，爸爸吃了这个蛋糕的3/8。谁吃得多？请说明理由。,表现原创购物场景、商品、货币或价格牌底图；精确价格、币值和文字后续叠加。
hjb-primary-ds-v1-p4-060,P4,四年级上册,分数的初步认识（二）,short-answer,Challenge,B_strong_recommended,recommended,P2,money_shopping,money-shopping,money-scene,true,not-generated,candidates/hjb-primary-ds-v1-p4-060.png,P3-P4 单元涉及时间、测量、分数、几何、面积周长或统计等视觉模型；插图有助于形成正确表征。,妈妈买了两张同样大的披萨，一张切成8块，另一张切成10块。哥哥吃了第一张披萨的3块，弟弟吃了第二张披萨的3块。谁吃得多？请用分数比较说明。,表现原创购物场景、商品、货币或价格牌底图；精确价格、币值和文字后续叠加。
hjb-primary-ds-v1-p4-165,P4,四年级下册,小数的认识与加减法,short-answer,Core,B_strong_recommended,recommended,P2,money_shopping,money-shopping,money-scene,true,not-generated,candidates/hjb-primary-ds-v1-p4-165.png,P3-P4 单元涉及时间、测量、分数、几何、面积周长或统计等视觉模型；插图有助于形成正确表征。,小亚买了一本笔记本，花了4元8角5分，又买了一支笔，花了2元6角。她一共花了多少元？请用小数计算。,表现原创购物场景、商品、货币或价格牌底图；精确价格、币值和文字后续叠加。
hjb-primary-ds-v1-p4-171,P4,四年级下册,小数的认识与加减法,short-answer,Core,B_strong_recommended,recommended,P2,money_shopping,money-shopping,money-scene,true,not-generated,candidates/hjb-primary-ds-v1-p4-171.png,P3-P4 单元涉及时间、测量、分数、几何、面积周长或统计等视觉模型；插图有助于形成正确表征。,小丽在超市买了一瓶果汁，价格是5元4角。她用小数表示这个价格，写成了5.04元。请判断她写得是否正确，并说明理由。,表现原创购物场景、商品、货币或价格牌底图；精确价格、币值和文字后续叠加。
hjb-primary-ds-v1-p6-159,P6,六年级下册,二元一次方程组,short-answer,Core,B_strong_recommended,recommended,P2,money_shopping,money-shopping,money-scene,true,not-generated,candidates/hjb-primary-ds-v1-p6-159.png,P5-P6 题目包含几何/统计/体积等视觉对象；配图可提升建模、空间想象和后续 GPT Image2 生成复用价值。,一个长方形的周长是30厘米，长比宽的2倍多3厘米。设长为x厘米，宽为y厘米，请列出方程组，并求出长和宽。,表现原创购物场景、商品、货币或价格牌底图；精确价格、币值和文字后续叠加。
hjb-primary-ds-v1-p4-245,P4,四年级下册,四年级下册整理与提高,multiple-choice,Core,B_strong_recommended,recommended,P2,position_map,position-map,map,true,not-generated,candidates/hjb-primary-ds-v1-p4-245.png,P3-P4 单元涉及时间、测量、分数、几何、面积周长或统计等视觉模型；插图有助于形成正确表征。,"用数对表示位置时，小胖坐在教室的第3列第5行，用数对（3,5）表示。小亚坐在小胖的正后方第一个位置，小亚的位置用数对表示是？",表现方位、前后左右、路线、格子地图或教室平面图底图，具体箭头、文字和坐标后续叠加。
hjb-primary-ds-v1-p1-159,P1,一年级下册,100以内数的加减法（一）,short-answer,Core,B_strong_recommended,recommended,P2,plane_geometry,plane-geometry,geometry-diagram,true,not-generated,candidates/hjb-primary-ds-v1-p1-159.png,P1-P2 题目以具象数量、操作、分类、购物或生活场景为主；文字可作答，但插图能显著降低读题负担。,一（2）班图书角原来有57本故事书，同学们借走了20本，又还回来5本。现在图书角有多少本故事书？,表现线段、角、圆、长方形、正方形、三角形、组合图形或面积周长示意，精确尺寸和文字后续叠加。
hjb-primary-ds-v1-p3-080,P3,三年级上册（老课本暂用）,长方形与正方形,fill-in,Foundation,B_strong_recommended,recommended,P2,plane_geometry,plane-geometry,geometry-diagram,true,not-generated,candidates/hjb-primary-ds-v1-p3-080.png,P3-P4 单元涉及时间、测量、分数、几何、面积周长或统计等视觉模型；插图有助于形成正确表征。,一个长方形花坛，长是8米，宽是5米。小明沿着花坛边缘走了一圈，他一共走了______米。,表现线段、角、圆、长方形、正方形、三角形、组合图形或面积周长示意，精确尺寸和文字后续叠加。
hjb-primary-ds-v1-p3-081,P3,三年级上册（老课本暂用）,长方形与正方形,short-answer,Challenge,B_strong_recommended,recommended,P2,plane_geometry,plane-geometry,geometry-diagram,true,not-generated,candidates/hjb-primary-ds-v1-p3-081.png,P3-P4 单元涉及时间、测量、分数、几何、面积周长或统计等视觉模型；插图有助于形成正确表征。,小杰用一根长40厘米的绳子在桌面上围了一个长方形，这个长方形的长是12厘米。他保持绳子长度不变，又围了一个正方形。请问正方形的边长是多少厘米？请写出你的思考过程。,表现线段、角、圆、长方形、正方形、三角形、组合图形或面积周长示意，精确尺寸和文字后续叠加。
hjb-primary-ds-v1-p3-083,P3,三年级上册（老课本暂用）,长方形与正方形,fill-in,Foundation,B_strong_recommended,recommended,P2,plane_geometry,plane-geometry,geometry-diagram,true,not-generated,candidates/hjb-primary-ds-v1-p3-083.png,P3-P4 单元涉及时间、测量、分数、几何、面积周长或统计等视觉模型；插图有助于形成正确表征。,一个长方形花坛，长8米，宽5米。小明沿着花坛边缘走了一圈，他一共走了______米。,表现线段、角、圆、长方形、正方形、三角形、组合图形或面积周长示意，精确尺寸和文字后续叠加。
hjb-primary-ds-v1-p3-085,P3,三年级上册（老课本暂用）,长方形与正方形,multiple-choice,Core,B_strong_recommended,recommended,P2,plane_geometry,plane-geometry,geometry-diagram,true,not-generated,candidates/hjb-primary-ds-v1-p3-085.png,P3-P4 单元涉及时间、测量、分数、几何、面积周长或统计等视觉模型；插图有助于形成正确表征。,一个正方形的边长增加2厘米后，周长增加了多少厘米？,表现线段、角、圆、长方形、正方形、三角形、组合图形或面积周长示意，精确尺寸和文字后续叠加。
hjb-primary-ds-v1-p3-086,P3,三年级上册（老课本暂用）,长方形与正方形,fill-in,Foundation,B_strong_recommended,recommended,P2,plane_geometry,plane-geometry,geometry-diagram,true,not-generated,candidates/hjb-primary-ds-v1-p3-086.png,P3-P4 单元涉及时间、测量、分数、几何、面积周长或统计等视觉模型；插图有助于形成正确表征。,一个长方形，长是8厘米，宽是5厘米。它的周长是______厘米。,表现线段、角、圆、长方形、正方形、三角形、组合图形或面积周长示意，精确尺寸和文字后续叠加。
hjb-primary-ds-v1-p3-087,P3,三年级上册（老课本暂用）,长方形与正方形,short-answer,Challenge,B_strong_recommended,recommended,P2,plane_geometry,plane-geometry,geometry-diagram,true,not-generated,candidates/hjb-primary-ds-v1-p3-087.png,P3-P4 单元涉及时间、测量、分数、几何、面积周长或统计等视觉模型；插图有助于形成正确表征。,用一根铁丝正好围成一个边长是6厘米的正方形。如果把这根铁丝改围成一个长是8厘米的长方形，这个长方形的宽是多少厘米？,表现线段、角、圆、长方形、正方形、三角形、组合图形或面积周长示意，精确尺寸和文字后续叠加。
hjb-primary-ds-v1-p3-089,P3,三年级上册（老课本暂用）,长方形与正方形,fill-in,Foundation,B_strong_recommended,recommended,P2,plane_geometry,plane-geometry,geometry-diagram,true,not-generated,candidates/hjb-primary-ds-v1-p3-089.png,P3-P4 单元涉及时间、测量、分数、几何、面积周长或统计等视觉模型；插图有助于形成正确表征。,一个正方形花坛，边长是9米。小明沿着花坛边缘走了3圈，他一共走了______米。,表现线段、角、圆、长方形、正方形、三角形、组合图形或面积周长示意，精确尺寸和文字后续叠加。
hjb-primary-ds-v1-p3-092,P3,三年级上册（老课本暂用）,长方形与正方形,fill-in,Foundation,B_strong_recommended,recommended,P2,plane_geometry,plane-geometry,geometry-diagram,true,not-generated,candidates/hjb-primary-ds-v1-p3-092.png,P3-P4 单元涉及时间、测量、分数、几何、面积周长或统计等视觉模型；插图有助于形成正确表征。,一个长方形，长是8厘米，宽是5厘米。它的周长是____厘米。,表现线段、角、圆、长方形、正方形、三角形、组合图形或面积周长示意，精确尺寸和文字后续叠加。
hjb-primary-ds-v1-p3-093,P3,三年级上册（老课本暂用）,长方形与正方形,short-answer,Challenge,B_strong_recommended,recommended,P2,plane_geometry,plane-geometry,geometry-diagram,true,not-generated,candidates/hjb-primary-ds-v1-p3-093.png,P3-P4 单元涉及时间、测量、分数、几何、面积周长或统计等视觉模型；插图有助于形成正确表征。,用一根长24厘米的铁丝围成一个长方形，这个长方形的长和宽都是整厘米数。请写出两种不同的围法，并说明每种围法的长和宽各是多少厘米。,表现线段、角、圆、长方形、正方形、三角形、组合图形或面积周长示意，精确尺寸和文字后续叠加。
hjb-primary-ds-v1-p3-094,P3,三年级上册（老课本暂用）,长方形与正方形,multiple-choice,Core,B_strong_recommended,recommended,P2,plane_geometry,plane-geometry,geometry-diagram,true,not-generated,candidates/hjb-primary-ds-v1-p3-094.png,P3-P4 单元涉及时间、测量、分数、几何、面积周长或统计等视觉模型；插图有助于形成正确表征。,一个正方形花坛，边长是6米。小明沿着花坛边缘走了2圈，他一共走了多少米？,表现线段、角、圆、长方形、正方形、三角形、组合图形或面积周长示意，精确尺寸和文字后续叠加。
hjb-primary-ds-v1-p3-095,P3,三年级上册（老课本暂用）,长方形与正方形,fill-in,Foundation,B_strong_recommended,recommended,P2,plane_geometry,plane-geometry,geometry-diagram,true,not-generated,candidates/hjb-primary-ds-v1-p3-095.png,P3-P4 单元涉及时间、测量、分数、几何、面积周长或统计等视觉模型；插图有助于形成正确表征。,一个正方形有____条边，____个角，所有的边都____，所有的角都是____角。,表现线段、角、圆、长方形、正方形、三角形、组合图形或面积周长示意，精确尺寸和文字后续叠加。
hjb-primary-ds-v1-p3-096,P3,三年级上册（老课本暂用）,长方形与正方形,short-answer,Challenge,B_strong_recommended,recommended,P2,plane_geometry,plane-geometry,geometry-diagram,true,not-generated,candidates/hjb-primary-ds-v1-p3-096.png,P3-P4 单元涉及时间、测量、分数、几何、面积周长或统计等视觉模型；插图有助于形成正确表征。,小宇用一根长36厘米的绳子在钉板上围图形。他先围成一个长方形，长是10厘米。接着他把绳子拉直，重新围成一个正方形。这个正方形的边长是多少厘米？请写出你的思考过程。,表现线段、角、圆、长方形、正方形、三角形、组合图形或面积周长示意，精确尺寸和文字后续叠加。
hjb-primary-ds-v1-p3-098,P3,三年级上册（老课本暂用）,长方形与正方形,fill-in,Foundation,B_strong_recommended,recommended,P2,plane_geometry,plane-geometry,geometry-diagram,true,not-generated,candidates/hjb-primary-ds-v1-p3-098.png,P3-P4 单元涉及时间、测量、分数、几何、面积周长或统计等视觉模型；插图有助于形成正确表征。,一个长方形的长是8厘米，宽是5厘米，它的周长是______厘米。,表现线段、角、圆、长方形、正方形、三角形、组合图形或面积周长示意，精确尺寸和文字后续叠加。
hjb-primary-ds-v1-p3-122,P3,三年级上册（老课本暂用）,三年级上册数学广场与整理复习,fill-in,Foundation,B_strong_recommended,recommended,P2,plane_geometry,plane-geometry,geometry-diagram,true,not-generated,candidates/hjb-primary-ds-v1-p3-122.png,P3-P4 单元涉及时间、测量、分数、几何、面积周长或统计等视觉模型；插图有助于形成正确表征。,在数学广场活动中，同学们用火柴棒摆正方形。摆1个正方形需要4根火柴棒，摆2个正方形需要7根火柴棒，摆3个正方形需要10根火柴棒。照这样摆下去，摆5个正方形需要多少根火柴棒？,表现线段、角、圆、长方形、正方形、三角形、组合图形或面积周长示意，精确尺寸和文字后续叠加。
hjb-primary-ds-v1-p3-134,P3,三年级上册（老课本暂用）,三年级上册数学广场与整理复习,fill-in,Foundation,B_strong_recommended,recommended,P2,plane_geometry,plane-geometry,geometry-diagram,true,not-generated,candidates/hjb-primary-ds-v1-p3-134.png,P3-P4 单元涉及时间、测量、分数、几何、面积周长或统计等视觉模型；插图有助于形成正确表征。,在整理复习中，小亚发现一道题：一个正方形的边长是8厘米，它的周长是____厘米。,表现线段、角、圆、长方形、正方形、三角形、组合图形或面积周长示意，精确尺寸和文字后续叠加。
hjb-primary-ds-v1-p3-185,P3,三年级下册,小数的初步认识,multiple-choice,Core,B_strong_recommended,recommended,P2,plane_geometry,plane-geometry,geometry-diagram,true,not-generated,candidates/hjb-primary-ds-v1-p3-185.png,P3-P4 单元涉及时间、测量、分数、几何、面积周长或统计等视觉模型；插图有助于形成正确表征。,小华身高1米3分米，写成小数是（ ）米。,表现线段、角、圆、长方形、正方形、三角形、组合图形或面积周长示意，精确尺寸和文字后续叠加。
hjb-primary-ds-v1-p3-194,P3,三年级下册,面积与周长,fill-in,Foundation,B_strong_recommended,recommended,P2,plane_geometry,plane-geometry,geometry-diagram,true,not-generated,candidates/hjb-primary-ds-v1-p3-194.png,P3-P4 单元涉及时间、测量、分数、几何、面积周长或统计等视觉模型；插图有助于形成正确表征。,一个长方形花坛，长8米，宽5米。这个花坛的面积是多少平方米？,表现线段、角、圆、长方形、正方形、三角形、组合图形或面积周长示意，精确尺寸和文字后续叠加。
hjb-primary-ds-v1-p3-196,P3,三年级下册,面积与周长,fill-in,Foundation,B_strong_recommended,recommended,P2,plane_geometry,plane-geometry,geometry-diagram,true,not-generated,candidates/hjb-primary-ds-v1-p3-196.png,P3-P4 单元涉及时间、测量、分数、几何、面积周长或统计等视觉模型；插图有助于形成正确表征。,用边长1厘米的小正方形铺满一个长方形，每行铺6个，铺了4行。这个长方形的面积是____平方厘米。,表现线段、角、圆、长方形、正方形、三角形、组合图形或面积周长示意，精确尺寸和文字后续叠加。
hjb-primary-ds-v1-p3-198,P3,三年级下册,面积与周长,fill-in,Foundation,B_strong_recommended,recommended,P2,plane_geometry,plane-geometry,geometry-diagram,true,not-generated,candidates/hjb-primary-ds-v1-p3-198.png,P3-P4 单元涉及时间、测量、分数、几何、面积周长或统计等视觉模型；插图有助于形成正确表征。,一个正方形手帕的边长是15厘米，它的面积是____平方厘米。,表现线段、角、圆、长方形、正方形、三角形、组合图形或面积周长示意，精确尺寸和文字后续叠加。
hjb-primary-ds-v1-p3-200,P3,三年级下册,面积与周长,fill-in,Foundation,B_strong_recommended,recommended,P2,plane_geometry,plane-geometry,geometry-diagram,true,not-generated,candidates/hjb-primary-ds-v1-p3-200.png,P3-P4 单元涉及时间、测量、分数、几何、面积周长或统计等视觉模型；插图有助于形成正确表征。,一个长方形桌面长90厘米，宽60厘米。要给桌面配一块同样大小的玻璃，玻璃的面积是____平方厘米。,表现线段、角、圆、长方形、正方形、三角形、组合图形或面积周长示意，精确尺寸和文字后续叠加。
hjb-primary-ds-v1-p3-203,P3,三年级下册,面积与周长,multiple-choice,Core,B_strong_recommended,recommended,P2,plane_geometry,plane-geometry,geometry-diagram,true,not-generated,candidates/hjb-primary-ds-v1-p3-203.png,P3-P4 单元涉及时间、测量、分数、几何、面积周长或统计等视觉模型；插图有助于形成正确表征。,一张长方形纸，长20厘米，宽15厘米。从这张纸上剪下一个最大的正方形，这个正方形的面积是多少？,表现线段、角、圆、长方形、正方形、三角形、组合图形或面积周长示意，精确尺寸和文字后续叠加。
hjb-primary-ds-v1-p3-204,P3,三年级下册,面积与周长,fill-in,Foundation,B_strong_recommended,recommended,P2,plane_geometry,plane-geometry,geometry-diagram,true,not-generated,candidates/hjb-primary-ds-v1-p3-204.png,P3-P4 单元涉及时间、测量、分数、几何、面积周长或统计等视觉模型；插图有助于形成正确表征。,一个正方形手帕的周长是36厘米，它的面积是____平方厘米。,表现线段、角、圆、长方形、正方形、三角形、组合图形或面积周长示意，精确尺寸和文字后续叠加。
hjb-primary-ds-v1-p3-206,P3,三年级下册,面积与周长,fill-in,Foundation,B_strong_recommended,recommended,P2,plane_geometry,plane-geometry,geometry-diagram,true,not-generated,candidates/hjb-primary-ds-v1-p3-206.png,P3-P4 单元涉及时间、测量、分数、几何、面积周长或统计等视觉模型；插图有助于形成正确表征。,用边长1厘米的小正方形铺满一个长方形，每行铺8个，铺了5行。这个长方形的面积是______平方厘米。,表现线段、角、圆、长方形、正方形、三角形、组合图形或面积周长示意，精确尺寸和文字后续叠加。
hjb-primary-ds-v1-p3-208,P3,三年级下册,面积与周长,fill-in,Foundation,B_strong_recommended,recommended,P2,plane_geometry,plane-geometry,geometry-diagram,true,not-generated,candidates/hjb-primary-ds-v1-p3-208.png,P3-P4 单元涉及时间、测量、分数、几何、面积周长或统计等视觉模型；插图有助于形成正确表征。,一个正方形手帕的边长是25厘米，它的面积是______平方厘米。,表现线段、角、圆、长方形、正方形、三角形、组合图形或面积周长示意，精确尺寸和文字后续叠加。
hjb-primary-ds-v1-p3-209,P3,三年级下册,面积与周长,multiple-choice,Core,B_strong_recommended,recommended,P2,plane_geometry,plane-geometry,geometry-diagram,true,not-generated,candidates/hjb-primary-ds-v1-p3-209.png,P3-P4 单元涉及时间、测量、分数、几何、面积周长或统计等视觉模型；插图有助于形成正确表征。,用一根铁丝围成一个长10厘米、宽6厘米的长方形框架，这根铁丝的长度是（ ）。,表现线段、角、圆、长方形、正方形、三角形、组合图形或面积周长示意，精确尺寸和文字后续叠加。
hjb-primary-ds-v1-p3-210,P3,三年级下册,面积与周长,fill-in,Foundation,B_strong_recommended,recommended,P2,plane_geometry,plane-geometry,geometry-diagram,true,not-generated,candidates/hjb-primary-ds-v1-p3-210.png,P3-P4 单元涉及时间、测量、分数、几何、面积周长或统计等视觉模型；插图有助于形成正确表征。,一块长方形菜地长12米、宽8米，它的周长是______米。,表现线段、角、圆、长方形、正方形、三角形、组合图形或面积周长示意，精确尺寸和文字后续叠加。
hjb-primary-ds-v1-p3-212,P3,三年级下册,面积与周长,fill-in,Foundation,B_strong_recommended,recommended,P2,plane_geometry,plane-geometry,geometry-diagram,true,not-generated,candidates/hjb-primary-ds-v1-p3-212.png,P3-P4 单元涉及时间、测量、分数、几何、面积周长或统计等视觉模型；插图有助于形成正确表征。,用边长1厘米的小正方形铺一个长6厘米、宽4厘米的长方形，一共需要（ ）个小正方形，这个长方形的面积是（ ）平方厘米。,表现线段、角、圆、长方形、正方形、三角形、组合图形或面积周长示意，精确尺寸和文字后续叠加。
hjb-primary-ds-v1-p3-243,P3,三年级下册,三年级下册数学广场与整理复习,multiple-choice,Core,B_strong_recommended,recommended,P2,plane_geometry,plane-geometry,geometry-diagram,true,not-generated,candidates/hjb-primary-ds-v1-p3-243.png,P3-P4 单元涉及时间、测量、分数、几何、面积周长或统计等视觉模型；插图有助于形成正确表征。,学校要给一块正方形草坪围上篱笆，草坪的面积是49平方米。小亚说：“篱笆的长度就是49米。”小丁说：“不对，要先求出边长再算周长。”谁说得对？为什么？,表现线段、角、圆、长方形、正方形、三角形、组合图形或面积周长示意，精确尺寸和文字后续叠加。
hjb-primary-ds-v1-p3-244,P3,三年级下册,三年级下册数学广场与整理复习,multiple-choice,Core,B_strong_recommended,recommended,P2,plane_geometry,plane-geometry,geometry-diagram,true,not-generated,candidates/hjb-primary-ds-v1-p3-244.png,P3-P4 单元涉及时间、测量、分数、几何、面积周长或统计等视觉模型；插图有助于形成正确表征。,老师让同学们整理本学期学过的内容。小丁把“比较小数大小”归到了“数与运算”，把“计算长方形面积”归到了“图形与几何”。小胖把“统计天气情况”归到了“图形与几何”。谁归错了？,表现线段、角、圆、长方形、正方形、三角形、组合图形或面积周长示意，精确尺寸和文字后续叠加。
hjb-primary-ds-v1-p3-245,P3,三年级下册,三年级下册数学广场与整理复习,multiple-choice,Core,B_strong_recommended,recommended,P2,plane_geometry,plane-geometry,geometry-diagram,true,not-generated,candidates/hjb-primary-ds-v1-p3-245.png,P3-P4 单元涉及时间、测量、分数、几何、面积周长或统计等视觉模型；插图有助于形成正确表征。,在数学广场活动中，老师给出了一组图形：第一个图形由1个小正方形组成，第二个由4个小正方形组成，第三个由9个小正方形组成。按照这个规律，第5个图形由多少个小正方形组成？,表现线段、角、圆、长方形、正方形、三角形、组合图形或面积周长示意，精确尺寸和文字后续叠加。
hjb-primary-ds-v1-p3-246,P3,三年级下册,三年级下册数学广场与整理复习,multiple-choice,Core,B_strong_recommended,recommended,P2,plane_geometry,plane-geometry,geometry-diagram,true,not-generated,candidates/hjb-primary-ds-v1-p3-246.png,P3-P4 单元涉及时间、测量、分数、几何、面积周长或统计等视觉模型；插图有助于形成正确表征。,小丁在整理复习时写了两句话：① 小数都比整数小。② 边长4米的正方形，它的周长和面积相等。他写得对吗？,表现线段、角、圆、长方形、正方形、三角形、组合图形或面积周长示意，精确尺寸和文字后续叠加。
hjb-primary-ds-v1-p4-024,P4,四年级上册,数与量,short-answer,Exam,B_strong_recommended,recommended,P2,plane_geometry,plane-geometry,geometry-diagram,true,not-generated,candidates/hjb-primary-ds-v1-p4-024.png,P3-P4 单元涉及时间、测量、分数、几何、面积周长或统计等视觉模型；插图有助于形成正确表征。,一个大型仓库的占地面积约为50000平方米，合多少平方千米？,表现线段、角、圆、长方形、正方形、三角形、组合图形或面积周长示意，精确尺寸和文字后续叠加。
hjb-primary-ds-v1-p4-044,P4,四年级上册,数与量,fill-in,Exam,B_strong_recommended,recommended,P2,plane_geometry,plane-geometry,geometry-diagram,true,not-generated,candidates/hjb-primary-ds-v1-p4-044.png,P3-P4 单元涉及时间、测量、分数、几何、面积周长或统计等视觉模型；插图有助于形成正确表征。,在括号里填上合适的单位。 （1）一个标准足球场的面积约是7000（ ）。 （2）一瓶矿泉水的容量约是550（ ）。 （3）一头大象的体重约是5（ ）。,表现线段、角、圆、长方形、正方形、三角形、组合图形或面积周长示意，精确尺寸和文字后续叠加。
hjb-primary-ds-v1-p4-094,P4,四年级上册,几何小实践,multiple-choice,Core,B_strong_recommended,recommended,P2,plane_geometry,plane-geometry,geometry-diagram,true,not-generated,candidates/hjb-primary-ds-v1-p4-094.png,P3-P4 单元涉及时间、测量、分数、几何、面积周长或统计等视觉模型；插图有助于形成正确表征。,下列说法正确的是哪一个？,表现线段、角、圆、长方形、正方形、三角形、组合图形或面积周长示意，精确尺寸和文字后续叠加。
hjb-primary-ds-v1-p4-095,P4,四年级上册,几何小实践,fill-in,Foundation,B_strong_recommended,recommended,P2,plane_geometry,plane-geometry,geometry-diagram,true,not-generated,candidates/hjb-primary-ds-v1-p4-095.png,P3-P4 单元涉及时间、测量、分数、几何、面积周长或统计等视觉模型；插图有助于形成正确表征。,一个周角等于______个平角，等于______个直角。,表现线段、角、圆、长方形、正方形、三角形、组合图形或面积周长示意，精确尺寸和文字后续叠加。
hjb-primary-ds-v1-p4-098,P4,四年级上册,几何小实践,fill-in,Foundation,B_strong_recommended,recommended,P2,plane_geometry,plane-geometry,geometry-diagram,true,not-generated,candidates/hjb-primary-ds-v1-p4-098.png,P3-P4 单元涉及时间、测量、分数、几何、面积周长或统计等视觉模型；插图有助于形成正确表征。,一个角的两条边都是射线，角的大小与边的长短无关，只与两条边______的大小有关。,表现线段、角、圆、长方形、正方形、三角形、组合图形或面积周长示意，精确尺寸和文字后续叠加。
hjb-primary-ds-v1-p4-099,P4,四年级上册,几何小实践,short-answer,Challenge,B_strong_recommended,recommended,P2,plane_geometry,plane-geometry,geometry-diagram,true,not-generated,candidates/hjb-primary-ds-v1-p4-099.png,P3-P4 单元涉及时间、测量、分数、几何、面积周长或统计等视觉模型；插图有助于形成正确表征。,小圆用量角器量一个角时，把量角器的中心与角的顶点重合，0°刻度线与角的一条边重合，角的另一条边指向130°。小圆说这个角是130°。小方用同样的方法量同一个角，却得到50°。谁对？为什么？,表现线段、角、圆、长方形、正方形、三角形、组合图形或面积周长示意，精确尺寸和文字后续叠加。
hjb-primary-ds-v1-p4-101,P4,四年级上册,几何小实践,fill-in,Foundation,B_strong_recommended,recommended,P2,plane_geometry,plane-geometry,geometry-diagram,true,not-generated,candidates/hjb-primary-ds-v1-p4-101.png,P3-P4 单元涉及时间、测量、分数、几何、面积周长或统计等视觉模型；插图有助于形成正确表征。,从一点引出两条（ ）所组成的图形叫做角。,表现线段、角、圆、长方形、正方形、三角形、组合图形或面积周长示意，精确尺寸和文字后续叠加。
hjb-primary-ds-v1-p4-102,P4,四年级上册,几何小实践,short-answer,Challenge,B_strong_recommended,recommended,P2,plane_geometry,plane-geometry,geometry-diagram,true,not-generated,candidates/hjb-primary-ds-v1-p4-102.png,P3-P4 单元涉及时间、测量、分数、几何、面积周长或统计等视觉模型；插图有助于形成正确表征。,用一副三角尺可以拼出多少个不同的钝角？请写出所有可能拼出的钝角的度数。（三角尺上各个角的度数分别为30°、60°、90°和45°、45°、90°）,表现线段、角、圆、长方形、正方形、三角形、组合图形或面积周长示意，精确尺寸和文字后续叠加。
hjb-primary-ds-v1-p4-104,P4,四年级上册,几何小实践,fill-in,Foundation,B_strong_recommended,recommended,P2,plane_geometry,plane-geometry,geometry-diagram,true,not-generated,candidates/hjb-primary-ds-v1-p4-104.png,P3-P4 单元涉及时间、测量、分数、几何、面积周长或统计等视觉模型；插图有助于形成正确表征。,线段有（ ）个端点，射线有（ ）个端点。,表现线段、角、圆、长方形、正方形、三角形、组合图形或面积周长示意，精确尺寸和文字后续叠加。
hjb-primary-ds-v1-p4-105,P4,四年级上册,几何小实践,short-answer,Challenge,B_strong_recommended,recommended,P2,plane_geometry,plane-geometry,geometry-diagram,true,not-generated,candidates/hjb-primary-ds-v1-p4-105.png,P3-P4 单元涉及时间、测量、分数、几何、面积周长或统计等视觉模型；插图有助于形成正确表征。,已知∠1和∠2组成一个平角，∠1的度数是∠2的3倍，求∠1和∠2的度数。,表现线段、角、圆、长方形、正方形、三角形、组合图形或面积周长示意，精确尺寸和文字后续叠加。
hjb-primary-ds-v1-p4-107,P4,四年级上册,几何小实践,fill-in,Foundation,B_strong_recommended,recommended,P2,plane_geometry,plane-geometry,geometry-diagram,true,not-generated,candidates/hjb-primary-ds-v1-p4-107.png,P3-P4 单元涉及时间、测量、分数、几何、面积周长或统计等视觉模型；插图有助于形成正确表征。,手电筒射出的光线可以看作一条（ ）。,表现线段、角、圆、长方形、正方形、三角形、组合图形或面积周长示意，精确尺寸和文字后续叠加。
hjb-primary-ds-v1-p4-108,P4,四年级上册,几何小实践,short-answer,Challenge,B_strong_recommended,recommended,P2,plane_geometry,plane-geometry,geometry-diagram,true,not-generated,candidates/hjb-primary-ds-v1-p4-108.png,P3-P4 单元涉及时间、测量、分数、几何、面积周长或统计等视觉模型；插图有助于形成正确表征。,小胖用量角器量一个角时，把量角器的中心与角的顶点重合，0°刻度线与角的一条边重合，角的另一条边指向内圈刻度135°。小丁量同一个角时，也把中心和顶点重合，0°刻度线与角的一条边重合，但他看的是外圈刻度。请问小丁看到的外圈刻度是多少度？请写出你的思考过程。,表现线段、角、圆、长方形、正方形、三角形、组合图形或面积周长示意，精确尺寸和文字后续叠加。
hjb-primary-ds-v1-p4-110,P4,四年级上册,几何小实践,fill-in,Foundation,B_strong_recommended,recommended,P2,plane_geometry,plane-geometry,geometry-diagram,true,not-generated,candidates/hjb-primary-ds-v1-p4-110.png,P3-P4 单元涉及时间、测量、分数、几何、面积周长或统计等视觉模型；插图有助于形成正确表征。,经过两点可以画（ ）条直线。,表现线段、角、圆、长方形、正方形、三角形、组合图形或面积周长示意，精确尺寸和文字后续叠加。
hjb-primary-ds-v1-p4-113,P4,四年级上册,几何小实践,fill-in,Foundation,B_strong_recommended,recommended,P2,plane_geometry,plane-geometry,geometry-diagram,true,not-generated,candidates/hjb-primary-ds-v1-p4-113.png,P3-P4 单元涉及时间、测量、分数、几何、面积周长或统计等视觉模型；插图有助于形成正确表征。,一个周角等于______个平角，也等于______个直角。,表现线段、角、圆、长方形、正方形、三角形、组合图形或面积周长示意，精确尺寸和文字后续叠加。
hjb-primary-ds-v1-p4-114,P4,四年级上册,几何小实践,short-answer,Challenge,B_strong_recommended,recommended,P2,plane_geometry,plane-geometry,geometry-diagram,true,not-generated,candidates/hjb-primary-ds-v1-p4-114.png,P3-P4 单元涉及时间、测量、分数、几何、面积周长或统计等视觉模型；插图有助于形成正确表征。,小胖画了一个三角形ABC，其中∠A=50°，∠B=60°。他用量角器量出∠C的度数后，发现三角形三个内角的和是180°。请计算∠C的度数，并说明你用的推理方法。,表现线段、角、圆、长方形、正方形、三角形、组合图形或面积周长示意，精确尺寸和文字后续叠加。
hjb-primary-ds-v1-p4-115,P4,四年级上册,几何小实践,multiple-choice,Core,B_strong_recommended,recommended,P2,plane_geometry,plane-geometry,geometry-diagram,true,not-generated,candidates/hjb-primary-ds-v1-p4-115.png,P3-P4 单元涉及时间、测量、分数、几何、面积周长或统计等视觉模型；插图有助于形成正确表征。,下列说法中，哪一项是正确的？,表现线段、角、圆、长方形、正方形、三角形、组合图形或面积周长示意，精确尺寸和文字后续叠加。
hjb-primary-ds-v1-p4-116,P4,四年级上册,四年级上册整理与提高,fill-in,Foundation,B_strong_recommended,recommended,P2,plane_geometry,plane-geometry,geometry-diagram,true,not-generated,candidates/hjb-primary-ds-v1-p4-116.png,P3-P4 单元涉及时间、测量、分数、几何、面积周长或统计等视觉模型；插图有助于形成正确表征。,把 3849600 四舍五入到万位，得到的近似数是（ ）万。,表现线段、角、圆、长方形、正方形、三角形、组合图形或面积周长示意，精确尺寸和文字后续叠加。
hjb-primary-ds-v1-p4-117,P4,四年级上册,四年级上册整理与提高,short-answer,Challenge,B_strong_recommended,recommended,P2,plane_geometry,plane-geometry,geometry-diagram,true,not-generated,candidates/hjb-primary-ds-v1-p4-117.png,P3-P4 单元涉及时间、测量、分数、几何、面积周长或统计等视觉模型；插图有助于形成正确表征。,一个数由5个千万、3个十万、8个万和6个千组成。写出这个数，并把它四舍五入到十万位。,表现线段、角、圆、长方形、正方形、三角形、组合图形或面积周长示意，精确尺寸和文字后续叠加。
hjb-primary-ds-v1-p4-125,P4,四年级上册,四年级上册整理与提高,fill-in,Foundation,B_strong_recommended,recommended,P2,plane_geometry,plane-geometry,geometry-diagram,true,not-generated,candidates/hjb-primary-ds-v1-p4-125.png,P3-P4 单元涉及时间、测量、分数、几何、面积周长或统计等视觉模型；插图有助于形成正确表征。,估测一下，你所在教室黑板的面积大约是多少？请写出你估测的方法和结果。,表现线段、角、圆、长方形、正方形、三角形、组合图形或面积周长示意，精确尺寸和文字后续叠加。
hjb-primary-ds-v1-p4-126,P4,四年级上册,四年级上册整理与提高,short-answer,Challenge,B_strong_recommended,recommended,P2,plane_geometry,plane-geometry,geometry-diagram,true,not-generated,candidates/hjb-primary-ds-v1-p4-126.png,P3-P4 单元涉及时间、测量、分数、几何、面积周长或统计等视觉模型；插图有助于形成正确表征。,学校图书馆有藏书 384 592 本。请你把这个数分别用“四舍五入法”和“去尾法”凑整到万位，并写出两个结果。然后想一想：如果图书馆计划再购买一些新书，使藏书总数达到 40 万本，至少需要购买多少本？请写出你的计算过程。,表现线段、角、圆、长方形、正方形、三角形、组合图形或面积周长示意，精确尺寸和文字后续叠加。
hjb-primary-ds-v1-p4-128,P4,四年级上册,四年级上册整理与提高,fill-in,Foundation,B_strong_recommended,recommended,P2,plane_geometry,plane-geometry,geometry-diagram,true,not-generated,candidates/hjb-primary-ds-v1-p4-128.png,P3-P4 单元涉及时间、测量、分数、几何、面积周长或统计等视觉模型；插图有助于形成正确表征。,一个数由 5 个百万、3 个万和 6 个千组成，这个数写作 ________。,表现线段、角、圆、长方形、正方形、三角形、组合图形或面积周长示意，精确尺寸和文字后续叠加。
hjb-primary-ds-v1-p4-130,P4,四年级上册,四年级上册整理与提高,multiple-choice,Foundation,B_strong_recommended,recommended,P2,plane_geometry,plane-geometry,geometry-diagram,true,not-generated,candidates/hjb-primary-ds-v1-p4-130.png,P3-P4 单元涉及时间、测量、分数、几何、面积周长或统计等视觉模型；插图有助于形成正确表征。,小胖在计算 125 × 24 时，想到了两种不同的方法。方法一：125 × 24 = 125 × 8 × 3 = 1000 × 3 = 3000。方法二：125 × 24 = 125 × (20 + 4) = 125 × 20 + 125 × 4 = 2500 + 500 = 3000。这两种方法分别运用了什么运算定律？,表现线段、角、圆、长方形、正方形、三角形、组合图形或面积周长示意，精确尺寸和文字后续叠加。
hjb-primary-ds-v1-p4-131,P4,四年级上册,四年级上册整理与提高,fill-in,Core,B_strong_recommended,recommended,P2,plane_geometry,plane-geometry,geometry-diagram,true,not-generated,candidates/hjb-primary-ds-v1-p4-131.png,P3-P4 单元涉及时间、测量、分数、几何、面积周长或统计等视觉模型；插图有助于形成正确表征。,把 384720 四舍五入到万位，得到的近似数是______万。,表现线段、角、圆、长方形、正方形、三角形、组合图形或面积周长示意，精确尺寸和文字后续叠加。
hjb-primary-ds-v1-p4-208,P4,四年级下册,几何小实践,fill-in,Foundation,B_strong_recommended,recommended,P2,plane_geometry,plane-geometry,geometry-diagram,true,not-generated,candidates/hjb-primary-ds-v1-p4-208.png,P3-P4 单元涉及时间、测量、分数、几何、面积周长或统计等视觉模型；插图有助于形成正确表征。,用三角尺画一条直线L的垂线时，应该把三角尺的一条（ ）边与直线L重合，然后沿另一条直角边画线。,表现线段、角、圆、长方形、正方形、三角形、组合图形或面积周长示意，精确尺寸和文字后续叠加。
hjb-primary-ds-v1-p4-210,P4,四年级下册,几何小实践,fill-in,Foundation,B_strong_recommended,recommended,P2,plane_geometry,plane-geometry,geometry-diagram,true,not-generated,candidates/hjb-primary-ds-v1-p4-210.png,P3-P4 单元涉及时间、测量、分数、几何、面积周长或统计等视觉模型；插图有助于形成正确表征。,在同一平面内，如果直线a垂直于直线b，直线b垂直于直线c，那么直线a和直线c互相（ ）。,表现线段、角、圆、长方形、正方形、三角形、组合图形或面积周长示意，精确尺寸和文字后续叠加。
hjb-primary-ds-v1-p4-212,P4,四年级下册,几何小实践,fill-in,Foundation,B_strong_recommended,recommended,P2,plane_geometry,plane-geometry,geometry-diagram,true,not-generated,candidates/hjb-primary-ds-v1-p4-212.png,P3-P4 单元涉及时间、测量、分数、几何、面积周长或统计等视觉模型；插图有助于形成正确表征。,用三角尺画一条直线L的垂线时，三角尺的直角边应该与直线L怎样放置？,表现线段、角、圆、长方形、正方形、三角形、组合图形或面积周长示意，精确尺寸和文字后续叠加。
hjb-primary-ds-v1-p4-214,P4,四年级下册,几何小实践,fill-in,Foundation,B_strong_recommended,recommended,P2,plane_geometry,plane-geometry,geometry-diagram,true,not-generated,candidates/hjb-primary-ds-v1-p4-214.png,P3-P4 单元涉及时间、测量、分数、几何、面积周长或统计等视觉模型；插图有助于形成正确表征。,在同一平面内，如果直线a与直线b互相垂直，直线b与直线c互相垂直，那么直线a与直线c的位置关系是______。,表现线段、角、圆、长方形、正方形、三角形、组合图形或面积周长示意，精确尺寸和文字后续叠加。
hjb-primary-ds-v1-p4-215,P4,四年级下册,几何小实践,multiple-choice,Core,B_strong_recommended,recommended,P2,plane_geometry,plane-geometry,geometry-diagram,true,not-generated,candidates/hjb-primary-ds-v1-p4-215.png,P3-P4 单元涉及时间、测量、分数、几何、面积周长或统计等视觉模型；插图有助于形成正确表征。,用三角尺和直尺画平行线时，第一步应该做什么？ A. 用三角尺的一条直角边贴住直尺 B. 用三角尺画一条直线 C. 用直尺画一条直线 D. 把三角尺和直尺分开,表现线段、角、圆、长方形、正方形、三角形、组合图形或面积周长示意，精确尺寸和文字后续叠加。
hjb-primary-ds-v1-p4-216,P4,四年级下册,几何小实践,fill-in,Foundation,B_strong_recommended,recommended,P2,plane_geometry,plane-geometry,geometry-diagram,true,not-generated,candidates/hjb-primary-ds-v1-p4-216.png,P3-P4 单元涉及时间、测量、分数、几何、面积周长或统计等视觉模型；插图有助于形成正确表征。,在同一平面内，如果两条直线相交成直角，就说这两条直线互相______。,表现线段、角、圆、长方形、正方形、三角形、组合图形或面积周长示意，精确尺寸和文字后续叠加。
hjb-primary-ds-v1-p4-218,P4,四年级下册,几何小实践,fill-in,Foundation,B_strong_recommended,recommended,P2,plane_geometry,plane-geometry,geometry-diagram,true,not-generated,candidates/hjb-primary-ds-v1-p4-218.png,P3-P4 单元涉及时间、测量、分数、几何、面积周长或统计等视觉模型；插图有助于形成正确表征。,用三角尺画垂线时，需要将三角尺的一条直角边与已知直线______。,表现线段、角、圆、长方形、正方形、三角形、组合图形或面积周长示意，精确尺寸和文字后续叠加。
hjb-primary-ds-v1-p4-220,P4,四年级下册,几何小实践,fill-in,Foundation,B_strong_recommended,recommended,P2,plane_geometry,plane-geometry,geometry-diagram,true,not-generated,candidates/hjb-primary-ds-v1-p4-220.png,P3-P4 单元涉及时间、测量、分数、几何、面积周长或统计等视觉模型；插图有助于形成正确表征。,在同一平面内，过直线外一点可以画______条直线与已知直线平行。,表现线段、角、圆、长方形、正方形、三角形、组合图形或面积周长示意，精确尺寸和文字后续叠加。
hjb-primary-ds-v1-p4-222,P4,四年级下册,几何小实践,fill-in,Foundation,B_strong_recommended,recommended,P2,plane_geometry,plane-geometry,geometry-diagram,true,not-generated,candidates/hjb-primary-ds-v1-p4-222.png,P3-P4 单元涉及时间、测量、分数、几何、面积周长或统计等视觉模型；插图有助于形成正确表征。,在同一平面内，不相交的两条直线叫做（ ）。,表现线段、角、圆、长方形、正方形、三角形、组合图形或面积周长示意，精确尺寸和文字后续叠加。
hjb-primary-ds-v1-p4-224,P4,四年级下册,几何小实践,fill-in,Foundation,B_strong_recommended,recommended,P2,plane_geometry,plane-geometry,geometry-diagram,true,not-generated,candidates/hjb-primary-ds-v1-p4-224.png,P3-P4 单元涉及时间、测量、分数、几何、面积周长或统计等视觉模型；插图有助于形成正确表征。,过直线外一点画已知直线的平行线，一般需要用到（ ）和三角尺。,表现线段、角、圆、长方形、正方形、三角形、组合图形或面积周长示意，精确尺寸和文字后续叠加。
hjb-primary-ds-v1-p4-228,P4,四年级下册,几何小实践,fill-in,Core,B_strong_recommended,recommended,P2,plane_geometry,plane-geometry,geometry-diagram,true,not-generated,candidates/hjb-primary-ds-v1-p4-228.png,P3-P4 单元涉及时间、测量、分数、几何、面积周长或统计等视觉模型；插图有助于形成正确表征。,在同一平面内，有两条直线a和b。已知直线a与直线b互相垂直，且直线b与直线c互相平行。那么直线a与直线c的位置关系是什么？请填写“垂直”或“平行”。,表现线段、角、圆、长方形、正方形、三角形、组合图形或面积周长示意，精确尺寸和文字后续叠加。
hjb-primary-ds-v1-p4-231,P4,四年级下册,四年级下册整理与提高,multiple-choice,Core,B_strong_recommended,recommended,P2,plane_geometry,plane-geometry,geometry-diagram,true,not-generated,candidates/hjb-primary-ds-v1-p4-231.png,P3-P4 单元涉及时间、测量、分数、几何、面积周长或统计等视觉模型；插图有助于形成正确表征。,在计算一道小数加法时，小马虎把其中一个加数3.68看成了3.86，得到的和是7.95。正确的和应该是多少？,表现线段、角、圆、长方形、正方形、三角形、组合图形或面积周长示意，精确尺寸和文字后续叠加。
hjb-primary-ds-v1-p4-232,P4,四年级下册,四年级下册整理与提高,fill-in,Core,B_strong_recommended,recommended,P2,plane_geometry,plane-geometry,geometry-diagram,true,not-generated,candidates/hjb-primary-ds-v1-p4-232.png,P3-P4 单元涉及时间、测量、分数、几何、面积周长或统计等视觉模型；插图有助于形成正确表征。,把4.596精确到百分位，得到的近似数是______。,表现线段、角、圆、长方形、正方形、三角形、组合图形或面积周长示意，精确尺寸和文字后续叠加。
hjb-primary-ds-v1-p4-236,P4,四年级下册,四年级下册整理与提高,fill-in,Core,B_strong_recommended,recommended,P2,plane_geometry,plane-geometry,geometry-diagram,true,not-generated,candidates/hjb-primary-ds-v1-p4-236.png,P3-P4 单元涉及时间、测量、分数、几何、面积周长或统计等视觉模型；插图有助于形成正确表征。,小胖用“五舍六入”法将一个小数保留一位小数后得到 3.5。这个小数最大可能是多少？,表现线段、角、圆、长方形、正方形、三角形、组合图形或面积周长示意，精确尺寸和文字后续叠加。
hjb-primary-ds-v1-p4-239,P4,四年级下册,四年级下册整理与提高,multiple-choice,Core,B_strong_recommended,recommended,P2,plane_geometry,plane-geometry,geometry-diagram,true,not-generated,candidates/hjb-primary-ds-v1-p4-239.png,P3-P4 单元涉及时间、测量、分数、几何、面积周长或统计等视觉模型；插图有助于形成正确表征。,小亚在计算 12.56 + 7.4 时，得到的和是 20.00。她算得对吗？,表现线段、角、圆、长方形、正方形、三角形、组合图形或面积周长示意，精确尺寸和文字后续叠加。
hjb-primary-ds-v1-p4-240,P4,四年级下册,四年级下册整理与提高,fill-in,Core,B_strong_recommended,recommended,P2,plane_geometry,plane-geometry,geometry-diagram,true,not-generated,candidates/hjb-primary-ds-v1-p4-240.png,P3-P4 单元涉及时间、测量、分数、几何、面积周长或统计等视觉模型；插图有助于形成正确表征。,学校图书馆有一批新书，故事书有 125 本，科技书比故事书的 2 倍少 18 本。科技书有多少本？,表现线段、角、圆、长方形、正方形、三角形、组合图形或面积周长示意，精确尺寸和文字后续叠加。
hjb-primary-ds-v1-p4-241,P4,四年级下册,四年级下册整理与提高,multiple-choice,Core,B_strong_recommended,recommended,P2,plane_geometry,plane-geometry,geometry-diagram,true,not-generated,candidates/hjb-primary-ds-v1-p4-241.png,P3-P4 单元涉及时间、测量、分数、几何、面积周长或统计等视觉模型；插图有助于形成正确表征。,在计算小数近似数时，小马虎把“五舍六入”的规则用错了。他把3.546保留一位小数，结果写成了3.5。正确的近似数应该是多少？,表现线段、角、圆、长方形、正方形、三角形、组合图形或面积周长示意，精确尺寸和文字后续叠加。
hjb-primary-ds-v1-p5-015,P5,五年级上册,小数乘除法与估算,short-answer,Challenge,B_strong_recommended,recommended,P2,plane_geometry,plane-geometry,geometry-diagram,true,not-generated,candidates/hjb-primary-ds-v1-p5-015.png,P5-P6 题目包含几何/统计/体积等视觉对象；配图可提升建模、空间想象和后续 GPT Image2 生成复用价值。,一个长方形的面积是 7.2 平方米，长是 3.6 米。如果宽不变，长增加 1.2 米，那么新的长方形面积是多少平方米？请先写出数量关系，再列式计算。,表现线段、角、圆、长方形、正方形、三角形、组合图形或面积周长示意，精确尺寸和文字后续叠加。
hjb-primary-ds-v1-p5-027,P5,五年级上册,小数乘除法与估算,short-answer,Challenge,B_strong_recommended,recommended,P2,plane_geometry,plane-geometry,geometry-diagram,true,not-generated,candidates/hjb-primary-ds-v1-p5-027.png,P5-P6 题目包含几何/统计/体积等视觉对象；配图可提升建模、空间想象和后续 GPT Image2 生成复用价值。,一个长方形的面积是 8.64 平方米，宽是 2.4 米。它的长是多少米？先估算再计算，并说明估算方法。,表现线段、角、圆、长方形、正方形、三角形、组合图形或面积周长示意，精确尺寸和文字后续叠加。
hjb-primary-ds-v1-p5-038,P5,五年级上册,用字母表示数与简易方程,fill-in,Foundation,B_strong_recommended,recommended,P2,plane_geometry,plane-geometry,geometry-diagram,true,not-generated,candidates/hjb-primary-ds-v1-p5-038.png,P5-P6 题目包含几何/统计/体积等视觉对象；配图可提升建模、空间想象和后续 GPT Image2 生成复用价值。,一个长方形的长是宽的2倍，周长是36厘米。设宽为x厘米，则长为______厘米，列出方程______。,表现线段、角、圆、长方形、正方形、三角形、组合图形或面积周长示意，精确尺寸和文字后续叠加。
hjb-primary-ds-v1-p5-060,P5,五年级上册,用字母表示数与简易方程,short-answer,Exam,B_strong_recommended,recommended,P2,plane_geometry,plane-geometry,geometry-diagram,true,not-generated,candidates/hjb-primary-ds-v1-p5-060.png,P5-P6 题目包含几何/统计/体积等视觉对象；配图可提升建模、空间想象和后续 GPT Image2 生成复用价值。,一个长方形的周长是36厘米，长是宽的2倍。设宽为x厘米，列出方程并求出长和宽。,表现线段、角、圆、长方形、正方形、三角形、组合图形或面积周长示意，精确尺寸和文字后续叠加。
hjb-primary-ds-v1-p5-152,P5,五年级下册,因数、倍数与数的结构,fill-in,Challenge,B_strong_recommended,recommended,P2,plane_geometry,plane-geometry,geometry-diagram,true,not-generated,candidates/hjb-primary-ds-v1-p5-152.png,P5-P6 题目包含几何/统计/体积等视觉对象；配图可提升建模、空间想象和后续 GPT Image2 生成复用价值。,一个长方形的长和宽都是整厘米数，面积是48平方厘米。这个长方形的长和宽的最大公因数可能是多少？请写出所有可能的值，用逗号分隔。,表现线段、角、圆、长方形、正方形、三角形、组合图形或面积周长示意，精确尺寸和文字后续叠加。
hjb-primary-ds-v1-p6-079,P6,六年级下册,比与比例,multiple-choice,Foundation,B_strong_recommended,recommended,P2,plane_geometry,plane-geometry,geometry-diagram,true,not-generated,candidates/hjb-primary-ds-v1-p6-079.png,P5-P6 题目包含几何/统计/体积等视觉对象；配图可提升建模、空间想象和后续 GPT Image2 生成复用价值。,一个三角形三个内角的度数比是2:3:4，这个三角形是（ ）。,表现线段、角、圆、长方形、正方形、三角形、组合图形或面积周长示意，精确尺寸和文字后续叠加。
hjb-primary-ds-v1-p6-187,P6,六年级下册,简单的代数式,multiple-choice,Core,B_strong_recommended,recommended,P2,plane_geometry,plane-geometry,geometry-diagram,true,not-generated,candidates/hjb-primary-ds-v1-p6-187.png,P5-P6 题目包含几何/统计/体积等视觉对象；配图可提升建模、空间想象和后续 GPT Image2 生成复用价值。,长方形的长是 x 厘米，宽是 y 厘米，它的周长用代数式表示是（ ）。,表现线段、角、圆、长方形、正方形、三角形、组合图形或面积周长示意，精确尺寸和文字后续叠加。
hjb-primary-ds-v1-p6-194,P6,六年级下册,简单的代数式,fill-in,Core,B_strong_recommended,recommended,P2,plane_geometry,plane-geometry,geometry-diagram,true,not-generated,candidates/hjb-primary-ds-v1-p6-194.png,P5-P6 题目包含几何/统计/体积等视觉对象；配图可提升建模、空间想象和后续 GPT Image2 生成复用价值。,一个长方形的长是 a 厘米，宽是 b 厘米，它的周长是（ ）厘米。,表现线段、角、圆、长方形、正方形、三角形、组合图形或面积周长示意，精确尺寸和文字后续叠加。
hjb-primary-ds-v1-p2-093,P2,二年级上册,分类与整理,short-answer,Core,B_strong_recommended,recommended,P2,sorting_data_chart,sorting-data-chart,chart,true,not-generated,candidates/hjb-primary-ds-v1-p2-093.png,P1-P2 题目以具象数量、操作、分类、购物或生活场景为主；文字可作答，但插图能显著降低读题负担。,老师带来一些图形：红色三角形、蓝色三角形、红色正方形、蓝色正方形、红色圆形、蓝色圆形。请你按颜色分类，并说出每类各有多少个。,表现分类物品、象形统计、条形图或折线图底图；坐标轴、分类名、数值和标题后续叠加。
hjb-primary-ds-v1-p2-101,P2,二年级上册,分类与整理,fill-in,Core,B_strong_recommended,recommended,P2,sorting_data_chart,sorting-data-chart,chart,true,not-generated,candidates/hjb-primary-ds-v1-p2-101.png,P1-P2 题目以具象数量、操作、分类、购物或生活场景为主；文字可作答，但插图能显著降低读题负担。,小丽把班级图书角的书按种类整理：故事书有9本，科普书有6本，漫画书有4本。图书角这三类书一共有多少本？,表现分类物品、象形统计、条形图或折线图底图；坐标轴、分类名、数值和标题后续叠加。
hjb-primary-ds-v1-p2-115,P2,二年级上册,分类与整理,multiple-choice,Core,B_strong_recommended,recommended,P2,sorting_data_chart,sorting-data-chart,chart,true,not-generated,candidates/hjb-primary-ds-v1-p2-115.png,P1-P2 题目以具象数量、操作、分类、购物或生活场景为主；文字可作答，但插图能显著降低读题负担。,二（1）班同学在整理图书角时，把图书分成了三类：故事书、科普书和漫画书。他们数了数，故事书有15本，科普书有8本，漫画书有12本。请问他们是用什么标准进行分类的？,表现分类物品、象形统计、条形图或折线图底图；坐标轴、分类名、数值和标题后续叠加。
hjb-primary-ds-v1-p3-218,P3,三年级下册,数据整理与统计表达,fill-in,Foundation,B_strong_recommended,recommended,P2,sorting_data_chart,sorting-data-chart,chart,true,not-generated,candidates/hjb-primary-ds-v1-p3-218.png,P3-P4 单元涉及时间、测量、分数、几何、面积周长或统计等视觉模型；插图有助于形成正确表征。,三（3）班图书角各类图书数量统计如下：故事书20本，科普书15本，漫画书10本，其他5本。请完成统计表。 | 种类 | 故事书 | 科普书 | 漫画书 | 其他 | |------|--------|--------|--------|------| | 数量 | | | | | 根据统计表，故事书比漫画书多（ ）本。,表现分类物品、象形统计、条形图或折线图底图；坐标轴、分类名、数值和标题后续叠加。
hjb-primary-ds-v1-p3-220,P3,三年级下册,数据整理与统计表达,fill-in,Foundation,B_strong_recommended,recommended,P2,sorting_data_chart,sorting-data-chart,chart,true,not-generated,candidates/hjb-primary-ds-v1-p3-220.png,P3-P4 单元涉及时间、测量、分数、几何、面积周长或统计等视觉模型；插图有助于形成正确表征。,三（5）班同学出生季节统计如下：春季8人，夏季12人，秋季10人，冬季6人。请完成统计表。 | 季节 | 春季 | 夏季 | 秋季 | 冬季 | |------|------|------|------|------| | 人数 | | | | | 根据统计表，夏季比冬季多（ ）人。,表现分类物品、象形统计、条形图或折线图底图；坐标轴、分类名、数值和标题后续叠加。
hjb-primary-ds-v1-p3-224,P3,三年级下册,数据整理与统计表达,fill-in,Foundation,B_strong_recommended,recommended,P2,sorting_data_chart,sorting-data-chart,chart,true,not-generated,candidates/hjb-primary-ds-v1-p3-224.png,P3-P4 单元涉及时间、测量、分数、几何、面积周长或统计等视觉模型；插图有助于形成正确表征。,三（4）班图书角各类图书数量如下：故事书18本，科技书12本，漫画书9本，作文书6本。请填写：数量最多的图书是___，有___本。,表现分类物品、象形统计、条形图或折线图底图；坐标轴、分类名、数值和标题后续叠加。
hjb-primary-ds-v1-p3-228,P3,三年级下册,数据整理与统计表达,fill-in,Core,B_strong_recommended,recommended,P2,sorting_data_chart,sorting-data-chart,chart,true,not-generated,candidates/hjb-primary-ds-v1-p3-228.png,P3-P4 单元涉及时间、测量、分数、几何、面积周长或统计等视觉模型；插图有助于形成正确表征。,三（3）班图书角各类图书数量如下：故事书20本，科普书15本，漫画书25本，其他书10本。请根据数据填空：故事书比科普书多（ ）本，漫画书比故事书多（ ）本。,表现分类物品、象形统计、条形图或折线图底图；坐标轴、分类名、数值和标题后续叠加。
hjb-primary-ds-v1-p3-230,P3,三年级下册,数据整理与统计表达,fill-in,Core,B_strong_recommended,recommended,P2,sorting_data_chart,sorting-data-chart,chart,true,not-generated,candidates/hjb-primary-ds-v1-p3-230.png,P3-P4 单元涉及时间、测量、分数、几何、面积周长或统计等视觉模型；插图有助于形成正确表征。,三（5）班四个小组收集废电池的数量如下：第一组18节，第二组24节，第三组20节，第四组22节。请根据数据填空：收集最多的小组比最少的小组多（ ）节。,表现分类物品、象形统计、条形图或折线图底图；坐标轴、分类名、数值和标题后续叠加。
hjb-primary-ds-v1-p3-099,P3,三年级上册（老课本暂用）,分数的初步认识,short-answer,Challenge,B_strong_recommended,recommended,P2,fraction_area_model,fraction-area-model,fraction-area,true,not-generated,candidates/hjb-primary-ds-v1-p3-099.png,P3-P4 单元涉及时间、测量、分数、几何、面积周长或统计等视觉模型；插图有助于形成正确表征。,妈妈把一张圆饼平均分成了8块。弟弟吃了其中的3块。弟弟吃了这张饼的几分之几？请用分数表示，并说明分母和分子各表示什么。,表现分数条、等分面积、阴影部分、圆形/长方形分割模型；精确分数和标签后续叠加。
hjb-primary-ds-v1-p3-101,P3,三年级上册（老课本暂用）,分数的初步认识,fill-in,Foundation,B_strong_recommended,recommended,P2,fraction_area_model,fraction-area-model,fraction-area,true,not-generated,candidates/hjb-primary-ds-v1-p3-101.png,P3-P4 单元涉及时间、测量、分数、几何、面积周长或统计等视觉模型；插图有助于形成正确表征。,把一张圆形纸片对折两次，沿折痕剪开，得到大小一样的4份。每份是这张纸的（ ），读作（ ）。,表现分数条、等分面积、阴影部分、圆形/长方形分割模型；精确分数和标签后续叠加。
hjb-primary-ds-v1-p3-102,P3,三年级上册（老课本暂用）,分数的初步认识,short-answer,Challenge,B_strong_recommended,recommended,P2,fraction_area_model,fraction-area-model,fraction-area,true,not-generated,candidates/hjb-primary-ds-v1-p3-102.png,P3-P4 单元涉及时间、测量、分数、几何、面积周长或统计等视觉模型；插图有助于形成正确表征。,妈妈买回12个同样大小的橘子，全部分给小红和小明。小红分到5个，小明分到7个。小红分到的橘子占全部的几分之几？小明分到的占全部的几分之几？请写出分数并说明理由。,表现分数条、等分面积、阴影部分、圆形/长方形分割模型；精确分数和标签后续叠加。
hjb-primary-ds-v1-p3-105,P3,三年级上册（老课本暂用）,分数的初步认识,short-answer,Challenge,B_strong_recommended,recommended,P2,fraction_area_model,fraction-area-model,fraction-area,true,not-generated,candidates/hjb-primary-ds-v1-p3-105.png,P3-P4 单元涉及时间、测量、分数、几何、面积周长或统计等视觉模型；插图有助于形成正确表征。,小华有一根彩带，他先把彩带平均分成6段，取走2段；又把剩下的部分平均分成2段，取走1段。小华两次一共取走的彩带占原来整根彩带的几分之几？请写出你的思考过程。,表现分数条、等分面积、阴影部分、圆形/长方形分割模型；精确分数和标签后续叠加。
hjb-primary-ds-v1-p3-106,P3,三年级上册（老课本暂用）,分数的初步认识,multiple-choice,Core,B_strong_recommended,recommended,P2,fraction_area_model,fraction-area-model,fraction-area,true,not-generated,candidates/hjb-primary-ds-v1-p3-106.png,P3-P4 单元涉及时间、测量、分数、几何、面积周长或统计等视觉模型；插图有助于形成正确表征。,小丽把一张圆形纸片对折两次后展开，纸片被平均分成了几份？每份是这张纸片的几分之几？,表现分数条、等分面积、阴影部分、圆形/长方形分割模型；精确分数和标签后续叠加。
hjb-primary-ds-v1-p3-107,P3,三年级上册（老课本暂用）,分数的初步认识,fill-in,Foundation,B_strong_recommended,recommended,P2,fraction_area_model,fraction-area-model,fraction-area,true,not-generated,candidates/hjb-primary-ds-v1-p3-107.png,P3-P4 单元涉及时间、测量、分数、几何、面积周长或统计等视觉模型；插图有助于形成正确表征。,把一块蛋糕平均分成8块，小华吃了其中的3块。小华吃了这块蛋糕的几分之几？请用分数表示。,表现分数条、等分面积、阴影部分、圆形/长方形分割模型；精确分数和标签后续叠加。
hjb-primary-ds-v1-p3-108,P3,三年级上册（老课本暂用）,分数的初步认识,short-answer,Challenge,B_strong_recommended,recommended,P2,fraction_area_model,fraction-area-model,fraction-area,true,not-generated,candidates/hjb-primary-ds-v1-p3-108.png,P3-P4 单元涉及时间、测量、分数、几何、面积周长或统计等视觉模型；插图有助于形成正确表征。,一根绳子对折一次后，从中间剪开，得到几段？其中一段是原来绳子的几分之一？请写出你的思考过程。,表现分数条、等分面积、阴影部分、圆形/长方形分割模型；精确分数和标签后续叠加。
hjb-primary-ds-v1-p3-111,P3,三年级上册（老课本暂用）,分数的初步认识,short-answer,Challenge,B_strong_recommended,recommended,P2,fraction_area_model,fraction-area-model,fraction-area,true,not-generated,candidates/hjb-primary-ds-v1-p3-111.png,P3-P4 单元涉及时间、测量、分数、几何、面积周长或统计等视觉模型；插图有助于形成正确表征。,妈妈把一张圆形的饼平均分成了8块。小丽吃了其中的3块，小强吃了其中的2块。两人一共吃了这张饼的几分之几？,表现分数条、等分面积、阴影部分、圆形/长方形分割模型；精确分数和标签后续叠加。
hjb-primary-ds-v1-p3-113,P3,三年级上册（老课本暂用）,分数的初步认识,fill-in,Foundation,B_strong_recommended,recommended,P2,fraction_area_model,fraction-area-model,fraction-area,true,not-generated,candidates/hjb-primary-ds-v1-p3-113.png,P3-P4 单元涉及时间、测量、分数、几何、面积周长或统计等视觉模型；插图有助于形成正确表征。,把一条彩带平均分成6段，每段是这条彩带的（ ）分之（ ）。,表现分数条、等分面积、阴影部分、圆形/长方形分割模型；精确分数和标签后续叠加。
hjb-primary-ds-v1-p3-116,P3,三年级上册（老课本暂用）,分数的初步认识,fill-in,Foundation,B_strong_recommended,recommended,P2,fraction_area_model,fraction-area-model,fraction-area,true,not-generated,candidates/hjb-primary-ds-v1-p3-116.png,P3-P4 单元涉及时间、测量、分数、几何、面积周长或统计等视觉模型；插图有助于形成正确表征。,妈妈把一块圆形蛋糕平均切成了8块，小丽吃了其中的3块。小丽吃了这块蛋糕的几分之几？,表现分数条、等分面积、阴影部分、圆形/长方形分割模型；精确分数和标签后续叠加。
hjb-primary-ds-v1-p3-117,P3,三年级上册（老课本暂用）,分数的初步认识,short-answer,Challenge,B_strong_recommended,recommended,P2,fraction_area_model,fraction-area-model,fraction-area,true,not-generated,candidates/hjb-primary-ds-v1-p3-117.png,P3-P4 单元涉及时间、测量、分数、几何、面积周长或统计等视觉模型；插图有助于形成正确表征。,小明有一根彩带，他把它平均剪成了5段，每段长度都相等。他用了其中的2段来包装礼物。请用分数表示他用了这根彩带的几分之几，并说明分母和分子分别表示什么。,表现分数条、等分面积、阴影部分、圆形/长方形分割模型；精确分数和标签后续叠加。
hjb-primary-ds-v1-p3-123,P3,三年级上册（老课本暂用）,三年级上册数学广场与整理复习,short-answer,Challenge,B_strong_recommended,recommended,P2,fraction_area_model,fraction-area-model,fraction-area,true,not-generated,candidates/hjb-primary-ds-v1-p3-123.png,P3-P4 单元涉及时间、测量、分数、几何、面积周长或统计等视觉模型；插图有助于形成正确表征。,小丁丁在整理复习时，发现一道题：把一根绳子对折3次后，每段长8厘米。这根绳子原来长多少厘米？他列式为 8 × 3 = 24（厘米）。他的解答正确吗？如果不正确，请写出正确的解答过程。,表现分数条、等分面积、阴影部分、圆形/长方形分割模型；精确分数和标签后续叠加。
hjb-primary-ds-v1-p4-047,P4,四年级上册,分数的初步认识（二）,fill-in,Challenge,B_strong_recommended,recommended,P2,fraction_area_model,fraction-area-model,fraction-area,true,not-generated,candidates/hjb-primary-ds-v1-p4-047.png,P3-P4 单元涉及时间、测量、分数、几何、面积周长或统计等视觉模型；插图有助于形成正确表征。,有两根同样长的彩带。第一根平均分成5份，取其中的2份；第二根平均分成5份，取其中的3份。取出的部分相比，哪一根更长？请用分数表示你的比较结果，并说明理由。,表现分数条、等分面积、阴影部分、圆形/长方形分割模型；精确分数和标签后续叠加。
hjb-primary-ds-v1-p4-048,P4,四年级上册,分数的初步认识（二）,short-answer,Exam,B_strong_recommended,recommended,P2,fraction_area_model,fraction-area-model,fraction-area,true,not-generated,candidates/hjb-primary-ds-v1-p4-048.png,P3-P4 单元涉及时间、测量、分数、几何、面积周长或统计等视觉模型；插图有助于形成正确表征。,小华和小明各有一块同样大小的长方形蛋糕。小华吃了自己蛋糕的2/8，小明吃了自己蛋糕的3/8。谁吃的蛋糕多？请用分数比较说明，并解释为什么不能直接比较2/8和3/8的分子大小就得出结论。,表现分数条、等分面积、阴影部分、圆形/长方形分割模型；精确分数和标签后续叠加。
hjb-primary-ds-v1-p4-050,P4,四年级上册,分数的初步认识（二）,fill-in,Foundation,B_strong_recommended,recommended,P2,fraction_area_model,fraction-area-model,fraction-area,true,not-generated,candidates/hjb-primary-ds-v1-p4-050.png,P3-P4 单元涉及时间、测量、分数、几何、面积周长或统计等视觉模型；插图有助于形成正确表征。,计算：4/9 + 3/9 = ?,表现分数条、等分面积、阴影部分、圆形/长方形分割模型；精确分数和标签后续叠加。
hjb-primary-ds-v1-p4-051,P4,四年级上册,分数的初步认识（二）,short-answer,Challenge,B_strong_recommended,recommended,P2,fraction_area_model,fraction-area-model,fraction-area,true,not-generated,candidates/hjb-primary-ds-v1-p4-051.png,P3-P4 单元涉及时间、测量、分数、几何、面积周长或统计等视觉模型；插图有助于形成正确表征。,小杰和小丽各有一根同样长的彩带。小杰把自己的彩带平均分成8份，用去了其中的5份；小丽把自己的彩带平均分成12份，用去了其中的7份。谁用去的彩带更长？请写出比较过程。,表现分数条、等分面积、阴影部分、圆形/长方形分割模型；精确分数和标签后续叠加。
hjb-primary-ds-v1-p4-052,P4,四年级上册,分数的初步认识（二）,multiple-choice,Core,B_strong_recommended,recommended,P2,fraction_area_model,fraction-area-model,fraction-area,true,not-generated,candidates/hjb-primary-ds-v1-p4-052.png,P3-P4 单元涉及时间、测量、分数、几何、面积周长或统计等视觉模型；插图有助于形成正确表征。,有两根同样长的绳子，第一根剪下它的2/5，第二根剪下它的3/7。剪下的部分相比，哪一根更长？,表现分数条、等分面积、阴影部分、圆形/长方形分割模型；精确分数和标签后续叠加。
hjb-primary-ds-v1-p4-056,P4,四年级上册,分数的初步认识（二）,fill-in,Foundation,B_strong_recommended,recommended,P2,fraction_area_model,fraction-area-model,fraction-area,true,not-generated,candidates/hjb-primary-ds-v1-p4-056.png,P3-P4 单元涉及时间、测量、分数、几何、面积周长或统计等视觉模型；插图有助于形成正确表征。,把一根彩带平均分成8份，小雅用了其中的3份，小轩用了其中的2份。两人一共用了这根彩带的几分之几？,表现分数条、等分面积、阴影部分、圆形/长方形分割模型；精确分数和标签后续叠加。
hjb-primary-ds-v1-p4-057,P4,四年级上册,分数的初步认识（二）,short-answer,Challenge,B_strong_recommended,recommended,P2,fraction_area_model,fraction-area-model,fraction-area,true,not-generated,candidates/hjb-primary-ds-v1-p4-057.png,P3-P4 单元涉及时间、测量、分数、几何、面积周长或统计等视觉模型；插图有助于形成正确表征。,有两块同样大的蛋糕，第一块被平均分成4份，第二块被平均分成6份。小明从第一块中拿了1份，小红从第二块中拿了1份。谁拿的蛋糕更多？请说明理由。,表现分数条、等分面积、阴影部分、圆形/长方形分割模型；精确分数和标签后续叠加。
hjb-primary-ds-v1-p4-062,P4,四年级上册,分数的初步认识（二）,fill-in,Foundation,B_strong_recommended,recommended,P2,fraction_area_model,fraction-area-model,fraction-area,true,not-generated,candidates/hjb-primary-ds-v1-p4-062.png,P3-P4 单元涉及时间、测量、分数、几何、面积周长或统计等视觉模型；插图有助于形成正确表征。,在〇里填上“>”“<”或“=”。 5/9 〇 4/9,表现分数条、等分面积、阴影部分、圆形/长方形分割模型；精确分数和标签后续叠加。
hjb-primary-ds-v1-p4-063,P4,四年级上册,分数的初步认识（二）,short-answer,Challenge,B_strong_recommended,recommended,P2,fraction_area_model,fraction-area-model,fraction-area,true,not-generated,candidates/hjb-primary-ds-v1-p4-063.png,P3-P4 单元涉及时间、测量、分数、几何、面积周长或统计等视觉模型；插图有助于形成正确表征。,一根彩带长1米，做中国结用去2/5米，做蝴蝶结用去1/5米。一共用去多少米？还剩多少米？,表现分数条、等分面积、阴影部分、圆形/长方形分割模型；精确分数和标签后续叠加。
hjb-primary-ds-v1-p4-065,P4,四年级上册,分数的初步认识（二）,fill-in,Foundation,B_strong_recommended,recommended,P2,fraction_area_model,fraction-area-model,fraction-area,true,not-generated,candidates/hjb-primary-ds-v1-p4-065.png,P3-P4 单元涉及时间、测量、分数、几何、面积周长或统计等视觉模型；插图有助于形成正确表征。,计算：3/10 + 4/10 = （ ）,表现分数条、等分面积、阴影部分、圆形/长方形分割模型；精确分数和标签后续叠加。
hjb-primary-ds-v1-p4-066,P4,四年级上册,分数的初步认识（二）,short-answer,Challenge,B_strong_recommended,recommended,P2,fraction_area_model,fraction-area-model,fraction-area,true,not-generated,candidates/hjb-primary-ds-v1-p4-066.png,P3-P4 单元涉及时间、测量、分数、几何、面积周长或统计等视觉模型；插图有助于形成正确表征。,有两根同样长的彩带，第一根被平均分成8份，第二根被平均分成12份。从第一根中取出5份，从第二根中取出7份。比较取出的部分，哪一根取出的更长？请说明理由。,表现分数条、等分面积、阴影部分、圆形/长方形分割模型；精确分数和标签后续叠加。
hjb-primary-ds-v1-p4-068,P4,四年级上册,分数的初步认识（二）,fill-in,Foundation,B_strong_recommended,recommended,P2,fraction_area_model,fraction-area-model,fraction-area,true,not-generated,candidates/hjb-primary-ds-v1-p4-068.png,P3-P4 单元涉及时间、测量、分数、几何、面积周长或统计等视觉模型；插图有助于形成正确表征。,计算：5/9 + 2/9 = （ ）,表现分数条、等分面积、阴影部分、圆形/长方形分割模型；精确分数和标签后续叠加。
hjb-primary-ds-v1-p4-119,P4,四年级上册,四年级上册整理与提高,fill-in,Foundation,B_strong_recommended,recommended,P2,fraction_area_model,fraction-area-model,fraction-area,true,not-generated,candidates/hjb-primary-ds-v1-p4-119.png,P3-P4 单元涉及时间、测量、分数、几何、面积周长或统计等视觉模型；插图有助于形成正确表征。,在数射线上，从0到1平均分成10份，从左往右第3个点表示的分数是（ ）。,表现分数条、等分面积、阴影部分、圆形/长方形分割模型；精确分数和标签后续叠加。
hjb-primary-ds-v1-p4-122,P4,四年级上册,四年级上册整理与提高,fill-in,Foundation,B_strong_recommended,recommended,P2,fraction_area_model,fraction-area-model,fraction-area,true,not-generated,candidates/hjb-primary-ds-v1-p4-122.png,P3-P4 单元涉及时间、测量、分数、几何、面积周长或统计等视觉模型；插图有助于形成正确表征。,在数射线上，从0到1被平均分成了8份。点A在从左数起第3个分点上，点B在从左数起第6个分点上。用分数表示点A和点B的位置，并计算点B表示的数比点A表示的数大多少。,表现分数条、等分面积、阴影部分、圆形/长方形分割模型；精确分数和标签后续叠加。
hjb-primary-ds-v1-p4-127,P4,四年级上册,四年级上册整理与提高,multiple-choice,Core,B_strong_recommended,recommended,P2,fraction_area_model,fraction-area-model,fraction-area,true,not-generated,candidates/hjb-primary-ds-v1-p4-127.png,P3-P4 单元涉及时间、测量、分数、几何、面积周长或统计等视觉模型；插图有助于形成正确表征。,在一条数射线上，点 A 表示 0，点 B 表示 1。把线段 AB 平均分成 10 份，从左往右第 3 个分点表示哪个分数？,表现分数条、等分面积、阴影部分、圆形/长方形分割模型；精确分数和标签后续叠加。
hjb-primary-ds-v1-p4-132,P4,四年级上册,四年级上册整理与提高,short-answer,Foundation,B_strong_recommended,recommended,P2,fraction_area_model,fraction-area-model,fraction-area,true,not-generated,candidates/hjb-primary-ds-v1-p4-132.png,P3-P4 单元涉及时间、测量、分数、几何、面积周长或统计等视觉模型；插图有助于形成正确表征。,在数射线上，从0到1平均分成10份，从左起第3份的点表示哪个分数？请写出这个分数。,表现分数条、等分面积、阴影部分、圆形/长方形分割模型；精确分数和标签后续叠加。
hjb-primary-ds-v1-p4-137,P4,四年级上册,四年级上册整理与提高,fill-in,Core,B_strong_recommended,recommended,P2,fraction_area_model,fraction-area-model,fraction-area,true,not-generated,candidates/hjb-primary-ds-v1-p4-137.png,P3-P4 单元涉及时间、测量、分数、几何、面积周长或统计等视觉模型；插图有助于形成正确表征。,在数射线上，点A表示0，点B表示1，把线段AB平均分成8份。从左往右数，第3个分点表示的分数是（ ）。,表现分数条、等分面积、阴影部分、圆形/长方形分割模型；精确分数和标签后续叠加。
hjb-primary-ds-v1-p1-214,P1,一年级下册,身体上的尺子与数学广场,fill-in,Foundation,B_strong_recommended,recommended,P2,measurement_ruler,measurement-ruler,ruler,true,not-generated,candidates/hjb-primary-ds-v1-p1-214.png,P1-P2 题目以具象数量、操作、分类、购物或生活场景为主；文字可作答，但插图能显著降低读题负担。,小亚用“一拃”量课桌的长边，量了5次正好量完。小胖也用“一拃”量同一张课桌的长边，但他量了6次。谁的一拃更长？ 答：______的一拃更长。,表现尺子、量角器、长度/面积测量或单位格底图，精确刻度数字和尺寸后续叠加。
hjb-primary-ds-v1-p1-215,P1,一年级下册,身体上的尺子与数学广场,multiple-choice,Foundation,B_strong_recommended,recommended,P2,measurement_ruler,measurement-ruler,ruler,true,not-generated,candidates/hjb-primary-ds-v1-p1-215.png,P1-P2 题目以具象数量、操作、分类、购物或生活场景为主；文字可作答，但插图能显著降低读题负担。,数学广场上，小丁和小方在玩“找规律”游戏。他们看到一排彩旗：红、黄、蓝、红、黄、蓝、红、黄、？。接下来一面彩旗应该是什么颜色？,表现尺子、量角器、长度/面积测量或单位格底图，精确刻度数字和尺寸后续叠加。
hjb-primary-ds-v1-p1-216,P1,一年级下册,身体上的尺子与数学广场,fill-in,Foundation,B_strong_recommended,recommended,P2,measurement_ruler,measurement-ruler,ruler,true,not-generated,candidates/hjb-primary-ds-v1-p1-216.png,P1-P2 题目以具象数量、操作、分类、购物或生活场景为主；文字可作答，但插图能显著降低读题负担。,小明的课桌长度大约是4拃。如果他用同样的拃去量教室的门宽，量得门宽大约是6拃。请你估一估，教室的门宽大约是多少厘米？并简单说明你是怎样估的。（提示：小明一拃长约12厘米。）,表现尺子、量角器、长度/面积测量或单位格底图，精确刻度数字和尺寸后续叠加。
hjb-primary-ds-v1-p1-221,P1,一年级下册,身体上的尺子与数学广场,multiple-choice,Foundation,B_strong_recommended,recommended,P2,measurement_ruler,measurement-ruler,ruler,true,not-generated,candidates/hjb-primary-ds-v1-p1-221.png,P1-P2 题目以具象数量、操作、分类、购物或生活场景为主；文字可作答，但插图能显著降低读题负担。,小丽张开拇指和食指，一拃长约12厘米。她用拃去量课桌的长边，量了5次刚好量完。课桌的长边大约有多长？,表现尺子、量角器、长度/面积测量或单位格底图，精确刻度数字和尺寸后续叠加。
hjb-primary-ds-v1-p1-224,P1,一年级下册,身体上的尺子与数学广场,fill-in,Foundation,B_strong_recommended,recommended,P2,measurement_ruler,measurement-ruler,ruler,true,not-generated,candidates/hjb-primary-ds-v1-p1-224.png,P1-P2 题目以具象数量、操作、分类、购物或生活场景为主；文字可作答，但插图能显著降低读题负担。,数学广场上有一排彩旗，按“红、黄、蓝、红、黄、蓝……”的顺序重复排列。第10面彩旗是什么颜色？,表现尺子、量角器、长度/面积测量或单位格底图，精确刻度数字和尺寸后续叠加。
hjb-primary-ds-v1-p1-226,P1,一年级下册,身体上的尺子与数学广场,fill-in,Foundation,B_strong_recommended,recommended,P2,measurement_ruler,measurement-ruler,ruler,true,not-generated,candidates/hjb-primary-ds-v1-p1-226.png,P1-P2 题目以具象数量、操作、分类、购物或生活场景为主；文字可作答，但插图能显著降低读题负担。,小明的食指宽大约是1厘米。他用自己的食指宽去量数学书的短边，量了18次正好量完。数学书的短边大约长多少厘米？,表现尺子、量角器、长度/面积测量或单位格底图，精确刻度数字和尺寸后续叠加。
hjb-primary-ds-v1-p1-230,P1,一年级下册,身体上的尺子与数学广场,fill-in,Foundation,B_strong_recommended,recommended,P2,measurement_ruler,measurement-ruler,ruler,true,not-generated,candidates/hjb-primary-ds-v1-p1-230.png,P1-P2 题目以具象数量、操作、分类、购物或生活场景为主；文字可作答，但插图能显著降低读题负担。,小华的一庹长大约是1米20厘米。他用一庹去量教室黑板的长度，量了2次正好量完。黑板大约长多少厘米？,表现尺子、量角器、长度/面积测量或单位格底图，精确刻度数字和尺寸后续叠加。
hjb-primary-ds-v1-p1-231,P1,一年级下册,身体上的尺子与数学广场,multiple-choice,Foundation,B_strong_recommended,recommended,P2,measurement_ruler,measurement-ruler,ruler,true,not-generated,candidates/hjb-primary-ds-v1-p1-231.png,P1-P2 题目以具象数量、操作、分类、购物或生活场景为主；文字可作答，但插图能显著降低读题负担。,小美想估测教室黑板的长度。她先张开双臂，发现自己的双臂张开长度大约是1米。然后她用这个长度去量黑板，发现黑板大约有3个双臂张开那么长。这块黑板大约有多长？,表现尺子、量角器、长度/面积测量或单位格底图，精确刻度数字和尺寸后续叠加。
hjb-primary-ds-v1-p1-235,P1,一年级下册,一年级下册整理与复习,multiple-choice,Foundation,B_strong_recommended,recommended,P2,measurement_ruler,measurement-ruler,ruler,true,not-generated,candidates/hjb-primary-ds-v1-p1-235.png,P1-P2 题目以具象数量、操作、分类、购物或生活场景为主；文字可作答，但插图能显著降低读题负担。,一根绳子长50厘米，另一根绳子长30厘米。两根绳子接在一起，接头处用去5厘米。接好后的绳子长多少厘米？,表现尺子、量角器、长度/面积测量或单位格底图，精确刻度数字和尺寸后续叠加。
hjb-primary-ds-v1-p1-245,P1,一年级下册,一年级下册整理与复习,multiple-choice,Foundation,B_strong_recommended,recommended,P2,measurement_ruler,measurement-ruler,ruler,true,not-generated,candidates/hjb-primary-ds-v1-p1-245.png,P1-P2 题目以具象数量、操作、分类、购物或生活场景为主；文字可作答，但插图能显著降低读题负担。,一根绳子长 1 米，用去了 30 厘米，还剩下多少厘米？,表现尺子、量角器、长度/面积测量或单位格底图，精确刻度数字和尺寸后续叠加。
hjb-primary-ds-v1-p2-224,P2,二年级下册,两位数与三位数的加减法,fill-in,Foundation,B_strong_recommended,recommended,P2,measurement_ruler,measurement-ruler,ruler,true,not-generated,candidates/hjb-primary-ds-v1-p2-224.png,P1-P2 题目以具象数量、操作、分类、购物或生活场景为主；文字可作答，但插图能显著降低读题负担。,一捆绳子长 100 厘米，先用去 38 厘米，又用去 45 厘米，还剩 ___ 厘米。,表现尺子、量角器、长度/面积测量或单位格底图，精确刻度数字和尺寸后续叠加。
hjb-primary-ds-v1-p3-039,P3,三年级上册（老课本暂用）,乘与除,short-answer,Challenge,B_strong_recommended,recommended,P2,measurement_ruler,measurement-ruler,ruler,true,not-generated,candidates/hjb-primary-ds-v1-p3-039.png,P3-P4 单元涉及时间、测量、分数、几何、面积周长或统计等视觉模型；插图有助于形成正确表征。,用一根长58米的绳子做跳绳，每根跳绳需要3米。最多能做多少根跳绳？如果把这些跳绳平均分给5个班级，每个班级能分到几根？还剩几根？请写出完整的解答过程。,表现尺子、量角器、长度/面积测量或单位格底图，精确刻度数字和尺寸后续叠加。
hjb-primary-ds-v1-p3-177,P3,三年级下册,小数的初步认识,short-answer,Core,B_strong_recommended,recommended,P2,measurement_ruler,measurement-ruler,ruler,true,not-generated,candidates/hjb-primary-ds-v1-p3-177.png,P3-P4 单元涉及时间、测量、分数、几何、面积周长或统计等视觉模型；插图有助于形成正确表征。,在跳远比赛中，小明跳了1.2米，小华跳了1.15米。谁跳得更远？请写出比较的过程。,表现尺子、量角器、长度/面积测量或单位格底图，精确刻度数字和尺寸后续叠加。
hjb-primary-ds-v1-p3-188,P3,三年级下册,小数的初步认识,fill-in,Foundation,B_strong_recommended,recommended,P2,measurement_ruler,measurement-ruler,ruler,true,not-generated,candidates/hjb-primary-ds-v1-p3-188.png,P3-P4 单元涉及时间、测量、分数、几何、面积周长或统计等视觉模型；插图有助于形成正确表征。,在跳远比赛中，小杰跳了1米2分米，用小数表示是______米。,表现尺子、量角器、长度/面积测量或单位格底图，精确刻度数字和尺寸后续叠加。
hjb-primary-ds-v1-p3-242,P3,三年级下册,三年级下册数学广场与整理复习,multiple-choice,Core,B_strong_recommended,recommended,P2,measurement_ruler,measurement-ruler,ruler,true,not-generated,candidates/hjb-primary-ds-v1-p3-242.png,P3-P4 单元涉及时间、测量、分数、几何、面积周长或统计等视觉模型；插图有助于形成正确表征。,小胖在复习时写了这样一句话：“因为3.2比3大，所以3.2米比3米长。”他的说法正确吗？请选出正确的判断和理由。,表现尺子、量角器、长度/面积测量或单位格底图，精确刻度数字和尺寸后续叠加。
hjb-primary-ds-v1-p1-050,P1,一年级上册,10以内数的认识,fill-in,Challenge,B_strong_recommended,recommended,P2,array_multiplication_division,array-multiplication-division,array,true,not-generated,candidates/hjb-primary-ds-v1-p1-050.png,P1-P2 题目以具象数量、操作、分类、购物或生活场景为主；文字可作答，但插图能显著降低读题负担。,"8可以分成几和几？写出所有可能的分法，用数字和逗号隔开，例如“1,7”。",表现等量分组、阵列、平均分、余数或乘除法模型，精确算式和答案后续叠加。
hjb-primary-ds-v1-p1-119,P1,一年级下册,20以内数的加减法（二）,fill-in,Core,B_strong_recommended,recommended,P2,array_multiplication_division,array-multiplication-division,array,true,not-generated,candidates/hjb-primary-ds-v1-p1-119.png,P1-P2 题目以具象数量、操作、分类、购物或生活场景为主；文字可作答，但插图能显著降低读题负担。,用凑十法计算7+6时，先把6分成____和____，7+____=10，10+____=____。,表现等量分组、阵列、平均分、余数或乘除法模型，精确算式和答案后续叠加。
hjb-primary-ds-v1-p1-122,P1,一年级下册,20以内数的加减法（二）,fill-in,Foundation,B_strong_recommended,recommended,P2,array_multiplication_division,array-multiplication-division,array,true,not-generated,candidates/hjb-primary-ds-v1-p1-122.png,P1-P2 题目以具象数量、操作、分类、购物或生活场景为主；文字可作答，但插图能显著降低读题负担。,计算 8 + 7 时，可以先把 7 分成 2 和 5，8 + 2 = 10，10 + 5 = 15。这种方法是______法。,表现等量分组、阵列、平均分、余数或乘除法模型，精确算式和答案后续叠加。
hjb-primary-ds-v1-p1-125,P1,一年级下册,20以内数的加减法（二）,fill-in,Core,B_strong_recommended,recommended,P2,array_multiplication_division,array-multiplication-division,array,true,not-generated,candidates/hjb-primary-ds-v1-p1-125.png,P1-P2 题目以具象数量、操作、分类、购物或生活场景为主；文字可作答，但插图能显著降低读题负担。,在计算 17 - 8 时，小丁把 8 分成了 7 和 1，先算 17 - 7 = 10，再算 10 - 1 = 9。这种方法是______法。,表现等量分组、阵列、平均分、余数或乘除法模型，精确算式和答案后续叠加。
hjb-primary-ds-v1-p1-128,P1,一年级下册,20以内数的加减法（二）,fill-in,Foundation,B_strong_recommended,recommended,P2,array_multiplication_division,array-multiplication-division,array,true,not-generated,candidates/hjb-primary-ds-v1-p1-128.png,P1-P2 题目以具象数量、操作、分类、购物或生活场景为主；文字可作答，但插图能显著降低读题负担。,在计算12 - 7时，小明把7分成了2和5。他先算12 - 2 = 10，再算10 - 5 = 5。这种方法是______法。,表现等量分组、阵列、平均分、余数或乘除法模型，精确算式和答案后续叠加。
hjb-primary-ds-v1-p1-232,P1,一年级下册,一年级下册整理与复习,fill-in,Foundation,B_strong_recommended,recommended,P2,array_multiplication_division,array-multiplication-division,array,true,not-generated,candidates/hjb-primary-ds-v1-p1-232.png,P1-P2 题目以具象数量、操作、分类、购物或生活场景为主；文字可作答，但插图能显著降低读题负担。,在计算45+8时，小杰先算45+5=50，再算50+3=53。他用的方法是把8分成了几和几？请填空：8分成了______和______。,表现等量分组、阵列、平均分、余数或乘除法模型，精确算式和答案后续叠加。
hjb-primary-ds-v1-p2-074,P2,二年级上册,表内乘法,fill-in,Foundation,B_strong_recommended,recommended,P2,array_multiplication_division,array-multiplication-division,array,true,not-generated,candidates/hjb-primary-ds-v1-p2-074.png,P1-P2 题目以具象数量、操作、分类、购物或生活场景为主；文字可作答，但插图能显著降低读题负担。,根据口诀“四七二十八”写出两道乘法算式。 □×□=□ □×□=□,表现等量分组、阵列、平均分、余数或乘除法模型，精确算式和答案后续叠加。
hjb-primary-ds-v1-p2-075,P2,二年级上册,表内乘法,short-answer,Core,B_strong_recommended,recommended,P2,array_multiplication_division,array-multiplication-division,array,true,not-generated,candidates/hjb-primary-ds-v1-p2-075.png,P1-P2 题目以具象数量、操作、分类、购物或生活场景为主；文字可作答，但插图能显著降低读题负担。,学校走廊的一边摆了8盆花，每两盆花之间放1个花架。一共需要多少个花架？请列式解答。,表现等量分组、阵列、平均分、余数或乘除法模型，精确算式和答案后续叠加。
hjb-primary-ds-v1-p2-080,P2,二年级上册,表内乘法,fill-in,Foundation,B_strong_recommended,recommended,P2,array_multiplication_division,array-multiplication-division,array,true,not-generated,candidates/hjb-primary-ds-v1-p2-080.png,P1-P2 题目以具象数量、操作、分类、购物或生活场景为主；文字可作答，但插图能显著降低读题负担。,根据口诀“四六二十四”写出两个乘法算式：______×______=______，______×______=______。,表现等量分组、阵列、平均分、余数或乘除法模型，精确算式和答案后续叠加。
hjb-primary-ds-v1-p2-083,P2,二年级上册,表内乘法,fill-in,Foundation,B_strong_recommended,recommended,P2,array_multiplication_division,array-multiplication-division,array,true,not-generated,candidates/hjb-primary-ds-v1-p2-083.png,P1-P2 题目以具象数量、操作、分类、购物或生活场景为主；文字可作答，但插图能显著降低读题负担。,每只小猫钓了4条鱼，5只小猫一共钓了多少条鱼？加法算式是______，乘法算式是______。,表现等量分组、阵列、平均分、余数或乘除法模型，精确算式和答案后续叠加。
hjb-primary-ds-v1-p2-084,P2,二年级上册,表内乘法,short-answer,Core,B_strong_recommended,recommended,P2,array_multiplication_division,array-multiplication-division,array,true,not-generated,candidates/hjb-primary-ds-v1-p2-084.png,P1-P2 题目以具象数量、操作、分类、购物或生活场景为主；文字可作答，但插图能显著降低读题负担。,教室里有3排桌子，每排5张。一共有多少张桌子？请用两种方法列式并计算。,表现等量分组、阵列、平均分、余数或乘除法模型，精确算式和答案后续叠加。
hjb-primary-ds-v1-p2-089,P2,二年级上册,表内乘法,fill-in,Foundation,B_strong_recommended,recommended,P2,array_multiplication_division,array-multiplication-division,array,true,not-generated,candidates/hjb-primary-ds-v1-p2-089.png,P1-P2 题目以具象数量、操作、分类、购物或生活场景为主；文字可作答，但插图能显著降低读题负担。,把加法算式改写成乘法算式：7+7+7+7=___×___，口诀：______。,表现等量分组、阵列、平均分、余数或乘除法模型，精确算式和答案后续叠加。
hjb-primary-ds-v1-p2-090,P2,二年级上册,表内乘法,short-answer,Core,B_strong_recommended,recommended,P2,array_multiplication_division,array-multiplication-division,array,true,not-generated,candidates/hjb-primary-ds-v1-p2-090.png,P1-P2 题目以具象数量、操作、分类、购物或生活场景为主；文字可作答，但插图能显著降低读题负担。,根据口诀“五六三十”写出两个乘法算式。,表现等量分组、阵列、平均分、余数或乘除法模型，精确算式和答案后续叠加。
hjb-primary-ds-v1-p2-091,P2,二年级上册,表内乘法,multiple-choice,Challenge,B_strong_recommended,recommended,P2,array_multiplication_division,array-multiplication-division,array,true,not-generated,candidates/hjb-primary-ds-v1-p2-091.png,P1-P2 题目以具象数量、操作、分类、购物或生活场景为主；文字可作答，但插图能显著降低读题负担。,小华有4个盒子，每个盒子里放6块糖。小丽有3个盒子，每个盒子里放8块糖。他们谁的糖更多？,表现等量分组、阵列、平均分、余数或乘除法模型，精确算式和答案后续叠加。
hjb-primary-ds-v1-p2-092,P2,二年级上册,表内乘法,fill-in,Foundation,B_strong_recommended,recommended,P2,array_multiplication_division,array-multiplication-division,array,true,not-generated,candidates/hjb-primary-ds-v1-p2-092.png,P1-P2 题目以具象数量、操作、分类、购物或生活场景为主；文字可作答，但插图能显著降低读题负担。,根据口诀“四七二十八”写出两个乘法算式。,表现等量分组、阵列、平均分、余数或乘除法模型，精确算式和答案后续叠加。
hjb-primary-ds-v1-p2-143,P2,二年级下册,表内除法,fill-in,Core,B_strong_recommended,recommended,P2,array_multiplication_division,array-multiplication-division,array,true,not-generated,candidates/hjb-primary-ds-v1-p2-143.png,P1-P2 题目以具象数量、操作、分类、购物或生活场景为主；文字可作答，但插图能显著降低读题负担。,根据乘法口诀“五七三十五”，写出两个除法算式。,表现等量分组、阵列、平均分、余数或乘除法模型，精确算式和答案后续叠加。
hjb-primary-ds-v1-p2-144,P2,二年级下册,表内除法,short-answer,Foundation,B_strong_recommended,recommended,P2,array_multiplication_division,array-multiplication-division,array,true,not-generated,candidates/hjb-primary-ds-v1-p2-144.png,P1-P2 题目以具象数量、操作、分类、购物或生活场景为主；文字可作答，但插图能显著降低读题负担。,王老师把20本练习本平均分给5个小组，每个小组分到几本？,表现等量分组、阵列、平均分、余数或乘除法模型，精确算式和答案后续叠加。
hjb-primary-ds-v1-p2-149,P2,二年级下册,表内除法,fill-in,Core,B_strong_recommended,recommended,P2,array_multiplication_division,array-multiplication-division,array,true,not-generated,candidates/hjb-primary-ds-v1-p2-149.png,P1-P2 题目以具象数量、操作、分类、购物或生活场景为主；文字可作答，但插图能显著降低读题负担。,根据口诀“四六二十四”写出两道除法算式。,表现等量分组、阵列、平均分、余数或乘除法模型，精确算式和答案后续叠加。
hjb-primary-ds-v1-p2-150,P2,二年级下册,表内除法,short-answer,Foundation,B_strong_recommended,recommended,P2,array_multiplication_division,array-multiplication-division,array,true,not-generated,candidates/hjb-primary-ds-v1-p2-150.png,P1-P2 题目以具象数量、操作、分类、购物或生活场景为主；文字可作答，但插图能显著降低读题负担。,有15个足球，每个筐放3个，需要几个筐？请写出除法算式并回答。,表现等量分组、阵列、平均分、余数或乘除法模型，精确算式和答案后续叠加。
hjb-primary-ds-v1-p2-151,P2,二年级下册,表内除法,multiple-choice,Core,B_strong_recommended,recommended,P2,array_multiplication_division,array-multiplication-division,array,true,not-generated,candidates/hjb-primary-ds-v1-p2-151.png,P1-P2 题目以具象数量、操作、分类、购物或生活场景为主；文字可作答，但插图能显著降低读题负担。,老师把24本故事书平均分给6个小组，每个小组分到几本？,表现等量分组、阵列、平均分、余数或乘除法模型，精确算式和答案后续叠加。
hjb-primary-ds-v1-p2-155,P2,二年级下册,表内除法,fill-in,Core,B_strong_recommended,recommended,P2,array_multiplication_division,array-multiplication-division,array,true,not-generated,candidates/hjb-primary-ds-v1-p2-155.png,P1-P2 题目以具象数量、操作、分类、购物或生活场景为主；文字可作答，但插图能显著降低读题负担。,根据口诀“五七三十五”写出一个除法算式。 □ ÷ □ = □,表现等量分组、阵列、平均分、余数或乘除法模型，精确算式和答案后续叠加。
hjb-primary-ds-v1-p2-158,P2,二年级下册,表内除法,fill-in,Foundation,B_strong_recommended,recommended,P2,array_multiplication_division,array-multiplication-division,array,true,not-generated,candidates/hjb-primary-ds-v1-p2-158.png,P1-P2 题目以具象数量、操作、分类、购物或生活场景为主；文字可作答，但插图能显著降低读题负担。,把12块饼干平均分给4个小朋友，每个小朋友分到___块。,表现等量分组、阵列、平均分、余数或乘除法模型，精确算式和答案后续叠加。
hjb-primary-ds-v1-p2-159,P2,二年级下册,表内除法,short-answer,Core,B_strong_recommended,recommended,P2,array_multiplication_division,array-multiplication-division,array,true,not-generated,candidates/hjb-primary-ds-v1-p2-159.png,P1-P2 题目以具象数量、操作、分类、购物或生活场景为主；文字可作答，但插图能显著降低读题负担。,王老师有20本练习本，每个同学发5本，可以发给几个同学？请写出除法算式并解答。,表现等量分组、阵列、平均分、余数或乘除法模型，精确算式和答案后续叠加。
hjb-primary-ds-v1-p2-161,P2,二年级下册,表内除法,fill-in,Core,B_strong_recommended,recommended,P2,array_multiplication_division,array-multiplication-division,array,true,not-generated,candidates/hjb-primary-ds-v1-p2-161.png,P1-P2 题目以具象数量、操作、分类、购物或生活场景为主；文字可作答，但插图能显著降低读题负担。,老师把24本故事书平均分给6个小组，每个小组分到几本？请写出除法算式和得数。,表现等量分组、阵列、平均分、余数或乘除法模型，精确算式和答案后续叠加。
hjb-primary-ds-v1-p2-246,P2,二年级下册,二年级下册数学广场与整理复习,multiple-choice,Foundation,B_strong_recommended,recommended,P2,array_multiplication_division,array-multiplication-division,array,true,not-generated,candidates/hjb-primary-ds-v1-p2-246.png,P1-P2 题目以具象数量、操作、分类、购物或生活场景为主；文字可作答，但插图能显著降低读题负担。,小玲在整理错题时发现一道题：把24块饼干平均分给6个小朋友，每人分几块？她写成了24÷4=6。她的错误是什么？,表现等量分组、阵列、平均分、余数或乘除法模型，精确算式和答案后续叠加。
hjb-primary-ds-v1-p3-024,P3,三年级上册（老课本暂用）,乘与除,short-answer,Exam,B_strong_recommended,recommended,P2,array_multiplication_division,array-multiplication-division,array,true,not-generated,candidates/hjb-primary-ds-v1-p3-024.png,P3-P4 单元涉及时间、测量、分数、几何、面积周长或统计等视觉模型；插图有助于形成正确表征。,同学们去划船，每条船坐4人，他们租了9条船，结果还有2人没有上船。一共有多少人去划船？,表现等量分组、阵列、平均分、余数或乘除法模型，精确算式和答案后续叠加。
hjb-primary-ds-v1-p3-036,P3,三年级上册（老课本暂用）,乘与除,short-answer,Exam,B_strong_recommended,recommended,P2,array_multiplication_division,array-multiplication-division,array,true,not-generated,candidates/hjb-primary-ds-v1-p3-036.png,P3-P4 单元涉及时间、测量、分数、几何、面积周长或统计等视觉模型；插图有助于形成正确表征。,学校图书馆新到一批图书，共97本。管理员想把这些书平均分给三年级的4个班，每个班能分到多少本？还剩多少本？请写出除法算式并回答。,表现等量分组、阵列、平均分、余数或乘除法模型，精确算式和答案后续叠加。
hjb-primary-ds-v1-p4-093,P4,四年级上册,几何小实践,short-answer,Challenge,B_strong_recommended,recommended,P2,circle_sector_model,circle-sector-model,circle-sector,true,not-generated,candidates/hjb-primary-ds-v1-p4-093.png,P3-P4 单元涉及时间、测量、分数、几何、面积周长或统计等视觉模型；插图有助于形成正确表征。,一个圆形花坛的直径是8米，在花坛周围修一条1米宽的小路。小路的面积是多少平方米？（π取3.14）,表现圆、半径、直径、扇形、圆心角或周长面积示意，关键点名、角度和公式后续叠加。
hjb-primary-ds-v1-p4-096,P4,四年级上册,几何小实践,short-answer,Challenge,B_strong_recommended,recommended,P2,circle_sector_model,circle-sector-model,circle-sector,true,not-generated,candidates/hjb-primary-ds-v1-p4-096.png,P3-P4 单元涉及时间、测量、分数、几何、面积周长或统计等视觉模型；插图有助于形成正确表征。,小海画了一个圆，圆心是点O。他在圆上取了三个点A、B、C，连接OA、OB、OC。他发现OA、OB、OC的长度都是4厘米。小海说：“因为这三条线段长度相等，所以它们都是圆的半径。”小海的说法对吗？请说明理由。,表现圆、半径、直径、扇形、圆心角或周长面积示意，关键点名、角度和公式后续叠加。
hjb-primary-ds-v1-p4-120,P4,四年级上册,四年级上册整理与提高,short-answer,Challenge,B_strong_recommended,recommended,P2,circle_sector_model,circle-sector-model,circle-sector,true,not-generated,candidates/hjb-primary-ds-v1-p4-120.png,P3-P4 单元涉及时间、测量、分数、几何、面积周长或统计等视觉模型；插图有助于形成正确表征。,画一个半径为3厘米的圆，并在圆内画一个圆心角为60°的扇形。计算这个扇形的面积占整个圆面积的几分之几。,表现圆、半径、直径、扇形、圆心角或周长面积示意，关键点名、角度和公式后续叠加。
hjb-primary-ds-v1-p4-129,P4,四年级上册,四年级上册整理与提高,short-answer,Core,B_strong_recommended,recommended,P2,circle_sector_model,circle-sector-model,circle-sector,true,not-generated,candidates/hjb-primary-ds-v1-p4-129.png,P3-P4 单元涉及时间、测量、分数、几何、面积周长或统计等视觉模型；插图有助于形成正确表征。,小丁丁用圆规画了一个圆，圆心是 O，半径是 3 厘米。他又在圆上取两点 A 和 B，连接 OA 和 OB，量得 ∠AOB = 60°。请问三角形 AOB 是什么三角形？请说明理由。,表现圆、半径、直径、扇形、圆心角或周长面积示意，关键点名、角度和公式后续叠加。
hjb-primary-ds-v1-p4-134,P4,四年级上册,四年级上册整理与提高,fill-in,Foundation,B_strong_recommended,recommended,P2,circle_sector_model,circle-sector-model,circle-sector,true,not-generated,candidates/hjb-primary-ds-v1-p4-134.png,P3-P4 单元涉及时间、测量、分数、几何、面积周长或统计等视觉模型；插图有助于形成正确表征。,一个圆的半径是4厘米，它的直径是______厘米。,表现圆、半径、直径、扇形、圆心角或周长面积示意，关键点名、角度和公式后续叠加。
hjb-primary-ds-v1-p4-138,P4,四年级上册,四年级上册整理与提高,short-answer,Foundation,B_strong_recommended,recommended,P2,circle_sector_model,circle-sector-model,circle-sector,true,not-generated,candidates/hjb-primary-ds-v1-p4-138.png,P3-P4 单元涉及时间、测量、分数、几何、面积周长或统计等视觉模型；插图有助于形成正确表征。,一个圆的直径是10厘米，在这个圆里画一个最大的扇形，扇形的圆心角是90°。这个扇形的半径是多少厘米？请写出你的思考过程。,表现圆、半径、直径、扇形、圆心角或周长面积示意，关键点名、角度和公式后续叠加。
hjb-primary-ds-v1-p6-055,P6,6年级上册,圆和扇形,multiple-choice,Challenge,B_strong_recommended,recommended,P2,circle_sector_model,circle-sector-model,circle-sector,true,not-generated,candidates/hjb-primary-ds-v1-p6-055.png,P5-P6 题目包含几何/统计/体积等视觉对象；配图可提升建模、空间想象和后续 GPT Image2 生成复用价值。,一个圆的半径由3厘米增加到5厘米，它的面积增加了多少平方厘米？（π取3.14）,表现圆、半径、直径、扇形、圆心角或周长面积示意，关键点名、角度和公式后续叠加。
hjb-primary-ds-v1-p6-056,P6,6年级上册,圆和扇形,fill-in,Exam,B_strong_recommended,recommended,P2,circle_sector_model,circle-sector-model,circle-sector,true,not-generated,candidates/hjb-primary-ds-v1-p6-056.png,P5-P6 题目包含几何/统计/体积等视觉对象；配图可提升建模、空间想象和后续 GPT Image2 生成复用价值。,一个圆形花坛的半径是5米。园丁沿着花坛边缘铺设一圈石子路，石子路的外沿形成一个半径是6米的圆。石子路的面积是多少平方米？（结果保留π）,表现圆、半径、直径、扇形、圆心角或周长面积示意，关键点名、角度和公式后续叠加。
hjb-primary-ds-v1-p6-057,P6,6年级上册,圆和扇形,short-answer,Core,B_strong_recommended,recommended,P2,circle_sector_model,circle-sector-model,circle-sector,true,not-generated,candidates/hjb-primary-ds-v1-p6-057.png,P5-P6 题目包含几何/统计/体积等视觉对象；配图可提升建模、空间想象和后续 GPT Image2 生成复用价值。,一个扇形的圆心角是60°，半径是10厘米。这个扇形的面积是多少平方厘米？（结果保留π）,表现圆、半径、直径、扇形、圆心角或周长面积示意，关键点名、角度和公式后续叠加。
hjb-primary-ds-v1-p6-059,P6,6年级上册,圆和扇形,fill-in,Challenge,B_strong_recommended,recommended,P2,circle_sector_model,circle-sector-model,circle-sector,true,not-generated,candidates/hjb-primary-ds-v1-p6-059.png,P5-P6 题目包含几何/统计/体积等视觉对象；配图可提升建模、空间想象和后续 GPT Image2 生成复用价值。,一个圆的周长是31.4厘米。在这个圆内画一个圆心角是120°的扇形，这个扇形的弧长是多少厘米？（π取3.14）,表现圆、半径、直径、扇形、圆心角或周长面积示意，关键点名、角度和公式后续叠加。
hjb-primary-ds-v1-p6-060,P6,6年级上册,圆和扇形,short-answer,Exam,B_strong_recommended,recommended,P2,circle_sector_model,circle-sector-model,circle-sector,true,not-generated,candidates/hjb-primary-ds-v1-p6-060.png,P5-P6 题目包含几何/统计/体积等视觉对象；配图可提升建模、空间想象和后续 GPT Image2 生成复用价值。,一个半径为8米的圆形水池，在水池周围修一条宽2米的小路。这条小路的面积是多少平方米？（π取3.14）,表现圆、半径、直径、扇形、圆心角或周长面积示意，关键点名、角度和公式后续叠加。
hjb-primary-ds-v1-p6-061,P6,6年级上册,圆和扇形,multiple-choice,Core,B_strong_recommended,recommended,P2,circle_sector_model,circle-sector-model,circle-sector,true,not-generated,candidates/hjb-primary-ds-v1-p6-061.png,P5-P6 题目包含几何/统计/体积等视觉对象；配图可提升建模、空间想象和后续 GPT Image2 生成复用价值。,一个圆的直径是10厘米，它的周长是多少厘米？（π取3.14）,表现圆、半径、直径、扇形、圆心角或周长面积示意，关键点名、角度和公式后续叠加。
hjb-primary-ds-v1-p6-062,P6,6年级上册,圆和扇形,fill-in,Foundation,B_strong_recommended,recommended,P2,circle_sector_model,circle-sector-model,circle-sector,true,not-generated,candidates/hjb-primary-ds-v1-p6-062.png,P5-P6 题目包含几何/统计/体积等视觉对象；配图可提升建模、空间想象和后续 GPT Image2 生成复用价值。,一个圆的半径是4厘米，它的面积是______平方厘米。（π取3.14）,表现圆、半径、直径、扇形、圆心角或周长面积示意，关键点名、角度和公式后续叠加。
hjb-primary-ds-v1-p6-063,P6,6年级上册,圆和扇形,short-answer,Challenge,B_strong_recommended,recommended,P2,circle_sector_model,circle-sector-model,circle-sector,true,not-generated,candidates/hjb-primary-ds-v1-p6-063.png,P5-P6 题目包含几何/统计/体积等视觉对象；配图可提升建模、空间想象和后续 GPT Image2 生成复用价值。,一个扇形的圆心角是90°，半径是6厘米。这个扇形的面积是多少平方厘米？（π取3.14）,表现圆、半径、直径、扇形、圆心角或周长面积示意，关键点名、角度和公式后续叠加。
hjb-primary-ds-v1-p6-064,P6,6年级上册,圆和扇形,multiple-choice,Exam,B_strong_recommended,recommended,P2,circle_sector_model,circle-sector-model,circle-sector,true,not-generated,candidates/hjb-primary-ds-v1-p6-064.png,P5-P6 题目包含几何/统计/体积等视觉对象；配图可提升建模、空间想象和后续 GPT Image2 生成复用价值。,一个圆的周长是62.8厘米，它的半径是多少厘米？（π取3.14）,表现圆、半径、直径、扇形、圆心角或周长面积示意，关键点名、角度和公式后续叠加。
hjb-primary-ds-v1-p6-065,P6,6年级上册,圆和扇形,fill-in,Core,B_strong_recommended,recommended,P2,circle_sector_model,circle-sector-model,circle-sector,true,not-generated,candidates/hjb-primary-ds-v1-p6-065.png,P5-P6 题目包含几何/统计/体积等视觉对象；配图可提升建模、空间想象和后续 GPT Image2 生成复用价值。,一个圆的直径是8厘米，它的周长是______厘米。（π取3.14）,表现圆、半径、直径、扇形、圆心角或周长面积示意，关键点名、角度和公式后续叠加。
hjb-primary-ds-v1-p6-066,P6,6年级上册,圆和扇形,short-answer,Foundation,B_strong_recommended,recommended,P2,circle_sector_model,circle-sector-model,circle-sector,true,not-generated,candidates/hjb-primary-ds-v1-p6-066.png,P5-P6 题目包含几何/统计/体积等视觉对象；配图可提升建模、空间想象和后续 GPT Image2 生成复用价值。,小杰画了一个圆，量得它的半径是7厘米。这个圆的周长是多少厘米？（π取3.14）,表现圆、半径、直径、扇形、圆心角或周长面积示意，关键点名、角度和公式后续叠加。
hjb-primary-ds-v1-p6-067,P6,6年级上册,圆和扇形,multiple-choice,Challenge,B_strong_recommended,recommended,P2,circle_sector_model,circle-sector-model,circle-sector,true,not-generated,candidates/hjb-primary-ds-v1-p6-067.png,P5-P6 题目包含几何/统计/体积等视觉对象；配图可提升建模、空间想象和后续 GPT Image2 生成复用价值。,一个扇形的圆心角是60°，半径是9厘米。这个扇形的面积是所在圆面积的几分之几？,表现圆、半径、直径、扇形、圆心角或周长面积示意，关键点名、角度和公式后续叠加。
hjb-primary-ds-v1-p6-068,P6,6年级上册,圆和扇形,fill-in,Exam,B_strong_recommended,recommended,P2,circle_sector_model,circle-sector-model,circle-sector,true,not-generated,candidates/hjb-primary-ds-v1-p6-068.png,P5-P6 题目包含几何/统计/体积等视觉对象；配图可提升建模、空间想象和后续 GPT Image2 生成复用价值。,一个圆的直径是10厘米，它的面积是______平方厘米。（π取3.14）,表现圆、半径、直径、扇形、圆心角或周长面积示意，关键点名、角度和公式后续叠加。
hjb-primary-ds-v1-p6-069,P6,6年级上册,圆和扇形,short-answer,Core,B_strong_recommended,recommended,P2,circle_sector_model,circle-sector-model,circle-sector,true,not-generated,candidates/hjb-primary-ds-v1-p6-069.png,P5-P6 题目包含几何/统计/体积等视觉对象；配图可提升建模、空间想象和后续 GPT Image2 生成复用价值。,一个圆形花坛的周长是31.4米，这个花坛的半径是多少米？（π取3.14）,表现圆、半径、直径、扇形、圆心角或周长面积示意，关键点名、角度和公式后续叠加。
hjb-primary-ds-v1-p6-071,P6,6年级上册,圆和扇形,fill-in,Challenge,B_strong_recommended,recommended,P2,circle_sector_model,circle-sector-model,circle-sector,true,not-generated,candidates/hjb-primary-ds-v1-p6-071.png,P5-P6 题目包含几何/统计/体积等视觉对象；配图可提升建模、空间想象和后续 GPT Image2 生成复用价值。,在一个半径为8厘米的圆中，有一个圆心角为135°的扇形。这个扇形的面积是______平方厘米。（π取3.14）,表现圆、半径、直径、扇形、圆心角或周长面积示意，关键点名、角度和公式后续叠加。
hjb-primary-ds-v1-p6-072,P6,6年级上册,圆和扇形,short-answer,Core,B_strong_recommended,recommended,P2,circle_sector_model,circle-sector-model,circle-sector,true,not-generated,candidates/hjb-primary-ds-v1-p6-072.png,P5-P6 题目包含几何/统计/体积等视觉对象；配图可提升建模、空间想象和后续 GPT Image2 生成复用价值。,一个圆形花坛的直径是10米。沿花坛边缘每隔0.5米种一棵月季，大约可以种多少棵？如果沿花坛周围修一条1米宽的小路，小路的面积是多少平方米？（π取3.14，结果保留整数）,表现圆、半径、直径、扇形、圆心角或周长面积示意，关键点名、角度和公式后续叠加。
hjb-primary-ds-v1-p6-091,P6,六年级下册,圆与扇形,multiple-choice,Foundation,B_strong_recommended,recommended,P2,circle_sector_model,circle-sector-model,circle-sector,true,not-generated,candidates/hjb-primary-ds-v1-p6-091.png,P5-P6 题目包含几何/统计/体积等视觉对象；配图可提升建模、空间想象和后续 GPT Image2 生成复用价值。,一个圆的半径是4厘米，下列说法正确的是（ ）。,表现圆、半径、直径、扇形、圆心角或周长面积示意，关键点名、角度和公式后续叠加。
hjb-primary-ds-v1-p6-092,P6,六年级下册,圆与扇形,fill-in,Challenge,B_strong_recommended,recommended,P2,circle_sector_model,circle-sector-model,circle-sector,true,not-generated,candidates/hjb-primary-ds-v1-p6-092.png,P5-P6 题目包含几何/统计/体积等视觉对象；配图可提升建模、空间想象和后续 GPT Image2 生成复用价值。,在一个圆中，圆心角为60°的扇形面积是6π平方厘米，这个圆的半径是______厘米。,表现圆、半径、直径、扇形、圆心角或周长面积示意，关键点名、角度和公式后续叠加。
hjb-primary-ds-v1-p6-093,P6,六年级下册,圆与扇形,short-answer,Core,B_strong_recommended,recommended,P2,circle_sector_model,circle-sector-model,circle-sector,true,not-generated,candidates/hjb-primary-ds-v1-p6-093.png,P5-P6 题目包含几何/统计/体积等视觉对象；配图可提升建模、空间想象和后续 GPT Image2 生成复用价值。,一个圆的周长是18.84厘米，它的面积是多少平方厘米？（π取3.14）,表现圆、半径、直径、扇形、圆心角或周长面积示意，关键点名、角度和公式后续叠加。
hjb-primary-ds-v1-p6-095,P6,六年级下册,圆与扇形,fill-in,Challenge,B_strong_recommended,recommended,P2,circle_sector_model,circle-sector-model,circle-sector,true,not-generated,candidates/hjb-primary-ds-v1-p6-095.png,P5-P6 题目包含几何/统计/体积等视觉对象；配图可提升建模、空间想象和后续 GPT Image2 生成复用价值。,一个扇形的半径是5厘米，圆心角是72°，它的弧长是______厘米。（π取3.14，结果保留一位小数）,表现圆、半径、直径、扇形、圆心角或周长面积示意，关键点名、角度和公式后续叠加。
hjb-primary-ds-v1-p6-096,P6,六年级下册,圆与扇形,short-answer,Core,B_strong_recommended,recommended,P2,circle_sector_model,circle-sector-model,circle-sector,true,not-generated,candidates/hjb-primary-ds-v1-p6-096.png,P5-P6 题目包含几何/统计/体积等视觉对象；配图可提升建模、空间想象和后续 GPT Image2 生成复用价值。,一个圆的直径是10厘米，从圆中剪下一个圆心角为90°的扇形。这个扇形的面积是多少平方厘米？（π取3.14）,表现圆、半径、直径、扇形、圆心角或周长面积示意，关键点名、角度和公式后续叠加。
hjb-primary-ds-v1-p6-098,P6,六年级下册,圆与扇形,fill-in,Challenge,B_strong_recommended,recommended,P2,circle_sector_model,circle-sector-model,circle-sector,true,not-generated,candidates/hjb-primary-ds-v1-p6-098.png,P5-P6 题目包含几何/统计/体积等视觉对象；配图可提升建模、空间想象和后续 GPT Image2 生成复用价值。,一个扇形的圆心角是60°，半径是6厘米，它的面积是（ ）平方厘米。（π取3.14）,表现圆、半径、直径、扇形、圆心角或周长面积示意，关键点名、角度和公式后续叠加。
hjb-primary-ds-v1-p6-099,P6,六年级下册,圆与扇形,short-answer,Core,B_strong_recommended,recommended,P2,circle_sector_model,circle-sector-model,circle-sector,true,not-generated,candidates/hjb-primary-ds-v1-p6-099.png,P5-P6 题目包含几何/统计/体积等视觉对象；配图可提升建模、空间想象和后续 GPT Image2 生成复用价值。,一个圆形花坛的周长是62.8米，在花坛周围铺一条宽1米的小路。小路的面积是多少平方米？（π取3.14）,表现圆、半径、直径、扇形、圆心角或周长面积示意，关键点名、角度和公式后续叠加。
hjb-primary-ds-v1-p6-101,P6,六年级下册,圆与扇形,fill-in,Challenge,B_strong_recommended,recommended,P2,circle_sector_model,circle-sector-model,circle-sector,true,not-generated,candidates/hjb-primary-ds-v1-p6-101.png,P5-P6 题目包含几何/统计/体积等视觉对象；配图可提升建模、空间想象和后续 GPT Image2 生成复用价值。,在一个半径为5厘米的圆中，有一个圆心角为72°的扇形。这个扇形的周长是多少厘米？（π取3.14，结果保留一位小数）,表现圆、半径、直径、扇形、圆心角或周长面积示意，关键点名、角度和公式后续叠加。
hjb-primary-ds-v1-p6-102,P6,六年级下册,圆与扇形,short-answer,Core,B_strong_recommended,recommended,P2,circle_sector_model,circle-sector-model,circle-sector,true,not-generated,candidates/hjb-primary-ds-v1-p6-102.png,P5-P6 题目包含几何/统计/体积等视觉对象；配图可提升建模、空间想象和后续 GPT Image2 生成复用价值。,一个圆的直径是12厘米，在这个圆中剪下一个圆心角为90°的扇形。这个扇形的面积是多少平方厘米？（π取3.14）,表现圆、半径、直径、扇形、圆心角或周长面积示意，关键点名、角度和公式后续叠加。
hjb-primary-ds-v1-p6-104,P6,六年级下册,圆与扇形,fill-in,Challenge,B_strong_recommended,recommended,P2,circle_sector_model,circle-sector-model,circle-sector,true,not-generated,candidates/hjb-primary-ds-v1-p6-104.png,P5-P6 题目包含几何/统计/体积等视觉对象；配图可提升建模、空间想象和后续 GPT Image2 生成复用价值。,一个圆的周长是25.12厘米，在这个圆中有一个扇形，它的弧长是6.28厘米。这个扇形的圆心角是多少度？（π取3.14）,表现圆、半径、直径、扇形、圆心角或周长面积示意，关键点名、角度和公式后续叠加。
hjb-primary-ds-v1-p6-105,P6,六年级下册,圆与扇形,short-answer,Core,B_strong_recommended,recommended,P2,circle_sector_model,circle-sector-model,circle-sector,true,not-generated,candidates/hjb-primary-ds-v1-p6-105.png,P5-P6 题目包含几何/统计/体积等视觉对象；配图可提升建模、空间想象和后续 GPT Image2 生成复用价值。,一个扇形的半径是10厘米，圆心角是60°。这个扇形的面积是多少平方厘米？（π取3.14，结果保留整数）,表现圆、半径、直径、扇形、圆心角或周长面积示意，关键点名、角度和公式后续叠加。
hjb-primary-ds-v1-p6-106,P6,六年级下册,圆与扇形,multiple-choice,Foundation,B_strong_recommended,recommended,P2,circle_sector_model,circle-sector-model,circle-sector,true,not-generated,candidates/hjb-primary-ds-v1-p6-106.png,P5-P6 题目包含几何/统计/体积等视觉对象；配图可提升建模、空间想象和后续 GPT Image2 生成复用价值。,一个圆的直径是10厘米，这个圆的面积是多少平方厘米？（π取3.14）,表现圆、半径、直径、扇形、圆心角或周长面积示意，关键点名、角度和公式后续叠加。
hjb-primary-ds-v1-p6-107,P6,六年级下册,圆与扇形,fill-in,Challenge,B_strong_recommended,recommended,P2,circle_sector_model,circle-sector-model,circle-sector,true,not-generated,candidates/hjb-primary-ds-v1-p6-107.png,P5-P6 题目包含几何/统计/体积等视觉对象；配图可提升建模、空间想象和后续 GPT Image2 生成复用价值。,一个扇形的圆心角是60°，半径是6厘米，这个扇形的面积是______平方厘米。（π取3.14）,表现圆、半径、直径、扇形、圆心角或周长面积示意，关键点名、角度和公式后续叠加。
hjb-primary-ds-v1-p6-108,P6,六年级下册,圆与扇形,short-answer,Core,B_strong_recommended,recommended,P2,circle_sector_model,circle-sector-model,circle-sector,true,not-generated,candidates/hjb-primary-ds-v1-p6-108.png,P5-P6 题目包含几何/统计/体积等视觉对象；配图可提升建模、空间想象和后续 GPT Image2 生成复用价值。,一个圆形花坛的半径是4米，在它的周围铺一条1米宽的小路。小路的面积是多少平方米？（π取3.14）,表现圆、半径、直径、扇形、圆心角或周长面积示意，关键点名、角度和公式后续叠加。
hjb-primary-ds-v1-p6-127,P6,六年级下册,圆柱与圆锥,multiple-choice,Foundation,B_strong_recommended,recommended,P2,circle_sector_model,circle-sector-model,circle-sector,true,not-generated,candidates/hjb-primary-ds-v1-p6-127.png,P5-P6 题目包含几何/统计/体积等视觉对象；配图可提升建模、空间想象和后续 GPT Image2 生成复用价值。,一个圆柱形水桶，底面半径是2分米，高是5分米。给这个水桶的侧面和底面贴上防锈膜，需要贴膜的面积是多少平方分米？,表现圆、半径、直径、扇形、圆心角或周长面积示意，关键点名、角度和公式后续叠加。
hjb-primary-ds-v1-p6-131,P6,六年级下册,圆柱与圆锥,fill-in,Challenge,B_strong_recommended,recommended,P2,circle_sector_model,circle-sector-model,circle-sector,true,not-generated,candidates/hjb-primary-ds-v1-p6-131.png,P5-P6 题目包含几何/统计/体积等视觉对象；配图可提升建模、空间想象和后续 GPT Image2 生成复用价值。,一个圆柱形铁桶，底面直径是4分米，高是5分米。做这个铁桶至少需要多少平方分米的铁皮？（得数保留整数）,表现圆、半径、直径、扇形、圆心角或周长面积示意，关键点名、角度和公式后续叠加。
hjb-primary-ds-v1-p6-135,P6,六年级下册,圆柱与圆锥,short-answer,Core,B_strong_recommended,recommended,P2,circle_sector_model,circle-sector-model,circle-sector,true,not-generated,candidates/hjb-primary-ds-v1-p6-135.png,P5-P6 题目包含几何/统计/体积等视觉对象；配图可提升建模、空间想象和后续 GPT Image2 生成复用价值。,一个圆柱形水池，底面直径是8米，深2米。在水池的底面和四周抹上水泥，抹水泥部分的面积是多少平方米？,表现圆、半径、直径、扇形、圆心角或周长面积示意，关键点名、角度和公式后续叠加。
hjb-primary-ds-v1-p6-136,P6,六年级下册,圆柱与圆锥,multiple-choice,Foundation,B_strong_recommended,recommended,P2,circle_sector_model,circle-sector-model,circle-sector,true,not-generated,candidates/hjb-primary-ds-v1-p6-136.png,P5-P6 题目包含几何/统计/体积等视觉对象；配图可提升建模、空间想象和后续 GPT Image2 生成复用价值。,一个圆柱形铁皮水桶（无盖），底面半径是2分米，高是5分米。制作这个水桶至少需要多少平方分米的铁皮？（铁皮厚度忽略不计）,表现圆、半径、直径、扇形、圆心角或周长面积示意，关键点名、角度和公式后续叠加。
hjb-primary-ds-v1-p6-141,P6,六年级下册,圆柱与圆锥,short-answer,Core,B_strong_recommended,recommended,P2,circle_sector_model,circle-sector-model,circle-sector,true,not-generated,candidates/hjb-primary-ds-v1-p6-141.png,P5-P6 题目包含几何/统计/体积等视觉对象；配图可提升建模、空间想象和后续 GPT Image2 生成复用价值。,一个圆柱形水桶，从里面量得底面半径是2分米，高是5分米。这个水桶最多能装水多少升？（π取3.14）,表现圆、半径、直径、扇形、圆心角或周长面积示意，关键点名、角度和公式后续叠加。
hjb-primary-ds-v1-p6-142,P6,六年级下册,圆柱与圆锥,multiple-choice,Foundation,B_strong_recommended,recommended,P2,circle_sector_model,circle-sector-model,circle-sector,true,not-generated,candidates/hjb-primary-ds-v1-p6-142.png,P5-P6 题目包含几何/统计/体积等视觉对象；配图可提升建模、空间想象和后续 GPT Image2 生成复用价值。,一个圆柱的侧面展开后是一个边长为6.28分米的正方形。这个圆柱的底面半径是多少分米？（π取3.14）,表现圆、半径、直径、扇形、圆心角或周长面积示意，关键点名、角度和公式后续叠加。
hjb-primary-ds-v1-p6-143,P6,六年级下册,圆柱与圆锥,fill-in,Challenge,B_strong_recommended,recommended,P2,circle_sector_model,circle-sector-model,circle-sector,true,not-generated,candidates/hjb-primary-ds-v1-p6-143.png,P5-P6 题目包含几何/统计/体积等视觉对象；配图可提升建模、空间想象和后续 GPT Image2 生成复用价值。,一个圆锥形粮堆，底面半径是3米，高是1.2米。如果每立方米粮食重0.75吨，这堆粮食大约重多少吨？（π取3.14，结果保留一位小数）,表现圆、半径、直径、扇形、圆心角或周长面积示意，关键点名、角度和公式后续叠加。
hjb-primary-ds-v1-p6-144,P6,六年级下册,圆柱与圆锥,short-answer,Core,B_strong_recommended,recommended,P2,circle_sector_model,circle-sector-model,circle-sector,true,not-generated,candidates/hjb-primary-ds-v1-p6-144.png,P5-P6 题目包含几何/统计/体积等视觉对象；配图可提升建模、空间想象和后续 GPT Image2 生成复用价值。,一个圆柱形铁皮油桶，底面直径是4分米，高是5分米。做这个油桶至少需要多少平方分米的铁皮？（π取3.14，得数保留整数）,表现圆、半径、直径、扇形、圆心角或周长面积示意，关键点名、角度和公式后续叠加。
hjb-primary-ds-v1-p1-009,P1,一年级上册,我是小学生与数学学习习惯,short-answer,Foundation,B_strong_recommended,recommended,P2,text_calculation_only,text-calculation-support,conceptual-support,false,not-generated,candidates/hjb-primary-ds-v1-p1-009.png,P1-P2 题目以具象数量、操作、分类、购物或生活场景为主；文字可作答，但插图能显著降低读题负担。,请你说一说，在数学课上，当其他小朋友在发言时，你应该怎么做？,为文字题生成轻量数学支持视觉，保持非答案化、无文字、无公式。
hjb-primary-ds-v1-p1-011,P1,一年级上册,我是小学生与数学学习习惯,fill-in,Challenge,B_strong_recommended,recommended,P2,text_calculation_only,text-calculation-support,conceptual-support,false,not-generated,candidates/hjb-primary-ds-v1-p1-011.png,P1-P2 题目以具象数量、操作、分类、购物或生活场景为主；文字可作答，但插图能显著降低读题负担。,老师说：“请小朋友听好：先拍两下手，再拍三下手，然后告诉大家一共拍了几下。”小明听完后马上说：“一共拍了5下。”老师又问：“你是怎么知道的？”小明说：“因为2和3合起来是5。”老师表扬小明听得认真、说得清楚。请你像小明一样，先听老师的话，再想一想，然后填空：老师让小朋友先拍____下手，再拍____下手，一共拍____下手。,为文字题生成轻量数学支持视觉，保持非答案化、无文字、无公式。
hjb-primary-ds-v1-p1-012,P1,一年级上册,我是小学生与数学学习习惯,short-answer,Exam,B_strong_recommended,recommended,P2,text_calculation_only,text-calculation-support,conceptual-support,false,not-generated,candidates/hjb-primary-ds-v1-p1-012.png,P1-P2 题目以具象数量、操作、分类、购物或生活场景为主；文字可作答，但插图能显著降低读题负担。,在数学课上，老师让小朋友玩“听指令做动作”的游戏。老师说：“请你先跳4下，再跳2下，然后想一想，你一共跳了几下？你是怎样算出来的？”请你写出你的答案和想法。,为文字题生成轻量数学支持视觉，保持非答案化、无文字、无公式。
hjb-primary-ds-v1-p1-015,P1,一年级上册,我是小学生与数学学习习惯,short-answer,Challenge,B_strong_recommended,recommended,P2,text_calculation_only,text-calculation-support,conceptual-support,false,not-generated,candidates/hjb-primary-ds-v1-p1-015.png,P1-P2 题目以具象数量、操作、分类、购物或生活场景为主；文字可作答，但插图能显著降低读题负担。,在小组活动中，老师让每个小朋友轮流说一个数学规则。小明说：“我来说一个规则：从1数到10，每数一个数就拍一次手。”小丽说：“我来说另一个规则：从10倒数到1，每数一个数就跺一次脚。”请你选一个规则，用完整的句子写下来，并说说这个规则里有什么数学。,为文字题生成轻量数学支持视觉，保持非答案化、无文字、无公式。
hjb-primary-ds-v1-p1-019,P1,一年级上册,我是小学生与数学学习习惯,multiple-choice,Challenge,B_strong_recommended,recommended,P2,text_calculation_only,text-calculation-support,conceptual-support,false,not-generated,candidates/hjb-primary-ds-v1-p1-019.png,P1-P2 题目以具象数量、操作、分类、购物或生活场景为主；文字可作答，但插图能显著降低读题负担。,数学课上，老师让小朋友玩“数字接龙”游戏。规则是：从1开始，每人说一个数，要接着前一个数往下数，数到10就停。小明第一个说“1”，小红第二个说“2”，小刚第三个应该说什么？,为文字题生成轻量数学支持视觉，保持非答案化、无文字、无公式。
hjb-primary-ds-v1-p1-041,P1,一年级上册,10以内数的认识,fill-in,Challenge,B_strong_recommended,recommended,P2,text_calculation_only,text-calculation-support,conceptual-support,false,not-generated,candidates/hjb-primary-ds-v1-p1-041.png,P1-P2 题目以具象数量、操作、分类、购物或生活场景为主；文字可作答，但插图能显著降低读题负担。,小动物排队。从左往右数，小兔排在第3个；从右往左数，小兔排在第4个。这一队一共有多少只小动物？,为文字题生成轻量数学支持视觉，保持非答案化、无文字、无公式。
hjb-primary-ds-v1-p1-042,P1,一年级上册,10以内数的认识,short-answer,Foundation,B_strong_recommended,recommended,P2,text_calculation_only,text-calculation-support,conceptual-support,false,not-generated,candidates/hjb-primary-ds-v1-p1-042.png,P1-P2 题目以具象数量、操作、分类、购物或生活场景为主；文字可作答，但插图能显著降低读题负担。,篮子里原来有一些鸡蛋，妈妈又放进去3个，现在篮子里一共有8个鸡蛋。篮子里原来有几个鸡蛋？,为文字题生成轻量数学支持视觉，保持非答案化、无文字、无公式。
hjb-primary-ds-v1-p1-047,P1,一年级上册,10以内数的认识,fill-in,Challenge,B_strong_recommended,recommended,P2,text_calculation_only,text-calculation-support,conceptual-support,false,not-generated,candidates/hjb-primary-ds-v1-p1-047.png,P1-P2 题目以具象数量、操作、分类、购物或生活场景为主；文字可作答，但插图能显著降低读题负担。,把数字0、3、5、7、9按从小到大的顺序排列，中间缺少的数字是几？,为文字题生成轻量数学支持视觉，保持非答案化、无文字、无公式。
hjb-primary-ds-v1-p1-048,P1,一年级上册,10以内数的认识,short-answer,Foundation,B_strong_recommended,recommended,P2,text_calculation_only,text-calculation-support,conceptual-support,false,not-generated,candidates/hjb-primary-ds-v1-p1-048.png,P1-P2 题目以具象数量、操作、分类、购物或生活场景为主；文字可作答，但插图能显著降低读题负担。,树上有6只小鸟，飞走了2只，还剩几只？,为文字题生成轻量数学支持视觉，保持非答案化、无文字、无公式。
hjb-primary-ds-v1-p1-056,P1,一年级上册,10以内数的认识,fill-in,Challenge,B_strong_recommended,recommended,P2,text_calculation_only,text-calculation-support,conceptual-support,false,not-generated,candidates/hjb-primary-ds-v1-p1-056.png,P1-P2 题目以具象数量、操作、分类、购物或生活场景为主；文字可作答，但插图能显著降低读题负担。,小动物排队。从左往右数，小狗排第3，小猫排第7。小狗和小猫之间有几只小动物？,为文字题生成轻量数学支持视觉，保持非答案化、无文字、无公式。
hjb-primary-ds-v1-p1-059,P1,一年级上册,10以内数的认识,fill-in,Challenge,B_strong_recommended,recommended,P2,text_calculation_only,text-calculation-support,conceptual-support,false,not-generated,candidates/hjb-primary-ds-v1-p1-059.png,P1-P2 题目以具象数量、操作、分类、购物或生活场景为主；文字可作答，但插图能显著降低读题负担。,把8个草莓分给两个小朋友，每个小朋友都要分到，而且分到的草莓不一样多。有几种不同的分法？,为文字题生成轻量数学支持视觉，保持非答案化、无文字、无公式。
hjb-primary-ds-v1-p1-060,P1,一年级上册,10以内数的认识,short-answer,Foundation,B_strong_recommended,recommended,P2,text_calculation_only,text-calculation-support,conceptual-support,false,not-generated,candidates/hjb-primary-ds-v1-p1-060.png,P1-P2 题目以具象数量、操作、分类、购物或生活场景为主；文字可作答，但插图能显著降低读题负担。,从0开始，一个一个地数，数到10。请写出第5个数是几。,为文字题生成轻量数学支持视觉，保持非答案化、无文字、无公式。
hjb-primary-ds-v1-p1-061,P1,一年级上册,10以内数的加减法,multiple-choice,Core,B_strong_recommended,recommended,P2,text_calculation_only,text-calculation-support,conceptual-support,false,not-generated,candidates/hjb-primary-ds-v1-p1-061.png,P1-P2 题目以具象数量、操作、分类、购物或生活场景为主；文字可作答，但插图能显著降低读题负担。,树上有3只小鸟，又飞来了4只，现在树上一共有多少只小鸟？正确的算式是哪一个？,为文字题生成轻量数学支持视觉，保持非答案化、无文字、无公式。
hjb-primary-ds-v1-p1-063,P1,一年级上册,10以内数的加减法,short-answer,Foundation,B_strong_recommended,recommended,P2,text_calculation_only,text-calculation-support,conceptual-support,false,not-generated,candidates/hjb-primary-ds-v1-p1-063.png,P1-P2 题目以具象数量、操作、分类、购物或生活场景为主；文字可作答，但插图能显著降低读题负担。,池塘里有6只鸭子，游走了2只，还剩几只？请写出算式和答案。,为文字题生成轻量数学支持视觉，保持非答案化、无文字、无公式。
hjb-primary-ds-v1-p1-065,P1,一年级上册,10以内数的加减法,fill-in,Challenge,B_strong_recommended,recommended,P2,text_calculation_only,text-calculation-support,conceptual-support,false,not-generated,candidates/hjb-primary-ds-v1-p1-065.png,P1-P2 题目以具象数量、操作、分类、购物或生活场景为主；文字可作答，但插图能显著降低读题负担。,篮子里有一些鸡蛋，妈妈又放进去2个后，现在一共有9个。篮子里原来有几个鸡蛋？请填写算式：□ + 2 = 9,为文字题生成轻量数学支持视觉，保持非答案化、无文字、无公式。
hjb-primary-ds-v1-p1-066,P1,一年级上册,10以内数的加减法,short-answer,Foundation,B_strong_recommended,recommended,P2,text_calculation_only,text-calculation-support,conceptual-support,false,not-generated,candidates/hjb-primary-ds-v1-p1-066.png,P1-P2 题目以具象数量、操作、分类、购物或生活场景为主；文字可作答，但插图能显著降低读题负担。,树上有一些小鸟，飞来了3只，现在一共有8只。原来树上有几只小鸟？请写出算式和答案。,为文字题生成轻量数学支持视觉，保持非答案化、无文字、无公式。
hjb-primary-ds-v1-p1-068,P1,一年级上册,10以内数的加减法,fill-in,Foundation,B_strong_recommended,recommended,P2,text_calculation_only,text-calculation-support,conceptual-support,false,not-generated,candidates/hjb-primary-ds-v1-p1-068.png,P1-P2 题目以具象数量、操作、分类、购物或生活场景为主；文字可作答，但插图能显著降低读题负担。,篮子里有2个鸡蛋，又放进去6个，现在一共有______个鸡蛋。,为文字题生成轻量数学支持视觉，保持非答案化、无文字、无公式。
hjb-primary-ds-v1-p1-069,P1,一年级上册,10以内数的加减法,short-answer,Core,B_strong_recommended,recommended,P2,text_calculation_only,text-calculation-support,conceptual-support,false,not-generated,candidates/hjb-primary-ds-v1-p1-069.png,P1-P2 题目以具象数量、操作、分类、购物或生活场景为主；文字可作答，但插图能显著降低读题负担。,小明有9块糖，送给弟弟一些后还剩5块。小明送给弟弟几块糖？请写出算式和答案。,为文字题生成轻量数学支持视觉，保持非答案化、无文字、无公式。
hjb-primary-ds-v1-p1-070,P1,一年级上册,10以内数的加减法,multiple-choice,Foundation,B_strong_recommended,recommended,P2,text_calculation_only,text-calculation-support,conceptual-support,false,not-generated,candidates/hjb-primary-ds-v1-p1-070.png,P1-P2 题目以具象数量、操作、分类、购物或生活场景为主；文字可作答，但插图能显著降低读题负担。,池塘里有5只鸭子，又游来4只，现在一共有几只鸭子？,为文字题生成轻量数学支持视觉，保持非答案化、无文字、无公式。
hjb-primary-ds-v1-p1-071,P1,一年级上册,10以内数的加减法,fill-in,Core,B_strong_recommended,recommended,P2,text_calculation_only,text-calculation-support,conceptual-support,false,not-generated,candidates/hjb-primary-ds-v1-p1-071.png,P1-P2 题目以具象数量、操作、分类、购物或生活场景为主；文字可作答，但插图能显著降低读题负担。,树上有3只小鸟，又飞来了4只，现在树上一共有多少只小鸟？请列出算式并计算。,为文字题生成轻量数学支持视觉，保持非答案化、无文字、无公式。
hjb-primary-ds-v1-p1-074,P1,一年级上册,10以内数的加减法,fill-in,Foundation,B_strong_recommended,recommended,P2,text_calculation_only,text-calculation-support,conceptual-support,false,not-generated,candidates/hjb-primary-ds-v1-p1-074.png,P1-P2 题目以具象数量、操作、分类、购物或生活场景为主；文字可作答，但插图能显著降低读题负担。,池塘里有6只青蛙，跳走了2只，池塘里还有几只青蛙？请列出算式并计算。,为文字题生成轻量数学支持视觉，保持非答案化、无文字、无公式。
hjb-primary-ds-v1-p1-075,P1,一年级上册,10以内数的加减法,short-answer,Core,B_strong_recommended,recommended,P2,text_calculation_only,text-calculation-support,conceptual-support,false,not-generated,candidates/hjb-primary-ds-v1-p1-075.png,P1-P2 题目以具象数量、操作、分类、购物或生活场景为主；文字可作答，但插图能显著降低读题负担。,篮子里有一些鸡蛋，妈妈又放进去3个，现在一共有9个。篮子里原来有几个鸡蛋？请列出算式并计算。,为文字题生成轻量数学支持视觉，保持非答案化、无文字、无公式。
hjb-primary-ds-v1-p1-077,P1,一年级上册,10以内数的加减法,fill-in,Core,B_strong_recommended,recommended,P2,text_calculation_only,text-calculation-support,conceptual-support,false,not-generated,candidates/hjb-primary-ds-v1-p1-077.png,P1-P2 题目以具象数量、操作、分类、购物或生活场景为主；文字可作答，但插图能显著降低读题负担。,树上有5只小鸟，又飞来3只，现在一共有___只小鸟。,为文字题生成轻量数学支持视觉，保持非答案化、无文字、无公式。
hjb-primary-ds-v1-p1-078,P1,一年级上册,10以内数的加减法,short-answer,Foundation,B_strong_recommended,recommended,P2,text_calculation_only,text-calculation-support,conceptual-support,false,not-generated,candidates/hjb-primary-ds-v1-p1-078.png,P1-P2 题目以具象数量、操作、分类、购物或生活场景为主；文字可作答，但插图能显著降低读题负担。,篮子里有一些鸡蛋，拿走4个后还剩3个，篮子里原来有几个鸡蛋？,为文字题生成轻量数学支持视觉，保持非答案化、无文字、无公式。
hjb-primary-ds-v1-p1-079,P1,一年级上册,10以内数的加减法,multiple-choice,Core,B_strong_recommended,recommended,P2,text_calculation_only,text-calculation-support,conceptual-support,false,not-generated,candidates/hjb-primary-ds-v1-p1-079.png,P1-P2 题目以具象数量、操作、分类、购物或生活场景为主；文字可作答，但插图能显著降低读题负担。,小华有8块糖，送给妹妹一些后还剩5块，送给妹妹几块？正确的算式是哪一个？,为文字题生成轻量数学支持视觉，保持非答案化、无文字、无公式。
hjb-primary-ds-v1-p1-080,P1,一年级上册,20以内的数与不进位不退位加减,fill-in,Foundation,B_strong_recommended,recommended,P2,text_calculation_only,text-calculation-support,conceptual-support,false,not-generated,candidates/hjb-primary-ds-v1-p1-080.png,P1-P2 题目以具象数量、操作、分类、购物或生活场景为主；文字可作答，但插图能显著降低读题负担。,1个十和6个一合起来是___。,为文字题生成轻量数学支持视觉，保持非答案化、无文字、无公式。
hjb-primary-ds-v1-p1-083,P1,一年级上册,20以内的数与不进位不退位加减,fill-in,Core,B_strong_recommended,recommended,P2,text_calculation_only,text-calculation-support,conceptual-support,false,not-generated,candidates/hjb-primary-ds-v1-p1-083.png,P1-P2 题目以具象数量、操作、分类、购物或生活场景为主；文字可作答，但插图能显著降低读题负担。,17里面有____个十和____个一。,为文字题生成轻量数学支持视觉，保持非答案化、无文字、无公式。
hjb-primary-ds-v1-p1-084,P1,一年级上册,20以内的数与不进位不退位加减,short-answer,Foundation,B_strong_recommended,recommended,P2,text_calculation_only,text-calculation-support,conceptual-support,false,not-generated,candidates/hjb-primary-ds-v1-p1-084.png,P1-P2 题目以具象数量、操作、分类、购物或生活场景为主；文字可作答，但插图能显著降低读题负担。,在计数器上，十位拨1颗珠，个位拨5颗珠，这个数是多少？,为文字题生成轻量数学支持视觉，保持非答案化、无文字、无公式。
hjb-primary-ds-v1-p1-085,P1,一年级上册,20以内的数与不进位不退位加减,multiple-choice,Core,B_strong_recommended,recommended,P2,text_calculation_only,text-calculation-support,conceptual-support,false,not-generated,candidates/hjb-primary-ds-v1-p1-085.png,P1-P2 题目以具象数量、操作、分类、购物或生活场景为主；文字可作答，但插图能显著降低读题负担。,小美有13块糖，送给弟弟3块，她还剩多少块？,为文字题生成轻量数学支持视觉，保持非答案化、无文字、无公式。
hjb-primary-ds-v1-p1-086,P1,一年级上册,20以内的数与不进位不退位加减,fill-in,Foundation,B_strong_recommended,recommended,P2,text_calculation_only,text-calculation-support,conceptual-support,false,not-generated,candidates/hjb-primary-ds-v1-p1-086.png,P1-P2 题目以具象数量、操作、分类、购物或生活场景为主；文字可作答，但插图能显著降低读题负担。,17里面有（ ）个十和（ ）个一。,为文字题生成轻量数学支持视觉，保持非答案化、无文字、无公式。
hjb-primary-ds-v1-p1-087,P1,一年级上册,20以内的数与不进位不退位加减,short-answer,Core,B_strong_recommended,recommended,P2,text_calculation_only,text-calculation-support,conceptual-support,false,not-generated,candidates/hjb-primary-ds-v1-p1-087.png,P1-P2 题目以具象数量、操作、分类、购物或生活场景为主；文字可作答，但插图能显著降低读题负担。,小明有13块糖，吃掉了2块，还剩多少块？,为文字题生成轻量数学支持视觉，保持非答案化、无文字、无公式。
hjb-primary-ds-v1-p1-089,P1,一年级上册,20以内的数与不进位不退位加减,fill-in,Core,B_strong_recommended,recommended,P2,text_calculation_only,text-calculation-support,conceptual-support,false,not-generated,candidates/hjb-primary-ds-v1-p1-089.png,P1-P2 题目以具象数量、操作、分类、购物或生活场景为主；文字可作答，但插图能显著降低读题负担。,一个十和6个一合起来是（ ）。,为文字题生成轻量数学支持视觉，保持非答案化、无文字、无公式。
hjb-primary-ds-v1-p1-090,P1,一年级上册,20以内的数与不进位不退位加减,short-answer,Foundation,B_strong_recommended,recommended,P2,text_calculation_only,text-calculation-support,conceptual-support,false,not-generated,candidates/hjb-primary-ds-v1-p1-090.png,P1-P2 题目以具象数量、操作、分类、购物或生活场景为主；文字可作答，但插图能显著降低读题负担。,在计数器上，十位拨1颗珠子，个位拨4颗珠子，这个数是多少？,为文字题生成轻量数学支持视觉，保持非答案化、无文字、无公式。
hjb-primary-ds-v1-p1-092,P1,一年级上册,20以内的数与不进位不退位加减,fill-in,Foundation,B_strong_recommended,recommended,P2,text_calculation_only,text-calculation-support,conceptual-support,false,not-generated,candidates/hjb-primary-ds-v1-p1-092.png,P1-P2 题目以具象数量、操作、分类、购物或生活场景为主；文字可作答，但插图能显著降低读题负担。,1个十和6个一合起来是（ ）。,为文字题生成轻量数学支持视觉，保持非答案化、无文字、无公式。
hjb-primary-ds-v1-p1-093,P1,一年级上册,20以内的数与不进位不退位加减,short-answer,Core,B_strong_recommended,recommended,P2,text_calculation_only,text-calculation-support,conceptual-support,false,not-generated,candidates/hjb-primary-ds-v1-p1-093.png,P1-P2 题目以具象数量、操作、分类、购物或生活场景为主；文字可作答，但插图能显著降低读题负担。,在计数器上，十位上有1颗珠子，个位上有4颗珠子，这个数是多少？,为文字题生成轻量数学支持视觉，保持非答案化、无文字、无公式。
hjb-primary-ds-v1-p1-095,P1,一年级上册,20以内的数与不进位不退位加减,fill-in,Core,B_strong_recommended,recommended,P2,text_calculation_only,text-calculation-support,conceptual-support,false,not-generated,candidates/hjb-primary-ds-v1-p1-095.png,P1-P2 题目以具象数量、操作、分类、购物或生活场景为主；文字可作答，但插图能显著降低读题负担。,18里面有（ ）个十和（ ）个一。,为文字题生成轻量数学支持视觉，保持非答案化、无文字、无公式。
hjb-primary-ds-v1-p1-096,P1,一年级上册,20以内的数与不进位不退位加减,short-answer,Foundation,B_strong_recommended,recommended,P2,text_calculation_only,text-calculation-support,conceptual-support,false,not-generated,candidates/hjb-primary-ds-v1-p1-096.png,P1-P2 题目以具象数量、操作、分类、购物或生活场景为主；文字可作答，但插图能显著降低读题负担。,小乐有1个十和3个一，合起来是（ ）。,为文字题生成轻量数学支持视觉，保持非答案化、无文字、无公式。
hjb-primary-ds-v1-p1-098,P1,一年级上册,20以内的数与不进位不退位加减,fill-in,Foundation,B_strong_recommended,recommended,P2,text_calculation_only,text-calculation-support,conceptual-support,false,not-generated,candidates/hjb-primary-ds-v1-p1-098.png,P1-P2 题目以具象数量、操作、分类、购物或生活场景为主；文字可作答，但插图能显著降低读题负担。,在计数器上，十位有1颗珠子，个位有4颗珠子，这个数是（ ）。,为文字题生成轻量数学支持视觉，保持非答案化、无文字、无公式。
hjb-primary-ds-v1-p1-102,P1,一年级上册,一年级上册整理与复习,short-answer,Foundation,B_strong_recommended,recommended,P2,text_calculation_only,text-calculation-support,conceptual-support,false,not-generated,candidates/hjb-primary-ds-v1-p1-102.png,P1-P2 题目以具象数量、操作、分类、购物或生活场景为主；文字可作答，但插图能显著降低读题负担。,小明说：“计算8+5时，我可以先算8+2=10，再算10+3=13。”请你用这样的方法，说一说计算7+6的过程。,为文字题生成轻量数学支持视觉，保持非答案化、无文字、无公式。
hjb-primary-ds-v1-p1-104,P1,一年级上册,一年级上册整理与复习,fill-in,Foundation,B_strong_recommended,recommended,P2,text_calculation_only,text-calculation-support,conceptual-support,false,not-generated,candidates/hjb-primary-ds-v1-p1-104.png,P1-P2 题目以具象数量、操作、分类、购物或生活场景为主；文字可作答，但插图能显著降低读题负担。,在计算12-5时，小芳是这样想的：因为5+（ ）=12，所以12-5=（ ）。请你把括号里的数填出来。,为文字题生成轻量数学支持视觉，保持非答案化、无文字、无公式。
hjb-primary-ds-v1-p1-108,P1,一年级上册,一年级上册整理与复习,short-answer,Foundation,B_strong_recommended,recommended,P2,text_calculation_only,text-calculation-support,conceptual-support,false,not-generated,candidates/hjb-primary-ds-v1-p1-108.png,P1-P2 题目以具象数量、操作、分类、购物或生活场景为主；文字可作答，但插图能显著降低读题负担。,请你用“先……再……”说一说，检查 9 + 6 = 15 对不对，可以怎样做？,为文字题生成轻量数学支持视觉，保持非答案化、无文字、无公式。
hjb-primary-ds-v1-p1-110,P1,一年级上册,一年级上册整理与复习,fill-in,Foundation,B_strong_recommended,recommended,P2,text_calculation_only,text-calculation-support,conceptual-support,false,not-generated,candidates/hjb-primary-ds-v1-p1-110.png,P1-P2 题目以具象数量、操作、分类、购物或生活场景为主；文字可作答，但插图能显著降低读题负担。,在计数器上拨出 14，十位上拨了1颗珠，个位上应该拨几颗珠？,为文字题生成轻量数学支持视觉，保持非答案化、无文字、无公式。
hjb-primary-ds-v1-p1-113,P1,一年级上册,一年级上册整理与复习,fill-in,Core,B_strong_recommended,recommended,P2,text_calculation_only,text-calculation-support,conceptual-support,false,not-generated,candidates/hjb-primary-ds-v1-p1-113.png,P1-P2 题目以具象数量、操作、分类、购物或生活场景为主；文字可作答，但插图能显著降低读题负担。,小明在检查自己的口算题时，发现有一道题算错了：9+6=14。请你帮小明改正，正确的得数是______。,为文字题生成轻量数学支持视觉，保持非答案化、无文字、无公式。
hjb-primary-ds-v1-p1-117,P1,一年级上册,一年级上册整理与复习,short-answer,Core,B_strong_recommended,recommended,P2,text_calculation_only,text-calculation-support,conceptual-support,false,not-generated,candidates/hjb-primary-ds-v1-p1-117.png,P1-P2 题目以具象数量、操作、分类、购物或生活场景为主；文字可作答，但插图能显著降低读题负担。,小丽在整理20以内的加法时，发现一道题算错了：8+5=12。请你帮小丽检查，并说说她可能错在哪里。,为文字题生成轻量数学支持视觉，保持非答案化、无文字、无公式。
hjb-primary-ds-v1-p1-121,P1,一年级下册,20以内数的加减法（二）,multiple-choice,Core,B_strong_recommended,recommended,P2,text_calculation_only,text-calculation-support,conceptual-support,false,not-generated,candidates/hjb-primary-ds-v1-p1-121.png,P1-P2 题目以具象数量、操作、分类、购物或生活场景为主；文字可作答，但插图能显著降低读题负担。,小乐在计算 13 - 6 时，先算 10 - 6 = 4，再算 4 + 3 = 7。他用的方法是（ ）。,为文字题生成轻量数学支持视觉，保持非答案化、无文字、无公式。
hjb-primary-ds-v1-p1-123,P1,一年级下册,20以内数的加减法（二）,short-answer,Core,B_strong_recommended,recommended,P2,text_calculation_only,text-calculation-support,conceptual-support,false,not-generated,candidates/hjb-primary-ds-v1-p1-123.png,P1-P2 题目以具象数量、操作、分类、购物或生活场景为主；文字可作答，但插图能显著降低读题负担。,计算 15 - 9，并写出你是怎么算的。,为文字题生成轻量数学支持视觉，保持非答案化、无文字、无公式。
hjb-primary-ds-v1-p1-126,P1,一年级下册,20以内数的加减法（二）,short-answer,Foundation,B_strong_recommended,recommended,P2,text_calculation_only,text-calculation-support,conceptual-support,false,not-generated,candidates/hjb-primary-ds-v1-p1-126.png,P1-P2 题目以具象数量、操作、分类、购物或生活场景为主；文字可作答，但插图能显著降低读题负担。,小芳有13块饼干，送给同学5块。她想用“破十法”计算还剩几块。请你写出计算过程。,为文字题生成轻量数学支持视觉，保持非答案化、无文字、无公式。
hjb-primary-ds-v1-p1-131,P1,一年级下册,20以内数的加减法（二）,fill-in,Core,B_strong_recommended,recommended,P2,text_calculation_only,text-calculation-support,conceptual-support,false,not-generated,candidates/hjb-primary-ds-v1-p1-131.png,P1-P2 题目以具象数量、操作、分类、购物或生活场景为主；文字可作答，但插图能显著降低读题负担。,小乐有13颗糖，送给朋友一些后还剩7颗。小乐送出了多少颗糖？请用退位减法计算，并写出你用的方法（如“破十法”或“想加算减”）。,为文字题生成轻量数学支持视觉，保持非答案化、无文字、无公式。
hjb-primary-ds-v1-p1-132,P1,一年级下册,20以内数的加减法（二）,short-answer,Foundation,B_strong_recommended,recommended,P2,text_calculation_only,text-calculation-support,conceptual-support,false,not-generated,candidates/hjb-primary-ds-v1-p1-132.png,P1-P2 题目以具象数量、操作、分类、购物或生活场景为主；文字可作答，但插图能显著降低读题负担。,计算：8 + 7 = □。请用凑十法写出计算过程。,为文字题生成轻量数学支持视觉，保持非答案化、无文字、无公式。
hjb-primary-ds-v1-p1-134,P1,一年级下册,20以内数的加减法（二）,fill-in,Foundation,B_strong_recommended,recommended,P2,text_calculation_only,text-calculation-support,conceptual-support,false,not-generated,candidates/hjb-primary-ds-v1-p1-134.png,P1-P2 题目以具象数量、操作、分类、购物或生活场景为主；文字可作答，但插图能显著降低读题负担。,在计算15 - 8时，小明想：8 + □ = 15，□里应该填几？,为文字题生成轻量数学支持视觉，保持非答案化、无文字、无公式。
hjb-primary-ds-v1-p1-135,P1,一年级下册,20以内数的加减法（二）,short-answer,Core,B_strong_recommended,recommended,P2,text_calculation_only,text-calculation-support,conceptual-support,false,not-generated,candidates/hjb-primary-ds-v1-p1-135.png,P1-P2 题目以具象数量、操作、分类、购物或生活场景为主；文字可作答，但插图能显著降低读题负担。,树上有14只小鸟，飞走了一些，还剩9只。飞走了多少只？请列出算式并计算。,为文字题生成轻量数学支持视觉，保持非答案化、无文字、无公式。
hjb-primary-ds-v1-p1-137,P1,一年级下册,100以内的数,fill-in,Core,B_strong_recommended,recommended,P2,text_calculation_only,text-calculation-support,conceptual-support,false,not-generated,candidates/hjb-primary-ds-v1-p1-137.png,P1-P2 题目以具象数量、操作、分类、购物或生活场景为主；文字可作答，但插图能显著降低读题负担。,一个两位数，十位上的数字是7，个位上的数字比十位上的数字小2，这个数是______。,为文字题生成轻量数学支持视觉，保持非答案化、无文字、无公式。
hjb-primary-ds-v1-p1-138,P1,一年级下册,100以内的数,short-answer,Foundation,B_strong_recommended,recommended,P2,text_calculation_only,text-calculation-support,conceptual-support,false,not-generated,candidates/hjb-primary-ds-v1-p1-138.png,P1-P2 题目以具象数量、操作、分类、购物或生活场景为主；文字可作答，但插图能显著降低读题负担。,按规律填数：90，80，70，______，50，______。,为文字题生成轻量数学支持视觉，保持非答案化、无文字、无公式。
hjb-primary-ds-v1-p1-140,P1,一年级下册,100以内的数,fill-in,Foundation,B_strong_recommended,recommended,P2,text_calculation_only,text-calculation-support,conceptual-support,false,not-generated,candidates/hjb-primary-ds-v1-p1-140.png,P1-P2 题目以具象数量、操作、分类、购物或生活场景为主；文字可作答，但插图能显著降低读题负担。,6个十和3个一合起来是______。,为文字题生成轻量数学支持视觉，保持非答案化、无文字、无公式。
hjb-primary-ds-v1-p1-143,P1,一年级下册,100以内的数,fill-in,Core,B_strong_recommended,recommended,P2,text_calculation_only,text-calculation-support,conceptual-support,false,not-generated,candidates/hjb-primary-ds-v1-p1-143.png,P1-P2 题目以具象数量、操作、分类、购物或生活场景为主；文字可作答，但插图能显著降低读题负担。,按规律填数：10，20，30，___，50，60。,为文字题生成轻量数学支持视觉，保持非答案化、无文字、无公式。
hjb-primary-ds-v1-p1-144,P1,一年级下册,100以内的数,short-answer,Foundation,B_strong_recommended,recommended,P2,text_calculation_only,text-calculation-support,conceptual-support,false,not-generated,candidates/hjb-primary-ds-v1-p1-144.png,P1-P2 题目以具象数量、操作、分类、购物或生活场景为主；文字可作答，但插图能显著降低读题负担。,写出比79大1的数。,为文字题生成轻量数学支持视觉，保持非答案化、无文字、无公式。
hjb-primary-ds-v1-p1-147,P1,一年级下册,100以内的数,short-answer,Core,B_strong_recommended,recommended,P2,text_calculation_only,text-calculation-support,conceptual-support,false,not-generated,candidates/hjb-primary-ds-v1-p1-147.png,P1-P2 题目以具象数量、操作、分类、购物或生活场景为主；文字可作答，但插图能显著降低读题负担。,在计数器上，十位上有4颗珠子，个位上有9颗珠子。这个数是多少？请写出这个数，并说出它是由几个十和几个一组成的。,为文字题生成轻量数学支持视觉，保持非答案化、无文字、无公式。
hjb-primary-ds-v1-p1-149,P1,一年级下册,100以内的数,fill-in,Core,B_strong_recommended,recommended,P2,text_calculation_only,text-calculation-support,conceptual-support,false,not-generated,candidates/hjb-primary-ds-v1-p1-149.png,P1-P2 题目以具象数量、操作、分类、购物或生活场景为主；文字可作答，但插图能显著降低读题负担。,按规律填数：70、72、74、______、78。,为文字题生成轻量数学支持视觉，保持非答案化、无文字、无公式。
hjb-primary-ds-v1-p1-150,P1,一年级下册,100以内的数,short-answer,Foundation,B_strong_recommended,recommended,P2,text_calculation_only,text-calculation-support,conceptual-support,false,not-generated,candidates/hjb-primary-ds-v1-p1-150.png,P1-P2 题目以具象数量、操作、分类、购物或生活场景为主；文字可作答，但插图能显著降低读题负担。,比较大小：87和78。哪个数大？为什么？,为文字题生成轻量数学支持视觉，保持非答案化、无文字、无公式。
hjb-primary-ds-v1-p1-152,P1,一年级下册,100以内的数,fill-in,Foundation,B_strong_recommended,recommended,P2,text_calculation_only,text-calculation-support,conceptual-support,false,not-generated,candidates/hjb-primary-ds-v1-p1-152.png,P1-P2 题目以具象数量、操作、分类、购物或生活场景为主；文字可作答，但插图能显著降低读题负担。,一个两位数，十位上是6，个位上是2，这个数写作______。,为文字题生成轻量数学支持视觉，保持非答案化、无文字、无公式。
hjb-primary-ds-v1-p1-153,P1,一年级下册,100以内的数,short-answer,Core,B_strong_recommended,recommended,P2,text_calculation_only,text-calculation-support,conceptual-support,false,not-generated,candidates/hjb-primary-ds-v1-p1-153.png,P1-P2 题目以具象数量、操作、分类、购物或生活场景为主；文字可作答，但插图能显著降低读题负担。,按规律填数：78，76，74，______，70。,为文字题生成轻量数学支持视觉，保持非答案化、无文字、无公式。
hjb-primary-ds-v1-p1-155,P1,一年级下册,100以内的数,fill-in,Core,B_strong_recommended,recommended,P2,text_calculation_only,text-calculation-support,conceptual-support,false,not-generated,candidates/hjb-primary-ds-v1-p1-155.png,P1-P2 题目以具象数量、操作、分类、购物或生活场景为主；文字可作答，但插图能显著降低读题负担。,在计数器上，十位拨了4颗珠子，个位拨了9颗珠子，这个数是______。,为文字题生成轻量数学支持视觉，保持非答案化、无文字、无公式。
hjb-primary-ds-v1-p1-158,P1,一年级下册,100以内数的加减法（一）,fill-in,Foundation,B_strong_recommended,recommended,P2,text_calculation_only,text-calculation-support,conceptual-support,false,not-generated,candidates/hjb-primary-ds-v1-p1-158.png,P1-P2 题目以具象数量、操作、分类、购物或生活场景为主；文字可作答，但插图能显著降低读题负担。,在算式 68 - 40 = □ 中，□里应该填______。,为文字题生成轻量数学支持视觉，保持非答案化、无文字、无公式。
hjb-primary-ds-v1-p1-161,P1,一年级下册,100以内数的加减法（一）,fill-in,Core,B_strong_recommended,recommended,P2,text_calculation_only,text-calculation-support,conceptual-support,false,not-generated,candidates/hjb-primary-ds-v1-p1-161.png,P1-P2 题目以具象数量、操作、分类、购物或生活场景为主；文字可作答，但插图能显著降低读题负担。,计算 45 + 30 时，可以先算 40 + 30 = 70，再算 70 + 5 = 75。请你用同样的方法计算 56 + 20，把过程写出来。,为文字题生成轻量数学支持视觉，保持非答案化、无文字、无公式。
hjb-primary-ds-v1-p1-164,P1,一年级下册,100以内数的加减法（一）,fill-in,Foundation,B_strong_recommended,recommended,P2,text_calculation_only,text-calculation-support,conceptual-support,false,not-generated,candidates/hjb-primary-ds-v1-p1-164.png,P1-P2 题目以具象数量、操作、分类、购物或生活场景为主；文字可作答，但插图能显著降低读题负担。,在计算 68 - 5 时，可以先算 8 - 5 = 3，再算 60 + 3 = 63。请你用同样的方法计算 79 - 4，把过程写出来。,为文字题生成轻量数学支持视觉，保持非答案化、无文字、无公式。
hjb-primary-ds-v1-p1-165,P1,一年级下册,100以内数的加减法（一）,short-answer,Core,B_strong_recommended,recommended,P2,text_calculation_only,text-calculation-support,conceptual-support,false,not-generated,candidates/hjb-primary-ds-v1-p1-165.png,P1-P2 题目以具象数量、操作、分类、购物或生活场景为主；文字可作答，但插图能显著降低读题负担。,一（2）班有42人，一（1）班比一（2）班多3人。一（1）班有多少人？,为文字题生成轻量数学支持视觉，保持非答案化、无文字、无公式。
hjb-primary-ds-v1-p1-167,P1,一年级下册,100以内数的加减法（一）,fill-in,Core,B_strong_recommended,recommended,P2,text_calculation_only,text-calculation-support,conceptual-support,false,not-generated,candidates/hjb-primary-ds-v1-p1-167.png,P1-P2 题目以具象数量、操作、分类、购物或生活场景为主；文字可作答，但插图能显著降低读题负担。,在算式 56 + 3 中，先算 ______ + ______ = ______，再算 ______ + ______ = ______。,为文字题生成轻量数学支持视觉，保持非答案化、无文字、无公式。
hjb-primary-ds-v1-p1-170,P1,一年级下册,100以内数的加减法（一）,fill-in,Foundation,B_strong_recommended,recommended,P2,text_calculation_only,text-calculation-support,conceptual-support,false,not-generated,candidates/hjb-primary-ds-v1-p1-170.png,P1-P2 题目以具象数量、操作、分类、购物或生活场景为主；文字可作答，但插图能显著降低读题负担。,计算 78 - 5 时，先算 ______ - ______ = ______，再算 ______ + ______ = ______。,为文字题生成轻量数学支持视觉，保持非答案化、无文字、无公式。
hjb-primary-ds-v1-p1-171,P1,一年级下册,100以内数的加减法（一）,short-answer,Core,B_strong_recommended,recommended,P2,text_calculation_only,text-calculation-support,conceptual-support,false,not-generated,candidates/hjb-primary-ds-v1-p1-171.png,P1-P2 题目以具象数量、操作、分类、购物或生活场景为主；文字可作答，但插图能显著降低读题负担。,小华有34本故事书，小丽有20本故事书。两人一共有多少本故事书？,为文字题生成轻量数学支持视觉，保持非答案化、无文字、无公式。
hjb-primary-ds-v1-p1-173,P1,一年级下册,100以内数的加减法（一）,fill-in,Core,B_strong_recommended,recommended,P2,text_calculation_only,text-calculation-support,conceptual-support,false,not-generated,candidates/hjb-primary-ds-v1-p1-173.png,P1-P2 题目以具象数量、操作、分类、购物或生活场景为主；文字可作答，但插图能显著降低读题负担。,在计算 68 - 5 时，先算 8 - 5 = 3，再算 60 + 3 = ______。,为文字题生成轻量数学支持视觉，保持非答案化、无文字、无公式。
hjb-primary-ds-v1-p1-174,P1,一年级下册,100以内数的加减法（一）,short-answer,Foundation,B_strong_recommended,recommended,P2,text_calculation_only,text-calculation-support,conceptual-support,false,not-generated,candidates/hjb-primary-ds-v1-p1-174.png,P1-P2 题目以具象数量、操作、分类、购物或生活场景为主；文字可作答，但插图能显著降低读题负担。,停车场原来有45辆车，开走了20辆，还剩多少辆？,为文字题生成轻量数学支持视觉，保持非答案化、无文字、无公式。
hjb-primary-ds-v1-p1-236,P1,一年级下册,一年级下册整理与复习,fill-in,Foundation,B_strong_recommended,recommended,P2,text_calculation_only,text-calculation-support,conceptual-support,false,not-generated,candidates/hjb-primary-ds-v1-p1-236.png,P1-P2 题目以具象数量、操作、分类、购物或生活场景为主；文字可作答，但插图能显著降低读题负担。,小明在复习时做了两道题。第一题：45 + 8，他先算45 + 5 = 50，再算50 + 3 = 53。第二题：62 - 9，他先算62 - 2 = 60，再算60 - 7 = 53。请帮小明检查，他哪道题算错了？正确的得数应该是多少？,为文字题生成轻量数学支持视觉，保持非答案化、无文字、无公式。
hjb-primary-ds-v1-p1-240,P1,一年级下册,一年级下册整理与复习,fill-in,Foundation,B_strong_recommended,recommended,P2,text_calculation_only,text-calculation-support,conceptual-support,false,not-generated,candidates/hjb-primary-ds-v1-p1-240.png,P1-P2 题目以具象数量、操作、分类、购物或生活场景为主；文字可作答，但插图能显著降低读题负担。,在括号里填上合适的数：57 + ( ) = 65,为文字题生成轻量数学支持视觉，保持非答案化、无文字、无公式。
hjb-primary-ds-v1-p1-241,P1,一年级下册,一年级下册整理与复习,multiple-choice,Foundation,B_strong_recommended,recommended,P2,text_calculation_only,text-calculation-support,conceptual-support,false,not-generated,candidates/hjb-primary-ds-v1-p1-241.png,P1-P2 题目以具象数量、操作、分类、购物或生活场景为主；文字可作答，但插图能显著降低读题负担。,小华在计算 15 - 8 时，他先算 10 - 8 = 2，再算 2 + 5 = 7。他用的方法是哪一种？,为文字题生成轻量数学支持视觉，保持非答案化、无文字、无公式。
hjb-primary-ds-v1-p1-243,P1,一年级下册,一年级下册整理与复习,multiple-choice,Foundation,B_strong_recommended,recommended,P2,text_calculation_only,text-calculation-support,conceptual-support,false,not-generated,candidates/hjb-primary-ds-v1-p1-243.png,P1-P2 题目以具象数量、操作、分类、购物或生活场景为主；文字可作答，但插图能显著降低读题负担。,小明这样计算 12 - 5：因为 5 + 7 = 12，所以 12 - 5 = 7。他用了什么方法？,为文字题生成轻量数学支持视觉，保持非答案化、无文字、无公式。
hjb-primary-ds-v1-p1-248,P1,一年级下册,一年级下册整理与复习,multiple-choice,Foundation,B_strong_recommended,recommended,P2,text_calculation_only,text-calculation-support,conceptual-support,false,not-generated,candidates/hjb-primary-ds-v1-p1-248.png,P1-P2 题目以具象数量、操作、分类、购物或生活场景为主；文字可作答，但插图能显著降低读题负担。,小芳在检查 43 - 7 = 36 时，用 36 + 7 算了一遍，得到 43。她用的检查方法是？,为文字题生成轻量数学支持视觉，保持非答案化、无文字、无公式。
hjb-primary-ds-v1-p2-002,P2,二年级上册,100以内数的加减法（二）,fill-in,Core,B_strong_recommended,recommended,P2,text_calculation_only,text-calculation-support,conceptual-support,false,not-generated,candidates/hjb-primary-ds-v1-p2-002.png,P1-P2 题目以具象数量、操作、分类、购物或生活场景为主；文字可作答，但插图能显著降低读题负担。,在竖式计算 81 - 46 时，个位上 1 减 6 不够减，从十位借 1 后，个位变成 ___ 减 6。,为文字题生成轻量数学支持视觉，保持非答案化、无文字、无公式。
hjb-primary-ds-v1-p2-003,P2,二年级上册,100以内数的加减法（二）,short-answer,Challenge,B_strong_recommended,recommended,P2,text_calculation_only,text-calculation-support,conceptual-support,false,not-generated,candidates/hjb-primary-ds-v1-p2-003.png,P1-P2 题目以具象数量、操作、分类、购物或生活场景为主；文字可作答，但插图能显著降低读题负担。,小明计算 72 - 39 = 33，他用 33 + 39 进行验算。请写出验算的竖式，并判断小明的计算结果是否正确。,为文字题生成轻量数学支持视觉，保持非答案化、无文字、无公式。
hjb-primary-ds-v1-p2-005,P2,二年级上册,100以内数的加减法（二）,fill-in,Foundation,B_strong_recommended,recommended,P2,text_calculation_only,text-calculation-support,conceptual-support,false,not-generated,candidates/hjb-primary-ds-v1-p2-005.png,P1-P2 题目以具象数量、操作、分类、购物或生活场景为主；文字可作答，但插图能显著降低读题负担。,计算 57 - 29 时，可以先算 57 - 30 = 27，再算 27 + ___ = ___。,为文字题生成轻量数学支持视觉，保持非答案化、无文字、无公式。
hjb-primary-ds-v1-p2-008,P2,二年级上册,100以内数的加减法（二）,fill-in,Exam,B_strong_recommended,recommended,P2,text_calculation_only,text-calculation-support,conceptual-support,false,not-generated,candidates/hjb-primary-ds-v1-p2-008.png,P1-P2 题目以具象数量、操作、分类、购物或生活场景为主；文字可作答，但插图能显著降低读题负担。,在竖式计算 72 - 46 时，个位不够减，从十位借1后，个位变成 ___ 减 6。,为文字题生成轻量数学支持视觉，保持非答案化、无文字、无公式。
hjb-primary-ds-v1-p2-009,P2,二年级上册,100以内数的加减法（二）,short-answer,Foundation,B_strong_recommended,recommended,P2,text_calculation_only,text-calculation-support,conceptual-support,false,not-generated,candidates/hjb-primary-ds-v1-p2-009.png,P1-P2 题目以具象数量、操作、分类、购物或生活场景为主；文字可作答，但插图能显著降低读题负担。,用竖式计算 34 + 29，并写出验算过程。,为文字题生成轻量数学支持视觉，保持非答案化、无文字、无公式。
hjb-primary-ds-v1-p2-010,P2,二年级上册,100以内数的加减法（二）,multiple-choice,Core,B_strong_recommended,recommended,P2,text_calculation_only,text-calculation-support,conceptual-support,false,not-generated,candidates/hjb-primary-ds-v1-p2-010.png,P1-P2 题目以具象数量、操作、分类、购物或生活场景为主；文字可作答，但插图能显著降低读题负担。,小明计算 81 - 47 时，得到的结果是 44。他算得对吗？ A. 对，因为 44 + 47 = 91 B. 不对，因为 44 + 47 = 91，不等于 81 C. 对，因为 81 - 44 = 37 D. 不对，因为 81 - 44 = 47,为文字题生成轻量数学支持视觉，保持非答案化、无文字、无公式。
hjb-primary-ds-v1-p2-011,P2,二年级上册,100以内数的加减法（二）,fill-in,Challenge,B_strong_recommended,recommended,P2,text_calculation_only,text-calculation-support,conceptual-support,false,not-generated,candidates/hjb-primary-ds-v1-p2-011.png,P1-P2 题目以具象数量、操作、分类、购物或生活场景为主；文字可作答，但插图能显著降低读题负担。,在计算 72 - 38 时，个位 2 减 8 不够减，从十位退 1 作 10，个位变成 12 减 8 得 4，十位 7 退 1 后剩 6，6 减 3 得 3，所以结果是 34。请用加法验算，并写出验算的竖式。,为文字题生成轻量数学支持视觉，保持非答案化、无文字、无公式。
hjb-primary-ds-v1-p2-014,P2,二年级上册,100以内数的加减法（二）,fill-in,Core,B_strong_recommended,recommended,P2,text_calculation_only,text-calculation-support,conceptual-support,false,not-generated,candidates/hjb-primary-ds-v1-p2-014.png,P1-P2 题目以具象数量、操作、分类、购物或生活场景为主；文字可作答，但插图能显著降低读题负担。,在竖式计算 81 - 46 时，个位 1 减 6 不够减，从十位退 1，个位变成 11 减 6 得 5，十位 8 退 1 后剩 7，7 减 4 得 3，所以结果是 35。请用加法验算，写出验算的算式：______,为文字题生成轻量数学支持视觉，保持非答案化、无文字、无公式。
hjb-primary-ds-v1-p2-015,P2,二年级上册,100以内数的加减法（二）,short-answer,Challenge,B_strong_recommended,recommended,P2,text_calculation_only,text-calculation-support,conceptual-support,false,not-generated,candidates/hjb-primary-ds-v1-p2-015.png,P1-P2 题目以具象数量、操作、分类、购物或生活场景为主；文字可作答，但插图能显著降低读题负担。,小明在计算 90 - 54 时，个位 0 减 4 不够减，从十位退 1，个位变成 10 减 4 得 6，十位 9 退 1 后剩 8，8 减 5 得 3，结果是 36。他验算时用 36 + 54 = 90，发现正确。请你说一说，为什么从十位退 1 后，十位要减去 1？,为文字题生成轻量数学支持视觉，保持非答案化、无文字、无公式。
hjb-primary-ds-v1-p2-017,P2,二年级上册,100以内数的加减法（二）,fill-in,Foundation,B_strong_recommended,recommended,P2,text_calculation_only,text-calculation-support,conceptual-support,false,not-generated,candidates/hjb-primary-ds-v1-p2-017.png,P1-P2 题目以具象数量、操作、分类、购物或生活场景为主；文字可作答，但插图能显著降低读题负担。,在竖式计算 56 - 29 时，个位 6 减 9 不够减，从十位退 1 当 10，个位变成（ ）减 9 得（ ），十位 5 退 1 后剩（ ），再减 2 得（ ），所以结果是（ ）。,为文字题生成轻量数学支持视觉，保持非答案化、无文字、无公式。
hjb-primary-ds-v1-p2-018,P2,二年级上册,100以内数的加减法（二）,short-answer,Core,B_strong_recommended,recommended,P2,text_calculation_only,text-calculation-support,conceptual-support,false,not-generated,candidates/hjb-primary-ds-v1-p2-018.png,P1-P2 题目以具象数量、操作、分类、购物或生活场景为主；文字可作答，但插图能显著降低读题负担。,用竖式计算 81 - 37，并写出验算过程。,为文字题生成轻量数学支持视觉，保持非答案化、无文字、无公式。
hjb-primary-ds-v1-p2-020,P2,二年级上册,100以内数的加减法（二）,fill-in,Exam,B_strong_recommended,recommended,P2,text_calculation_only,text-calculation-support,conceptual-support,false,not-generated,candidates/hjb-primary-ds-v1-p2-020.png,P1-P2 题目以具象数量、操作、分类、购物或生活场景为主；文字可作答，但插图能显著降低读题负担。,在 62 - 38 的竖式计算中，个位 2 减 8 不够减，从十位退 1 当 10，个位变成 12 减 8 得 4；十位 6 退 1 后剩 5，再减 3 得 2，所以结果是 24。请用加法验算：24 + 38 = （ ），与被减数 62 比较，说明计算（ ）。（填“正确”或“错误”）,为文字题生成轻量数学支持视觉，保持非答案化、无文字、无公式。
hjb-primary-ds-v1-p2-021,P2,二年级上册,100以内数的加减法（二）,short-answer,Foundation,B_strong_recommended,recommended,P2,text_calculation_only,text-calculation-support,conceptual-support,false,not-generated,candidates/hjb-primary-ds-v1-p2-021.png,P1-P2 题目以具象数量、操作、分类、购物或生活场景为主；文字可作答，但插图能显著降低读题负担。,用竖式计算 73 - 46，并写出验算过程。,为文字题生成轻量数学支持视觉，保持非答案化、无文字、无公式。
hjb-primary-ds-v1-p2-023,P2,二年级上册,100以内数的加减法（二）,fill-in,Challenge,B_strong_recommended,recommended,P2,text_calculation_only,text-calculation-support,conceptual-support,false,not-generated,candidates/hjb-primary-ds-v1-p2-023.png,P1-P2 题目以具象数量、操作、分类、购物或生活场景为主；文字可作答，但插图能显著降低读题负担。,在□里填上合适的数。 6□ - 2 7 ---- 3 5,为文字题生成轻量数学支持视觉，保持非答案化、无文字、无公式。
hjb-primary-ds-v1-p2-135,P2,二年级上册,二年级上册数学广场与整理复习,short-answer,Core,B_strong_recommended,recommended,P2,text_calculation_only,text-calculation-support,conceptual-support,false,not-generated,candidates/hjb-primary-ds-v1-p2-135.png,P1-P2 题目以具象数量、操作、分类、购物或生活场景为主；文字可作答，但插图能显著降低读题负担。,二（1）班同学参加兴趣小组的情况如下：绘画组12人，舞蹈组8人，科技组15人，书法组9人。请你把人数按从多到少的顺序排列，并回答：人数最多的组比人数最少的组多几人？,为文字题生成轻量数学支持视觉，保持非答案化、无文字、无公式。
hjb-primary-ds-v1-p2-186,P2,二年级下册,万以内的数,fill-in,Foundation,B_strong_recommended,recommended,P2,text_calculation_only,text-calculation-support,conceptual-support,false,not-generated,candidates/hjb-primary-ds-v1-p2-186.png,P1-P2 题目以具象数量、操作、分类、购物或生活场景为主；文字可作答，但插图能显著降低读题负担。,一个数由3个千、0个百、5个十和2个一组成，这个数写作______，读作______。,为文字题生成轻量数学支持视觉，保持非答案化、无文字、无公式。
hjb-primary-ds-v1-p2-189,P2,二年级下册,万以内的数,multiple-choice,Core,B_strong_recommended,recommended,P2,text_calculation_only,text-calculation-support,conceptual-support,false,not-generated,candidates/hjb-primary-ds-v1-p2-189.png,P1-P2 题目以具象数量、操作、分类、购物或生活场景为主；文字可作答，但插图能显著降低读题负担。,比较大小：6078 ○ 6087，○里应该填什么符号？,为文字题生成轻量数学支持视觉，保持非答案化、无文字、无公式。
hjb-primary-ds-v1-p2-191,P2,二年级下册,万以内的数,multiple-choice,Core,B_strong_recommended,recommended,P2,text_calculation_only,text-calculation-support,conceptual-support,false,not-generated,candidates/hjb-primary-ds-v1-p2-191.png,P1-P2 题目以具象数量、操作、分类、购物或生活场景为主；文字可作答，但插图能显著降低读题负担。,一个数由6个千、0个百、4个十和9个一组成，这个数写作多少？,为文字题生成轻量数学支持视觉，保持非答案化、无文字、无公式。
hjb-primary-ds-v1-p2-195,P2,二年级下册,万以内的数,multiple-choice,Core,B_strong_recommended,recommended,P2,text_calculation_only,text-calculation-support,conceptual-support,false,not-generated,candidates/hjb-primary-ds-v1-p2-195.png,P1-P2 题目以具象数量、操作、分类、购物或生活场景为主；文字可作答，但插图能显著降低读题负担。,比较大小：在○里填上“>”“<”或“=”。 5078 ○ 5087,为文字题生成轻量数学支持视觉，保持非答案化、无文字、无公式。
hjb-primary-ds-v1-p2-196,P2,二年级下册,万以内的数,fill-in,Foundation,B_strong_recommended,recommended,P2,text_calculation_only,text-calculation-support,conceptual-support,false,not-generated,candidates/hjb-primary-ds-v1-p2-196.png,P1-P2 题目以具象数量、操作、分类、购物或生活场景为主；文字可作答，但插图能显著降低读题负担。,一个数由3个千、0个百、5个十和8个一组成，这个数写作______。,为文字题生成轻量数学支持视觉，保持非答案化、无文字、无公式。
hjb-primary-ds-v1-p2-199,P2,二年级下册,万以内的数,multiple-choice,Core,B_strong_recommended,recommended,P2,text_calculation_only,text-calculation-support,conceptual-support,false,not-generated,candidates/hjb-primary-ds-v1-p2-199.png,P1-P2 题目以具象数量、操作、分类、购物或生活场景为主；文字可作答，但插图能显著降低读题负担。,比较大小：5802 ○ 5820，○里应该填什么符号？,为文字题生成轻量数学支持视觉，保持非答案化、无文字、无公式。
hjb-primary-ds-v1-p2-200,P2,二年级下册,万以内的数,fill-in,Foundation,B_strong_recommended,recommended,P2,text_calculation_only,text-calculation-support,conceptual-support,false,not-generated,candidates/hjb-primary-ds-v1-p2-200.png,P1-P2 题目以具象数量、操作、分类、购物或生活场景为主；文字可作答，但插图能显著降低读题负担。,写出与3999相邻的两个数：______和______。,为文字题生成轻量数学支持视觉，保持非答案化、无文字、无公式。
hjb-primary-ds-v1-p2-202,P2,二年级下册,万以内的数,fill-in,Foundation,B_strong_recommended,recommended,P2,text_calculation_only,text-calculation-support,conceptual-support,false,not-generated,candidates/hjb-primary-ds-v1-p2-202.png,P1-P2 题目以具象数量、操作、分类、购物或生活场景为主；文字可作答，但插图能显著降低读题负担。,一个数由6个千、0个百、4个十和9个一组成，这个数写作______。,为文字题生成轻量数学支持视觉，保持非答案化、无文字、无公式。
hjb-primary-ds-v1-p2-205,P2,二年级下册,万以内的数,multiple-choice,Core,B_strong_recommended,recommended,P2,text_calculation_only,text-calculation-support,conceptual-support,false,not-generated,candidates/hjb-primary-ds-v1-p2-205.png,P1-P2 题目以具象数量、操作、分类、购物或生活场景为主；文字可作答，但插图能显著降低读题负担。,比较大小：5□28 < 5436，□里最大能填几？,为文字题生成轻量数学支持视觉，保持非答案化、无文字、无公式。
hjb-primary-ds-v1-p2-206,P2,二年级下册,万以内的数,fill-in,Foundation,B_strong_recommended,recommended,P2,text_calculation_only,text-calculation-support,conceptual-support,false,not-generated,candidates/hjb-primary-ds-v1-p2-206.png,P1-P2 题目以具象数量、操作、分类、购物或生活场景为主；文字可作答，但插图能显著降低读题负担。,一个数由3个千、0个百、5个十和8个一组成，这个数写作多少？,为文字题生成轻量数学支持视觉，保持非答案化、无文字、无公式。
hjb-primary-ds-v1-p2-208,P2,二年级下册,两位数与三位数的加减法,fill-in,Foundation,B_strong_recommended,recommended,P2,text_calculation_only,text-calculation-support,conceptual-support,false,not-generated,candidates/hjb-primary-ds-v1-p2-208.png,P1-P2 题目以具象数量、操作、分类、购物或生活场景为主；文字可作答，但插图能显著降低读题负担。,计算：423 + 198 = ______。,为文字题生成轻量数学支持视觉，保持非答案化、无文字、无公式。
hjb-primary-ds-v1-p2-210,P2,二年级下册,两位数与三位数的加减法,fill-in,Foundation,B_strong_recommended,recommended,P2,text_calculation_only,text-calculation-support,conceptual-support,false,not-generated,candidates/hjb-primary-ds-v1-p2-210.png,P1-P2 题目以具象数量、操作、分类、购物或生活场景为主；文字可作答，但插图能显著降低读题负担。,估算：598 + 304 大约是多少？,为文字题生成轻量数学支持视觉，保持非答案化、无文字、无公式。
hjb-primary-ds-v1-p2-212,P2,二年级下册,两位数与三位数的加减法,fill-in,Foundation,B_strong_recommended,recommended,P2,text_calculation_only,text-calculation-support,conceptual-support,false,not-generated,candidates/hjb-primary-ds-v1-p2-212.png,P1-P2 题目以具象数量、操作、分类、购物或生活场景为主；文字可作答，但插图能显著降低读题负担。,用竖式计算 506 - 238，差的百位是（ ），十位是（ ），个位是（ ）。,为文字题生成轻量数学支持视觉，保持非答案化、无文字、无公式。
hjb-primary-ds-v1-p2-214,P2,二年级下册,两位数与三位数的加减法,fill-in,Foundation,B_strong_recommended,recommended,P2,text_calculation_only,text-calculation-support,conceptual-support,false,not-generated,candidates/hjb-primary-ds-v1-p2-214.png,P1-P2 题目以具象数量、操作、分类、购物或生活场景为主；文字可作答，但插图能显著降低读题负担。,估算 198 + 305，和大约是（ ）。,为文字题生成轻量数学支持视觉，保持非答案化、无文字、无公式。
hjb-primary-ds-v1-p2-216,P2,二年级下册,两位数与三位数的加减法,fill-in,Foundation,B_strong_recommended,recommended,P2,text_calculation_only,text-calculation-support,conceptual-support,false,not-generated,candidates/hjb-primary-ds-v1-p2-216.png,P1-P2 题目以具象数量、操作、分类、购物或生活场景为主；文字可作答，但插图能显著降低读题负担。,计算：345 + 278 = ______,为文字题生成轻量数学支持视觉，保持非答案化、无文字、无公式。
hjb-primary-ds-v1-p2-218,P2,二年级下册,两位数与三位数的加减法,fill-in,Foundation,B_strong_recommended,recommended,P2,text_calculation_only,text-calculation-support,conceptual-support,false,not-generated,candidates/hjb-primary-ds-v1-p2-218.png,P1-P2 题目以具象数量、操作、分类、购物或生活场景为主；文字可作答，但插图能显著降低读题负担。,计算：602 - 357 = ______,为文字题生成轻量数学支持视觉，保持非答案化、无文字、无公式。
hjb-primary-ds-v1-p2-219,P2,二年级下册,两位数与三位数的加减法,multiple-choice,Core,B_strong_recommended,recommended,P2,text_calculation_only,text-calculation-support,conceptual-support,false,not-generated,candidates/hjb-primary-ds-v1-p2-219.png,P1-P2 题目以具象数量、操作、分类、购物或生活场景为主；文字可作答，但插图能显著降低读题负担。,小马虎计算一道加法题时，把其中一个加数45看成了54，算出的得数是83。正确的得数应该是多少？,为文字题生成轻量数学支持视觉，保持非答案化、无文字、无公式。
hjb-primary-ds-v1-p2-220,P2,二年级下册,两位数与三位数的加减法,fill-in,Foundation,B_strong_recommended,recommended,P2,text_calculation_only,text-calculation-support,conceptual-support,false,not-generated,candidates/hjb-primary-ds-v1-p2-220.png,P1-P2 题目以具象数量、操作、分类、购物或生活场景为主；文字可作答，但插图能显著降低读题负担。,先估算，再计算：789 + 156 ≈ ______，789 + 156 = ______,为文字题生成轻量数学支持视觉，保持非答案化、无文字、无公式。
hjb-primary-ds-v1-p2-222,P2,二年级下册,两位数与三位数的加减法,fill-in,Foundation,B_strong_recommended,recommended,P2,text_calculation_only,text-calculation-support,conceptual-support,false,not-generated,candidates/hjb-primary-ds-v1-p2-222.png,P1-P2 题目以具象数量、操作、分类、购物或生活场景为主；文字可作答，但插图能显著降低读题负担。,用竖式计算 523 - 287，个位不够减，从十位退 1 当 10，十位是 1 不够退，要从百位退 1 到十位当 10，这时十位变成 ___，个位变成 ___。,为文字题生成轻量数学支持视觉，保持非答案化、无文字、无公式。
hjb-primary-ds-v1-p2-225,P2,二年级下册,两位数与三位数的加减法,multiple-choice,Core,B_strong_recommended,recommended,P2,text_calculation_only,text-calculation-support,conceptual-support,false,not-generated,candidates/hjb-primary-ds-v1-p2-225.png,P1-P2 题目以具象数量、操作、分类、购物或生活场景为主；文字可作答，但插图能显著降低读题负担。,小明做一道减法题，把减数 56 看成了 50，算出的差是 34。正确的差是多少？,为文字题生成轻量数学支持视觉，保持非答案化、无文字、无公式。
hjb-primary-ds-v1-p2-226,P2,二年级下册,两位数与三位数的加减法,fill-in,Foundation,B_strong_recommended,recommended,P2,text_calculation_only,text-calculation-support,conceptual-support,false,not-generated,candidates/hjb-primary-ds-v1-p2-226.png,P1-P2 题目以具象数量、操作、分类、购物或生活场景为主；文字可作答，但插图能显著降低读题负担。,计算 346 + 279，先估算，再列竖式笔算。 估算：346 接近 350，279 接近 280，350 + 280 = ______，所以结果大约是 ______。 笔算： 3 4 6 + 2 7 9 ______ 笔算结果是 ______。,为文字题生成轻量数学支持视觉，保持非答案化、无文字、无公式。
hjb-primary-ds-v1-p2-228,P2,二年级下册,两位数与三位数的加减法,fill-in,Foundation,B_strong_recommended,recommended,P2,text_calculation_only,text-calculation-support,conceptual-support,false,not-generated,candidates/hjb-primary-ds-v1-p2-228.png,P1-P2 题目以具象数量、操作、分类、购物或生活场景为主；文字可作答，但插图能显著降低读题负担。,用竖式计算 523 - 187，并验算。 竖式： 5 2 3 - 1 8 7 ______ 验算：用差加上减数，看是否等于被减数。 差是 ______，187 + ______ = ______，与被减数 523 相同，所以计算正确。,为文字题生成轻量数学支持视觉，保持非答案化、无文字、无公式。
hjb-primary-ds-v1-p2-230,P2,二年级下册,二年级下册数学广场与整理复习,fill-in,Foundation,B_strong_recommended,recommended,P2,text_calculation_only,text-calculation-support,conceptual-support,false,not-generated,candidates/hjb-primary-ds-v1-p2-230.png,P1-P2 题目以具象数量、操作、分类、购物或生活场景为主；文字可作答，但插图能显著降低读题负担。,"按规律填数：1, 4, 9, 16, ______, 36。",为文字题生成轻量数学支持视觉，保持非答案化、无文字、无公式。
hjb-primary-ds-v1-p2-238,P2,二年级下册,二年级下册数学广场与整理复习,fill-in,Foundation,B_strong_recommended,recommended,P2,text_calculation_only,text-calculation-support,conceptual-support,false,not-generated,candidates/hjb-primary-ds-v1-p2-238.png,P1-P2 题目以具象数量、操作、分类、购物或生活场景为主；文字可作答，但插图能显著降低读题负担。,小红计算35+28时，先算30+20=50，再算5+8=13，最后50+13=63。她用的方法是把两位数拆成____和____分别相加。,为文字题生成轻量数学支持视觉，保持非答案化、无文字、无公式。
hjb-primary-ds-v1-p2-240,P2,二年级下册,二年级下册数学广场与整理复习,fill-in,Foundation,B_strong_recommended,recommended,P2,text_calculation_only,text-calculation-support,conceptual-support,false,not-generated,candidates/hjb-primary-ds-v1-p2-240.png,P1-P2 题目以具象数量、操作、分类、购物或生活场景为主；文字可作答，但插图能显著降低读题负担。,在算式□÷5=6……△中，△最大是____，这时□是____。,为文字题生成轻量数学支持视觉，保持非答案化、无文字、无公式。
hjb-primary-ds-v1-p2-242,P2,二年级下册,二年级下册数学广场与整理复习,multiple-choice,Foundation,B_strong_recommended,recommended,P2,text_calculation_only,text-calculation-support,conceptual-support,false,not-generated,candidates/hjb-primary-ds-v1-p2-242.png,P1-P2 题目以具象数量、操作、分类、购物或生活场景为主；文字可作答，但插图能显著降低读题负担。,小明做了一道题：1时20分=120分。他的错误是什么？,为文字题生成轻量数学支持视觉，保持非答案化、无文字、无公式。
hjb-primary-ds-v1-p2-245,P2,二年级下册,二年级下册数学广场与整理复习,multiple-choice,Foundation,B_strong_recommended,recommended,P2,text_calculation_only,text-calculation-support,conceptual-support,false,not-generated,candidates/hjb-primary-ds-v1-p2-245.png,P1-P2 题目以具象数量、操作、分类、购物或生活场景为主；文字可作答，但插图能显著降低读题负担。,小丽计算56-19时，先算56-10=46，再算46-9=37。她用的方法是？,为文字题生成轻量数学支持视觉，保持非答案化、无文字、无公式。
hjb-primary-ds-v1-p3-119,P3,三年级上册（老课本暂用）,三年级上册数学广场与整理复习,fill-in,Foundation,B_strong_recommended,recommended,P2,text_calculation_only,text-calculation-support,conceptual-support,false,not-generated,candidates/hjb-primary-ds-v1-p3-119.png,P3-P4 单元涉及时间、测量、分数、几何、面积周长或统计等视觉模型；插图有助于形成正确表征。,在整理复习时，小马虎做了一道题：36÷4=8。他的错误原因是什么？正确的商应该是多少？,为文字题生成轻量数学支持视觉，保持非答案化、无文字、无公式。
hjb-primary-ds-v1-p3-121,P3,三年级上册（老课本暂用）,三年级上册数学广场与整理复习,multiple-choice,Core,B_strong_recommended,recommended,P2,text_calculation_only,text-calculation-support,conceptual-support,false,not-generated,candidates/hjb-primary-ds-v1-p3-121.png,P3-P4 单元涉及时间、测量、分数、几何、面积周长或统计等视觉模型；插图有助于形成正确表征。,小胖在整理错题时发现，计算 25 + 15 ÷ 5 时，他先算了加法，得到了 8。正确的得数应该是多少？,为文字题生成轻量数学支持视觉，保持非答案化、无文字、无公式。
hjb-primary-ds-v1-p3-125,P3,三年级上册（老课本暂用）,三年级上册数学广场与整理复习,fill-in,Foundation,B_strong_recommended,recommended,P2,text_calculation_only,text-calculation-support,conceptual-support,false,not-generated,candidates/hjb-primary-ds-v1-p3-125.png,P3-P4 单元涉及时间、测量、分数、几何、面积周长或统计等视觉模型；插图有助于形成正确表征。,在数学广场的探索活动中，小亚发现一个规律：1+3=4，1+3+5=9，1+3+5+7=16。按照这个规律，1+3+5+7+9+11 的结果是多少？,为文字题生成轻量数学支持视觉，保持非答案化、无文字、无公式。
hjb-primary-ds-v1-p3-126,P3,三年级上册（老课本暂用）,三年级上册数学广场与整理复习,short-answer,Challenge,B_strong_recommended,recommended,P2,text_calculation_only,text-calculation-support,conceptual-support,false,not-generated,candidates/hjb-primary-ds-v1-p3-126.png,P3-P4 单元涉及时间、测量、分数、几何、面积周长或统计等视觉模型；插图有助于形成正确表征。,小丁在整理错题时发现一道题：计算 238 × 4 时，他先算 200 × 4 = 800，再算 30 × 4 = 120，最后算 8 × 4 = 32，然后相加得到 952。他用的策略是什么？请用一句话说明，并写出这种策略的名称。,为文字题生成轻量数学支持视觉，保持非答案化、无文字、无公式。
hjb-primary-ds-v1-p3-128,P3,三年级上册（老课本暂用）,三年级上册数学广场与整理复习,fill-in,Foundation,B_strong_recommended,recommended,P2,text_calculation_only,text-calculation-support,conceptual-support,false,not-generated,candidates/hjb-primary-ds-v1-p3-128.png,P3-P4 单元涉及时间、测量、分数、几何、面积周长或统计等视觉模型；插图有助于形成正确表征。,在计算 56 ÷ 7 时，可以想乘法口诀“七八五十六”，这里用到了除法和乘法的关系。这种关系叫做________。,为文字题生成轻量数学支持视觉，保持非答案化、无文字、无公式。
hjb-primary-ds-v1-p3-129,P3,三年级上册（老课本暂用）,三年级上册数学广场与整理复习,short-answer,Core,B_strong_recommended,recommended,P2,text_calculation_only,text-calculation-support,conceptual-support,false,not-generated,candidates/hjb-primary-ds-v1-p3-129.png,P3-P4 单元涉及时间、测量、分数、几何、面积周长或统计等视觉模型；插图有助于形成正确表征。,小胖在计算 45 + 28 时，先算 45 + 30 = 75，再减去 2 得到 73。他用的策略是什么？请写出策略名称，并说明为什么这样算。,为文字题生成轻量数学支持视觉，保持非答案化、无文字、无公式。
hjb-primary-ds-v1-p3-131,P3,三年级上册（老课本暂用）,三年级上册数学广场与整理复习,fill-in,Core,B_strong_recommended,recommended,P2,text_calculation_only,text-calculation-support,conceptual-support,false,not-generated,candidates/hjb-primary-ds-v1-p3-131.png,P3-P4 单元涉及时间、测量、分数、几何、面积周长或统计等视觉模型；插图有助于形成正确表征。,在数学广场探索中，小丁发现了一个规律：1，1，2，3，5，8，13，21，… 按照这个规律，第10个数是____。,为文字题生成轻量数学支持视觉，保持非答案化、无文字、无公式。
hjb-primary-ds-v1-p3-132,P3,三年级上册（老课本暂用）,三年级上册数学广场与整理复习,short-answer,Foundation,B_strong_recommended,recommended,P2,text_calculation_only,text-calculation-support,conceptual-support,false,not-generated,candidates/hjb-primary-ds-v1-p3-132.png,P3-P4 单元涉及时间、测量、分数、几何、面积周长或统计等视觉模型；插图有助于形成正确表征。,小胖在整理错题时发现，计算 36+64÷8 时，他先算了加法得到100，再除以8得到12.5，但这是错误的。请你写出正确的计算过程和结果。,为文字题生成轻量数学支持视觉，保持非答案化、无文字、无公式。
hjb-primary-ds-v1-p3-136,P3,三年级上册（老课本暂用）,三年级上册数学广场与整理复习,multiple-choice,Foundation,B_strong_recommended,recommended,P2,text_calculation_only,text-calculation-support,conceptual-support,false,not-generated,candidates/hjb-primary-ds-v1-p3-136.png,P3-P4 单元涉及时间、测量、分数、几何、面积周长或统计等视觉模型；插图有助于形成正确表征。,小丁在整理数学笔记时发现，计算“36×5”时，他先算“30×5=150”，再算“6×5=30”，最后把两部分相加得到180。小丁用的方法是（ ）。,为文字题生成轻量数学支持视觉，保持非答案化、无文字、无公式。
hjb-primary-ds-v1-p3-180,P3,三年级下册,小数的初步认识,short-answer,Foundation,B_strong_recommended,recommended,P2,text_calculation_only,text-calculation-support,conceptual-support,false,not-generated,candidates/hjb-primary-ds-v1-p3-180.png,P3-P4 单元涉及时间、测量、分数、几何、面积周长或统计等视觉模型；插图有助于形成正确表征。,把0.6、0.45、0.9、0.08按从小到大的顺序排列。,为文字题生成轻量数学支持视觉，保持非答案化、无文字、无公式。
hjb-primary-ds-v1-p3-190,P3,三年级下册,小数的初步认识,fill-in,Foundation,B_strong_recommended,recommended,P2,text_calculation_only,text-calculation-support,conceptual-support,false,not-generated,candidates/hjb-primary-ds-v1-p3-190.png,P3-P4 单元涉及时间、测量、分数、几何、面积周长或统计等视觉模型；插图有助于形成正确表征。,一瓶果汁的净含量是1升250毫升，用小数表示是______升。,为文字题生成轻量数学支持视觉，保持非答案化、无文字、无公式。
hjb-primary-ds-v1-p3-232,P3,三年级下册,三年级下册数学广场与整理复习,fill-in,Core,B_strong_recommended,recommended,P2,text_calculation_only,text-calculation-support,conceptual-support,false,not-generated,candidates/hjb-primary-ds-v1-p3-232.png,P3-P4 单元涉及时间、测量、分数、几何、面积周长或统计等视觉模型；插图有助于形成正确表征。,在数学广场活动中，小明发现一个规律：1×9=9，2×9=18，3×9=27，4×9=36。按照这个规律，5×9的结果是多少？,为文字题生成轻量数学支持视觉，保持非答案化、无文字、无公式。
hjb-primary-ds-v1-p3-234,P3,三年级下册,三年级下册数学广场与整理复习,fill-in,Core,B_strong_recommended,recommended,P2,text_calculation_only,text-calculation-support,conceptual-support,false,not-generated,candidates/hjb-primary-ds-v1-p3-234.png,P3-P4 单元涉及时间、测量、分数、几何、面积周长或统计等视觉模型；插图有助于形成正确表征。,小马虎在计算小数加法时，把2.5+3.2算成了2+3=5，他忘记加什么了？请写出正确结果。,为文字题生成轻量数学支持视觉，保持非答案化、无文字、无公式。
hjb-primary-ds-v1-p3-236,P3,三年级下册,三年级下册数学广场与整理复习,fill-in,Core,B_strong_recommended,recommended,P2,text_calculation_only,text-calculation-support,conceptual-support,false,not-generated,candidates/hjb-primary-ds-v1-p3-236.png,P3-P4 单元涉及时间、测量、分数、几何、面积周长或统计等视觉模型；插图有助于形成正确表征。,小胖在整理复习时发现，计算“12.5 + 3”时，他错误地先把12.5看成125，加上3得到128，再点小数点得到1.28。请写出正确的计算结果，并说明小胖错在哪里。,为文字题生成轻量数学支持视觉，保持非答案化、无文字、无公式。
hjb-primary-ds-v1-p3-238,P3,三年级下册,三年级下册数学广场与整理复习,fill-in,Core,B_strong_recommended,recommended,P2,text_calculation_only,text-calculation-support,conceptual-support,false,not-generated,candidates/hjb-primary-ds-v1-p3-238.png,P3-P4 单元涉及时间、测量、分数、几何、面积周长或统计等视觉模型；插图有助于形成正确表征。,三（1）班同学调查了全班最喜欢的运动项目，结果如下：跑步12人，跳绳18人，踢毽子9人，其他6人。小明说：“喜欢跳绳的人最多，所以全班有一半人喜欢跳绳。”你认为小明的说法对吗？请用数据说明理由。,为文字题生成轻量数学支持视觉，保持非答案化、无文字、无公式。
hjb-primary-ds-v1-p3-240,P3,三年级下册,三年级下册数学广场与整理复习,fill-in,Core,B_strong_recommended,recommended,P2,text_calculation_only,text-calculation-support,conceptual-support,false,not-generated,candidates/hjb-primary-ds-v1-p3-240.png,P3-P4 单元涉及时间、测量、分数、几何、面积周长或统计等视觉模型；插图有助于形成正确表征。,比较大小：0.8 ○ 0.6。请填上“>”、“<”或“=”，并写出你的比较方法。,为文字题生成轻量数学支持视觉，保持非答案化、无文字、无公式。
hjb-primary-ds-v1-p3-247,P3,三年级下册,三年级下册数学广场与整理复习,multiple-choice,Core,B_strong_recommended,recommended,P2,text_calculation_only,text-calculation-support,conceptual-support,false,not-generated,candidates/hjb-primary-ds-v1-p3-247.png,P3-P4 单元涉及时间、测量、分数、几何、面积周长或统计等视觉模型；插图有助于形成正确表征。,学校举行“数学广场”活动，三（1）班同学记录了一周内每天回收废纸的质量，如下表。 星期 一 二 三 四 五 质量（千克） 8 12 10 14 ？ 已知这五天平均每天回收11千克，星期五回收了多少千克？,为文字题生成轻量数学支持视觉，保持非答案化、无文字、无公式。
hjb-primary-ds-v1-p3-250,P3,三年级下册,三年级下册数学广场与整理复习,multiple-choice,Core,B_strong_recommended,recommended,P2,text_calculation_only,text-calculation-support,conceptual-support,false,not-generated,candidates/hjb-primary-ds-v1-p3-250.png,P3-P4 单元涉及时间、测量、分数、几何、面积周长或统计等视觉模型；插图有助于形成正确表征。,小胖在计算一道小数加法时，把3.6看成了36，得到的结果是40.2。正确的结果应该是多少？,为文字题生成轻量数学支持视觉，保持非答案化、无文字、无公式。
hjb-primary-ds-v1-p4-070,P4,四年级上册,整数的四则运算,multiple-choice,Core,B_strong_recommended,recommended,P2,text_calculation_only,text-calculation-support,conceptual-support,false,not-generated,candidates/hjb-primary-ds-v1-p4-070.png,P3-P4 单元涉及时间、测量、分数、几何、面积周长或统计等视觉模型；插图有助于形成正确表征。,学校图书馆有一批新书，如果每天整理48本，需要15天整理完。实际每天整理60本，可以提前几天完成？,为文字题生成轻量数学支持视觉，保持非答案化、无文字、无公式。
