questionId,curriculumTrack,batch,grade,topicId,type,storedAnswer,independentAnswer,status,severity,notes
pep-high-s4-rag4-mc-001,MAINLAND_PEP_HIGH,rag-v4,S4,pep-high-s4-sets-logic,multiple-choice,4,4,pass,none,OK
pep-high-s4-rag4-mc-002,MAINLAND_PEP_HIGH,rag-v4,S4,pep-high-s4-sets-logic,multiple-choice,3,3,pass,none,OK
pep-high-s4-rag4-mc-003,MAINLAND_PEP_HIGH,rag-v4,S4,pep-high-s4-sets-logic,multiple-choice,5,5,pass,none,OK
pep-high-s4-rag4-mc-004,MAINLAND_PEP_HIGH,rag-v4,S4,pep-high-s4-sets-logic,multiple-choice,3,3,pass,none,OK
pep-high-s4-rag4-mc-005,MAINLAND_PEP_HIGH,rag-v4,S4,pep-high-s4-sets-logic,multiple-choice,5,5,pass,none,OK
pep-high-s4-rag4-mc-006,MAINLAND_PEP_HIGH,rag-v4,S4,pep-high-s4-sets-logic,multiple-choice,3,3,pass,none,OK
pep-high-s4-rag4-mc-007,MAINLAND_PEP_HIGH,rag-v4,S4,pep-high-s4-sets-logic,multiple-choice,4,4,pass,none,OK
pep-high-s4-rag4-mc-008,MAINLAND_PEP_HIGH,rag-v4,S4,pep-high-s4-sets-logic,multiple-choice,3,3,pass,none,OK
pep-high-s4-rag4-mc-009,MAINLAND_PEP_HIGH,rag-v4,S4,pep-high-s4-sets-logic,multiple-choice,5,5,pass,none,OK
pep-high-s4-rag4-mc-010,MAINLAND_PEP_HIGH,rag-v4,S4,pep-high-s4-sets-logic,multiple-choice,3,3,pass,none,OK
pep-high-s4-rag4-mc-011,MAINLAND_PEP_HIGH,rag-v4,S4,pep-high-s4-sets-logic,multiple-choice,4,4,pass,none,OK
pep-high-s4-rag4-mc-012,MAINLAND_PEP_HIGH,rag-v4,S4,pep-high-s4-sets-logic,multiple-choice,3,3,pass,none,OK
pep-high-s4-rag4-mc-013,MAINLAND_PEP_HIGH,rag-v4,S4,pep-high-s4-sets-logic,multiple-choice,5,5,pass,none,OK
pep-high-s4-rag4-mc-014,MAINLAND_PEP_HIGH,rag-v4,S4,pep-high-s4-sets-logic,multiple-choice,3,3,pass,none,OK
pep-high-s4-rag4-mc-015,MAINLAND_PEP_HIGH,rag-v4,S4,pep-high-s4-sets-logic,multiple-choice,5,5,pass,none,OK
pep-high-s4-rag4-mc-016,MAINLAND_PEP_HIGH,rag-v4,S4,pep-high-s4-sets-logic,multiple-choice,3,3,pass,none,OK
pep-high-s4-rag4-mc-017,MAINLAND_PEP_HIGH,rag-v4,S4,pep-high-s4-sets-logic,multiple-choice,4,4,pass,none,OK
pep-high-s4-rag4-mc-018,MAINLAND_PEP_HIGH,rag-v4,S4,pep-high-s4-quadratic-inequalities,multiple-choice,2,2,pass,none,OK
pep-high-s4-rag4-mc-019,MAINLAND_PEP_HIGH,rag-v4,S4,pep-high-s4-quadratic-inequalities,multiple-choice,2,2,pass,none,OK
pep-high-s4-rag4-mc-020,MAINLAND_PEP_HIGH,rag-v4,S4,pep-high-s4-quadratic-inequalities,multiple-choice,2,2,pass,none,OK
pep-high-s4-rag4-mc-021,MAINLAND_PEP_HIGH,rag-v4,S4,pep-high-s4-quadratic-inequalities,multiple-choice,2,2,pass,none,OK
pep-high-s4-rag4-mc-022,MAINLAND_PEP_HIGH,rag-v4,S4,pep-high-s4-quadratic-inequalities,multiple-choice,2,2,pass,none,OK
pep-high-s4-rag4-mc-023,MAINLAND_PEP_HIGH,rag-v4,S4,pep-high-s4-quadratic-inequalities,multiple-choice,2,2,pass,none,OK
pep-high-s4-rag4-mc-024,MAINLAND_PEP_HIGH,rag-v4,S4,pep-high-s4-quadratic-inequalities,multiple-choice,2,2,pass,none,OK
pep-high-s4-rag4-mc-025,MAINLAND_PEP_HIGH,rag-v4,S4,pep-high-s4-quadratic-inequalities,multiple-choice,2,2,pass,none,OK
pep-high-s4-rag4-mc-026,MAINLAND_PEP_HIGH,rag-v4,S4,pep-high-s4-quadratic-inequalities,multiple-choice,2,2,pass,none,OK
pep-high-s4-rag4-mc-027,MAINLAND_PEP_HIGH,rag-v4,S4,pep-high-s4-quadratic-inequalities,multiple-choice,2,2,pass,none,OK
pep-high-s4-rag4-mc-028,MAINLAND_PEP_HIGH,rag-v4,S4,pep-high-s4-quadratic-inequalities,multiple-choice,2,2,pass,none,OK
pep-high-s4-rag4-mc-029,MAINLAND_PEP_HIGH,rag-v4,S4,pep-high-s4-quadratic-inequalities,multiple-choice,2,2,pass,none,OK
pep-high-s4-rag4-mc-030,MAINLAND_PEP_HIGH,rag-v4,S4,pep-high-s4-quadratic-inequalities,multiple-choice,2,2,pass,none,OK
pep-high-s4-rag4-mc-031,MAINLAND_PEP_HIGH,rag-v4,S4,pep-high-s4-quadratic-inequalities,multiple-choice,2,2,pass,none,OK
pep-high-s4-rag4-mc-032,MAINLAND_PEP_HIGH,rag-v4,S4,pep-high-s4-quadratic-inequalities,multiple-choice,2,2,pass,none,OK
pep-high-s4-rag4-mc-033,MAINLAND_PEP_HIGH,rag-v4,S4,pep-high-s4-quadratic-inequalities,multiple-choice,2,2,pass,none,OK
pep-high-s4-rag4-mc-034,MAINLAND_PEP_HIGH,rag-v4,S4,pep-high-s4-quadratic-inequalities,multiple-choice,2,2,pass,none,OK
pep-high-s4-rag4-mc-035,MAINLAND_PEP_HIGH,rag-v4,S4,pep-high-s4-function-properties,multiple-choice,-10,-10,pass,none,OK
pep-high-s4-rag4-mc-036,MAINLAND_PEP_HIGH,rag-v4,S4,pep-high-s4-function-properties,multiple-choice,-8,-8,pass,none,OK
pep-high-s4-rag4-mc-037,MAINLAND_PEP_HIGH,rag-v4,S4,pep-high-s4-function-properties,multiple-choice,-6,-6,pass,none,OK
pep-high-s4-rag4-mc-038,MAINLAND_PEP_HIGH,rag-v4,S4,pep-high-s4-function-properties,multiple-choice,-4,-4,pass,none,OK
pep-high-s4-rag4-mc-039,MAINLAND_PEP_HIGH,rag-v4,S4,pep-high-s4-function-properties,multiple-choice,-2,-2,pass,none,OK
pep-high-s4-rag4-mc-040,MAINLAND_PEP_HIGH,rag-v4,S4,pep-high-s4-function-properties,multiple-choice,-10,-10,pass,none,OK
pep-high-s4-rag4-mc-041,MAINLAND_PEP_HIGH,rag-v4,S4,pep-high-s4-function-properties,multiple-choice,-8,-8,pass,none,OK
pep-high-s4-rag4-mc-042,MAINLAND_PEP_HIGH,rag-v4,S4,pep-high-s4-function-properties,multiple-choice,-6,-6,pass,none,OK
pep-high-s4-rag4-mc-043,MAINLAND_PEP_HIGH,rag-v4,S4,pep-high-s4-function-properties,multiple-choice,-4,-4,pass,none,OK
pep-high-s4-rag4-mc-044,MAINLAND_PEP_HIGH,rag-v4,S4,pep-high-s4-function-properties,multiple-choice,-2,-2,pass,none,OK
pep-high-s4-rag4-mc-045,MAINLAND_PEP_HIGH,rag-v4,S4,pep-high-s4-function-properties,multiple-choice,-10,-10,pass,none,OK
pep-high-s4-rag4-mc-046,MAINLAND_PEP_HIGH,rag-v4,S4,pep-high-s4-function-properties,multiple-choice,-8,-8,pass,none,OK
pep-high-s4-rag4-mc-047,MAINLAND_PEP_HIGH,rag-v4,S4,pep-high-s4-function-properties,multiple-choice,-6,-6,pass,none,OK
pep-high-s4-rag4-mc-048,MAINLAND_PEP_HIGH,rag-v4,S4,pep-high-s4-function-properties,multiple-choice,-4,-4,pass,none,OK
pep-high-s4-rag4-mc-049,MAINLAND_PEP_HIGH,rag-v4,S4,pep-high-s4-function-properties,multiple-choice,-2,-2,pass,none,OK
pep-high-s4-rag4-mc-050,MAINLAND_PEP_HIGH,rag-v4,S4,pep-high-s4-function-properties,multiple-choice,-10,-10,pass,none,OK
pep-high-s4-rag4-mc-051,MAINLAND_PEP_HIGH,rag-v4,S4,pep-high-s4-function-properties,multiple-choice,-8,-8,pass,none,OK
pep-high-s4-rag4-mc-052,MAINLAND_PEP_HIGH,rag-v4,S4,pep-high-s4-exp-log,multiple-choice,4,4,pass,none,OK
pep-high-s4-rag4-mc-053,MAINLAND_PEP_HIGH,rag-v4,S4,pep-high-s4-exp-log,multiple-choice,3,3,pass,none,OK
pep-high-s4-rag4-mc-054,MAINLAND_PEP_HIGH,rag-v4,S4,pep-high-s4-exp-log,multiple-choice,2,2,pass,none,OK
pep-high-s4-rag4-mc-055,MAINLAND_PEP_HIGH,rag-v4,S4,pep-high-s4-exp-log,multiple-choice,6,6,pass,none,OK
pep-high-s4-rag4-mc-056,MAINLAND_PEP_HIGH,rag-v4,S4,pep-high-s4-exp-log,multiple-choice,5,5,pass,none,OK
pep-high-s4-rag4-mc-057,MAINLAND_PEP_HIGH,rag-v4,S4,pep-high-s4-exp-log,multiple-choice,4,4,pass,none,OK
pep-high-s4-rag4-mc-058,MAINLAND_PEP_HIGH,rag-v4,S4,pep-high-s4-exp-log,multiple-choice,3,3,pass,none,OK
pep-high-s4-rag4-mc-059,MAINLAND_PEP_HIGH,rag-v4,S4,pep-high-s4-exp-log,multiple-choice,2,2,pass,none,OK
pep-high-s4-rag4-mc-060,MAINLAND_PEP_HIGH,rag-v4,S4,pep-high-s4-exp-log,multiple-choice,6,6,pass,none,OK
pep-high-s4-rag4-mc-061,MAINLAND_PEP_HIGH,rag-v4,S4,pep-high-s4-exp-log,multiple-choice,5,5,pass,none,OK
pep-high-s4-rag4-mc-062,MAINLAND_PEP_HIGH,rag-v4,S4,pep-high-s4-exp-log,multiple-choice,4,4,pass,none,OK
pep-high-s4-rag4-mc-063,MAINLAND_PEP_HIGH,rag-v4,S4,pep-high-s4-exp-log,multiple-choice,3,3,pass,none,OK
pep-high-s4-rag4-mc-064,MAINLAND_PEP_HIGH,rag-v4,S4,pep-high-s4-exp-log,multiple-choice,2,2,pass,none,OK
pep-high-s4-rag4-mc-065,MAINLAND_PEP_HIGH,rag-v4,S4,pep-high-s4-exp-log,multiple-choice,6,6,pass,none,OK
pep-high-s4-rag4-mc-066,MAINLAND_PEP_HIGH,rag-v4,S4,pep-high-s4-exp-log,multiple-choice,5,5,pass,none,OK
pep-high-s4-rag4-mc-067,MAINLAND_PEP_HIGH,rag-v4,S4,pep-high-s4-exp-log,multiple-choice,4,4,pass,none,OK
pep-high-s4-rag4-mc-068,MAINLAND_PEP_HIGH,rag-v4,S4,pep-high-s4-exp-log,multiple-choice,3,3,pass,none,OK
pep-high-s4-rag4-mc-069,MAINLAND_PEP_HIGH,rag-v4,S4,pep-high-s4-trigonometry,multiple-choice,1/2,1/2,pass,none,OK
pep-high-s4-rag4-mc-070,MAINLAND_PEP_HIGH,rag-v4,S4,pep-high-s4-trigonometry,multiple-choice,1/2,1/2,pass,none,OK
pep-high-s4-rag4-mc-071,MAINLAND_PEP_HIGH,rag-v4,S4,pep-high-s4-trigonometry,multiple-choice,1/2,1/2,pass,none,OK
pep-high-s4-rag4-mc-072,MAINLAND_PEP_HIGH,rag-v4,S4,pep-high-s4-trigonometry,multiple-choice,1/2,1/2,pass,none,OK
pep-high-s4-rag4-mc-073,MAINLAND_PEP_HIGH,rag-v4,S4,pep-high-s4-trigonometry,multiple-choice,1/2,1/2,pass,none,OK
pep-high-s4-rag4-mc-074,MAINLAND_PEP_HIGH,rag-v4,S4,pep-high-s4-trigonometry,multiple-choice,1/2,1/2,pass,none,OK
pep-high-s4-rag4-mc-075,MAINLAND_PEP_HIGH,rag-v4,S4,pep-high-s4-trigonometry,multiple-choice,1/2,1/2,pass,none,OK
pep-high-s4-rag4-mc-076,MAINLAND_PEP_HIGH,rag-v4,S4,pep-high-s4-trigonometry,multiple-choice,1/2,1/2,pass,none,OK
pep-high-s4-rag4-mc-077,MAINLAND_PEP_HIGH,rag-v4,S4,pep-high-s4-trigonometry,multiple-choice,1/2,1/2,pass,none,OK
pep-high-s4-rag4-mc-078,MAINLAND_PEP_HIGH,rag-v4,S4,pep-high-s4-trigonometry,multiple-choice,1/2,1/2,pass,none,OK
pep-high-s4-rag4-mc-079,MAINLAND_PEP_HIGH,rag-v4,S4,pep-high-s4-trigonometry,multiple-choice,1/2,1/2,pass,none,OK
pep-high-s4-rag4-mc-080,MAINLAND_PEP_HIGH,rag-v4,S4,pep-high-s4-trigonometry,multiple-choice,1/2,1/2,pass,none,OK
pep-high-s4-rag4-mc-081,MAINLAND_PEP_HIGH,rag-v4,S4,pep-high-s4-trigonometry,multiple-choice,1/2,1/2,pass,none,OK
pep-high-s4-rag4-mc-082,MAINLAND_PEP_HIGH,rag-v4,S4,pep-high-s4-trigonometry,multiple-choice,1/2,1/2,pass,none,OK
pep-high-s4-rag4-mc-083,MAINLAND_PEP_HIGH,rag-v4,S4,pep-high-s4-trigonometry,multiple-choice,1/2,1/2,pass,none,OK
pep-high-s4-rag4-mc-084,MAINLAND_PEP_HIGH,rag-v4,S4,pep-high-s4-trigonometry,multiple-choice,1/2,1/2,pass,none,OK
pep-high-s4-rag4-mc-085,MAINLAND_PEP_HIGH,rag-v4,S4,pep-high-s4-trigonometry,multiple-choice,1/2,1/2,pass,none,OK
pep-high-s4-rag4-mc-086,MAINLAND_PEP_HIGH,rag-v4,S4,pep-high-s4-plane-vectors,multiple-choice,23,23,pass,none,OK
pep-high-s4-rag4-mc-087,MAINLAND_PEP_HIGH,rag-v4,S4,pep-high-s4-plane-vectors,multiple-choice,47,47,pass,none,OK
pep-high-s4-rag4-mc-088,MAINLAND_PEP_HIGH,rag-v4,S4,pep-high-s4-plane-vectors,multiple-choice,44,44,pass,none,OK
pep-high-s4-rag4-mc-089,MAINLAND_PEP_HIGH,rag-v4,S4,pep-high-s4-plane-vectors,multiple-choice,27,27,pass,none,OK
pep-high-s4-rag4-mc-090,MAINLAND_PEP_HIGH,rag-v4,S4,pep-high-s4-plane-vectors,multiple-choice,28,28,pass,none,OK
pep-high-s4-rag4-mc-091,MAINLAND_PEP_HIGH,rag-v4,S4,pep-high-s4-plane-vectors,multiple-choice,15,15,pass,none,OK
pep-high-s4-rag4-mc-092,MAINLAND_PEP_HIGH,rag-v4,S4,pep-high-s4-plane-vectors,multiple-choice,55,55,pass,none,OK
pep-high-s4-rag4-mc-093,MAINLAND_PEP_HIGH,rag-v4,S4,pep-high-s4-plane-vectors,multiple-choice,36,36,pass,none,OK
pep-high-s4-rag4-mc-094,MAINLAND_PEP_HIGH,rag-v4,S4,pep-high-s4-plane-vectors,multiple-choice,35,35,pass,none,OK
pep-high-s4-rag4-mc-095,MAINLAND_PEP_HIGH,rag-v4,S4,pep-high-s4-plane-vectors,multiple-choice,20,20,pass,none,OK
pep-high-s4-rag4-mc-096,MAINLAND_PEP_HIGH,rag-v4,S4,pep-high-s4-plane-vectors,multiple-choice,23,23,pass,none,OK
pep-high-s4-rag4-mc-097,MAINLAND_PEP_HIGH,rag-v4,S4,pep-high-s4-plane-vectors,multiple-choice,47,47,pass,none,OK
pep-high-s4-rag4-mc-098,MAINLAND_PEP_HIGH,rag-v4,S4,pep-high-s4-plane-vectors,multiple-choice,44,44,pass,none,OK
pep-high-s4-rag4-mc-099,MAINLAND_PEP_HIGH,rag-v4,S4,pep-high-s4-plane-vectors,multiple-choice,27,27,pass,none,OK
pep-high-s4-rag4-mc-100,MAINLAND_PEP_HIGH,rag-v4,S4,pep-high-s4-plane-vectors,multiple-choice,28,28,pass,none,OK
pep-high-s4-rag4-mc-101,MAINLAND_PEP_HIGH,rag-v4,S4,pep-high-s4-plane-vectors,multiple-choice,15,15,pass,none,OK
pep-high-s4-rag4-mc-102,MAINLAND_PEP_HIGH,rag-v4,S4,pep-high-s4-plane-vectors,multiple-choice,55,55,pass,none,OK
pep-high-s4-rag4-mc-103,MAINLAND_PEP_HIGH,rag-v4,S4,pep-high-s4-complex-numbers,multiple-choice,1,1,pass,none,OK
pep-high-s4-rag4-mc-104,MAINLAND_PEP_HIGH,rag-v4,S4,pep-high-s4-complex-numbers,multiple-choice,1,1,pass,none,OK
pep-high-s4-rag4-mc-105,MAINLAND_PEP_HIGH,rag-v4,S4,pep-high-s4-complex-numbers,multiple-choice,4,4,pass,none,OK
pep-high-s4-rag4-mc-106,MAINLAND_PEP_HIGH,rag-v4,S4,pep-high-s4-complex-numbers,multiple-choice,4,4,pass,none,OK
pep-high-s4-rag4-mc-107,MAINLAND_PEP_HIGH,rag-v4,S4,pep-high-s4-complex-numbers,multiple-choice,0,0,pass,none,OK
pep-high-s4-rag4-mc-108,MAINLAND_PEP_HIGH,rag-v4,S4,pep-high-s4-complex-numbers,multiple-choice,7,7,pass,none,OK
pep-high-s4-rag4-mc-109,MAINLAND_PEP_HIGH,rag-v4,S4,pep-high-s4-complex-numbers,multiple-choice,3,3,pass,none,OK
pep-high-s4-rag4-mc-110,MAINLAND_PEP_HIGH,rag-v4,S4,pep-high-s4-complex-numbers,multiple-choice,3,3,pass,none,OK
pep-high-s4-rag4-mc-111,MAINLAND_PEP_HIGH,rag-v4,S4,pep-high-s4-complex-numbers,multiple-choice,-1,-1,pass,none,OK
pep-high-s4-rag4-mc-112,MAINLAND_PEP_HIGH,rag-v4,S4,pep-high-s4-complex-numbers,multiple-choice,6,6,pass,none,OK
pep-high-s4-rag4-mc-113,MAINLAND_PEP_HIGH,rag-v4,S4,pep-high-s4-complex-numbers,multiple-choice,2,2,pass,none,OK
pep-high-s4-rag4-mc-114,MAINLAND_PEP_HIGH,rag-v4,S4,pep-high-s4-complex-numbers,multiple-choice,2,2,pass,none,OK
pep-high-s4-rag4-mc-115,MAINLAND_PEP_HIGH,rag-v4,S4,pep-high-s4-complex-numbers,multiple-choice,5,5,pass,none,OK
pep-high-s4-rag4-mc-116,MAINLAND_PEP_HIGH,rag-v4,S4,pep-high-s4-complex-numbers,multiple-choice,5,5,pass,none,OK
pep-high-s4-rag4-mc-117,MAINLAND_PEP_HIGH,rag-v4,S4,pep-high-s4-complex-numbers,multiple-choice,1,1,pass,none,OK
pep-high-s4-rag4-mc-118,MAINLAND_PEP_HIGH,rag-v4,S4,pep-high-s4-complex-numbers,multiple-choice,1,1,pass,none,OK
pep-high-s4-rag4-mc-119,MAINLAND_PEP_HIGH,rag-v4,S4,pep-high-s4-complex-numbers,multiple-choice,4,4,pass,none,OK
pep-high-s4-rag4-mc-120,MAINLAND_PEP_HIGH,rag-v4,S4,pep-high-s4-solid-geometry-intro,multiple-choice,168,168,pass,none,OK
pep-high-s4-rag4-mc-121,MAINLAND_PEP_HIGH,rag-v4,S4,pep-high-s4-solid-geometry-intro,multiple-choice,108,108,pass,none,OK
pep-high-s4-rag4-mc-122,MAINLAND_PEP_HIGH,rag-v4,S4,pep-high-s4-solid-geometry-intro,multiple-choice,120,120,pass,none,OK
pep-high-s4-rag4-mc-123,MAINLAND_PEP_HIGH,rag-v4,S4,pep-high-s4-solid-geometry-intro,multiple-choice,168,168,pass,none,OK
pep-high-s4-rag4-mc-124,MAINLAND_PEP_HIGH,rag-v4,S4,pep-high-s4-solid-geometry-intro,multiple-choice,192,192,pass,none,OK
pep-high-s4-rag4-mc-125,MAINLAND_PEP_HIGH,rag-v4,S4,pep-high-s4-solid-geometry-intro,multiple-choice,128,128,pass,none,OK
pep-high-s4-rag4-mc-126,MAINLAND_PEP_HIGH,rag-v4,S4,pep-high-s4-solid-geometry-intro,multiple-choice,144,144,pass,none,OK
pep-high-s4-rag4-mc-127,MAINLAND_PEP_HIGH,rag-v4,S4,pep-high-s4-solid-geometry-intro,multiple-choice,88,88,pass,none,OK
pep-high-s4-rag4-mc-128,MAINLAND_PEP_HIGH,rag-v4,S4,pep-high-s4-solid-geometry-intro,multiple-choice,216,216,pass,none,OK
pep-high-s4-rag4-mc-129,MAINLAND_PEP_HIGH,rag-v4,S4,pep-high-s4-solid-geometry-intro,multiple-choice,148,148,pass,none,OK
pep-high-s4-rag4-mc-130,MAINLAND_PEP_HIGH,rag-v4,S4,pep-high-s4-solid-geometry-intro,multiple-choice,168,168,pass,none,OK
pep-high-s4-rag4-mc-131,MAINLAND_PEP_HIGH,rag-v4,S4,pep-high-s4-solid-geometry-intro,multiple-choice,108,108,pass,none,OK
pep-high-s4-rag4-mc-132,MAINLAND_PEP_HIGH,rag-v4,S4,pep-high-s4-solid-geometry-intro,multiple-choice,120,120,pass,none,OK
pep-high-s4-rag4-mc-133,MAINLAND_PEP_HIGH,rag-v4,S4,pep-high-s4-solid-geometry-intro,multiple-choice,168,168,pass,none,OK
pep-high-s4-rag4-mc-134,MAINLAND_PEP_HIGH,rag-v4,S4,pep-high-s4-solid-geometry-intro,multiple-choice,192,192,pass,none,OK
pep-high-s4-rag4-mc-135,MAINLAND_PEP_HIGH,rag-v4,S4,pep-high-s4-solid-geometry-intro,multiple-choice,128,128,pass,none,OK
pep-high-s4-rag4-mc-136,MAINLAND_PEP_HIGH,rag-v4,S4,pep-high-s4-solid-geometry-intro,multiple-choice,144,144,pass,none,OK
pep-high-s4-rag4-mc-137,MAINLAND_PEP_HIGH,rag-v4,S4,pep-high-s4-statistics,multiple-choice,4,4,pass,none,OK
pep-high-s4-rag4-mc-138,MAINLAND_PEP_HIGH,rag-v4,S4,pep-high-s4-statistics,multiple-choice,4,4,pass,none,OK
pep-high-s4-rag4-mc-139,MAINLAND_PEP_HIGH,rag-v4,S4,pep-high-s4-statistics,multiple-choice,4,4,pass,none,OK
pep-high-s4-rag4-mc-140,MAINLAND_PEP_HIGH,rag-v4,S4,pep-high-s4-statistics,multiple-choice,4,4,pass,none,OK
pep-high-s4-rag4-mc-141,MAINLAND_PEP_HIGH,rag-v4,S4,pep-high-s4-statistics,multiple-choice,4,4,pass,none,OK
pep-high-s4-rag4-mc-142,MAINLAND_PEP_HIGH,rag-v4,S4,pep-high-s4-statistics,multiple-choice,4,4,pass,none,OK
pep-high-s4-rag4-mc-143,MAINLAND_PEP_HIGH,rag-v4,S4,pep-high-s4-statistics,multiple-choice,4,4,pass,none,OK
pep-high-s4-rag4-mc-144,MAINLAND_PEP_HIGH,rag-v4,S4,pep-high-s4-statistics,multiple-choice,4,4,pass,none,OK
pep-high-s4-rag4-mc-145,MAINLAND_PEP_HIGH,rag-v4,S4,pep-high-s4-statistics,multiple-choice,4,4,pass,none,OK
pep-high-s4-rag4-mc-146,MAINLAND_PEP_HIGH,rag-v4,S4,pep-high-s4-statistics,multiple-choice,4,4,pass,none,OK
pep-high-s4-rag4-mc-147,MAINLAND_PEP_HIGH,rag-v4,S4,pep-high-s4-statistics,multiple-choice,4,4,pass,none,OK
pep-high-s4-rag4-mc-148,MAINLAND_PEP_HIGH,rag-v4,S4,pep-high-s4-statistics,multiple-choice,4,4,pass,none,OK
pep-high-s4-rag4-mc-149,MAINLAND_PEP_HIGH,rag-v4,S4,pep-high-s4-statistics,multiple-choice,4,4,pass,none,OK
pep-high-s4-rag4-mc-150,MAINLAND_PEP_HIGH,rag-v4,S4,pep-high-s4-statistics,multiple-choice,4,4,pass,none,OK
pep-high-s4-rag4-mc-151,MAINLAND_PEP_HIGH,rag-v4,S4,pep-high-s4-statistics,multiple-choice,4,4,pass,none,OK
pep-high-s4-rag4-mc-152,MAINLAND_PEP_HIGH,rag-v4,S4,pep-high-s4-statistics,multiple-choice,4,4,pass,none,OK
pep-high-s4-rag4-mc-153,MAINLAND_PEP_HIGH,rag-v4,S4,pep-high-s4-statistics,multiple-choice,4,4,pass,none,OK
pep-high-s4-rag4-mc-154,MAINLAND_PEP_HIGH,rag-v4,S4,pep-high-s4-probability,multiple-choice,3/8,3/8,pass,none,OK
pep-high-s4-rag4-mc-155,MAINLAND_PEP_HIGH,rag-v4,S4,pep-high-s4-probability,multiple-choice,5/9,5/9,pass,none,OK
pep-high-s4-rag4-mc-156,MAINLAND_PEP_HIGH,rag-v4,S4,pep-high-s4-probability,multiple-choice,1/2,1/2,pass,none,OK
pep-high-s4-rag4-mc-157,MAINLAND_PEP_HIGH,rag-v4,S4,pep-high-s4-probability,multiple-choice,5/12,5/12,pass,none,OK
pep-high-s4-rag4-mc-158,MAINLAND_PEP_HIGH,rag-v4,S4,pep-high-s4-probability,multiple-choice,1/3,1/3,pass,none,OK
pep-high-s4-rag4-mc-159,MAINLAND_PEP_HIGH,rag-v4,S4,pep-high-s4-probability,multiple-choice,1/2,1/2,pass,none,OK
pep-high-s4-rag4-mc-160,MAINLAND_PEP_HIGH,rag-v4,S4,pep-high-s4-probability,multiple-choice,3/7,3/7,pass,none,OK
pep-high-s4-rag4-mc-161,MAINLAND_PEP_HIGH,rag-v4,S4,pep-high-s4-probability,multiple-choice,5/8,5/8,pass,none,OK
pep-high-s4-rag4-mc-162,MAINLAND_PEP_HIGH,rag-v4,S4,pep-high-s4-probability,multiple-choice,3/10,3/10,pass,none,OK
pep-high-s4-rag4-mc-163,MAINLAND_PEP_HIGH,rag-v4,S4,pep-high-s4-probability,multiple-choice,5/11,5/11,pass,none,OK
pep-high-s4-rag4-mc-164,MAINLAND_PEP_HIGH,rag-v4,S4,pep-high-s4-probability,multiple-choice,3/8,3/8,pass,none,OK
pep-high-s4-rag4-mc-165,MAINLAND_PEP_HIGH,rag-v4,S4,pep-high-s4-probability,multiple-choice,5/9,5/9,pass,none,OK
pep-high-s4-rag4-mc-166,MAINLAND_PEP_HIGH,rag-v4,S4,pep-high-s4-probability,multiple-choice,1/2,1/2,pass,none,OK
pep-high-s4-rag4-mc-167,MAINLAND_PEP_HIGH,rag-v4,S4,pep-high-s4-probability,multiple-choice,5/12,5/12,pass,none,OK
pep-high-s4-rag4-mc-168,MAINLAND_PEP_HIGH,rag-v4,S4,pep-high-s4-probability,multiple-choice,1/3,1/3,pass,none,OK
pep-high-s4-rag4-mc-169,MAINLAND_PEP_HIGH,rag-v4,S4,pep-high-s4-probability,multiple-choice,1/2,1/2,pass,none,OK
pep-high-s4-rag4-mc-170,MAINLAND_PEP_HIGH,rag-v4,S4,pep-high-s4-probability,multiple-choice,3/7,3/7,pass,none,OK
pep-high-s4-rag4-fi-001,MAINLAND_PEP_HIGH,rag-v4,S4,pep-high-s4-sets-logic,fill-in,9,9,pass,none,OK
pep-high-s4-rag4-fi-002,MAINLAND_PEP_HIGH,rag-v4,S4,pep-high-s4-sets-logic,fill-in,9,9,pass,none,OK
pep-high-s4-rag4-fi-003,MAINLAND_PEP_HIGH,rag-v4,S4,pep-high-s4-sets-logic,fill-in,11,11,pass,none,OK
pep-high-s4-rag4-fi-004,MAINLAND_PEP_HIGH,rag-v4,S4,pep-high-s4-sets-logic,fill-in,10,10,pass,none,OK
pep-high-s4-rag4-fi-005,MAINLAND_PEP_HIGH,rag-v4,S4,pep-high-s4-sets-logic,fill-in,10,10,pass,none,OK
pep-high-s4-rag4-fi-006,MAINLAND_PEP_HIGH,rag-v4,S4,pep-high-s4-sets-logic,fill-in,9,9,pass,none,OK
pep-high-s4-rag4-fi-007,MAINLAND_PEP_HIGH,rag-v4,S4,pep-high-s4-sets-logic,fill-in,9,9,pass,none,OK
pep-high-s4-rag4-fi-008,MAINLAND_PEP_HIGH,rag-v4,S4,pep-high-s4-sets-logic,fill-in,11,11,pass,none,OK
pep-high-s4-rag4-fi-009,MAINLAND_PEP_HIGH,rag-v4,S4,pep-high-s4-sets-logic,fill-in,10,10,pass,none,OK
pep-high-s4-rag4-fi-010,MAINLAND_PEP_HIGH,rag-v4,S4,pep-high-s4-sets-logic,fill-in,10,10,pass,none,OK
pep-high-s4-rag4-fi-011,MAINLAND_PEP_HIGH,rag-v4,S4,pep-high-s4-sets-logic,fill-in,9,9,pass,none,OK
pep-high-s4-rag4-fi-012,MAINLAND_PEP_HIGH,rag-v4,S4,pep-high-s4-sets-logic,fill-in,9,9,pass,none,OK
pep-high-s4-rag4-fi-013,MAINLAND_PEP_HIGH,rag-v4,S4,pep-high-s4-sets-logic,fill-in,11,11,pass,none,OK
pep-high-s4-rag4-fi-014,MAINLAND_PEP_HIGH,rag-v4,S4,pep-high-s4-sets-logic,fill-in,10,10,pass,none,OK
pep-high-s4-rag4-fi-015,MAINLAND_PEP_HIGH,rag-v4,S4,pep-high-s4-sets-logic,fill-in,10,10,pass,none,OK
pep-high-s4-rag4-fi-016,MAINLAND_PEP_HIGH,rag-v4,S4,pep-high-s4-sets-logic,fill-in,9,9,pass,none,OK
pep-high-s4-rag4-fi-017,MAINLAND_PEP_HIGH,rag-v4,S4,pep-high-s4-sets-logic,fill-in,9,9,pass,none,OK
pep-high-s4-rag4-fi-018,MAINLAND_PEP_HIGH,rag-v4,S4,pep-high-s4-quadratic-inequalities,fill-in,1,1,pass,none,OK
pep-high-s4-rag4-fi-019,MAINLAND_PEP_HIGH,rag-v4,S4,pep-high-s4-quadratic-inequalities,fill-in,-2,-2,pass,none,OK
pep-high-s4-rag4-fi-020,MAINLAND_PEP_HIGH,rag-v4,S4,pep-high-s4-quadratic-inequalities,fill-in,4,4,pass,none,OK
pep-high-s4-rag4-fi-021,MAINLAND_PEP_HIGH,rag-v4,S4,pep-high-s4-quadratic-inequalities,fill-in,10,10,pass,none,OK
pep-high-s4-rag4-fi-022,MAINLAND_PEP_HIGH,rag-v4,S4,pep-high-s4-quadratic-inequalities,fill-in,3,3,pass,none,OK
pep-high-s4-rag4-fi-023,MAINLAND_PEP_HIGH,rag-v4,S4,pep-high-s4-quadratic-inequalities,fill-in,-2,-2,pass,none,OK
pep-high-s4-rag4-fi-024,MAINLAND_PEP_HIGH,rag-v4,S4,pep-high-s4-quadratic-inequalities,fill-in,2,2,pass,none,OK
pep-high-s4-rag4-fi-025,MAINLAND_PEP_HIGH,rag-v4,S4,pep-high-s4-quadratic-inequalities,fill-in,1,1,pass,none,OK
pep-high-s4-rag4-fi-026,MAINLAND_PEP_HIGH,rag-v4,S4,pep-high-s4-quadratic-inequalities,fill-in,7,7,pass,none,OK
pep-high-s4-rag4-fi-027,MAINLAND_PEP_HIGH,rag-v4,S4,pep-high-s4-quadratic-inequalities,fill-in,7,7,pass,none,OK
pep-high-s4-rag4-fi-028,MAINLAND_PEP_HIGH,rag-v4,S4,pep-high-s4-quadratic-inequalities,fill-in,2,2,pass,none,OK
pep-high-s4-rag4-fi-029,MAINLAND_PEP_HIGH,rag-v4,S4,pep-high-s4-quadratic-inequalities,fill-in,-1,-1,pass,none,OK
pep-high-s4-rag4-fi-030,MAINLAND_PEP_HIGH,rag-v4,S4,pep-high-s4-quadratic-inequalities,fill-in,-2,-2,pass,none,OK
pep-high-s4-rag4-fi-031,MAINLAND_PEP_HIGH,rag-v4,S4,pep-high-s4-quadratic-inequalities,fill-in,11,11,pass,none,OK
pep-high-s4-rag4-fi-032,MAINLAND_PEP_HIGH,rag-v4,S4,pep-high-s4-quadratic-inequalities,fill-in,4,4,pass,none,OK
pep-high-s4-rag4-fi-033,MAINLAND_PEP_HIGH,rag-v4,S4,pep-high-s4-quadratic-inequalities,fill-in,-1,-1,pass,none,OK
pep-high-s4-rag4-fi-034,MAINLAND_PEP_HIGH,rag-v4,S4,pep-high-s4-quadratic-inequalities,fill-in,3,3,pass,none,OK
pep-high-s4-rag4-fi-035,MAINLAND_PEP_HIGH,rag-v4,S4,pep-high-s4-function-properties,fill-in,-10,-10,pass,none,OK
pep-high-s4-rag4-fi-036,MAINLAND_PEP_HIGH,rag-v4,S4,pep-high-s4-function-properties,fill-in,-8,-8,pass,none,OK
pep-high-s4-rag4-fi-037,MAINLAND_PEP_HIGH,rag-v4,S4,pep-high-s4-function-properties,fill-in,-6,-6,pass,none,OK
pep-high-s4-rag4-fi-038,MAINLAND_PEP_HIGH,rag-v4,S4,pep-high-s4-function-properties,fill-in,-4,-4,pass,none,OK
pep-high-s4-rag4-fi-039,MAINLAND_PEP_HIGH,rag-v4,S4,pep-high-s4-function-properties,fill-in,-2,-2,pass,none,OK
pep-high-s4-rag4-fi-040,MAINLAND_PEP_HIGH,rag-v4,S4,pep-high-s4-function-properties,fill-in,-10,-10,pass,none,OK
pep-high-s4-rag4-fi-041,MAINLAND_PEP_HIGH,rag-v4,S4,pep-high-s4-function-properties,fill-in,-8,-8,pass,none,OK
pep-high-s4-rag4-fi-042,MAINLAND_PEP_HIGH,rag-v4,S4,pep-high-s4-function-properties,fill-in,-6,-6,pass,none,OK
pep-high-s4-rag4-fi-043,MAINLAND_PEP_HIGH,rag-v4,S4,pep-high-s4-function-properties,fill-in,-4,-4,pass,none,OK
pep-high-s4-rag4-fi-044,MAINLAND_PEP_HIGH,rag-v4,S4,pep-high-s4-function-properties,fill-in,-2,-2,pass,none,OK
pep-high-s4-rag4-fi-045,MAINLAND_PEP_HIGH,rag-v4,S4,pep-high-s4-function-properties,fill-in,-10,-10,pass,none,OK
pep-high-s4-rag4-fi-046,MAINLAND_PEP_HIGH,rag-v4,S4,pep-high-s4-function-properties,fill-in,-8,-8,pass,none,OK
pep-high-s4-rag4-fi-047,MAINLAND_PEP_HIGH,rag-v4,S4,pep-high-s4-function-properties,fill-in,-6,-6,pass,none,OK
pep-high-s4-rag4-fi-048,MAINLAND_PEP_HIGH,rag-v4,S4,pep-high-s4-function-properties,fill-in,-4,-4,pass,none,OK
pep-high-s4-rag4-fi-049,MAINLAND_PEP_HIGH,rag-v4,S4,pep-high-s4-function-properties,fill-in,-2,-2,pass,none,OK
pep-high-s4-rag4-fi-050,MAINLAND_PEP_HIGH,rag-v4,S4,pep-high-s4-function-properties,fill-in,-10,-10,pass,none,OK
pep-high-s4-rag4-fi-051,MAINLAND_PEP_HIGH,rag-v4,S4,pep-high-s4-function-properties,fill-in,-8,-8,pass,none,OK
pep-high-s4-rag4-fi-052,MAINLAND_PEP_HIGH,rag-v4,S4,pep-high-s4-exp-log,fill-in,4,4,pass,none,OK
pep-high-s4-rag4-fi-053,MAINLAND_PEP_HIGH,rag-v4,S4,pep-high-s4-exp-log,fill-in,3,3,pass,none,OK
pep-high-s4-rag4-fi-054,MAINLAND_PEP_HIGH,rag-v4,S4,pep-high-s4-exp-log,fill-in,2,2,pass,none,OK
pep-high-s4-rag4-fi-055,MAINLAND_PEP_HIGH,rag-v4,S4,pep-high-s4-exp-log,fill-in,6,6,pass,none,OK
pep-high-s4-rag4-fi-056,MAINLAND_PEP_HIGH,rag-v4,S4,pep-high-s4-exp-log,fill-in,5,5,pass,none,OK
pep-high-s4-rag4-fi-057,MAINLAND_PEP_HIGH,rag-v4,S4,pep-high-s4-exp-log,fill-in,4,4,pass,none,OK
pep-high-s4-rag4-fi-058,MAINLAND_PEP_HIGH,rag-v4,S4,pep-high-s4-exp-log,fill-in,3,3,pass,none,OK
pep-high-s4-rag4-fi-059,MAINLAND_PEP_HIGH,rag-v4,S4,pep-high-s4-exp-log,fill-in,2,2,pass,none,OK
pep-high-s4-rag4-fi-060,MAINLAND_PEP_HIGH,rag-v4,S4,pep-high-s4-exp-log,fill-in,6,6,pass,none,OK
pep-high-s4-rag4-fi-061,MAINLAND_PEP_HIGH,rag-v4,S4,pep-high-s4-exp-log,fill-in,5,5,pass,none,OK
pep-high-s4-rag4-fi-062,MAINLAND_PEP_HIGH,rag-v4,S4,pep-high-s4-exp-log,fill-in,4,4,pass,none,OK
pep-high-s4-rag4-fi-063,MAINLAND_PEP_HIGH,rag-v4,S4,pep-high-s4-exp-log,fill-in,3,3,pass,none,OK
pep-high-s4-rag4-fi-064,MAINLAND_PEP_HIGH,rag-v4,S4,pep-high-s4-exp-log,fill-in,2,2,pass,none,OK
pep-high-s4-rag4-fi-065,MAINLAND_PEP_HIGH,rag-v4,S4,pep-high-s4-exp-log,fill-in,6,6,pass,none,OK
pep-high-s4-rag4-fi-066,MAINLAND_PEP_HIGH,rag-v4,S4,pep-high-s4-exp-log,fill-in,5,5,pass,none,OK
pep-high-s4-rag4-fi-067,MAINLAND_PEP_HIGH,rag-v4,S4,pep-high-s4-exp-log,fill-in,4,4,pass,none,OK
pep-high-s4-rag4-fi-068,MAINLAND_PEP_HIGH,rag-v4,S4,pep-high-s4-exp-log,fill-in,3,3,pass,none,OK
pep-high-s4-rag4-fi-069,MAINLAND_PEP_HIGH,rag-v4,S4,pep-high-s4-trigonometry,fill-in,1,1,pass,none,OK
pep-high-s4-rag4-fi-070,MAINLAND_PEP_HIGH,rag-v4,S4,pep-high-s4-trigonometry,fill-in,1,1,pass,none,OK
pep-high-s4-rag4-fi-071,MAINLAND_PEP_HIGH,rag-v4,S4,pep-high-s4-trigonometry,fill-in,1,1,pass,none,OK
pep-high-s4-rag4-fi-072,MAINLAND_PEP_HIGH,rag-v4,S4,pep-high-s4-trigonometry,fill-in,1,1,pass,none,OK
pep-high-s4-rag4-fi-073,MAINLAND_PEP_HIGH,rag-v4,S4,pep-high-s4-trigonometry,fill-in,1,1,pass,none,OK
pep-high-s4-rag4-fi-074,MAINLAND_PEP_HIGH,rag-v4,S4,pep-high-s4-trigonometry,fill-in,1,1,pass,none,OK
pep-high-s4-rag4-fi-075,MAINLAND_PEP_HIGH,rag-v4,S4,pep-high-s4-trigonometry,fill-in,1,1,pass,none,OK
pep-high-s4-rag4-fi-076,MAINLAND_PEP_HIGH,rag-v4,S4,pep-high-s4-trigonometry,fill-in,1,1,pass,none,OK
pep-high-s4-rag4-fi-077,MAINLAND_PEP_HIGH,rag-v4,S4,pep-high-s4-trigonometry,fill-in,1,1,pass,none,OK
pep-high-s4-rag4-fi-078,MAINLAND_PEP_HIGH,rag-v4,S4,pep-high-s4-trigonometry,fill-in,1,1,pass,none,OK
pep-high-s4-rag4-fi-079,MAINLAND_PEP_HIGH,rag-v4,S4,pep-high-s4-trigonometry,fill-in,1,1,pass,none,OK
pep-high-s4-rag4-fi-080,MAINLAND_PEP_HIGH,rag-v4,S4,pep-high-s4-trigonometry,fill-in,1,1,pass,none,OK
pep-high-s4-rag4-fi-081,MAINLAND_PEP_HIGH,rag-v4,S4,pep-high-s4-trigonometry,fill-in,1,1,pass,none,OK
pep-high-s4-rag4-fi-082,MAINLAND_PEP_HIGH,rag-v4,S4,pep-high-s4-trigonometry,fill-in,1,1,pass,none,OK
pep-high-s4-rag4-fi-083,MAINLAND_PEP_HIGH,rag-v4,S4,pep-high-s4-trigonometry,fill-in,1,1,pass,none,OK
pep-high-s4-rag4-fi-084,MAINLAND_PEP_HIGH,rag-v4,S4,pep-high-s4-trigonometry,fill-in,1,1,pass,none,OK
pep-high-s4-rag4-fi-085,MAINLAND_PEP_HIGH,rag-v4,S4,pep-high-s4-trigonometry,fill-in,1,1,pass,none,OK
pep-high-s4-rag4-fi-086,MAINLAND_PEP_HIGH,rag-v4,S4,pep-high-s4-plane-vectors,fill-in,23,23,pass,none,OK
pep-high-s4-rag4-fi-087,MAINLAND_PEP_HIGH,rag-v4,S4,pep-high-s4-plane-vectors,fill-in,47,47,pass,none,OK
pep-high-s4-rag4-fi-088,MAINLAND_PEP_HIGH,rag-v4,S4,pep-high-s4-plane-vectors,fill-in,44,44,pass,none,OK
pep-high-s4-rag4-fi-089,MAINLAND_PEP_HIGH,rag-v4,S4,pep-high-s4-plane-vectors,fill-in,27,27,pass,none,OK
pep-high-s4-rag4-fi-090,MAINLAND_PEP_HIGH,rag-v4,S4,pep-high-s4-plane-vectors,fill-in,28,28,pass,none,OK
pep-high-s4-rag4-fi-091,MAINLAND_PEP_HIGH,rag-v4,S4,pep-high-s4-plane-vectors,fill-in,15,15,pass,none,OK
pep-high-s4-rag4-fi-092,MAINLAND_PEP_HIGH,rag-v4,S4,pep-high-s4-plane-vectors,fill-in,55,55,pass,none,OK
pep-high-s4-rag4-fi-093,MAINLAND_PEP_HIGH,rag-v4,S4,pep-high-s4-plane-vectors,fill-in,36,36,pass,none,OK
pep-high-s4-rag4-fi-094,MAINLAND_PEP_HIGH,rag-v4,S4,pep-high-s4-plane-vectors,fill-in,35,35,pass,none,OK
pep-high-s4-rag4-fi-095,MAINLAND_PEP_HIGH,rag-v4,S4,pep-high-s4-plane-vectors,fill-in,20,20,pass,none,OK
pep-high-s4-rag4-fi-096,MAINLAND_PEP_HIGH,rag-v4,S4,pep-high-s4-plane-vectors,fill-in,23,23,pass,none,OK
pep-high-s4-rag4-fi-097,MAINLAND_PEP_HIGH,rag-v4,S4,pep-high-s4-plane-vectors,fill-in,47,47,pass,none,OK
pep-high-s4-rag4-fi-098,MAINLAND_PEP_HIGH,rag-v4,S4,pep-high-s4-plane-vectors,fill-in,44,44,pass,none,OK
pep-high-s4-rag4-fi-099,MAINLAND_PEP_HIGH,rag-v4,S4,pep-high-s4-plane-vectors,fill-in,27,27,pass,none,OK
pep-high-s4-rag4-fi-100,MAINLAND_PEP_HIGH,rag-v4,S4,pep-high-s4-plane-vectors,fill-in,28,28,pass,none,OK
pep-high-s4-rag4-fi-101,MAINLAND_PEP_HIGH,rag-v4,S4,pep-high-s4-plane-vectors,fill-in,15,15,pass,none,OK
pep-high-s4-rag4-fi-102,MAINLAND_PEP_HIGH,rag-v4,S4,pep-high-s4-complex-numbers,fill-in,0,0,pass,none,OK
pep-high-s4-rag4-fi-103,MAINLAND_PEP_HIGH,rag-v4,S4,pep-high-s4-complex-numbers,fill-in,4,4,pass,none,OK
pep-high-s4-rag4-fi-104,MAINLAND_PEP_HIGH,rag-v4,S4,pep-high-s4-complex-numbers,fill-in,3,3,pass,none,OK
pep-high-s4-rag4-fi-105,MAINLAND_PEP_HIGH,rag-v4,S4,pep-high-s4-complex-numbers,fill-in,2,2,pass,none,OK
pep-high-s4-rag4-fi-106,MAINLAND_PEP_HIGH,rag-v4,S4,pep-high-s4-complex-numbers,fill-in,1,1,pass,none,OK
pep-high-s4-rag4-fi-107,MAINLAND_PEP_HIGH,rag-v4,S4,pep-high-s4-complex-numbers,fill-in,0,0,pass,none,OK
pep-high-s4-rag4-fi-108,MAINLAND_PEP_HIGH,rag-v4,S4,pep-high-s4-complex-numbers,fill-in,4,4,pass,none,OK
pep-high-s4-rag4-fi-109,MAINLAND_PEP_HIGH,rag-v4,S4,pep-high-s4-complex-numbers,fill-in,3,3,pass,none,OK
pep-high-s4-rag4-fi-110,MAINLAND_PEP_HIGH,rag-v4,S4,pep-high-s4-complex-numbers,fill-in,2,2,pass,none,OK
pep-high-s4-rag4-fi-111,MAINLAND_PEP_HIGH,rag-v4,S4,pep-high-s4-complex-numbers,fill-in,1,1,pass,none,OK
pep-high-s4-rag4-fi-112,MAINLAND_PEP_HIGH,rag-v4,S4,pep-high-s4-complex-numbers,fill-in,0,0,pass,none,OK
pep-high-s4-rag4-fi-113,MAINLAND_PEP_HIGH,rag-v4,S4,pep-high-s4-complex-numbers,fill-in,4,4,pass,none,OK
pep-high-s4-rag4-fi-114,MAINLAND_PEP_HIGH,rag-v4,S4,pep-high-s4-complex-numbers,fill-in,3,3,pass,none,OK
pep-high-s4-rag4-fi-115,MAINLAND_PEP_HIGH,rag-v4,S4,pep-high-s4-complex-numbers,fill-in,2,2,pass,none,OK
pep-high-s4-rag4-fi-116,MAINLAND_PEP_HIGH,rag-v4,S4,pep-high-s4-complex-numbers,fill-in,1,1,pass,none,OK
pep-high-s4-rag4-fi-117,MAINLAND_PEP_HIGH,rag-v4,S4,pep-high-s4-complex-numbers,fill-in,0,0,pass,none,OK
pep-high-s4-rag4-fi-118,MAINLAND_PEP_HIGH,rag-v4,S4,pep-high-s4-solid-geometry-intro,fill-in,32,32,pass,none,OK
pep-high-s4-rag4-fi-119,MAINLAND_PEP_HIGH,rag-v4,S4,pep-high-s4-solid-geometry-intro,fill-in,144,144,pass,none,OK
pep-high-s4-rag4-fi-120,MAINLAND_PEP_HIGH,rag-v4,S4,pep-high-s4-solid-geometry-intro,fill-in,80,80,pass,none,OK
pep-high-s4-rag4-fi-121,MAINLAND_PEP_HIGH,rag-v4,S4,pep-high-s4-solid-geometry-intro,fill-in,96,96,pass,none,OK
pep-high-s4-rag4-fi-122,MAINLAND_PEP_HIGH,rag-v4,S4,pep-high-s4-solid-geometry-intro,fill-in,48,48,pass,none,OK
pep-high-s4-rag4-fi-123,MAINLAND_PEP_HIGH,rag-v4,S4,pep-high-s4-solid-geometry-intro,fill-in,48,48,pass,none,OK
pep-high-s4-rag4-fi-124,MAINLAND_PEP_HIGH,rag-v4,S4,pep-high-s4-solid-geometry-intro,fill-in,96,96,pass,none,OK
pep-high-s4-rag4-fi-125,MAINLAND_PEP_HIGH,rag-v4,S4,pep-high-s4-solid-geometry-intro,fill-in,120,120,pass,none,OK
pep-high-s4-rag4-fi-126,MAINLAND_PEP_HIGH,rag-v4,S4,pep-high-s4-solid-geometry-intro,fill-in,64,64,pass,none,OK
pep-high-s4-rag4-fi-127,MAINLAND_PEP_HIGH,rag-v4,S4,pep-high-s4-solid-geometry-intro,fill-in,72,72,pass,none,OK
pep-high-s4-rag4-fi-128,MAINLAND_PEP_HIGH,rag-v4,S4,pep-high-s4-solid-geometry-intro,fill-in,32,32,pass,none,OK
pep-high-s4-rag4-fi-129,MAINLAND_PEP_HIGH,rag-v4,S4,pep-high-s4-solid-geometry-intro,fill-in,144,144,pass,none,OK
pep-high-s4-rag4-fi-130,MAINLAND_PEP_HIGH,rag-v4,S4,pep-high-s4-solid-geometry-intro,fill-in,80,80,pass,none,OK
pep-high-s4-rag4-fi-131,MAINLAND_PEP_HIGH,rag-v4,S4,pep-high-s4-solid-geometry-intro,fill-in,96,96,pass,none,OK
pep-high-s4-rag4-fi-132,MAINLAND_PEP_HIGH,rag-v4,S4,pep-high-s4-solid-geometry-intro,fill-in,48,48,pass,none,OK
pep-high-s4-rag4-fi-133,MAINLAND_PEP_HIGH,rag-v4,S4,pep-high-s4-solid-geometry-intro,fill-in,48,48,pass,none,OK
pep-high-s4-rag4-fi-134,MAINLAND_PEP_HIGH,rag-v4,S4,pep-high-s4-statistics,fill-in,4,4,pass,none,OK
pep-high-s4-rag4-fi-135,MAINLAND_PEP_HIGH,rag-v4,S4,pep-high-s4-statistics,fill-in,4,4,pass,none,OK
pep-high-s4-rag4-fi-136,MAINLAND_PEP_HIGH,rag-v4,S4,pep-high-s4-statistics,fill-in,4,4,pass,none,OK
pep-high-s4-rag4-fi-137,MAINLAND_PEP_HIGH,rag-v4,S4,pep-high-s4-statistics,fill-in,4,4,pass,none,OK
pep-high-s4-rag4-fi-138,MAINLAND_PEP_HIGH,rag-v4,S4,pep-high-s4-statistics,fill-in,4,4,pass,none,OK
pep-high-s4-rag4-fi-139,MAINLAND_PEP_HIGH,rag-v4,S4,pep-high-s4-statistics,fill-in,4,4,pass,none,OK
pep-high-s4-rag4-fi-140,MAINLAND_PEP_HIGH,rag-v4,S4,pep-high-s4-statistics,fill-in,4,4,pass,none,OK
pep-high-s4-rag4-fi-141,MAINLAND_PEP_HIGH,rag-v4,S4,pep-high-s4-statistics,fill-in,4,4,pass,none,OK
pep-high-s4-rag4-fi-142,MAINLAND_PEP_HIGH,rag-v4,S4,pep-high-s4-statistics,fill-in,4,4,pass,none,OK
pep-high-s4-rag4-fi-143,MAINLAND_PEP_HIGH,rag-v4,S4,pep-high-s4-statistics,fill-in,4,4,pass,none,OK
pep-high-s4-rag4-fi-144,MAINLAND_PEP_HIGH,rag-v4,S4,pep-high-s4-statistics,fill-in,4,4,pass,none,OK
pep-high-s4-rag4-fi-145,MAINLAND_PEP_HIGH,rag-v4,S4,pep-high-s4-statistics,fill-in,4,4,pass,none,OK
pep-high-s4-rag4-fi-146,MAINLAND_PEP_HIGH,rag-v4,S4,pep-high-s4-statistics,fill-in,4,4,pass,none,OK
pep-high-s4-rag4-fi-147,MAINLAND_PEP_HIGH,rag-v4,S4,pep-high-s4-statistics,fill-in,4,4,pass,none,OK
pep-high-s4-rag4-fi-148,MAINLAND_PEP_HIGH,rag-v4,S4,pep-high-s4-statistics,fill-in,4,4,pass,none,OK
pep-high-s4-rag4-fi-149,MAINLAND_PEP_HIGH,rag-v4,S4,pep-high-s4-statistics,fill-in,4,4,pass,none,OK
pep-high-s4-rag4-fi-150,MAINLAND_PEP_HIGH,rag-v4,S4,pep-high-s4-probability,fill-in,1/3,1/3,pass,none,OK
pep-high-s4-rag4-fi-151,MAINLAND_PEP_HIGH,rag-v4,S4,pep-high-s4-probability,fill-in,1/2,1/2,pass,none,OK
pep-high-s4-rag4-fi-152,MAINLAND_PEP_HIGH,rag-v4,S4,pep-high-s4-probability,fill-in,3/7,3/7,pass,none,OK
pep-high-s4-rag4-fi-153,MAINLAND_PEP_HIGH,rag-v4,S4,pep-high-s4-probability,fill-in,5/8,5/8,pass,none,OK
pep-high-s4-rag4-fi-154,MAINLAND_PEP_HIGH,rag-v4,S4,pep-high-s4-probability,fill-in,3/10,3/10,pass,none,OK
pep-high-s4-rag4-fi-155,MAINLAND_PEP_HIGH,rag-v4,S4,pep-high-s4-probability,fill-in,5/11,5/11,pass,none,OK
pep-high-s4-rag4-fi-156,MAINLAND_PEP_HIGH,rag-v4,S4,pep-high-s4-probability,fill-in,3/8,3/8,pass,none,OK
pep-high-s4-rag4-fi-157,MAINLAND_PEP_HIGH,rag-v4,S4,pep-high-s4-probability,fill-in,5/9,5/9,pass,none,OK
pep-high-s4-rag4-fi-158,MAINLAND_PEP_HIGH,rag-v4,S4,pep-high-s4-probability,fill-in,1/2,1/2,pass,none,OK
pep-high-s4-rag4-fi-159,MAINLAND_PEP_HIGH,rag-v4,S4,pep-high-s4-probability,fill-in,5/12,5/12,pass,none,OK
pep-high-s4-rag4-fi-160,MAINLAND_PEP_HIGH,rag-v4,S4,pep-high-s4-probability,fill-in,1/3,1/3,pass,none,OK
pep-high-s4-rag4-fi-161,MAINLAND_PEP_HIGH,rag-v4,S4,pep-high-s4-probability,fill-in,1/2,1/2,pass,none,OK
pep-high-s4-rag4-fi-162,MAINLAND_PEP_HIGH,rag-v4,S4,pep-high-s4-probability,fill-in,3/7,3/7,pass,none,OK
pep-high-s4-rag4-fi-163,MAINLAND_PEP_HIGH,rag-v4,S4,pep-high-s4-probability,fill-in,5/8,5/8,pass,none,OK
pep-high-s4-rag4-fi-164,MAINLAND_PEP_HIGH,rag-v4,S4,pep-high-s4-probability,fill-in,3/10,3/10,pass,none,OK
pep-high-s4-rag4-fi-165,MAINLAND_PEP_HIGH,rag-v4,S4,pep-high-s4-probability,fill-in,5/11,5/11,pass,none,OK
pep-high-s4-rag4-sa-001,MAINLAND_PEP_HIGH,rag-v4,S4,pep-high-s4-sets-logic,short-answer,10,10,pass,none,OK
pep-high-s4-rag4-sa-002,MAINLAND_PEP_HIGH,rag-v4,S4,pep-high-s4-sets-logic,short-answer,9,9,pass,none,OK
pep-high-s4-rag4-sa-003,MAINLAND_PEP_HIGH,rag-v4,S4,pep-high-s4-sets-logic,short-answer,11,11,pass,none,OK
pep-high-s4-rag4-sa-004,MAINLAND_PEP_HIGH,rag-v4,S4,pep-high-s4-sets-logic,short-answer,11,11,pass,none,OK
pep-high-s4-rag4-sa-005,MAINLAND_PEP_HIGH,rag-v4,S4,pep-high-s4-sets-logic,short-answer,10,10,pass,none,OK
pep-high-s4-rag4-sa-006,MAINLAND_PEP_HIGH,rag-v4,S4,pep-high-s4-sets-logic,short-answer,10,10,pass,none,OK
pep-high-s4-rag4-sa-007,MAINLAND_PEP_HIGH,rag-v4,S4,pep-high-s4-sets-logic,short-answer,9,9,pass,none,OK
pep-high-s4-rag4-sa-008,MAINLAND_PEP_HIGH,rag-v4,S4,pep-high-s4-sets-logic,short-answer,11,11,pass,none,OK
pep-high-s4-rag4-sa-009,MAINLAND_PEP_HIGH,rag-v4,S4,pep-high-s4-sets-logic,short-answer,11,11,pass,none,OK
pep-high-s4-rag4-sa-010,MAINLAND_PEP_HIGH,rag-v4,S4,pep-high-s4-sets-logic,short-answer,10,10,pass,none,OK
pep-high-s4-rag4-sa-011,MAINLAND_PEP_HIGH,rag-v4,S4,pep-high-s4-sets-logic,short-answer,10,10,pass,none,OK
pep-high-s4-rag4-sa-012,MAINLAND_PEP_HIGH,rag-v4,S4,pep-high-s4-sets-logic,short-answer,9,9,pass,none,OK
pep-high-s4-rag4-sa-013,MAINLAND_PEP_HIGH,rag-v4,S4,pep-high-s4-sets-logic,short-answer,11,11,pass,none,OK
pep-high-s4-rag4-sa-014,MAINLAND_PEP_HIGH,rag-v4,S4,pep-high-s4-sets-logic,short-answer,11,11,pass,none,OK
pep-high-s4-rag4-sa-015,MAINLAND_PEP_HIGH,rag-v4,S4,pep-high-s4-sets-logic,short-answer,10,10,pass,none,OK
pep-high-s4-rag4-sa-016,MAINLAND_PEP_HIGH,rag-v4,S4,pep-high-s4-sets-logic,short-answer,10,10,pass,none,OK
pep-high-s4-rag4-sa-017,MAINLAND_PEP_HIGH,rag-v4,S4,pep-high-s4-quadratic-inequalities,short-answer,-3,-3,pass,none,OK
pep-high-s4-rag4-sa-018,MAINLAND_PEP_HIGH,rag-v4,S4,pep-high-s4-quadratic-inequalities,short-answer,2,2,pass,none,OK
pep-high-s4-rag4-sa-019,MAINLAND_PEP_HIGH,rag-v4,S4,pep-high-s4-quadratic-inequalities,short-answer,0,0,pass,none,OK
pep-high-s4-rag4-sa-020,MAINLAND_PEP_HIGH,rag-v4,S4,pep-high-s4-quadratic-inequalities,short-answer,-2,-2,pass,none,OK
pep-high-s4-rag4-sa-021,MAINLAND_PEP_HIGH,rag-v4,S4,pep-high-s4-quadratic-inequalities,short-answer,3,3,pass,none,OK
pep-high-s4-rag4-sa-022,MAINLAND_PEP_HIGH,rag-v4,S4,pep-high-s4-quadratic-inequalities,short-answer,1,1,pass,none,OK
pep-high-s4-rag4-sa-023,MAINLAND_PEP_HIGH,rag-v4,S4,pep-high-s4-quadratic-inequalities,short-answer,-1,-1,pass,none,OK
pep-high-s4-rag4-sa-024,MAINLAND_PEP_HIGH,rag-v4,S4,pep-high-s4-quadratic-inequalities,short-answer,-3,-3,pass,none,OK
pep-high-s4-rag4-sa-025,MAINLAND_PEP_HIGH,rag-v4,S4,pep-high-s4-quadratic-inequalities,short-answer,2,2,pass,none,OK
pep-high-s4-rag4-sa-026,MAINLAND_PEP_HIGH,rag-v4,S4,pep-high-s4-quadratic-inequalities,short-answer,0,0,pass,none,OK
pep-high-s4-rag4-sa-027,MAINLAND_PEP_HIGH,rag-v4,S4,pep-high-s4-quadratic-inequalities,short-answer,-2,-2,pass,none,OK
pep-high-s4-rag4-sa-028,MAINLAND_PEP_HIGH,rag-v4,S4,pep-high-s4-quadratic-inequalities,short-answer,3,3,pass,none,OK
pep-high-s4-rag4-sa-029,MAINLAND_PEP_HIGH,rag-v4,S4,pep-high-s4-quadratic-inequalities,short-answer,1,1,pass,none,OK
pep-high-s4-rag4-sa-030,MAINLAND_PEP_HIGH,rag-v4,S4,pep-high-s4-quadratic-inequalities,short-answer,-1,-1,pass,none,OK
pep-high-s4-rag4-sa-031,MAINLAND_PEP_HIGH,rag-v4,S4,pep-high-s4-quadratic-inequalities,short-answer,-3,-3,pass,none,OK
pep-high-s4-rag4-sa-032,MAINLAND_PEP_HIGH,rag-v4,S4,pep-high-s4-quadratic-inequalities,short-answer,2,2,pass,none,OK
pep-high-s4-rag4-sa-033,MAINLAND_PEP_HIGH,rag-v4,S4,pep-high-s4-function-properties,short-answer,0,0,pass,none,OK
pep-high-s4-rag4-sa-034,MAINLAND_PEP_HIGH,rag-v4,S4,pep-high-s4-function-properties,short-answer,2,2,pass,none,OK
pep-high-s4-rag4-sa-035,MAINLAND_PEP_HIGH,rag-v4,S4,pep-high-s4-function-properties,short-answer,0,0,pass,none,OK
pep-high-s4-rag4-sa-036,MAINLAND_PEP_HIGH,rag-v4,S4,pep-high-s4-function-properties,short-answer,2,2,pass,none,OK
pep-high-s4-rag4-sa-037,MAINLAND_PEP_HIGH,rag-v4,S4,pep-high-s4-function-properties,short-answer,0,0,pass,none,OK
pep-high-s4-rag4-sa-038,MAINLAND_PEP_HIGH,rag-v4,S4,pep-high-s4-function-properties,short-answer,2,2,pass,none,OK
pep-high-s4-rag4-sa-039,MAINLAND_PEP_HIGH,rag-v4,S4,pep-high-s4-function-properties,short-answer,0,0,pass,none,OK
pep-high-s4-rag4-sa-040,MAINLAND_PEP_HIGH,rag-v4,S4,pep-high-s4-function-properties,short-answer,2,2,pass,none,OK
pep-high-s4-rag4-sa-041,MAINLAND_PEP_HIGH,rag-v4,S4,pep-high-s4-function-properties,short-answer,0,0,pass,none,OK
pep-high-s4-rag4-sa-042,MAINLAND_PEP_HIGH,rag-v4,S4,pep-high-s4-function-properties,short-answer,2,2,pass,none,OK
pep-high-s4-rag4-sa-043,MAINLAND_PEP_HIGH,rag-v4,S4,pep-high-s4-function-properties,short-answer,0,0,pass,none,OK
pep-high-s4-rag4-sa-044,MAINLAND_PEP_HIGH,rag-v4,S4,pep-high-s4-function-properties,short-answer,2,2,pass,none,OK
pep-high-s4-rag4-sa-045,MAINLAND_PEP_HIGH,rag-v4,S4,pep-high-s4-function-properties,short-answer,0,0,pass,none,OK
pep-high-s4-rag4-sa-046,MAINLAND_PEP_HIGH,rag-v4,S4,pep-high-s4-function-properties,short-answer,2,2,pass,none,OK
pep-high-s4-rag4-sa-047,MAINLAND_PEP_HIGH,rag-v4,S4,pep-high-s4-function-properties,short-answer,0,0,pass,none,OK
pep-high-s4-rag4-sa-048,MAINLAND_PEP_HIGH,rag-v4,S4,pep-high-s4-function-properties,short-answer,2,2,pass,none,OK
pep-high-s4-rag4-sa-049,MAINLAND_PEP_HIGH,rag-v4,S4,pep-high-s4-exp-log,short-answer,12,12,pass,none,OK
pep-high-s4-rag4-sa-050,MAINLAND_PEP_HIGH,rag-v4,S4,pep-high-s4-exp-log,short-answer,20,20,pass,none,OK
pep-high-s4-rag4-sa-051,MAINLAND_PEP_HIGH,rag-v4,S4,pep-high-s4-exp-log,short-answer,8,8,pass,none,OK
pep-high-s4-rag4-sa-052,MAINLAND_PEP_HIGH,rag-v4,S4,pep-high-s4-exp-log,short-answer,12,12,pass,none,OK
pep-high-s4-rag4-sa-053,MAINLAND_PEP_HIGH,rag-v4,S4,pep-high-s4-exp-log,short-answer,4,4,pass,none,OK
pep-high-s4-rag4-sa-054,MAINLAND_PEP_HIGH,rag-v4,S4,pep-high-s4-exp-log,short-answer,24,24,pass,none,OK
pep-high-s4-rag4-sa-055,MAINLAND_PEP_HIGH,rag-v4,S4,pep-high-s4-exp-log,short-answer,10,10,pass,none,OK
pep-high-s4-rag4-sa-056,MAINLAND_PEP_HIGH,rag-v4,S4,pep-high-s4-exp-log,short-answer,16,16,pass,none,OK
pep-high-s4-rag4-sa-057,MAINLAND_PEP_HIGH,rag-v4,S4,pep-high-s4-exp-log,short-answer,6,6,pass,none,OK
pep-high-s4-rag4-sa-058,MAINLAND_PEP_HIGH,rag-v4,S4,pep-high-s4-exp-log,short-answer,8,8,pass,none,OK
pep-high-s4-rag4-sa-059,MAINLAND_PEP_HIGH,rag-v4,S4,pep-high-s4-exp-log,short-answer,12,12,pass,none,OK
pep-high-s4-rag4-sa-060,MAINLAND_PEP_HIGH,rag-v4,S4,pep-high-s4-exp-log,short-answer,20,20,pass,none,OK
pep-high-s4-rag4-sa-061,MAINLAND_PEP_HIGH,rag-v4,S4,pep-high-s4-exp-log,short-answer,8,8,pass,none,OK
pep-high-s4-rag4-sa-062,MAINLAND_PEP_HIGH,rag-v4,S4,pep-high-s4-exp-log,short-answer,12,12,pass,none,OK
pep-high-s4-rag4-sa-063,MAINLAND_PEP_HIGH,rag-v4,S4,pep-high-s4-exp-log,short-answer,4,4,pass,none,OK
pep-high-s4-rag4-sa-064,MAINLAND_PEP_HIGH,rag-v4,S4,pep-high-s4-exp-log,short-answer,24,24,pass,none,OK
pep-high-s4-rag4-sa-065,MAINLAND_PEP_HIGH,rag-v4,S4,pep-high-s4-trigonometry,short-answer,1,1,pass,none,OK
pep-high-s4-rag4-sa-066,MAINLAND_PEP_HIGH,rag-v4,S4,pep-high-s4-trigonometry,short-answer,5,5,pass,none,OK
pep-high-s4-rag4-sa-067,MAINLAND_PEP_HIGH,rag-v4,S4,pep-high-s4-trigonometry,short-answer,4,4,pass,none,OK
pep-high-s4-rag4-sa-068,MAINLAND_PEP_HIGH,rag-v4,S4,pep-high-s4-trigonometry,short-answer,3,3,pass,none,OK
pep-high-s4-rag4-sa-069,MAINLAND_PEP_HIGH,rag-v4,S4,pep-high-s4-trigonometry,short-answer,2,2,pass,none,OK
pep-high-s4-rag4-sa-070,MAINLAND_PEP_HIGH,rag-v4,S4,pep-high-s4-trigonometry,short-answer,1,1,pass,none,OK
pep-high-s4-rag4-sa-071,MAINLAND_PEP_HIGH,rag-v4,S4,pep-high-s4-trigonometry,short-answer,5,5,pass,none,OK
pep-high-s4-rag4-sa-072,MAINLAND_PEP_HIGH,rag-v4,S4,pep-high-s4-trigonometry,short-answer,4,4,pass,none,OK
pep-high-s4-rag4-sa-073,MAINLAND_PEP_HIGH,rag-v4,S4,pep-high-s4-trigonometry,short-answer,3,3,pass,none,OK
pep-high-s4-rag4-sa-074,MAINLAND_PEP_HIGH,rag-v4,S4,pep-high-s4-trigonometry,short-answer,2,2,pass,none,OK
pep-high-s4-rag4-sa-075,MAINLAND_PEP_HIGH,rag-v4,S4,pep-high-s4-trigonometry,short-answer,1,1,pass,none,OK
pep-high-s4-rag4-sa-076,MAINLAND_PEP_HIGH,rag-v4,S4,pep-high-s4-trigonometry,short-answer,5,5,pass,none,OK
pep-high-s4-rag4-sa-077,MAINLAND_PEP_HIGH,rag-v4,S4,pep-high-s4-trigonometry,short-answer,4,4,pass,none,OK
pep-high-s4-rag4-sa-078,MAINLAND_PEP_HIGH,rag-v4,S4,pep-high-s4-trigonometry,short-answer,3,3,pass,none,OK
pep-high-s4-rag4-sa-079,MAINLAND_PEP_HIGH,rag-v4,S4,pep-high-s4-trigonometry,short-answer,2,2,pass,none,OK
pep-high-s4-rag4-sa-080,MAINLAND_PEP_HIGH,rag-v4,S4,pep-high-s4-trigonometry,short-answer,1,1,pass,none,OK
pep-high-s4-rag4-sa-081,MAINLAND_PEP_HIGH,rag-v4,S4,pep-high-s4-plane-vectors,short-answer,5,5,pass,none,OK
pep-high-s4-rag4-sa-082,MAINLAND_PEP_HIGH,rag-v4,S4,pep-high-s4-plane-vectors,short-answer,41,41,pass,none,OK
pep-high-s4-rag4-sa-083,MAINLAND_PEP_HIGH,rag-v4,S4,pep-high-s4-plane-vectors,short-answer,20,20,pass,none,OK
pep-high-s4-rag4-sa-084,MAINLAND_PEP_HIGH,rag-v4,S4,pep-high-s4-plane-vectors,short-answer,25,25,pass,none,OK
pep-high-s4-rag4-sa-085,MAINLAND_PEP_HIGH,rag-v4,S4,pep-high-s4-plane-vectors,short-answer,8,8,pass,none,OK
pep-high-s4-rag4-sa-086,MAINLAND_PEP_HIGH,rag-v4,S4,pep-high-s4-plane-vectors,short-answer,17,17,pass,none,OK
pep-high-s4-rag4-sa-087,MAINLAND_PEP_HIGH,rag-v4,S4,pep-high-s4-plane-vectors,short-answer,29,29,pass,none,OK
pep-high-s4-rag4-sa-088,MAINLAND_PEP_HIGH,rag-v4,S4,pep-high-s4-plane-vectors,short-answer,32,32,pass,none,OK
pep-high-s4-rag4-sa-089,MAINLAND_PEP_HIGH,rag-v4,S4,pep-high-s4-plane-vectors,short-answer,13,13,pass,none,OK
pep-high-s4-rag4-sa-090,MAINLAND_PEP_HIGH,rag-v4,S4,pep-high-s4-plane-vectors,short-answer,20,20,pass,none,OK
pep-high-s4-rag4-sa-091,MAINLAND_PEP_HIGH,rag-v4,S4,pep-high-s4-plane-vectors,short-answer,5,5,pass,none,OK
pep-high-s4-rag4-sa-092,MAINLAND_PEP_HIGH,rag-v4,S4,pep-high-s4-plane-vectors,short-answer,41,41,pass,none,OK
pep-high-s4-rag4-sa-093,MAINLAND_PEP_HIGH,rag-v4,S4,pep-high-s4-plane-vectors,short-answer,20,20,pass,none,OK
pep-high-s4-rag4-sa-094,MAINLAND_PEP_HIGH,rag-v4,S4,pep-high-s4-plane-vectors,short-answer,25,25,pass,none,OK
pep-high-s4-rag4-sa-095,MAINLAND_PEP_HIGH,rag-v4,S4,pep-high-s4-plane-vectors,short-answer,8,8,pass,none,OK
pep-high-s4-rag4-sa-096,MAINLAND_PEP_HIGH,rag-v4,S4,pep-high-s4-plane-vectors,short-answer,17,17,pass,none,OK
pep-high-s4-rag4-sa-097,MAINLAND_PEP_HIGH,rag-v4,S4,pep-high-s4-plane-vectors,short-answer,29,29,pass,none,OK
pep-high-s4-rag4-sa-098,MAINLAND_PEP_HIGH,rag-v4,S4,pep-high-s4-complex-numbers,short-answer,10,10,pass,none,OK
pep-high-s4-rag4-sa-099,MAINLAND_PEP_HIGH,rag-v4,S4,pep-high-s4-complex-numbers,short-answer,68,68,pass,none,OK
pep-high-s4-rag4-sa-100,MAINLAND_PEP_HIGH,rag-v4,S4,pep-high-s4-complex-numbers,short-answer,52,52,pass,none,OK
pep-high-s4-rag4-sa-101,MAINLAND_PEP_HIGH,rag-v4,S4,pep-high-s4-complex-numbers,short-answer,41,41,pass,none,OK
pep-high-s4-rag4-sa-102,MAINLAND_PEP_HIGH,rag-v4,S4,pep-high-s4-complex-numbers,short-answer,16,16,pass,none,OK
pep-high-s4-rag4-sa-103,MAINLAND_PEP_HIGH,rag-v4,S4,pep-high-s4-complex-numbers,short-answer,58,58,pass,none,OK
pep-high-s4-rag4-sa-104,MAINLAND_PEP_HIGH,rag-v4,S4,pep-high-s4-complex-numbers,short-answer,13,13,pass,none,OK
pep-high-s4-rag4-sa-105,MAINLAND_PEP_HIGH,rag-v4,S4,pep-high-s4-complex-numbers,short-answer,45,45,pass,none,OK
pep-high-s4-rag4-sa-106,MAINLAND_PEP_HIGH,rag-v4,S4,pep-high-s4-complex-numbers,short-answer,61,61,pass,none,OK
pep-high-s4-rag4-sa-107,MAINLAND_PEP_HIGH,rag-v4,S4,pep-high-s4-complex-numbers,short-answer,52,52,pass,none,OK
pep-high-s4-rag4-sa-108,MAINLAND_PEP_HIGH,rag-v4,S4,pep-high-s4-complex-numbers,short-answer,13,13,pass,none,OK
pep-high-s4-rag4-sa-109,MAINLAND_PEP_HIGH,rag-v4,S4,pep-high-s4-complex-numbers,short-answer,8,8,pass,none,OK
pep-high-s4-rag4-sa-110,MAINLAND_PEP_HIGH,rag-v4,S4,pep-high-s4-complex-numbers,short-answer,61,61,pass,none,OK
pep-high-s4-rag4-sa-111,MAINLAND_PEP_HIGH,rag-v4,S4,pep-high-s4-complex-numbers,short-answer,50,50,pass,none,OK
pep-high-s4-rag4-sa-112,MAINLAND_PEP_HIGH,rag-v4,S4,pep-high-s4-complex-numbers,short-answer,17,17,pass,none,OK
pep-high-s4-rag4-sa-113,MAINLAND_PEP_HIGH,rag-v4,S4,pep-high-s4-complex-numbers,short-answer,73,73,pass,none,OK
pep-high-s4-rag4-sa-114,MAINLAND_PEP_HIGH,rag-v4,S4,pep-high-s4-complex-numbers,short-answer,20,20,pass,none,OK
pep-high-s4-rag4-sa-115,MAINLAND_PEP_HIGH,rag-v4,S4,pep-high-s4-solid-geometry-intro,short-answer,41,41,pass,none,OK
pep-high-s4-rag4-sa-116,MAINLAND_PEP_HIGH,rag-v4,S4,pep-high-s4-solid-geometry-intro,short-answer,50,50,pass,none,OK
pep-high-s4-rag4-sa-117,MAINLAND_PEP_HIGH,rag-v4,S4,pep-high-s4-solid-geometry-intro,short-answer,29,29,pass,none,OK
pep-high-s4-rag4-sa-118,MAINLAND_PEP_HIGH,rag-v4,S4,pep-high-s4-solid-geometry-intro,short-answer,77,77,pass,none,OK
pep-high-s4-rag4-sa-119,MAINLAND_PEP_HIGH,rag-v4,S4,pep-high-s4-solid-geometry-intro,short-answer,50,50,pass,none,OK
pep-high-s4-rag4-sa-120,MAINLAND_PEP_HIGH,rag-v4,S4,pep-high-s4-solid-geometry-intro,short-answer,57,57,pass,none,OK
pep-high-s4-rag4-sa-121,MAINLAND_PEP_HIGH,rag-v4,S4,pep-high-s4-solid-geometry-intro,short-answer,34,34,pass,none,OK
pep-high-s4-rag4-sa-122,MAINLAND_PEP_HIGH,rag-v4,S4,pep-high-s4-solid-geometry-intro,short-answer,45,45,pass,none,OK
pep-high-s4-rag4-sa-123,MAINLAND_PEP_HIGH,rag-v4,S4,pep-high-s4-solid-geometry-intro,short-answer,61,61,pass,none,OK
pep-high-s4-rag4-sa-124,MAINLAND_PEP_HIGH,rag-v4,S4,pep-high-s4-solid-geometry-intro,short-answer,66,66,pass,none,OK
pep-high-s4-rag4-sa-125,MAINLAND_PEP_HIGH,rag-v4,S4,pep-high-s4-solid-geometry-intro,short-answer,41,41,pass,none,OK
pep-high-s4-rag4-sa-126,MAINLAND_PEP_HIGH,rag-v4,S4,pep-high-s4-solid-geometry-intro,short-answer,50,50,pass,none,OK
pep-high-s4-rag4-sa-127,MAINLAND_PEP_HIGH,rag-v4,S4,pep-high-s4-solid-geometry-intro,short-answer,29,29,pass,none,OK
pep-high-s4-rag4-sa-128,MAINLAND_PEP_HIGH,rag-v4,S4,pep-high-s4-solid-geometry-intro,short-answer,77,77,pass,none,OK
pep-high-s4-rag4-sa-129,MAINLAND_PEP_HIGH,rag-v4,S4,pep-high-s4-solid-geometry-intro,short-answer,50,50,pass,none,OK
pep-high-s4-rag4-sa-130,MAINLAND_PEP_HIGH,rag-v4,S4,pep-high-s4-solid-geometry-intro,short-answer,57,57,pass,none,OK
pep-high-s4-rag4-sa-131,MAINLAND_PEP_HIGH,rag-v4,S4,pep-high-s4-solid-geometry-intro,short-answer,34,34,pass,none,OK
pep-high-s4-rag4-sa-132,MAINLAND_PEP_HIGH,rag-v4,S4,pep-high-s4-statistics,short-answer,8,8,pass,none,OK
pep-high-s4-rag4-sa-133,MAINLAND_PEP_HIGH,rag-v4,S4,pep-high-s4-statistics,short-answer,8,8,pass,none,OK
pep-high-s4-rag4-sa-134,MAINLAND_PEP_HIGH,rag-v4,S4,pep-high-s4-statistics,short-answer,8,8,pass,none,OK
pep-high-s4-rag4-sa-135,MAINLAND_PEP_HIGH,rag-v4,S4,pep-high-s4-statistics,short-answer,8,8,pass,none,OK
pep-high-s4-rag4-sa-136,MAINLAND_PEP_HIGH,rag-v4,S4,pep-high-s4-statistics,short-answer,8,8,pass,none,OK
pep-high-s4-rag4-sa-137,MAINLAND_PEP_HIGH,rag-v4,S4,pep-high-s4-statistics,short-answer,8,8,pass,none,OK
pep-high-s4-rag4-sa-138,MAINLAND_PEP_HIGH,rag-v4,S4,pep-high-s4-statistics,short-answer,8,8,pass,none,OK
pep-high-s4-rag4-sa-139,MAINLAND_PEP_HIGH,rag-v4,S4,pep-high-s4-statistics,short-answer,8,8,pass,none,OK
pep-high-s4-rag4-sa-140,MAINLAND_PEP_HIGH,rag-v4,S4,pep-high-s4-statistics,short-answer,8,8,pass,none,OK
pep-high-s4-rag4-sa-141,MAINLAND_PEP_HIGH,rag-v4,S4,pep-high-s4-statistics,short-answer,8,8,pass,none,OK
pep-high-s4-rag4-sa-142,MAINLAND_PEP_HIGH,rag-v4,S4,pep-high-s4-statistics,short-answer,8,8,pass,none,OK
pep-high-s4-rag4-sa-143,MAINLAND_PEP_HIGH,rag-v4,S4,pep-high-s4-statistics,short-answer,8,8,pass,none,OK
pep-high-s4-rag4-sa-144,MAINLAND_PEP_HIGH,rag-v4,S4,pep-high-s4-statistics,short-answer,8,8,pass,none,OK
pep-high-s4-rag4-sa-145,MAINLAND_PEP_HIGH,rag-v4,S4,pep-high-s4-statistics,short-answer,8,8,pass,none,OK
pep-high-s4-rag4-sa-146,MAINLAND_PEP_HIGH,rag-v4,S4,pep-high-s4-statistics,short-answer,8,8,pass,none,OK
pep-high-s4-rag4-sa-147,MAINLAND_PEP_HIGH,rag-v4,S4,pep-high-s4-statistics,short-answer,8,8,pass,none,OK
pep-high-s4-rag4-sa-148,MAINLAND_PEP_HIGH,rag-v4,S4,pep-high-s4-statistics,short-answer,8,8,pass,none,OK
pep-high-s4-rag4-sa-149,MAINLAND_PEP_HIGH,rag-v4,S4,pep-high-s4-probability,short-answer,72,72,pass,none,OK
pep-high-s4-rag4-sa-150,MAINLAND_PEP_HIGH,rag-v4,S4,pep-high-s4-probability,short-answer,30,30,pass,none,OK
pep-high-s4-rag4-sa-151,MAINLAND_PEP_HIGH,rag-v4,S4,pep-high-s4-probability,short-answer,42,42,pass,none,OK
pep-high-s4-rag4-sa-152,MAINLAND_PEP_HIGH,rag-v4,S4,pep-high-s4-probability,short-answer,72,72,pass,none,OK
pep-high-s4-rag4-sa-153,MAINLAND_PEP_HIGH,rag-v4,S4,pep-high-s4-probability,short-answer,90,90,pass,none,OK
pep-high-s4-rag4-sa-154,MAINLAND_PEP_HIGH,rag-v4,S4,pep-high-s4-probability,short-answer,42,42,pass,none,OK
pep-high-s4-rag4-sa-155,MAINLAND_PEP_HIGH,rag-v4,S4,pep-high-s4-probability,short-answer,56,56,pass,none,OK
pep-high-s4-rag4-sa-156,MAINLAND_PEP_HIGH,rag-v4,S4,pep-high-s4-probability,short-answer,20,20,pass,none,OK
pep-high-s4-rag4-sa-157,MAINLAND_PEP_HIGH,rag-v4,S4,pep-high-s4-probability,short-answer,110,110,pass,none,OK
pep-high-s4-rag4-sa-158,MAINLAND_PEP_HIGH,rag-v4,S4,pep-high-s4-probability,short-answer,56,56,pass,none,OK
pep-high-s4-rag4-sa-159,MAINLAND_PEP_HIGH,rag-v4,S4,pep-high-s4-probability,short-answer,72,72,pass,none,OK
pep-high-s4-rag4-sa-160,MAINLAND_PEP_HIGH,rag-v4,S4,pep-high-s4-probability,short-answer,30,30,pass,none,OK
pep-high-s4-rag4-sa-161,MAINLAND_PEP_HIGH,rag-v4,S4,pep-high-s4-probability,short-answer,42,42,pass,none,OK
pep-high-s4-rag4-sa-162,MAINLAND_PEP_HIGH,rag-v4,S4,pep-high-s4-probability,short-answer,72,72,pass,none,OK
pep-high-s4-rag4-sa-163,MAINLAND_PEP_HIGH,rag-v4,S4,pep-high-s4-probability,short-answer,90,90,pass,none,OK
pep-high-s4-rag4-sa-164,MAINLAND_PEP_HIGH,rag-v4,S4,pep-high-s4-probability,short-answer,42,42,pass,none,OK
pep-high-s4-rag4-sa-165,MAINLAND_PEP_HIGH,rag-v4,S4,pep-high-s4-probability,short-answer,56,56,pass,none,OK
pep-high-s5-rag4-mc-001,MAINLAND_PEP_HIGH,rag-v4,S5,pep-high-s5-space-vectors,multiple-choice,43,43,pass,none,OK
pep-high-s5-rag4-mc-002,MAINLAND_PEP_HIGH,rag-v4,S5,pep-high-s5-space-vectors,multiple-choice,22,22,pass,none,OK
pep-high-s5-rag4-mc-003,MAINLAND_PEP_HIGH,rag-v4,S5,pep-high-s5-space-vectors,multiple-choice,31,31,pass,none,OK
pep-high-s5-rag4-mc-004,MAINLAND_PEP_HIGH,rag-v4,S5,pep-high-s5-space-vectors,multiple-choice,49,49,pass,none,OK
pep-high-s5-rag4-mc-005,MAINLAND_PEP_HIGH,rag-v4,S5,pep-high-s5-space-vectors,multiple-choice,52,52,pass,none,OK
pep-high-s5-rag4-mc-006,MAINLAND_PEP_HIGH,rag-v4,S5,pep-high-s5-space-vectors,multiple-choice,29,29,pass,none,OK
pep-high-s5-rag4-mc-007,MAINLAND_PEP_HIGH,rag-v4,S5,pep-high-s5-space-vectors,multiple-choice,36,36,pass,none,OK
pep-high-s5-rag4-mc-008,MAINLAND_PEP_HIGH,rag-v4,S5,pep-high-s5-space-vectors,multiple-choice,17,17,pass,none,OK
pep-high-s5-rag4-mc-009,MAINLAND_PEP_HIGH,rag-v4,S5,pep-high-s5-space-vectors,multiple-choice,63,63,pass,none,OK
pep-high-s5-rag4-mc-010,MAINLAND_PEP_HIGH,rag-v4,S5,pep-high-s5-space-vectors,multiple-choice,38,38,pass,none,OK
pep-high-s5-rag4-mc-011,MAINLAND_PEP_HIGH,rag-v4,S5,pep-high-s5-space-vectors,multiple-choice,43,43,pass,none,OK
pep-high-s5-rag4-mc-012,MAINLAND_PEP_HIGH,rag-v4,S5,pep-high-s5-space-vectors,multiple-choice,22,22,pass,none,OK
pep-high-s5-rag4-mc-013,MAINLAND_PEP_HIGH,rag-v4,S5,pep-high-s5-space-vectors,multiple-choice,31,31,pass,none,OK
pep-high-s5-rag4-mc-014,MAINLAND_PEP_HIGH,rag-v4,S5,pep-high-s5-space-vectors,multiple-choice,49,49,pass,none,OK
pep-high-s5-rag4-mc-015,MAINLAND_PEP_HIGH,rag-v4,S5,pep-high-s5-space-vectors,multiple-choice,52,52,pass,none,OK
pep-high-s5-rag4-mc-016,MAINLAND_PEP_HIGH,rag-v4,S5,pep-high-s5-space-vectors,multiple-choice,29,29,pass,none,OK
pep-high-s5-rag4-mc-017,MAINLAND_PEP_HIGH,rag-v4,S5,pep-high-s5-space-vectors,multiple-choice,36,36,pass,none,OK
pep-high-s5-rag4-mc-018,MAINLAND_PEP_HIGH,rag-v4,S5,pep-high-s5-space-vectors,multiple-choice,17,17,pass,none,OK
pep-high-s5-rag4-mc-019,MAINLAND_PEP_HIGH,rag-v4,S5,pep-high-s5-space-vectors,multiple-choice,63,63,pass,none,OK
pep-high-s5-rag4-mc-020,MAINLAND_PEP_HIGH,rag-v4,S5,pep-high-s5-space-vectors,multiple-choice,38,38,pass,none,OK
pep-high-s5-rag4-mc-021,MAINLAND_PEP_HIGH,rag-v4,S5,pep-high-s5-space-vectors,multiple-choice,43,43,pass,none,OK
pep-high-s5-rag4-mc-022,MAINLAND_PEP_HIGH,rag-v4,S5,pep-high-s5-space-vectors,multiple-choice,22,22,pass,none,OK
pep-high-s5-rag4-mc-023,MAINLAND_PEP_HIGH,rag-v4,S5,pep-high-s5-space-vectors,multiple-choice,31,31,pass,none,OK
pep-high-s5-rag4-mc-024,MAINLAND_PEP_HIGH,rag-v4,S5,pep-high-s5-space-vectors,multiple-choice,49,49,pass,none,OK
pep-high-s5-rag4-mc-025,MAINLAND_PEP_HIGH,rag-v4,S5,pep-high-s5-space-vectors,multiple-choice,52,52,pass,none,OK
pep-high-s5-rag4-mc-026,MAINLAND_PEP_HIGH,rag-v4,S5,pep-high-s5-space-vectors,multiple-choice,29,29,pass,none,OK
pep-high-s5-rag4-mc-027,MAINLAND_PEP_HIGH,rag-v4,S5,pep-high-s5-space-vectors,multiple-choice,36,36,pass,none,OK
pep-high-s5-rag4-mc-028,MAINLAND_PEP_HIGH,rag-v4,S5,pep-high-s5-space-vectors,multiple-choice,17,17,pass,none,OK
pep-high-s5-rag4-mc-029,MAINLAND_PEP_HIGH,rag-v4,S5,pep-high-s5-space-vectors,multiple-choice,63,63,pass,none,OK
pep-high-s5-rag4-mc-030,MAINLAND_PEP_HIGH,rag-v4,S5,pep-high-s5-space-vectors,multiple-choice,38,38,pass,none,OK
pep-high-s5-rag4-mc-031,MAINLAND_PEP_HIGH,rag-v4,S5,pep-high-s5-space-vectors,multiple-choice,43,43,pass,none,OK
pep-high-s5-rag4-mc-032,MAINLAND_PEP_HIGH,rag-v4,S5,pep-high-s5-space-vectors,multiple-choice,22,22,pass,none,OK
pep-high-s5-rag4-mc-033,MAINLAND_PEP_HIGH,rag-v4,S5,pep-high-s5-space-vectors,multiple-choice,31,31,pass,none,OK
pep-high-s5-rag4-mc-034,MAINLAND_PEP_HIGH,rag-v4,S5,pep-high-s5-space-vectors,multiple-choice,49,49,pass,none,OK
pep-high-s5-rag4-mc-035,MAINLAND_PEP_HIGH,rag-v4,S5,pep-high-s5-lines-circles,multiple-choice,5,5,pass,none,OK
pep-high-s5-rag4-mc-036,MAINLAND_PEP_HIGH,rag-v4,S5,pep-high-s5-lines-circles,multiple-choice,4,4,pass,none,OK
pep-high-s5-rag4-mc-037,MAINLAND_PEP_HIGH,rag-v4,S5,pep-high-s5-lines-circles,multiple-choice,3,3,pass,none,OK
pep-high-s5-rag4-mc-038,MAINLAND_PEP_HIGH,rag-v4,S5,pep-high-s5-lines-circles,multiple-choice,2,2,pass,none,OK
pep-high-s5-rag4-mc-039,MAINLAND_PEP_HIGH,rag-v4,S5,pep-high-s5-lines-circles,multiple-choice,1,1,pass,none,OK
pep-high-s5-rag4-mc-040,MAINLAND_PEP_HIGH,rag-v4,S5,pep-high-s5-lines-circles,multiple-choice,5,5,pass,none,OK
pep-high-s5-rag4-mc-041,MAINLAND_PEP_HIGH,rag-v4,S5,pep-high-s5-lines-circles,multiple-choice,4,4,pass,none,OK
pep-high-s5-rag4-mc-042,MAINLAND_PEP_HIGH,rag-v4,S5,pep-high-s5-lines-circles,multiple-choice,3,3,pass,none,OK
pep-high-s5-rag4-mc-043,MAINLAND_PEP_HIGH,rag-v4,S5,pep-high-s5-lines-circles,multiple-choice,2,2,pass,none,OK
pep-high-s5-rag4-mc-044,MAINLAND_PEP_HIGH,rag-v4,S5,pep-high-s5-lines-circles,multiple-choice,1,1,pass,none,OK
pep-high-s5-rag4-mc-045,MAINLAND_PEP_HIGH,rag-v4,S5,pep-high-s5-lines-circles,multiple-choice,5,5,pass,none,OK
pep-high-s5-rag4-mc-046,MAINLAND_PEP_HIGH,rag-v4,S5,pep-high-s5-lines-circles,multiple-choice,4,4,pass,none,OK
pep-high-s5-rag4-mc-047,MAINLAND_PEP_HIGH,rag-v4,S5,pep-high-s5-lines-circles,multiple-choice,3,3,pass,none,OK
pep-high-s5-rag4-mc-048,MAINLAND_PEP_HIGH,rag-v4,S5,pep-high-s5-lines-circles,multiple-choice,2,2,pass,none,OK
pep-high-s5-rag4-mc-049,MAINLAND_PEP_HIGH,rag-v4,S5,pep-high-s5-lines-circles,multiple-choice,1,1,pass,none,OK
pep-high-s5-rag4-mc-050,MAINLAND_PEP_HIGH,rag-v4,S5,pep-high-s5-lines-circles,multiple-choice,5,5,pass,none,OK
pep-high-s5-rag4-mc-051,MAINLAND_PEP_HIGH,rag-v4,S5,pep-high-s5-lines-circles,multiple-choice,4,4,pass,none,OK
pep-high-s5-rag4-mc-052,MAINLAND_PEP_HIGH,rag-v4,S5,pep-high-s5-lines-circles,multiple-choice,3,3,pass,none,OK
pep-high-s5-rag4-mc-053,MAINLAND_PEP_HIGH,rag-v4,S5,pep-high-s5-lines-circles,multiple-choice,2,2,pass,none,OK
pep-high-s5-rag4-mc-054,MAINLAND_PEP_HIGH,rag-v4,S5,pep-high-s5-lines-circles,multiple-choice,1,1,pass,none,OK
pep-high-s5-rag4-mc-055,MAINLAND_PEP_HIGH,rag-v4,S5,pep-high-s5-lines-circles,multiple-choice,5,5,pass,none,OK
pep-high-s5-rag4-mc-056,MAINLAND_PEP_HIGH,rag-v4,S5,pep-high-s5-lines-circles,multiple-choice,4,4,pass,none,OK
pep-high-s5-rag4-mc-057,MAINLAND_PEP_HIGH,rag-v4,S5,pep-high-s5-lines-circles,multiple-choice,3,3,pass,none,OK
pep-high-s5-rag4-mc-058,MAINLAND_PEP_HIGH,rag-v4,S5,pep-high-s5-lines-circles,multiple-choice,2,2,pass,none,OK
pep-high-s5-rag4-mc-059,MAINLAND_PEP_HIGH,rag-v4,S5,pep-high-s5-lines-circles,multiple-choice,1,1,pass,none,OK
pep-high-s5-rag4-mc-060,MAINLAND_PEP_HIGH,rag-v4,S5,pep-high-s5-lines-circles,multiple-choice,5,5,pass,none,OK
pep-high-s5-rag4-mc-061,MAINLAND_PEP_HIGH,rag-v4,S5,pep-high-s5-lines-circles,multiple-choice,4,4,pass,none,OK
pep-high-s5-rag4-mc-062,MAINLAND_PEP_HIGH,rag-v4,S5,pep-high-s5-lines-circles,multiple-choice,3,3,pass,none,OK
pep-high-s5-rag4-mc-063,MAINLAND_PEP_HIGH,rag-v4,S5,pep-high-s5-lines-circles,multiple-choice,2,2,pass,none,OK
pep-high-s5-rag4-mc-064,MAINLAND_PEP_HIGH,rag-v4,S5,pep-high-s5-lines-circles,multiple-choice,1,1,pass,none,OK
pep-high-s5-rag4-mc-065,MAINLAND_PEP_HIGH,rag-v4,S5,pep-high-s5-lines-circles,multiple-choice,5,5,pass,none,OK
pep-high-s5-rag4-mc-066,MAINLAND_PEP_HIGH,rag-v4,S5,pep-high-s5-lines-circles,multiple-choice,4,4,pass,none,OK
pep-high-s5-rag4-mc-067,MAINLAND_PEP_HIGH,rag-v4,S5,pep-high-s5-lines-circles,multiple-choice,3,3,pass,none,OK
pep-high-s5-rag4-mc-068,MAINLAND_PEP_HIGH,rag-v4,S5,pep-high-s5-lines-circles,multiple-choice,2,2,pass,none,OK
pep-high-s5-rag4-mc-069,MAINLAND_PEP_HIGH,rag-v4,S5,pep-high-s5-conics,multiple-choice,14,14,pass,none,OK
pep-high-s5-rag4-mc-070,MAINLAND_PEP_HIGH,rag-v4,S5,pep-high-s5-conics,multiple-choice,12,12,pass,none,OK
pep-high-s5-rag4-mc-071,MAINLAND_PEP_HIGH,rag-v4,S5,pep-high-s5-conics,multiple-choice,10,10,pass,none,OK
pep-high-s5-rag4-mc-072,MAINLAND_PEP_HIGH,rag-v4,S5,pep-high-s5-conics,multiple-choice,8,8,pass,none,OK
pep-high-s5-rag4-mc-073,MAINLAND_PEP_HIGH,rag-v4,S5,pep-high-s5-conics,multiple-choice,16,16,pass,none,OK
pep-high-s5-rag4-mc-074,MAINLAND_PEP_HIGH,rag-v4,S5,pep-high-s5-conics,multiple-choice,14,14,pass,none,OK
pep-high-s5-rag4-mc-075,MAINLAND_PEP_HIGH,rag-v4,S5,pep-high-s5-conics,multiple-choice,12,12,pass,none,OK
pep-high-s5-rag4-mc-076,MAINLAND_PEP_HIGH,rag-v4,S5,pep-high-s5-conics,multiple-choice,10,10,pass,none,OK
pep-high-s5-rag4-mc-077,MAINLAND_PEP_HIGH,rag-v4,S5,pep-high-s5-conics,multiple-choice,8,8,pass,none,OK
pep-high-s5-rag4-mc-078,MAINLAND_PEP_HIGH,rag-v4,S5,pep-high-s5-conics,multiple-choice,16,16,pass,none,OK
pep-high-s5-rag4-mc-079,MAINLAND_PEP_HIGH,rag-v4,S5,pep-high-s5-conics,multiple-choice,14,14,pass,none,OK
pep-high-s5-rag4-mc-080,MAINLAND_PEP_HIGH,rag-v4,S5,pep-high-s5-conics,multiple-choice,12,12,pass,none,OK
pep-high-s5-rag4-mc-081,MAINLAND_PEP_HIGH,rag-v4,S5,pep-high-s5-conics,multiple-choice,10,10,pass,none,OK
pep-high-s5-rag4-mc-082,MAINLAND_PEP_HIGH,rag-v4,S5,pep-high-s5-conics,multiple-choice,8,8,pass,none,OK
pep-high-s5-rag4-mc-083,MAINLAND_PEP_HIGH,rag-v4,S5,pep-high-s5-conics,multiple-choice,16,16,pass,none,OK
pep-high-s5-rag4-mc-084,MAINLAND_PEP_HIGH,rag-v4,S5,pep-high-s5-conics,multiple-choice,14,14,pass,none,OK
pep-high-s5-rag4-mc-085,MAINLAND_PEP_HIGH,rag-v4,S5,pep-high-s5-conics,multiple-choice,12,12,pass,none,OK
pep-high-s5-rag4-mc-086,MAINLAND_PEP_HIGH,rag-v4,S5,pep-high-s5-conics,multiple-choice,10,10,pass,none,OK
pep-high-s5-rag4-mc-087,MAINLAND_PEP_HIGH,rag-v4,S5,pep-high-s5-conics,multiple-choice,8,8,pass,none,OK
pep-high-s5-rag4-mc-088,MAINLAND_PEP_HIGH,rag-v4,S5,pep-high-s5-conics,multiple-choice,16,16,pass,none,OK
pep-high-s5-rag4-mc-089,MAINLAND_PEP_HIGH,rag-v4,S5,pep-high-s5-conics,multiple-choice,14,14,pass,none,OK
pep-high-s5-rag4-mc-090,MAINLAND_PEP_HIGH,rag-v4,S5,pep-high-s5-conics,multiple-choice,12,12,pass,none,OK
pep-high-s5-rag4-mc-091,MAINLAND_PEP_HIGH,rag-v4,S5,pep-high-s5-conics,multiple-choice,10,10,pass,none,OK
pep-high-s5-rag4-mc-092,MAINLAND_PEP_HIGH,rag-v4,S5,pep-high-s5-conics,multiple-choice,8,8,pass,none,OK
pep-high-s5-rag4-mc-093,MAINLAND_PEP_HIGH,rag-v4,S5,pep-high-s5-conics,multiple-choice,16,16,pass,none,OK
pep-high-s5-rag4-mc-094,MAINLAND_PEP_HIGH,rag-v4,S5,pep-high-s5-conics,multiple-choice,14,14,pass,none,OK
pep-high-s5-rag4-mc-095,MAINLAND_PEP_HIGH,rag-v4,S5,pep-high-s5-conics,multiple-choice,12,12,pass,none,OK
pep-high-s5-rag4-mc-096,MAINLAND_PEP_HIGH,rag-v4,S5,pep-high-s5-conics,multiple-choice,10,10,pass,none,OK
pep-high-s5-rag4-mc-097,MAINLAND_PEP_HIGH,rag-v4,S5,pep-high-s5-conics,multiple-choice,8,8,pass,none,OK
pep-high-s5-rag4-mc-098,MAINLAND_PEP_HIGH,rag-v4,S5,pep-high-s5-conics,multiple-choice,16,16,pass,none,OK
pep-high-s5-rag4-mc-099,MAINLAND_PEP_HIGH,rag-v4,S5,pep-high-s5-conics,multiple-choice,14,14,pass,none,OK
pep-high-s5-rag4-mc-100,MAINLAND_PEP_HIGH,rag-v4,S5,pep-high-s5-conics,multiple-choice,12,12,pass,none,OK
pep-high-s5-rag4-mc-101,MAINLAND_PEP_HIGH,rag-v4,S5,pep-high-s5-conics,multiple-choice,10,10,pass,none,OK
pep-high-s5-rag4-mc-102,MAINLAND_PEP_HIGH,rag-v4,S5,pep-high-s5-conics,multiple-choice,8,8,pass,none,OK
pep-high-s5-rag4-mc-103,MAINLAND_PEP_HIGH,rag-v4,S5,pep-high-s5-sequences,multiple-choice,24,24,pass,none,OK
pep-high-s5-rag4-mc-104,MAINLAND_PEP_HIGH,rag-v4,S5,pep-high-s5-sequences,multiple-choice,47,47,pass,none,OK
pep-high-s5-rag4-mc-105,MAINLAND_PEP_HIGH,rag-v4,S5,pep-high-s5-sequences,multiple-choice,38,38,pass,none,OK
pep-high-s5-rag4-mc-106,MAINLAND_PEP_HIGH,rag-v4,S5,pep-high-s5-sequences,multiple-choice,34,34,pass,none,OK
pep-high-s5-rag4-mc-107,MAINLAND_PEP_HIGH,rag-v4,S5,pep-high-s5-sequences,multiple-choice,25,25,pass,none,OK
pep-high-s5-rag4-mc-108,MAINLAND_PEP_HIGH,rag-v4,S5,pep-high-s5-sequences,multiple-choice,48,48,pass,none,OK
pep-high-s5-rag4-mc-109,MAINLAND_PEP_HIGH,rag-v4,S5,pep-high-s5-sequences,multiple-choice,39,39,pass,none,OK
pep-high-s5-rag4-mc-110,MAINLAND_PEP_HIGH,rag-v4,S5,pep-high-s5-sequences,multiple-choice,30,30,pass,none,OK
pep-high-s5-rag4-mc-111,MAINLAND_PEP_HIGH,rag-v4,S5,pep-high-s5-sequences,multiple-choice,26,26,pass,none,OK
pep-high-s5-rag4-mc-112,MAINLAND_PEP_HIGH,rag-v4,S5,pep-high-s5-sequences,multiple-choice,49,49,pass,none,OK
pep-high-s5-rag4-mc-113,MAINLAND_PEP_HIGH,rag-v4,S5,pep-high-s5-sequences,multiple-choice,40,40,pass,none,OK
pep-high-s5-rag4-mc-114,MAINLAND_PEP_HIGH,rag-v4,S5,pep-high-s5-sequences,multiple-choice,31,31,pass,none,OK
pep-high-s5-rag4-mc-115,MAINLAND_PEP_HIGH,rag-v4,S5,pep-high-s5-sequences,multiple-choice,22,22,pass,none,OK
pep-high-s5-rag4-mc-116,MAINLAND_PEP_HIGH,rag-v4,S5,pep-high-s5-sequences,multiple-choice,50,50,pass,none,OK
pep-high-s5-rag4-mc-117,MAINLAND_PEP_HIGH,rag-v4,S5,pep-high-s5-sequences,multiple-choice,41,41,pass,none,OK
pep-high-s5-rag4-mc-118,MAINLAND_PEP_HIGH,rag-v4,S5,pep-high-s5-sequences,multiple-choice,32,32,pass,none,OK
pep-high-s5-rag4-mc-119,MAINLAND_PEP_HIGH,rag-v4,S5,pep-high-s5-sequences,multiple-choice,23,23,pass,none,OK
pep-high-s5-rag4-mc-120,MAINLAND_PEP_HIGH,rag-v4,S5,pep-high-s5-sequences,multiple-choice,46,46,pass,none,OK
pep-high-s5-rag4-mc-121,MAINLAND_PEP_HIGH,rag-v4,S5,pep-high-s5-sequences,multiple-choice,42,42,pass,none,OK
pep-high-s5-rag4-mc-122,MAINLAND_PEP_HIGH,rag-v4,S5,pep-high-s5-sequences,multiple-choice,33,33,pass,none,OK
pep-high-s5-rag4-mc-123,MAINLAND_PEP_HIGH,rag-v4,S5,pep-high-s5-sequences,multiple-choice,24,24,pass,none,OK
pep-high-s5-rag4-mc-124,MAINLAND_PEP_HIGH,rag-v4,S5,pep-high-s5-sequences,multiple-choice,47,47,pass,none,OK
pep-high-s5-rag4-mc-125,MAINLAND_PEP_HIGH,rag-v4,S5,pep-high-s5-sequences,multiple-choice,38,38,pass,none,OK
pep-high-s5-rag4-mc-126,MAINLAND_PEP_HIGH,rag-v4,S5,pep-high-s5-sequences,multiple-choice,34,34,pass,none,OK
pep-high-s5-rag4-mc-127,MAINLAND_PEP_HIGH,rag-v4,S5,pep-high-s5-sequences,multiple-choice,25,25,pass,none,OK
pep-high-s5-rag4-mc-128,MAINLAND_PEP_HIGH,rag-v4,S5,pep-high-s5-sequences,multiple-choice,48,48,pass,none,OK
pep-high-s5-rag4-mc-129,MAINLAND_PEP_HIGH,rag-v4,S5,pep-high-s5-sequences,multiple-choice,39,39,pass,none,OK
pep-high-s5-rag4-mc-130,MAINLAND_PEP_HIGH,rag-v4,S5,pep-high-s5-sequences,multiple-choice,30,30,pass,none,OK
pep-high-s5-rag4-mc-131,MAINLAND_PEP_HIGH,rag-v4,S5,pep-high-s5-sequences,multiple-choice,26,26,pass,none,OK
pep-high-s5-rag4-mc-132,MAINLAND_PEP_HIGH,rag-v4,S5,pep-high-s5-sequences,multiple-choice,49,49,pass,none,OK
pep-high-s5-rag4-mc-133,MAINLAND_PEP_HIGH,rag-v4,S5,pep-high-s5-sequences,multiple-choice,40,40,pass,none,OK
pep-high-s5-rag4-mc-134,MAINLAND_PEP_HIGH,rag-v4,S5,pep-high-s5-sequences,multiple-choice,31,31,pass,none,OK
pep-high-s5-rag4-mc-135,MAINLAND_PEP_HIGH,rag-v4,S5,pep-high-s5-sequences,multiple-choice,22,22,pass,none,OK
pep-high-s5-rag4-mc-136,MAINLAND_PEP_HIGH,rag-v4,S5,pep-high-s5-sequences,multiple-choice,50,50,pass,none,OK
pep-high-s5-rag4-mc-137,MAINLAND_PEP_HIGH,rag-v4,S5,pep-high-s5-derivatives,multiple-choice,1,1,pass,none,OK
pep-high-s5-rag4-mc-138,MAINLAND_PEP_HIGH,rag-v4,S5,pep-high-s5-derivatives,multiple-choice,27,27,pass,none,OK
pep-high-s5-rag4-mc-139,MAINLAND_PEP_HIGH,rag-v4,S5,pep-high-s5-derivatives,multiple-choice,10,10,pass,none,OK
pep-high-s5-rag4-mc-140,MAINLAND_PEP_HIGH,rag-v4,S5,pep-high-s5-derivatives,multiple-choice,18,18,pass,none,OK
pep-high-s5-rag4-mc-141,MAINLAND_PEP_HIGH,rag-v4,S5,pep-high-s5-derivatives,multiple-choice,2,2,pass,none,OK
pep-high-s5-rag4-mc-142,MAINLAND_PEP_HIGH,rag-v4,S5,pep-high-s5-derivatives,multiple-choice,9,9,pass,none,OK
pep-high-s5-rag4-mc-143,MAINLAND_PEP_HIGH,rag-v4,S5,pep-high-s5-derivatives,multiple-choice,11,11,pass,none,OK
pep-high-s5-rag4-mc-144,MAINLAND_PEP_HIGH,rag-v4,S5,pep-high-s5-derivatives,multiple-choice,23,23,pass,none,OK
pep-high-s5-rag4-mc-145,MAINLAND_PEP_HIGH,rag-v4,S5,pep-high-s5-derivatives,multiple-choice,3,3,pass,none,OK
pep-high-s5-rag4-mc-146,MAINLAND_PEP_HIGH,rag-v4,S5,pep-high-s5-derivatives,multiple-choice,14,14,pass,none,OK
pep-high-s5-rag4-mc-147,MAINLAND_PEP_HIGH,rag-v4,S5,pep-high-s5-derivatives,multiple-choice,2,2,pass,none,OK
pep-high-s5-rag4-mc-148,MAINLAND_PEP_HIGH,rag-v4,S5,pep-high-s5-derivatives,multiple-choice,28,28,pass,none,OK
pep-high-s5-rag4-mc-149,MAINLAND_PEP_HIGH,rag-v4,S5,pep-high-s5-derivatives,multiple-choice,11,11,pass,none,OK
pep-high-s5-rag4-mc-150,MAINLAND_PEP_HIGH,rag-v4,S5,pep-high-s5-derivatives,multiple-choice,19,19,pass,none,OK
pep-high-s5-rag4-mc-151,MAINLAND_PEP_HIGH,rag-v4,S5,pep-high-s5-derivatives,multiple-choice,3,3,pass,none,OK
pep-high-s5-rag4-mc-152,MAINLAND_PEP_HIGH,rag-v4,S5,pep-high-s5-derivatives,multiple-choice,3,3,pass,none,OK
pep-high-s5-rag4-mc-153,MAINLAND_PEP_HIGH,rag-v4,S5,pep-high-s5-derivatives,multiple-choice,12,12,pass,none,OK
pep-high-s5-rag4-mc-154,MAINLAND_PEP_HIGH,rag-v4,S5,pep-high-s5-derivatives,multiple-choice,24,24,pass,none,OK
pep-high-s5-rag4-mc-155,MAINLAND_PEP_HIGH,rag-v4,S5,pep-high-s5-derivatives,multiple-choice,4,4,pass,none,OK
pep-high-s5-rag4-mc-156,MAINLAND_PEP_HIGH,rag-v4,S5,pep-high-s5-derivatives,multiple-choice,15,15,pass,none,OK
pep-high-s5-rag4-mc-157,MAINLAND_PEP_HIGH,rag-v4,S5,pep-high-s5-derivatives,multiple-choice,3,3,pass,none,OK
pep-high-s5-rag4-mc-158,MAINLAND_PEP_HIGH,rag-v4,S5,pep-high-s5-derivatives,multiple-choice,29,29,pass,none,OK
pep-high-s5-rag4-mc-159,MAINLAND_PEP_HIGH,rag-v4,S5,pep-high-s5-derivatives,multiple-choice,5,5,pass,none,OK
pep-high-s5-rag4-mc-160,MAINLAND_PEP_HIGH,rag-v4,S5,pep-high-s5-derivatives,multiple-choice,20,20,pass,none,OK
pep-high-s5-rag4-mc-161,MAINLAND_PEP_HIGH,rag-v4,S5,pep-high-s5-derivatives,multiple-choice,4,4,pass,none,OK
pep-high-s5-rag4-mc-162,MAINLAND_PEP_HIGH,rag-v4,S5,pep-high-s5-derivatives,multiple-choice,4,4,pass,none,OK
pep-high-s5-rag4-mc-163,MAINLAND_PEP_HIGH,rag-v4,S5,pep-high-s5-derivatives,multiple-choice,13,13,pass,none,OK
pep-high-s5-rag4-mc-164,MAINLAND_PEP_HIGH,rag-v4,S5,pep-high-s5-derivatives,multiple-choice,25,25,pass,none,OK
pep-high-s5-rag4-mc-165,MAINLAND_PEP_HIGH,rag-v4,S5,pep-high-s5-derivatives,multiple-choice,5,5,pass,none,OK
pep-high-s5-rag4-mc-166,MAINLAND_PEP_HIGH,rag-v4,S5,pep-high-s5-derivatives,multiple-choice,9,9,pass,none,OK
pep-high-s5-rag4-mc-167,MAINLAND_PEP_HIGH,rag-v4,S5,pep-high-s5-derivatives,multiple-choice,4,4,pass,none,OK
pep-high-s5-rag4-mc-168,MAINLAND_PEP_HIGH,rag-v4,S5,pep-high-s5-derivatives,multiple-choice,30,30,pass,none,OK
pep-high-s5-rag4-mc-169,MAINLAND_PEP_HIGH,rag-v4,S5,pep-high-s5-derivatives,multiple-choice,6,6,pass,none,OK
pep-high-s5-rag4-mc-170,MAINLAND_PEP_HIGH,rag-v4,S5,pep-high-s5-derivatives,multiple-choice,21,21,pass,none,OK
pep-high-s5-rag4-fi-001,MAINLAND_PEP_HIGH,rag-v4,S5,pep-high-s5-space-vectors,fill-in,43,43,pass,none,OK
pep-high-s5-rag4-fi-002,MAINLAND_PEP_HIGH,rag-v4,S5,pep-high-s5-space-vectors,fill-in,22,22,pass,none,OK
pep-high-s5-rag4-fi-003,MAINLAND_PEP_HIGH,rag-v4,S5,pep-high-s5-space-vectors,fill-in,31,31,pass,none,OK
pep-high-s5-rag4-fi-004,MAINLAND_PEP_HIGH,rag-v4,S5,pep-high-s5-space-vectors,fill-in,49,49,pass,none,OK
pep-high-s5-rag4-fi-005,MAINLAND_PEP_HIGH,rag-v4,S5,pep-high-s5-space-vectors,fill-in,52,52,pass,none,OK
pep-high-s5-rag4-fi-006,MAINLAND_PEP_HIGH,rag-v4,S5,pep-high-s5-space-vectors,fill-in,29,29,pass,none,OK
pep-high-s5-rag4-fi-007,MAINLAND_PEP_HIGH,rag-v4,S5,pep-high-s5-space-vectors,fill-in,36,36,pass,none,OK
pep-high-s5-rag4-fi-008,MAINLAND_PEP_HIGH,rag-v4,S5,pep-high-s5-space-vectors,fill-in,17,17,pass,none,OK
pep-high-s5-rag4-fi-009,MAINLAND_PEP_HIGH,rag-v4,S5,pep-high-s5-space-vectors,fill-in,63,63,pass,none,OK
pep-high-s5-rag4-fi-010,MAINLAND_PEP_HIGH,rag-v4,S5,pep-high-s5-space-vectors,fill-in,38,38,pass,none,OK
pep-high-s5-rag4-fi-011,MAINLAND_PEP_HIGH,rag-v4,S5,pep-high-s5-space-vectors,fill-in,43,43,pass,none,OK
pep-high-s5-rag4-fi-012,MAINLAND_PEP_HIGH,rag-v4,S5,pep-high-s5-space-vectors,fill-in,22,22,pass,none,OK
pep-high-s5-rag4-fi-013,MAINLAND_PEP_HIGH,rag-v4,S5,pep-high-s5-space-vectors,fill-in,31,31,pass,none,OK
pep-high-s5-rag4-fi-014,MAINLAND_PEP_HIGH,rag-v4,S5,pep-high-s5-space-vectors,fill-in,49,49,pass,none,OK
pep-high-s5-rag4-fi-015,MAINLAND_PEP_HIGH,rag-v4,S5,pep-high-s5-space-vectors,fill-in,52,52,pass,none,OK
pep-high-s5-rag4-fi-016,MAINLAND_PEP_HIGH,rag-v4,S5,pep-high-s5-space-vectors,fill-in,29,29,pass,none,OK
pep-high-s5-rag4-fi-017,MAINLAND_PEP_HIGH,rag-v4,S5,pep-high-s5-space-vectors,fill-in,36,36,pass,none,OK
pep-high-s5-rag4-fi-018,MAINLAND_PEP_HIGH,rag-v4,S5,pep-high-s5-space-vectors,fill-in,17,17,pass,none,OK
pep-high-s5-rag4-fi-019,MAINLAND_PEP_HIGH,rag-v4,S5,pep-high-s5-space-vectors,fill-in,63,63,pass,none,OK
pep-high-s5-rag4-fi-020,MAINLAND_PEP_HIGH,rag-v4,S5,pep-high-s5-space-vectors,fill-in,38,38,pass,none,OK
pep-high-s5-rag4-fi-021,MAINLAND_PEP_HIGH,rag-v4,S5,pep-high-s5-space-vectors,fill-in,43,43,pass,none,OK
pep-high-s5-rag4-fi-022,MAINLAND_PEP_HIGH,rag-v4,S5,pep-high-s5-space-vectors,fill-in,22,22,pass,none,OK
pep-high-s5-rag4-fi-023,MAINLAND_PEP_HIGH,rag-v4,S5,pep-high-s5-space-vectors,fill-in,31,31,pass,none,OK
pep-high-s5-rag4-fi-024,MAINLAND_PEP_HIGH,rag-v4,S5,pep-high-s5-space-vectors,fill-in,49,49,pass,none,OK
pep-high-s5-rag4-fi-025,MAINLAND_PEP_HIGH,rag-v4,S5,pep-high-s5-space-vectors,fill-in,52,52,pass,none,OK
pep-high-s5-rag4-fi-026,MAINLAND_PEP_HIGH,rag-v4,S5,pep-high-s5-space-vectors,fill-in,29,29,pass,none,OK
pep-high-s5-rag4-fi-027,MAINLAND_PEP_HIGH,rag-v4,S5,pep-high-s5-space-vectors,fill-in,36,36,pass,none,OK
pep-high-s5-rag4-fi-028,MAINLAND_PEP_HIGH,rag-v4,S5,pep-high-s5-space-vectors,fill-in,17,17,pass,none,OK
pep-high-s5-rag4-fi-029,MAINLAND_PEP_HIGH,rag-v4,S5,pep-high-s5-space-vectors,fill-in,63,63,pass,none,OK
pep-high-s5-rag4-fi-030,MAINLAND_PEP_HIGH,rag-v4,S5,pep-high-s5-space-vectors,fill-in,38,38,pass,none,OK
pep-high-s5-rag4-fi-031,MAINLAND_PEP_HIGH,rag-v4,S5,pep-high-s5-space-vectors,fill-in,43,43,pass,none,OK
pep-high-s5-rag4-fi-032,MAINLAND_PEP_HIGH,rag-v4,S5,pep-high-s5-space-vectors,fill-in,22,22,pass,none,OK
pep-high-s5-rag4-fi-033,MAINLAND_PEP_HIGH,rag-v4,S5,pep-high-s5-space-vectors,fill-in,31,31,pass,none,OK
pep-high-s5-rag4-fi-034,MAINLAND_PEP_HIGH,rag-v4,S5,pep-high-s5-lines-circles,fill-in,7,7,pass,none,OK
pep-high-s5-rag4-fi-035,MAINLAND_PEP_HIGH,rag-v4,S5,pep-high-s5-lines-circles,fill-in,7,7,pass,none,OK
pep-high-s5-rag4-fi-036,MAINLAND_PEP_HIGH,rag-v4,S5,pep-high-s5-lines-circles,fill-in,7,7,pass,none,OK
pep-high-s5-rag4-fi-037,MAINLAND_PEP_HIGH,rag-v4,S5,pep-high-s5-lines-circles,fill-in,7,7,pass,none,OK
pep-high-s5-rag4-fi-038,MAINLAND_PEP_HIGH,rag-v4,S5,pep-high-s5-lines-circles,fill-in,7,7,pass,none,OK
pep-high-s5-rag4-fi-039,MAINLAND_PEP_HIGH,rag-v4,S5,pep-high-s5-lines-circles,fill-in,7,7,pass,none,OK
pep-high-s5-rag4-fi-040,MAINLAND_PEP_HIGH,rag-v4,S5,pep-high-s5-lines-circles,fill-in,7,7,pass,none,OK
pep-high-s5-rag4-fi-041,MAINLAND_PEP_HIGH,rag-v4,S5,pep-high-s5-lines-circles,fill-in,7,7,pass,none,OK
pep-high-s5-rag4-fi-042,MAINLAND_PEP_HIGH,rag-v4,S5,pep-high-s5-lines-circles,fill-in,7,7,pass,none,OK
pep-high-s5-rag4-fi-043,MAINLAND_PEP_HIGH,rag-v4,S5,pep-high-s5-lines-circles,fill-in,7,7,pass,none,OK
pep-high-s5-rag4-fi-044,MAINLAND_PEP_HIGH,rag-v4,S5,pep-high-s5-lines-circles,fill-in,7,7,pass,none,OK
pep-high-s5-rag4-fi-045,MAINLAND_PEP_HIGH,rag-v4,S5,pep-high-s5-lines-circles,fill-in,7,7,pass,none,OK
pep-high-s5-rag4-fi-046,MAINLAND_PEP_HIGH,rag-v4,S5,pep-high-s5-lines-circles,fill-in,7,7,pass,none,OK
pep-high-s5-rag4-fi-047,MAINLAND_PEP_HIGH,rag-v4,S5,pep-high-s5-lines-circles,fill-in,7,7,pass,none,OK
pep-high-s5-rag4-fi-048,MAINLAND_PEP_HIGH,rag-v4,S5,pep-high-s5-lines-circles,fill-in,7,7,pass,none,OK
pep-high-s5-rag4-fi-049,MAINLAND_PEP_HIGH,rag-v4,S5,pep-high-s5-lines-circles,fill-in,7,7,pass,none,OK
pep-high-s5-rag4-fi-050,MAINLAND_PEP_HIGH,rag-v4,S5,pep-high-s5-lines-circles,fill-in,7,7,pass,none,OK
pep-high-s5-rag4-fi-051,MAINLAND_PEP_HIGH,rag-v4,S5,pep-high-s5-lines-circles,fill-in,7,7,pass,none,OK
pep-high-s5-rag4-fi-052,MAINLAND_PEP_HIGH,rag-v4,S5,pep-high-s5-lines-circles,fill-in,7,7,pass,none,OK
pep-high-s5-rag4-fi-053,MAINLAND_PEP_HIGH,rag-v4,S5,pep-high-s5-lines-circles,fill-in,7,7,pass,none,OK
pep-high-s5-rag4-fi-054,MAINLAND_PEP_HIGH,rag-v4,S5,pep-high-s5-lines-circles,fill-in,7,7,pass,none,OK
pep-high-s5-rag4-fi-055,MAINLAND_PEP_HIGH,rag-v4,S5,pep-high-s5-lines-circles,fill-in,7,7,pass,none,OK
pep-high-s5-rag4-fi-056,MAINLAND_PEP_HIGH,rag-v4,S5,pep-high-s5-lines-circles,fill-in,7,7,pass,none,OK
pep-high-s5-rag4-fi-057,MAINLAND_PEP_HIGH,rag-v4,S5,pep-high-s5-lines-circles,fill-in,7,7,pass,none,OK
pep-high-s5-rag4-fi-058,MAINLAND_PEP_HIGH,rag-v4,S5,pep-high-s5-lines-circles,fill-in,7,7,pass,none,OK
pep-high-s5-rag4-fi-059,MAINLAND_PEP_HIGH,rag-v4,S5,pep-high-s5-lines-circles,fill-in,7,7,pass,none,OK
pep-high-s5-rag4-fi-060,MAINLAND_PEP_HIGH,rag-v4,S5,pep-high-s5-lines-circles,fill-in,7,7,pass,none,OK
pep-high-s5-rag4-fi-061,MAINLAND_PEP_HIGH,rag-v4,S5,pep-high-s5-lines-circles,fill-in,7,7,pass,none,OK
pep-high-s5-rag4-fi-062,MAINLAND_PEP_HIGH,rag-v4,S5,pep-high-s5-lines-circles,fill-in,7,7,pass,none,OK
pep-high-s5-rag4-fi-063,MAINLAND_PEP_HIGH,rag-v4,S5,pep-high-s5-lines-circles,fill-in,7,7,pass,none,OK
pep-high-s5-rag4-fi-064,MAINLAND_PEP_HIGH,rag-v4,S5,pep-high-s5-lines-circles,fill-in,7,7,pass,none,OK
pep-high-s5-rag4-fi-065,MAINLAND_PEP_HIGH,rag-v4,S5,pep-high-s5-lines-circles,fill-in,7,7,pass,none,OK
pep-high-s5-rag4-fi-066,MAINLAND_PEP_HIGH,rag-v4,S5,pep-high-s5-lines-circles,fill-in,7,7,pass,none,OK
pep-high-s5-rag4-fi-067,MAINLAND_PEP_HIGH,rag-v4,S5,pep-high-s5-conics,fill-in,9,9,pass,none,OK
pep-high-s5-rag4-fi-068,MAINLAND_PEP_HIGH,rag-v4,S5,pep-high-s5-conics,fill-in,0,0,pass,none,OK
pep-high-s5-rag4-fi-069,MAINLAND_PEP_HIGH,rag-v4,S5,pep-high-s5-conics,fill-in,48,48,pass,none,OK
pep-high-s5-rag4-fi-070,MAINLAND_PEP_HIGH,rag-v4,S5,pep-high-s5-conics,fill-in,33,33,pass,none,OK
pep-high-s5-rag4-fi-071,MAINLAND_PEP_HIGH,rag-v4,S5,pep-high-s5-conics,fill-in,20,20,pass,none,OK
pep-high-s5-rag4-fi-072,MAINLAND_PEP_HIGH,rag-v4,S5,pep-high-s5-conics,fill-in,9,9,pass,none,OK
pep-high-s5-rag4-fi-073,MAINLAND_PEP_HIGH,rag-v4,S5,pep-high-s5-conics,fill-in,0,0,pass,none,OK
pep-high-s5-rag4-fi-074,MAINLAND_PEP_HIGH,rag-v4,S5,pep-high-s5-conics,fill-in,48,48,pass,none,OK
pep-high-s5-rag4-fi-075,MAINLAND_PEP_HIGH,rag-v4,S5,pep-high-s5-conics,fill-in,33,33,pass,none,OK
pep-high-s5-rag4-fi-076,MAINLAND_PEP_HIGH,rag-v4,S5,pep-high-s5-conics,fill-in,20,20,pass,none,OK
pep-high-s5-rag4-fi-077,MAINLAND_PEP_HIGH,rag-v4,S5,pep-high-s5-conics,fill-in,9,9,pass,none,OK
pep-high-s5-rag4-fi-078,MAINLAND_PEP_HIGH,rag-v4,S5,pep-high-s5-conics,fill-in,0,0,pass,none,OK
pep-high-s5-rag4-fi-079,MAINLAND_PEP_HIGH,rag-v4,S5,pep-high-s5-conics,fill-in,48,48,pass,none,OK
pep-high-s5-rag4-fi-080,MAINLAND_PEP_HIGH,rag-v4,S5,pep-high-s5-conics,fill-in,33,33,pass,none,OK
pep-high-s5-rag4-fi-081,MAINLAND_PEP_HIGH,rag-v4,S5,pep-high-s5-conics,fill-in,20,20,pass,none,OK
pep-high-s5-rag4-fi-082,MAINLAND_PEP_HIGH,rag-v4,S5,pep-high-s5-conics,fill-in,9,9,pass,none,OK
pep-high-s5-rag4-fi-083,MAINLAND_PEP_HIGH,rag-v4,S5,pep-high-s5-conics,fill-in,0,0,pass,none,OK
pep-high-s5-rag4-fi-084,MAINLAND_PEP_HIGH,rag-v4,S5,pep-high-s5-conics,fill-in,48,48,pass,none,OK
pep-high-s5-rag4-fi-085,MAINLAND_PEP_HIGH,rag-v4,S5,pep-high-s5-conics,fill-in,33,33,pass,none,OK
pep-high-s5-rag4-fi-086,MAINLAND_PEP_HIGH,rag-v4,S5,pep-high-s5-conics,fill-in,20,20,pass,none,OK
pep-high-s5-rag4-fi-087,MAINLAND_PEP_HIGH,rag-v4,S5,pep-high-s5-conics,fill-in,9,9,pass,none,OK
pep-high-s5-rag4-fi-088,MAINLAND_PEP_HIGH,rag-v4,S5,pep-high-s5-conics,fill-in,0,0,pass,none,OK
pep-high-s5-rag4-fi-089,MAINLAND_PEP_HIGH,rag-v4,S5,pep-high-s5-conics,fill-in,48,48,pass,none,OK
pep-high-s5-rag4-fi-090,MAINLAND_PEP_HIGH,rag-v4,S5,pep-high-s5-conics,fill-in,33,33,pass,none,OK
pep-high-s5-rag4-fi-091,MAINLAND_PEP_HIGH,rag-v4,S5,pep-high-s5-conics,fill-in,20,20,pass,none,OK
pep-high-s5-rag4-fi-092,MAINLAND_PEP_HIGH,rag-v4,S5,pep-high-s5-conics,fill-in,9,9,pass,none,OK
pep-high-s5-rag4-fi-093,MAINLAND_PEP_HIGH,rag-v4,S5,pep-high-s5-conics,fill-in,0,0,pass,none,OK
pep-high-s5-rag4-fi-094,MAINLAND_PEP_HIGH,rag-v4,S5,pep-high-s5-conics,fill-in,48,48,pass,none,OK
pep-high-s5-rag4-fi-095,MAINLAND_PEP_HIGH,rag-v4,S5,pep-high-s5-conics,fill-in,33,33,pass,none,OK
pep-high-s5-rag4-fi-096,MAINLAND_PEP_HIGH,rag-v4,S5,pep-high-s5-conics,fill-in,20,20,pass,none,OK
pep-high-s5-rag4-fi-097,MAINLAND_PEP_HIGH,rag-v4,S5,pep-high-s5-conics,fill-in,9,9,pass,none,OK
pep-high-s5-rag4-fi-098,MAINLAND_PEP_HIGH,rag-v4,S5,pep-high-s5-conics,fill-in,0,0,pass,none,OK
pep-high-s5-rag4-fi-099,MAINLAND_PEP_HIGH,rag-v4,S5,pep-high-s5-conics,fill-in,48,48,pass,none,OK
pep-high-s5-rag4-fi-100,MAINLAND_PEP_HIGH,rag-v4,S5,pep-high-s5-sequences,fill-in,14,14,pass,none,OK
pep-high-s5-rag4-fi-101,MAINLAND_PEP_HIGH,rag-v4,S5,pep-high-s5-sequences,fill-in,11,11,pass,none,OK
pep-high-s5-rag4-fi-102,MAINLAND_PEP_HIGH,rag-v4,S5,pep-high-s5-sequences,fill-in,8,8,pass,none,OK
pep-high-s5-rag4-fi-103,MAINLAND_PEP_HIGH,rag-v4,S5,pep-high-s5-sequences,fill-in,13,13,pass,none,OK
pep-high-s5-rag4-fi-104,MAINLAND_PEP_HIGH,rag-v4,S5,pep-high-s5-sequences,fill-in,10,10,pass,none,OK
pep-high-s5-rag4-fi-105,MAINLAND_PEP_HIGH,rag-v4,S5,pep-high-s5-sequences,fill-in,12,12,pass,none,OK
pep-high-s5-rag4-fi-106,MAINLAND_PEP_HIGH,rag-v4,S5,pep-high-s5-sequences,fill-in,9,9,pass,none,OK
pep-high-s5-rag4-fi-107,MAINLAND_PEP_HIGH,rag-v4,S5,pep-high-s5-sequences,fill-in,14,14,pass,none,OK
pep-high-s5-rag4-fi-108,MAINLAND_PEP_HIGH,rag-v4,S5,pep-high-s5-sequences,fill-in,11,11,pass,none,OK
pep-high-s5-rag4-fi-109,MAINLAND_PEP_HIGH,rag-v4,S5,pep-high-s5-sequences,fill-in,8,8,pass,none,OK
pep-high-s5-rag4-fi-110,MAINLAND_PEP_HIGH,rag-v4,S5,pep-high-s5-sequences,fill-in,10,10,pass,none,OK
pep-high-s5-rag4-fi-111,MAINLAND_PEP_HIGH,rag-v4,S5,pep-high-s5-sequences,fill-in,15,15,pass,none,OK
pep-high-s5-rag4-fi-112,MAINLAND_PEP_HIGH,rag-v4,S5,pep-high-s5-sequences,fill-in,12,12,pass,none,OK
pep-high-s5-rag4-fi-113,MAINLAND_PEP_HIGH,rag-v4,S5,pep-high-s5-sequences,fill-in,9,9,pass,none,OK
pep-high-s5-rag4-fi-114,MAINLAND_PEP_HIGH,rag-v4,S5,pep-high-s5-sequences,fill-in,6,6,pass,none,OK
pep-high-s5-rag4-fi-115,MAINLAND_PEP_HIGH,rag-v4,S5,pep-high-s5-sequences,fill-in,16,16,pass,none,OK
pep-high-s5-rag4-fi-116,MAINLAND_PEP_HIGH,rag-v4,S5,pep-high-s5-sequences,fill-in,13,13,pass,none,OK
pep-high-s5-rag4-fi-117,MAINLAND_PEP_HIGH,rag-v4,S5,pep-high-s5-sequences,fill-in,10,10,pass,none,OK
pep-high-s5-rag4-fi-118,MAINLAND_PEP_HIGH,rag-v4,S5,pep-high-s5-sequences,fill-in,7,7,pass,none,OK
pep-high-s5-rag4-fi-119,MAINLAND_PEP_HIGH,rag-v4,S5,pep-high-s5-sequences,fill-in,12,12,pass,none,OK
pep-high-s5-rag4-fi-120,MAINLAND_PEP_HIGH,rag-v4,S5,pep-high-s5-sequences,fill-in,14,14,pass,none,OK
pep-high-s5-rag4-fi-121,MAINLAND_PEP_HIGH,rag-v4,S5,pep-high-s5-sequences,fill-in,11,11,pass,none,OK
pep-high-s5-rag4-fi-122,MAINLAND_PEP_HIGH,rag-v4,S5,pep-high-s5-sequences,fill-in,8,8,pass,none,OK
pep-high-s5-rag4-fi-123,MAINLAND_PEP_HIGH,rag-v4,S5,pep-high-s5-sequences,fill-in,13,13,pass,none,OK
pep-high-s5-rag4-fi-124,MAINLAND_PEP_HIGH,rag-v4,S5,pep-high-s5-sequences,fill-in,10,10,pass,none,OK
pep-high-s5-rag4-fi-125,MAINLAND_PEP_HIGH,rag-v4,S5,pep-high-s5-sequences,fill-in,12,12,pass,none,OK
pep-high-s5-rag4-fi-126,MAINLAND_PEP_HIGH,rag-v4,S5,pep-high-s5-sequences,fill-in,9,9,pass,none,OK
pep-high-s5-rag4-fi-127,MAINLAND_PEP_HIGH,rag-v4,S5,pep-high-s5-sequences,fill-in,14,14,pass,none,OK
pep-high-s5-rag4-fi-128,MAINLAND_PEP_HIGH,rag-v4,S5,pep-high-s5-sequences,fill-in,11,11,pass,none,OK
pep-high-s5-rag4-fi-129,MAINLAND_PEP_HIGH,rag-v4,S5,pep-high-s5-sequences,fill-in,8,8,pass,none,OK
pep-high-s5-rag4-fi-130,MAINLAND_PEP_HIGH,rag-v4,S5,pep-high-s5-sequences,fill-in,10,10,pass,none,OK
pep-high-s5-rag4-fi-131,MAINLAND_PEP_HIGH,rag-v4,S5,pep-high-s5-sequences,fill-in,15,15,pass,none,OK
pep-high-s5-rag4-fi-132,MAINLAND_PEP_HIGH,rag-v4,S5,pep-high-s5-sequences,fill-in,12,12,pass,none,OK
pep-high-s5-rag4-fi-133,MAINLAND_PEP_HIGH,rag-v4,S5,pep-high-s5-derivatives,fill-in,5,5,pass,none,OK
pep-high-s5-rag4-fi-134,MAINLAND_PEP_HIGH,rag-v4,S5,pep-high-s5-derivatives,fill-in,5,5,pass,none,OK
pep-high-s5-rag4-fi-135,MAINLAND_PEP_HIGH,rag-v4,S5,pep-high-s5-derivatives,fill-in,7,7,pass,none,OK
pep-high-s5-rag4-fi-136,MAINLAND_PEP_HIGH,rag-v4,S5,pep-high-s5-derivatives,fill-in,26,26,pass,none,OK
pep-high-s5-rag4-fi-137,MAINLAND_PEP_HIGH,rag-v4,S5,pep-high-s5-derivatives,fill-in,6,6,pass,none,OK
pep-high-s5-rag4-fi-138,MAINLAND_PEP_HIGH,rag-v4,S5,pep-high-s5-derivatives,fill-in,10,10,pass,none,OK
pep-high-s5-rag4-fi-139,MAINLAND_PEP_HIGH,rag-v4,S5,pep-high-s5-derivatives,fill-in,5,5,pass,none,OK
pep-high-s5-rag4-fi-140,MAINLAND_PEP_HIGH,rag-v4,S5,pep-high-s5-derivatives,fill-in,31,31,pass,none,OK
pep-high-s5-rag4-fi-141,MAINLAND_PEP_HIGH,rag-v4,S5,pep-high-s5-derivatives,fill-in,7,7,pass,none,OK
pep-high-s5-rag4-fi-142,MAINLAND_PEP_HIGH,rag-v4,S5,pep-high-s5-derivatives,fill-in,15,15,pass,none,OK
pep-high-s5-rag4-fi-143,MAINLAND_PEP_HIGH,rag-v4,S5,pep-high-s5-derivatives,fill-in,6,6,pass,none,OK
pep-high-s5-rag4-fi-144,MAINLAND_PEP_HIGH,rag-v4,S5,pep-high-s5-derivatives,fill-in,6,6,pass,none,OK
pep-high-s5-rag4-fi-145,MAINLAND_PEP_HIGH,rag-v4,S5,pep-high-s5-derivatives,fill-in,8,8,pass,none,OK
pep-high-s5-rag4-fi-146,MAINLAND_PEP_HIGH,rag-v4,S5,pep-high-s5-derivatives,fill-in,27,27,pass,none,OK
pep-high-s5-rag4-fi-147,MAINLAND_PEP_HIGH,rag-v4,S5,pep-high-s5-derivatives,fill-in,7,7,pass,none,OK
pep-high-s5-rag4-fi-148,MAINLAND_PEP_HIGH,rag-v4,S5,pep-high-s5-derivatives,fill-in,11,11,pass,none,OK
pep-high-s5-rag4-fi-149,MAINLAND_PEP_HIGH,rag-v4,S5,pep-high-s5-derivatives,fill-in,-1,-1,pass,none,OK
pep-high-s5-rag4-fi-150,MAINLAND_PEP_HIGH,rag-v4,S5,pep-high-s5-derivatives,fill-in,32,32,pass,none,OK
pep-high-s5-rag4-fi-151,MAINLAND_PEP_HIGH,rag-v4,S5,pep-high-s5-derivatives,fill-in,8,8,pass,none,OK
pep-high-s5-rag4-fi-152,MAINLAND_PEP_HIGH,rag-v4,S5,pep-high-s5-derivatives,fill-in,16,16,pass,none,OK
pep-high-s5-rag4-fi-153,MAINLAND_PEP_HIGH,rag-v4,S5,pep-high-s5-derivatives,fill-in,7,7,pass,none,OK
pep-high-s5-rag4-fi-154,MAINLAND_PEP_HIGH,rag-v4,S5,pep-high-s5-derivatives,fill-in,7,7,pass,none,OK
pep-high-s5-rag4-fi-155,MAINLAND_PEP_HIGH,rag-v4,S5,pep-high-s5-derivatives,fill-in,9,9,pass,none,OK
pep-high-s5-rag4-fi-156,MAINLAND_PEP_HIGH,rag-v4,S5,pep-high-s5-derivatives,fill-in,21,21,pass,none,OK
pep-high-s5-rag4-fi-157,MAINLAND_PEP_HIGH,rag-v4,S5,pep-high-s5-derivatives,fill-in,8,8,pass,none,OK
pep-high-s5-rag4-fi-158,MAINLAND_PEP_HIGH,rag-v4,S5,pep-high-s5-derivatives,fill-in,12,12,pass,none,OK
pep-high-s5-rag4-fi-159,MAINLAND_PEP_HIGH,rag-v4,S5,pep-high-s5-derivatives,fill-in,0,0,pass,none,OK
pep-high-s5-rag4-fi-160,MAINLAND_PEP_HIGH,rag-v4,S5,pep-high-s5-derivatives,fill-in,33,33,pass,none,OK
pep-high-s5-rag4-fi-161,MAINLAND_PEP_HIGH,rag-v4,S5,pep-high-s5-derivatives,fill-in,9,9,pass,none,OK
pep-high-s5-rag4-fi-162,MAINLAND_PEP_HIGH,rag-v4,S5,pep-high-s5-derivatives,fill-in,17,17,pass,none,OK
pep-high-s5-rag4-fi-163,MAINLAND_PEP_HIGH,rag-v4,S5,pep-high-s5-derivatives,fill-in,1,1,pass,none,OK
pep-high-s5-rag4-fi-164,MAINLAND_PEP_HIGH,rag-v4,S5,pep-high-s5-derivatives,fill-in,8,8,pass,none,OK
pep-high-s5-rag4-fi-165,MAINLAND_PEP_HIGH,rag-v4,S5,pep-high-s5-derivatives,fill-in,10,10,pass,none,OK
pep-high-s5-rag4-sa-001,MAINLAND_PEP_HIGH,rag-v4,S5,pep-high-s5-space-vectors,short-answer,29,29,pass,none,OK
pep-high-s5-rag4-sa-002,MAINLAND_PEP_HIGH,rag-v4,S5,pep-high-s5-space-vectors,short-answer,12,12,pass,none,OK
pep-high-s5-rag4-sa-003,MAINLAND_PEP_HIGH,rag-v4,S5,pep-high-s5-space-vectors,short-answer,21,21,pass,none,OK
pep-high-s5-rag4-sa-004,MAINLAND_PEP_HIGH,rag-v4,S5,pep-high-s5-space-vectors,short-answer,33,33,pass,none,OK
pep-high-s5-rag4-sa-005,MAINLAND_PEP_HIGH,rag-v4,S5,pep-high-s5-space-vectors,short-answer,36,36,pass,none,OK
pep-high-s5-rag4-sa-006,MAINLAND_PEP_HIGH,rag-v4,S5,pep-high-s5-space-vectors,short-answer,17,17,pass,none,OK
pep-high-s5-rag4-sa-007,MAINLAND_PEP_HIGH,rag-v4,S5,pep-high-s5-space-vectors,short-answer,24,24,pass,none,OK
pep-high-s5-rag4-sa-008,MAINLAND_PEP_HIGH,rag-v4,S5,pep-high-s5-space-vectors,short-answer,9,9,pass,none,OK
pep-high-s5-rag4-sa-009,MAINLAND_PEP_HIGH,rag-v4,S5,pep-high-s5-space-vectors,short-answer,45,45,pass,none,OK
pep-high-s5-rag4-sa-010,MAINLAND_PEP_HIGH,rag-v4,S5,pep-high-s5-space-vectors,short-answer,24,24,pass,none,OK
pep-high-s5-rag4-sa-011,MAINLAND_PEP_HIGH,rag-v4,S5,pep-high-s5-space-vectors,short-answer,29,29,pass,none,OK
pep-high-s5-rag4-sa-012,MAINLAND_PEP_HIGH,rag-v4,S5,pep-high-s5-space-vectors,short-answer,12,12,pass,none,OK
pep-high-s5-rag4-sa-013,MAINLAND_PEP_HIGH,rag-v4,S5,pep-high-s5-space-vectors,short-answer,21,21,pass,none,OK
pep-high-s5-rag4-sa-014,MAINLAND_PEP_HIGH,rag-v4,S5,pep-high-s5-space-vectors,short-answer,33,33,pass,none,OK
pep-high-s5-rag4-sa-015,MAINLAND_PEP_HIGH,rag-v4,S5,pep-high-s5-space-vectors,short-answer,36,36,pass,none,OK
pep-high-s5-rag4-sa-016,MAINLAND_PEP_HIGH,rag-v4,S5,pep-high-s5-space-vectors,short-answer,17,17,pass,none,OK
pep-high-s5-rag4-sa-017,MAINLAND_PEP_HIGH,rag-v4,S5,pep-high-s5-space-vectors,short-answer,24,24,pass,none,OK
pep-high-s5-rag4-sa-018,MAINLAND_PEP_HIGH,rag-v4,S5,pep-high-s5-space-vectors,short-answer,9,9,pass,none,OK
pep-high-s5-rag4-sa-019,MAINLAND_PEP_HIGH,rag-v4,S5,pep-high-s5-space-vectors,short-answer,45,45,pass,none,OK
pep-high-s5-rag4-sa-020,MAINLAND_PEP_HIGH,rag-v4,S5,pep-high-s5-space-vectors,short-answer,24,24,pass,none,OK
pep-high-s5-rag4-sa-021,MAINLAND_PEP_HIGH,rag-v4,S5,pep-high-s5-space-vectors,short-answer,29,29,pass,none,OK
pep-high-s5-rag4-sa-022,MAINLAND_PEP_HIGH,rag-v4,S5,pep-high-s5-space-vectors,short-answer,12,12,pass,none,OK
pep-high-s5-rag4-sa-023,MAINLAND_PEP_HIGH,rag-v4,S5,pep-high-s5-space-vectors,short-answer,21,21,pass,none,OK
pep-high-s5-rag4-sa-024,MAINLAND_PEP_HIGH,rag-v4,S5,pep-high-s5-space-vectors,short-answer,33,33,pass,none,OK
pep-high-s5-rag4-sa-025,MAINLAND_PEP_HIGH,rag-v4,S5,pep-high-s5-space-vectors,short-answer,36,36,pass,none,OK
pep-high-s5-rag4-sa-026,MAINLAND_PEP_HIGH,rag-v4,S5,pep-high-s5-space-vectors,short-answer,17,17,pass,none,OK
pep-high-s5-rag4-sa-027,MAINLAND_PEP_HIGH,rag-v4,S5,pep-high-s5-space-vectors,short-answer,24,24,pass,none,OK
pep-high-s5-rag4-sa-028,MAINLAND_PEP_HIGH,rag-v4,S5,pep-high-s5-space-vectors,short-answer,9,9,pass,none,OK
pep-high-s5-rag4-sa-029,MAINLAND_PEP_HIGH,rag-v4,S5,pep-high-s5-space-vectors,short-answer,45,45,pass,none,OK
pep-high-s5-rag4-sa-030,MAINLAND_PEP_HIGH,rag-v4,S5,pep-high-s5-space-vectors,short-answer,24,24,pass,none,OK
pep-high-s5-rag4-sa-031,MAINLAND_PEP_HIGH,rag-v4,S5,pep-high-s5-space-vectors,short-answer,29,29,pass,none,OK
pep-high-s5-rag4-sa-032,MAINLAND_PEP_HIGH,rag-v4,S5,pep-high-s5-space-vectors,short-answer,12,12,pass,none,OK
pep-high-s5-rag4-sa-033,MAINLAND_PEP_HIGH,rag-v4,S5,pep-high-s5-space-vectors,short-answer,21,21,pass,none,OK
pep-high-s5-rag4-sa-034,MAINLAND_PEP_HIGH,rag-v4,S5,pep-high-s5-lines-circles,short-answer,49,49,pass,none,OK
pep-high-s5-rag4-sa-035,MAINLAND_PEP_HIGH,rag-v4,S5,pep-high-s5-lines-circles,short-answer,49,49,pass,none,OK
pep-high-s5-rag4-sa-036,MAINLAND_PEP_HIGH,rag-v4,S5,pep-high-s5-lines-circles,short-answer,49,49,pass,none,OK
pep-high-s5-rag4-sa-037,MAINLAND_PEP_HIGH,rag-v4,S5,pep-high-s5-lines-circles,short-answer,49,49,pass,none,OK
pep-high-s5-rag4-sa-038,MAINLAND_PEP_HIGH,rag-v4,S5,pep-high-s5-lines-circles,short-answer,49,49,pass,none,OK
pep-high-s5-rag4-sa-039,MAINLAND_PEP_HIGH,rag-v4,S5,pep-high-s5-lines-circles,short-answer,49,49,pass,none,OK
pep-high-s5-rag4-sa-040,MAINLAND_PEP_HIGH,rag-v4,S5,pep-high-s5-lines-circles,short-answer,49,49,pass,none,OK
pep-high-s5-rag4-sa-041,MAINLAND_PEP_HIGH,rag-v4,S5,pep-high-s5-lines-circles,short-answer,49,49,pass,none,OK
pep-high-s5-rag4-sa-042,MAINLAND_PEP_HIGH,rag-v4,S5,pep-high-s5-lines-circles,short-answer,49,49,pass,none,OK
pep-high-s5-rag4-sa-043,MAINLAND_PEP_HIGH,rag-v4,S5,pep-high-s5-lines-circles,short-answer,49,49,pass,none,OK
pep-high-s5-rag4-sa-044,MAINLAND_PEP_HIGH,rag-v4,S5,pep-high-s5-lines-circles,short-answer,49,49,pass,none,OK
pep-high-s5-rag4-sa-045,MAINLAND_PEP_HIGH,rag-v4,S5,pep-high-s5-lines-circles,short-answer,49,49,pass,none,OK
pep-high-s5-rag4-sa-046,MAINLAND_PEP_HIGH,rag-v4,S5,pep-high-s5-lines-circles,short-answer,49,49,pass,none,OK
pep-high-s5-rag4-sa-047,MAINLAND_PEP_HIGH,rag-v4,S5,pep-high-s5-lines-circles,short-answer,49,49,pass,none,OK
pep-high-s5-rag4-sa-048,MAINLAND_PEP_HIGH,rag-v4,S5,pep-high-s5-lines-circles,short-answer,49,49,pass,none,OK
pep-high-s5-rag4-sa-049,MAINLAND_PEP_HIGH,rag-v4,S5,pep-high-s5-lines-circles,short-answer,49,49,pass,none,OK
pep-high-s5-rag4-sa-050,MAINLAND_PEP_HIGH,rag-v4,S5,pep-high-s5-lines-circles,short-answer,49,49,pass,none,OK
pep-high-s5-rag4-sa-051,MAINLAND_PEP_HIGH,rag-v4,S5,pep-high-s5-lines-circles,short-answer,49,49,pass,none,OK
pep-high-s5-rag4-sa-052,MAINLAND_PEP_HIGH,rag-v4,S5,pep-high-s5-lines-circles,short-answer,49,49,pass,none,OK
pep-high-s5-rag4-sa-053,MAINLAND_PEP_HIGH,rag-v4,S5,pep-high-s5-lines-circles,short-answer,49,49,pass,none,OK
pep-high-s5-rag4-sa-054,MAINLAND_PEP_HIGH,rag-v4,S5,pep-high-s5-lines-circles,short-answer,49,49,pass,none,OK
pep-high-s5-rag4-sa-055,MAINLAND_PEP_HIGH,rag-v4,S5,pep-high-s5-lines-circles,short-answer,49,49,pass,none,OK
pep-high-s5-rag4-sa-056,MAINLAND_PEP_HIGH,rag-v4,S5,pep-high-s5-lines-circles,short-answer,49,49,pass,none,OK
pep-high-s5-rag4-sa-057,MAINLAND_PEP_HIGH,rag-v4,S5,pep-high-s5-lines-circles,short-answer,49,49,pass,none,OK
pep-high-s5-rag4-sa-058,MAINLAND_PEP_HIGH,rag-v4,S5,pep-high-s5-lines-circles,short-answer,49,49,pass,none,OK
pep-high-s5-rag4-sa-059,MAINLAND_PEP_HIGH,rag-v4,S5,pep-high-s5-lines-circles,short-answer,49,49,pass,none,OK
pep-high-s5-rag4-sa-060,MAINLAND_PEP_HIGH,rag-v4,S5,pep-high-s5-lines-circles,short-answer,49,49,pass,none,OK
pep-high-s5-rag4-sa-061,MAINLAND_PEP_HIGH,rag-v4,S5,pep-high-s5-lines-circles,short-answer,49,49,pass,none,OK
pep-high-s5-rag4-sa-062,MAINLAND_PEP_HIGH,rag-v4,S5,pep-high-s5-lines-circles,short-answer,49,49,pass,none,OK
pep-high-s5-rag4-sa-063,MAINLAND_PEP_HIGH,rag-v4,S5,pep-high-s5-lines-circles,short-answer,49,49,pass,none,OK
pep-high-s5-rag4-sa-064,MAINLAND_PEP_HIGH,rag-v4,S5,pep-high-s5-lines-circles,short-answer,49,49,pass,none,OK
pep-high-s5-rag4-sa-065,MAINLAND_PEP_HIGH,rag-v4,S5,pep-high-s5-lines-circles,short-answer,49,49,pass,none,OK
pep-high-s5-rag4-sa-066,MAINLAND_PEP_HIGH,rag-v4,S5,pep-high-s5-lines-circles,short-answer,49,49,pass,none,OK
pep-high-s5-rag4-sa-067,MAINLAND_PEP_HIGH,rag-v4,S5,pep-high-s5-conics,short-answer,4,4,pass,none,OK
pep-high-s5-rag4-sa-068,MAINLAND_PEP_HIGH,rag-v4,S5,pep-high-s5-conics,short-answer,4,4,pass,none,OK
pep-high-s5-rag4-sa-069,MAINLAND_PEP_HIGH,rag-v4,S5,pep-high-s5-conics,short-answer,4,4,pass,none,OK
pep-high-s5-rag4-sa-070,MAINLAND_PEP_HIGH,rag-v4,S5,pep-high-s5-conics,short-answer,4,4,pass,none,OK
pep-high-s5-rag4-sa-071,MAINLAND_PEP_HIGH,rag-v4,S5,pep-high-s5-conics,short-answer,4,4,pass,none,OK
pep-high-s5-rag4-sa-072,MAINLAND_PEP_HIGH,rag-v4,S5,pep-high-s5-conics,short-answer,4,4,pass,none,OK
pep-high-s5-rag4-sa-073,MAINLAND_PEP_HIGH,rag-v4,S5,pep-high-s5-conics,short-answer,4,4,pass,none,OK
pep-high-s5-rag4-sa-074,MAINLAND_PEP_HIGH,rag-v4,S5,pep-high-s5-conics,short-answer,4,4,pass,none,OK
pep-high-s5-rag4-sa-075,MAINLAND_PEP_HIGH,rag-v4,S5,pep-high-s5-conics,short-answer,4,4,pass,none,OK
pep-high-s5-rag4-sa-076,MAINLAND_PEP_HIGH,rag-v4,S5,pep-high-s5-conics,short-answer,4,4,pass,none,OK
pep-high-s5-rag4-sa-077,MAINLAND_PEP_HIGH,rag-v4,S5,pep-high-s5-conics,short-answer,4,4,pass,none,OK
pep-high-s5-rag4-sa-078,MAINLAND_PEP_HIGH,rag-v4,S5,pep-high-s5-conics,short-answer,4,4,pass,none,OK
pep-high-s5-rag4-sa-079,MAINLAND_PEP_HIGH,rag-v4,S5,pep-high-s5-conics,short-answer,4,4,pass,none,OK
pep-high-s5-rag4-sa-080,MAINLAND_PEP_HIGH,rag-v4,S5,pep-high-s5-conics,short-answer,4,4,pass,none,OK
pep-high-s5-rag4-sa-081,MAINLAND_PEP_HIGH,rag-v4,S5,pep-high-s5-conics,short-answer,4,4,pass,none,OK
pep-high-s5-rag4-sa-082,MAINLAND_PEP_HIGH,rag-v4,S5,pep-high-s5-conics,short-answer,4,4,pass,none,OK
pep-high-s5-rag4-sa-083,MAINLAND_PEP_HIGH,rag-v4,S5,pep-high-s5-conics,short-answer,4,4,pass,none,OK
pep-high-s5-rag4-sa-084,MAINLAND_PEP_HIGH,rag-v4,S5,pep-high-s5-conics,short-answer,4,4,pass,none,OK
pep-high-s5-rag4-sa-085,MAINLAND_PEP_HIGH,rag-v4,S5,pep-high-s5-conics,short-answer,4,4,pass,none,OK
pep-high-s5-rag4-sa-086,MAINLAND_PEP_HIGH,rag-v4,S5,pep-high-s5-conics,short-answer,4,4,pass,none,OK
pep-high-s5-rag4-sa-087,MAINLAND_PEP_HIGH,rag-v4,S5,pep-high-s5-conics,short-answer,4,4,pass,none,OK
pep-high-s5-rag4-sa-088,MAINLAND_PEP_HIGH,rag-v4,S5,pep-high-s5-conics,short-answer,4,4,pass,none,OK
pep-high-s5-rag4-sa-089,MAINLAND_PEP_HIGH,rag-v4,S5,pep-high-s5-conics,short-answer,4,4,pass,none,OK
pep-high-s5-rag4-sa-090,MAINLAND_PEP_HIGH,rag-v4,S5,pep-high-s5-conics,short-answer,4,4,pass,none,OK
pep-high-s5-rag4-sa-091,MAINLAND_PEP_HIGH,rag-v4,S5,pep-high-s5-conics,short-answer,4,4,pass,none,OK
pep-high-s5-rag4-sa-092,MAINLAND_PEP_HIGH,rag-v4,S5,pep-high-s5-conics,short-answer,4,4,pass,none,OK
pep-high-s5-rag4-sa-093,MAINLAND_PEP_HIGH,rag-v4,S5,pep-high-s5-conics,short-answer,4,4,pass,none,OK
pep-high-s5-rag4-sa-094,MAINLAND_PEP_HIGH,rag-v4,S5,pep-high-s5-conics,short-answer,4,4,pass,none,OK
pep-high-s5-rag4-sa-095,MAINLAND_PEP_HIGH,rag-v4,S5,pep-high-s5-conics,short-answer,4,4,pass,none,OK
pep-high-s5-rag4-sa-096,MAINLAND_PEP_HIGH,rag-v4,S5,pep-high-s5-conics,short-answer,4,4,pass,none,OK
pep-high-s5-rag4-sa-097,MAINLAND_PEP_HIGH,rag-v4,S5,pep-high-s5-conics,short-answer,4,4,pass,none,OK
pep-high-s5-rag4-sa-098,MAINLAND_PEP_HIGH,rag-v4,S5,pep-high-s5-conics,short-answer,4,4,pass,none,OK
pep-high-s5-rag4-sa-099,MAINLAND_PEP_HIGH,rag-v4,S5,pep-high-s5-conics,short-answer,4,4,pass,none,OK
pep-high-s5-rag4-sa-100,MAINLAND_PEP_HIGH,rag-v4,S5,pep-high-s5-sequences,short-answer,90,90,pass,none,OK
pep-high-s5-rag4-sa-101,MAINLAND_PEP_HIGH,rag-v4,S5,pep-high-s5-sequences,short-answer,56,56,pass,none,OK
pep-high-s5-rag4-sa-102,MAINLAND_PEP_HIGH,rag-v4,S5,pep-high-s5-sequences,short-answer,30,30,pass,none,OK
pep-high-s5-rag4-sa-103,MAINLAND_PEP_HIGH,rag-v4,S5,pep-high-s5-sequences,short-answer,88,88,pass,none,OK
pep-high-s5-rag4-sa-104,MAINLAND_PEP_HIGH,rag-v4,S5,pep-high-s5-sequences,short-answer,54,54,pass,none,OK
pep-high-s5-rag4-sa-105,MAINLAND_PEP_HIGH,rag-v4,S5,pep-high-s5-sequences,short-answer,63,63,pass,none,OK
pep-high-s5-rag4-sa-106,MAINLAND_PEP_HIGH,rag-v4,S5,pep-high-s5-sequences,short-answer,35,35,pass,none,OK
pep-high-s5-rag4-sa-107,MAINLAND_PEP_HIGH,rag-v4,S5,pep-high-s5-sequences,short-answer,99,99,pass,none,OK
pep-high-s5-rag4-sa-108,MAINLAND_PEP_HIGH,rag-v4,S5,pep-high-s5-sequences,short-answer,63,63,pass,none,OK
pep-high-s5-rag4-sa-109,MAINLAND_PEP_HIGH,rag-v4,S5,pep-high-s5-sequences,short-answer,35,35,pass,none,OK
pep-high-s5-rag4-sa-110,MAINLAND_PEP_HIGH,rag-v4,S5,pep-high-s5-sequences,short-answer,40,40,pass,none,OK
pep-high-s5-rag4-sa-111,MAINLAND_PEP_HIGH,rag-v4,S5,pep-high-s5-sequences,short-answer,110,110,pass,none,OK
pep-high-s5-rag4-sa-112,MAINLAND_PEP_HIGH,rag-v4,S5,pep-high-s5-sequences,short-answer,72,72,pass,none,OK
pep-high-s5-rag4-sa-113,MAINLAND_PEP_HIGH,rag-v4,S5,pep-high-s5-sequences,short-answer,42,42,pass,none,OK
pep-high-s5-rag4-sa-114,MAINLAND_PEP_HIGH,rag-v4,S5,pep-high-s5-sequences,short-answer,20,20,pass,none,OK
pep-high-s5-rag4-sa-115,MAINLAND_PEP_HIGH,rag-v4,S5,pep-high-s5-sequences,short-answer,121,121,pass,none,OK
pep-high-s5-rag4-sa-116,MAINLAND_PEP_HIGH,rag-v4,S5,pep-high-s5-sequences,short-answer,81,81,pass,none,OK
pep-high-s5-rag4-sa-117,MAINLAND_PEP_HIGH,rag-v4,S5,pep-high-s5-sequences,short-answer,49,49,pass,none,OK
pep-high-s5-rag4-sa-118,MAINLAND_PEP_HIGH,rag-v4,S5,pep-high-s5-sequences,short-answer,25,25,pass,none,OK
pep-high-s5-rag4-sa-119,MAINLAND_PEP_HIGH,rag-v4,S5,pep-high-s5-sequences,short-answer,77,77,pass,none,OK
pep-high-s5-rag4-sa-120,MAINLAND_PEP_HIGH,rag-v4,S5,pep-high-s5-sequences,short-answer,90,90,pass,none,OK
pep-high-s5-rag4-sa-121,MAINLAND_PEP_HIGH,rag-v4,S5,pep-high-s5-sequences,short-answer,56,56,pass,none,OK
pep-high-s5-rag4-sa-122,MAINLAND_PEP_HIGH,rag-v4,S5,pep-high-s5-sequences,short-answer,30,30,pass,none,OK
pep-high-s5-rag4-sa-123,MAINLAND_PEP_HIGH,rag-v4,S5,pep-high-s5-sequences,short-answer,88,88,pass,none,OK
pep-high-s5-rag4-sa-124,MAINLAND_PEP_HIGH,rag-v4,S5,pep-high-s5-sequences,short-answer,54,54,pass,none,OK
pep-high-s5-rag4-sa-125,MAINLAND_PEP_HIGH,rag-v4,S5,pep-high-s5-sequences,short-answer,63,63,pass,none,OK
pep-high-s5-rag4-sa-126,MAINLAND_PEP_HIGH,rag-v4,S5,pep-high-s5-sequences,short-answer,35,35,pass,none,OK
pep-high-s5-rag4-sa-127,MAINLAND_PEP_HIGH,rag-v4,S5,pep-high-s5-sequences,short-answer,99,99,pass,none,OK
pep-high-s5-rag4-sa-128,MAINLAND_PEP_HIGH,rag-v4,S5,pep-high-s5-sequences,short-answer,63,63,pass,none,OK
pep-high-s5-rag4-sa-129,MAINLAND_PEP_HIGH,rag-v4,S5,pep-high-s5-sequences,short-answer,35,35,pass,none,OK
pep-high-s5-rag4-sa-130,MAINLAND_PEP_HIGH,rag-v4,S5,pep-high-s5-sequences,short-answer,40,40,pass,none,OK
pep-high-s5-rag4-sa-131,MAINLAND_PEP_HIGH,rag-v4,S5,pep-high-s5-sequences,short-answer,110,110,pass,none,OK
pep-high-s5-rag4-sa-132,MAINLAND_PEP_HIGH,rag-v4,S5,pep-high-s5-sequences,short-answer,72,72,pass,none,OK
pep-high-s5-rag4-sa-133,MAINLAND_PEP_HIGH,rag-v4,S5,pep-high-s5-derivatives,short-answer,-0.25,-0.25,pass,none,OK
pep-high-s5-rag4-sa-134,MAINLAND_PEP_HIGH,rag-v4,S5,pep-high-s5-derivatives,short-answer,0.5,0.5,pass,none,OK
pep-high-s5-rag4-sa-135,MAINLAND_PEP_HIGH,rag-v4,S5,pep-high-s5-derivatives,short-answer,0.3,0.3,pass,none,OK
pep-high-s5-rag4-sa-136,MAINLAND_PEP_HIGH,rag-v4,S5,pep-high-s5-derivatives,short-answer,-0.25,-0.25,pass,none,OK
pep-high-s5-rag4-sa-137,MAINLAND_PEP_HIGH,rag-v4,S5,pep-high-s5-derivatives,short-answer,0,0,pass,none,OK
pep-high-s5-rag4-sa-138,MAINLAND_PEP_HIGH,rag-v4,S5,pep-high-s5-derivatives,short-answer,0.5,0.5,pass,none,OK
pep-high-s5-rag4-sa-139,MAINLAND_PEP_HIGH,rag-v4,S5,pep-high-s5-derivatives,short-answer,-1.5,-1.5,pass,none,OK
pep-high-s5-rag4-sa-140,MAINLAND_PEP_HIGH,rag-v4,S5,pep-high-s5-derivatives,short-answer,-0.1,-0.1,pass,none,OK
pep-high-s5-rag4-sa-141,MAINLAND_PEP_HIGH,rag-v4,S5,pep-high-s5-derivatives,short-answer,0.125,0.125,pass,none,OK
pep-high-s5-rag4-sa-142,MAINLAND_PEP_HIGH,rag-v4,S5,pep-high-s5-derivatives,short-answer,0.5,0.5,pass,none,OK
pep-high-s5-rag4-sa-143,MAINLAND_PEP_HIGH,rag-v4,S5,pep-high-s5-derivatives,short-answer,-0.5,-0.5,pass,none,OK
pep-high-s5-rag4-sa-144,MAINLAND_PEP_HIGH,rag-v4,S5,pep-high-s5-derivatives,short-answer,0,0,pass,none,OK
pep-high-s5-rag4-sa-145,MAINLAND_PEP_HIGH,rag-v4,S5,pep-high-s5-derivatives,short-answer,0.2,0.2,pass,none,OK
pep-high-s5-rag4-sa-146,MAINLAND_PEP_HIGH,rag-v4,S5,pep-high-s5-derivatives,short-answer,-0.375,-0.375,pass,none,OK
pep-high-s5-rag4-sa-147,MAINLAND_PEP_HIGH,rag-v4,S5,pep-high-s5-derivatives,short-answer,-0.167,-0.167,pass,none,OK
pep-high-s5-rag4-sa-148,MAINLAND_PEP_HIGH,rag-v4,S5,pep-high-s5-derivatives,short-answer,0.25,0.25,pass,none,OK
pep-high-s5-rag4-sa-149,MAINLAND_PEP_HIGH,rag-v4,S5,pep-high-s5-derivatives,short-answer,1.5,1.5,pass,none,OK
pep-high-s5-rag4-sa-150,MAINLAND_PEP_HIGH,rag-v4,S5,pep-high-s5-derivatives,short-answer,-0.2,-0.2,pass,none,OK
pep-high-s5-rag4-sa-151,MAINLAND_PEP_HIGH,rag-v4,S5,pep-high-s5-derivatives,short-answer,0,0,pass,none,OK
pep-high-s5-rag4-sa-152,MAINLAND_PEP_HIGH,rag-v4,S5,pep-high-s5-derivatives,short-answer,0.333,0.333,pass,none,OK
pep-high-s5-rag4-sa-153,MAINLAND_PEP_HIGH,rag-v4,S5,pep-high-s5-derivatives,short-answer,-0.75,-0.75,pass,none,OK
pep-high-s5-rag4-sa-154,MAINLAND_PEP_HIGH,rag-v4,S5,pep-high-s5-derivatives,short-answer,-0.5,-0.5,pass,none,OK
pep-high-s5-rag4-sa-155,MAINLAND_PEP_HIGH,rag-v4,S5,pep-high-s5-derivatives,short-answer,0.1,0.1,pass,none,OK
pep-high-s5-rag4-sa-156,MAINLAND_PEP_HIGH,rag-v4,S5,pep-high-s5-derivatives,short-answer,0.375,0.375,pass,none,OK
pep-high-s5-rag4-sa-157,MAINLAND_PEP_HIGH,rag-v4,S5,pep-high-s5-derivatives,short-answer,-0.333,-0.333,pass,none,OK
pep-high-s5-rag4-sa-158,MAINLAND_PEP_HIGH,rag-v4,S5,pep-high-s5-derivatives,short-answer,0,0,pass,none,OK
pep-high-s5-rag4-sa-159,MAINLAND_PEP_HIGH,rag-v4,S5,pep-high-s5-derivatives,short-answer,1,1,pass,none,OK
pep-high-s5-rag4-sa-160,MAINLAND_PEP_HIGH,rag-v4,S5,pep-high-s5-derivatives,short-answer,-0.3,-0.3,pass,none,OK
pep-high-s5-rag4-sa-161,MAINLAND_PEP_HIGH,rag-v4,S5,pep-high-s5-derivatives,short-answer,-0.125,-0.125,pass,none,OK
pep-high-s5-rag4-sa-162,MAINLAND_PEP_HIGH,rag-v4,S5,pep-high-s5-derivatives,short-answer,0.167,0.167,pass,none,OK
pep-high-s5-rag4-sa-163,MAINLAND_PEP_HIGH,rag-v4,S5,pep-high-s5-derivatives,short-answer,0.75,0.75,pass,none,OK
pep-high-s5-rag4-sa-164,MAINLAND_PEP_HIGH,rag-v4,S5,pep-high-s5-derivatives,short-answer,-1,-1,pass,none,OK
pep-high-s5-rag4-sa-165,MAINLAND_PEP_HIGH,rag-v4,S5,pep-high-s5-derivatives,short-answer,0,0,pass,none,OK
pep-high-s6-rag4-mc-001,MAINLAND_PEP_HIGH,rag-v4,S6,pep-high-s6-counting,multiple-choice,21,21,pass,none,OK
pep-high-s6-rag4-mc-002,MAINLAND_PEP_HIGH,rag-v4,S6,pep-high-s6-counting,multiple-choice,10,10,pass,none,OK
pep-high-s6-rag4-mc-003,MAINLAND_PEP_HIGH,rag-v4,S6,pep-high-s6-counting,multiple-choice,55,55,pass,none,OK
pep-high-s6-rag4-mc-004,MAINLAND_PEP_HIGH,rag-v4,S6,pep-high-s6-counting,multiple-choice,36,36,pass,none,OK
pep-high-s6-rag4-mc-005,MAINLAND_PEP_HIGH,rag-v4,S6,pep-high-s6-counting,multiple-choice,21,21,pass,none,OK
pep-high-s6-rag4-mc-006,MAINLAND_PEP_HIGH,rag-v4,S6,pep-high-s6-counting,multiple-choice,10,10,pass,none,OK
pep-high-s6-rag4-mc-007,MAINLAND_PEP_HIGH,rag-v4,S6,pep-high-s6-counting,multiple-choice,55,55,pass,none,OK
pep-high-s6-rag4-mc-008,MAINLAND_PEP_HIGH,rag-v4,S6,pep-high-s6-counting,multiple-choice,36,36,pass,none,OK
pep-high-s6-rag4-mc-009,MAINLAND_PEP_HIGH,rag-v4,S6,pep-high-s6-counting,multiple-choice,21,21,pass,none,OK
pep-high-s6-rag4-mc-010,MAINLAND_PEP_HIGH,rag-v4,S6,pep-high-s6-counting,multiple-choice,10,10,pass,none,OK
pep-high-s6-rag4-mc-011,MAINLAND_PEP_HIGH,rag-v4,S6,pep-high-s6-counting,multiple-choice,55,55,pass,none,OK
pep-high-s6-rag4-mc-012,MAINLAND_PEP_HIGH,rag-v4,S6,pep-high-s6-counting,multiple-choice,36,36,pass,none,OK
pep-high-s6-rag4-mc-013,MAINLAND_PEP_HIGH,rag-v4,S6,pep-high-s6-counting,multiple-choice,21,21,pass,none,OK
pep-high-s6-rag4-mc-014,MAINLAND_PEP_HIGH,rag-v4,S6,pep-high-s6-counting,multiple-choice,10,10,pass,none,OK
pep-high-s6-rag4-mc-015,MAINLAND_PEP_HIGH,rag-v4,S6,pep-high-s6-counting,multiple-choice,55,55,pass,none,OK
pep-high-s6-rag4-mc-016,MAINLAND_PEP_HIGH,rag-v4,S6,pep-high-s6-counting,multiple-choice,36,36,pass,none,OK
pep-high-s6-rag4-mc-017,MAINLAND_PEP_HIGH,rag-v4,S6,pep-high-s6-counting,multiple-choice,21,21,pass,none,OK
pep-high-s6-rag4-mc-018,MAINLAND_PEP_HIGH,rag-v4,S6,pep-high-s6-counting,multiple-choice,10,10,pass,none,OK
pep-high-s6-rag4-mc-019,MAINLAND_PEP_HIGH,rag-v4,S6,pep-high-s6-counting,multiple-choice,55,55,pass,none,OK
pep-high-s6-rag4-mc-020,MAINLAND_PEP_HIGH,rag-v4,S6,pep-high-s6-counting,multiple-choice,36,36,pass,none,OK
pep-high-s6-rag4-mc-021,MAINLAND_PEP_HIGH,rag-v4,S6,pep-high-s6-counting,multiple-choice,21,21,pass,none,OK
pep-high-s6-rag4-mc-022,MAINLAND_PEP_HIGH,rag-v4,S6,pep-high-s6-counting,multiple-choice,10,10,pass,none,OK
pep-high-s6-rag4-mc-023,MAINLAND_PEP_HIGH,rag-v4,S6,pep-high-s6-counting,multiple-choice,55,55,pass,none,OK
pep-high-s6-rag4-mc-024,MAINLAND_PEP_HIGH,rag-v4,S6,pep-high-s6-counting,multiple-choice,36,36,pass,none,OK
pep-high-s6-rag4-mc-025,MAINLAND_PEP_HIGH,rag-v4,S6,pep-high-s6-counting,multiple-choice,21,21,pass,none,OK
pep-high-s6-rag4-mc-026,MAINLAND_PEP_HIGH,rag-v4,S6,pep-high-s6-random-variables,multiple-choice,6,6,pass,none,OK
pep-high-s6-rag4-mc-027,MAINLAND_PEP_HIGH,rag-v4,S6,pep-high-s6-random-variables,multiple-choice,4.5,4.5,pass,none,OK
pep-high-s6-rag4-mc-028,MAINLAND_PEP_HIGH,rag-v4,S6,pep-high-s6-random-variables,multiple-choice,3,3,pass,none,OK
pep-high-s6-rag4-mc-029,MAINLAND_PEP_HIGH,rag-v4,S6,pep-high-s6-random-variables,multiple-choice,9,9,pass,none,OK
pep-high-s6-rag4-mc-030,MAINLAND_PEP_HIGH,rag-v4,S6,pep-high-s6-random-variables,multiple-choice,7.5,7.5,pass,none,OK
pep-high-s6-rag4-mc-031,MAINLAND_PEP_HIGH,rag-v4,S6,pep-high-s6-random-variables,multiple-choice,6,6,pass,none,OK
pep-high-s6-rag4-mc-032,MAINLAND_PEP_HIGH,rag-v4,S6,pep-high-s6-random-variables,multiple-choice,4.5,4.5,pass,none,OK
pep-high-s6-rag4-mc-033,MAINLAND_PEP_HIGH,rag-v4,S6,pep-high-s6-random-variables,multiple-choice,3,3,pass,none,OK
pep-high-s6-rag4-mc-034,MAINLAND_PEP_HIGH,rag-v4,S6,pep-high-s6-random-variables,multiple-choice,9,9,pass,none,OK
pep-high-s6-rag4-mc-035,MAINLAND_PEP_HIGH,rag-v4,S6,pep-high-s6-random-variables,multiple-choice,7.5,7.5,pass,none,OK
pep-high-s6-rag4-mc-036,MAINLAND_PEP_HIGH,rag-v4,S6,pep-high-s6-random-variables,multiple-choice,6,6,pass,none,OK
pep-high-s6-rag4-mc-037,MAINLAND_PEP_HIGH,rag-v4,S6,pep-high-s6-random-variables,multiple-choice,4.5,4.5,pass,none,OK
pep-high-s6-rag4-mc-038,MAINLAND_PEP_HIGH,rag-v4,S6,pep-high-s6-random-variables,multiple-choice,3,3,pass,none,OK
pep-high-s6-rag4-mc-039,MAINLAND_PEP_HIGH,rag-v4,S6,pep-high-s6-random-variables,multiple-choice,9,9,pass,none,OK
pep-high-s6-rag4-mc-040,MAINLAND_PEP_HIGH,rag-v4,S6,pep-high-s6-random-variables,multiple-choice,7.5,7.5,pass,none,OK
pep-high-s6-rag4-mc-041,MAINLAND_PEP_HIGH,rag-v4,S6,pep-high-s6-random-variables,multiple-choice,6,6,pass,none,OK
pep-high-s6-rag4-mc-042,MAINLAND_PEP_HIGH,rag-v4,S6,pep-high-s6-random-variables,multiple-choice,4.5,4.5,pass,none,OK
pep-high-s6-rag4-mc-043,MAINLAND_PEP_HIGH,rag-v4,S6,pep-high-s6-random-variables,multiple-choice,3,3,pass,none,OK
pep-high-s6-rag4-mc-044,MAINLAND_PEP_HIGH,rag-v4,S6,pep-high-s6-random-variables,multiple-choice,9,9,pass,none,OK
pep-high-s6-rag4-mc-045,MAINLAND_PEP_HIGH,rag-v4,S6,pep-high-s6-random-variables,multiple-choice,7.5,7.5,pass,none,OK
pep-high-s6-rag4-mc-046,MAINLAND_PEP_HIGH,rag-v4,S6,pep-high-s6-random-variables,multiple-choice,6,6,pass,none,OK
pep-high-s6-rag4-mc-047,MAINLAND_PEP_HIGH,rag-v4,S6,pep-high-s6-random-variables,multiple-choice,4.5,4.5,pass,none,OK
pep-high-s6-rag4-mc-048,MAINLAND_PEP_HIGH,rag-v4,S6,pep-high-s6-random-variables,multiple-choice,3,3,pass,none,OK
pep-high-s6-rag4-mc-049,MAINLAND_PEP_HIGH,rag-v4,S6,pep-high-s6-random-variables,multiple-choice,9,9,pass,none,OK
pep-high-s6-rag4-mc-050,MAINLAND_PEP_HIGH,rag-v4,S6,pep-high-s6-bivariate-data,multiple-choice,9,9,pass,none,OK
pep-high-s6-rag4-mc-051,MAINLAND_PEP_HIGH,rag-v4,S6,pep-high-s6-bivariate-data,multiple-choice,5,5,pass,none,OK
pep-high-s6-rag4-mc-052,MAINLAND_PEP_HIGH,rag-v4,S6,pep-high-s6-bivariate-data,multiple-choice,1,1,pass,none,OK
pep-high-s6-rag4-mc-053,MAINLAND_PEP_HIGH,rag-v4,S6,pep-high-s6-bivariate-data,multiple-choice,7,7,pass,none,OK
pep-high-s6-rag4-mc-054,MAINLAND_PEP_HIGH,rag-v4,S6,pep-high-s6-bivariate-data,multiple-choice,10,10,pass,none,OK
pep-high-s6-rag4-mc-055,MAINLAND_PEP_HIGH,rag-v4,S6,pep-high-s6-bivariate-data,multiple-choice,6,6,pass,none,OK
pep-high-s6-rag4-mc-056,MAINLAND_PEP_HIGH,rag-v4,S6,pep-high-s6-bivariate-data,multiple-choice,2,2,pass,none,OK
pep-high-s6-rag4-mc-057,MAINLAND_PEP_HIGH,rag-v4,S6,pep-high-s6-bivariate-data,multiple-choice,5,5,pass,none,OK
pep-high-s6-rag4-mc-058,MAINLAND_PEP_HIGH,rag-v4,S6,pep-high-s6-bivariate-data,multiple-choice,11,11,pass,none,OK
pep-high-s6-rag4-mc-059,MAINLAND_PEP_HIGH,rag-v4,S6,pep-high-s6-bivariate-data,multiple-choice,7,7,pass,none,OK
pep-high-s6-rag4-mc-060,MAINLAND_PEP_HIGH,rag-v4,S6,pep-high-s6-bivariate-data,multiple-choice,3,3,pass,none,OK
pep-high-s6-rag4-mc-061,MAINLAND_PEP_HIGH,rag-v4,S6,pep-high-s6-bivariate-data,multiple-choice,6,6,pass,none,OK
pep-high-s6-rag4-mc-062,MAINLAND_PEP_HIGH,rag-v4,S6,pep-high-s6-bivariate-data,multiple-choice,2,2,pass,none,OK
pep-high-s6-rag4-mc-063,MAINLAND_PEP_HIGH,rag-v4,S6,pep-high-s6-bivariate-data,multiple-choice,8,8,pass,none,OK
pep-high-s6-rag4-mc-064,MAINLAND_PEP_HIGH,rag-v4,S6,pep-high-s6-bivariate-data,multiple-choice,11,11,pass,none,OK
pep-high-s6-rag4-mc-065,MAINLAND_PEP_HIGH,rag-v4,S6,pep-high-s6-bivariate-data,multiple-choice,7,7,pass,none,OK
pep-high-s6-rag4-mc-066,MAINLAND_PEP_HIGH,rag-v4,S6,pep-high-s6-bivariate-data,multiple-choice,3,3,pass,none,OK
pep-high-s6-rag4-mc-067,MAINLAND_PEP_HIGH,rag-v4,S6,pep-high-s6-bivariate-data,multiple-choice,-1,-1,pass,none,OK
pep-high-s6-rag4-mc-068,MAINLAND_PEP_HIGH,rag-v4,S6,pep-high-s6-bivariate-data,multiple-choice,12,12,pass,none,OK
pep-high-s6-rag4-mc-069,MAINLAND_PEP_HIGH,rag-v4,S6,pep-high-s6-bivariate-data,multiple-choice,8,8,pass,none,OK
pep-high-s6-rag4-mc-070,MAINLAND_PEP_HIGH,rag-v4,S6,pep-high-s6-bivariate-data,multiple-choice,4,4,pass,none,OK
pep-high-s6-rag4-mc-071,MAINLAND_PEP_HIGH,rag-v4,S6,pep-high-s6-bivariate-data,multiple-choice,7,7,pass,none,OK
pep-high-s6-rag4-mc-072,MAINLAND_PEP_HIGH,rag-v4,S6,pep-high-s6-bivariate-data,multiple-choice,3,3,pass,none,OK
pep-high-s6-rag4-mc-073,MAINLAND_PEP_HIGH,rag-v4,S6,pep-high-s6-bivariate-data,multiple-choice,9,9,pass,none,OK
pep-high-s6-rag4-mc-074,MAINLAND_PEP_HIGH,rag-v4,S6,pep-high-s6-derivative-synthesis,multiple-choice,8,8,pass,none,OK
pep-high-s6-rag4-mc-075,MAINLAND_PEP_HIGH,rag-v4,S6,pep-high-s6-derivative-synthesis,multiple-choice,16,16,pass,none,OK
pep-high-s6-rag4-mc-076,MAINLAND_PEP_HIGH,rag-v4,S6,pep-high-s6-derivative-synthesis,multiple-choice,7,7,pass,none,OK
pep-high-s6-rag4-mc-077,MAINLAND_PEP_HIGH,rag-v4,S6,pep-high-s6-derivative-synthesis,multiple-choice,7,7,pass,none,OK
pep-high-s6-rag4-mc-078,MAINLAND_PEP_HIGH,rag-v4,S6,pep-high-s6-derivative-synthesis,multiple-choice,9,9,pass,none,OK
pep-high-s6-rag4-mc-079,MAINLAND_PEP_HIGH,rag-v4,S6,pep-high-s6-derivative-synthesis,multiple-choice,21,21,pass,none,OK
pep-high-s6-rag4-mc-080,MAINLAND_PEP_HIGH,rag-v4,S6,pep-high-s6-derivative-synthesis,multiple-choice,8,8,pass,none,OK
pep-high-s6-rag4-mc-081,MAINLAND_PEP_HIGH,rag-v4,S6,pep-high-s6-derivative-synthesis,multiple-choice,12,12,pass,none,OK
pep-high-s6-rag4-mc-082,MAINLAND_PEP_HIGH,rag-v4,S6,pep-high-s6-derivative-synthesis,multiple-choice,0,0,pass,none,OK
pep-high-s6-rag4-mc-083,MAINLAND_PEP_HIGH,rag-v4,S6,pep-high-s6-derivative-synthesis,multiple-choice,33,33,pass,none,OK
pep-high-s6-rag4-mc-084,MAINLAND_PEP_HIGH,rag-v4,S6,pep-high-s6-derivative-synthesis,multiple-choice,9,9,pass,none,OK
pep-high-s6-rag4-mc-085,MAINLAND_PEP_HIGH,rag-v4,S6,pep-high-s6-derivative-synthesis,multiple-choice,17,17,pass,none,OK
pep-high-s6-rag4-mc-086,MAINLAND_PEP_HIGH,rag-v4,S6,pep-high-s6-derivative-synthesis,multiple-choice,1,1,pass,none,OK
pep-high-s6-rag4-mc-087,MAINLAND_PEP_HIGH,rag-v4,S6,pep-high-s6-derivative-synthesis,multiple-choice,8,8,pass,none,OK
pep-high-s6-rag4-mc-088,MAINLAND_PEP_HIGH,rag-v4,S6,pep-high-s6-derivative-synthesis,multiple-choice,10,10,pass,none,OK
pep-high-s6-rag4-mc-089,MAINLAND_PEP_HIGH,rag-v4,S6,pep-high-s6-derivative-synthesis,multiple-choice,22,22,pass,none,OK
pep-high-s6-rag4-mc-090,MAINLAND_PEP_HIGH,rag-v4,S6,pep-high-s6-derivative-synthesis,multiple-choice,9,9,pass,none,OK
pep-high-s6-rag4-mc-091,MAINLAND_PEP_HIGH,rag-v4,S6,pep-high-s6-derivative-synthesis,multiple-choice,13,13,pass,none,OK
pep-high-s6-rag4-mc-092,MAINLAND_PEP_HIGH,rag-v4,S6,pep-high-s6-derivative-synthesis,multiple-choice,1,1,pass,none,OK
pep-high-s6-rag4-mc-093,MAINLAND_PEP_HIGH,rag-v4,S6,pep-high-s6-derivative-synthesis,multiple-choice,27,27,pass,none,OK
pep-high-s6-rag4-mc-094,MAINLAND_PEP_HIGH,rag-v4,S6,pep-high-s6-derivative-synthesis,multiple-choice,10,10,pass,none,OK
pep-high-s6-rag4-mc-095,MAINLAND_PEP_HIGH,rag-v4,S6,pep-high-s6-derivative-synthesis,multiple-choice,18,18,pass,none,OK
pep-high-s6-rag4-mc-096,MAINLAND_PEP_HIGH,rag-v4,S6,pep-high-s6-derivative-synthesis,multiple-choice,2,2,pass,none,OK
pep-high-s6-rag4-mc-097,MAINLAND_PEP_HIGH,rag-v4,S6,pep-high-s6-derivative-synthesis,multiple-choice,9,9,pass,none,OK
pep-high-s6-rag4-mc-098,MAINLAND_PEP_HIGH,rag-v4,S6,pep-high-s6-derivative-synthesis,multiple-choice,11,11,pass,none,OK
pep-high-s6-rag4-mc-099,MAINLAND_PEP_HIGH,rag-v4,S6,pep-high-s6-analytic-geometry-synthesis,multiple-choice,16,16,pass,none,OK
pep-high-s6-rag4-mc-100,MAINLAND_PEP_HIGH,rag-v4,S6,pep-high-s6-analytic-geometry-synthesis,multiple-choice,14,14,pass,none,OK
pep-high-s6-rag4-mc-101,MAINLAND_PEP_HIGH,rag-v4,S6,pep-high-s6-analytic-geometry-synthesis,multiple-choice,12,12,pass,none,OK
pep-high-s6-rag4-mc-102,MAINLAND_PEP_HIGH,rag-v4,S6,pep-high-s6-analytic-geometry-synthesis,multiple-choice,10,10,pass,none,OK
pep-high-s6-rag4-mc-103,MAINLAND_PEP_HIGH,rag-v4,S6,pep-high-s6-analytic-geometry-synthesis,multiple-choice,8,8,pass,none,OK
pep-high-s6-rag4-mc-104,MAINLAND_PEP_HIGH,rag-v4,S6,pep-high-s6-analytic-geometry-synthesis,multiple-choice,16,16,pass,none,OK
pep-high-s6-rag4-mc-105,MAINLAND_PEP_HIGH,rag-v4,S6,pep-high-s6-analytic-geometry-synthesis,multiple-choice,14,14,pass,none,OK
pep-high-s6-rag4-mc-106,MAINLAND_PEP_HIGH,rag-v4,S6,pep-high-s6-analytic-geometry-synthesis,multiple-choice,12,12,pass,none,OK
pep-high-s6-rag4-mc-107,MAINLAND_PEP_HIGH,rag-v4,S6,pep-high-s6-analytic-geometry-synthesis,multiple-choice,10,10,pass,none,OK
pep-high-s6-rag4-mc-108,MAINLAND_PEP_HIGH,rag-v4,S6,pep-high-s6-analytic-geometry-synthesis,multiple-choice,8,8,pass,none,OK
pep-high-s6-rag4-mc-109,MAINLAND_PEP_HIGH,rag-v4,S6,pep-high-s6-analytic-geometry-synthesis,multiple-choice,16,16,pass,none,OK
pep-high-s6-rag4-mc-110,MAINLAND_PEP_HIGH,rag-v4,S6,pep-high-s6-analytic-geometry-synthesis,multiple-choice,14,14,pass,none,OK
pep-high-s6-rag4-mc-111,MAINLAND_PEP_HIGH,rag-v4,S6,pep-high-s6-analytic-geometry-synthesis,multiple-choice,12,12,pass,none,OK
pep-high-s6-rag4-mc-112,MAINLAND_PEP_HIGH,rag-v4,S6,pep-high-s6-analytic-geometry-synthesis,multiple-choice,10,10,pass,none,OK
pep-high-s6-rag4-mc-113,MAINLAND_PEP_HIGH,rag-v4,S6,pep-high-s6-analytic-geometry-synthesis,multiple-choice,8,8,pass,none,OK
pep-high-s6-rag4-mc-114,MAINLAND_PEP_HIGH,rag-v4,S6,pep-high-s6-analytic-geometry-synthesis,multiple-choice,16,16,pass,none,OK
pep-high-s6-rag4-mc-115,MAINLAND_PEP_HIGH,rag-v4,S6,pep-high-s6-analytic-geometry-synthesis,multiple-choice,14,14,pass,none,OK
pep-high-s6-rag4-mc-116,MAINLAND_PEP_HIGH,rag-v4,S6,pep-high-s6-analytic-geometry-synthesis,multiple-choice,12,12,pass,none,OK
pep-high-s6-rag4-mc-117,MAINLAND_PEP_HIGH,rag-v4,S6,pep-high-s6-analytic-geometry-synthesis,multiple-choice,10,10,pass,none,OK
pep-high-s6-rag4-mc-118,MAINLAND_PEP_HIGH,rag-v4,S6,pep-high-s6-analytic-geometry-synthesis,multiple-choice,8,8,pass,none,OK
pep-high-s6-rag4-mc-119,MAINLAND_PEP_HIGH,rag-v4,S6,pep-high-s6-analytic-geometry-synthesis,multiple-choice,16,16,pass,none,OK
pep-high-s6-rag4-mc-120,MAINLAND_PEP_HIGH,rag-v4,S6,pep-high-s6-analytic-geometry-synthesis,multiple-choice,14,14,pass,none,OK
pep-high-s6-rag4-mc-121,MAINLAND_PEP_HIGH,rag-v4,S6,pep-high-s6-analytic-geometry-synthesis,multiple-choice,12,12,pass,none,OK
pep-high-s6-rag4-mc-122,MAINLAND_PEP_HIGH,rag-v4,S6,pep-high-s6-analytic-geometry-synthesis,multiple-choice,10,10,pass,none,OK
pep-high-s6-rag4-mc-123,MAINLAND_PEP_HIGH,rag-v4,S6,pep-high-s6-probability-statistics-synthesis,multiple-choice,2/5,2/5,pass,none,OK
pep-high-s6-rag4-mc-124,MAINLAND_PEP_HIGH,rag-v4,S6,pep-high-s6-probability-statistics-synthesis,multiple-choice,2/7,2/7,pass,none,OK
pep-high-s6-rag4-mc-125,MAINLAND_PEP_HIGH,rag-v4,S6,pep-high-s6-probability-statistics-synthesis,multiple-choice,1/2,1/2,pass,none,OK
pep-high-s6-rag4-mc-126,MAINLAND_PEP_HIGH,rag-v4,S6,pep-high-s6-probability-statistics-synthesis,multiple-choice,2/5,2/5,pass,none,OK
pep-high-s6-rag4-mc-127,MAINLAND_PEP_HIGH,rag-v4,S6,pep-high-s6-probability-statistics-synthesis,multiple-choice,4/11,4/11,pass,none,OK
pep-high-s6-rag4-mc-128,MAINLAND_PEP_HIGH,rag-v4,S6,pep-high-s6-probability-statistics-synthesis,multiple-choice,1/4,1/4,pass,none,OK
pep-high-s6-rag4-mc-129,MAINLAND_PEP_HIGH,rag-v4,S6,pep-high-s6-probability-statistics-synthesis,multiple-choice,4/9,4/9,pass,none,OK
pep-high-s6-rag4-mc-130,MAINLAND_PEP_HIGH,rag-v4,S6,pep-high-s6-probability-statistics-synthesis,multiple-choice,1/3,1/3,pass,none,OK
pep-high-s6-rag4-mc-131,MAINLAND_PEP_HIGH,rag-v4,S6,pep-high-s6-probability-statistics-synthesis,multiple-choice,4/7,4/7,pass,none,OK
pep-high-s6-rag4-mc-132,MAINLAND_PEP_HIGH,rag-v4,S6,pep-high-s6-probability-statistics-synthesis,multiple-choice,2/9,2/9,pass,none,OK
pep-high-s6-rag4-mc-133,MAINLAND_PEP_HIGH,rag-v4,S6,pep-high-s6-probability-statistics-synthesis,multiple-choice,2/5,2/5,pass,none,OK
pep-high-s6-rag4-mc-134,MAINLAND_PEP_HIGH,rag-v4,S6,pep-high-s6-probability-statistics-synthesis,multiple-choice,2/7,2/7,pass,none,OK
pep-high-s6-rag4-mc-135,MAINLAND_PEP_HIGH,rag-v4,S6,pep-high-s6-probability-statistics-synthesis,multiple-choice,1/2,1/2,pass,none,OK
pep-high-s6-rag4-mc-136,MAINLAND_PEP_HIGH,rag-v4,S6,pep-high-s6-probability-statistics-synthesis,multiple-choice,2/5,2/5,pass,none,OK
pep-high-s6-rag4-mc-137,MAINLAND_PEP_HIGH,rag-v4,S6,pep-high-s6-probability-statistics-synthesis,multiple-choice,4/11,4/11,pass,none,OK
pep-high-s6-rag4-mc-138,MAINLAND_PEP_HIGH,rag-v4,S6,pep-high-s6-probability-statistics-synthesis,multiple-choice,1/4,1/4,pass,none,OK
pep-high-s6-rag4-mc-139,MAINLAND_PEP_HIGH,rag-v4,S6,pep-high-s6-probability-statistics-synthesis,multiple-choice,4/9,4/9,pass,none,OK
pep-high-s6-rag4-mc-140,MAINLAND_PEP_HIGH,rag-v4,S6,pep-high-s6-probability-statistics-synthesis,multiple-choice,1/3,1/3,pass,none,OK
pep-high-s6-rag4-mc-141,MAINLAND_PEP_HIGH,rag-v4,S6,pep-high-s6-probability-statistics-synthesis,multiple-choice,4/7,4/7,pass,none,OK
pep-high-s6-rag4-mc-142,MAINLAND_PEP_HIGH,rag-v4,S6,pep-high-s6-probability-statistics-synthesis,multiple-choice,2/9,2/9,pass,none,OK
pep-high-s6-rag4-mc-143,MAINLAND_PEP_HIGH,rag-v4,S6,pep-high-s6-probability-statistics-synthesis,multiple-choice,2/5,2/5,pass,none,OK
pep-high-s6-rag4-mc-144,MAINLAND_PEP_HIGH,rag-v4,S6,pep-high-s6-probability-statistics-synthesis,multiple-choice,2/7,2/7,pass,none,OK
pep-high-s6-rag4-mc-145,MAINLAND_PEP_HIGH,rag-v4,S6,pep-high-s6-probability-statistics-synthesis,multiple-choice,1/2,1/2,pass,none,OK
pep-high-s6-rag4-mc-146,MAINLAND_PEP_HIGH,rag-v4,S6,pep-high-s6-probability-statistics-synthesis,multiple-choice,2/5,2/5,pass,none,OK
pep-high-s6-rag4-mc-147,MAINLAND_PEP_HIGH,rag-v4,S6,pep-high-s6-exam-practice,multiple-choice,36,36,pass,none,OK
pep-high-s6-rag4-mc-148,MAINLAND_PEP_HIGH,rag-v4,S6,pep-high-s6-exam-practice,multiple-choice,108,108,pass,none,OK
pep-high-s6-rag4-mc-149,MAINLAND_PEP_HIGH,rag-v4,S6,pep-high-s6-exam-practice,multiple-choice,225,225,pass,none,OK
pep-high-s6-rag4-mc-150,MAINLAND_PEP_HIGH,rag-v4,S6,pep-high-s6-exam-practice,multiple-choice,48,48,pass,none,OK
pep-high-s6-rag4-mc-151,MAINLAND_PEP_HIGH,rag-v4,S6,pep-high-s6-exam-practice,multiple-choice,81,81,pass,none,OK
pep-high-s6-rag4-mc-152,MAINLAND_PEP_HIGH,rag-v4,S6,pep-high-s6-exam-practice,multiple-choice,12,12,pass,none,OK
pep-high-s6-rag4-mc-153,MAINLAND_PEP_HIGH,rag-v4,S6,pep-high-s6-exam-practice,multiple-choice,324,324,pass,none,OK
pep-high-s6-rag4-mc-154,MAINLAND_PEP_HIGH,rag-v4,S6,pep-high-s6-exam-practice,multiple-choice,75,75,pass,none,OK
pep-high-s6-rag4-mc-155,MAINLAND_PEP_HIGH,rag-v4,S6,pep-high-s6-exam-practice,multiple-choice,144,144,pass,none,OK
pep-high-s6-rag4-mc-156,MAINLAND_PEP_HIGH,rag-v4,S6,pep-high-s6-exam-practice,multiple-choice,27,27,pass,none,OK
pep-high-s6-rag4-mc-157,MAINLAND_PEP_HIGH,rag-v4,S6,pep-high-s6-exam-practice,multiple-choice,36,36,pass,none,OK
pep-high-s6-rag4-mc-158,MAINLAND_PEP_HIGH,rag-v4,S6,pep-high-s6-exam-practice,multiple-choice,108,108,pass,none,OK
pep-high-s6-rag4-mc-159,MAINLAND_PEP_HIGH,rag-v4,S6,pep-high-s6-exam-practice,multiple-choice,225,225,pass,none,OK
pep-high-s6-rag4-mc-160,MAINLAND_PEP_HIGH,rag-v4,S6,pep-high-s6-exam-practice,multiple-choice,48,48,pass,none,OK
pep-high-s6-rag4-mc-161,MAINLAND_PEP_HIGH,rag-v4,S6,pep-high-s6-exam-practice,multiple-choice,81,81,pass,none,OK
pep-high-s6-rag4-mc-162,MAINLAND_PEP_HIGH,rag-v4,S6,pep-high-s6-exam-practice,multiple-choice,12,12,pass,none,OK
pep-high-s6-rag4-mc-163,MAINLAND_PEP_HIGH,rag-v4,S6,pep-high-s6-exam-practice,multiple-choice,324,324,pass,none,OK
pep-high-s6-rag4-mc-164,MAINLAND_PEP_HIGH,rag-v4,S6,pep-high-s6-exam-practice,multiple-choice,75,75,pass,none,OK
pep-high-s6-rag4-mc-165,MAINLAND_PEP_HIGH,rag-v4,S6,pep-high-s6-exam-practice,multiple-choice,144,144,pass,none,OK
pep-high-s6-rag4-mc-166,MAINLAND_PEP_HIGH,rag-v4,S6,pep-high-s6-exam-practice,multiple-choice,27,27,pass,none,OK
pep-high-s6-rag4-mc-167,MAINLAND_PEP_HIGH,rag-v4,S6,pep-high-s6-exam-practice,multiple-choice,36,36,pass,none,OK
pep-high-s6-rag4-mc-168,MAINLAND_PEP_HIGH,rag-v4,S6,pep-high-s6-exam-practice,multiple-choice,108,108,pass,none,OK
pep-high-s6-rag4-mc-169,MAINLAND_PEP_HIGH,rag-v4,S6,pep-high-s6-exam-practice,multiple-choice,225,225,pass,none,OK
pep-high-s6-rag4-mc-170,MAINLAND_PEP_HIGH,rag-v4,S6,pep-high-s6-exam-practice,multiple-choice,48,48,pass,none,OK
pep-high-s6-rag4-fi-001,MAINLAND_PEP_HIGH,rag-v4,S6,pep-high-s6-counting,fill-in,42,42,pass,none,OK
pep-high-s6-rag4-fi-002,MAINLAND_PEP_HIGH,rag-v4,S6,pep-high-s6-counting,fill-in,20,20,pass,none,OK
pep-high-s6-rag4-fi-003,MAINLAND_PEP_HIGH,rag-v4,S6,pep-high-s6-counting,fill-in,110,110,pass,none,OK
pep-high-s6-rag4-fi-004,MAINLAND_PEP_HIGH,rag-v4,S6,pep-high-s6-counting,fill-in,72,72,pass,none,OK
pep-high-s6-rag4-fi-005,MAINLAND_PEP_HIGH,rag-v4,S6,pep-high-s6-counting,fill-in,42,42,pass,none,OK
pep-high-s6-rag4-fi-006,MAINLAND_PEP_HIGH,rag-v4,S6,pep-high-s6-counting,fill-in,20,20,pass,none,OK
pep-high-s6-rag4-fi-007,MAINLAND_PEP_HIGH,rag-v4,S6,pep-high-s6-counting,fill-in,110,110,pass,none,OK
pep-high-s6-rag4-fi-008,MAINLAND_PEP_HIGH,rag-v4,S6,pep-high-s6-counting,fill-in,72,72,pass,none,OK
pep-high-s6-rag4-fi-009,MAINLAND_PEP_HIGH,rag-v4,S6,pep-high-s6-counting,fill-in,42,42,pass,none,OK
pep-high-s6-rag4-fi-010,MAINLAND_PEP_HIGH,rag-v4,S6,pep-high-s6-counting,fill-in,20,20,pass,none,OK
pep-high-s6-rag4-fi-011,MAINLAND_PEP_HIGH,rag-v4,S6,pep-high-s6-counting,fill-in,110,110,pass,none,OK
pep-high-s6-rag4-fi-012,MAINLAND_PEP_HIGH,rag-v4,S6,pep-high-s6-counting,fill-in,72,72,pass,none,OK
pep-high-s6-rag4-fi-013,MAINLAND_PEP_HIGH,rag-v4,S6,pep-high-s6-counting,fill-in,42,42,pass,none,OK
pep-high-s6-rag4-fi-014,MAINLAND_PEP_HIGH,rag-v4,S6,pep-high-s6-counting,fill-in,20,20,pass,none,OK
pep-high-s6-rag4-fi-015,MAINLAND_PEP_HIGH,rag-v4,S6,pep-high-s6-counting,fill-in,110,110,pass,none,OK
pep-high-s6-rag4-fi-016,MAINLAND_PEP_HIGH,rag-v4,S6,pep-high-s6-counting,fill-in,72,72,pass,none,OK
pep-high-s6-rag4-fi-017,MAINLAND_PEP_HIGH,rag-v4,S6,pep-high-s6-counting,fill-in,42,42,pass,none,OK
pep-high-s6-rag4-fi-018,MAINLAND_PEP_HIGH,rag-v4,S6,pep-high-s6-counting,fill-in,20,20,pass,none,OK
pep-high-s6-rag4-fi-019,MAINLAND_PEP_HIGH,rag-v4,S6,pep-high-s6-counting,fill-in,110,110,pass,none,OK
pep-high-s6-rag4-fi-020,MAINLAND_PEP_HIGH,rag-v4,S6,pep-high-s6-counting,fill-in,72,72,pass,none,OK
pep-high-s6-rag4-fi-021,MAINLAND_PEP_HIGH,rag-v4,S6,pep-high-s6-counting,fill-in,42,42,pass,none,OK
pep-high-s6-rag4-fi-022,MAINLAND_PEP_HIGH,rag-v4,S6,pep-high-s6-counting,fill-in,20,20,pass,none,OK
pep-high-s6-rag4-fi-023,MAINLAND_PEP_HIGH,rag-v4,S6,pep-high-s6-counting,fill-in,110,110,pass,none,OK
pep-high-s6-rag4-fi-024,MAINLAND_PEP_HIGH,rag-v4,S6,pep-high-s6-counting,fill-in,72,72,pass,none,OK
pep-high-s6-rag4-fi-025,MAINLAND_PEP_HIGH,rag-v4,S6,pep-high-s6-random-variables,fill-in,3,3,pass,none,OK
pep-high-s6-rag4-fi-026,MAINLAND_PEP_HIGH,rag-v4,S6,pep-high-s6-random-variables,fill-in,2,2,pass,none,OK
pep-high-s6-rag4-fi-027,MAINLAND_PEP_HIGH,rag-v4,S6,pep-high-s6-random-variables,fill-in,6,6,pass,none,OK
pep-high-s6-rag4-fi-028,MAINLAND_PEP_HIGH,rag-v4,S6,pep-high-s6-random-variables,fill-in,5,5,pass,none,OK
pep-high-s6-rag4-fi-029,MAINLAND_PEP_HIGH,rag-v4,S6,pep-high-s6-random-variables,fill-in,4,4,pass,none,OK
pep-high-s6-rag4-fi-030,MAINLAND_PEP_HIGH,rag-v4,S6,pep-high-s6-random-variables,fill-in,3,3,pass,none,OK
pep-high-s6-rag4-fi-031,MAINLAND_PEP_HIGH,rag-v4,S6,pep-high-s6-random-variables,fill-in,2,2,pass,none,OK
pep-high-s6-rag4-fi-032,MAINLAND_PEP_HIGH,rag-v4,S6,pep-high-s6-random-variables,fill-in,6,6,pass,none,OK
pep-high-s6-rag4-fi-033,MAINLAND_PEP_HIGH,rag-v4,S6,pep-high-s6-random-variables,fill-in,5,5,pass,none,OK
pep-high-s6-rag4-fi-034,MAINLAND_PEP_HIGH,rag-v4,S6,pep-high-s6-random-variables,fill-in,4,4,pass,none,OK
pep-high-s6-rag4-fi-035,MAINLAND_PEP_HIGH,rag-v4,S6,pep-high-s6-random-variables,fill-in,3,3,pass,none,OK
pep-high-s6-rag4-fi-036,MAINLAND_PEP_HIGH,rag-v4,S6,pep-high-s6-random-variables,fill-in,2,2,pass,none,OK
pep-high-s6-rag4-fi-037,MAINLAND_PEP_HIGH,rag-v4,S6,pep-high-s6-random-variables,fill-in,6,6,pass,none,OK
pep-high-s6-rag4-fi-038,MAINLAND_PEP_HIGH,rag-v4,S6,pep-high-s6-random-variables,fill-in,5,5,pass,none,OK
pep-high-s6-rag4-fi-039,MAINLAND_PEP_HIGH,rag-v4,S6,pep-high-s6-random-variables,fill-in,4,4,pass,none,OK
pep-high-s6-rag4-fi-040,MAINLAND_PEP_HIGH,rag-v4,S6,pep-high-s6-random-variables,fill-in,3,3,pass,none,OK
pep-high-s6-rag4-fi-041,MAINLAND_PEP_HIGH,rag-v4,S6,pep-high-s6-random-variables,fill-in,2,2,pass,none,OK
pep-high-s6-rag4-fi-042,MAINLAND_PEP_HIGH,rag-v4,S6,pep-high-s6-random-variables,fill-in,6,6,pass,none,OK
pep-high-s6-rag4-fi-043,MAINLAND_PEP_HIGH,rag-v4,S6,pep-high-s6-random-variables,fill-in,5,5,pass,none,OK
pep-high-s6-rag4-fi-044,MAINLAND_PEP_HIGH,rag-v4,S6,pep-high-s6-random-variables,fill-in,4,4,pass,none,OK
pep-high-s6-rag4-fi-045,MAINLAND_PEP_HIGH,rag-v4,S6,pep-high-s6-random-variables,fill-in,3,3,pass,none,OK
pep-high-s6-rag4-fi-046,MAINLAND_PEP_HIGH,rag-v4,S6,pep-high-s6-random-variables,fill-in,2,2,pass,none,OK
pep-high-s6-rag4-fi-047,MAINLAND_PEP_HIGH,rag-v4,S6,pep-high-s6-random-variables,fill-in,6,6,pass,none,OK
pep-high-s6-rag4-fi-048,MAINLAND_PEP_HIGH,rag-v4,S6,pep-high-s6-random-variables,fill-in,5,5,pass,none,OK
pep-high-s6-rag4-fi-049,MAINLAND_PEP_HIGH,rag-v4,S6,pep-high-s6-random-variables,fill-in,4,4,pass,none,OK
pep-high-s6-rag4-fi-050,MAINLAND_PEP_HIGH,rag-v4,S6,pep-high-s6-bivariate-data,fill-in,9,9,pass,none,OK
pep-high-s6-rag4-fi-051,MAINLAND_PEP_HIGH,rag-v4,S6,pep-high-s6-bivariate-data,fill-in,5,5,pass,none,OK
pep-high-s6-rag4-fi-052,MAINLAND_PEP_HIGH,rag-v4,S6,pep-high-s6-bivariate-data,fill-in,1,1,pass,none,OK
pep-high-s6-rag4-fi-053,MAINLAND_PEP_HIGH,rag-v4,S6,pep-high-s6-bivariate-data,fill-in,7,7,pass,none,OK
pep-high-s6-rag4-fi-054,MAINLAND_PEP_HIGH,rag-v4,S6,pep-high-s6-bivariate-data,fill-in,10,10,pass,none,OK
pep-high-s6-rag4-fi-055,MAINLAND_PEP_HIGH,rag-v4,S6,pep-high-s6-bivariate-data,fill-in,6,6,pass,none,OK
pep-high-s6-rag4-fi-056,MAINLAND_PEP_HIGH,rag-v4,S6,pep-high-s6-bivariate-data,fill-in,2,2,pass,none,OK
pep-high-s6-rag4-fi-057,MAINLAND_PEP_HIGH,rag-v4,S6,pep-high-s6-bivariate-data,fill-in,5,5,pass,none,OK
pep-high-s6-rag4-fi-058,MAINLAND_PEP_HIGH,rag-v4,S6,pep-high-s6-bivariate-data,fill-in,11,11,pass,none,OK
pep-high-s6-rag4-fi-059,MAINLAND_PEP_HIGH,rag-v4,S6,pep-high-s6-bivariate-data,fill-in,7,7,pass,none,OK
pep-high-s6-rag4-fi-060,MAINLAND_PEP_HIGH,rag-v4,S6,pep-high-s6-bivariate-data,fill-in,3,3,pass,none,OK
pep-high-s6-rag4-fi-061,MAINLAND_PEP_HIGH,rag-v4,S6,pep-high-s6-bivariate-data,fill-in,6,6,pass,none,OK
pep-high-s6-rag4-fi-062,MAINLAND_PEP_HIGH,rag-v4,S6,pep-high-s6-bivariate-data,fill-in,2,2,pass,none,OK
pep-high-s6-rag4-fi-063,MAINLAND_PEP_HIGH,rag-v4,S6,pep-high-s6-bivariate-data,fill-in,8,8,pass,none,OK
pep-high-s6-rag4-fi-064,MAINLAND_PEP_HIGH,rag-v4,S6,pep-high-s6-bivariate-data,fill-in,11,11,pass,none,OK
pep-high-s6-rag4-fi-065,MAINLAND_PEP_HIGH,rag-v4,S6,pep-high-s6-bivariate-data,fill-in,7,7,pass,none,OK
pep-high-s6-rag4-fi-066,MAINLAND_PEP_HIGH,rag-v4,S6,pep-high-s6-bivariate-data,fill-in,3,3,pass,none,OK
pep-high-s6-rag4-fi-067,MAINLAND_PEP_HIGH,rag-v4,S6,pep-high-s6-bivariate-data,fill-in,-1,-1,pass,none,OK
pep-high-s6-rag4-fi-068,MAINLAND_PEP_HIGH,rag-v4,S6,pep-high-s6-bivariate-data,fill-in,12,12,pass,none,OK
pep-high-s6-rag4-fi-069,MAINLAND_PEP_HIGH,rag-v4,S6,pep-high-s6-bivariate-data,fill-in,8,8,pass,none,OK
pep-high-s6-rag4-fi-070,MAINLAND_PEP_HIGH,rag-v4,S6,pep-high-s6-bivariate-data,fill-in,4,4,pass,none,OK
pep-high-s6-rag4-fi-071,MAINLAND_PEP_HIGH,rag-v4,S6,pep-high-s6-bivariate-data,fill-in,7,7,pass,none,OK
pep-high-s6-rag4-fi-072,MAINLAND_PEP_HIGH,rag-v4,S6,pep-high-s6-bivariate-data,fill-in,3,3,pass,none,OK
pep-high-s6-rag4-fi-073,MAINLAND_PEP_HIGH,rag-v4,S6,pep-high-s6-derivative-synthesis,fill-in,9,9,pass,none,OK
pep-high-s6-rag4-fi-074,MAINLAND_PEP_HIGH,rag-v4,S6,pep-high-s6-derivative-synthesis,fill-in,18,18,pass,none,OK
pep-high-s6-rag4-fi-075,MAINLAND_PEP_HIGH,rag-v4,S6,pep-high-s6-derivative-synthesis,fill-in,4,4,pass,none,OK
pep-high-s6-rag4-fi-076,MAINLAND_PEP_HIGH,rag-v4,S6,pep-high-s6-derivative-synthesis,fill-in,38,38,pass,none,OK
pep-high-s6-rag4-fi-077,MAINLAND_PEP_HIGH,rag-v4,S6,pep-high-s6-derivative-synthesis,fill-in,19,19,pass,none,OK
pep-high-s6-rag4-fi-078,MAINLAND_PEP_HIGH,rag-v4,S6,pep-high-s6-derivative-synthesis,fill-in,25,25,pass,none,OK
pep-high-s6-rag4-fi-079,MAINLAND_PEP_HIGH,rag-v4,S6,pep-high-s6-derivative-synthesis,fill-in,7,7,pass,none,OK
pep-high-s6-rag4-fi-080,MAINLAND_PEP_HIGH,rag-v4,S6,pep-high-s6-derivative-synthesis,fill-in,5,5,pass,none,OK
pep-high-s6-rag4-fi-081,MAINLAND_PEP_HIGH,rag-v4,S6,pep-high-s6-derivative-synthesis,fill-in,22,22,pass,none,OK
pep-high-s6-rag4-fi-082,MAINLAND_PEP_HIGH,rag-v4,S6,pep-high-s6-derivative-synthesis,fill-in,32,32,pass,none,OK
pep-high-s6-rag4-fi-083,MAINLAND_PEP_HIGH,rag-v4,S6,pep-high-s6-derivative-synthesis,fill-in,10,10,pass,none,OK
pep-high-s6-rag4-fi-084,MAINLAND_PEP_HIGH,rag-v4,S6,pep-high-s6-derivative-synthesis,fill-in,19,19,pass,none,OK
pep-high-s6-rag4-fi-085,MAINLAND_PEP_HIGH,rag-v4,S6,pep-high-s6-derivative-synthesis,fill-in,5,5,pass,none,OK
pep-high-s6-rag4-fi-086,MAINLAND_PEP_HIGH,rag-v4,S6,pep-high-s6-derivative-synthesis,fill-in,39,39,pass,none,OK
pep-high-s6-rag4-fi-087,MAINLAND_PEP_HIGH,rag-v4,S6,pep-high-s6-derivative-synthesis,fill-in,13,13,pass,none,OK
pep-high-s6-rag4-fi-088,MAINLAND_PEP_HIGH,rag-v4,S6,pep-high-s6-derivative-synthesis,fill-in,26,26,pass,none,OK
pep-high-s6-rag4-fi-089,MAINLAND_PEP_HIGH,rag-v4,S6,pep-high-s6-derivative-synthesis,fill-in,8,8,pass,none,OK
pep-high-s6-rag4-fi-090,MAINLAND_PEP_HIGH,rag-v4,S6,pep-high-s6-derivative-synthesis,fill-in,6,6,pass,none,OK
pep-high-s6-rag4-fi-091,MAINLAND_PEP_HIGH,rag-v4,S6,pep-high-s6-derivative-synthesis,fill-in,23,23,pass,none,OK
pep-high-s6-rag4-fi-092,MAINLAND_PEP_HIGH,rag-v4,S6,pep-high-s6-derivative-synthesis,fill-in,33,33,pass,none,OK
pep-high-s6-rag4-fi-093,MAINLAND_PEP_HIGH,rag-v4,S6,pep-high-s6-derivative-synthesis,fill-in,11,11,pass,none,OK
pep-high-s6-rag4-fi-094,MAINLAND_PEP_HIGH,rag-v4,S6,pep-high-s6-derivative-synthesis,fill-in,13,13,pass,none,OK
pep-high-s6-rag4-fi-095,MAINLAND_PEP_HIGH,rag-v4,S6,pep-high-s6-derivative-synthesis,fill-in,6,6,pass,none,OK
pep-high-s6-rag4-fi-096,MAINLAND_PEP_HIGH,rag-v4,S6,pep-high-s6-analytic-geometry-synthesis,fill-in,9,9,pass,none,OK
pep-high-s6-rag4-fi-097,MAINLAND_PEP_HIGH,rag-v4,S6,pep-high-s6-analytic-geometry-synthesis,fill-in,0,0,pass,none,OK
pep-high-s6-rag4-fi-098,MAINLAND_PEP_HIGH,rag-v4,S6,pep-high-s6-analytic-geometry-synthesis,fill-in,48,48,pass,none,OK
pep-high-s6-rag4-fi-099,MAINLAND_PEP_HIGH,rag-v4,S6,pep-high-s6-analytic-geometry-synthesis,fill-in,33,33,pass,none,OK
pep-high-s6-rag4-fi-100,MAINLAND_PEP_HIGH,rag-v4,S6,pep-high-s6-analytic-geometry-synthesis,fill-in,20,20,pass,none,OK
pep-high-s6-rag4-fi-101,MAINLAND_PEP_HIGH,rag-v4,S6,pep-high-s6-analytic-geometry-synthesis,fill-in,9,9,pass,none,OK
pep-high-s6-rag4-fi-102,MAINLAND_PEP_HIGH,rag-v4,S6,pep-high-s6-analytic-geometry-synthesis,fill-in,0,0,pass,none,OK
pep-high-s6-rag4-fi-103,MAINLAND_PEP_HIGH,rag-v4,S6,pep-high-s6-analytic-geometry-synthesis,fill-in,48,48,pass,none,OK
pep-high-s6-rag4-fi-104,MAINLAND_PEP_HIGH,rag-v4,S6,pep-high-s6-analytic-geometry-synthesis,fill-in,33,33,pass,none,OK
pep-high-s6-rag4-fi-105,MAINLAND_PEP_HIGH,rag-v4,S6,pep-high-s6-analytic-geometry-synthesis,fill-in,20,20,pass,none,OK
pep-high-s6-rag4-fi-106,MAINLAND_PEP_HIGH,rag-v4,S6,pep-high-s6-analytic-geometry-synthesis,fill-in,9,9,pass,none,OK
pep-high-s6-rag4-fi-107,MAINLAND_PEP_HIGH,rag-v4,S6,pep-high-s6-analytic-geometry-synthesis,fill-in,0,0,pass,none,OK
pep-high-s6-rag4-fi-108,MAINLAND_PEP_HIGH,rag-v4,S6,pep-high-s6-analytic-geometry-synthesis,fill-in,48,48,pass,none,OK
pep-high-s6-rag4-fi-109,MAINLAND_PEP_HIGH,rag-v4,S6,pep-high-s6-analytic-geometry-synthesis,fill-in,33,33,pass,none,OK
pep-high-s6-rag4-fi-110,MAINLAND_PEP_HIGH,rag-v4,S6,pep-high-s6-analytic-geometry-synthesis,fill-in,20,20,pass,none,OK
pep-high-s6-rag4-fi-111,MAINLAND_PEP_HIGH,rag-v4,S6,pep-high-s6-analytic-geometry-synthesis,fill-in,9,9,pass,none,OK
pep-high-s6-rag4-fi-112,MAINLAND_PEP_HIGH,rag-v4,S6,pep-high-s6-analytic-geometry-synthesis,fill-in,0,0,pass,none,OK
pep-high-s6-rag4-fi-113,MAINLAND_PEP_HIGH,rag-v4,S6,pep-high-s6-analytic-geometry-synthesis,fill-in,48,48,pass,none,OK
pep-high-s6-rag4-fi-114,MAINLAND_PEP_HIGH,rag-v4,S6,pep-high-s6-analytic-geometry-synthesis,fill-in,33,33,pass,none,OK
pep-high-s6-rag4-fi-115,MAINLAND_PEP_HIGH,rag-v4,S6,pep-high-s6-analytic-geometry-synthesis,fill-in,20,20,pass,none,OK
pep-high-s6-rag4-fi-116,MAINLAND_PEP_HIGH,rag-v4,S6,pep-high-s6-analytic-geometry-synthesis,fill-in,9,9,pass,none,OK
pep-high-s6-rag4-fi-117,MAINLAND_PEP_HIGH,rag-v4,S6,pep-high-s6-analytic-geometry-synthesis,fill-in,0,0,pass,none,OK
pep-high-s6-rag4-fi-118,MAINLAND_PEP_HIGH,rag-v4,S6,pep-high-s6-analytic-geometry-synthesis,fill-in,48,48,pass,none,OK
pep-high-s6-rag4-fi-119,MAINLAND_PEP_HIGH,rag-v4,S6,pep-high-s6-analytic-geometry-synthesis,fill-in,33,33,pass,none,OK
pep-high-s6-rag4-fi-120,MAINLAND_PEP_HIGH,rag-v4,S6,pep-high-s6-probability-statistics-synthesis,fill-in,1/2,1/2,pass,none,OK
pep-high-s6-rag4-fi-121,MAINLAND_PEP_HIGH,rag-v4,S6,pep-high-s6-probability-statistics-synthesis,fill-in,5/12,5/12,pass,none,OK
pep-high-s6-rag4-fi-122,MAINLAND_PEP_HIGH,rag-v4,S6,pep-high-s6-probability-statistics-synthesis,fill-in,1/3,1/3,pass,none,OK
pep-high-s6-rag4-fi-123,MAINLAND_PEP_HIGH,rag-v4,S6,pep-high-s6-probability-statistics-synthesis,fill-in,1/2,1/2,pass,none,OK
pep-high-s6-rag4-fi-124,MAINLAND_PEP_HIGH,rag-v4,S6,pep-high-s6-probability-statistics-synthesis,fill-in,3/7,3/7,pass,none,OK
pep-high-s6-rag4-fi-125,MAINLAND_PEP_HIGH,rag-v4,S6,pep-high-s6-probability-statistics-synthesis,fill-in,5/8,5/8,pass,none,OK
pep-high-s6-rag4-fi-126,MAINLAND_PEP_HIGH,rag-v4,S6,pep-high-s6-probability-statistics-synthesis,fill-in,3/10,3/10,pass,none,OK
pep-high-s6-rag4-fi-127,MAINLAND_PEP_HIGH,rag-v4,S6,pep-high-s6-probability-statistics-synthesis,fill-in,5/11,5/11,pass,none,OK
pep-high-s6-rag4-fi-128,MAINLAND_PEP_HIGH,rag-v4,S6,pep-high-s6-probability-statistics-synthesis,fill-in,3/8,3/8,pass,none,OK
pep-high-s6-rag4-fi-129,MAINLAND_PEP_HIGH,rag-v4,S6,pep-high-s6-probability-statistics-synthesis,fill-in,5/9,5/9,pass,none,OK
pep-high-s6-rag4-fi-130,MAINLAND_PEP_HIGH,rag-v4,S6,pep-high-s6-probability-statistics-synthesis,fill-in,1/2,1/2,pass,none,OK
pep-high-s6-rag4-fi-131,MAINLAND_PEP_HIGH,rag-v4,S6,pep-high-s6-probability-statistics-synthesis,fill-in,5/12,5/12,pass,none,OK
pep-high-s6-rag4-fi-132,MAINLAND_PEP_HIGH,rag-v4,S6,pep-high-s6-probability-statistics-synthesis,fill-in,1/3,1/3,pass,none,OK
pep-high-s6-rag4-fi-133,MAINLAND_PEP_HIGH,rag-v4,S6,pep-high-s6-probability-statistics-synthesis,fill-in,1/2,1/2,pass,none,OK
pep-high-s6-rag4-fi-134,MAINLAND_PEP_HIGH,rag-v4,S6,pep-high-s6-probability-statistics-synthesis,fill-in,3/7,3/7,pass,none,OK
pep-high-s6-rag4-fi-135,MAINLAND_PEP_HIGH,rag-v4,S6,pep-high-s6-probability-statistics-synthesis,fill-in,5/8,5/8,pass,none,OK
pep-high-s6-rag4-fi-136,MAINLAND_PEP_HIGH,rag-v4,S6,pep-high-s6-probability-statistics-synthesis,fill-in,3/10,3/10,pass,none,OK
pep-high-s6-rag4-fi-137,MAINLAND_PEP_HIGH,rag-v4,S6,pep-high-s6-probability-statistics-synthesis,fill-in,5/11,5/11,pass,none,OK
pep-high-s6-rag4-fi-138,MAINLAND_PEP_HIGH,rag-v4,S6,pep-high-s6-probability-statistics-synthesis,fill-in,3/8,3/8,pass,none,OK
pep-high-s6-rag4-fi-139,MAINLAND_PEP_HIGH,rag-v4,S6,pep-high-s6-probability-statistics-synthesis,fill-in,5/9,5/9,pass,none,OK
pep-high-s6-rag4-fi-140,MAINLAND_PEP_HIGH,rag-v4,S6,pep-high-s6-probability-statistics-synthesis,fill-in,1/2,1/2,pass,none,OK
pep-high-s6-rag4-fi-141,MAINLAND_PEP_HIGH,rag-v4,S6,pep-high-s6-probability-statistics-synthesis,fill-in,5/12,5/12,pass,none,OK
pep-high-s6-rag4-fi-142,MAINLAND_PEP_HIGH,rag-v4,S6,pep-high-s6-probability-statistics-synthesis,fill-in,1/3,1/3,pass,none,OK
pep-high-s6-rag4-fi-143,MAINLAND_PEP_HIGH,rag-v4,S6,pep-high-s6-exam-practice,fill-in,81,81,pass,none,OK
pep-high-s6-rag4-fi-144,MAINLAND_PEP_HIGH,rag-v4,S6,pep-high-s6-exam-practice,fill-in,12,12,pass,none,OK
pep-high-s6-rag4-fi-145,MAINLAND_PEP_HIGH,rag-v4,S6,pep-high-s6-exam-practice,fill-in,324,324,pass,none,OK
pep-high-s6-rag4-fi-146,MAINLAND_PEP_HIGH,rag-v4,S6,pep-high-s6-exam-practice,fill-in,75,75,pass,none,OK
pep-high-s6-rag4-fi-147,MAINLAND_PEP_HIGH,rag-v4,S6,pep-high-s6-exam-practice,fill-in,144,144,pass,none,OK
pep-high-s6-rag4-fi-148,MAINLAND_PEP_HIGH,rag-v4,S6,pep-high-s6-exam-practice,fill-in,27,27,pass,none,OK
pep-high-s6-rag4-fi-149,MAINLAND_PEP_HIGH,rag-v4,S6,pep-high-s6-exam-practice,fill-in,36,36,pass,none,OK
pep-high-s6-rag4-fi-150,MAINLAND_PEP_HIGH,rag-v4,S6,pep-high-s6-exam-practice,fill-in,108,108,pass,none,OK
pep-high-s6-rag4-fi-151,MAINLAND_PEP_HIGH,rag-v4,S6,pep-high-s6-exam-practice,fill-in,225,225,pass,none,OK
pep-high-s6-rag4-fi-152,MAINLAND_PEP_HIGH,rag-v4,S6,pep-high-s6-exam-practice,fill-in,48,48,pass,none,OK
pep-high-s6-rag4-fi-153,MAINLAND_PEP_HIGH,rag-v4,S6,pep-high-s6-exam-practice,fill-in,81,81,pass,none,OK
pep-high-s6-rag4-fi-154,MAINLAND_PEP_HIGH,rag-v4,S6,pep-high-s6-exam-practice,fill-in,12,12,pass,none,OK
pep-high-s6-rag4-fi-155,MAINLAND_PEP_HIGH,rag-v4,S6,pep-high-s6-exam-practice,fill-in,324,324,pass,none,OK
pep-high-s6-rag4-fi-156,MAINLAND_PEP_HIGH,rag-v4,S6,pep-high-s6-exam-practice,fill-in,75,75,pass,none,OK
pep-high-s6-rag4-fi-157,MAINLAND_PEP_HIGH,rag-v4,S6,pep-high-s6-exam-practice,fill-in,144,144,pass,none,OK
pep-high-s6-rag4-fi-158,MAINLAND_PEP_HIGH,rag-v4,S6,pep-high-s6-exam-practice,fill-in,27,27,pass,none,OK
pep-high-s6-rag4-fi-159,MAINLAND_PEP_HIGH,rag-v4,S6,pep-high-s6-exam-practice,fill-in,36,36,pass,none,OK
pep-high-s6-rag4-fi-160,MAINLAND_PEP_HIGH,rag-v4,S6,pep-high-s6-exam-practice,fill-in,108,108,pass,none,OK
pep-high-s6-rag4-fi-161,MAINLAND_PEP_HIGH,rag-v4,S6,pep-high-s6-exam-practice,fill-in,225,225,pass,none,OK
pep-high-s6-rag4-fi-162,MAINLAND_PEP_HIGH,rag-v4,S6,pep-high-s6-exam-practice,fill-in,48,48,pass,none,OK
pep-high-s6-rag4-fi-163,MAINLAND_PEP_HIGH,rag-v4,S6,pep-high-s6-exam-practice,fill-in,81,81,pass,none,OK
pep-high-s6-rag4-fi-164,MAINLAND_PEP_HIGH,rag-v4,S6,pep-high-s6-exam-practice,fill-in,12,12,pass,none,OK
pep-high-s6-rag4-fi-165,MAINLAND_PEP_HIGH,rag-v4,S6,pep-high-s6-exam-practice,fill-in,324,324,pass,none,OK
pep-high-s6-rag4-sa-001,MAINLAND_PEP_HIGH,rag-v4,S6,pep-high-s6-counting,short-answer,21,21,pass,none,OK
pep-high-s6-rag4-sa-002,MAINLAND_PEP_HIGH,rag-v4,S6,pep-high-s6-counting,short-answer,10,10,pass,none,OK
pep-high-s6-rag4-sa-003,MAINLAND_PEP_HIGH,rag-v4,S6,pep-high-s6-counting,short-answer,55,55,pass,none,OK
pep-high-s6-rag4-sa-004,MAINLAND_PEP_HIGH,rag-v4,S6,pep-high-s6-counting,short-answer,36,36,pass,none,OK
pep-high-s6-rag4-sa-005,MAINLAND_PEP_HIGH,rag-v4,S6,pep-high-s6-counting,short-answer,21,21,pass,none,OK
pep-high-s6-rag4-sa-006,MAINLAND_PEP_HIGH,rag-v4,S6,pep-high-s6-counting,short-answer,10,10,pass,none,OK
pep-high-s6-rag4-sa-007,MAINLAND_PEP_HIGH,rag-v4,S6,pep-high-s6-counting,short-answer,55,55,pass,none,OK
pep-high-s6-rag4-sa-008,MAINLAND_PEP_HIGH,rag-v4,S6,pep-high-s6-counting,short-answer,36,36,pass,none,OK
pep-high-s6-rag4-sa-009,MAINLAND_PEP_HIGH,rag-v4,S6,pep-high-s6-counting,short-answer,21,21,pass,none,OK
pep-high-s6-rag4-sa-010,MAINLAND_PEP_HIGH,rag-v4,S6,pep-high-s6-counting,short-answer,10,10,pass,none,OK
pep-high-s6-rag4-sa-011,MAINLAND_PEP_HIGH,rag-v4,S6,pep-high-s6-counting,short-answer,55,55,pass,none,OK
pep-high-s6-rag4-sa-012,MAINLAND_PEP_HIGH,rag-v4,S6,pep-high-s6-counting,short-answer,36,36,pass,none,OK
pep-high-s6-rag4-sa-013,MAINLAND_PEP_HIGH,rag-v4,S6,pep-high-s6-counting,short-answer,21,21,pass,none,OK
pep-high-s6-rag4-sa-014,MAINLAND_PEP_HIGH,rag-v4,S6,pep-high-s6-counting,short-answer,10,10,pass,none,OK
pep-high-s6-rag4-sa-015,MAINLAND_PEP_HIGH,rag-v4,S6,pep-high-s6-counting,short-answer,55,55,pass,none,OK
pep-high-s6-rag4-sa-016,MAINLAND_PEP_HIGH,rag-v4,S6,pep-high-s6-counting,short-answer,36,36,pass,none,OK
pep-high-s6-rag4-sa-017,MAINLAND_PEP_HIGH,rag-v4,S6,pep-high-s6-counting,short-answer,21,21,pass,none,OK
pep-high-s6-rag4-sa-018,MAINLAND_PEP_HIGH,rag-v4,S6,pep-high-s6-counting,short-answer,10,10,pass,none,OK
pep-high-s6-rag4-sa-019,MAINLAND_PEP_HIGH,rag-v4,S6,pep-high-s6-counting,short-answer,55,55,pass,none,OK
pep-high-s6-rag4-sa-020,MAINLAND_PEP_HIGH,rag-v4,S6,pep-high-s6-counting,short-answer,36,36,pass,none,OK
pep-high-s6-rag4-sa-021,MAINLAND_PEP_HIGH,rag-v4,S6,pep-high-s6-counting,short-answer,21,21,pass,none,OK
pep-high-s6-rag4-sa-022,MAINLAND_PEP_HIGH,rag-v4,S6,pep-high-s6-counting,short-answer,10,10,pass,none,OK
pep-high-s6-rag4-sa-023,MAINLAND_PEP_HIGH,rag-v4,S6,pep-high-s6-counting,short-answer,55,55,pass,none,OK
pep-high-s6-rag4-sa-024,MAINLAND_PEP_HIGH,rag-v4,S6,pep-high-s6-random-variables,short-answer,0.75,0.75,pass,none,OK
pep-high-s6-rag4-sa-025,MAINLAND_PEP_HIGH,rag-v4,S6,pep-high-s6-random-variables,short-answer,2.25,2.25,pass,none,OK
pep-high-s6-rag4-sa-026,MAINLAND_PEP_HIGH,rag-v4,S6,pep-high-s6-random-variables,short-answer,1.875,1.875,pass,none,OK
pep-high-s6-rag4-sa-027,MAINLAND_PEP_HIGH,rag-v4,S6,pep-high-s6-random-variables,short-answer,1.5,1.5,pass,none,OK
pep-high-s6-rag4-sa-028,MAINLAND_PEP_HIGH,rag-v4,S6,pep-high-s6-random-variables,short-answer,1.125,1.125,pass,none,OK
pep-high-s6-rag4-sa-029,MAINLAND_PEP_HIGH,rag-v4,S6,pep-high-s6-random-variables,short-answer,0.75,0.75,pass,none,OK
pep-high-s6-rag4-sa-030,MAINLAND_PEP_HIGH,rag-v4,S6,pep-high-s6-random-variables,short-answer,2.25,2.25,pass,none,OK
pep-high-s6-rag4-sa-031,MAINLAND_PEP_HIGH,rag-v4,S6,pep-high-s6-random-variables,short-answer,1.875,1.875,pass,none,OK
pep-high-s6-rag4-sa-032,MAINLAND_PEP_HIGH,rag-v4,S6,pep-high-s6-random-variables,short-answer,1.5,1.5,pass,none,OK
pep-high-s6-rag4-sa-033,MAINLAND_PEP_HIGH,rag-v4,S6,pep-high-s6-random-variables,short-answer,1.125,1.125,pass,none,OK
pep-high-s6-rag4-sa-034,MAINLAND_PEP_HIGH,rag-v4,S6,pep-high-s6-random-variables,short-answer,0.75,0.75,pass,none,OK
pep-high-s6-rag4-sa-035,MAINLAND_PEP_HIGH,rag-v4,S6,pep-high-s6-random-variables,short-answer,2.25,2.25,pass,none,OK
pep-high-s6-rag4-sa-036,MAINLAND_PEP_HIGH,rag-v4,S6,pep-high-s6-random-variables,short-answer,1.875,1.875,pass,none,OK
pep-high-s6-rag4-sa-037,MAINLAND_PEP_HIGH,rag-v4,S6,pep-high-s6-random-variables,short-answer,1.5,1.5,pass,none,OK
pep-high-s6-rag4-sa-038,MAINLAND_PEP_HIGH,rag-v4,S6,pep-high-s6-random-variables,short-answer,1.125,1.125,pass,none,OK
pep-high-s6-rag4-sa-039,MAINLAND_PEP_HIGH,rag-v4,S6,pep-high-s6-random-variables,short-answer,0.75,0.75,pass,none,OK
pep-high-s6-rag4-sa-040,MAINLAND_PEP_HIGH,rag-v4,S6,pep-high-s6-random-variables,short-answer,2.25,2.25,pass,none,OK
pep-high-s6-rag4-sa-041,MAINLAND_PEP_HIGH,rag-v4,S6,pep-high-s6-random-variables,short-answer,1.875,1.875,pass,none,OK
pep-high-s6-rag4-sa-042,MAINLAND_PEP_HIGH,rag-v4,S6,pep-high-s6-random-variables,short-answer,1.5,1.5,pass,none,OK
pep-high-s6-rag4-sa-043,MAINLAND_PEP_HIGH,rag-v4,S6,pep-high-s6-random-variables,short-answer,1.125,1.125,pass,none,OK
pep-high-s6-rag4-sa-044,MAINLAND_PEP_HIGH,rag-v4,S6,pep-high-s6-random-variables,short-answer,0.75,0.75,pass,none,OK
pep-high-s6-rag4-sa-045,MAINLAND_PEP_HIGH,rag-v4,S6,pep-high-s6-random-variables,short-answer,2.25,2.25,pass,none,OK
pep-high-s6-rag4-sa-046,MAINLAND_PEP_HIGH,rag-v4,S6,pep-high-s6-random-variables,short-answer,1.875,1.875,pass,none,OK
pep-high-s6-rag4-sa-047,MAINLAND_PEP_HIGH,rag-v4,S6,pep-high-s6-bivariate-data,short-answer,3,3,pass,none,OK
pep-high-s6-rag4-sa-048,MAINLAND_PEP_HIGH,rag-v4,S6,pep-high-s6-bivariate-data,short-answer,5,5,pass,none,OK
pep-high-s6-rag4-sa-049,MAINLAND_PEP_HIGH,rag-v4,S6,pep-high-s6-bivariate-data,short-answer,3,3,pass,none,OK
pep-high-s6-rag4-sa-050,MAINLAND_PEP_HIGH,rag-v4,S6,pep-high-s6-bivariate-data,short-answer,5,5,pass,none,OK
pep-high-s6-rag4-sa-051,MAINLAND_PEP_HIGH,rag-v4,S6,pep-high-s6-bivariate-data,short-answer,3,3,pass,none,OK
pep-high-s6-rag4-sa-052,MAINLAND_PEP_HIGH,rag-v4,S6,pep-high-s6-bivariate-data,short-answer,5,5,pass,none,OK
pep-high-s6-rag4-sa-053,MAINLAND_PEP_HIGH,rag-v4,S6,pep-high-s6-bivariate-data,short-answer,3,3,pass,none,OK
pep-high-s6-rag4-sa-054,MAINLAND_PEP_HIGH,rag-v4,S6,pep-high-s6-bivariate-data,short-answer,5,5,pass,none,OK
pep-high-s6-rag4-sa-055,MAINLAND_PEP_HIGH,rag-v4,S6,pep-high-s6-bivariate-data,short-answer,3,3,pass,none,OK
pep-high-s6-rag4-sa-056,MAINLAND_PEP_HIGH,rag-v4,S6,pep-high-s6-bivariate-data,short-answer,5,5,pass,none,OK
pep-high-s6-rag4-sa-057,MAINLAND_PEP_HIGH,rag-v4,S6,pep-high-s6-bivariate-data,short-answer,3,3,pass,none,OK
pep-high-s6-rag4-sa-058,MAINLAND_PEP_HIGH,rag-v4,S6,pep-high-s6-bivariate-data,short-answer,5,5,pass,none,OK
pep-high-s6-rag4-sa-059,MAINLAND_PEP_HIGH,rag-v4,S6,pep-high-s6-bivariate-data,short-answer,3,3,pass,none,OK
pep-high-s6-rag4-sa-060,MAINLAND_PEP_HIGH,rag-v4,S6,pep-high-s6-bivariate-data,short-answer,5,5,pass,none,OK
pep-high-s6-rag4-sa-061,MAINLAND_PEP_HIGH,rag-v4,S6,pep-high-s6-bivariate-data,short-answer,3,3,pass,none,OK
pep-high-s6-rag4-sa-062,MAINLAND_PEP_HIGH,rag-v4,S6,pep-high-s6-bivariate-data,short-answer,5,5,pass,none,OK
pep-high-s6-rag4-sa-063,MAINLAND_PEP_HIGH,rag-v4,S6,pep-high-s6-bivariate-data,short-answer,3,3,pass,none,OK
pep-high-s6-rag4-sa-064,MAINLAND_PEP_HIGH,rag-v4,S6,pep-high-s6-bivariate-data,short-answer,5,5,pass,none,OK
pep-high-s6-rag4-sa-065,MAINLAND_PEP_HIGH,rag-v4,S6,pep-high-s6-bivariate-data,short-answer,3,3,pass,none,OK
pep-high-s6-rag4-sa-066,MAINLAND_PEP_HIGH,rag-v4,S6,pep-high-s6-bivariate-data,short-answer,5,5,pass,none,OK
pep-high-s6-rag4-sa-067,MAINLAND_PEP_HIGH,rag-v4,S6,pep-high-s6-bivariate-data,short-answer,3,3,pass,none,OK
pep-high-s6-rag4-sa-068,MAINLAND_PEP_HIGH,rag-v4,S6,pep-high-s6-bivariate-data,short-answer,5,5,pass,none,OK
pep-high-s6-rag4-sa-069,MAINLAND_PEP_HIGH,rag-v4,S6,pep-high-s6-bivariate-data,short-answer,3,3,pass,none,OK
pep-high-s6-rag4-sa-070,MAINLAND_PEP_HIGH,rag-v4,S6,pep-high-s6-bivariate-data,short-answer,5,5,pass,none,OK
pep-high-s6-rag4-sa-071,MAINLAND_PEP_HIGH,rag-v4,S6,pep-high-s6-bivariate-data,short-answer,3,3,pass,none,OK
pep-high-s6-rag4-sa-072,MAINLAND_PEP_HIGH,rag-v4,S6,pep-high-s6-derivative-synthesis,short-answer,-0.25,-0.25,pass,none,OK
pep-high-s6-rag4-sa-073,MAINLAND_PEP_HIGH,rag-v4,S6,pep-high-s6-derivative-synthesis,short-answer,0.5,0.5,pass,none,OK
pep-high-s6-rag4-sa-074,MAINLAND_PEP_HIGH,rag-v4,S6,pep-high-s6-derivative-synthesis,short-answer,0.3,0.3,pass,none,OK
pep-high-s6-rag4-sa-075,MAINLAND_PEP_HIGH,rag-v4,S6,pep-high-s6-derivative-synthesis,short-answer,-0.25,-0.25,pass,none,OK
pep-high-s6-rag4-sa-076,MAINLAND_PEP_HIGH,rag-v4,S6,pep-high-s6-derivative-synthesis,short-answer,0,0,pass,none,OK
pep-high-s6-rag4-sa-077,MAINLAND_PEP_HIGH,rag-v4,S6,pep-high-s6-derivative-synthesis,short-answer,0.5,0.5,pass,none,OK
pep-high-s6-rag4-sa-078,MAINLAND_PEP_HIGH,rag-v4,S6,pep-high-s6-derivative-synthesis,short-answer,-1.5,-1.5,pass,none,OK
pep-high-s6-rag4-sa-079,MAINLAND_PEP_HIGH,rag-v4,S6,pep-high-s6-derivative-synthesis,short-answer,-0.1,-0.1,pass,none,OK
pep-high-s6-rag4-sa-080,MAINLAND_PEP_HIGH,rag-v4,S6,pep-high-s6-derivative-synthesis,short-answer,0.125,0.125,pass,none,OK
pep-high-s6-rag4-sa-081,MAINLAND_PEP_HIGH,rag-v4,S6,pep-high-s6-derivative-synthesis,short-answer,0.5,0.5,pass,none,OK
pep-high-s6-rag4-sa-082,MAINLAND_PEP_HIGH,rag-v4,S6,pep-high-s6-derivative-synthesis,short-answer,-0.5,-0.5,pass,none,OK
pep-high-s6-rag4-sa-083,MAINLAND_PEP_HIGH,rag-v4,S6,pep-high-s6-derivative-synthesis,short-answer,0,0,pass,none,OK
pep-high-s6-rag4-sa-084,MAINLAND_PEP_HIGH,rag-v4,S6,pep-high-s6-derivative-synthesis,short-answer,0.2,0.2,pass,none,OK
pep-high-s6-rag4-sa-085,MAINLAND_PEP_HIGH,rag-v4,S6,pep-high-s6-derivative-synthesis,short-answer,-0.375,-0.375,pass,none,OK
pep-high-s6-rag4-sa-086,MAINLAND_PEP_HIGH,rag-v4,S6,pep-high-s6-derivative-synthesis,short-answer,-0.167,-0.167,pass,none,OK
pep-high-s6-rag4-sa-087,MAINLAND_PEP_HIGH,rag-v4,S6,pep-high-s6-derivative-synthesis,short-answer,0.25,0.25,pass,none,OK
pep-high-s6-rag4-sa-088,MAINLAND_PEP_HIGH,rag-v4,S6,pep-high-s6-derivative-synthesis,short-answer,1.5,1.5,pass,none,OK
pep-high-s6-rag4-sa-089,MAINLAND_PEP_HIGH,rag-v4,S6,pep-high-s6-derivative-synthesis,short-answer,-0.2,-0.2,pass,none,OK
pep-high-s6-rag4-sa-090,MAINLAND_PEP_HIGH,rag-v4,S6,pep-high-s6-derivative-synthesis,short-answer,0,0,pass,none,OK
pep-high-s6-rag4-sa-091,MAINLAND_PEP_HIGH,rag-v4,S6,pep-high-s6-derivative-synthesis,short-answer,0.333,0.333,pass,none,OK
pep-high-s6-rag4-sa-092,MAINLAND_PEP_HIGH,rag-v4,S6,pep-high-s6-derivative-synthesis,short-answer,-0.75,-0.75,pass,none,OK
pep-high-s6-rag4-sa-093,MAINLAND_PEP_HIGH,rag-v4,S6,pep-high-s6-derivative-synthesis,short-answer,-0.5,-0.5,pass,none,OK
pep-high-s6-rag4-sa-094,MAINLAND_PEP_HIGH,rag-v4,S6,pep-high-s6-derivative-synthesis,short-answer,0.1,0.1,pass,none,OK
pep-high-s6-rag4-sa-095,MAINLAND_PEP_HIGH,rag-v4,S6,pep-high-s6-analytic-geometry-synthesis,short-answer,3,3,pass,none,OK
pep-high-s6-rag4-sa-096,MAINLAND_PEP_HIGH,rag-v4,S6,pep-high-s6-analytic-geometry-synthesis,short-answer,3,3,pass,none,OK
pep-high-s6-rag4-sa-097,MAINLAND_PEP_HIGH,rag-v4,S6,pep-high-s6-analytic-geometry-synthesis,short-answer,3,3,pass,none,OK
pep-high-s6-rag4-sa-098,MAINLAND_PEP_HIGH,rag-v4,S6,pep-high-s6-analytic-geometry-synthesis,short-answer,3,3,pass,none,OK
pep-high-s6-rag4-sa-099,MAINLAND_PEP_HIGH,rag-v4,S6,pep-high-s6-analytic-geometry-synthesis,short-answer,3,3,pass,none,OK
pep-high-s6-rag4-sa-100,MAINLAND_PEP_HIGH,rag-v4,S6,pep-high-s6-analytic-geometry-synthesis,short-answer,3,3,pass,none,OK
pep-high-s6-rag4-sa-101,MAINLAND_PEP_HIGH,rag-v4,S6,pep-high-s6-analytic-geometry-synthesis,short-answer,3,3,pass,none,OK
pep-high-s6-rag4-sa-102,MAINLAND_PEP_HIGH,rag-v4,S6,pep-high-s6-analytic-geometry-synthesis,short-answer,3,3,pass,none,OK
pep-high-s6-rag4-sa-103,MAINLAND_PEP_HIGH,rag-v4,S6,pep-high-s6-analytic-geometry-synthesis,short-answer,3,3,pass,none,OK
pep-high-s6-rag4-sa-104,MAINLAND_PEP_HIGH,rag-v4,S6,pep-high-s6-analytic-geometry-synthesis,short-answer,3,3,pass,none,OK
pep-high-s6-rag4-sa-105,MAINLAND_PEP_HIGH,rag-v4,S6,pep-high-s6-analytic-geometry-synthesis,short-answer,3,3,pass,none,OK
pep-high-s6-rag4-sa-106,MAINLAND_PEP_HIGH,rag-v4,S6,pep-high-s6-analytic-geometry-synthesis,short-answer,3,3,pass,none,OK
pep-high-s6-rag4-sa-107,MAINLAND_PEP_HIGH,rag-v4,S6,pep-high-s6-analytic-geometry-synthesis,short-answer,3,3,pass,none,OK
pep-high-s6-rag4-sa-108,MAINLAND_PEP_HIGH,rag-v4,S6,pep-high-s6-analytic-geometry-synthesis,short-answer,3,3,pass,none,OK
pep-high-s6-rag4-sa-109,MAINLAND_PEP_HIGH,rag-v4,S6,pep-high-s6-analytic-geometry-synthesis,short-answer,3,3,pass,none,OK
pep-high-s6-rag4-sa-110,MAINLAND_PEP_HIGH,rag-v4,S6,pep-high-s6-analytic-geometry-synthesis,short-answer,3,3,pass,none,OK
pep-high-s6-rag4-sa-111,MAINLAND_PEP_HIGH,rag-v4,S6,pep-high-s6-analytic-geometry-synthesis,short-answer,3,3,pass,none,OK
pep-high-s6-rag4-sa-112,MAINLAND_PEP_HIGH,rag-v4,S6,pep-high-s6-analytic-geometry-synthesis,short-answer,3,3,pass,none,OK
pep-high-s6-rag4-sa-113,MAINLAND_PEP_HIGH,rag-v4,S6,pep-high-s6-analytic-geometry-synthesis,short-answer,3,3,pass,none,OK
pep-high-s6-rag4-sa-114,MAINLAND_PEP_HIGH,rag-v4,S6,pep-high-s6-analytic-geometry-synthesis,short-answer,3,3,pass,none,OK
pep-high-s6-rag4-sa-115,MAINLAND_PEP_HIGH,rag-v4,S6,pep-high-s6-analytic-geometry-synthesis,short-answer,3,3,pass,none,OK
pep-high-s6-rag4-sa-116,MAINLAND_PEP_HIGH,rag-v4,S6,pep-high-s6-analytic-geometry-synthesis,short-answer,3,3,pass,none,OK
pep-high-s6-rag4-sa-117,MAINLAND_PEP_HIGH,rag-v4,S6,pep-high-s6-analytic-geometry-synthesis,short-answer,3,3,pass,none,OK
pep-high-s6-rag4-sa-118,MAINLAND_PEP_HIGH,rag-v4,S6,pep-high-s6-probability-statistics-synthesis,short-answer,110,110,pass,none,OK
pep-high-s6-rag4-sa-119,MAINLAND_PEP_HIGH,rag-v4,S6,pep-high-s6-probability-statistics-synthesis,short-answer,56,56,pass,none,OK
pep-high-s6-rag4-sa-120,MAINLAND_PEP_HIGH,rag-v4,S6,pep-high-s6-probability-statistics-synthesis,short-answer,72,72,pass,none,OK
pep-high-s6-rag4-sa-121,MAINLAND_PEP_HIGH,rag-v4,S6,pep-high-s6-probability-statistics-synthesis,short-answer,30,30,pass,none,OK
pep-high-s6-rag4-sa-122,MAINLAND_PEP_HIGH,rag-v4,S6,pep-high-s6-probability-statistics-synthesis,short-answer,132,132,pass,none,OK
pep-high-s6-rag4-sa-123,MAINLAND_PEP_HIGH,rag-v4,S6,pep-high-s6-probability-statistics-synthesis,short-answer,72,72,pass,none,OK
pep-high-s6-rag4-sa-124,MAINLAND_PEP_HIGH,rag-v4,S6,pep-high-s6-probability-statistics-synthesis,short-answer,90,90,pass,none,OK
pep-high-s6-rag4-sa-125,MAINLAND_PEP_HIGH,rag-v4,S6,pep-high-s6-probability-statistics-synthesis,short-answer,42,42,pass,none,OK
pep-high-s6-rag4-sa-126,MAINLAND_PEP_HIGH,rag-v4,S6,pep-high-s6-probability-statistics-synthesis,short-answer,56,56,pass,none,OK
pep-high-s6-rag4-sa-127,MAINLAND_PEP_HIGH,rag-v4,S6,pep-high-s6-probability-statistics-synthesis,short-answer,90,90,pass,none,OK
pep-high-s6-rag4-sa-128,MAINLAND_PEP_HIGH,rag-v4,S6,pep-high-s6-probability-statistics-synthesis,short-answer,110,110,pass,none,OK
pep-high-s6-rag4-sa-129,MAINLAND_PEP_HIGH,rag-v4,S6,pep-high-s6-probability-statistics-synthesis,short-answer,56,56,pass,none,OK
pep-high-s6-rag4-sa-130,MAINLAND_PEP_HIGH,rag-v4,S6,pep-high-s6-probability-statistics-synthesis,short-answer,72,72,pass,none,OK
pep-high-s6-rag4-sa-131,MAINLAND_PEP_HIGH,rag-v4,S6,pep-high-s6-probability-statistics-synthesis,short-answer,30,30,pass,none,OK
pep-high-s6-rag4-sa-132,MAINLAND_PEP_HIGH,rag-v4,S6,pep-high-s6-probability-statistics-synthesis,short-answer,132,132,pass,none,OK
pep-high-s6-rag4-sa-133,MAINLAND_PEP_HIGH,rag-v4,S6,pep-high-s6-probability-statistics-synthesis,short-answer,72,72,pass,none,OK
pep-high-s6-rag4-sa-134,MAINLAND_PEP_HIGH,rag-v4,S6,pep-high-s6-probability-statistics-synthesis,short-answer,90,90,pass,none,OK
pep-high-s6-rag4-sa-135,MAINLAND_PEP_HIGH,rag-v4,S6,pep-high-s6-probability-statistics-synthesis,short-answer,42,42,pass,none,OK
pep-high-s6-rag4-sa-136,MAINLAND_PEP_HIGH,rag-v4,S6,pep-high-s6-probability-statistics-synthesis,short-answer,56,56,pass,none,OK
pep-high-s6-rag4-sa-137,MAINLAND_PEP_HIGH,rag-v4,S6,pep-high-s6-probability-statistics-synthesis,short-answer,90,90,pass,none,OK
pep-high-s6-rag4-sa-138,MAINLAND_PEP_HIGH,rag-v4,S6,pep-high-s6-probability-statistics-synthesis,short-answer,110,110,pass,none,OK
pep-high-s6-rag4-sa-139,MAINLAND_PEP_HIGH,rag-v4,S6,pep-high-s6-probability-statistics-synthesis,short-answer,56,56,pass,none,OK
pep-high-s6-rag4-sa-140,MAINLAND_PEP_HIGH,rag-v4,S6,pep-high-s6-probability-statistics-synthesis,short-answer,72,72,pass,none,OK
pep-high-s6-rag4-sa-141,MAINLAND_PEP_HIGH,rag-v4,S6,pep-high-s6-probability-statistics-synthesis,short-answer,30,30,pass,none,OK
pep-high-s6-rag4-sa-142,MAINLAND_PEP_HIGH,rag-v4,S6,pep-high-s6-exam-practice,short-answer,2/7,2/7,pass,none,OK
pep-high-s6-rag4-sa-143,MAINLAND_PEP_HIGH,rag-v4,S6,pep-high-s6-exam-practice,short-answer,2/11,2/11,pass,none,OK
pep-high-s6-rag4-sa-144,MAINLAND_PEP_HIGH,rag-v4,S6,pep-high-s6-exam-practice,short-answer,1/5,1/5,pass,none,OK
pep-high-s6-rag4-sa-145,MAINLAND_PEP_HIGH,rag-v4,S6,pep-high-s6-exam-practice,short-answer,2/9,2/9,pass,none,OK
pep-high-s6-rag4-sa-146,MAINLAND_PEP_HIGH,rag-v4,S6,pep-high-s6-exam-practice,short-answer,1/4,1/4,pass,none,OK
pep-high-s6-rag4-sa-147,MAINLAND_PEP_HIGH,rag-v4,S6,pep-high-s6-exam-practice,short-answer,2/7,2/7,pass,none,OK
pep-high-s6-rag4-sa-148,MAINLAND_PEP_HIGH,rag-v4,S6,pep-high-s6-exam-practice,short-answer,2/11,2/11,pass,none,OK
pep-high-s6-rag4-sa-149,MAINLAND_PEP_HIGH,rag-v4,S6,pep-high-s6-exam-practice,short-answer,1/5,1/5,pass,none,OK
pep-high-s6-rag4-sa-150,MAINLAND_PEP_HIGH,rag-v4,S6,pep-high-s6-exam-practice,short-answer,2/9,2/9,pass,none,OK
pep-high-s6-rag4-sa-151,MAINLAND_PEP_HIGH,rag-v4,S6,pep-high-s6-exam-practice,short-answer,1/4,1/4,pass,none,OK
pep-high-s6-rag4-sa-152,MAINLAND_PEP_HIGH,rag-v4,S6,pep-high-s6-exam-practice,short-answer,2/7,2/7,pass,none,OK
pep-high-s6-rag4-sa-153,MAINLAND_PEP_HIGH,rag-v4,S6,pep-high-s6-exam-practice,short-answer,2/11,2/11,pass,none,OK
pep-high-s6-rag4-sa-154,MAINLAND_PEP_HIGH,rag-v4,S6,pep-high-s6-exam-practice,short-answer,1/5,1/5,pass,none,OK
pep-high-s6-rag4-sa-155,MAINLAND_PEP_HIGH,rag-v4,S6,pep-high-s6-exam-practice,short-answer,2/9,2/9,pass,none,OK
pep-high-s6-rag4-sa-156,MAINLAND_PEP_HIGH,rag-v4,S6,pep-high-s6-exam-practice,short-answer,1/4,1/4,pass,none,OK
pep-high-s6-rag4-sa-157,MAINLAND_PEP_HIGH,rag-v4,S6,pep-high-s6-exam-practice,short-answer,2/7,2/7,pass,none,OK
pep-high-s6-rag4-sa-158,MAINLAND_PEP_HIGH,rag-v4,S6,pep-high-s6-exam-practice,short-answer,2/11,2/11,pass,none,OK
pep-high-s6-rag4-sa-159,MAINLAND_PEP_HIGH,rag-v4,S6,pep-high-s6-exam-practice,short-answer,1/5,1/5,pass,none,OK
pep-high-s6-rag4-sa-160,MAINLAND_PEP_HIGH,rag-v4,S6,pep-high-s6-exam-practice,short-answer,2/9,2/9,pass,none,OK
pep-high-s6-rag4-sa-161,MAINLAND_PEP_HIGH,rag-v4,S6,pep-high-s6-exam-practice,short-answer,1/4,1/4,pass,none,OK
pep-high-s6-rag4-sa-162,MAINLAND_PEP_HIGH,rag-v4,S6,pep-high-s6-exam-practice,short-answer,2/7,2/7,pass,none,OK
pep-high-s6-rag4-sa-163,MAINLAND_PEP_HIGH,rag-v4,S6,pep-high-s6-exam-practice,short-answer,2/11,2/11,pass,none,OK
pep-high-s6-rag4-sa-164,MAINLAND_PEP_HIGH,rag-v4,S6,pep-high-s6-exam-practice,short-answer,1/5,1/5,pass,none,OK
pep-high-s6-rag4-sa-165,MAINLAND_PEP_HIGH,rag-v4,S6,pep-high-s6-exam-practice,short-answer,2/9,2/9,pass,none,OK
