id,grade,topicId,type,difficulty,generatorFamily,generatorVariant,independentAnswer,storedAnswer,status,reviewReason,notes
pep-high-hybrid-v1-s4-s4-sets-logic-sa-001,S4,pep-high-s4-sets-logic,short-answer,Core,sets,integer-set-difference,"{2,3}","{2,3}",pass,topic-balanced-s18-sample,OK
pep-high-hybrid-v1-s4-s4-sets-logic-fi-002,S4,pep-high-s4-sets-logic,fill-in,Challenge,sets,integer-set-union,10,10,pass,topic-balanced-s18-sample,OK
pep-high-hybrid-v1-s4-s4-sets-logic-mc-003,S4,pep-high-s4-sets-logic,multiple-choice,Foundation,sets,integer-set-intersection,6,6,pass,topic-balanced-s18-sample,OK
pep-high-hybrid-v1-s4-s4-sets-logic-sa-004,S4,pep-high-s4-sets-logic,short-answer,Exam,sets,integer-set-difference,{5},{5},pass,topic-balanced-s18-sample,OK
pep-high-hybrid-v1-s4-s4-sets-logic-fi-005,S4,pep-high-s4-sets-logic,fill-in,Core,sets,integer-set-union,9,9,pass,topic-balanced-s18-sample,OK
pep-high-hybrid-v1-s4-s4-sets-logic-mc-006,S4,pep-high-s4-sets-logic,multiple-choice,Challenge,sets,integer-set-intersection,6,6,pass,topic-balanced-s18-sample,OK
pep-high-hybrid-v1-s4-s4-sets-logic-sa-007,S4,pep-high-s4-sets-logic,short-answer,Foundation,sets,integer-set-difference,"{1,2}","{1,2}",pass,,OK
pep-high-hybrid-v1-s4-s4-sets-logic-fi-008,S4,pep-high-s4-sets-logic,fill-in,Exam,sets,integer-set-union,8,8,pass,topic-balanced-s18-sample,OK
pep-high-hybrid-v1-s4-s4-sets-logic-mc-009,S4,pep-high-s4-sets-logic,multiple-choice,Core,sets,integer-set-intersection,4,4,pass,topic-balanced-s18-sample,OK
pep-high-hybrid-v1-s4-s4-sets-logic-sa-010,S4,pep-high-s4-sets-logic,short-answer,Challenge,sets,integer-set-difference,{4},{4},pass,,OK
pep-high-hybrid-v1-s4-s4-sets-logic-fi-011,S4,pep-high-s4-sets-logic,fill-in,Foundation,sets,integer-set-union,11,11,pass,topic-balanced-s18-sample,OK
pep-high-hybrid-v1-s4-s4-sets-logic-mc-012,S4,pep-high-s4-sets-logic,multiple-choice,Exam,sets,integer-set-intersection,4,4,pass,topic-balanced-s18-sample,OK
pep-high-hybrid-v1-s4-s4-sets-logic-sa-013,S4,pep-high-s4-sets-logic,short-answer,Core,sets,integer-set-difference,"{7,8}","{7,8}",pass,,OK
pep-high-hybrid-v1-s4-s4-sets-logic-fi-014,S4,pep-high-s4-sets-logic,fill-in,Challenge,sets,integer-set-union,10,10,pass,,OK
pep-high-hybrid-v1-s4-s4-sets-logic-mc-015,S4,pep-high-s4-sets-logic,multiple-choice,Foundation,sets,integer-set-intersection,6,6,pass,,OK
pep-high-hybrid-v1-s4-s4-sets-logic-sa-016,S4,pep-high-s4-sets-logic,short-answer,Exam,sets,integer-set-difference,{3},{3},pass,,OK
pep-high-hybrid-v1-s4-s4-sets-logic-fi-017,S4,pep-high-s4-sets-logic,fill-in,Core,sets,integer-set-union,9,9,pass,,OK
pep-high-hybrid-v1-s4-s4-sets-logic-mc-018,S4,pep-high-s4-sets-logic,multiple-choice,Challenge,sets,integer-set-intersection,6,6,pass,,OK
pep-high-hybrid-v1-s4-s4-sets-logic-sa-019,S4,pep-high-s4-sets-logic,short-answer,Foundation,sets,integer-set-difference,"{6,7}","{6,7}",pass,,OK
pep-high-hybrid-v1-s4-s4-sets-logic-fi-020,S4,pep-high-s4-sets-logic,fill-in,Exam,sets,integer-set-union,8,8,pass,,OK
pep-high-hybrid-v1-s4-s4-sets-logic-mc-021,S4,pep-high-s4-sets-logic,multiple-choice,Core,sets,integer-set-intersection,4,4,pass,,OK
pep-high-hybrid-v1-s4-s4-sets-logic-sa-022,S4,pep-high-s4-sets-logic,short-answer,Challenge,sets,integer-set-difference,{2},{2},pass,,OK
pep-high-hybrid-v1-s4-s4-sets-logic-fi-023,S4,pep-high-s4-sets-logic,fill-in,Foundation,sets,integer-set-union,11,11,pass,,OK
pep-high-hybrid-v1-s4-s4-sets-logic-mc-024,S4,pep-high-s4-sets-logic,multiple-choice,Exam,sets,integer-set-intersection,4,4,pass,,OK
pep-high-hybrid-v1-s4-s4-sets-logic-sa-025,S4,pep-high-s4-sets-logic,short-answer,Core,sets,integer-set-difference,"{5,6}","{5,6}",pass,,OK
pep-high-hybrid-v1-s4-s4-sets-logic-fi-026,S4,pep-high-s4-sets-logic,fill-in,Challenge,sets,integer-set-union,10,10,pass,,OK
pep-high-hybrid-v1-s4-s4-sets-logic-mc-027,S4,pep-high-s4-sets-logic,multiple-choice,Foundation,sets,integer-set-intersection,6,6,pass,,OK
pep-high-hybrid-v1-s4-s4-sets-logic-sa-028,S4,pep-high-s4-sets-logic,short-answer,Exam,sets,integer-set-difference,{1},{1},pass,,OK
pep-high-hybrid-v1-s4-s4-sets-logic-fi-029,S4,pep-high-s4-sets-logic,fill-in,Core,sets,integer-set-union,9,9,pass,,OK
pep-high-hybrid-v1-s4-s4-sets-logic-mc-030,S4,pep-high-s4-sets-logic,multiple-choice,Challenge,sets,integer-set-intersection,6,6,pass,,OK
pep-high-hybrid-v1-s4-s4-sets-logic-sa-031,S4,pep-high-s4-sets-logic,short-answer,Foundation,sets,integer-set-difference,"{4,5}","{4,5}",pass,,OK
pep-high-hybrid-v1-s4-s4-sets-logic-fi-032,S4,pep-high-s4-sets-logic,fill-in,Exam,sets,integer-set-union,8,8,pass,,OK
pep-high-hybrid-v1-s4-s4-sets-logic-mc-033,S4,pep-high-s4-sets-logic,multiple-choice,Core,sets,integer-set-intersection,4,4,pass,,OK
pep-high-hybrid-v1-s4-s4-sets-logic-sa-034,S4,pep-high-s4-sets-logic,short-answer,Challenge,sets,integer-set-difference,{7},{7},pass,,OK
pep-high-hybrid-v1-s4-s4-sets-logic-fi-035,S4,pep-high-s4-sets-logic,fill-in,Foundation,sets,integer-set-union,11,11,pass,,OK
pep-high-hybrid-v1-s4-s4-sets-logic-mc-036,S4,pep-high-s4-sets-logic,multiple-choice,Exam,sets,integer-set-intersection,4,4,pass,,OK
pep-high-hybrid-v1-s4-s4-sets-logic-sa-037,S4,pep-high-s4-sets-logic,short-answer,Core,sets,integer-set-difference,"{3,4}","{3,4}",pass,,OK
pep-high-hybrid-v1-s4-s4-sets-logic-sa-038,S4,pep-high-s4-sets-logic,short-answer,Challenge,sets,integer-set-difference,{4},{4},pass,,OK
pep-high-hybrid-v1-s4-s4-sets-logic-sa-039,S4,pep-high-s4-sets-logic,short-answer,Foundation,sets,integer-set-difference,"{5,6}","{5,6}",pass,,OK
pep-high-hybrid-v1-s4-s4-sets-logic-sa-040,S4,pep-high-s4-sets-logic,short-answer,Exam,sets,integer-set-difference,{6},{6},pass,,OK
pep-high-hybrid-v1-s4-s4-quadratic-inequalities-sa-001,S4,pep-high-s4-quadratic-inequalities,short-answer,Core,quadratic,quadratic-minimum,-4,-4,pass,topic-balanced-s18-sample,OK
pep-high-hybrid-v1-s4-s4-quadratic-inequalities-fi-002,S4,pep-high-s4-quadratic-inequalities,fill-in,Challenge,quadratic,quadratic-axis,1,1,pass,topic-balanced-s18-sample,OK
pep-high-hybrid-v1-s4-s4-quadratic-inequalities-mc-003,S4,pep-high-s4-quadratic-inequalities,multiple-choice,Foundation,quadratic,quadratic-inequality-interval,"[-1, 7]","[-1, 7]",pass,topic-balanced-s18-sample,OK
pep-high-hybrid-v1-s4-s4-quadratic-inequalities-sa-004,S4,pep-high-s4-quadratic-inequalities,short-answer,Exam,quadratic,quadratic-minimum,-1,-1,pass,topic-balanced-s18-sample,OK
pep-high-hybrid-v1-s4-s4-quadratic-inequalities-fi-005,S4,pep-high-s4-quadratic-inequalities,fill-in,Core,quadratic,quadratic-axis,3,3,pass,topic-balanced-s18-sample,OK
pep-high-hybrid-v1-s4-s4-quadratic-inequalities-mc-006,S4,pep-high-s4-quadratic-inequalities,multiple-choice,Challenge,quadratic,quadratic-inequality-interval,"[2, 8]","[2, 8]",pass,topic-balanced-s18-sample,OK
pep-high-hybrid-v1-s4-s4-quadratic-inequalities-sa-007,S4,pep-high-s4-quadratic-inequalities,short-answer,Foundation,quadratic,quadratic-minimum,-16,-16,pass,,OK
pep-high-hybrid-v1-s4-s4-quadratic-inequalities-fi-008,S4,pep-high-s4-quadratic-inequalities,fill-in,Exam,quadratic,quadratic-axis,5,5,pass,topic-balanced-s18-sample,OK
pep-high-hybrid-v1-s4-s4-quadratic-inequalities-mc-009,S4,pep-high-s4-quadratic-inequalities,multiple-choice,Core,quadratic,quadratic-inequality-interval,"[-4, 0]","[-4, 0]",pass,topic-balanced-s18-sample,OK
pep-high-hybrid-v1-s4-s4-quadratic-inequalities-sa-010,S4,pep-high-s4-quadratic-inequalities,short-answer,Challenge,quadratic,quadratic-minimum,-9,-9,pass,,OK
pep-high-hybrid-v1-s4-s4-quadratic-inequalities-fi-011,S4,pep-high-s4-quadratic-inequalities,fill-in,Foundation,quadratic,quadratic-axis,2,2,pass,topic-balanced-s18-sample,OK
pep-high-hybrid-v1-s4-s4-quadratic-inequalities-mc-012,S4,pep-high-s4-quadratic-inequalities,multiple-choice,Exam,quadratic,quadratic-inequality-interval,"[-1, 1]","[-1, 1]",pass,topic-balanced-s18-sample,OK
pep-high-hybrid-v1-s4-s4-quadratic-inequalities-sa-013,S4,pep-high-s4-quadratic-inequalities,short-answer,Core,quadratic,quadratic-minimum,-4,-4,pass,,OK
pep-high-hybrid-v1-s4-s4-quadratic-inequalities-fi-014,S4,pep-high-s4-quadratic-inequalities,fill-in,Challenge,quadratic,quadratic-axis,4,4,pass,,OK
pep-high-hybrid-v1-s4-s4-quadratic-inequalities-mc-015,S4,pep-high-s4-quadratic-inequalities,multiple-choice,Foundation,quadratic,quadratic-inequality-interval,"[2, 10]","[2, 10]",pass,,OK
pep-high-hybrid-v1-s4-s4-quadratic-inequalities-sa-016,S4,pep-high-s4-quadratic-inequalities,short-answer,Exam,quadratic,quadratic-minimum,-1,-1,pass,,OK
pep-high-hybrid-v1-s4-s4-quadratic-inequalities-fi-017,S4,pep-high-s4-quadratic-inequalities,fill-in,Core,quadratic,quadratic-axis,6,6,pass,,OK
pep-high-hybrid-v1-s4-s4-quadratic-inequalities-mc-018,S4,pep-high-s4-quadratic-inequalities,multiple-choice,Challenge,quadratic,quadratic-inequality-interval,"[-4, 2]","[-4, 2]",pass,,OK
pep-high-hybrid-v1-s4-s4-quadratic-inequalities-sa-019,S4,pep-high-s4-quadratic-inequalities,short-answer,Foundation,quadratic,quadratic-minimum,-16,-16,pass,,OK
pep-high-hybrid-v1-s4-s4-quadratic-inequalities-fi-020,S4,pep-high-s4-quadratic-inequalities,fill-in,Exam,quadratic,quadratic-axis,-1,-1,pass,,OK
pep-high-hybrid-v1-s4-s4-quadratic-inequalities-mc-021,S4,pep-high-s4-quadratic-inequalities,multiple-choice,Core,quadratic,quadratic-inequality-interval,"[-1, 3]","[-1, 3]",pass,,OK
pep-high-hybrid-v1-s4-s4-quadratic-inequalities-sa-022,S4,pep-high-s4-quadratic-inequalities,short-answer,Challenge,quadratic,quadratic-minimum,-9,-9,pass,,OK
pep-high-hybrid-v1-s4-s4-quadratic-inequalities-fi-023,S4,pep-high-s4-quadratic-inequalities,fill-in,Foundation,quadratic,quadratic-axis,5,5,pass,,OK
pep-high-hybrid-v1-s4-s4-quadratic-inequalities-mc-024,S4,pep-high-s4-quadratic-inequalities,multiple-choice,Exam,quadratic,quadratic-inequality-interval,"[2, 4]","[2, 4]",pass,,OK
pep-high-hybrid-v1-s4-s4-quadratic-inequalities-sa-025,S4,pep-high-s4-quadratic-inequalities,short-answer,Core,quadratic,quadratic-minimum,-4,-4,pass,,OK
pep-high-hybrid-v1-s4-s4-quadratic-inequalities-fi-026,S4,pep-high-s4-quadratic-inequalities,fill-in,Challenge,quadratic,quadratic-axis,7,7,pass,,OK
pep-high-hybrid-v1-s4-s4-quadratic-inequalities-mc-027,S4,pep-high-s4-quadratic-inequalities,multiple-choice,Foundation,quadratic,quadratic-inequality-interval,"[-4, 4]","[-4, 4]",pass,,OK
pep-high-hybrid-v1-s4-s4-quadratic-inequalities-sa-028,S4,pep-high-s4-quadratic-inequalities,short-answer,Exam,quadratic,quadratic-minimum,-1,-1,pass,,OK
pep-high-hybrid-v1-s4-s4-quadratic-inequalities-fi-029,S4,pep-high-s4-quadratic-inequalities,fill-in,Core,quadratic,quadratic-axis,0,0,pass,,OK
pep-high-hybrid-v1-s4-s4-quadratic-inequalities-mc-030,S4,pep-high-s4-quadratic-inequalities,multiple-choice,Challenge,quadratic,quadratic-inequality-interval,"[-1, 5]","[-1, 5]",pass,,OK
pep-high-hybrid-v1-s4-s4-quadratic-inequalities-sa-031,S4,pep-high-s4-quadratic-inequalities,short-answer,Foundation,quadratic,quadratic-minimum,-16,-16,pass,,OK
pep-high-hybrid-v1-s4-s4-quadratic-inequalities-fi-032,S4,pep-high-s4-quadratic-inequalities,fill-in,Exam,quadratic,quadratic-axis,2,2,pass,,OK
pep-high-hybrid-v1-s4-s4-quadratic-inequalities-mc-033,S4,pep-high-s4-quadratic-inequalities,multiple-choice,Core,quadratic,quadratic-inequality-interval,"[2, 6]","[2, 6]",pass,,OK
pep-high-hybrid-v1-s4-s4-quadratic-inequalities-sa-034,S4,pep-high-s4-quadratic-inequalities,short-answer,Challenge,quadratic,quadratic-minimum,-9,-9,pass,,OK
pep-high-hybrid-v1-s4-s4-quadratic-inequalities-fi-035,S4,pep-high-s4-quadratic-inequalities,fill-in,Foundation,quadratic,quadratic-axis,8,8,pass,,OK
pep-high-hybrid-v1-s4-s4-quadratic-inequalities-mc-036,S4,pep-high-s4-quadratic-inequalities,multiple-choice,Exam,quadratic,quadratic-inequality-interval,"[-4, -2]","[-4, -2]",pass,,OK
pep-high-hybrid-v1-s4-s4-quadratic-inequalities-sa-037,S4,pep-high-s4-quadratic-inequalities,short-answer,Core,quadratic,quadratic-minimum,-4,-4,pass,,OK
pep-high-hybrid-v1-s4-s4-quadratic-inequalities-sa-038,S4,pep-high-s4-quadratic-inequalities,short-answer,Challenge,quadratic,quadratic-minimum,-9,-9,pass,,OK
pep-high-hybrid-v1-s4-s4-quadratic-inequalities-sa-039,S4,pep-high-s4-quadratic-inequalities,short-answer,Foundation,quadratic,quadratic-minimum,-16,-16,pass,,OK
pep-high-hybrid-v1-s4-s4-quadratic-inequalities-sa-040,S4,pep-high-s4-quadratic-inequalities,short-answer,Exam,quadratic,quadratic-minimum,-1,-1,pass,,OK
pep-high-hybrid-v1-s4-s4-function-properties-sa-001,S4,pep-high-s4-function-properties,short-answer,Core,functions,linear-monotonicity,在R上单调递减,在R上单调递减,pass,topic-balanced-s18-sample,OK
pep-high-hybrid-v1-s4-s4-function-properties-fi-002,S4,pep-high-s4-function-properties,fill-in,Challenge,functions,sqrt-domain,"[0, +∞)","[0, +∞)",pass,topic-balanced-s18-sample,OK
pep-high-hybrid-v1-s4-s4-function-properties-mc-003,S4,pep-high-s4-function-properties,multiple-choice,Foundation,functions,linear-function-value,20,20,pass,topic-balanced-s18-sample,OK
pep-high-hybrid-v1-s4-s4-function-properties-sa-004,S4,pep-high-s4-function-properties,short-answer,Exam,functions,linear-monotonicity,在R上单调递增,在R上单调递增,pass,topic-balanced-s18-sample,OK
pep-high-hybrid-v1-s4-s4-function-properties-fi-005,S4,pep-high-s4-function-properties,fill-in,Core,functions,sqrt-domain,"[3, +∞)","[3, +∞)",pass,topic-balanced-s18-sample,OK
pep-high-hybrid-v1-s4-s4-function-properties-mc-006,S4,pep-high-s4-function-properties,multiple-choice,Challenge,functions,linear-function-value,6,6,pass,topic-balanced-s18-sample,OK
pep-high-hybrid-v1-s4-s4-function-properties-sa-007,S4,pep-high-s4-function-properties,short-answer,Foundation,functions,linear-monotonicity,在R上单调递减,在R上单调递减,pass,,OK
pep-high-hybrid-v1-s4-s4-function-properties-fi-008,S4,pep-high-s4-function-properties,fill-in,Exam,functions,sqrt-domain,"[-2, +∞)","[-2, +∞)",pass,topic-balanced-s18-sample,OK
pep-high-hybrid-v1-s4-s4-function-properties-mc-009,S4,pep-high-s4-function-properties,multiple-choice,Core,functions,linear-function-value,23,23,pass,topic-balanced-s18-sample,OK
pep-high-hybrid-v1-s4-s4-function-properties-sa-010,S4,pep-high-s4-function-properties,short-answer,Challenge,functions,linear-monotonicity,在R上单调递增,在R上单调递增,pass,,OK
pep-high-hybrid-v1-s4-s4-function-properties-fi-011,S4,pep-high-s4-function-properties,fill-in,Foundation,functions,sqrt-domain,"[1, +∞)","[1, +∞)",pass,topic-balanced-s18-sample,OK
pep-high-hybrid-v1-s4-s4-function-properties-mc-012,S4,pep-high-s4-function-properties,multiple-choice,Exam,functions,linear-function-value,6,6,pass,topic-balanced-s18-sample,OK
pep-high-hybrid-v1-s4-s4-function-properties-sa-013,S4,pep-high-s4-function-properties,short-answer,Core,functions,linear-monotonicity,在R上单调递减,在R上单调递减,pass,,OK
pep-high-hybrid-v1-s4-s4-function-properties-fi-014,S4,pep-high-s4-function-properties,fill-in,Challenge,functions,sqrt-domain,"[4, +∞)","[4, +∞)",pass,,OK
pep-high-hybrid-v1-s4-s4-function-properties-mc-015,S4,pep-high-s4-function-properties,multiple-choice,Foundation,functions,linear-function-value,6,6,pass,,OK
pep-high-hybrid-v1-s4-s4-function-properties-sa-016,S4,pep-high-s4-function-properties,short-answer,Exam,functions,linear-monotonicity,在R上单调递增,在R上单调递增,pass,,OK
pep-high-hybrid-v1-s4-s4-function-properties-fi-017,S4,pep-high-s4-function-properties,fill-in,Core,functions,sqrt-domain,"[-1, +∞)","[-1, +∞)",pass,,OK
pep-high-hybrid-v1-s4-s4-function-properties-mc-018,S4,pep-high-s4-function-properties,multiple-choice,Challenge,functions,linear-function-value,6,6,pass,,OK
pep-high-hybrid-v1-s4-s4-function-properties-sa-019,S4,pep-high-s4-function-properties,short-answer,Foundation,functions,linear-monotonicity,在R上单调递减,在R上单调递减,pass,,OK
pep-high-hybrid-v1-s4-s4-function-properties-fi-020,S4,pep-high-s4-function-properties,fill-in,Exam,functions,sqrt-domain,"[2, +∞)","[2, +∞)",pass,,OK
pep-high-hybrid-v1-s4-s4-function-properties-mc-021,S4,pep-high-s4-function-properties,multiple-choice,Core,functions,linear-function-value,9,9,pass,,OK
pep-high-hybrid-v1-s4-s4-function-properties-sa-022,S4,pep-high-s4-function-properties,short-answer,Challenge,functions,linear-monotonicity,在R上单调递增,在R上单调递增,pass,,OK
pep-high-hybrid-v1-s4-s4-function-properties-fi-023,S4,pep-high-s4-function-properties,fill-in,Foundation,functions,sqrt-domain,"[5, +∞)","[5, +∞)",pass,,OK
pep-high-hybrid-v1-s4-s4-function-properties-mc-024,S4,pep-high-s4-function-properties,multiple-choice,Exam,functions,linear-function-value,6,6,pass,,OK
pep-high-hybrid-v1-s4-s4-function-properties-sa-025,S4,pep-high-s4-function-properties,short-answer,Core,functions,linear-monotonicity,在R上单调递减,在R上单调递减,pass,,OK
pep-high-hybrid-v1-s4-s4-function-properties-fi-026,S4,pep-high-s4-function-properties,fill-in,Challenge,functions,sqrt-domain,"[0, +∞)","[0, +∞)",pass,,OK
pep-high-hybrid-v1-s4-s4-function-properties-mc-027,S4,pep-high-s4-function-properties,multiple-choice,Foundation,functions,linear-function-value,19,19,pass,,OK
pep-high-hybrid-v1-s4-s4-function-properties-sa-028,S4,pep-high-s4-function-properties,short-answer,Exam,functions,linear-monotonicity,在R上单调递增,在R上单调递增,pass,,OK
pep-high-hybrid-v1-s4-s4-function-properties-fi-029,S4,pep-high-s4-function-properties,fill-in,Core,functions,sqrt-domain,"[3, +∞)","[3, +∞)",pass,,OK
pep-high-hybrid-v1-s4-s4-function-properties-mc-030,S4,pep-high-s4-function-properties,multiple-choice,Challenge,functions,linear-function-value,1,1,pass,,OK
pep-high-hybrid-v1-s4-s4-function-properties-sa-031,S4,pep-high-s4-function-properties,short-answer,Foundation,functions,linear-monotonicity,在R上单调递减,在R上单调递减,pass,,OK
pep-high-hybrid-v1-s4-s4-function-properties-fi-032,S4,pep-high-s4-function-properties,fill-in,Exam,functions,sqrt-domain,"[-2, +∞)","[-2, +∞)",pass,,OK
pep-high-hybrid-v1-s4-s4-function-properties-mc-033,S4,pep-high-s4-function-properties,multiple-choice,Core,functions,linear-function-value,22,22,pass,,OK
pep-high-hybrid-v1-s4-s4-function-properties-sa-034,S4,pep-high-s4-function-properties,short-answer,Challenge,functions,linear-monotonicity,在R上单调递增,在R上单调递增,pass,,OK
pep-high-hybrid-v1-s4-s4-function-properties-fi-035,S4,pep-high-s4-function-properties,fill-in,Foundation,functions,sqrt-domain,"[1, +∞)","[1, +∞)",pass,,OK
pep-high-hybrid-v1-s4-s4-function-properties-mc-036,S4,pep-high-s4-function-properties,multiple-choice,Exam,functions,linear-function-value,1,1,pass,,OK
pep-high-hybrid-v1-s4-s4-function-properties-sa-037,S4,pep-high-s4-function-properties,short-answer,Core,functions,linear-monotonicity,在R上单调递减,在R上单调递减,pass,,OK
pep-high-hybrid-v1-s4-s4-function-properties-sa-038,S4,pep-high-s4-function-properties,short-answer,Challenge,functions,linear-monotonicity,在R上单调递增,在R上单调递增,pass,,OK
pep-high-hybrid-v1-s4-s4-function-properties-sa-039,S4,pep-high-s4-function-properties,short-answer,Foundation,functions,linear-monotonicity,在R上单调递减,在R上单调递减,pass,,OK
pep-high-hybrid-v1-s4-s4-function-properties-sa-040,S4,pep-high-s4-function-properties,short-answer,Exam,functions,linear-monotonicity,在R上单调递增,在R上单调递增,pass,,OK
pep-high-hybrid-v1-s4-s4-exp-log-sa-001,S4,pep-high-s4-exp-log,short-answer,Core,exp-log,log-sum,5,5,pass,topic-balanced-s18-sample,OK
pep-high-hybrid-v1-s4-s4-exp-log-fi-002,S4,pep-high-s4-exp-log,fill-in,Challenge,exp-log,exponential-equation,4,4,pass,topic-balanced-s18-sample,OK
pep-high-hybrid-v1-s4-s4-exp-log-mc-003,S4,pep-high-s4-exp-log,multiple-choice,Foundation,exp-log,log-power,4,4,pass,topic-balanced-s18-sample,OK
pep-high-hybrid-v1-s4-s4-exp-log-sa-004,S4,pep-high-s4-exp-log,short-answer,Exam,exp-log,log-sum,4,4,pass,topic-balanced-s18-sample,OK
pep-high-hybrid-v1-s4-s4-exp-log-fi-005,S4,pep-high-s4-exp-log,fill-in,Core,exp-log,exponential-equation,4,4,pass,topic-balanced-s18-sample,OK
pep-high-hybrid-v1-s4-s4-exp-log-mc-006,S4,pep-high-s4-exp-log,multiple-choice,Challenge,exp-log,log-power,3,3,pass,topic-balanced-s18-sample,OK
pep-high-hybrid-v1-s4-s4-exp-log-sa-007,S4,pep-high-s4-exp-log,short-answer,Foundation,exp-log,log-sum,7,7,pass,,OK
pep-high-hybrid-v1-s4-s4-exp-log-fi-008,S4,pep-high-s4-exp-log,fill-in,Exam,exp-log,exponential-equation,4,4,pass,topic-balanced-s18-sample,OK
pep-high-hybrid-v1-s4-s4-exp-log-mc-009,S4,pep-high-s4-exp-log,multiple-choice,Core,exp-log,log-power,2,2,pass,topic-balanced-s18-sample,OK
pep-high-hybrid-v1-s4-s4-exp-log-sa-010,S4,pep-high-s4-exp-log,short-answer,Challenge,exp-log,log-sum,6,6,pass,,OK
pep-high-hybrid-v1-s4-s4-exp-log-fi-011,S4,pep-high-s4-exp-log,fill-in,Foundation,exp-log,exponential-equation,4,4,pass,topic-balanced-s18-sample,OK
pep-high-hybrid-v1-s4-s4-exp-log-mc-012,S4,pep-high-s4-exp-log,multiple-choice,Exam,exp-log,log-power,1,1,pass,topic-balanced-s18-sample,OK
pep-high-hybrid-v1-s4-s4-exp-log-sa-013,S4,pep-high-s4-exp-log,short-answer,Core,exp-log,log-sum,5,5,pass,,OK
pep-high-hybrid-v1-s4-s4-exp-log-fi-014,S4,pep-high-s4-exp-log,fill-in,Challenge,exp-log,exponential-equation,4,4,pass,,OK
pep-high-hybrid-v1-s4-s4-exp-log-mc-015,S4,pep-high-s4-exp-log,multiple-choice,Foundation,exp-log,log-power,4,4,pass,,OK
pep-high-hybrid-v1-s4-s4-exp-log-sa-016,S4,pep-high-s4-exp-log,short-answer,Exam,exp-log,log-sum,4,4,pass,,OK
pep-high-hybrid-v1-s4-s4-exp-log-fi-017,S4,pep-high-s4-exp-log,fill-in,Core,exp-log,exponential-equation,4,4,pass,,OK
pep-high-hybrid-v1-s4-s4-exp-log-mc-018,S4,pep-high-s4-exp-log,multiple-choice,Challenge,exp-log,log-power,3,3,pass,,OK
pep-high-hybrid-v1-s4-s4-exp-log-sa-019,S4,pep-high-s4-exp-log,short-answer,Foundation,exp-log,log-sum,7,7,pass,,OK
pep-high-hybrid-v1-s4-s4-exp-log-fi-020,S4,pep-high-s4-exp-log,fill-in,Exam,exp-log,exponential-equation,4,4,pass,,OK
pep-high-hybrid-v1-s4-s4-exp-log-mc-021,S4,pep-high-s4-exp-log,multiple-choice,Core,exp-log,log-power,2,2,pass,,OK
pep-high-hybrid-v1-s4-s4-exp-log-sa-022,S4,pep-high-s4-exp-log,short-answer,Challenge,exp-log,log-sum,6,6,pass,,OK
pep-high-hybrid-v1-s4-s4-exp-log-fi-023,S4,pep-high-s4-exp-log,fill-in,Foundation,exp-log,exponential-equation,4,4,pass,,OK
pep-high-hybrid-v1-s4-s4-exp-log-mc-024,S4,pep-high-s4-exp-log,multiple-choice,Exam,exp-log,log-power,1,1,pass,,OK
pep-high-hybrid-v1-s4-s4-exp-log-sa-025,S4,pep-high-s4-exp-log,short-answer,Core,exp-log,log-sum,5,5,pass,,OK
pep-high-hybrid-v1-s4-s4-exp-log-fi-026,S4,pep-high-s4-exp-log,fill-in,Challenge,exp-log,exponential-equation,4,4,pass,,OK
pep-high-hybrid-v1-s4-s4-exp-log-mc-027,S4,pep-high-s4-exp-log,multiple-choice,Foundation,exp-log,log-power,4,4,pass,,OK
pep-high-hybrid-v1-s4-s4-exp-log-sa-028,S4,pep-high-s4-exp-log,short-answer,Exam,exp-log,log-sum,4,4,pass,,OK
pep-high-hybrid-v1-s4-s4-exp-log-fi-029,S4,pep-high-s4-exp-log,fill-in,Core,exp-log,exponential-equation,4,4,pass,,OK
pep-high-hybrid-v1-s4-s4-exp-log-mc-030,S4,pep-high-s4-exp-log,multiple-choice,Challenge,exp-log,log-power,3,3,pass,,OK
pep-high-hybrid-v1-s4-s4-exp-log-sa-031,S4,pep-high-s4-exp-log,short-answer,Foundation,exp-log,log-sum,7,7,pass,,OK
pep-high-hybrid-v1-s4-s4-exp-log-fi-032,S4,pep-high-s4-exp-log,fill-in,Exam,exp-log,exponential-equation,4,4,pass,,OK
pep-high-hybrid-v1-s4-s4-exp-log-mc-033,S4,pep-high-s4-exp-log,multiple-choice,Core,exp-log,log-power,2,2,pass,,OK
pep-high-hybrid-v1-s4-s4-exp-log-sa-034,S4,pep-high-s4-exp-log,short-answer,Challenge,exp-log,log-sum,6,6,pass,,OK
pep-high-hybrid-v1-s4-s4-exp-log-fi-035,S4,pep-high-s4-exp-log,fill-in,Foundation,exp-log,exponential-equation,4,4,pass,,OK
pep-high-hybrid-v1-s4-s4-exp-log-mc-036,S4,pep-high-s4-exp-log,multiple-choice,Exam,exp-log,log-power,1,1,pass,,OK
pep-high-hybrid-v1-s4-s4-exp-log-sa-037,S4,pep-high-s4-exp-log,short-answer,Core,exp-log,log-sum,5,5,pass,,OK
pep-high-hybrid-v1-s4-s4-exp-log-sa-038,S4,pep-high-s4-exp-log,short-answer,Challenge,exp-log,log-sum,7,7,pass,,OK
pep-high-hybrid-v1-s4-s4-exp-log-sa-039,S4,pep-high-s4-exp-log,short-answer,Foundation,exp-log,log-sum,6,6,pass,,OK
pep-high-hybrid-v1-s4-s4-exp-log-sa-040,S4,pep-high-s4-exp-log,short-answer,Exam,exp-log,log-sum,4,4,pass,,OK
pep-high-hybrid-v1-s4-s4-trigonometry-sa-001,S4,pep-high-s4-trigonometry,short-answer,Core,trigonometry,cosine-special-value,1,1,pass,topic-balanced-s18-sample,OK
pep-high-hybrid-v1-s4-s4-trigonometry-fi-002,S4,pep-high-s4-trigonometry,fill-in,Challenge,trigonometry,sine-amplitude,4,4,pass,topic-balanced-s18-sample,OK
pep-high-hybrid-v1-s4-s4-trigonometry-mc-003,S4,pep-high-s4-trigonometry,multiple-choice,Foundation,trigonometry,sine-period,π/2,π/2,pass,topic-balanced-s18-sample,OK
pep-high-hybrid-v1-s4-s4-trigonometry-sa-004,S4,pep-high-s4-trigonometry,short-answer,Core,trigonometry,cosine-special-value,3/2,3/2,pass,topic-balanced-s18-sample,OK
pep-high-hybrid-v1-s4-s4-trigonometry-fi-005,S4,pep-high-s4-trigonometry,fill-in,Challenge,trigonometry,sine-amplitude,1,1,pass,topic-balanced-s18-sample,OK
pep-high-hybrid-v1-s4-s4-trigonometry-mc-006,S4,pep-high-s4-trigonometry,multiple-choice,Foundation,trigonometry,sine-period,2π/3,2π/3,pass,topic-balanced-s18-sample,OK
pep-high-hybrid-v1-s4-s4-trigonometry-sa-007,S4,pep-high-s4-trigonometry,short-answer,Core,trigonometry,cosine-special-value,7/2,7/2,pass,,OK
pep-high-hybrid-v1-s4-s4-trigonometry-fi-008,S4,pep-high-s4-trigonometry,fill-in,Challenge,trigonometry,sine-amplitude,3,3,pass,topic-balanced-s18-sample,OK
pep-high-hybrid-v1-s4-s4-trigonometry-mc-009,S4,pep-high-s4-trigonometry,multiple-choice,Foundation,trigonometry,sine-period,π,π,pass,topic-balanced-s18-sample,OK
pep-high-hybrid-v1-s4-s4-trigonometry-sa-010,S4,pep-high-s4-trigonometry,short-answer,Core,trigonometry,cosine-special-value,3/2,3/2,pass,,OK
pep-high-hybrid-v1-s4-s4-trigonometry-fi-011,S4,pep-high-s4-trigonometry,fill-in,Challenge,trigonometry,sine-amplitude,4,4,pass,topic-balanced-s18-sample,OK
pep-high-hybrid-v1-s4-s4-trigonometry-mc-012,S4,pep-high-s4-trigonometry,multiple-choice,Foundation,trigonometry,sine-period,2π,2π,pass,topic-balanced-s18-sample,OK
pep-high-hybrid-v1-s4-s4-trigonometry-sa-013,S4,pep-high-s4-trigonometry,short-answer,Core,trigonometry,cosine-special-value,2,2,pass,,OK
pep-high-hybrid-v1-s4-s4-trigonometry-fi-014,S4,pep-high-s4-trigonometry,fill-in,Challenge,trigonometry,sine-amplitude,6,6,pass,,OK
pep-high-hybrid-v1-s4-s4-trigonometry-mc-015,S4,pep-high-s4-trigonometry,multiple-choice,Foundation,trigonometry,sine-period,π/2,π/2,pass,,OK
pep-high-hybrid-v1-s4-s4-trigonometry-sa-016,S4,pep-high-s4-trigonometry,short-answer,Core,trigonometry,cosine-special-value,0,0,pass,,OK
pep-high-hybrid-v1-s4-s4-trigonometry-fi-017,S4,pep-high-s4-trigonometry,fill-in,Challenge,trigonometry,sine-amplitude,3,3,pass,,OK
pep-high-hybrid-v1-s4-s4-trigonometry-mc-018,S4,pep-high-s4-trigonometry,multiple-choice,Foundation,trigonometry,sine-period,2π/3,2π/3,pass,,OK
pep-high-hybrid-v1-s4-s4-trigonometry-sa-019,S4,pep-high-s4-trigonometry,short-answer,Core,trigonometry,cosine-special-value,9/2,9/2,pass,,OK
pep-high-hybrid-v1-s4-s4-trigonometry-fi-020,S4,pep-high-s4-trigonometry,fill-in,Challenge,trigonometry,sine-amplitude,0,0,pass,,OK
pep-high-hybrid-v1-s4-s4-trigonometry-mc-021,S4,pep-high-s4-trigonometry,multiple-choice,Foundation,trigonometry,sine-period,π,π,pass,,OK
pep-high-hybrid-v1-s4-s4-trigonometry-sa-022,S4,pep-high-s4-trigonometry,short-answer,Core,trigonometry,cosine-special-value,5/2,5/2,pass,,OK
pep-high-hybrid-v1-s4-s4-trigonometry-fi-023,S4,pep-high-s4-trigonometry,fill-in,Challenge,trigonometry,sine-amplitude,6,6,pass,,OK
pep-high-hybrid-v1-s4-s4-trigonometry-mc-024,S4,pep-high-s4-trigonometry,multiple-choice,Foundation,trigonometry,sine-period,2π,2π,pass,,OK
pep-high-hybrid-v1-s4-s4-trigonometry-sa-025,S4,pep-high-s4-trigonometry,short-answer,Core,trigonometry,cosine-special-value,1/2,1/2,pass,,OK
pep-high-hybrid-v1-s4-s4-trigonometry-fi-026,S4,pep-high-s4-trigonometry,fill-in,Challenge,trigonometry,sine-amplitude,3,3,pass,,OK
pep-high-hybrid-v1-s4-s4-trigonometry-mc-027,S4,pep-high-s4-trigonometry,multiple-choice,Foundation,trigonometry,sine-period,π/2,π/2,pass,,OK
pep-high-hybrid-v1-s4-s4-trigonometry-sa-028,S4,pep-high-s4-trigonometry,short-answer,Core,trigonometry,cosine-special-value,1,1,pass,,OK
pep-high-hybrid-v1-s4-s4-trigonometry-fi-029,S4,pep-high-s4-trigonometry,fill-in,Challenge,trigonometry,sine-amplitude,5,5,pass,,OK
pep-high-hybrid-v1-s4-s4-trigonometry-mc-030,S4,pep-high-s4-trigonometry,multiple-choice,Foundation,trigonometry,sine-period,2π/3,2π/3,pass,,OK
pep-high-hybrid-v1-s4-s4-trigonometry-sa-031,S4,pep-high-s4-trigonometry,short-answer,Core,trigonometry,cosine-special-value,3,3,pass,,OK
pep-high-hybrid-v1-s4-s4-trigonometry-fi-032,S4,pep-high-s4-trigonometry,fill-in,Challenge,trigonometry,sine-amplitude,2,2,pass,,OK
pep-high-hybrid-v1-s4-s4-trigonometry-mc-033,S4,pep-high-s4-trigonometry,multiple-choice,Foundation,trigonometry,sine-period,π,π,pass,,OK
pep-high-hybrid-v1-s4-s4-trigonometry-sa-034,S4,pep-high-s4-trigonometry,short-answer,Core,trigonometry,cosine-special-value,7/2,7/2,pass,,OK
pep-high-hybrid-v1-s4-s4-trigonometry-fi-035,S4,pep-high-s4-trigonometry,fill-in,Challenge,trigonometry,sine-amplitude,3,3,pass,,OK
pep-high-hybrid-v1-s4-s4-trigonometry-mc-036,S4,pep-high-s4-trigonometry,multiple-choice,Foundation,trigonometry,sine-period,2π,2π,pass,,OK
pep-high-hybrid-v1-s4-s4-trigonometry-sa-037,S4,pep-high-s4-trigonometry,short-answer,Core,trigonometry,cosine-special-value,3/2,3/2,pass,,OK
pep-high-hybrid-v1-s4-s4-trigonometry-sa-038,S4,pep-high-s4-trigonometry,short-answer,Challenge,trigonometry,cosine-special-value,3,3,pass,,OK
pep-high-hybrid-v1-s4-s4-trigonometry-sa-039,S4,pep-high-s4-trigonometry,short-answer,Foundation,trigonometry,cosine-special-value,9/2,9/2,pass,,OK
pep-high-hybrid-v1-s4-s4-trigonometry-sa-040,S4,pep-high-s4-trigonometry,short-answer,Core,trigonometry,cosine-special-value,-1/2,-1/2,pass,,OK
pep-high-hybrid-v1-s4-s4-plane-vectors-sa-001,S4,pep-high-s4-plane-vectors,short-answer,Challenge,plane-vectors,vector-sum,"(1,0)","(1,0)",pass,topic-balanced-s18-sample,OK
pep-high-hybrid-v1-s4-s4-plane-vectors-fi-002,S4,pep-high-s4-plane-vectors,fill-in,Foundation,plane-vectors,vector-length-squared,9,9,pass,topic-balanced-s18-sample,OK
pep-high-hybrid-v1-s4-s4-plane-vectors-mc-003,S4,pep-high-s4-plane-vectors,multiple-choice,Core,plane-vectors,dot-product,4,4,pass,topic-balanced-s18-sample,OK
pep-high-hybrid-v1-s4-s4-plane-vectors-sa-004,S4,pep-high-s4-plane-vectors,short-answer,Challenge,plane-vectors,vector-sum,"(3,6)","(3,6)",pass,topic-balanced-s18-sample,OK
pep-high-hybrid-v1-s4-s4-plane-vectors-fi-005,S4,pep-high-s4-plane-vectors,fill-in,Foundation,plane-vectors,vector-length-squared,10,10,pass,topic-balanced-s18-sample,OK
pep-high-hybrid-v1-s4-s4-plane-vectors-mc-006,S4,pep-high-s4-plane-vectors,multiple-choice,Core,plane-vectors,dot-product,0,0,pass,topic-balanced-s18-sample,OK
pep-high-hybrid-v1-s4-s4-plane-vectors-sa-007,S4,pep-high-s4-plane-vectors,short-answer,Challenge,plane-vectors,vector-sum,"(3,0)","(3,0)",pass,,OK
pep-high-hybrid-v1-s4-s4-plane-vectors-fi-008,S4,pep-high-s4-plane-vectors,fill-in,Foundation,plane-vectors,vector-length-squared,16,16,pass,topic-balanced-s18-sample,OK
pep-high-hybrid-v1-s4-s4-plane-vectors-mc-009,S4,pep-high-s4-plane-vectors,multiple-choice,Core,plane-vectors,dot-product,-3,-3,pass,topic-balanced-s18-sample,OK
pep-high-hybrid-v1-s4-s4-plane-vectors-sa-010,S4,pep-high-s4-plane-vectors,short-answer,Challenge,plane-vectors,vector-sum,"(5,1)","(5,1)",pass,,OK
pep-high-hybrid-v1-s4-s4-plane-vectors-fi-011,S4,pep-high-s4-plane-vectors,fill-in,Foundation,plane-vectors,vector-length-squared,13,13,pass,topic-balanced-s18-sample,OK
pep-high-hybrid-v1-s4-s4-plane-vectors-mc-012,S4,pep-high-s4-plane-vectors,multiple-choice,Core,plane-vectors,dot-product,4,4,pass,topic-balanced-s18-sample,OK
pep-high-hybrid-v1-s4-s4-plane-vectors-sa-013,S4,pep-high-s4-plane-vectors,short-answer,Challenge,plane-vectors,vector-sum,"(1,7)","(1,7)",pass,,OK
pep-high-hybrid-v1-s4-s4-plane-vectors-fi-014,S4,pep-high-s4-plane-vectors,fill-in,Foundation,plane-vectors,vector-length-squared,25,25,pass,,OK
pep-high-hybrid-v1-s4-s4-plane-vectors-mc-015,S4,pep-high-s4-plane-vectors,multiple-choice,Core,plane-vectors,dot-product,2,2,pass,,OK
pep-high-hybrid-v1-s4-s4-plane-vectors-sa-016,S4,pep-high-s4-plane-vectors,short-answer,Challenge,plane-vectors,vector-sum,"(3,1)","(3,1)",pass,,OK
pep-high-hybrid-v1-s4-s4-plane-vectors-fi-017,S4,pep-high-s4-plane-vectors,fill-in,Foundation,plane-vectors,vector-length-squared,18,18,pass,,OK
pep-high-hybrid-v1-s4-s4-plane-vectors-mc-018,S4,pep-high-s4-plane-vectors,multiple-choice,Core,plane-vectors,dot-product,-2,-2,pass,,OK
pep-high-hybrid-v1-s4-s4-plane-vectors-sa-019,S4,pep-high-s4-plane-vectors,short-answer,Challenge,plane-vectors,vector-sum,"(3,7)","(3,7)",pass,,OK
pep-high-hybrid-v1-s4-s4-plane-vectors-fi-020,S4,pep-high-s4-plane-vectors,fill-in,Foundation,plane-vectors,vector-length-squared,1,1,pass,,OK
pep-high-hybrid-v1-s4-s4-plane-vectors-mc-021,S4,pep-high-s4-plane-vectors,multiple-choice,Core,plane-vectors,dot-product,-4,-4,pass,,OK
pep-high-hybrid-v1-s4-s4-plane-vectors-sa-022,S4,pep-high-s4-plane-vectors,short-answer,Challenge,plane-vectors,vector-sum,"(5,1)","(5,1)",pass,,OK
pep-high-hybrid-v1-s4-s4-plane-vectors-fi-023,S4,pep-high-s4-plane-vectors,fill-in,Foundation,plane-vectors,vector-length-squared,25,25,pass,,OK
pep-high-hybrid-v1-s4-s4-plane-vectors-mc-024,S4,pep-high-s4-plane-vectors,multiple-choice,Core,plane-vectors,dot-product,-2,-2,pass,,OK
pep-high-hybrid-v1-s4-s4-plane-vectors-sa-025,S4,pep-high-s4-plane-vectors,short-answer,Challenge,plane-vectors,vector-sum,"(1,2)","(1,2)",pass,,OK
pep-high-hybrid-v1-s4-s4-plane-vectors-fi-026,S4,pep-high-s4-plane-vectors,fill-in,Foundation,plane-vectors,vector-length-squared,4,4,pass,,OK
pep-high-hybrid-v1-s4-s4-plane-vectors-mc-027,S4,pep-high-s4-plane-vectors,multiple-choice,Core,plane-vectors,dot-product,13,13,pass,,OK
pep-high-hybrid-v1-s4-s4-plane-vectors-sa-028,S4,pep-high-s4-plane-vectors,short-answer,Challenge,plane-vectors,vector-sum,"(3,1)","(3,1)",pass,,OK
pep-high-hybrid-v1-s4-s4-plane-vectors-fi-029,S4,pep-high-s4-plane-vectors,fill-in,Foundation,plane-vectors,vector-length-squared,34,34,pass,,OK
pep-high-hybrid-v1-s4-s4-plane-vectors-mc-030,S4,pep-high-s4-plane-vectors,multiple-choice,Core,plane-vectors,dot-product,-7,-7,pass,,OK
pep-high-hybrid-v1-s4-s4-plane-vectors-sa-031,S4,pep-high-s4-plane-vectors,short-answer,Challenge,plane-vectors,vector-sum,"(3,2)","(3,2)",pass,,OK
pep-high-hybrid-v1-s4-s4-plane-vectors-fi-032,S4,pep-high-s4-plane-vectors,fill-in,Foundation,plane-vectors,vector-length-squared,9,9,pass,,OK
pep-high-hybrid-v1-s4-s4-plane-vectors-mc-033,S4,pep-high-s4-plane-vectors,multiple-choice,Core,plane-vectors,dot-product,10,10,pass,,OK
pep-high-hybrid-v1-s4-s4-plane-vectors-sa-034,S4,pep-high-s4-plane-vectors,short-answer,Challenge,plane-vectors,vector-sum,"(5,8)","(5,8)",pass,,OK
pep-high-hybrid-v1-s4-s4-plane-vectors-fi-035,S4,pep-high-s4-plane-vectors,fill-in,Foundation,plane-vectors,vector-length-squared,10,10,pass,,OK
pep-high-hybrid-v1-s4-s4-plane-vectors-mc-036,S4,pep-high-s4-plane-vectors,multiple-choice,Core,plane-vectors,dot-product,-6,-6,pass,,OK
pep-high-hybrid-v1-s4-s4-plane-vectors-sa-037,S4,pep-high-s4-plane-vectors,short-answer,Challenge,plane-vectors,vector-sum,"(1,2)","(1,2)",pass,,OK
pep-high-hybrid-v1-s4-s4-plane-vectors-sa-038,S4,pep-high-s4-plane-vectors,short-answer,Foundation,plane-vectors,vector-sum,"(3,4)","(3,4)",pass,,OK
pep-high-hybrid-v1-s4-s4-plane-vectors-sa-039,S4,pep-high-s4-plane-vectors,short-answer,Core,plane-vectors,vector-sum,"(5,6)","(5,6)",pass,,OK
pep-high-hybrid-v1-s4-s4-plane-vectors-sa-040,S4,pep-high-s4-plane-vectors,short-answer,Challenge,plane-vectors,vector-sum,"(3,3)","(3,3)",pass,,OK
pep-high-hybrid-v1-s4-s4-complex-numbers-sa-001,S4,pep-high-s4-complex-numbers,short-answer,Foundation,complex,complex-product,-2-6i,-2-6i,pass,topic-balanced-s18-sample,OK
pep-high-hybrid-v1-s4-s4-complex-numbers-fi-002,S4,pep-high-s4-complex-numbers,fill-in,Core,complex,complex-modulus-squared,9,9,pass,topic-balanced-s18-sample,OK
pep-high-hybrid-v1-s4-s4-complex-numbers-mc-003,S4,pep-high-s4-complex-numbers,multiple-choice,Challenge,complex,complex-addition,1+3i,1+3i,pass,topic-balanced-s18-sample,OK
pep-high-hybrid-v1-s4-s4-complex-numbers-sa-004,S4,pep-high-s4-complex-numbers,short-answer,Foundation,complex,complex-product,0+5i,0+5i,pass,topic-balanced-s18-sample,OK
pep-high-hybrid-v1-s4-s4-complex-numbers-fi-005,S4,pep-high-s4-complex-numbers,fill-in,Core,complex,complex-modulus-squared,8,8,pass,topic-balanced-s18-sample,OK
pep-high-hybrid-v1-s4-s4-complex-numbers-mc-006,S4,pep-high-s4-complex-numbers,multiple-choice,Challenge,complex,complex-addition,-4+2i,-4+2i,pass,topic-balanced-s18-sample,OK
pep-high-hybrid-v1-s4-s4-complex-numbers-sa-007,S4,pep-high-s4-complex-numbers,short-answer,Foundation,complex,complex-product,-8-8i,-8-8i,pass,,OK
pep-high-hybrid-v1-s4-s4-complex-numbers-fi-008,S4,pep-high-s4-complex-numbers,fill-in,Core,complex,complex-modulus-squared,2,2,pass,topic-balanced-s18-sample,OK
pep-high-hybrid-v1-s4-s4-complex-numbers-mc-009,S4,pep-high-s4-complex-numbers,multiple-choice,Challenge,complex,complex-addition,2+1i,2+1i,pass,topic-balanced-s18-sample,OK
pep-high-hybrid-v1-s4-s4-complex-numbers-sa-010,S4,pep-high-s4-complex-numbers,short-answer,Foundation,complex,complex-product,-8-1i,-8-1i,pass,,OK
pep-high-hybrid-v1-s4-s4-complex-numbers-fi-011,S4,pep-high-s4-complex-numbers,fill-in,Core,complex,complex-modulus-squared,17,17,pass,topic-balanced-s18-sample,OK
pep-high-hybrid-v1-s4-s4-complex-numbers-mc-012,S4,pep-high-s4-complex-numbers,multiple-choice,Challenge,complex,complex-addition,-3+0i,-3+0i,pass,topic-balanced-s18-sample,OK
pep-high-hybrid-v1-s4-s4-complex-numbers-sa-013,S4,pep-high-s4-complex-numbers,short-answer,Foundation,complex,complex-product,-6-2i,-6-2i,pass,,OK
pep-high-hybrid-v1-s4-s4-complex-numbers-fi-014,S4,pep-high-s4-complex-numbers,fill-in,Core,complex,complex-modulus-squared,13,13,pass,,OK
pep-high-hybrid-v1-s4-s4-complex-numbers-mc-015,S4,pep-high-s4-complex-numbers,multiple-choice,Challenge,complex,complex-addition,-2+3i,-2+3i,pass,,OK
pep-high-hybrid-v1-s4-s4-complex-numbers-sa-016,S4,pep-high-s4-complex-numbers,short-answer,Foundation,complex,complex-product,-3-1i,-3-1i,pass,,OK
pep-high-hybrid-v1-s4-s4-complex-numbers-fi-017,S4,pep-high-s4-complex-numbers,fill-in,Core,complex,complex-modulus-squared,4,4,pass,,OK
pep-high-hybrid-v1-s4-s4-complex-numbers-mc-018,S4,pep-high-s4-complex-numbers,multiple-choice,Challenge,complex,complex-addition,-2+2i,-2+2i,pass,,OK
pep-high-hybrid-v1-s4-s4-complex-numbers-sa-019,S4,pep-high-s4-complex-numbers,short-answer,Foundation,complex,complex-product,-12-4i,-12-4i,pass,,OK
pep-high-hybrid-v1-s4-s4-complex-numbers-fi-020,S4,pep-high-s4-complex-numbers,fill-in,Core,complex,complex-modulus-squared,5,5,pass,,OK
pep-high-hybrid-v1-s4-s4-complex-numbers-mc-021,S4,pep-high-s4-complex-numbers,multiple-choice,Challenge,complex,complex-addition,-1+1i,-1+1i,pass,,OK
pep-high-hybrid-v1-s4-s4-complex-numbers-sa-022,S4,pep-high-s4-complex-numbers,short-answer,Foundation,complex,complex-product,-6+3i,-6+3i,pass,,OK
pep-high-hybrid-v1-s4-s4-complex-numbers-fi-023,S4,pep-high-s4-complex-numbers,fill-in,Core,complex,complex-modulus-squared,17,17,pass,,OK
pep-high-hybrid-v1-s4-s4-complex-numbers-mc-024,S4,pep-high-s4-complex-numbers,multiple-choice,Challenge,complex,complex-addition,-1+0i,-1+0i,pass,,OK
pep-high-hybrid-v1-s4-s4-complex-numbers-sa-025,S4,pep-high-s4-complex-numbers,short-answer,Foundation,complex,complex-product,0-8i,0-8i,pass,,OK
pep-high-hybrid-v1-s4-s4-complex-numbers-fi-026,S4,pep-high-s4-complex-numbers,fill-in,Core,complex,complex-modulus-squared,10,10,pass,,OK
pep-high-hybrid-v1-s4-s4-complex-numbers-mc-027,S4,pep-high-s4-complex-numbers,multiple-choice,Challenge,complex,complex-addition,0+3i,0+3i,pass,,OK
pep-high-hybrid-v1-s4-s4-complex-numbers-sa-028,S4,pep-high-s4-complex-numbers,short-answer,Foundation,complex,complex-product,-1+3i,-1+3i,pass,,OK
pep-high-hybrid-v1-s4-s4-complex-numbers-fi-029,S4,pep-high-s4-complex-numbers,fill-in,Core,complex,complex-modulus-squared,8,8,pass,,OK
pep-high-hybrid-v1-s4-s4-complex-numbers-mc-030,S4,pep-high-s4-complex-numbers,multiple-choice,Challenge,complex,complex-addition,-5+2i,-5+2i,pass,,OK
pep-high-hybrid-v1-s4-s4-complex-numbers-sa-031,S4,pep-high-s4-complex-numbers,short-answer,Foundation,complex,complex-product,-6-10i,-6-10i,pass,,OK
pep-high-hybrid-v1-s4-s4-complex-numbers-fi-032,S4,pep-high-s4-complex-numbers,fill-in,Core,complex,complex-modulus-squared,1,1,pass,,OK
pep-high-hybrid-v1-s4-s4-complex-numbers-mc-033,S4,pep-high-s4-complex-numbers,multiple-choice,Challenge,complex,complex-addition,1+1i,1+1i,pass,,OK
pep-high-hybrid-v1-s4-s4-complex-numbers-sa-034,S4,pep-high-s4-complex-numbers,short-answer,Foundation,complex,complex-product,-4+7i,-4+7i,pass,,OK
pep-high-hybrid-v1-s4-s4-complex-numbers-fi-035,S4,pep-high-s4-complex-numbers,fill-in,Core,complex,complex-modulus-squared,20,20,pass,,OK
pep-high-hybrid-v1-s4-s4-complex-numbers-mc-036,S4,pep-high-s4-complex-numbers,multiple-choice,Challenge,complex,complex-addition,-4+0i,-4+0i,pass,,OK
pep-high-hybrid-v1-s4-s4-complex-numbers-sa-037,S4,pep-high-s4-complex-numbers,short-answer,Foundation,complex,complex-product,-4-4i,-4-4i,pass,,OK
pep-high-hybrid-v1-s4-s4-complex-numbers-sa-038,S4,pep-high-s4-complex-numbers,short-answer,Core,complex,complex-product,-10+0i,-10+0i,pass,,OK
pep-high-hybrid-v1-s4-s4-complex-numbers-sa-039,S4,pep-high-s4-complex-numbers,short-answer,Challenge,complex,complex-product,-4+2i,-4+2i,pass,,OK
pep-high-hybrid-v1-s4-s4-complex-numbers-sa-040,S4,pep-high-s4-complex-numbers,short-answer,Foundation,complex,complex-product,-4-3i,-4-3i,pass,,OK
pep-high-hybrid-v1-s4-s4-solid-geometry-intro-sa-001,S4,pep-high-s4-solid-geometry-intro,short-answer,Core,solid-geometry,cuboid-surface-area,66,66,pass,topic-balanced-s18-sample,OK
pep-high-hybrid-v1-s4-s4-solid-geometry-intro-fi-002,S4,pep-high-s4-solid-geometry-intro,fill-in,Challenge,solid-geometry,cuboid-diagonal-squared,57,57,pass,topic-balanced-s18-sample,OK
pep-high-hybrid-v1-s4-s4-solid-geometry-intro-mc-003,S4,pep-high-s4-solid-geometry-intro,multiple-choice,Core,solid-geometry,cuboid-volume,150,150,pass,topic-balanced-s18-sample,OK
pep-high-hybrid-v1-s4-s4-solid-geometry-intro-sa-004,S4,pep-high-s4-solid-geometry-intro,short-answer,Challenge,solid-geometry,cuboid-surface-area,136,136,pass,topic-balanced-s18-sample,OK
pep-high-hybrid-v1-s4-s4-solid-geometry-intro-fi-005,S4,pep-high-s4-solid-geometry-intro,fill-in,Core,solid-geometry,cuboid-diagonal-squared,67,67,pass,topic-balanced-s18-sample,OK
pep-high-hybrid-v1-s4-s4-solid-geometry-intro-mc-006,S4,pep-high-s4-solid-geometry-intro,multiple-choice,Challenge,solid-geometry,cuboid-volume,32,32,pass,topic-balanced-s18-sample,OK
pep-high-hybrid-v1-s4-s4-solid-geometry-intro-sa-007,S4,pep-high-s4-solid-geometry-intro,short-answer,Core,solid-geometry,cuboid-surface-area,110,110,pass,,OK
pep-high-hybrid-v1-s4-s4-solid-geometry-intro-fi-008,S4,pep-high-s4-solid-geometry-intro,fill-in,Challenge,solid-geometry,cuboid-diagonal-squared,56,56,pass,topic-balanced-s18-sample,OK
pep-high-hybrid-v1-s4-s4-solid-geometry-intro-mc-009,S4,pep-high-s4-solid-geometry-intro,multiple-choice,Core,solid-geometry,cuboid-volume,105,105,pass,topic-balanced-s18-sample,OK
pep-high-hybrid-v1-s4-s4-solid-geometry-intro-sa-010,S4,pep-high-s4-solid-geometry-intro,short-answer,Challenge,solid-geometry,cuboid-surface-area,108,108,pass,,OK
pep-high-hybrid-v1-s4-s4-solid-geometry-intro-fi-011,S4,pep-high-s4-solid-geometry-intro,fill-in,Core,solid-geometry,cuboid-diagonal-squared,90,90,pass,topic-balanced-s18-sample,OK
pep-high-hybrid-v1-s4-s4-solid-geometry-intro-mc-012,S4,pep-high-s4-solid-geometry-intro,multiple-choice,Challenge,solid-geometry,cuboid-volume,20,20,pass,topic-balanced-s18-sample,OK
pep-high-hybrid-v1-s4-s4-solid-geometry-intro-sa-013,S4,pep-high-s4-solid-geometry-intro,short-answer,Core,solid-geometry,cuboid-surface-area,90,90,pass,,OK
pep-high-hybrid-v1-s4-s4-solid-geometry-intro-fi-014,S4,pep-high-s4-solid-geometry-intro,fill-in,Challenge,solid-geometry,cuboid-diagonal-squared,81,81,pass,,OK
pep-high-hybrid-v1-s4-s4-solid-geometry-intro-mc-015,S4,pep-high-s4-solid-geometry-intro,multiple-choice,Core,solid-geometry,cuboid-volume,75,75,pass,,OK
pep-high-hybrid-v1-s4-s4-solid-geometry-intro-sa-016,S4,pep-high-s4-solid-geometry-intro,short-answer,Challenge,solid-geometry,cuboid-surface-area,88,88,pass,,OK
pep-high-hybrid-v1-s4-s4-solid-geometry-intro-fi-017,S4,pep-high-s4-solid-geometry-intro,fill-in,Core,solid-geometry,cuboid-diagonal-squared,83,83,pass,,OK
pep-high-hybrid-v1-s4-s4-solid-geometry-intro-mc-018,S4,pep-high-s4-solid-geometry-intro,multiple-choice,Challenge,solid-geometry,cuboid-volume,48,48,pass,,OK
pep-high-hybrid-v1-s4-s4-solid-geometry-intro-sa-019,S4,pep-high-s4-solid-geometry-intro,short-answer,Core,solid-geometry,cuboid-surface-area,142,142,pass,,OK
pep-high-hybrid-v1-s4-s4-solid-geometry-intro-fi-020,S4,pep-high-s4-solid-geometry-intro,fill-in,Challenge,solid-geometry,cuboid-diagonal-squared,29,29,pass,,OK
pep-high-hybrid-v1-s4-s4-solid-geometry-intro-mc-021,S4,pep-high-s4-solid-geometry-intro,multiple-choice,Core,solid-geometry,cuboid-volume,60,60,pass,,OK
pep-high-hybrid-v1-s4-s4-solid-geometry-intro-sa-022,S4,pep-high-s4-solid-geometry-intro,short-answer,Challenge,solid-geometry,cuboid-surface-area,148,148,pass,,OK
pep-high-hybrid-v1-s4-s4-solid-geometry-intro-fi-023,S4,pep-high-s4-solid-geometry-intro,fill-in,Core,solid-geometry,cuboid-diagonal-squared,110,110,pass,,OK
pep-high-hybrid-v1-s4-s4-solid-geometry-intro-mc-024,S4,pep-high-s4-solid-geometry-intro,multiple-choice,Challenge,solid-geometry,cuboid-volume,28,28,pass,,OK
pep-high-hybrid-v1-s4-s4-solid-geometry-intro-sa-025,S4,pep-high-s4-solid-geometry-intro,short-answer,Core,solid-geometry,cuboid-surface-area,54,54,pass,,OK
pep-high-hybrid-v1-s4-s4-solid-geometry-intro-fi-026,S4,pep-high-s4-solid-geometry-intro,fill-in,Challenge,solid-geometry,cuboid-diagonal-squared,48,48,pass,,OK
pep-high-hybrid-v1-s4-s4-solid-geometry-intro-mc-027,S4,pep-high-s4-solid-geometry-intro,multiple-choice,Core,solid-geometry,cuboid-volume,125,125,pass,,OK
pep-high-hybrid-v1-s4-s4-solid-geometry-intro-sa-028,S4,pep-high-s4-solid-geometry-intro,short-answer,Challenge,solid-geometry,cuboid-surface-area,120,120,pass,,OK
pep-high-hybrid-v1-s4-s4-solid-geometry-intro-fi-029,S4,pep-high-s4-solid-geometry-intro,fill-in,Core,solid-geometry,cuboid-diagonal-squared,107,107,pass,,OK
pep-high-hybrid-v1-s4-s4-solid-geometry-intro-mc-030,S4,pep-high-s4-solid-geometry-intro,multiple-choice,Challenge,solid-geometry,cuboid-volume,24,24,pass,,OK
pep-high-hybrid-v1-s4-s4-solid-geometry-intro-sa-031,S4,pep-high-s4-solid-geometry-intro,short-answer,Core,solid-geometry,cuboid-surface-area,94,94,pass,,OK
pep-high-hybrid-v1-s4-s4-solid-geometry-intro-fi-032,S4,pep-high-s4-solid-geometry-intro,fill-in,Challenge,solid-geometry,cuboid-diagonal-squared,45,45,pass,,OK
pep-high-hybrid-v1-s4-s4-solid-geometry-intro-mc-033,S4,pep-high-s4-solid-geometry-intro,multiple-choice,Core,solid-geometry,cuboid-volume,90,90,pass,,OK
pep-high-hybrid-v1-s4-s4-solid-geometry-intro-sa-034,S4,pep-high-s4-solid-geometry-intro,short-answer,Challenge,solid-geometry,cuboid-surface-area,188,188,pass,,OK
pep-high-hybrid-v1-s4-s4-solid-geometry-intro-fi-035,S4,pep-high-s4-solid-geometry-intro,fill-in,Core,solid-geometry,cuboid-diagonal-squared,83,83,pass,,OK
pep-high-hybrid-v1-s4-s4-solid-geometry-intro-mc-036,S4,pep-high-s4-solid-geometry-intro,multiple-choice,Challenge,solid-geometry,cuboid-volume,16,16,pass,,OK
pep-high-hybrid-v1-s4-s4-solid-geometry-intro-sa-037,S4,pep-high-s4-solid-geometry-intro,short-answer,Core,solid-geometry,cuboid-surface-area,78,78,pass,,OK
pep-high-hybrid-v1-s4-s4-solid-geometry-intro-sa-038,S4,pep-high-s4-solid-geometry-intro,short-answer,Challenge,solid-geometry,cuboid-surface-area,128,128,pass,,OK
pep-high-hybrid-v1-s4-s4-solid-geometry-intro-sa-039,S4,pep-high-s4-solid-geometry-intro,short-answer,Core,solid-geometry,cuboid-surface-area,190,190,pass,,OK
pep-high-hybrid-v1-s4-s4-solid-geometry-intro-sa-040,S4,pep-high-s4-solid-geometry-intro,short-answer,Challenge,solid-geometry,cuboid-surface-area,72,72,pass,,OK
pep-high-hybrid-v1-s4-s4-statistics-sa-001,S4,pep-high-s4-statistics,short-answer,Core,statistics,mean-completion,13,13,pass,topic-balanced-s18-sample,OK
pep-high-hybrid-v1-s4-s4-statistics-fi-002,S4,pep-high-s4-statistics,fill-in,Core,statistics,three-number-range,6,6,pass,topic-balanced-s18-sample,OK
pep-high-hybrid-v1-s4-s4-statistics-mc-003,S4,pep-high-s4-statistics,multiple-choice,Core,statistics,three-number-mean,7,7,pass,topic-balanced-s18-sample,OK
pep-high-hybrid-v1-s4-s4-statistics-sa-004,S4,pep-high-s4-statistics,short-answer,Core,statistics,mean-completion,16,16,pass,topic-balanced-s18-sample,OK
pep-high-hybrid-v1-s4-s4-statistics-fi-005,S4,pep-high-s4-statistics,fill-in,Core,statistics,three-number-range,4,4,pass,topic-balanced-s18-sample,OK
pep-high-hybrid-v1-s4-s4-statistics-mc-006,S4,pep-high-s4-statistics,multiple-choice,Core,statistics,three-number-mean,10,10,pass,topic-balanced-s18-sample,OK
pep-high-hybrid-v1-s4-s4-statistics-sa-007,S4,pep-high-s4-statistics,short-answer,Core,statistics,mean-completion,19,19,pass,,OK
pep-high-hybrid-v1-s4-s4-statistics-fi-008,S4,pep-high-s4-statistics,fill-in,Core,statistics,three-number-range,2,2,pass,topic-balanced-s18-sample,OK
pep-high-hybrid-v1-s4-s4-statistics-mc-009,S4,pep-high-s4-statistics,multiple-choice,Core,statistics,three-number-mean,5,5,pass,topic-balanced-s18-sample,OK
pep-high-hybrid-v1-s4-s4-statistics-sa-010,S4,pep-high-s4-statistics,short-answer,Core,statistics,mean-completion,14,14,pass,,OK
pep-high-hybrid-v1-s4-s4-statistics-fi-011,S4,pep-high-s4-statistics,fill-in,Core,statistics,three-number-range,8,8,pass,topic-balanced-s18-sample,OK
pep-high-hybrid-v1-s4-s4-statistics-mc-012,S4,pep-high-s4-statistics,multiple-choice,Core,statistics,three-number-mean,8,8,pass,topic-balanced-s18-sample,OK
pep-high-hybrid-v1-s4-s4-statistics-sa-013,S4,pep-high-s4-statistics,short-answer,Core,statistics,mean-completion,17,17,pass,,OK
pep-high-hybrid-v1-s4-s4-statistics-fi-014,S4,pep-high-s4-statistics,fill-in,Core,statistics,three-number-range,6,6,pass,,OK
pep-high-hybrid-v1-s4-s4-statistics-mc-015,S4,pep-high-s4-statistics,multiple-choice,Core,statistics,three-number-mean,11,11,pass,,OK
pep-high-hybrid-v1-s4-s4-statistics-sa-016,S4,pep-high-s4-statistics,short-answer,Core,statistics,mean-completion,12,12,pass,,OK
pep-high-hybrid-v1-s4-s4-statistics-fi-017,S4,pep-high-s4-statistics,fill-in,Core,statistics,three-number-range,4,4,pass,,OK
pep-high-hybrid-v1-s4-s4-statistics-mc-018,S4,pep-high-s4-statistics,multiple-choice,Core,statistics,three-number-mean,6,6,pass,,OK
pep-high-hybrid-v1-s4-s4-statistics-sa-019,S4,pep-high-s4-statistics,short-answer,Core,statistics,mean-completion,15,15,pass,,OK
pep-high-hybrid-v1-s4-s4-statistics-fi-020,S4,pep-high-s4-statistics,fill-in,Core,statistics,three-number-range,2,2,pass,,OK
pep-high-hybrid-v1-s4-s4-statistics-mc-021,S4,pep-high-s4-statistics,multiple-choice,Core,statistics,three-number-mean,9,9,pass,,OK
pep-high-hybrid-v1-s4-s4-statistics-sa-022,S4,pep-high-s4-statistics,short-answer,Core,statistics,mean-completion,18,18,pass,,OK
pep-high-hybrid-v1-s4-s4-statistics-fi-023,S4,pep-high-s4-statistics,fill-in,Core,statistics,three-number-range,8,8,pass,,OK
pep-high-hybrid-v1-s4-s4-statistics-mc-024,S4,pep-high-s4-statistics,multiple-choice,Core,statistics,three-number-mean,4,4,pass,,OK
pep-high-hybrid-v1-s4-s4-statistics-sa-025,S4,pep-high-s4-statistics,short-answer,Core,statistics,mean-completion,13,13,pass,,OK
pep-high-hybrid-v1-s4-s4-statistics-fi-026,S4,pep-high-s4-statistics,fill-in,Core,statistics,three-number-range,6,6,pass,,OK
pep-high-hybrid-v1-s4-s4-statistics-mc-027,S4,pep-high-s4-statistics,multiple-choice,Core,statistics,three-number-mean,7,7,pass,,OK
pep-high-hybrid-v1-s4-s4-statistics-sa-028,S4,pep-high-s4-statistics,short-answer,Core,statistics,mean-completion,16,16,pass,,OK
pep-high-hybrid-v1-s4-s4-statistics-fi-029,S4,pep-high-s4-statistics,fill-in,Core,statistics,three-number-range,4,4,pass,,OK
pep-high-hybrid-v1-s4-s4-statistics-mc-030,S4,pep-high-s4-statistics,multiple-choice,Core,statistics,three-number-mean,10,10,pass,,OK
pep-high-hybrid-v1-s4-s4-statistics-sa-031,S4,pep-high-s4-statistics,short-answer,Core,statistics,mean-completion,19,19,pass,,OK
pep-high-hybrid-v1-s4-s4-statistics-fi-032,S4,pep-high-s4-statistics,fill-in,Core,statistics,three-number-range,2,2,pass,,OK
pep-high-hybrid-v1-s4-s4-statistics-mc-033,S4,pep-high-s4-statistics,multiple-choice,Core,statistics,three-number-mean,5,5,pass,,OK
pep-high-hybrid-v1-s4-s4-statistics-sa-034,S4,pep-high-s4-statistics,short-answer,Core,statistics,mean-completion,14,14,pass,,OK
pep-high-hybrid-v1-s4-s4-statistics-fi-035,S4,pep-high-s4-statistics,fill-in,Core,statistics,three-number-range,8,8,pass,,OK
pep-high-hybrid-v1-s4-s4-statistics-mc-036,S4,pep-high-s4-statistics,multiple-choice,Core,statistics,three-number-mean,8,8,pass,,OK
pep-high-hybrid-v1-s4-s4-statistics-sa-037,S4,pep-high-s4-statistics,short-answer,Core,statistics,mean-completion,17,17,pass,,OK
pep-high-hybrid-v1-s4-s4-statistics-sa-038,S4,pep-high-s4-statistics,short-answer,Core,statistics,mean-completion,18,18,pass,,OK
pep-high-hybrid-v1-s4-s4-statistics-sa-039,S4,pep-high-s4-statistics,short-answer,Core,statistics,mean-completion,19,19,pass,,OK
pep-high-hybrid-v1-s4-s4-statistics-sa-040,S4,pep-high-s4-statistics,short-answer,Core,statistics,mean-completion,12,12,pass,,OK
pep-high-hybrid-v1-s4-s4-probability-sa-001,S4,pep-high-s4-probability,short-answer,Core,probability,two-draw-red-then-blue,2/7,2/7,pass,topic-balanced-s18-sample,OK
pep-high-hybrid-v1-s4-s4-probability-fi-002,S4,pep-high-s4-probability,fill-in,Core,probability,single-draw-blue,5/9,5/9,pass,topic-balanced-s18-sample,OK
pep-high-hybrid-v1-s4-s4-probability-mc-003,S4,pep-high-s4-probability,multiple-choice,Core,probability,single-draw-red,5/11,5/11,pass,topic-balanced-s18-sample,OK
pep-high-hybrid-v1-s4-s4-probability-sa-004,S4,pep-high-s4-probability,short-answer,Core,probability,two-draw-red-then-blue,1/4,1/4,pass,topic-balanced-s18-sample,OK
pep-high-hybrid-v1-s4-s4-probability-fi-005,S4,pep-high-s4-probability,fill-in,Core,probability,single-draw-blue,2/3,2/3,pass,topic-balanced-s18-sample,OK
pep-high-hybrid-v1-s4-s4-probability-mc-006,S4,pep-high-s4-probability,multiple-choice,Core,probability,single-draw-red,3/8,3/8,pass,topic-balanced-s18-sample,OK
pep-high-hybrid-v1-s4-s4-probability-sa-007,S4,pep-high-s4-probability,short-answer,Core,probability,two-draw-red-then-blue,4/15,4/15,pass,,OK
pep-high-hybrid-v1-s4-s4-probability-fi-008,S4,pep-high-s4-probability,fill-in,Core,probability,single-draw-blue,3/8,3/8,pass,topic-balanced-s18-sample,OK
pep-high-hybrid-v1-s4-s4-probability-mc-009,S4,pep-high-s4-probability,multiple-choice,Core,probability,single-draw-red,3/5,3/5,pass,topic-balanced-s18-sample,OK
pep-high-hybrid-v1-s4-s4-probability-sa-010,S4,pep-high-s4-probability,short-answer,Core,probability,two-draw-red-then-blue,5/21,5/21,pass,,OK
pep-high-hybrid-v1-s4-s4-probability-fi-011,S4,pep-high-s4-probability,fill-in,Core,probability,single-draw-blue,2/3,2/3,pass,topic-balanced-s18-sample,OK
pep-high-hybrid-v1-s4-s4-probability-mc-012,S4,pep-high-s4-probability,multiple-choice,Core,probability,single-draw-red,4/7,4/7,pass,topic-balanced-s18-sample,OK
pep-high-hybrid-v1-s4-s4-probability-sa-013,S4,pep-high-s4-probability,short-answer,Core,probability,two-draw-red-then-blue,5/18,5/18,pass,,OK
pep-high-hybrid-v1-s4-s4-probability-fi-014,S4,pep-high-s4-probability,fill-in,Core,probability,single-draw-blue,5/11,5/11,pass,,OK
pep-high-hybrid-v1-s4-s4-probability-mc-015,S4,pep-high-s4-probability,multiple-choice,Core,probability,single-draw-red,1/4,1/4,pass,,OK
pep-high-hybrid-v1-s4-s4-probability-sa-016,S4,pep-high-s4-probability,short-answer,Core,probability,two-draw-red-then-blue,3/10,3/10,pass,,OK
pep-high-hybrid-v1-s4-s4-probability-fi-017,S4,pep-high-s4-probability,fill-in,Core,probability,single-draw-blue,1/2,1/2,pass,,OK
pep-high-hybrid-v1-s4-s4-probability-mc-018,S4,pep-high-s4-probability,multiple-choice,Core,probability,single-draw-red,1/2,1/2,pass,,OK
pep-high-hybrid-v1-s4-s4-probability-sa-019,S4,pep-high-s4-probability,short-answer,Core,probability,two-draw-red-then-blue,3/11,3/11,pass,,OK
pep-high-hybrid-v1-s4-s4-probability-fi-020,S4,pep-high-s4-probability,fill-in,Core,probability,single-draw-blue,3/5,3/5,pass,,OK
pep-high-hybrid-v1-s4-s4-probability-mc-021,S4,pep-high-s4-probability,multiple-choice,Core,probability,single-draw-red,3/7,3/7,pass,,OK
pep-high-hybrid-v1-s4-s4-probability-sa-022,S4,pep-high-s4-probability,short-answer,Core,probability,two-draw-red-then-blue,5/18,5/18,pass,,OK
pep-high-hybrid-v1-s4-s4-probability-fi-023,S4,pep-high-s4-probability,fill-in,Core,probability,single-draw-blue,6/11,6/11,pass,,OK
pep-high-hybrid-v1-s4-s4-probability-mc-024,S4,pep-high-s4-probability,multiple-choice,Core,probability,single-draw-red,2/3,2/3,pass,,OK
pep-high-hybrid-v1-s4-s4-probability-sa-025,S4,pep-high-s4-probability,short-answer,Core,probability,two-draw-red-then-blue,4/15,4/15,pass,,OK
pep-high-hybrid-v1-s4-s4-probability-fi-026,S4,pep-high-s4-probability,fill-in,Core,probability,single-draw-blue,5/8,5/8,pass,,OK
pep-high-hybrid-v1-s4-s4-probability-mc-027,S4,pep-high-s4-probability,multiple-choice,Core,probability,single-draw-red,2/5,2/5,pass,,OK
pep-high-hybrid-v1-s4-s4-probability-sa-028,S4,pep-high-s4-probability,short-answer,Core,probability,two-draw-red-then-blue,15/56,15/56,pass,,OK
pep-high-hybrid-v1-s4-s4-probability-fi-029,S4,pep-high-s4-probability,fill-in,Core,probability,single-draw-blue,2/5,2/5,pass,,OK
pep-high-hybrid-v1-s4-s4-probability-mc-030,S4,pep-high-s4-probability,multiple-choice,Core,probability,single-draw-red,2/7,2/7,pass,,OK
pep-high-hybrid-v1-s4-s4-probability-sa-031,S4,pep-high-s4-probability,short-answer,Core,probability,two-draw-red-then-blue,1/4,1/4,pass,,OK
pep-high-hybrid-v1-s4-s4-probability-fi-032,S4,pep-high-s4-probability,fill-in,Core,probability,single-draw-blue,3/7,3/7,pass,,OK
pep-high-hybrid-v1-s4-s4-probability-mc-033,S4,pep-high-s4-probability,multiple-choice,Core,probability,single-draw-red,5/9,5/9,pass,,OK
pep-high-hybrid-v1-s4-s4-probability-sa-034,S4,pep-high-s4-probability,short-answer,Core,probability,two-draw-red-then-blue,3/11,3/11,pass,,OK
pep-high-hybrid-v1-s4-s4-probability-fi-035,S4,pep-high-s4-probability,fill-in,Core,probability,single-draw-blue,3/4,3/4,pass,,OK
pep-high-hybrid-v1-s4-s4-probability-mc-036,S4,pep-high-s4-probability,multiple-choice,Core,probability,single-draw-red,1/2,1/2,pass,,OK
pep-high-hybrid-v1-s4-s4-probability-sa-037,S4,pep-high-s4-probability,short-answer,Core,probability,two-draw-red-then-blue,2/7,2/7,pass,,OK
pep-high-hybrid-v1-s4-s4-probability-sa-038,S4,pep-high-s4-probability,short-answer,Core,probability,two-draw-red-then-blue,5/18,5/18,pass,,OK
pep-high-hybrid-v1-s4-s4-probability-sa-039,S4,pep-high-s4-probability,short-answer,Core,probability,two-draw-red-then-blue,3/11,3/11,pass,,OK
pep-high-hybrid-v1-s4-s4-probability-sa-040,S4,pep-high-s4-probability,short-answer,Core,probability,two-draw-red-then-blue,3/10,3/10,pass,,OK
pep-high-hybrid-v1-s5-s5-space-vectors-sa-001,S5,pep-high-s5-space-vectors,short-answer,Core,space-vectors,space-vector-sum,"(1,-1,0)","(1,-1,0)",pass,topic-balanced-s18-sample,OK
pep-high-hybrid-v1-s5-s5-space-vectors-fi-002,S5,pep-high-s5-space-vectors,fill-in,Challenge,space-vectors,space-vector-length-squared,10,10,pass,topic-balanced-s18-sample,OK
pep-high-hybrid-v1-s5-s5-space-vectors-mc-003,S5,pep-high-s5-space-vectors,multiple-choice,Exam,space-vectors,space-vector-dot,3,3,pass,topic-balanced-s18-sample,OK
pep-high-hybrid-v1-s5-s5-space-vectors-sa-004,S5,pep-high-s5-space-vectors,short-answer,Foundation,space-vectors,space-vector-sum,"(4,5,2)","(4,5,2)",pass,topic-balanced-s18-sample,OK
pep-high-hybrid-v1-s5-s5-space-vectors-fi-005,S5,pep-high-s5-space-vectors,fill-in,Core,space-vectors,space-vector-length-squared,24,24,pass,topic-balanced-s18-sample,OK
pep-high-hybrid-v1-s5-s5-space-vectors-mc-006,S5,pep-high-s5-space-vectors,multiple-choice,Challenge,space-vectors,space-vector-dot,-9,-9,pass,topic-balanced-s18-sample,OK
pep-high-hybrid-v1-s5-s5-space-vectors-sa-007,S5,pep-high-s5-space-vectors,short-answer,Exam,space-vectors,space-vector-sum,"(2,0,2)","(2,0,2)",pass,,OK
pep-high-hybrid-v1-s5-s5-space-vectors-fi-008,S5,pep-high-s5-space-vectors,fill-in,Foundation,space-vectors,space-vector-length-squared,3,3,pass,topic-balanced-s18-sample,OK
pep-high-hybrid-v1-s5-s5-space-vectors-mc-009,S5,pep-high-s5-space-vectors,multiple-choice,Core,space-vectors,space-vector-dot,6,6,pass,topic-balanced-s18-sample,OK
pep-high-hybrid-v1-s5-s5-space-vectors-sa-010,S5,pep-high-s5-space-vectors,short-answer,Challenge,space-vectors,space-vector-sum,"(0,1,4)","(0,1,4)",pass,,OK
pep-high-hybrid-v1-s5-s5-space-vectors-fi-011,S5,pep-high-s5-space-vectors,fill-in,Exam,space-vectors,space-vector-length-squared,33,33,pass,topic-balanced-s18-sample,OK
pep-high-hybrid-v1-s5-s5-space-vectors-mc-012,S5,pep-high-s5-space-vectors,multiple-choice,Foundation,space-vectors,space-vector-dot,-3,-3,pass,topic-balanced-s18-sample,OK
pep-high-hybrid-v1-s5-s5-space-vectors-sa-013,S5,pep-high-s5-space-vectors,short-answer,Core,space-vectors,space-vector-sum,"(3,1,0)","(3,1,0)",pass,,OK
pep-high-hybrid-v1-s5-s5-space-vectors-fi-014,S5,pep-high-s5-space-vectors,fill-in,Challenge,space-vectors,space-vector-length-squared,14,14,pass,,OK
pep-high-hybrid-v1-s5-s5-space-vectors-mc-015,S5,pep-high-s5-space-vectors,multiple-choice,Exam,space-vectors,space-vector-dot,-6,-6,pass,,OK
pep-high-hybrid-v1-s5-s5-space-vectors-sa-016,S5,pep-high-s5-space-vectors,short-answer,Foundation,space-vectors,space-vector-sum,"(1,2,2)","(1,2,2)",pass,,OK
pep-high-hybrid-v1-s5-s5-space-vectors-fi-017,S5,pep-high-s5-space-vectors,fill-in,Core,space-vectors,space-vector-length-squared,20,20,pass,,OK
pep-high-hybrid-v1-s5-s5-space-vectors-mc-018,S5,pep-high-s5-space-vectors,multiple-choice,Challenge,space-vectors,space-vector-dot,-9,-9,pass,,OK
pep-high-hybrid-v1-s5-s5-space-vectors-sa-019,S5,pep-high-s5-space-vectors,short-answer,Exam,space-vectors,space-vector-sum,"(4,2,2)","(4,2,2)",pass,,OK
pep-high-hybrid-v1-s5-s5-space-vectors-fi-020,S5,pep-high-s5-space-vectors,fill-in,Foundation,space-vectors,space-vector-length-squared,6,6,pass,,OK
pep-high-hybrid-v1-s5-s5-space-vectors-mc-021,S5,pep-high-s5-space-vectors,multiple-choice,Core,space-vectors,space-vector-dot,-3,-3,pass,,OK
pep-high-hybrid-v1-s5-s5-space-vectors-sa-022,S5,pep-high-s5-space-vectors,short-answer,Challenge,space-vectors,space-vector-sum,"(2,3,4)","(2,3,4)",pass,,OK
pep-high-hybrid-v1-s5-s5-space-vectors-fi-023,S5,pep-high-s5-space-vectors,fill-in,Exam,space-vectors,space-vector-length-squared,33,33,pass,,OK
pep-high-hybrid-v1-s5-s5-space-vectors-mc-024,S5,pep-high-s5-space-vectors,multiple-choice,Foundation,space-vectors,space-vector-dot,-3,-3,pass,,OK
pep-high-hybrid-v1-s5-s5-space-vectors-sa-025,S5,pep-high-s5-space-vectors,short-answer,Core,space-vectors,space-vector-sum,"(0,-2,0)","(0,-2,0)",pass,,OK
pep-high-hybrid-v1-s5-s5-space-vectors-fi-026,S5,pep-high-s5-space-vectors,fill-in,Challenge,space-vectors,space-vector-length-squared,11,11,pass,,OK
pep-high-hybrid-v1-s5-s5-space-vectors-mc-027,S5,pep-high-s5-space-vectors,multiple-choice,Exam,space-vectors,space-vector-dot,0,0,pass,,OK
pep-high-hybrid-v1-s5-s5-space-vectors-sa-028,S5,pep-high-s5-space-vectors,short-answer,Foundation,space-vectors,space-vector-sum,"(3,4,2)","(3,4,2)",pass,,OK
pep-high-hybrid-v1-s5-s5-space-vectors-fi-029,S5,pep-high-s5-space-vectors,fill-in,Core,space-vectors,space-vector-length-squared,24,24,pass,,OK
pep-high-hybrid-v1-s5-s5-space-vectors-mc-030,S5,pep-high-s5-space-vectors,multiple-choice,Challenge,space-vectors,space-vector-dot,-9,-9,pass,,OK
pep-high-hybrid-v1-s5-s5-space-vectors-sa-031,S5,pep-high-s5-space-vectors,short-answer,Exam,space-vectors,space-vector-sum,"(1,-1,2)","(1,-1,2)",pass,,OK
pep-high-hybrid-v1-s5-s5-space-vectors-fi-032,S5,pep-high-s5-space-vectors,fill-in,Foundation,space-vectors,space-vector-length-squared,2,2,pass,,OK
pep-high-hybrid-v1-s5-s5-space-vectors-mc-033,S5,pep-high-s5-space-vectors,multiple-choice,Core,space-vectors,space-vector-dot,3,3,pass,,OK
pep-high-hybrid-v1-s5-s5-space-vectors-sa-034,S5,pep-high-s5-space-vectors,short-answer,Challenge,space-vectors,space-vector-sum,"(4,5,4)","(4,5,4)",pass,,OK
pep-high-hybrid-v1-s5-s5-space-vectors-fi-035,S5,pep-high-s5-space-vectors,fill-in,Exam,space-vectors,space-vector-length-squared,36,36,pass,,OK
pep-high-hybrid-v1-s5-s5-space-vectors-mc-036,S5,pep-high-s5-space-vectors,multiple-choice,Foundation,space-vectors,space-vector-dot,-3,-3,pass,,OK
pep-high-hybrid-v1-s5-s5-space-vectors-sa-037,S5,pep-high-s5-space-vectors,short-answer,Core,space-vectors,space-vector-sum,"(2,0,0)","(2,0,0)",pass,,OK
pep-high-hybrid-v1-s5-s5-space-vectors-fi-038,S5,pep-high-s5-space-vectors,fill-in,Challenge,space-vectors,space-vector-length-squared,11,11,pass,,OK
pep-high-hybrid-v1-s5-s5-space-vectors-mc-039,S5,pep-high-s5-space-vectors,multiple-choice,Exam,space-vectors,space-vector-dot,6,6,pass,,OK
pep-high-hybrid-v1-s5-s5-space-vectors-sa-040,S5,pep-high-s5-space-vectors,short-answer,Foundation,space-vectors,space-vector-sum,"(0,1,2)","(0,1,2)",pass,,OK
pep-high-hybrid-v1-s5-s5-space-vectors-fi-041,S5,pep-high-s5-space-vectors,fill-in,Core,space-vectors,space-vector-length-squared,21,21,pass,,OK
pep-high-hybrid-v1-s5-s5-space-vectors-mc-042,S5,pep-high-s5-space-vectors,multiple-choice,Challenge,space-vectors,space-vector-dot,-9,-9,pass,,OK
pep-high-hybrid-v1-s5-s5-space-vectors-sa-043,S5,pep-high-s5-space-vectors,short-answer,Exam,space-vectors,space-vector-sum,"(3,1,2)","(3,1,2)",pass,,OK
pep-high-hybrid-v1-s5-s5-space-vectors-fi-044,S5,pep-high-s5-space-vectors,fill-in,Foundation,space-vectors,space-vector-length-squared,6,6,pass,,OK
pep-high-hybrid-v1-s5-s5-space-vectors-mc-045,S5,pep-high-s5-space-vectors,multiple-choice,Core,space-vectors,space-vector-dot,-6,-6,pass,,OK
pep-high-hybrid-v1-s5-s5-space-vectors-sa-046,S5,pep-high-s5-space-vectors,short-answer,Challenge,space-vectors,space-vector-sum,"(1,2,4)","(1,2,4)",pass,,OK
pep-high-hybrid-v1-s5-s5-space-vectors-fi-047,S5,pep-high-s5-space-vectors,fill-in,Exam,space-vectors,space-vector-length-squared,32,32,pass,,OK
pep-high-hybrid-v1-s5-s5-space-vectors-mc-048,S5,pep-high-s5-space-vectors,multiple-choice,Foundation,space-vectors,space-vector-dot,-3,-3,pass,,OK
pep-high-hybrid-v1-s5-s5-space-vectors-sa-049,S5,pep-high-s5-space-vectors,short-answer,Core,space-vectors,space-vector-sum,"(4,2,0)","(4,2,0)",pass,,OK
pep-high-hybrid-v1-s5-s5-space-vectors-fi-050,S5,pep-high-s5-space-vectors,fill-in,Challenge,space-vectors,space-vector-length-squared,14,14,pass,,OK
pep-high-hybrid-v1-s5-s5-space-vectors-mc-051,S5,pep-high-s5-space-vectors,multiple-choice,Exam,space-vectors,space-vector-dot,-3,-3,pass,,OK
pep-high-hybrid-v1-s5-s5-space-vectors-sa-052,S5,pep-high-s5-space-vectors,short-answer,Foundation,space-vectors,space-vector-sum,"(2,3,2)","(2,3,2)",pass,,OK
pep-high-hybrid-v1-s5-s5-space-vectors-fi-053,S5,pep-high-s5-space-vectors,fill-in,Core,space-vectors,space-vector-length-squared,21,21,pass,,OK
pep-high-hybrid-v1-s5-s5-space-vectors-mc-054,S5,pep-high-s5-space-vectors,multiple-choice,Challenge,space-vectors,space-vector-dot,-9,-9,pass,,OK
pep-high-hybrid-v1-s5-s5-space-vectors-sa-055,S5,pep-high-s5-space-vectors,short-answer,Exam,space-vectors,space-vector-sum,"(0,-2,2)","(0,-2,2)",pass,,OK
pep-high-hybrid-v1-s5-s5-space-vectors-fi-056,S5,pep-high-s5-space-vectors,fill-in,Foundation,space-vectors,space-vector-length-squared,3,3,pass,,OK
pep-high-hybrid-v1-s5-s5-space-vectors-mc-057,S5,pep-high-s5-space-vectors,multiple-choice,Core,space-vectors,space-vector-dot,0,0,pass,,OK
pep-high-hybrid-v1-s5-s5-space-vectors-sa-058,S5,pep-high-s5-space-vectors,short-answer,Challenge,space-vectors,space-vector-sum,"(3,4,4)","(3,4,4)",pass,,OK
pep-high-hybrid-v1-s5-s5-space-vectors-fi-059,S5,pep-high-s5-space-vectors,fill-in,Exam,space-vectors,space-vector-length-squared,36,36,pass,,OK
pep-high-hybrid-v1-s5-s5-space-vectors-mc-060,S5,pep-high-s5-space-vectors,multiple-choice,Foundation,space-vectors,space-vector-dot,-3,-3,pass,,OK
pep-high-hybrid-v1-s5-s5-space-vectors-sa-061,S5,pep-high-s5-space-vectors,short-answer,Core,space-vectors,space-vector-sum,"(1,-1,0)","(1,-1,0)",pass,,OK
pep-high-hybrid-v1-s5-s5-space-vectors-fi-062,S5,pep-high-s5-space-vectors,fill-in,Challenge,space-vectors,space-vector-length-squared,10,10,pass,,OK
pep-high-hybrid-v1-s5-s5-space-vectors-mc-063,S5,pep-high-s5-space-vectors,multiple-choice,Exam,space-vectors,space-vector-dot,3,3,pass,,OK
pep-high-hybrid-v1-s5-s5-space-vectors-sa-064,S5,pep-high-s5-space-vectors,short-answer,Foundation,space-vectors,space-vector-sum,"(4,5,2)","(4,5,2)",pass,,OK
pep-high-hybrid-v1-s5-s5-space-vectors-fi-065,S5,pep-high-s5-space-vectors,fill-in,Core,space-vectors,space-vector-length-squared,24,24,pass,,OK
pep-high-hybrid-v1-s5-s5-space-vectors-mc-066,S5,pep-high-s5-space-vectors,multiple-choice,Challenge,space-vectors,space-vector-dot,-9,-9,pass,,OK
pep-high-hybrid-v1-s5-s5-space-vectors-sa-067,S5,pep-high-s5-space-vectors,short-answer,Exam,space-vectors,space-vector-sum,"(2,0,2)","(2,0,2)",pass,,OK
pep-high-hybrid-v1-s5-s5-space-vectors-fi-068,S5,pep-high-s5-space-vectors,fill-in,Foundation,space-vectors,space-vector-length-squared,3,3,pass,,OK
pep-high-hybrid-v1-s5-s5-space-vectors-mc-069,S5,pep-high-s5-space-vectors,multiple-choice,Core,space-vectors,space-vector-dot,6,6,pass,,OK
pep-high-hybrid-v1-s5-s5-space-vectors-sa-070,S5,pep-high-s5-space-vectors,short-answer,Challenge,space-vectors,space-vector-sum,"(0,1,4)","(0,1,4)",pass,,OK
pep-high-hybrid-v1-s5-s5-space-vectors-fi-071,S5,pep-high-s5-space-vectors,fill-in,Exam,space-vectors,space-vector-length-squared,33,33,pass,,OK
pep-high-hybrid-v1-s5-s5-space-vectors-mc-072,S5,pep-high-s5-space-vectors,multiple-choice,Foundation,space-vectors,space-vector-dot,-3,-3,pass,,OK
pep-high-hybrid-v1-s5-s5-space-vectors-sa-073,S5,pep-high-s5-space-vectors,short-answer,Core,space-vectors,space-vector-sum,"(3,1,0)","(3,1,0)",pass,,OK
pep-high-hybrid-v1-s5-s5-space-vectors-sa-074,S5,pep-high-s5-space-vectors,short-answer,Challenge,space-vectors,space-vector-sum,"(5,3,2)","(5,3,2)",pass,,OK
pep-high-hybrid-v1-s5-s5-space-vectors-sa-075,S5,pep-high-s5-space-vectors,short-answer,Exam,space-vectors,space-vector-sum,"(-1,0,4)","(-1,0,4)",pass,,OK
pep-high-hybrid-v1-s5-s5-space-vectors-sa-076,S5,pep-high-s5-space-vectors,short-answer,Foundation,space-vectors,space-vector-sum,"(1,2,2)","(1,2,2)",pass,,OK
pep-high-hybrid-v1-s5-s5-space-vectors-sa-077,S5,pep-high-s5-space-vectors,short-answer,Core,space-vectors,space-vector-sum,"(3,4,4)","(3,4,4)",pass,,OK
pep-high-hybrid-v1-s5-s5-space-vectors-sa-078,S5,pep-high-s5-space-vectors,short-answer,Challenge,space-vectors,space-vector-sum,"(2,0,0)","(2,0,0)",pass,,OK
pep-high-hybrid-v1-s5-s5-space-vectors-sa-079,S5,pep-high-s5-space-vectors,short-answer,Exam,space-vectors,space-vector-sum,"(4,2,2)","(4,2,2)",pass,,OK
pep-high-hybrid-v1-s5-s5-space-vectors-sa-080,S5,pep-high-s5-space-vectors,short-answer,Foundation,space-vectors,space-vector-sum,"(1,-1,0)","(1,-1,0)",pass,,OK
pep-high-hybrid-v1-s5-s5-lines-circles-sa-001,S5,pep-high-s5-lines-circles,short-answer,Core,lines-circles,point-line-distance-numerator,2,2,pass,topic-balanced-s18-sample,OK
pep-high-hybrid-v1-s5-s5-lines-circles-fi-002,S5,pep-high-s5-lines-circles,fill-in,Challenge,lines-circles,circle-radius,4,4,pass,topic-balanced-s18-sample,OK
pep-high-hybrid-v1-s5-s5-lines-circles-mc-003,S5,pep-high-s5-lines-circles,multiple-choice,Exam,lines-circles,line-slope,1,1,pass,topic-balanced-s18-sample,OK
pep-high-hybrid-v1-s5-s5-lines-circles-sa-004,S5,pep-high-s5-lines-circles,short-answer,Foundation,lines-circles,point-line-distance-numerator,3,3,pass,topic-balanced-s18-sample,OK
pep-high-hybrid-v1-s5-s5-lines-circles-fi-005,S5,pep-high-s5-lines-circles,fill-in,Core,lines-circles,circle-radius,7,7,pass,topic-balanced-s18-sample,OK
pep-high-hybrid-v1-s5-s5-lines-circles-mc-006,S5,pep-high-s5-lines-circles,multiple-choice,Challenge,lines-circles,line-slope,-1,-1,pass,topic-balanced-s18-sample,OK
pep-high-hybrid-v1-s5-s5-lines-circles-sa-007,S5,pep-high-s5-lines-circles,short-answer,Exam,lines-circles,point-line-distance-numerator,1,1,pass,,OK
pep-high-hybrid-v1-s5-s5-lines-circles-fi-008,S5,pep-high-s5-lines-circles,fill-in,Foundation,lines-circles,circle-radius,4,4,pass,topic-balanced-s18-sample,OK
pep-high-hybrid-v1-s5-s5-lines-circles-mc-009,S5,pep-high-s5-lines-circles,multiple-choice,Core,lines-circles,line-slope,2,2,pass,topic-balanced-s18-sample,OK
pep-high-hybrid-v1-s5-s5-lines-circles-sa-010,S5,pep-high-s5-lines-circles,short-answer,Challenge,lines-circles,point-line-distance-numerator,5,5,pass,,OK
pep-high-hybrid-v1-s5-s5-lines-circles-fi-011,S5,pep-high-s5-lines-circles,fill-in,Exam,lines-circles,circle-radius,7,7,pass,topic-balanced-s18-sample,OK
pep-high-hybrid-v1-s5-s5-lines-circles-mc-012,S5,pep-high-s5-lines-circles,multiple-choice,Foundation,lines-circles,line-slope,3,3,pass,topic-balanced-s18-sample,OK
pep-high-hybrid-v1-s5-s5-lines-circles-sa-013,S5,pep-high-s5-lines-circles,short-answer,Core,lines-circles,point-line-distance-numerator,0,0,pass,,OK
pep-high-hybrid-v1-s5-s5-lines-circles-fi-014,S5,pep-high-s5-lines-circles,fill-in,Challenge,lines-circles,circle-radius,4,4,pass,,OK
pep-high-hybrid-v1-s5-s5-lines-circles-mc-015,S5,pep-high-s5-lines-circles,multiple-choice,Exam,lines-circles,line-slope,-2,-2,pass,,OK
pep-high-hybrid-v1-s5-s5-lines-circles-sa-016,S5,pep-high-s5-lines-circles,short-answer,Foundation,lines-circles,point-line-distance-numerator,6,6,pass,,OK
pep-high-hybrid-v1-s5-s5-lines-circles-fi-017,S5,pep-high-s5-lines-circles,fill-in,Core,lines-circles,circle-radius,7,7,pass,,OK
pep-high-hybrid-v1-s5-s5-lines-circles-mc-018,S5,pep-high-s5-lines-circles,multiple-choice,Challenge,lines-circles,line-slope,1,1,pass,,OK
pep-high-hybrid-v1-s5-s5-lines-circles-sa-019,S5,pep-high-s5-lines-circles,short-answer,Exam,lines-circles,point-line-distance-numerator,3,3,pass,,OK
pep-high-hybrid-v1-s5-s5-lines-circles-fi-020,S5,pep-high-s5-lines-circles,fill-in,Foundation,lines-circles,circle-radius,4,4,pass,,OK
pep-high-hybrid-v1-s5-s5-lines-circles-mc-021,S5,pep-high-s5-lines-circles,multiple-choice,Core,lines-circles,line-slope,-1,-1,pass,,OK
pep-high-hybrid-v1-s5-s5-lines-circles-sa-022,S5,pep-high-s5-lines-circles,short-answer,Challenge,lines-circles,point-line-distance-numerator,3,3,pass,,OK
pep-high-hybrid-v1-s5-s5-lines-circles-fi-023,S5,pep-high-s5-lines-circles,fill-in,Exam,lines-circles,circle-radius,7,7,pass,,OK
pep-high-hybrid-v1-s5-s5-lines-circles-mc-024,S5,pep-high-s5-lines-circles,multiple-choice,Foundation,lines-circles,line-slope,2,2,pass,,OK
pep-high-hybrid-v1-s5-s5-lines-circles-sa-025,S5,pep-high-s5-lines-circles,short-answer,Core,lines-circles,point-line-distance-numerator,3,3,pass,,OK
pep-high-hybrid-v1-s5-s5-lines-circles-fi-026,S5,pep-high-s5-lines-circles,fill-in,Challenge,lines-circles,circle-radius,4,4,pass,,OK
pep-high-hybrid-v1-s5-s5-lines-circles-mc-027,S5,pep-high-s5-lines-circles,multiple-choice,Exam,lines-circles,line-slope,3,3,pass,,OK
pep-high-hybrid-v1-s5-s5-lines-circles-sa-028,S5,pep-high-s5-lines-circles,short-answer,Foundation,lines-circles,point-line-distance-numerator,4,4,pass,,OK
pep-high-hybrid-v1-s5-s5-lines-circles-fi-029,S5,pep-high-s5-lines-circles,fill-in,Core,lines-circles,circle-radius,7,7,pass,,OK
pep-high-hybrid-v1-s5-s5-lines-circles-mc-030,S5,pep-high-s5-lines-circles,multiple-choice,Challenge,lines-circles,line-slope,-2,-2,pass,,OK
pep-high-hybrid-v1-s5-s5-lines-circles-sa-031,S5,pep-high-s5-lines-circles,short-answer,Exam,lines-circles,point-line-distance-numerator,0,0,pass,,OK
pep-high-hybrid-v1-s5-s5-lines-circles-fi-032,S5,pep-high-s5-lines-circles,fill-in,Foundation,lines-circles,circle-radius,4,4,pass,,OK
pep-high-hybrid-v1-s5-s5-lines-circles-mc-033,S5,pep-high-s5-lines-circles,multiple-choice,Core,lines-circles,line-slope,1,1,pass,,OK
pep-high-hybrid-v1-s5-s5-lines-circles-sa-034,S5,pep-high-s5-lines-circles,short-answer,Challenge,lines-circles,point-line-distance-numerator,1,1,pass,,OK
pep-high-hybrid-v1-s5-s5-lines-circles-fi-035,S5,pep-high-s5-lines-circles,fill-in,Exam,lines-circles,circle-radius,7,7,pass,,OK
pep-high-hybrid-v1-s5-s5-lines-circles-mc-036,S5,pep-high-s5-lines-circles,multiple-choice,Foundation,lines-circles,line-slope,-1,-1,pass,,OK
pep-high-hybrid-v1-s5-s5-lines-circles-sa-037,S5,pep-high-s5-lines-circles,short-answer,Core,lines-circles,point-line-distance-numerator,1,1,pass,,OK
pep-high-hybrid-v1-s5-s5-lines-circles-fi-038,S5,pep-high-s5-lines-circles,fill-in,Challenge,lines-circles,circle-radius,4,4,pass,,OK
pep-high-hybrid-v1-s5-s5-lines-circles-mc-039,S5,pep-high-s5-lines-circles,multiple-choice,Exam,lines-circles,line-slope,2,2,pass,,OK
pep-high-hybrid-v1-s5-s5-lines-circles-sa-040,S5,pep-high-s5-lines-circles,short-answer,Foundation,lines-circles,point-line-distance-numerator,7,7,pass,,OK
pep-high-hybrid-v1-s5-s5-lines-circles-fi-041,S5,pep-high-s5-lines-circles,fill-in,Core,lines-circles,circle-radius,7,7,pass,,OK
pep-high-hybrid-v1-s5-s5-lines-circles-mc-042,S5,pep-high-s5-lines-circles,multiple-choice,Challenge,lines-circles,line-slope,3,3,pass,,OK
pep-high-hybrid-v1-s5-s5-lines-circles-sa-043,S5,pep-high-s5-lines-circles,short-answer,Exam,lines-circles,point-line-distance-numerator,2,2,pass,,OK
pep-high-hybrid-v1-s5-s5-lines-circles-fi-044,S5,pep-high-s5-lines-circles,fill-in,Foundation,lines-circles,circle-radius,4,4,pass,,OK
pep-high-hybrid-v1-s5-s5-lines-circles-mc-045,S5,pep-high-s5-lines-circles,multiple-choice,Core,lines-circles,line-slope,-2,-2,pass,,OK
pep-high-hybrid-v1-s5-s5-lines-circles-sa-046,S5,pep-high-s5-lines-circles,short-answer,Challenge,lines-circles,point-line-distance-numerator,4,4,pass,,OK
pep-high-hybrid-v1-s5-s5-lines-circles-fi-047,S5,pep-high-s5-lines-circles,fill-in,Exam,lines-circles,circle-radius,7,7,pass,,OK
pep-high-hybrid-v1-s5-s5-lines-circles-mc-048,S5,pep-high-s5-lines-circles,multiple-choice,Foundation,lines-circles,line-slope,1,1,pass,,OK
pep-high-hybrid-v1-s5-s5-lines-circles-sa-049,S5,pep-high-s5-lines-circles,short-answer,Core,lines-circles,point-line-distance-numerator,1,1,pass,,OK
pep-high-hybrid-v1-s5-s5-lines-circles-fi-050,S5,pep-high-s5-lines-circles,fill-in,Challenge,lines-circles,circle-radius,4,4,pass,,OK
pep-high-hybrid-v1-s5-s5-lines-circles-mc-051,S5,pep-high-s5-lines-circles,multiple-choice,Exam,lines-circles,line-slope,-1,-1,pass,,OK
pep-high-hybrid-v1-s5-s5-lines-circles-sa-052,S5,pep-high-s5-lines-circles,short-answer,Foundation,lines-circles,point-line-distance-numerator,5,5,pass,,OK
pep-high-hybrid-v1-s5-s5-lines-circles-fi-053,S5,pep-high-s5-lines-circles,fill-in,Core,lines-circles,circle-radius,7,7,pass,,OK
pep-high-hybrid-v1-s5-s5-lines-circles-mc-054,S5,pep-high-s5-lines-circles,multiple-choice,Challenge,lines-circles,line-slope,2,2,pass,,OK
pep-high-hybrid-v1-s5-s5-lines-circles-sa-055,S5,pep-high-s5-lines-circles,short-answer,Exam,lines-circles,point-line-distance-numerator,1,1,pass,,OK
pep-high-hybrid-v1-s5-s5-lines-circles-fi-056,S5,pep-high-s5-lines-circles,fill-in,Foundation,lines-circles,circle-radius,4,4,pass,,OK
pep-high-hybrid-v1-s5-s5-lines-circles-mc-057,S5,pep-high-s5-lines-circles,multiple-choice,Core,lines-circles,line-slope,3,3,pass,,OK
pep-high-hybrid-v1-s5-s5-lines-circles-sa-058,S5,pep-high-s5-lines-circles,short-answer,Challenge,lines-circles,point-line-distance-numerator,2,2,pass,,OK
pep-high-hybrid-v1-s5-s5-lines-circles-fi-059,S5,pep-high-s5-lines-circles,fill-in,Exam,lines-circles,circle-radius,7,7,pass,,OK
pep-high-hybrid-v1-s5-s5-lines-circles-mc-060,S5,pep-high-s5-lines-circles,multiple-choice,Foundation,lines-circles,line-slope,-2,-2,pass,,OK
pep-high-hybrid-v1-s5-s5-lines-circles-sa-061,S5,pep-high-s5-lines-circles,short-answer,Core,lines-circles,point-line-distance-numerator,2,2,pass,,OK
pep-high-hybrid-v1-s5-s5-lines-circles-fi-062,S5,pep-high-s5-lines-circles,fill-in,Challenge,lines-circles,circle-radius,4,4,pass,,OK
pep-high-hybrid-v1-s5-s5-lines-circles-mc-063,S5,pep-high-s5-lines-circles,multiple-choice,Exam,lines-circles,line-slope,1,1,pass,,OK
pep-high-hybrid-v1-s5-s5-lines-circles-sa-064,S5,pep-high-s5-lines-circles,short-answer,Foundation,lines-circles,point-line-distance-numerator,3,3,pass,,OK
pep-high-hybrid-v1-s5-s5-lines-circles-fi-065,S5,pep-high-s5-lines-circles,fill-in,Core,lines-circles,circle-radius,7,7,pass,,OK
pep-high-hybrid-v1-s5-s5-lines-circles-mc-066,S5,pep-high-s5-lines-circles,multiple-choice,Challenge,lines-circles,line-slope,-1,-1,pass,,OK
pep-high-hybrid-v1-s5-s5-lines-circles-sa-067,S5,pep-high-s5-lines-circles,short-answer,Exam,lines-circles,point-line-distance-numerator,1,1,pass,,OK
pep-high-hybrid-v1-s5-s5-lines-circles-fi-068,S5,pep-high-s5-lines-circles,fill-in,Foundation,lines-circles,circle-radius,4,4,pass,,OK
pep-high-hybrid-v1-s5-s5-lines-circles-mc-069,S5,pep-high-s5-lines-circles,multiple-choice,Core,lines-circles,line-slope,2,2,pass,,OK
pep-high-hybrid-v1-s5-s5-lines-circles-sa-070,S5,pep-high-s5-lines-circles,short-answer,Challenge,lines-circles,point-line-distance-numerator,5,5,pass,,OK
pep-high-hybrid-v1-s5-s5-lines-circles-fi-071,S5,pep-high-s5-lines-circles,fill-in,Exam,lines-circles,circle-radius,7,7,pass,,OK
pep-high-hybrid-v1-s5-s5-lines-circles-mc-072,S5,pep-high-s5-lines-circles,multiple-choice,Foundation,lines-circles,line-slope,3,3,pass,,OK
pep-high-hybrid-v1-s5-s5-lines-circles-sa-073,S5,pep-high-s5-lines-circles,short-answer,Core,lines-circles,point-line-distance-numerator,0,0,pass,,OK
pep-high-hybrid-v1-s5-s5-lines-circles-sa-074,S5,pep-high-s5-lines-circles,short-answer,Challenge,lines-circles,point-line-distance-numerator,1,1,pass,,OK
pep-high-hybrid-v1-s5-s5-lines-circles-sa-075,S5,pep-high-s5-lines-circles,short-answer,Exam,lines-circles,point-line-distance-numerator,3,3,pass,,OK
pep-high-hybrid-v1-s5-s5-lines-circles-sa-076,S5,pep-high-s5-lines-circles,short-answer,Foundation,lines-circles,point-line-distance-numerator,6,6,pass,,OK
pep-high-hybrid-v1-s5-s5-lines-circles-sa-077,S5,pep-high-s5-lines-circles,short-answer,Core,lines-circles,point-line-distance-numerator,5,5,pass,,OK
pep-high-hybrid-v1-s5-s5-lines-circles-sa-078,S5,pep-high-s5-lines-circles,short-answer,Challenge,lines-circles,point-line-distance-numerator,2,2,pass,,OK
pep-high-hybrid-v1-s5-s5-lines-circles-sa-079,S5,pep-high-s5-lines-circles,short-answer,Exam,lines-circles,point-line-distance-numerator,3,3,pass,,OK
pep-high-hybrid-v1-s5-s5-lines-circles-sa-080,S5,pep-high-s5-lines-circles,short-answer,Foundation,lines-circles,point-line-distance-numerator,5,5,pass,,OK
pep-high-hybrid-v1-s5-s5-conics-sa-001,S5,pep-high-s5-conics,short-answer,Core,conics,ellipse-focal-distance,4,4,pass,topic-balanced-s18-sample,OK
pep-high-hybrid-v1-s5-s5-conics-fi-002,S5,pep-high-s5-conics,fill-in,Challenge,conics,parabola-p,3,3,pass,topic-balanced-s18-sample,OK
pep-high-hybrid-v1-s5-s5-conics-mc-003,S5,pep-high-s5-conics,multiple-choice,Exam,conics,ellipse-c-squared,16,16,pass,topic-balanced-s18-sample,OK
pep-high-hybrid-v1-s5-s5-conics-sa-004,S5,pep-high-s5-conics,short-answer,Foundation,conics,ellipse-focal-distance,2,2,pass,topic-balanced-s18-sample,OK
pep-high-hybrid-v1-s5-s5-conics-fi-005,S5,pep-high-s5-conics,fill-in,Core,conics,parabola-p,6,6,pass,topic-balanced-s18-sample,OK
pep-high-hybrid-v1-s5-s5-conics-mc-006,S5,pep-high-s5-conics,multiple-choice,Challenge,conics,ellipse-c-squared,9,9,pass,topic-balanced-s18-sample,OK
pep-high-hybrid-v1-s5-s5-conics-sa-007,S5,pep-high-s5-conics,short-answer,Exam,conics,ellipse-focal-distance,8,8,pass,,OK
pep-high-hybrid-v1-s5-s5-conics-fi-008,S5,pep-high-s5-conics,fill-in,Foundation,conics,parabola-p,3,3,pass,topic-balanced-s18-sample,OK
pep-high-hybrid-v1-s5-s5-conics-mc-009,S5,pep-high-s5-conics,multiple-choice,Core,conics,ellipse-c-squared,4,4,pass,topic-balanced-s18-sample,OK
pep-high-hybrid-v1-s5-s5-conics-sa-010,S5,pep-high-s5-conics,short-answer,Challenge,conics,ellipse-focal-distance,6,6,pass,,OK
pep-high-hybrid-v1-s5-s5-conics-fi-011,S5,pep-high-s5-conics,fill-in,Exam,conics,parabola-p,6,6,pass,topic-balanced-s18-sample,OK
pep-high-hybrid-v1-s5-s5-conics-mc-012,S5,pep-high-s5-conics,multiple-choice,Foundation,conics,ellipse-c-squared,1,1,pass,topic-balanced-s18-sample,OK
pep-high-hybrid-v1-s5-s5-conics-sa-013,S5,pep-high-s5-conics,short-answer,Core,conics,ellipse-focal-distance,4,4,pass,,OK
pep-high-hybrid-v1-s5-s5-conics-fi-014,S5,pep-high-s5-conics,fill-in,Challenge,conics,parabola-p,3,3,pass,,OK
pep-high-hybrid-v1-s5-s5-conics-mc-015,S5,pep-high-s5-conics,multiple-choice,Exam,conics,ellipse-c-squared,16,16,pass,,OK
pep-high-hybrid-v1-s5-s5-conics-sa-016,S5,pep-high-s5-conics,short-answer,Foundation,conics,ellipse-focal-distance,2,2,pass,,OK
pep-high-hybrid-v1-s5-s5-conics-fi-017,S5,pep-high-s5-conics,fill-in,Core,conics,parabola-p,6,6,pass,,OK
pep-high-hybrid-v1-s5-s5-conics-mc-018,S5,pep-high-s5-conics,multiple-choice,Challenge,conics,ellipse-c-squared,9,9,pass,,OK
pep-high-hybrid-v1-s5-s5-conics-sa-019,S5,pep-high-s5-conics,short-answer,Exam,conics,ellipse-focal-distance,8,8,pass,,OK
pep-high-hybrid-v1-s5-s5-conics-fi-020,S5,pep-high-s5-conics,fill-in,Foundation,conics,parabola-p,3,3,pass,,OK
pep-high-hybrid-v1-s5-s5-conics-mc-021,S5,pep-high-s5-conics,multiple-choice,Core,conics,ellipse-c-squared,4,4,pass,,OK
pep-high-hybrid-v1-s5-s5-conics-sa-022,S5,pep-high-s5-conics,short-answer,Challenge,conics,ellipse-focal-distance,6,6,pass,,OK
pep-high-hybrid-v1-s5-s5-conics-fi-023,S5,pep-high-s5-conics,fill-in,Exam,conics,parabola-p,6,6,pass,,OK
pep-high-hybrid-v1-s5-s5-conics-mc-024,S5,pep-high-s5-conics,multiple-choice,Foundation,conics,ellipse-c-squared,1,1,pass,,OK
pep-high-hybrid-v1-s5-s5-conics-sa-025,S5,pep-high-s5-conics,short-answer,Core,conics,ellipse-focal-distance,4,4,pass,,OK
pep-high-hybrid-v1-s5-s5-conics-fi-026,S5,pep-high-s5-conics,fill-in,Challenge,conics,parabola-p,3,3,pass,,OK
pep-high-hybrid-v1-s5-s5-conics-mc-027,S5,pep-high-s5-conics,multiple-choice,Exam,conics,ellipse-c-squared,16,16,pass,,OK
pep-high-hybrid-v1-s5-s5-conics-sa-028,S5,pep-high-s5-conics,short-answer,Foundation,conics,ellipse-focal-distance,2,2,pass,,OK
pep-high-hybrid-v1-s5-s5-conics-fi-029,S5,pep-high-s5-conics,fill-in,Core,conics,parabola-p,6,6,pass,,OK
pep-high-hybrid-v1-s5-s5-conics-mc-030,S5,pep-high-s5-conics,multiple-choice,Challenge,conics,ellipse-c-squared,9,9,pass,,OK
pep-high-hybrid-v1-s5-s5-conics-sa-031,S5,pep-high-s5-conics,short-answer,Exam,conics,ellipse-focal-distance,8,8,pass,,OK
pep-high-hybrid-v1-s5-s5-conics-fi-032,S5,pep-high-s5-conics,fill-in,Foundation,conics,parabola-p,3,3,pass,,OK
pep-high-hybrid-v1-s5-s5-conics-mc-033,S5,pep-high-s5-conics,multiple-choice,Core,conics,ellipse-c-squared,4,4,pass,,OK
pep-high-hybrid-v1-s5-s5-conics-sa-034,S5,pep-high-s5-conics,short-answer,Challenge,conics,ellipse-focal-distance,6,6,pass,,OK
pep-high-hybrid-v1-s5-s5-conics-fi-035,S5,pep-high-s5-conics,fill-in,Exam,conics,parabola-p,6,6,pass,,OK
pep-high-hybrid-v1-s5-s5-conics-mc-036,S5,pep-high-s5-conics,multiple-choice,Foundation,conics,ellipse-c-squared,1,1,pass,,OK
pep-high-hybrid-v1-s5-s5-conics-sa-037,S5,pep-high-s5-conics,short-answer,Core,conics,ellipse-focal-distance,4,4,pass,,OK
pep-high-hybrid-v1-s5-s5-conics-fi-038,S5,pep-high-s5-conics,fill-in,Challenge,conics,parabola-p,3,3,pass,,OK
pep-high-hybrid-v1-s5-s5-conics-mc-039,S5,pep-high-s5-conics,multiple-choice,Exam,conics,ellipse-c-squared,16,16,pass,,OK
pep-high-hybrid-v1-s5-s5-conics-sa-040,S5,pep-high-s5-conics,short-answer,Foundation,conics,ellipse-focal-distance,2,2,pass,,OK
pep-high-hybrid-v1-s5-s5-conics-fi-041,S5,pep-high-s5-conics,fill-in,Core,conics,parabola-p,6,6,pass,,OK
pep-high-hybrid-v1-s5-s5-conics-mc-042,S5,pep-high-s5-conics,multiple-choice,Challenge,conics,ellipse-c-squared,9,9,pass,,OK
pep-high-hybrid-v1-s5-s5-conics-sa-043,S5,pep-high-s5-conics,short-answer,Exam,conics,ellipse-focal-distance,8,8,pass,,OK
pep-high-hybrid-v1-s5-s5-conics-fi-044,S5,pep-high-s5-conics,fill-in,Foundation,conics,parabola-p,3,3,pass,,OK
pep-high-hybrid-v1-s5-s5-conics-mc-045,S5,pep-high-s5-conics,multiple-choice,Core,conics,ellipse-c-squared,4,4,pass,,OK
pep-high-hybrid-v1-s5-s5-conics-sa-046,S5,pep-high-s5-conics,short-answer,Challenge,conics,ellipse-focal-distance,6,6,pass,,OK
pep-high-hybrid-v1-s5-s5-conics-fi-047,S5,pep-high-s5-conics,fill-in,Exam,conics,parabola-p,6,6,pass,,OK
pep-high-hybrid-v1-s5-s5-conics-mc-048,S5,pep-high-s5-conics,multiple-choice,Foundation,conics,ellipse-c-squared,1,1,pass,,OK
pep-high-hybrid-v1-s5-s5-conics-sa-049,S5,pep-high-s5-conics,short-answer,Core,conics,ellipse-focal-distance,4,4,pass,,OK
pep-high-hybrid-v1-s5-s5-conics-fi-050,S5,pep-high-s5-conics,fill-in,Challenge,conics,parabola-p,3,3,pass,,OK
pep-high-hybrid-v1-s5-s5-conics-mc-051,S5,pep-high-s5-conics,multiple-choice,Exam,conics,ellipse-c-squared,16,16,pass,,OK
pep-high-hybrid-v1-s5-s5-conics-sa-052,S5,pep-high-s5-conics,short-answer,Foundation,conics,ellipse-focal-distance,2,2,pass,,OK
pep-high-hybrid-v1-s5-s5-conics-fi-053,S5,pep-high-s5-conics,fill-in,Core,conics,parabola-p,6,6,pass,,OK
pep-high-hybrid-v1-s5-s5-conics-mc-054,S5,pep-high-s5-conics,multiple-choice,Challenge,conics,ellipse-c-squared,9,9,pass,,OK
pep-high-hybrid-v1-s5-s5-conics-sa-055,S5,pep-high-s5-conics,short-answer,Exam,conics,ellipse-focal-distance,8,8,pass,,OK
pep-high-hybrid-v1-s5-s5-conics-fi-056,S5,pep-high-s5-conics,fill-in,Foundation,conics,parabola-p,3,3,pass,,OK
pep-high-hybrid-v1-s5-s5-conics-mc-057,S5,pep-high-s5-conics,multiple-choice,Core,conics,ellipse-c-squared,4,4,pass,,OK
pep-high-hybrid-v1-s5-s5-conics-sa-058,S5,pep-high-s5-conics,short-answer,Challenge,conics,ellipse-focal-distance,6,6,pass,,OK
pep-high-hybrid-v1-s5-s5-conics-fi-059,S5,pep-high-s5-conics,fill-in,Exam,conics,parabola-p,6,6,pass,,OK
pep-high-hybrid-v1-s5-s5-conics-mc-060,S5,pep-high-s5-conics,multiple-choice,Foundation,conics,ellipse-c-squared,1,1,pass,,OK
pep-high-hybrid-v1-s5-s5-conics-sa-061,S5,pep-high-s5-conics,short-answer,Core,conics,ellipse-focal-distance,4,4,pass,,OK
pep-high-hybrid-v1-s5-s5-conics-fi-062,S5,pep-high-s5-conics,fill-in,Challenge,conics,parabola-p,3,3,pass,,OK
pep-high-hybrid-v1-s5-s5-conics-mc-063,S5,pep-high-s5-conics,multiple-choice,Exam,conics,ellipse-c-squared,16,16,pass,,OK
pep-high-hybrid-v1-s5-s5-conics-sa-064,S5,pep-high-s5-conics,short-answer,Foundation,conics,ellipse-focal-distance,2,2,pass,,OK
pep-high-hybrid-v1-s5-s5-conics-fi-065,S5,pep-high-s5-conics,fill-in,Core,conics,parabola-p,6,6,pass,,OK
pep-high-hybrid-v1-s5-s5-conics-mc-066,S5,pep-high-s5-conics,multiple-choice,Challenge,conics,ellipse-c-squared,9,9,pass,,OK
pep-high-hybrid-v1-s5-s5-conics-sa-067,S5,pep-high-s5-conics,short-answer,Exam,conics,ellipse-focal-distance,8,8,pass,,OK
pep-high-hybrid-v1-s5-s5-conics-fi-068,S5,pep-high-s5-conics,fill-in,Foundation,conics,parabola-p,3,3,pass,,OK
pep-high-hybrid-v1-s5-s5-conics-mc-069,S5,pep-high-s5-conics,multiple-choice,Core,conics,ellipse-c-squared,4,4,pass,,OK
pep-high-hybrid-v1-s5-s5-conics-sa-070,S5,pep-high-s5-conics,short-answer,Challenge,conics,ellipse-focal-distance,6,6,pass,,OK
pep-high-hybrid-v1-s5-s5-conics-fi-071,S5,pep-high-s5-conics,fill-in,Exam,conics,parabola-p,6,6,pass,,OK
pep-high-hybrid-v1-s5-s5-conics-mc-072,S5,pep-high-s5-conics,multiple-choice,Foundation,conics,ellipse-c-squared,1,1,pass,,OK
pep-high-hybrid-v1-s5-s5-conics-sa-073,S5,pep-high-s5-conics,short-answer,Core,conics,ellipse-focal-distance,4,4,pass,,OK
pep-high-hybrid-v1-s5-s5-conics-sa-074,S5,pep-high-s5-conics,short-answer,Challenge,conics,ellipse-focal-distance,6,6,pass,,OK
pep-high-hybrid-v1-s5-s5-conics-sa-075,S5,pep-high-s5-conics,short-answer,Exam,conics,ellipse-focal-distance,8,8,pass,,OK
pep-high-hybrid-v1-s5-s5-conics-sa-076,S5,pep-high-s5-conics,short-answer,Foundation,conics,ellipse-focal-distance,2,2,pass,,OK
pep-high-hybrid-v1-s5-s5-conics-sa-077,S5,pep-high-s5-conics,short-answer,Core,conics,ellipse-focal-distance,4,4,pass,,OK
pep-high-hybrid-v1-s5-s5-conics-sa-078,S5,pep-high-s5-conics,short-answer,Challenge,conics,ellipse-focal-distance,6,6,pass,,OK
pep-high-hybrid-v1-s5-s5-conics-sa-079,S5,pep-high-s5-conics,short-answer,Exam,conics,ellipse-focal-distance,8,8,pass,,OK
pep-high-hybrid-v1-s5-s5-conics-sa-080,S5,pep-high-s5-conics,short-answer,Foundation,conics,ellipse-focal-distance,2,2,pass,,OK
pep-high-hybrid-v1-s5-s5-sequences-sa-001,S5,pep-high-s5-sequences,short-answer,Core,sequences,geometric-third-term,18,18,pass,topic-balanced-s18-sample,OK
pep-high-hybrid-v1-s5-s5-sequences-fi-002,S5,pep-high-s5-sequences,fill-in,Challenge,sequences,arithmetic-sum,63,63,pass,topic-balanced-s18-sample,OK
pep-high-hybrid-v1-s5-s5-sequences-mc-003,S5,pep-high-s5-sequences,multiple-choice,Core,sequences,arithmetic-nth-term,28,28,pass,topic-balanced-s18-sample,OK
pep-high-hybrid-v1-s5-s5-sequences-sa-004,S5,pep-high-s5-sequences,short-answer,Challenge,sequences,geometric-third-term,180,180,pass,topic-balanced-s18-sample,OK
pep-high-hybrid-v1-s5-s5-sequences-fi-005,S5,pep-high-s5-sequences,fill-in,Core,sequences,arithmetic-sum,90,90,pass,topic-balanced-s18-sample,OK
pep-high-hybrid-v1-s5-s5-sequences-mc-006,S5,pep-high-s5-sequences,multiple-choice,Challenge,sequences,arithmetic-nth-term,19,19,pass,topic-balanced-s18-sample,OK
pep-high-hybrid-v1-s5-s5-sequences-sa-007,S5,pep-high-s5-sequences,short-answer,Core,sequences,geometric-third-term,32,32,pass,,OK
pep-high-hybrid-v1-s5-s5-sequences-fi-008,S5,pep-high-s5-sequences,fill-in,Challenge,sequences,arithmetic-sum,36,36,pass,topic-balanced-s18-sample,OK
pep-high-hybrid-v1-s5-s5-sequences-mc-009,S5,pep-high-s5-sequences,multiple-choice,Core,sequences,arithmetic-nth-term,24,24,pass,topic-balanced-s18-sample,OK
pep-high-hybrid-v1-s5-s5-sequences-sa-010,S5,pep-high-s5-sequences,short-answer,Challenge,sequences,geometric-third-term,20,20,pass,,OK
pep-high-hybrid-v1-s5-s5-sequences-fi-011,S5,pep-high-s5-sequences,fill-in,Core,sequences,arithmetic-sum,84,84,pass,topic-balanced-s18-sample,OK
pep-high-hybrid-v1-s5-s5-sequences-mc-012,S5,pep-high-s5-sequences,multiple-choice,Challenge,sequences,arithmetic-nth-term,22,22,pass,topic-balanced-s18-sample,OK
pep-high-hybrid-v1-s5-s5-sequences-sa-013,S5,pep-high-s5-sequences,short-answer,Core,sequences,geometric-third-term,50,50,pass,,OK
pep-high-hybrid-v1-s5-s5-sequences-fi-014,S5,pep-high-s5-sequences,fill-in,Challenge,sequences,arithmetic-sum,255,255,pass,,OK
pep-high-hybrid-v1-s5-s5-sequences-mc-015,S5,pep-high-s5-sequences,multiple-choice,Core,sequences,arithmetic-nth-term,14,14,pass,,OK
pep-high-hybrid-v1-s5-s5-sequences-sa-016,S5,pep-high-s5-sequences,short-answer,Challenge,sequences,geometric-third-term,45,45,pass,,OK
pep-high-hybrid-v1-s5-s5-sequences-fi-017,S5,pep-high-s5-sequences,fill-in,Core,sequences,arithmetic-sum,60,60,pass,,OK
pep-high-hybrid-v1-s5-s5-sequences-mc-018,S5,pep-high-s5-sequences,multiple-choice,Challenge,sequences,arithmetic-nth-term,21,21,pass,,OK
pep-high-hybrid-v1-s5-s5-sequences-sa-019,S5,pep-high-s5-sequences,short-answer,Core,sequences,geometric-third-term,72,72,pass,,OK
pep-high-hybrid-v1-s5-s5-sequences-fi-020,S5,pep-high-s5-sequences,fill-in,Challenge,sequences,arithmetic-sum,52,52,pass,,OK
pep-high-hybrid-v1-s5-s5-sequences-mc-021,S5,pep-high-s5-sequences,multiple-choice,Core,sequences,arithmetic-nth-term,20,20,pass,,OK
pep-high-hybrid-v1-s5-s5-sequences-sa-022,S5,pep-high-s5-sequences,short-answer,Challenge,sequences,geometric-third-term,80,80,pass,,OK
pep-high-hybrid-v1-s5-s5-sequences-fi-023,S5,pep-high-s5-sequences,fill-in,Core,sequences,arithmetic-sum,286,286,pass,,OK
pep-high-hybrid-v1-s5-s5-sequences-mc-024,S5,pep-high-s5-sequences,multiple-choice,Challenge,sequences,arithmetic-nth-term,16,16,pass,,OK
pep-high-hybrid-v1-s5-s5-sequences-sa-025,S5,pep-high-s5-sequences,short-answer,Core,sequences,geometric-third-term,8,8,pass,,OK
pep-high-hybrid-v1-s5-s5-sequences-fi-026,S5,pep-high-s5-sequences,fill-in,Challenge,sequences,arithmetic-sum,48,48,pass,,OK
pep-high-hybrid-v1-s5-s5-sequences-mc-027,S5,pep-high-s5-sequences,multiple-choice,Core,sequences,arithmetic-nth-term,22,22,pass,,OK
pep-high-hybrid-v1-s5-s5-sequences-sa-028,S5,pep-high-s5-sequences,short-answer,Challenge,sequences,geometric-third-term,125,125,pass,,OK
pep-high-hybrid-v1-s5-s5-sequences-fi-029,S5,pep-high-s5-sequences,fill-in,Core,sequences,arithmetic-sum,234,234,pass,,OK
pep-high-hybrid-v1-s5-s5-sequences-mc-030,S5,pep-high-s5-sequences,multiple-choice,Challenge,sequences,arithmetic-nth-term,10,10,pass,,OK
pep-high-hybrid-v1-s5-s5-sequences-sa-031,S5,pep-high-s5-sequences,short-answer,Core,sequences,geometric-third-term,18,18,pass,,OK
pep-high-hybrid-v1-s5-s5-sequences-fi-032,S5,pep-high-s5-sequences,fill-in,Challenge,sequences,arithmetic-sum,30,30,pass,,OK
pep-high-hybrid-v1-s5-s5-sequences-mc-033,S5,pep-high-s5-sequences,multiple-choice,Core,sequences,arithmetic-nth-term,20,20,pass,,OK
pep-high-hybrid-v1-s5-s5-sequences-sa-034,S5,pep-high-s5-sequences,short-answer,Challenge,sequences,geometric-third-term,180,180,pass,,OK
pep-high-hybrid-v1-s5-s5-sequences-fi-035,S5,pep-high-s5-sequences,fill-in,Core,sequences,arithmetic-sum,63,63,pass,,OK
pep-high-hybrid-v1-s5-s5-sequences-mc-036,S5,pep-high-s5-sequences,multiple-choice,Challenge,sequences,arithmetic-nth-term,15,15,pass,,OK
pep-high-hybrid-v1-s5-s5-sequences-sa-037,S5,pep-high-s5-sequences,short-answer,Core,sequences,geometric-third-term,32,32,pass,,OK
pep-high-hybrid-v1-s5-s5-sequences-fi-038,S5,pep-high-s5-sequences,fill-in,Challenge,sequences,arithmetic-sum,210,210,pass,,OK
pep-high-hybrid-v1-s5-s5-sequences-mc-039,S5,pep-high-s5-sequences,multiple-choice,Core,sequences,arithmetic-nth-term,54,54,pass,,OK
pep-high-hybrid-v1-s5-s5-sequences-sa-040,S5,pep-high-s5-sequences,short-answer,Challenge,sequences,geometric-third-term,20,20,pass,,OK
pep-high-hybrid-v1-s5-s5-sequences-fi-041,S5,pep-high-s5-sequences,fill-in,Core,sequences,arithmetic-sum,50,50,pass,,OK
pep-high-hybrid-v1-s5-s5-sequences-mc-042,S5,pep-high-s5-sequences,multiple-choice,Challenge,sequences,arithmetic-nth-term,16,16,pass,,OK
pep-high-hybrid-v1-s5-s5-sequences-sa-043,S5,pep-high-s5-sequences,short-answer,Core,sequences,geometric-third-term,50,50,pass,,OK
pep-high-hybrid-v1-s5-s5-sequences-fi-044,S5,pep-high-s5-sequences,fill-in,Challenge,sequences,arithmetic-sum,164,164,pass,,OK
pep-high-hybrid-v1-s5-s5-sequences-mc-045,S5,pep-high-s5-sequences,multiple-choice,Core,sequences,arithmetic-nth-term,12,12,pass,,OK
pep-high-hybrid-v1-s5-s5-sequences-sa-046,S5,pep-high-s5-sequences,short-answer,Challenge,sequences,geometric-third-term,45,45,pass,,OK
pep-high-hybrid-v1-s5-s5-sequences-fi-047,S5,pep-high-s5-sequences,fill-in,Core,sequences,arithmetic-sum,231,231,pass,,OK
pep-high-hybrid-v1-s5-s5-sequences-mc-048,S5,pep-high-s5-sequences,multiple-choice,Challenge,sequences,arithmetic-nth-term,13,13,pass,,OK
pep-high-hybrid-v1-s5-s5-sequences-sa-049,S5,pep-high-s5-sequences,short-answer,Core,sequences,geometric-third-term,72,72,pass,,OK
pep-high-hybrid-v1-s5-s5-sequences-fi-050,S5,pep-high-s5-sequences,fill-in,Challenge,sequences,arithmetic-sum,33,33,pass,,OK
pep-high-hybrid-v1-s5-s5-sequences-mc-051,S5,pep-high-s5-sequences,multiple-choice,Core,sequences,arithmetic-nth-term,16,16,pass,,OK
pep-high-hybrid-v1-s5-s5-sequences-sa-052,S5,pep-high-s5-sequences,short-answer,Challenge,sequences,geometric-third-term,80,80,pass,,OK
pep-high-hybrid-v1-s5-s5-sequences-fi-053,S5,pep-high-s5-sequences,fill-in,Core,sequences,arithmetic-sum,198,198,pass,,OK
pep-high-hybrid-v1-s5-s5-sequences-mc-054,S5,pep-high-s5-sequences,multiple-choice,Challenge,sequences,arithmetic-nth-term,46,46,pass,,OK
pep-high-hybrid-v1-s5-s5-sequences-sa-055,S5,pep-high-s5-sequences,short-answer,Core,sequences,geometric-third-term,8,8,pass,,OK
pep-high-hybrid-v1-s5-s5-sequences-fi-056,S5,pep-high-s5-sequences,fill-in,Challenge,sequences,arithmetic-sum,24,24,pass,,OK
pep-high-hybrid-v1-s5-s5-sequences-mc-057,S5,pep-high-s5-sequences,multiple-choice,Core,sequences,arithmetic-nth-term,16,16,pass,,OK
pep-high-hybrid-v1-s5-s5-sequences-sa-058,S5,pep-high-s5-sequences,short-answer,Challenge,sequences,geometric-third-term,125,125,pass,,OK
pep-high-hybrid-v1-s5-s5-sequences-fi-059,S5,pep-high-s5-sequences,fill-in,Core,sequences,arithmetic-sum,147,147,pass,,OK
pep-high-hybrid-v1-s5-s5-sequences-mc-060,S5,pep-high-s5-sequences,multiple-choice,Challenge,sequences,arithmetic-nth-term,8,8,pass,,OK
pep-high-hybrid-v1-s5-s5-sequences-sa-061,S5,pep-high-s5-sequences,short-answer,Core,sequences,geometric-third-term,18,18,pass,,OK
pep-high-hybrid-v1-s5-s5-sequences-fi-062,S5,pep-high-s5-sequences,fill-in,Challenge,sequences,arithmetic-sum,165,165,pass,,OK
pep-high-hybrid-v1-s5-s5-sequences-mc-063,S5,pep-high-s5-sequences,multiple-choice,Core,sequences,arithmetic-nth-term,44,44,pass,,OK
pep-high-hybrid-v1-s5-s5-sequences-sa-064,S5,pep-high-s5-sequences,short-answer,Challenge,sequences,geometric-third-term,180,180,pass,,OK
pep-high-hybrid-v1-s5-s5-sequences-fi-065,S5,pep-high-s5-sequences,fill-in,Core,sequences,arithmetic-sum,40,40,pass,,OK
pep-high-hybrid-v1-s5-s5-sequences-mc-066,S5,pep-high-s5-sequences,multiple-choice,Challenge,sequences,arithmetic-nth-term,11,11,pass,,OK
pep-high-hybrid-v1-s5-s5-sequences-sa-067,S5,pep-high-s5-sequences,short-answer,Core,sequences,geometric-third-term,32,32,pass,,OK
pep-high-hybrid-v1-s5-s5-sequences-fi-068,S5,pep-high-s5-sequences,fill-in,Challenge,sequences,arithmetic-sum,136,136,pass,,OK
pep-high-hybrid-v1-s5-s5-sequences-mc-069,S5,pep-high-s5-sequences,multiple-choice,Core,sequences,arithmetic-nth-term,44,44,pass,,OK
pep-high-hybrid-v1-s5-s5-sequences-sa-070,S5,pep-high-s5-sequences,short-answer,Challenge,sequences,geometric-third-term,20,20,pass,,OK
pep-high-hybrid-v1-s5-s5-sequences-fi-071,S5,pep-high-s5-sequences,fill-in,Core,sequences,arithmetic-sum,176,176,pass,,OK
pep-high-hybrid-v1-s5-s5-sequences-mc-072,S5,pep-high-s5-sequences,multiple-choice,Challenge,sequences,arithmetic-nth-term,10,10,pass,,OK
pep-high-hybrid-v1-s5-s5-sequences-sa-073,S5,pep-high-s5-sequences,short-answer,Core,sequences,geometric-third-term,50,50,pass,,OK
pep-high-hybrid-v1-s5-s5-sequences-sa-074,S5,pep-high-s5-sequences,short-answer,Challenge,sequences,geometric-third-term,108,108,pass,,OK
pep-high-hybrid-v1-s5-s5-sequences-sa-075,S5,pep-high-s5-sequences,short-answer,Core,sequences,geometric-third-term,16,16,pass,,OK
pep-high-hybrid-v1-s5-s5-sequences-sa-076,S5,pep-high-s5-sequences,short-answer,Challenge,sequences,geometric-third-term,45,45,pass,,OK
pep-high-hybrid-v1-s5-s5-sequences-sa-077,S5,pep-high-s5-sequences,short-answer,Core,sequences,geometric-third-term,96,96,pass,,OK
pep-high-hybrid-v1-s5-s5-sequences-sa-078,S5,pep-high-s5-sequences,short-answer,Challenge,sequences,geometric-third-term,25,25,pass,,OK
pep-high-hybrid-v1-s5-s5-sequences-sa-079,S5,pep-high-s5-sequences,short-answer,Core,sequences,geometric-third-term,72,72,pass,,OK
pep-high-hybrid-v1-s5-s5-sequences-sa-080,S5,pep-high-s5-sequences,short-answer,Challenge,sequences,geometric-third-term,12,12,pass,,OK
pep-high-hybrid-v1-s5-s5-derivatives-sa-001,S5,pep-high-s5-derivatives,short-answer,Core,derivatives,tangent-slope,-6,-6,pass,topic-balanced-s18-sample,OK
pep-high-hybrid-v1-s5-s5-derivatives-fi-002,S5,pep-high-s5-derivatives,fill-in,Challenge,derivatives,quadratic-extreme-point,1/6,1/6,pass,topic-balanced-s18-sample,OK
pep-high-hybrid-v1-s5-s5-derivatives-mc-003,S5,pep-high-s5-derivatives,multiple-choice,Core,derivatives,quadratic-derivative-value,8,8,pass,topic-balanced-s18-sample,OK
pep-high-hybrid-v1-s5-s5-derivatives-sa-004,S5,pep-high-s5-derivatives,short-answer,Challenge,derivatives,tangent-slope,5,5,pass,topic-balanced-s18-sample,OK
pep-high-hybrid-v1-s5-s5-derivatives-fi-005,S5,pep-high-s5-derivatives,fill-in,Core,derivatives,quadratic-extreme-point,-1/2,-1/2,pass,topic-balanced-s18-sample,OK
pep-high-hybrid-v1-s5-s5-derivatives-mc-006,S5,pep-high-s5-derivatives,multiple-choice,Challenge,derivatives,quadratic-derivative-value,-3,-3,pass,topic-balanced-s18-sample,OK
pep-high-hybrid-v1-s5-s5-derivatives-sa-007,S5,pep-high-s5-derivatives,short-answer,Core,derivatives,tangent-slope,-3,-3,pass,,OK
pep-high-hybrid-v1-s5-s5-derivatives-fi-008,S5,pep-high-s5-derivatives,fill-in,Challenge,derivatives,quadratic-extreme-point,1,1,pass,topic-balanced-s18-sample,OK
pep-high-hybrid-v1-s5-s5-derivatives-mc-009,S5,pep-high-s5-derivatives,multiple-choice,Core,derivatives,quadratic-derivative-value,7,7,pass,topic-balanced-s18-sample,OK
pep-high-hybrid-v1-s5-s5-derivatives-sa-010,S5,pep-high-s5-derivatives,short-answer,Challenge,derivatives,tangent-slope,-12,-12,pass,,OK
pep-high-hybrid-v1-s5-s5-derivatives-fi-011,S5,pep-high-s5-derivatives,fill-in,Core,derivatives,quadratic-extreme-point,-1/8,-1/8,pass,topic-balanced-s18-sample,OK
pep-high-hybrid-v1-s5-s5-derivatives-mc-012,S5,pep-high-s5-derivatives,multiple-choice,Challenge,derivatives,quadratic-derivative-value,2,2,pass,topic-balanced-s18-sample,OK
pep-high-hybrid-v1-s5-s5-derivatives-sa-013,S5,pep-high-s5-derivatives,short-answer,Core,derivatives,tangent-slope,7,7,pass,,OK
pep-high-hybrid-v1-s5-s5-derivatives-fi-014,S5,pep-high-s5-derivatives,fill-in,Challenge,derivatives,quadratic-extreme-point,1/2,1/2,pass,,OK
pep-high-hybrid-v1-s5-s5-derivatives-mc-015,S5,pep-high-s5-derivatives,multiple-choice,Core,derivatives,quadratic-derivative-value,-18,-18,pass,,OK
pep-high-hybrid-v1-s5-s5-derivatives-sa-016,S5,pep-high-s5-derivatives,short-answer,Challenge,derivatives,tangent-slope,-3,-3,pass,,OK
pep-high-hybrid-v1-s5-s5-derivatives-fi-017,S5,pep-high-s5-derivatives,fill-in,Core,derivatives,quadratic-extreme-point,0,0,pass,,OK
pep-high-hybrid-v1-s5-s5-derivatives-mc-018,S5,pep-high-s5-derivatives,multiple-choice,Challenge,derivatives,quadratic-derivative-value,7,7,pass,,OK
pep-high-hybrid-v1-s5-s5-derivatives-sa-019,S5,pep-high-s5-derivatives,short-answer,Core,derivatives,tangent-slope,18,18,pass,,OK
pep-high-hybrid-v1-s5-s5-derivatives-fi-020,S5,pep-high-s5-derivatives,fill-in,Challenge,derivatives,quadratic-extreme-point,-3/2,-3/2,pass,,OK
pep-high-hybrid-v1-s5-s5-derivatives-mc-021,S5,pep-high-s5-derivatives,multiple-choice,Core,derivatives,quadratic-derivative-value,-7,-7,pass,,OK
pep-high-hybrid-v1-s5-s5-derivatives-sa-022,S5,pep-high-s5-derivatives,short-answer,Challenge,derivatives,tangent-slope,-2,-2,pass,,OK
pep-high-hybrid-v1-s5-s5-derivatives-fi-023,S5,pep-high-s5-derivatives,fill-in,Core,derivatives,quadratic-extreme-point,1/8,1/8,pass,,OK
pep-high-hybrid-v1-s5-s5-derivatives-mc-024,S5,pep-high-s5-derivatives,multiple-choice,Challenge,derivatives,quadratic-derivative-value,4,4,pass,,OK
pep-high-hybrid-v1-s5-s5-derivatives-sa-025,S5,pep-high-s5-derivatives,short-answer,Core,derivatives,tangent-slope,-7,-7,pass,,OK
pep-high-hybrid-v1-s5-s5-derivatives-fi-026,S5,pep-high-s5-derivatives,fill-in,Challenge,derivatives,quadratic-extreme-point,-1/3,-1/3,pass,,OK
pep-high-hybrid-v1-s5-s5-derivatives-mc-027,S5,pep-high-s5-derivatives,multiple-choice,Core,derivatives,quadratic-derivative-value,3,3,pass,,OK
pep-high-hybrid-v1-s5-s5-derivatives-sa-028,S5,pep-high-s5-derivatives,short-answer,Challenge,derivatives,tangent-slope,-1,-1,pass,,OK
pep-high-hybrid-v1-s5-s5-derivatives-fi-029,S5,pep-high-s5-derivatives,fill-in,Core,derivatives,quadratic-extreme-point,1/2,1/2,pass,,OK
pep-high-hybrid-v1-s5-s5-derivatives-mc-030,S5,pep-high-s5-derivatives,multiple-choice,Challenge,derivatives,quadratic-derivative-value,-13,-13,pass,,OK
pep-high-hybrid-v1-s5-s5-derivatives-sa-031,S5,pep-high-s5-derivatives,short-answer,Core,derivatives,tangent-slope,-8,-8,pass,,OK
pep-high-hybrid-v1-s5-s5-derivatives-fi-032,S5,pep-high-s5-derivatives,fill-in,Challenge,derivatives,quadratic-extreme-point,-1/2,-1/2,pass,,OK
pep-high-hybrid-v1-s5-s5-derivatives-mc-033,S5,pep-high-s5-derivatives,multiple-choice,Core,derivatives,quadratic-derivative-value,6,6,pass,,OK
pep-high-hybrid-v1-s5-s5-derivatives-sa-034,S5,pep-high-s5-derivatives,short-answer,Challenge,derivatives,tangent-slope,15,15,pass,,OK
pep-high-hybrid-v1-s5-s5-derivatives-fi-035,S5,pep-high-s5-derivatives,fill-in,Core,derivatives,quadratic-extreme-point,3/8,3/8,pass,,OK
pep-high-hybrid-v1-s5-s5-derivatives-mc-036,S5,pep-high-s5-derivatives,multiple-choice,Challenge,derivatives,quadratic-derivative-value,-4,-4,pass,,OK
pep-high-hybrid-v1-s5-s5-derivatives-sa-037,S5,pep-high-s5-derivatives,short-answer,Core,derivatives,tangent-slope,-1,-1,pass,,OK
pep-high-hybrid-v1-s5-s5-derivatives-fi-038,S5,pep-high-s5-derivatives,fill-in,Challenge,derivatives,quadratic-extreme-point,0,0,pass,,OK
pep-high-hybrid-v1-s5-s5-derivatives-mc-039,S5,pep-high-s5-derivatives,multiple-choice,Core,derivatives,quadratic-derivative-value,17,17,pass,,OK
pep-high-hybrid-v1-s5-s5-derivatives-sa-040,S5,pep-high-s5-derivatives,short-answer,Challenge,derivatives,tangent-slope,-2,-2,pass,,OK
pep-high-hybrid-v1-s5-s5-derivatives-fi-041,S5,pep-high-s5-derivatives,fill-in,Core,derivatives,quadratic-extreme-point,-3/4,-3/4,pass,,OK
pep-high-hybrid-v1-s5-s5-derivatives-mc-042,S5,pep-high-s5-derivatives,multiple-choice,Core,derivatives,quadratic-derivative-value,-3,-3,pass,,OK
pep-high-hybrid-v1-s5-s5-derivatives-sa-043,S5,pep-high-s5-derivatives,short-answer,Core,derivatives,tangent-slope,6,6,pass,,OK
pep-high-hybrid-v1-s5-s5-derivatives-fi-044,S5,pep-high-s5-derivatives,fill-in,Core,derivatives,quadratic-extreme-point,1/2,1/2,pass,,OK
pep-high-hybrid-v1-s5-s5-derivatives-mc-045,S5,pep-high-s5-derivatives,multiple-choice,Core,derivatives,quadratic-derivative-value,-8,-8,pass,,OK
pep-high-hybrid-v1-s5-s5-derivatives-sa-046,S5,pep-high-s5-derivatives,short-answer,Core,derivatives,tangent-slope,-5,-5,pass,,OK
pep-high-hybrid-v1-s5-s5-derivatives-fi-047,S5,pep-high-s5-derivatives,fill-in,Core,derivatives,quadratic-extreme-point,-1/4,-1/4,pass,,OK
pep-high-hybrid-v1-s5-s5-derivatives-mc-048,S5,pep-high-s5-derivatives,multiple-choice,Core,derivatives,quadratic-derivative-value,5,5,pass,,OK
pep-high-hybrid-v1-s5-s5-derivatives-sa-049,S5,pep-high-s5-derivatives,short-answer,Core,derivatives,tangent-slope,5,5,pass,,OK
pep-high-hybrid-v1-s5-s5-derivatives-fi-050,S5,pep-high-s5-derivatives,fill-in,Core,derivatives,quadratic-extreme-point,1/3,1/3,pass,,OK
pep-high-hybrid-v1-s5-s5-derivatives-mc-051,S5,pep-high-s5-derivatives,multiple-choice,Core,derivatives,quadratic-derivative-value,-9,-9,pass,,OK
pep-high-hybrid-v1-s5-s5-derivatives-sa-052,S5,pep-high-s5-derivatives,short-answer,Core,derivatives,tangent-slope,0,0,pass,,OK
pep-high-hybrid-v1-s5-s5-derivatives-fi-053,S5,pep-high-s5-derivatives,fill-in,Core,derivatives,quadratic-extreme-point,-1/4,-1/4,pass,,OK
pep-high-hybrid-v1-s5-s5-derivatives-mc-054,S5,pep-high-s5-derivatives,multiple-choice,Core,derivatives,quadratic-derivative-value,14,14,pass,,OK
pep-high-hybrid-v1-s5-s5-derivatives-sa-055,S5,pep-high-s5-derivatives,short-answer,Core,derivatives,tangent-slope,-13,-13,pass,,OK
pep-high-hybrid-v1-s5-s5-derivatives-fi-056,S5,pep-high-s5-derivatives,fill-in,Core,derivatives,quadratic-extreme-point,3/2,3/2,pass,,OK
pep-high-hybrid-v1-s5-s5-derivatives-mc-057,S5,pep-high-s5-derivatives,multiple-choice,Core,derivatives,quadratic-derivative-value,-2,-2,pass,,OK
pep-high-hybrid-v1-s5-s5-derivatives-sa-058,S5,pep-high-s5-derivatives,short-answer,Core,derivatives,tangent-slope,5,5,pass,,OK
pep-high-hybrid-v1-s5-s5-derivatives-fi-059,S5,pep-high-s5-derivatives,fill-in,Core,derivatives,quadratic-extreme-point,0,0,pass,,OK
pep-high-hybrid-v1-s5-s5-derivatives-mc-060,S5,pep-high-s5-derivatives,multiple-choice,Core,derivatives,quadratic-derivative-value,-3,-3,pass,,OK
pep-high-hybrid-v1-s5-s5-derivatives-sa-061,S5,pep-high-s5-derivatives,short-answer,Core,derivatives,tangent-slope,-2,-2,pass,,OK
pep-high-hybrid-v1-s5-s5-derivatives-fi-062,S5,pep-high-s5-derivatives,fill-in,Core,derivatives,quadratic-extreme-point,-1/2,-1/2,pass,,OK
pep-high-hybrid-v1-s5-s5-derivatives-mc-063,S5,pep-high-s5-derivatives,multiple-choice,Core,derivatives,quadratic-derivative-value,5,5,pass,,OK
pep-high-hybrid-v1-s5-s5-derivatives-sa-064,S5,pep-high-s5-derivatives,short-answer,Core,derivatives,tangent-slope,2,2,pass,,OK
pep-high-hybrid-v1-s5-s5-derivatives-fi-065,S5,pep-high-s5-derivatives,fill-in,Core,derivatives,quadratic-extreme-point,1/4,1/4,pass,,OK
pep-high-hybrid-v1-s5-s5-derivatives-mc-066,S5,pep-high-s5-derivatives,multiple-choice,Core,derivatives,quadratic-derivative-value,-6,-6,pass,,OK
pep-high-hybrid-v1-s5-s5-derivatives-sa-067,S5,pep-high-s5-derivatives,short-answer,Core,derivatives,tangent-slope,1,1,pass,,OK
pep-high-hybrid-v1-s5-s5-derivatives-fi-068,S5,pep-high-s5-derivatives,fill-in,Core,derivatives,quadratic-extreme-point,-1,-1,pass,,OK
pep-high-hybrid-v1-s5-s5-derivatives-mc-069,S5,pep-high-s5-derivatives,multiple-choice,Core,derivatives,quadratic-derivative-value,11,11,pass,,OK
pep-high-hybrid-v1-s5-s5-derivatives-sa-070,S5,pep-high-s5-derivatives,short-answer,Core,derivatives,tangent-slope,-15,-15,pass,,OK
pep-high-hybrid-v1-s5-s5-derivatives-fi-071,S5,pep-high-s5-derivatives,fill-in,Core,derivatives,quadratic-extreme-point,1/4,1/4,pass,,OK
pep-high-hybrid-v1-s5-s5-derivatives-mc-072,S5,pep-high-s5-derivatives,multiple-choice,Core,derivatives,quadratic-derivative-value,-1,-1,pass,,OK
pep-high-hybrid-v1-s5-s5-derivatives-sa-073,S5,pep-high-s5-derivatives,short-answer,Core,derivatives,tangent-slope,4,4,pass,,OK
pep-high-hybrid-v1-s5-s5-derivatives-sa-074,S5,pep-high-s5-derivatives,short-answer,Core,derivatives,tangent-slope,13,13,pass,,OK
pep-high-hybrid-v1-s5-s5-derivatives-sa-075,S5,pep-high-s5-derivatives,short-answer,Core,derivatives,tangent-slope,-14,-14,pass,,OK
pep-high-hybrid-v1-s5-s5-derivatives-sa-076,S5,pep-high-s5-derivatives,short-answer,Core,derivatives,tangent-slope,1,1,pass,,OK
pep-high-hybrid-v1-s5-s5-derivatives-sa-077,S5,pep-high-s5-derivatives,short-answer,Core,derivatives,tangent-slope,-3,-3,pass,,OK
pep-high-hybrid-v1-s5-s5-derivatives-sa-078,S5,pep-high-s5-derivatives,short-answer,Core,derivatives,tangent-slope,4,4,pass,,OK
pep-high-hybrid-v1-s5-s5-derivatives-sa-079,S5,pep-high-s5-derivatives,short-answer,Core,derivatives,tangent-slope,15,15,pass,,OK
pep-high-hybrid-v1-s5-s5-derivatives-sa-080,S5,pep-high-s5-derivatives,short-answer,Core,derivatives,tangent-slope,-4,-4,pass,,OK
pep-high-hybrid-v1-s6-s6-counting-sa-001,S6,pep-high-s6-counting,short-answer,Challenge,counting,binomial-coefficient,21,21,pass,topic-balanced-s18-sample,OK
pep-high-hybrid-v1-s6-s6-counting-fi-002,S6,pep-high-s6-counting,fill-in,Core,counting,permutation-from-small-set,24,24,pass,topic-balanced-s18-sample,OK
pep-high-hybrid-v1-s6-s6-counting-mc-003,S6,pep-high-s6-counting,multiple-choice,Exam,counting,combination-count,36,36,pass,topic-balanced-s18-sample,OK
pep-high-hybrid-v1-s6-s6-counting-sa-004,S6,pep-high-s6-counting,short-answer,Foundation,counting,binomial-coefficient,10,10,pass,topic-balanced-s18-sample,OK
pep-high-hybrid-v1-s6-s6-counting-fi-005,S6,pep-high-s6-counting,fill-in,Challenge,counting,permutation-from-small-set,24,24,pass,topic-balanced-s18-sample,OK
pep-high-hybrid-v1-s6-s6-counting-mc-006,S6,pep-high-s6-counting,multiple-choice,Core,counting,combination-count,21,21,pass,topic-balanced-s18-sample,OK
pep-high-hybrid-v1-s6-s6-counting-sa-007,S6,pep-high-s6-counting,short-answer,Exam,counting,binomial-coefficient,70,70,pass,,OK
pep-high-hybrid-v1-s6-s6-counting-fi-008,S6,pep-high-s6-counting,fill-in,Foundation,counting,permutation-from-small-set,24,24,pass,topic-balanced-s18-sample,OK
pep-high-hybrid-v1-s6-s6-counting-mc-009,S6,pep-high-s6-counting,multiple-choice,Challenge,counting,combination-count,45,45,pass,topic-balanced-s18-sample,OK
pep-high-hybrid-v1-s6-s6-counting-sa-010,S6,pep-high-s6-counting,short-answer,Core,counting,binomial-coefficient,20,20,pass,,OK
pep-high-hybrid-v1-s6-s6-counting-fi-011,S6,pep-high-s6-counting,fill-in,Exam,counting,permutation-from-small-set,24,24,pass,topic-balanced-s18-sample,OK
pep-high-hybrid-v1-s6-s6-counting-mc-012,S6,pep-high-s6-counting,multiple-choice,Foundation,counting,combination-count,28,28,pass,topic-balanced-s18-sample,OK
pep-high-hybrid-v1-s6-s6-counting-sa-013,S6,pep-high-s6-counting,short-answer,Challenge,counting,binomial-coefficient,36,36,pass,,OK
pep-high-hybrid-v1-s6-s6-counting-fi-014,S6,pep-high-s6-counting,fill-in,Core,counting,permutation-from-small-set,24,24,pass,,OK
pep-high-hybrid-v1-s6-s6-counting-mc-015,S6,pep-high-s6-counting,multiple-choice,Exam,counting,combination-count,15,15,pass,,OK
pep-high-hybrid-v1-s6-s6-counting-sa-016,S6,pep-high-s6-counting,short-answer,Foundation,counting,binomial-coefficient,7,7,pass,,OK
pep-high-hybrid-v1-s6-s6-counting-fi-017,S6,pep-high-s6-counting,fill-in,Challenge,counting,permutation-from-small-set,24,24,pass,,OK
pep-high-hybrid-v1-s6-s6-counting-mc-018,S6,pep-high-s6-counting,multiple-choice,Core,counting,combination-count,36,36,pass,,OK
pep-high-hybrid-v1-s6-s6-counting-sa-019,S6,pep-high-s6-counting,short-answer,Exam,counting,binomial-coefficient,210,210,pass,,OK
pep-high-hybrid-v1-s6-s6-counting-fi-020,S6,pep-high-s6-counting,fill-in,Foundation,counting,permutation-from-small-set,24,24,pass,,OK
pep-high-hybrid-v1-s6-s6-counting-mc-021,S6,pep-high-s6-counting,multiple-choice,Challenge,counting,combination-count,21,21,pass,,OK
pep-high-hybrid-v1-s6-s6-counting-sa-022,S6,pep-high-s6-counting,short-answer,Core,counting,binomial-coefficient,56,56,pass,,OK
pep-high-hybrid-v1-s6-s6-counting-fi-023,S6,pep-high-s6-counting,fill-in,Exam,counting,permutation-from-small-set,24,24,pass,,OK
pep-high-hybrid-v1-s6-s6-counting-mc-024,S6,pep-high-s6-counting,multiple-choice,Foundation,counting,combination-count,45,45,pass,,OK
pep-high-hybrid-v1-s6-s6-counting-sa-025,S6,pep-high-s6-counting,short-answer,Challenge,counting,binomial-coefficient,15,15,pass,,OK
pep-high-hybrid-v1-s6-s6-counting-fi-026,S6,pep-high-s6-counting,fill-in,Core,counting,permutation-from-small-set,24,24,pass,,OK
pep-high-hybrid-v1-s6-s6-counting-mc-027,S6,pep-high-s6-counting,multiple-choice,Exam,counting,combination-count,28,28,pass,,OK
pep-high-hybrid-v1-s6-s6-counting-sa-028,S6,pep-high-s6-counting,short-answer,Foundation,counting,binomial-coefficient,9,9,pass,,OK
pep-high-hybrid-v1-s6-s6-counting-fi-029,S6,pep-high-s6-counting,fill-in,Challenge,counting,permutation-from-small-set,24,24,pass,,OK
pep-high-hybrid-v1-s6-s6-counting-mc-030,S6,pep-high-s6-counting,multiple-choice,Core,counting,combination-count,15,15,pass,,OK
pep-high-hybrid-v1-s6-s6-counting-sa-031,S6,pep-high-s6-counting,short-answer,Exam,counting,binomial-coefficient,35,35,pass,,OK
pep-high-hybrid-v1-s6-s6-counting-fi-032,S6,pep-high-s6-counting,fill-in,Foundation,counting,permutation-from-small-set,24,24,pass,,OK
pep-high-hybrid-v1-s6-s6-counting-mc-033,S6,pep-high-s6-counting,multiple-choice,Challenge,counting,combination-count,36,36,pass,,OK
pep-high-hybrid-v1-s6-s6-counting-sa-034,S6,pep-high-s6-counting,short-answer,Core,counting,binomial-coefficient,120,120,pass,,OK
pep-high-hybrid-v1-s6-s6-counting-fi-035,S6,pep-high-s6-counting,fill-in,Exam,counting,permutation-from-small-set,24,24,pass,,OK
pep-high-hybrid-v1-s6-s6-counting-mc-036,S6,pep-high-s6-counting,multiple-choice,Foundation,counting,combination-count,21,21,pass,,OK
pep-high-hybrid-v1-s6-s6-counting-sa-037,S6,pep-high-s6-counting,short-answer,Challenge,counting,binomial-coefficient,28,28,pass,,OK
pep-high-hybrid-v1-s6-s6-counting-fi-038,S6,pep-high-s6-counting,fill-in,Core,counting,permutation-from-small-set,24,24,pass,,OK
pep-high-hybrid-v1-s6-s6-counting-mc-039,S6,pep-high-s6-counting,multiple-choice,Exam,counting,combination-count,45,45,pass,,OK
pep-high-hybrid-v1-s6-s6-counting-sa-040,S6,pep-high-s6-counting,short-answer,Foundation,counting,binomial-coefficient,6,6,pass,,OK
pep-high-hybrid-v1-s6-s6-counting-fi-041,S6,pep-high-s6-counting,fill-in,Challenge,counting,permutation-from-small-set,24,24,pass,,OK
pep-high-hybrid-v1-s6-s6-counting-mc-042,S6,pep-high-s6-counting,multiple-choice,Core,counting,combination-count,28,28,pass,,OK
pep-high-hybrid-v1-s6-s6-counting-sa-043,S6,pep-high-s6-counting,short-answer,Exam,counting,binomial-coefficient,126,126,pass,,OK
pep-high-hybrid-v1-s6-s6-counting-fi-044,S6,pep-high-s6-counting,fill-in,Foundation,counting,permutation-from-small-set,24,24,pass,,OK
pep-high-hybrid-v1-s6-s6-counting-mc-045,S6,pep-high-s6-counting,multiple-choice,Challenge,counting,combination-count,15,15,pass,,OK
pep-high-hybrid-v1-s6-s6-counting-sa-046,S6,pep-high-s6-counting,short-answer,Core,counting,binomial-coefficient,35,35,pass,,OK
pep-high-hybrid-v1-s6-s6-counting-fi-047,S6,pep-high-s6-counting,fill-in,Exam,counting,permutation-from-small-set,24,24,pass,,OK
pep-high-hybrid-v1-s6-s6-counting-mc-048,S6,pep-high-s6-counting,multiple-choice,Foundation,counting,combination-count,36,36,pass,,OK
pep-high-hybrid-v1-s6-s6-counting-sa-049,S6,pep-high-s6-counting,short-answer,Challenge,counting,binomial-coefficient,45,45,pass,,OK
pep-high-hybrid-v1-s6-s6-counting-fi-050,S6,pep-high-s6-counting,fill-in,Core,counting,permutation-from-small-set,24,24,pass,,OK
pep-high-hybrid-v1-s6-s6-counting-mc-051,S6,pep-high-s6-counting,multiple-choice,Exam,counting,combination-count,21,21,pass,,OK
pep-high-hybrid-v1-s6-s6-counting-sa-052,S6,pep-high-s6-counting,short-answer,Foundation,counting,binomial-coefficient,8,8,pass,,OK
pep-high-hybrid-v1-s6-s6-counting-sa-053,S6,pep-high-s6-counting,short-answer,Challenge,counting,binomial-coefficient,36,36,pass,,OK
pep-high-hybrid-v1-s6-s6-counting-sa-054,S6,pep-high-s6-counting,short-answer,Core,counting,binomial-coefficient,120,120,pass,,OK
pep-high-hybrid-v1-s6-s6-counting-sa-055,S6,pep-high-s6-counting,short-answer,Exam,counting,binomial-coefficient,15,15,pass,,OK
pep-high-hybrid-v1-s6-s6-counting-sa-056,S6,pep-high-s6-counting,short-answer,Foundation,counting,binomial-coefficient,7,7,pass,,OK
pep-high-hybrid-v1-s6-s6-counting-sa-057,S6,pep-high-s6-counting,short-answer,Challenge,counting,binomial-coefficient,28,28,pass,,OK
pep-high-hybrid-v1-s6-s6-random-variables-sa-001,S6,pep-high-s6-random-variables,short-answer,Core,random-variables,two-point-expectation,3/2,3/2,pass,topic-balanced-s18-sample,OK
pep-high-hybrid-v1-s6-s6-random-variables-fi-002,S6,pep-high-s6-random-variables,fill-in,Exam,random-variables,binomial-variance,9/8,9/8,pass,topic-balanced-s18-sample,OK
pep-high-hybrid-v1-s6-s6-random-variables-mc-003,S6,pep-high-s6-random-variables,multiple-choice,Foundation,random-variables,binomial-expectation,7/4,7/4,pass,topic-balanced-s18-sample,OK
pep-high-hybrid-v1-s6-s6-random-variables-sa-004,S6,pep-high-s6-random-variables,short-answer,Challenge,random-variables,two-point-expectation,3,3,pass,topic-balanced-s18-sample,OK
pep-high-hybrid-v1-s6-s6-random-variables-fi-005,S6,pep-high-s6-random-variables,fill-in,Core,random-variables,binomial-variance,3/4,3/4,pass,topic-balanced-s18-sample,OK
pep-high-hybrid-v1-s6-s6-random-variables-mc-006,S6,pep-high-s6-random-variables,multiple-choice,Exam,random-variables,binomial-expectation,5/4,5/4,pass,topic-balanced-s18-sample,OK
pep-high-hybrid-v1-s6-s6-random-variables-sa-007,S6,pep-high-s6-random-variables,short-answer,Foundation,random-variables,two-point-expectation,3/2,3/2,pass,,OK
pep-high-hybrid-v1-s6-s6-random-variables-fi-008,S6,pep-high-s6-random-variables,fill-in,Challenge,random-variables,binomial-variance,21/16,21/16,pass,topic-balanced-s18-sample,OK
pep-high-hybrid-v1-s6-s6-random-variables-mc-009,S6,pep-high-s6-random-variables,multiple-choice,Core,random-variables,binomial-expectation,2,2,pass,topic-balanced-s18-sample,OK
pep-high-hybrid-v1-s6-s6-random-variables-sa-010,S6,pep-high-s6-random-variables,short-answer,Exam,random-variables,two-point-expectation,3,3,pass,,OK
pep-high-hybrid-v1-s6-s6-random-variables-fi-011,S6,pep-high-s6-random-variables,fill-in,Foundation,random-variables,binomial-variance,15/16,15/16,pass,topic-balanced-s18-sample,OK
pep-high-hybrid-v1-s6-s6-random-variables-mc-012,S6,pep-high-s6-random-variables,multiple-choice,Challenge,random-variables,binomial-expectation,3/2,3/2,pass,topic-balanced-s18-sample,OK
pep-high-hybrid-v1-s6-s6-random-variables-sa-013,S6,pep-high-s6-random-variables,short-answer,Core,random-variables,two-point-expectation,3/2,3/2,pass,,OK
pep-high-hybrid-v1-s6-s6-random-variables-fi-014,S6,pep-high-s6-random-variables,fill-in,Exam,random-variables,binomial-variance,3/2,3/2,pass,,OK
pep-high-hybrid-v1-s6-s6-random-variables-mc-015,S6,pep-high-s6-random-variables,multiple-choice,Foundation,random-variables,binomial-expectation,1,1,pass,,OK
pep-high-hybrid-v1-s6-s6-random-variables-sa-016,S6,pep-high-s6-random-variables,short-answer,Challenge,random-variables,two-point-expectation,3,3,pass,,OK
pep-high-hybrid-v1-s6-s6-random-variables-fi-017,S6,pep-high-s6-random-variables,fill-in,Core,random-variables,binomial-variance,9/8,9/8,pass,,OK
pep-high-hybrid-v1-s6-s6-random-variables-mc-018,S6,pep-high-s6-random-variables,multiple-choice,Exam,random-variables,binomial-expectation,7/4,7/4,pass,,OK
pep-high-hybrid-v1-s6-s6-random-variables-sa-019,S6,pep-high-s6-random-variables,short-answer,Foundation,random-variables,two-point-expectation,3/2,3/2,pass,,OK
pep-high-hybrid-v1-s6-s6-random-variables-fi-020,S6,pep-high-s6-random-variables,fill-in,Challenge,random-variables,binomial-variance,3/4,3/4,pass,,OK
pep-high-hybrid-v1-s6-s6-random-variables-mc-021,S6,pep-high-s6-random-variables,multiple-choice,Core,random-variables,binomial-expectation,5/4,5/4,pass,,OK
pep-high-hybrid-v1-s6-s6-random-variables-sa-022,S6,pep-high-s6-random-variables,short-answer,Exam,random-variables,two-point-expectation,3,3,pass,,OK
pep-high-hybrid-v1-s6-s6-random-variables-fi-023,S6,pep-high-s6-random-variables,fill-in,Foundation,random-variables,binomial-variance,21/16,21/16,pass,,OK
pep-high-hybrid-v1-s6-s6-random-variables-mc-024,S6,pep-high-s6-random-variables,multiple-choice,Challenge,random-variables,binomial-expectation,2,2,pass,,OK
pep-high-hybrid-v1-s6-s6-random-variables-sa-025,S6,pep-high-s6-random-variables,short-answer,Core,random-variables,two-point-expectation,3/2,3/2,pass,,OK
pep-high-hybrid-v1-s6-s6-random-variables-fi-026,S6,pep-high-s6-random-variables,fill-in,Exam,random-variables,binomial-variance,15/16,15/16,pass,,OK
pep-high-hybrid-v1-s6-s6-random-variables-mc-027,S6,pep-high-s6-random-variables,multiple-choice,Foundation,random-variables,binomial-expectation,3/2,3/2,pass,,OK
pep-high-hybrid-v1-s6-s6-random-variables-sa-028,S6,pep-high-s6-random-variables,short-answer,Challenge,random-variables,two-point-expectation,3,3,pass,,OK
pep-high-hybrid-v1-s6-s6-random-variables-fi-029,S6,pep-high-s6-random-variables,fill-in,Core,random-variables,binomial-variance,3/2,3/2,pass,,OK
pep-high-hybrid-v1-s6-s6-random-variables-mc-030,S6,pep-high-s6-random-variables,multiple-choice,Exam,random-variables,binomial-expectation,1,1,pass,,OK
pep-high-hybrid-v1-s6-s6-random-variables-sa-031,S6,pep-high-s6-random-variables,short-answer,Foundation,random-variables,two-point-expectation,3/2,3/2,pass,,OK
pep-high-hybrid-v1-s6-s6-random-variables-fi-032,S6,pep-high-s6-random-variables,fill-in,Challenge,random-variables,binomial-variance,9/8,9/8,pass,,OK
pep-high-hybrid-v1-s6-s6-random-variables-mc-033,S6,pep-high-s6-random-variables,multiple-choice,Core,random-variables,binomial-expectation,7/4,7/4,pass,,OK
pep-high-hybrid-v1-s6-s6-random-variables-sa-034,S6,pep-high-s6-random-variables,short-answer,Exam,random-variables,two-point-expectation,3,3,pass,,OK
pep-high-hybrid-v1-s6-s6-random-variables-fi-035,S6,pep-high-s6-random-variables,fill-in,Foundation,random-variables,binomial-variance,3/4,3/4,pass,,OK
pep-high-hybrid-v1-s6-s6-random-variables-mc-036,S6,pep-high-s6-random-variables,multiple-choice,Challenge,random-variables,binomial-expectation,5/4,5/4,pass,,OK
pep-high-hybrid-v1-s6-s6-random-variables-sa-037,S6,pep-high-s6-random-variables,short-answer,Core,random-variables,two-point-expectation,3/2,3/2,pass,,OK
pep-high-hybrid-v1-s6-s6-random-variables-fi-038,S6,pep-high-s6-random-variables,fill-in,Exam,random-variables,binomial-variance,21/16,21/16,pass,,OK
pep-high-hybrid-v1-s6-s6-random-variables-mc-039,S6,pep-high-s6-random-variables,multiple-choice,Foundation,random-variables,binomial-expectation,2,2,pass,,OK
pep-high-hybrid-v1-s6-s6-random-variables-sa-040,S6,pep-high-s6-random-variables,short-answer,Challenge,random-variables,two-point-expectation,3,3,pass,,OK
pep-high-hybrid-v1-s6-s6-random-variables-fi-041,S6,pep-high-s6-random-variables,fill-in,Core,random-variables,binomial-variance,15/16,15/16,pass,,OK
pep-high-hybrid-v1-s6-s6-random-variables-mc-042,S6,pep-high-s6-random-variables,multiple-choice,Exam,random-variables,binomial-expectation,3/2,3/2,pass,,OK
pep-high-hybrid-v1-s6-s6-random-variables-sa-043,S6,pep-high-s6-random-variables,short-answer,Foundation,random-variables,two-point-expectation,3/2,3/2,pass,,OK
pep-high-hybrid-v1-s6-s6-random-variables-fi-044,S6,pep-high-s6-random-variables,fill-in,Challenge,random-variables,binomial-variance,3/2,3/2,pass,,OK
pep-high-hybrid-v1-s6-s6-random-variables-mc-045,S6,pep-high-s6-random-variables,multiple-choice,Core,random-variables,binomial-expectation,1,1,pass,,OK
pep-high-hybrid-v1-s6-s6-random-variables-sa-046,S6,pep-high-s6-random-variables,short-answer,Exam,random-variables,two-point-expectation,3,3,pass,,OK
pep-high-hybrid-v1-s6-s6-random-variables-fi-047,S6,pep-high-s6-random-variables,fill-in,Foundation,random-variables,binomial-variance,9/8,9/8,pass,,OK
pep-high-hybrid-v1-s6-s6-random-variables-mc-048,S6,pep-high-s6-random-variables,multiple-choice,Challenge,random-variables,binomial-expectation,7/4,7/4,pass,,OK
pep-high-hybrid-v1-s6-s6-random-variables-sa-049,S6,pep-high-s6-random-variables,short-answer,Core,random-variables,two-point-expectation,3/2,3/2,pass,,OK
pep-high-hybrid-v1-s6-s6-random-variables-fi-050,S6,pep-high-s6-random-variables,fill-in,Exam,random-variables,binomial-variance,3/4,3/4,pass,,OK
pep-high-hybrid-v1-s6-s6-random-variables-mc-051,S6,pep-high-s6-random-variables,multiple-choice,Foundation,random-variables,binomial-expectation,5/4,5/4,pass,,OK
pep-high-hybrid-v1-s6-s6-random-variables-sa-052,S6,pep-high-s6-random-variables,short-answer,Challenge,random-variables,two-point-expectation,3,3,pass,,OK
pep-high-hybrid-v1-s6-s6-random-variables-sa-053,S6,pep-high-s6-random-variables,short-answer,Core,random-variables,two-point-expectation,21/4,21/4,pass,,OK
pep-high-hybrid-v1-s6-s6-random-variables-sa-054,S6,pep-high-s6-random-variables,short-answer,Exam,random-variables,two-point-expectation,1/2,1/2,pass,,OK
pep-high-hybrid-v1-s6-s6-random-variables-sa-055,S6,pep-high-s6-random-variables,short-answer,Foundation,random-variables,two-point-expectation,3/2,3/2,pass,,OK
pep-high-hybrid-v1-s6-s6-random-variables-sa-056,S6,pep-high-s6-random-variables,short-answer,Challenge,random-variables,two-point-expectation,3,3,pass,,OK
pep-high-hybrid-v1-s6-s6-random-variables-sa-057,S6,pep-high-s6-random-variables,short-answer,Core,random-variables,two-point-expectation,5/4,5/4,pass,,OK
pep-high-hybrid-v1-s6-s6-bivariate-data-sa-001,S6,pep-high-s6-bivariate-data,short-answer,Exam,bivariate-data,regression-through-means,6,6,pass,topic-balanced-s18-sample,OK
pep-high-hybrid-v1-s6-s6-bivariate-data-fi-002,S6,pep-high-s6-bivariate-data,fill-in,Foundation,bivariate-data,regression-residual,1,1,pass,topic-balanced-s18-sample,OK
pep-high-hybrid-v1-s6-s6-bivariate-data-mc-003,S6,pep-high-s6-bivariate-data,multiple-choice,Challenge,bivariate-data,linear-regression-prediction,20,20,pass,topic-balanced-s18-sample,OK
pep-high-hybrid-v1-s6-s6-bivariate-data-sa-004,S6,pep-high-s6-bivariate-data,short-answer,Core,bivariate-data,regression-through-means,8,8,pass,topic-balanced-s18-sample,OK
pep-high-hybrid-v1-s6-s6-bivariate-data-fi-005,S6,pep-high-s6-bivariate-data,fill-in,Exam,bivariate-data,regression-residual,1,1,pass,topic-balanced-s18-sample,OK
pep-high-hybrid-v1-s6-s6-bivariate-data-mc-006,S6,pep-high-s6-bivariate-data,multiple-choice,Foundation,bivariate-data,linear-regression-prediction,9,9,pass,topic-balanced-s18-sample,OK
pep-high-hybrid-v1-s6-s6-bivariate-data-sa-007,S6,pep-high-s6-bivariate-data,short-answer,Challenge,bivariate-data,regression-through-means,13,13,pass,,OK
pep-high-hybrid-v1-s6-s6-bivariate-data-fi-008,S6,pep-high-s6-bivariate-data,fill-in,Core,bivariate-data,regression-residual,1,1,pass,topic-balanced-s18-sample,OK
pep-high-hybrid-v1-s6-s6-bivariate-data-mc-009,S6,pep-high-s6-bivariate-data,multiple-choice,Exam,bivariate-data,linear-regression-prediction,9,9,pass,topic-balanced-s18-sample,OK
pep-high-hybrid-v1-s6-s6-bivariate-data-sa-010,S6,pep-high-s6-bivariate-data,short-answer,Foundation,bivariate-data,regression-through-means,21,21,pass,,OK
pep-high-hybrid-v1-s6-s6-bivariate-data-fi-011,S6,pep-high-s6-bivariate-data,fill-in,Challenge,bivariate-data,regression-residual,1,1,pass,topic-balanced-s18-sample,OK
pep-high-hybrid-v1-s6-s6-bivariate-data-mc-012,S6,pep-high-s6-bivariate-data,multiple-choice,Core,bivariate-data,linear-regression-prediction,4,4,pass,topic-balanced-s18-sample,OK
pep-high-hybrid-v1-s6-s6-bivariate-data-sa-013,S6,pep-high-s6-bivariate-data,short-answer,Exam,bivariate-data,regression-through-means,11,11,pass,,OK
pep-high-hybrid-v1-s6-s6-bivariate-data-fi-014,S6,pep-high-s6-bivariate-data,fill-in,Foundation,bivariate-data,regression-residual,1,1,pass,,OK
pep-high-hybrid-v1-s6-s6-bivariate-data-mc-015,S6,pep-high-s6-bivariate-data,multiple-choice,Challenge,bivariate-data,linear-regression-prediction,18,18,pass,,OK
pep-high-hybrid-v1-s6-s6-bivariate-data-sa-016,S6,pep-high-s6-bivariate-data,short-answer,Core,bivariate-data,regression-through-means,6,6,pass,,OK
pep-high-hybrid-v1-s6-s6-bivariate-data-fi-017,S6,pep-high-s6-bivariate-data,fill-in,Exam,bivariate-data,regression-residual,1,1,pass,,OK
pep-high-hybrid-v1-s6-s6-bivariate-data-mc-018,S6,pep-high-s6-bivariate-data,multiple-choice,Foundation,bivariate-data,linear-regression-prediction,7,7,pass,,OK
pep-high-hybrid-v1-s6-s6-bivariate-data-sa-019,S6,pep-high-s6-bivariate-data,short-answer,Challenge,bivariate-data,regression-through-means,18,18,pass,,OK
pep-high-hybrid-v1-s6-s6-bivariate-data-fi-020,S6,pep-high-s6-bivariate-data,fill-in,Core,bivariate-data,regression-residual,1,1,pass,,OK
pep-high-hybrid-v1-s6-s6-bivariate-data-mc-021,S6,pep-high-s6-bivariate-data,multiple-choice,Exam,bivariate-data,linear-regression-prediction,7,7,pass,,OK
pep-high-hybrid-v1-s6-s6-bivariate-data-sa-022,S6,pep-high-s6-bivariate-data,short-answer,Foundation,bivariate-data,regression-through-means,19,19,pass,,OK
pep-high-hybrid-v1-s6-s6-bivariate-data-fi-023,S6,pep-high-s6-bivariate-data,fill-in,Challenge,bivariate-data,regression-residual,1,1,pass,,OK
pep-high-hybrid-v1-s6-s6-bivariate-data-mc-024,S6,pep-high-s6-bivariate-data,multiple-choice,Core,bivariate-data,linear-regression-prediction,2,2,pass,,OK
pep-high-hybrid-v1-s6-s6-bivariate-data-sa-025,S6,pep-high-s6-bivariate-data,short-answer,Exam,bivariate-data,regression-through-means,9,9,pass,,OK
pep-high-hybrid-v1-s6-s6-bivariate-data-fi-026,S6,pep-high-s6-bivariate-data,fill-in,Foundation,bivariate-data,regression-residual,1,1,pass,,OK
pep-high-hybrid-v1-s6-s6-bivariate-data-mc-027,S6,pep-high-s6-bivariate-data,multiple-choice,Challenge,bivariate-data,linear-regression-prediction,23,23,pass,,OK
pep-high-hybrid-v1-s6-s6-bivariate-data-sa-028,S6,pep-high-s6-bivariate-data,short-answer,Core,bivariate-data,regression-through-means,4,4,pass,,OK
pep-high-hybrid-v1-s6-s6-bivariate-data-fi-029,S6,pep-high-s6-bivariate-data,fill-in,Exam,bivariate-data,regression-residual,1,1,pass,,OK
pep-high-hybrid-v1-s6-s6-bivariate-data-mc-030,S6,pep-high-s6-bivariate-data,multiple-choice,Foundation,bivariate-data,linear-regression-prediction,5,5,pass,,OK
pep-high-hybrid-v1-s6-s6-bivariate-data-sa-031,S6,pep-high-s6-bivariate-data,short-answer,Challenge,bivariate-data,regression-through-means,16,16,pass,,OK
pep-high-hybrid-v1-s6-s6-bivariate-data-fi-032,S6,pep-high-s6-bivariate-data,fill-in,Core,bivariate-data,regression-residual,1,1,pass,,OK
pep-high-hybrid-v1-s6-s6-bivariate-data-mc-033,S6,pep-high-s6-bivariate-data,multiple-choice,Exam,bivariate-data,linear-regression-prediction,12,12,pass,,OK
pep-high-hybrid-v1-s6-s6-bivariate-data-sa-034,S6,pep-high-s6-bivariate-data,short-answer,Foundation,bivariate-data,regression-through-means,24,24,pass,,OK
pep-high-hybrid-v1-s6-s6-bivariate-data-fi-035,S6,pep-high-s6-bivariate-data,fill-in,Challenge,bivariate-data,regression-residual,1,1,pass,,OK
pep-high-hybrid-v1-s6-s6-bivariate-data-mc-036,S6,pep-high-s6-bivariate-data,multiple-choice,Core,bivariate-data,linear-regression-prediction,0,0,pass,,OK
pep-high-hybrid-v1-s6-s6-bivariate-data-sa-037,S6,pep-high-s6-bivariate-data,short-answer,Exam,bivariate-data,regression-through-means,7,7,pass,,OK
pep-high-hybrid-v1-s6-s6-bivariate-data-fi-038,S6,pep-high-s6-bivariate-data,fill-in,Foundation,bivariate-data,regression-residual,1,1,pass,,OK
pep-high-hybrid-v1-s6-s6-bivariate-data-mc-039,S6,pep-high-s6-bivariate-data,multiple-choice,Challenge,bivariate-data,linear-regression-prediction,21,21,pass,,OK
pep-high-hybrid-v1-s6-s6-bivariate-data-sa-040,S6,pep-high-s6-bivariate-data,short-answer,Core,bivariate-data,regression-through-means,9,9,pass,,OK
pep-high-hybrid-v1-s6-s6-bivariate-data-fi-041,S6,pep-high-s6-bivariate-data,fill-in,Exam,bivariate-data,regression-residual,1,1,pass,,OK
pep-high-hybrid-v1-s6-s6-bivariate-data-mc-042,S6,pep-high-s6-bivariate-data,multiple-choice,Foundation,bivariate-data,linear-regression-prediction,3,3,pass,,OK
pep-high-hybrid-v1-s6-s6-bivariate-data-sa-043,S6,pep-high-s6-bivariate-data,short-answer,Challenge,bivariate-data,regression-through-means,14,14,pass,,OK
pep-high-hybrid-v1-s6-s6-bivariate-data-fi-044,S6,pep-high-s6-bivariate-data,fill-in,Core,bivariate-data,regression-residual,1,1,pass,,OK
pep-high-hybrid-v1-s6-s6-bivariate-data-mc-045,S6,pep-high-s6-bivariate-data,multiple-choice,Exam,bivariate-data,linear-regression-prediction,10,10,pass,,OK
pep-high-hybrid-v1-s6-s6-bivariate-data-sa-046,S6,pep-high-s6-bivariate-data,short-answer,Foundation,bivariate-data,regression-through-means,22,22,pass,,OK
pep-high-hybrid-v1-s6-s6-bivariate-data-fi-047,S6,pep-high-s6-bivariate-data,fill-in,Challenge,bivariate-data,regression-residual,1,1,pass,,OK
pep-high-hybrid-v1-s6-s6-bivariate-data-mc-048,S6,pep-high-s6-bivariate-data,multiple-choice,Core,bivariate-data,linear-regression-prediction,5,5,pass,,OK
pep-high-hybrid-v1-s6-s6-bivariate-data-sa-049,S6,pep-high-s6-bivariate-data,short-answer,Exam,bivariate-data,regression-through-means,5,5,pass,,OK
pep-high-hybrid-v1-s6-s6-bivariate-data-fi-050,S6,pep-high-s6-bivariate-data,fill-in,Challenge,bivariate-data,regression-residual,1,1,pass,,OK
pep-high-hybrid-v1-s6-s6-bivariate-data-mc-051,S6,pep-high-s6-bivariate-data,multiple-choice,Core,bivariate-data,linear-regression-prediction,19,19,pass,,OK
pep-high-hybrid-v1-s6-s6-bivariate-data-sa-052,S6,pep-high-s6-bivariate-data,short-answer,Exam,bivariate-data,regression-through-means,7,7,pass,,OK
pep-high-hybrid-v1-s6-s6-bivariate-data-sa-053,S6,pep-high-s6-bivariate-data,short-answer,Challenge,bivariate-data,regression-through-means,17,17,pass,,OK
pep-high-hybrid-v1-s6-s6-bivariate-data-sa-054,S6,pep-high-s6-bivariate-data,short-answer,Core,bivariate-data,regression-through-means,11,11,pass,,OK
pep-high-hybrid-v1-s6-s6-bivariate-data-sa-055,S6,pep-high-s6-bivariate-data,short-answer,Exam,bivariate-data,regression-through-means,19,19,pass,,OK
pep-high-hybrid-v1-s6-s6-bivariate-data-sa-056,S6,pep-high-s6-bivariate-data,short-answer,Challenge,bivariate-data,regression-through-means,2,2,pass,,OK
pep-high-hybrid-v1-s6-s6-bivariate-data-sa-057,S6,pep-high-s6-bivariate-data,short-answer,Core,bivariate-data,regression-through-means,10,10,pass,,OK
pep-high-hybrid-v1-s6-s6-derivative-synthesis-sa-001,S6,pep-high-s6-derivative-synthesis,short-answer,Exam,derivative-synthesis,cubic-tangent-slope,6,6,pass,topic-balanced-s18-sample,OK
pep-high-hybrid-v1-s6-s6-derivative-synthesis-fi-002,S6,pep-high-s6-derivative-synthesis,fill-in,Challenge,derivative-synthesis,cubic-derivative-value,18,18,pass,topic-balanced-s18-sample,OK
pep-high-hybrid-v1-s6-s6-derivative-synthesis-mc-003,S6,pep-high-s6-derivative-synthesis,multiple-choice,Core,derivative-synthesis,cubic-critical-points,x=±√4,x=±√4,pass,topic-balanced-s18-sample,OK
pep-high-hybrid-v1-s6-s6-derivative-synthesis-sa-004,S6,pep-high-s6-derivative-synthesis,short-answer,Exam,derivative-synthesis,cubic-tangent-slope,-12,-12,pass,topic-balanced-s18-sample,OK
pep-high-hybrid-v1-s6-s6-derivative-synthesis-fi-005,S6,pep-high-s6-derivative-synthesis,fill-in,Challenge,derivative-synthesis,cubic-derivative-value,9,9,pass,topic-balanced-s18-sample,OK
pep-high-hybrid-v1-s6-s6-derivative-synthesis-mc-006,S6,pep-high-s6-derivative-synthesis,multiple-choice,Core,derivative-synthesis,cubic-critical-points,x=±√2,x=±√2,pass,topic-balanced-s18-sample,OK
pep-high-hybrid-v1-s6-s6-derivative-synthesis-sa-007,S6,pep-high-s6-derivative-synthesis,short-answer,Exam,derivative-synthesis,cubic-tangent-slope,39,39,pass,,OK
pep-high-hybrid-v1-s6-s6-derivative-synthesis-fi-008,S6,pep-high-s6-derivative-synthesis,fill-in,Challenge,derivative-synthesis,cubic-derivative-value,-9,-9,pass,topic-balanced-s18-sample,OK
pep-high-hybrid-v1-s6-s6-derivative-synthesis-mc-009,S6,pep-high-s6-derivative-synthesis,multiple-choice,Core,derivative-synthesis,cubic-critical-points,x=±√5,x=±√5,pass,topic-balanced-s18-sample,OK
pep-high-hybrid-v1-s6-s6-derivative-synthesis-sa-010,S6,pep-high-s6-derivative-synthesis,short-answer,Exam,derivative-synthesis,cubic-tangent-slope,24,24,pass,,OK
pep-high-hybrid-v1-s6-s6-derivative-synthesis-fi-011,S6,pep-high-s6-derivative-synthesis,fill-in,Challenge,derivative-synthesis,cubic-derivative-value,42,42,pass,topic-balanced-s18-sample,OK
pep-high-hybrid-v1-s6-s6-derivative-synthesis-mc-012,S6,pep-high-s6-derivative-synthesis,multiple-choice,Core,derivative-synthesis,cubic-critical-points,x=±√3,x=±√3,pass,topic-balanced-s18-sample,OK
pep-high-hybrid-v1-s6-s6-derivative-synthesis-sa-013,S6,pep-high-s6-derivative-synthesis,short-answer,Exam,derivative-synthesis,cubic-tangent-slope,0,0,pass,,OK
pep-high-hybrid-v1-s6-s6-derivative-synthesis-fi-014,S6,pep-high-s6-derivative-synthesis,fill-in,Challenge,derivative-synthesis,cubic-derivative-value,12,12,pass,,OK
pep-high-hybrid-v1-s6-s6-derivative-synthesis-mc-015,S6,pep-high-s6-derivative-synthesis,multiple-choice,Core,derivative-synthesis,cubic-critical-points,x=±1,x=±1,pass,,OK
pep-high-hybrid-v1-s6-s6-derivative-synthesis-sa-016,S6,pep-high-s6-derivative-synthesis,short-answer,Exam,derivative-synthesis,cubic-tangent-slope,-3,-3,pass,,OK
pep-high-hybrid-v1-s6-s6-derivative-synthesis-fi-017,S6,pep-high-s6-derivative-synthesis,fill-in,Challenge,derivative-synthesis,cubic-derivative-value,3,3,pass,,OK
pep-high-hybrid-v1-s6-s6-derivative-synthesis-mc-018,S6,pep-high-s6-derivative-synthesis,multiple-choice,Core,derivative-synthesis,cubic-critical-points,x=±√4,x=±√4,pass,,OK
pep-high-hybrid-v1-s6-s6-derivative-synthesis-sa-019,S6,pep-high-s6-derivative-synthesis,short-answer,Exam,derivative-synthesis,cubic-tangent-slope,33,33,pass,,OK
pep-high-hybrid-v1-s6-s6-derivative-synthesis-fi-020,S6,pep-high-s6-derivative-synthesis,fill-in,Challenge,derivative-synthesis,cubic-derivative-value,0,0,pass,,OK
pep-high-hybrid-v1-s6-s6-derivative-synthesis-mc-021,S6,pep-high-s6-derivative-synthesis,multiple-choice,Core,derivative-synthesis,cubic-critical-points,x=±√2,x=±√2,pass,,OK
pep-high-hybrid-v1-s6-s6-derivative-synthesis-sa-022,S6,pep-high-s6-derivative-synthesis,short-answer,Exam,derivative-synthesis,cubic-tangent-slope,18,18,pass,,OK
pep-high-hybrid-v1-s6-s6-derivative-synthesis-fi-023,S6,pep-high-s6-derivative-synthesis,fill-in,Challenge,derivative-synthesis,cubic-derivative-value,36,36,pass,,OK
pep-high-hybrid-v1-s6-s6-derivative-synthesis-mc-024,S6,pep-high-s6-derivative-synthesis,multiple-choice,Core,derivative-synthesis,cubic-critical-points,x=±√5,x=±√5,pass,,OK
pep-high-hybrid-v1-s6-s6-derivative-synthesis-sa-025,S6,pep-high-s6-derivative-synthesis,short-answer,Exam,derivative-synthesis,cubic-tangent-slope,9,9,pass,,OK
pep-high-hybrid-v1-s6-s6-derivative-synthesis-fi-026,S6,pep-high-s6-derivative-synthesis,fill-in,Challenge,derivative-synthesis,cubic-derivative-value,21,21,pass,,OK
pep-high-hybrid-v1-s6-s6-derivative-synthesis-mc-027,S6,pep-high-s6-derivative-synthesis,multiple-choice,Core,derivative-synthesis,cubic-critical-points,x=±√3,x=±√3,pass,,OK
pep-high-hybrid-v1-s6-s6-derivative-synthesis-sa-028,S6,pep-high-s6-derivative-synthesis,short-answer,Exam,derivative-synthesis,cubic-tangent-slope,-9,-9,pass,,OK
pep-high-hybrid-v1-s6-s6-derivative-synthesis-fi-029,S6,pep-high-s6-derivative-synthesis,fill-in,Challenge,derivative-synthesis,cubic-derivative-value,-3,-3,pass,,OK
pep-high-hybrid-v1-s6-s6-derivative-synthesis-mc-030,S6,pep-high-s6-derivative-synthesis,multiple-choice,Core,derivative-synthesis,cubic-critical-points,x=±1,x=±1,pass,,OK
pep-high-hybrid-v1-s6-s6-derivative-synthesis-sa-031,S6,pep-high-s6-derivative-synthesis,short-answer,Exam,derivative-synthesis,cubic-tangent-slope,42,42,pass,,OK
pep-high-hybrid-v1-s6-s6-derivative-synthesis-fi-032,S6,pep-high-s6-derivative-synthesis,fill-in,Challenge,derivative-synthesis,cubic-derivative-value,-6,-6,pass,,OK
pep-high-hybrid-v1-s6-s6-derivative-synthesis-mc-033,S6,pep-high-s6-derivative-synthesis,multiple-choice,Core,derivative-synthesis,cubic-critical-points,x=±√4,x=±√4,pass,,OK
pep-high-hybrid-v1-s6-s6-derivative-synthesis-sa-034,S6,pep-high-s6-derivative-synthesis,short-answer,Exam,derivative-synthesis,cubic-tangent-slope,12,12,pass,,OK
pep-high-hybrid-v1-s6-s6-derivative-synthesis-fi-035,S6,pep-high-s6-derivative-synthesis,fill-in,Challenge,derivative-synthesis,cubic-derivative-value,45,45,pass,,OK
pep-high-hybrid-v1-s6-s6-derivative-synthesis-mc-036,S6,pep-high-s6-derivative-synthesis,multiple-choice,Core,derivative-synthesis,cubic-critical-points,x=±√2,x=±√2,pass,,OK
pep-high-hybrid-v1-s6-s6-derivative-synthesis-sa-037,S6,pep-high-s6-derivative-synthesis,short-answer,Exam,derivative-synthesis,cubic-tangent-slope,3,3,pass,,OK
pep-high-hybrid-v1-s6-s6-derivative-synthesis-fi-038,S6,pep-high-s6-derivative-synthesis,fill-in,Challenge,derivative-synthesis,cubic-derivative-value,15,15,pass,,OK
pep-high-hybrid-v1-s6-s6-derivative-synthesis-mc-039,S6,pep-high-s6-derivative-synthesis,multiple-choice,Core,derivative-synthesis,cubic-critical-points,x=±√5,x=±√5,pass,,OK
pep-high-hybrid-v1-s6-s6-derivative-synthesis-sa-040,S6,pep-high-s6-derivative-synthesis,short-answer,Exam,derivative-synthesis,cubic-tangent-slope,0,0,pass,,OK
pep-high-hybrid-v1-s6-s6-derivative-synthesis-fi-041,S6,pep-high-s6-derivative-synthesis,fill-in,Challenge,derivative-synthesis,cubic-derivative-value,6,6,pass,,OK
pep-high-hybrid-v1-s6-s6-derivative-synthesis-mc-042,S6,pep-high-s6-derivative-synthesis,multiple-choice,Core,derivative-synthesis,cubic-critical-points,x=±√3,x=±√3,pass,,OK
pep-high-hybrid-v1-s6-s6-derivative-synthesis-sa-043,S6,pep-high-s6-derivative-synthesis,short-answer,Exam,derivative-synthesis,cubic-tangent-slope,36,36,pass,,OK
pep-high-hybrid-v1-s6-s6-derivative-synthesis-fi-044,S6,pep-high-s6-derivative-synthesis,fill-in,Challenge,derivative-synthesis,cubic-derivative-value,-12,-12,pass,,OK
pep-high-hybrid-v1-s6-s6-derivative-synthesis-mc-045,S6,pep-high-s6-derivative-synthesis,multiple-choice,Core,derivative-synthesis,cubic-critical-points,x=±1,x=±1,pass,,OK
pep-high-hybrid-v1-s6-s6-derivative-synthesis-sa-046,S6,pep-high-s6-derivative-synthesis,short-answer,Exam,derivative-synthesis,cubic-tangent-slope,21,21,pass,,OK
pep-high-hybrid-v1-s6-s6-derivative-synthesis-fi-047,S6,pep-high-s6-derivative-synthesis,fill-in,Challenge,derivative-synthesis,cubic-derivative-value,39,39,pass,,OK
pep-high-hybrid-v1-s6-s6-derivative-synthesis-mc-048,S6,pep-high-s6-derivative-synthesis,multiple-choice,Core,derivative-synthesis,cubic-critical-points,x=±√4,x=±√4,pass,,OK
pep-high-hybrid-v1-s6-s6-derivative-synthesis-sa-049,S6,pep-high-s6-derivative-synthesis,short-answer,Exam,derivative-synthesis,cubic-tangent-slope,-3,-3,pass,,OK
pep-high-hybrid-v1-s6-s6-derivative-synthesis-fi-050,S6,pep-high-s6-derivative-synthesis,fill-in,Challenge,derivative-synthesis,cubic-derivative-value,24,24,pass,,OK
pep-high-hybrid-v1-s6-s6-derivative-synthesis-mc-051,S6,pep-high-s6-derivative-synthesis,multiple-choice,Core,derivative-synthesis,cubic-critical-points,x=±√2,x=±√2,pass,,OK
pep-high-hybrid-v1-s6-s6-derivative-synthesis-sa-052,S6,pep-high-s6-derivative-synthesis,short-answer,Exam,derivative-synthesis,cubic-tangent-slope,-6,-6,pass,,OK
pep-high-hybrid-v1-s6-s6-derivative-synthesis-sa-053,S6,pep-high-s6-derivative-synthesis,short-answer,Challenge,derivative-synthesis,cubic-tangent-slope,0,0,pass,,OK
pep-high-hybrid-v1-s6-s6-derivative-synthesis-sa-054,S6,pep-high-s6-derivative-synthesis,short-answer,Core,derivative-synthesis,cubic-tangent-slope,12,12,pass,,OK
pep-high-hybrid-v1-s6-s6-derivative-synthesis-sa-055,S6,pep-high-s6-derivative-synthesis,short-answer,Exam,derivative-synthesis,cubic-tangent-slope,45,45,pass,,OK
pep-high-hybrid-v1-s6-s6-derivative-synthesis-sa-056,S6,pep-high-s6-derivative-synthesis,short-answer,Challenge,derivative-synthesis,cubic-tangent-slope,-3,-3,pass,,OK
pep-high-hybrid-v1-s6-s6-derivative-synthesis-sa-057,S6,pep-high-s6-derivative-synthesis,short-answer,Core,derivative-synthesis,cubic-tangent-slope,3,3,pass,,OK
pep-high-hybrid-v1-s6-s6-analytic-geometry-synthesis-sa-001,S6,pep-high-s6-analytic-geometry-synthesis,short-answer,Exam,analytic-geometry-synthesis,circle-standard-equation,(x+1)^2+(y+1)^2=9,(x+1)^2+(y+1)^2=9,pass,topic-balanced-s18-sample,OK
pep-high-hybrid-v1-s6-s6-analytic-geometry-synthesis-fi-002,S6,pep-high-s6-analytic-geometry-synthesis,fill-in,Challenge,analytic-geometry-synthesis,center-to-vertical-line-distance,4,4,pass,topic-balanced-s18-sample,OK
pep-high-hybrid-v1-s6-s6-analytic-geometry-synthesis-mc-003,S6,pep-high-s6-analytic-geometry-synthesis,multiple-choice,Core,analytic-geometry-synthesis,circle-tangent-line,6,6,pass,topic-balanced-s18-sample,OK
pep-high-hybrid-v1-s6-s6-analytic-geometry-synthesis-sa-004,S6,pep-high-s6-analytic-geometry-synthesis,short-answer,Exam,analytic-geometry-synthesis,circle-standard-equation,(x-2)^2+(y-2)^2=4,(x-2)^2+(y-2)^2=4,pass,topic-balanced-s18-sample,OK
pep-high-hybrid-v1-s6-s6-analytic-geometry-synthesis-fi-005,S6,pep-high-s6-analytic-geometry-synthesis,fill-in,Challenge,analytic-geometry-synthesis,center-to-vertical-line-distance,3,3,pass,topic-balanced-s18-sample,OK
pep-high-hybrid-v1-s6-s6-analytic-geometry-synthesis-mc-006,S6,pep-high-s6-analytic-geometry-synthesis,multiple-choice,Core,analytic-geometry-synthesis,circle-tangent-line,3,3,pass,topic-balanced-s18-sample,OK
pep-high-hybrid-v1-s6-s6-analytic-geometry-synthesis-sa-007,S6,pep-high-s6-analytic-geometry-synthesis,short-answer,Exam,analytic-geometry-synthesis,circle-standard-equation,(x+0)^2+(y+1)^2=25,(x+0)^2+(y+1)^2=25,pass,,OK
pep-high-hybrid-v1-s6-s6-analytic-geometry-synthesis-fi-008,S6,pep-high-s6-analytic-geometry-synthesis,fill-in,Challenge,analytic-geometry-synthesis,center-to-vertical-line-distance,2,2,pass,topic-balanced-s18-sample,OK
pep-high-hybrid-v1-s6-s6-analytic-geometry-synthesis-mc-009,S6,pep-high-s6-analytic-geometry-synthesis,multiple-choice,Core,analytic-geometry-synthesis,circle-tangent-line,5,5,pass,topic-balanced-s18-sample,OK
pep-high-hybrid-v1-s6-s6-analytic-geometry-synthesis-sa-010,S6,pep-high-s6-analytic-geometry-synthesis,short-answer,Exam,analytic-geometry-synthesis,circle-standard-equation,(x+2)^2+(y-2)^2=16,(x+2)^2+(y-2)^2=16,pass,,OK
pep-high-hybrid-v1-s6-s6-analytic-geometry-synthesis-fi-011,S6,pep-high-s6-analytic-geometry-synthesis,fill-in,Challenge,analytic-geometry-synthesis,center-to-vertical-line-distance,5,5,pass,topic-balanced-s18-sample,OK
pep-high-hybrid-v1-s6-s6-analytic-geometry-synthesis-mc-012,S6,pep-high-s6-analytic-geometry-synthesis,multiple-choice,Core,analytic-geometry-synthesis,circle-tangent-line,2,2,pass,topic-balanced-s18-sample,OK
pep-high-hybrid-v1-s6-s6-analytic-geometry-synthesis-sa-013,S6,pep-high-s6-analytic-geometry-synthesis,short-answer,Exam,analytic-geometry-synthesis,circle-standard-equation,(x-1)^2+(y+1)^2=9,(x-1)^2+(y+1)^2=9,pass,,OK
pep-high-hybrid-v1-s6-s6-analytic-geometry-synthesis-fi-014,S6,pep-high-s6-analytic-geometry-synthesis,fill-in,Challenge,analytic-geometry-synthesis,center-to-vertical-line-distance,4,4,pass,,OK
pep-high-hybrid-v1-s6-s6-analytic-geometry-synthesis-mc-015,S6,pep-high-s6-analytic-geometry-synthesis,multiple-choice,Core,analytic-geometry-synthesis,circle-tangent-line,3,3,pass,,OK
pep-high-hybrid-v1-s6-s6-analytic-geometry-synthesis-sa-016,S6,pep-high-s6-analytic-geometry-synthesis,short-answer,Exam,analytic-geometry-synthesis,circle-standard-equation,(x+1)^2+(y-2)^2=4,(x+1)^2+(y-2)^2=4,pass,,OK
pep-high-hybrid-v1-s6-s6-analytic-geometry-synthesis-fi-017,S6,pep-high-s6-analytic-geometry-synthesis,fill-in,Challenge,analytic-geometry-synthesis,center-to-vertical-line-distance,3,3,pass,,OK
pep-high-hybrid-v1-s6-s6-analytic-geometry-synthesis-mc-018,S6,pep-high-s6-analytic-geometry-synthesis,multiple-choice,Core,analytic-geometry-synthesis,circle-tangent-line,5,5,pass,,OK
pep-high-hybrid-v1-s6-s6-analytic-geometry-synthesis-sa-019,S6,pep-high-s6-analytic-geometry-synthesis,short-answer,Exam,analytic-geometry-synthesis,circle-standard-equation,(x-2)^2+(y+1)^2=25,(x-2)^2+(y+1)^2=25,pass,,OK
pep-high-hybrid-v1-s6-s6-analytic-geometry-synthesis-fi-020,S6,pep-high-s6-analytic-geometry-synthesis,fill-in,Challenge,analytic-geometry-synthesis,center-to-vertical-line-distance,2,2,pass,,OK
pep-high-hybrid-v1-s6-s6-analytic-geometry-synthesis-mc-021,S6,pep-high-s6-analytic-geometry-synthesis,multiple-choice,Core,analytic-geometry-synthesis,circle-tangent-line,2,2,pass,,OK
pep-high-hybrid-v1-s6-s6-analytic-geometry-synthesis-sa-022,S6,pep-high-s6-analytic-geometry-synthesis,short-answer,Exam,analytic-geometry-synthesis,circle-standard-equation,(x+0)^2+(y-2)^2=16,(x+0)^2+(y-2)^2=16,pass,,OK
pep-high-hybrid-v1-s6-s6-analytic-geometry-synthesis-fi-023,S6,pep-high-s6-analytic-geometry-synthesis,fill-in,Challenge,analytic-geometry-synthesis,center-to-vertical-line-distance,5,5,pass,,OK
pep-high-hybrid-v1-s6-s6-analytic-geometry-synthesis-mc-024,S6,pep-high-s6-analytic-geometry-synthesis,multiple-choice,Core,analytic-geometry-synthesis,circle-tangent-line,4,4,pass,,OK
pep-high-hybrid-v1-s6-s6-analytic-geometry-synthesis-sa-025,S6,pep-high-s6-analytic-geometry-synthesis,short-answer,Exam,analytic-geometry-synthesis,circle-standard-equation,(x+2)^2+(y+1)^2=9,(x+2)^2+(y+1)^2=9,pass,,OK
pep-high-hybrid-v1-s6-s6-analytic-geometry-synthesis-fi-026,S6,pep-high-s6-analytic-geometry-synthesis,fill-in,Challenge,analytic-geometry-synthesis,center-to-vertical-line-distance,4,4,pass,,OK
pep-high-hybrid-v1-s6-s6-analytic-geometry-synthesis-mc-027,S6,pep-high-s6-analytic-geometry-synthesis,multiple-choice,Core,analytic-geometry-synthesis,circle-tangent-line,5,5,pass,,OK
pep-high-hybrid-v1-s6-s6-analytic-geometry-synthesis-sa-028,S6,pep-high-s6-analytic-geometry-synthesis,short-answer,Exam,analytic-geometry-synthesis,circle-standard-equation,(x-1)^2+(y-2)^2=4,(x-1)^2+(y-2)^2=4,pass,,OK
pep-high-hybrid-v1-s6-s6-analytic-geometry-synthesis-fi-029,S6,pep-high-s6-analytic-geometry-synthesis,fill-in,Challenge,analytic-geometry-synthesis,center-to-vertical-line-distance,3,3,pass,,OK
pep-high-hybrid-v1-s6-s6-analytic-geometry-synthesis-mc-030,S6,pep-high-s6-analytic-geometry-synthesis,multiple-choice,Core,analytic-geometry-synthesis,circle-tangent-line,2,2,pass,,OK
pep-high-hybrid-v1-s6-s6-analytic-geometry-synthesis-sa-031,S6,pep-high-s6-analytic-geometry-synthesis,short-answer,Exam,analytic-geometry-synthesis,circle-standard-equation,(x+1)^2+(y+1)^2=25,(x+1)^2+(y+1)^2=25,pass,,OK
pep-high-hybrid-v1-s6-s6-analytic-geometry-synthesis-fi-032,S6,pep-high-s6-analytic-geometry-synthesis,fill-in,Challenge,analytic-geometry-synthesis,center-to-vertical-line-distance,2,2,pass,,OK
pep-high-hybrid-v1-s6-s6-analytic-geometry-synthesis-mc-033,S6,pep-high-s6-analytic-geometry-synthesis,multiple-choice,Core,analytic-geometry-synthesis,circle-tangent-line,4,4,pass,,OK
pep-high-hybrid-v1-s6-s6-analytic-geometry-synthesis-sa-034,S6,pep-high-s6-analytic-geometry-synthesis,short-answer,Exam,analytic-geometry-synthesis,circle-standard-equation,(x-2)^2+(y-2)^2=16,(x-2)^2+(y-2)^2=16,pass,,OK
pep-high-hybrid-v1-s6-s6-analytic-geometry-synthesis-fi-035,S6,pep-high-s6-analytic-geometry-synthesis,fill-in,Challenge,analytic-geometry-synthesis,center-to-vertical-line-distance,5,5,pass,,OK
pep-high-hybrid-v1-s6-s6-analytic-geometry-synthesis-mc-036,S6,pep-high-s6-analytic-geometry-synthesis,multiple-choice,Core,analytic-geometry-synthesis,circle-tangent-line,1,1,pass,,OK
pep-high-hybrid-v1-s6-s6-analytic-geometry-synthesis-sa-037,S6,pep-high-s6-analytic-geometry-synthesis,short-answer,Exam,analytic-geometry-synthesis,circle-standard-equation,(x+0)^2+(y+1)^2=9,(x+0)^2+(y+1)^2=9,pass,,OK
pep-high-hybrid-v1-s6-s6-analytic-geometry-synthesis-fi-038,S6,pep-high-s6-analytic-geometry-synthesis,fill-in,Challenge,analytic-geometry-synthesis,center-to-vertical-line-distance,4,4,pass,,OK
pep-high-hybrid-v1-s6-s6-analytic-geometry-synthesis-mc-039,S6,pep-high-s6-analytic-geometry-synthesis,multiple-choice,Core,analytic-geometry-synthesis,circle-tangent-line,7,7,pass,,OK
pep-high-hybrid-v1-s6-s6-analytic-geometry-synthesis-sa-040,S6,pep-high-s6-analytic-geometry-synthesis,short-answer,Exam,analytic-geometry-synthesis,circle-standard-equation,(x+2)^2+(y-2)^2=4,(x+2)^2+(y-2)^2=4,pass,,OK
pep-high-hybrid-v1-s6-s6-analytic-geometry-synthesis-fi-041,S6,pep-high-s6-analytic-geometry-synthesis,fill-in,Challenge,analytic-geometry-synthesis,center-to-vertical-line-distance,3,3,pass,,OK
pep-high-hybrid-v1-s6-s6-analytic-geometry-synthesis-mc-042,S6,pep-high-s6-analytic-geometry-synthesis,multiple-choice,Core,analytic-geometry-synthesis,circle-tangent-line,4,4,pass,,OK
pep-high-hybrid-v1-s6-s6-analytic-geometry-synthesis-sa-043,S6,pep-high-s6-analytic-geometry-synthesis,short-answer,Exam,analytic-geometry-synthesis,circle-standard-equation,(x-1)^2+(y+1)^2=25,(x-1)^2+(y+1)^2=25,pass,,OK
pep-high-hybrid-v1-s6-s6-analytic-geometry-synthesis-fi-044,S6,pep-high-s6-analytic-geometry-synthesis,fill-in,Challenge,analytic-geometry-synthesis,center-to-vertical-line-distance,2,2,pass,,OK
pep-high-hybrid-v1-s6-s6-analytic-geometry-synthesis-mc-045,S6,pep-high-s6-analytic-geometry-synthesis,multiple-choice,Core,analytic-geometry-synthesis,circle-tangent-line,1,1,pass,,OK
pep-high-hybrid-v1-s6-s6-analytic-geometry-synthesis-sa-046,S6,pep-high-s6-analytic-geometry-synthesis,short-answer,Exam,analytic-geometry-synthesis,circle-standard-equation,(x+1)^2+(y-2)^2=16,(x+1)^2+(y-2)^2=16,pass,,OK
pep-high-hybrid-v1-s6-s6-analytic-geometry-synthesis-fi-047,S6,pep-high-s6-analytic-geometry-synthesis,fill-in,Challenge,analytic-geometry-synthesis,center-to-vertical-line-distance,5,5,pass,,OK
pep-high-hybrid-v1-s6-s6-analytic-geometry-synthesis-mc-048,S6,pep-high-s6-analytic-geometry-synthesis,multiple-choice,Core,analytic-geometry-synthesis,circle-tangent-line,3,3,pass,,OK
pep-high-hybrid-v1-s6-s6-analytic-geometry-synthesis-sa-049,S6,pep-high-s6-analytic-geometry-synthesis,short-answer,Exam,analytic-geometry-synthesis,circle-standard-equation,(x-2)^2+(y+1)^2=9,(x-2)^2+(y+1)^2=9,pass,,OK
pep-high-hybrid-v1-s6-s6-analytic-geometry-synthesis-fi-050,S6,pep-high-s6-analytic-geometry-synthesis,fill-in,Challenge,analytic-geometry-synthesis,center-to-vertical-line-distance,4,4,pass,,OK
pep-high-hybrid-v1-s6-s6-analytic-geometry-synthesis-mc-051,S6,pep-high-s6-analytic-geometry-synthesis,multiple-choice,Core,analytic-geometry-synthesis,circle-tangent-line,4,4,pass,,OK
pep-high-hybrid-v1-s6-s6-analytic-geometry-synthesis-sa-052,S6,pep-high-s6-analytic-geometry-synthesis,short-answer,Exam,analytic-geometry-synthesis,circle-standard-equation,(x+0)^2+(y-2)^2=4,(x+0)^2+(y-2)^2=4,pass,,OK
pep-high-hybrid-v1-s6-s6-analytic-geometry-synthesis-sa-053,S6,pep-high-s6-analytic-geometry-synthesis,short-answer,Challenge,analytic-geometry-synthesis,circle-standard-equation,(x-1)^2+(y-3)^2=9,(x-1)^2+(y-3)^2=9,pass,,OK
pep-high-hybrid-v1-s6-s6-analytic-geometry-synthesis-sa-054,S6,pep-high-s6-analytic-geometry-synthesis,short-answer,Core,analytic-geometry-synthesis,circle-standard-equation,(x-2)^2+(y+2)^2=16,(x-2)^2+(y+2)^2=16,pass,,OK
pep-high-hybrid-v1-s6-s6-analytic-geometry-synthesis-sa-055,S6,pep-high-s6-analytic-geometry-synthesis,short-answer,Exam,analytic-geometry-synthesis,circle-standard-equation,(x+2)^2+(y+1)^2=25,(x+2)^2+(y+1)^2=25,pass,,OK
pep-high-hybrid-v1-s6-s6-analytic-geometry-synthesis-sa-056,S6,pep-high-s6-analytic-geometry-synthesis,short-answer,Challenge,analytic-geometry-synthesis,circle-standard-equation,(x+1)^2+(y+0)^2=4,(x+1)^2+(y+0)^2=4,pass,,OK
pep-high-hybrid-v1-s6-s6-analytic-geometry-synthesis-sa-057,S6,pep-high-s6-analytic-geometry-synthesis,short-answer,Core,analytic-geometry-synthesis,circle-standard-equation,(x+0)^2+(y-1)^2=9,(x+0)^2+(y-1)^2=9,pass,,OK
pep-high-hybrid-v1-s6-s6-probability-statistics-synthesis-sa-001,S6,pep-high-s6-probability-statistics-synthesis,short-answer,Exam,probability-statistics-synthesis,frequency-interpretation,2/3,2/3,pass,topic-balanced-s18-sample,OK
pep-high-hybrid-v1-s6-s6-probability-statistics-synthesis-fi-002,S6,pep-high-s6-probability-statistics-synthesis,fill-in,Challenge,probability-statistics-synthesis,binomial-expected-value,5/3,5/3,pass,topic-balanced-s18-sample,OK
pep-high-hybrid-v1-s6-s6-probability-statistics-synthesis-mc-003,S6,pep-high-s6-probability-statistics-synthesis,multiple-choice,Core,probability-statistics-synthesis,binomial-one-success,4/243,4/243,pass,topic-balanced-s18-sample,OK
pep-high-hybrid-v1-s6-s6-probability-statistics-synthesis-sa-004,S6,pep-high-s6-probability-statistics-synthesis,short-answer,Exam,probability-statistics-synthesis,frequency-interpretation,1/3,1/3,pass,topic-balanced-s18-sample,OK
pep-high-hybrid-v1-s6-s6-probability-statistics-synthesis-fi-005,S6,pep-high-s6-probability-statistics-synthesis,fill-in,Challenge,probability-statistics-synthesis,binomial-expected-value,8/3,8/3,pass,topic-balanced-s18-sample,OK
pep-high-hybrid-v1-s6-s6-probability-statistics-synthesis-mc-006,S6,pep-high-s6-probability-statistics-synthesis,multiple-choice,Core,probability-statistics-synthesis,binomial-one-success,80/243,80/243,pass,topic-balanced-s18-sample,OK
pep-high-hybrid-v1-s6-s6-probability-statistics-synthesis-sa-007,S6,pep-high-s6-probability-statistics-synthesis,short-answer,Exam,probability-statistics-synthesis,frequency-interpretation,2/3,2/3,pass,,OK
pep-high-hybrid-v1-s6-s6-probability-statistics-synthesis-fi-008,S6,pep-high-s6-probability-statistics-synthesis,fill-in,Challenge,probability-statistics-synthesis,binomial-expected-value,1,1,pass,topic-balanced-s18-sample,OK
pep-high-hybrid-v1-s6-s6-probability-statistics-synthesis-mc-009,S6,pep-high-s6-probability-statistics-synthesis,multiple-choice,Core,probability-statistics-synthesis,binomial-one-success,8/81,8/81,pass,topic-balanced-s18-sample,OK
pep-high-hybrid-v1-s6-s6-probability-statistics-synthesis-sa-010,S6,pep-high-s6-probability-statistics-synthesis,short-answer,Exam,probability-statistics-synthesis,frequency-interpretation,1/3,1/3,pass,,OK
pep-high-hybrid-v1-s6-s6-probability-statistics-synthesis-fi-011,S6,pep-high-s6-probability-statistics-synthesis,fill-in,Challenge,probability-statistics-synthesis,binomial-expected-value,4,4,pass,topic-balanced-s18-sample,OK
pep-high-hybrid-v1-s6-s6-probability-statistics-synthesis-mc-012,S6,pep-high-s6-probability-statistics-synthesis,multiple-choice,Core,probability-statistics-synthesis,binomial-one-success,4/9,4/9,pass,topic-balanced-s18-sample,OK
pep-high-hybrid-v1-s6-s6-probability-statistics-synthesis-sa-013,S6,pep-high-s6-probability-statistics-synthesis,short-answer,Exam,probability-statistics-synthesis,frequency-interpretation,2/3,2/3,pass,,OK
pep-high-hybrid-v1-s6-s6-probability-statistics-synthesis-fi-014,S6,pep-high-s6-probability-statistics-synthesis,fill-in,Challenge,probability-statistics-synthesis,binomial-expected-value,5/3,5/3,pass,,OK
pep-high-hybrid-v1-s6-s6-probability-statistics-synthesis-mc-015,S6,pep-high-s6-probability-statistics-synthesis,multiple-choice,Core,probability-statistics-synthesis,binomial-one-success,4/243,4/243,pass,,OK
pep-high-hybrid-v1-s6-s6-probability-statistics-synthesis-sa-016,S6,pep-high-s6-probability-statistics-synthesis,short-answer,Exam,probability-statistics-synthesis,frequency-interpretation,1/3,1/3,pass,,OK
pep-high-hybrid-v1-s6-s6-probability-statistics-synthesis-fi-017,S6,pep-high-s6-probability-statistics-synthesis,fill-in,Challenge,probability-statistics-synthesis,binomial-expected-value,8/3,8/3,pass,,OK
pep-high-hybrid-v1-s6-s6-probability-statistics-synthesis-mc-018,S6,pep-high-s6-probability-statistics-synthesis,multiple-choice,Core,probability-statistics-synthesis,binomial-one-success,80/243,80/243,pass,,OK
pep-high-hybrid-v1-s6-s6-probability-statistics-synthesis-sa-019,S6,pep-high-s6-probability-statistics-synthesis,short-answer,Exam,probability-statistics-synthesis,frequency-interpretation,2/3,2/3,pass,,OK
pep-high-hybrid-v1-s6-s6-probability-statistics-synthesis-fi-020,S6,pep-high-s6-probability-statistics-synthesis,fill-in,Challenge,probability-statistics-synthesis,binomial-expected-value,1,1,pass,,OK
pep-high-hybrid-v1-s6-s6-probability-statistics-synthesis-mc-021,S6,pep-high-s6-probability-statistics-synthesis,multiple-choice,Core,probability-statistics-synthesis,binomial-one-success,8/81,8/81,pass,,OK
pep-high-hybrid-v1-s6-s6-probability-statistics-synthesis-sa-022,S6,pep-high-s6-probability-statistics-synthesis,short-answer,Exam,probability-statistics-synthesis,frequency-interpretation,1/3,1/3,pass,,OK
pep-high-hybrid-v1-s6-s6-probability-statistics-synthesis-fi-023,S6,pep-high-s6-probability-statistics-synthesis,fill-in,Challenge,probability-statistics-synthesis,binomial-expected-value,4,4,pass,,OK
pep-high-hybrid-v1-s6-s6-probability-statistics-synthesis-mc-024,S6,pep-high-s6-probability-statistics-synthesis,multiple-choice,Core,probability-statistics-synthesis,binomial-one-success,4/9,4/9,pass,,OK
pep-high-hybrid-v1-s6-s6-probability-statistics-synthesis-sa-025,S6,pep-high-s6-probability-statistics-synthesis,short-answer,Exam,probability-statistics-synthesis,frequency-interpretation,2/3,2/3,pass,,OK
pep-high-hybrid-v1-s6-s6-probability-statistics-synthesis-fi-026,S6,pep-high-s6-probability-statistics-synthesis,fill-in,Challenge,probability-statistics-synthesis,binomial-expected-value,5/3,5/3,pass,,OK
pep-high-hybrid-v1-s6-s6-probability-statistics-synthesis-mc-027,S6,pep-high-s6-probability-statistics-synthesis,multiple-choice,Core,probability-statistics-synthesis,binomial-one-success,4/243,4/243,pass,,OK
pep-high-hybrid-v1-s6-s6-probability-statistics-synthesis-sa-028,S6,pep-high-s6-probability-statistics-synthesis,short-answer,Exam,probability-statistics-synthesis,frequency-interpretation,1/3,1/3,pass,,OK
pep-high-hybrid-v1-s6-s6-probability-statistics-synthesis-fi-029,S6,pep-high-s6-probability-statistics-synthesis,fill-in,Challenge,probability-statistics-synthesis,binomial-expected-value,8/3,8/3,pass,,OK
pep-high-hybrid-v1-s6-s6-probability-statistics-synthesis-mc-030,S6,pep-high-s6-probability-statistics-synthesis,multiple-choice,Core,probability-statistics-synthesis,binomial-one-success,80/243,80/243,pass,,OK
pep-high-hybrid-v1-s6-s6-probability-statistics-synthesis-sa-031,S6,pep-high-s6-probability-statistics-synthesis,short-answer,Exam,probability-statistics-synthesis,frequency-interpretation,2/3,2/3,pass,,OK
pep-high-hybrid-v1-s6-s6-probability-statistics-synthesis-fi-032,S6,pep-high-s6-probability-statistics-synthesis,fill-in,Challenge,probability-statistics-synthesis,binomial-expected-value,1,1,pass,,OK
pep-high-hybrid-v1-s6-s6-probability-statistics-synthesis-mc-033,S6,pep-high-s6-probability-statistics-synthesis,multiple-choice,Core,probability-statistics-synthesis,binomial-one-success,8/81,8/81,pass,,OK
pep-high-hybrid-v1-s6-s6-probability-statistics-synthesis-sa-034,S6,pep-high-s6-probability-statistics-synthesis,short-answer,Exam,probability-statistics-synthesis,frequency-interpretation,1/3,1/3,pass,,OK
pep-high-hybrid-v1-s6-s6-probability-statistics-synthesis-fi-035,S6,pep-high-s6-probability-statistics-synthesis,fill-in,Challenge,probability-statistics-synthesis,binomial-expected-value,4,4,pass,,OK
pep-high-hybrid-v1-s6-s6-probability-statistics-synthesis-mc-036,S6,pep-high-s6-probability-statistics-synthesis,multiple-choice,Core,probability-statistics-synthesis,binomial-one-success,4/9,4/9,pass,,OK
pep-high-hybrid-v1-s6-s6-probability-statistics-synthesis-sa-037,S6,pep-high-s6-probability-statistics-synthesis,short-answer,Exam,probability-statistics-synthesis,frequency-interpretation,2/3,2/3,pass,,OK
pep-high-hybrid-v1-s6-s6-probability-statistics-synthesis-fi-038,S6,pep-high-s6-probability-statistics-synthesis,fill-in,Challenge,probability-statistics-synthesis,binomial-expected-value,5/3,5/3,pass,,OK
pep-high-hybrid-v1-s6-s6-probability-statistics-synthesis-mc-039,S6,pep-high-s6-probability-statistics-synthesis,multiple-choice,Core,probability-statistics-synthesis,binomial-one-success,4/243,4/243,pass,,OK
pep-high-hybrid-v1-s6-s6-probability-statistics-synthesis-sa-040,S6,pep-high-s6-probability-statistics-synthesis,short-answer,Exam,probability-statistics-synthesis,frequency-interpretation,1/3,1/3,pass,,OK
pep-high-hybrid-v1-s6-s6-probability-statistics-synthesis-fi-041,S6,pep-high-s6-probability-statistics-synthesis,fill-in,Challenge,probability-statistics-synthesis,binomial-expected-value,8/3,8/3,pass,,OK
pep-high-hybrid-v1-s6-s6-probability-statistics-synthesis-mc-042,S6,pep-high-s6-probability-statistics-synthesis,multiple-choice,Core,probability-statistics-synthesis,binomial-one-success,80/243,80/243,pass,,OK
pep-high-hybrid-v1-s6-s6-probability-statistics-synthesis-sa-043,S6,pep-high-s6-probability-statistics-synthesis,short-answer,Exam,probability-statistics-synthesis,frequency-interpretation,2/3,2/3,pass,,OK
pep-high-hybrid-v1-s6-s6-probability-statistics-synthesis-fi-044,S6,pep-high-s6-probability-statistics-synthesis,fill-in,Challenge,probability-statistics-synthesis,binomial-expected-value,1,1,pass,,OK
pep-high-hybrid-v1-s6-s6-probability-statistics-synthesis-mc-045,S6,pep-high-s6-probability-statistics-synthesis,multiple-choice,Core,probability-statistics-synthesis,binomial-one-success,8/81,8/81,pass,,OK
pep-high-hybrid-v1-s6-s6-probability-statistics-synthesis-sa-046,S6,pep-high-s6-probability-statistics-synthesis,short-answer,Exam,probability-statistics-synthesis,frequency-interpretation,1/3,1/3,pass,,OK
pep-high-hybrid-v1-s6-s6-probability-statistics-synthesis-fi-047,S6,pep-high-s6-probability-statistics-synthesis,fill-in,Challenge,probability-statistics-synthesis,binomial-expected-value,4,4,pass,,OK
pep-high-hybrid-v1-s6-s6-probability-statistics-synthesis-mc-048,S6,pep-high-s6-probability-statistics-synthesis,multiple-choice,Core,probability-statistics-synthesis,binomial-one-success,4/9,4/9,pass,,OK
pep-high-hybrid-v1-s6-s6-probability-statistics-synthesis-sa-049,S6,pep-high-s6-probability-statistics-synthesis,short-answer,Exam,probability-statistics-synthesis,frequency-interpretation,2/3,2/3,pass,,OK
pep-high-hybrid-v1-s6-s6-probability-statistics-synthesis-fi-050,S6,pep-high-s6-probability-statistics-synthesis,fill-in,Challenge,probability-statistics-synthesis,binomial-expected-value,5/3,5/3,pass,,OK
pep-high-hybrid-v1-s6-s6-probability-statistics-synthesis-mc-051,S6,pep-high-s6-probability-statistics-synthesis,multiple-choice,Core,probability-statistics-synthesis,binomial-one-success,4/243,4/243,pass,,OK
pep-high-hybrid-v1-s6-s6-probability-statistics-synthesis-sa-052,S6,pep-high-s6-probability-statistics-synthesis,short-answer,Exam,probability-statistics-synthesis,frequency-interpretation,1/3,1/3,pass,,OK
pep-high-hybrid-v1-s6-s6-probability-statistics-synthesis-sa-053,S6,pep-high-s6-probability-statistics-synthesis,short-answer,Challenge,probability-statistics-synthesis,frequency-interpretation,2/3,2/3,pass,,OK
pep-high-hybrid-v1-s6-s6-probability-statistics-synthesis-sa-054,S6,pep-high-s6-probability-statistics-synthesis,short-answer,Core,probability-statistics-synthesis,frequency-interpretation,1/3,1/3,pass,,OK
pep-high-hybrid-v1-s6-s6-probability-statistics-synthesis-sa-055,S6,pep-high-s6-probability-statistics-synthesis,short-answer,Exam,probability-statistics-synthesis,frequency-interpretation,2/3,2/3,pass,,OK
pep-high-hybrid-v1-s6-s6-probability-statistics-synthesis-sa-056,S6,pep-high-s6-probability-statistics-synthesis,short-answer,Challenge,probability-statistics-synthesis,frequency-interpretation,1/3,1/3,pass,,OK
pep-high-hybrid-v1-s6-s6-probability-statistics-synthesis-sa-057,S6,pep-high-s6-probability-statistics-synthesis,short-answer,Core,probability-statistics-synthesis,frequency-interpretation,2/3,2/3,pass,,OK
pep-high-hybrid-v1-s6-s6-exam-practice-sa-001,S6,pep-high-s6-exam-practice,short-answer,Challenge,exam-practice,ellipse-focal-distance,4,4,pass,topic-balanced-s18-sample,OK
pep-high-hybrid-v1-s6-s6-exam-practice-fi-002,S6,pep-high-s6-exam-practice,fill-in,Core,exam-practice,arithmetic-sum,63,63,pass,topic-balanced-s18-sample,OK
pep-high-hybrid-v1-s6-s6-exam-practice-mc-003,S6,pep-high-s6-exam-practice,multiple-choice,Challenge,exam-practice,single-draw-red,5/11,5/11,pass,topic-balanced-s18-sample,OK
pep-high-hybrid-v1-s6-s6-exam-practice-sa-004,S6,pep-high-s6-exam-practice,short-answer,Core,exam-practice,tangent-slope,5,5,pass,topic-balanced-s18-sample,OK
pep-high-hybrid-v1-s6-s6-exam-practice-fi-005,S6,pep-high-s6-exam-practice,fill-in,Challenge,exam-practice,parabola-p,6,6,pass,topic-balanced-s18-sample,OK
pep-high-hybrid-v1-s6-s6-exam-practice-mc-006,S6,pep-high-s6-exam-practice,multiple-choice,Core,exam-practice,arithmetic-nth-term,19,19,pass,topic-balanced-s18-sample,OK
pep-high-hybrid-v1-s6-s6-exam-practice-sa-007,S6,pep-high-s6-exam-practice,short-answer,Challenge,exam-practice,two-draw-red-then-blue,4/15,4/15,pass,,OK
pep-high-hybrid-v1-s6-s6-exam-practice-fi-008,S6,pep-high-s6-exam-practice,fill-in,Core,exam-practice,quadratic-extreme-point,1,1,pass,topic-balanced-s18-sample,OK
pep-high-hybrid-v1-s6-s6-exam-practice-mc-009,S6,pep-high-s6-exam-practice,multiple-choice,Challenge,exam-practice,ellipse-c-squared,4,4,pass,topic-balanced-s18-sample,OK
pep-high-hybrid-v1-s6-s6-exam-practice-sa-010,S6,pep-high-s6-exam-practice,short-answer,Core,exam-practice,geometric-third-term,20,20,pass,,OK
pep-high-hybrid-v1-s6-s6-exam-practice-fi-011,S6,pep-high-s6-exam-practice,fill-in,Challenge,exam-practice,single-draw-blue,2/3,2/3,pass,topic-balanced-s18-sample,OK
pep-high-hybrid-v1-s6-s6-exam-practice-mc-012,S6,pep-high-s6-exam-practice,multiple-choice,Core,exam-practice,quadratic-derivative-value,2,2,pass,topic-balanced-s18-sample,OK
pep-high-hybrid-v1-s6-s6-exam-practice-sa-013,S6,pep-high-s6-exam-practice,short-answer,Challenge,exam-practice,ellipse-focal-distance,4,4,pass,,OK
pep-high-hybrid-v1-s6-s6-exam-practice-fi-014,S6,pep-high-s6-exam-practice,fill-in,Core,exam-practice,arithmetic-sum,255,255,pass,,OK
pep-high-hybrid-v1-s6-s6-exam-practice-mc-015,S6,pep-high-s6-exam-practice,multiple-choice,Challenge,exam-practice,single-draw-red,1/4,1/4,pass,,OK
pep-high-hybrid-v1-s6-s6-exam-practice-sa-016,S6,pep-high-s6-exam-practice,short-answer,Core,exam-practice,tangent-slope,-3,-3,pass,,OK
pep-high-hybrid-v1-s6-s6-exam-practice-fi-017,S6,pep-high-s6-exam-practice,fill-in,Challenge,exam-practice,parabola-p,6,6,pass,,OK
pep-high-hybrid-v1-s6-s6-exam-practice-mc-018,S6,pep-high-s6-exam-practice,multiple-choice,Core,exam-practice,arithmetic-nth-term,21,21,pass,,OK
pep-high-hybrid-v1-s6-s6-exam-practice-sa-019,S6,pep-high-s6-exam-practice,short-answer,Challenge,exam-practice,two-draw-red-then-blue,3/11,3/11,pass,,OK
pep-high-hybrid-v1-s6-s6-exam-practice-fi-020,S6,pep-high-s6-exam-practice,fill-in,Core,exam-practice,quadratic-extreme-point,-3/2,-3/2,pass,,OK
pep-high-hybrid-v1-s6-s6-exam-practice-mc-021,S6,pep-high-s6-exam-practice,multiple-choice,Challenge,exam-practice,ellipse-c-squared,4,4,pass,,OK
pep-high-hybrid-v1-s6-s6-exam-practice-sa-022,S6,pep-high-s6-exam-practice,short-answer,Core,exam-practice,geometric-third-term,80,80,pass,,OK
pep-high-hybrid-v1-s6-s6-exam-practice-fi-023,S6,pep-high-s6-exam-practice,fill-in,Challenge,exam-practice,single-draw-blue,6/11,6/11,pass,,OK
pep-high-hybrid-v1-s6-s6-exam-practice-mc-024,S6,pep-high-s6-exam-practice,multiple-choice,Core,exam-practice,quadratic-derivative-value,4,4,pass,,OK
pep-high-hybrid-v1-s6-s6-exam-practice-sa-025,S6,pep-high-s6-exam-practice,short-answer,Challenge,exam-practice,ellipse-focal-distance,4,4,pass,,OK
pep-high-hybrid-v1-s6-s6-exam-practice-fi-026,S6,pep-high-s6-exam-practice,fill-in,Core,exam-practice,arithmetic-sum,48,48,pass,,OK
pep-high-hybrid-v1-s6-s6-exam-practice-mc-027,S6,pep-high-s6-exam-practice,multiple-choice,Challenge,exam-practice,single-draw-red,2/5,2/5,pass,,OK
pep-high-hybrid-v1-s6-s6-exam-practice-sa-028,S6,pep-high-s6-exam-practice,short-answer,Core,exam-practice,tangent-slope,-1,-1,pass,,OK
pep-high-hybrid-v1-s6-s6-exam-practice-fi-029,S6,pep-high-s6-exam-practice,fill-in,Challenge,exam-practice,parabola-p,6,6,pass,,OK
pep-high-hybrid-v1-s6-s6-exam-practice-mc-030,S6,pep-high-s6-exam-practice,multiple-choice,Core,exam-practice,arithmetic-nth-term,10,10,pass,,OK
pep-high-hybrid-v1-s6-s6-exam-practice-sa-031,S6,pep-high-s6-exam-practice,short-answer,Challenge,exam-practice,two-draw-red-then-blue,1/4,1/4,pass,,OK
pep-high-hybrid-v1-s6-s6-exam-practice-fi-032,S6,pep-high-s6-exam-practice,fill-in,Core,exam-practice,quadratic-extreme-point,-1/2,-1/2,pass,,OK
pep-high-hybrid-v1-s6-s6-exam-practice-mc-033,S6,pep-high-s6-exam-practice,multiple-choice,Challenge,exam-practice,ellipse-c-squared,4,4,pass,,OK
pep-high-hybrid-v1-s6-s6-exam-practice-sa-034,S6,pep-high-s6-exam-practice,short-answer,Core,exam-practice,geometric-third-term,180,180,pass,,OK
pep-high-hybrid-v1-s6-s6-exam-practice-fi-035,S6,pep-high-s6-exam-practice,fill-in,Challenge,exam-practice,single-draw-blue,3/4,3/4,pass,,OK
pep-high-hybrid-v1-s6-s6-exam-practice-mc-036,S6,pep-high-s6-exam-practice,multiple-choice,Core,exam-practice,quadratic-derivative-value,-4,-4,pass,,OK
pep-high-hybrid-v1-s6-s6-exam-practice-sa-037,S6,pep-high-s6-exam-practice,short-answer,Challenge,exam-practice,ellipse-focal-distance,4,4,pass,,OK
pep-high-hybrid-v1-s6-s6-exam-practice-fi-038,S6,pep-high-s6-exam-practice,fill-in,Core,exam-practice,arithmetic-sum,210,210,pass,,OK
pep-high-hybrid-v1-s6-s6-exam-practice-mc-039,S6,pep-high-s6-exam-practice,multiple-choice,Challenge,exam-practice,single-draw-red,1/2,1/2,pass,,OK
pep-high-hybrid-v1-s6-s6-exam-practice-sa-040,S6,pep-high-s6-exam-practice,short-answer,Challenge,exam-practice,tangent-slope,-2,-2,pass,,OK
pep-high-hybrid-v1-s6-s6-exam-practice-fi-041,S6,pep-high-s6-exam-practice,fill-in,Challenge,exam-practice,parabola-p,6,6,pass,,OK
pep-high-hybrid-v1-s6-s6-exam-practice-mc-042,S6,pep-high-s6-exam-practice,multiple-choice,Challenge,exam-practice,arithmetic-nth-term,16,16,pass,,OK
pep-high-hybrid-v1-s6-s6-exam-practice-sa-043,S6,pep-high-s6-exam-practice,short-answer,Challenge,exam-practice,two-draw-red-then-blue,3/11,3/11,pass,,OK
pep-high-hybrid-v1-s6-s6-exam-practice-fi-044,S6,pep-high-s6-exam-practice,fill-in,Challenge,exam-practice,quadratic-extreme-point,1/2,1/2,pass,,OK
pep-high-hybrid-v1-s6-s6-exam-practice-mc-045,S6,pep-high-s6-exam-practice,multiple-choice,Challenge,exam-practice,ellipse-c-squared,4,4,pass,,OK
pep-high-hybrid-v1-s6-s6-exam-practice-sa-046,S6,pep-high-s6-exam-practice,short-answer,Challenge,exam-practice,geometric-third-term,45,45,pass,,OK
pep-high-hybrid-v1-s6-s6-exam-practice-fi-047,S6,pep-high-s6-exam-practice,fill-in,Challenge,exam-practice,single-draw-blue,3/5,3/5,pass,,OK
pep-high-hybrid-v1-s6-s6-exam-practice-mc-048,S6,pep-high-s6-exam-practice,multiple-choice,Challenge,exam-practice,quadratic-derivative-value,5,5,pass,,OK
pep-high-hybrid-v1-s6-s6-exam-practice-sa-049,S6,pep-high-s6-exam-practice,short-answer,Challenge,exam-practice,ellipse-focal-distance,4,4,pass,,OK
pep-high-hybrid-v1-s6-s6-exam-practice-fi-050,S6,pep-high-s6-exam-practice,fill-in,Challenge,exam-practice,arithmetic-sum,33,33,pass,,OK
pep-high-hybrid-v1-s6-s6-exam-practice-mc-051,S6,pep-high-s6-exam-practice,multiple-choice,Challenge,exam-practice,single-draw-red,1/3,1/3,pass,,OK
pep-high-hybrid-v1-s6-s6-exam-practice-sa-052,S6,pep-high-s6-exam-practice,short-answer,Challenge,exam-practice,tangent-slope,0,0,pass,,OK
pep-high-hybrid-v1-s6-s6-exam-practice-fi-053,S6,pep-high-s6-exam-practice,fill-in,Challenge,exam-practice,parabola-p,6,6,pass,,OK
pep-high-hybrid-v1-s6-s6-exam-practice-mc-054,S6,pep-high-s6-exam-practice,multiple-choice,Challenge,exam-practice,arithmetic-nth-term,46,46,pass,,OK
pep-high-hybrid-v1-s6-s6-exam-practice-sa-055,S6,pep-high-s6-exam-practice,short-answer,Challenge,exam-practice,two-draw-red-then-blue,3/14,3/14,pass,,OK
pep-high-hybrid-v1-s6-s6-exam-practice-sa-056,S6,pep-high-s6-exam-practice,short-answer,Challenge,exam-practice,tangent-slope,-5,-5,pass,,OK
pep-high-hybrid-v1-s6-s6-exam-practice-sa-057,S6,pep-high-s6-exam-practice,short-answer,Challenge,exam-practice,ellipse-focal-distance,4,4,pass,,OK
pep-high-hybrid-v1-s6-s6-exam-practice-sa-058,S6,pep-high-s6-exam-practice,short-answer,Challenge,exam-practice,geometric-third-term,125,125,pass,,OK
