questionId,status,qaStatus,reviewNotes,batchPhase,illustrationType,grade,volume,unitTitle,imagePath,promptZhHans,generationBriefZhHans,copyrightSafetyZhHans
hjb-junior-ds-v2-s1-202,queued,pending,,pilot,geometry-diagram,S1,七年级上册,图形的运动,candidates/hjb-junior-ds-v2-s1-202.png,一个三角形绕平面内一点旋转60°后，下列说法正确的是：,为沪教版初中数学题 hjb-junior-ds-v2-s1-202 绘制原创题目插图，单元「图形的运动」，不要复制教材或试卷版式。 画清点、线、角、平行/垂直/相交/圆等关系；仅呈现题干给出的条件，不暗示未给结论。,仅根据当前原创题干重新绘制简洁数学示意图，不复制、还原或近似教材/试卷原图、版式、题序或受保护视觉布局。
hjb-junior-ds-v2-s1-203,queued,pending,,pilot,geometry-diagram,S1,七年级上册,图形的运动,candidates/hjb-junior-ds-v2-s1-203.png,线段AB沿某一方向平移后得到线段A'B'。如果AB=5 cm，那么A'B'=______ cm。,为沪教版初中数学题 hjb-junior-ds-v2-s1-203 绘制原创题目插图，单元「图形的运动」，不要复制教材或试卷版式。 画清点、线、角、平行/垂直/相交/圆等关系；仅呈现题干给出的条件，不暗示未给结论。,仅根据当前原创题干重新绘制简洁数学示意图，不复制、还原或近似教材/试卷原图、版式、题序或受保护视觉布局。
hjb-junior-ds-v2-s1-205,queued,pending,,pilot,geometry-diagram,S1,七年级上册,图形的运动,candidates/hjb-junior-ds-v2-s1-205.png,下列图形中，一定是轴对称图形的是：,为沪教版初中数学题 hjb-junior-ds-v2-s1-205 绘制原创题目插图，单元「图形的运动」，不要复制教材或试卷版式。 画清点、线、角、平行/垂直/相交/圆等关系；仅呈现题干给出的条件，不暗示未给结论。,仅根据当前原创题干重新绘制简洁数学示意图，不复制、还原或近似教材/试卷原图、版式、题序或受保护视觉布局。
hjb-junior-ds-v2-s1-207,queued,pending,,pilot,geometry-diagram,S1,七年级上册,图形的运动,candidates/hjb-junior-ds-v2-s1-207.png,一个正方形绕其中心旋转90°后，与自身重合。请再写出一个旋转角度（大于0°且小于360°），使得该正方形绕中心旋转后也能与自身重合。,为沪教版初中数学题 hjb-junior-ds-v2-s1-207 绘制原创题目插图，单元「图形的运动」，不要复制教材或试卷版式。 画清点、线、角、平行/垂直/相交/圆等关系；仅呈现题干给出的条件，不暗示未给结论。,仅根据当前原创题干重新绘制简洁数学示意图，不复制、还原或近似教材/试卷原图、版式、题序或受保护视觉布局。
hjb-junior-ds-v2-s1-208,queued,pending,,pilot,geometry-diagram,S1,七年级上册,图形的运动,candidates/hjb-junior-ds-v2-s1-208.png,在识别图形运动方式时，下列生活现象中属于平移的是（ ）,为沪教版初中数学题 hjb-junior-ds-v2-s1-208 绘制原创题目插图，单元「图形的运动」，不要复制教材或试卷版式。 画清点、线、角、平行/垂直/相交/圆等关系；仅呈现题干给出的条件，不暗示未给结论。,仅根据当前原创题干重新绘制简洁数学示意图，不复制、还原或近似教材/试卷原图、版式、题序或受保护视觉布局。
hjb-junior-ds-v2-s1-209,queued,pending,,pilot,geometry-diagram,S1,七年级上册,图形的运动,candidates/hjb-junior-ds-v2-s1-209.png,线段AB的长度为5 cm。将其沿某一方向平移3 cm后得到线段A'B'，则线段A'B'的长度为______ cm。,为沪教版初中数学题 hjb-junior-ds-v2-s1-209 绘制原创题目插图，单元「图形的运动」，不要复制教材或试卷版式。 画清点、线、角、平行/垂直/相交/圆等关系；仅呈现题干给出的条件，不暗示未给结论。,仅根据当前原创题干重新绘制简洁数学示意图，不复制、还原或近似教材/试卷原图、版式、题序或受保护视觉布局。
hjb-junior-ds-v2-s1-212,queued,pending,,full,geometry-diagram,S1,七年级上册,图形的运动,candidates/hjb-junior-ds-v2-s1-212.png,已知线段AB的长度为5 cm。将线段AB绕点A逆时针旋转90°得到线段AB'。线段AB'的长度为______ cm。,为沪教版初中数学题 hjb-junior-ds-v2-s1-212 绘制原创题目插图，单元「图形的运动」，不要复制教材或试卷版式。 画清点、线、角、平行/垂直/相交/圆等关系；仅呈现题干给出的条件，不暗示未给结论。,仅根据当前原创题干重新绘制简洁数学示意图，不复制、还原或近似教材/试卷原图、版式、题序或受保护视觉布局。
hjb-junior-ds-v2-s1-215,queued,pending,,full,geometry-diagram,S1,七年级上册,图形的运动,candidates/hjb-junior-ds-v2-s1-215.png,已知三角形ABC与三角形DEF关于直线l成轴对称。若点A与点D是对应点，点B与点E是对应点，且AB=6 cm，则DE=______ cm。,为沪教版初中数学题 hjb-junior-ds-v2-s1-215 绘制原创题目插图，单元「图形的运动」，不要复制教材或试卷版式。 画清点、线、角、平行/垂直/相交/圆等关系；仅呈现题干给出的条件，不暗示未给结论。,仅根据当前原创题干重新绘制简洁数学示意图，不复制、还原或近似教材/试卷原图、版式、题序或受保护视觉布局。
hjb-junior-ds-v2-s1-218,queued,pending,,full,geometry-diagram,S1,七年级上册,图形的运动,candidates/hjb-junior-ds-v2-s1-218.png,"已知线段AB的两个端点坐标分别为A(2,3)和B(5,7)。将线段AB绕原点O逆时针旋转90°，得到线段A'B'。则点A'的坐标为______。",为沪教版初中数学题 hjb-junior-ds-v2-s1-218 绘制原创题目插图，单元「图形的运动」，不要复制教材或试卷版式。 画清点、线、角、平行/垂直/相交/圆等关系；仅呈现题干给出的条件，不暗示未给结论。,仅根据当前原创题干重新绘制简洁数学示意图，不复制、还原或近似教材/试卷原图、版式、题序或受保护视觉布局。
hjb-junior-ds-v2-s1-220,queued,pending,,full,geometry-diagram,S1,七年级上册,图形的运动,candidates/hjb-junior-ds-v2-s1-220.png,"将点A(3,4)绕原点O顺时针旋转90°后，得到的点A'的坐标是（ ）。",为沪教版初中数学题 hjb-junior-ds-v2-s1-220 绘制原创题目插图，单元「图形的运动」，不要复制教材或试卷版式。 画清点、线、角、平行/垂直/相交/圆等关系；仅呈现题干给出的条件，不暗示未给结论。,仅根据当前原创题干重新绘制简洁数学示意图，不复制、还原或近似教材/试卷原图、版式、题序或受保护视觉布局。
hjb-junior-ds-v2-s1-221,queued,pending,,full,geometry-diagram,S1,七年级上册,图形的运动,candidates/hjb-junior-ds-v2-s1-221.png,"将点A(2, -3)先向右平移4个单位，再向上平移1个单位，得到点B。点B的坐标是______。",为沪教版初中数学题 hjb-junior-ds-v2-s1-221 绘制原创题目插图，单元「图形的运动」，不要复制教材或试卷版式。 画清点、线、角、平行/垂直/相交/圆等关系；仅呈现题干给出的条件，不暗示未给结论。,仅根据当前原创题干重新绘制简洁数学示意图，不复制、还原或近似教材/试卷原图、版式、题序或受保护视觉布局。
hjb-junior-ds-v2-s1-222,queued,pending,,full,geometry-diagram,S1,七年级上册,图形的运动,candidates/hjb-junior-ds-v2-s1-222.png,已知线段AB的长度为5 cm，将其绕点A逆时针旋转90°得到线段AC。请回答：线段AC的长度是多少？并说明理由。,为沪教版初中数学题 hjb-junior-ds-v2-s1-222 绘制原创题目插图，单元「图形的运动」，不要复制教材或试卷版式。 画清点、线、角、平行/垂直/相交/圆等关系；仅呈现题干给出的条件，不暗示未给结论。,仅根据当前原创题干重新绘制简洁数学示意图，不复制、还原或近似教材/试卷原图、版式、题序或受保护视觉布局。
hjb-junior-ds-v2-s1-224,queued,pending,,full,geometry-diagram,S1,七年级上册,图形的运动,candidates/hjb-junior-ds-v2-s1-224.png,一个四边形沿某条直线翻折后，与另一个四边形完全重合。如果其中一个四边形的周长为18 cm，那么另一个四边形的周长为______cm。,为沪教版初中数学题 hjb-junior-ds-v2-s1-224 绘制原创题目插图，单元「图形的运动」，不要复制教材或试卷版式。 画清点、线、角、平行/垂直/相交/圆等关系；仅呈现题干给出的条件，不暗示未给结论。,仅根据当前原创题干重新绘制简洁数学示意图，不复制、还原或近似教材/试卷原图、版式、题序或受保护视觉布局。
hjb-junior-ds-v2-s1-229,queued,pending,,full,geometry-diagram,S1,七年级上册,图形的运动,candidates/hjb-junior-ds-v2-s1-229.png,下列图形中，既是轴对称图形又是中心对称图形的是：,为沪教版初中数学题 hjb-junior-ds-v2-s1-229 绘制原创题目插图，单元「图形的运动」，不要复制教材或试卷版式。 画清点、线、角、平行/垂直/相交/圆等关系；仅呈现题干给出的条件，不暗示未给结论。,仅根据当前原创题干重新绘制简洁数学示意图，不复制、还原或近似教材/试卷原图、版式、题序或受保护视觉布局。
hjb-junior-ds-v2-s1-232,queued,pending,,full,geometry-diagram,S1,七年级上册,图形的运动,candidates/hjb-junior-ds-v2-s1-232.png,已知三角形ABC绕点O逆时针旋转90°后得到三角形A'B'C'，其中点A的对应点为A'，点B的对应点为B'，点C的对应点为C'。若∠AOB=40°，则∠A'OB'的度数是多少？,为沪教版初中数学题 hjb-junior-ds-v2-s1-232 绘制原创题目插图，单元「图形的运动」，不要复制教材或试卷版式。 画清点、线、角、平行/垂直/相交/圆等关系；仅呈现题干给出的条件，不暗示未给结论。,仅根据当前原创题干重新绘制简洁数学示意图，不复制、还原或近似教材/试卷原图、版式、题序或受保护视觉布局。
hjb-junior-ds-v2-s1-233,queued,pending,,full,geometry-diagram,S1,七年级上册,图形的运动,candidates/hjb-junior-ds-v2-s1-233.png,线段AB沿某一方向平移后得到线段CD。已知AB=5 cm，平移过程中点A移动了3 cm到达点C。则线段CD的长度为______cm。,为沪教版初中数学题 hjb-junior-ds-v2-s1-233 绘制原创题目插图，单元「图形的运动」，不要复制教材或试卷版式。 画清点、线、角、平行/垂直/相交/圆等关系；仅呈现题干给出的条件，不暗示未给结论。,仅根据当前原创题干重新绘制简洁数学示意图，不复制、还原或近似教材/试卷原图、版式、题序或受保护视觉布局。
hjb-junior-ds-v2-s1-235,queued,pending,,full,geometry-diagram,S1,七年级上册,图形的运动,candidates/hjb-junior-ds-v2-s1-235.png,下列运动形式中，属于平移的是：,为沪教版初中数学题 hjb-junior-ds-v2-s1-235 绘制原创题目插图，单元「图形的运动」，不要复制教材或试卷版式。 画清点、线、角、平行/垂直/相交/圆等关系；仅呈现题干给出的条件，不暗示未给结论。,仅根据当前原创题干重新绘制简洁数学示意图，不复制、还原或近似教材/试卷原图、版式、题序或受保护视觉布局。
hjb-junior-ds-v2-s1-237,queued,pending,,full,geometry-diagram,S1,七年级上册,图形的运动,candidates/hjb-junior-ds-v2-s1-237.png,已知线段AB的长度为5 cm。将线段AB绕点A逆时针旋转90°得到线段AC。请写出线段AC的长度，并说明理由。,为沪教版初中数学题 hjb-junior-ds-v2-s1-237 绘制原创题目插图，单元「图形的运动」，不要复制教材或试卷版式。 画清点、线、角、平行/垂直/相交/圆等关系；仅呈现题干给出的条件，不暗示未给结论。,仅根据当前原创题干重新绘制简洁数学示意图，不复制、还原或近似教材/试卷原图、版式、题序或受保护视觉布局。
hjb-junior-ds-v2-s1-239,queued,pending,,full,geometry-diagram,S1,七年级上册,图形的运动,candidates/hjb-junior-ds-v2-s1-239.png,一个等边三角形绕其中心旋转一定的角度后能与自身重合。这个旋转角的最小度数是______。,为沪教版初中数学题 hjb-junior-ds-v2-s1-239 绘制原创题目插图，单元「图形的运动」，不要复制教材或试卷版式。 画清点、线、角、平行/垂直/相交/圆等关系；仅呈现题干给出的条件，不暗示未给结论。,仅根据当前原创题干重新绘制简洁数学示意图，不复制、还原或近似教材/试卷原图、版式、题序或受保护视觉布局。
hjb-junior-ds-v2-s1-248,queued,pending,,full,geometry-diagram,S1,七年级上册,图形的运动,candidates/hjb-junior-ds-v2-s1-248.png,一个正方形绕其中心旋转90°后，与自身重合。这个旋转的旋转角是______度。,为沪教版初中数学题 hjb-junior-ds-v2-s1-248 绘制原创题目插图，单元「图形的运动」，不要复制教材或试卷版式。 画清点、线、角、平行/垂直/相交/圆等关系；仅呈现题干给出的条件，不暗示未给结论。,仅根据当前原创题干重新绘制简洁数学示意图，不复制、还原或近似教材/试卷原图、版式、题序或受保护视觉布局。
hjb-junior-ds-v2-s1-250,queued,pending,,full,geometry-diagram,S1,七年级上册,图形的运动,candidates/hjb-junior-ds-v2-s1-250.png,"将点A(-2,3)绕原点顺时针旋转90°，得到的点A'的坐标是（ ）。",为沪教版初中数学题 hjb-junior-ds-v2-s1-250 绘制原创题目插图，单元「图形的运动」，不要复制教材或试卷版式。 画清点、线、角、平行/垂直/相交/圆等关系；仅呈现题干给出的条件，不暗示未给结论。,仅根据当前原创题干重新绘制简洁数学示意图，不复制、还原或近似教材/试卷原图、版式、题序或受保护视觉布局。
hjb-junior-ds-v2-s1-441,queued,pending,,full,geometry-diagram,S1,七年级下册,等腰三角形,candidates/hjb-junior-ds-v2-s1-441.png,在△ABC中，AB=AC，∠A=100°，点D在边BC上，且AD=BD。求∠DAC的度数。,为沪教版初中数学题 hjb-junior-ds-v2-s1-441 绘制原创题目插图，单元「等腰三角形」，不要复制教材或试卷版式。 画清点、线、角、平行/垂直/相交/圆等关系；仅呈现题干给出的条件，不暗示未给结论。,仅根据当前原创题干重新绘制简洁数学示意图，不复制、还原或近似教材/试卷原图、版式、题序或受保护视觉布局。
hjb-junior-ds-v2-s1-442,queued,pending,,full,geometry-diagram,S1,七年级下册,等腰三角形,candidates/hjb-junior-ds-v2-s1-442.png,已知△ABC中，AB=AC，点D在BC上，且AD平分∠BAC。下列结论一定正确的是（　）,为沪教版初中数学题 hjb-junior-ds-v2-s1-442 绘制原创题目插图，单元「等腰三角形」，不要复制教材或试卷版式。 画清点、线、角、平行/垂直/相交/圆等关系；仅呈现题干给出的条件，不暗示未给结论。,仅根据当前原创题干重新绘制简洁数学示意图，不复制、还原或近似教材/试卷原图、版式、题序或受保护视觉布局。
hjb-junior-ds-v2-s1-443,queued,pending,,full,geometry-diagram,S1,七年级下册,等腰三角形,candidates/hjb-junior-ds-v2-s1-443.png,在△ABC中，AB=AC，∠A=40°，AB的垂直平分线交AC于点D，连接BD。求∠DBC的度数。,为沪教版初中数学题 hjb-junior-ds-v2-s1-443 绘制原创题目插图，单元「等腰三角形」，不要复制教材或试卷版式。 画清点、线、角、平行/垂直/相交/圆等关系；仅呈现题干给出的条件，不暗示未给结论。,仅根据当前原创题干重新绘制简洁数学示意图，不复制、还原或近似教材/试卷原图、版式、题序或受保护视觉布局。
hjb-junior-ds-v2-s1-444,queued,pending,,full,geometry-diagram,S1,七年级下册,等腰三角形,candidates/hjb-junior-ds-v2-s1-444.png,在△ABC中，给出下列四组条件：①∠A＝50°，∠B＝65°；②∠A＝∠B＝60°；③AB＝AC，∠B＝70°；④AB＝AC，∠A＝50°。其中能判定△ABC是等腰三角形的条件共有（　）,为沪教版初中数学题 hjb-junior-ds-v2-s1-444 绘制原创题目插图，单元「等腰三角形」，不要复制教材或试卷版式。 画清点、线、角、平行/垂直/相交/圆等关系；仅呈现题干给出的条件，不暗示未给结论。,仅根据当前原创题干重新绘制简洁数学示意图，不复制、还原或近似教材/试卷原图、版式、题序或受保护视觉布局。
hjb-junior-ds-v2-s1-445,queued,pending,,full,geometry-diagram,S1,七年级下册,等腰三角形,candidates/hjb-junior-ds-v2-s1-445.png,在△ABC中，AB = AC，点D在边BC上，且AD = BD。若∠BAD = 30°，求∠C的度数。,为沪教版初中数学题 hjb-junior-ds-v2-s1-445 绘制原创题目插图，单元「等腰三角形」，不要复制教材或试卷版式。 画清点、线、角、平行/垂直/相交/圆等关系；仅呈现题干给出的条件，不暗示未给结论。,仅根据当前原创题干重新绘制简洁数学示意图，不复制、还原或近似教材/试卷原图、版式、题序或受保护视觉布局。
hjb-junior-ds-v2-s1-446,queued,pending,,full,geometry-diagram,S1,七年级下册,等腰三角形,candidates/hjb-junior-ds-v2-s1-446.png,在△ABC中，AB=AC，点D在BC上，且AD⊥BC。若∠BAD=28°，则∠BAC的度数为（ ）。,为沪教版初中数学题 hjb-junior-ds-v2-s1-446 绘制原创题目插图，单元「等腰三角形」，不要复制教材或试卷版式。 画清点、线、角、平行/垂直/相交/圆等关系；仅呈现题干给出的条件，不暗示未给结论。,仅根据当前原创题干重新绘制简洁数学示意图，不复制、还原或近似教材/试卷原图、版式、题序或受保护视觉布局。
hjb-junior-ds-v2-s1-448,queued,pending,,full,geometry-diagram,S1,七年级下册,等腰三角形,candidates/hjb-junior-ds-v2-s1-448.png,在△ABC中，已知AB=AC，∠A=40°，点D在边BC上，且AD平分∠BAC。求∠ADC的度数。,为沪教版初中数学题 hjb-junior-ds-v2-s1-448 绘制原创题目插图，单元「等腰三角形」，不要复制教材或试卷版式。 画清点、线、角、平行/垂直/相交/圆等关系；仅呈现题干给出的条件，不暗示未给结论。,仅根据当前原创题干重新绘制简洁数学示意图，不复制、还原或近似教材/试卷原图、版式、题序或受保护视觉布局。
hjb-junior-ds-v2-s1-449,queued,pending,,full,geometry-diagram,S1,七年级下册,等腰三角形,candidates/hjb-junior-ds-v2-s1-449.png,已知线段AB的垂直平分线MN交AB于点O，点P在MN上。若PA=5cm，则PB=______cm。,为沪教版初中数学题 hjb-junior-ds-v2-s1-449 绘制原创题目插图，单元「等腰三角形」，不要复制教材或试卷版式。 画清点、线、角、平行/垂直/相交/圆等关系；仅呈现题干给出的条件，不暗示未给结论。,仅根据当前原创题干重新绘制简洁数学示意图，不复制、还原或近似教材/试卷原图、版式、题序或受保护视觉布局。
hjb-junior-ds-v2-s1-450,queued,pending,,full,geometry-diagram,S1,七年级下册,等腰三角形,candidates/hjb-junior-ds-v2-s1-450.png,在△ABC中，AB=AC，点D是BC的中点，连接AD。下列说法错误的是（ ）。,为沪教版初中数学题 hjb-junior-ds-v2-s1-450 绘制原创题目插图，单元「等腰三角形」，不要复制教材或试卷版式。 画清点、线、角、平行/垂直/相交/圆等关系；仅呈现题干给出的条件，不暗示未给结论。,仅根据当前原创题干重新绘制简洁数学示意图，不复制、还原或近似教材/试卷原图、版式、题序或受保护视觉布局。
hjb-junior-ds-v2-s1-451,queued,pending,,full,geometry-diagram,S1,七年级下册,等腰三角形,candidates/hjb-junior-ds-v2-s1-451.png,在△ABC中，已知AB=AC，∠A=50°，点D在边BC上，且AD平分∠BAC。求∠BAD的度数。,为沪教版初中数学题 hjb-junior-ds-v2-s1-451 绘制原创题目插图，单元「等腰三角形」，不要复制教材或试卷版式。 画清点、线、角、平行/垂直/相交/圆等关系；仅呈现题干给出的条件，不暗示未给结论。,仅根据当前原创题干重新绘制简洁数学示意图，不复制、还原或近似教材/试卷原图、版式、题序或受保护视觉布局。
hjb-junior-ds-v2-s1-452,queued,pending,,full,geometry-diagram,S1,七年级下册,等腰三角形,candidates/hjb-junior-ds-v2-s1-452.png,在△ABC中，AB=AC，点D在边BC上，且AD⊥BC，垂足为D。若∠BAD=35°，则∠C的度数为（ ）,为沪教版初中数学题 hjb-junior-ds-v2-s1-452 绘制原创题目插图，单元「等腰三角形」，不要复制教材或试卷版式。 画清点、线、角、平行/垂直/相交/圆等关系；仅呈现题干给出的条件，不暗示未给结论。,仅根据当前原创题干重新绘制简洁数学示意图，不复制、还原或近似教材/试卷原图、版式、题序或受保护视觉布局。
hjb-junior-ds-v2-s1-453,queued,pending,,full,geometry-diagram,S1,七年级下册,等腰三角形,candidates/hjb-junior-ds-v2-s1-453.png,在△ABC中，AB=AC，∠A=50°，点D在边BC上，且AD平分∠BAC。求∠ADC的度数。,为沪教版初中数学题 hjb-junior-ds-v2-s1-453 绘制原创题目插图，单元「等腰三角形」，不要复制教材或试卷版式。 画清点、线、角、平行/垂直/相交/圆等关系；仅呈现题干给出的条件，不暗示未给结论。,仅根据当前原创题干重新绘制简洁数学示意图，不复制、还原或近似教材/试卷原图、版式、题序或受保护视觉布局。
hjb-junior-ds-v2-s1-454,queued,pending,,full,geometry-diagram,S1,七年级下册,等腰三角形,candidates/hjb-junior-ds-v2-s1-454.png,在△ABC中，AB = AC，点D在边BC上，且AD⊥BC。若∠BAD = 35°，则∠BAC的度数为（ ）,为沪教版初中数学题 hjb-junior-ds-v2-s1-454 绘制原创题目插图，单元「等腰三角形」，不要复制教材或试卷版式。 画清点、线、角、平行/垂直/相交/圆等关系；仅呈现题干给出的条件，不暗示未给结论。,仅根据当前原创题干重新绘制简洁数学示意图，不复制、还原或近似教材/试卷原图、版式、题序或受保护视觉布局。
hjb-junior-ds-v2-s1-455,queued,pending,,full,geometry-diagram,S1,七年级下册,等腰三角形,candidates/hjb-junior-ds-v2-s1-455.png,在△ABC中，AB=AC，∠A=50°。点D在边BC上，且AD平分∠BAC。求∠ADC的度数。,为沪教版初中数学题 hjb-junior-ds-v2-s1-455 绘制原创题目插图，单元「等腰三角形」，不要复制教材或试卷版式。 画清点、线、角、平行/垂直/相交/圆等关系；仅呈现题干给出的条件，不暗示未给结论。,仅根据当前原创题干重新绘制简洁数学示意图，不复制、还原或近似教材/试卷原图、版式、题序或受保护视觉布局。
hjb-junior-ds-v2-s1-456,queued,pending,,full,geometry-diagram,S1,七年级下册,等腰三角形,candidates/hjb-junior-ds-v2-s1-456.png,在△ABC中，已知AB＝AC，点D在边BC上，且AD平分∠BAC。若∠B＝40°，求∠ADC的度数。,为沪教版初中数学题 hjb-junior-ds-v2-s1-456 绘制原创题目插图，单元「等腰三角形」，不要复制教材或试卷版式。 画清点、线、角、平行/垂直/相交/圆等关系；仅呈现题干给出的条件，不暗示未给结论。,仅根据当前原创题干重新绘制简洁数学示意图，不复制、还原或近似教材/试卷原图、版式、题序或受保护视觉布局。
hjb-junior-ds-v2-s1-457,queued,pending,,full,geometry-diagram,S1,七年级下册,等腰三角形,candidates/hjb-junior-ds-v2-s1-457.png,在△ABC中，AB = AC，D为BC的中点，连接AD。若∠BAD = 35°，求∠B的度数。,为沪教版初中数学题 hjb-junior-ds-v2-s1-457 绘制原创题目插图，单元「等腰三角形」，不要复制教材或试卷版式。 画清点、线、角、平行/垂直/相交/圆等关系；仅呈现题干给出的条件，不暗示未给结论。,仅根据当前原创题干重新绘制简洁数学示意图，不复制、还原或近似教材/试卷原图、版式、题序或受保护视觉布局。
hjb-junior-ds-v2-s1-458,queued,pending,,full,geometry-diagram,S1,七年级下册,等腰三角形,candidates/hjb-junior-ds-v2-s1-458.png,在△ABC中，已知AB = AC，点D在BC上，且AD平分∠BAC。若∠B = 50°，则∠ADC的度数为（ ）,为沪教版初中数学题 hjb-junior-ds-v2-s1-458 绘制原创题目插图，单元「等腰三角形」，不要复制教材或试卷版式。 画清点、线、角、平行/垂直/相交/圆等关系；仅呈现题干给出的条件，不暗示未给结论。,仅根据当前原创题干重新绘制简洁数学示意图，不复制、还原或近似教材/试卷原图、版式、题序或受保护视觉布局。
hjb-junior-ds-v2-s1-459,queued,pending,,full,geometry-diagram,S1,七年级下册,等腰三角形,candidates/hjb-junior-ds-v2-s1-459.png,在△ABC中，AB = AC，点D在边BC上，且AD⊥BC，垂足为D。若∠BAD = 34°，则∠B的度数为______°。,为沪教版初中数学题 hjb-junior-ds-v2-s1-459 绘制原创题目插图，单元「等腰三角形」，不要复制教材或试卷版式。 画清点、线、角、平行/垂直/相交/圆等关系；仅呈现题干给出的条件，不暗示未给结论。,仅根据当前原创题干重新绘制简洁数学示意图，不复制、还原或近似教材/试卷原图、版式、题序或受保护视觉布局。
hjb-junior-ds-v2-s1-460,queued,pending,,full,geometry-diagram,S1,七年级下册,等腰三角形,candidates/hjb-junior-ds-v2-s1-460.png,在△ABC中，AB = AC，点D在BC上，且AD平分∠BAC。若∠B = 50°，则∠ADC的度数为（ ）,为沪教版初中数学题 hjb-junior-ds-v2-s1-460 绘制原创题目插图，单元「等腰三角形」，不要复制教材或试卷版式。 画清点、线、角、平行/垂直/相交/圆等关系；仅呈现题干给出的条件，不暗示未给结论。,仅根据当前原创题干重新绘制简洁数学示意图，不复制、还原或近似教材/试卷原图、版式、题序或受保护视觉布局。
hjb-junior-ds-v2-s1-465,queued,pending,,full,geometry-diagram,S1,七年级下册,等腰三角形,candidates/hjb-junior-ds-v2-s1-465.png,在等腰三角形ABC中，AB = AC，过点B作腰AC的垂线，垂足为H。若∠ABH = 20°，则顶角∠A的度数可能是______°。（写出所有可能的值，用逗号分隔）,为沪教版初中数学题 hjb-junior-ds-v2-s1-465 绘制原创题目插图，单元「等腰三角形」，不要复制教材或试卷版式。 画清点、线、角、平行/垂直/相交/圆等关系；仅呈现题干给出的条件，不暗示未给结论。,仅根据当前原创题干重新绘制简洁数学示意图，不复制、还原或近似教材/试卷原图、版式、题序或受保护视觉布局。
hjb-junior-ds-v2-s1-466,queued,pending,,full,geometry-diagram,S1,七年级下册,等腰三角形,candidates/hjb-junior-ds-v2-s1-466.png,在△PQR中，PQ = PR，∠P = 80°，点S在边QR上，且PS平分∠QPR。求∠PSQ的度数。,为沪教版初中数学题 hjb-junior-ds-v2-s1-466 绘制原创题目插图，单元「等腰三角形」，不要复制教材或试卷版式。 画清点、线、角、平行/垂直/相交/圆等关系；仅呈现题干给出的条件，不暗示未给结论。,仅根据当前原创题干重新绘制简洁数学示意图，不复制、还原或近似教材/试卷原图、版式、题序或受保护视觉布局。
hjb-junior-ds-v2-s1-467,queued,pending,,full,geometry-diagram,S1,七年级下册,等腰三角形,candidates/hjb-junior-ds-v2-s1-467.png,在△ABC中，AB = AC，点D在边BC上，且AD平分∠BAC。若∠B = 50°，则∠ADC = ______度。,为沪教版初中数学题 hjb-junior-ds-v2-s1-467 绘制原创题目插图，单元「等腰三角形」，不要复制教材或试卷版式。 画清点、线、角、平行/垂直/相交/圆等关系；仅呈现题干给出的条件，不暗示未给结论。,仅根据当前原创题干重新绘制简洁数学示意图，不复制、还原或近似教材/试卷原图、版式、题序或受保护视觉布局。
hjb-junior-ds-v2-s1-468,queued,pending,,full,geometry-diagram,S1,七年级下册,等腰三角形,candidates/hjb-junior-ds-v2-s1-468.png,在△ABC中，AB = AC，∠A = 40°。点D在边BC上，且AD = BD。求∠DAC的度数。,为沪教版初中数学题 hjb-junior-ds-v2-s1-468 绘制原创题目插图，单元「等腰三角形」，不要复制教材或试卷版式。 画清点、线、角、平行/垂直/相交/圆等关系；仅呈现题干给出的条件，不暗示未给结论。,仅根据当前原创题干重新绘制简洁数学示意图，不复制、还原或近似教材/试卷原图、版式、题序或受保护视觉布局。
hjb-junior-ds-v2-s1-469,queued,pending,,full,geometry-diagram,S1,七年级下册,等腰三角形,candidates/hjb-junior-ds-v2-s1-469.png,在△ABC中，AB = AC，∠B = 70°，点D在边AC上，且AD = BD。求∠DBC的度数。,为沪教版初中数学题 hjb-junior-ds-v2-s1-469 绘制原创题目插图，单元「等腰三角形」，不要复制教材或试卷版式。 画清点、线、角、平行/垂直/相交/圆等关系；仅呈现题干给出的条件，不暗示未给结论。,仅根据当前原创题干重新绘制简洁数学示意图，不复制、还原或近似教材/试卷原图、版式、题序或受保护视觉布局。
hjb-junior-ds-v2-s1-470,queued,pending,,full,geometry-diagram,S1,七年级下册,等腰三角形,candidates/hjb-junior-ds-v2-s1-470.png,在△ABC中，AB=AC，点D在边BC上，且AD⊥BC，垂足为D。若∠BAD=32°，则∠C的度数为（ ）,为沪教版初中数学题 hjb-junior-ds-v2-s1-470 绘制原创题目插图，单元「等腰三角形」，不要复制教材或试卷版式。 画清点、线、角、平行/垂直/相交/圆等关系；仅呈现题干给出的条件，不暗示未给结论。,仅根据当前原创题干重新绘制简洁数学示意图，不复制、还原或近似教材/试卷原图、版式、题序或受保护视觉布局。
hjb-junior-ds-v2-s1-475,queued,pending,,full,geometry-diagram,S1,七年级下册,等腰三角形,candidates/hjb-junior-ds-v2-s1-475.png,已知线段AB的垂直平分线MN交AB于点O，点P在MN上，且PA=5，则PB=______。,为沪教版初中数学题 hjb-junior-ds-v2-s1-475 绘制原创题目插图，单元「等腰三角形」，不要复制教材或试卷版式。 画清点、线、角、平行/垂直/相交/圆等关系；仅呈现题干给出的条件，不暗示未给结论。,仅根据当前原创题干重新绘制简洁数学示意图，不复制、还原或近似教材/试卷原图、版式、题序或受保护视觉布局。
hjb-junior-ds-v2-s1-476,queued,pending,,full,geometry-diagram,S1,七年级下册,等腰三角形,candidates/hjb-junior-ds-v2-s1-476.png,在△ABC中，AB=AC，∠A=40°，边AC的垂直平分线交AB于点D，连接CD。求∠BCD的度数。,为沪教版初中数学题 hjb-junior-ds-v2-s1-476 绘制原创题目插图，单元「等腰三角形」，不要复制教材或试卷版式。 画清点、线、角、平行/垂直/相交/圆等关系；仅呈现题干给出的条件，不暗示未给结论。,仅根据当前原创题干重新绘制简洁数学示意图，不复制、还原或近似教材/试卷原图、版式、题序或受保护视觉布局。
hjb-junior-ds-v2-s1-478,queued,pending,,full,geometry-diagram,S1,七年级下册,等腰三角形,candidates/hjb-junior-ds-v2-s1-478.png,在△ABC中，AB=AC，∠A=80°，点D在边BC上，且AD=BD。求∠DAC的度数。,为沪教版初中数学题 hjb-junior-ds-v2-s1-478 绘制原创题目插图，单元「等腰三角形」，不要复制教材或试卷版式。 画清点、线、角、平行/垂直/相交/圆等关系；仅呈现题干给出的条件，不暗示未给结论。,仅根据当前原创题干重新绘制简洁数学示意图，不复制、还原或近似教材/试卷原图、版式、题序或受保护视觉布局。
hjb-junior-ds-v2-s1-480,queued,pending,,full,geometry-diagram,S1,七年级下册,等腰三角形,candidates/hjb-junior-ds-v2-s1-480.png,在△ABC中，AB=AC，∠A=36°，点D在边AC上，且BD=BC。求∠DBC的度数。,为沪教版初中数学题 hjb-junior-ds-v2-s1-480 绘制原创题目插图，单元「等腰三角形」，不要复制教材或试卷版式。 画清点、线、角、平行/垂直/相交/圆等关系；仅呈现题干给出的条件，不暗示未给结论。,仅根据当前原创题干重新绘制简洁数学示意图，不复制、还原或近似教材/试卷原图、版式、题序或受保护视觉布局。
hjb-junior-ds-v2-s1-481,queued,pending,,full,geometry-diagram,S1,七年级下册,等腰三角形,candidates/hjb-junior-ds-v2-s1-481.png,在△ABC中，AB = AC，点D在边BC上，且AD = BD。若∠BAD = 50°，求∠DAC的度数。,为沪教版初中数学题 hjb-junior-ds-v2-s1-481 绘制原创题目插图，单元「等腰三角形」，不要复制教材或试卷版式。 画清点、线、角、平行/垂直/相交/圆等关系；仅呈现题干给出的条件，不暗示未给结论。,仅根据当前原创题干重新绘制简洁数学示意图，不复制、还原或近似教材/试卷原图、版式、题序或受保护视觉布局。
hjb-junior-ds-v2-s1-482,queued,pending,,full,geometry-diagram,S1,七年级下册,等腰三角形,candidates/hjb-junior-ds-v2-s1-482.png,在三角形ABC中，AB = AC，点D在边BC上，且AD平分∠BAC。若∠B = 50°，则∠ADC的度数为（ ）,为沪教版初中数学题 hjb-junior-ds-v2-s1-482 绘制原创题目插图，单元「等腰三角形」，不要复制教材或试卷版式。 画清点、线、角、平行/垂直/相交/圆等关系；仅呈现题干给出的条件，不暗示未给结论。,仅根据当前原创题干重新绘制简洁数学示意图，不复制、还原或近似教材/试卷原图、版式、题序或受保护视觉布局。
hjb-junior-ds-v2-s1-483,queued,pending,,full,geometry-diagram,S1,七年级下册,等腰三角形,candidates/hjb-junior-ds-v2-s1-483.png,在△ABC中，AB=AC，点D在BC边上，且AD平分∠BAC。若∠B=50°，则∠ADC的度数为（ ）,为沪教版初中数学题 hjb-junior-ds-v2-s1-483 绘制原创题目插图，单元「等腰三角形」，不要复制教材或试卷版式。 画清点、线、角、平行/垂直/相交/圆等关系；仅呈现题干给出的条件，不暗示未给结论。,仅根据当前原创题干重新绘制简洁数学示意图，不复制、还原或近似教材/试卷原图、版式、题序或受保护视觉布局。
hjb-junior-ds-v2-s1-484,queued,pending,,full,geometry-diagram,S1,七年级下册,等腰三角形,candidates/hjb-junior-ds-v2-s1-484.png,在△ABC中，AB = AC，点D在边BC上，且AD平分∠BAC。下列条件中，能判定△ABD是等腰三角形的是（ ）,为沪教版初中数学题 hjb-junior-ds-v2-s1-484 绘制原创题目插图，单元「等腰三角形」，不要复制教材或试卷版式。 画清点、线、角、平行/垂直/相交/圆等关系；仅呈现题干给出的条件，不暗示未给结论。,仅根据当前原创题干重新绘制简洁数学示意图，不复制、还原或近似教材/试卷原图、版式、题序或受保护视觉布局。
hjb-junior-ds-v2-s1-485,queued,pending,,full,geometry-diagram,S1,七年级下册,等腰三角形,candidates/hjb-junior-ds-v2-s1-485.png,在△ABC中，AB=AC，点D在边BC上，且AD平分∠BAC。点E在边AB上，点F在边AC上，且DE=DF。下列条件中，能推出△BDE≌△CDF的是（ ）,为沪教版初中数学题 hjb-junior-ds-v2-s1-485 绘制原创题目插图，单元「等腰三角形」，不要复制教材或试卷版式。 画清点、线、角、平行/垂直/相交/圆等关系；仅呈现题干给出的条件，不暗示未给结论。,仅根据当前原创题干重新绘制简洁数学示意图，不复制、还原或近似教材/试卷原图、版式、题序或受保护视觉布局。
hjb-junior-ds-v2-s1-486,queued,pending,,full,geometry-diagram,S1,七年级下册,等腰三角形,candidates/hjb-junior-ds-v2-s1-486.png,在△ABC中，AB = AC，D是BC的中点，连接AD。若∠B = 50°，则∠BAD的度数为（ ）,为沪教版初中数学题 hjb-junior-ds-v2-s1-486 绘制原创题目插图，单元「等腰三角形」，不要复制教材或试卷版式。 画清点、线、角、平行/垂直/相交/圆等关系；仅呈现题干给出的条件，不暗示未给结论。,仅根据当前原创题干重新绘制简洁数学示意图，不复制、还原或近似教材/试卷原图、版式、题序或受保护视觉布局。
hjb-junior-ds-v2-s1-487,queued,pending,,full,geometry-diagram,S1,七年级下册,等腰三角形,candidates/hjb-junior-ds-v2-s1-487.png,在△ABC中，AB = AC，点D在BC上，且AD平分∠BAC。若∠B = 70°，则∠ADC的度数为（ ）,为沪教版初中数学题 hjb-junior-ds-v2-s1-487 绘制原创题目插图，单元「等腰三角形」，不要复制教材或试卷版式。 画清点、线、角、平行/垂直/相交/圆等关系；仅呈现题干给出的条件，不暗示未给结论。,仅根据当前原创题干重新绘制简洁数学示意图，不复制、还原或近似教材/试卷原图、版式、题序或受保护视觉布局。
hjb-junior-ds-v2-s1-488,queued,pending,,full,geometry-diagram,S1,七年级下册,等腰三角形,candidates/hjb-junior-ds-v2-s1-488.png,在△PQR中，PQ = PR，∠P = 80°，点S在边QR上，且PS = SQ。求∠SPR的度数。,为沪教版初中数学题 hjb-junior-ds-v2-s1-488 绘制原创题目插图，单元「等腰三角形」，不要复制教材或试卷版式。 画清点、线、角、平行/垂直/相交/圆等关系；仅呈现题干给出的条件，不暗示未给结论。,仅根据当前原创题干重新绘制简洁数学示意图，不复制、还原或近似教材/试卷原图、版式、题序或受保护视觉布局。
hjb-junior-ds-v2-s1-489,queued,pending,,full,geometry-diagram,S1,七年级下册,等腰三角形,candidates/hjb-junior-ds-v2-s1-489.png,在△ABC中，AB=AC，∠A=100°。点D在边BC上，求∠DBC的度数。,为沪教版初中数学题 hjb-junior-ds-v2-s1-489 绘制原创题目插图，单元「等腰三角形」，不要复制教材或试卷版式。 画清点、线、角、平行/垂直/相交/圆等关系；仅呈现题干给出的条件，不暗示未给结论。,仅根据当前原创题干重新绘制简洁数学示意图，不复制、还原或近似教材/试卷原图、版式、题序或受保护视觉布局。
hjb-junior-ds-v2-s1-490,queued,pending,,full,geometry-diagram,S1,七年级下册,等腰三角形,candidates/hjb-junior-ds-v2-s1-490.png,在△ABC中，AB = AC，∠A = 100°，点D在BC的延长线上，且AD = AC。则∠D的度数为（ ）,为沪教版初中数学题 hjb-junior-ds-v2-s1-490 绘制原创题目插图，单元「等腰三角形」，不要复制教材或试卷版式。 画清点、线、角、平行/垂直/相交/圆等关系；仅呈现题干给出的条件，不暗示未给结论。,仅根据当前原创题干重新绘制简洁数学示意图，不复制、还原或近似教材/试卷原图、版式、题序或受保护视觉布局。
hjb-junior-ds-v2-s1-491,queued,pending,,full,geometry-diagram,S1,七年级下册,等腰三角形,candidates/hjb-junior-ds-v2-s1-491.png,在△ABC中，AB=AC，∠B=70°，点D在边AC上，且BD平分∠ABC。求∠BDC的度数。,为沪教版初中数学题 hjb-junior-ds-v2-s1-491 绘制原创题目插图，单元「等腰三角形」，不要复制教材或试卷版式。 画清点、线、角、平行/垂直/相交/圆等关系；仅呈现题干给出的条件，不暗示未给结论。,仅根据当前原创题干重新绘制简洁数学示意图，不复制、还原或近似教材/试卷原图、版式、题序或受保护视觉布局。
hjb-junior-ds-v2-s1-492,queued,pending,,full,geometry-diagram,S1,七年级下册,等腰三角形,candidates/hjb-junior-ds-v2-s1-492.png,在△ABC中，AB=AC，点D在边BC上，且AD⊥BC。若∠BAD=25°，求∠B的度数。,为沪教版初中数学题 hjb-junior-ds-v2-s1-492 绘制原创题目插图，单元「等腰三角形」，不要复制教材或试卷版式。 画清点、线、角、平行/垂直/相交/圆等关系；仅呈现题干给出的条件，不暗示未给结论。,仅根据当前原创题干重新绘制简洁数学示意图，不复制、还原或近似教材/试卷原图、版式、题序或受保护视觉布局。
hjb-junior-ds-v2-s1-493,queued,pending,,full,geometry-diagram,S1,七年级下册,等腰三角形,candidates/hjb-junior-ds-v2-s1-493.png,在△ABC中，AB=AC，∠A=80°，点D在边AB上，且CD=CB。求∠ACD的度数。,为沪教版初中数学题 hjb-junior-ds-v2-s1-493 绘制原创题目插图，单元「等腰三角形」，不要复制教材或试卷版式。 画清点、线、角、平行/垂直/相交/圆等关系；仅呈现题干给出的条件，不暗示未给结论。,仅根据当前原创题干重新绘制简洁数学示意图，不复制、还原或近似教材/试卷原图、版式、题序或受保护视觉布局。
hjb-junior-ds-v2-s1-494,queued,pending,,full,geometry-diagram,S1,七年级下册,等腰三角形,candidates/hjb-junior-ds-v2-s1-494.png,在△ABC中，AB=AC，∠A=80°。点D在边BC上，且AD=BD。求∠DAC的度数。,为沪教版初中数学题 hjb-junior-ds-v2-s1-494 绘制原创题目插图，单元「等腰三角形」，不要复制教材或试卷版式。 画清点、线、角、平行/垂直/相交/圆等关系；仅呈现题干给出的条件，不暗示未给结论。,仅根据当前原创题干重新绘制简洁数学示意图，不复制、还原或近似教材/试卷原图、版式、题序或受保护视觉布局。
hjb-junior-ds-v2-s1-495,queued,pending,,full,geometry-diagram,S1,七年级下册,等腰三角形,candidates/hjb-junior-ds-v2-s1-495.png,在△ABC中，AB=AC，点D在边AC上，且AD=BD=BC。求∠A的度数。,为沪教版初中数学题 hjb-junior-ds-v2-s1-495 绘制原创题目插图，单元「等腰三角形」，不要复制教材或试卷版式。 画清点、线、角、平行/垂直/相交/圆等关系；仅呈现题干给出的条件，不暗示未给结论。,仅根据当前原创题干重新绘制简洁数学示意图，不复制、还原或近似教材/试卷原图、版式、题序或受保护视觉布局。
hjb-junior-ds-v2-s1-496,queued,pending,,full,geometry-diagram,S1,七年级下册,等腰三角形,candidates/hjb-junior-ds-v2-s1-496.png,在△ABC中，AB = AC，D是BC的中点，连接AD。若∠B = 65°，求∠BAD的度数。,为沪教版初中数学题 hjb-junior-ds-v2-s1-496 绘制原创题目插图，单元「等腰三角形」，不要复制教材或试卷版式。 画清点、线、角、平行/垂直/相交/圆等关系；仅呈现题干给出的条件，不暗示未给结论。,仅根据当前原创题干重新绘制简洁数学示意图，不复制、还原或近似教材/试卷原图、版式、题序或受保护视觉布局。
hjb-junior-ds-v2-s1-497,queued,pending,,full,geometry-diagram,S1,七年级下册,等腰三角形,candidates/hjb-junior-ds-v2-s1-497.png,在△ABC中，AB = AC，点D在边BC上，且AD平分∠BAC。已知∠B = 50°，求∠ADC的度数。,为沪教版初中数学题 hjb-junior-ds-v2-s1-497 绘制原创题目插图，单元「等腰三角形」，不要复制教材或试卷版式。 画清点、线、角、平行/垂直/相交/圆等关系；仅呈现题干给出的条件，不暗示未给结论。,仅根据当前原创题干重新绘制简洁数学示意图，不复制、还原或近似教材/试卷原图、版式、题序或受保护视觉布局。
hjb-junior-ds-v2-s1-498,queued,pending,,full,geometry-diagram,S1,七年级下册,等腰三角形,candidates/hjb-junior-ds-v2-s1-498.png,在△ABC中，AB=AC，∠A=40°，点D在边BC上，且AD平分∠BAC。点E在边AB上，点F在边AC上，且DE=DF。添加下列哪个条件后，仍无法判定△BDE≌△CDF？,为沪教版初中数学题 hjb-junior-ds-v2-s1-498 绘制原创题目插图，单元「等腰三角形」，不要复制教材或试卷版式。 画清点、线、角、平行/垂直/相交/圆等关系；仅呈现题干给出的条件，不暗示未给结论。,仅根据当前原创题干重新绘制简洁数学示意图，不复制、还原或近似教材/试卷原图、版式、题序或受保护视觉布局。
hjb-junior-ds-v2-s1-499,queued,pending,,full,geometry-diagram,S1,七年级下册,等腰三角形,candidates/hjb-junior-ds-v2-s1-499.png,在△ABC中，AB = AC，点D在边BC上，且BD = CD。若∠B = 65°，则∠BAD的度数为（ ）,为沪教版初中数学题 hjb-junior-ds-v2-s1-499 绘制原创题目插图，单元「等腰三角形」，不要复制教材或试卷版式。 画清点、线、角、平行/垂直/相交/圆等关系；仅呈现题干给出的条件，不暗示未给结论。,仅根据当前原创题干重新绘制简洁数学示意图，不复制、还原或近似教材/试卷原图、版式、题序或受保护视觉布局。
hjb-junior-ds-v2-s1-500,queued,pending,,full,geometry-diagram,S1,七年级下册,等腰三角形,candidates/hjb-junior-ds-v2-s1-500.png,在△ABC中，AB = AC，点D在边BC上，且AD平分∠BAC。若∠B = 50°，则∠ADC的度数为（ ）,为沪教版初中数学题 hjb-junior-ds-v2-s1-500 绘制原创题目插图，单元「等腰三角形」，不要复制教材或试卷版式。 画清点、线、角、平行/垂直/相交/圆等关系；仅呈现题干给出的条件，不暗示未给结论。,仅根据当前原创题干重新绘制简洁数学示意图，不复制、还原或近似教材/试卷原图、版式、题序或受保护视觉布局。
hjb-junior-ds-v2-s1-380,queued,pending,,full,geometry-diagram,S1,七年级下册,三角形,candidates/hjb-junior-ds-v2-s1-380.png,已知△ABC≌△DEF，且A与D对应，B与E对应。若AB=6 cm，BC=8 cm，∠B=50°，则下列结论正确的是（　）,为沪教版初中数学题 hjb-junior-ds-v2-s1-380 绘制原创题目插图，单元「三角形」，不要复制教材或试卷版式。 画清点、线、角、平行/垂直/相交/圆等关系；仅呈现题干给出的条件，不暗示未给结论。,仅根据当前原创题干重新绘制简洁数学示意图，不复制、还原或近似教材/试卷原图、版式、题序或受保护视觉布局。
hjb-junior-ds-v2-s1-395,queued,pending,,full,geometry-diagram,S1,七年级下册,三角形,candidates/hjb-junior-ds-v2-s1-395.png,已知△ABC≌△DEF，且点A与点D对应，点B与点E对应。若AB=6 cm，BC=8 cm，AC=10 cm，则DF=______ cm。,为沪教版初中数学题 hjb-junior-ds-v2-s1-395 绘制原创题目插图，单元「三角形」，不要复制教材或试卷版式。 画清点、线、角、平行/垂直/相交/圆等关系；仅呈现题干给出的条件，不暗示未给结论。,仅根据当前原创题干重新绘制简洁数学示意图，不复制、还原或近似教材/试卷原图、版式、题序或受保护视觉布局。
hjb-junior-ds-v2-s1-398,queued,pending,,full,geometry-diagram,S1,七年级下册,三角形,candidates/hjb-junior-ds-v2-s1-398.png,在△ABC中，∠A＝40°，∠B＝60°，CD是∠ACB的平分线，则∠ACD的度数为（ ）,为沪教版初中数学题 hjb-junior-ds-v2-s1-398 绘制原创题目插图，单元「三角形」，不要复制教材或试卷版式。 画清点、线、角、平行/垂直/相交/圆等关系；仅呈现题干给出的条件，不暗示未给结论。,仅根据当前原创题干重新绘制简洁数学示意图，不复制、还原或近似教材/试卷原图、版式、题序或受保护视觉布局。
hjb-junior-ds-v2-s1-400,queued,pending,,full,geometry-diagram,S1,七年级下册,三角形,candidates/hjb-junior-ds-v2-s1-400.png,已知△ABC≌△DEF，点A与点D对应，点B与点E对应，且AB＝5 cm，BC＝6 cm，∠B＝50°，则下列结论正确的是（ ）,为沪教版初中数学题 hjb-junior-ds-v2-s1-400 绘制原创题目插图，单元「三角形」，不要复制教材或试卷版式。 画清点、线、角、平行/垂直/相交/圆等关系；仅呈现题干给出的条件，不暗示未给结论。,仅根据当前原创题干重新绘制简洁数学示意图，不复制、还原或近似教材/试卷原图、版式、题序或受保护视觉布局。
hjb-junior-ds-v2-s1-430,queued,pending,,full,geometry-diagram,S1,七年级下册,三角形,candidates/hjb-junior-ds-v2-s1-430.png,已知△ABC≌△DEF，且A与D对应，B与E对应，若AB=5 cm，BC=6 cm，∠B=70°，则下列结论正确的是（　）,为沪教版初中数学题 hjb-junior-ds-v2-s1-430 绘制原创题目插图，单元「三角形」，不要复制教材或试卷版式。 画清点、线、角、平行/垂直/相交/圆等关系；仅呈现题干给出的条件，不暗示未给结论。,仅根据当前原创题干重新绘制简洁数学示意图，不复制、还原或近似教材/试卷原图、版式、题序或受保护视觉布局。
hjb-junior-ds-v2-s1-431,queued,pending,,full,geometry-diagram,S1,七年级下册,三角形,candidates/hjb-junior-ds-v2-s1-431.png,已知三条线段的长度分别为 5 cm，8 cm，12 cm。这三条线段能否组成三角形？若能，请计算其周长；若不能，请说明理由。,为沪教版初中数学题 hjb-junior-ds-v2-s1-431 绘制原创题目插图，单元「三角形」，不要复制教材或试卷版式。 画清点、线、角、平行/垂直/相交/圆等关系；仅呈现题干给出的条件，不暗示未给结论。,仅根据当前原创题干重新绘制简洁数学示意图，不复制、还原或近似教材/试卷原图、版式、题序或受保护视觉布局。
hjb-junior-ds-v2-s1-314,queued,pending,,full,geometry-diagram,S1,七年级下册,相交线与平行线,candidates/hjb-junior-ds-v2-s1-314.png,已知直线\(AB \parallel CD\)，直线\(EF\)分别交\(AB\)、\(CD\)于点\(G\)、\(H\)。若\(\angle EGB = 65^\circ\)，则\(\angle GHD\)的度数为______。,为沪教版初中数学题 hjb-junior-ds-v2-s1-314 绘制原创题目插图，单元「相交线与平行线」，不要复制教材或试卷版式。 画清点、线、角、平行/垂直/相交/圆等关系；仅呈现题干给出的条件，不暗示未给结论。,仅根据当前原创题干重新绘制简洁数学示意图，不复制、还原或近似教材/试卷原图、版式、题序或受保护视觉布局。
hjb-junior-ds-v2-s1-315,queued,pending,,full,geometry-diagram,S1,七年级下册,相交线与平行线,candidates/hjb-junior-ds-v2-s1-315.png,在同一平面内，已知直线\(l_1\)与\(l_2\)被直线\(l_3\)所截，\(\angle 1\)和\(\angle 2\)是内错角。若\(\angle 1 = 50^\circ\)，\(\angle 2 = 50^\circ\)，则\(l_1\)与\(l_2\)的位置关系是______，依据是______。,为沪教版初中数学题 hjb-junior-ds-v2-s1-315 绘制原创题目插图，单元「相交线与平行线」，不要复制教材或试卷版式。 画清点、线、角、平行/垂直/相交/圆等关系；仅呈现题干给出的条件，不暗示未给结论。,仅根据当前原创题干重新绘制简洁数学示意图，不复制、还原或近似教材/试卷原图、版式、题序或受保护视觉布局。
hjb-junior-ds-v2-s1-316,queued,pending,,full,geometry-diagram,S1,七年级下册,相交线与平行线,candidates/hjb-junior-ds-v2-s1-316.png,已知直线AB与CD相交于点O，OE平分∠AOC。若∠AOE=35°，则∠BOD的度数为（ ）。,为沪教版初中数学题 hjb-junior-ds-v2-s1-316 绘制原创题目插图，单元「相交线与平行线」，不要复制教材或试卷版式。 画清点、线、角、平行/垂直/相交/圆等关系；仅呈现题干给出的条件，不暗示未给结论。,仅根据当前原创题干重新绘制简洁数学示意图，不复制、还原或近似教材/试卷原图、版式、题序或受保护视觉布局。
hjb-junior-ds-v2-s1-317,queued,pending,,full,geometry-diagram,S1,七年级下册,相交线与平行线,candidates/hjb-junior-ds-v2-s1-317.png,已知直线AB与CD相交于点O，OE平分∠AOC。若∠AOE=35°，求∠BOD的度数。,为沪教版初中数学题 hjb-junior-ds-v2-s1-317 绘制原创题目插图，单元「相交线与平行线」，不要复制教材或试卷版式。 画清点、线、角、平行/垂直/相交/圆等关系；仅呈现题干给出的条件，不暗示未给结论。,仅根据当前原创题干重新绘制简洁数学示意图，不复制、还原或近似教材/试卷原图、版式、题序或受保护视觉布局。
hjb-junior-ds-v2-s1-318,queued,pending,,full,geometry-diagram,S1,七年级下册,相交线与平行线,candidates/hjb-junior-ds-v2-s1-318.png,直线AB与CD相交于点O，OE平分∠AOC。已知∠AOE = 35°，求∠BOD的度数，并说明理由。,为沪教版初中数学题 hjb-junior-ds-v2-s1-318 绘制原创题目插图，单元「相交线与平行线」，不要复制教材或试卷版式。 画清点、线、角、平行/垂直/相交/圆等关系；仅呈现题干给出的条件，不暗示未给结论。,仅根据当前原创题干重新绘制简洁数学示意图，不复制、还原或近似教材/试卷原图、版式、题序或受保护视觉布局。
hjb-junior-ds-v2-s1-319,queued,pending,,full,geometry-diagram,S1,七年级下册,相交线与平行线,candidates/hjb-junior-ds-v2-s1-319.png,已知直线AB与直线CD相交于点O，且∠AOC = 50°。若OE平分∠AOD，则∠COE的度数为（ ）。,为沪教版初中数学题 hjb-junior-ds-v2-s1-319 绘制原创题目插图，单元「相交线与平行线」，不要复制教材或试卷版式。 画清点、线、角、平行/垂直/相交/圆等关系；仅呈现题干给出的条件，不暗示未给结论。,仅根据当前原创题干重新绘制简洁数学示意图，不复制、还原或近似教材/试卷原图、版式、题序或受保护视觉布局。
hjb-junior-ds-v2-s1-320,queued,pending,,full,geometry-diagram,S1,七年级下册,相交线与平行线,candidates/hjb-junior-ds-v2-s1-320.png,在同一平面内，直线AB与直线CD相交于点O，射线OE平分∠AOC。已知∠AOE=35°，求∠BOD的度数。,为沪教版初中数学题 hjb-junior-ds-v2-s1-320 绘制原创题目插图，单元「相交线与平行线」，不要复制教材或试卷版式。 画清点、线、角、平行/垂直/相交/圆等关系；仅呈现题干给出的条件，不暗示未给结论。,仅根据当前原创题干重新绘制简洁数学示意图，不复制、还原或近似教材/试卷原图、版式、题序或受保护视觉布局。
hjb-junior-ds-v2-s1-322,queued,pending,,full,geometry-diagram,S1,七年级下册,相交线与平行线,candidates/hjb-junior-ds-v2-s1-322.png,已知直线AB与CD相交于点O，∠AOC=70°。下列判断正确的是（　）。,为沪教版初中数学题 hjb-junior-ds-v2-s1-322 绘制原创题目插图，单元「相交线与平行线」，不要复制教材或试卷版式。 画清点、线、角、平行/垂直/相交/圆等关系；仅呈现题干给出的条件，不暗示未给结论。,仅根据当前原创题干重新绘制简洁数学示意图，不复制、还原或近似教材/试卷原图、版式、题序或受保护视觉布局。
hjb-junior-ds-v2-s1-323,queued,pending,,full,geometry-diagram,S1,七年级下册,相交线与平行线,candidates/hjb-junior-ds-v2-s1-323.png,直线AB与CD相交于点O，∠AOD=3∠AOC，则∠BOC=______°。,为沪教版初中数学题 hjb-junior-ds-v2-s1-323 绘制原创题目插图，单元「相交线与平行线」，不要复制教材或试卷版式。 画清点、线、角、平行/垂直/相交/圆等关系；仅呈现题干给出的条件，不暗示未给结论。,仅根据当前原创题干重新绘制简洁数学示意图，不复制、还原或近似教材/试卷原图、版式、题序或受保护视觉布局。
hjb-junior-ds-v2-s1-324,queued,pending,,full,geometry-diagram,S1,七年级下册,相交线与平行线,candidates/hjb-junior-ds-v2-s1-324.png,已知直线a∥b，直线c与a、b分别交于点A、B。若∠1=65°，∠1与∠2是内错角，求∠2的度数，并说明依据。,为沪教版初中数学题 hjb-junior-ds-v2-s1-324 绘制原创题目插图，单元「相交线与平行线」，不要复制教材或试卷版式。 画清点、线、角、平行/垂直/相交/圆等关系；仅呈现题干给出的条件，不暗示未给结论。,仅根据当前原创题干重新绘制简洁数学示意图，不复制、还原或近似教材/试卷原图、版式、题序或受保护视觉布局。
hjb-junior-ds-v2-s1-325,queued,pending,,full,geometry-diagram,S1,七年级下册,相交线与平行线,candidates/hjb-junior-ds-v2-s1-325.png,下列条件中，能判定直线l₁∥l₂的是（　）。,为沪教版初中数学题 hjb-junior-ds-v2-s1-325 绘制原创题目插图，单元「相交线与平行线」，不要复制教材或试卷版式。 画清点、线、角、平行/垂直/相交/圆等关系；仅呈现题干给出的条件，不暗示未给结论。,仅根据当前原创题干重新绘制简洁数学示意图，不复制、还原或近似教材/试卷原图、版式、题序或受保护视觉布局。
hjb-junior-ds-v2-s1-326,queued,pending,,full,geometry-diagram,S1,七年级下册,相交线与平行线,candidates/hjb-junior-ds-v2-s1-326.png,已知直线AB与CD相交于点O，∠AOC = 50°。若OE平分∠AOD，求∠COE的度数。,为沪教版初中数学题 hjb-junior-ds-v2-s1-326 绘制原创题目插图，单元「相交线与平行线」，不要复制教材或试卷版式。 画清点、线、角、平行/垂直/相交/圆等关系；仅呈现题干给出的条件，不暗示未给结论。,仅根据当前原创题干重新绘制简洁数学示意图，不复制、还原或近似教材/试卷原图、版式、题序或受保护视觉布局。
hjb-junior-ds-v2-s1-327,queued,pending,,full,geometry-diagram,S1,七年级下册,相交线与平行线,candidates/hjb-junior-ds-v2-s1-327.png,已知直线AB与直线CD相交于点O，∠AOC = 50°。若OE平分∠AOD，求∠COE的度数。请写出推理过程。,为沪教版初中数学题 hjb-junior-ds-v2-s1-327 绘制原创题目插图，单元「相交线与平行线」，不要复制教材或试卷版式。 画清点、线、角、平行/垂直/相交/圆等关系；仅呈现题干给出的条件，不暗示未给结论。,仅根据当前原创题干重新绘制简洁数学示意图，不复制、还原或近似教材/试卷原图、版式、题序或受保护视觉布局。
hjb-junior-ds-v2-s1-328,queued,pending,,full,geometry-diagram,S1,七年级下册,相交线与平行线,candidates/hjb-junior-ds-v2-s1-328.png,已知直线AB与CD相交于点O，OE平分∠AOC。若∠AOD=130°，则∠COE的度数为（ ）。,为沪教版初中数学题 hjb-junior-ds-v2-s1-328 绘制原创题目插图，单元「相交线与平行线」，不要复制教材或试卷版式。 画清点、线、角、平行/垂直/相交/圆等关系；仅呈现题干给出的条件，不暗示未给结论。,仅根据当前原创题干重新绘制简洁数学示意图，不复制、还原或近似教材/试卷原图、版式、题序或受保护视觉布局。
hjb-junior-ds-v2-s1-329,queued,pending,,full,geometry-diagram,S1,七年级下册,相交线与平行线,candidates/hjb-junior-ds-v2-s1-329.png,已知直线AB与直线CD相交于点O，∠AOC=50°。若OE平分∠AOD，求∠COE的度数。,为沪教版初中数学题 hjb-junior-ds-v2-s1-329 绘制原创题目插图，单元「相交线与平行线」，不要复制教材或试卷版式。 画清点、线、角、平行/垂直/相交/圆等关系；仅呈现题干给出的条件，不暗示未给结论。,仅根据当前原创题干重新绘制简洁数学示意图，不复制、还原或近似教材/试卷原图、版式、题序或受保护视觉布局。
hjb-junior-ds-v2-s1-330,queued,pending,,full,geometry-diagram,S1,七年级下册,相交线与平行线,candidates/hjb-junior-ds-v2-s1-330.png,已知直线AB与CD相交于点O，∠AOC＝58°，OE平分∠AOD。求∠BOE的度数。,为沪教版初中数学题 hjb-junior-ds-v2-s1-330 绘制原创题目插图，单元「相交线与平行线」，不要复制教材或试卷版式。 画清点、线、角、平行/垂直/相交/圆等关系；仅呈现题干给出的条件，不暗示未给结论。,仅根据当前原创题干重新绘制简洁数学示意图，不复制、还原或近似教材/试卷原图、版式、题序或受保护视觉布局。
hjb-junior-ds-v2-s1-331,queued,pending,,full,geometry-diagram,S1,七年级下册,相交线与平行线,candidates/hjb-junior-ds-v2-s1-331.png,已知直线AB与直线CD相交于点O，∠AOC = 50°。若OE平分∠AOD，则∠COE的度数为（ ）,为沪教版初中数学题 hjb-junior-ds-v2-s1-331 绘制原创题目插图，单元「相交线与平行线」，不要复制教材或试卷版式。 画清点、线、角、平行/垂直/相交/圆等关系；仅呈现题干给出的条件，不暗示未给结论。,仅根据当前原创题干重新绘制简洁数学示意图，不复制、还原或近似教材/试卷原图、版式、题序或受保护视觉布局。
hjb-junior-ds-v2-s1-332,queued,pending,,full,geometry-diagram,S1,七年级下册,相交线与平行线,candidates/hjb-junior-ds-v2-s1-332.png,已知直线AB与CD相交于点O，∠AOC = 58°。若OE平分∠AOD，求∠COE的度数。,为沪教版初中数学题 hjb-junior-ds-v2-s1-332 绘制原创题目插图，单元「相交线与平行线」，不要复制教材或试卷版式。 画清点、线、角、平行/垂直/相交/圆等关系；仅呈现题干给出的条件，不暗示未给结论。,仅根据当前原创题干重新绘制简洁数学示意图，不复制、还原或近似教材/试卷原图、版式、题序或受保护视觉布局。
hjb-junior-ds-v2-s1-333,queued,pending,,full,geometry-diagram,S1,七年级下册,相交线与平行线,candidates/hjb-junior-ds-v2-s1-333.png,已知直线AB与直线CD相交于点O，∠AOC = 58°。若OE平分∠AOD，求∠COE的度数。,为沪教版初中数学题 hjb-junior-ds-v2-s1-333 绘制原创题目插图，单元「相交线与平行线」，不要复制教材或试卷版式。 画清点、线、角、平行/垂直/相交/圆等关系；仅呈现题干给出的条件，不暗示未给结论。,仅根据当前原创题干重新绘制简洁数学示意图，不复制、还原或近似教材/试卷原图、版式、题序或受保护视觉布局。
hjb-junior-ds-v2-s1-334,queued,pending,,full,geometry-diagram,S1,七年级下册,相交线与平行线,candidates/hjb-junior-ds-v2-s1-334.png,直线AB与CD相交于点O，∠AOC与∠BOD是对顶角。已知∠AOC=72°，则∠BOD的度数为（ ）,为沪教版初中数学题 hjb-junior-ds-v2-s1-334 绘制原创题目插图，单元「相交线与平行线」，不要复制教材或试卷版式。 画清点、线、角、平行/垂直/相交/圆等关系；仅呈现题干给出的条件，不暗示未给结论。,仅根据当前原创题干重新绘制简洁数学示意图，不复制、还原或近似教材/试卷原图、版式、题序或受保护视觉布局。
hjb-junior-ds-v2-s1-335,queued,pending,,full,geometry-diagram,S1,七年级下册,相交线与平行线,candidates/hjb-junior-ds-v2-s1-335.png,直线AB与直线CD相交于点O，∠AOC = 50°。OE平分∠AOD。求∠COE的度数。,为沪教版初中数学题 hjb-junior-ds-v2-s1-335 绘制原创题目插图，单元「相交线与平行线」，不要复制教材或试卷版式。 画清点、线、角、平行/垂直/相交/圆等关系；仅呈现题干给出的条件，不暗示未给结论。,仅根据当前原创题干重新绘制简洁数学示意图，不复制、还原或近似教材/试卷原图、版式、题序或受保护视觉布局。
hjb-junior-ds-v2-s1-336,queued,pending,,full,geometry-diagram,S1,七年级下册,相交线与平行线,candidates/hjb-junior-ds-v2-s1-336.png,直线AB与CD相交于点O，OE平分∠AOD。已知∠AOC = 44°，求∠BOE的度数。,为沪教版初中数学题 hjb-junior-ds-v2-s1-336 绘制原创题目插图，单元「相交线与平行线」，不要复制教材或试卷版式。 画清点、线、角、平行/垂直/相交/圆等关系；仅呈现题干给出的条件，不暗示未给结论。,仅根据当前原创题干重新绘制简洁数学示意图，不复制、还原或近似教材/试卷原图、版式、题序或受保护视觉布局。
hjb-junior-ds-v2-s1-337,queued,pending,,full,geometry-diagram,S1,七年级下册,相交线与平行线,candidates/hjb-junior-ds-v2-s1-337.png,已知直线AB与直线CD相交于点O，∠AOC＝50°。若OE平分∠AOD，则∠COE的度数是多少？,为沪教版初中数学题 hjb-junior-ds-v2-s1-337 绘制原创题目插图，单元「相交线与平行线」，不要复制教材或试卷版式。 画清点、线、角、平行/垂直/相交/圆等关系；仅呈现题干给出的条件，不暗示未给结论。,仅根据当前原创题干重新绘制简洁数学示意图，不复制、还原或近似教材/试卷原图、版式、题序或受保护视觉布局。
hjb-junior-ds-v2-s1-338,queued,pending,,full,geometry-diagram,S1,七年级下册,相交线与平行线,candidates/hjb-junior-ds-v2-s1-338.png,直线AB与CD相交于点O，OE平分∠BOC。已知∠AOD = 58°，求∠DOE的度数。,为沪教版初中数学题 hjb-junior-ds-v2-s1-338 绘制原创题目插图，单元「相交线与平行线」，不要复制教材或试卷版式。 画清点、线、角、平行/垂直/相交/圆等关系；仅呈现题干给出的条件，不暗示未给结论。,仅根据当前原创题干重新绘制简洁数学示意图，不复制、还原或近似教材/试卷原图、版式、题序或受保护视觉布局。
hjb-junior-ds-v2-s1-339,queued,pending,,full,geometry-diagram,S1,七年级下册,相交线与平行线,candidates/hjb-junior-ds-v2-s1-339.png,已知直线AB与CD相交于点O，∠AOC＝58°，OE平分∠AOD。求∠COE的度数。,为沪教版初中数学题 hjb-junior-ds-v2-s1-339 绘制原创题目插图，单元「相交线与平行线」，不要复制教材或试卷版式。 画清点、线、角、平行/垂直/相交/圆等关系；仅呈现题干给出的条件，不暗示未给结论。,仅根据当前原创题干重新绘制简洁数学示意图，不复制、还原或近似教材/试卷原图、版式、题序或受保护视觉布局。
hjb-junior-ds-v2-s1-340,queued,pending,,full,geometry-diagram,S1,七年级下册,相交线与平行线,candidates/hjb-junior-ds-v2-s1-340.png,两条直线AB与CD相交于点O，射线OE在∠AOD内部，且∠COE=90°。若∠AOC=58°，则∠BOE的度数为（ ）,为沪教版初中数学题 hjb-junior-ds-v2-s1-340 绘制原创题目插图，单元「相交线与平行线」，不要复制教材或试卷版式。 画清点、线、角、平行/垂直/相交/圆等关系；仅呈现题干给出的条件，不暗示未给结论。,仅根据当前原创题干重新绘制简洁数学示意图，不复制、还原或近似教材/试卷原图、版式、题序或受保护视觉布局。
hjb-junior-ds-v2-s1-341,queued,pending,,full,geometry-diagram,S1,七年级下册,相交线与平行线,candidates/hjb-junior-ds-v2-s1-341.png,直线AB与CD相交于点O，OE平分∠AOD。已知∠AOC = 62°，求∠COE的度数。,为沪教版初中数学题 hjb-junior-ds-v2-s1-341 绘制原创题目插图，单元「相交线与平行线」，不要复制教材或试卷版式。 画清点、线、角、平行/垂直/相交/圆等关系；仅呈现题干给出的条件，不暗示未给结论。,仅根据当前原创题干重新绘制简洁数学示意图，不复制、还原或近似教材/试卷原图、版式、题序或受保护视觉布局。
hjb-junior-ds-v2-s1-342,queued,pending,,full,geometry-diagram,S1,七年级下册,相交线与平行线,candidates/hjb-junior-ds-v2-s1-342.png,在同一平面内，直线AB与直线CD相交于点O，且∠AOC = 40°。过点O作射线OE，使得∠COE = 60°。求∠AOE的度数。,为沪教版初中数学题 hjb-junior-ds-v2-s1-342 绘制原创题目插图，单元「相交线与平行线」，不要复制教材或试卷版式。 画清点、线、角、平行/垂直/相交/圆等关系；仅呈现题干给出的条件，不暗示未给结论。,仅根据当前原创题干重新绘制简洁数学示意图，不复制、还原或近似教材/试卷原图、版式、题序或受保护视觉布局。
hjb-junior-ds-v2-s1-343,queued,pending,,full,geometry-diagram,S1,七年级下册,相交线与平行线,candidates/hjb-junior-ds-v2-s1-343.png,直线a、b被直线c所截，形成八个角。已知∠1和∠2是同位角，∠3和∠4是内错角。下列条件中能判定a∥b的是（ ）。,为沪教版初中数学题 hjb-junior-ds-v2-s1-343 绘制原创题目插图，单元「相交线与平行线」，不要复制教材或试卷版式。 画清点、线、角、平行/垂直/相交/圆等关系；仅呈现题干给出的条件，不暗示未给结论。,仅根据当前原创题干重新绘制简洁数学示意图，不复制、还原或近似教材/试卷原图、版式、题序或受保护视觉布局。
hjb-junior-ds-v2-s1-344,queued,pending,,full,geometry-diagram,S1,七年级下册,相交线与平行线,candidates/hjb-junior-ds-v2-s1-344.png,直线AB与CD相交于点O，∠AOC = 50°。射线OE平分∠AOD。求∠COE的度数。,为沪教版初中数学题 hjb-junior-ds-v2-s1-344 绘制原创题目插图，单元「相交线与平行线」，不要复制教材或试卷版式。 画清点、线、角、平行/垂直/相交/圆等关系；仅呈现题干给出的条件，不暗示未给结论。,仅根据当前原创题干重新绘制简洁数学示意图，不复制、还原或近似教材/试卷原图、版式、题序或受保护视觉布局。
hjb-junior-ds-v2-s1-345,queued,pending,,full,geometry-diagram,S1,七年级下册,相交线与平行线,candidates/hjb-junior-ds-v2-s1-345.png,已知直线a∥b，直线c与a、b分别交于点A、B。∠1和∠2是一对同旁内角，且∠1 = 70°。求∠2的度数。,为沪教版初中数学题 hjb-junior-ds-v2-s1-345 绘制原创题目插图，单元「相交线与平行线」，不要复制教材或试卷版式。 画清点、线、角、平行/垂直/相交/圆等关系；仅呈现题干给出的条件，不暗示未给结论。,仅根据当前原创题干重新绘制简洁数学示意图，不复制、还原或近似教材/试卷原图、版式、题序或受保护视觉布局。
hjb-junior-ds-v2-s1-346,queued,pending,,full,geometry-diagram,S1,七年级下册,相交线与平行线,candidates/hjb-junior-ds-v2-s1-346.png,直线AB与CD相交于点O，OE平分∠AOC。已知∠AOE=42°，求∠BOD的度数。,为沪教版初中数学题 hjb-junior-ds-v2-s1-346 绘制原创题目插图，单元「相交线与平行线」，不要复制教材或试卷版式。 画清点、线、角、平行/垂直/相交/圆等关系；仅呈现题干给出的条件，不暗示未给结论。,仅根据当前原创题干重新绘制简洁数学示意图，不复制、还原或近似教材/试卷原图、版式、题序或受保护视觉布局。
hjb-junior-ds-v2-s1-347,queued,pending,,full,geometry-diagram,S1,七年级下册,相交线与平行线,candidates/hjb-junior-ds-v2-s1-347.png,直线AB与CD相交于点O，OE平分∠AOC。若∠AOE=35°，则∠BOD的度数为______°。,为沪教版初中数学题 hjb-junior-ds-v2-s1-347 绘制原创题目插图，单元「相交线与平行线」，不要复制教材或试卷版式。 画清点、线、角、平行/垂直/相交/圆等关系；仅呈现题干给出的条件，不暗示未给结论。,仅根据当前原创题干重新绘制简洁数学示意图，不复制、还原或近似教材/试卷原图、版式、题序或受保护视觉布局。
hjb-junior-ds-v2-s1-348,queued,pending,,full,geometry-diagram,S1,七年级下册,相交线与平行线,candidates/hjb-junior-ds-v2-s1-348.png,直线AB与CD相交于点O，∠AOC = 50°。在射线OB上取一点E，使得∠COE = 80°。求∠AOE的度数。,为沪教版初中数学题 hjb-junior-ds-v2-s1-348 绘制原创题目插图，单元「相交线与平行线」，不要复制教材或试卷版式。 画清点、线、角、平行/垂直/相交/圆等关系；仅呈现题干给出的条件，不暗示未给结论。,仅根据当前原创题干重新绘制简洁数学示意图，不复制、还原或近似教材/试卷原图、版式、题序或受保护视觉布局。
hjb-junior-ds-v2-s1-349,queued,pending,,full,geometry-diagram,S1,七年级下册,相交线与平行线,candidates/hjb-junior-ds-v2-s1-349.png,直线AB与CD相交于点O，OE平分∠AOC。若∠AOE=35°，则∠BOD的度数为（ ）,为沪教版初中数学题 hjb-junior-ds-v2-s1-349 绘制原创题目插图，单元「相交线与平行线」，不要复制教材或试卷版式。 画清点、线、角、平行/垂直/相交/圆等关系；仅呈现题干给出的条件，不暗示未给结论。,仅根据当前原创题干重新绘制简洁数学示意图，不复制、还原或近似教材/试卷原图、版式、题序或受保护视觉布局。
hjb-junior-ds-v2-s1-350,queued,pending,,full,geometry-diagram,S1,七年级下册,相交线与平行线,candidates/hjb-junior-ds-v2-s1-350.png,直线AB与CD相交于点O，OE平分∠AOD。已知∠AOC=50°，求∠COE的度数。,为沪教版初中数学题 hjb-junior-ds-v2-s1-350 绘制原创题目插图，单元「相交线与平行线」，不要复制教材或试卷版式。 画清点、线、角、平行/垂直/相交/圆等关系；仅呈现题干给出的条件，不暗示未给结论。,仅根据当前原创题干重新绘制简洁数学示意图，不复制、还原或近似教材/试卷原图、版式、题序或受保护视觉布局。
hjb-junior-ds-v2-s1-351,queued,pending,,full,geometry-diagram,S1,七年级下册,相交线与平行线,candidates/hjb-junior-ds-v2-s1-351.png,已知直线AB与CD相交于点O，∠AOC = 50°。求∠BOD的度数，并说明理由。,为沪教版初中数学题 hjb-junior-ds-v2-s1-351 绘制原创题目插图，单元「相交线与平行线」，不要复制教材或试卷版式。 画清点、线、角、平行/垂直/相交/圆等关系；仅呈现题干给出的条件，不暗示未给结论。,仅根据当前原创题干重新绘制简洁数学示意图，不复制、还原或近似教材/试卷原图、版式、题序或受保护视觉布局。
hjb-junior-ds-v2-s1-353,queued,pending,,full,geometry-diagram,S1,七年级下册,相交线与平行线,candidates/hjb-junior-ds-v2-s1-353.png,直线AB与CD相交于点O，OE平分∠AOD。若∠AOC = 40°，则∠COE = ______度。,为沪教版初中数学题 hjb-junior-ds-v2-s1-353 绘制原创题目插图，单元「相交线与平行线」，不要复制教材或试卷版式。 画清点、线、角、平行/垂直/相交/圆等关系；仅呈现题干给出的条件，不暗示未给结论。,仅根据当前原创题干重新绘制简洁数学示意图，不复制、还原或近似教材/试卷原图、版式、题序或受保护视觉布局。
hjb-junior-ds-v2-s1-355,queued,pending,,full,geometry-diagram,S1,七年级下册,相交线与平行线,candidates/hjb-junior-ds-v2-s1-355.png,直线AB与CD相交于点O，∠AOD = 130°。下列结论正确的是：,为沪教版初中数学题 hjb-junior-ds-v2-s1-355 绘制原创题目插图，单元「相交线与平行线」，不要复制教材或试卷版式。 画清点、线、角、平行/垂直/相交/圆等关系；仅呈现题干给出的条件，不暗示未给结论。,仅根据当前原创题干重新绘制简洁数学示意图，不复制、还原或近似教材/试卷原图、版式、题序或受保护视觉布局。
hjb-junior-ds-v2-s1-356,queued,pending,,full,geometry-diagram,S1,七年级下册,相交线与平行线,candidates/hjb-junior-ds-v2-s1-356.png,直线AB与CD相交于点O，∠AOC = 50°。若OE平分∠AOD，求∠COE的度数。,为沪教版初中数学题 hjb-junior-ds-v2-s1-356 绘制原创题目插图，单元「相交线与平行线」，不要复制教材或试卷版式。 画清点、线、角、平行/垂直/相交/圆等关系；仅呈现题干给出的条件，不暗示未给结论。,仅根据当前原创题干重新绘制简洁数学示意图，不复制、还原或近似教材/试卷原图、版式、题序或受保护视觉布局。
hjb-junior-ds-v2-s1-357,queued,pending,,full,geometry-diagram,S1,七年级下册,相交线与平行线,candidates/hjb-junior-ds-v2-s1-357.png,已知直线a∥b，直线c与a、b分别交于点A、B。若∠1 = 70°，且∠1与∠2是同位角，求∠2的度数，并说明理由。,为沪教版初中数学题 hjb-junior-ds-v2-s1-357 绘制原创题目插图，单元「相交线与平行线」，不要复制教材或试卷版式。 画清点、线、角、平行/垂直/相交/圆等关系；仅呈现题干给出的条件，不暗示未给结论。,仅根据当前原创题干重新绘制简洁数学示意图，不复制、还原或近似教材/试卷原图、版式、题序或受保护视觉布局。
hjb-junior-ds-v2-s1-359,queued,pending,,full,geometry-diagram,S1,七年级下册,相交线与平行线,candidates/hjb-junior-ds-v2-s1-359.png,直线AB与CD相交于点O，∠BOC = 3∠AOC。求∠AOD的度数。,为沪教版初中数学题 hjb-junior-ds-v2-s1-359 绘制原创题目插图，单元「相交线与平行线」，不要复制教材或试卷版式。 画清点、线、角、平行/垂直/相交/圆等关系；仅呈现题干给出的条件，不暗示未给结论。,仅根据当前原创题干重新绘制简洁数学示意图，不复制、还原或近似教材/试卷原图、版式、题序或受保护视觉布局。
hjb-junior-ds-v2-s1-360,queued,pending,,full,geometry-diagram,S1,七年级下册,相交线与平行线,candidates/hjb-junior-ds-v2-s1-360.png,在△ABC中，∠B=50°，∠C=70°，AD平分∠BAC交BC于点D。求∠ADC的度数。,为沪教版初中数学题 hjb-junior-ds-v2-s1-360 绘制原创题目插图，单元「相交线与平行线」，不要复制教材或试卷版式。 画清点、线、角、平行/垂直/相交/圆等关系；仅呈现题干给出的条件，不暗示未给结论。,仅根据当前原创题干重新绘制简洁数学示意图，不复制、还原或近似教材/试卷原图、版式、题序或受保护视觉布局。
hjb-junior-ds-v2-s1-361,queued,pending,,full,geometry-diagram,S1,七年级下册,相交线与平行线,candidates/hjb-junior-ds-v2-s1-361.png,直线AB与直线CD相交于点O，∠AOC = 60°。下列结论正确的是（　）,为沪教版初中数学题 hjb-junior-ds-v2-s1-361 绘制原创题目插图，单元「相交线与平行线」，不要复制教材或试卷版式。 画清点、线、角、平行/垂直/相交/圆等关系；仅呈现题干给出的条件，不暗示未给结论。,仅根据当前原创题干重新绘制简洁数学示意图，不复制、还原或近似教材/试卷原图、版式、题序或受保护视觉布局。
hjb-junior-ds-v2-s1-362,queued,pending,,full,geometry-diagram,S1,七年级下册,相交线与平行线,candidates/hjb-junior-ds-v2-s1-362.png,直线AB与直线CD相交于点O，OE平分∠BOD。若∠AOC = 50°，则∠AOE = ______°。,为沪教版初中数学题 hjb-junior-ds-v2-s1-362 绘制原创题目插图，单元「相交线与平行线」，不要复制教材或试卷版式。 画清点、线、角、平行/垂直/相交/圆等关系；仅呈现题干给出的条件，不暗示未给结论。,仅根据当前原创题干重新绘制简洁数学示意图，不复制、还原或近似教材/试卷原图、版式、题序或受保护视觉布局。
hjb-junior-ds-v2-s1-363,queued,pending,,full,geometry-diagram,S1,七年级下册,相交线与平行线,candidates/hjb-junior-ds-v2-s1-363.png,直线AB与直线CD相交于点O，∠AOC = 70°，OE平分∠BOC。求∠DOE的度数。,为沪教版初中数学题 hjb-junior-ds-v2-s1-363 绘制原创题目插图，单元「相交线与平行线」，不要复制教材或试卷版式。 画清点、线、角、平行/垂直/相交/圆等关系；仅呈现题干给出的条件，不暗示未给结论。,仅根据当前原创题干重新绘制简洁数学示意图，不复制、还原或近似教材/试卷原图、版式、题序或受保护视觉布局。
hjb-junior-ds-v2-s1-364,queued,pending,,full,geometry-diagram,S1,七年级下册,相交线与平行线,candidates/hjb-junior-ds-v2-s1-364.png,直线AB与直线CD相交于点O，OE平分∠AOD。若∠COE = 100°，则∠AOC的度数为（　）,为沪教版初中数学题 hjb-junior-ds-v2-s1-364 绘制原创题目插图，单元「相交线与平行线」，不要复制教材或试卷版式。 画清点、线、角、平行/垂直/相交/圆等关系；仅呈现题干给出的条件，不暗示未给结论。,仅根据当前原创题干重新绘制简洁数学示意图，不复制、还原或近似教材/试卷原图、版式、题序或受保护视觉布局。
hjb-junior-ds-v2-s1-365,queued,pending,,full,geometry-diagram,S1,七年级下册,相交线与平行线,candidates/hjb-junior-ds-v2-s1-365.png,直线AB与直线CD相交于点O，∠AOC = 40°，OE平分∠AOD。则∠BOE = ______°。,为沪教版初中数学题 hjb-junior-ds-v2-s1-365 绘制原创题目插图，单元「相交线与平行线」，不要复制教材或试卷版式。 画清点、线、角、平行/垂直/相交/圆等关系；仅呈现题干给出的条件，不暗示未给结论。,仅根据当前原创题干重新绘制简洁数学示意图，不复制、还原或近似教材/试卷原图、版式、题序或受保护视觉布局。
hjb-junior-ds-v2-s1-366,queued,pending,,full,geometry-diagram,S1,七年级下册,相交线与平行线,candidates/hjb-junior-ds-v2-s1-366.png,直线AB与CD相交于点O，∠AOC＝58°。若OE平分∠AOD，求∠COE的度数。,为沪教版初中数学题 hjb-junior-ds-v2-s1-366 绘制原创题目插图，单元「相交线与平行线」，不要复制教材或试卷版式。 画清点、线、角、平行/垂直/相交/圆等关系；仅呈现题干给出的条件，不暗示未给结论。,仅根据当前原创题干重新绘制简洁数学示意图，不复制、还原或近似教材/试卷原图、版式、题序或受保护视觉布局。
hjb-junior-ds-v2-s1-367,queued,pending,,full,geometry-diagram,S1,七年级下册,相交线与平行线,candidates/hjb-junior-ds-v2-s1-367.png,已知直线AB与直线CD相交于点O，∠AOC＝62°。若射线OE在∠AOD的内部，且∠DOE＝28°，求∠COE的度数。,为沪教版初中数学题 hjb-junior-ds-v2-s1-367 绘制原创题目插图，单元「相交线与平行线」，不要复制教材或试卷版式。 画清点、线、角、平行/垂直/相交/圆等关系；仅呈现题干给出的条件，不暗示未给结论。,仅根据当前原创题干重新绘制简洁数学示意图，不复制、还原或近似教材/试卷原图、版式、题序或受保护视觉布局。
hjb-junior-ds-v2-s1-368,queued,pending,,full,geometry-diagram,S1,七年级下册,相交线与平行线,candidates/hjb-junior-ds-v2-s1-368.png,直线l1与l2被直线l3所截，∠1和∠2是一对同旁内角。若∠1=65°，∠2=115°，则l1与l2的位置关系是______，依据是______。,为沪教版初中数学题 hjb-junior-ds-v2-s1-368 绘制原创题目插图，单元「相交线与平行线」，不要复制教材或试卷版式。 画清点、线、角、平行/垂直/相交/圆等关系；仅呈现题干给出的条件，不暗示未给结论。,仅根据当前原创题干重新绘制简洁数学示意图，不复制、还原或近似教材/试卷原图、版式、题序或受保护视觉布局。
hjb-junior-ds-v2-s1-369,queued,pending,,full,geometry-diagram,S1,七年级下册,相交线与平行线,candidates/hjb-junior-ds-v2-s1-369.png,直线AB与CD相交于点O，∠AOC=62°。射线OE在∠AOD内部，且∠DOE=3∠AOE。求∠COE的度数。,为沪教版初中数学题 hjb-junior-ds-v2-s1-369 绘制原创题目插图，单元「相交线与平行线」，不要复制教材或试卷版式。 画清点、线、角、平行/垂直/相交/圆等关系；仅呈现题干给出的条件，不暗示未给结论。,仅根据当前原创题干重新绘制简洁数学示意图，不复制、还原或近似教材/试卷原图、版式、题序或受保护视觉布局。
hjb-junior-ds-v2-s1-371,queued,pending,,full,geometry-diagram,S1,七年级下册,相交线与平行线,candidates/hjb-junior-ds-v2-s1-371.png,直线AB与CD相交于点O，∠AOC = 50°。则∠BOD的度数为______°。,为沪教版初中数学题 hjb-junior-ds-v2-s1-371 绘制原创题目插图，单元「相交线与平行线」，不要复制教材或试卷版式。 画清点、线、角、平行/垂直/相交/圆等关系；仅呈现题干给出的条件，不暗示未给结论。,仅根据当前原创题干重新绘制简洁数学示意图，不复制、还原或近似教材/试卷原图、版式、题序或受保护视觉布局。
hjb-junior-ds-v2-s1-372,queued,pending,,full,geometry-diagram,S1,七年级下册,相交线与平行线,candidates/hjb-junior-ds-v2-s1-372.png,已知直线a∥b，直线c与a、b分别交于点A、B。若∠1 = 65°，∠1与∠2是一对内错角，求∠2的度数，并说明理由。,为沪教版初中数学题 hjb-junior-ds-v2-s1-372 绘制原创题目插图，单元「相交线与平行线」，不要复制教材或试卷版式。 画清点、线、角、平行/垂直/相交/圆等关系；仅呈现题干给出的条件，不暗示未给结论。,仅根据当前原创题干重新绘制简洁数学示意图，不复制、还原或近似教材/试卷原图、版式、题序或受保护视觉布局。
hjb-junior-ds-v2-s1-373,queued,pending,,full,geometry-diagram,S1,七年级下册,相交线与平行线,candidates/hjb-junior-ds-v2-s1-373.png,直线AB与CD相交于点O，射线OE平分∠AOD。已知∠AOC = 40°，则∠COE的度数为（ ）。,为沪教版初中数学题 hjb-junior-ds-v2-s1-373 绘制原创题目插图，单元「相交线与平行线」，不要复制教材或试卷版式。 画清点、线、角、平行/垂直/相交/圆等关系；仅呈现题干给出的条件，不暗示未给结论。,仅根据当前原创题干重新绘制简洁数学示意图，不复制、还原或近似教材/试卷原图、版式、题序或受保护视觉布局。
hjb-junior-ds-v2-s1-374,queued,pending,,full,geometry-diagram,S1,七年级下册,相交线与平行线,candidates/hjb-junior-ds-v2-s1-374.png,点P在直线l外，点A、B、C在直线l上，PA = 3 cm，PB = 4 cm，PC = 5 cm。则点P到直线l的距离可能是______cm。（写出一个满足条件的值即可）,为沪教版初中数学题 hjb-junior-ds-v2-s1-374 绘制原创题目插图，单元「相交线与平行线」，不要复制教材或试卷版式。 画清点、线、角、平行/垂直/相交/圆等关系；仅呈现题干给出的条件，不暗示未给结论。,仅根据当前原创题干重新绘制简洁数学示意图，不复制、还原或近似教材/试卷原图、版式、题序或受保护视觉布局。
hjb-junior-ds-v2-s1-375,queued,pending,,full,geometry-diagram,S1,七年级下册,相交线与平行线,candidates/hjb-junior-ds-v2-s1-375.png,两条直线被第三条直线所截，得到八个角。若其中一对同位角相等，能否判定这两条直线平行？请回答“能”或“不能”，并简述依据。,为沪教版初中数学题 hjb-junior-ds-v2-s1-375 绘制原创题目插图，单元「相交线与平行线」，不要复制教材或试卷版式。 画清点、线、角、平行/垂直/相交/圆等关系；仅呈现题干给出的条件，不暗示未给结论。,仅根据当前原创题干重新绘制简洁数学示意图，不复制、还原或近似教材/试卷原图、版式、题序或受保护视觉布局。
hjb-junior-ds-v2-s2-189,queued,pending,,full,geometry-diagram,S2,八年级上册,直角三角形,candidates/hjb-junior-ds-v2-s2-189.png,在△ABC中，AB = 13，AC = 20，BC边上的高AD = 12，点D在BC上。求BC的长。,为沪教版初中数学题 hjb-junior-ds-v2-s2-189 绘制原创题目插图，单元「直角三角形」，不要复制教材或试卷版式。 画清点、线、角、平行/垂直/相交/圆等关系；仅呈现题干给出的条件，不暗示未给结论。,仅根据当前原创题干重新绘制简洁数学示意图，不复制、还原或近似教材/试卷原图、版式、题序或受保护视觉布局。
hjb-junior-ds-v2-s2-191,queued,pending,,full,geometry-diagram,S2,八年级上册,直角三角形,candidates/hjb-junior-ds-v2-s2-191.png,在△ABC中，∠C=90°，AD平分∠BAC交BC于点D，AB=10，AC=6，则点D到AB的距离为______。,为沪教版初中数学题 hjb-junior-ds-v2-s2-191 绘制原创题目插图，单元「直角三角形」，不要复制教材或试卷版式。 画清点、线、角、平行/垂直/相交/圆等关系；仅呈现题干给出的条件，不暗示未给结论。,仅根据当前原创题干重新绘制简洁数学示意图，不复制、还原或近似教材/试卷原图、版式、题序或受保护视觉布局。
hjb-junior-ds-v2-s2-192,queued,pending,,full,geometry-diagram,S2,八年级上册,直角三角形,candidates/hjb-junior-ds-v2-s2-192.png,已知△ABC的三边长分别为a=7，b=24，c=25。判断△ABC是否为直角三角形，并说明理由。,为沪教版初中数学题 hjb-junior-ds-v2-s2-192 绘制原创题目插图，单元「直角三角形」，不要复制教材或试卷版式。 画清点、线、角、平行/垂直/相交/圆等关系；仅呈现题干给出的条件，不暗示未给结论。,仅根据当前原创题干重新绘制简洁数学示意图，不复制、还原或近似教材/试卷原图、版式、题序或受保护视觉布局。
hjb-junior-ds-v2-s2-193,queued,pending,,full,geometry-diagram,S2,八年级上册,直角三角形,candidates/hjb-junior-ds-v2-s2-193.png,下列条件中，不能判定△ABC是直角三角形的是（ ）,为沪教版初中数学题 hjb-junior-ds-v2-s2-193 绘制原创题目插图，单元「直角三角形」，不要复制教材或试卷版式。 画清点、线、角、平行/垂直/相交/圆等关系；仅呈现题干给出的条件，不暗示未给结论。,仅根据当前原创题干重新绘制简洁数学示意图，不复制、还原或近似教材/试卷原图、版式、题序或受保护视觉布局。
hjb-junior-ds-v2-s2-194,queued,pending,,full,geometry-diagram,S2,八年级上册,直角三角形,candidates/hjb-junior-ds-v2-s2-194.png,在Rt△ABC中，∠C=90°，AC=9，BC=12，则斜边AB上的高为______。,为沪教版初中数学题 hjb-junior-ds-v2-s2-194 绘制原创题目插图，单元「直角三角形」，不要复制教材或试卷版式。 画清点、线、角、平行/垂直/相交/圆等关系；仅呈现题干给出的条件，不暗示未给结论。,仅根据当前原创题干重新绘制简洁数学示意图，不复制、还原或近似教材/试卷原图、版式、题序或受保护视觉布局。
hjb-junior-ds-v2-s2-195,queued,pending,,full,geometry-diagram,S2,八年级上册,直角三角形,candidates/hjb-junior-ds-v2-s2-195.png,在△ABC中，AB=AC=13，BC=10，点D是BC的中点。求AD的长。,为沪教版初中数学题 hjb-junior-ds-v2-s2-195 绘制原创题目插图，单元「直角三角形」，不要复制教材或试卷版式。 画清点、线、角、平行/垂直/相交/圆等关系；仅呈现题干给出的条件，不暗示未给结论。,仅根据当前原创题干重新绘制简洁数学示意图，不复制、还原或近似教材/试卷原图、版式、题序或受保护视觉布局。
hjb-junior-ds-v2-s2-196,queued,pending,,full,geometry-diagram,S2,八年级上册,直角三角形,candidates/hjb-junior-ds-v2-s2-196.png,在△ABC中，AB=5，BC=12，AC=13，AD平分∠BAC交BC于点D。下列结论正确的是（ ）,为沪教版初中数学题 hjb-junior-ds-v2-s2-196 绘制原创题目插图，单元「直角三角形」，不要复制教材或试卷版式。 画清点、线、角、平行/垂直/相交/圆等关系；仅呈现题干给出的条件，不暗示未给结论。,仅根据当前原创题干重新绘制简洁数学示意图，不复制、还原或近似教材/试卷原图、版式、题序或受保护视觉布局。
hjb-junior-ds-v2-s2-197,queued,pending,,full,geometry-diagram,S2,八年级上册,直角三角形,candidates/hjb-junior-ds-v2-s2-197.png,在△ABC中，∠C=90°，AD平分∠BAC交BC于点D。已知AC=9，BC=12，求AD的长。,为沪教版初中数学题 hjb-junior-ds-v2-s2-197 绘制原创题目插图，单元「直角三角形」，不要复制教材或试卷版式。 画清点、线、角、平行/垂直/相交/圆等关系；仅呈现题干给出的条件，不暗示未给结论。,仅根据当前原创题干重新绘制简洁数学示意图，不复制、还原或近似教材/试卷原图、版式、题序或受保护视觉布局。
hjb-junior-ds-v2-s2-198,queued,pending,,full,geometry-diagram,S2,八年级上册,直角三角形,candidates/hjb-junior-ds-v2-s2-198.png,在△ABC中，AD是∠BAC的平分线，交BC于点D。已知AB=13，AC=20，BC=21。过点D作DE⊥AB于点E，DF⊥AC于点F。请证明DE=DF，并求DE的长度。,为沪教版初中数学题 hjb-junior-ds-v2-s2-198 绘制原创题目插图，单元「直角三角形」，不要复制教材或试卷版式。 画清点、线、角、平行/垂直/相交/圆等关系；仅呈现题干给出的条件，不暗示未给结论。,仅根据当前原创题干重新绘制简洁数学示意图，不复制、还原或近似教材/试卷原图、版式、题序或受保护视觉布局。
hjb-junior-ds-v2-s2-199,queued,pending,,full,geometry-diagram,S2,八年级上册,直角三角形,candidates/hjb-junior-ds-v2-s2-199.png,在△ABC中，AB=8，BC=15，AC=17，AD平分∠BAC交BC于点D。下列说法正确的是（ ）。,为沪教版初中数学题 hjb-junior-ds-v2-s2-199 绘制原创题目插图，单元「直角三角形」，不要复制教材或试卷版式。 画清点、线、角、平行/垂直/相交/圆等关系；仅呈现题干给出的条件，不暗示未给结论。,仅根据当前原创题干重新绘制简洁数学示意图，不复制、还原或近似教材/试卷原图、版式、题序或受保护视觉布局。
hjb-junior-ds-v2-s2-200,queued,pending,,full,geometry-diagram,S2,八年级上册,直角三角形,candidates/hjb-junior-ds-v2-s2-200.png,在△ABC中，∠C=90°，AD平分∠BAC交BC于点D。若AC=6，BC=8，则点D到AB边的距离为______。,为沪教版初中数学题 hjb-junior-ds-v2-s2-200 绘制原创题目插图，单元「直角三角形」，不要复制教材或试卷版式。 画清点、线、角、平行/垂直/相交/圆等关系；仅呈现题干给出的条件，不暗示未给结论。,仅根据当前原创题干重新绘制简洁数学示意图，不复制、还原或近似教材/试卷原图、版式、题序或受保护视觉布局。
hjb-junior-ds-v2-s2-201,queued,pending,,full,geometry-diagram,S2,八年级上册,直角三角形,candidates/hjb-junior-ds-v2-s2-201.png,在△ABC中，AB=14，AC=15，BC=13，AD平分∠BAC交BC于点D。求AD的长。,为沪教版初中数学题 hjb-junior-ds-v2-s2-201 绘制原创题目插图，单元「直角三角形」，不要复制教材或试卷版式。 画清点、线、角、平行/垂直/相交/圆等关系；仅呈现题干给出的条件，不暗示未给结论。,仅根据当前原创题干重新绘制简洁数学示意图，不复制、还原或近似教材/试卷原图、版式、题序或受保护视觉布局。
hjb-junior-ds-v2-s2-202,queued,pending,,full,geometry-diagram,S2,八年级上册,直角三角形,candidates/hjb-junior-ds-v2-s2-202.png,下列条件中，能判定△ABC是直角三角形的是（ ）,为沪教版初中数学题 hjb-junior-ds-v2-s2-202 绘制原创题目插图，单元「直角三角形」，不要复制教材或试卷版式。 画清点、线、角、平行/垂直/相交/圆等关系；仅呈现题干给出的条件，不暗示未给结论。,仅根据当前原创题干重新绘制简洁数学示意图，不复制、还原或近似教材/试卷原图、版式、题序或受保护视觉布局。
hjb-junior-ds-v2-s2-203,queued,pending,,full,geometry-diagram,S2,八年级上册,直角三角形,candidates/hjb-junior-ds-v2-s2-203.png,在△ABC中，∠C=90°，AC=6，BC=8，AD平分∠BAC交BC于点D。求点D到AB的距离。,为沪教版初中数学题 hjb-junior-ds-v2-s2-203 绘制原创题目插图，单元「直角三角形」，不要复制教材或试卷版式。 画清点、线、角、平行/垂直/相交/圆等关系；仅呈现题干给出的条件，不暗示未给结论。,仅根据当前原创题干重新绘制简洁数学示意图，不复制、还原或近似教材/试卷原图、版式、题序或受保护视觉布局。
hjb-junior-ds-v2-s2-204,queued,pending,,full,geometry-diagram,S2,八年级上册,直角三角形,candidates/hjb-junior-ds-v2-s2-204.png,在四边形ABCD中，AB=3，BC=4，CD=12，DA=13，且∠ABC=90°。连接AC、BD。求证：△ACD是直角三角形，并求BD的长。,为沪教版初中数学题 hjb-junior-ds-v2-s2-204 绘制原创题目插图，单元「直角三角形」，不要复制教材或试卷版式。 画清点、线、角、平行/垂直/相交/圆等关系；仅呈现题干给出的条件，不暗示未给结论。,仅根据当前原创题干重新绘制简洁数学示意图，不复制、还原或近似教材/试卷原图、版式、题序或受保护视觉布局。
hjb-junior-ds-v2-s2-205,queued,pending,,full,geometry-diagram,S2,八年级上册,直角三角形,candidates/hjb-junior-ds-v2-s2-205.png,在△ABC中，AB=AC=10，BC=12，AD是BC边上的高。下列说法正确的是（ ）,为沪教版初中数学题 hjb-junior-ds-v2-s2-205 绘制原创题目插图，单元「直角三角形」，不要复制教材或试卷版式。 画清点、线、角、平行/垂直/相交/圆等关系；仅呈现题干给出的条件，不暗示未给结论。,仅根据当前原创题干重新绘制简洁数学示意图，不复制、还原或近似教材/试卷原图、版式、题序或受保护视觉布局。
hjb-junior-ds-v2-s2-206,queued,pending,,full,geometry-diagram,S2,八年级上册,直角三角形,candidates/hjb-junior-ds-v2-s2-206.png,在△ABC中，AB=15，AC=13，BC边上的高AD=12，垂足D在BC上。求BC的长。,为沪教版初中数学题 hjb-junior-ds-v2-s2-206 绘制原创题目插图，单元「直角三角形」，不要复制教材或试卷版式。 画清点、线、角、平行/垂直/相交/圆等关系；仅呈现题干给出的条件，不暗示未给结论。,仅根据当前原创题干重新绘制简洁数学示意图，不复制、还原或近似教材/试卷原图、版式、题序或受保护视觉布局。
hjb-junior-ds-v2-s2-207,queued,pending,,full,geometry-diagram,S2,八年级上册,直角三角形,candidates/hjb-junior-ds-v2-s2-207.png,在△ABC中，∠C=90°，AC=9，BC=12。点D在AB上，且CD是∠C的平分线。求CD的长。,为沪教版初中数学题 hjb-junior-ds-v2-s2-207 绘制原创题目插图，单元「直角三角形」，不要复制教材或试卷版式。 画清点、线、角、平行/垂直/相交/圆等关系；仅呈现题干给出的条件，不暗示未给结论。,仅根据当前原创题干重新绘制简洁数学示意图，不复制、还原或近似教材/试卷原图、版式、题序或受保护视觉布局。
hjb-junior-ds-v2-s2-208,queued,pending,,full,geometry-diagram,S2,八年级上册,直角三角形,candidates/hjb-junior-ds-v2-s2-208.png,在△ABC中，∠C=90°，AC=5，BC=12。点D在AB上，且CD⊥AB。求CD的长。,为沪教版初中数学题 hjb-junior-ds-v2-s2-208 绘制原创题目插图，单元「直角三角形」，不要复制教材或试卷版式。 画清点、线、角、平行/垂直/相交/圆等关系；仅呈现题干给出的条件，不暗示未给结论。,仅根据当前原创题干重新绘制简洁数学示意图，不复制、还原或近似教材/试卷原图、版式、题序或受保护视觉布局。
hjb-junior-ds-v2-s2-209,queued,pending,,full,geometry-diagram,S2,八年级上册,直角三角形,candidates/hjb-junior-ds-v2-s2-209.png,在△ABC中，∠C=90°，AC=8，BC=15。点D在BC上，且AD平分∠BAC。求点D到AB的距离。,为沪教版初中数学题 hjb-junior-ds-v2-s2-209 绘制原创题目插图，单元「直角三角形」，不要复制教材或试卷版式。 画清点、线、角、平行/垂直/相交/圆等关系；仅呈现题干给出的条件，不暗示未给结论。,仅根据当前原创题干重新绘制简洁数学示意图，不复制、还原或近似教材/试卷原图、版式、题序或受保护视觉布局。
hjb-junior-ds-v2-s2-210,queued,pending,,full,geometry-diagram,S2,八年级上册,直角三角形,candidates/hjb-junior-ds-v2-s2-210.png,在△ABC中，∠C=90°，AC=6，BC=8。点D在AB上，且CD平分∠ACB。求点D到AC和BC的距离之和。,为沪教版初中数学题 hjb-junior-ds-v2-s2-210 绘制原创题目插图，单元「直角三角形」，不要复制教材或试卷版式。 画清点、线、角、平行/垂直/相交/圆等关系；仅呈现题干给出的条件，不暗示未给结论。,仅根据当前原创题干重新绘制简洁数学示意图，不复制、还原或近似教材/试卷原图、版式、题序或受保护视觉布局。
hjb-junior-ds-v2-s2-211,queued,pending,,full,geometry-diagram,S2,八年级上册,直角三角形,candidates/hjb-junior-ds-v2-s2-211.png,在△ABC中，AB=5，BC=12，AC=13。点P在∠ABC的平分线上，且点P到边AB的距离为3。下列说法正确的是（ ）。,为沪教版初中数学题 hjb-junior-ds-v2-s2-211 绘制原创题目插图，单元「直角三角形」，不要复制教材或试卷版式。 画清点、线、角、平行/垂直/相交/圆等关系；仅呈现题干给出的条件，不暗示未给结论。,仅根据当前原创题干重新绘制简洁数学示意图，不复制、还原或近似教材/试卷原图、版式、题序或受保护视觉布局。
hjb-junior-ds-v2-s2-212,queued,pending,,full,geometry-diagram,S2,八年级上册,直角三角形,candidates/hjb-junior-ds-v2-s2-212.png,在△ABC中，∠C=90°，AC=6，BC=8，点D在AB上，且CD平分∠ACB。求点D到边BC的距离。,为沪教版初中数学题 hjb-junior-ds-v2-s2-212 绘制原创题目插图，单元「直角三角形」，不要复制教材或试卷版式。 画清点、线、角、平行/垂直/相交/圆等关系；仅呈现题干给出的条件，不暗示未给结论。,仅根据当前原创题干重新绘制简洁数学示意图，不复制、还原或近似教材/试卷原图、版式、题序或受保护视觉布局。
hjb-junior-ds-v2-s2-213,queued,pending,,full,geometry-diagram,S2,八年级上册,直角三角形,candidates/hjb-junior-ds-v2-s2-213.png,在△ABC中，AB=9，BC=12，AC=15。点P在∠ABC的平分线上，且点P到边AB的距离为4。求点P到边BC的距离，并说明理由。,为沪教版初中数学题 hjb-junior-ds-v2-s2-213 绘制原创题目插图，单元「直角三角形」，不要复制教材或试卷版式。 画清点、线、角、平行/垂直/相交/圆等关系；仅呈现题干给出的条件，不暗示未给结论。,仅根据当前原创题干重新绘制简洁数学示意图，不复制、还原或近似教材/试卷原图、版式、题序或受保护视觉布局。
hjb-junior-ds-v2-s2-214,queued,pending,,full,geometry-diagram,S2,八年级上册,直角三角形,candidates/hjb-junior-ds-v2-s2-214.png,在△ABC中，AB=8，BC=15，AC=17。点P在∠ABC的平分线上，且点P到边AB的距离为5。下列说法正确的是（ ）。,为沪教版初中数学题 hjb-junior-ds-v2-s2-214 绘制原创题目插图，单元「直角三角形」，不要复制教材或试卷版式。 画清点、线、角、平行/垂直/相交/圆等关系；仅呈现题干给出的条件，不暗示未给结论。,仅根据当前原创题干重新绘制简洁数学示意图，不复制、还原或近似教材/试卷原图、版式、题序或受保护视觉布局。
hjb-junior-ds-v2-s2-215,queued,pending,,full,geometry-diagram,S2,八年级上册,直角三角形,candidates/hjb-junior-ds-v2-s2-215.png,在△ABC中，∠C=90°，AC=5，BC=12。点D在AB上，且CD平分∠ACB。则点D到边AC的距离为______。,为沪教版初中数学题 hjb-junior-ds-v2-s2-215 绘制原创题目插图，单元「直角三角形」，不要复制教材或试卷版式。 画清点、线、角、平行/垂直/相交/圆等关系；仅呈现题干给出的条件，不暗示未给结论。,仅根据当前原创题干重新绘制简洁数学示意图，不复制、还原或近似教材/试卷原图、版式、题序或受保护视觉布局。
hjb-junior-ds-v2-s2-216,queued,pending,,full,geometry-diagram,S2,八年级上册,直角三角形,candidates/hjb-junior-ds-v2-s2-216.png,在△ABC中，AB=13，AC=20，BC=21，AD是∠BAC的平分线，交BC于点D。过点D作DE⊥AB于点E，DF⊥AC于点F。求证DE=DF，并求DE的长度。,为沪教版初中数学题 hjb-junior-ds-v2-s2-216 绘制原创题目插图，单元「直角三角形」，不要复制教材或试卷版式。 画清点、线、角、平行/垂直/相交/圆等关系；仅呈现题干给出的条件，不暗示未给结论。,仅根据当前原创题干重新绘制简洁数学示意图，不复制、还原或近似教材/试卷原图、版式、题序或受保护视觉布局。
hjb-junior-ds-v2-s2-217,queued,pending,,full,geometry-diagram,S2,八年级上册,直角三角形,candidates/hjb-junior-ds-v2-s2-217.png,在△ABC中，AB=5，BC=12，AC=13，AD是∠A的平分线，交BC于点D。则点D到AC的距离为（ ）。,为沪教版初中数学题 hjb-junior-ds-v2-s2-217 绘制原创题目插图，单元「直角三角形」，不要复制教材或试卷版式。 画清点、线、角、平行/垂直/相交/圆等关系；仅呈现题干给出的条件，不暗示未给结论。,仅根据当前原创题干重新绘制简洁数学示意图，不复制、还原或近似教材/试卷原图、版式、题序或受保护视觉布局。
hjb-junior-ds-v2-s2-218,queued,pending,,full,geometry-diagram,S2,八年级上册,直角三角形,candidates/hjb-junior-ds-v2-s2-218.png,在△ABC中，∠C=90°，AD平分∠BAC交BC于点D，AB=10 cm，AC=6 cm。求点D到AB的距离。,为沪教版初中数学题 hjb-junior-ds-v2-s2-218 绘制原创题目插图，单元「直角三角形」，不要复制教材或试卷版式。 画清点、线、角、平行/垂直/相交/圆等关系；仅呈现题干给出的条件，不暗示未给结论。,仅根据当前原创题干重新绘制简洁数学示意图，不复制、还原或近似教材/试卷原图、版式、题序或受保护视觉布局。
hjb-junior-ds-v2-s2-219,queued,pending,,full,geometry-diagram,S2,八年级上册,直角三角形,candidates/hjb-junior-ds-v2-s2-219.png,在△ABC中，∠C=90°，AD平分∠BAC交BC于点D，DE⊥AB于点E。已知AC=6，BC=8。求DE的长。,为沪教版初中数学题 hjb-junior-ds-v2-s2-219 绘制原创题目插图，单元「直角三角形」，不要复制教材或试卷版式。 画清点、线、角、平行/垂直/相交/圆等关系；仅呈现题干给出的条件，不暗示未给结论。,仅根据当前原创题干重新绘制简洁数学示意图，不复制、还原或近似教材/试卷原图、版式、题序或受保护视觉布局。
hjb-junior-ds-v2-s2-220,queued,pending,,full,geometry-diagram,S2,八年级上册,直角三角形,candidates/hjb-junior-ds-v2-s2-220.png,在△ABC中，AB=9，BC=12，AC=15，AD平分∠BAC交BC于点D。下列结论正确的是（ ）,为沪教版初中数学题 hjb-junior-ds-v2-s2-220 绘制原创题目插图，单元「直角三角形」，不要复制教材或试卷版式。 画清点、线、角、平行/垂直/相交/圆等关系；仅呈现题干给出的条件，不暗示未给结论。,仅根据当前原创题干重新绘制简洁数学示意图，不复制、还原或近似教材/试卷原图、版式、题序或受保护视觉布局。
hjb-junior-ds-v2-s2-221,queued,pending,,full,geometry-diagram,S2,八年级上册,直角三角形,candidates/hjb-junior-ds-v2-s2-221.png,在△ABC中，∠C=90°，AC=9，BC=12，点D在AB上，且CD平分∠ACB。求点D到边BC的距离。,为沪教版初中数学题 hjb-junior-ds-v2-s2-221 绘制原创题目插图，单元「直角三角形」，不要复制教材或试卷版式。 画清点、线、角、平行/垂直/相交/圆等关系；仅呈现题干给出的条件，不暗示未给结论。,仅根据当前原创题干重新绘制简洁数学示意图，不复制、还原或近似教材/试卷原图、版式、题序或受保护视觉布局。
hjb-junior-ds-v2-s2-222,queued,pending,,full,geometry-diagram,S2,八年级上册,直角三角形,candidates/hjb-junior-ds-v2-s2-222.png,在△ABC中，AB=8，BC=15，AC=17，点P在∠ABC的平分线上，且点P到边AB的距离为3。求点P到边BC的距离。,为沪教版初中数学题 hjb-junior-ds-v2-s2-222 绘制原创题目插图，单元「直角三角形」，不要复制教材或试卷版式。 画清点、线、角、平行/垂直/相交/圆等关系；仅呈现题干给出的条件，不暗示未给结论。,仅根据当前原创题干重新绘制简洁数学示意图，不复制、还原或近似教材/试卷原图、版式、题序或受保护视觉布局。
hjb-junior-ds-v2-s2-224,queued,pending,,full,geometry-diagram,S2,八年级上册,直角三角形,candidates/hjb-junior-ds-v2-s2-224.png,在△ABC中，∠A=90°，AB=6，AC=8，点D在BC上，且AD平分∠BAC。求BD的长。,为沪教版初中数学题 hjb-junior-ds-v2-s2-224 绘制原创题目插图，单元「直角三角形」，不要复制教材或试卷版式。 画清点、线、角、平行/垂直/相交/圆等关系；仅呈现题干给出的条件，不暗示未给结论。,仅根据当前原创题干重新绘制简洁数学示意图，不复制、还原或近似教材/试卷原图、版式、题序或受保护视觉布局。
hjb-junior-ds-v2-s2-225,queued,pending,,full,geometry-diagram,S2,八年级上册,直角三角形,candidates/hjb-junior-ds-v2-s2-225.png,在△ABC中，∠C=90°，AC=9，BC=12，AD平分∠BAC交BC于点D。求点D到AB的距离。,为沪教版初中数学题 hjb-junior-ds-v2-s2-225 绘制原创题目插图，单元「直角三角形」，不要复制教材或试卷版式。 画清点、线、角、平行/垂直/相交/圆等关系；仅呈现题干给出的条件，不暗示未给结论。,仅根据当前原创题干重新绘制简洁数学示意图，不复制、还原或近似教材/试卷原图、版式、题序或受保护视觉布局。
hjb-junior-ds-v2-s2-226,queued,pending,,full,geometry-diagram,S2,八年级上册,直角三角形,candidates/hjb-junior-ds-v2-s2-226.png,在△ABC中，AB=5，BC=12，AC=13，AD是∠A的平分线，交BC于点D。下列结论正确的是（    ）,为沪教版初中数学题 hjb-junior-ds-v2-s2-226 绘制原创题目插图，单元「直角三角形」，不要复制教材或试卷版式。 画清点、线、角、平行/垂直/相交/圆等关系；仅呈现题干给出的条件，不暗示未给结论。,仅根据当前原创题干重新绘制简洁数学示意图，不复制、还原或近似教材/试卷原图、版式、题序或受保护视觉布局。
hjb-junior-ds-v2-s2-228,queued,pending,,full,geometry-diagram,S2,八年级上册,直角三角形,candidates/hjb-junior-ds-v2-s2-228.png,在△ABC中，AB=9，BC=12，AC=15，AD平分∠BAC交BC于点D。求BD的长。,为沪教版初中数学题 hjb-junior-ds-v2-s2-228 绘制原创题目插图，单元「直角三角形」，不要复制教材或试卷版式。 画清点、线、角、平行/垂直/相交/圆等关系；仅呈现题干给出的条件，不暗示未给结论。,仅根据当前原创题干重新绘制简洁数学示意图，不复制、还原或近似教材/试卷原图、版式、题序或受保护视觉布局。
hjb-junior-ds-v2-s2-229,queued,pending,,full,geometry-diagram,S2,八年级上册,直角三角形,candidates/hjb-junior-ds-v2-s2-229.png,在△ABC中，AB=7，BC=24，AC=25，点D是BC上一点，连接AD。若AD平分∠A，则点D到AB的距离与点D到AC的距离之比为（    ）,为沪教版初中数学题 hjb-junior-ds-v2-s2-229 绘制原创题目插图，单元「直角三角形」，不要复制教材或试卷版式。 画清点、线、角、平行/垂直/相交/圆等关系；仅呈现题干给出的条件，不暗示未给结论。,仅根据当前原创题干重新绘制简洁数学示意图，不复制、还原或近似教材/试卷原图、版式、题序或受保护视觉布局。
hjb-junior-ds-v2-s2-231,queued,pending,,full,geometry-diagram,S2,八年级上册,直角三角形,candidates/hjb-junior-ds-v2-s2-231.png,在△ABC中，∠B为锐角，AB=15，AC=13，BC边上的高AD=12，垂足D在BC上。求BC的长。,为沪教版初中数学题 hjb-junior-ds-v2-s2-231 绘制原创题目插图，单元「直角三角形」，不要复制教材或试卷版式。 画清点、线、角、平行/垂直/相交/圆等关系；仅呈现题干给出的条件，不暗示未给结论。,仅根据当前原创题干重新绘制简洁数学示意图，不复制、还原或近似教材/试卷原图、版式、题序或受保护视觉布局。
hjb-junior-ds-v2-s2-232,queued,pending,,full,geometry-diagram,S2,八年级上册,直角三角形,candidates/hjb-junior-ds-v2-s2-232.png,在△ABC中，已知AB=6，BC=8，AC=10，点D在BC边上，且AD平分∠BAC。下列结论正确的是：,为沪教版初中数学题 hjb-junior-ds-v2-s2-232 绘制原创题目插图，单元「直角三角形」，不要复制教材或试卷版式。 画清点、线、角、平行/垂直/相交/圆等关系；仅呈现题干给出的条件，不暗示未给结论。,仅根据当前原创题干重新绘制简洁数学示意图，不复制、还原或近似教材/试卷原图、版式、题序或受保护视觉布局。
hjb-junior-ds-v2-s2-233,queued,pending,,full,geometry-diagram,S2,八年级上册,直角三角形,candidates/hjb-junior-ds-v2-s2-233.png,在△ABC中，AB=13，BC=14，AC=15。点D在边BC上，且AD平分∠BAC。求线段BD的长度。,为沪教版初中数学题 hjb-junior-ds-v2-s2-233 绘制原创题目插图，单元「直角三角形」，不要复制教材或试卷版式。 画清点、线、角、平行/垂直/相交/圆等关系；仅呈现题干给出的条件，不暗示未给结论。,仅根据当前原创题干重新绘制简洁数学示意图，不复制、还原或近似教材/试卷原图、版式、题序或受保护视觉布局。
hjb-junior-ds-v2-s2-234,queued,pending,,full,geometry-diagram,S2,八年级上册,直角三角形,candidates/hjb-junior-ds-v2-s2-234.png,在△ABC中，∠C=90°，AC=6，BC=8。点D在边AB上，且CD平分∠ACB。求点D到边BC的距离。,为沪教版初中数学题 hjb-junior-ds-v2-s2-234 绘制原创题目插图，单元「直角三角形」，不要复制教材或试卷版式。 画清点、线、角、平行/垂直/相交/圆等关系；仅呈现题干给出的条件，不暗示未给结论。,仅根据当前原创题干重新绘制简洁数学示意图，不复制、还原或近似教材/试卷原图、版式、题序或受保护视觉布局。
hjb-junior-ds-v2-s2-236,queued,pending,,full,geometry-diagram,S2,八年级上册,直角三角形,candidates/hjb-junior-ds-v2-s2-236.png,在△ABC中，∠C=90°，AD平分∠BAC交BC于点D。若AC=6，BC=8，则点D到AB的距离为______。,为沪教版初中数学题 hjb-junior-ds-v2-s2-236 绘制原创题目插图，单元「直角三角形」，不要复制教材或试卷版式。 画清点、线、角、平行/垂直/相交/圆等关系；仅呈现题干给出的条件，不暗示未给结论。,仅根据当前原创题干重新绘制简洁数学示意图，不复制、还原或近似教材/试卷原图、版式、题序或受保护视觉布局。
hjb-junior-ds-v2-s2-237,queued,pending,,full,geometry-diagram,S2,八年级上册,直角三角形,candidates/hjb-junior-ds-v2-s2-237.png,在△ABC中，AB=13，BC=14，AC=15，点D在BC上，且AD平分∠BAC。求AD的长。,为沪教版初中数学题 hjb-junior-ds-v2-s2-237 绘制原创题目插图，单元「直角三角形」，不要复制教材或试卷版式。 画清点、线、角、平行/垂直/相交/圆等关系；仅呈现题干给出的条件，不暗示未给结论。,仅根据当前原创题干重新绘制简洁数学示意图，不复制、还原或近似教材/试卷原图、版式、题序或受保护视觉布局。
hjb-junior-ds-v2-s2-238,queued,pending,,full,geometry-diagram,S2,八年级上册,直角三角形,candidates/hjb-junior-ds-v2-s2-238.png,在△ABC中，AB=5，BC=12，AC=13，AD平分∠BAC交BC于点D。点D到AB的距离为（ ）。,为沪教版初中数学题 hjb-junior-ds-v2-s2-238 绘制原创题目插图，单元「直角三角形」，不要复制教材或试卷版式。 画清点、线、角、平行/垂直/相交/圆等关系；仅呈现题干给出的条件，不暗示未给结论。,仅根据当前原创题干重新绘制简洁数学示意图，不复制、还原或近似教材/试卷原图、版式、题序或受保护视觉布局。
hjb-junior-ds-v2-s2-239,queued,pending,,full,geometry-diagram,S2,八年级上册,直角三角形,candidates/hjb-junior-ds-v2-s2-239.png,在△ABC中，∠C=90°，AD平分∠CAB，交BC于点D。若AC=6，BC=8，则点D到AB的距离为______。,为沪教版初中数学题 hjb-junior-ds-v2-s2-239 绘制原创题目插图，单元「直角三角形」，不要复制教材或试卷版式。 画清点、线、角、平行/垂直/相交/圆等关系；仅呈现题干给出的条件，不暗示未给结论。,仅根据当前原创题干重新绘制简洁数学示意图，不复制、还原或近似教材/试卷原图、版式、题序或受保护视觉布局。
hjb-junior-ds-v2-s2-240,queued,pending,,full,geometry-diagram,S2,八年级上册,直角三角形,candidates/hjb-junior-ds-v2-s2-240.png,在△ABC中，∠C=90°，AC=6，BC=8，AD平分∠BAC交BC于点D，DE⊥AB于点E。求DE的长。,为沪教版初中数学题 hjb-junior-ds-v2-s2-240 绘制原创题目插图，单元「直角三角形」，不要复制教材或试卷版式。 画清点、线、角、平行/垂直/相交/圆等关系；仅呈现题干给出的条件，不暗示未给结论。,仅根据当前原创题干重新绘制简洁数学示意图，不复制、还原或近似教材/试卷原图、版式、题序或受保护视觉布局。
hjb-junior-ds-v2-s2-241,queued,pending,,full,geometry-diagram,S2,八年级上册,直角三角形,candidates/hjb-junior-ds-v2-s2-241.png,在△ABC中，AB=9，BC=12，AC=15。点D在∠BAC的平分线上，且点D到边AB的距离为4。求点D到边AC的距离。,为沪教版初中数学题 hjb-junior-ds-v2-s2-241 绘制原创题目插图，单元「直角三角形」，不要复制教材或试卷版式。 画清点、线、角、平行/垂直/相交/圆等关系；仅呈现题干给出的条件，不暗示未给结论。,仅根据当前原创题干重新绘制简洁数学示意图，不复制、还原或近似教材/试卷原图、版式、题序或受保护视觉布局。
hjb-junior-ds-v2-s2-242,queued,pending,,full,geometry-diagram,S2,八年级上册,直角三角形,candidates/hjb-junior-ds-v2-s2-242.png,在△ABC中，∠C=90°，AC=9，BC=12。点D在AB上，且CD平分∠ACB。求点D到边BC的距离。,为沪教版初中数学题 hjb-junior-ds-v2-s2-242 绘制原创题目插图，单元「直角三角形」，不要复制教材或试卷版式。 画清点、线、角、平行/垂直/相交/圆等关系；仅呈现题干给出的条件，不暗示未给结论。,仅根据当前原创题干重新绘制简洁数学示意图，不复制、还原或近似教材/试卷原图、版式、题序或受保护视觉布局。
hjb-junior-ds-v2-s2-243,queued,pending,,full,geometry-diagram,S2,八年级上册,直角三角形,candidates/hjb-junior-ds-v2-s2-243.png,在△ABC中，AD是∠BAC的平分线，且BD=CD。已知AB=13，AC=15，BC=14。判断△ABC是否为直角三角形，并说明理由。,为沪教版初中数学题 hjb-junior-ds-v2-s2-243 绘制原创题目插图，单元「直角三角形」，不要复制教材或试卷版式。 画清点、线、角、平行/垂直/相交/圆等关系；仅呈现题干给出的条件，不暗示未给结论。,仅根据当前原创题干重新绘制简洁数学示意图，不复制、还原或近似教材/试卷原图、版式、题序或受保护视觉布局。
hjb-junior-ds-v2-s2-244,queued,pending,,full,geometry-diagram,S2,八年级上册,直角三角形,candidates/hjb-junior-ds-v2-s2-244.png,在△ABC中，AB=8，BC=15，AC=17。AD平分∠BAC交BC于点D。下列结论正确的是（ ）,为沪教版初中数学题 hjb-junior-ds-v2-s2-244 绘制原创题目插图，单元「直角三角形」，不要复制教材或试卷版式。 画清点、线、角、平行/垂直/相交/圆等关系；仅呈现题干给出的条件，不暗示未给结论。,仅根据当前原创题干重新绘制简洁数学示意图，不复制、还原或近似教材/试卷原图、版式、题序或受保护视觉布局。
hjb-junior-ds-v2-s2-245,queued,pending,,full,geometry-diagram,S2,八年级上册,直角三角形,candidates/hjb-junior-ds-v2-s2-245.png,在△ABC中，∠C=90°，AD平分∠BAC交BC于点D，AB=10，AC=6。求点D到AB的距离。,为沪教版初中数学题 hjb-junior-ds-v2-s2-245 绘制原创题目插图，单元「直角三角形」，不要复制教材或试卷版式。 画清点、线、角、平行/垂直/相交/圆等关系；仅呈现题干给出的条件，不暗示未给结论。,仅根据当前原创题干重新绘制简洁数学示意图，不复制、还原或近似教材/试卷原图、版式、题序或受保护视觉布局。
hjb-junior-ds-v2-s2-246,queued,pending,,full,geometry-diagram,S2,八年级上册,直角三角形,candidates/hjb-junior-ds-v2-s2-246.png,在△ABC中，AB=13，BC=14，AC=15，AD是∠BAC的平分线，交BC于点D。求BD的长。,为沪教版初中数学题 hjb-junior-ds-v2-s2-246 绘制原创题目插图，单元「直角三角形」，不要复制教材或试卷版式。 画清点、线、角、平行/垂直/相交/圆等关系；仅呈现题干给出的条件，不暗示未给结论。,仅根据当前原创题干重新绘制简洁数学示意图，不复制、还原或近似教材/试卷原图、版式、题序或受保护视觉布局。
hjb-junior-ds-v2-s2-249,queued,pending,,full,geometry-diagram,S2,八年级上册,直角三角形,candidates/hjb-junior-ds-v2-s2-249.png,在四边形ABCD中，AB=3，BC=4，CD=12，DA=13，∠ABC=90°。判断△ACD是否为直角三角形，并说明理由。,为沪教版初中数学题 hjb-junior-ds-v2-s2-249 绘制原创题目插图，单元「直角三角形」，不要复制教材或试卷版式。 画清点、线、角、平行/垂直/相交/圆等关系；仅呈现题干给出的条件，不暗示未给结论。,仅根据当前原创题干重新绘制简洁数学示意图，不复制、还原或近似教材/试卷原图、版式、题序或受保护视觉布局。
hjb-junior-ds-v2-s2-251,queued,pending,,full,geometry-diagram,S2,八年级下册,四边形,candidates/hjb-junior-ds-v2-s2-251.png,在四边形ABCD中，已知AB∥CD，AD∥BC，且对角线AC与BD相交于点O。若∠ABC=70°，则∠ADC=______°。,为沪教版初中数学题 hjb-junior-ds-v2-s2-251 绘制原创题目插图，单元「四边形」，不要复制教材或试卷版式。 画清点、线、角、平行/垂直/相交/圆等关系；仅呈现题干给出的条件，不暗示未给结论。,仅根据当前原创题干重新绘制简洁数学示意图，不复制、还原或近似教材/试卷原图、版式、题序或受保护视觉布局。
hjb-junior-ds-v2-s2-252,queued,pending,,full,geometry-diagram,S2,八年级下册,四边形,candidates/hjb-junior-ds-v2-s2-252.png,在△ABC中，点D、E分别是边AB、AC的中点，连接DE。若BC=12 cm，求DE的长，并说明理由。,为沪教版初中数学题 hjb-junior-ds-v2-s2-252 绘制原创题目插图，单元「四边形」，不要复制教材或试卷版式。 画清点、线、角、平行/垂直/相交/圆等关系；仅呈现题干给出的条件，不暗示未给结论。,仅根据当前原创题干重新绘制简洁数学示意图，不复制、还原或近似教材/试卷原图、版式、题序或受保护视觉布局。
hjb-junior-ds-v2-s2-253,queued,pending,,full,geometry-diagram,S2,八年级下册,四边形,candidates/hjb-junior-ds-v2-s2-253.png,下列条件中，能判定四边形ABCD是平行四边形的是（　）,为沪教版初中数学题 hjb-junior-ds-v2-s2-253 绘制原创题目插图，单元「四边形」，不要复制教材或试卷版式。 画清点、线、角、平行/垂直/相交/圆等关系；仅呈现题干给出的条件，不暗示未给结论。,仅根据当前原创题干重新绘制简洁数学示意图，不复制、还原或近似教材/试卷原图、版式、题序或受保护视觉布局。
hjb-junior-ds-v2-s2-255,queued,pending,,full,geometry-diagram,S2,八年级下册,四边形,candidates/hjb-junior-ds-v2-s2-255.png,在矩形ABCD中，AB=10，BC=6。对角线AC与BD相交于点O。过点O作直线EF分别交AD、BC于点E、F，且EF∥AB。求四边形ABFE的周长。,为沪教版初中数学题 hjb-junior-ds-v2-s2-255 绘制原创题目插图，单元「四边形」，不要复制教材或试卷版式。 画清点、线、角、平行/垂直/相交/圆等关系；仅呈现题干给出的条件，不暗示未给结论。,仅根据当前原创题干重新绘制简洁数学示意图，不复制、还原或近似教材/试卷原图、版式、题序或受保护视觉布局。
hjb-junior-ds-v2-s2-256,queued,pending,,full,geometry-diagram,S2,八年级下册,四边形,candidates/hjb-junior-ds-v2-s2-256.png,在四边形ABCD中，对角线AC与BD相交于点O。给出下列条件：①AB∥CD，AD∥BC；②AB=CD，AD=BC；③OA=OC，OB=OD；④∠A=∠C，∠B=∠D。其中，能判定四边形ABCD是平行四边形的条件共有（ ）,为沪教版初中数学题 hjb-junior-ds-v2-s2-256 绘制原创题目插图，单元「四边形」，不要复制教材或试卷版式。 画清点、线、角、平行/垂直/相交/圆等关系；仅呈现题干给出的条件，不暗示未给结论。,仅根据当前原创题干重新绘制简洁数学示意图，不复制、还原或近似教材/试卷原图、版式、题序或受保护视觉布局。
hjb-junior-ds-v2-s2-258,queued,pending,,full,geometry-diagram,S2,八年级下册,四边形,candidates/hjb-junior-ds-v2-s2-258.png,在△ABC中，点D、E分别是AB、AC的中点，连接DE。若BC=12cm，求DE的长，并说明理由。,为沪教版初中数学题 hjb-junior-ds-v2-s2-258 绘制原创题目插图，单元「四边形」，不要复制教材或试卷版式。 画清点、线、角、平行/垂直/相交/圆等关系；仅呈现题干给出的条件，不暗示未给结论。,仅根据当前原创题干重新绘制简洁数学示意图，不复制、还原或近似教材/试卷原图、版式、题序或受保护视觉布局。
hjb-junior-ds-v2-s2-259,queued,pending,,full,geometry-diagram,S2,八年级下册,四边形,candidates/hjb-junior-ds-v2-s2-259.png,在平行四边形ABCD中，∠A比∠B大40°，则∠C的度数为（ ）,为沪教版初中数学题 hjb-junior-ds-v2-s2-259 绘制原创题目插图，单元「四边形」，不要复制教材或试卷版式。 画清点、线、角、平行/垂直/相交/圆等关系；仅呈现题干给出的条件，不暗示未给结论。,仅根据当前原创题干重新绘制简洁数学示意图，不复制、还原或近似教材/试卷原图、版式、题序或受保护视觉布局。
hjb-junior-ds-v2-s2-260,queued,pending,,full,geometry-diagram,S2,八年级下册,四边形,candidates/hjb-junior-ds-v2-s2-260.png,在矩形ABCD中，对角线AC与BD相交于点O，已知∠AOB=60°，AB=4，则对角线AC的长为______。,为沪教版初中数学题 hjb-junior-ds-v2-s2-260 绘制原创题目插图，单元「四边形」，不要复制教材或试卷版式。 画清点、线、角、平行/垂直/相交/圆等关系；仅呈现题干给出的条件，不暗示未给结论。,仅根据当前原创题干重新绘制简洁数学示意图，不复制、还原或近似教材/试卷原图、版式、题序或受保护视觉布局。
hjb-junior-ds-v2-s2-261,queued,pending,,full,geometry-diagram,S2,八年级下册,四边形,candidates/hjb-junior-ds-v2-s2-261.png,在平行四边形ABCD中，AB=12，BC=8，∠ABC=60°。点E是AD的中点，点F是BC的中点。求线段EF的长度。,为沪教版初中数学题 hjb-junior-ds-v2-s2-261 绘制原创题目插图，单元「四边形」，不要复制教材或试卷版式。 画清点、线、角、平行/垂直/相交/圆等关系；仅呈现题干给出的条件，不暗示未给结论。,仅根据当前原创题干重新绘制简洁数学示意图，不复制、还原或近似教材/试卷原图、版式、题序或受保护视觉布局。
hjb-junior-ds-v2-s2-262,queued,pending,,full,geometry-diagram,S2,八年级下册,四边形,candidates/hjb-junior-ds-v2-s2-262.png,已知四边形ABCD的对角线AC与BD相交于点O。给出下列四个条件：①AB=CD，AD=BC；②∠A=∠C，∠B=∠D；③AO=OC，BO=OD；④AB∥CD，AD=BC。其中能判定四边形ABCD是平行四边形的条件共有（ ）,为沪教版初中数学题 hjb-junior-ds-v2-s2-262 绘制原创题目插图，单元「四边形」，不要复制教材或试卷版式。 画清点、线、角、平行/垂直/相交/圆等关系；仅呈现题干给出的条件，不暗示未给结论。,仅根据当前原创题干重新绘制简洁数学示意图，不复制、还原或近似教材/试卷原图、版式、题序或受保护视觉布局。
hjb-junior-ds-v2-s2-264,queued,pending,,full,geometry-diagram,S2,八年级下册,四边形,candidates/hjb-junior-ds-v2-s2-264.png,在△ABC中，AB=6，AC=8，BC=10。点D、E分别是AB、AC的中点，连接DE。点F是BC的中点，连接AF。求AF与DE的交点G到顶点A的距离。,为沪教版初中数学题 hjb-junior-ds-v2-s2-264 绘制原创题目插图，单元「四边形」，不要复制教材或试卷版式。 画清点、线、角、平行/垂直/相交/圆等关系；仅呈现题干给出的条件，不暗示未给结论。,仅根据当前原创题干重新绘制简洁数学示意图，不复制、还原或近似教材/试卷原图、版式、题序或受保护视觉布局。
hjb-junior-ds-v2-s2-265,queued,pending,,full,geometry-diagram,S2,八年级下册,四边形,candidates/hjb-junior-ds-v2-s2-265.png,在矩形ABCD中，AB=3，BC=4，对角线AC与BD相交于点O。过点O作OE⊥BC于点E，则OE的长度为（ ）,为沪教版初中数学题 hjb-junior-ds-v2-s2-265 绘制原创题目插图，单元「四边形」，不要复制教材或试卷版式。 画清点、线、角、平行/垂直/相交/圆等关系；仅呈现题干给出的条件，不暗示未给结论。,仅根据当前原创题干重新绘制简洁数学示意图，不复制、还原或近似教材/试卷原图、版式、题序或受保护视觉布局。
hjb-junior-ds-v2-s2-266,queued,pending,,full,geometry-diagram,S2,八年级下册,四边形,candidates/hjb-junior-ds-v2-s2-266.png,在四边形ABCD中，∠A=70°，∠B=110°，∠C=70°，则∠D=______°。,为沪教版初中数学题 hjb-junior-ds-v2-s2-266 绘制原创题目插图，单元「四边形」，不要复制教材或试卷版式。 画清点、线、角、平行/垂直/相交/圆等关系；仅呈现题干给出的条件，不暗示未给结论。,仅根据当前原创题干重新绘制简洁数学示意图，不复制、还原或近似教材/试卷原图、版式、题序或受保护视觉布局。
hjb-junior-ds-v2-s2-267,queued,pending,,full,geometry-diagram,S2,八年级下册,四边形,candidates/hjb-junior-ds-v2-s2-267.png,在△ABC中，D、E分别是AB、AC的中点，F是BC上一点，连接DF、EF。若BC=12，求DE的长，并说明理由。,为沪教版初中数学题 hjb-junior-ds-v2-s2-267 绘制原创题目插图，单元「四边形」，不要复制教材或试卷版式。 画清点、线、角、平行/垂直/相交/圆等关系；仅呈现题干给出的条件，不暗示未给结论。,仅根据当前原创题干重新绘制简洁数学示意图，不复制、还原或近似教材/试卷原图、版式、题序或受保护视觉布局。
hjb-junior-ds-v2-s2-268,queued,pending,,full,geometry-diagram,S2,八年级下册,四边形,candidates/hjb-junior-ds-v2-s2-268.png,下列条件中，能判定四边形是平行四边形的是（　）,为沪教版初中数学题 hjb-junior-ds-v2-s2-268 绘制原创题目插图，单元「四边形」，不要复制教材或试卷版式。 画清点、线、角、平行/垂直/相交/圆等关系；仅呈现题干给出的条件，不暗示未给结论。,仅根据当前原创题干重新绘制简洁数学示意图，不复制、还原或近似教材/试卷原图、版式、题序或受保护视觉布局。
hjb-junior-ds-v2-s2-269,queued,pending,,full,geometry-diagram,S2,八年级下册,四边形,candidates/hjb-junior-ds-v2-s2-269.png,矩形的两条对角线相交于点O，若一条对角线与一边的夹角为25°，则两条对角线所夹的锐角为______°。,为沪教版初中数学题 hjb-junior-ds-v2-s2-269 绘制原创题目插图，单元「四边形」，不要复制教材或试卷版式。 画清点、线、角、平行/垂直/相交/圆等关系；仅呈现题干给出的条件，不暗示未给结论。,仅根据当前原创题干重新绘制简洁数学示意图，不复制、还原或近似教材/试卷原图、版式、题序或受保护视觉布局。
hjb-junior-ds-v2-s2-270,queued,pending,,full,geometry-diagram,S2,八年级下册,四边形,candidates/hjb-junior-ds-v2-s2-270.png,在△ABC中，中线AD、BE交于点G，若AG=6，求GD的长，并说明理由。,为沪教版初中数学题 hjb-junior-ds-v2-s2-270 绘制原创题目插图，单元「四边形」，不要复制教材或试卷版式。 画清点、线、角、平行/垂直/相交/圆等关系；仅呈现题干给出的条件，不暗示未给结论。,仅根据当前原创题干重新绘制简洁数学示意图，不复制、还原或近似教材/试卷原图、版式、题序或受保护视觉布局。
hjb-junior-ds-v2-s2-271,queued,pending,,full,geometry-diagram,S2,八年级下册,四边形,candidates/hjb-junior-ds-v2-s2-271.png,已知四边形ABCD中，AB∥CD，AD∥BC，且AC=BD。则四边形ABCD一定是（ ）,为沪教版初中数学题 hjb-junior-ds-v2-s2-271 绘制原创题目插图，单元「四边形」，不要复制教材或试卷版式。 画清点、线、角、平行/垂直/相交/圆等关系；仅呈现题干给出的条件，不暗示未给结论。,仅根据当前原创题干重新绘制简洁数学示意图，不复制、还原或近似教材/试卷原图、版式、题序或受保护视觉布局。
hjb-junior-ds-v2-s2-272,queued,pending,,full,geometry-diagram,S2,八年级下册,四边形,candidates/hjb-junior-ds-v2-s2-272.png,在△ABC中，D、E分别是AB、AC的中点，若BC=12，则DE=______。,为沪教版初中数学题 hjb-junior-ds-v2-s2-272 绘制原创题目插图，单元「四边形」，不要复制教材或试卷版式。 画清点、线、角、平行/垂直/相交/圆等关系；仅呈现题干给出的条件，不暗示未给结论。,仅根据当前原创题干重新绘制简洁数学示意图，不复制、还原或近似教材/试卷原图、版式、题序或受保护视觉布局。
hjb-junior-ds-v2-s2-273,queued,pending,,full,geometry-diagram,S2,八年级下册,四边形,candidates/hjb-junior-ds-v2-s2-273.png,已知平行四边形ABCD的周长为40，AB=12，求BC的长。,为沪教版初中数学题 hjb-junior-ds-v2-s2-273 绘制原创题目插图，单元「四边形」，不要复制教材或试卷版式。 画清点、线、角、平行/垂直/相交/圆等关系；仅呈现题干给出的条件，不暗示未给结论。,仅根据当前原创题干重新绘制简洁数学示意图，不复制、还原或近似教材/试卷原图、版式、题序或受保护视觉布局。
hjb-junior-ds-v2-s2-275,queued,pending,,full,geometry-diagram,S2,八年级下册,四边形,candidates/hjb-junior-ds-v2-s2-275.png,在菱形ABCD中，对角线AC=6，BD=8，则菱形的面积为______。,为沪教版初中数学题 hjb-junior-ds-v2-s2-275 绘制原创题目插图，单元「四边形」，不要复制教材或试卷版式。 画清点、线、角、平行/垂直/相交/圆等关系；仅呈现题干给出的条件，不暗示未给结论。,仅根据当前原创题干重新绘制简洁数学示意图，不复制、还原或近似教材/试卷原图、版式、题序或受保护视觉布局。
hjb-junior-ds-v2-s2-276,queued,pending,,full,geometry-diagram,S2,八年级下册,四边形,candidates/hjb-junior-ds-v2-s2-276.png,在平行四边形ABCD中，对角线AC与BD相交于点O。已知AB=8，BC=6，∠ABC=60°。点E是边AD的中点，连接OE并延长交BC于点F。求线段OF的长度。,为沪教版初中数学题 hjb-junior-ds-v2-s2-276 绘制原创题目插图，单元「四边形」，不要复制教材或试卷版式。 画清点、线、角、平行/垂直/相交/圆等关系；仅呈现题干给出的条件，不暗示未给结论。,仅根据当前原创题干重新绘制简洁数学示意图，不复制、还原或近似教材/试卷原图、版式、题序或受保护视觉布局。
hjb-junior-ds-v2-s2-277,queued,pending,,full,geometry-diagram,S2,八年级下册,四边形,candidates/hjb-junior-ds-v2-s2-277.png,在四边形ABCD中，对角线AC与BD相交于点O。给出下列四组条件：①AB=CD，AD=BC；②∠A=∠C，∠B=∠D；③OA=OC，OB=OD；④AB∥CD，AD=BC。其中，能判定四边形ABCD是平行四边形的条件共有（ ）,为沪教版初中数学题 hjb-junior-ds-v2-s2-277 绘制原创题目插图，单元「四边形」，不要复制教材或试卷版式。 画清点、线、角、平行/垂直/相交/圆等关系；仅呈现题干给出的条件，不暗示未给结论。,仅根据当前原创题干重新绘制简洁数学示意图，不复制、还原或近似教材/试卷原图、版式、题序或受保护视觉布局。
hjb-junior-ds-v2-s2-278,queued,pending,,full,geometry-diagram,S2,八年级下册,四边形,candidates/hjb-junior-ds-v2-s2-278.png,在△ABC中，点D、E分别是边AB、AC的中点，连接DE。点F在边BC上，且BF=⅓BC。连接DF、EF。若△ABC的面积为24，则△DEF的面积为______。,为沪教版初中数学题 hjb-junior-ds-v2-s2-278 绘制原创题目插图，单元「四边形」，不要复制教材或试卷版式。 画清点、线、角、平行/垂直/相交/圆等关系；仅呈现题干给出的条件，不暗示未给结论。,仅根据当前原创题干重新绘制简洁数学示意图，不复制、还原或近似教材/试卷原图、版式、题序或受保护视觉布局。
hjb-junior-ds-v2-s2-280,queued,pending,,full,geometry-diagram,S2,八年级下册,四边形,candidates/hjb-junior-ds-v2-s2-280.png,顺次连接四边形各边中点所得的四边形是菱形，则原四边形一定满足,为沪教版初中数学题 hjb-junior-ds-v2-s2-280 绘制原创题目插图，单元「四边形」，不要复制教材或试卷版式。 画清点、线、角、平行/垂直/相交/圆等关系；仅呈现题干给出的条件，不暗示未给结论。,仅根据当前原创题干重新绘制简洁数学示意图，不复制、还原或近似教材/试卷原图、版式、题序或受保护视觉布局。
hjb-junior-ds-v2-s2-281,queued,pending,,full,geometry-diagram,S2,八年级下册,四边形,candidates/hjb-junior-ds-v2-s2-281.png,在四边形ABCD中，对角线AC与BD相交于点O。已知AB = CD，AD = BC，且AC = BD。请判断四边形ABCD是什么特殊四边形，并说明理由。,为沪教版初中数学题 hjb-junior-ds-v2-s2-281 绘制原创题目插图，单元「四边形」，不要复制教材或试卷版式。 画清点、线、角、平行/垂直/相交/圆等关系；仅呈现题干给出的条件，不暗示未给结论。,仅根据当前原创题干重新绘制简洁数学示意图，不复制、还原或近似教材/试卷原图、版式、题序或受保护视觉布局。
hjb-junior-ds-v2-s2-282,queued,pending,,full,geometry-diagram,S2,八年级下册,四边形,candidates/hjb-junior-ds-v2-s2-282.png,在矩形ABCD中，AB=6，BC=8，对角线AC与BD相交于点O。点E、F、G、H分别是边AB、BC、CD、DA的中点。连接EG与FH，设交点为P。求线段OP的长度。,为沪教版初中数学题 hjb-junior-ds-v2-s2-282 绘制原创题目插图，单元「四边形」，不要复制教材或试卷版式。 画清点、线、角、平行/垂直/相交/圆等关系；仅呈现题干给出的条件，不暗示未给结论。,仅根据当前原创题干重新绘制简洁数学示意图，不复制、还原或近似教材/试卷原图、版式、题序或受保护视觉布局。
hjb-junior-ds-v2-s2-283,queued,pending,,full,geometry-diagram,S2,八年级下册,四边形,candidates/hjb-junior-ds-v2-s2-283.png,在四边形ABCD中，对角线AC与BD相交于点O。已知AB∥CD，AD∥BC，且AC⊥BD。下列结论一定正确的是（ ）,为沪教版初中数学题 hjb-junior-ds-v2-s2-283 绘制原创题目插图，单元「四边形」，不要复制教材或试卷版式。 画清点、线、角、平行/垂直/相交/圆等关系；仅呈现题干给出的条件，不暗示未给结论。,仅根据当前原创题干重新绘制简洁数学示意图，不复制、还原或近似教材/试卷原图、版式、题序或受保护视觉布局。
hjb-junior-ds-v2-s2-284,queued,pending,,full,geometry-diagram,S2,八年级下册,四边形,candidates/hjb-junior-ds-v2-s2-284.png,在平行四边形ABCD中，对角线AC与BD相交于点O。已知AC=12，BD=16，且AC⊥BD。求AB的长。,为沪教版初中数学题 hjb-junior-ds-v2-s2-284 绘制原创题目插图，单元「四边形」，不要复制教材或试卷版式。 画清点、线、角、平行/垂直/相交/圆等关系；仅呈现题干给出的条件，不暗示未给结论。,仅根据当前原创题干重新绘制简洁数学示意图，不复制、还原或近似教材/试卷原图、版式、题序或受保护视觉布局。
hjb-junior-ds-v2-s2-285,queued,pending,,full,geometry-diagram,S2,八年级下册,四边形,candidates/hjb-junior-ds-v2-s2-285.png,在菱形ABCD中，对角线AC与BD相交于点O，AC=10，BD=24。点E、F、G、H分别是边AB、BC、CD、DA的中点，顺次连接E、F、G、H得到四边形EFGH。求四边形EFGH的周长。,为沪教版初中数学题 hjb-junior-ds-v2-s2-285 绘制原创题目插图，单元「四边形」，不要复制教材或试卷版式。 画清点、线、角、平行/垂直/相交/圆等关系；仅呈现题干给出的条件，不暗示未给结论。,仅根据当前原创题干重新绘制简洁数学示意图，不复制、还原或近似教材/试卷原图、版式、题序或受保护视觉布局。
hjb-junior-ds-v2-s2-287,queued,pending,,full,geometry-diagram,S2,八年级下册,四边形,candidates/hjb-junior-ds-v2-s2-287.png,在平行四边形ABCD中，∠A比∠B大40°，则∠C的度数为______。,为沪教版初中数学题 hjb-junior-ds-v2-s2-287 绘制原创题目插图，单元「四边形」，不要复制教材或试卷版式。 画清点、线、角、平行/垂直/相交/圆等关系；仅呈现题干给出的条件，不暗示未给结论。,仅根据当前原创题干重新绘制简洁数学示意图，不复制、还原或近似教材/试卷原图、版式、题序或受保护视觉布局。
hjb-junior-ds-v2-s2-288,queued,pending,,full,geometry-diagram,S2,八年级下册,四边形,candidates/hjb-junior-ds-v2-s2-288.png,在四边形ABCD中，对角线AC与BD相交于点O。已知OA=OC，OB=OD，且AC⊥BD。求证：四边形ABCD是菱形。,为沪教版初中数学题 hjb-junior-ds-v2-s2-288 绘制原创题目插图，单元「四边形」，不要复制教材或试卷版式。 画清点、线、角、平行/垂直/相交/圆等关系；仅呈现题干给出的条件，不暗示未给结论。,仅根据当前原创题干重新绘制简洁数学示意图，不复制、还原或近似教材/试卷原图、版式、题序或受保护视觉布局。
hjb-junior-ds-v2-s2-289,queued,pending,,full,geometry-diagram,S2,八年级下册,四边形,candidates/hjb-junior-ds-v2-s2-289.png,下列条件中，能判定一个四边形是正方形的是（ ）。,为沪教版初中数学题 hjb-junior-ds-v2-s2-289 绘制原创题目插图，单元「四边形」，不要复制教材或试卷版式。 画清点、线、角、平行/垂直/相交/圆等关系；仅呈现题干给出的条件，不暗示未给结论。,仅根据当前原创题干重新绘制简洁数学示意图，不复制、还原或近似教材/试卷原图、版式、题序或受保护视觉布局。
hjb-junior-ds-v2-s2-290,queued,pending,,full,geometry-diagram,S2,八年级下册,四边形,candidates/hjb-junior-ds-v2-s2-290.png,在△ABC中，点D、E分别是AB、AC的中点，连接DE。点F在BC上，且BF:FC=1:2，连接DF并延长交AC的延长线于点G。若DE=3，求CG的长。,为沪教版初中数学题 hjb-junior-ds-v2-s2-290 绘制原创题目插图，单元「四边形」，不要复制教材或试卷版式。 画清点、线、角、平行/垂直/相交/圆等关系；仅呈现题干给出的条件，不暗示未给结论。,仅根据当前原创题干重新绘制简洁数学示意图，不复制、还原或近似教材/试卷原图、版式、题序或受保护视觉布局。
hjb-junior-ds-v2-s2-291,queued,pending,,full,geometry-diagram,S2,八年级下册,四边形,candidates/hjb-junior-ds-v2-s2-291.png,在四边形ABCD中，对角线AC与BD相交于点O。已知AB=CD=10，AD=BC=8，且∠ABC=90°。求证：四边形ABCD是矩形，并求对角线AC的长度。,为沪教版初中数学题 hjb-junior-ds-v2-s2-291 绘制原创题目插图，单元「四边形」，不要复制教材或试卷版式。 画清点、线、角、平行/垂直/相交/圆等关系；仅呈现题干给出的条件，不暗示未给结论。,仅根据当前原创题干重新绘制简洁数学示意图，不复制、还原或近似教材/试卷原图、版式、题序或受保护视觉布局。
hjb-junior-ds-v2-s2-292,queued,pending,,full,geometry-diagram,S2,八年级下册,四边形,candidates/hjb-junior-ds-v2-s2-292.png,在四边形ABCD中，对角线AC与BD相交于点O。给出下列条件：①AB∥CD，AD∥BC；②AB=CD，AD=BC；③OA=OC，OB=OD；④∠A=∠C，∠B=∠D。其中能判定四边形ABCD是平行四边形的条件共有（　）,为沪教版初中数学题 hjb-junior-ds-v2-s2-292 绘制原创题目插图，单元「四边形」，不要复制教材或试卷版式。 画清点、线、角、平行/垂直/相交/圆等关系；仅呈现题干给出的条件，不暗示未给结论。,仅根据当前原创题干重新绘制简洁数学示意图，不复制、还原或近似教材/试卷原图、版式、题序或受保护视觉布局。
hjb-junior-ds-v2-s2-294,queued,pending,,full,geometry-diagram,S2,八年级下册,四边形,candidates/hjb-junior-ds-v2-s2-294.png,在△ABC中，D、E分别是AB、AC的中点，F是BC的中点，连接DE、DF、EF。若△DEF的周长为15，求△ABC的周长。,为沪教版初中数学题 hjb-junior-ds-v2-s2-294 绘制原创题目插图，单元「四边形」，不要复制教材或试卷版式。 画清点、线、角、平行/垂直/相交/圆等关系；仅呈现题干给出的条件，不暗示未给结论。,仅根据当前原创题干重新绘制简洁数学示意图，不复制、还原或近似教材/试卷原图、版式、题序或受保护视觉布局。
hjb-junior-ds-v2-s2-295,queued,pending,,full,geometry-diagram,S2,八年级下册,四边形,candidates/hjb-junior-ds-v2-s2-295.png,已知菱形的两条对角线长分别为6和8，则这个菱形的面积为（　）,为沪教版初中数学题 hjb-junior-ds-v2-s2-295 绘制原创题目插图，单元「四边形」，不要复制教材或试卷版式。 画清点、线、角、平行/垂直/相交/圆等关系；仅呈现题干给出的条件，不暗示未给结论。,仅根据当前原创题干重新绘制简洁数学示意图，不复制、还原或近似教材/试卷原图、版式、题序或受保护视觉布局。
hjb-junior-ds-v2-s2-297,queued,pending,,full,geometry-diagram,S2,八年级下册,四边形,candidates/hjb-junior-ds-v2-s2-297.png,在四边形ABCD中，对角线AC与BD相交于点O。已知OA=OC，OB=OD，且AC⊥BD。请判断四边形ABCD的形状，并说明理由。,为沪教版初中数学题 hjb-junior-ds-v2-s2-297 绘制原创题目插图，单元「四边形」，不要复制教材或试卷版式。 画清点、线、角、平行/垂直/相交/圆等关系；仅呈现题干给出的条件，不暗示未给结论。,仅根据当前原创题干重新绘制简洁数学示意图，不复制、还原或近似教材/试卷原图、版式、题序或受保护视觉布局。
hjb-junior-ds-v2-s2-298,queued,pending,,full,geometry-diagram,S2,八年级下册,四边形,candidates/hjb-junior-ds-v2-s2-298.png,在平行四边形ABCD中，AB=5，BC=3，∠B=60°，则对角线AC的长为______。,为沪教版初中数学题 hjb-junior-ds-v2-s2-298 绘制原创题目插图，单元「四边形」，不要复制教材或试卷版式。 画清点、线、角、平行/垂直/相交/圆等关系；仅呈现题干给出的条件，不暗示未给结论。,仅根据当前原创题干重新绘制简洁数学示意图，不复制、还原或近似教材/试卷原图、版式、题序或受保护视觉布局。
hjb-junior-ds-v2-s2-299,queued,pending,,full,geometry-diagram,S2,八年级下册,四边形,candidates/hjb-junior-ds-v2-s2-299.png,在△ABC中，D、E分别是AB、AC的中点，F是BC的中点。若△ABC的面积为24 cm²，则△DEF的面积为______ cm²。,为沪教版初中数学题 hjb-junior-ds-v2-s2-299 绘制原创题目插图，单元「四边形」，不要复制教材或试卷版式。 画清点、线、角、平行/垂直/相交/圆等关系；仅呈现题干给出的条件，不暗示未给结论。,仅根据当前原创题干重新绘制简洁数学示意图，不复制、还原或近似教材/试卷原图、版式、题序或受保护视觉布局。
hjb-junior-ds-v2-s2-300,queued,pending,,full,geometry-diagram,S2,八年级下册,四边形,candidates/hjb-junior-ds-v2-s2-300.png,在矩形ABCD中，AB=8，AD=6，点E在边CD上，且CE=2。连接AE，过点B作BF⊥AE于点F。求BF的长。,为沪教版初中数学题 hjb-junior-ds-v2-s2-300 绘制原创题目插图，单元「四边形」，不要复制教材或试卷版式。 画清点、线、角、平行/垂直/相交/圆等关系；仅呈现题干给出的条件，不暗示未给结论。,仅根据当前原创题干重新绘制简洁数学示意图，不复制、还原或近似教材/试卷原图、版式、题序或受保护视觉布局。
hjb-junior-ds-v2-s2-301,queued,pending,,full,geometry-diagram,S2,八年级下册,四边形,candidates/hjb-junior-ds-v2-s2-301.png,在四边形ABCD中，对角线AC与BD相交于点O。给出下列四组条件：①AB∥CD，AD=BC；②∠A=∠C，∠B=∠D；③OA=OC，OB=OD；④AB=CD，∠ABC=∠ADC。其中能判定四边形ABCD是平行四边形的条件共有（ ）,为沪教版初中数学题 hjb-junior-ds-v2-s2-301 绘制原创题目插图，单元「四边形」，不要复制教材或试卷版式。 画清点、线、角、平行/垂直/相交/圆等关系；仅呈现题干给出的条件，不暗示未给结论。,仅根据当前原创题干重新绘制简洁数学示意图，不复制、还原或近似教材/试卷原图、版式、题序或受保护视觉布局。
hjb-junior-ds-v2-s2-302,queued,pending,,full,geometry-diagram,S2,八年级下册,四边形,candidates/hjb-junior-ds-v2-s2-302.png,在平行四边形ABCD中，AB=10，BC=6，点E、F分别是边AB、CD的中点。连接EF，则EF的长为______。,为沪教版初中数学题 hjb-junior-ds-v2-s2-302 绘制原创题目插图，单元「四边形」，不要复制教材或试卷版式。 画清点、线、角、平行/垂直/相交/圆等关系；仅呈现题干给出的条件，不暗示未给结论。,仅根据当前原创题干重新绘制简洁数学示意图，不复制、还原或近似教材/试卷原图、版式、题序或受保护视觉布局。
hjb-junior-ds-v2-s2-303,queued,pending,,full,geometry-diagram,S2,八年级下册,四边形,candidates/hjb-junior-ds-v2-s2-303.png,在四边形ABCD中，AB=CD=10，AD=BC=8，且∠ABC=90°。求证：四边形ABCD是矩形，并求对角线AC的长度。,为沪教版初中数学题 hjb-junior-ds-v2-s2-303 绘制原创题目插图，单元「四边形」，不要复制教材或试卷版式。 画清点、线、角、平行/垂直/相交/圆等关系；仅呈现题干给出的条件，不暗示未给结论。,仅根据当前原创题干重新绘制简洁数学示意图，不复制、还原或近似教材/试卷原图、版式、题序或受保护视觉布局。
hjb-junior-ds-v2-s2-304,queued,pending,,full,geometry-diagram,S2,八年级下册,四边形,candidates/hjb-junior-ds-v2-s2-304.png,已知四边形ABCD中，AB∥CD，AD∥BC，对角线AC与BD相交于点O。下列条件中，能判定四边形ABCD是矩形的是（ ）,为沪教版初中数学题 hjb-junior-ds-v2-s2-304 绘制原创题目插图，单元「四边形」，不要复制教材或试卷版式。 画清点、线、角、平行/垂直/相交/圆等关系；仅呈现题干给出的条件，不暗示未给结论。,仅根据当前原创题干重新绘制简洁数学示意图，不复制、还原或近似教材/试卷原图、版式、题序或受保护视觉布局。
hjb-junior-ds-v2-s2-305,queued,pending,,full,geometry-diagram,S2,八年级下册,四边形,candidates/hjb-junior-ds-v2-s2-305.png,在四边形ABCD中，点E、F、G、H分别是边AB、BC、CD、DA的中点。连接AC、BD、EG、FH。若AC=10，BD=14，且AC⊥BD，则四边形EFGH的周长为______。,为沪教版初中数学题 hjb-junior-ds-v2-s2-305 绘制原创题目插图，单元「四边形」，不要复制教材或试卷版式。 画清点、线、角、平行/垂直/相交/圆等关系；仅呈现题干给出的条件，不暗示未给结论。,仅根据当前原创题干重新绘制简洁数学示意图，不复制、还原或近似教材/试卷原图、版式、题序或受保护视觉布局。
hjb-junior-ds-v2-s2-306,queued,pending,,full,geometry-diagram,S2,八年级下册,四边形,candidates/hjb-junior-ds-v2-s2-306.png,在四边形ABCD中，已知AB=CD，AD=BC，且∠A=70°，求∠C的度数。,为沪教版初中数学题 hjb-junior-ds-v2-s2-306 绘制原创题目插图，单元「四边形」，不要复制教材或试卷版式。 画清点、线、角、平行/垂直/相交/圆等关系；仅呈现题干给出的条件，不暗示未给结论。,仅根据当前原创题干重新绘制简洁数学示意图，不复制、还原或近似教材/试卷原图、版式、题序或受保护视觉布局。
hjb-junior-ds-v2-s2-307,queued,pending,,full,geometry-diagram,S2,八年级下册,四边形,candidates/hjb-junior-ds-v2-s2-307.png,已知四边形ABCD的对角线AC与BD相交于点O，且OA=OC，OB=OD。若添加一个条件使四边形ABCD成为矩形，以下哪个条件符合要求？,为沪教版初中数学题 hjb-junior-ds-v2-s2-307 绘制原创题目插图，单元「四边形」，不要复制教材或试卷版式。 画清点、线、角、平行/垂直/相交/圆等关系；仅呈现题干给出的条件，不暗示未给结论。,仅根据当前原创题干重新绘制简洁数学示意图，不复制、还原或近似教材/试卷原图、版式、题序或受保护视觉布局。
hjb-junior-ds-v2-s2-308,queued,pending,,full,geometry-diagram,S2,八年级下册,四边形,candidates/hjb-junior-ds-v2-s2-308.png,在△ABC中，D、E分别是AB、AC的中点，若BC=12 cm，则DE=______ cm。,为沪教版初中数学题 hjb-junior-ds-v2-s2-308 绘制原创题目插图，单元「四边形」，不要复制教材或试卷版式。 画清点、线、角、平行/垂直/相交/圆等关系；仅呈现题干给出的条件，不暗示未给结论。,仅根据当前原创题干重新绘制简洁数学示意图，不复制、还原或近似教材/试卷原图、版式、题序或受保护视觉布局。
hjb-junior-ds-v2-s2-309,queued,pending,,full,geometry-diagram,S2,八年级下册,四边形,candidates/hjb-junior-ds-v2-s2-309.png,在平行四边形ABCD中，对角线AC与BD相交于点O，点E是边BC的中点，连接OE。若AB=8，则OE的长为______。,为沪教版初中数学题 hjb-junior-ds-v2-s2-309 绘制原创题目插图，单元「四边形」，不要复制教材或试卷版式。 画清点、线、角、平行/垂直/相交/圆等关系；仅呈现题干给出的条件，不暗示未给结论。,仅根据当前原创题干重新绘制简洁数学示意图，不复制、还原或近似教材/试卷原图、版式、题序或受保护视觉布局。
hjb-junior-ds-v2-s2-310,queued,pending,,full,geometry-diagram,S2,八年级下册,四边形,candidates/hjb-junior-ds-v2-s2-310.png,在四边形ABCD中，AB=BC=CD=DA，且∠A=90°。关于这个四边形，以下哪个结论一定正确？,为沪教版初中数学题 hjb-junior-ds-v2-s2-310 绘制原创题目插图，单元「四边形」，不要复制教材或试卷版式。 画清点、线、角、平行/垂直/相交/圆等关系；仅呈现题干给出的条件，不暗示未给结论。,仅根据当前原创题干重新绘制简洁数学示意图，不复制、还原或近似教材/试卷原图、版式、题序或受保护视觉布局。
hjb-junior-ds-v2-s2-311,queued,pending,,full,geometry-diagram,S2,八年级下册,四边形,candidates/hjb-junior-ds-v2-s2-311.png,在四边形ABCD中，已知AB∥CD，AD∥BC，对角线AC与BD相交于点O。若AB=8，BC=6，∠ABC=60°，则对角线AC的长为______。,为沪教版初中数学题 hjb-junior-ds-v2-s2-311 绘制原创题目插图，单元「四边形」，不要复制教材或试卷版式。 画清点、线、角、平行/垂直/相交/圆等关系；仅呈现题干给出的条件，不暗示未给结论。,仅根据当前原创题干重新绘制简洁数学示意图，不复制、还原或近似教材/试卷原图、版式、题序或受保护视觉布局。
hjb-junior-ds-v2-s2-312,queued,pending,,full,geometry-diagram,S2,八年级下册,四边形,candidates/hjb-junior-ds-v2-s2-312.png,在△ABC中，点D、E分别是边AB、AC的中点，点F是边BC的中点，连接AF交DE于点G。若△ABC的面积为24 cm²，求四边形DGFB的面积。,为沪教版初中数学题 hjb-junior-ds-v2-s2-312 绘制原创题目插图，单元「四边形」，不要复制教材或试卷版式。 画清点、线、角、平行/垂直/相交/圆等关系；仅呈现题干给出的条件，不暗示未给结论。,仅根据当前原创题干重新绘制简洁数学示意图，不复制、还原或近似教材/试卷原图、版式、题序或受保护视觉布局。
hjb-junior-ds-v2-s2-313,queued,pending,,full,geometry-diagram,S2,八年级下册,四边形,candidates/hjb-junior-ds-v2-s2-313.png,在四边形ABCD中，对角线AC与BD相交于点O。给出下列四组条件：①AB=CD，AD=BC；②AB∥CD，AD=BC；③AO=OC，BO=OD；④∠A=∠C，∠B=∠D。其中能判定四边形ABCD是平行四边形的条件组共有（ ）,为沪教版初中数学题 hjb-junior-ds-v2-s2-313 绘制原创题目插图，单元「四边形」，不要复制教材或试卷版式。 画清点、线、角、平行/垂直/相交/圆等关系；仅呈现题干给出的条件，不暗示未给结论。,仅根据当前原创题干重新绘制简洁数学示意图，不复制、还原或近似教材/试卷原图、版式、题序或受保护视觉布局。
hjb-junior-ds-v2-s3-085,queued,pending,,full,geometry-diagram,S3,九年级上册,锐角的三角比,candidates/hjb-junior-ds-v2-s3-085.png,在Rt△ABC中，∠C=90°，AB=10，BC=6，则sinA的值为（ ）。,为沪教版初中数学题 hjb-junior-ds-v2-s3-085 绘制原创题目插图，单元「锐角的三角比」，不要复制教材或试卷版式。 画清点、线、角、平行/垂直/相交/圆等关系；仅呈现题干给出的条件，不暗示未给结论。,仅根据当前原创题干重新绘制简洁数学示意图，不复制、还原或近似教材/试卷原图、版式、题序或受保护视觉布局。
hjb-junior-ds-v2-s3-096,queued,pending,,full,geometry-diagram,S3,九年级上册,锐角的三角比,candidates/hjb-junior-ds-v2-s3-096.png,在 Rt△ABC 中，∠C = 90°，∠A = 35°，斜边 AB = 10。求直角边 BC 的长（结果保留一位小数）。,为沪教版初中数学题 hjb-junior-ds-v2-s3-096 绘制原创题目插图，单元「锐角的三角比」，不要复制教材或试卷版式。 画清点、线、角、平行/垂直/相交/圆等关系；仅呈现题干给出的条件，不暗示未给结论。,仅根据当前原创题干重新绘制简洁数学示意图，不复制、还原或近似教材/试卷原图、版式、题序或受保护视觉布局。
hjb-junior-ds-v2-s3-097,queued,pending,,full,geometry-diagram,S3,九年级上册,锐角的三角比,candidates/hjb-junior-ds-v2-s3-097.png,在 Rt△ABC 中，∠C = 90°，∠B = 40°，AC = 6。下列哪个式子可用来求 BC 的长？,为沪教版初中数学题 hjb-junior-ds-v2-s3-097 绘制原创题目插图，单元「锐角的三角比」，不要复制教材或试卷版式。 画清点、线、角、平行/垂直/相交/圆等关系；仅呈现题干给出的条件，不暗示未给结论。,仅根据当前原创题干重新绘制简洁数学示意图，不复制、还原或近似教材/试卷原图、版式、题序或受保护视觉布局。
hjb-junior-ds-v2-s3-099,queued,pending,,full,geometry-diagram,S3,九年级上册,锐角的三角比,candidates/hjb-junior-ds-v2-s3-099.png,在 Rt△ABC 中，∠C = 90°，∠A = 22°，斜边 AB = 15。求直角边 AC 的长（结果保留两位小数）。,为沪教版初中数学题 hjb-junior-ds-v2-s3-099 绘制原创题目插图，单元「锐角的三角比」，不要复制教材或试卷版式。 画清点、线、角、平行/垂直/相交/圆等关系；仅呈现题干给出的条件，不暗示未给结论。,仅根据当前原创题干重新绘制简洁数学示意图，不复制、还原或近似教材/试卷原图、版式、题序或受保护视觉布局。
hjb-junior-ds-v2-s3-100,queued,pending,,full,geometry-diagram,S3,九年级上册,锐角的三角比,candidates/hjb-junior-ds-v2-s3-100.png,在 Rt△ABC 中，∠C = 90°，AB = 13，BC = 5，则 sin A 的值为（ ）。,为沪教版初中数学题 hjb-junior-ds-v2-s3-100 绘制原创题目插图，单元「锐角的三角比」，不要复制教材或试卷版式。 画清点、线、角、平行/垂直/相交/圆等关系；仅呈现题干给出的条件，不暗示未给结论。,仅根据当前原创题干重新绘制简洁数学示意图，不复制、还原或近似教材/试卷原图、版式、题序或受保护视觉布局。
hjb-junior-ds-v2-s3-118,queued,pending,,full,geometry-diagram,S3,九年级上册,锐角的三角比,candidates/hjb-junior-ds-v2-s3-118.png,在Rt△ABC中，∠C=90°，下列等式中一定成立的是（ ）,为沪教版初中数学题 hjb-junior-ds-v2-s3-118 绘制原创题目插图，单元「锐角的三角比」，不要复制教材或试卷版式。 画清点、线、角、平行/垂直/相交/圆等关系；仅呈现题干给出的条件，不暗示未给结论。,仅根据当前原创题干重新绘制简洁数学示意图，不复制、还原或近似教材/试卷原图、版式、题序或受保护视觉布局。
hjb-junior-ds-v2-s3-119,queued,pending,,full,geometry-diagram,S3,九年级上册,锐角的三角比,candidates/hjb-junior-ds-v2-s3-119.png,在△ABC中，AB=AC=5，BC=6。将△ABC绕点A旋转，使点B落在点C的位置，点C落在点B'的位置。求sin∠BAB'的值。,为沪教版初中数学题 hjb-junior-ds-v2-s3-119 绘制原创题目插图，单元「锐角的三角比」，不要复制教材或试卷版式。 画清点、线、角、平行/垂直/相交/圆等关系；仅呈现题干给出的条件，不暗示未给结论。,仅根据当前原创题干重新绘制简洁数学示意图，不复制、还原或近似教材/试卷原图、版式、题序或受保护视觉布局。
hjb-junior-ds-v2-s3-120,queued,pending,,full,geometry-diagram,S3,九年级上册,锐角的三角比,candidates/hjb-junior-ds-v2-s3-120.png,在Rt△ABC中，∠C=90°，tanA=2，AB=√5。求△ABC的面积。,为沪教版初中数学题 hjb-junior-ds-v2-s3-120 绘制原创题目插图，单元「锐角的三角比」，不要复制教材或试卷版式。 画清点、线、角、平行/垂直/相交/圆等关系；仅呈现题干给出的条件，不暗示未给结论。,仅根据当前原创题干重新绘制简洁数学示意图，不复制、还原或近似教材/试卷原图、版式、题序或受保护视觉布局。
hjb-junior-ds-v2-s3-122,queued,pending,,full,geometry-diagram,S3,九年级上册,锐角的三角比,candidates/hjb-junior-ds-v2-s3-122.png,在Rt△ABC中，∠C=90°，BC=8，sinA=4/5。求AB的长。,为沪教版初中数学题 hjb-junior-ds-v2-s3-122 绘制原创题目插图，单元「锐角的三角比」，不要复制教材或试卷版式。 画清点、线、角、平行/垂直/相交/圆等关系；仅呈现题干给出的条件，不暗示未给结论。,仅根据当前原创题干重新绘制简洁数学示意图，不复制、还原或近似教材/试卷原图、版式、题序或受保护视觉布局。
hjb-junior-ds-v2-s3-124,queued,pending,,full,geometry-diagram,S3,九年级上册,锐角的三角比,candidates/hjb-junior-ds-v2-s3-124.png,在Rt△ABC中，∠C=90°，AB=5，BC=3。下列等式正确的是（ ）。,为沪教版初中数学题 hjb-junior-ds-v2-s3-124 绘制原创题目插图，单元「锐角的三角比」，不要复制教材或试卷版式。 画清点、线、角、平行/垂直/相交/圆等关系；仅呈现题干给出的条件，不暗示未给结论。,仅根据当前原创题干重新绘制简洁数学示意图，不复制、还原或近似教材/试卷原图、版式、题序或受保护视觉布局。
hjb-junior-ds-v2-s3-125,queued,pending,,full,geometry-diagram,S3,九年级上册,锐角的三角比,candidates/hjb-junior-ds-v2-s3-125.png,在Rt△ABC中，∠C=90°，cosA=5/13，AC=10。求△ABC的周长。,为沪教版初中数学题 hjb-junior-ds-v2-s3-125 绘制原创题目插图，单元「锐角的三角比」，不要复制教材或试卷版式。 画清点、线、角、平行/垂直/相交/圆等关系；仅呈现题干给出的条件，不暗示未给结论。,仅根据当前原创题干重新绘制简洁数学示意图，不复制、还原或近似教材/试卷原图、版式、题序或受保护视觉布局。
hjb-junior-ds-v2-s3-127,queued,pending,,full,geometry-diagram,S3,九年级上册,锐角的三角比,candidates/hjb-junior-ds-v2-s3-127.png,在Rt△ABC中，∠C=90°，AB=10，BC=6。下列哪个选项正确表示了sinA的值？,为沪教版初中数学题 hjb-junior-ds-v2-s3-127 绘制原创题目插图，单元「锐角的三角比」，不要复制教材或试卷版式。 画清点、线、角、平行/垂直/相交/圆等关系；仅呈现题干给出的条件，不暗示未给结论。,仅根据当前原创题干重新绘制简洁数学示意图，不复制、还原或近似教材/试卷原图、版式、题序或受保护视觉布局。
hjb-junior-ds-v2-s3-128,queued,pending,,full,geometry-diagram,S3,九年级上册,锐角的三角比,candidates/hjb-junior-ds-v2-s3-128.png,在Rt△ABC中，∠C=90°，AC=5，BC=12，则tanA=______。,为沪教版初中数学题 hjb-junior-ds-v2-s3-128 绘制原创题目插图，单元「锐角的三角比」，不要复制教材或试卷版式。 画清点、线、角、平行/垂直/相交/圆等关系；仅呈现题干给出的条件，不暗示未给结论。,仅根据当前原创题干重新绘制简洁数学示意图，不复制、还原或近似教材/试卷原图、版式、题序或受保护视觉布局。
hjb-junior-ds-v2-s3-129,queued,pending,,full,geometry-diagram,S3,九年级上册,锐角的三角比,candidates/hjb-junior-ds-v2-s3-129.png,在Rt△ABC中，∠C=90°，∠A=30°，BC=4。求AB的长。,为沪教版初中数学题 hjb-junior-ds-v2-s3-129 绘制原创题目插图，单元「锐角的三角比」，不要复制教材或试卷版式。 画清点、线、角、平行/垂直/相交/圆等关系；仅呈现题干给出的条件，不暗示未给结论。,仅根据当前原创题干重新绘制简洁数学示意图，不复制、还原或近似教材/试卷原图、版式、题序或受保护视觉布局。
hjb-junior-ds-v2-s3-141,queued,pending,,full,geometry-diagram,S3,九年级上册,锐角的三角比,candidates/hjb-junior-ds-v2-s3-141.png,在Rt△ABC中，∠C=90°，AB=10，sinA=0.6。求BC的长。,为沪教版初中数学题 hjb-junior-ds-v2-s3-141 绘制原创题目插图，单元「锐角的三角比」，不要复制教材或试卷版式。 画清点、线、角、平行/垂直/相交/圆等关系；仅呈现题干给出的条件，不暗示未给结论。,仅根据当前原创题干重新绘制简洁数学示意图，不复制、还原或近似教材/试卷原图、版式、题序或受保护视觉布局。
hjb-junior-ds-v2-s3-142,queued,pending,,full,geometry-diagram,S3,九年级上册,锐角的三角比,candidates/hjb-junior-ds-v2-s3-142.png,在Rt△ABC中，∠C=90°，AC=8，BC=6，则tanA的值为（ ）,为沪教版初中数学题 hjb-junior-ds-v2-s3-142 绘制原创题目插图，单元「锐角的三角比」，不要复制教材或试卷版式。 画清点、线、角、平行/垂直/相交/圆等关系；仅呈现题干给出的条件，不暗示未给结论。,仅根据当前原创题干重新绘制简洁数学示意图，不复制、还原或近似教材/试卷原图、版式、题序或受保护视觉布局。
hjb-junior-ds-v2-s3-143,queued,pending,,full,geometry-diagram,S3,九年级上册,锐角的三角比,candidates/hjb-junior-ds-v2-s3-143.png,在Rt△ABC中，∠C=90°，∠A=30°，AB=12，则BC=______。,为沪教版初中数学题 hjb-junior-ds-v2-s3-143 绘制原创题目插图，单元「锐角的三角比」，不要复制教材或试卷版式。 画清点、线、角、平行/垂直/相交/圆等关系；仅呈现题干给出的条件，不暗示未给结论。,仅根据当前原创题干重新绘制简洁数学示意图，不复制、还原或近似教材/试卷原图、版式、题序或受保护视觉布局。
hjb-junior-ds-v2-s3-144,queued,pending,,full,geometry-diagram,S3,九年级上册,锐角的三角比,candidates/hjb-junior-ds-v2-s3-144.png,在Rt△ABC中，∠C=90°，BC=5，AC=12，求sinB的值。,为沪教版初中数学题 hjb-junior-ds-v2-s3-144 绘制原创题目插图，单元「锐角的三角比」，不要复制教材或试卷版式。 画清点、线、角、平行/垂直/相交/圆等关系；仅呈现题干给出的条件，不暗示未给结论。,仅根据当前原创题干重新绘制简洁数学示意图，不复制、还原或近似教材/试卷原图、版式、题序或受保护视觉布局。
hjb-junior-ds-v2-s3-145,queued,pending,,full,geometry-diagram,S3,九年级上册,锐角的三角比,candidates/hjb-junior-ds-v2-s3-145.png,在Rt△ABC中，∠C=90°，AB=5，BC=3，则cosA的值为（ ）,为沪教版初中数学题 hjb-junior-ds-v2-s3-145 绘制原创题目插图，单元「锐角的三角比」，不要复制教材或试卷版式。 画清点、线、角、平行/垂直/相交/圆等关系；仅呈现题干给出的条件，不暗示未给结论。,仅根据当前原创题干重新绘制简洁数学示意图，不复制、还原或近似教材/试卷原图、版式、题序或受保护视觉布局。
hjb-junior-ds-v2-s3-148,queued,pending,,full,geometry-diagram,S3,九年级上册,锐角的三角比,candidates/hjb-junior-ds-v2-s3-148.png,在Rt△ABC中，∠C=90°，AC=12，BC=5，则cosB的值为（ ）。,为沪教版初中数学题 hjb-junior-ds-v2-s3-148 绘制原创题目插图，单元「锐角的三角比」，不要复制教材或试卷版式。 画清点、线、角、平行/垂直/相交/圆等关系；仅呈现题干给出的条件，不暗示未给结论。,仅根据当前原创题干重新绘制简洁数学示意图，不复制、还原或近似教材/试卷原图、版式、题序或受保护视觉布局。
hjb-junior-ds-v2-s3-149,queued,pending,,full,geometry-diagram,S3,九年级上册,锐角的三角比,candidates/hjb-junior-ds-v2-s3-149.png,在Rt△ABC中，∠C=90°，∠A=40°，AB=10。求BC的长（精确到0.01，sin40°≈0.643，cos40°≈0.766，tan40°≈0.839）。,为沪教版初中数学题 hjb-junior-ds-v2-s3-149 绘制原创题目插图，单元「锐角的三角比」，不要复制教材或试卷版式。 画清点、线、角、平行/垂直/相交/圆等关系；仅呈现题干给出的条件，不暗示未给结论。,仅根据当前原创题干重新绘制简洁数学示意图，不复制、还原或近似教材/试卷原图、版式、题序或受保护视觉布局。
hjb-junior-ds-v2-s3-152,queued,pending,,full,geometry-diagram,S3,九年级上册,锐角的三角比,candidates/hjb-junior-ds-v2-s3-152.png,在Rt△ABC中，∠C=90°，AB=10，sinA=3/5，则BC=______。,为沪教版初中数学题 hjb-junior-ds-v2-s3-152 绘制原创题目插图，单元「锐角的三角比」，不要复制教材或试卷版式。 画清点、线、角、平行/垂直/相交/圆等关系；仅呈现题干给出的条件，不暗示未给结论。,仅根据当前原创题干重新绘制简洁数学示意图，不复制、还原或近似教材/试卷原图、版式、题序或受保护视觉布局。
hjb-junior-ds-v2-s3-153,queued,pending,,full,geometry-diagram,S3,九年级上册,锐角的三角比,candidates/hjb-junior-ds-v2-s3-153.png,在Rt△ABC中，∠C=90°，∠A=35°，斜边AB=12。求直角边BC的长（精确到0.01）。,为沪教版初中数学题 hjb-junior-ds-v2-s3-153 绘制原创题目插图，单元「锐角的三角比」，不要复制教材或试卷版式。 画清点、线、角、平行/垂直/相交/圆等关系；仅呈现题干给出的条件，不暗示未给结论。,仅根据当前原创题干重新绘制简洁数学示意图，不复制、还原或近似教材/试卷原图、版式、题序或受保护视觉布局。
hjb-junior-ds-v2-s3-154,queued,pending,,full,geometry-diagram,S3,九年级上册,锐角的三角比,candidates/hjb-junior-ds-v2-s3-154.png,在Rt△ABC中，∠C=90°，BC=5，AB=13，则tanA的值为（ ）。,为沪教版初中数学题 hjb-junior-ds-v2-s3-154 绘制原创题目插图，单元「锐角的三角比」，不要复制教材或试卷版式。 画清点、线、角、平行/垂直/相交/圆等关系；仅呈现题干给出的条件，不暗示未给结论。,仅根据当前原创题干重新绘制简洁数学示意图，不复制、还原或近似教材/试卷原图、版式、题序或受保护视觉布局。
hjb-junior-ds-v2-s3-155,queued,pending,,full,geometry-diagram,S3,九年级上册,锐角的三角比,candidates/hjb-junior-ds-v2-s3-155.png,在Rt△ABC中，∠C=90°，cosA=5/13，AB=26，则AC=______。,为沪教版初中数学题 hjb-junior-ds-v2-s3-155 绘制原创题目插图，单元「锐角的三角比」，不要复制教材或试卷版式。 画清点、线、角、平行/垂直/相交/圆等关系；仅呈现题干给出的条件，不暗示未给结论。,仅根据当前原创题干重新绘制简洁数学示意图，不复制、还原或近似教材/试卷原图、版式、题序或受保护视觉布局。
hjb-junior-ds-v2-s3-156,queued,pending,,full,geometry-diagram,S3,九年级上册,锐角的三角比,candidates/hjb-junior-ds-v2-s3-156.png,在Rt△ABC中，∠C=90°，∠A=35°，斜边AB=10。求直角边BC的长（精确到0.01）。,为沪教版初中数学题 hjb-junior-ds-v2-s3-156 绘制原创题目插图，单元「锐角的三角比」，不要复制教材或试卷版式。 画清点、线、角、平行/垂直/相交/圆等关系；仅呈现题干给出的条件，不暗示未给结论。,仅根据当前原创题干重新绘制简洁数学示意图，不复制、还原或近似教材/试卷原图、版式、题序或受保护视觉布局。
hjb-junior-ds-v2-s3-157,queued,pending,,full,geometry-diagram,S3,九年级上册,锐角的三角比,candidates/hjb-junior-ds-v2-s3-157.png,在 Rt△ABC 中，∠C = 90°，∠B = 40°，AC = 6。下列哪个式子可以求出斜边 AB 的长？,为沪教版初中数学题 hjb-junior-ds-v2-s3-157 绘制原创题目插图，单元「锐角的三角比」，不要复制教材或试卷版式。 画清点、线、角、平行/垂直/相交/圆等关系；仅呈现题干给出的条件，不暗示未给结论。,仅根据当前原创题干重新绘制简洁数学示意图，不复制、还原或近似教材/试卷原图、版式、题序或受保护视觉布局。
hjb-junior-ds-v2-s3-158,queued,pending,,full,geometry-diagram,S3,九年级上册,锐角的三角比,candidates/hjb-junior-ds-v2-s3-158.png,在 Rt△ABC 中，∠C = 90°，tan A = 5/12，斜边 AB = 26。则直角边 BC = ______。,为沪教版初中数学题 hjb-junior-ds-v2-s3-158 绘制原创题目插图，单元「锐角的三角比」，不要复制教材或试卷版式。 画清点、线、角、平行/垂直/相交/圆等关系；仅呈现题干给出的条件，不暗示未给结论。,仅根据当前原创题干重新绘制简洁数学示意图，不复制、还原或近似教材/试卷原图、版式、题序或受保护视觉布局。
hjb-junior-ds-v2-s3-160,queued,pending,,full,geometry-diagram,S3,九年级上册,锐角的三角比,candidates/hjb-junior-ds-v2-s3-160.png,在 Rt△ABC 中，∠C = 90°，AB = 5，BC = 3，则 sin A 的值为（ ）,为沪教版初中数学题 hjb-junior-ds-v2-s3-160 绘制原创题目插图，单元「锐角的三角比」，不要复制教材或试卷版式。 画清点、线、角、平行/垂直/相交/圆等关系；仅呈现题干给出的条件，不暗示未给结论。,仅根据当前原创题干重新绘制简洁数学示意图，不复制、还原或近似教材/试卷原图、版式、题序或受保护视觉布局。
hjb-junior-ds-v2-s3-167,queued,pending,,full,geometry-diagram,S3,九年级上册,锐角的三角比,candidates/hjb-junior-ds-v2-s3-167.png,在Rt△ABC中，∠C=90°，AB=13，BC=5，则sinA的值为______。,为沪教版初中数学题 hjb-junior-ds-v2-s3-167 绘制原创题目插图，单元「锐角的三角比」，不要复制教材或试卷版式。 画清点、线、角、平行/垂直/相交/圆等关系；仅呈现题干给出的条件，不暗示未给结论。,仅根据当前原创题干重新绘制简洁数学示意图，不复制、还原或近似教材/试卷原图、版式、题序或受保护视觉布局。
hjb-junior-ds-v2-s3-001,queued,pending,,full,geometry-diagram,S3,九年级上册,相似三角形,candidates/hjb-junior-ds-v2-s3-001.png,在△ABC中，点D在AB上，点E在AC上，且DE∥BC。若AD=3，DB=6，AE=4，则EC的长为（ ）,为沪教版初中数学题 hjb-junior-ds-v2-s3-001 绘制原创题目插图，单元「相似三角形」，不要复制教材或试卷版式。 画清点、线、角、平行/垂直/相交/圆等关系；仅呈现题干给出的条件，不暗示未给结论。,仅根据当前原创题干重新绘制简洁数学示意图，不复制、还原或近似教材/试卷原图、版式、题序或受保护视觉布局。
hjb-junior-ds-v2-s3-002,queued,pending,,full,geometry-diagram,S3,九年级上册,相似三角形,candidates/hjb-junior-ds-v2-s3-002.png,已知△ABC∽△DEF，且相似比为2:3。若△ABC的周长为12 cm，则△DEF的周长为______ cm。,为沪教版初中数学题 hjb-junior-ds-v2-s3-002 绘制原创题目插图，单元「相似三角形」，不要复制教材或试卷版式。 画清点、线、角、平行/垂直/相交/圆等关系；仅呈现题干给出的条件，不暗示未给结论。,仅根据当前原创题干重新绘制简洁数学示意图，不复制、还原或近似教材/试卷原图、版式、题序或受保护视觉布局。
hjb-junior-ds-v2-s3-003,queued,pending,,full,geometry-diagram,S3,九年级上册,相似三角形,candidates/hjb-junior-ds-v2-s3-003.png,在四边形ABCD中，对角线AC与BD交于点O。已知OA=2，OC=6，OB=3，OD=4。求证：AB与CD不平行。,为沪教版初中数学题 hjb-junior-ds-v2-s3-003 绘制原创题目插图，单元「相似三角形」，不要复制教材或试卷版式。 画清点、线、角、平行/垂直/相交/圆等关系；仅呈现题干给出的条件，不暗示未给结论。,仅根据当前原创题干重新绘制简洁数学示意图，不复制、还原或近似教材/试卷原图、版式、题序或受保护视觉布局。
hjb-junior-ds-v2-s3-004,queued,pending,,full,geometry-diagram,S3,九年级上册,相似三角形,candidates/hjb-junior-ds-v2-s3-004.png,在△ABC中，∠A=50°，∠B=60°，AB=8。在△DEF中，∠D=50°，∠E=70°，DE=12。这两个三角形相似吗？请说明理由。,为沪教版初中数学题 hjb-junior-ds-v2-s3-004 绘制原创题目插图，单元「相似三角形」，不要复制教材或试卷版式。 画清点、线、角、平行/垂直/相交/圆等关系；仅呈现题干给出的条件，不暗示未给结论。,仅根据当前原创题干重新绘制简洁数学示意图，不复制、还原或近似教材/试卷原图、版式、题序或受保护视觉布局。
hjb-junior-ds-v2-s3-005,queued,pending,,full,geometry-diagram,S3,九年级上册,相似三角形,candidates/hjb-junior-ds-v2-s3-005.png,在△ABC中，点D、E分别在AB、AC上，且DE∥BC。若AD=4，DB=6，BC=15，则DE=______。,为沪教版初中数学题 hjb-junior-ds-v2-s3-005 绘制原创题目插图，单元「相似三角形」，不要复制教材或试卷版式。 画清点、线、角、平行/垂直/相交/圆等关系；仅呈现题干给出的条件，不暗示未给结论。,仅根据当前原创题干重新绘制简洁数学示意图，不复制、还原或近似教材/试卷原图、版式、题序或受保护视觉布局。
hjb-junior-ds-v2-s3-006,queued,pending,,full,geometry-diagram,S3,九年级上册,相似三角形,candidates/hjb-junior-ds-v2-s3-006.png,在△ABC中，点D、E分别在边AB、AC上，DE∥BC，AD=4，DB=6，AE=5。求EC的长。,为沪教版初中数学题 hjb-junior-ds-v2-s3-006 绘制原创题目插图，单元「相似三角形」，不要复制教材或试卷版式。 画清点、线、角、平行/垂直/相交/圆等关系；仅呈现题干给出的条件，不暗示未给结论。,仅根据当前原创题干重新绘制简洁数学示意图，不复制、还原或近似教材/试卷原图、版式、题序或受保护视觉布局。
hjb-junior-ds-v2-s3-007,queued,pending,,full,geometry-diagram,S3,九年级上册,相似三角形,candidates/hjb-junior-ds-v2-s3-007.png,在△ABC和△DEF中，已知∠A=∠D=50°，∠B=∠E=60°，AB=8，DE=12，BC=10。下列结论正确的是（ ）,为沪教版初中数学题 hjb-junior-ds-v2-s3-007 绘制原创题目插图，单元「相似三角形」，不要复制教材或试卷版式。 画清点、线、角、平行/垂直/相交/圆等关系；仅呈现题干给出的条件，不暗示未给结论。,仅根据当前原创题干重新绘制简洁数学示意图，不复制、还原或近似教材/试卷原图、版式、题序或受保护视觉布局。
hjb-junior-ds-v2-s3-009,queued,pending,,full,geometry-diagram,S3,九年级上册,相似三角形,candidates/hjb-junior-ds-v2-s3-009.png,在△ABC中，点D在边AB上，点E在边AC上，且DE∥BC。已知AD=4 cm，DB=8 cm，AE=5 cm，求EC的长。,为沪教版初中数学题 hjb-junior-ds-v2-s3-009 绘制原创题目插图，单元「相似三角形」，不要复制教材或试卷版式。 画清点、线、角、平行/垂直/相交/圆等关系；仅呈现题干给出的条件，不暗示未给结论。,仅根据当前原创题干重新绘制简洁数学示意图，不复制、还原或近似教材/试卷原图、版式、题序或受保护视觉布局。
hjb-junior-ds-v2-s3-010,queued,pending,,full,geometry-diagram,S3,九年级上册,相似三角形,candidates/hjb-junior-ds-v2-s3-010.png,在△ABC中，点D、E分别在AB、AC上，下列条件中能判定DE∥BC的是（ ）,为沪教版初中数学题 hjb-junior-ds-v2-s3-010 绘制原创题目插图，单元「相似三角形」，不要复制教材或试卷版式。 画清点、线、角、平行/垂直/相交/圆等关系；仅呈现题干给出的条件，不暗示未给结论。,仅根据当前原创题干重新绘制简洁数学示意图，不复制、还原或近似教材/试卷原图、版式、题序或受保护视觉布局。
hjb-junior-ds-v2-s3-011,queued,pending,,full,geometry-diagram,S3,九年级上册,相似三角形,candidates/hjb-junior-ds-v2-s3-011.png,在△ABC中，点D、E分别在边AB、AC上，DE∥BC。若AD=3，DB=6，AE=4，求EC的长。,为沪教版初中数学题 hjb-junior-ds-v2-s3-011 绘制原创题目插图，单元「相似三角形」，不要复制教材或试卷版式。 画清点、线、角、平行/垂直/相交/圆等关系；仅呈现题干给出的条件，不暗示未给结论。,仅根据当前原创题干重新绘制简洁数学示意图，不复制、还原或近似教材/试卷原图、版式、题序或受保护视觉布局。
hjb-junior-ds-v2-s3-012,queued,pending,,full,geometry-diagram,S3,九年级上册,相似三角形,candidates/hjb-junior-ds-v2-s3-012.png,在△ABC与△DEF中，已知∠A=∠D=50°，∠B=∠E=60°，AB=8，DE=4。求△ABC与△DEF的相似比（△ABC对应△DEF）。,为沪教版初中数学题 hjb-junior-ds-v2-s3-012 绘制原创题目插图，单元「相似三角形」，不要复制教材或试卷版式。 画清点、线、角、平行/垂直/相交/圆等关系；仅呈现题干给出的条件，不暗示未给结论。,仅根据当前原创题干重新绘制简洁数学示意图，不复制、还原或近似教材/试卷原图、版式、题序或受保护视觉布局。
hjb-junior-ds-v2-s3-013,queued,pending,,full,geometry-diagram,S3,九年级上册,相似三角形,candidates/hjb-junior-ds-v2-s3-013.png,下列条件中，能判定△ABC∽△A'B'C'的是（　）,为沪教版初中数学题 hjb-junior-ds-v2-s3-013 绘制原创题目插图，单元「相似三角形」，不要复制教材或试卷版式。 画清点、线、角、平行/垂直/相交/圆等关系；仅呈现题干给出的条件，不暗示未给结论。,仅根据当前原创题干重新绘制简洁数学示意图，不复制、还原或近似教材/试卷原图、版式、题序或受保护视觉布局。
hjb-junior-ds-v2-s3-014,queued,pending,,full,geometry-diagram,S3,九年级上册,相似三角形,candidates/hjb-junior-ds-v2-s3-014.png,在△ABC中，AB=12，AC=9，BC=15。点D在AB上，AD=4，过点D作DE∥BC交AC于点E。求DE的长。,为沪教版初中数学题 hjb-junior-ds-v2-s3-014 绘制原创题目插图，单元「相似三角形」，不要复制教材或试卷版式。 画清点、线、角、平行/垂直/相交/圆等关系；仅呈现题干给出的条件，不暗示未给结论。,仅根据当前原创题干重新绘制简洁数学示意图，不复制、还原或近似教材/试卷原图、版式、题序或受保护视觉布局。
hjb-junior-ds-v2-s3-015,queued,pending,,full,geometry-diagram,S3,九年级上册,相似三角形,candidates/hjb-junior-ds-v2-s3-015.png,在四边形ABCD中，对角线AC与BD交于点O。已知OA=2，OC=6，OB=3，OD=9。求证：AB∥CD。,为沪教版初中数学题 hjb-junior-ds-v2-s3-015 绘制原创题目插图，单元「相似三角形」，不要复制教材或试卷版式。 画清点、线、角、平行/垂直/相交/圆等关系；仅呈现题干给出的条件，不暗示未给结论。,仅根据当前原创题干重新绘制简洁数学示意图，不复制、还原或近似教材/试卷原图、版式、题序或受保护视觉布局。
hjb-junior-ds-v2-s3-016,queued,pending,,full,geometry-diagram,S3,九年级上册,相似三角形,candidates/hjb-junior-ds-v2-s3-016.png,在△ABC和△DEF中，已知∠A=∠D=50°，∠B=∠E=60°，AB=6 cm，DE=9 cm。下列哪一项正确描述了这两个三角形的关系？,为沪教版初中数学题 hjb-junior-ds-v2-s3-016 绘制原创题目插图，单元「相似三角形」，不要复制教材或试卷版式。 画清点、线、角、平行/垂直/相交/圆等关系；仅呈现题干给出的条件，不暗示未给结论。,仅根据当前原创题干重新绘制简洁数学示意图，不复制、还原或近似教材/试卷原图、版式、题序或受保护视觉布局。
hjb-junior-ds-v2-s3-017,queued,pending,,full,geometry-diagram,S3,九年级上册,相似三角形,candidates/hjb-junior-ds-v2-s3-017.png,在△ABC中，点D、E分别在边AB、AC上，DE∥BC。若AD=3 cm，DB=6 cm，AE=4 cm，则EC=______ cm。,为沪教版初中数学题 hjb-junior-ds-v2-s3-017 绘制原创题目插图，单元「相似三角形」，不要复制教材或试卷版式。 画清点、线、角、平行/垂直/相交/圆等关系；仅呈现题干给出的条件，不暗示未给结论。,仅根据当前原创题干重新绘制简洁数学示意图，不复制、还原或近似教材/试卷原图、版式、题序或受保护视觉布局。
hjb-junior-ds-v2-s3-018,queued,pending,,full,geometry-diagram,S3,九年级上册,相似三角形,candidates/hjb-junior-ds-v2-s3-018.png,在四边形ABCD中，对角线AC与BD交于点O。已知OA=2 cm，OC=6 cm，OB=3 cm，OD=9 cm。求证：AB∥CD。,为沪教版初中数学题 hjb-junior-ds-v2-s3-018 绘制原创题目插图，单元「相似三角形」，不要复制教材或试卷版式。 画清点、线、角、平行/垂直/相交/圆等关系；仅呈现题干给出的条件，不暗示未给结论。,仅根据当前原创题干重新绘制简洁数学示意图，不复制、还原或近似教材/试卷原图、版式、题序或受保护视觉布局。
hjb-junior-ds-v2-s3-019,queued,pending,,full,geometry-diagram,S3,九年级上册,相似三角形,candidates/hjb-junior-ds-v2-s3-019.png,在△ABC中，AB=10 cm，AC=8 cm，BC=6 cm。点P在边AB上，且AP=4 cm，过点P作直线PQ∥BC交AC于点Q，延长QP至点R，使PR=2PQ。下列线段长度正确的是（ ）,为沪教版初中数学题 hjb-junior-ds-v2-s3-019 绘制原创题目插图，单元「相似三角形」，不要复制教材或试卷版式。 画清点、线、角、平行/垂直/相交/圆等关系；仅呈现题干给出的条件，不暗示未给结论。,仅根据当前原创题干重新绘制简洁数学示意图，不复制、还原或近似教材/试卷原图、版式、题序或受保护视觉布局。
hjb-junior-ds-v2-s3-020,queued,pending,,full,geometry-diagram,S3,九年级上册,相似三角形,candidates/hjb-junior-ds-v2-s3-020.png,在△ABC中，点D、E分别在边AB、AC上，且AD/DB=AE/EC=2/3。若DE=4 cm，则BC=______ cm。,为沪教版初中数学题 hjb-junior-ds-v2-s3-020 绘制原创题目插图，单元「相似三角形」，不要复制教材或试卷版式。 画清点、线、角、平行/垂直/相交/圆等关系；仅呈现题干给出的条件，不暗示未给结论。,仅根据当前原创题干重新绘制简洁数学示意图，不复制、还原或近似教材/试卷原图、版式、题序或受保护视觉布局。
hjb-junior-ds-v2-s3-021,queued,pending,,full,geometry-diagram,S3,九年级上册,相似三角形,candidates/hjb-junior-ds-v2-s3-021.png,在△ABC中，点D在边AB上，点E在边AC上，DE∥BC。已知AD=3 cm，DB=6 cm，AE=4 cm。求EC的长。,为沪教版初中数学题 hjb-junior-ds-v2-s3-021 绘制原创题目插图，单元「相似三角形」，不要复制教材或试卷版式。 画清点、线、角、平行/垂直/相交/圆等关系；仅呈现题干给出的条件，不暗示未给结论。,仅根据当前原创题干重新绘制简洁数学示意图，不复制、还原或近似教材/试卷原图、版式、题序或受保护视觉布局。
hjb-junior-ds-v2-s3-022,queued,pending,,full,geometry-diagram,S3,九年级上册,相似三角形,candidates/hjb-junior-ds-v2-s3-022.png,在△ABC和△DEF中，下列条件中能判定△ABC∽△DEF的是（ ）,为沪教版初中数学题 hjb-junior-ds-v2-s3-022 绘制原创题目插图，单元「相似三角形」，不要复制教材或试卷版式。 画清点、线、角、平行/垂直/相交/圆等关系；仅呈现题干给出的条件，不暗示未给结论。,仅根据当前原创题干重新绘制简洁数学示意图，不复制、还原或近似教材/试卷原图、版式、题序或受保护视觉布局。
hjb-junior-ds-v2-s3-023,queued,pending,,full,geometry-diagram,S3,九年级上册,相似三角形,candidates/hjb-junior-ds-v2-s3-023.png,在△ABC中，AB=6，AC=9，BC=12。点D在AB上，点E在AC上，且AD=2，AE=3。若△ADE与△ABC相似，则DE的长为______。,为沪教版初中数学题 hjb-junior-ds-v2-s3-023 绘制原创题目插图，单元「相似三角形」，不要复制教材或试卷版式。 画清点、线、角、平行/垂直/相交/圆等关系；仅呈现题干给出的条件，不暗示未给结论。,仅根据当前原创题干重新绘制简洁数学示意图，不复制、还原或近似教材/试卷原图、版式、题序或受保护视觉布局。
hjb-junior-ds-v2-s3-025,queued,pending,,full,geometry-diagram,S3,九年级上册,相似三角形,candidates/hjb-junior-ds-v2-s3-025.png,在△ABC中，点D、E分别在AB、AC上，DE∥BC。若AD:DB=2:3，则下列结论正确的是（ ）,为沪教版初中数学题 hjb-junior-ds-v2-s3-025 绘制原创题目插图，单元「相似三角形」，不要复制教材或试卷版式。 画清点、线、角、平行/垂直/相交/圆等关系；仅呈现题干给出的条件，不暗示未给结论。,仅根据当前原创题干重新绘制简洁数学示意图，不复制、还原或近似教材/试卷原图、版式、题序或受保护视觉布局。
hjb-junior-ds-v2-s3-026,queued,pending,,full,geometry-diagram,S3,九年级上册,相似三角形,candidates/hjb-junior-ds-v2-s3-026.png,在△ABC中，点D、E分别在边AB、AC上，DE∥BC。已知AD=3，DB=6，AE=2，则EC的长为______。,为沪教版初中数学题 hjb-junior-ds-v2-s3-026 绘制原创题目插图，单元「相似三角形」，不要复制教材或试卷版式。 画清点、线、角、平行/垂直/相交/圆等关系；仅呈现题干给出的条件，不暗示未给结论。,仅根据当前原创题干重新绘制简洁数学示意图，不复制、还原或近似教材/试卷原图、版式、题序或受保护视觉布局。
hjb-junior-ds-v2-s3-027,queued,pending,,full,geometry-diagram,S3,九年级上册,相似三角形,candidates/hjb-junior-ds-v2-s3-027.png,在△ABC与△DEF中，∠A=∠D=50°，∠B=∠E=60°，AB=8，DE=12，AC=6。求DF的长，并说明依据。,为沪教版初中数学题 hjb-junior-ds-v2-s3-027 绘制原创题目插图，单元「相似三角形」，不要复制教材或试卷版式。 画清点、线、角、平行/垂直/相交/圆等关系；仅呈现题干给出的条件，不暗示未给结论。,仅根据当前原创题干重新绘制简洁数学示意图，不复制、还原或近似教材/试卷原图、版式、题序或受保护视觉布局。
hjb-junior-ds-v2-s3-029,queued,pending,,full,geometry-diagram,S3,九年级上册,相似三角形,candidates/hjb-junior-ds-v2-s3-029.png,在△ABC中，AB=12，AC=9，BC=15。点P在边AB上，AP=4，过P作PQ∥BC交AC于Q。求线段PQ的长。,为沪教版初中数学题 hjb-junior-ds-v2-s3-029 绘制原创题目插图，单元「相似三角形」，不要复制教材或试卷版式。 画清点、线、角、平行/垂直/相交/圆等关系；仅呈现题干给出的条件，不暗示未给结论。,仅根据当前原创题干重新绘制简洁数学示意图，不复制、还原或近似教材/试卷原图、版式、题序或受保护视觉布局。
hjb-junior-ds-v2-s3-030,queued,pending,,full,geometry-diagram,S3,九年级上册,相似三角形,candidates/hjb-junior-ds-v2-s3-030.png,在四边形ABCD中，对角线AC与BD交于点O。已知OA=2，OC=6，OB=3，OD=9。求证：AB∥CD。请写出推理过程。,为沪教版初中数学题 hjb-junior-ds-v2-s3-030 绘制原创题目插图，单元「相似三角形」，不要复制教材或试卷版式。 画清点、线、角、平行/垂直/相交/圆等关系；仅呈现题干给出的条件，不暗示未给结论。,仅根据当前原创题干重新绘制简洁数学示意图，不复制、还原或近似教材/试卷原图、版式、题序或受保护视觉布局。
hjb-junior-ds-v2-s3-031,queued,pending,,full,geometry-diagram,S3,九年级上册,相似三角形,candidates/hjb-junior-ds-v2-s3-031.png,在△ABC中，点D、E分别在边AB、AC上，且DE∥BC。若AD:DB=2:3，△ADE的面积为16 cm²，则△ABC的面积为（ ）,为沪教版初中数学题 hjb-junior-ds-v2-s3-031 绘制原创题目插图，单元「相似三角形」，不要复制教材或试卷版式。 画清点、线、角、平行/垂直/相交/圆等关系；仅呈现题干给出的条件，不暗示未给结论。,仅根据当前原创题干重新绘制简洁数学示意图，不复制、还原或近似教材/试卷原图、版式、题序或受保护视觉布局。
hjb-junior-ds-v2-s3-032,queued,pending,,full,geometry-diagram,S3,九年级上册,相似三角形,candidates/hjb-junior-ds-v2-s3-032.png,在△ABC中，点D在边AB上，点E在边AC上，DE∥BC。若AD=4，DB=6，AE=5，则EC=______。,为沪教版初中数学题 hjb-junior-ds-v2-s3-032 绘制原创题目插图，单元「相似三角形」，不要复制教材或试卷版式。 画清点、线、角、平行/垂直/相交/圆等关系；仅呈现题干给出的条件，不暗示未给结论。,仅根据当前原创题干重新绘制简洁数学示意图，不复制、还原或近似教材/试卷原图、版式、题序或受保护视觉布局。
hjb-junior-ds-v2-s3-033,queued,pending,,full,geometry-diagram,S3,九年级上册,相似三角形,candidates/hjb-junior-ds-v2-s3-033.png,在△ABC和△DEF中，已知∠A=∠D，AB=6，AC=8，DE=9，DF=12。请判断△ABC与△DEF是否相似，并说明理由。,为沪教版初中数学题 hjb-junior-ds-v2-s3-033 绘制原创题目插图，单元「相似三角形」，不要复制教材或试卷版式。 画清点、线、角、平行/垂直/相交/圆等关系；仅呈现题干给出的条件，不暗示未给结论。,仅根据当前原创题干重新绘制简洁数学示意图，不复制、还原或近似教材/试卷原图、版式、题序或受保护视觉布局。
hjb-junior-ds-v2-s3-034,queued,pending,,full,geometry-diagram,S3,九年级上册,相似三角形,candidates/hjb-junior-ds-v2-s3-034.png,在△ABC中，点D、E分别在边AB、AC上，连接DE。下列条件中，不能判定△ADE与△ABC相似的是（ ）,为沪教版初中数学题 hjb-junior-ds-v2-s3-034 绘制原创题目插图，单元「相似三角形」，不要复制教材或试卷版式。 画清点、线、角、平行/垂直/相交/圆等关系；仅呈现题干给出的条件，不暗示未给结论。,仅根据当前原创题干重新绘制简洁数学示意图，不复制、还原或近似教材/试卷原图、版式、题序或受保护视觉布局。
hjb-junior-ds-v2-s3-035,queued,pending,,full,geometry-diagram,S3,九年级上册,相似三角形,candidates/hjb-junior-ds-v2-s3-035.png,在△ABC中，点D在边AB上，点E在边AC上，DE∥BC。若AD:DB=1:2，且△ABC的面积为27 cm²，则四边形DBCE的面积为______ cm²。,为沪教版初中数学题 hjb-junior-ds-v2-s3-035 绘制原创题目插图，单元「相似三角形」，不要复制教材或试卷版式。 画清点、线、角、平行/垂直/相交/圆等关系；仅呈现题干给出的条件，不暗示未给结论。,仅根据当前原创题干重新绘制简洁数学示意图，不复制、还原或近似教材/试卷原图、版式、题序或受保护视觉布局。
hjb-junior-ds-v2-s3-036,queued,pending,,full,geometry-diagram,S3,九年级上册,相似三角形,candidates/hjb-junior-ds-v2-s3-036.png,在△ABC中，点D在边AB上，点E在边AC上，DE∥BC。已知AD=3，DB=6，AE=2，求EC的长度。,为沪教版初中数学题 hjb-junior-ds-v2-s3-036 绘制原创题目插图，单元「相似三角形」，不要复制教材或试卷版式。 画清点、线、角、平行/垂直/相交/圆等关系；仅呈现题干给出的条件，不暗示未给结论。,仅根据当前原创题干重新绘制简洁数学示意图，不复制、还原或近似教材/试卷原图、版式、题序或受保护视觉布局。
hjb-junior-ds-v2-s3-037,queued,pending,,full,geometry-diagram,S3,九年级上册,相似三角形,candidates/hjb-junior-ds-v2-s3-037.png,在△ABC和△DEF中，已知∠A=∠D=50°，∠B=∠E=60°，AB=8，DE=4，BC=10。求EF的长度。,为沪教版初中数学题 hjb-junior-ds-v2-s3-037 绘制原创题目插图，单元「相似三角形」，不要复制教材或试卷版式。 画清点、线、角、平行/垂直/相交/圆等关系；仅呈现题干给出的条件，不暗示未给结论。,仅根据当前原创题干重新绘制简洁数学示意图，不复制、还原或近似教材/试卷原图、版式、题序或受保护视觉布局。
hjb-junior-ds-v2-s3-038,queued,pending,,full,geometry-diagram,S3,九年级上册,相似三角形,candidates/hjb-junior-ds-v2-s3-038.png,在△ABC中，点D在边AB上，点E在边AC上，DE∥BC。若AD=4，DB=6，BC=15，则DE=______。,为沪教版初中数学题 hjb-junior-ds-v2-s3-038 绘制原创题目插图，单元「相似三角形」，不要复制教材或试卷版式。 画清点、线、角、平行/垂直/相交/圆等关系；仅呈现题干给出的条件，不暗示未给结论。,仅根据当前原创题干重新绘制简洁数学示意图，不复制、还原或近似教材/试卷原图、版式、题序或受保护视觉布局。
hjb-junior-ds-v2-s3-039,queued,pending,,full,geometry-diagram,S3,九年级上册,相似三角形,candidates/hjb-junior-ds-v2-s3-039.png,在四边形ABCD中，对角线AC与BD交于点O。已知△AOB∽△COD，且OA=3，OB=4，OC=6，AB=5。求CD的长度。,为沪教版初中数学题 hjb-junior-ds-v2-s3-039 绘制原创题目插图，单元「相似三角形」，不要复制教材或试卷版式。 画清点、线、角、平行/垂直/相交/圆等关系；仅呈现题干给出的条件，不暗示未给结论。,仅根据当前原创题干重新绘制简洁数学示意图，不复制、还原或近似教材/试卷原图、版式、题序或受保护视觉布局。
hjb-junior-ds-v2-s3-040,queued,pending,,full,geometry-diagram,S3,九年级上册,相似三角形,candidates/hjb-junior-ds-v2-s3-040.png,在△ABC中，点D在边AB上，点E在边AC上，添加一个条件使△ADE∽△ABC。下列条件中可行的是：,为沪教版初中数学题 hjb-junior-ds-v2-s3-040 绘制原创题目插图，单元「相似三角形」，不要复制教材或试卷版式。 画清点、线、角、平行/垂直/相交/圆等关系；仅呈现题干给出的条件，不暗示未给结论。,仅根据当前原创题干重新绘制简洁数学示意图，不复制、还原或近似教材/试卷原图、版式、题序或受保护视觉布局。
hjb-junior-ds-v2-s3-041,queued,pending,,full,geometry-diagram,S3,九年级上册,相似三角形,candidates/hjb-junior-ds-v2-s3-041.png,在△ABC中，点D、E分别在边AB、AC上，DE∥BC。已知AD=3，DB=6，AE=2，则EC=______。,为沪教版初中数学题 hjb-junior-ds-v2-s3-041 绘制原创题目插图，单元「相似三角形」，不要复制教材或试卷版式。 画清点、线、角、平行/垂直/相交/圆等关系；仅呈现题干给出的条件，不暗示未给结论。,仅根据当前原创题干重新绘制简洁数学示意图，不复制、还原或近似教材/试卷原图、版式、题序或受保护视觉布局。
hjb-junior-ds-v2-s3-042,queued,pending,,full,geometry-diagram,S3,九年级上册,相似三角形,candidates/hjb-junior-ds-v2-s3-042.png,在△ABC中，AB=8，AC=6，BC=10。点D在边AB上，点E在边AC上，且AD=4，AE=3。判断△ADE与△ABC是否相似，并说明理由。,为沪教版初中数学题 hjb-junior-ds-v2-s3-042 绘制原创题目插图，单元「相似三角形」，不要复制教材或试卷版式。 画清点、线、角、平行/垂直/相交/圆等关系；仅呈现题干给出的条件，不暗示未给结论。,仅根据当前原创题干重新绘制简洁数学示意图，不复制、还原或近似教材/试卷原图、版式、题序或受保护视觉布局。
hjb-junior-ds-v2-s3-043,queued,pending,,full,geometry-diagram,S3,九年级上册,相似三角形,candidates/hjb-junior-ds-v2-s3-043.png,在△ABC中，点D、E分别在边AB、AC上，添加下列哪个条件后，仍无法判定△ADE与△ABC相似？,为沪教版初中数学题 hjb-junior-ds-v2-s3-043 绘制原创题目插图，单元「相似三角形」，不要复制教材或试卷版式。 画清点、线、角、平行/垂直/相交/圆等关系；仅呈现题干给出的条件，不暗示未给结论。,仅根据当前原创题干重新绘制简洁数学示意图，不复制、还原或近似教材/试卷原图、版式、题序或受保护视觉布局。
hjb-junior-ds-v2-s3-045,queued,pending,,full,geometry-diagram,S3,九年级上册,相似三角形,candidates/hjb-junior-ds-v2-s3-045.png,在△ABC中，AB=9，BC=12，CA=15。点D在边AB上，点E在边AC上，且AD=3，AE=5。求DE的长。,为沪教版初中数学题 hjb-junior-ds-v2-s3-045 绘制原创题目插图，单元「相似三角形」，不要复制教材或试卷版式。 画清点、线、角、平行/垂直/相交/圆等关系；仅呈现题干给出的条件，不暗示未给结论。,仅根据当前原创题干重新绘制简洁数学示意图，不复制、还原或近似教材/试卷原图、版式、题序或受保护视觉布局。
hjb-junior-ds-v2-s3-046,queued,pending,,full,geometry-diagram,S3,九年级上册,相似三角形,candidates/hjb-junior-ds-v2-s3-046.png,在△ABC中，点D、E分别在边AB、AC上，DE∥BC，AD:DB=2:3，△ADE的面积为16 cm²。求△ABC的面积。,为沪教版初中数学题 hjb-junior-ds-v2-s3-046 绘制原创题目插图，单元「相似三角形」，不要复制教材或试卷版式。 画清点、线、角、平行/垂直/相交/圆等关系；仅呈现题干给出的条件，不暗示未给结论。,仅根据当前原创题干重新绘制简洁数学示意图，不复制、还原或近似教材/试卷原图、版式、题序或受保护视觉布局。
hjb-junior-ds-v2-s3-047,queued,pending,,full,geometry-diagram,S3,九年级上册,相似三角形,candidates/hjb-junior-ds-v2-s3-047.png,在△ABC中，点D在边AB上，点E在边AC上，DE∥BC。已知AD=3，DB=6，AE=4。求EC的长度。,为沪教版初中数学题 hjb-junior-ds-v2-s3-047 绘制原创题目插图，单元「相似三角形」，不要复制教材或试卷版式。 画清点、线、角、平行/垂直/相交/圆等关系；仅呈现题干给出的条件，不暗示未给结论。,仅根据当前原创题干重新绘制简洁数学示意图，不复制、还原或近似教材/试卷原图、版式、题序或受保护视觉布局。
hjb-junior-ds-v2-s3-048,queued,pending,,full,geometry-diagram,S3,九年级上册,相似三角形,candidates/hjb-junior-ds-v2-s3-048.png,在△ABC中，点D在边AB上，点E在边AC上，DE∥BC。已知AD=3，DB=6，AE=4。求EC的长。,为沪教版初中数学题 hjb-junior-ds-v2-s3-048 绘制原创题目插图，单元「相似三角形」，不要复制教材或试卷版式。 画清点、线、角、平行/垂直/相交/圆等关系；仅呈现题干给出的条件，不暗示未给结论。,仅根据当前原创题干重新绘制简洁数学示意图，不复制、还原或近似教材/试卷原图、版式、题序或受保护视觉布局。
hjb-junior-ds-v2-s3-049,queued,pending,,full,geometry-diagram,S3,九年级上册,相似三角形,candidates/hjb-junior-ds-v2-s3-049.png,在△ABC中，点D在边AB上，点E在边AC上，且DE∥BC。已知AD=3 cm，DB=6 cm，AE=4 cm，则EC的长为（ ）,为沪教版初中数学题 hjb-junior-ds-v2-s3-049 绘制原创题目插图，单元「相似三角形」，不要复制教材或试卷版式。 画清点、线、角、平行/垂直/相交/圆等关系；仅呈现题干给出的条件，不暗示未给结论。,仅根据当前原创题干重新绘制简洁数学示意图，不复制、还原或近似教材/试卷原图、版式、题序或受保护视觉布局。
hjb-junior-ds-v2-s3-050,queued,pending,,full,geometry-diagram,S3,九年级上册,相似三角形,candidates/hjb-junior-ds-v2-s3-050.png,在△ABC中，D、E分别是边AB、AC上的点，DE∥BC。已知AD=6，DB=3，AE=4，求EC的长。,为沪教版初中数学题 hjb-junior-ds-v2-s3-050 绘制原创题目插图，单元「相似三角形」，不要复制教材或试卷版式。 画清点、线、角、平行/垂直/相交/圆等关系；仅呈现题干给出的条件，不暗示未给结论。,仅根据当前原创题干重新绘制简洁数学示意图，不复制、还原或近似教材/试卷原图、版式、题序或受保护视觉布局。
hjb-junior-ds-v2-s3-051,queued,pending,,full,geometry-diagram,S3,九年级上册,相似三角形,candidates/hjb-junior-ds-v2-s3-051.png,在△ABC中，点D在边AB上，点E在边AC上，且DE∥BC。已知AD=4，DB=6，AE=5，求EC的长。,为沪教版初中数学题 hjb-junior-ds-v2-s3-051 绘制原创题目插图，单元「相似三角形」，不要复制教材或试卷版式。 画清点、线、角、平行/垂直/相交/圆等关系；仅呈现题干给出的条件，不暗示未给结论。,仅根据当前原创题干重新绘制简洁数学示意图，不复制、还原或近似教材/试卷原图、版式、题序或受保护视觉布局。
hjb-junior-ds-v2-s3-052,queued,pending,,full,geometry-diagram,S3,九年级上册,相似三角形,candidates/hjb-junior-ds-v2-s3-052.png,在△ABC和△DEF中，已知∠A=∠D=50°，∠B=∠E=60°，且AB=8，DE=4，BC=10。求EF的长。,为沪教版初中数学题 hjb-junior-ds-v2-s3-052 绘制原创题目插图，单元「相似三角形」，不要复制教材或试卷版式。 画清点、线、角、平行/垂直/相交/圆等关系；仅呈现题干给出的条件，不暗示未给结论。,仅根据当前原创题干重新绘制简洁数学示意图，不复制、还原或近似教材/试卷原图、版式、题序或受保护视觉布局。
hjb-junior-ds-v2-s3-053,queued,pending,,full,geometry-diagram,S3,九年级上册,相似三角形,candidates/hjb-junior-ds-v2-s3-053.png,在△ABC中，点D、E分别在边AB、AC上，且DE∥BC。若AD=3，DB=5，AE=4，则EC=______。,为沪教版初中数学题 hjb-junior-ds-v2-s3-053 绘制原创题目插图，单元「相似三角形」，不要复制教材或试卷版式。 画清点、线、角、平行/垂直/相交/圆等关系；仅呈现题干给出的条件，不暗示未给结论。,仅根据当前原创题干重新绘制简洁数学示意图，不复制、还原或近似教材/试卷原图、版式、题序或受保护视觉布局。
hjb-junior-ds-v2-s3-054,queued,pending,,full,geometry-diagram,S3,九年级上册,相似三角形,candidates/hjb-junior-ds-v2-s3-054.png,在四边形ABCD中，对角线AC与BD交于点O。已知OA=3，OC=9，OB=4，OD=12。求证：AB∥CD。,为沪教版初中数学题 hjb-junior-ds-v2-s3-054 绘制原创题目插图，单元「相似三角形」，不要复制教材或试卷版式。 画清点、线、角、平行/垂直/相交/圆等关系；仅呈现题干给出的条件，不暗示未给结论。,仅根据当前原创题干重新绘制简洁数学示意图，不复制、还原或近似教材/试卷原图、版式、题序或受保护视觉布局。
hjb-junior-ds-v2-s3-055,queued,pending,,full,geometry-diagram,S3,九年级上册,相似三角形,candidates/hjb-junior-ds-v2-s3-055.png,在△ABC中，点D、E分别在边AB、AC上，连接DE。下列条件中，不能使△ADE与△ABC相似的是（ ）,为沪教版初中数学题 hjb-junior-ds-v2-s3-055 绘制原创题目插图，单元「相似三角形」，不要复制教材或试卷版式。 画清点、线、角、平行/垂直/相交/圆等关系；仅呈现题干给出的条件，不暗示未给结论。,仅根据当前原创题干重新绘制简洁数学示意图，不复制、还原或近似教材/试卷原图、版式、题序或受保护视觉布局。
hjb-junior-ds-v2-s3-056,queued,pending,,full,geometry-diagram,S3,九年级上册,相似三角形,candidates/hjb-junior-ds-v2-s3-056.png,在△ABC中，点D在边AB上，点E在边AC上，且DE∥BC。已知AD=3 cm，DB=6 cm，AE=4 cm，求EC的长。,为沪教版初中数学题 hjb-junior-ds-v2-s3-056 绘制原创题目插图，单元「相似三角形」，不要复制教材或试卷版式。 画清点、线、角、平行/垂直/相交/圆等关系；仅呈现题干给出的条件，不暗示未给结论。,仅根据当前原创题干重新绘制简洁数学示意图，不复制、还原或近似教材/试卷原图、版式、题序或受保护视觉布局。
hjb-junior-ds-v2-s3-057,queued,pending,,full,geometry-diagram,S3,九年级上册,相似三角形,candidates/hjb-junior-ds-v2-s3-057.png,在△ABC中，点D在边AB上，点E在边AC上，DE∥BC。已知AD=4，DB=6，AE=5，求EC的长度。,为沪教版初中数学题 hjb-junior-ds-v2-s3-057 绘制原创题目插图，单元「相似三角形」，不要复制教材或试卷版式。 画清点、线、角、平行/垂直/相交/圆等关系；仅呈现题干给出的条件，不暗示未给结论。,仅根据当前原创题干重新绘制简洁数学示意图，不复制、还原或近似教材/试卷原图、版式、题序或受保护视觉布局。
hjb-junior-ds-v2-s3-058,queued,pending,,full,geometry-diagram,S3,九年级上册,相似三角形,candidates/hjb-junior-ds-v2-s3-058.png,在△ABC中，点D、E分别在边AB、AC上，且DE∥BC。已知AD=3，DB=6，AE=2，则EC的长为（ ）,为沪教版初中数学题 hjb-junior-ds-v2-s3-058 绘制原创题目插图，单元「相似三角形」，不要复制教材或试卷版式。 画清点、线、角、平行/垂直/相交/圆等关系；仅呈现题干给出的条件，不暗示未给结论。,仅根据当前原创题干重新绘制简洁数学示意图，不复制、还原或近似教材/试卷原图、版式、题序或受保护视觉布局。
hjb-junior-ds-v2-s3-059,queued,pending,,full,geometry-diagram,S3,九年级上册,相似三角形,candidates/hjb-junior-ds-v2-s3-059.png,在△ABC中，点D在边AB上，点E在边AC上，DE∥BC。已知AD=3 cm，DB=6 cm，BC=12 cm。求DE的长度（单位：cm）。,为沪教版初中数学题 hjb-junior-ds-v2-s3-059 绘制原创题目插图，单元「相似三角形」，不要复制教材或试卷版式。 画清点、线、角、平行/垂直/相交/圆等关系；仅呈现题干给出的条件，不暗示未给结论。,仅根据当前原创题干重新绘制简洁数学示意图，不复制、还原或近似教材/试卷原图、版式、题序或受保护视觉布局。
hjb-junior-ds-v2-s3-060,queued,pending,,full,geometry-diagram,S3,九年级上册,相似三角形,candidates/hjb-junior-ds-v2-s3-060.png,在△ABC中，点D在边AB上，点E在边AC上，且DE∥BC。已知AD=4，DB=8，AE=5。求EC的长度。,为沪教版初中数学题 hjb-junior-ds-v2-s3-060 绘制原创题目插图，单元「相似三角形」，不要复制教材或试卷版式。 画清点、线、角、平行/垂直/相交/圆等关系；仅呈现题干给出的条件，不暗示未给结论。,仅根据当前原创题干重新绘制简洁数学示意图，不复制、还原或近似教材/试卷原图、版式、题序或受保护视觉布局。
hjb-junior-ds-v2-s3-061,queued,pending,,full,geometry-diagram,S3,九年级上册,相似三角形,candidates/hjb-junior-ds-v2-s3-061.png,在△ABC中，点D、E分别在边AB、AC上，且DE∥BC。若AD=3，DB=6，AE=4，则EC的长为（ ）。,为沪教版初中数学题 hjb-junior-ds-v2-s3-061 绘制原创题目插图，单元「相似三角形」，不要复制教材或试卷版式。 画清点、线、角、平行/垂直/相交/圆等关系；仅呈现题干给出的条件，不暗示未给结论。,仅根据当前原创题干重新绘制简洁数学示意图，不复制、还原或近似教材/试卷原图、版式、题序或受保护视觉布局。
hjb-junior-ds-v2-s3-062,queued,pending,,full,geometry-diagram,S3,九年级上册,相似三角形,candidates/hjb-junior-ds-v2-s3-062.png,在△ABC中，点D、E分别在边AB、AC上。给出下列条件：①∠ADE=∠C；②AD/AB=AE/AC；③DE∥BC。其中能判定△ADE∽△ABC的条件序号是______。,为沪教版初中数学题 hjb-junior-ds-v2-s3-062 绘制原创题目插图，单元「相似三角形」，不要复制教材或试卷版式。 画清点、线、角、平行/垂直/相交/圆等关系；仅呈现题干给出的条件，不暗示未给结论。,仅根据当前原创题干重新绘制简洁数学示意图，不复制、还原或近似教材/试卷原图、版式、题序或受保护视觉布局。
hjb-junior-ds-v2-s3-063,queued,pending,,full,geometry-diagram,S3,九年级上册,相似三角形,candidates/hjb-junior-ds-v2-s3-063.png,在△ABC中，AB=12，AC=9，BC=15。点D在边AB上，且AD=4，点E在边AC上，且AE=3。连接DE。求证：△ADE∽△ABC，并求DE的长。,为沪教版初中数学题 hjb-junior-ds-v2-s3-063 绘制原创题目插图，单元「相似三角形」，不要复制教材或试卷版式。 画清点、线、角、平行/垂直/相交/圆等关系；仅呈现题干给出的条件，不暗示未给结论。,仅根据当前原创题干重新绘制简洁数学示意图，不复制、还原或近似教材/试卷原图、版式、题序或受保护视觉布局。
hjb-junior-ds-v2-s3-065,queued,pending,,full,geometry-diagram,S3,九年级上册,相似三角形,candidates/hjb-junior-ds-v2-s3-065.png,在△ABC中，点D、E分别在边AB、AC上，DE∥BC。若AD=2，DB=3，△ADE的面积为4，则△ABC的面积为______。,为沪教版初中数学题 hjb-junior-ds-v2-s3-065 绘制原创题目插图，单元「相似三角形」，不要复制教材或试卷版式。 画清点、线、角、平行/垂直/相交/圆等关系；仅呈现题干给出的条件，不暗示未给结论。,仅根据当前原创题干重新绘制简洁数学示意图，不复制、还原或近似教材/试卷原图、版式、题序或受保护视觉布局。
hjb-junior-ds-v2-s3-066,queued,pending,,full,geometry-diagram,S3,九年级上册,相似三角形,candidates/hjb-junior-ds-v2-s3-066.png,在△ABC中，点D在边AB上，点E在边AC上，且DE∥BC。已知AD=6，DB=9，AE=4，求EC的长。,为沪教版初中数学题 hjb-junior-ds-v2-s3-066 绘制原创题目插图，单元「相似三角形」，不要复制教材或试卷版式。 画清点、线、角、平行/垂直/相交/圆等关系；仅呈现题干给出的条件，不暗示未给结论。,仅根据当前原创题干重新绘制简洁数学示意图，不复制、还原或近似教材/试卷原图、版式、题序或受保护视觉布局。
hjb-junior-ds-v2-s3-067,queued,pending,,full,geometry-diagram,S3,九年级上册,相似三角形,candidates/hjb-junior-ds-v2-s3-067.png,在△ABC和△DEF中，已知∠A=∠D=50°，∠B=∠E=60°，AB=8，DE=12，BC=10。若△ABC∽△DEF，则EF的长为多少？,为沪教版初中数学题 hjb-junior-ds-v2-s3-067 绘制原创题目插图，单元「相似三角形」，不要复制教材或试卷版式。 画清点、线、角、平行/垂直/相交/圆等关系；仅呈现题干给出的条件，不暗示未给结论。,仅根据当前原创题干重新绘制简洁数学示意图，不复制、还原或近似教材/试卷原图、版式、题序或受保护视觉布局。
hjb-junior-ds-v2-s3-068,queued,pending,,full,geometry-diagram,S3,九年级上册,相似三角形,candidates/hjb-junior-ds-v2-s3-068.png,在△ABC中，点D、E分别在边AB、AC上，且DE∥BC。若AD=4，DB=8，AE=5，则EC=______。,为沪教版初中数学题 hjb-junior-ds-v2-s3-068 绘制原创题目插图，单元「相似三角形」，不要复制教材或试卷版式。 画清点、线、角、平行/垂直/相交/圆等关系；仅呈现题干给出的条件，不暗示未给结论。,仅根据当前原创题干重新绘制简洁数学示意图，不复制、还原或近似教材/试卷原图、版式、题序或受保护视觉布局。
hjb-junior-ds-v2-s3-069,queued,pending,,full,geometry-diagram,S3,九年级上册,相似三角形,candidates/hjb-junior-ds-v2-s3-069.png,在四边形ABCD中，对角线AC与BD交于点O。已知OA=3，OC=9，OB=4，OD=12。求证：AB∥CD。请写出推理过程。,为沪教版初中数学题 hjb-junior-ds-v2-s3-069 绘制原创题目插图，单元「相似三角形」，不要复制教材或试卷版式。 画清点、线、角、平行/垂直/相交/圆等关系；仅呈现题干给出的条件，不暗示未给结论。,仅根据当前原创题干重新绘制简洁数学示意图，不复制、还原或近似教材/试卷原图、版式、题序或受保护视觉布局。
hjb-junior-ds-v2-s3-070,queued,pending,,full,geometry-diagram,S3,九年级上册,相似三角形,candidates/hjb-junior-ds-v2-s3-070.png,在△ABC中，AB=9，AC=12，BC=15。点D在AB上，AD=3，点E在AC上，AE=4。下列条件中能判定DE∥BC的是？,为沪教版初中数学题 hjb-junior-ds-v2-s3-070 绘制原创题目插图，单元「相似三角形」，不要复制教材或试卷版式。 画清点、线、角、平行/垂直/相交/圆等关系；仅呈现题干给出的条件，不暗示未给结论。,仅根据当前原创题干重新绘制简洁数学示意图，不复制、还原或近似教材/试卷原图、版式、题序或受保护视觉布局。
hjb-junior-ds-v2-s3-071,queued,pending,,full,geometry-diagram,S3,九年级上册,相似三角形,candidates/hjb-junior-ds-v2-s3-071.png,在△ABC中，点D、E分别在边AB、AC上，且DE∥BC。已知AD=4，DB=6，AE=5，求EC的长度。,为沪教版初中数学题 hjb-junior-ds-v2-s3-071 绘制原创题目插图，单元「相似三角形」，不要复制教材或试卷版式。 画清点、线、角、平行/垂直/相交/圆等关系；仅呈现题干给出的条件，不暗示未给结论。,仅根据当前原创题干重新绘制简洁数学示意图，不复制、还原或近似教材/试卷原图、版式、题序或受保护视觉布局。
hjb-junior-ds-v2-s3-072,queued,pending,,full,geometry-diagram,S3,九年级上册,相似三角形,candidates/hjb-junior-ds-v2-s3-072.png,在△ABC中，AB=8，AC=6，BC=10。点D在AB上，点E在AC上，且AD=3，AE=2。判断△ADE与△ABC是否相似，并说明理由。,为沪教版初中数学题 hjb-junior-ds-v2-s3-072 绘制原创题目插图，单元「相似三角形」，不要复制教材或试卷版式。 画清点、线、角、平行/垂直/相交/圆等关系；仅呈现题干给出的条件，不暗示未给结论。,仅根据当前原创题干重新绘制简洁数学示意图，不复制、还原或近似教材/试卷原图、版式、题序或受保护视觉布局。
hjb-junior-ds-v2-s3-073,queued,pending,,full,geometry-diagram,S3,九年级上册,相似三角形,candidates/hjb-junior-ds-v2-s3-073.png,在△ABC和△DEF中，已知AB=6，AC=8，BC=10，DE=9，DF=12，EF=15。下列条件中，能判定△ABC∽△DEF的是（ ）,为沪教版初中数学题 hjb-junior-ds-v2-s3-073 绘制原创题目插图，单元「相似三角形」，不要复制教材或试卷版式。 画清点、线、角、平行/垂直/相交/圆等关系；仅呈现题干给出的条件，不暗示未给结论。,仅根据当前原创题干重新绘制简洁数学示意图，不复制、还原或近似教材/试卷原图、版式、题序或受保护视觉布局。
hjb-junior-ds-v2-s3-074,queued,pending,,full,geometry-diagram,S3,九年级上册,相似三角形,candidates/hjb-junior-ds-v2-s3-074.png,在△ABC中，∠C=90°，CD⊥AB于D。已知AD=9，BD=4，则CD的长为______。,为沪教版初中数学题 hjb-junior-ds-v2-s3-074 绘制原创题目插图，单元「相似三角形」，不要复制教材或试卷版式。 画清点、线、角、平行/垂直/相交/圆等关系；仅呈现题干给出的条件，不暗示未给结论。,仅根据当前原创题干重新绘制简洁数学示意图，不复制、还原或近似教材/试卷原图、版式、题序或受保护视觉布局。
hjb-junior-ds-v2-s3-075,queued,pending,,full,geometry-diagram,S3,九年级上册,相似三角形,candidates/hjb-junior-ds-v2-s3-075.png,在△ABC中，AB=12，AC=9，BC=15。点D在BC上，且∠BAD=∠C。求BD的长度。,为沪教版初中数学题 hjb-junior-ds-v2-s3-075 绘制原创题目插图，单元「相似三角形」，不要复制教材或试卷版式。 画清点、线、角、平行/垂直/相交/圆等关系；仅呈现题干给出的条件，不暗示未给结论。,仅根据当前原创题干重新绘制简洁数学示意图，不复制、还原或近似教材/试卷原图、版式、题序或受保护视觉布局。
hjb-junior-ds-v2-s3-076,queued,pending,,full,geometry-diagram,S3,九年级上册,相似三角形,candidates/hjb-junior-ds-v2-s3-076.png,在△ABC中，点D、E分别在边AB、AC上，DE∥BC。已知AD=3，DB=6，AE=4，则EC的长为（ ）,为沪教版初中数学题 hjb-junior-ds-v2-s3-076 绘制原创题目插图，单元「相似三角形」，不要复制教材或试卷版式。 画清点、线、角、平行/垂直/相交/圆等关系；仅呈现题干给出的条件，不暗示未给结论。,仅根据当前原创题干重新绘制简洁数学示意图，不复制、还原或近似教材/试卷原图、版式、题序或受保护视觉布局。
hjb-junior-ds-v2-s3-077,queued,pending,,full,geometry-diagram,S3,九年级上册,相似三角形,candidates/hjb-junior-ds-v2-s3-077.png,在△ABC中，点D在边AB上，点E在边AC上，且DE∥BC。已知AD=3 cm，DB=6 cm，AE=4 cm，求EC的长度。,为沪教版初中数学题 hjb-junior-ds-v2-s3-077 绘制原创题目插图，单元「相似三角形」，不要复制教材或试卷版式。 画清点、线、角、平行/垂直/相交/圆等关系；仅呈现题干给出的条件，不暗示未给结论。,仅根据当前原创题干重新绘制简洁数学示意图，不复制、还原或近似教材/试卷原图、版式、题序或受保护视觉布局。
hjb-junior-ds-v2-s3-078,queued,pending,,full,geometry-diagram,S3,九年级上册,相似三角形,candidates/hjb-junior-ds-v2-s3-078.png,在△ABC中，D、E分别是边AB、AC上的点，DE∥BC，AD=3 cm，DB=6 cm，AE=2.5 cm。求EC的长。,为沪教版初中数学题 hjb-junior-ds-v2-s3-078 绘制原创题目插图，单元「相似三角形」，不要复制教材或试卷版式。 画清点、线、角、平行/垂直/相交/圆等关系；仅呈现题干给出的条件，不暗示未给结论。,仅根据当前原创题干重新绘制简洁数学示意图，不复制、还原或近似教材/试卷原图、版式、题序或受保护视觉布局。
hjb-junior-ds-v2-s3-079,queued,pending,,full,geometry-diagram,S3,九年级上册,相似三角形,candidates/hjb-junior-ds-v2-s3-079.png,在△ABC中，点D、E分别在边AB、AC上，DE∥BC。已知AD=4，DB=6，AE=5，则EC的长为（ ）,为沪教版初中数学题 hjb-junior-ds-v2-s3-079 绘制原创题目插图，单元「相似三角形」，不要复制教材或试卷版式。 画清点、线、角、平行/垂直/相交/圆等关系；仅呈现题干给出的条件，不暗示未给结论。,仅根据当前原创题干重新绘制简洁数学示意图，不复制、还原或近似教材/试卷原图、版式、题序或受保护视觉布局。
hjb-junior-ds-v2-s3-080,queued,pending,,full,geometry-diagram,S3,九年级上册,相似三角形,candidates/hjb-junior-ds-v2-s3-080.png,在△ABC中，点D、E分别在边AB、AC上，DE∥BC。已知AD=3，DB=6，AE=2，求EC的长。,为沪教版初中数学题 hjb-junior-ds-v2-s3-080 绘制原创题目插图，单元「相似三角形」，不要复制教材或试卷版式。 画清点、线、角、平行/垂直/相交/圆等关系；仅呈现题干给出的条件，不暗示未给结论。,仅根据当前原创题干重新绘制简洁数学示意图，不复制、还原或近似教材/试卷原图、版式、题序或受保护视觉布局。
hjb-junior-ds-v2-s3-081,queued,pending,,full,geometry-diagram,S3,九年级上册,相似三角形,candidates/hjb-junior-ds-v2-s3-081.png,在△ABC中，点D在边AB上，点E在边AC上，且DE∥BC。已知AD=3，DB=6，AE=4，求EC的长。,为沪教版初中数学题 hjb-junior-ds-v2-s3-081 绘制原创题目插图，单元「相似三角形」，不要复制教材或试卷版式。 画清点、线、角、平行/垂直/相交/圆等关系；仅呈现题干给出的条件，不暗示未给结论。,仅根据当前原创题干重新绘制简洁数学示意图，不复制、还原或近似教材/试卷原图、版式、题序或受保护视觉布局。
hjb-junior-ds-v2-s3-082,queued,pending,,full,geometry-diagram,S3,九年级上册,相似三角形,candidates/hjb-junior-ds-v2-s3-082.png,在△ABC和△DEF中，已知∠A=∠D=50°，∠B=∠E=60°，AB=6，DE=9，BC=8。要使△ABC∽△DEF，还需满足哪个条件？,为沪教版初中数学题 hjb-junior-ds-v2-s3-082 绘制原创题目插图，单元「相似三角形」，不要复制教材或试卷版式。 画清点、线、角、平行/垂直/相交/圆等关系；仅呈现题干给出的条件，不暗示未给结论。,仅根据当前原创题干重新绘制简洁数学示意图，不复制、还原或近似教材/试卷原图、版式、题序或受保护视觉布局。
hjb-junior-ds-v2-s3-083,queued,pending,,full,geometry-diagram,S3,九年级上册,相似三角形,candidates/hjb-junior-ds-v2-s3-083.png,在△ABC中，∠C=90°，CD⊥AB于点D。已知AD=2，BD=8，则CD的长为______。,为沪教版初中数学题 hjb-junior-ds-v2-s3-083 绘制原创题目插图，单元「相似三角形」，不要复制教材或试卷版式。 画清点、线、角、平行/垂直/相交/圆等关系；仅呈现题干给出的条件，不暗示未给结论。,仅根据当前原创题干重新绘制简洁数学示意图，不复制、还原或近似教材/试卷原图、版式、题序或受保护视觉布局。
hjb-junior-ds-v2-s3-084,queued,pending,,full,geometry-diagram,S3,九年级上册,相似三角形,candidates/hjb-junior-ds-v2-s3-084.png,在△ABC中，点D、E分别在AB、AC上，且DE∥BC。若AD:DB=2:3，AE=4，求AC的长。,为沪教版初中数学题 hjb-junior-ds-v2-s3-084 绘制原创题目插图，单元「相似三角形」，不要复制教材或试卷版式。 画清点、线、角、平行/垂直/相交/圆等关系；仅呈现题干给出的条件，不暗示未给结论。,仅根据当前原创题干重新绘制简洁数学示意图，不复制、还原或近似教材/试卷原图、版式、题序或受保护视觉布局。
hjb-junior-ds-v2-s3-251,queued,pending,,full,geometry-diagram,S3,九年级下册,圆与正多边形,candidates/hjb-junior-ds-v2-s3-251.png,已知⊙O的半径为5 cm，弦AB的长为8 cm，则弦AB的弦心距为______ cm。,为沪教版初中数学题 hjb-junior-ds-v2-s3-251 绘制原创题目插图，单元「圆与正多边形」，不要复制教材或试卷版式。 画清点、线、角、平行/垂直/相交/圆等关系；仅呈现题干给出的条件，不暗示未给结论。,仅根据当前原创题干重新绘制简洁数学示意图，不复制、还原或近似教材/试卷原图、版式、题序或受保护视觉布局。
hjb-junior-ds-v2-s3-252,queued,pending,,full,geometry-diagram,S3,九年级下册,圆与正多边形,candidates/hjb-junior-ds-v2-s3-252.png,已知⊙O的半径为6 cm，点P到圆心O的距离为10 cm。过点P作⊙O的切线PT，切点为T，求切线长PT。,为沪教版初中数学题 hjb-junior-ds-v2-s3-252 绘制原创题目插图，单元「圆与正多边形」，不要复制教材或试卷版式。 画清点、线、角、平行/垂直/相交/圆等关系；仅呈现题干给出的条件，不暗示未给结论。,仅根据当前原创题干重新绘制简洁数学示意图，不复制、还原或近似教材/试卷原图、版式、题序或受保护视觉布局。
hjb-junior-ds-v2-s3-253,queued,pending,,full,geometry-diagram,S3,九年级下册,圆与正多边形,candidates/hjb-junior-ds-v2-s3-253.png,已知⊙O的半径为5，圆心O到直线l的距离为d。若直线l与⊙O相交，则d的取值范围是（ ）,为沪教版初中数学题 hjb-junior-ds-v2-s3-253 绘制原创题目插图，单元「圆与正多边形」，不要复制教材或试卷版式。 画清点、线、角、平行/垂直/相交/圆等关系；仅呈现题干给出的条件，不暗示未给结论。,仅根据当前原创题干重新绘制简洁数学示意图，不复制、还原或近似教材/试卷原图、版式、题序或受保护视觉布局。
hjb-junior-ds-v2-s3-254,queued,pending,,full,geometry-diagram,S3,九年级下册,圆与正多边形,candidates/hjb-junior-ds-v2-s3-254.png,已知正六边形ABCDEF内接于⊙O，⊙O的半径为4，则正六边形的边长为______。,为沪教版初中数学题 hjb-junior-ds-v2-s3-254 绘制原创题目插图，单元「圆与正多边形」，不要复制教材或试卷版式。 画清点、线、角、平行/垂直/相交/圆等关系；仅呈现题干给出的条件，不暗示未给结论。,仅根据当前原创题干重新绘制简洁数学示意图，不复制、还原或近似教材/试卷原图、版式、题序或受保护视觉布局。
hjb-junior-ds-v2-s3-255,queued,pending,,full,geometry-diagram,S3,九年级下册,圆与正多边形,candidates/hjb-junior-ds-v2-s3-255.png,已知⊙O的半径为5 cm，弦AB的长为8 cm。点C是弦AB的中点，连接OC并延长交⊙O于点D。求弦CD的长。,为沪教版初中数学题 hjb-junior-ds-v2-s3-255 绘制原创题目插图，单元「圆与正多边形」，不要复制教材或试卷版式。 画清点、线、角、平行/垂直/相交/圆等关系；仅呈现题干给出的条件，不暗示未给结论。,仅根据当前原创题干重新绘制简洁数学示意图，不复制、还原或近似教材/试卷原图、版式、题序或受保护视觉布局。
hjb-junior-ds-v2-s3-256,queued,pending,,full,geometry-diagram,S3,九年级下册,圆与正多边形,candidates/hjb-junior-ds-v2-s3-256.png,已知⊙O的半径为5 cm，点P在⊙O外，且OP=8 cm。过点P作⊙O的切线，切点为T，则切线长PT为多少？,为沪教版初中数学题 hjb-junior-ds-v2-s3-256 绘制原创题目插图，单元「圆与正多边形」，不要复制教材或试卷版式。 画清点、线、角、平行/垂直/相交/圆等关系；仅呈现题干给出的条件，不暗示未给结论。,仅根据当前原创题干重新绘制简洁数学示意图，不复制、还原或近似教材/试卷原图、版式、题序或受保护视觉布局。
hjb-junior-ds-v2-s3-257,queued,pending,,full,geometry-diagram,S3,九年级下册,圆与正多边形,candidates/hjb-junior-ds-v2-s3-257.png,在半径为6 cm的圆中，一条弦的长度为6 cm，则该弦所对的圆心角的度数为______。,为沪教版初中数学题 hjb-junior-ds-v2-s3-257 绘制原创题目插图，单元「圆与正多边形」，不要复制教材或试卷版式。 画清点、线、角、平行/垂直/相交/圆等关系；仅呈现题干给出的条件，不暗示未给结论。,仅根据当前原创题干重新绘制简洁数学示意图，不复制、还原或近似教材/试卷原图、版式、题序或受保护视觉布局。
hjb-junior-ds-v2-s3-258,queued,pending,,full,geometry-diagram,S3,九年级下册,圆与正多边形,candidates/hjb-junior-ds-v2-s3-258.png,已知⊙O的直径AB=10 cm，C是⊙O上一点，且∠CAB=30°。求弦BC的长。,为沪教版初中数学题 hjb-junior-ds-v2-s3-258 绘制原创题目插图，单元「圆与正多边形」，不要复制教材或试卷版式。 画清点、线、角、平行/垂直/相交/圆等关系；仅呈现题干给出的条件，不暗示未给结论。,仅根据当前原创题干重新绘制简洁数学示意图，不复制、还原或近似教材/试卷原图、版式、题序或受保护视觉布局。
hjb-junior-ds-v2-s3-259,queued,pending,,full,geometry-diagram,S3,九年级下册,圆与正多边形,candidates/hjb-junior-ds-v2-s3-259.png,已知⊙O的半径为5 cm，圆心O到直线l的距离为d。若直线l与⊙O相交，则d的取值范围是（ ）,为沪教版初中数学题 hjb-junior-ds-v2-s3-259 绘制原创题目插图，单元「圆与正多边形」，不要复制教材或试卷版式。 画清点、线、角、平行/垂直/相交/圆等关系；仅呈现题干给出的条件，不暗示未给结论。,仅根据当前原创题干重新绘制简洁数学示意图，不复制、还原或近似教材/试卷原图、版式、题序或受保护视觉布局。
hjb-junior-ds-v2-s3-260,queued,pending,,full,geometry-diagram,S3,九年级下册,圆与正多边形,candidates/hjb-junior-ds-v2-s3-260.png,正六边形ABCDEF内接于半径为4 cm的圆，则正六边形的边长为______ cm。,为沪教版初中数学题 hjb-junior-ds-v2-s3-260 绘制原创题目插图，单元「圆与正多边形」，不要复制教材或试卷版式。 画清点、线、角、平行/垂直/相交/圆等关系；仅呈现题干给出的条件，不暗示未给结论。,仅根据当前原创题干重新绘制简洁数学示意图，不复制、还原或近似教材/试卷原图、版式、题序或受保护视觉布局。
hjb-junior-ds-v2-s3-261,queued,pending,,full,geometry-diagram,S3,九年级下册,圆与正多边形,candidates/hjb-junior-ds-v2-s3-261.png,已知⊙O的半径为5 cm，弦AB的长为8 cm。求圆心O到弦AB的距离。,为沪教版初中数学题 hjb-junior-ds-v2-s3-261 绘制原创题目插图，单元「圆与正多边形」，不要复制教材或试卷版式。 画清点、线、角、平行/垂直/相交/圆等关系；仅呈现题干给出的条件，不暗示未给结论。,仅根据当前原创题干重新绘制简洁数学示意图，不复制、还原或近似教材/试卷原图、版式、题序或受保护视觉布局。
hjb-junior-ds-v2-s3-262,queued,pending,,full,geometry-diagram,S3,九年级下册,圆与正多边形,candidates/hjb-junior-ds-v2-s3-262.png,已知⊙O的半径为6 cm，点P到圆心O的距离为8 cm。过点P作⊙O的切线，切点为T，则切线长PT为（ ）,为沪教版初中数学题 hjb-junior-ds-v2-s3-262 绘制原创题目插图，单元「圆与正多边形」，不要复制教材或试卷版式。 画清点、线、角、平行/垂直/相交/圆等关系；仅呈现题干给出的条件，不暗示未给结论。,仅根据当前原创题干重新绘制简洁数学示意图，不复制、还原或近似教材/试卷原图、版式、题序或受保护视觉布局。
hjb-junior-ds-v2-s3-263,queued,pending,,full,geometry-diagram,S3,九年级下册,圆与正多边形,candidates/hjb-junior-ds-v2-s3-263.png,在半径为4 cm的圆中，一条弦所对的圆心角为120°，则该弦的长度为______ cm。,为沪教版初中数学题 hjb-junior-ds-v2-s3-263 绘制原创题目插图，单元「圆与正多边形」，不要复制教材或试卷版式。 画清点、线、角、平行/垂直/相交/圆等关系；仅呈现题干给出的条件，不暗示未给结论。,仅根据当前原创题干重新绘制简洁数学示意图，不复制、还原或近似教材/试卷原图、版式、题序或受保护视觉布局。
hjb-junior-ds-v2-s3-264,queued,pending,,full,geometry-diagram,S3,九年级下册,圆与正多边形,candidates/hjb-junior-ds-v2-s3-264.png,已知正六边形ABCDEF内接于⊙O，⊙O的半径为2 cm。求正六边形的边长和边心距。,为沪教版初中数学题 hjb-junior-ds-v2-s3-264 绘制原创题目插图，单元「圆与正多边形」，不要复制教材或试卷版式。 画清点、线、角、平行/垂直/相交/圆等关系；仅呈现题干给出的条件，不暗示未给结论。,仅根据当前原创题干重新绘制简洁数学示意图，不复制、还原或近似教材/试卷原图、版式、题序或受保护视觉布局。
hjb-junior-ds-v2-s3-265,queued,pending,,full,geometry-diagram,S3,九年级下册,圆与正多边形,candidates/hjb-junior-ds-v2-s3-265.png,已知两圆的半径分别为3 cm和5 cm，圆心距为8 cm，则这两圆的位置关系是（ ）,为沪教版初中数学题 hjb-junior-ds-v2-s3-265 绘制原创题目插图，单元「圆与正多边形」，不要复制教材或试卷版式。 画清点、线、角、平行/垂直/相交/圆等关系；仅呈现题干给出的条件，不暗示未给结论。,仅根据当前原创题干重新绘制简洁数学示意图，不复制、还原或近似教材/试卷原图、版式、题序或受保护视觉布局。
hjb-junior-ds-v2-s3-266,queued,pending,,full,geometry-diagram,S3,九年级下册,圆与正多边形,candidates/hjb-junior-ds-v2-s3-266.png,已知圆O的半径为5 cm，弦AB的长为8 cm，点C是弦AB的中点。求圆心O到弦AB的距离。,为沪教版初中数学题 hjb-junior-ds-v2-s3-266 绘制原创题目插图，单元「圆与正多边形」，不要复制教材或试卷版式。 画清点、线、角、平行/垂直/相交/圆等关系；仅呈现题干给出的条件，不暗示未给结论。,仅根据当前原创题干重新绘制简洁数学示意图，不复制、还原或近似教材/试卷原图、版式、题序或受保护视觉布局。
hjb-junior-ds-v2-s3-267,queued,pending,,full,geometry-diagram,S3,九年级下册,圆与正多边形,candidates/hjb-junior-ds-v2-s3-267.png,已知圆O的半径为6 cm，点P在圆O外，OP=10 cm。过点P作圆O的切线PA，A为切点。求切线PA的长。,为沪教版初中数学题 hjb-junior-ds-v2-s3-267 绘制原创题目插图，单元「圆与正多边形」，不要复制教材或试卷版式。 画清点、线、角、平行/垂直/相交/圆等关系；仅呈现题干给出的条件，不暗示未给结论。,仅根据当前原创题干重新绘制简洁数学示意图，不复制、还原或近似教材/试卷原图、版式、题序或受保护视觉布局。
hjb-junior-ds-v2-s3-268,queued,pending,,full,geometry-diagram,S3,九年级下册,圆与正多边形,candidates/hjb-junior-ds-v2-s3-268.png,已知两圆的半径分别为3 cm和5 cm，圆心距为8 cm。这两圆的位置关系是（ ）,为沪教版初中数学题 hjb-junior-ds-v2-s3-268 绘制原创题目插图，单元「圆与正多边形」，不要复制教材或试卷版式。 画清点、线、角、平行/垂直/相交/圆等关系；仅呈现题干给出的条件，不暗示未给结论。,仅根据当前原创题干重新绘制简洁数学示意图，不复制、还原或近似教材/试卷原图、版式、题序或受保护视觉布局。
hjb-junior-ds-v2-s3-269,queued,pending,,full,geometry-diagram,S3,九年级下册,圆与正多边形,candidates/hjb-junior-ds-v2-s3-269.png,已知正六边形ABCDEF内接于半径为4 cm的圆O。求正六边形的边长。,为沪教版初中数学题 hjb-junior-ds-v2-s3-269 绘制原创题目插图，单元「圆与正多边形」，不要复制教材或试卷版式。 画清点、线、角、平行/垂直/相交/圆等关系；仅呈现题干给出的条件，不暗示未给结论。,仅根据当前原创题干重新绘制简洁数学示意图，不复制、还原或近似教材/试卷原图、版式、题序或受保护视觉布局。
hjb-junior-ds-v2-s3-270,queued,pending,,full,geometry-diagram,S3,九年级下册,圆与正多边形,candidates/hjb-junior-ds-v2-s3-270.png,已知圆O中，弦AB与弦CD相交于点E，AE=4 cm，EB=6 cm，CE=3 cm。求ED的长。,为沪教版初中数学题 hjb-junior-ds-v2-s3-270 绘制原创题目插图，单元「圆与正多边形」，不要复制教材或试卷版式。 画清点、线、角、平行/垂直/相交/圆等关系；仅呈现题干给出的条件，不暗示未给结论。,仅根据当前原创题干重新绘制简洁数学示意图，不复制、还原或近似教材/试卷原图、版式、题序或受保护视觉布局。
hjb-junior-ds-v2-s3-271,queued,pending,,full,geometry-diagram,S3,九年级下册,圆与正多边形,candidates/hjb-junior-ds-v2-s3-271.png,已知⊙O的半径为5 cm，点P到圆心O的距离为3 cm。过点P的最短弦的长度是多少？,为沪教版初中数学题 hjb-junior-ds-v2-s3-271 绘制原创题目插图，单元「圆与正多边形」，不要复制教材或试卷版式。 画清点、线、角、平行/垂直/相交/圆等关系；仅呈现题干给出的条件，不暗示未给结论。,仅根据当前原创题干重新绘制简洁数学示意图，不复制、还原或近似教材/试卷原图、版式、题序或受保护视觉布局。
hjb-junior-ds-v2-s3-272,queued,pending,,full,geometry-diagram,S3,九年级下册,圆与正多边形,candidates/hjb-junior-ds-v2-s3-272.png,已知⊙O的半径为10 cm，弦AB的长为16 cm，则弦AB的弦心距为______cm。,为沪教版初中数学题 hjb-junior-ds-v2-s3-272 绘制原创题目插图，单元「圆与正多边形」，不要复制教材或试卷版式。 画清点、线、角、平行/垂直/相交/圆等关系；仅呈现题干给出的条件，不暗示未给结论。,仅根据当前原创题干重新绘制简洁数学示意图，不复制、还原或近似教材/试卷原图、版式、题序或受保护视觉布局。
hjb-junior-ds-v2-s3-273,queued,pending,,full,geometry-diagram,S3,九年级下册,圆与正多边形,candidates/hjb-junior-ds-v2-s3-273.png,已知⊙O的半径为5 cm，点A在⊙O上，点B在⊙O外，且AB与⊙O相切于点A。若AB=12 cm，求点B到圆心O的距离。,为沪教版初中数学题 hjb-junior-ds-v2-s3-273 绘制原创题目插图，单元「圆与正多边形」，不要复制教材或试卷版式。 画清点、线、角、平行/垂直/相交/圆等关系；仅呈现题干给出的条件，不暗示未给结论。,仅根据当前原创题干重新绘制简洁数学示意图，不复制、还原或近似教材/试卷原图、版式、题序或受保护视觉布局。
hjb-junior-ds-v2-s3-274,queued,pending,,full,geometry-diagram,S3,九年级下册,圆与正多边形,candidates/hjb-junior-ds-v2-s3-274.png,已知正六边形ABCDEF内接于⊙O，⊙O的半径为6 cm。求正六边形的边长。,为沪教版初中数学题 hjb-junior-ds-v2-s3-274 绘制原创题目插图，单元「圆与正多边形」，不要复制教材或试卷版式。 画清点、线、角、平行/垂直/相交/圆等关系；仅呈现题干给出的条件，不暗示未给结论。,仅根据当前原创题干重新绘制简洁数学示意图，不复制、还原或近似教材/试卷原图、版式、题序或受保护视觉布局。
hjb-junior-ds-v2-s3-275,queued,pending,,full,geometry-diagram,S3,九年级下册,圆与正多边形,candidates/hjb-junior-ds-v2-s3-275.png,已知⊙O的半径为5 cm，圆心O到直线l的距离为3 cm，则直线l与⊙O的位置关系是______。,为沪教版初中数学题 hjb-junior-ds-v2-s3-275 绘制原创题目插图，单元「圆与正多边形」，不要复制教材或试卷版式。 画清点、线、角、平行/垂直/相交/圆等关系；仅呈现题干给出的条件，不暗示未给结论。,仅根据当前原创题干重新绘制简洁数学示意图，不复制、还原或近似教材/试卷原图、版式、题序或受保护视觉布局。
hjb-junior-ds-v2-s3-276,queued,pending,,full,geometry-diagram,S3,九年级下册,圆与正多边形,candidates/hjb-junior-ds-v2-s3-276.png,已知圆O的半径为5 cm，弦AB的长为8 cm，点C是优弧AB上一点（不与A、B重合），连接AC、BC。求△ABC面积的最大值。,为沪教版初中数学题 hjb-junior-ds-v2-s3-276 绘制原创题目插图，单元「圆与正多边形」，不要复制教材或试卷版式。 画清点、线、角、平行/垂直/相交/圆等关系；仅呈现题干给出的条件，不暗示未给结论。,仅根据当前原创题干重新绘制简洁数学示意图，不复制、还原或近似教材/试卷原图、版式、题序或受保护视觉布局。
hjb-junior-ds-v2-s3-277,queued,pending,,full,geometry-diagram,S3,九年级下册,圆与正多边形,candidates/hjb-junior-ds-v2-s3-277.png,已知两圆的半径分别为3和5，圆心距为d。若两圆相交，则d的取值范围是（ ）,为沪教版初中数学题 hjb-junior-ds-v2-s3-277 绘制原创题目插图，单元「圆与正多边形」，不要复制教材或试卷版式。 画清点、线、角、平行/垂直/相交/圆等关系；仅呈现题干给出的条件，不暗示未给结论。,仅根据当前原创题干重新绘制简洁数学示意图，不复制、还原或近似教材/试卷原图、版式、题序或受保护视觉布局。
hjb-junior-ds-v2-s3-278,queued,pending,,full,geometry-diagram,S3,九年级下册,圆与正多边形,candidates/hjb-junior-ds-v2-s3-278.png,已知正六边形ABCDEF内接于半径为6的圆O，则正六边形的边心距为______。,为沪教版初中数学题 hjb-junior-ds-v2-s3-278 绘制原创题目插图，单元「圆与正多边形」，不要复制教材或试卷版式。 画清点、线、角、平行/垂直/相交/圆等关系；仅呈现题干给出的条件，不暗示未给结论。,仅根据当前原创题干重新绘制简洁数学示意图，不复制、还原或近似教材/试卷原图、版式、题序或受保护视觉布局。
hjb-junior-ds-v2-s3-279,queued,pending,,full,geometry-diagram,S3,九年级下册,圆与正多边形,candidates/hjb-junior-ds-v2-s3-279.png,已知圆O的直径AB垂直于弦CD，垂足为E，且AE=2，BE=8。求弦CD的长。,为沪教版初中数学题 hjb-junior-ds-v2-s3-279 绘制原创题目插图，单元「圆与正多边形」，不要复制教材或试卷版式。 画清点、线、角、平行/垂直/相交/圆等关系；仅呈现题干给出的条件，不暗示未给结论。,仅根据当前原创题干重新绘制简洁数学示意图，不复制、还原或近似教材/试卷原图、版式、题序或受保护视觉布局。
hjb-junior-ds-v2-s3-280,queued,pending,,full,geometry-diagram,S3,九年级下册,圆与正多边形,candidates/hjb-junior-ds-v2-s3-280.png,已知圆O的半径为5，点P在圆外，且OP=13，过P作圆的两条切线，切点分别为A、B。则切线长PA等于（ ）,为沪教版初中数学题 hjb-junior-ds-v2-s3-280 绘制原创题目插图，单元「圆与正多边形」，不要复制教材或试卷版式。 画清点、线、角、平行/垂直/相交/圆等关系；仅呈现题干给出的条件，不暗示未给结论。,仅根据当前原创题干重新绘制简洁数学示意图，不复制、还原或近似教材/试卷原图、版式、题序或受保护视觉布局。
hjb-junior-ds-v2-s3-282,queued,pending,,full,geometry-diagram,S3,九年级下册,圆与正多边形,candidates/hjb-junior-ds-v2-s3-282.png,已知圆O的半径为5 cm，弦AB所对的圆心角∠AOB=120°。求弦AB的长。,为沪教版初中数学题 hjb-junior-ds-v2-s3-282 绘制原创题目插图，单元「圆与正多边形」，不要复制教材或试卷版式。 画清点、线、角、平行/垂直/相交/圆等关系；仅呈现题干给出的条件，不暗示未给结论。,仅根据当前原创题干重新绘制简洁数学示意图，不复制、还原或近似教材/试卷原图、版式、题序或受保护视觉布局。
hjb-junior-ds-v2-s3-283,queued,pending,,full,geometry-diagram,S3,九年级下册,圆与正多边形,candidates/hjb-junior-ds-v2-s3-283.png,已知圆O的半径为5 cm，点P在圆O外，且OP = 13 cm。过点P作圆O的切线PA，切点为A，则切线长PA等于（ ）,为沪教版初中数学题 hjb-junior-ds-v2-s3-283 绘制原创题目插图，单元「圆与正多边形」，不要复制教材或试卷版式。 画清点、线、角、平行/垂直/相交/圆等关系；仅呈现题干给出的条件，不暗示未给结论。,仅根据当前原创题干重新绘制简洁数学示意图，不复制、还原或近似教材/试卷原图、版式、题序或受保护视觉布局。
hjb-junior-ds-v2-s3-284,queued,pending,,full,geometry-diagram,S3,九年级下册,圆与正多边形,candidates/hjb-junior-ds-v2-s3-284.png,已知圆O的半径为5 cm，点P在圆O外，且OP = 13 cm。过点P作圆O的切线PA，切点为A，连接OA。则切线PA的长为______cm。,为沪教版初中数学题 hjb-junior-ds-v2-s3-284 绘制原创题目插图，单元「圆与正多边形」，不要复制教材或试卷版式。 画清点、线、角、平行/垂直/相交/圆等关系；仅呈现题干给出的条件，不暗示未给结论。,仅根据当前原创题干重新绘制简洁数学示意图，不复制、还原或近似教材/试卷原图、版式、题序或受保护视觉布局。
hjb-junior-ds-v2-s3-286,queued,pending,,full,geometry-diagram,S3,九年级下册,圆与正多边形,candidates/hjb-junior-ds-v2-s3-286.png,已知⊙O的半径为5 cm，点P到圆心O的距离为8 cm。过点P作⊙O的切线，切点为T，则切线PT的长为（ ）,为沪教版初中数学题 hjb-junior-ds-v2-s3-286 绘制原创题目插图，单元「圆与正多边形」，不要复制教材或试卷版式。 画清点、线、角、平行/垂直/相交/圆等关系；仅呈现题干给出的条件，不暗示未给结论。,仅根据当前原创题干重新绘制简洁数学示意图，不复制、还原或近似教材/试卷原图、版式、题序或受保护视觉布局。
hjb-junior-ds-v2-s3-287,queued,pending,,full,geometry-diagram,S3,九年级下册,圆与正多边形,candidates/hjb-junior-ds-v2-s3-287.png,在⊙O中，弦AB的长为8 cm，圆心O到弦AB的距离为3 cm，则⊙O的半径为______cm。,为沪教版初中数学题 hjb-junior-ds-v2-s3-287 绘制原创题目插图，单元「圆与正多边形」，不要复制教材或试卷版式。 画清点、线、角、平行/垂直/相交/圆等关系；仅呈现题干给出的条件，不暗示未给结论。,仅根据当前原创题干重新绘制简洁数学示意图，不复制、还原或近似教材/试卷原图、版式、题序或受保护视觉布局。
hjb-junior-ds-v2-s3-288,queued,pending,,full,geometry-diagram,S3,九年级下册,圆与正多边形,candidates/hjb-junior-ds-v2-s3-288.png,已知⊙O的直径AB=10，C为⊙O上一点，∠CAB=30°。求弦BC的长。,为沪教版初中数学题 hjb-junior-ds-v2-s3-288 绘制原创题目插图，单元「圆与正多边形」，不要复制教材或试卷版式。 画清点、线、角、平行/垂直/相交/圆等关系；仅呈现题干给出的条件，不暗示未给结论。,仅根据当前原创题干重新绘制简洁数学示意图，不复制、还原或近似教材/试卷原图、版式、题序或受保护视觉布局。
hjb-junior-ds-v2-s3-289,queued,pending,,full,geometry-diagram,S3,九年级下册,圆与正多边形,candidates/hjb-junior-ds-v2-s3-289.png,已知正六边形ABCDEF内接于⊙O，⊙O的半径为4 cm，则正六边形的边长为（ ）,为沪教版初中数学题 hjb-junior-ds-v2-s3-289 绘制原创题目插图，单元「圆与正多边形」，不要复制教材或试卷版式。 画清点、线、角、平行/垂直/相交/圆等关系；仅呈现题干给出的条件，不暗示未给结论。,仅根据当前原创题干重新绘制简洁数学示意图，不复制、还原或近似教材/试卷原图、版式、题序或受保护视觉布局。
hjb-junior-ds-v2-s3-290,queued,pending,,full,geometry-diagram,S3,九年级下册,圆与正多边形,candidates/hjb-junior-ds-v2-s3-290.png,已知两圆的半径分别为3 cm和5 cm，圆心距为d cm。若两圆相交，则d的取值范围是______。,为沪教版初中数学题 hjb-junior-ds-v2-s3-290 绘制原创题目插图，单元「圆与正多边形」，不要复制教材或试卷版式。 画清点、线、角、平行/垂直/相交/圆等关系；仅呈现题干给出的条件，不暗示未给结论。,仅根据当前原创题干重新绘制简洁数学示意图，不复制、还原或近似教材/试卷原图、版式、题序或受保护视觉布局。
hjb-junior-ds-v2-s3-291,queued,pending,,full,geometry-diagram,S3,九年级下册,圆与正多边形,candidates/hjb-junior-ds-v2-s3-291.png,已知⊙O的半径为5 cm，弦AB的长为8 cm，P是弦AB上的一个动点，连接OP。求线段OP长度的取值范围。,为沪教版初中数学题 hjb-junior-ds-v2-s3-291 绘制原创题目插图，单元「圆与正多边形」，不要复制教材或试卷版式。 画清点、线、角、平行/垂直/相交/圆等关系；仅呈现题干给出的条件，不暗示未给结论。,仅根据当前原创题干重新绘制简洁数学示意图，不复制、还原或近似教材/试卷原图、版式、题序或受保护视觉布局。
hjb-junior-ds-v2-s3-292,queued,pending,,full,geometry-diagram,S3,九年级下册,圆与正多边形,candidates/hjb-junior-ds-v2-s3-292.png,已知两圆的半径分别为6 cm和2 cm，圆心距为d cm。若这两圆有且仅有一条公切线，则d的值为（ ）,为沪教版初中数学题 hjb-junior-ds-v2-s3-292 绘制原创题目插图，单元「圆与正多边形」，不要复制教材或试卷版式。 画清点、线、角、平行/垂直/相交/圆等关系；仅呈现题干给出的条件，不暗示未给结论。,仅根据当前原创题干重新绘制简洁数学示意图，不复制、还原或近似教材/试卷原图、版式、题序或受保护视觉布局。
hjb-junior-ds-v2-s3-293,queued,pending,,full,geometry-diagram,S3,九年级下册,圆与正多边形,candidates/hjb-junior-ds-v2-s3-293.png,在⊙O中，弦AB与弦CD相交于点E，∠AEC=70°，弧AD的度数为100°。求弧BC的度数。,为沪教版初中数学题 hjb-junior-ds-v2-s3-293 绘制原创题目插图，单元「圆与正多边形」，不要复制教材或试卷版式。 画清点、线、角、平行/垂直/相交/圆等关系；仅呈现题干给出的条件，不暗示未给结论。,仅根据当前原创题干重新绘制简洁数学示意图，不复制、还原或近似教材/试卷原图、版式、题序或受保护视觉布局。
hjb-junior-ds-v2-s3-294,queued,pending,,full,geometry-diagram,S3,九年级下册,圆与正多边形,candidates/hjb-junior-ds-v2-s3-294.png,已知正六边形ABCDEF内接于⊙O，⊙O的半径为6 cm。求正六边形边心距的长。,为沪教版初中数学题 hjb-junior-ds-v2-s3-294 绘制原创题目插图，单元「圆与正多边形」，不要复制教材或试卷版式。 画清点、线、角、平行/垂直/相交/圆等关系；仅呈现题干给出的条件，不暗示未给结论。,仅根据当前原创题干重新绘制简洁数学示意图，不复制、还原或近似教材/试卷原图、版式、题序或受保护视觉布局。
hjb-junior-ds-v2-s3-295,queued,pending,,full,geometry-diagram,S3,九年级下册,圆与正多边形,candidates/hjb-junior-ds-v2-s3-295.png,已知⊙O的直径为10 cm，点P到圆心O的距离为8 cm。过点P作⊙O的切线，切点为T，则切线长PT为（ ）。,为沪教版初中数学题 hjb-junior-ds-v2-s3-295 绘制原创题目插图，单元「圆与正多边形」，不要复制教材或试卷版式。 画清点、线、角、平行/垂直/相交/圆等关系；仅呈现题干给出的条件，不暗示未给结论。,仅根据当前原创题干重新绘制简洁数学示意图，不复制、还原或近似教材/试卷原图、版式、题序或受保护视觉布局。
hjb-junior-ds-v2-s3-297,queued,pending,,full,geometry-diagram,S3,九年级下册,圆与正多边形,candidates/hjb-junior-ds-v2-s3-297.png,已知圆O的半径为5 cm，弦AB的长为8 cm，C为弦AB的中点，连接OC并延长交圆O于点D。求线段CD的长。,为沪教版初中数学题 hjb-junior-ds-v2-s3-297 绘制原创题目插图，单元「圆与正多边形」，不要复制教材或试卷版式。 画清点、线、角、平行/垂直/相交/圆等关系；仅呈现题干给出的条件，不暗示未给结论。,仅根据当前原创题干重新绘制简洁数学示意图，不复制、还原或近似教材/试卷原图、版式、题序或受保护视觉布局。
hjb-junior-ds-v2-s3-298,queued,pending,,full,geometry-diagram,S3,九年级下册,圆与正多边形,candidates/hjb-junior-ds-v2-s3-298.png,已知两圆的半径分别为4 cm和7 cm，圆心距为d cm。若两圆相交，则d的取值范围是（ ）,为沪教版初中数学题 hjb-junior-ds-v2-s3-298 绘制原创题目插图，单元「圆与正多边形」，不要复制教材或试卷版式。 画清点、线、角、平行/垂直/相交/圆等关系；仅呈现题干给出的条件，不暗示未给结论。,仅根据当前原创题干重新绘制简洁数学示意图，不复制、还原或近似教材/试卷原图、版式、题序或受保护视觉布局。
hjb-junior-ds-v2-s3-299,queued,pending,,full,geometry-diagram,S3,九年级下册,圆与正多边形,candidates/hjb-junior-ds-v2-s3-299.png,已知正八边形ABCDEFGH内接于半径为6 cm的圆O。求正八边形的边长（精确到0.1 cm）。,为沪教版初中数学题 hjb-junior-ds-v2-s3-299 绘制原创题目插图，单元「圆与正多边形」，不要复制教材或试卷版式。 画清点、线、角、平行/垂直/相交/圆等关系；仅呈现题干给出的条件，不暗示未给结论。,仅根据当前原创题干重新绘制简洁数学示意图，不复制、还原或近似教材/试卷原图、版式、题序或受保护视觉布局。
hjb-junior-ds-v2-s3-300,queued,pending,,full,geometry-diagram,S3,九年级下册,圆与正多边形,candidates/hjb-junior-ds-v2-s3-300.png,已知圆O的直径AB长为10 cm，C为圆O上一点，且∠CAB=30°。求弦BC的长。,为沪教版初中数学题 hjb-junior-ds-v2-s3-300 绘制原创题目插图，单元「圆与正多边形」，不要复制教材或试卷版式。 画清点、线、角、平行/垂直/相交/圆等关系；仅呈现题干给出的条件，不暗示未给结论。,仅根据当前原创题干重新绘制简洁数学示意图，不复制、还原或近似教材/试卷原图、版式、题序或受保护视觉布局。
hjb-junior-ds-v2-s3-301,queued,pending,,full,geometry-diagram,S3,九年级下册,圆与正多边形,candidates/hjb-junior-ds-v2-s3-301.png,已知⊙O的半径为5 cm，点P到圆心O的距离为3 cm。过点P作一条弦AB，使得点P为弦AB的中点。则弦AB的长为（ ）,为沪教版初中数学题 hjb-junior-ds-v2-s3-301 绘制原创题目插图，单元「圆与正多边形」，不要复制教材或试卷版式。 画清点、线、角、平行/垂直/相交/圆等关系；仅呈现题干给出的条件，不暗示未给结论。,仅根据当前原创题干重新绘制简洁数学示意图，不复制、还原或近似教材/试卷原图、版式、题序或受保护视觉布局。
hjb-junior-ds-v2-s3-303,queued,pending,,full,geometry-diagram,S3,九年级下册,圆与正多边形,candidates/hjb-junior-ds-v2-s3-303.png,已知⊙O中，弦AB与弦CD相交于点E，且AE=3，EB=5，CE=2。求ED的长。,为沪教版初中数学题 hjb-junior-ds-v2-s3-303 绘制原创题目插图，单元「圆与正多边形」，不要复制教材或试卷版式。 画清点、线、角、平行/垂直/相交/圆等关系；仅呈现题干给出的条件，不暗示未给结论。,仅根据当前原创题干重新绘制简洁数学示意图，不复制、还原或近似教材/试卷原图、版式、题序或受保护视觉布局。
hjb-junior-ds-v2-s3-304,queued,pending,,full,geometry-diagram,S3,九年级下册,圆与正多边形,candidates/hjb-junior-ds-v2-s3-304.png,下列条件中，能确定一个圆的是（ ）,为沪教版初中数学题 hjb-junior-ds-v2-s3-304 绘制原创题目插图，单元「圆与正多边形」，不要复制教材或试卷版式。 画清点、线、角、平行/垂直/相交/圆等关系；仅呈现题干给出的条件，不暗示未给结论。,仅根据当前原创题干重新绘制简洁数学示意图，不复制、还原或近似教材/试卷原图、版式、题序或受保护视觉布局。
hjb-junior-ds-v2-s3-305,queued,pending,,full,geometry-diagram,S3,九年级下册,圆与正多边形,candidates/hjb-junior-ds-v2-s3-305.png,正六边形ABCDEF内接于⊙O，若⊙O的半径为2，则正六边形的边长为______。,为沪教版初中数学题 hjb-junior-ds-v2-s3-305 绘制原创题目插图，单元「圆与正多边形」，不要复制教材或试卷版式。 画清点、线、角、平行/垂直/相交/圆等关系；仅呈现题干给出的条件，不暗示未给结论。,仅根据当前原创题干重新绘制简洁数学示意图，不复制、还原或近似教材/试卷原图、版式、题序或受保护视觉布局。
hjb-junior-ds-v2-s3-306,queued,pending,,full,geometry-diagram,S3,九年级下册,圆与正多边形,candidates/hjb-junior-ds-v2-s3-306.png,已知⊙O的半径为5 cm，点P在直线l上，且OP=5 cm。若直线l与⊙O相切，求点P到切点的距离。,为沪教版初中数学题 hjb-junior-ds-v2-s3-306 绘制原创题目插图，单元「圆与正多边形」，不要复制教材或试卷版式。 画清点、线、角、平行/垂直/相交/圆等关系；仅呈现题干给出的条件，不暗示未给结论。,仅根据当前原创题干重新绘制简洁数学示意图，不复制、还原或近似教材/试卷原图、版式、题序或受保护视觉布局。
hjb-junior-ds-v2-s3-307,queued,pending,,full,geometry-diagram,S3,九年级下册,圆与正多边形,candidates/hjb-junior-ds-v2-s3-307.png,在⊙O中，弦AB与弦CD相交于点E，且AE=3 cm，EB=4 cm，CE=2 cm，ED=6 cm。根据相交弦定理，下列结论正确的是：,为沪教版初中数学题 hjb-junior-ds-v2-s3-307 绘制原创题目插图，单元「圆与正多边形」，不要复制教材或试卷版式。 画清点、线、角、平行/垂直/相交/圆等关系；仅呈现题干给出的条件，不暗示未给结论。,仅根据当前原创题干重新绘制简洁数学示意图，不复制、还原或近似教材/试卷原图、版式、题序或受保护视觉布局。
hjb-junior-ds-v2-s3-308,queued,pending,,full,geometry-diagram,S3,九年级下册,圆与正多边形,candidates/hjb-junior-ds-v2-s3-308.png,在⊙O中，弦AB与直径CD垂直相交于点E，且CE=2 cm，ED=8 cm。求弦AB的长。,为沪教版初中数学题 hjb-junior-ds-v2-s3-308 绘制原创题目插图，单元「圆与正多边形」，不要复制教材或试卷版式。 画清点、线、角、平行/垂直/相交/圆等关系；仅呈现题干给出的条件，不暗示未给结论。,仅根据当前原创题干重新绘制简洁数学示意图，不复制、还原或近似教材/试卷原图、版式、题序或受保护视觉布局。
hjb-junior-ds-v2-s3-309,queued,pending,,full,geometry-diagram,S3,九年级下册,圆与正多边形,candidates/hjb-junior-ds-v2-s3-309.png,已知正六边形ABCDEF内接于⊙O，半径为R。求正六边形的边长与R的关系，并说明理由。,为沪教版初中数学题 hjb-junior-ds-v2-s3-309 绘制原创题目插图，单元「圆与正多边形」，不要复制教材或试卷版式。 画清点、线、角、平行/垂直/相交/圆等关系；仅呈现题干给出的条件，不暗示未给结论。,仅根据当前原创题干重新绘制简洁数学示意图，不复制、还原或近似教材/试卷原图、版式、题序或受保护视觉布局。
hjb-junior-ds-v2-s3-310,queued,pending,,full,geometry-diagram,S3,九年级下册,圆与正多边形,candidates/hjb-junior-ds-v2-s3-310.png,已知两圆的半径分别为3 cm和5 cm，圆心距为d cm。若两圆相交，则d的取值范围是：,为沪教版初中数学题 hjb-junior-ds-v2-s3-310 绘制原创题目插图，单元「圆与正多边形」，不要复制教材或试卷版式。 画清点、线、角、平行/垂直/相交/圆等关系；仅呈现题干给出的条件，不暗示未给结论。,仅根据当前原创题干重新绘制简洁数学示意图，不复制、还原或近似教材/试卷原图、版式、题序或受保护视觉布局。
hjb-junior-ds-v2-s3-311,queued,pending,,full,geometry-diagram,S3,九年级下册,圆与正多边形,candidates/hjb-junior-ds-v2-s3-311.png,已知⊙O的半径为5 cm，弦AB的长为8 cm，则圆心O到弦AB的距离为______cm。,为沪教版初中数学题 hjb-junior-ds-v2-s3-311 绘制原创题目插图，单元「圆与正多边形」，不要复制教材或试卷版式。 画清点、线、角、平行/垂直/相交/圆等关系；仅呈现题干给出的条件，不暗示未给结论。,仅根据当前原创题干重新绘制简洁数学示意图，不复制、还原或近似教材/试卷原图、版式、题序或受保护视觉布局。
hjb-junior-ds-v2-s3-313,queued,pending,,full,geometry-diagram,S3,九年级下册,圆与正多边形,candidates/hjb-junior-ds-v2-s3-313.png,已知⊙O的半径为5 cm，弦AB与弦CD相交于点P，且AB=CD=8 cm。若∠APC=70°，则∠AOC的度数为（ ）,为沪教版初中数学题 hjb-junior-ds-v2-s3-313 绘制原创题目插图，单元「圆与正多边形」，不要复制教材或试卷版式。 画清点、线、角、平行/垂直/相交/圆等关系；仅呈现题干给出的条件，不暗示未给结论。,仅根据当前原创题干重新绘制简洁数学示意图，不复制、还原或近似教材/试卷原图、版式、题序或受保护视觉布局。
hjb-junior-ds-v2-s3-314,queued,pending,,full,geometry-diagram,S3,九年级下册,圆与正多边形,candidates/hjb-junior-ds-v2-s3-314.png,正六边形ABCDEF内接于⊙O，若⊙O的半径为4 cm，则正六边形的边心距为______cm。,为沪教版初中数学题 hjb-junior-ds-v2-s3-314 绘制原创题目插图，单元「圆与正多边形」，不要复制教材或试卷版式。 画清点、线、角、平行/垂直/相交/圆等关系；仅呈现题干给出的条件，不暗示未给结论。,仅根据当前原创题干重新绘制简洁数学示意图，不复制、还原或近似教材/试卷原图、版式、题序或受保护视觉布局。
hjb-junior-ds-v2-s3-315,queued,pending,,full,geometry-diagram,S3,九年级下册,圆与正多边形,candidates/hjb-junior-ds-v2-s3-315.png,已知⊙O的直径为10 cm，点P到圆心O的距离为8 cm。过点P作⊙O的切线，切点为T，求切线PT的长。,为沪教版初中数学题 hjb-junior-ds-v2-s3-315 绘制原创题目插图，单元「圆与正多边形」，不要复制教材或试卷版式。 画清点、线、角、平行/垂直/相交/圆等关系；仅呈现题干给出的条件，不暗示未给结论。,仅根据当前原创题干重新绘制简洁数学示意图，不复制、还原或近似教材/试卷原图、版式、题序或受保护视觉布局。
hjb-junior-ds-v2-s3-316,queued,pending,,full,geometry-diagram,S3,九年级下册,圆与正多边形,candidates/hjb-junior-ds-v2-s3-316.png,已知圆O的半径为5 cm，点P在圆O外，且OP = 13 cm。过点P作圆O的切线PA，切点为A，连接OA。则切线长PA为（ ）,为沪教版初中数学题 hjb-junior-ds-v2-s3-316 绘制原创题目插图，单元「圆与正多边形」，不要复制教材或试卷版式。 画清点、线、角、平行/垂直/相交/圆等关系；仅呈现题干给出的条件，不暗示未给结论。,仅根据当前原创题干重新绘制简洁数学示意图，不复制、还原或近似教材/试卷原图、版式、题序或受保护视觉布局。
hjb-junior-ds-v2-s3-317,queued,pending,,full,geometry-diagram,S3,九年级下册,圆与正多边形,candidates/hjb-junior-ds-v2-s3-317.png,已知⊙O的半径为5 cm，点P在⊙O外，且OP = 13 cm。过点P作⊙O的切线PA，A为切点，则切线长PA = ______ cm。,为沪教版初中数学题 hjb-junior-ds-v2-s3-317 绘制原创题目插图，单元「圆与正多边形」，不要复制教材或试卷版式。 画清点、线、角、平行/垂直/相交/圆等关系；仅呈现题干给出的条件，不暗示未给结论。,仅根据当前原创题干重新绘制简洁数学示意图，不复制、还原或近似教材/试卷原图、版式、题序或受保护视觉布局。
hjb-junior-ds-v2-s3-318,queued,pending,,full,geometry-diagram,S3,九年级下册,圆与正多边形,candidates/hjb-junior-ds-v2-s3-318.png,已知圆O的半径为5 cm，点P在圆O外，且OP = 13 cm。过点P作圆O的切线PA，切点为A，连接OA。求切线PA的长度。,为沪教版初中数学题 hjb-junior-ds-v2-s3-318 绘制原创题目插图，单元「圆与正多边形」，不要复制教材或试卷版式。 画清点、线、角、平行/垂直/相交/圆等关系；仅呈现题干给出的条件，不暗示未给结论。,仅根据当前原创题干重新绘制简洁数学示意图，不复制、还原或近似教材/试卷原图、版式、题序或受保护视觉布局。
hjb-junior-ds-v2-s3-319,queued,pending,,full,geometry-diagram,S3,九年级下册,圆与正多边形,candidates/hjb-junior-ds-v2-s3-319.png,已知⊙O的半径为5 cm，点P到圆心O的距离为3 cm。过点P作一条弦AB，使得点P为弦AB的中点。求弦AB的长度。,为沪教版初中数学题 hjb-junior-ds-v2-s3-319 绘制原创题目插图，单元「圆与正多边形」，不要复制教材或试卷版式。 画清点、线、角、平行/垂直/相交/圆等关系；仅呈现题干给出的条件，不暗示未给结论。,仅根据当前原创题干重新绘制简洁数学示意图，不复制、还原或近似教材/试卷原图、版式、题序或受保护视觉布局。
hjb-junior-ds-v2-s3-320,queued,pending,,full,geometry-diagram,S3,九年级下册,圆与正多边形,candidates/hjb-junior-ds-v2-s3-320.png,已知⊙O的半径为5 cm，弦AB的长为8 cm，点C是优弧AB上一点（不与A、B重合），连接OC交弦AB于点D。若OD = 3 cm，求CD的长（单位：cm）。,为沪教版初中数学题 hjb-junior-ds-v2-s3-320 绘制原创题目插图，单元「圆与正多边形」，不要复制教材或试卷版式。 画清点、线、角、平行/垂直/相交/圆等关系；仅呈现题干给出的条件，不暗示未给结论。,仅根据当前原创题干重新绘制简洁数学示意图，不复制、还原或近似教材/试卷原图、版式、题序或受保护视觉布局。
hjb-junior-ds-v2-s3-322,queued,pending,,full,geometry-diagram,S3,九年级下册,圆与正多边形,candidates/hjb-junior-ds-v2-s3-322.png,已知⊙O的半径为5 cm，点P在直线l上，且OP=5 cm。若直线l与⊙O的公共点个数为2，则下列条件中一定成立的是（ ）,为沪教版初中数学题 hjb-junior-ds-v2-s3-322 绘制原创题目插图，单元「圆与正多边形」，不要复制教材或试卷版式。 画清点、线、角、平行/垂直/相交/圆等关系；仅呈现题干给出的条件，不暗示未给结论。,仅根据当前原创题干重新绘制简洁数学示意图，不复制、还原或近似教材/试卷原图、版式、题序或受保护视觉布局。
hjb-junior-ds-v2-s3-323,queued,pending,,full,geometry-diagram,S3,九年级下册,圆与正多边形,candidates/hjb-junior-ds-v2-s3-323.png,已知⊙O的半径为5 cm，弦AB的长为8 cm，点C是弦AB的中点，连接OC并延长交⊙O于点D。求线段CD的长（单位：cm）。,为沪教版初中数学题 hjb-junior-ds-v2-s3-323 绘制原创题目插图，单元「圆与正多边形」，不要复制教材或试卷版式。 画清点、线、角、平行/垂直/相交/圆等关系；仅呈现题干给出的条件，不暗示未给结论。,仅根据当前原创题干重新绘制简洁数学示意图，不复制、还原或近似教材/试卷原图、版式、题序或受保护视觉布局。
hjb-junior-ds-v2-s3-324,queued,pending,,full,geometry-diagram,S3,九年级下册,圆与正多边形,candidates/hjb-junior-ds-v2-s3-324.png,已知⊙O的半径为5 cm，弦AB的长为8 cm，点C是优弧AB上一点（不与A、B重合），连接AC、BC。判断直线AC与⊙O的位置关系，并说明理由。,为沪教版初中数学题 hjb-junior-ds-v2-s3-324 绘制原创题目插图，单元「圆与正多边形」，不要复制教材或试卷版式。 画清点、线、角、平行/垂直/相交/圆等关系；仅呈现题干给出的条件，不暗示未给结论。,仅根据当前原创题干重新绘制简洁数学示意图，不复制、还原或近似教材/试卷原图、版式、题序或受保护视觉布局。
hjb-junior-ds-v2-s3-325,queued,pending,,full,geometry-diagram,S3,九年级下册,圆与正多边形,candidates/hjb-junior-ds-v2-s3-325.png,已知⊙O的半径为5 cm，点P到圆心O的距离为3 cm。过点P作⊙O的弦AB，使得点P为弦AB的中点，则弦AB的长为（ ）,为沪教版初中数学题 hjb-junior-ds-v2-s3-325 绘制原创题目插图，单元「圆与正多边形」，不要复制教材或试卷版式。 画清点、线、角、平行/垂直/相交/圆等关系；仅呈现题干给出的条件，不暗示未给结论。,仅根据当前原创题干重新绘制简洁数学示意图，不复制、还原或近似教材/试卷原图、版式、题序或受保护视觉布局。
hjb-junior-ds-v2-s3-326,queued,pending,,full,geometry-diagram,S3,九年级下册,圆与正多边形,candidates/hjb-junior-ds-v2-s3-326.png,在半径为5 cm的圆O中，弦AB的长为8 cm。求圆心O到弦AB的距离。,为沪教版初中数学题 hjb-junior-ds-v2-s3-326 绘制原创题目插图，单元「圆与正多边形」，不要复制教材或试卷版式。 画清点、线、角、平行/垂直/相交/圆等关系；仅呈现题干给出的条件，不暗示未给结论。,仅根据当前原创题干重新绘制简洁数学示意图，不复制、还原或近似教材/试卷原图、版式、题序或受保护视觉布局。
hjb-junior-ds-v2-s3-327,queued,pending,,full,geometry-diagram,S3,九年级下册,圆与正多边形,candidates/hjb-junior-ds-v2-s3-327.png,已知圆O的半径为6 cm，点P到圆心O的距离为10 cm。过点P作圆O的切线，切点为T，求切线PT的长。,为沪教版初中数学题 hjb-junior-ds-v2-s3-327 绘制原创题目插图，单元「圆与正多边形」，不要复制教材或试卷版式。 画清点、线、角、平行/垂直/相交/圆等关系；仅呈现题干给出的条件，不暗示未给结论。,仅根据当前原创题干重新绘制简洁数学示意图，不复制、还原或近似教材/试卷原图、版式、题序或受保护视觉布局。
hjb-junior-ds-v2-s3-328,queued,pending,,full,geometry-diagram,S3,九年级下册,圆与正多边形,candidates/hjb-junior-ds-v2-s3-328.png,已知两圆的半径分别为4和7，圆心距为d。若两圆外离，则d的取值范围是（ ）。,为沪教版初中数学题 hjb-junior-ds-v2-s3-328 绘制原创题目插图，单元「圆与正多边形」，不要复制教材或试卷版式。 画清点、线、角、平行/垂直/相交/圆等关系；仅呈现题干给出的条件，不暗示未给结论。,仅根据当前原创题干重新绘制简洁数学示意图，不复制、还原或近似教材/试卷原图、版式、题序或受保护视觉布局。
hjb-junior-ds-v2-s3-329,queued,pending,,full,geometry-diagram,S3,九年级下册,圆与正多边形,candidates/hjb-junior-ds-v2-s3-329.png,正六边形的边长为4 cm，求其外接圆的半径。,为沪教版初中数学题 hjb-junior-ds-v2-s3-329 绘制原创题目插图，单元「圆与正多边形」，不要复制教材或试卷版式。 画清点、线、角、平行/垂直/相交/圆等关系；仅呈现题干给出的条件，不暗示未给结论。,仅根据当前原创题干重新绘制简洁数学示意图，不复制、还原或近似教材/试卷原图、版式、题序或受保护视觉布局。
hjb-junior-ds-v2-s3-330,queued,pending,,full,geometry-diagram,S3,九年级下册,圆与正多边形,candidates/hjb-junior-ds-v2-s3-330.png,在圆O中，弦AB与弦CD相交于点E，AE=3 cm，EB=5 cm，CE=2 cm，求ED的长。,为沪教版初中数学题 hjb-junior-ds-v2-s3-330 绘制原创题目插图，单元「圆与正多边形」，不要复制教材或试卷版式。 画清点、线、角、平行/垂直/相交/圆等关系；仅呈现题干给出的条件，不暗示未给结论。,仅根据当前原创题干重新绘制简洁数学示意图，不复制、还原或近似教材/试卷原图、版式、题序或受保护视觉布局。
hjb-junior-ds-v2-s3-331,queued,pending,,full,geometry-diagram,S3,九年级下册,圆与正多边形,candidates/hjb-junior-ds-v2-s3-331.png,已知⊙O的半径为5，点P到圆心O的距离为3。过点P作⊙O的弦AB，使得弦AB被点P平分。求弦AB的长度。 A. 4 B. 6 C. 8 D. 10,为沪教版初中数学题 hjb-junior-ds-v2-s3-331 绘制原创题目插图，单元「圆与正多边形」，不要复制教材或试卷版式。 画清点、线、角、平行/垂直/相交/圆等关系；仅呈现题干给出的条件，不暗示未给结论。,仅根据当前原创题干重新绘制简洁数学示意图，不复制、还原或近似教材/试卷原图、版式、题序或受保护视觉布局。
hjb-junior-ds-v2-s3-333,queued,pending,,full,geometry-diagram,S3,九年级下册,圆与正多边形,candidates/hjb-junior-ds-v2-s3-333.png,已知⊙O的半径为10，弦AB的长为16。求圆心O到弦AB的距离。,为沪教版初中数学题 hjb-junior-ds-v2-s3-333 绘制原创题目插图，单元「圆与正多边形」，不要复制教材或试卷版式。 画清点、线、角、平行/垂直/相交/圆等关系；仅呈现题干给出的条件，不暗示未给结论。,仅根据当前原创题干重新绘制简洁数学示意图，不复制、还原或近似教材/试卷原图、版式、题序或受保护视觉布局。
hjb-junior-ds-v2-s3-334,queued,pending,,full,geometry-diagram,S3,九年级下册,圆与正多边形,candidates/hjb-junior-ds-v2-s3-334.png,已知⊙O的半径为5，直线l与⊙O相切于点A，点B是直线l上不同于A的一点，且AB=12。求点B到圆心O的距离。 A. 13 B. 12 C. 10 D. 15,为沪教版初中数学题 hjb-junior-ds-v2-s3-334 绘制原创题目插图，单元「圆与正多边形」，不要复制教材或试卷版式。 画清点、线、角、平行/垂直/相交/圆等关系；仅呈现题干给出的条件，不暗示未给结论。,仅根据当前原创题干重新绘制简洁数学示意图，不复制、还原或近似教材/试卷原图、版式、题序或受保护视觉布局。
hjb-junior-ds-v2-s3-335,queued,pending,,full,geometry-diagram,S3,九年级下册,圆与正多边形,candidates/hjb-junior-ds-v2-s3-335.png,正六边形ABCDEF内接于⊙O，⊙O的半径为6。求正六边形的边长。,为沪教版初中数学题 hjb-junior-ds-v2-s3-335 绘制原创题目插图，单元「圆与正多边形」，不要复制教材或试卷版式。 画清点、线、角、平行/垂直/相交/圆等关系；仅呈现题干给出的条件，不暗示未给结论。,仅根据当前原创题干重新绘制简洁数学示意图，不复制、还原或近似教材/试卷原图、版式、题序或受保护视觉布局。
hjb-junior-ds-v2-s3-337,queued,pending,,full,geometry-diagram,S3,九年级下册,圆与正多边形,candidates/hjb-junior-ds-v2-s3-337.png,已知⊙O的半径为5 cm，点P到圆心O的距离为3 cm。过点P作一条弦AB，使得OP⊥AB。求弦AB的长。,为沪教版初中数学题 hjb-junior-ds-v2-s3-337 绘制原创题目插图，单元「圆与正多边形」，不要复制教材或试卷版式。 画清点、线、角、平行/垂直/相交/圆等关系；仅呈现题干给出的条件，不暗示未给结论。,仅根据当前原创题干重新绘制简洁数学示意图，不复制、还原或近似教材/试卷原图、版式、题序或受保护视觉布局。
hjb-junior-ds-v2-s3-338,queued,pending,,full,geometry-diagram,S3,九年级下册,圆与正多边形,candidates/hjb-junior-ds-v2-s3-338.png,已知正六边形ABCDEF内接于⊙O，⊙O的半径为4。则正六边形边心距的长度为______。,为沪教版初中数学题 hjb-junior-ds-v2-s3-338 绘制原创题目插图，单元「圆与正多边形」，不要复制教材或试卷版式。 画清点、线、角、平行/垂直/相交/圆等关系；仅呈现题干给出的条件，不暗示未给结论。,仅根据当前原创题干重新绘制简洁数学示意图，不复制、还原或近似教材/试卷原图、版式、题序或受保护视觉布局。
hjb-junior-ds-v2-s3-339,queued,pending,,full,geometry-diagram,S3,九年级下册,圆与正多边形,candidates/hjb-junior-ds-v2-s3-339.png,已知⊙O的直径为10，点A在⊙O上，直线l经过点A且与半径OA垂直。求证：直线l是⊙O的切线。,为沪教版初中数学题 hjb-junior-ds-v2-s3-339 绘制原创题目插图，单元「圆与正多边形」，不要复制教材或试卷版式。 画清点、线、角、平行/垂直/相交/圆等关系；仅呈现题干给出的条件，不暗示未给结论。,仅根据当前原创题干重新绘制简洁数学示意图，不复制、还原或近似教材/试卷原图、版式、题序或受保护视觉布局。
hjb-junior-ds-v2-s3-340,queued,pending,,full,geometry-diagram,S3,九年级下册,圆与正多边形,candidates/hjb-junior-ds-v2-s3-340.png,已知两圆的半径分别为4 cm和6 cm，圆心距为d cm。若两圆恰有两条外公切线，则d的取值范围是（ ）,为沪教版初中数学题 hjb-junior-ds-v2-s3-340 绘制原创题目插图，单元「圆与正多边形」，不要复制教材或试卷版式。 画清点、线、角、平行/垂直/相交/圆等关系；仅呈现题干给出的条件，不暗示未给结论。,仅根据当前原创题干重新绘制简洁数学示意图，不复制、还原或近似教材/试卷原图、版式、题序或受保护视觉布局。
hjb-junior-ds-v2-s3-341,queued,pending,,full,geometry-diagram,S3,九年级下册,圆与正多边形,candidates/hjb-junior-ds-v2-s3-341.png,已知圆O的半径为5 cm，弦AB的长为8 cm。求圆心O到弦AB的距离。,为沪教版初中数学题 hjb-junior-ds-v2-s3-341 绘制原创题目插图，单元「圆与正多边形」，不要复制教材或试卷版式。 画清点、线、角、平行/垂直/相交/圆等关系；仅呈现题干给出的条件，不暗示未给结论。,仅根据当前原创题干重新绘制简洁数学示意图，不复制、还原或近似教材/试卷原图、版式、题序或受保护视觉布局。
hjb-junior-ds-v2-s3-342,queued,pending,,full,geometry-diagram,S3,九年级下册,圆与正多边形,candidates/hjb-junior-ds-v2-s3-342.png,已知圆O中，弦AB与弦CD相交于点P，且PA=3，PB=4，PC=2。求PD的长。,为沪教版初中数学题 hjb-junior-ds-v2-s3-342 绘制原创题目插图，单元「圆与正多边形」，不要复制教材或试卷版式。 画清点、线、角、平行/垂直/相交/圆等关系；仅呈现题干给出的条件，不暗示未给结论。,仅根据当前原创题干重新绘制简洁数学示意图，不复制、还原或近似教材/试卷原图、版式、题序或受保护视觉布局。
hjb-junior-ds-v2-s3-343,queued,pending,,full,geometry-diagram,S3,九年级下册,圆与正多边形,candidates/hjb-junior-ds-v2-s3-343.png,已知圆O的直径为10，点P到圆心O的距离为3。过点P的最短弦的长度是多少？,为沪教版初中数学题 hjb-junior-ds-v2-s3-343 绘制原创题目插图，单元「圆与正多边形」，不要复制教材或试卷版式。 画清点、线、角、平行/垂直/相交/圆等关系；仅呈现题干给出的条件，不暗示未给结论。,仅根据当前原创题干重新绘制简洁数学示意图，不复制、还原或近似教材/试卷原图、版式、题序或受保护视觉布局。
hjb-junior-ds-v2-s3-344,queued,pending,,full,geometry-diagram,S3,九年级下册,圆与正多边形,candidates/hjb-junior-ds-v2-s3-344.png,已知正六边形ABCDEF内接于半径为2的圆O。求正六边形的边心距。,为沪教版初中数学题 hjb-junior-ds-v2-s3-344 绘制原创题目插图，单元「圆与正多边形」，不要复制教材或试卷版式。 画清点、线、角、平行/垂直/相交/圆等关系；仅呈现题干给出的条件，不暗示未给结论。,仅根据当前原创题干重新绘制简洁数学示意图，不复制、还原或近似教材/试卷原图、版式、题序或受保护视觉布局。
hjb-junior-ds-v2-s3-345,queued,pending,,full,geometry-diagram,S3,九年级下册,圆与正多边形,candidates/hjb-junior-ds-v2-s3-345.png,已知圆O的半径为5，直线l与圆O相切于点A，点B在直线l上且AB=12。求OB的长。,为沪教版初中数学题 hjb-junior-ds-v2-s3-345 绘制原创题目插图，单元「圆与正多边形」，不要复制教材或试卷版式。 画清点、线、角、平行/垂直/相交/圆等关系；仅呈现题干给出的条件，不暗示未给结论。,仅根据当前原创题干重新绘制简洁数学示意图，不复制、还原或近似教材/试卷原图、版式、题序或受保护视觉布局。
hjb-junior-ds-v2-s3-346,queued,pending,,full,geometry-diagram,S3,九年级下册,圆与正多边形,candidates/hjb-junior-ds-v2-s3-346.png,已知圆O的半径为5，点P在圆O外，且OP=13。过点P作圆O的两条切线，切点分别为A和B。连接AB，则弦AB的长为（ ）。,为沪教版初中数学题 hjb-junior-ds-v2-s3-346 绘制原创题目插图，单元「圆与正多边形」，不要复制教材或试卷版式。 画清点、线、角、平行/垂直/相交/圆等关系；仅呈现题干给出的条件，不暗示未给结论。,仅根据当前原创题干重新绘制简洁数学示意图，不复制、还原或近似教材/试卷原图、版式、题序或受保护视觉布局。
hjb-junior-ds-v2-s3-347,queued,pending,,full,geometry-diagram,S3,九年级下册,圆与正多边形,candidates/hjb-junior-ds-v2-s3-347.png,已知⊙O的半径为5 cm，弦AB的长为8 cm，点C是弦AB的中点，连接OC并延长交⊙O于点D。求弦DE的长，其中E是OC与⊙O的交点（点E在O、C之间）。,为沪教版初中数学题 hjb-junior-ds-v2-s3-347 绘制原创题目插图，单元「圆与正多边形」，不要复制教材或试卷版式。 画清点、线、角、平行/垂直/相交/圆等关系；仅呈现题干给出的条件，不暗示未给结论。,仅根据当前原创题干重新绘制简洁数学示意图，不复制、还原或近似教材/试卷原图、版式、题序或受保护视觉布局。
hjb-junior-ds-v2-s3-348,queued,pending,,full,geometry-diagram,S3,九年级下册,圆与正多边形,candidates/hjb-junior-ds-v2-s3-348.png,已知⊙O1与⊙O2相交于点A、D，⊙O1的半径为3 cm，⊙O2的半径为4 cm，圆心距O1O2=5 cm。求证：AD是⊙O1和⊙O2的公切线。,为沪教版初中数学题 hjb-junior-ds-v2-s3-348 绘制原创题目插图，单元「圆与正多边形」，不要复制教材或试卷版式。 画清点、线、角、平行/垂直/相交/圆等关系；仅呈现题干给出的条件，不暗示未给结论。,仅根据当前原创题干重新绘制简洁数学示意图，不复制、还原或近似教材/试卷原图、版式、题序或受保护视觉布局。
hjb-junior-ds-v2-s3-349,queued,pending,,full,geometry-diagram,S3,九年级下册,圆与正多边形,candidates/hjb-junior-ds-v2-s3-349.png,已知⊙O的半径为5 cm，点P到圆心O的距离为3 cm。过点P作一条弦AB，使得OP⊥AB，垂足为P。则弦AB的长为（ ）,为沪教版初中数学题 hjb-junior-ds-v2-s3-349 绘制原创题目插图，单元「圆与正多边形」，不要复制教材或试卷版式。 画清点、线、角、平行/垂直/相交/圆等关系；仅呈现题干给出的条件，不暗示未给结论。,仅根据当前原创题干重新绘制简洁数学示意图，不复制、还原或近似教材/试卷原图、版式、题序或受保护视觉布局。
hjb-junior-ds-v2-s3-352,queued,pending,,full,geometry-diagram,S3,九年级下册,圆与正多边形,candidates/hjb-junior-ds-v2-s3-352.png,已知圆O1的半径为2 cm，圆O2的半径为4 cm，圆心距O1O2为7 cm。将圆O1固定，圆O2向圆O1方向平移，当两圆外切时，圆心距变为多少？,为沪教版初中数学题 hjb-junior-ds-v2-s3-352 绘制原创题目插图，单元「圆与正多边形」，不要复制教材或试卷版式。 画清点、线、角、平行/垂直/相交/圆等关系；仅呈现题干给出的条件，不暗示未给结论。,仅根据当前原创题干重新绘制简洁数学示意图，不复制、还原或近似教材/试卷原图、版式、题序或受保护视觉布局。
hjb-junior-ds-v2-s3-353,queued,pending,,full,geometry-diagram,S3,九年级下册,圆与正多边形,candidates/hjb-junior-ds-v2-s3-353.png,已知正六边形ABCDEF内接于半径为6 cm的圆O。则正六边形的边长为______cm。,为沪教版初中数学题 hjb-junior-ds-v2-s3-353 绘制原创题目插图，单元「圆与正多边形」，不要复制教材或试卷版式。 画清点、线、角、平行/垂直/相交/圆等关系；仅呈现题干给出的条件，不暗示未给结论。,仅根据当前原创题干重新绘制简洁数学示意图，不复制、还原或近似教材/试卷原图、版式、题序或受保护视觉布局。
hjb-junior-ds-v2-s3-354,queued,pending,,full,geometry-diagram,S3,九年级下册,圆与正多边形,candidates/hjb-junior-ds-v2-s3-354.png,在圆O中，弦AB与弦CD相交于点P，且P为AB的中点。已知AP=4 cm，CP=3 cm，PD=8 cm。求弦AB的长。,为沪教版初中数学题 hjb-junior-ds-v2-s3-354 绘制原创题目插图，单元「圆与正多边形」，不要复制教材或试卷版式。 画清点、线、角、平行/垂直/相交/圆等关系；仅呈现题干给出的条件，不暗示未给结论。,仅根据当前原创题干重新绘制简洁数学示意图，不复制、还原或近似教材/试卷原图、版式、题序或受保护视觉布局。
hjb-junior-ds-v2-s3-355,queued,pending,,full,geometry-diagram,S3,九年级下册,圆与正多边形,candidates/hjb-junior-ds-v2-s3-355.png,已知圆O的半径为5 cm，点P到圆心O的距离为13 cm。过点P作圆O的切线PA，A为切点，则切线长PA为（　）,为沪教版初中数学题 hjb-junior-ds-v2-s3-355 绘制原创题目插图，单元「圆与正多边形」，不要复制教材或试卷版式。 画清点、线、角、平行/垂直/相交/圆等关系；仅呈现题干给出的条件，不暗示未给结论。,仅根据当前原创题干重新绘制简洁数学示意图，不复制、还原或近似教材/试卷原图、版式、题序或受保护视觉布局。
hjb-junior-ds-v2-s3-357,queued,pending,,full,geometry-diagram,S3,九年级下册,圆与正多边形,candidates/hjb-junior-ds-v2-s3-357.png,已知圆O的半径为5 cm，弦AB=8 cm。求圆心O到弦AB的距离，并说明依据的定理。,为沪教版初中数学题 hjb-junior-ds-v2-s3-357 绘制原创题目插图，单元「圆与正多边形」，不要复制教材或试卷版式。 画清点、线、角、平行/垂直/相交/圆等关系；仅呈现题干给出的条件，不暗示未给结论。,仅根据当前原创题干重新绘制简洁数学示意图，不复制、还原或近似教材/试卷原图、版式、题序或受保护视觉布局。
hjb-junior-ds-v2-s3-358,queued,pending,,full,geometry-diagram,S3,九年级下册,圆与正多边形,candidates/hjb-junior-ds-v2-s3-358.png,已知⊙O的半径为5 cm，点P到圆心O的距离为3 cm。过点P作弦AB，使弦AB被点P平分。求弦AB的长度。,为沪教版初中数学题 hjb-junior-ds-v2-s3-358 绘制原创题目插图，单元「圆与正多边形」，不要复制教材或试卷版式。 画清点、线、角、平行/垂直/相交/圆等关系；仅呈现题干给出的条件，不暗示未给结论。,仅根据当前原创题干重新绘制简洁数学示意图，不复制、还原或近似教材/试卷原图、版式、题序或受保护视觉布局。
hjb-junior-ds-v2-s3-359,queued,pending,,full,geometry-diagram,S3,九年级下册,圆与正多边形,candidates/hjb-junior-ds-v2-s3-359.png,正六边形ABCDEF内接于半径为2的圆。求正六边形的边心距（中心到边的距离）。,为沪教版初中数学题 hjb-junior-ds-v2-s3-359 绘制原创题目插图，单元「圆与正多边形」，不要复制教材或试卷版式。 画清点、线、角、平行/垂直/相交/圆等关系；仅呈现题干给出的条件，不暗示未给结论。,仅根据当前原创题干重新绘制简洁数学示意图，不复制、还原或近似教材/试卷原图、版式、题序或受保护视觉布局。
hjb-junior-ds-v2-s3-360,queued,pending,,full,geometry-diagram,S3,九年级下册,圆与正多边形,candidates/hjb-junior-ds-v2-s3-360.png,在△ABC中，AB=AC=5，BC=6。以A为圆心作圆与BC相切于点D。求该圆的半径，并证明你的结论。,为沪教版初中数学题 hjb-junior-ds-v2-s3-360 绘制原创题目插图，单元「圆与正多边形」，不要复制教材或试卷版式。 画清点、线、角、平行/垂直/相交/圆等关系；仅呈现题干给出的条件，不暗示未给结论。,仅根据当前原创题干重新绘制简洁数学示意图，不复制、还原或近似教材/试卷原图、版式、题序或受保护视觉布局。
hjb-junior-ds-v2-s3-361,queued,pending,,full,geometry-diagram,S3,九年级下册,圆与正多边形,candidates/hjb-junior-ds-v2-s3-361.png,已知⊙O的半径为5 cm，弦AB的长为8 cm，则圆心O到弦AB的距离为（ ）,为沪教版初中数学题 hjb-junior-ds-v2-s3-361 绘制原创题目插图，单元「圆与正多边形」，不要复制教材或试卷版式。 画清点、线、角、平行/垂直/相交/圆等关系；仅呈现题干给出的条件，不暗示未给结论。,仅根据当前原创题干重新绘制简洁数学示意图，不复制、还原或近似教材/试卷原图、版式、题序或受保护视觉布局。
hjb-junior-ds-v2-s3-362,queued,pending,,full,geometry-diagram,S3,九年级下册,圆与正多边形,candidates/hjb-junior-ds-v2-s3-362.png,已知正六边形ABCDEF内接于⊙O，⊙O的半径为2 cm，则正六边形的边长为______cm。,为沪教版初中数学题 hjb-junior-ds-v2-s3-362 绘制原创题目插图，单元「圆与正多边形」，不要复制教材或试卷版式。 画清点、线、角、平行/垂直/相交/圆等关系；仅呈现题干给出的条件，不暗示未给结论。,仅根据当前原创题干重新绘制简洁数学示意图，不复制、还原或近似教材/试卷原图、版式、题序或受保护视觉布局。
hjb-junior-ds-v2-s3-363,queued,pending,,full,geometry-diagram,S3,九年级下册,圆与正多边形,candidates/hjb-junior-ds-v2-s3-363.png,已知⊙O的半径为5 cm，点P在直线l上，且OP=5 cm。试判断直线l与⊙O的位置关系，并说明理由。,为沪教版初中数学题 hjb-junior-ds-v2-s3-363 绘制原创题目插图，单元「圆与正多边形」，不要复制教材或试卷版式。 画清点、线、角、平行/垂直/相交/圆等关系；仅呈现题干给出的条件，不暗示未给结论。,仅根据当前原创题干重新绘制简洁数学示意图，不复制、还原或近似教材/试卷原图、版式、题序或受保护视觉布局。
hjb-junior-ds-v2-s3-364,queued,pending,,full,geometry-diagram,S3,九年级下册,圆与正多边形,candidates/hjb-junior-ds-v2-s3-364.png,已知两圆的半径分别为2 cm和4 cm，圆心距为d cm。若两圆内含，则d的取值范围是（ ）,为沪教版初中数学题 hjb-junior-ds-v2-s3-364 绘制原创题目插图，单元「圆与正多边形」，不要复制教材或试卷版式。 画清点、线、角、平行/垂直/相交/圆等关系；仅呈现题干给出的条件，不暗示未给结论。,仅根据当前原创题干重新绘制简洁数学示意图，不复制、还原或近似教材/试卷原图、版式、题序或受保护视觉布局。
hjb-junior-ds-v2-s3-365,queued,pending,,full,geometry-diagram,S3,九年级下册,圆与正多边形,candidates/hjb-junior-ds-v2-s3-365.png,已知⊙O中，弦AB与弦CD相交于点P，且AP=3 cm，PB=5 cm，CP=2 cm，则PD=______cm。,为沪教版初中数学题 hjb-junior-ds-v2-s3-365 绘制原创题目插图，单元「圆与正多边形」，不要复制教材或试卷版式。 画清点、线、角、平行/垂直/相交/圆等关系；仅呈现题干给出的条件，不暗示未给结论。,仅根据当前原创题干重新绘制简洁数学示意图，不复制、还原或近似教材/试卷原图、版式、题序或受保护视觉布局。
hjb-junior-ds-v2-s3-367,queued,pending,,full,geometry-diagram,S3,九年级下册,圆与正多边形,candidates/hjb-junior-ds-v2-s3-367.png,已知⊙O的半径为4 cm，圆心O到直线l的距离为d cm。若直线l与⊙O有两个公共点，则d的值可能是（ ）,为沪教版初中数学题 hjb-junior-ds-v2-s3-367 绘制原创题目插图，单元「圆与正多边形」，不要复制教材或试卷版式。 画清点、线、角、平行/垂直/相交/圆等关系；仅呈现题干给出的条件，不暗示未给结论。,仅根据当前原创题干重新绘制简洁数学示意图，不复制、还原或近似教材/试卷原图、版式、题序或受保护视觉布局。
hjb-junior-ds-v2-s3-368,queued,pending,,full,geometry-diagram,S3,九年级下册,圆与正多边形,candidates/hjb-junior-ds-v2-s3-368.png,在⊙O中，弦AB把圆周分成1:3的两段弧，则弦AB所对的圆心角的度数为______°。,为沪教版初中数学题 hjb-junior-ds-v2-s3-368 绘制原创题目插图，单元「圆与正多边形」，不要复制教材或试卷版式。 画清点、线、角、平行/垂直/相交/圆等关系；仅呈现题干给出的条件，不暗示未给结论。,仅根据当前原创题干重新绘制简洁数学示意图，不复制、还原或近似教材/试卷原图、版式、题序或受保护视觉布局。
hjb-junior-ds-v2-s3-369,queued,pending,,full,geometry-diagram,S3,九年级下册,圆与正多边形,candidates/hjb-junior-ds-v2-s3-369.png,已知正六边形ABCDEF内接于⊙O，若⊙O的半径为2 cm，求正六边形边心距的长。,为沪教版初中数学题 hjb-junior-ds-v2-s3-369 绘制原创题目插图，单元「圆与正多边形」，不要复制教材或试卷版式。 画清点、线、角、平行/垂直/相交/圆等关系；仅呈现题干给出的条件，不暗示未给结论。,仅根据当前原创题干重新绘制简洁数学示意图，不复制、还原或近似教材/试卷原图、版式、题序或受保护视觉布局。
hjb-junior-ds-v2-s3-370,queued,pending,,full,geometry-diagram,S3,九年级下册,圆与正多边形,candidates/hjb-junior-ds-v2-s3-370.png,已知⊙O的半径为5，点P在⊙O外，且OP=8，过点P作⊙O的切线，切点为T，则切线长PT为（ ）,为沪教版初中数学题 hjb-junior-ds-v2-s3-370 绘制原创题目插图，单元「圆与正多边形」，不要复制教材或试卷版式。 画清点、线、角、平行/垂直/相交/圆等关系；仅呈现题干给出的条件，不暗示未给结论。,仅根据当前原创题干重新绘制简洁数学示意图，不复制、还原或近似教材/试卷原图、版式、题序或受保护视觉布局。
hjb-junior-ds-v2-s3-371,queued,pending,,full,geometry-diagram,S3,九年级下册,圆与正多边形,candidates/hjb-junior-ds-v2-s3-371.png,在圆O中，弦AB与弦CD相等，且AB与CD相交于点E。若∠AEC=70°，求∠AOC的度数。,为沪教版初中数学题 hjb-junior-ds-v2-s3-371 绘制原创题目插图，单元「圆与正多边形」，不要复制教材或试卷版式。 画清点、线、角、平行/垂直/相交/圆等关系；仅呈现题干给出的条件，不暗示未给结论。,仅根据当前原创题干重新绘制简洁数学示意图，不复制、还原或近似教材/试卷原图、版式、题序或受保护视觉布局。
hjb-junior-ds-v2-s3-372,queued,pending,,full,geometry-diagram,S3,九年级下册,圆与正多边形,candidates/hjb-junior-ds-v2-s3-372.png,已知⊙O的半径为5 cm，点P在⊙O外，且OP=13 cm。过点P作⊙O的切线PA，A为切点。再过点P作割线PBC，交⊙O于B、C两点，且PB=BC。求线段BC的长。,为沪教版初中数学题 hjb-junior-ds-v2-s3-372 绘制原创题目插图，单元「圆与正多边形」，不要复制教材或试卷版式。 画清点、线、角、平行/垂直/相交/圆等关系；仅呈现题干给出的条件，不暗示未给结论。,仅根据当前原创题干重新绘制简洁数学示意图，不复制、还原或近似教材/试卷原图、版式、题序或受保护视觉布局。
hjb-junior-ds-v2-s3-373,queued,pending,,full,geometry-diagram,S3,九年级下册,圆与正多边形,candidates/hjb-junior-ds-v2-s3-373.png,下列条件中，能唯一确定一个圆的是（ ）,为沪教版初中数学题 hjb-junior-ds-v2-s3-373 绘制原创题目插图，单元「圆与正多边形」，不要复制教材或试卷版式。 画清点、线、角、平行/垂直/相交/圆等关系；仅呈现题干给出的条件，不暗示未给结论。,仅根据当前原创题干重新绘制简洁数学示意图，不复制、还原或近似教材/试卷原图、版式、题序或受保护视觉布局。
hjb-junior-ds-v2-s3-374,queued,pending,,full,geometry-diagram,S3,九年级下册,圆与正多边形,candidates/hjb-junior-ds-v2-s3-374.png,正六边形ABCDEF内接于圆O，若圆O的半径为4 cm，则正六边形的边心距为______cm。,为沪教版初中数学题 hjb-junior-ds-v2-s3-374 绘制原创题目插图，单元「圆与正多边形」，不要复制教材或试卷版式。 画清点、线、角、平行/垂直/相交/圆等关系；仅呈现题干给出的条件，不暗示未给结论。,仅根据当前原创题干重新绘制简洁数学示意图，不复制、还原或近似教材/试卷原图、版式、题序或受保护视觉布局。
hjb-junior-ds-v2-s3-375,queued,pending,,full,geometry-diagram,S3,九年级下册,圆与正多边形,candidates/hjb-junior-ds-v2-s3-375.png,已知圆O1与圆O2的半径分别为3 cm和5 cm，圆心距O1O2=8 cm。判断两圆的位置关系，并说明理由。,为沪教版初中数学题 hjb-junior-ds-v2-s3-375 绘制原创题目插图，单元「圆与正多边形」，不要复制教材或试卷版式。 画清点、线、角、平行/垂直/相交/圆等关系；仅呈现题干给出的条件，不暗示未给结论。,仅根据当前原创题干重新绘制简洁数学示意图，不复制、还原或近似教材/试卷原图、版式、题序或受保护视觉布局。
hjb-junior-ds-v2-s3-377,queued,pending,,full,geometry-diagram,S3,九年级下册,圆与正多边形,candidates/hjb-junior-ds-v2-s3-377.png,在圆O中，弦AB与弦CD相交于点P，且P为AB的中点。已知∠APC=60°，OP=3，圆O的半径为5。求弦AB的长。,为沪教版初中数学题 hjb-junior-ds-v2-s3-377 绘制原创题目插图，单元「圆与正多边形」，不要复制教材或试卷版式。 画清点、线、角、平行/垂直/相交/圆等关系；仅呈现题干给出的条件，不暗示未给结论。,仅根据当前原创题干重新绘制简洁数学示意图，不复制、还原或近似教材/试卷原图、版式、题序或受保护视觉布局。
hjb-junior-ds-v2-s3-378,queued,pending,,full,geometry-diagram,S3,九年级下册,圆与正多边形,candidates/hjb-junior-ds-v2-s3-378.png,已知⊙O的半径为5，点A在⊙O上，点B在⊙O外，且AB与⊙O相切于点A。过点B作⊙O的另一条切线，切点为C（点C与点A不重合），连接AC。若AB=12，则弦AC的长为（ ）,为沪教版初中数学题 hjb-junior-ds-v2-s3-378 绘制原创题目插图，单元「圆与正多边形」，不要复制教材或试卷版式。 画清点、线、角、平行/垂直/相交/圆等关系；仅呈现题干给出的条件，不暗示未给结论。,仅根据当前原创题干重新绘制简洁数学示意图，不复制、还原或近似教材/试卷原图、版式、题序或受保护视觉布局。
hjb-junior-ds-v2-s3-379,queued,pending,,full,geometry-diagram,S3,九年级下册,圆与正多边形,candidates/hjb-junior-ds-v2-s3-379.png,已知⊙O的半径为5 cm，弦AB的长为8 cm，点C在⊙O上，且∠ACB=30°。求圆心O到弦AB的距离。,为沪教版初中数学题 hjb-junior-ds-v2-s3-379 绘制原创题目插图，单元「圆与正多边形」，不要复制教材或试卷版式。 画清点、线、角、平行/垂直/相交/圆等关系；仅呈现题干给出的条件，不暗示未给结论。,仅根据当前原创题干重新绘制简洁数学示意图，不复制、还原或近似教材/试卷原图、版式、题序或受保护视觉布局。
hjb-junior-ds-v2-s3-380,queued,pending,,full,geometry-diagram,S3,九年级下册,圆与正多边形,candidates/hjb-junior-ds-v2-s3-380.png,已知圆O的半径为5，点P在圆O外，且OP=13。过点P作圆O的切线PA，切点为A，连接OA。则切线长PA等于多少？,为沪教版初中数学题 hjb-junior-ds-v2-s3-380 绘制原创题目插图，单元「圆与正多边形」，不要复制教材或试卷版式。 画清点、线、角、平行/垂直/相交/圆等关系；仅呈现题干给出的条件，不暗示未给结论。,仅根据当前原创题干重新绘制简洁数学示意图，不复制、还原或近似教材/试卷原图、版式、题序或受保护视觉布局。
hjb-junior-ds-v2-s3-381,queued,pending,,full,geometry-diagram,S3,九年级下册,圆与正多边形,candidates/hjb-junior-ds-v2-s3-381.png,在半径为10 cm的⊙O中，弦CD的长为16 cm。求圆心O到弦CD的距离。,为沪教版初中数学题 hjb-junior-ds-v2-s3-381 绘制原创题目插图，单元「圆与正多边形」，不要复制教材或试卷版式。 画清点、线、角、平行/垂直/相交/圆等关系；仅呈现题干给出的条件，不暗示未给结论。,仅根据当前原创题干重新绘制简洁数学示意图，不复制、还原或近似教材/试卷原图、版式、题序或受保护视觉布局。
hjb-junior-ds-v2-s3-382,queued,pending,,full,geometry-diagram,S3,九年级下册,圆与正多边形,candidates/hjb-junior-ds-v2-s3-382.png,已知⊙A的半径为2 cm，⊙B的半径为4 cm，圆心距AB为d cm。若两圆内含，则d的取值范围是（ ）。,为沪教版初中数学题 hjb-junior-ds-v2-s3-382 绘制原创题目插图，单元「圆与正多边形」，不要复制教材或试卷版式。 画清点、线、角、平行/垂直/相交/圆等关系；仅呈现题干给出的条件，不暗示未给结论。,仅根据当前原创题干重新绘制简洁数学示意图，不复制、还原或近似教材/试卷原图、版式、题序或受保护视觉布局。
hjb-junior-ds-v2-s3-383,queued,pending,,full,geometry-diagram,S3,九年级下册,圆与正多边形,candidates/hjb-junior-ds-v2-s3-383.png,在⊙O中，弦EF的长等于半径，E、F在圆上。求弦EF所对的圆心角的度数。,为沪教版初中数学题 hjb-junior-ds-v2-s3-383 绘制原创题目插图，单元「圆与正多边形」，不要复制教材或试卷版式。 画清点、线、角、平行/垂直/相交/圆等关系；仅呈现题干给出的条件，不暗示未给结论。,仅根据当前原创题干重新绘制简洁数学示意图，不复制、还原或近似教材/试卷原图、版式、题序或受保护视觉布局。
hjb-junior-ds-v2-s3-384,queued,pending,,full,geometry-diagram,S3,九年级下册,圆与正多边形,candidates/hjb-junior-ds-v2-s3-384.png,已知点P在⊙O外，OP=13 cm，⊙O的半径为5 cm。过点P作⊙O的切线，切点为T，则切线长PT为（ ）。,为沪教版初中数学题 hjb-junior-ds-v2-s3-384 绘制原创题目插图，单元「圆与正多边形」，不要复制教材或试卷版式。 画清点、线、角、平行/垂直/相交/圆等关系；仅呈现题干给出的条件，不暗示未给结论。,仅根据当前原创题干重新绘制简洁数学示意图，不复制、还原或近似教材/试卷原图、版式、题序或受保护视觉布局。
hjb-junior-ds-v2-s3-385,queued,pending,,full,geometry-diagram,S3,九年级下册,圆与正多边形,candidates/hjb-junior-ds-v2-s3-385.png,正六边形ABCDEF内接于⊙O，⊙O的半径为6 cm。求正六边形的边长。,为沪教版初中数学题 hjb-junior-ds-v2-s3-385 绘制原创题目插图，单元「圆与正多边形」，不要复制教材或试卷版式。 画清点、线、角、平行/垂直/相交/圆等关系；仅呈现题干给出的条件，不暗示未给结论。,仅根据当前原创题干重新绘制简洁数学示意图，不复制、还原或近似教材/试卷原图、版式、题序或受保护视觉布局。
hjb-junior-ds-v2-s3-386,queued,pending,,full,geometry-diagram,S3,九年级下册,圆与正多边形,candidates/hjb-junior-ds-v2-s3-386.png,在⊙O中，半径为5 cm，弦AB长6 cm。求圆心O到弦AB的距离。,为沪教版初中数学题 hjb-junior-ds-v2-s3-386 绘制原创题目插图，单元「圆与正多边形」，不要复制教材或试卷版式。 画清点、线、角、平行/垂直/相交/圆等关系；仅呈现题干给出的条件，不暗示未给结论。,仅根据当前原创题干重新绘制简洁数学示意图，不复制、还原或近似教材/试卷原图、版式、题序或受保护视觉布局。
hjb-junior-ds-v2-s3-387,queued,pending,,full,geometry-diagram,S3,九年级下册,圆与正多边形,candidates/hjb-junior-ds-v2-s3-387.png,已知⊙O的半径为5，弦AB=8，弦CD=6，且AB∥CD，AB与CD之间的距离为7。则圆心O到AB的距离为______。,为沪教版初中数学题 hjb-junior-ds-v2-s3-387 绘制原创题目插图，单元「圆与正多边形」，不要复制教材或试卷版式。 画清点、线、角、平行/垂直/相交/圆等关系；仅呈现题干给出的条件，不暗示未给结论。,仅根据当前原创题干重新绘制简洁数学示意图，不复制、还原或近似教材/试卷原图、版式、题序或受保护视觉布局。
hjb-junior-ds-v2-s3-388,queued,pending,,full,geometry-diagram,S3,九年级下册,圆与正多边形,candidates/hjb-junior-ds-v2-s3-388.png,已知⊙O的半径为10，点A在⊙O上，点P在射线OA上，且OP=26。过点P作⊙O的切线PT，切点为T，连接OT。则PT的长为（ ）,为沪教版初中数学题 hjb-junior-ds-v2-s3-388 绘制原创题目插图，单元「圆与正多边形」，不要复制教材或试卷版式。 画清点、线、角、平行/垂直/相交/圆等关系；仅呈现题干给出的条件，不暗示未给结论。,仅根据当前原创题干重新绘制简洁数学示意图，不复制、还原或近似教材/试卷原图、版式、题序或受保护视觉布局。
hjb-junior-ds-v2-s3-389,queued,pending,,full,geometry-diagram,S3,九年级下册,圆与正多边形,candidates/hjb-junior-ds-v2-s3-389.png,已知正六边形ABCDEF内接于⊙O，⊙O的半径为2。则正六边形ABCDEF的边长为______。,为沪教版初中数学题 hjb-junior-ds-v2-s3-389 绘制原创题目插图，单元「圆与正多边形」，不要复制教材或试卷版式。 画清点、线、角、平行/垂直/相交/圆等关系；仅呈现题干给出的条件，不暗示未给结论。,仅根据当前原创题干重新绘制简洁数学示意图，不复制、还原或近似教材/试卷原图、版式、题序或受保护视觉布局。
hjb-junior-ds-v2-s3-390,queued,pending,,full,geometry-diagram,S3,九年级下册,圆与正多边形,candidates/hjb-junior-ds-v2-s3-390.png,已知⊙O₁与⊙O₂的半径分别为3和5，圆心距O₁O₂=8。则两圆的位置关系是（ ）,为沪教版初中数学题 hjb-junior-ds-v2-s3-390 绘制原创题目插图，单元「圆与正多边形」，不要复制教材或试卷版式。 画清点、线、角、平行/垂直/相交/圆等关系；仅呈现题干给出的条件，不暗示未给结论。,仅根据当前原创题干重新绘制简洁数学示意图，不复制、还原或近似教材/试卷原图、版式、题序或受保护视觉布局。
hjb-junior-ds-v2-s3-391,queued,pending,,full,geometry-diagram,S3,九年级下册,圆与正多边形,candidates/hjb-junior-ds-v2-s3-391.png,在⊙O中，弦AB与弦CD相交于点E，且AE=3，EB=5，CE=2。求ED的长度。,为沪教版初中数学题 hjb-junior-ds-v2-s3-391 绘制原创题目插图，单元「圆与正多边形」，不要复制教材或试卷版式。 画清点、线、角、平行/垂直/相交/圆等关系；仅呈现题干给出的条件，不暗示未给结论。,仅根据当前原创题干重新绘制简洁数学示意图，不复制、还原或近似教材/试卷原图、版式、题序或受保护视觉布局。
hjb-junior-ds-v2-s3-392,queued,pending,,full,geometry-diagram,S3,九年级下册,圆与正多边形,candidates/hjb-junior-ds-v2-s3-392.png,已知⊙O的半径为5，点P到圆心O的距离为8。过点P作⊙O的切线，切点为T，则切线长PT为（　）,为沪教版初中数学题 hjb-junior-ds-v2-s3-392 绘制原创题目插图，单元「圆与正多边形」，不要复制教材或试卷版式。 画清点、线、角、平行/垂直/相交/圆等关系；仅呈现题干给出的条件，不暗示未给结论。,仅根据当前原创题干重新绘制简洁数学示意图，不复制、还原或近似教材/试卷原图、版式、题序或受保护视觉布局。
hjb-junior-ds-v2-s3-393,queued,pending,,full,geometry-diagram,S3,九年级下册,圆与正多边形,candidates/hjb-junior-ds-v2-s3-393.png,正八边形ABCDEFGH内接于⊙O，若⊙O的半径为4，则正八边形的边长是______。（结果保留根号）,为沪教版初中数学题 hjb-junior-ds-v2-s3-393 绘制原创题目插图，单元「圆与正多边形」，不要复制教材或试卷版式。 画清点、线、角、平行/垂直/相交/圆等关系；仅呈现题干给出的条件，不暗示未给结论。,仅根据当前原创题干重新绘制简洁数学示意图，不复制、还原或近似教材/试卷原图、版式、题序或受保护视觉布局。
hjb-junior-ds-v2-s3-394,queued,pending,,full,geometry-diagram,S3,九年级下册,圆与正多边形,candidates/hjb-junior-ds-v2-s3-394.png,已知⊙A的半径为2，⊙B的半径为4，圆心距AB=5。则两圆的位置关系是（　）,为沪教版初中数学题 hjb-junior-ds-v2-s3-394 绘制原创题目插图，单元「圆与正多边形」，不要复制教材或试卷版式。 画清点、线、角、平行/垂直/相交/圆等关系；仅呈现题干给出的条件，不暗示未给结论。,仅根据当前原创题干重新绘制简洁数学示意图，不复制、还原或近似教材/试卷原图、版式、题序或受保护视觉布局。
hjb-junior-ds-v2-s3-395,queued,pending,,full,geometry-diagram,S3,九年级下册,圆与正多边形,candidates/hjb-junior-ds-v2-s3-395.png,在⊙O中，弦AB的长为8，圆心O到弦AB的距离为3，则⊙O的半径为______。,为沪教版初中数学题 hjb-junior-ds-v2-s3-395 绘制原创题目插图，单元「圆与正多边形」，不要复制教材或试卷版式。 画清点、线、角、平行/垂直/相交/圆等关系；仅呈现题干给出的条件，不暗示未给结论。,仅根据当前原创题干重新绘制简洁数学示意图，不复制、还原或近似教材/试卷原图、版式、题序或受保护视觉布局。
hjb-junior-ds-v2-s3-396,queued,pending,,full,geometry-diagram,S3,九年级下册,圆与正多边形,candidates/hjb-junior-ds-v2-s3-396.png,已知⊙O的半径为10 cm，点P在⊙O外，且OP=26 cm。过点P作⊙O的切线PT，切点为T，则切线长PT为多少？,为沪教版初中数学题 hjb-junior-ds-v2-s3-396 绘制原创题目插图，单元「圆与正多边形」，不要复制教材或试卷版式。 画清点、线、角、平行/垂直/相交/圆等关系；仅呈现题干给出的条件，不暗示未给结论。,仅根据当前原创题干重新绘制简洁数学示意图，不复制、还原或近似教材/试卷原图、版式、题序或受保护视觉布局。
hjb-junior-ds-v2-s3-397,queued,pending,,full,geometry-diagram,S3,九年级下册,圆与正多边形,candidates/hjb-junior-ds-v2-s3-397.png,已知⊙O的半径为10 cm，弦CD的长为16 cm，则圆心O到弦CD的距离为______ cm。,为沪教版初中数学题 hjb-junior-ds-v2-s3-397 绘制原创题目插图，单元「圆与正多边形」，不要复制教材或试卷版式。 画清点、线、角、平行/垂直/相交/圆等关系；仅呈现题干给出的条件，不暗示未给结论。,仅根据当前原创题干重新绘制简洁数学示意图，不复制、还原或近似教材/试卷原图、版式、题序或受保护视觉布局。
hjb-junior-ds-v2-s3-398,queued,pending,,full,geometry-diagram,S3,九年级下册,圆与正多边形,candidates/hjb-junior-ds-v2-s3-398.png,已知⊙O的半径为10 cm，点P在⊙O外，且OP=26 cm。过点P作⊙O的切线，切点为T，则切线PT的长为（ ）,为沪教版初中数学题 hjb-junior-ds-v2-s3-398 绘制原创题目插图，单元「圆与正多边形」，不要复制教材或试卷版式。 画清点、线、角、平行/垂直/相交/圆等关系；仅呈现题干给出的条件，不暗示未给结论。,仅根据当前原创题干重新绘制简洁数学示意图，不复制、还原或近似教材/试卷原图、版式、题序或受保护视觉布局。
hjb-junior-ds-v2-s3-399,queued,pending,,full,geometry-diagram,S3,九年级下册,圆与正多边形,candidates/hjb-junior-ds-v2-s3-399.png,已知⊙O的半径为10 cm，点P在⊙O外，且OP = 26 cm。过点P作⊙O的切线PA，切点为A，则切线长PA = ______ cm。,为沪教版初中数学题 hjb-junior-ds-v2-s3-399 绘制原创题目插图，单元「圆与正多边形」，不要复制教材或试卷版式。 画清点、线、角、平行/垂直/相交/圆等关系；仅呈现题干给出的条件，不暗示未给结论。,仅根据当前原创题干重新绘制简洁数学示意图，不复制、还原或近似教材/试卷原图、版式、题序或受保护视觉布局。
hjb-junior-ds-v2-s3-400,queued,pending,,full,geometry-diagram,S3,九年级下册,圆与正多边形,candidates/hjb-junior-ds-v2-s3-400.png,已知⊙O的半径为10 cm，点P在⊙O外，OP=26 cm。过点P作⊙O的切线PT，切点为T，则切线长PT为（ ）,为沪教版初中数学题 hjb-junior-ds-v2-s3-400 绘制原创题目插图，单元「圆与正多边形」，不要复制教材或试卷版式。 画清点、线、角、平行/垂直/相交/圆等关系；仅呈现题干给出的条件，不暗示未给结论。,仅根据当前原创题干重新绘制简洁数学示意图，不复制、还原或近似教材/试卷原图、版式、题序或受保护视觉布局。
hjb-junior-ds-v2-s1-201,queued,pending,,pilot,coordinate-grid,S1,七年级上册,图形的运动,candidates/hjb-junior-ds-v2-s1-201.png,"在平面直角坐标系中，点A的坐标是(3, -2)。将点A先向右平移4个单位，再向下平移1个单位，得到点A'。请写出点A'的坐标。",为沪教版初中数学题 hjb-junior-ds-v2-s1-201 绘制原创题目插图，单元「图形的运动」，不要复制教材或试卷版式。 绘制简洁坐标网格、坐标轴、关键点和变换箭头；坐标标签必须与题干一致。,仅根据当前原创题干重新绘制简洁数学示意图，不复制、还原或近似教材/试卷原图、版式、题序或受保护视觉布局。
hjb-junior-ds-v2-s1-204,queued,pending,,pilot,coordinate-grid,S1,七年级上册,图形的运动,candidates/hjb-junior-ds-v2-s1-204.png,"在平面直角坐标系中，△ABC的三个顶点坐标分别是A(1,2)、B(3,2)、C(2,4)。将△ABC沿x轴方向向左平移3个单位，得到△A'B'C'。请写出平移后点B'的坐标，并说明平移前后三角形的面积是否变化。",为沪教版初中数学题 hjb-junior-ds-v2-s1-204 绘制原创题目插图，单元「图形的运动」，不要复制教材或试卷版式。 绘制简洁坐标网格、坐标轴、关键点和变换箭头；坐标标签必须与题干一致。,仅根据当前原创题干重新绘制简洁数学示意图，不复制、还原或近似教材/试卷原图、版式、题序或受保护视觉布局。
hjb-junior-ds-v2-s1-206,queued,pending,,pilot,coordinate-grid,S1,七年级上册,图形的运动,candidates/hjb-junior-ds-v2-s1-206.png,"在平面直角坐标系中，三角形ABC的三个顶点坐标分别为A(2, 3)、B(5, 3)、C(4, 6)。将三角形ABC先向右平移4个单位，再向下平移2个单位，得到三角形A'B'C'。则点A'的坐标为______。",为沪教版初中数学题 hjb-junior-ds-v2-s1-206 绘制原创题目插图，单元「图形的运动」，不要复制教材或试卷版式。 绘制简洁坐标网格、坐标轴、关键点和变换箭头；坐标标签必须与题干一致。,仅根据当前原创题干重新绘制简洁数学示意图，不复制、还原或近似教材/试卷原图、版式、题序或受保护视觉布局。
hjb-junior-ds-v2-s1-210,queued,pending,,pilot,coordinate-grid,S1,七年级上册,图形的运动,candidates/hjb-junior-ds-v2-s1-210.png,"在平面直角坐标系中，点P(3, -2)关于x轴对称的点为Q，点Q关于y轴对称的点为R。请写出点R的坐标，并说明点P与点R的位置关系。",为沪教版初中数学题 hjb-junior-ds-v2-s1-210 绘制原创题目插图，单元「图形的运动」，不要复制教材或试卷版式。 绘制简洁坐标网格、坐标轴、关键点和变换箭头；坐标标签必须与题干一致。,仅根据当前原创题干重新绘制简洁数学示意图，不复制、还原或近似教材/试卷原图、版式、题序或受保护视觉布局。
hjb-junior-ds-v2-s1-211,queued,pending,,pilot,coordinate-grid,S1,七年级上册,图形的运动,candidates/hjb-junior-ds-v2-s1-211.png,"在平面直角坐标系中，点A的坐标为(2, 3)。将点A先向右平移4个单位，再向下平移1个单位，得到点A'。点A'的坐标是（ ）。",为沪教版初中数学题 hjb-junior-ds-v2-s1-211 绘制原创题目插图，单元「图形的运动」，不要复制教材或试卷版式。 绘制简洁坐标网格、坐标轴、关键点和变换箭头；坐标标签必须与题干一致。,仅根据当前原创题干重新绘制简洁数学示意图，不复制、还原或近似教材/试卷原图、版式、题序或受保护视觉布局。
hjb-junior-ds-v2-s1-213,queued,pending,,pilot,coordinate-grid,S1,七年级上册,图形的运动,candidates/hjb-junior-ds-v2-s1-213.png,"在平面直角坐标系中，三角形ABC的顶点坐标分别为A(1,2)，B(3,2)，C(2,4)。将三角形ABC沿y轴翻折，写出翻折后点B的对应点B'的坐标。",为沪教版初中数学题 hjb-junior-ds-v2-s1-213 绘制原创题目插图，单元「图形的运动」，不要复制教材或试卷版式。 绘制简洁坐标网格、坐标轴、关键点和变换箭头；坐标标签必须与题干一致。,仅根据当前原创题干重新绘制简洁数学示意图，不复制、还原或近似教材/试卷原图、版式、题序或受保护视觉布局。
hjb-junior-ds-v2-s1-214,queued,pending,,full,coordinate-grid,S1,七年级上册,图形的运动,candidates/hjb-junior-ds-v2-s1-214.png,"在平面直角坐标系中，点P的坐标为(-1, 4)。将点P绕原点顺时针旋转90°，得到点P'。点P'的坐标是（ ）。",为沪教版初中数学题 hjb-junior-ds-v2-s1-214 绘制原创题目插图，单元「图形的运动」，不要复制教材或试卷版式。 绘制简洁坐标网格、坐标轴、关键点和变换箭头；坐标标签必须与题干一致。,仅根据当前原创题干重新绘制简洁数学示意图，不复制、还原或近似教材/试卷原图、版式、题序或受保护视觉布局。
hjb-junior-ds-v2-s1-216,queued,pending,,full,coordinate-grid,S1,七年级上册,图形的运动,candidates/hjb-junior-ds-v2-s1-216.png,"在平面直角坐标系中，三角形ABC的顶点坐标分别为A(1,2)，B(3,5)，C(4,1)。将三角形ABC先向右平移3个单位，再向下平移2个单位，得到三角形A'B'C'。请写出点A'的坐标，并说明平移前后对应线段AB与A'B'的长度是否相等，为什么？",为沪教版初中数学题 hjb-junior-ds-v2-s1-216 绘制原创题目插图，单元「图形的运动」，不要复制教材或试卷版式。 绘制简洁坐标网格、坐标轴、关键点和变换箭头；坐标标签必须与题干一致。,仅根据当前原创题干重新绘制简洁数学示意图，不复制、还原或近似教材/试卷原图、版式、题序或受保护视觉布局。
hjb-junior-ds-v2-s1-219,queued,pending,,full,coordinate-grid,S1,七年级上册,图形的运动,candidates/hjb-junior-ds-v2-s1-219.png,"在平面直角坐标系中，点P的坐标为(4,-3)。点P关于y轴的对称点P'的坐标是什么？请写出坐标，并说明对称轴是哪条直线。",为沪教版初中数学题 hjb-junior-ds-v2-s1-219 绘制原创题目插图，单元「图形的运动」，不要复制教材或试卷版式。 绘制简洁坐标网格、坐标轴、关键点和变换箭头；坐标标签必须与题干一致。,仅根据当前原创题干重新绘制简洁数学示意图，不复制、还原或近似教材/试卷原图、版式、题序或受保护视觉布局。
hjb-junior-ds-v2-s1-223,queued,pending,,full,coordinate-grid,S1,七年级上册,图形的运动,candidates/hjb-junior-ds-v2-s1-223.png,"在平面直角坐标系中，三角形ABC的三个顶点坐标分别为A(1, 2)、B(3, 4)、C(2, 5)。将三角形ABC沿x轴正方向平移3个单位，再沿y轴负方向平移2个单位，得到三角形A'B'C'。下列选项中，哪个是点A'的坐标？",为沪教版初中数学题 hjb-junior-ds-v2-s1-223 绘制原创题目插图，单元「图形的运动」，不要复制教材或试卷版式。 绘制简洁坐标网格、坐标轴、关键点和变换箭头；坐标标签必须与题干一致。,仅根据当前原创题干重新绘制简洁数学示意图，不复制、还原或近似教材/试卷原图、版式、题序或受保护视觉布局。
hjb-junior-ds-v2-s1-225,queued,pending,,full,coordinate-grid,S1,七年级上册,图形的运动,candidates/hjb-junior-ds-v2-s1-225.png,"已知点P的坐标是(-3, 5)，点Q与点P关于y轴对称。请写出点Q的坐标，并说明关于y轴对称的点的坐标特征。",为沪教版初中数学题 hjb-junior-ds-v2-s1-225 绘制原创题目插图，单元「图形的运动」，不要复制教材或试卷版式。 绘制简洁坐标网格、坐标轴、关键点和变换箭头；坐标标签必须与题干一致。,仅根据当前原创题干重新绘制简洁数学示意图，不复制、还原或近似教材/试卷原图、版式、题序或受保护视觉布局。
hjb-junior-ds-v2-s1-226,queued,pending,,full,coordinate-grid,S1,七年级上册,图形的运动,candidates/hjb-junior-ds-v2-s1-226.png,"在平面直角坐标系中，三角形ABC的顶点坐标分别为A(2, 1)，B(5, 1)，C(3, 4)。将三角形ABC先向右平移3个单位，再向下平移2个单位，得到三角形A'B'C'。下列说法正确的是：",为沪教版初中数学题 hjb-junior-ds-v2-s1-226 绘制原创题目插图，单元「图形的运动」，不要复制教材或试卷版式。 绘制简洁坐标网格、坐标轴、关键点和变换箭头；坐标标签必须与题干一致。,仅根据当前原创题干重新绘制简洁数学示意图，不复制、还原或近似教材/试卷原图、版式、题序或受保护视觉布局。
hjb-junior-ds-v2-s1-227,queued,pending,,full,coordinate-grid,S1,七年级上册,图形的运动,candidates/hjb-junior-ds-v2-s1-227.png,"在平面直角坐标系中，点P的坐标为(-3, 4)。将点P绕原点顺时针旋转90°，得到点Q，则点Q的坐标为______。",为沪教版初中数学题 hjb-junior-ds-v2-s1-227 绘制原创题目插图，单元「图形的运动」，不要复制教材或试卷版式。 绘制简洁坐标网格、坐标轴、关键点和变换箭头；坐标标签必须与题干一致。,仅根据当前原创题干重新绘制简洁数学示意图，不复制、还原或近似教材/试卷原图、版式、题序或受保护视觉布局。
hjb-junior-ds-v2-s1-228,queued,pending,,full,coordinate-grid,S1,七年级上册,图形的运动,candidates/hjb-junior-ds-v2-s1-228.png,"在平面直角坐标系中，四边形ABCD的顶点坐标分别为A(1, 2)，B(4, 2)，C(5, 5)，D(2, 5)。将四边形ABCD沿x轴翻折，得到四边形A'B'C'D'。请写出翻折后点C'的坐标，并说明翻折前后对应线段长度是否相等。",为沪教版初中数学题 hjb-junior-ds-v2-s1-228 绘制原创题目插图，单元「图形的运动」，不要复制教材或试卷版式。 绘制简洁坐标网格、坐标轴、关键点和变换箭头；坐标标签必须与题干一致。,仅根据当前原创题干重新绘制简洁数学示意图，不复制、还原或近似教材/试卷原图、版式、题序或受保护视觉布局。
hjb-junior-ds-v2-s1-230,queued,pending,,full,coordinate-grid,S1,七年级上册,图形的运动,candidates/hjb-junior-ds-v2-s1-230.png,"在平面直角坐标系中，线段AB的端点坐标分别为A(2, 3)，B(6, 3)。将线段AB绕点A逆时针旋转90°，得到线段AC，则点C的坐标为______。",为沪教版初中数学题 hjb-junior-ds-v2-s1-230 绘制原创题目插图，单元「图形的运动」，不要复制教材或试卷版式。 绘制简洁坐标网格、坐标轴、关键点和变换箭头；坐标标签必须与题干一致。,仅根据当前原创题干重新绘制简洁数学示意图，不复制、还原或近似教材/试卷原图、版式、题序或受保护视觉布局。
hjb-junior-ds-v2-s1-231,queued,pending,,full,coordinate-grid,S1,七年级上册,图形的运动,candidates/hjb-junior-ds-v2-s1-231.png,"在平面直角坐标系中，点A的坐标为(2, -3)。将点A先向右平移5个单位，再向上平移4个单位，得到点B。请写出点B的坐标。",为沪教版初中数学题 hjb-junior-ds-v2-s1-231 绘制原创题目插图，单元「图形的运动」，不要复制教材或试卷版式。 绘制简洁坐标网格、坐标轴、关键点和变换箭头；坐标标签必须与题干一致。,仅根据当前原创题干重新绘制简洁数学示意图，不复制、还原或近似教材/试卷原图、版式、题序或受保护视觉布局。
hjb-junior-ds-v2-s1-234,queued,pending,,full,coordinate-grid,S1,七年级上册,图形的运动,candidates/hjb-junior-ds-v2-s1-234.png,"在平面直角坐标系中，三角形ABC的三个顶点坐标分别为A(1, 2)，B(4, 2)，C(3, 5)。将三角形ABC沿x轴翻折，得到三角形A'B'C'，其中点A、B、C的对应点分别为A'、B'、C'。请写出点C'的坐标，并说明翻折后线段AB与线段A'B'的长度关系。",为沪教版初中数学题 hjb-junior-ds-v2-s1-234 绘制原创题目插图，单元「图形的运动」，不要复制教材或试卷版式。 绘制简洁坐标网格、坐标轴、关键点和变换箭头；坐标标签必须与题干一致。,仅根据当前原创题干重新绘制简洁数学示意图，不复制、还原或近似教材/试卷原图、版式、题序或受保护视觉布局。
hjb-junior-ds-v2-s1-236,queued,pending,,full,coordinate-grid,S1,七年级上册,图形的运动,candidates/hjb-junior-ds-v2-s1-236.png,"在平面直角坐标系中，点A的坐标是(3, -2)。先将点A向右平移4个单位，再向下平移1个单位得到点B。点B关于x轴对称的点是点C。点C的坐标是______。",为沪教版初中数学题 hjb-junior-ds-v2-s1-236 绘制原创题目插图，单元「图形的运动」，不要复制教材或试卷版式。 绘制简洁坐标网格、坐标轴、关键点和变换箭头；坐标标签必须与题干一致。,仅根据当前原创题干重新绘制简洁数学示意图，不复制、还原或近似教材/试卷原图、版式、题序或受保护视觉布局。
hjb-junior-ds-v2-s1-238,queued,pending,,full,coordinate-grid,S1,七年级上册,图形的运动,candidates/hjb-junior-ds-v2-s1-238.png,"在平面直角坐标系中，三角形ABC的顶点坐标分别为A(1,2)，B(3,5)，C(4,1)。将三角形ABC先向左平移2个单位，再向上平移3个单位，得到三角形A'B'C'。点A'的坐标是（　）",为沪教版初中数学题 hjb-junior-ds-v2-s1-238 绘制原创题目插图，单元「图形的运动」，不要复制教材或试卷版式。 绘制简洁坐标网格、坐标轴、关键点和变换箭头；坐标标签必须与题干一致。,仅根据当前原创题干重新绘制简洁数学示意图，不复制、还原或近似教材/试卷原图、版式、题序或受保护视觉布局。
hjb-junior-ds-v2-s1-240,queued,pending,,full,coordinate-grid,S1,七年级上册,图形的运动,candidates/hjb-junior-ds-v2-s1-240.png,"在平面直角坐标系中，点P的坐标是(-4, 3)。点P关于y轴对称的点是点Q。请写出点Q的坐标，并说明点P和点Q的连线与y轴的关系。",为沪教版初中数学题 hjb-junior-ds-v2-s1-240 绘制原创题目插图，单元「图形的运动」，不要复制教材或试卷版式。 绘制简洁坐标网格、坐标轴、关键点和变换箭头；坐标标签必须与题干一致。,仅根据当前原创题干重新绘制简洁数学示意图，不复制、还原或近似教材/试卷原图、版式、题序或受保护视觉布局。
hjb-junior-ds-v2-s1-241,queued,pending,,full,coordinate-grid,S1,七年级上册,图形的运动,candidates/hjb-junior-ds-v2-s1-241.png,"在平面直角坐标系中，点A的坐标为(2,3)。将点A先向右平移4个单位，再向下平移1个单位，得到点A'。点A'关于x轴的对称点为点A''。点A''的坐标是（ ）。",为沪教版初中数学题 hjb-junior-ds-v2-s1-241 绘制原创题目插图，单元「图形的运动」，不要复制教材或试卷版式。 绘制简洁坐标网格、坐标轴、关键点和变换箭头；坐标标签必须与题干一致。,仅根据当前原创题干重新绘制简洁数学示意图，不复制、还原或近似教材/试卷原图、版式、题序或受保护视觉布局。
hjb-junior-ds-v2-s1-242,queued,pending,,full,coordinate-grid,S1,七年级上册,图形的运动,candidates/hjb-junior-ds-v2-s1-242.png,"在平面直角坐标系中，线段AB的端点A(1,2)，B(4,5)。将线段AB绕原点O逆时针旋转90°，得到线段A'B'。点B'的坐标是______。",为沪教版初中数学题 hjb-junior-ds-v2-s1-242 绘制原创题目插图，单元「图形的运动」，不要复制教材或试卷版式。 绘制简洁坐标网格、坐标轴、关键点和变换箭头；坐标标签必须与题干一致。,仅根据当前原创题干重新绘制简洁数学示意图，不复制、还原或近似教材/试卷原图、版式、题序或受保护视觉布局。
hjb-junior-ds-v2-s1-243,queued,pending,,full,coordinate-grid,S1,七年级上册,图形的运动,candidates/hjb-junior-ds-v2-s1-243.png,"在平面直角坐标系中，三角形ABC的顶点坐标分别为A(0,0)，B(3,0)，C(1,2)。将三角形ABC沿x轴方向向右平移2个单位，再沿y轴方向向上平移1个单位，得到三角形A'B'C'。写出点C'的坐标。",为沪教版初中数学题 hjb-junior-ds-v2-s1-243 绘制原创题目插图，单元「图形的运动」，不要复制教材或试卷版式。 绘制简洁坐标网格、坐标轴、关键点和变换箭头；坐标标签必须与题干一致。,仅根据当前原创题干重新绘制简洁数学示意图，不复制、还原或近似教材/试卷原图、版式、题序或受保护视觉布局。
hjb-junior-ds-v2-s1-244,queued,pending,,full,coordinate-grid,S1,七年级上册,图形的运动,candidates/hjb-junior-ds-v2-s1-244.png,"在平面直角坐标系中，点P的坐标为(-3,2)。将点P绕原点顺时针旋转90°，得到点Q。点Q关于y轴的对称点为点R。点R的坐标是（ ）。",为沪教版初中数学题 hjb-junior-ds-v2-s1-244 绘制原创题目插图，单元「图形的运动」，不要复制教材或试卷版式。 绘制简洁坐标网格、坐标轴、关键点和变换箭头；坐标标签必须与题干一致。,仅根据当前原创题干重新绘制简洁数学示意图，不复制、还原或近似教材/试卷原图、版式、题序或受保护视觉布局。
hjb-junior-ds-v2-s1-245,queued,pending,,full,coordinate-grid,S1,七年级上册,图形的运动,candidates/hjb-junior-ds-v2-s1-245.png,"在平面直角坐标系中，点M的坐标为(5,-1)。点M关于直线y=x的对称点N的坐标是______。",为沪教版初中数学题 hjb-junior-ds-v2-s1-245 绘制原创题目插图，单元「图形的运动」，不要复制教材或试卷版式。 绘制简洁坐标网格、坐标轴、关键点和变换箭头；坐标标签必须与题干一致。,仅根据当前原创题干重新绘制简洁数学示意图，不复制、还原或近似教材/试卷原图、版式、题序或受保护视觉布局。
hjb-junior-ds-v2-s1-246,queued,pending,,full,coordinate-grid,S1,七年级上册,图形的运动,candidates/hjb-junior-ds-v2-s1-246.png,"在平面直角坐标系中，三角形ABC的顶点坐标分别为A(2,3)，B(4,5)，C(3,1)。将三角形ABC先向右平移3个单位，再向下平移2个单位，得到三角形A'B'C'。请写出点A'的坐标，并说明平移前后三角形的形状和大小是否发生变化。",为沪教版初中数学题 hjb-junior-ds-v2-s1-246 绘制原创题目插图，单元「图形的运动」，不要复制教材或试卷版式。 绘制简洁坐标网格、坐标轴、关键点和变换箭头；坐标标签必须与题干一致。,仅根据当前原创题干重新绘制简洁数学示意图，不复制、还原或近似教材/试卷原图、版式、题序或受保护视觉布局。
hjb-junior-ds-v2-s1-249,queued,pending,,full,coordinate-grid,S1,七年级上册,图形的运动,candidates/hjb-junior-ds-v2-s1-249.png,"在平面直角坐标系中，点P(3,4)关于x轴对称的点P'的坐标是什么？",为沪教版初中数学题 hjb-junior-ds-v2-s1-249 绘制原创题目插图，单元「图形的运动」，不要复制教材或试卷版式。 绘制简洁坐标网格、坐标轴、关键点和变换箭头；坐标标签必须与题干一致。,仅根据当前原创题干重新绘制简洁数学示意图，不复制、还原或近似教材/试卷原图、版式、题序或受保护视觉布局。
hjb-junior-ds-v2-s2-442,queued,pending,,full,coordinate-grid,S2,八年级下册,反比例函数,candidates/hjb-junior-ds-v2-s2-442.png,已知反比例函数 y = (m-1)/x 的图像在第二、四象限，则 m 的取值范围是（ ）,为沪教版初中数学题 hjb-junior-ds-v2-s2-442 绘制原创题目插图，单元「反比例函数」，不要复制教材或试卷版式。 绘制简洁坐标网格、坐标轴、关键点和变换箭头；坐标标签必须与题干一致。,仅根据当前原创题干重新绘制简洁数学示意图，不复制、还原或近似教材/试卷原图、版式、题序或受保护视觉布局。
hjb-junior-ds-v2-s2-447,queued,pending,,full,coordinate-grid,S2,八年级下册,反比例函数,candidates/hjb-junior-ds-v2-s2-447.png,反比例函数 y = (m+1)/x 的图像在每个象限内 y 随 x 的增大而减小，则 m 的取值范围是______。,为沪教版初中数学题 hjb-junior-ds-v2-s2-447 绘制原创题目插图，单元「反比例函数」，不要复制教材或试卷版式。 绘制简洁坐标网格、坐标轴、关键点和变换箭头；坐标标签必须与题干一致。,仅根据当前原创题干重新绘制简洁数学示意图，不复制、还原或近似教材/试卷原图、版式、题序或受保护视觉布局。
hjb-junior-ds-v2-s2-452,queued,pending,,full,coordinate-grid,S2,八年级下册,反比例函数,candidates/hjb-junior-ds-v2-s2-452.png,若反比例函数 y = (m-1)/x 的图像位于第一、三象限，则 m 的取值范围是？,为沪教版初中数学题 hjb-junior-ds-v2-s2-452 绘制原创题目插图，单元「反比例函数」，不要复制教材或试卷版式。 绘制简洁坐标网格、坐标轴、关键点和变换箭头；坐标标签必须与题干一致。,仅根据当前原创题干重新绘制简洁数学示意图，不复制、还原或近似教材/试卷原图、版式、题序或受保护视觉布局。
hjb-junior-ds-v2-s2-457,queued,pending,,full,coordinate-grid,S2,八年级下册,反比例函数,candidates/hjb-junior-ds-v2-s2-457.png,已知反比例函数 y = (m-1)/x 的图像在每一个象限内，y 随 x 的增大而减小，则 m 的取值范围是______。,为沪教版初中数学题 hjb-junior-ds-v2-s2-457 绘制原创题目插图，单元「反比例函数」，不要复制教材或试卷版式。 绘制简洁坐标网格、坐标轴、关键点和变换箭头；坐标标签必须与题干一致。,仅根据当前原创题干重新绘制简洁数学示意图，不复制、还原或近似教材/试卷原图、版式、题序或受保护视觉布局。
hjb-junior-ds-v2-s2-462,queued,pending,,full,coordinate-grid,S2,八年级下册,反比例函数,candidates/hjb-junior-ds-v2-s2-462.png,已知反比例函数 y = (m-2)/x 的图像位于第二、四象限，则 m 的取值范围是？,为沪教版初中数学题 hjb-junior-ds-v2-s2-462 绘制原创题目插图，单元「反比例函数」，不要复制教材或试卷版式。 绘制简洁坐标网格、坐标轴、关键点和变换箭头；坐标标签必须与题干一致。,仅根据当前原创题干重新绘制简洁数学示意图，不复制、还原或近似教材/试卷原图、版式、题序或受保护视觉布局。
hjb-junior-ds-v2-s2-467,queued,pending,,full,coordinate-grid,S2,八年级下册,反比例函数,candidates/hjb-junior-ds-v2-s2-467.png,已知反比例函数 y = (m-1)/x 的图像在每个象限内 y 随 x 的增大而减小，则 m 的取值范围是______。,为沪教版初中数学题 hjb-junior-ds-v2-s2-467 绘制原创题目插图，单元「反比例函数」，不要复制教材或试卷版式。 绘制简洁坐标网格、坐标轴、关键点和变换箭头；坐标标签必须与题干一致。,仅根据当前原创题干重新绘制简洁数学示意图，不复制、还原或近似教材/试卷原图、版式、题序或受保护视觉布局。
hjb-junior-ds-v2-s2-471,queued,pending,,full,coordinate-grid,S2,八年级下册,反比例函数,candidates/hjb-junior-ds-v2-s2-471.png,"已知反比例函数 y = k/x 的图像经过点 A(3, -4)。求 k 的值，并说明该函数图像位于哪些象限。",为沪教版初中数学题 hjb-junior-ds-v2-s2-471 绘制原创题目插图，单元「反比例函数」，不要复制教材或试卷版式。 绘制简洁坐标网格、坐标轴、关键点和变换箭头；坐标标签必须与题干一致。,仅根据当前原创题干重新绘制简洁数学示意图，不复制、还原或近似教材/试卷原图、版式、题序或受保护视觉布局。
hjb-junior-ds-v2-s2-477,queued,pending,,full,coordinate-grid,S2,八年级下册,反比例函数,candidates/hjb-junior-ds-v2-s2-477.png,反比例函数 y = (m-1)/x 的图像在第二、四象限，则 m 的取值范围是？,为沪教版初中数学题 hjb-junior-ds-v2-s2-477 绘制原创题目插图，单元「反比例函数」，不要复制教材或试卷版式。 绘制简洁坐标网格、坐标轴、关键点和变换箭头；坐标标签必须与题干一致。,仅根据当前原创题干重新绘制简洁数学示意图，不复制、还原或近似教材/试卷原图、版式、题序或受保护视觉布局。
hjb-junior-ds-v2-s2-485,queued,pending,,full,coordinate-grid,S2,八年级下册,反比例函数,candidates/hjb-junior-ds-v2-s2-485.png,已知反比例函数 y = (2k-1)/x 的图像在每个象限内 y 随 x 的增大而减小，则 k 的取值范围是（ ）,为沪教版初中数学题 hjb-junior-ds-v2-s2-485 绘制原创题目插图，单元「反比例函数」，不要复制教材或试卷版式。 绘制简洁坐标网格、坐标轴、关键点和变换箭头；坐标标签必须与题干一致。,仅根据当前原创题干重新绘制简洁数学示意图，不复制、还原或近似教材/试卷原图、版式、题序或受保护视觉布局。
hjb-junior-ds-v2-s2-487,queued,pending,,full,coordinate-grid,S2,八年级下册,反比例函数,candidates/hjb-junior-ds-v2-s2-487.png,若反比例函数y = (a+2)/x的图像位于第二、四象限，则a的取值范围是（ ）,为沪教版初中数学题 hjb-junior-ds-v2-s2-487 绘制原创题目插图，单元「反比例函数」，不要复制教材或试卷版式。 绘制简洁坐标网格、坐标轴、关键点和变换箭头；坐标标签必须与题干一致。,仅根据当前原创题干重新绘制简洁数学示意图，不复制、还原或近似教材/试卷原图、版式、题序或受保护视觉布局。
hjb-junior-ds-v2-s2-314,queued,pending,,full,coordinate-grid,S2,八年级下册,平面直角坐标系,candidates/hjb-junior-ds-v2-s2-314.png,"在平面直角坐标系中，点P的坐标为(a, b)，其中a<0，b=0。将点P先向右平移3个单位，再向上平移2个单位后得到点Q，点Q关于x轴对称的点为R。若点R的坐标为(1, -2)，则a的值为______。",为沪教版初中数学题 hjb-junior-ds-v2-s2-314 绘制原创题目插图，单元「平面直角坐标系」，不要复制教材或试卷版式。 绘制简洁坐标网格、坐标轴、关键点和变换箭头；坐标标签必须与题干一致。,仅根据当前原创题干重新绘制简洁数学示意图，不复制、还原或近似教材/试卷原图、版式、题序或受保护视觉布局。
hjb-junior-ds-v2-s2-315,queued,pending,,full,coordinate-grid,S2,八年级下册,平面直角坐标系,candidates/hjb-junior-ds-v2-s2-315.png,"在平面直角坐标系中，已知点A(2,3)，点B(-1,1)。将线段AB平移，使点A移动到点A'(0,-2)，则点B的对应点B'的坐标为______。请写出完整的坐标变换过程。",为沪教版初中数学题 hjb-junior-ds-v2-s2-315 绘制原创题目插图，单元「平面直角坐标系」，不要复制教材或试卷版式。 绘制简洁坐标网格、坐标轴、关键点和变换箭头；坐标标签必须与题干一致。,仅根据当前原创题干重新绘制简洁数学示意图，不复制、还原或近似教材/试卷原图、版式、题序或受保护视觉布局。
hjb-junior-ds-v2-s2-316,queued,pending,,full,coordinate-grid,S2,八年级下册,平面直角坐标系,candidates/hjb-junior-ds-v2-s2-316.png,"在平面直角坐标系中，点P的坐标是(-3, 5)。将点P先向右平移4个单位，再向下平移2个单位，得到点Q。点Q关于x轴对称的点是R。点R所在的象限是（ ）。",为沪教版初中数学题 hjb-junior-ds-v2-s2-316 绘制原创题目插图，单元「平面直角坐标系」，不要复制教材或试卷版式。 绘制简洁坐标网格、坐标轴、关键点和变换箭头；坐标标签必须与题干一致。,仅根据当前原创题干重新绘制简洁数学示意图，不复制、还原或近似教材/试卷原图、版式、题序或受保护视觉布局。
hjb-junior-ds-v2-s2-317,queued,pending,,full,coordinate-grid,S2,八年级下册,平面直角坐标系,candidates/hjb-junior-ds-v2-s2-317.png,"在平面直角坐标系中，点A的坐标是(2, -4)，点B的坐标是(-1, 2)。点A与点B之间的距离是______。",为沪教版初中数学题 hjb-junior-ds-v2-s2-317 绘制原创题目插图，单元「平面直角坐标系」，不要复制教材或试卷版式。 绘制简洁坐标网格、坐标轴、关键点和变换箭头；坐标标签必须与题干一致。,仅根据当前原创题干重新绘制简洁数学示意图，不复制、还原或近似教材/试卷原图、版式、题序或受保护视觉布局。
hjb-junior-ds-v2-s2-318,queued,pending,,full,coordinate-grid,S2,八年级下册,平面直角坐标系,candidates/hjb-junior-ds-v2-s2-318.png,"在平面直角坐标系中，已知点M(3, -2)，点N(-1, 4)。将线段MN先向左平移2个单位，再向上平移3个单位，得到线段M'N'。求点M'和点N'的坐标。",为沪教版初中数学题 hjb-junior-ds-v2-s2-318 绘制原创题目插图，单元「平面直角坐标系」，不要复制教材或试卷版式。 绘制简洁坐标网格、坐标轴、关键点和变换箭头；坐标标签必须与题干一致。,仅根据当前原创题干重新绘制简洁数学示意图，不复制、还原或近似教材/试卷原图、版式、题序或受保护视觉布局。
hjb-junior-ds-v2-s2-319,queued,pending,,full,coordinate-grid,S2,八年级下册,平面直角坐标系,candidates/hjb-junior-ds-v2-s2-319.png,"在平面直角坐标系中，点A的坐标是(0, -4)，点B的坐标是(-3, 0)。关于点A和点B的位置，下列说法正确的是（ ）",为沪教版初中数学题 hjb-junior-ds-v2-s2-319 绘制原创题目插图，单元「平面直角坐标系」，不要复制教材或试卷版式。 绘制简洁坐标网格、坐标轴、关键点和变换箭头；坐标标签必须与题干一致。,仅根据当前原创题干重新绘制简洁数学示意图，不复制、还原或近似教材/试卷原图、版式、题序或受保护视觉布局。
hjb-junior-ds-v2-s2-320,queued,pending,,full,coordinate-grid,S2,八年级下册,平面直角坐标系,candidates/hjb-junior-ds-v2-s2-320.png,"在平面直角坐标系中，点P的坐标是(a, b)，其中a<0，b>0。点P关于y轴对称的点Q的坐标是______。",为沪教版初中数学题 hjb-junior-ds-v2-s2-320 绘制原创题目插图，单元「平面直角坐标系」，不要复制教材或试卷版式。 绘制简洁坐标网格、坐标轴、关键点和变换箭头；坐标标签必须与题干一致。,仅根据当前原创题干重新绘制简洁数学示意图，不复制、还原或近似教材/试卷原图、版式、题序或受保护视觉布局。
hjb-junior-ds-v2-s2-321,queued,pending,,full,coordinate-grid,S2,八年级下册,平面直角坐标系,candidates/hjb-junior-ds-v2-s2-321.png,"在平面直角坐标系中，点A的坐标是(3, -4)。将点A先向右平移5个单位，再向上平移2个单位，得到点B。请写出点B的坐标，并说明点B所在的象限。",为沪教版初中数学题 hjb-junior-ds-v2-s2-321 绘制原创题目插图，单元「平面直角坐标系」，不要复制教材或试卷版式。 绘制简洁坐标网格、坐标轴、关键点和变换箭头；坐标标签必须与题干一致。,仅根据当前原创题干重新绘制简洁数学示意图，不复制、还原或近似教材/试卷原图、版式、题序或受保护视觉布局。
hjb-junior-ds-v2-s2-322,queued,pending,,full,coordinate-grid,S2,八年级下册,平面直角坐标系,candidates/hjb-junior-ds-v2-s2-322.png,"在平面直角坐标系中，点P(-2, 3)关于x轴对称的点Q的坐标是（ ）。",为沪教版初中数学题 hjb-junior-ds-v2-s2-322 绘制原创题目插图，单元「平面直角坐标系」，不要复制教材或试卷版式。 绘制简洁坐标网格、坐标轴、关键点和变换箭头；坐标标签必须与题干一致。,仅根据当前原创题干重新绘制简洁数学示意图，不复制、还原或近似教材/试卷原图、版式、题序或受保护视觉布局。
hjb-junior-ds-v2-s2-323,queued,pending,,full,coordinate-grid,S2,八年级下册,平面直角坐标系,candidates/hjb-junior-ds-v2-s2-323.png,在平面直角坐标系中，点M在第二象限，且点M到x轴的距离为4，到y轴的距离为3，则点M的坐标是______。,为沪教版初中数学题 hjb-junior-ds-v2-s2-323 绘制原创题目插图，单元「平面直角坐标系」，不要复制教材或试卷版式。 绘制简洁坐标网格、坐标轴、关键点和变换箭头；坐标标签必须与题干一致。,仅根据当前原创题干重新绘制简洁数学示意图，不复制、还原或近似教材/试卷原图、版式、题序或受保护视觉布局。
hjb-junior-ds-v2-s2-324,queued,pending,,full,coordinate-grid,S2,八年级下册,平面直角坐标系,candidates/hjb-junior-ds-v2-s2-324.png,"已知点A(1, 2)和点B(4, 6)，求线段AB的长度。",为沪教版初中数学题 hjb-junior-ds-v2-s2-324 绘制原创题目插图，单元「平面直角坐标系」，不要复制教材或试卷版式。 绘制简洁坐标网格、坐标轴、关键点和变换箭头；坐标标签必须与题干一致。,仅根据当前原创题干重新绘制简洁数学示意图，不复制、还原或近似教材/试卷原图、版式、题序或受保护视觉布局。
hjb-junior-ds-v2-s2-325,queued,pending,,full,coordinate-grid,S2,八年级下册,平面直角坐标系,candidates/hjb-junior-ds-v2-s2-325.png,"将点(3, -5)先向左平移2个单位，再向下平移3个单位，得到的点的坐标是（ ）。",为沪教版初中数学题 hjb-junior-ds-v2-s2-325 绘制原创题目插图，单元「平面直角坐标系」，不要复制教材或试卷版式。 绘制简洁坐标网格、坐标轴、关键点和变换箭头；坐标标签必须与题干一致。,仅根据当前原创题干重新绘制简洁数学示意图，不复制、还原或近似教材/试卷原图、版式、题序或受保护视觉布局。
hjb-junior-ds-v2-s2-326,queued,pending,,full,coordinate-grid,S2,八年级下册,平面直角坐标系,candidates/hjb-junior-ds-v2-s2-326.png,"在平面直角坐标系中，点A的坐标是(3, -4)。将点A先向左平移2个单位长度，再向上平移5个单位长度，得到点B。点B关于x轴对称的点为C。请写出点C的坐标：______。",为沪教版初中数学题 hjb-junior-ds-v2-s2-326 绘制原创题目插图，单元「平面直角坐标系」，不要复制教材或试卷版式。 绘制简洁坐标网格、坐标轴、关键点和变换箭头；坐标标签必须与题干一致。,仅根据当前原创题干重新绘制简洁数学示意图，不复制、还原或近似教材/试卷原图、版式、题序或受保护视觉布局。
hjb-junior-ds-v2-s2-327,queued,pending,,full,coordinate-grid,S2,八年级下册,平面直角坐标系,candidates/hjb-junior-ds-v2-s2-327.png,"在平面直角坐标系中，已知点P(-2, 3)和点Q(4, -5)。求线段PQ的长度。",为沪教版初中数学题 hjb-junior-ds-v2-s2-327 绘制原创题目插图，单元「平面直角坐标系」，不要复制教材或试卷版式。 绘制简洁坐标网格、坐标轴、关键点和变换箭头；坐标标签必须与题干一致。,仅根据当前原创题干重新绘制简洁数学示意图，不复制、还原或近似教材/试卷原图、版式、题序或受保护视觉布局。
hjb-junior-ds-v2-s2-328,queued,pending,,full,coordinate-grid,S2,八年级下册,平面直角坐标系,candidates/hjb-junior-ds-v2-s2-328.png,"在平面直角坐标系中，点M的坐标是(-5, 0)。关于点M的位置，下列说法正确的是：",为沪教版初中数学题 hjb-junior-ds-v2-s2-328 绘制原创题目插图，单元「平面直角坐标系」，不要复制教材或试卷版式。 绘制简洁坐标网格、坐标轴、关键点和变换箭头；坐标标签必须与题干一致。,仅根据当前原创题干重新绘制简洁数学示意图，不复制、还原或近似教材/试卷原图、版式、题序或受保护视觉布局。
hjb-junior-ds-v2-s2-329,queued,pending,,full,coordinate-grid,S2,八年级下册,平面直角坐标系,candidates/hjb-junior-ds-v2-s2-329.png,"在平面直角坐标系中，点A(2, -3)与点B关于原点对称。点B的坐标是______。",为沪教版初中数学题 hjb-junior-ds-v2-s2-329 绘制原创题目插图，单元「平面直角坐标系」，不要复制教材或试卷版式。 绘制简洁坐标网格、坐标轴、关键点和变换箭头；坐标标签必须与题干一致。,仅根据当前原创题干重新绘制简洁数学示意图，不复制、还原或近似教材/试卷原图、版式、题序或受保护视觉布局。
hjb-junior-ds-v2-s2-330,queued,pending,,full,coordinate-grid,S2,八年级下册,平面直角坐标系,candidates/hjb-junior-ds-v2-s2-330.png,"在平面直角坐标系中，已知点A(1, 2)，点B(1, -3)，点C(-4, -3)。求三角形ABC的面积。",为沪教版初中数学题 hjb-junior-ds-v2-s2-330 绘制原创题目插图，单元「平面直角坐标系」，不要复制教材或试卷版式。 绘制简洁坐标网格、坐标轴、关键点和变换箭头；坐标标签必须与题干一致。,仅根据当前原创题干重新绘制简洁数学示意图，不复制、还原或近似教材/试卷原图、版式、题序或受保护视觉布局。
hjb-junior-ds-v2-s2-331,queued,pending,,full,coordinate-grid,S2,八年级下册,平面直角坐标系,candidates/hjb-junior-ds-v2-s2-331.png,"在平面直角坐标系中，点 P 的坐标是 (0, -3)。关于点 P 的位置，下列说法正确的是：",为沪教版初中数学题 hjb-junior-ds-v2-s2-331 绘制原创题目插图，单元「平面直角坐标系」，不要复制教材或试卷版式。 绘制简洁坐标网格、坐标轴、关键点和变换箭头；坐标标签必须与题干一致。,仅根据当前原创题干重新绘制简洁数学示意图，不复制、还原或近似教材/试卷原图、版式、题序或受保护视觉布局。
hjb-junior-ds-v2-s2-332,queued,pending,,full,coordinate-grid,S2,八年级下册,平面直角坐标系,candidates/hjb-junior-ds-v2-s2-332.png,"在平面直角坐标系中，点 A 的坐标是 (-2, 5)，点 B 的坐标是 (3, 5)。点 A 与点 B 之间的距离是______。",为沪教版初中数学题 hjb-junior-ds-v2-s2-332 绘制原创题目插图，单元「平面直角坐标系」，不要复制教材或试卷版式。 绘制简洁坐标网格、坐标轴、关键点和变换箭头；坐标标签必须与题干一致。,仅根据当前原创题干重新绘制简洁数学示意图，不复制、还原或近似教材/试卷原图、版式、题序或受保护视觉布局。
hjb-junior-ds-v2-s2-333,queued,pending,,full,coordinate-grid,S2,八年级下册,平面直角坐标系,candidates/hjb-junior-ds-v2-s2-333.png,"在平面直角坐标系中，点 M 的坐标是 (4, -1)。将点 M 先向左平移 3 个单位，再向上平移 2 个单位，得到点 N。请写出点 N 的坐标，并说明点 N 所在的象限。",为沪教版初中数学题 hjb-junior-ds-v2-s2-333 绘制原创题目插图，单元「平面直角坐标系」，不要复制教材或试卷版式。 绘制简洁坐标网格、坐标轴、关键点和变换箭头；坐标标签必须与题干一致。,仅根据当前原创题干重新绘制简洁数学示意图，不复制、还原或近似教材/试卷原图、版式、题序或受保护视觉布局。
hjb-junior-ds-v2-s2-334,queued,pending,,full,coordinate-grid,S2,八年级下册,平面直角坐标系,candidates/hjb-junior-ds-v2-s2-334.png,"在平面直角坐标系中，点 A 的坐标是 (-3, 2)。点 B 与点 A 关于 y 轴对称，则点 B 的坐标是：",为沪教版初中数学题 hjb-junior-ds-v2-s2-334 绘制原创题目插图，单元「平面直角坐标系」，不要复制教材或试卷版式。 绘制简洁坐标网格、坐标轴、关键点和变换箭头；坐标标签必须与题干一致。,仅根据当前原创题干重新绘制简洁数学示意图，不复制、还原或近似教材/试卷原图、版式、题序或受保护视觉布局。
hjb-junior-ds-v2-s2-335,queued,pending,,full,coordinate-grid,S2,八年级下册,平面直角坐标系,candidates/hjb-junior-ds-v2-s2-335.png,在平面直角坐标系中，点 P 在第二象限，且点 P 到 x 轴的距离是 4，到 y 轴的距离是 2。则点 P 的坐标是______。,为沪教版初中数学题 hjb-junior-ds-v2-s2-335 绘制原创题目插图，单元「平面直角坐标系」，不要复制教材或试卷版式。 绘制简洁坐标网格、坐标轴、关键点和变换箭头；坐标标签必须与题干一致。,仅根据当前原创题干重新绘制简洁数学示意图，不复制、还原或近似教材/试卷原图、版式、题序或受保护视觉布局。
hjb-junior-ds-v2-s2-336,queued,pending,,full,coordinate-grid,S2,八年级下册,平面直角坐标系,candidates/hjb-junior-ds-v2-s2-336.png,"在平面直角坐标系中，点A的坐标是(3, -4)。点B是点A关于x轴对称的点。请写出点B的坐标，并计算线段AB的长度。",为沪教版初中数学题 hjb-junior-ds-v2-s2-336 绘制原创题目插图，单元「平面直角坐标系」，不要复制教材或试卷版式。 绘制简洁坐标网格、坐标轴、关键点和变换箭头；坐标标签必须与题干一致。,仅根据当前原创题干重新绘制简洁数学示意图，不复制、还原或近似教材/试卷原图、版式、题序或受保护视觉布局。
hjb-junior-ds-v2-s2-337,queued,pending,,full,coordinate-grid,S2,八年级下册,平面直角坐标系,candidates/hjb-junior-ds-v2-s2-337.png,"在平面直角坐标系中，点P的坐标是(-5, 0)。关于点P的位置，下列说法正确的是：",为沪教版初中数学题 hjb-junior-ds-v2-s2-337 绘制原创题目插图，单元「平面直角坐标系」，不要复制教材或试卷版式。 绘制简洁坐标网格、坐标轴、关键点和变换箭头；坐标标签必须与题干一致。,仅根据当前原创题干重新绘制简洁数学示意图，不复制、还原或近似教材/试卷原图、版式、题序或受保护视觉布局。
hjb-junior-ds-v2-s2-338,queued,pending,,full,coordinate-grid,S2,八年级下册,平面直角坐标系,candidates/hjb-junior-ds-v2-s2-338.png,"在平面直角坐标系中，将点M(-2, 3)先向右平移4个单位长度，再向下平移1个单位长度，得到点N。点N的坐标是______。",为沪教版初中数学题 hjb-junior-ds-v2-s2-338 绘制原创题目插图，单元「平面直角坐标系」，不要复制教材或试卷版式。 绘制简洁坐标网格、坐标轴、关键点和变换箭头；坐标标签必须与题干一致。,仅根据当前原创题干重新绘制简洁数学示意图，不复制、还原或近似教材/试卷原图、版式、题序或受保护视觉布局。
hjb-junior-ds-v2-s2-339,queued,pending,,full,coordinate-grid,S2,八年级下册,平面直角坐标系,candidates/hjb-junior-ds-v2-s2-339.png,"在平面直角坐标系中，已知点A(1, 2)和点B(1, -3)。求A、B两点之间的距离。",为沪教版初中数学题 hjb-junior-ds-v2-s2-339 绘制原创题目插图，单元「平面直角坐标系」，不要复制教材或试卷版式。 绘制简洁坐标网格、坐标轴、关键点和变换箭头；坐标标签必须与题干一致。,仅根据当前原创题干重新绘制简洁数学示意图，不复制、还原或近似教材/试卷原图、版式、题序或受保护视觉布局。
hjb-junior-ds-v2-s2-340,queued,pending,,full,coordinate-grid,S2,八年级下册,平面直角坐标系,candidates/hjb-junior-ds-v2-s2-340.png,"在平面直角坐标系中，点A的坐标是(2, -3)。点B是点A关于y轴对称的点，则点B的坐标是：",为沪教版初中数学题 hjb-junior-ds-v2-s2-340 绘制原创题目插图，单元「平面直角坐标系」，不要复制教材或试卷版式。 绘制简洁坐标网格、坐标轴、关键点和变换箭头；坐标标签必须与题干一致。,仅根据当前原创题干重新绘制简洁数学示意图，不复制、还原或近似教材/试卷原图、版式、题序或受保护视觉布局。
hjb-junior-ds-v2-s2-341,queued,pending,,full,coordinate-grid,S2,八年级下册,平面直角坐标系,candidates/hjb-junior-ds-v2-s2-341.png,"在平面直角坐标系中，点A的坐标是(-3, 2)。将点A先向右平移5个单位，再向下平移4个单位，得到点B。点B关于x轴对称的点是点C。请写出点C的坐标：______。",为沪教版初中数学题 hjb-junior-ds-v2-s2-341 绘制原创题目插图，单元「平面直角坐标系」，不要复制教材或试卷版式。 绘制简洁坐标网格、坐标轴、关键点和变换箭头；坐标标签必须与题干一致。,仅根据当前原创题干重新绘制简洁数学示意图，不复制、还原或近似教材/试卷原图、版式、题序或受保护视觉布局。
hjb-junior-ds-v2-s2-342,queued,pending,,full,coordinate-grid,S2,八年级下册,平面直角坐标系,candidates/hjb-junior-ds-v2-s2-342.png,"在平面直角坐标系中，已知点P(2, -3)和点Q(-1, 1)。请计算P、Q两点之间的距离。",为沪教版初中数学题 hjb-junior-ds-v2-s2-342 绘制原创题目插图，单元「平面直角坐标系」，不要复制教材或试卷版式。 绘制简洁坐标网格、坐标轴、关键点和变换箭头；坐标标签必须与题干一致。,仅根据当前原创题干重新绘制简洁数学示意图，不复制、还原或近似教材/试卷原图、版式、题序或受保护视觉布局。
hjb-junior-ds-v2-s2-343,queued,pending,,full,coordinate-grid,S2,八年级下册,平面直角坐标系,candidates/hjb-junior-ds-v2-s2-343.png,"在平面直角坐标系中，点M的坐标是(-4, 0)。关于点M的位置，下列说法正确的是：",为沪教版初中数学题 hjb-junior-ds-v2-s2-343 绘制原创题目插图，单元「平面直角坐标系」，不要复制教材或试卷版式。 绘制简洁坐标网格、坐标轴、关键点和变换箭头；坐标标签必须与题干一致。,仅根据当前原创题干重新绘制简洁数学示意图，不复制、还原或近似教材/试卷原图、版式、题序或受保护视觉布局。
hjb-junior-ds-v2-s2-344,queued,pending,,full,coordinate-grid,S2,八年级下册,平面直角坐标系,candidates/hjb-junior-ds-v2-s2-344.png,"在平面直角坐标系中，点A的坐标是(3, -1)。点B由点A先向左平移2个单位，再向上平移5个单位得到。请写出点B的坐标：______。",为沪教版初中数学题 hjb-junior-ds-v2-s2-344 绘制原创题目插图，单元「平面直角坐标系」，不要复制教材或试卷版式。 绘制简洁坐标网格、坐标轴、关键点和变换箭头；坐标标签必须与题干一致。,仅根据当前原创题干重新绘制简洁数学示意图，不复制、还原或近似教材/试卷原图、版式、题序或受保护视觉布局。
hjb-junior-ds-v2-s2-345,queued,pending,,full,coordinate-grid,S2,八年级下册,平面直角坐标系,candidates/hjb-junior-ds-v2-s2-345.png,"在平面直角坐标系中，点P的坐标是(-2, 3)。点Q与点P关于y轴对称。请写出点Q的坐标，并说明点Q所在的象限。",为沪教版初中数学题 hjb-junior-ds-v2-s2-345 绘制原创题目插图，单元「平面直角坐标系」，不要复制教材或试卷版式。 绘制简洁坐标网格、坐标轴、关键点和变换箭头；坐标标签必须与题干一致。,仅根据当前原创题干重新绘制简洁数学示意图，不复制、还原或近似教材/试卷原图、版式、题序或受保护视觉布局。
hjb-junior-ds-v2-s2-346,queued,pending,,full,coordinate-grid,S2,八年级下册,平面直角坐标系,candidates/hjb-junior-ds-v2-s2-346.png,"在平面直角坐标系中，点P的坐标是(-2, 5)。将点P先向右平移3个单位，再向下平移4个单位，得到点Q。点Q关于x轴对称的点是R。点R所在的象限是（ ）",为沪教版初中数学题 hjb-junior-ds-v2-s2-346 绘制原创题目插图，单元「平面直角坐标系」，不要复制教材或试卷版式。 绘制简洁坐标网格、坐标轴、关键点和变换箭头；坐标标签必须与题干一致。,仅根据当前原创题干重新绘制简洁数学示意图，不复制、还原或近似教材/试卷原图、版式、题序或受保护视觉布局。
hjb-junior-ds-v2-s2-347,queued,pending,,full,coordinate-grid,S2,八年级下册,平面直角坐标系,candidates/hjb-junior-ds-v2-s2-347.png,"在平面直角坐标系中，点 A 的坐标是 (-2, 0)，点 B 的坐标是 (3, 0)。点 C 在 y 轴上，且三角形 ABC 的面积为 10。写出点 C 的一个可能坐标：__________。",为沪教版初中数学题 hjb-junior-ds-v2-s2-347 绘制原创题目插图，单元「平面直角坐标系」，不要复制教材或试卷版式。 绘制简洁坐标网格、坐标轴、关键点和变换箭头；坐标标签必须与题干一致。,仅根据当前原创题干重新绘制简洁数学示意图，不复制、还原或近似教材/试卷原图、版式、题序或受保护视觉布局。
hjb-junior-ds-v2-s2-348,queued,pending,,full,coordinate-grid,S2,八年级下册,平面直角坐标系,candidates/hjb-junior-ds-v2-s2-348.png,"在平面直角坐标系中，点 M 的坐标是 (4, -3)，点 N 的坐标是 (-1, 2)。求线段 MN 的长度。",为沪教版初中数学题 hjb-junior-ds-v2-s2-348 绘制原创题目插图，单元「平面直角坐标系」，不要复制教材或试卷版式。 绘制简洁坐标网格、坐标轴、关键点和变换箭头；坐标标签必须与题干一致。,仅根据当前原创题干重新绘制简洁数学示意图，不复制、还原或近似教材/试卷原图、版式、题序或受保护视觉布局。
hjb-junior-ds-v2-s2-349,queued,pending,,full,coordinate-grid,S2,八年级下册,平面直角坐标系,candidates/hjb-junior-ds-v2-s2-349.png,"在平面直角坐标系中，点 A 的坐标是 (2, -3)。将点 A 先向左平移 4 个单位，再向下平移 1 个单位，得到点 B。点 B 关于 y 轴对称的点是 C。点 C 的坐标是（ ）。",为沪教版初中数学题 hjb-junior-ds-v2-s2-349 绘制原创题目插图，单元「平面直角坐标系」，不要复制教材或试卷版式。 绘制简洁坐标网格、坐标轴、关键点和变换箭头；坐标标签必须与题干一致。,仅根据当前原创题干重新绘制简洁数学示意图，不复制、还原或近似教材/试卷原图、版式、题序或受保护视觉布局。
hjb-junior-ds-v2-s2-350,queued,pending,,full,coordinate-grid,S2,八年级下册,平面直角坐标系,candidates/hjb-junior-ds-v2-s2-350.png,在平面直角坐标系中，点 P 在第二象限，且点 P 到 x 轴的距离是 3，到 y 轴的距离是 2。点 P 的坐标是__________。,为沪教版初中数学题 hjb-junior-ds-v2-s2-350 绘制原创题目插图，单元「平面直角坐标系」，不要复制教材或试卷版式。 绘制简洁坐标网格、坐标轴、关键点和变换箭头；坐标标签必须与题干一致。,仅根据当前原创题干重新绘制简洁数学示意图，不复制、还原或近似教材/试卷原图、版式、题序或受保护视觉布局。
hjb-junior-ds-v2-s2-351,queued,pending,,full,coordinate-grid,S2,八年级下册,平面直角坐标系,candidates/hjb-junior-ds-v2-s2-351.png,"在平面直角坐标系中，点A的坐标为(3, -4)。将点A先向右平移5个单位，再向上平移2个单位得到点B。求点B的坐标。",为沪教版初中数学题 hjb-junior-ds-v2-s2-351 绘制原创题目插图，单元「平面直角坐标系」，不要复制教材或试卷版式。 绘制简洁坐标网格、坐标轴、关键点和变换箭头；坐标标签必须与题干一致。,仅根据当前原创题干重新绘制简洁数学示意图，不复制、还原或近似教材/试卷原图、版式、题序或受保护视觉布局。
hjb-junior-ds-v2-s2-352,queued,pending,,full,coordinate-grid,S2,八年级下册,平面直角坐标系,candidates/hjb-junior-ds-v2-s2-352.png,"在平面直角坐标系中，已知点P(-2, 0)，点Q(3, -4)。点P关于x轴的对称点为P'，点Q关于y轴的对称点为Q'。下列选项中，P'和Q'的坐标都正确的是（ ）。",为沪教版初中数学题 hjb-junior-ds-v2-s2-352 绘制原创题目插图，单元「平面直角坐标系」，不要复制教材或试卷版式。 绘制简洁坐标网格、坐标轴、关键点和变换箭头；坐标标签必须与题干一致。,仅根据当前原创题干重新绘制简洁数学示意图，不复制、还原或近似教材/试卷原图、版式、题序或受保护视觉布局。
hjb-junior-ds-v2-s2-353,queued,pending,,full,coordinate-grid,S2,八年级下册,平面直角坐标系,candidates/hjb-junior-ds-v2-s2-353.png,在平面直角坐标系中，点M在第二象限，且到x轴的距离为3，到y轴的距离为2。则点M的坐标是______。,为沪教版初中数学题 hjb-junior-ds-v2-s2-353 绘制原创题目插图，单元「平面直角坐标系」，不要复制教材或试卷版式。 绘制简洁坐标网格、坐标轴、关键点和变换箭头；坐标标签必须与题干一致。,仅根据当前原创题干重新绘制简洁数学示意图，不复制、还原或近似教材/试卷原图、版式、题序或受保护视觉布局。
hjb-junior-ds-v2-s2-354,queued,pending,,full,coordinate-grid,S2,八年级下册,平面直角坐标系,candidates/hjb-junior-ds-v2-s2-354.png,"在平面直角坐标系中，点A的坐标为(1, 2)，点B的坐标为(4, 6)。求线段AB的长度。",为沪教版初中数学题 hjb-junior-ds-v2-s2-354 绘制原创题目插图，单元「平面直角坐标系」，不要复制教材或试卷版式。 绘制简洁坐标网格、坐标轴、关键点和变换箭头；坐标标签必须与题干一致。,仅根据当前原创题干重新绘制简洁数学示意图，不复制、还原或近似教材/试卷原图、版式、题序或受保护视觉布局。
hjb-junior-ds-v2-s2-355,queued,pending,,full,coordinate-grid,S2,八年级下册,平面直角坐标系,candidates/hjb-junior-ds-v2-s2-355.png,"在平面直角坐标系中，点A的坐标为(-3, 5)，点B的坐标为(2, -1)。将线段AB平移，使点A移动到点A'(1, 2)，则点B的对应点B'的坐标是（ ）。",为沪教版初中数学题 hjb-junior-ds-v2-s2-355 绘制原创题目插图，单元「平面直角坐标系」，不要复制教材或试卷版式。 绘制简洁坐标网格、坐标轴、关键点和变换箭头；坐标标签必须与题干一致。,仅根据当前原创题干重新绘制简洁数学示意图，不复制、还原或近似教材/试卷原图、版式、题序或受保护视觉布局。
hjb-junior-ds-v2-s2-356,queued,pending,,full,coordinate-grid,S2,八年级下册,平面直角坐标系,candidates/hjb-junior-ds-v2-s2-356.png,"在平面直角坐标系中，点A的坐标是(-3, 4)。将点A先向右平移5个单位，再向下平移2个单位得到点B。点B关于x轴对称的点是点C。请写出点C的坐标：______。",为沪教版初中数学题 hjb-junior-ds-v2-s2-356 绘制原创题目插图，单元「平面直角坐标系」，不要复制教材或试卷版式。 绘制简洁坐标网格、坐标轴、关键点和变换箭头；坐标标签必须与题干一致。,仅根据当前原创题干重新绘制简洁数学示意图，不复制、还原或近似教材/试卷原图、版式、题序或受保护视觉布局。
hjb-junior-ds-v2-s2-357,queued,pending,,full,coordinate-grid,S2,八年级下册,平面直角坐标系,candidates/hjb-junior-ds-v2-s2-357.png,"已知点P(a, b)在第二象限，且点P到x轴的距离为3，到y轴的距离为4。请写出点P的坐标，并说明理由。",为沪教版初中数学题 hjb-junior-ds-v2-s2-357 绘制原创题目插图，单元「平面直角坐标系」，不要复制教材或试卷版式。 绘制简洁坐标网格、坐标轴、关键点和变换箭头；坐标标签必须与题干一致。,仅根据当前原创题干重新绘制简洁数学示意图，不复制、还原或近似教材/试卷原图、版式、题序或受保护视觉布局。
hjb-junior-ds-v2-s2-358,queued,pending,,full,coordinate-grid,S2,八年级下册,平面直角坐标系,candidates/hjb-junior-ds-v2-s2-358.png,"在平面直角坐标系中，点M(2, -3)关于y轴对称的点是N，点N关于原点对称的点是P。点P所在的象限是（　）。",为沪教版初中数学题 hjb-junior-ds-v2-s2-358 绘制原创题目插图，单元「平面直角坐标系」，不要复制教材或试卷版式。 绘制简洁坐标网格、坐标轴、关键点和变换箭头；坐标标签必须与题干一致。,仅根据当前原创题干重新绘制简洁数学示意图，不复制、还原或近似教材/试卷原图、版式、题序或受保护视觉布局。
hjb-junior-ds-v2-s2-359,queued,pending,,full,coordinate-grid,S2,八年级下册,平面直角坐标系,candidates/hjb-junior-ds-v2-s2-359.png,"已知线段AB的两个端点坐标分别为A(1, 2)和B(1, -3)。将线段AB沿x轴正方向平移4个单位后，得到线段A'B'。A'B'的长度是______。",为沪教版初中数学题 hjb-junior-ds-v2-s2-359 绘制原创题目插图，单元「平面直角坐标系」，不要复制教材或试卷版式。 绘制简洁坐标网格、坐标轴、关键点和变换箭头；坐标标签必须与题干一致。,仅根据当前原创题干重新绘制简洁数学示意图，不复制、还原或近似教材/试卷原图、版式、题序或受保护视觉布局。
hjb-junior-ds-v2-s2-360,queued,pending,,full,coordinate-grid,S2,八年级下册,平面直角坐标系,candidates/hjb-junior-ds-v2-s2-360.png,"在平面直角坐标系中，点Q的坐标是(m, n)。若点Q向左平移3个单位后落在y轴上，且点Q向上平移2个单位后落在x轴上，求m和n的值。",为沪教版初中数学题 hjb-junior-ds-v2-s2-360 绘制原创题目插图，单元「平面直角坐标系」，不要复制教材或试卷版式。 绘制简洁坐标网格、坐标轴、关键点和变换箭头；坐标标签必须与题干一致。,仅根据当前原创题干重新绘制简洁数学示意图，不复制、还原或近似教材/试卷原图、版式、题序或受保护视觉布局。
hjb-junior-ds-v2-s2-361,queued,pending,,full,coordinate-grid,S2,八年级下册,平面直角坐标系,candidates/hjb-junior-ds-v2-s2-361.png,"在平面直角坐标系中，点P的坐标是(-3, 5)，点Q的坐标是(4, -2)。点P与点Q之间的距离最接近下列哪个整数？",为沪教版初中数学题 hjb-junior-ds-v2-s2-361 绘制原创题目插图，单元「平面直角坐标系」，不要复制教材或试卷版式。 绘制简洁坐标网格、坐标轴、关键点和变换箭头；坐标标签必须与题干一致。,仅根据当前原创题干重新绘制简洁数学示意图，不复制、还原或近似教材/试卷原图、版式、题序或受保护视觉布局。
hjb-junior-ds-v2-s2-362,queued,pending,,full,coordinate-grid,S2,八年级下册,平面直角坐标系,candidates/hjb-junior-ds-v2-s2-362.png,"在平面直角坐标系中，点A的坐标是(3, -1)，点B的坐标是(-2, 4)。点A与点B之间的距离是______。",为沪教版初中数学题 hjb-junior-ds-v2-s2-362 绘制原创题目插图，单元「平面直角坐标系」，不要复制教材或试卷版式。 绘制简洁坐标网格、坐标轴、关键点和变换箭头；坐标标签必须与题干一致。,仅根据当前原创题干重新绘制简洁数学示意图，不复制、还原或近似教材/试卷原图、版式、题序或受保护视觉布局。
hjb-junior-ds-v2-s2-363,queued,pending,,full,coordinate-grid,S2,八年级下册,平面直角坐标系,candidates/hjb-junior-ds-v2-s2-363.png,"在平面直角坐标系中，点M的坐标是(-4, 2)，点N的坐标是(1, -3)。求点M与点N之间的距离。",为沪教版初中数学题 hjb-junior-ds-v2-s2-363 绘制原创题目插图，单元「平面直角坐标系」，不要复制教材或试卷版式。 绘制简洁坐标网格、坐标轴、关键点和变换箭头；坐标标签必须与题干一致。,仅根据当前原创题干重新绘制简洁数学示意图，不复制、还原或近似教材/试卷原图、版式、题序或受保护视觉布局。
hjb-junior-ds-v2-s2-364,queued,pending,,full,coordinate-grid,S2,八年级下册,平面直角坐标系,candidates/hjb-junior-ds-v2-s2-364.png,"在平面直角坐标系中，点A的坐标是(2, -3)，将点A先向右平移4个单位，再向上平移5个单位，得到点B。点B关于x轴对称的点C的坐标是（ ）。",为沪教版初中数学题 hjb-junior-ds-v2-s2-364 绘制原创题目插图，单元「平面直角坐标系」，不要复制教材或试卷版式。 绘制简洁坐标网格、坐标轴、关键点和变换箭头；坐标标签必须与题干一致。,仅根据当前原创题干重新绘制简洁数学示意图，不复制、还原或近似教材/试卷原图、版式、题序或受保护视觉布局。
hjb-junior-ds-v2-s2-365,queued,pending,,full,coordinate-grid,S2,八年级下册,平面直角坐标系,candidates/hjb-junior-ds-v2-s2-365.png,"在平面直角坐标系中，点P的坐标是(-5, 3)，将点P先向下平移2个单位，再向左平移3个单位，得到点Q。点Q关于y轴对称的点R的坐标是______。",为沪教版初中数学题 hjb-junior-ds-v2-s2-365 绘制原创题目插图，单元「平面直角坐标系」，不要复制教材或试卷版式。 绘制简洁坐标网格、坐标轴、关键点和变换箭头；坐标标签必须与题干一致。,仅根据当前原创题干重新绘制简洁数学示意图，不复制、还原或近似教材/试卷原图、版式、题序或受保护视觉布局。
hjb-junior-ds-v2-s2-366,queued,pending,,full,coordinate-grid,S2,八年级下册,平面直角坐标系,candidates/hjb-junior-ds-v2-s2-366.png,"在平面直角坐标系中，点A的坐标是(3, -5)。点B由点A先向左平移4个单位，再向上平移7个单位得到。请写出点B的坐标，并说明点B所在的象限。",为沪教版初中数学题 hjb-junior-ds-v2-s2-366 绘制原创题目插图，单元「平面直角坐标系」，不要复制教材或试卷版式。 绘制简洁坐标网格、坐标轴、关键点和变换箭头；坐标标签必须与题干一致。,仅根据当前原创题干重新绘制简洁数学示意图，不复制、还原或近似教材/试卷原图、版式、题序或受保护视觉布局。
hjb-junior-ds-v2-s2-367,queued,pending,,full,coordinate-grid,S2,八年级下册,平面直角坐标系,candidates/hjb-junior-ds-v2-s2-367.png,"在平面直角坐标系中，点P的坐标是(-2, 0)。关于点P的位置，以下说法正确的是：",为沪教版初中数学题 hjb-junior-ds-v2-s2-367 绘制原创题目插图，单元「平面直角坐标系」，不要复制教材或试卷版式。 绘制简洁坐标网格、坐标轴、关键点和变换箭头；坐标标签必须与题干一致。,仅根据当前原创题干重新绘制简洁数学示意图，不复制、还原或近似教材/试卷原图、版式、题序或受保护视觉布局。
hjb-junior-ds-v2-s2-368,queued,pending,,full,coordinate-grid,S2,八年级下册,平面直角坐标系,candidates/hjb-junior-ds-v2-s2-368.png,"在平面直角坐标系中，点M(4, -3)与点N关于x轴对称。则点N的坐标是______。",为沪教版初中数学题 hjb-junior-ds-v2-s2-368 绘制原创题目插图，单元「平面直角坐标系」，不要复制教材或试卷版式。 绘制简洁坐标网格、坐标轴、关键点和变换箭头；坐标标签必须与题干一致。,仅根据当前原创题干重新绘制简洁数学示意图，不复制、还原或近似教材/试卷原图、版式、题序或受保护视觉布局。
hjb-junior-ds-v2-s2-369,queued,pending,,full,coordinate-grid,S2,八年级下册,平面直角坐标系,candidates/hjb-junior-ds-v2-s2-369.png,"在平面直角坐标系中，已知点A(-1, 2)和点B(3, -1)。求线段AB的长度。",为沪教版初中数学题 hjb-junior-ds-v2-s2-369 绘制原创题目插图，单元「平面直角坐标系」，不要复制教材或试卷版式。 绘制简洁坐标网格、坐标轴、关键点和变换箭头；坐标标签必须与题干一致。,仅根据当前原创题干重新绘制简洁数学示意图，不复制、还原或近似教材/试卷原图、版式、题序或受保护视觉布局。
hjb-junior-ds-v2-s2-370,queued,pending,,full,coordinate-grid,S2,八年级下册,平面直角坐标系,candidates/hjb-junior-ds-v2-s2-370.png,"在平面直角坐标系中，将点Q(2, -4)先向右平移3个单位，再向下平移2个单位，得到点Q'。点Q'关于y轴对称的点为Q''。则点Q''的坐标是：",为沪教版初中数学题 hjb-junior-ds-v2-s2-370 绘制原创题目插图，单元「平面直角坐标系」，不要复制教材或试卷版式。 绘制简洁坐标网格、坐标轴、关键点和变换箭头；坐标标签必须与题干一致。,仅根据当前原创题干重新绘制简洁数学示意图，不复制、还原或近似教材/试卷原图、版式、题序或受保护视觉布局。
hjb-junior-ds-v2-s2-371,queued,pending,,full,coordinate-grid,S2,八年级下册,平面直角坐标系,candidates/hjb-junior-ds-v2-s2-371.png,"在平面直角坐标系中，点A的坐标是(-3, 4)。将点A先向右平移5个单位，再向下平移2个单位，得到点B。点B关于x轴对称的点为C。请写出点C的坐标：(___, ___)",为沪教版初中数学题 hjb-junior-ds-v2-s2-371 绘制原创题目插图，单元「平面直角坐标系」，不要复制教材或试卷版式。 绘制简洁坐标网格、坐标轴、关键点和变换箭头；坐标标签必须与题干一致。,仅根据当前原创题干重新绘制简洁数学示意图，不复制、还原或近似教材/试卷原图、版式、题序或受保护视觉布局。
hjb-junior-ds-v2-s2-372,queued,pending,,full,coordinate-grid,S2,八年级下册,平面直角坐标系,candidates/hjb-junior-ds-v2-s2-372.png,"在平面直角坐标系中，已知点P(2, -5)和点Q(-4, -5)。请计算线段PQ的长度，并说明点P和点Q的位置关系（例如是否在同一水平线上）。",为沪教版初中数学题 hjb-junior-ds-v2-s2-372 绘制原创题目插图，单元「平面直角坐标系」，不要复制教材或试卷版式。 绘制简洁坐标网格、坐标轴、关键点和变换箭头；坐标标签必须与题干一致。,仅根据当前原创题干重新绘制简洁数学示意图，不复制、还原或近似教材/试卷原图、版式、题序或受保护视觉布局。
hjb-junior-ds-v2-s2-373,queued,pending,,full,coordinate-grid,S2,八年级下册,平面直角坐标系,candidates/hjb-junior-ds-v2-s2-373.png,"在平面直角坐标系中，点M的坐标是(0, -3)。关于点M的位置，下列说法正确的是：",为沪教版初中数学题 hjb-junior-ds-v2-s2-373 绘制原创题目插图，单元「平面直角坐标系」，不要复制教材或试卷版式。 绘制简洁坐标网格、坐标轴、关键点和变换箭头；坐标标签必须与题干一致。,仅根据当前原创题干重新绘制简洁数学示意图，不复制、还原或近似教材/试卷原图、版式、题序或受保护视觉布局。
hjb-junior-ds-v2-s2-374,queued,pending,,full,coordinate-grid,S2,八年级下册,平面直角坐标系,candidates/hjb-junior-ds-v2-s2-374.png,"在平面直角坐标系中，点A的坐标是(4, -1)。将点A向左平移3个单位，再向上平移2个单位，得到点B。请写出点B的坐标：(___, ___)",为沪教版初中数学题 hjb-junior-ds-v2-s2-374 绘制原创题目插图，单元「平面直角坐标系」，不要复制教材或试卷版式。 绘制简洁坐标网格、坐标轴、关键点和变换箭头；坐标标签必须与题干一致。,仅根据当前原创题干重新绘制简洁数学示意图，不复制、还原或近似教材/试卷原图、版式、题序或受保护视觉布局。
hjb-junior-ds-v2-s2-375,queued,pending,,full,coordinate-grid,S2,八年级下册,平面直角坐标系,candidates/hjb-junior-ds-v2-s2-375.png,"在平面直角坐标系中，已知点A(3, 2)和点B(3, -4)。点C是线段AB的中点。请写出点C的坐标，并说明点C到x轴的距离。",为沪教版初中数学题 hjb-junior-ds-v2-s2-375 绘制原创题目插图，单元「平面直角坐标系」，不要复制教材或试卷版式。 绘制简洁坐标网格、坐标轴、关键点和变换箭头；坐标标签必须与题干一致。,仅根据当前原创题干重新绘制简洁数学示意图，不复制、还原或近似教材/试卷原图、版式、题序或受保护视觉布局。
hjb-junior-ds-v2-s2-279,queued,pending,,full,coordinate-grid,S2,八年级下册,四边形,candidates/hjb-junior-ds-v2-s2-279.png,在平面直角坐标系中，矩形OABC的顶点O为原点，点A在x轴正半轴上，点C在y轴正半轴上，且OA=6，OC=8。点E是边OC的中点，连接AE交对角线OB于点F。求点F的坐标。,为沪教版初中数学题 hjb-junior-ds-v2-s2-279 绘制原创题目插图，单元「四边形」，不要复制教材或试卷版式。 绘制简洁坐标网格、坐标轴、关键点和变换箭头；坐标标签必须与题干一致。,仅根据当前原创题干重新绘制简洁数学示意图，不复制、还原或近似教材/试卷原图、版式、题序或受保护视觉布局。
hjb-junior-ds-v2-s2-388,queued,pending,,full,coordinate-grid,S2,八年级下册,一次函数,candidates/hjb-junior-ds-v2-s2-388.png,一次函数y=-2x+4的图像不经过哪个象限？,为沪教版初中数学题 hjb-junior-ds-v2-s2-388 绘制原创题目插图，单元「一次函数」，不要复制教材或试卷版式。 绘制简洁坐标网格、坐标轴、关键点和变换箭头；坐标标签必须与题干一致。,仅根据当前原创题干重新绘制简洁数学示意图，不复制、还原或近似教材/试卷原图、版式、题序或受保护视觉布局。
hjb-junior-ds-v2-s2-404,queued,pending,,full,coordinate-grid,S2,八年级下册,一次函数,candidates/hjb-junior-ds-v2-s2-404.png,一次函数y=-2x+3的图象不经过的象限是（　）,为沪教版初中数学题 hjb-junior-ds-v2-s2-404 绘制原创题目插图，单元「一次函数」，不要复制教材或试卷版式。 绘制简洁坐标网格、坐标轴、关键点和变换箭头；坐标标签必须与题干一致。,仅根据当前原创题干重新绘制简洁数学示意图，不复制、还原或近似教材/试卷原图、版式、题序或受保护视觉布局。
hjb-junior-ds-v2-s2-419,queued,pending,,full,coordinate-grid,S2,八年级下册,一次函数,candidates/hjb-junior-ds-v2-s2-419.png,已知一次函数y = (m - 2)x + (3 - m)的图像经过第一、二、四象限，且m为整数，求m的值。,为沪教版初中数学题 hjb-junior-ds-v2-s2-419 绘制原创题目插图，单元「一次函数」，不要复制教材或试卷版式。 绘制简洁坐标网格、坐标轴、关键点和变换箭头；坐标标签必须与题干一致。,仅根据当前原创题干重新绘制简洁数学示意图，不复制、还原或近似教材/试卷原图、版式、题序或受保护视觉布局。
hjb-junior-ds-v2-s2-428,queued,pending,,full,coordinate-grid,S2,八年级下册,一次函数,candidates/hjb-junior-ds-v2-s2-428.png,一次函数y=-2x+3的图像不经过哪个象限？（ ）,为沪教版初中数学题 hjb-junior-ds-v2-s2-428 绘制原创题目插图，单元「一次函数」，不要复制教材或试卷版式。 绘制简洁坐标网格、坐标轴、关键点和变换箭头；坐标标签必须与题干一致。,仅根据当前原创题干重新绘制简洁数学示意图，不复制、还原或近似教材/试卷原图、版式、题序或受保护视觉布局。
hjb-junior-ds-v2-s3-190,queued,pending,,full,coordinate-grid,S3,九年级上册,二次函数,candidates/hjb-junior-ds-v2-s3-190.png,在平面直角坐标系中，抛物线y = x² - 2x - 3与x轴交于A、B两点（点A在点B左侧），与y轴交于点C。点P是直线BC下方抛物线上的一个动点，过点P作y轴的平行线交BC于点Q。当线段PQ的长度最大时，点P的横坐标为（ ）,为沪教版初中数学题 hjb-junior-ds-v2-s3-190 绘制原创题目插图，单元「二次函数」，不要复制教材或试卷版式。 绘制简洁坐标网格、坐标轴、关键点和变换箭头；坐标标签必须与题干一致。,仅根据当前原创题干重新绘制简洁数学示意图，不复制、还原或近似教材/试卷原图、版式、题序或受保护视觉布局。
hjb-junior-ds-v2-s3-281,queued,pending,,full,coordinate-grid,S3,九年级下册,圆与正多边形,candidates/hjb-junior-ds-v2-s3-281.png,"在平面直角坐标系中，已知点A(1,2)，点B(5,2)，点C(3,6)。若以点C为圆心作一个圆，使得该圆经过点A和点B，则该圆的半径长为______。",为沪教版初中数学题 hjb-junior-ds-v2-s3-281 绘制原创题目插图，单元「圆与正多边形」，不要复制教材或试卷版式。 绘制简洁坐标网格、坐标轴、关键点和变换箭头；坐标标签必须与题干一致。,仅根据当前原创题干重新绘制简洁数学示意图，不复制、还原或近似教材/试卷原图、版式、题序或受保护视觉布局。
hjb-junior-ds-v2-s3-285,queued,pending,,full,coordinate-grid,S3,九年级下册,圆与正多边形,candidates/hjb-junior-ds-v2-s3-285.png,"在平面直角坐标系中，已知点A(0,0)，点B(6,0)，点C(3,4)。以点C为圆心作圆，使其与x轴相切。求该圆的半径，并说明理由。",为沪教版初中数学题 hjb-junior-ds-v2-s3-285 绘制原创题目插图，单元「圆与正多边形」，不要复制教材或试卷版式。 绘制简洁坐标网格、坐标轴、关键点和变换箭头；坐标标签必须与题干一致。,仅根据当前原创题干重新绘制简洁数学示意图，不复制、还原或近似教材/试卷原图、版式、题序或受保护视觉布局。
hjb-junior-ds-v2-s3-296,queued,pending,,full,coordinate-grid,S3,九年级下册,圆与正多边形,candidates/hjb-junior-ds-v2-s3-296.png,"在平面直角坐标系中，已知点A(1,1)，点B(5,1)，点C(3,5)。若以点C为圆心作一个圆，使得该圆经过点A和点B，则该圆的半径长为______。",为沪教版初中数学题 hjb-junior-ds-v2-s3-296 绘制原创题目插图，单元「圆与正多边形」，不要复制教材或试卷版式。 绘制简洁坐标网格、坐标轴、关键点和变换箭头；坐标标签必须与题干一致。,仅根据当前原创题干重新绘制简洁数学示意图，不复制、还原或近似教材/试卷原图、版式、题序或受保护视觉布局。
hjb-junior-ds-v2-s3-302,queued,pending,,full,coordinate-grid,S3,九年级下册,圆与正多边形,candidates/hjb-junior-ds-v2-s3-302.png,在平面直角坐标系中，以原点O为圆心，半径为2的圆与直线y = x + b相切，且切点位于第一象限，则b的值为______。,为沪教版初中数学题 hjb-junior-ds-v2-s3-302 绘制原创题目插图，单元「圆与正多边形」，不要复制教材或试卷版式。 绘制简洁坐标网格、坐标轴、关键点和变换箭头；坐标标签必须与题干一致。,仅根据当前原创题干重新绘制简洁数学示意图，不复制、还原或近似教材/试卷原图、版式、题序或受保护视觉布局。
hjb-junior-ds-v2-s3-312,queued,pending,,full,coordinate-grid,S3,九年级下册,圆与正多边形,candidates/hjb-junior-ds-v2-s3-312.png,"在平面直角坐标系中，⊙A的圆心坐标为(2,1)，半径为3。直线l经过点(5,0)且与x轴正方向成45°角。判断直线l与⊙A的位置关系，并说明理由。",为沪教版初中数学题 hjb-junior-ds-v2-s3-312 绘制原创题目插图，单元「圆与正多边形」，不要复制教材或试卷版式。 绘制简洁坐标网格、坐标轴、关键点和变换箭头；坐标标签必须与题干一致。,仅根据当前原创题干重新绘制简洁数学示意图，不复制、还原或近似教材/试卷原图、版式、题序或受保护视觉布局。
hjb-junior-ds-v2-s3-321,queued,pending,,full,coordinate-grid,S3,九年级下册,圆与正多边形,candidates/hjb-junior-ds-v2-s3-321.png,"在平面直角坐标系中，已知点A(1,2)、B(5,2)、C(3,6)。判断△ABC的外接圆圆心坐标，并说明理由。",为沪教版初中数学题 hjb-junior-ds-v2-s3-321 绘制原创题目插图，单元「圆与正多边形」，不要复制教材或试卷版式。 绘制简洁坐标网格、坐标轴、关键点和变换箭头；坐标标签必须与题干一致。,仅根据当前原创题干重新绘制简洁数学示意图，不复制、还原或近似教材/试卷原图、版式、题序或受保护视觉布局。
hjb-junior-ds-v2-s3-332,queued,pending,,full,coordinate-grid,S3,九年级下册,圆与正多边形,candidates/hjb-junior-ds-v2-s3-332.png,在平面直角坐标系中，以原点O为圆心，半径为5的圆与x轴正半轴交于点A，与y轴正半轴交于点B。点C是弧AB上一点，且∠AOC=60°。求点C的坐标。,为沪教版初中数学题 hjb-junior-ds-v2-s3-332 绘制原创题目插图，单元「圆与正多边形」，不要复制教材或试卷版式。 绘制简洁坐标网格、坐标轴、关键点和变换箭头；坐标标签必须与题干一致。,仅根据当前原创题干重新绘制简洁数学示意图，不复制、还原或近似教材/试卷原图、版式、题序或受保护视觉布局。
hjb-junior-ds-v2-s3-336,queued,pending,,full,coordinate-grid,S3,九年级下册,圆与正多边形,candidates/hjb-junior-ds-v2-s3-336.png,"在平面直角坐标系中，已知点A(0,0)，点B(6,0)，点C(3,4)。若存在一个圆经过A、B、C三点，求该圆的圆心坐标。",为沪教版初中数学题 hjb-junior-ds-v2-s3-336 绘制原创题目插图，单元「圆与正多边形」，不要复制教材或试卷版式。 绘制简洁坐标网格、坐标轴、关键点和变换箭头；坐标标签必须与题干一致。,仅根据当前原创题干重新绘制简洁数学示意图，不复制、还原或近似教材/试卷原图、版式、题序或受保护视觉布局。
hjb-junior-ds-v2-s3-350,queued,pending,,full,coordinate-grid,S3,九年级下册,圆与正多边形,candidates/hjb-junior-ds-v2-s3-350.png,已知：在平面直角坐标系中，以原点O为圆心，半径为5的圆与x轴正半轴交于点A，与y轴正半轴交于点B。点C在圆上，且∠AOC=120°。过点C作圆的切线，交x轴于点D，交y轴于点E。求线段DE的长度。,为沪教版初中数学题 hjb-junior-ds-v2-s3-350 绘制原创题目插图，单元「圆与正多边形」，不要复制教材或试卷版式。 绘制简洁坐标网格、坐标轴、关键点和变换箭头；坐标标签必须与题干一致。,仅根据当前原创题干重新绘制简洁数学示意图，不复制、还原或近似教材/试卷原图、版式、题序或受保护视觉布局。
hjb-junior-ds-v2-s3-351,queued,pending,,full,coordinate-grid,S3,九年级下册,圆与正多边形,candidates/hjb-junior-ds-v2-s3-351.png,在平面直角坐标系中，以原点O为圆心，半径为5的圆与x轴交于A、B两点（A在左，B在右），与y轴交于C、D两点（C在上，D在下）。点P是圆上第一象限内一点，且∠POB=60°。求点P的坐标。,为沪教版初中数学题 hjb-junior-ds-v2-s3-351 绘制原创题目插图，单元「圆与正多边形」，不要复制教材或试卷版式。 绘制简洁坐标网格、坐标轴、关键点和变换箭头；坐标标签必须与题干一致。,仅根据当前原创题干重新绘制简洁数学示意图，不复制、还原或近似教材/试卷原图、版式、题序或受保护视觉布局。
hjb-junior-ds-v2-s3-356,queued,pending,,full,coordinate-grid,S3,九年级下册,圆与正多边形,candidates/hjb-junior-ds-v2-s3-356.png,在平面直角坐标系中，以原点O为圆心、半径为5的圆与x轴正半轴交于点A。点B在圆上，且∠AOB=60°。求点B的坐标。,为沪教版初中数学题 hjb-junior-ds-v2-s3-356 绘制原创题目插图，单元「圆与正多边形」，不要复制教材或试卷版式。 绘制简洁坐标网格、坐标轴、关键点和变换箭头；坐标标签必须与题干一致。,仅根据当前原创题干重新绘制简洁数学示意图，不复制、还原或近似教材/试卷原图、版式、题序或受保护视觉布局。
hjb-junior-ds-v2-s3-366,queued,pending,,full,coordinate-grid,S3,九年级下册,圆与正多边形,candidates/hjb-junior-ds-v2-s3-366.png,"在平面直角坐标系中，已知点A(2, 1)，点B(8, 1)，以线段AB为弦的圆有无数个，其中半径最小的圆记为⊙M。求⊙M的半径长。",为沪教版初中数学题 hjb-junior-ds-v2-s3-366 绘制原创题目插图，单元「圆与正多边形」，不要复制教材或试卷版式。 绘制简洁坐标网格、坐标轴、关键点和变换箭头；坐标标签必须与题干一致。,仅根据当前原创题干重新绘制简洁数学示意图，不复制、还原或近似教材/试卷原图、版式、题序或受保护视觉布局。
hjb-junior-ds-v2-s3-376,queued,pending,,full,coordinate-grid,S3,九年级下册,圆与正多边形,candidates/hjb-junior-ds-v2-s3-376.png,"在平面直角坐标系中，以原点O为圆心、半径为5的圆与x轴正半轴交于点A，与y轴正半轴交于点B。点P(3,4)在圆上。过点P作圆的切线，分别交x轴、y轴于点C、D。求线段CD的长。",为沪教版初中数学题 hjb-junior-ds-v2-s3-376 绘制原创题目插图，单元「圆与正多边形」，不要复制教材或试卷版式。 绘制简洁坐标网格、坐标轴、关键点和变换箭头；坐标标签必须与题干一致。,仅根据当前原创题干重新绘制简洁数学示意图，不复制、还原或近似教材/试卷原图、版式、题序或受保护视觉布局。
hjb-junior-ds-v2-s2-439,queued,pending,,pilot,function-graph,S2,八年级下册,反比例函数,candidates/hjb-junior-ds-v2-s2-439.png,"已知反比例函数 y = k/x 的图像经过点 (3, -2)，则 k = ______。",为沪教版初中数学题 hjb-junior-ds-v2-s2-439 绘制原创题目插图，单元「反比例函数」，不要复制教材或试卷版式。 绘制函数坐标系和曲线/直线关键特征；突出顶点、交点、对称轴、象限或变化趋势。,仅根据当前原创题干重新绘制简洁数学示意图，不复制、还原或近似教材/试卷原图、版式、题序或受保护视觉布局。
hjb-junior-ds-v2-s2-441,queued,pending,,pilot,function-graph,S2,八年级下册,反比例函数,candidates/hjb-junior-ds-v2-s2-441.png,"已知反比例函数 y = k/x 的图像经过点 A(3, -2)。求 k 的值。",为沪教版初中数学题 hjb-junior-ds-v2-s2-441 绘制原创题目插图，单元「反比例函数」，不要复制教材或试卷版式。 绘制函数坐标系和曲线/直线关键特征；突出顶点、交点、对称轴、象限或变化趋势。,仅根据当前原创题干重新绘制简洁数学示意图，不复制、还原或近似教材/试卷原图、版式、题序或受保护视觉布局。
hjb-junior-ds-v2-s2-444,queued,pending,,pilot,function-graph,S2,八年级下册,反比例函数,candidates/hjb-junior-ds-v2-s2-444.png,对于反比例函数 y = -5/x，当 x > 0 时，y 随 x 的增大而（ ）,为沪教版初中数学题 hjb-junior-ds-v2-s2-444 绘制原创题目插图，单元「反比例函数」，不要复制教材或试卷版式。 绘制函数坐标系和曲线/直线关键特征；突出顶点、交点、对称轴、象限或变化趋势。,仅根据当前原创题干重新绘制简洁数学示意图，不复制、还原或近似教材/试卷原图、版式、题序或受保护视觉布局。
hjb-junior-ds-v2-s2-445,queued,pending,,pilot,function-graph,S2,八年级下册,反比例函数,candidates/hjb-junior-ds-v2-s2-445.png,"已知点 P(-2, a) 和 Q(3, b) 都在反比例函数 y = 6/x 的图像上，则 a 与 b 的大小关系是 a ___ b（填“>”“<”或“=”）。",为沪教版初中数学题 hjb-junior-ds-v2-s2-445 绘制原创题目插图，单元「反比例函数」，不要复制教材或试卷版式。 绘制函数坐标系和曲线/直线关键特征；突出顶点、交点、对称轴、象限或变化趋势。,仅根据当前原创题干重新绘制简洁数学示意图，不复制、还原或近似教材/试卷原图、版式、题序或受保护视觉布局。
hjb-junior-ds-v2-s2-446,queued,pending,,pilot,function-graph,S2,八年级下册,反比例函数,candidates/hjb-junior-ds-v2-s2-446.png,"已知反比例函数 y = k/x 的图像经过点 (3, -2)，则下列说法正确的是（ ）",为沪教版初中数学题 hjb-junior-ds-v2-s2-446 绘制原创题目插图，单元「反比例函数」，不要复制教材或试卷版式。 绘制函数坐标系和曲线/直线关键特征；突出顶点、交点、对称轴、象限或变化趋势。,仅根据当前原创题干重新绘制简洁数学示意图，不复制、还原或近似教材/试卷原图、版式、题序或受保护视觉布局。
hjb-junior-ds-v2-s2-448,queued,pending,,pilot,function-graph,S2,八年级下册,反比例函数,candidates/hjb-junior-ds-v2-s2-448.png,"已知点A(-2, y1)、B(-1, y2)、C(3, y3)都在反比例函数 y = -4/x 的图像上，则 y1、y2、y3 的大小关系是（ ）",为沪教版初中数学题 hjb-junior-ds-v2-s2-448 绘制原创题目插图，单元「反比例函数」，不要复制教材或试卷版式。 绘制函数坐标系和曲线/直线关键特征；突出顶点、交点、对称轴、象限或变化趋势。,仅根据当前原创题干重新绘制简洁数学示意图，不复制、还原或近似教材/试卷原图、版式、题序或受保护视觉布局。
hjb-junior-ds-v2-s2-451,queued,pending,,full,function-graph,S2,八年级下册,反比例函数,candidates/hjb-junior-ds-v2-s2-451.png,"已知反比例函数 y = k/x 的图像经过点 A(3, -2)，求 k 的值。",为沪教版初中数学题 hjb-junior-ds-v2-s2-451 绘制原创题目插图，单元「反比例函数」，不要复制教材或试卷版式。 绘制函数坐标系和曲线/直线关键特征；突出顶点、交点、对称轴、象限或变化趋势。,仅根据当前原创题干重新绘制简洁数学示意图，不复制、还原或近似教材/试卷原图、版式、题序或受保护视觉布局。
hjb-junior-ds-v2-s2-454,queued,pending,,full,function-graph,S2,八年级下册,反比例函数,candidates/hjb-junior-ds-v2-s2-454.png,"已知点 P(-2, 3) 在反比例函数 y = a/x 的图像上，则下列说法正确的是：",为沪教版初中数学题 hjb-junior-ds-v2-s2-454 绘制原创题目插图，单元「反比例函数」，不要复制教材或试卷版式。 绘制函数坐标系和曲线/直线关键特征；突出顶点、交点、对称轴、象限或变化趋势。,仅根据当前原创题干重新绘制简洁数学示意图，不复制、还原或近似教材/试卷原图、版式、题序或受保护视觉布局。
hjb-junior-ds-v2-s2-455,queued,pending,,full,function-graph,S2,八年级下册,反比例函数,candidates/hjb-junior-ds-v2-s2-455.png,"反比例函数 y = 8/x 的图像上有两点 A(2, y₁) 和 B(4, y₂)，比较 y₁ 与 y₂ 的大小。",为沪教版初中数学题 hjb-junior-ds-v2-s2-455 绘制原创题目插图，单元「反比例函数」，不要复制教材或试卷版式。 绘制函数坐标系和曲线/直线关键特征；突出顶点、交点、对称轴、象限或变化趋势。,仅根据当前原创题干重新绘制简洁数学示意图，不复制、还原或近似教材/试卷原图、版式、题序或受保护视觉布局。
hjb-junior-ds-v2-s2-456,queued,pending,,full,function-graph,S2,八年级下册,反比例函数,candidates/hjb-junior-ds-v2-s2-456.png,"已知反比例函数 y = k/x 的图像经过点 A(2, -3)，则下列说法正确的是（ ）",为沪教版初中数学题 hjb-junior-ds-v2-s2-456 绘制原创题目插图，单元「反比例函数」，不要复制教材或试卷版式。 绘制函数坐标系和曲线/直线关键特征；突出顶点、交点、对称轴、象限或变化趋势。,仅根据当前原创题干重新绘制简洁数学示意图，不复制、还原或近似教材/试卷原图、版式、题序或受保护视觉布局。
hjb-junior-ds-v2-s2-458,queued,pending,,full,function-graph,S2,八年级下册,反比例函数,candidates/hjb-junior-ds-v2-s2-458.png,"已知反比例函数 y = (a+2)/x 的图像经过点 (3, -1)，则 a 的值为（ ）",为沪教版初中数学题 hjb-junior-ds-v2-s2-458 绘制原创题目插图，单元「反比例函数」，不要复制教材或试卷版式。 绘制函数坐标系和曲线/直线关键特征；突出顶点、交点、对称轴、象限或变化趋势。,仅根据当前原创题干重新绘制简洁数学示意图，不复制、还原或近似教材/试卷原图、版式、题序或受保护视觉布局。
hjb-junior-ds-v2-s2-459,queued,pending,,full,function-graph,S2,八年级下册,反比例函数,candidates/hjb-junior-ds-v2-s2-459.png,"已知反比例函数 y = k/x 的图像经过点 (-2, 4)，则 k = ______。",为沪教版初中数学题 hjb-junior-ds-v2-s2-459 绘制原创题目插图，单元「反比例函数」，不要复制教材或试卷版式。 绘制函数坐标系和曲线/直线关键特征；突出顶点、交点、对称轴、象限或变化趋势。,仅根据当前原创题干重新绘制简洁数学示意图，不复制、还原或近似教材/试卷原图、版式、题序或受保护视觉布局。
hjb-junior-ds-v2-s2-460,queued,pending,,full,function-graph,S2,八年级下册,反比例函数,candidates/hjb-junior-ds-v2-s2-460.png,"已知点 P(-3, 2) 在反比例函数 y = k/x 的图像上，则下列各点中也在该图像上的是（ ）",为沪教版初中数学题 hjb-junior-ds-v2-s2-460 绘制原创题目插图，单元「反比例函数」，不要复制教材或试卷版式。 绘制函数坐标系和曲线/直线关键特征；突出顶点、交点、对称轴、象限或变化趋势。,仅根据当前原创题干重新绘制简洁数学示意图，不复制、还原或近似教材/试卷原图、版式、题序或受保护视觉布局。
hjb-junior-ds-v2-s2-461,queued,pending,,full,function-graph,S2,八年级下册,反比例函数,candidates/hjb-junior-ds-v2-s2-461.png,"已知反比例函数 y = k/x 的图像经过点 P(-4, 3)。求 k 的值。",为沪教版初中数学题 hjb-junior-ds-v2-s2-461 绘制原创题目插图，单元「反比例函数」，不要复制教材或试卷版式。 绘制函数坐标系和曲线/直线关键特征；突出顶点、交点、对称轴、象限或变化趋势。,仅根据当前原创题干重新绘制简洁数学示意图，不复制、还原或近似教材/试卷原图、版式、题序或受保护视觉布局。
hjb-junior-ds-v2-s2-463,queued,pending,,full,function-graph,S2,八年级下册,反比例函数,candidates/hjb-junior-ds-v2-s2-463.png,"已知反比例函数 y = k/x 的图像经过点 A(2, -5) 和点 B(m, 10)，求 m 的值。",为沪教版初中数学题 hjb-junior-ds-v2-s2-463 绘制原创题目插图，单元「反比例函数」，不要复制教材或试卷版式。 绘制函数坐标系和曲线/直线关键特征；突出顶点、交点、对称轴、象限或变化趋势。,仅根据当前原创题干重新绘制简洁数学示意图，不复制、还原或近似教材/试卷原图、版式、题序或受保护视觉布局。
hjb-junior-ds-v2-s2-464,queued,pending,,full,function-graph,S2,八年级下册,反比例函数,candidates/hjb-junior-ds-v2-s2-464.png,"已知反比例函数 y = k/x 的图像经过点 (-3, 4)，则下列各点中在该函数图像上的是？",为沪教版初中数学题 hjb-junior-ds-v2-s2-464 绘制原创题目插图，单元「反比例函数」，不要复制教材或试卷版式。 绘制函数坐标系和曲线/直线关键特征；突出顶点、交点、对称轴、象限或变化趋势。,仅根据当前原创题干重新绘制简洁数学示意图，不复制、还原或近似教材/试卷原图、版式、题序或受保护视觉布局。
hjb-junior-ds-v2-s2-465,queued,pending,,full,function-graph,S2,八年级下册,反比例函数,candidates/hjb-junior-ds-v2-s2-465.png,"已知反比例函数 y = k/x 的图像经过点 (5, -2)，则当 x = -10 时，y 的值为？",为沪教版初中数学题 hjb-junior-ds-v2-s2-465 绘制原创题目插图，单元「反比例函数」，不要复制教材或试卷版式。 绘制函数坐标系和曲线/直线关键特征；突出顶点、交点、对称轴、象限或变化趋势。,仅根据当前原创题干重新绘制简洁数学示意图，不复制、还原或近似教材/试卷原图、版式、题序或受保护视觉布局。
hjb-junior-ds-v2-s2-466,queued,pending,,full,function-graph,S2,八年级下册,反比例函数,candidates/hjb-junior-ds-v2-s2-466.png,"已知反比例函数 y = k/x 的图像经过点 A(2, -3)。下列说法正确的是（　）",为沪教版初中数学题 hjb-junior-ds-v2-s2-466 绘制原创题目插图，单元「反比例函数」，不要复制教材或试卷版式。 绘制函数坐标系和曲线/直线关键特征；突出顶点、交点、对称轴、象限或变化趋势。,仅根据当前原创题干重新绘制简洁数学示意图，不复制、还原或近似教材/试卷原图、版式、题序或受保护视觉布局。
hjb-junior-ds-v2-s2-468,queued,pending,,full,function-graph,S2,八年级下册,反比例函数,candidates/hjb-junior-ds-v2-s2-468.png,"已知点 P(-1, 2) 在反比例函数 y = k/x 的图像上，则下列各点中也在该图像上的是（　）",为沪教版初中数学题 hjb-junior-ds-v2-s2-468 绘制原创题目插图，单元「反比例函数」，不要复制教材或试卷版式。 绘制函数坐标系和曲线/直线关键特征；突出顶点、交点、对称轴、象限或变化趋势。,仅根据当前原创题干重新绘制简洁数学示意图，不复制、还原或近似教材/试卷原图、版式、题序或受保护视觉布局。
hjb-junior-ds-v2-s2-469,queued,pending,,full,function-graph,S2,八年级下册,反比例函数,candidates/hjb-junior-ds-v2-s2-469.png,"某气球内充满了一定质量的气体，当温度不变时，气球内气体的气压 p (kPa) 是气体体积 V (m³) 的反比例函数，其图像经过点 (1.6, 60)。当气球内的气压大于 120 kPa 时，气球将爆炸。为了安全起见，气球的体积应不小于______ m³。",为沪教版初中数学题 hjb-junior-ds-v2-s2-469 绘制原创题目插图，单元「反比例函数」，不要复制教材或试卷版式。 绘制函数坐标系和曲线/直线关键特征；突出顶点、交点、对称轴、象限或变化趋势。,仅根据当前原创题干重新绘制简洁数学示意图，不复制、还原或近似教材/试卷原图、版式、题序或受保护视觉布局。
hjb-junior-ds-v2-s2-472,queued,pending,,full,function-graph,S2,八年级下册,反比例函数,candidates/hjb-junior-ds-v2-s2-472.png,下列各点中，在反比例函数 y = -6/x 图像上的是（ ）,为沪教版初中数学题 hjb-junior-ds-v2-s2-472 绘制原创题目插图，单元「反比例函数」，不要复制教材或试卷版式。 绘制函数坐标系和曲线/直线关键特征；突出顶点、交点、对称轴、象限或变化趋势。,仅根据当前原创题干重新绘制简洁数学示意图，不复制、还原或近似教材/试卷原图、版式、题序或受保护视觉布局。
hjb-junior-ds-v2-s2-474,queued,pending,,full,function-graph,S2,八年级下册,反比例函数,candidates/hjb-junior-ds-v2-s2-474.png,对于反比例函数 y = (m-1)/x，当 x > 0 时，y 随 x 的增大而减小，则 m 的取值范围是（ ）,为沪教版初中数学题 hjb-junior-ds-v2-s2-474 绘制原创题目插图，单元「反比例函数」，不要复制教材或试卷版式。 绘制函数坐标系和曲线/直线关键特征；突出顶点、交点、对称轴、象限或变化趋势。,仅根据当前原创题干重新绘制简洁数学示意图，不复制、还原或近似教材/试卷原图、版式、题序或受保护视觉布局。
hjb-junior-ds-v2-s2-476,queued,pending,,full,function-graph,S2,八年级下册,反比例函数,candidates/hjb-junior-ds-v2-s2-476.png,"已知反比例函数 y = k/x 的图像经过点 P(-2, 3)，则下列各点中也在该函数图像上的是（ ）",为沪教版初中数学题 hjb-junior-ds-v2-s2-476 绘制原创题目插图，单元「反比例函数」，不要复制教材或试卷版式。 绘制函数坐标系和曲线/直线关键特征；突出顶点、交点、对称轴、象限或变化趋势。,仅根据当前原创题干重新绘制简洁数学示意图，不复制、还原或近似教材/试卷原图、版式、题序或受保护视觉布局。
hjb-junior-ds-v2-s2-478,queued,pending,,full,function-graph,S2,八年级下册,反比例函数,candidates/hjb-junior-ds-v2-s2-478.png,"已知点 A(-2, a) 和 B(b, -3) 都在反比例函数 y = 6/x 的图像上，则 a + b 的值为？",为沪教版初中数学题 hjb-junior-ds-v2-s2-478 绘制原创题目插图，单元「反比例函数」，不要复制教材或试卷版式。 绘制函数坐标系和曲线/直线关键特征；突出顶点、交点、对称轴、象限或变化趋势。,仅根据当前原创题干重新绘制简洁数学示意图，不复制、还原或近似教材/试卷原图、版式、题序或受保护视觉布局。
hjb-junior-ds-v2-s2-480,queued,pending,,full,function-graph,S2,八年级下册,反比例函数,candidates/hjb-junior-ds-v2-s2-480.png,对于反比例函数 y = -4/x，当 x > 0 时，y 随 x 的增大而？,为沪教版初中数学题 hjb-junior-ds-v2-s2-480 绘制原创题目插图，单元「反比例函数」，不要复制教材或试卷版式。 绘制函数坐标系和曲线/直线关键特征；突出顶点、交点、对称轴、象限或变化趋势。,仅根据当前原创题干重新绘制简洁数学示意图，不复制、还原或近似教材/试卷原图、版式、题序或受保护视觉布局。
hjb-junior-ds-v2-s2-481,queued,pending,,full,function-graph,S2,八年级下册,反比例函数,candidates/hjb-junior-ds-v2-s2-481.png,"已知反比例函数 y = k/x 的图像经过点 P(4, -2)。关于该函数，下列说法正确的是（ ）",为沪教版初中数学题 hjb-junior-ds-v2-s2-481 绘制原创题目插图，单元「反比例函数」，不要复制教材或试卷版式。 绘制函数坐标系和曲线/直线关键特征；突出顶点、交点、对称轴、象限或变化趋势。,仅根据当前原创题干重新绘制简洁数学示意图，不复制、还原或近似教材/试卷原图、版式、题序或受保护视觉布局。
hjb-junior-ds-v2-s2-482,queued,pending,,full,function-graph,S2,八年级下册,反比例函数,candidates/hjb-junior-ds-v2-s2-482.png,"在反比例函数 y = (m+1)/x 的图像上有两点 A(-3, y1) 和 B(2, y2)，且 y1 > y2，则 m 的取值范围是（ ）",为沪教版初中数学题 hjb-junior-ds-v2-s2-482 绘制原创题目插图，单元「反比例函数」，不要复制教材或试卷版式。 绘制函数坐标系和曲线/直线关键特征；突出顶点、交点、对称轴、象限或变化趋势。,仅根据当前原创题干重新绘制简洁数学示意图，不复制、还原或近似教材/试卷原图、版式、题序或受保护视觉布局。
hjb-junior-ds-v2-s2-483,queued,pending,,full,function-graph,S2,八年级下册,反比例函数,candidates/hjb-junior-ds-v2-s2-483.png,"已知点 A(2, a) 和点 B(b, -3) 都在反比例函数 y = -6/x 的图像上，则 a + b 的值为（ ）",为沪教版初中数学题 hjb-junior-ds-v2-s2-483 绘制原创题目插图，单元「反比例函数」，不要复制教材或试卷版式。 绘制函数坐标系和曲线/直线关键特征；突出顶点、交点、对称轴、象限或变化趋势。,仅根据当前原创题干重新绘制简洁数学示意图，不复制、还原或近似教材/试卷原图、版式、题序或受保护视觉布局。
hjb-junior-ds-v2-s2-484,queued,pending,,full,function-graph,S2,八年级下册,反比例函数,candidates/hjb-junior-ds-v2-s2-484.png,"已知反比例函数 y = k/x 的图像经过点 M(-1, 3)，则当 x = 2 时，y 的值为（ ）",为沪教版初中数学题 hjb-junior-ds-v2-s2-484 绘制原创题目插图，单元「反比例函数」，不要复制教材或试卷版式。 绘制函数坐标系和曲线/直线关键特征；突出顶点、交点、对称轴、象限或变化趋势。,仅根据当前原创题干重新绘制简洁数学示意图，不复制、还原或近似教材/试卷原图、版式、题序或受保护视觉布局。
hjb-junior-ds-v2-s2-486,queued,pending,,full,function-graph,S2,八年级下册,反比例函数,candidates/hjb-junior-ds-v2-s2-486.png,"已知点A(2, -3)在反比例函数y = k/x的图像上，则k的值为（ ）",为沪教版初中数学题 hjb-junior-ds-v2-s2-486 绘制原创题目插图，单元「反比例函数」，不要复制教材或试卷版式。 绘制函数坐标系和曲线/直线关键特征；突出顶点、交点、对称轴、象限或变化趋势。,仅根据当前原创题干重新绘制简洁数学示意图，不复制、还原或近似教材/试卷原图、版式、题序或受保护视觉布局。
hjb-junior-ds-v2-s2-488,queued,pending,,full,function-graph,S2,八年级下册,反比例函数,candidates/hjb-junior-ds-v2-s2-488.png,"已知反比例函数y = m/x的图像经过点(-3, 4)，则当x = 6时，y的值为（ ）",为沪教版初中数学题 hjb-junior-ds-v2-s2-488 绘制原创题目插图，单元「反比例函数」，不要复制教材或试卷版式。 绘制函数坐标系和曲线/直线关键特征；突出顶点、交点、对称轴、象限或变化趋势。,仅根据当前原创题干重新绘制简洁数学示意图，不复制、还原或近似教材/试卷原图、版式、题序或受保护视觉布局。
hjb-junior-ds-v2-s2-489,queued,pending,,full,function-graph,S2,八年级下册,反比例函数,candidates/hjb-junior-ds-v2-s2-489.png,在反比例函数y = (k-1)/x的每一分支上，y都随x的增大而减小，则k的值可以是（ ）,为沪教版初中数学题 hjb-junior-ds-v2-s2-489 绘制原创题目插图，单元「反比例函数」，不要复制教材或试卷版式。 绘制函数坐标系和曲线/直线关键特征；突出顶点、交点、对称轴、象限或变化趋势。,仅根据当前原创题干重新绘制简洁数学示意图，不复制、还原或近似教材/试卷原图、版式、题序或受保护视觉布局。
hjb-junior-ds-v2-s2-490,queued,pending,,full,function-graph,S2,八年级下册,反比例函数,candidates/hjb-junior-ds-v2-s2-490.png,"已知点P(1, 4)和Q(2, m)都在反比例函数y = k/x的图像上，则m的值为（ ）",为沪教版初中数学题 hjb-junior-ds-v2-s2-490 绘制原创题目插图，单元「反比例函数」，不要复制教材或试卷版式。 绘制函数坐标系和曲线/直线关键特征；突出顶点、交点、对称轴、象限或变化趋势。,仅根据当前原创题干重新绘制简洁数学示意图，不复制、还原或近似教材/试卷原图、版式、题序或受保护视觉布局。
hjb-junior-ds-v2-s2-491,queued,pending,,full,function-graph,S2,八年级下册,反比例函数,candidates/hjb-junior-ds-v2-s2-491.png,"已知反比例函数 y = k/x 的图像经过点 A(3, -2)。若点 B(m, 4) 也在该函数图像上，则 m 的值为（ ）",为沪教版初中数学题 hjb-junior-ds-v2-s2-491 绘制原创题目插图，单元「反比例函数」，不要复制教材或试卷版式。 绘制函数坐标系和曲线/直线关键特征；突出顶点、交点、对称轴、象限或变化趋势。,仅根据当前原创题干重新绘制简洁数学示意图，不复制、还原或近似教材/试卷原图、版式、题序或受保护视觉布局。
hjb-junior-ds-v2-s2-492,queued,pending,,full,function-graph,S2,八年级下册,反比例函数,candidates/hjb-junior-ds-v2-s2-492.png,"已知反比例函数 y = k/x 的图像经过点 A(3, -2)。下列判断正确的是（ ）",为沪教版初中数学题 hjb-junior-ds-v2-s2-492 绘制原创题目插图，单元「反比例函数」，不要复制教材或试卷版式。 绘制函数坐标系和曲线/直线关键特征；突出顶点、交点、对称轴、象限或变化趋势。,仅根据当前原创题干重新绘制简洁数学示意图，不复制、还原或近似教材/试卷原图、版式、题序或受保护视觉布局。
hjb-junior-ds-v2-s2-493,queued,pending,,full,function-graph,S2,八年级下册,反比例函数,candidates/hjb-junior-ds-v2-s2-493.png,"已知反比例函数 y = k/x 的图像经过点 A(2, -3)。若点 B(-1, m) 也在这个函数的图像上，则 m 的值为（ ）",为沪教版初中数学题 hjb-junior-ds-v2-s2-493 绘制原创题目插图，单元「反比例函数」，不要复制教材或试卷版式。 绘制函数坐标系和曲线/直线关键特征；突出顶点、交点、对称轴、象限或变化趋势。,仅根据当前原创题干重新绘制简洁数学示意图，不复制、还原或近似教材/试卷原图、版式、题序或受保护视觉布局。
hjb-junior-ds-v2-s2-494,queued,pending,,full,function-graph,S2,八年级下册,反比例函数,candidates/hjb-junior-ds-v2-s2-494.png,"已知反比例函数 y = k/x 的图像经过点 A(3, -2)。关于该函数，下列判断正确的是：",为沪教版初中数学题 hjb-junior-ds-v2-s2-494 绘制原创题目插图，单元「反比例函数」，不要复制教材或试卷版式。 绘制函数坐标系和曲线/直线关键特征；突出顶点、交点、对称轴、象限或变化趋势。,仅根据当前原创题干重新绘制简洁数学示意图，不复制、还原或近似教材/试卷原图、版式、题序或受保护视觉布局。
hjb-junior-ds-v2-s2-495,queued,pending,,full,function-graph,S2,八年级下册,反比例函数,candidates/hjb-junior-ds-v2-s2-495.png,"已知反比例函数 y = k/x 的图像经过点 P(4, -1)。关于该函数，下列判断正确的是（ ）",为沪教版初中数学题 hjb-junior-ds-v2-s2-495 绘制原创题目插图，单元「反比例函数」，不要复制教材或试卷版式。 绘制函数坐标系和曲线/直线关键特征；突出顶点、交点、对称轴、象限或变化趋势。,仅根据当前原创题干重新绘制简洁数学示意图，不复制、还原或近似教材/试卷原图、版式、题序或受保护视觉布局。
hjb-junior-ds-v2-s2-496,queued,pending,,full,function-graph,S2,八年级下册,反比例函数,candidates/hjb-junior-ds-v2-s2-496.png,"已知反比例函数 y = k/x 的图像经过点 A(3, -4)。下列说法正确的是（ ）",为沪教版初中数学题 hjb-junior-ds-v2-s2-496 绘制原创题目插图，单元「反比例函数」，不要复制教材或试卷版式。 绘制函数坐标系和曲线/直线关键特征；突出顶点、交点、对称轴、象限或变化趋势。,仅根据当前原创题干重新绘制简洁数学示意图，不复制、还原或近似教材/试卷原图、版式、题序或受保护视觉布局。
hjb-junior-ds-v2-s2-497,queued,pending,,full,function-graph,S2,八年级下册,反比例函数,candidates/hjb-junior-ds-v2-s2-497.png,对于反比例函数 y = (m+1)/x，当 x>0 时，y 随 x 的增大而减小，则 m 的取值范围是（ ）,为沪教版初中数学题 hjb-junior-ds-v2-s2-497 绘制原创题目插图，单元「反比例函数」，不要复制教材或试卷版式。 绘制函数坐标系和曲线/直线关键特征；突出顶点、交点、对称轴、象限或变化趋势。,仅根据当前原创题干重新绘制简洁数学示意图，不复制、还原或近似教材/试卷原图、版式、题序或受保护视觉布局。
hjb-junior-ds-v2-s2-498,queued,pending,,full,function-graph,S2,八年级下册,反比例函数,candidates/hjb-junior-ds-v2-s2-498.png,"已知点 P(-2, 3) 在反比例函数 y = k/x 的图像上，则下列各点中也在该图像上的是（ ）",为沪教版初中数学题 hjb-junior-ds-v2-s2-498 绘制原创题目插图，单元「反比例函数」，不要复制教材或试卷版式。 绘制函数坐标系和曲线/直线关键特征；突出顶点、交点、对称轴、象限或变化趋势。,仅根据当前原创题干重新绘制简洁数学示意图，不复制、还原或近似教材/试卷原图、版式、题序或受保护视觉布局。
hjb-junior-ds-v2-s2-499,queued,pending,,full,function-graph,S2,八年级下册,反比例函数,candidates/hjb-junior-ds-v2-s2-499.png,已知反比例函数 y = 6/x，当 -3 ≤ x ≤ -1 时，y 的最大值是（ ）,为沪教版初中数学题 hjb-junior-ds-v2-s2-499 绘制原创题目插图，单元「反比例函数」，不要复制教材或试卷版式。 绘制函数坐标系和曲线/直线关键特征；突出顶点、交点、对称轴、象限或变化趋势。,仅根据当前原创题干重新绘制简洁数学示意图，不复制、还原或近似教材/试卷原图、版式、题序或受保护视觉布局。
hjb-junior-ds-v2-s2-500,queued,pending,,full,function-graph,S2,八年级下册,反比例函数,candidates/hjb-junior-ds-v2-s2-500.png,"某气球内充满了一定质量的气体，当温度不变时，气球内气体的气压 p (kPa) 是气体体积 V (m³) 的反比例函数，其图像经过点 (0.8, 120)。当气球内的气压大于 150 kPa 时，气球将爆炸。为了安全起见，气体的体积应（ ）",为沪教版初中数学题 hjb-junior-ds-v2-s2-500 绘制原创题目插图，单元「反比例函数」，不要复制教材或试卷版式。 绘制函数坐标系和曲线/直线关键特征；突出顶点、交点、对称轴、象限或变化趋势。,仅根据当前原创题干重新绘制简洁数学示意图，不复制、还原或近似教材/试卷原图、版式、题序或受保护视觉布局。
hjb-junior-ds-v2-s2-378,queued,pending,,full,function-graph,S2,八年级下册,一次函数,candidates/hjb-junior-ds-v2-s2-378.png,"一次函数y = -2x + 3的图像经过点A(m, 7)，则m的值为（ ）。",为沪教版初中数学题 hjb-junior-ds-v2-s2-378 绘制原创题目插图，单元「一次函数」，不要复制教材或试卷版式。 绘制函数坐标系和曲线/直线关键特征；突出顶点、交点、对称轴、象限或变化趋势。,仅根据当前原创题干重新绘制简洁数学示意图，不复制、还原或近似教材/试卷原图、版式、题序或受保护视觉布局。
hjb-junior-ds-v2-s2-379,queued,pending,,full,function-graph,S2,八年级下册,一次函数,candidates/hjb-junior-ds-v2-s2-379.png,"已知正比例函数y = kx的图像经过点(4, -6)，则k = ______。",为沪教版初中数学题 hjb-junior-ds-v2-s2-379 绘制原创题目插图，单元「一次函数」，不要复制教材或试卷版式。 绘制函数坐标系和曲线/直线关键特征；突出顶点、交点、对称轴、象限或变化趋势。,仅根据当前原创题干重新绘制简洁数学示意图，不复制、还原或近似教材/试卷原图、版式、题序或受保护视觉布局。
hjb-junior-ds-v2-s2-380,queued,pending,,full,function-graph,S2,八年级下册,一次函数,candidates/hjb-junior-ds-v2-s2-380.png,一次函数y = 3x - 2的图像与x轴的交点坐标是（ ）。,为沪教版初中数学题 hjb-junior-ds-v2-s2-380 绘制原创题目插图，单元「一次函数」，不要复制教材或试卷版式。 绘制函数坐标系和曲线/直线关键特征；突出顶点、交点、对称轴、象限或变化趋势。,仅根据当前原创题干重新绘制简洁数学示意图，不复制、还原或近似教材/试卷原图、版式、题序或受保护视觉布局。
hjb-junior-ds-v2-s2-382,queued,pending,,full,function-graph,S2,八年级下册,一次函数,candidates/hjb-junior-ds-v2-s2-382.png,"已知一次函数y = kx + b的图像经过点(2, 5)和(-1, -1)，则下列哪个点也在此函数图像上？",为沪教版初中数学题 hjb-junior-ds-v2-s2-382 绘制原创题目插图，单元「一次函数」，不要复制教材或试卷版式。 绘制函数坐标系和曲线/直线关键特征；突出顶点、交点、对称轴、象限或变化趋势。,仅根据当前原创题干重新绘制简洁数学示意图，不复制、还原或近似教材/试卷原图、版式、题序或受保护视觉布局。
hjb-junior-ds-v2-s2-387,queued,pending,,full,function-graph,S2,八年级下册,一次函数,candidates/hjb-junior-ds-v2-s2-387.png,"已知一次函数y=kx+b的图像经过点(1,3)和(3,7)，则k=______，b=______。",为沪教版初中数学题 hjb-junior-ds-v2-s2-387 绘制原创题目插图，单元「一次函数」，不要复制教材或试卷版式。 绘制函数坐标系和曲线/直线关键特征；突出顶点、交点、对称轴、象限或变化趋势。,仅根据当前原创题干重新绘制简洁数学示意图，不复制、还原或近似教材/试卷原图、版式、题序或受保护视觉布局。
hjb-junior-ds-v2-s2-394,queued,pending,,full,function-graph,S2,八年级下册,一次函数,candidates/hjb-junior-ds-v2-s2-394.png,一次函数y=-2x+4的图像与x轴、y轴分别交于点A、B。下列说法正确的是（ ）。,为沪教版初中数学题 hjb-junior-ds-v2-s2-394 绘制原创题目插图，单元「一次函数」，不要复制教材或试卷版式。 绘制函数坐标系和曲线/直线关键特征；突出顶点、交点、对称轴、象限或变化趋势。,仅根据当前原创题干重新绘制简洁数学示意图，不复制、还原或近似教材/试卷原图、版式、题序或受保护视觉布局。
hjb-junior-ds-v2-s2-395,queued,pending,,full,function-graph,S2,八年级下册,一次函数,candidates/hjb-junior-ds-v2-s2-395.png,"已知正比例函数y=kx的图像经过点(3,-6)。求k的值，并判断点(-1,2)是否在该函数图像上。",为沪教版初中数学题 hjb-junior-ds-v2-s2-395 绘制原创题目插图，单元「一次函数」，不要复制教材或试卷版式。 绘制函数坐标系和曲线/直线关键特征；突出顶点、交点、对称轴、象限或变化趋势。,仅根据当前原创题干重新绘制简洁数学示意图，不复制、还原或近似教材/试卷原图、版式、题序或受保护视觉布局。
hjb-junior-ds-v2-s2-398,queued,pending,,full,function-graph,S2,八年级下册,一次函数,candidates/hjb-junior-ds-v2-s2-398.png,一次函数y=-2x+4的图像与x轴的交点坐标是（ ）。,为沪教版初中数学题 hjb-junior-ds-v2-s2-398 绘制原创题目插图，单元「一次函数」，不要复制教材或试卷版式。 绘制函数坐标系和曲线/直线关键特征；突出顶点、交点、对称轴、象限或变化趋势。,仅根据当前原创题干重新绘制简洁数学示意图，不复制、还原或近似教材/试卷原图、版式、题序或受保护视觉布局。
hjb-junior-ds-v2-s2-399,queued,pending,,full,function-graph,S2,八年级下册,一次函数,candidates/hjb-junior-ds-v2-s2-399.png,"已知正比例函数y=kx的图像经过点(3, -6)，则k=______。",为沪教版初中数学题 hjb-junior-ds-v2-s2-399 绘制原创题目插图，单元「一次函数」，不要复制教材或试卷版式。 绘制函数坐标系和曲线/直线关键特征；突出顶点、交点、对称轴、象限或变化趋势。,仅根据当前原创题干重新绘制简洁数学示意图，不复制、还原或近似教材/试卷原图、版式、题序或受保护视觉布局。
hjb-junior-ds-v2-s2-400,queued,pending,,full,function-graph,S2,八年级下册,一次函数,candidates/hjb-junior-ds-v2-s2-400.png,"已知一次函数y=3x-1，点A(2, m)在该函数图像上，则m的值为（ ）。",为沪教版初中数学题 hjb-junior-ds-v2-s2-400 绘制原创题目插图，单元「一次函数」，不要复制教材或试卷版式。 绘制函数坐标系和曲线/直线关键特征；突出顶点、交点、对称轴、象限或变化趋势。,仅根据当前原创题干重新绘制简洁数学示意图，不复制、还原或近似教材/试卷原图、版式、题序或受保护视觉布局。
hjb-junior-ds-v2-s2-402,queued,pending,,full,function-graph,S2,八年级下册,一次函数,candidates/hjb-junior-ds-v2-s2-402.png,"已知一次函数y=kx+b的图象经过点A(2,5)和B(-1,-4)，则k和b的值分别为（　）",为沪教版初中数学题 hjb-junior-ds-v2-s2-402 绘制原创题目插图，单元「一次函数」，不要复制教材或试卷版式。 绘制函数坐标系和曲线/直线关键特征；突出顶点、交点、对称轴、象限或变化趋势。,仅根据当前原创题干重新绘制简洁数学示意图，不复制、还原或近似教材/试卷原图、版式、题序或受保护视觉布局。
hjb-junior-ds-v2-s2-405,queued,pending,,full,function-graph,S2,八年级下册,一次函数,candidates/hjb-junior-ds-v2-s2-405.png,已知一次函数y=(m-1)x+m+2的图象经过原点，求m的值。,为沪教版初中数学题 hjb-junior-ds-v2-s2-405 绘制原创题目插图，单元「一次函数」，不要复制教材或试卷版式。 绘制函数坐标系和曲线/直线关键特征；突出顶点、交点、对称轴、象限或变化趋势。,仅根据当前原创题干重新绘制简洁数学示意图，不复制、还原或近似教材/试卷原图、版式、题序或受保护视觉布局。
hjb-junior-ds-v2-s2-408,queued,pending,,full,function-graph,S2,八年级下册,一次函数,candidates/hjb-junior-ds-v2-s2-408.png,"一次函数y=-2x+3的图像经过点P(a, 5)，则a的值为？",为沪教版初中数学题 hjb-junior-ds-v2-s2-408 绘制原创题目插图，单元「一次函数」，不要复制教材或试卷版式。 绘制函数坐标系和曲线/直线关键特征；突出顶点、交点、对称轴、象限或变化趋势。,仅根据当前原创题干重新绘制简洁数学示意图，不复制、还原或近似教材/试卷原图、版式、题序或受保护视觉布局。
hjb-junior-ds-v2-s2-409,queued,pending,,full,function-graph,S2,八年级下册,一次函数,candidates/hjb-junior-ds-v2-s2-409.png,"已知一次函数y=kx+b的图像经过点(1, -2)和(3, 4)，则k=______，b=______。",为沪教版初中数学题 hjb-junior-ds-v2-s2-409 绘制原创题目插图，单元「一次函数」，不要复制教材或试卷版式。 绘制函数坐标系和曲线/直线关键特征；突出顶点、交点、对称轴、象限或变化趋势。,仅根据当前原创题干重新绘制简洁数学示意图，不复制、还原或近似教材/试卷原图、版式、题序或受保护视觉布局。
hjb-junior-ds-v2-s2-413,queued,pending,,full,function-graph,S2,八年级下册,一次函数,candidates/hjb-junior-ds-v2-s2-413.png,已知正比例函数y=(m-2)x，当m满足什么条件时，y随x的增大而减小？,为沪教版初中数学题 hjb-junior-ds-v2-s2-413 绘制原创题目插图，单元「一次函数」，不要复制教材或试卷版式。 绘制函数坐标系和曲线/直线关键特征；突出顶点、交点、对称轴、象限或变化趋势。,仅根据当前原创题干重新绘制简洁数学示意图，不复制、还原或近似教材/试卷原图、版式、题序或受保护视觉布局。
hjb-junior-ds-v2-s2-414,queued,pending,,full,function-graph,S2,八年级下册,一次函数,candidates/hjb-junior-ds-v2-s2-414.png,一次函数y=2x-4的图象与x轴的交点坐标是（　）,为沪教版初中数学题 hjb-junior-ds-v2-s2-414 绘制原创题目插图，单元「一次函数」，不要复制教材或试卷版式。 绘制函数坐标系和曲线/直线关键特征；突出顶点、交点、对称轴、象限或变化趋势。,仅根据当前原创题干重新绘制简洁数学示意图，不复制、还原或近似教材/试卷原图、版式、题序或受保护视觉布局。
hjb-junior-ds-v2-s2-415,queued,pending,,full,function-graph,S2,八年级下册,一次函数,candidates/hjb-junior-ds-v2-s2-415.png,"已知一次函数y=-3x+b的图象经过点(2,-1)，求b的值。",为沪教版初中数学题 hjb-junior-ds-v2-s2-415 绘制原创题目插图，单元「一次函数」，不要复制教材或试卷版式。 绘制函数坐标系和曲线/直线关键特征；突出顶点、交点、对称轴、象限或变化趋势。,仅根据当前原创题干重新绘制简洁数学示意图，不复制、还原或近似教材/试卷原图、版式、题序或受保护视觉布局。
hjb-junior-ds-v2-s2-418,queued,pending,,full,function-graph,S2,八年级下册,一次函数,candidates/hjb-junior-ds-v2-s2-418.png,"一次函数y=kx+b的图象经过点A(2,5)和B(-1,-1)。下列判断正确的是（ ）。",为沪教版初中数学题 hjb-junior-ds-v2-s2-418 绘制原创题目插图，单元「一次函数」，不要复制教材或试卷版式。 绘制函数坐标系和曲线/直线关键特征；突出顶点、交点、对称轴、象限或变化趋势。,仅根据当前原创题干重新绘制简洁数学示意图，不复制、还原或近似教材/试卷原图、版式、题序或受保护视觉布局。
hjb-junior-ds-v2-s2-422,queued,pending,,full,function-graph,S2,八年级下册,一次函数,candidates/hjb-junior-ds-v2-s2-422.png,"已知一次函数y=kx+b的图像经过点(1,3)和(-2,-3)，则k和b的值分别为（ ）",为沪教版初中数学题 hjb-junior-ds-v2-s2-422 绘制原创题目插图，单元「一次函数」，不要复制教材或试卷版式。 绘制函数坐标系和曲线/直线关键特征；突出顶点、交点、对称轴、象限或变化趋势。,仅根据当前原创题干重新绘制简洁数学示意图，不复制、还原或近似教材/试卷原图、版式、题序或受保护视觉布局。
hjb-junior-ds-v2-s2-424,queued,pending,,full,function-graph,S2,八年级下册,一次函数,candidates/hjb-junior-ds-v2-s2-424.png,已知一次函数 y = 2x - 3，下列哪个点在该函数的图像上？,为沪教版初中数学题 hjb-junior-ds-v2-s2-424 绘制原创题目插图，单元「一次函数」，不要复制教材或试卷版式。 绘制函数坐标系和曲线/直线关键特征；突出顶点、交点、对称轴、象限或变化趋势。,仅根据当前原创题干重新绘制简洁数学示意图，不复制、还原或近似教材/试卷原图、版式、题序或受保护视觉布局。
hjb-junior-ds-v2-s2-427,queued,pending,,full,function-graph,S2,八年级下册,一次函数,candidates/hjb-junior-ds-v2-s2-427.png,"已知正比例函数y=kx的图像经过点(4,-12)，则k=______。",为沪教版初中数学题 hjb-junior-ds-v2-s2-427 绘制原创题目插图，单元「一次函数」，不要复制教材或试卷版式。 绘制函数坐标系和曲线/直线关键特征；突出顶点、交点、对称轴、象限或变化趋势。,仅根据当前原创题干重新绘制简洁数学示意图，不复制、还原或近似教材/试卷原图、版式、题序或受保护视觉布局。
hjb-junior-ds-v2-s2-429,queued,pending,,full,function-graph,S2,八年级下册,一次函数,candidates/hjb-junior-ds-v2-s2-429.png,已知一次函数y=(m-1)x+m+2，若y随x的增大而减小，则m的取值范围是______。,为沪教版初中数学题 hjb-junior-ds-v2-s2-429 绘制原创题目插图，单元「一次函数」，不要复制教材或试卷版式。 绘制函数坐标系和曲线/直线关键特征；突出顶点、交点、对称轴、象限或变化趋势。,仅根据当前原创题干重新绘制简洁数学示意图，不复制、还原或近似教材/试卷原图、版式、题序或受保护视觉布局。
hjb-junior-ds-v2-s2-431,queued,pending,,full,function-graph,S2,八年级下册,一次函数,candidates/hjb-junior-ds-v2-s2-431.png,"已知一次函数 y = kx + b 的图像经过点 A(2, 5) 和点 B(-1, -4)，求该函数的解析式。",为沪教版初中数学题 hjb-junior-ds-v2-s2-431 绘制原创题目插图，单元「一次函数」，不要复制教材或试卷版式。 绘制函数坐标系和曲线/直线关键特征；突出顶点、交点、对称轴、象限或变化趋势。,仅根据当前原创题干重新绘制简洁数学示意图，不复制、还原或近似教材/试卷原图、版式、题序或受保护视觉布局。
hjb-junior-ds-v2-s2-433,queued,pending,,full,function-graph,S2,八年级下册,一次函数,candidates/hjb-junior-ds-v2-s2-433.png,"已知正比例函数 y = kx 的图像经过点 (3, -6)，则 k 的值为______。",为沪教版初中数学题 hjb-junior-ds-v2-s2-433 绘制原创题目插图，单元「一次函数」，不要复制教材或试卷版式。 绘制函数坐标系和曲线/直线关键特征；突出顶点、交点、对称轴、象限或变化趋势。,仅根据当前原创题干重新绘制简洁数学示意图，不复制、还原或近似教材/试卷原图、版式、题序或受保护视觉布局。
hjb-junior-ds-v2-s2-434,queued,pending,,full,function-graph,S2,八年级下册,一次函数,candidates/hjb-junior-ds-v2-s2-434.png,一次函数 y = 2x - 5 的图像与 x 轴的交点坐标是（ ）,为沪教版初中数学题 hjb-junior-ds-v2-s2-434 绘制原创题目插图，单元「一次函数」，不要复制教材或试卷版式。 绘制函数坐标系和曲线/直线关键特征；突出顶点、交点、对称轴、象限或变化趋势。,仅根据当前原创题干重新绘制简洁数学示意图，不复制、还原或近似教材/试卷原图、版式、题序或受保护视觉布局。
hjb-junior-ds-v2-s2-436,queued,pending,,full,function-graph,S2,八年级下册,一次函数,candidates/hjb-junior-ds-v2-s2-436.png,已知一次函数 y = (2k - 1)x + (k + 3)，当 k 取下列哪个值时，y 随 x 的增大而减小？,为沪教版初中数学题 hjb-junior-ds-v2-s2-436 绘制原创题目插图，单元「一次函数」，不要复制教材或试卷版式。 绘制函数坐标系和曲线/直线关键特征；突出顶点、交点、对称轴、象限或变化趋势。,仅根据当前原创题干重新绘制简洁数学示意图，不复制、还原或近似教材/试卷原图、版式、题序或受保护视觉布局。
hjb-junior-ds-v2-s2-437,queued,pending,,full,function-graph,S2,八年级下册,一次函数,candidates/hjb-junior-ds-v2-s2-437.png,"已知一次函数 y = 3x + b 的图像经过点 (2, 5)，则 b = ______。",为沪教版初中数学题 hjb-junior-ds-v2-s2-437 绘制原创题目插图，单元「一次函数」，不要复制教材或试卷版式。 绘制函数坐标系和曲线/直线关键特征；突出顶点、交点、对称轴、象限或变化趋势。,仅根据当前原创题干重新绘制简洁数学示意图，不复制、还原或近似教材/试卷原图、版式、题序或受保护视觉布局。
hjb-junior-ds-v2-s3-169,queued,pending,,full,function-graph,S3,九年级上册,二次函数,candidates/hjb-junior-ds-v2-s3-169.png,"已知二次函数y=ax²+bx+c（a≠0）的图象经过点(0, -3)，对称轴为直线x=1，且函数有最大值2。则下列结论正确的是（ ）。",为沪教版初中数学题 hjb-junior-ds-v2-s3-169 绘制原创题目插图，单元「二次函数」，不要复制教材或试卷版式。 绘制函数坐标系和曲线/直线关键特征；突出顶点、交点、对称轴、象限或变化趋势。,仅根据当前原创题干重新绘制简洁数学示意图，不复制、还原或近似教材/试卷原图、版式、题序或受保护视觉布局。
hjb-junior-ds-v2-s3-170,queued,pending,,full,function-graph,S3,九年级上册,二次函数,candidates/hjb-junior-ds-v2-s3-170.png,将抛物线y=2x²先向左平移3个单位，再向下平移4个单位，所得新抛物线的顶点坐标为______。,为沪教版初中数学题 hjb-junior-ds-v2-s3-170 绘制原创题目插图，单元「二次函数」，不要复制教材或试卷版式。 绘制函数坐标系和曲线/直线关键特征；突出顶点、交点、对称轴、象限或变化趋势。,仅根据当前原创题干重新绘制简洁数学示意图，不复制、还原或近似教材/试卷原图、版式、题序或受保护视觉布局。
hjb-junior-ds-v2-s3-171,queued,pending,,full,function-graph,S3,九年级上册,二次函数,candidates/hjb-junior-ds-v2-s3-171.png,已知二次函数 y = -2x² + 8x - 5。 (1) 将该函数化为 y = a(x - h)² + k 的形式，并写出它的顶点坐标和对称轴。 (2) 当 x 取何值时，y 随 x 的增大而减小？ (3) 若将该函数的图像向左平移 3 个单位，再向下平移 2 个单位，求平移后新函数的解析式。,为沪教版初中数学题 hjb-junior-ds-v2-s3-171 绘制原创题目插图，单元「二次函数」，不要复制教材或试卷版式。 绘制函数坐标系和曲线/直线关键特征；突出顶点、交点、对称轴、象限或变化趋势。,仅根据当前原创题干重新绘制简洁数学示意图，不复制、还原或近似教材/试卷原图、版式、题序或受保护视觉布局。
hjb-junior-ds-v2-s3-172,queued,pending,,full,function-graph,S3,九年级上册,二次函数,candidates/hjb-junior-ds-v2-s3-172.png,已知二次函数y=ax²+bx+c中，a<0，b>0，c<0，且对称轴在y轴右侧。关于该二次函数的图像，下列说法一定正确的是（ ）,为沪教版初中数学题 hjb-junior-ds-v2-s3-172 绘制原创题目插图，单元「二次函数」，不要复制教材或试卷版式。 绘制函数坐标系和曲线/直线关键特征；突出顶点、交点、对称轴、象限或变化趋势。,仅根据当前原创题干重新绘制简洁数学示意图，不复制、还原或近似教材/试卷原图、版式、题序或受保护视觉布局。
hjb-junior-ds-v2-s3-173,queued,pending,,full,function-graph,S3,九年级上册,二次函数,candidates/hjb-junior-ds-v2-s3-173.png,抛物线 y = 3(x + 1)² - 4 的顶点坐标是______，对称轴是直线______。,为沪教版初中数学题 hjb-junior-ds-v2-s3-173 绘制原创题目插图，单元「二次函数」，不要复制教材或试卷版式。 绘制函数坐标系和曲线/直线关键特征；突出顶点、交点、对称轴、象限或变化趋势。,仅根据当前原创题干重新绘制简洁数学示意图，不复制、还原或近似教材/试卷原图、版式、题序或受保护视觉布局。
hjb-junior-ds-v2-s3-176,queued,pending,,full,function-graph,S3,九年级上册,二次函数,candidates/hjb-junior-ds-v2-s3-176.png,已知二次函数 y = -2(x + 3)^2 + 8。该抛物线的顶点坐标是______。,为沪教版初中数学题 hjb-junior-ds-v2-s3-176 绘制原创题目插图，单元「二次函数」，不要复制教材或试卷版式。 绘制函数坐标系和曲线/直线关键特征；突出顶点、交点、对称轴、象限或变化趋势。,仅根据当前原创题干重新绘制简洁数学示意图，不复制、还原或近似教材/试卷原图、版式、题序或受保护视觉布局。
hjb-junior-ds-v2-s3-178,queued,pending,,full,function-graph,S3,九年级上册,二次函数,candidates/hjb-junior-ds-v2-s3-178.png,将抛物线 y = 2x^2 先向右平移 3 个单位，再向下平移 5 个单位，所得新抛物线的顶点坐标是（ ）。,为沪教版初中数学题 hjb-junior-ds-v2-s3-178 绘制原创题目插图，单元「二次函数」，不要复制教材或试卷版式。 绘制函数坐标系和曲线/直线关键特征；突出顶点、交点、对称轴、象限或变化趋势。,仅根据当前原创题干重新绘制简洁数学示意图，不复制、还原或近似教材/试卷原图、版式、题序或受保护视觉布局。
hjb-junior-ds-v2-s3-179,queued,pending,,full,function-graph,S3,九年级上册,二次函数,candidates/hjb-junior-ds-v2-s3-179.png,二次函数 y = 3x^2 - 6x + 1 的对称轴是直线______。,为沪教版初中数学题 hjb-junior-ds-v2-s3-179 绘制原创题目插图，单元「二次函数」，不要复制教材或试卷版式。 绘制函数坐标系和曲线/直线关键特征；突出顶点、交点、对称轴、象限或变化趋势。,仅根据当前原创题干重新绘制简洁数学示意图，不复制、还原或近似教材/试卷原图、版式、题序或受保护视觉布局。
hjb-junior-ds-v2-s3-180,queued,pending,,full,function-graph,S3,九年级上册,二次函数,candidates/hjb-junior-ds-v2-s3-180.png,已知二次函数 y = -x^2 + 2x + 3。 (1) 求该函数图象与 x 轴的交点坐标； (2) 当 x 取何值时，y > 0？,为沪教版初中数学题 hjb-junior-ds-v2-s3-180 绘制原创题目插图，单元「二次函数」，不要复制教材或试卷版式。 绘制函数坐标系和曲线/直线关键特征；突出顶点、交点、对称轴、象限或变化趋势。,仅根据当前原创题干重新绘制简洁数学示意图，不复制、还原或近似教材/试卷原图、版式、题序或受保护视觉布局。
hjb-junior-ds-v2-s3-182,queued,pending,,full,function-graph,S3,九年级上册,二次函数,candidates/hjb-junior-ds-v2-s3-182.png,将抛物线 y = 3x^2 先向右平移 2 个单位，再向下平移 1 个单位，所得抛物线的解析式为 y = 3(x - ______)^2 - 1。,为沪教版初中数学题 hjb-junior-ds-v2-s3-182 绘制原创题目插图，单元「二次函数」，不要复制教材或试卷版式。 绘制函数坐标系和曲线/直线关键特征；突出顶点、交点、对称轴、象限或变化趋势。,仅根据当前原创题干重新绘制简洁数学示意图，不复制、还原或近似教材/试卷原图、版式、题序或受保护视觉布局。
hjb-junior-ds-v2-s3-184,queued,pending,,full,function-graph,S3,九年级上册,二次函数,candidates/hjb-junior-ds-v2-s3-184.png,"抛物线 y = ax^2 + bx + c 经过点 A(-1, 0)、B(3, 0)，且与 y 轴交于点 C(0, 3)。下列结论正确的是（ ）",为沪教版初中数学题 hjb-junior-ds-v2-s3-184 绘制原创题目插图，单元「二次函数」，不要复制教材或试卷版式。 绘制函数坐标系和曲线/直线关键特征；突出顶点、交点、对称轴、象限或变化趋势。,仅根据当前原创题干重新绘制简洁数学示意图，不复制、还原或近似教材/试卷原图、版式、题序或受保护视觉布局。
hjb-junior-ds-v2-s3-185,queued,pending,,full,function-graph,S3,九年级上册,二次函数,candidates/hjb-junior-ds-v2-s3-185.png,二次函数 y = x^2 - 4x + m 的顶点在 x 轴上，则 m = ______。,为沪教版初中数学题 hjb-junior-ds-v2-s3-185 绘制原创题目插图，单元「二次函数」，不要复制教材或试卷版式。 绘制函数坐标系和曲线/直线关键特征；突出顶点、交点、对称轴、象限或变化趋势。,仅根据当前原创题干重新绘制简洁数学示意图，不复制、还原或近似教材/试卷原图、版式、题序或受保护视觉布局。
hjb-junior-ds-v2-s3-187,queued,pending,,full,function-graph,S3,九年级上册,二次函数,candidates/hjb-junior-ds-v2-s3-187.png,"已知二次函数y = ax² + bx + c的图象经过点A(0, 3)，B(1, 0)，C(3, 0)。下列说法正确的是（ ）",为沪教版初中数学题 hjb-junior-ds-v2-s3-187 绘制原创题目插图，单元「二次函数」，不要复制教材或试卷版式。 绘制函数坐标系和曲线/直线关键特征；突出顶点、交点、对称轴、象限或变化趋势。,仅根据当前原创题干重新绘制简洁数学示意图，不复制、还原或近似教材/试卷原图、版式、题序或受保护视觉布局。
hjb-junior-ds-v2-s3-188,queued,pending,,full,function-graph,S3,九年级上册,二次函数,candidates/hjb-junior-ds-v2-s3-188.png,将抛物线y = 2x²先向左平移3个单位，再向下平移5个单位，所得新抛物线的顶点坐标是______。,为沪教版初中数学题 hjb-junior-ds-v2-s3-188 绘制原创题目插图，单元「二次函数」，不要复制教材或试卷版式。 绘制函数坐标系和曲线/直线关键特征；突出顶点、交点、对称轴、象限或变化趋势。,仅根据当前原创题干重新绘制简洁数学示意图，不复制、还原或近似教材/试卷原图、版式、题序或受保护视觉布局。
hjb-junior-ds-v2-s3-189,queued,pending,,full,function-graph,S3,九年级上册,二次函数,candidates/hjb-junior-ds-v2-s3-189.png,已知二次函数y = -x² + 2x + m的图象与x轴有两个交点，求m的取值范围。,为沪教版初中数学题 hjb-junior-ds-v2-s3-189 绘制原创题目插图，单元「二次函数」，不要复制教材或试卷版式。 绘制函数坐标系和曲线/直线关键特征；突出顶点、交点、对称轴、象限或变化趋势。,仅根据当前原创题干重新绘制简洁数学示意图，不复制、还原或近似教材/试卷原图、版式、题序或受保护视觉布局。
hjb-junior-ds-v2-s3-191,queued,pending,,full,function-graph,S3,九年级上册,二次函数,candidates/hjb-junior-ds-v2-s3-191.png,已知二次函数 y = -2(x + 3)^2 + 8。该抛物线的顶点坐标是______，对称轴是直线______。,为沪教版初中数学题 hjb-junior-ds-v2-s3-191 绘制原创题目插图，单元「二次函数」，不要复制教材或试卷版式。 绘制函数坐标系和曲线/直线关键特征；突出顶点、交点、对称轴、象限或变化趋势。,仅根据当前原创题干重新绘制简洁数学示意图，不复制、还原或近似教材/试卷原图、版式、题序或受保护视觉布局。
hjb-junior-ds-v2-s3-193,queued,pending,,full,function-graph,S3,九年级上册,二次函数,candidates/hjb-junior-ds-v2-s3-193.png,将抛物线 y = 2x^2 先向左平移3个单位，再向下平移4个单位，所得新抛物线的解析式为（ ）,为沪教版初中数学题 hjb-junior-ds-v2-s3-193 绘制原创题目插图，单元「二次函数」，不要复制教材或试卷版式。 绘制函数坐标系和曲线/直线关键特征；突出顶点、交点、对称轴、象限或变化趋势。,仅根据当前原创题干重新绘制简洁数学示意图，不复制、还原或近似教材/试卷原图、版式、题序或受保护视觉布局。
hjb-junior-ds-v2-s3-194,queued,pending,,full,function-graph,S3,九年级上册,二次函数,candidates/hjb-junior-ds-v2-s3-194.png,二次函数 y = x^2 - 4x + 5 的顶点坐标是______。,为沪教版初中数学题 hjb-junior-ds-v2-s3-194 绘制原创题目插图，单元「二次函数」，不要复制教材或试卷版式。 绘制函数坐标系和曲线/直线关键特征；突出顶点、交点、对称轴、象限或变化趋势。,仅根据当前原创题干重新绘制简洁数学示意图，不复制、还原或近似教材/试卷原图、版式、题序或受保护视觉布局。
hjb-junior-ds-v2-s3-195,queued,pending,,full,function-graph,S3,九年级上册,二次函数,candidates/hjb-junior-ds-v2-s3-195.png,"已知二次函数 y = ax^2 + bx + c 的图像经过点 (0, 3)，(1, 0)，(3, 0)。 (1) 求这个二次函数的解析式； (2) 当 x 取何值时，y 随 x 的增大而减小？",为沪教版初中数学题 hjb-junior-ds-v2-s3-195 绘制原创题目插图，单元「二次函数」，不要复制教材或试卷版式。 绘制函数坐标系和曲线/直线关键特征；突出顶点、交点、对称轴、象限或变化趋势。,仅根据当前原创题干重新绘制简洁数学示意图，不复制、还原或近似教材/试卷原图、版式、题序或受保护视觉布局。
hjb-junior-ds-v2-s3-196,queued,pending,,full,function-graph,S3,九年级上册,二次函数,candidates/hjb-junior-ds-v2-s3-196.png,"已知二次函数 y = a(x - h)² + k 的图像经过点 (1, 3) 和 (3, 3)，且当 x = 2 时，y 取得最小值 -1。下列说法正确的是（ ）",为沪教版初中数学题 hjb-junior-ds-v2-s3-196 绘制原创题目插图，单元「二次函数」，不要复制教材或试卷版式。 绘制函数坐标系和曲线/直线关键特征；突出顶点、交点、对称轴、象限或变化趋势。,仅根据当前原创题干重新绘制简洁数学示意图，不复制、还原或近似教材/试卷原图、版式、题序或受保护视觉布局。
hjb-junior-ds-v2-s3-197,queued,pending,,full,function-graph,S3,九年级上册,二次函数,candidates/hjb-junior-ds-v2-s3-197.png,将抛物线 y = 2x² 先向左平移 3 个单位，再向下平移 5 个单位，所得抛物线的顶点坐标为______。,为沪教版初中数学题 hjb-junior-ds-v2-s3-197 绘制原创题目插图，单元「二次函数」，不要复制教材或试卷版式。 绘制函数坐标系和曲线/直线关键特征；突出顶点、交点、对称轴、象限或变化趋势。,仅根据当前原创题干重新绘制简洁数学示意图，不复制、还原或近似教材/试卷原图、版式、题序或受保护视觉布局。
hjb-junior-ds-v2-s3-199,queued,pending,,full,function-graph,S3,九年级上册,二次函数,candidates/hjb-junior-ds-v2-s3-199.png,"已知二次函数 y = ax² + bx + c 的图像与x轴交于点(-2,0)和(4,0)，且与y轴交于点(0,-8)。下列说法正确的是（ ）",为沪教版初中数学题 hjb-junior-ds-v2-s3-199 绘制原创题目插图，单元「二次函数」，不要复制教材或试卷版式。 绘制函数坐标系和曲线/直线关键特征；突出顶点、交点、对称轴、象限或变化趋势。,仅根据当前原创题干重新绘制简洁数学示意图，不复制、还原或近似教材/试卷原图、版式、题序或受保护视觉布局。
hjb-junior-ds-v2-s3-200,queued,pending,,full,function-graph,S3,九年级上册,二次函数,candidates/hjb-junior-ds-v2-s3-200.png,二次函数 y = -x² + 4x - 3 的对称轴是直线______。,为沪教版初中数学题 hjb-junior-ds-v2-s3-200 绘制原创题目插图，单元「二次函数」，不要复制教材或试卷版式。 绘制函数坐标系和曲线/直线关键特征；突出顶点、交点、对称轴、象限或变化趋势。,仅根据当前原创题干重新绘制简洁数学示意图，不复制、还原或近似教材/试卷原图、版式、题序或受保护视觉布局。
hjb-junior-ds-v2-s3-201,queued,pending,,full,function-graph,S3,九年级上册,二次函数,candidates/hjb-junior-ds-v2-s3-201.png,已知二次函数 y = -2(x + 3)^2 + 8。 (1) 写出该函数图像的顶点坐标和对称轴方程。 (2) 若将该函数图像先向右平移5个单位，再向下平移2个单位，求平移后所得新函数的解析式。 (3) 在(2)的基础上，若新函数在 -1 ≤ x ≤ 2 的范围内，求函数值 y 的最大值和最小值。,为沪教版初中数学题 hjb-junior-ds-v2-s3-201 绘制原创题目插图，单元「二次函数」，不要复制教材或试卷版式。 绘制函数坐标系和曲线/直线关键特征；突出顶点、交点、对称轴、象限或变化趋势。,仅根据当前原创题干重新绘制简洁数学示意图，不复制、还原或近似教材/试卷原图、版式、题序或受保护视觉布局。
hjb-junior-ds-v2-s3-203,queued,pending,,full,function-graph,S3,九年级上册,二次函数,candidates/hjb-junior-ds-v2-s3-203.png,已知二次函数 y = -2(x + 3)^2 + 5。请写出该抛物线的顶点坐标和对称轴。,为沪教版初中数学题 hjb-junior-ds-v2-s3-203 绘制原创题目插图，单元「二次函数」，不要复制教材或试卷版式。 绘制函数坐标系和曲线/直线关键特征；突出顶点、交点、对称轴、象限或变化趋势。,仅根据当前原创题干重新绘制简洁数学示意图，不复制、还原或近似教材/试卷原图、版式、题序或受保护视觉布局。
hjb-junior-ds-v2-s3-206,queued,pending,,full,function-graph,S3,九年级上册,二次函数,candidates/hjb-junior-ds-v2-s3-206.png,将二次函数 y = -2x² + 8x - 5 化为顶点式，并写出其顶点坐标和对称轴。,为沪教版初中数学题 hjb-junior-ds-v2-s3-206 绘制原创题目插图，单元「二次函数」，不要复制教材或试卷版式。 绘制函数坐标系和曲线/直线关键特征；突出顶点、交点、对称轴、象限或变化趋势。,仅根据当前原创题干重新绘制简洁数学示意图，不复制、还原或近似教材/试卷原图、版式、题序或受保护视觉布局。
hjb-junior-ds-v2-s3-208,queued,pending,,full,function-graph,S3,九年级上册,二次函数,candidates/hjb-junior-ds-v2-s3-208.png,"已知二次函数 y = ax² + bx + c 的图像经过点 (0, -4)，对称轴为直线 x = 2，且函数有最大值 3。下列结论正确的是（ ）。",为沪教版初中数学题 hjb-junior-ds-v2-s3-208 绘制原创题目插图，单元「二次函数」，不要复制教材或试卷版式。 绘制函数坐标系和曲线/直线关键特征；突出顶点、交点、对称轴、象限或变化趋势。,仅根据当前原创题干重新绘制简洁数学示意图，不复制、还原或近似教材/试卷原图、版式、题序或受保护视觉布局。
hjb-junior-ds-v2-s3-209,queued,pending,,full,function-graph,S3,九年级上册,二次函数,candidates/hjb-junior-ds-v2-s3-209.png,抛物线 y = 3(x + 1)² - 4 的开口方向是______，顶点坐标是______，对称轴是______。,为沪教版初中数学题 hjb-junior-ds-v2-s3-209 绘制原创题目插图，单元「二次函数」，不要复制教材或试卷版式。 绘制函数坐标系和曲线/直线关键特征；突出顶点、交点、对称轴、象限或变化趋势。,仅根据当前原创题干重新绘制简洁数学示意图，不复制、还原或近似教材/试卷原图、版式、题序或受保护视觉布局。
hjb-junior-ds-v2-s3-210,queued,pending,,full,function-graph,S3,九年级上册,二次函数,candidates/hjb-junior-ds-v2-s3-210.png,已知抛物线 y = x² - 2x - 3 与x轴交于A、B两点（A在B左侧），与y轴交于点C。 (1) 求A、B、C的坐标； (2) 在抛物线的对称轴上是否存在点P，使△PBC的周长最小？若存在，求出点P的坐标；若不存在，请说明理由。,为沪教版初中数学题 hjb-junior-ds-v2-s3-210 绘制原创题目插图，单元「二次函数」，不要复制教材或试卷版式。 绘制函数坐标系和曲线/直线关键特征；突出顶点、交点、对称轴、象限或变化趋势。,仅根据当前原创题干重新绘制简洁数学示意图，不复制、还原或近似教材/试卷原图、版式、题序或受保护视觉布局。
hjb-junior-ds-v2-s3-212,queued,pending,,full,function-graph,S3,九年级上册,二次函数,candidates/hjb-junior-ds-v2-s3-212.png,将二次函数 y = 2x^2 先向右平移 3 个单位，再向下平移 4 个单位，所得新抛物线的解析式为______。,为沪教版初中数学题 hjb-junior-ds-v2-s3-212 绘制原创题目插图，单元「二次函数」，不要复制教材或试卷版式。 绘制函数坐标系和曲线/直线关键特征；突出顶点、交点、对称轴、象限或变化趋势。,仅根据当前原创题干重新绘制简洁数学示意图，不复制、还原或近似教材/试卷原图、版式、题序或受保护视觉布局。
hjb-junior-ds-v2-s3-214,queued,pending,,full,function-graph,S3,九年级上册,二次函数,candidates/hjb-junior-ds-v2-s3-214.png,"已知二次函数 y = ax^2 + bx + c 的对称轴为直线 x = 1，且经过点 (0, 3) 和 (3, 0)。下列结论正确的是：",为沪教版初中数学题 hjb-junior-ds-v2-s3-214 绘制原创题目插图，单元「二次函数」，不要复制教材或试卷版式。 绘制函数坐标系和曲线/直线关键特征；突出顶点、交点、对称轴、象限或变化趋势。,仅根据当前原创题干重新绘制简洁数学示意图，不复制、还原或近似教材/试卷原图、版式、题序或受保护视觉布局。
hjb-junior-ds-v2-s3-215,queued,pending,,full,function-graph,S3,九年级上册,二次函数,candidates/hjb-junior-ds-v2-s3-215.png,二次函数 y = -x^2 + 4x - 3 的顶点坐标为______。,为沪教版初中数学题 hjb-junior-ds-v2-s3-215 绘制原创题目插图，单元「二次函数」，不要复制教材或试卷版式。 绘制函数坐标系和曲线/直线关键特征；突出顶点、交点、对称轴、象限或变化趋势。,仅根据当前原创题干重新绘制简洁数学示意图，不复制、还原或近似教材/试卷原图、版式、题序或受保护视觉布局。
hjb-junior-ds-v2-s3-216,queued,pending,,full,function-graph,S3,九年级上册,二次函数,candidates/hjb-junior-ds-v2-s3-216.png,已知二次函数 y = 2x² - 8x + 11。 (1) 将该函数化为 y = a(x - h)² + k 的形式，并写出它的顶点坐标和对称轴。 (2) 若将该抛物线先向右平移3个单位，再向下平移2个单位，求平移后所得新抛物线的解析式。,为沪教版初中数学题 hjb-junior-ds-v2-s3-216 绘制原创题目插图，单元「二次函数」，不要复制教材或试卷版式。 绘制函数坐标系和曲线/直线关键特征；突出顶点、交点、对称轴、象限或变化趋势。,仅根据当前原创题干重新绘制简洁数学示意图，不复制、还原或近似教材/试卷原图、版式、题序或受保护视觉布局。
hjb-junior-ds-v2-s3-218,queued,pending,,full,function-graph,S3,九年级上册,二次函数,candidates/hjb-junior-ds-v2-s3-218.png,抛物线 y = -3(x + 1)² - 4 的开口方向是______，顶点坐标是______，对称轴是______。,为沪教版初中数学题 hjb-junior-ds-v2-s3-218 绘制原创题目插图，单元「二次函数」，不要复制教材或试卷版式。 绘制函数坐标系和曲线/直线关键特征；突出顶点、交点、对称轴、象限或变化趋势。,仅根据当前原创题干重新绘制简洁数学示意图，不复制、还原或近似教材/试卷原图、版式、题序或受保护视觉布局。
hjb-junior-ds-v2-s3-219,queued,pending,,full,function-graph,S3,九年级上册,二次函数,candidates/hjb-junior-ds-v2-s3-219.png,已知二次函数 y = -x² + 4x + 5。 (1) 求该函数图像与x轴的交点坐标。 (2) 当x取何值时，y随x的增大而减小？,为沪教版初中数学题 hjb-junior-ds-v2-s3-219 绘制原创题目插图，单元「二次函数」，不要复制教材或试卷版式。 绘制函数坐标系和曲线/直线关键特征；突出顶点、交点、对称轴、象限或变化趋势。,仅根据当前原创题干重新绘制简洁数学示意图，不复制、还原或近似教材/试卷原图、版式、题序或受保护视觉布局。
hjb-junior-ds-v2-s3-221,queued,pending,,full,function-graph,S3,九年级上册,二次函数,candidates/hjb-junior-ds-v2-s3-221.png,已知二次函数 y = -2(x + 3)^2 + 8，请直接写出该抛物线的顶点坐标。,为沪教版初中数学题 hjb-junior-ds-v2-s3-221 绘制原创题目插图，单元「二次函数」，不要复制教材或试卷版式。 绘制函数坐标系和曲线/直线关键特征；突出顶点、交点、对称轴、象限或变化趋势。,仅根据当前原创题干重新绘制简洁数学示意图，不复制、还原或近似教材/试卷原图、版式、题序或受保护视觉布局。
hjb-junior-ds-v2-s3-223,queued,pending,,full,function-graph,S3,九年级上册,二次函数,candidates/hjb-junior-ds-v2-s3-223.png,将抛物线 y = 3x^2 先向左平移2个单位，再向下平移5个单位，所得新抛物线的解析式为（ ）,为沪教版初中数学题 hjb-junior-ds-v2-s3-223 绘制原创题目插图，单元「二次函数」，不要复制教材或试卷版式。 绘制函数坐标系和曲线/直线关键特征；突出顶点、交点、对称轴、象限或变化趋势。,仅根据当前原创题干重新绘制简洁数学示意图，不复制、还原或近似教材/试卷原图、版式、题序或受保护视觉布局。
hjb-junior-ds-v2-s3-224,queued,pending,,full,function-graph,S3,九年级上册,二次函数,candidates/hjb-junior-ds-v2-s3-224.png,"二次函数 y = ax^2 + bx + c 的图像经过点 (0, 3)，对称轴为直线 x = 2，且函数有最大值5。请写出该二次函数的解析式。",为沪教版初中数学题 hjb-junior-ds-v2-s3-224 绘制原创题目插图，单元「二次函数」，不要复制教材或试卷版式。 绘制函数坐标系和曲线/直线关键特征；突出顶点、交点、对称轴、象限或变化趋势。,仅根据当前原创题干重新绘制简洁数学示意图，不复制、还原或近似教材/试卷原图、版式、题序或受保护视觉布局。
hjb-junior-ds-v2-s3-225,queued,pending,,full,function-graph,S3,九年级上册,二次函数,candidates/hjb-junior-ds-v2-s3-225.png,已知抛物线 y = x^2 - 4x + 7。 (1) 用配方法将其化为 y = a(x - h)^2 + k 的形式，并写出顶点坐标和对称轴； (2) 说明该抛物线可以由 y = x^2 经过怎样的平移得到。,为沪教版初中数学题 hjb-junior-ds-v2-s3-225 绘制原创题目插图，单元「二次函数」，不要复制教材或试卷版式。 绘制函数坐标系和曲线/直线关键特征；突出顶点、交点、对称轴、象限或变化趋势。,仅根据当前原创题干重新绘制简洁数学示意图，不复制、还原或近似教材/试卷原图、版式、题序或受保护视觉布局。
hjb-junior-ds-v2-s3-231,queued,pending,,full,function-graph,S3,九年级上册,二次函数,candidates/hjb-junior-ds-v2-s3-231.png,已知二次函数 y = -2(x + 3)^2 + 8。 （1）写出该抛物线的顶点坐标和对称轴。 （2）当 x 取何值时，y 随 x 的增大而减小？ （3）若将该抛物线先向右平移 2 个单位，再向下平移 5 个单位，求平移后抛物线的解析式。,为沪教版初中数学题 hjb-junior-ds-v2-s3-231 绘制原创题目插图，单元「二次函数」，不要复制教材或试卷版式。 绘制函数坐标系和曲线/直线关键特征；突出顶点、交点、对称轴、象限或变化趋势。,仅根据当前原创题干重新绘制简洁数学示意图，不复制、还原或近似教材/试卷原图、版式、题序或受保护视觉布局。
hjb-junior-ds-v2-s3-232,queued,pending,,full,function-graph,S3,九年级上册,二次函数,candidates/hjb-junior-ds-v2-s3-232.png,"已知二次函数 y = ax^2 + bx + c 的图像经过点 (1, 0) 和 (3, 0)，且其顶点到 x 轴的距离为 2。若 a > 0，则该二次函数的解析式为（ ）",为沪教版初中数学题 hjb-junior-ds-v2-s3-232 绘制原创题目插图，单元「二次函数」，不要复制教材或试卷版式。 绘制函数坐标系和曲线/直线关键特征；突出顶点、交点、对称轴、象限或变化趋势。,仅根据当前原创题干重新绘制简洁数学示意图，不复制、还原或近似教材/试卷原图、版式、题序或受保护视觉布局。
hjb-junior-ds-v2-s3-233,queued,pending,,full,function-graph,S3,九年级上册,二次函数,candidates/hjb-junior-ds-v2-s3-233.png,"将抛物线 y = 3x^2 先向左平移 4 个单位，再向上平移 1 个单位，所得新抛物线的解析式为 y = 3(x + 4)^2 + 1。若原抛物线 y = 3x^2 上一点 P 经过同样的平移后落在新抛物线上的点 Q( -1, 4)，则点 P 的坐标为______。",为沪教版初中数学题 hjb-junior-ds-v2-s3-233 绘制原创题目插图，单元「二次函数」，不要复制教材或试卷版式。 绘制函数坐标系和曲线/直线关键特征；突出顶点、交点、对称轴、象限或变化趋势。,仅根据当前原创题干重新绘制简洁数学示意图，不复制、还原或近似教材/试卷原图、版式、题序或受保护视觉布局。
hjb-junior-ds-v2-s3-236,queued,pending,,full,function-graph,S3,九年级上册,二次函数,candidates/hjb-junior-ds-v2-s3-236.png,已知二次函数 y = -2(x + 3)^2 + 5。该抛物线的顶点坐标是______，对称轴是直线______。,为沪教版初中数学题 hjb-junior-ds-v2-s3-236 绘制原创题目插图，单元「二次函数」，不要复制教材或试卷版式。 绘制函数坐标系和曲线/直线关键特征；突出顶点、交点、对称轴、象限或变化趋势。,仅根据当前原创题干重新绘制简洁数学示意图，不复制、还原或近似教材/试卷原图、版式、题序或受保护视觉布局。
hjb-junior-ds-v2-s3-237,queued,pending,,full,function-graph,S3,九年级上册,二次函数,candidates/hjb-junior-ds-v2-s3-237.png,已知二次函数 y = x^2 - 4x + 1。用配方法将该函数化为 y = a(x - h)^2 + k 的形式，并写出它的顶点坐标和对称轴。,为沪教版初中数学题 hjb-junior-ds-v2-s3-237 绘制原创题目插图，单元「二次函数」，不要复制教材或试卷版式。 绘制函数坐标系和曲线/直线关键特征；突出顶点、交点、对称轴、象限或变化趋势。,仅根据当前原创题干重新绘制简洁数学示意图，不复制、还原或近似教材/试卷原图、版式、题序或受保护视觉布局。
hjb-junior-ds-v2-s3-238,queued,pending,,full,function-graph,S3,九年级上册,二次函数,candidates/hjb-junior-ds-v2-s3-238.png,"抛物线 y = -3(x + 1)^2 - 2 的开口方向和顶点坐标分别是（ ） A. 向上，(-1, -2) B. 向下，(-1, -2) C. 向上，(1, -2) D. 向下，(1, -2)",为沪教版初中数学题 hjb-junior-ds-v2-s3-238 绘制原创题目插图，单元「二次函数」，不要复制教材或试卷版式。 绘制函数坐标系和曲线/直线关键特征；突出顶点、交点、对称轴、象限或变化趋势。,仅根据当前原创题干重新绘制简洁数学示意图，不复制、还原或近似教材/试卷原图、版式、题序或受保护视觉布局。
hjb-junior-ds-v2-s3-239,queued,pending,,full,function-graph,S3,九年级上册,二次函数,candidates/hjb-junior-ds-v2-s3-239.png,将抛物线 y = 2x^2 先向左平移 3 个单位，再向下平移 4 个单位，所得新抛物线的解析式为______。,为沪教版初中数学题 hjb-junior-ds-v2-s3-239 绘制原创题目插图，单元「二次函数」，不要复制教材或试卷版式。 绘制函数坐标系和曲线/直线关键特征；突出顶点、交点、对称轴、象限或变化趋势。,仅根据当前原创题干重新绘制简洁数学示意图，不复制、还原或近似教材/试卷原图、版式、题序或受保护视觉布局。
hjb-junior-ds-v2-s3-242,queued,pending,,full,function-graph,S3,九年级上册,二次函数,candidates/hjb-junior-ds-v2-s3-242.png,将抛物线 y = 2x^2 先向左平移 3 个单位，再向下平移 5 个单位，所得新抛物线的解析式为 y = 2(x + m)^2 + n，则 m + n = ______。,为沪教版初中数学题 hjb-junior-ds-v2-s3-242 绘制原创题目插图，单元「二次函数」，不要复制教材或试卷版式。 绘制函数坐标系和曲线/直线关键特征；突出顶点、交点、对称轴、象限或变化趋势。,仅根据当前原创题干重新绘制简洁数学示意图，不复制、还原或近似教材/试卷原图、版式、题序或受保护视觉布局。
hjb-junior-ds-v2-s3-243,queued,pending,,full,function-graph,S3,九年级上册,二次函数,candidates/hjb-junior-ds-v2-s3-243.png,已知二次函数 y = x^2 - 4x + 7，求该抛物线的顶点坐标和对称轴。,为沪教版初中数学题 hjb-junior-ds-v2-s3-243 绘制原创题目插图，单元「二次函数」，不要复制教材或试卷版式。 绘制函数坐标系和曲线/直线关键特征；突出顶点、交点、对称轴、象限或变化趋势。,仅根据当前原创题干重新绘制简洁数学示意图，不复制、还原或近似教材/试卷原图、版式、题序或受保护视觉布局。
hjb-junior-ds-v2-s3-247,queued,pending,,full,function-graph,S3,九年级上册,二次函数,candidates/hjb-junior-ds-v2-s3-247.png,二次函数y = -2(x + 3)² - 5的顶点坐标是（ ）,为沪教版初中数学题 hjb-junior-ds-v2-s3-247 绘制原创题目插图，单元「二次函数」，不要复制教材或试卷版式。 绘制函数坐标系和曲线/直线关键特征；突出顶点、交点、对称轴、象限或变化趋势。,仅根据当前原创题干重新绘制简洁数学示意图，不复制、还原或近似教材/试卷原图、版式、题序或受保护视觉布局。
hjb-junior-ds-v2-s3-248,queued,pending,,full,function-graph,S3,九年级上册,二次函数,candidates/hjb-junior-ds-v2-s3-248.png,将抛物线y = 3x²先向右平移2个单位，再向下平移1个单位，所得新抛物线的解析式为____________________。,为沪教版初中数学题 hjb-junior-ds-v2-s3-248 绘制原创题目插图，单元「二次函数」，不要复制教材或试卷版式。 绘制函数坐标系和曲线/直线关键特征；突出顶点、交点、对称轴、象限或变化趋势。,仅根据当前原创题干重新绘制简洁数学示意图，不复制、还原或近似教材/试卷原图、版式、题序或受保护视觉布局。
hjb-junior-ds-v2-s3-249,queued,pending,,full,function-graph,S3,九年级上册,二次函数,candidates/hjb-junior-ds-v2-s3-249.png,已知二次函数y = x² - 4x + 3。 （1）用配方法将其化为y = a(x - h)² + k的形式； （2）写出该抛物线的顶点坐标和对称轴。,为沪教版初中数学题 hjb-junior-ds-v2-s3-249 绘制原创题目插图，单元「二次函数」，不要复制教材或试卷版式。 绘制函数坐标系和曲线/直线关键特征；突出顶点、交点、对称轴、象限或变化趋势。,仅根据当前原创题干重新绘制简洁数学示意图，不复制、还原或近似教材/试卷原图、版式、题序或受保护视觉布局。
hjb-junior-ds-v2-s3-250,queued,pending,,full,function-graph,S3,九年级上册,二次函数,candidates/hjb-junior-ds-v2-s3-250.png,"已知二次函数 y = x^2 - 4x + 3。将该函数化为 y = a(x - h)^2 + k 的形式后，其顶点坐标为 (p, q)。若将原抛物线先向右平移 2 个单位，再向上平移 1 个单位，所得新抛物线的顶点坐标为 (m, n)，则 m + n 的值为（ ）。",为沪教版初中数学题 hjb-junior-ds-v2-s3-250 绘制原创题目插图，单元「二次函数」，不要复制教材或试卷版式。 绘制函数坐标系和曲线/直线关键特征；突出顶点、交点、对称轴、象限或变化趋势。,仅根据当前原创题干重新绘制简洁数学示意图，不复制、还原或近似教材/试卷原图、版式、题序或受保护视觉布局。
hjb-junior-ds-v2-s3-434,queued,pending,,pilot,statistics-chart,S3,九年级下册,统计初步,candidates/hjb-junior-ds-v2-s3-434.png,某班学生参加课外活动小组的情况如下：参加篮球组的有12人，绘画组的有8人，舞蹈组的有6人，科技组的有4人。为了直观表示各小组人数占总人数的百分比，应选择的统计图是（　）,为沪教版初中数学题 hjb-junior-ds-v2-s3-434 绘制原创题目插图，单元「统计初步」，不要复制教材或试卷版式。 将题干数据重绘为清晰统计图表；坐标刻度、区间和频数标签必须准确。,仅根据当前原创题干重新绘制简洁数学示意图，不复制、还原或近似教材/试卷原图、版式、题序或受保护视觉布局。
hjb-junior-ds-v2-s3-438,queued,pending,,pilot,statistics-chart,S3,九年级下册,统计初步,candidates/hjb-junior-ds-v2-s3-438.png,某校为了解九年级学生每天课外阅读时间，随机抽取50名学生进行调查，得到如下统计表：  | 阅读时间（小时） | 0～0.5 | 0.5～1 | 1～1.5 | 1.5～2 | |------------------|--------|--------|--------|--------| | 人数             | 8      | 15     | 18     | 9      |  则这50名学生每天课外阅读时间的中位数所在的组是（ ）,为沪教版初中数学题 hjb-junior-ds-v2-s3-438 绘制原创题目插图，单元「统计初步」，不要复制教材或试卷版式。 将题干数据重绘为清晰统计图表；坐标刻度、区间和频数标签必须准确。,仅根据当前原创题干重新绘制简洁数学示意图，不复制、还原或近似教材/试卷原图、版式、题序或受保护视觉布局。
hjb-junior-ds-v2-s3-439,queued,pending,,pilot,statistics-chart,S3,九年级下册,统计初步,candidates/hjb-junior-ds-v2-s3-439.png,某班一次数学测验成绩的频数分布直方图（用文字描述）：成绩在50～60分有2人，60～70分有8人，70～80分有15人，80～90分有10人，90～100分有5人。则该班成绩的众数所在的分数段是______。,为沪教版初中数学题 hjb-junior-ds-v2-s3-439 绘制原创题目插图，单元「统计初步」，不要复制教材或试卷版式。 将题干数据重绘为清晰统计图表；坐标刻度、区间和频数标签必须准确。,仅根据当前原创题干重新绘制简洁数学示意图，不复制、还原或近似教材/试卷原图、版式、题序或受保护视觉布局。
hjb-junior-ds-v2-s3-445,queued,pending,,pilot,statistics-chart,S3,九年级下册,统计初步,candidates/hjb-junior-ds-v2-s3-445.png,"从甲、乙、丙三个厂家生产的同一种产品中各抽取8件，测量其使用寿命（单位：年），数据如下： 甲厂：4, 5, 5, 6, 6, 7, 7, 8； 乙厂：3, 4, 5, 6, 7, 8, 9, 10； 丙厂：5, 5, 5, 6, 6, 6, 7, 7。 这三个厂家中，使用寿命最稳定的是______厂。",为沪教版初中数学题 hjb-junior-ds-v2-s3-445 绘制原创题目插图，单元「统计初步」，不要复制教材或试卷版式。 将题干数据重绘为清晰统计图表；坐标刻度、区间和频数标签必须准确。,仅根据当前原创题干重新绘制简洁数学示意图，不复制、还原或近似教材/试卷原图、版式、题序或受保护视觉布局。
hjb-junior-ds-v2-s3-480,queued,pending,,pilot,statistics-chart,S3,九年级下册,统计初步,candidates/hjb-junior-ds-v2-s3-480.png,某校为了了解九年级学生的体能情况，随机抽取了30名学生测试1分钟仰卧起坐的次数，并绘制了频数分布直方图（直方图描述：次数在20~25次的有2人，25~30次的有6人，30~35次的有10人，35~40次的有8人，40~45次的有4人）。则这30名学生1分钟仰卧起坐次数的中位数落在（ ）。,为沪教版初中数学题 hjb-junior-ds-v2-s3-480 绘制原创题目插图，单元「统计初步」，不要复制教材或试卷版式。 将题干数据重绘为清晰统计图表；坐标刻度、区间和频数标签必须准确。,仅根据当前原创题干重新绘制简洁数学示意图，不复制、还原或近似教材/试卷原图、版式、题序或受保护视觉布局。
hjb-junior-ds-v2-s3-482,queued,pending,,pilot,statistics-chart,S3,九年级下册,统计初步,candidates/hjb-junior-ds-v2-s3-482.png,某班学生身高数据（单位：厘米）整理如下：150～155有5人，155～160有12人，160～165有18人，165～170有10人，170～175有5人。为了直观显示各身高段人数分布，最合适的统计表示方法是（ ）。,为沪教版初中数学题 hjb-junior-ds-v2-s3-482 绘制原创题目插图，单元「统计初步」，不要复制教材或试卷版式。 将题干数据重绘为清晰统计图表；坐标刻度、区间和频数标签必须准确。,仅根据当前原创题干重新绘制简洁数学示意图，不复制、还原或近似教材/试卷原图、版式、题序或受保护视觉布局。
hjb-junior-ds-v2-s3-493,queued,pending,,full,statistics-chart,S3,九年级下册,统计初步,candidates/hjb-junior-ds-v2-s3-493.png,为了解某校八年级学生每天完成家庭作业的时间，随机抽取了50名学生进行调查。最适合表示这50个数据的分布情况的统计图是（ ）,为沪教版初中数学题 hjb-junior-ds-v2-s3-493 绘制原创题目插图，单元「统计初步」，不要复制教材或试卷版式。 将题干数据重绘为清晰统计图表；坐标刻度、区间和频数标签必须准确。,仅根据当前原创题干重新绘制简洁数学示意图，不复制、还原或近似教材/试卷原图、版式、题序或受保护视觉布局。
hjb-junior-ds-v2-s3-086,queued,pending,,pilot,measurement-scene,S3,九年级上册,锐角的三角比,candidates/hjb-junior-ds-v2-s3-086.png,某数学兴趣小组测量校园内一棵大树的高度。他们在点A处测得大树顶端C的仰角为30°，然后向大树方向前进20米到达点B，在点B处测得大树顶端C的仰角为45°。已知点A、点B和大树底部D在同一直线上，且AD垂直于地面，大树垂直于地面。求大树的高度CD。（结果保留根号）,为沪教版初中数学题 hjb-junior-ds-v2-s3-086 绘制原创题目插图，单元「锐角的三角比」，不要复制教材或试卷版式。 绘制测量场景示意，标明水平线、垂直高度、观察点、角度和距离，避免真实学校/品牌元素。,仅根据当前原创题干重新绘制简洁数学示意图，不复制、还原或近似教材/试卷原图、版式、题序或受保护视觉布局。
hjb-junior-ds-v2-s3-087,queued,pending,,pilot,measurement-scene,S3,九年级上册,锐角的三角比,candidates/hjb-junior-ds-v2-s3-087.png,某数学兴趣小组在测量学校旗杆高度时，采用如下方法：在平地上选取一点A，测得旗杆顶端C的仰角为30°；向旗杆方向前进20米到达点B，此时测得旗杆顶端C的仰角为45°。已知点A、点B与旗杆底部D在同一直线上，且测量点与旗杆底部在同一水平面。求旗杆CD的高度。（结果保留根号）,为沪教版初中数学题 hjb-junior-ds-v2-s3-087 绘制原创题目插图，单元「锐角的三角比」，不要复制教材或试卷版式。 绘制测量场景示意，标明水平线、垂直高度、观察点、角度和距离，避免真实学校/品牌元素。,仅根据当前原创题干重新绘制简洁数学示意图，不复制、还原或近似教材/试卷原图、版式、题序或受保护视觉布局。
hjb-junior-ds-v2-s3-088,queued,pending,,pilot,measurement-scene,S3,九年级上册,锐角的三角比,candidates/hjb-junior-ds-v2-s3-088.png,某校数学兴趣小组测量校园内旗杆的高度。他们在旗杆底部正东方向24米处的地面上放置测角仪，测得旗杆顶端的仰角为35°。已知测角仪的高度为1.5米。为了选择正确的三角比计算旗杆高度，需要明确直角三角形的边角关系。设旗杆顶端为A，底部为B，测角仪顶端为C，C在B的正东方向，且A、B、C在同一竖直平面内，∠ABC=90°，点C到AB的垂足为B。则∠ACB=35°，BC=24米。请问计算旗杆高度AB时，应使用哪个三角比？,为沪教版初中数学题 hjb-junior-ds-v2-s3-088 绘制原创题目插图，单元「锐角的三角比」，不要复制教材或试卷版式。 绘制测量场景示意，标明水平线、垂直高度、观察点、角度和距离，避免真实学校/品牌元素。,仅根据当前原创题干重新绘制简洁数学示意图，不复制、还原或近似教材/试卷原图、版式、题序或受保护视觉布局。
hjb-junior-ds-v2-s3-089,queued,pending,,pilot,measurement-scene,S3,九年级上册,锐角的三角比,candidates/hjb-junior-ds-v2-s3-089.png,某数学兴趣小组测量校园内一棵大树的高度。他们在点A处测得大树顶端C的仰角为30°，然后向大树方向前进20米到达点B，在点B处测得大树顶端C的仰角为45°。已知点A、点B和大树底部D在同一直线上，且大树垂直于地面。求大树的高度CD。（结果保留根号）,为沪教版初中数学题 hjb-junior-ds-v2-s3-089 绘制原创题目插图，单元「锐角的三角比」，不要复制教材或试卷版式。 绘制测量场景示意，标明水平线、垂直高度、观察点、角度和距离，避免真实学校/品牌元素。,仅根据当前原创题干重新绘制简洁数学示意图，不复制、还原或近似教材/试卷原图、版式、题序或受保护视觉布局。
hjb-junior-ds-v2-s3-090,queued,pending,,pilot,measurement-scene,S3,九年级上册,锐角的三角比,candidates/hjb-junior-ds-v2-s3-090.png,某校数学兴趣小组测量校园内旗杆的高度。旗杆垂直于地面，底部为点O。他们在点O正东方向24米处的地面点A测得旗杆顶端P的仰角为35°，然后从点A向正北方向移动10米到达点B，在点B测得旗杆顶端P的仰角为30°。求旗杆的高度OP。（结果精确到0.1米，参考数据：tan35°≈0.700，tan30°≈0.577）,为沪教版初中数学题 hjb-junior-ds-v2-s3-090 绘制原创题目插图，单元「锐角的三角比」，不要复制教材或试卷版式。 绘制测量场景示意，标明水平线、垂直高度、观察点、角度和距离，避免真实学校/品牌元素。,仅根据当前原创题干重新绘制简洁数学示意图，不复制、还原或近似教材/试卷原图、版式、题序或受保护视觉布局。
hjb-junior-ds-v2-s3-091,queued,pending,,pilot,measurement-scene,S3,九年级上册,锐角的三角比,candidates/hjb-junior-ds-v2-s3-091.png,某数学兴趣小组测量学校旗杆的高度。旗杆垂直于地面，底部为点D。他们在点D正东方向24米处的地面点A测得旗杆顶端C的仰角为30°，然后从点A沿正东方向继续走10米到达点B，在点B测得旗杆顶端C的仰角为α，且tanα=5/12。求旗杆的高度CD。（结果精确到0.1米，参考数据：√3≈1.732）,为沪教版初中数学题 hjb-junior-ds-v2-s3-091 绘制原创题目插图，单元「锐角的三角比」，不要复制教材或试卷版式。 绘制测量场景示意，标明水平线、垂直高度、观察点、角度和距离，避免真实学校/品牌元素。,仅根据当前原创题干重新绘制简洁数学示意图，不复制、还原或近似教材/试卷原图、版式、题序或受保护视觉布局。
hjb-junior-ds-v2-s3-092,queued,pending,,full,measurement-scene,S3,九年级上册,锐角的三角比,candidates/hjb-junior-ds-v2-s3-092.png,小明在测量学校旗杆的高度时，采用了如下方法：他站在离旗杆底部12米的地面上，眼睛与地面的垂直距离为1.6米，测得旗杆顶端的仰角为30°。已知小明、旗杆底部和旗杆顶端在同一竖直平面内，且旗杆与地面垂直。求旗杆的高度（精确到0.1米）。,为沪教版初中数学题 hjb-junior-ds-v2-s3-092 绘制原创题目插图，单元「锐角的三角比」，不要复制教材或试卷版式。 绘制测量场景示意，标明水平线、垂直高度、观察点、角度和距离，避免真实学校/品牌元素。,仅根据当前原创题干重新绘制简洁数学示意图，不复制、还原或近似教材/试卷原图、版式、题序或受保护视觉布局。
hjb-junior-ds-v2-s3-093,queued,pending,,full,measurement-scene,S3,九年级上册,锐角的三角比,candidates/hjb-junior-ds-v2-s3-093.png,某数学兴趣小组测量校园内一棵大树的高度。他们在点A处测得大树顶端C的仰角为30°，然后沿水平方向向大树前进20米到达点B，在点B处测得大树顶端C的仰角为45°。已知点A、点B与大树底部D在同一直线上，且大树垂直于地面。求大树的高度CD。（结果保留根号）,为沪教版初中数学题 hjb-junior-ds-v2-s3-093 绘制原创题目插图，单元「锐角的三角比」，不要复制教材或试卷版式。 绘制测量场景示意，标明水平线、垂直高度、观察点、角度和距离，避免真实学校/品牌元素。,仅根据当前原创题干重新绘制简洁数学示意图，不复制、还原或近似教材/试卷原图、版式、题序或受保护视觉布局。
hjb-junior-ds-v2-s3-094,queued,pending,,full,measurement-scene,S3,九年级上册,锐角的三角比,candidates/hjb-junior-ds-v2-s3-094.png,某数学兴趣小组测量学校旗杆的高度。已知旗杆垂直于地面，在距离旗杆底部12米的地面点A处，测得旗杆顶端B的仰角为35°。若测量仪器的高度忽略不计，则旗杆的高度约为多少米？（参考数据：sin35°≈0.57，cos35°≈0.82，tan35°≈0.70）,为沪教版初中数学题 hjb-junior-ds-v2-s3-094 绘制原创题目插图，单元「锐角的三角比」，不要复制教材或试卷版式。 绘制测量场景示意，标明水平线、垂直高度、观察点、角度和距离，避免真实学校/品牌元素。,仅根据当前原创题干重新绘制简洁数学示意图，不复制、还原或近似教材/试卷原图、版式、题序或受保护视觉布局。
hjb-junior-ds-v2-s3-095,queued,pending,,full,measurement-scene,S3,九年级上册,锐角的三角比,candidates/hjb-junior-ds-v2-s3-095.png,某校数学兴趣小组测量校园内一棵大树的高度。他们在离树底水平距离12米处，测得树顶的仰角为35°。已知测角仪的高度为1.5米，求大树的高度。（结果精确到0.1米，参考数据：sin35°≈0.574，cos35°≈0.819，tan35°≈0.700）,为沪教版初中数学题 hjb-junior-ds-v2-s3-095 绘制原创题目插图，单元「锐角的三角比」，不要复制教材或试卷版式。 绘制测量场景示意，标明水平线、垂直高度、观察点、角度和距离，避免真实学校/品牌元素。,仅根据当前原创题干重新绘制简洁数学示意图，不复制、还原或近似教材/试卷原图、版式、题序或受保护视觉布局。
hjb-junior-ds-v2-s3-098,queued,pending,,full,measurement-scene,S3,九年级上册,锐角的三角比,candidates/hjb-junior-ds-v2-s3-098.png,小明在点 A 处测得某建筑物顶端 C 的仰角为 30°，他向建筑物方向水平前进 20 米到达点 B，再次测得顶端 C 的仰角为 45°。若小明身高忽略不计，则建筑物高度 CD 为______米（结果保留根号）。,为沪教版初中数学题 hjb-junior-ds-v2-s3-098 绘制原创题目插图，单元「锐角的三角比」，不要复制教材或试卷版式。 绘制测量场景示意，标明水平线、垂直高度、观察点、角度和距离，避免真实学校/品牌元素。,仅根据当前原创题干重新绘制简洁数学示意图，不复制、还原或近似教材/试卷原图、版式、题序或受保护视觉布局。
hjb-junior-ds-v2-s3-101,queued,pending,,full,measurement-scene,S3,九年级上册,锐角的三角比,candidates/hjb-junior-ds-v2-s3-101.png,小明在测量学校旗杆的高度时，采用如下方法：在地面上选取一点A，测得A点到旗杆底部C的距离为12米，在A处测得旗杆顶部B的仰角为35°。已知小明的眼睛离地面高度为1.6米，且点A、C在同一水平面上，旗杆垂直于地面。求旗杆的高度BC。（结果精确到0.1米，参考数据：sin35°≈0.57，cos35°≈0.82，tan35°≈0.70）,为沪教版初中数学题 hjb-junior-ds-v2-s3-101 绘制原创题目插图，单元「锐角的三角比」，不要复制教材或试卷版式。 绘制测量场景示意，标明水平线、垂直高度、观察点、角度和距离，避免真实学校/品牌元素。,仅根据当前原创题干重新绘制简洁数学示意图，不复制、还原或近似教材/试卷原图、版式、题序或受保护视觉布局。
hjb-junior-ds-v2-s3-102,queued,pending,,full,measurement-scene,S3,九年级上册,锐角的三角比,candidates/hjb-junior-ds-v2-s3-102.png,某数学兴趣小组测量校园内一棵大树的高度。他们在点A处测得大树顶端D的仰角为20°，然后向大树方向前进16米到达点B，在点B处测得大树顶端D的仰角为35°。已知点A、点B和大树底部C在同一直线上，且大树垂直于地面。求大树的高度CD。（结果精确到0.1米，参考数据：tan20°≈0.364，tan35°≈0.700）,为沪教版初中数学题 hjb-junior-ds-v2-s3-102 绘制原创题目插图，单元「锐角的三角比」，不要复制教材或试卷版式。 绘制测量场景示意，标明水平线、垂直高度、观察点、角度和距离，避免真实学校/品牌元素。,仅根据当前原创题干重新绘制简洁数学示意图，不复制、还原或近似教材/试卷原图、版式、题序或受保护视觉布局。
hjb-junior-ds-v2-s3-103,queued,pending,,full,measurement-scene,S3,九年级上册,锐角的三角比,candidates/hjb-junior-ds-v2-s3-103.png,某数学兴趣小组测量学校旗杆的高度。已知旗杆底部B与观测点A在同一水平面上，A、B两点相距12米。在点A处测得旗杆顶端C的仰角为35°。若测角仪的高度忽略不计，则旗杆的高度BC约为多少米？（参考数据：sin35°≈0.57，cos35°≈0.82，tan35°≈0.70）,为沪教版初中数学题 hjb-junior-ds-v2-s3-103 绘制原创题目插图，单元「锐角的三角比」，不要复制教材或试卷版式。 绘制测量场景示意，标明水平线、垂直高度、观察点、角度和距离，避免真实学校/品牌元素。,仅根据当前原创题干重新绘制简洁数学示意图，不复制、还原或近似教材/试卷原图、版式、题序或受保护视觉布局。
hjb-junior-ds-v2-s3-104,queued,pending,,full,measurement-scene,S3,九年级上册,锐角的三角比,candidates/hjb-junior-ds-v2-s3-104.png,小明在测量学校旗杆的高度时，采用如下方法：在离旗杆底部12米的地面上放置一个测角仪，测得旗杆顶端的仰角为35°。已知测角仪的高度为1.5米，求旗杆的高度。（结果精确到0.1米，参考数据：sin35°≈0.574，cos35°≈0.819，tan35°≈0.700）,为沪教版初中数学题 hjb-junior-ds-v2-s3-104 绘制原创题目插图，单元「锐角的三角比」，不要复制教材或试卷版式。 绘制测量场景示意，标明水平线、垂直高度、观察点、角度和距离，避免真实学校/品牌元素。,仅根据当前原创题干重新绘制简洁数学示意图，不复制、还原或近似教材/试卷原图、版式、题序或受保护视觉布局。
hjb-junior-ds-v2-s3-105,queued,pending,,full,measurement-scene,S3,九年级上册,锐角的三角比,candidates/hjb-junior-ds-v2-s3-105.png,某校数学兴趣小组测量校园内一棵大树的高度。他们在与大树底部在同一水平面上的点A处，测得大树顶端C的仰角为30°，然后沿直线向大树方向前进20米到达点B，此时测得大树顶端C的仰角为45°。已知点A、点B和大树底部D在同一直线上，且大树垂直于地面。求大树的高度CD。（结果保留根号）,为沪教版初中数学题 hjb-junior-ds-v2-s3-105 绘制原创题目插图，单元「锐角的三角比」，不要复制教材或试卷版式。 绘制测量场景示意，标明水平线、垂直高度、观察点、角度和距离，避免真实学校/品牌元素。,仅根据当前原创题干重新绘制简洁数学示意图，不复制、还原或近似教材/试卷原图、版式、题序或受保护视觉布局。
hjb-junior-ds-v2-s3-106,queued,pending,,full,measurement-scene,S3,九年级上册,锐角的三角比,candidates/hjb-junior-ds-v2-s3-106.png,某数学兴趣小组测量学校旗杆的高度。已知旗杆垂直于地面，在距离旗杆底部12米的地面点A处，测得旗杆顶端B的仰角为35°。若测角仪的高度忽略不计，则旗杆的高度约为（参考数据：sin35°≈0.57，cos35°≈0.82，tan35°≈0.70）,为沪教版初中数学题 hjb-junior-ds-v2-s3-106 绘制原创题目插图，单元「锐角的三角比」，不要复制教材或试卷版式。 绘制测量场景示意，标明水平线、垂直高度、观察点、角度和距离，避免真实学校/品牌元素。,仅根据当前原创题干重新绘制简洁数学示意图，不复制、还原或近似教材/试卷原图、版式、题序或受保护视觉布局。
hjb-junior-ds-v2-s3-107,queued,pending,,full,measurement-scene,S3,九年级上册,锐角的三角比,candidates/hjb-junior-ds-v2-s3-107.png,某数学兴趣小组测量学校旗杆的高度。已知旗杆垂直于地面，底部为点A，顶部为点B。在距离点A水平距离12米的地面点C处，用测角仪测得点B的仰角为35°。测角仪的高度忽略不计。求旗杆的高度AB。（结果精确到0.1米，参考数据：sin35°≈0.574，cos35°≈0.819，tan35°≈0.700）,为沪教版初中数学题 hjb-junior-ds-v2-s3-107 绘制原创题目插图，单元「锐角的三角比」，不要复制教材或试卷版式。 绘制测量场景示意，标明水平线、垂直高度、观察点、角度和距离，避免真实学校/品牌元素。,仅根据当前原创题干重新绘制简洁数学示意图，不复制、还原或近似教材/试卷原图、版式、题序或受保护视觉布局。
hjb-junior-ds-v2-s3-108,queued,pending,,full,measurement-scene,S3,九年级上册,锐角的三角比,candidates/hjb-junior-ds-v2-s3-108.png,为了测量一条河的宽度，小明在河岸上选取点A，在对岸选取一棵树作为参照点C。他沿与AC垂直的方向走到点B，测得AB=30米，∠ABC=40°。求河的宽度AC。（结果精确到0.1米，参考数据：sin40°≈0.643，cos40°≈0.766，tan40°≈0.839）,为沪教版初中数学题 hjb-junior-ds-v2-s3-108 绘制原创题目插图，单元「锐角的三角比」，不要复制教材或试卷版式。 绘制测量场景示意，标明水平线、垂直高度、观察点、角度和距离，避免真实学校/品牌元素。,仅根据当前原创题干重新绘制简洁数学示意图，不复制、还原或近似教材/试卷原图、版式、题序或受保护视觉布局。
hjb-junior-ds-v2-s3-109,queued,pending,,full,measurement-scene,S3,九年级上册,锐角的三角比,candidates/hjb-junior-ds-v2-s3-109.png,某校数学兴趣小组测量校园内旗杆的高度。他们在旗杆底部正东方向24米处的地面上选取一点A，在点A处测得旗杆顶端P的仰角为35°。已知测量仪器的高度忽略不计，旗杆垂直于地面，且点A、旗杆底部B、旗杆顶端P在同一竖直平面内。求旗杆的高度最接近下列哪个值？（参考数据：sin35°≈0.57，cos35°≈0.82，tan35°≈0.70）,为沪教版初中数学题 hjb-junior-ds-v2-s3-109 绘制原创题目插图，单元「锐角的三角比」，不要复制教材或试卷版式。 绘制测量场景示意，标明水平线、垂直高度、观察点、角度和距离，避免真实学校/品牌元素。,仅根据当前原创题干重新绘制简洁数学示意图，不复制、还原或近似教材/试卷原图、版式、题序或受保护视觉布局。
hjb-junior-ds-v2-s3-110,queued,pending,,full,measurement-scene,S3,九年级上册,锐角的三角比,candidates/hjb-junior-ds-v2-s3-110.png,某数学兴趣小组测量校园内一棵大树的高度。他们在点A处测得大树顶端D的仰角为30°，然后向大树方向前进20米到达点B，在点B处测得大树顶端D的仰角为45°。已知点A、点B和大树底部C在同一水平线上，大树垂直于地面，且测量仪器的高度忽略不计。求大树的高度CD。（结果保留根号）,为沪教版初中数学题 hjb-junior-ds-v2-s3-110 绘制原创题目插图，单元「锐角的三角比」，不要复制教材或试卷版式。 绘制测量场景示意，标明水平线、垂直高度、观察点、角度和距离，避免真实学校/品牌元素。,仅根据当前原创题干重新绘制简洁数学示意图，不复制、还原或近似教材/试卷原图、版式、题序或受保护视觉布局。
hjb-junior-ds-v2-s3-111,queued,pending,,full,measurement-scene,S3,九年级上册,锐角的三角比,candidates/hjb-junior-ds-v2-s3-111.png,某数学兴趣小组测量学校旗杆的高度。在旗杆底部正东方向24米处的地面上取一点A，用测角仪测得旗杆顶端M的仰角为35°；在旗杆底部正东方向8米处的地面上取一点B，测得旗杆顶端M的仰角为55°。测角仪高度忽略不计，A、B与旗杆底部O在同一直线上，且旗杆垂直于地面。求旗杆的高度（精确到0.1米）。参考数据：sin35°≈0.574，cos35°≈0.819，tan35°≈0.700；sin55°≈0.819，cos55°≈0.574，tan55°≈1.428。,为沪教版初中数学题 hjb-junior-ds-v2-s3-111 绘制原创题目插图，单元「锐角的三角比」，不要复制教材或试卷版式。 绘制测量场景示意，标明水平线、垂直高度、观察点、角度和距离，避免真实学校/品牌元素。,仅根据当前原创题干重新绘制简洁数学示意图，不复制、还原或近似教材/试卷原图、版式、题序或受保护视觉布局。
hjb-junior-ds-v2-s3-112,queued,pending,,full,measurement-scene,S3,九年级上册,锐角的三角比,candidates/hjb-junior-ds-v2-s3-112.png,某校数学兴趣小组测量校园内旗杆的高度。旗杆垂直于地面，底部为点D。他们在点D正东方向24米处的地面点A测得旗杆顶端C的仰角为45°，然后从点A向正北方向移动10米到达点B，在点B测得旗杆顶端C的仰角为θ。点A、B、D在同一水平面内。求tanθ的值。,为沪教版初中数学题 hjb-junior-ds-v2-s3-112 绘制原创题目插图，单元「锐角的三角比」，不要复制教材或试卷版式。 绘制测量场景示意，标明水平线、垂直高度、观察点、角度和距离，避免真实学校/品牌元素。,仅根据当前原创题干重新绘制简洁数学示意图，不复制、还原或近似教材/试卷原图、版式、题序或受保护视觉布局。
hjb-junior-ds-v2-s3-113,queued,pending,,full,measurement-scene,S3,九年级上册,锐角的三角比,candidates/hjb-junior-ds-v2-s3-113.png,小明站在离旗杆底部B点12米远的A点处，用测角仪测得旗杆顶端C点的仰角为30°。已知测角仪的高度AD为1.5米，求旗杆的高度BC。（结果精确到0.1米，参考数据：√3≈1.732）,为沪教版初中数学题 hjb-junior-ds-v2-s3-113 绘制原创题目插图，单元「锐角的三角比」，不要复制教材或试卷版式。 绘制测量场景示意，标明水平线、垂直高度、观察点、角度和距离，避免真实学校/品牌元素。,仅根据当前原创题干重新绘制简洁数学示意图，不复制、还原或近似教材/试卷原图、版式、题序或受保护视觉布局。
hjb-junior-ds-v2-s3-114,queued,pending,,full,measurement-scene,S3,九年级上册,锐角的三角比,candidates/hjb-junior-ds-v2-s3-114.png,某数学兴趣小组测量校园内一棵大树的高度。他们在点A处测得树顶D的仰角为30°，然后向树的方向水平前进20米到达点B，在点B处测得树顶D的仰角为45°。已知测角仪的高度忽略不计，点A、B和树底C在同一水平线上，且点C在AB的延长线上。求大树的高度CD。（结果保留根号）,为沪教版初中数学题 hjb-junior-ds-v2-s3-114 绘制原创题目插图，单元「锐角的三角比」，不要复制教材或试卷版式。 绘制测量场景示意，标明水平线、垂直高度、观察点、角度和距离，避免真实学校/品牌元素。,仅根据当前原创题干重新绘制简洁数学示意图，不复制、还原或近似教材/试卷原图、版式、题序或受保护视觉布局。
hjb-junior-ds-v2-s3-115,queued,pending,,full,measurement-scene,S3,九年级上册,锐角的三角比,candidates/hjb-junior-ds-v2-s3-115.png,某校数学兴趣小组测量校园内一棵大树的高度。他们在与大树底部D相距20米的C处，用测角仪测得大树顶端A的仰角为35°。已知测角仪的高度CE为1.5米，点C、D在同一水平线上，且大树与地面垂直。求大树的高度AB（精确到0.1米）。参考数据：sin35°≈0.574，cos35°≈0.819，tan35°≈0.700。,为沪教版初中数学题 hjb-junior-ds-v2-s3-115 绘制原创题目插图，单元「锐角的三角比」，不要复制教材或试卷版式。 绘制测量场景示意，标明水平线、垂直高度、观察点、角度和距离，避免真实学校/品牌元素。,仅根据当前原创题干重新绘制简洁数学示意图，不复制、还原或近似教材/试卷原图、版式、题序或受保护视觉布局。
hjb-junior-ds-v2-s3-117,queued,pending,,full,measurement-scene,S3,九年级上册,锐角的三角比,candidates/hjb-junior-ds-v2-s3-117.png,小明在点A处测得一棵树顶端C的仰角为30°，他向树的方向水平前进20米到达点B，此时测得树顶端C的仰角为45°。已知小明的身高忽略不计，点A、B和树底D在同一水平线上。求树的高度CD（结果保留根号）。,为沪教版初中数学题 hjb-junior-ds-v2-s3-117 绘制原创题目插图，单元「锐角的三角比」，不要复制教材或试卷版式。 绘制测量场景示意，标明水平线、垂直高度、观察点、角度和距离，避免真实学校/品牌元素。,仅根据当前原创题干重新绘制简洁数学示意图，不复制、还原或近似教材/试卷原图、版式、题序或受保护视觉布局。
hjb-junior-ds-v2-s3-123,queued,pending,,full,measurement-scene,S3,九年级上册,锐角的三角比,candidates/hjb-junior-ds-v2-s3-123.png,小明在点A处测得一栋楼顶部C的仰角为30°，他向楼方向前进40米到达点B，此时测得仰角为45°。已知测角仪高度忽略不计，点A、B和楼底部D在同一直线上。求楼高CD（精确到0.1米，√3≈1.732）。,为沪教版初中数学题 hjb-junior-ds-v2-s3-123 绘制原创题目插图，单元「锐角的三角比」，不要复制教材或试卷版式。 绘制测量场景示意，标明水平线、垂直高度、观察点、角度和距离，避免真实学校/品牌元素。,仅根据当前原创题干重新绘制简洁数学示意图，不复制、还原或近似教材/试卷原图、版式、题序或受保护视觉布局。
hjb-junior-ds-v2-s3-126,queued,pending,,full,measurement-scene,S3,九年级上册,锐角的三角比,candidates/hjb-junior-ds-v2-s3-126.png,小明在测量学校旗杆的高度。他在离旗杆底部水平距离12米处，测得旗杆顶端的仰角为35°。已知小明的眼睛离地面1.5米，求旗杆的高度（精确到0.1米）。,为沪教版初中数学题 hjb-junior-ds-v2-s3-126 绘制原创题目插图，单元「锐角的三角比」，不要复制教材或试卷版式。 绘制测量场景示意，标明水平线、垂直高度、观察点、角度和距离，避免真实学校/品牌元素。,仅根据当前原创题干重新绘制简洁数学示意图，不复制、还原或近似教材/试卷原图、版式、题序或受保护视觉布局。
hjb-junior-ds-v2-s3-130,queued,pending,,full,measurement-scene,S3,九年级上册,锐角的三角比,candidates/hjb-junior-ds-v2-s3-130.png,一架梯子斜靠在墙上，梯子底端离墙脚2米，梯子与地面的夹角为75°。梯子的长度约为多少米？（sin75°≈0.97，cos75°≈0.26，tan75°≈3.73）,为沪教版初中数学题 hjb-junior-ds-v2-s3-130 绘制原创题目插图，单元「锐角的三角比」，不要复制教材或试卷版式。 绘制测量场景示意，标明水平线、垂直高度、观察点、角度和距离，避免真实学校/品牌元素。,仅根据当前原创题干重新绘制简洁数学示意图，不复制、还原或近似教材/试卷原图、版式、题序或受保护视觉布局。
hjb-junior-ds-v2-s3-131,queued,pending,,full,measurement-scene,S3,九年级上册,锐角的三角比,candidates/hjb-junior-ds-v2-s3-131.png,某数学兴趣小组测量校园内一棵大树的高度。他们在大树前方平地上一处点A测得树顶的仰角为30°，然后沿直线向大树方向前进12米到达点B，在点B测得树顶的仰角为45°。已知测角仪的高度为1.5米，点A、点B与大树底部中心在同一竖直平面内，且点A、点B与大树底部中心在同一直线上。求大树的高度（精确到0.1米）。,为沪教版初中数学题 hjb-junior-ds-v2-s3-131 绘制原创题目插图，单元「锐角的三角比」，不要复制教材或试卷版式。 绘制测量场景示意，标明水平线、垂直高度、观察点、角度和距离，避免真实学校/品牌元素。,仅根据当前原创题干重新绘制简洁数学示意图，不复制、还原或近似教材/试卷原图、版式、题序或受保护视觉布局。
hjb-junior-ds-v2-s3-132,queued,pending,,full,measurement-scene,S3,九年级上册,锐角的三角比,candidates/hjb-junior-ds-v2-s3-132.png,小明在测量学校旗杆的高度时，采用了如下方法：他站在离旗杆底部水平距离12米的地面上，用测角仪测得旗杆顶端的仰角为35°。已知小明的眼睛离地面的高度为1.6米，测角仪的高度忽略不计。求旗杆的高度（结果精确到0.1米）。,为沪教版初中数学题 hjb-junior-ds-v2-s3-132 绘制原创题目插图，单元「锐角的三角比」，不要复制教材或试卷版式。 绘制测量场景示意，标明水平线、垂直高度、观察点、角度和距离，避免真实学校/品牌元素。,仅根据当前原创题干重新绘制简洁数学示意图，不复制、还原或近似教材/试卷原图、版式、题序或受保护视觉布局。
hjb-junior-ds-v2-s3-133,queued,pending,,full,measurement-scene,S3,九年级上册,锐角的三角比,candidates/hjb-junior-ds-v2-s3-133.png,某数学兴趣小组测量学校旗杆的高度。已知旗杆垂直于地面，在距离旗杆底部12米处，用测角仪测得旗杆顶端的仰角为35°。测角仪的高度为1.5米。求旗杆的高度（精确到0.1米）。参考数据：sin35°≈0.57，cos35°≈0.82，tan35°≈0.70。,为沪教版初中数学题 hjb-junior-ds-v2-s3-133 绘制原创题目插图，单元「锐角的三角比」，不要复制教材或试卷版式。 绘制测量场景示意，标明水平线、垂直高度、观察点、角度和距离，避免真实学校/品牌元素。,仅根据当前原创题干重新绘制简洁数学示意图，不复制、还原或近似教材/试卷原图、版式、题序或受保护视觉布局。
hjb-junior-ds-v2-s3-134,queued,pending,,full,measurement-scene,S3,九年级上册,锐角的三角比,candidates/hjb-junior-ds-v2-s3-134.png,某校数学兴趣小组测量校园内一棵大树的高度。他们在点A处测得大树顶端C的仰角为30°，然后向大树方向前进20米到达点B，在点B处测得大树顶端C的仰角为45°。已知点A、点B与大树底部D在同一直线上，且AD⊥CD。求大树的高度CD。（结果保留根号）,为沪教版初中数学题 hjb-junior-ds-v2-s3-134 绘制原创题目插图，单元「锐角的三角比」，不要复制教材或试卷版式。 绘制测量场景示意，标明水平线、垂直高度、观察点、角度和距离，避免真实学校/品牌元素。,仅根据当前原创题干重新绘制简洁数学示意图，不复制、还原或近似教材/试卷原图、版式、题序或受保护视觉布局。
hjb-junior-ds-v2-s3-135,queued,pending,,full,measurement-scene,S3,九年级上册,锐角的三角比,candidates/hjb-junior-ds-v2-s3-135.png,某数学兴趣小组测量学校旗杆的高度。他们在旗杆正前方水平地面上选择一点A，测得旗杆顶端C的仰角为30°；然后向旗杆方向前进12米到达点B，再次测得旗杆顶端C的仰角为45°。已知点A、点B与旗杆底部D在同一直线上，且AD垂直于地面，测量仪器的高度忽略不计。求旗杆CD的高度（结果保留根号）。,为沪教版初中数学题 hjb-junior-ds-v2-s3-135 绘制原创题目插图，单元「锐角的三角比」，不要复制教材或试卷版式。 绘制测量场景示意，标明水平线、垂直高度、观察点、角度和距离，避免真实学校/品牌元素。,仅根据当前原创题干重新绘制简洁数学示意图，不复制、还原或近似教材/试卷原图、版式、题序或受保护视觉布局。
hjb-junior-ds-v2-s3-136,queued,pending,,full,measurement-scene,S3,九年级上册,锐角的三角比,candidates/hjb-junior-ds-v2-s3-136.png,小明测量学校旗杆的高度。他站在离旗杆底部12米处，测得旗杆顶端的仰角为30°。已知小明的眼睛离地面1.6米，则旗杆的高度约为多少米？（参考数据：√3 ≈ 1.732，结果精确到0.1米）,为沪教版初中数学题 hjb-junior-ds-v2-s3-136 绘制原创题目插图，单元「锐角的三角比」，不要复制教材或试卷版式。 绘制测量场景示意，标明水平线、垂直高度、观察点、角度和距离，避免真实学校/品牌元素。,仅根据当前原创题干重新绘制简洁数学示意图，不复制、还原或近似教材/试卷原图、版式、题序或受保护视觉布局。
hjb-junior-ds-v2-s3-137,queued,pending,,full,measurement-scene,S3,九年级上册,锐角的三角比,candidates/hjb-junior-ds-v2-s3-137.png,在测量学校旗杆高度的活动中，小杰站在离旗杆底部B点水平距离12米的C点，用测角仪测得旗杆顶端A点的仰角为35°。已知测角仪的高度CD为1.6米，且点D、C、B在同一水平线上，点A、B、C在同一竖直平面内。求旗杆AB的高度。（结果精确到0.1米，参考数据：sin35°≈0.574，cos35°≈0.819，tan35°≈0.700）,为沪教版初中数学题 hjb-junior-ds-v2-s3-137 绘制原创题目插图，单元「锐角的三角比」，不要复制教材或试卷版式。 绘制测量场景示意，标明水平线、垂直高度、观察点、角度和距离，避免真实学校/品牌元素。,仅根据当前原创题干重新绘制简洁数学示意图，不复制、还原或近似教材/试卷原图、版式、题序或受保护视觉布局。
hjb-junior-ds-v2-s3-138,queued,pending,,full,measurement-scene,S3,九年级上册,锐角的三角比,candidates/hjb-junior-ds-v2-s3-138.png,某校数学兴趣小组测量校园内一棵大树的高度。他们在与大树底部D相距15米的地面点A处，用测角仪测得大树顶端C的仰角为35°。已知测角仪的高度AE为1.5米，点A、D在同一水平线上，大树与地面垂直。求大树的高度CD。（结果精确到0.1米，参考数据：sin35°≈0.574，cos35°≈0.819，tan35°≈0.700）,为沪教版初中数学题 hjb-junior-ds-v2-s3-138 绘制原创题目插图，单元「锐角的三角比」，不要复制教材或试卷版式。 绘制测量场景示意，标明水平线、垂直高度、观察点、角度和距离，避免真实学校/品牌元素。,仅根据当前原创题干重新绘制简洁数学示意图，不复制、还原或近似教材/试卷原图、版式、题序或受保护视觉布局。
hjb-junior-ds-v2-s3-139,queued,pending,,full,measurement-scene,S3,九年级上册,锐角的三角比,candidates/hjb-junior-ds-v2-s3-139.png,某数学兴趣小组测量学校旗杆的高度。他们在旗杆底部O正东方向24米的地面点A处，测得旗杆顶端M的仰角为35°；在旗杆底部O正东方向8米的地面点B处，测得旗杆顶端M的仰角为55°。测角仪高度忽略不计，A、B、O在同一直线上，旗杆垂直于地面。求旗杆的高度最接近下列哪个值？（参考数据：sin35°≈0.574，cos35°≈0.819，tan35°≈0.700；sin55°≈0.819，cos55°≈0.574，tan55°≈1.428）,为沪教版初中数学题 hjb-junior-ds-v2-s3-139 绘制原创题目插图，单元「锐角的三角比」，不要复制教材或试卷版式。 绘制测量场景示意，标明水平线、垂直高度、观察点、角度和距离，避免真实学校/品牌元素。,仅根据当前原创题干重新绘制简洁数学示意图，不复制、还原或近似教材/试卷原图、版式、题序或受保护视觉布局。
hjb-junior-ds-v2-s3-140,queued,pending,,full,measurement-scene,S3,九年级上册,锐角的三角比,candidates/hjb-junior-ds-v2-s3-140.png,小明测量学校旗杆的高度。他站在离旗杆底部12米的地面上，测得旗杆顶端的仰角为35°。已知小明的眼睛离地面1.6米，求旗杆的高度（精确到0.1米）。参考数据：sin35°≈0.574，cos35°≈0.819，tan35°≈0.700。,为沪教版初中数学题 hjb-junior-ds-v2-s3-140 绘制原创题目插图，单元「锐角的三角比」，不要复制教材或试卷版式。 绘制测量场景示意，标明水平线、垂直高度、观察点、角度和距离，避免真实学校/品牌元素。,仅根据当前原创题干重新绘制简洁数学示意图，不复制、还原或近似教材/试卷原图、版式、题序或受保护视觉布局。
hjb-junior-ds-v2-s3-146,queued,pending,,full,measurement-scene,S3,九年级上册,锐角的三角比,candidates/hjb-junior-ds-v2-s3-146.png,小明在测量学校旗杆的高度时，采用如下方法：在离旗杆底部10米的地面上放置一个测角仪，测得旗杆顶端的仰角为35°。已知测角仪的高度为1.5米，求旗杆的高度。（结果精确到0.1米，参考数据：sin35°≈0.574，cos35°≈0.819，tan35°≈0.700）,为沪教版初中数学题 hjb-junior-ds-v2-s3-146 绘制原创题目插图，单元「锐角的三角比」，不要复制教材或试卷版式。 绘制测量场景示意，标明水平线、垂直高度、观察点、角度和距离，避免真实学校/品牌元素。,仅根据当前原创题干重新绘制简洁数学示意图，不复制、还原或近似教材/试卷原图、版式、题序或受保护视觉布局。
hjb-junior-ds-v2-s3-147,queued,pending,,full,measurement-scene,S3,九年级上册,锐角的三角比,candidates/hjb-junior-ds-v2-s3-147.png,一艘船从港口A向北偏东30°方向航行20海里到达B，然后转向正东方向航行15海里到达C。求港口A到C的直线距离（精确到0.1海里，√3≈1.732）。,为沪教版初中数学题 hjb-junior-ds-v2-s3-147 绘制原创题目插图，单元「锐角的三角比」，不要复制教材或试卷版式。 绘制测量场景示意，标明水平线、垂直高度、观察点、角度和距离，避免真实学校/品牌元素。,仅根据当前原创题干重新绘制简洁数学示意图，不复制、还原或近似教材/试卷原图、版式、题序或受保护视觉布局。
hjb-junior-ds-v2-s3-150,queued,pending,,full,measurement-scene,S3,九年级上册,锐角的三角比,candidates/hjb-junior-ds-v2-s3-150.png,从地面点P观测山顶M的仰角为45°，向山脚方向前进200米到达点Q，此时观测山顶M的仰角为60°。若点P、Q和山脚在同一水平线上，求山高（精确到1米，√3≈1.732）。,为沪教版初中数学题 hjb-junior-ds-v2-s3-150 绘制原创题目插图，单元「锐角的三角比」，不要复制教材或试卷版式。 绘制测量场景示意，标明水平线、垂直高度、观察点、角度和距离，避免真实学校/品牌元素。,仅根据当前原创题干重新绘制简洁数学示意图，不复制、还原或近似教材/试卷原图、版式、题序或受保护视觉布局。
hjb-junior-ds-v2-s3-151,queued,pending,,full,measurement-scene,S3,九年级上册,锐角的三角比,candidates/hjb-junior-ds-v2-s3-151.png,某校数学小组测量教学楼高度。在平地上选定一点A，测得教学楼顶端C的仰角为30°；向教学楼方向前进40米到达点B，测得C的仰角为45°。已知点A、B与教学楼底部D在同一直线上，且AD⊥CD。求教学楼的高度CD（精确到0.1米）。,为沪教版初中数学题 hjb-junior-ds-v2-s3-151 绘制原创题目插图，单元「锐角的三角比」，不要复制教材或试卷版式。 绘制测量场景示意，标明水平线、垂直高度、观察点、角度和距离，避免真实学校/品牌元素。,仅根据当前原创题干重新绘制简洁数学示意图，不复制、还原或近似教材/试卷原图、版式、题序或受保护视觉布局。
hjb-junior-ds-v2-s3-159,queued,pending,,full,measurement-scene,S3,九年级上册,锐角的三角比,candidates/hjb-junior-ds-v2-s3-159.png,某校旗杆在阳光下的影子长为 9 米，同一时刻测得附近一根 2 米长的标杆的影子长为 1.5 米。求旗杆的高度。,为沪教版初中数学题 hjb-junior-ds-v2-s3-159 绘制原创题目插图，单元「锐角的三角比」，不要复制教材或试卷版式。 绘制测量场景示意，标明水平线、垂直高度、观察点、角度和距离，避免真实学校/品牌元素。,仅根据当前原创题干重新绘制简洁数学示意图，不复制、还原或近似教材/试卷原图、版式、题序或受保护视觉布局。
hjb-junior-ds-v2-s3-161,queued,pending,,full,measurement-scene,S3,九年级上册,锐角的三角比,candidates/hjb-junior-ds-v2-s3-161.png,小明站在离旗杆底部20米远的地面上，测得旗杆顶端的仰角为35°。若小明的眼睛离地面1.6米，求旗杆的高度（结果精确到0.1米）。,为沪教版初中数学题 hjb-junior-ds-v2-s3-161 绘制原创题目插图，单元「锐角的三角比」，不要复制教材或试卷版式。 绘制测量场景示意，标明水平线、垂直高度、观察点、角度和距离，避免真实学校/品牌元素。,仅根据当前原创题干重新绘制简洁数学示意图，不复制、还原或近似教材/试卷原图、版式、题序或受保护视觉布局。
hjb-junior-ds-v2-s3-162,queued,pending,,full,measurement-scene,S3,九年级上册,锐角的三角比,candidates/hjb-junior-ds-v2-s3-162.png,某校数学兴趣小组测量校园内旗杆的高度。在距离旗杆底部点B水平距离12米的点A处，用测角仪测得旗杆顶端点C的仰角为35°。已知测角仪的高度AD为1.5米，点A、D、B在同一竖直平面内，且点D、B、C在同一竖直平面内，AB⊥BC。求旗杆的高度BC。（结果精确到0.1米，参考数据：sin35°≈0.57，cos35°≈0.82，tan35°≈0.70）,为沪教版初中数学题 hjb-junior-ds-v2-s3-162 绘制原创题目插图，单元「锐角的三角比」，不要复制教材或试卷版式。 绘制测量场景示意，标明水平线、垂直高度、观察点、角度和距离，避免真实学校/品牌元素。,仅根据当前原创题干重新绘制简洁数学示意图，不复制、还原或近似教材/试卷原图、版式、题序或受保护视觉布局。
hjb-junior-ds-v2-s3-163,queued,pending,,full,measurement-scene,S3,九年级上册,锐角的三角比,candidates/hjb-junior-ds-v2-s3-163.png,某测量小组在河对岸选定目标点P，在河岸一侧选定点A，使PA与河岸垂直。从点A沿河岸走30米到达点B，测得∠PBA=52°。求河宽PA（精确到0.1米）。参考数据：sin52°≈0.7880，cos52°≈0.6157，tan52°≈1.2799。,为沪教版初中数学题 hjb-junior-ds-v2-s3-163 绘制原创题目插图，单元「锐角的三角比」，不要复制教材或试卷版式。 绘制测量场景示意，标明水平线、垂直高度、观察点、角度和距离，避免真实学校/品牌元素。,仅根据当前原创题干重新绘制简洁数学示意图，不复制、还原或近似教材/试卷原图、版式、题序或受保护视觉布局。
hjb-junior-ds-v2-s3-164,queued,pending,,full,measurement-scene,S3,九年级上册,锐角的三角比,candidates/hjb-junior-ds-v2-s3-164.png,某校数学兴趣小组测量校园内一棵大树的高度。他们在与大树底部在同一水平面上的点A处，测得大树顶端C的仰角为30°，然后沿该水平线向大树方向前进12米到达点B处，再次测得大树顶端C的仰角为45°。已知点A、点B和大树底部D在同一直线上，且测量仪器的高度忽略不计。求大树的高度CD。（结果保留根号）,为沪教版初中数学题 hjb-junior-ds-v2-s3-164 绘制原创题目插图，单元「锐角的三角比」，不要复制教材或试卷版式。 绘制测量场景示意，标明水平线、垂直高度、观察点、角度和距离，避免真实学校/品牌元素。,仅根据当前原创题干重新绘制简洁数学示意图，不复制、还原或近似教材/试卷原图、版式、题序或受保护视觉布局。
hjb-junior-ds-v2-s3-165,queued,pending,,full,measurement-scene,S3,九年级上册,锐角的三角比,candidates/hjb-junior-ds-v2-s3-165.png,某数学小组测量学校旗杆的高度。他们在旗杆底部正东方向24米处的地面点A测得旗杆顶端C的仰角为31°。已知测量仪器的高度忽略不计，地面为水平面，旗杆垂直于地面，底部为点B。求旗杆BC的高度。（结果精确到0.1米，参考数据：sin31°≈0.515，cos31°≈0.857，tan31°≈0.601）,为沪教版初中数学题 hjb-junior-ds-v2-s3-165 绘制原创题目插图，单元「锐角的三角比」，不要复制教材或试卷版式。 绘制测量场景示意，标明水平线、垂直高度、观察点、角度和距离，避免真实学校/品牌元素。,仅根据当前原创题干重新绘制简洁数学示意图，不复制、还原或近似教材/试卷原图、版式、题序或受保护视觉布局。
hjb-junior-ds-v2-s3-166,queued,pending,,full,measurement-scene,S3,九年级上册,锐角的三角比,candidates/hjb-junior-ds-v2-s3-166.png,某数学兴趣小组测量一座垂直于地面的电视塔的高度。他们在与塔底在同一水平面上的点A处测得塔顶的仰角为35°，然后沿水平方向向远离塔底的方向移动40米到达点B，在点B处测得塔顶的仰角为25°。点A、点B与塔底在同一直线上。求电视塔的高度最接近下列哪个值？（参考数据：sin35°≈0.574，cos35°≈0.819，tan35°≈0.700；sin25°≈0.423，cos25°≈0.906，tan25°≈0.466）,为沪教版初中数学题 hjb-junior-ds-v2-s3-166 绘制原创题目插图，单元「锐角的三角比」，不要复制教材或试卷版式。 绘制测量场景示意，标明水平线、垂直高度、观察点、角度和距离，避免真实学校/品牌元素。,仅根据当前原创题干重新绘制简洁数学示意图，不复制、还原或近似教材/试卷原图、版式、题序或受保护视觉布局。
hjb-junior-ds-v2-s1-251,queued,pending,,pilot,number-line,S1,七年级下册,一元一次不等式,candidates/hjb-junior-ds-v2-s1-251.png,解不等式 2x - 5 < 3x + 1，并将解集在数轴上表示出来。,为沪教版初中数学题 hjb-junior-ds-v2-s1-251 绘制原创题目插图，单元「一元一次不等式」，不要复制教材或试卷版式。 绘制数轴、端点、开闭圆点和方向箭头；区间边界与题干一致。,仅根据当前原创题干重新绘制简洁数学示意图，不复制、还原或近似教材/试卷原图、版式、题序或受保护视觉布局。
hjb-junior-ds-v2-s1-253,queued,pending,,pilot,number-line,S1,七年级下册,一元一次不等式,candidates/hjb-junior-ds-v2-s1-253.png,不等式 -3x + 6 ≥ 0 的解集在数轴上表示正确的是（ ）,为沪教版初中数学题 hjb-junior-ds-v2-s1-253 绘制原创题目插图，单元「一元一次不等式」，不要复制教材或试卷版式。 绘制数轴、端点、开闭圆点和方向箭头；区间边界与题干一致。,仅根据当前原创题干重新绘制简洁数学示意图，不复制、还原或近似教材/试卷原图、版式、题序或受保护视觉布局。
hjb-junior-ds-v2-s1-255,queued,pending,,pilot,number-line,S1,七年级下册,一元一次不等式,candidates/hjb-junior-ds-v2-s1-255.png,解不等式 5x - 2 ≤ 3(x + 2)，并写出它的所有正整数解。,为沪教版初中数学题 hjb-junior-ds-v2-s1-255 绘制原创题目插图，单元「一元一次不等式」，不要复制教材或试卷版式。 绘制数轴、端点、开闭圆点和方向箭头；区间边界与题干一致。,仅根据当前原创题干重新绘制简洁数学示意图，不复制、还原或近似教材/试卷原图、版式、题序或受保护视觉布局。
hjb-junior-ds-v2-s1-256,queued,pending,,pilot,number-line,S1,七年级下册,一元一次不等式,candidates/hjb-junior-ds-v2-s1-256.png,解不等式 2(x - 3) + 5 > 3x - 4，并把解集在数轴上表示出来。下列数轴表示正确的是（ ）,为沪教版初中数学题 hjb-junior-ds-v2-s1-256 绘制原创题目插图，单元「一元一次不等式」，不要复制教材或试卷版式。 绘制数轴、端点、开闭圆点和方向箭头；区间边界与题干一致。,仅根据当前原创题干重新绘制简洁数学示意图，不复制、还原或近似教材/试卷原图、版式、题序或受保护视觉布局。
hjb-junior-ds-v2-s1-261,queued,pending,,pilot,number-line,S1,七年级下册,一元一次不等式,candidates/hjb-junior-ds-v2-s1-261.png,解不等式：5x - 3 > 2x + 9，并把解集在数轴上表示出来。,为沪教版初中数学题 hjb-junior-ds-v2-s1-261 绘制原创题目插图，单元「一元一次不等式」，不要复制教材或试卷版式。 绘制数轴、端点、开闭圆点和方向箭头；区间边界与题干一致。,仅根据当前原创题干重新绘制简洁数学示意图，不复制、还原或近似教材/试卷原图、版式、题序或受保护视觉布局。
hjb-junior-ds-v2-s1-265,queued,pending,,pilot,number-line,S1,七年级下册,一元一次不等式,candidates/hjb-junior-ds-v2-s1-265.png,在数轴上表示不等式 x - 2 < 3x + 4 的解集，正确的是（ ）,为沪教版初中数学题 hjb-junior-ds-v2-s1-265 绘制原创题目插图，单元「一元一次不等式」，不要复制教材或试卷版式。 绘制数轴、端点、开闭圆点和方向箭头；区间边界与题干一致。,仅根据当前原创题干重新绘制简洁数学示意图，不复制、还原或近似教材/试卷原图、版式、题序或受保护视觉布局。
hjb-junior-ds-v2-s1-267,queued,pending,,full,number-line,S1,七年级下册,一元一次不等式,candidates/hjb-junior-ds-v2-s1-267.png,解不等式：2(x-1)-3(2x+1) ≥ -7，并将解集在数轴上表示出来。,为沪教版初中数学题 hjb-junior-ds-v2-s1-267 绘制原创题目插图，单元「一元一次不等式」，不要复制教材或试卷版式。 绘制数轴、端点、开闭圆点和方向箭头；区间边界与题干一致。,仅根据当前原创题干重新绘制简洁数学示意图，不复制、还原或近似教材/试卷原图、版式、题序或受保护视觉布局。
hjb-junior-ds-v2-s1-268,queued,pending,,full,number-line,S1,七年级下册,一元一次不等式,candidates/hjb-junior-ds-v2-s1-268.png,已知关于x的不等式3x - a ≤ 0的正整数解只有1和2，则a的取值范围是（ ）,为沪教版初中数学题 hjb-junior-ds-v2-s1-268 绘制原创题目插图，单元「一元一次不等式」，不要复制教材或试卷版式。 绘制数轴、端点、开闭圆点和方向箭头；区间边界与题干一致。,仅根据当前原创题干重新绘制简洁数学示意图，不复制、还原或近似教材/试卷原图、版式、题序或受保护视觉布局。
hjb-junior-ds-v2-s1-271,queued,pending,,full,number-line,S1,七年级下册,一元一次不等式,candidates/hjb-junior-ds-v2-s1-271.png,解不等式 3 - 2x > 7，并把它的解集在数轴上表示出来。以下哪个选项正确地表示了该不等式的解集？,为沪教版初中数学题 hjb-junior-ds-v2-s1-271 绘制原创题目插图，单元「一元一次不等式」，不要复制教材或试卷版式。 绘制数轴、端点、开闭圆点和方向箭头；区间边界与题干一致。,仅根据当前原创题干重新绘制简洁数学示意图，不复制、还原或近似教材/试卷原图、版式、题序或受保护视觉布局。
hjb-junior-ds-v2-s1-275,queued,pending,,full,number-line,S1,七年级下册,一元一次不等式,candidates/hjb-junior-ds-v2-s1-275.png,不等式 3(x - 1) ≥ 5x + 7 的最大整数解是______。,为沪教版初中数学题 hjb-junior-ds-v2-s1-275 绘制原创题目插图，单元「一元一次不等式」，不要复制教材或试卷版式。 绘制数轴、端点、开闭圆点和方向箭头；区间边界与题干一致。,仅根据当前原创题干重新绘制简洁数学示意图，不复制、还原或近似教材/试卷原图、版式、题序或受保护视觉布局。
hjb-junior-ds-v2-s1-277,queued,pending,,full,number-line,S1,七年级下册,一元一次不等式,candidates/hjb-junior-ds-v2-s1-277.png,解不等式3-2x>7，并把解集在数轴上表示出来。下列数轴表示正确的是（ ）,为沪教版初中数学题 hjb-junior-ds-v2-s1-277 绘制原创题目插图，单元「一元一次不等式」，不要复制教材或试卷版式。 绘制数轴、端点、开闭圆点和方向箭头；区间边界与题干一致。,仅根据当前原创题干重新绘制简洁数学示意图，不复制、还原或近似教材/试卷原图、版式、题序或受保护视觉布局。
hjb-junior-ds-v2-s1-278,queued,pending,,full,number-line,S1,七年级下册,一元一次不等式,candidates/hjb-junior-ds-v2-s1-278.png,不等式2x-1≤3的正整数解是______。,为沪教版初中数学题 hjb-junior-ds-v2-s1-278 绘制原创题目插图，单元「一元一次不等式」，不要复制教材或试卷版式。 绘制数轴、端点、开闭圆点和方向箭头；区间边界与题干一致。,仅根据当前原创题干重新绘制简洁数学示意图，不复制、还原或近似教材/试卷原图、版式、题序或受保护视觉布局。
hjb-junior-ds-v2-s1-281,queued,pending,,full,number-line,S1,七年级下册,一元一次不等式,candidates/hjb-junior-ds-v2-s1-281.png,解不等式 2x - 5 < 3x + 2，并把解集在数轴上表示出来。,为沪教版初中数学题 hjb-junior-ds-v2-s1-281 绘制原创题目插图，单元「一元一次不等式」，不要复制教材或试卷版式。 绘制数轴、端点、开闭圆点和方向箭头；区间边界与题干一致。,仅根据当前原创题干重新绘制简洁数学示意图，不复制、还原或近似教材/试卷原图、版式、题序或受保护视觉布局。
hjb-junior-ds-v2-s1-283,queued,pending,,full,number-line,S1,七年级下册,一元一次不等式,candidates/hjb-junior-ds-v2-s1-283.png,不等式 3(x - 1) ≤ 5x + 7 的解集在数轴上表示正确的是（ ）,为沪教版初中数学题 hjb-junior-ds-v2-s1-283 绘制原创题目插图，单元「一元一次不等式」，不要复制教材或试卷版式。 绘制数轴、端点、开闭圆点和方向箭头；区间边界与题干一致。,仅根据当前原创题干重新绘制简洁数学示意图，不复制、还原或近似教材/试卷原图、版式、题序或受保护视觉布局。
hjb-junior-ds-v2-s1-286,queued,pending,,full,number-line,S1,七年级下册,一元一次不等式,candidates/hjb-junior-ds-v2-s1-286.png,解不等式 5 - 3x ≤ 11，并把解集在数轴上表示出来。下列数轴表示正确的是（    ）,为沪教版初中数学题 hjb-junior-ds-v2-s1-286 绘制原创题目插图，单元「一元一次不等式」，不要复制教材或试卷版式。 绘制数轴、端点、开闭圆点和方向箭头；区间边界与题干一致。,仅根据当前原创题干重新绘制简洁数学示意图，不复制、还原或近似教材/试卷原图、版式、题序或受保护视觉布局。
hjb-junior-ds-v2-s1-290,queued,pending,,full,number-line,S1,七年级下册,一元一次不等式,candidates/hjb-junior-ds-v2-s1-290.png,不等式 4x - 7 ≤ 5 的最大整数解是 ______。,为沪教版初中数学题 hjb-junior-ds-v2-s1-290 绘制原创题目插图，单元「一元一次不等式」，不要复制教材或试卷版式。 绘制数轴、端点、开闭圆点和方向箭头；区间边界与题干一致。,仅根据当前原创题干重新绘制简洁数学示意图，不复制、还原或近似教材/试卷原图、版式、题序或受保护视觉布局。
hjb-junior-ds-v2-s1-291,queued,pending,,full,number-line,S1,七年级下册,一元一次不等式,candidates/hjb-junior-ds-v2-s1-291.png,解不等式 3(2x - 5) ≤ 4x + 7，并把解集在数轴上表示出来。,为沪教版初中数学题 hjb-junior-ds-v2-s1-291 绘制原创题目插图，单元「一元一次不等式」，不要复制教材或试卷版式。 绘制数轴、端点、开闭圆点和方向箭头；区间边界与题干一致。,仅根据当前原创题干重新绘制简洁数学示意图，不复制、还原或近似教材/试卷原图、版式、题序或受保护视觉布局。
hjb-junior-ds-v2-s1-293,queued,pending,,full,number-line,S1,七年级下册,一元一次不等式,candidates/hjb-junior-ds-v2-s1-293.png,不等式 2x - 1 < 3 的正整数解是______。,为沪教版初中数学题 hjb-junior-ds-v2-s1-293 绘制原创题目插图，单元「一元一次不等式」，不要复制教材或试卷版式。 绘制数轴、端点、开闭圆点和方向箭头；区间边界与题干一致。,仅根据当前原创题干重新绘制简洁数学示意图，不复制、还原或近似教材/试卷原图、版式、题序或受保护视觉布局。
hjb-junior-ds-v2-s1-295,queued,pending,,full,number-line,S1,七年级下册,一元一次不等式,candidates/hjb-junior-ds-v2-s1-295.png,不等式 5 - 2x ≥ 1 的解集在数轴上表示正确的是（ ）,为沪教版初中数学题 hjb-junior-ds-v2-s1-295 绘制原创题目插图，单元「一元一次不等式」，不要复制教材或试卷版式。 绘制数轴、端点、开闭圆点和方向箭头；区间边界与题干一致。,仅根据当前原创题干重新绘制简洁数学示意图，不复制、还原或近似教材/试卷原图、版式、题序或受保护视觉布局。
hjb-junior-ds-v2-s1-296,queued,pending,,full,number-line,S1,七年级下册,一元一次不等式,candidates/hjb-junior-ds-v2-s1-296.png,解不等式 2(x - 3) - 5 > 3x + 1，并将解集在数轴上表示出来。,为沪教版初中数学题 hjb-junior-ds-v2-s1-296 绘制原创题目插图，单元「一元一次不等式」，不要复制教材或试卷版式。 绘制数轴、端点、开闭圆点和方向箭头；区间边界与题干一致。,仅根据当前原创题干重新绘制简洁数学示意图，不复制、还原或近似教材/试卷原图、版式、题序或受保护视觉布局。
hjb-junior-ds-v2-s1-298,queued,pending,,full,number-line,S1,七年级下册,一元一次不等式,candidates/hjb-junior-ds-v2-s1-298.png,不等式 3 - 2x ≥ 7 的解集在数轴上表示正确的是（ ）。,为沪教版初中数学题 hjb-junior-ds-v2-s1-298 绘制原创题目插图，单元「一元一次不等式」，不要复制教材或试卷版式。 绘制数轴、端点、开闭圆点和方向箭头；区间边界与题干一致。,仅根据当前原创题干重新绘制简洁数学示意图，不复制、还原或近似教材/试卷原图、版式、题序或受保护视觉布局。
hjb-junior-ds-v2-s1-301,queued,pending,,full,number-line,S1,七年级下册,一元一次不等式,candidates/hjb-junior-ds-v2-s1-301.png,解不等式 \(-2x + 5 > 1\)，并把解集在数轴上表示出来。下列数轴表示正确的是（  ）,为沪教版初中数学题 hjb-junior-ds-v2-s1-301 绘制原创题目插图，单元「一元一次不等式」，不要复制教材或试卷版式。 绘制数轴、端点、开闭圆点和方向箭头；区间边界与题干一致。,仅根据当前原创题干重新绘制简洁数学示意图，不复制、还原或近似教材/试卷原图、版式、题序或受保护视觉布局。
hjb-junior-ds-v2-s1-307,queued,pending,,full,number-line,S1,七年级下册,一元一次不等式,candidates/hjb-junior-ds-v2-s1-307.png,不等式2(x-3)-5≤3x+1的解集在数轴上表示正确的是（ ）。,为沪教版初中数学题 hjb-junior-ds-v2-s1-307 绘制原创题目插图，单元「一元一次不等式」，不要复制教材或试卷版式。 绘制数轴、端点、开闭圆点和方向箭头；区间边界与题干一致。,仅根据当前原创题干重新绘制简洁数学示意图，不复制、还原或近似教材/试卷原图、版式、题序或受保护视觉布局。
hjb-junior-ds-v2-s1-309,queued,pending,,full,number-line,S1,七年级下册,一元一次不等式,candidates/hjb-junior-ds-v2-s1-309.png,解不等式：3(x+1)-2≥5x-7，并把解集在数轴上表示出来。,为沪教版初中数学题 hjb-junior-ds-v2-s1-309 绘制原创题目插图，单元「一元一次不等式」，不要复制教材或试卷版式。 绘制数轴、端点、开闭圆点和方向箭头；区间边界与题干一致。,仅根据当前原创题干重新绘制简洁数学示意图，不复制、还原或近似教材/试卷原图、版式、题序或受保护视觉布局。
hjb-junior-ds-v2-s1-310,queued,pending,,full,number-line,S1,七年级下册,一元一次不等式,candidates/hjb-junior-ds-v2-s1-310.png,已知点A在数轴上表示的数是-3，点B在数轴上表示的数是5。若点P在数轴上，且点P到点A的距离小于点P到点B的距离，则点P表示的数x满足的不等式是（ ）。,为沪教版初中数学题 hjb-junior-ds-v2-s1-310 绘制原创题目插图，单元「一元一次不等式」，不要复制教材或试卷版式。 绘制数轴、端点、开闭圆点和方向箭头；区间边界与题干一致。,仅根据当前原创题干重新绘制简洁数学示意图，不复制、还原或近似教材/试卷原图、版式、题序或受保护视觉布局。
hjb-junior-ds-v2-s1-311,queued,pending,,full,number-line,S1,七年级下册,一元一次不等式,candidates/hjb-junior-ds-v2-s1-311.png,解不等式：\(-3x + 7 \le 1\)，并将解集在数轴上表示出来。,为沪教版初中数学题 hjb-junior-ds-v2-s1-311 绘制原创题目插图，单元「一元一次不等式」，不要复制教材或试卷版式。 绘制数轴、端点、开闭圆点和方向箭头；区间边界与题干一致。,仅根据当前原创题干重新绘制简洁数学示意图，不复制、还原或近似教材/试卷原图、版式、题序或受保护视觉布局。
hjb-junior-ds-v2-s1-313,queued,pending,,full,number-line,S1,七年级下册,一元一次不等式,candidates/hjb-junior-ds-v2-s1-313.png,不等式\(2x - 5 > 3\)的解集在数轴上表示正确的是（   ）,为沪教版初中数学题 hjb-junior-ds-v2-s1-313 绘制原创题目插图，单元「一元一次不等式」，不要复制教材或试卷版式。 绘制数轴、端点、开闭圆点和方向箭头；区间边界与题干一致。,仅根据当前原创题干重新绘制简洁数学示意图，不复制、还原或近似教材/试卷原图、版式、题序或受保护视觉布局。
hjb-junior-ds-v2-s2-005,queued,pending,,full,number-line,S2,八年级上册,实数,candidates/hjb-junior-ds-v2-s2-005.png,在数轴上，点A表示√(2)，点B表示1.5，则点A在点B的______侧（填“左”或“右”）。,为沪教版初中数学题 hjb-junior-ds-v2-s2-005 绘制原创题目插图，单元「实数」，不要复制教材或试卷版式。 绘制数轴、端点、开闭圆点和方向箭头；区间边界与题干一致。,仅根据当前原创题干重新绘制简洁数学示意图，不复制、还原或近似教材/试卷原图、版式、题序或受保护视觉布局。
hjb-junior-ds-v2-s2-036,queued,pending,,full,number-line,S2,八年级上册,实数,candidates/hjb-junior-ds-v2-s2-036.png,已知数轴上从左到右依次有四个点 A、B、C、D，它们表示的数分别是 a、b、c、d。其中 a = -√7，b = -³√8，c = √2，d = ³√9。请将这四个数按从小到大的顺序用“<”连接，并说明比较过程中用到的依据。,为沪教版初中数学题 hjb-junior-ds-v2-s2-036 绘制原创题目插图，单元「实数」，不要复制教材或试卷版式。 绘制数轴、端点、开闭圆点和方向箭头；区间边界与题干一致。,仅根据当前原创题干重新绘制简洁数学示意图，不复制、还原或近似教材/试卷原图、版式、题序或受保护视觉布局。
hjb-junior-ds-v2-s2-045,queued,pending,,full,number-line,S2,八年级上册,实数,candidates/hjb-junior-ds-v2-s2-045.png,在数轴上，点 $A$ 表示 $\sqrt{2}$，点 $B$ 表示 $\sqrt{3}$，点 $C$ 表示 $\frac{\sqrt{2}+\sqrt{3}}{2}$。请用“<”连接 $A$、$B$、$C$ 三点表示的数，并说明理由。,为沪教版初中数学题 hjb-junior-ds-v2-s2-045 绘制原创题目插图，单元「实数」，不要复制教材或试卷版式。 绘制数轴、端点、开闭圆点和方向箭头；区间边界与题干一致。,仅根据当前原创题干重新绘制简洁数学示意图，不复制、还原或近似教材/试卷原图、版式、题序或受保护视觉布局。
hjb-junior-ds-v2-s2-046,queued,pending,,full,number-line,S2,八年级上册,实数,candidates/hjb-junior-ds-v2-s2-046.png,在数轴上，点A表示的数是√5，点B表示的数是2.5，点C表示的数是∛8，点D表示的数是π。下列说法正确的是（　）,为沪教版初中数学题 hjb-junior-ds-v2-s2-046 绘制原创题目插图，单元「实数」，不要复制教材或试卷版式。 绘制数轴、端点、开闭圆点和方向箭头；区间边界与题干一致。,仅根据当前原创题干重新绘制简洁数学示意图，不复制、还原或近似教材/试卷原图、版式、题序或受保护视觉布局。
hjb-junior-ds-v2-s2-053,queued,pending,,full,number-line,S2,八年级上册,实数,candidates/hjb-junior-ds-v2-s2-053.png,在数轴上，点A表示√5，点B表示2.2，则点A在点B的______侧（填“左”或“右”）。,为沪教版初中数学题 hjb-junior-ds-v2-s2-053 绘制原创题目插图，单元「实数」，不要复制教材或试卷版式。 绘制数轴、端点、开闭圆点和方向箭头；区间边界与题干一致。,仅根据当前原创题干重新绘制简洁数学示意图，不复制、还原或近似教材/试卷原图、版式、题序或受保护视觉布局。
hjb-junior-ds-v2-s2-057,queued,pending,,full,number-line,S2,八年级上册,实数,candidates/hjb-junior-ds-v2-s2-057.png,在数轴上，点A表示√5，点B表示√8，点C表示√12。请将这三个点表示的数按从小到大的顺序排列，并说明你的比较方法。,为沪教版初中数学题 hjb-junior-ds-v2-s2-057 绘制原创题目插图，单元「实数」，不要复制教材或试卷版式。 绘制数轴、端点、开闭圆点和方向箭头；区间边界与题干一致。,仅根据当前原创题干重新绘制简洁数学示意图，不复制、还原或近似教材/试卷原图、版式、题序或受保护视觉布局。
hjb-junior-ds-v2-s2-058,queued,pending,,full,number-line,S2,八年级上册,实数,candidates/hjb-junior-ds-v2-s2-058.png,在数轴上，点A表示√2，点B表示√5，点C表示√8，点D表示√10。下列说法正确的是（　）,为沪教版初中数学题 hjb-junior-ds-v2-s2-058 绘制原创题目插图，单元「实数」，不要复制教材或试卷版式。 绘制数轴、端点、开闭圆点和方向箭头；区间边界与题干一致。,仅根据当前原创题干重新绘制简洁数学示意图，不复制、还原或近似教材/试卷原图、版式、题序或受保护视觉布局。
hjb-junior-ds-v2-s2-059,queued,pending,,full,number-line,S2,八年级上册,实数,candidates/hjb-junior-ds-v2-s2-059.png,在数轴上，点A表示√5，点B表示√7，点C表示√6。请将点A、B、C所表示的数按从小到大的顺序排列，并用“<”连接。,为沪教版初中数学题 hjb-junior-ds-v2-s2-059 绘制原创题目插图，单元「实数」，不要复制教材或试卷版式。 绘制数轴、端点、开闭圆点和方向箭头；区间边界与题干一致。,仅根据当前原创题干重新绘制简洁数学示意图，不复制、还原或近似教材/试卷原图、版式、题序或受保护视觉布局。
hjb-junior-ds-v2-s2-060,queued,pending,,full,number-line,S2,八年级上册,实数,candidates/hjb-junior-ds-v2-s2-060.png,在数轴上，点A表示数a，点B表示数b，点C表示数c。已知a是面积为7的正方形的边长，b是体积为9的立方体的棱长，c是面积为11的正方形的边长。请将a、b、c按从小到大的顺序排列，并用“<”连接。,为沪教版初中数学题 hjb-junior-ds-v2-s2-060 绘制原创题目插图，单元「实数」，不要复制教材或试卷版式。 绘制数轴、端点、开闭圆点和方向箭头；区间边界与题干一致。,仅根据当前原创题干重新绘制简洁数学示意图，不复制、还原或近似教材/试卷原图、版式、题序或受保护视觉布局。
hjb-junior-ds-v2-s2-062,queued,pending,,full,number-line,S2,八年级上册,实数,candidates/hjb-junior-ds-v2-s2-062.png,已知一个正方体的体积是 2025 cm³，它的棱长是一个无理数。若将这个棱长表示在数轴上，它位于两个连续整数之间，则这两个整数分别是多少？,为沪教版初中数学题 hjb-junior-ds-v2-s2-062 绘制原创题目插图，单元「实数」，不要复制教材或试卷版式。 绘制数轴、端点、开闭圆点和方向箭头；区间边界与题干一致。,仅根据当前原创题干重新绘制简洁数学示意图，不复制、还原或近似教材/试卷原图、版式、题序或受保护视觉布局。
