id,grade,usGradeLabel,topicId,sourceKind,domainId,clusterTitle,currentDifficulty,s18RecommendedDifficulty,type,validationMethod,answer,promptEn
us-ca-k5-knowledge-point-practice-v1-us-ca-math-k-k-cc-count-sequence-q01,K,Kindergarten,us-ca-math-k-k-cc-count-sequence,k-g5-textbook-lesson,K.CC,Count Sequence,Low,Low,multiple-choice,computed-counting,10,"Count Sequence checkpoint: On a warm-up card, count or model, then answer: count the collection: 10 cubes are on a mat. How many objects are on the mat?"
us-ca-k5-knowledge-point-practice-v1-us-ca-math-k-k-cc-count-sequence-q02,K,Kindergarten,us-ca-math-k-k-cc-count-sequence,k-g5-textbook-lesson,K.CC,Count Sequence,Medium,Medium,fill-in,computed-counting,9,"Count Sequence checkpoint: During partner practice, write the missing answer: count the collection: 9 cards are on a mat. How many objects are on the mat?"
us-ca-k5-knowledge-point-practice-v1-us-ca-math-k-k-cc-count-sequence-q03,K,Kindergarten,us-ca-math-k-k-cc-count-sequence,k-g5-textbook-lesson,K.CC,Count Sequence,Medium,Medium,multiple-choice,computed-counting,5,"Count Sequence checkpoint: On a classroom mat, choose the best answer: count the collection: 5 shells are on a mat. How many objects are on the mat?"
us-ca-k5-knowledge-point-practice-v1-us-ca-math-k-k-cc-count-sequence-q04,K,Kindergarten,us-ca-math-k-k-cc-count-sequence,k-g5-textbook-lesson,K.CC,Count Sequence,High,High,short-answer,computed-counting,8,"Count Sequence checkpoint: In a quick check, show the reasoning in one step: count the collection: 8 counters are on a mat. How many objects are on the mat?"
us-ca-k5-knowledge-point-practice-v1-us-ca-math-k-k-cc-count-sequence-q05,K,Kindergarten,us-ca-math-k-k-cc-count-sequence,k-g5-textbook-lesson,K.CC,Count Sequence,Low,Low,multiple-choice,computed-counting,5,"Count Sequence checkpoint: On a math notebook page, use a quick check strategy: count the collection: 5 tiles are on a mat. How many objects are on the mat?"
us-ca-k5-knowledge-point-practice-v1-us-ca-math-k-k-cc-count-sequence-q06,K,Kindergarten,us-ca-math-k-k-cc-count-sequence,k-g5-textbook-lesson,K.CC,Count Sequence,Medium,Medium,fill-in,computed-counting,8,"Count Sequence checkpoint: At a learning station, solve with a drawing or number sentence: count the collection: 8 stickers are on a mat. How many objects are on the mat?"
us-ca-k5-knowledge-point-practice-v1-us-ca-math-k-k-cc-count-sequence-q07,K,Kindergarten,us-ca-math-k-k-cc-count-sequence,k-g5-textbook-lesson,K.CC,Count Sequence,Medium,Medium,multiple-choice,computed-counting,9,"Count Sequence checkpoint: On a teacher card, look for the important numbers: count the collection: 9 blocks are on a mat. How many objects are on the mat?"
us-ca-k5-knowledge-point-practice-v1-us-ca-math-k-k-cc-count-sequence-q08,K,Kindergarten,us-ca-math-k-k-cc-count-sequence,k-g5-textbook-lesson,K.CC,Count Sequence,High,High,short-answer,computed-counting,8,"Count Sequence checkpoint: During independent practice, explain the matching idea: count the collection: 8 buttons are on a mat. How many objects are on the mat?"
us-ca-k5-knowledge-point-practice-v1-us-ca-math-k-k-cc-count-sequence-q09,K,Kindergarten,us-ca-math-k-k-cc-count-sequence,k-g5-textbook-lesson,K.CC,Count Sequence,Low,Low,multiple-choice,computed-counting,11,"Count Sequence checkpoint: On an exit ticket, try a second strategy to confirm: count the collection: 11 cubes are on a mat. How many objects are on the mat?"
us-ca-k5-knowledge-point-practice-v1-us-ca-math-k-k-cc-count-sequence-q10,K,Kindergarten,us-ca-math-k-k-cc-count-sequence,k-g5-textbook-lesson,K.CC,Count Sequence,Medium,Medium,fill-in,computed-counting,7,"Count Sequence checkpoint: In a review game, answer and check the unit or label: count the collection: 7 cards are on a mat. How many objects are on the mat?"
us-ca-k5-knowledge-point-practice-v1-us-ca-math-k-k-cc-count-sequence-q11,K,Kindergarten,us-ca-math-k-k-cc-count-sequence,k-g5-textbook-lesson,K.CC,Count Sequence,Medium,Medium,multiple-choice,computed-counting,4,"Count Sequence checkpoint: On a strategy board, use the topic idea to decide: count the collection: 4 shells are on a mat. How many objects are on the mat?"
us-ca-k5-knowledge-point-practice-v1-us-ca-math-k-k-cc-count-sequence-q12,K,Kindergarten,us-ca-math-k-k-cc-count-sequence,k-g5-textbook-lesson,K.CC,Count Sequence,High,High,short-answer,computed-counting,7,"Count Sequence checkpoint: During a small-group check, finish the challenge carefully: count the collection: 7 counters are on a mat. How many objects are on the mat?"
us-ca-k5-knowledge-point-practice-v1-us-ca-math-k-k-cc-cardinality-compare-q01,K,Kindergarten,us-ca-math-k-k-cc-cardinality-compare,k-g5-textbook-lesson,K.CC,Cardinality Compare,Low,Low,multiple-choice,computed-comparison,right group,"Cardinality Compare checkpoint: On a warm-up card, count or model, then answer: one card shows 10 dots. Another card shows 13 dots. Which card has more dots?"
us-ca-k5-knowledge-point-practice-v1-us-ca-math-k-k-cc-cardinality-compare-q02,K,Kindergarten,us-ca-math-k-k-cc-cardinality-compare,k-g5-textbook-lesson,K.CC,Cardinality Compare,Medium,Medium,fill-in,computed-comparison,left group,"Cardinality Compare checkpoint: During partner practice, write the missing answer: one card shows 13 dots. Another card shows 9 dots. Which card has more dots?"
us-ca-k5-knowledge-point-practice-v1-us-ca-math-k-k-cc-cardinality-compare-q03,K,Kindergarten,us-ca-math-k-k-cc-cardinality-compare,k-g5-textbook-lesson,K.CC,Cardinality Compare,Medium,Medium,multiple-choice,computed-comparison,right group,"Cardinality Compare checkpoint: On a classroom mat, choose the best answer: one card shows 4 dots. Another card shows 6 dots. Which card has more dots?"
us-ca-k5-knowledge-point-practice-v1-us-ca-math-k-k-cc-cardinality-compare-q04,K,Kindergarten,us-ca-math-k-k-cc-cardinality-compare,k-g5-textbook-lesson,K.CC,Cardinality Compare,High,High,short-answer,computed-comparison,left group,"Cardinality Compare checkpoint: In a quick check, show the reasoning in one step: one card shows 7 dots. Another card shows 4 dots. Which card has more dots?"
us-ca-k5-knowledge-point-practice-v1-us-ca-math-k-k-cc-cardinality-compare-q05,K,Kindergarten,us-ca-math-k-k-cc-cardinality-compare,k-g5-textbook-lesson,K.CC,Cardinality Compare,Low,Low,multiple-choice,computed-comparison,right group,"Cardinality Compare checkpoint: On a math notebook page, use a quick check strategy: one card shows 10 dots. Another card shows 14 dots. Which card has more dots?"
us-ca-k5-knowledge-point-practice-v1-us-ca-math-k-k-cc-cardinality-compare-q06,K,Kindergarten,us-ca-math-k-k-cc-cardinality-compare,k-g5-textbook-lesson,K.CC,Cardinality Compare,Medium,Medium,fill-in,computed-comparison,left group,"Cardinality Compare checkpoint: At a learning station, solve with a drawing or number sentence: one card shows 13 dots. Another card shows 11 dots. Which card has more dots?"
us-ca-k5-knowledge-point-practice-v1-us-ca-math-k-k-cc-cardinality-compare-q07,K,Kindergarten,us-ca-math-k-k-cc-cardinality-compare,k-g5-textbook-lesson,K.CC,Cardinality Compare,Medium,Medium,multiple-choice,computed-comparison,right group,"Cardinality Compare checkpoint: On a teacher card, look for the important numbers: one card shows 4 dots. Another card shows 7 dots. Which card has more dots?"
us-ca-k5-knowledge-point-practice-v1-us-ca-math-k-k-cc-cardinality-compare-q08,K,Kindergarten,us-ca-math-k-k-cc-cardinality-compare,k-g5-textbook-lesson,K.CC,Cardinality Compare,High,High,multiple-choice,computed-comparison,left group,"Cardinality Compare checkpoint: During independent practice, explain the matching idea: one card shows 7 dots. Another card shows 3 dots. Which card has more dots?"
us-ca-k5-knowledge-point-practice-v1-us-ca-math-k-k-cc-cardinality-compare-q09,K,Kindergarten,us-ca-math-k-k-cc-cardinality-compare,k-g5-textbook-lesson,K.CC,Cardinality Compare,Low,Low,multiple-choice,computed-comparison,right group,"Cardinality Compare checkpoint: On an exit ticket, try a second strategy to confirm: one card shows 10 dots. Another card shows 12 dots. Which card has more dots?"
us-ca-k5-knowledge-point-practice-v1-us-ca-math-k-k-cc-cardinality-compare-q10,K,Kindergarten,us-ca-math-k-k-cc-cardinality-compare,k-g5-textbook-lesson,K.CC,Cardinality Compare,Medium,Medium,fill-in,computed-comparison,left group,"Cardinality Compare checkpoint: In a review game, answer and check the unit or label: one card shows 13 dots. Another card shows 10 dots. Which card has more dots?"
us-ca-k5-knowledge-point-practice-v1-us-ca-math-k-k-cc-cardinality-compare-q11,K,Kindergarten,us-ca-math-k-k-cc-cardinality-compare,k-g5-textbook-lesson,K.CC,Cardinality Compare,Medium,Medium,multiple-choice,computed-comparison,right group,"Cardinality Compare checkpoint: On a strategy board, use the topic idea to decide: one card shows 4 dots. Another card shows 8 dots. Which card has more dots?"
us-ca-k5-knowledge-point-practice-v1-us-ca-math-k-k-cc-cardinality-compare-q12,K,Kindergarten,us-ca-math-k-k-cc-cardinality-compare,k-g5-textbook-lesson,K.CC,Cardinality Compare,High,High,multiple-choice,computed-comparison,left group,"Cardinality Compare checkpoint: During a small-group check, finish the challenge carefully: one card shows 7 dots. Another card shows 5 dots. Which card has more dots?"
us-ca-k5-knowledge-point-practice-v1-us-ca-math-k-k-oa-compose-decompose-q01,K,Kindergarten,us-ca-math-k-k-oa-compose-decompose,k-g5-textbook-lesson,K.OA,Compose Decompose,Low,Low,fill-in,computed-subtraction,5,"Compose Decompose checkpoint: On a warm-up card, count or model, then answer: there are 9 stickers. 4 are moved away. How many stickers are left?"
us-ca-k5-knowledge-point-practice-v1-us-ca-math-k-k-oa-compose-decompose-q02,K,Kindergarten,us-ca-math-k-k-oa-compose-decompose,k-g5-textbook-lesson,K.OA,Compose Decompose,Medium,Medium,fill-in,computed-addition,5,"Compose Decompose checkpoint: During partner practice, write the missing answer: a tray has 2 red counters and 3 blue counters. How many counters are on the tray?"
us-ca-k5-knowledge-point-practice-v1-us-ca-math-k-k-oa-compose-decompose-q03,K,Kindergarten,us-ca-math-k-k-oa-compose-decompose,k-g5-textbook-lesson,K.OA,Compose Decompose,Medium,Medium,fill-in,computed-subtraction,4,"Compose Decompose checkpoint: On a classroom mat, choose the best answer: there are 7 buttons. 3 are moved away. How many buttons are left?"
us-ca-k5-knowledge-point-practice-v1-us-ca-math-k-k-oa-compose-decompose-q04,K,Kindergarten,us-ca-math-k-k-oa-compose-decompose,k-g5-textbook-lesson,K.OA,Compose Decompose,High,High,short-answer,computed-addition,9,"Compose Decompose checkpoint: In a quick check, show the reasoning in one step: a tray has 4 red stickers and 5 blue stickers. How many stickers are on the tray?"
us-ca-k5-knowledge-point-practice-v1-us-ca-math-k-k-oa-compose-decompose-q05,K,Kindergarten,us-ca-math-k-k-oa-compose-decompose,k-g5-textbook-lesson,K.OA,Compose Decompose,Low,Low,fill-in,computed-subtraction,7,"Compose Decompose checkpoint: On a math notebook page, use a quick check strategy: there are 9 cards. 2 are moved away. How many cards are left?"
us-ca-k5-knowledge-point-practice-v1-us-ca-math-k-k-oa-compose-decompose-q06,K,Kindergarten,us-ca-math-k-k-oa-compose-decompose,k-g5-textbook-lesson,K.OA,Compose Decompose,Medium,Medium,fill-in,computed-addition,8,"Compose Decompose checkpoint: At a learning station, solve with a drawing or number sentence: a tray has 6 red buttons and 2 blue buttons. How many buttons are on the tray?"
us-ca-k5-knowledge-point-practice-v1-us-ca-math-k-k-oa-compose-decompose-q07,K,Kindergarten,us-ca-math-k-k-oa-compose-decompose,k-g5-textbook-lesson,K.OA,Compose Decompose,Medium,Medium,fill-in,computed-subtraction,6,"Compose Decompose checkpoint: On a teacher card, look for the important numbers: there are 7 counters. 1 are moved away. How many counters are left?"
us-ca-k5-knowledge-point-practice-v1-us-ca-math-k-k-oa-compose-decompose-q08,K,Kindergarten,us-ca-math-k-k-oa-compose-decompose,k-g5-textbook-lesson,K.OA,Compose Decompose,High,High,short-answer,computed-addition,6,"Compose Decompose checkpoint: During independent practice, explain the matching idea: a tray has 3 red cards and 3 blue cards. How many cards are on the tray?"
us-ca-k5-knowledge-point-practice-v1-us-ca-math-k-k-oa-compose-decompose-q09,K,Kindergarten,us-ca-math-k-k-oa-compose-decompose,k-g5-textbook-lesson,K.OA,Compose Decompose,Low,Low,fill-in,computed-subtraction,4,"Compose Decompose checkpoint: On an exit ticket, try a second strategy to confirm: there are 9 stickers. 5 are moved away. How many stickers are left?"
us-ca-k5-knowledge-point-practice-v1-us-ca-math-k-k-oa-compose-decompose-q10,K,Kindergarten,us-ca-math-k-k-oa-compose-decompose,k-g5-textbook-lesson,K.OA,Compose Decompose,Medium,Medium,fill-in,computed-addition,6,"Compose Decompose checkpoint: In a review game, answer and check the unit or label: a tray has 5 red counters and 1 blue counter. How many counters are on the tray?"
us-ca-k5-knowledge-point-practice-v1-us-ca-math-k-k-oa-compose-decompose-q11,K,Kindergarten,us-ca-math-k-k-oa-compose-decompose,k-g5-textbook-lesson,K.OA,Compose Decompose,Medium,Medium,fill-in,computed-subtraction,3,"Compose Decompose checkpoint: On a strategy board, use the topic idea to decide: there are 7 buttons. 4 are moved away. How many buttons are left?"
us-ca-k5-knowledge-point-practice-v1-us-ca-math-k-k-oa-compose-decompose-q12,K,Kindergarten,us-ca-math-k-k-oa-compose-decompose,k-g5-textbook-lesson,K.OA,Compose Decompose,High,High,short-answer,computed-addition,7,"Compose Decompose checkpoint: During a small-group check, finish the challenge carefully: a tray has 2 red stickers and 5 blue stickers. How many stickers are on the tray?"
us-ca-k5-knowledge-point-practice-v1-us-ca-math-k-k-nbt-teen-numbers-q01,K,Kindergarten,us-ca-math-k-k-nbt-teen-numbers,k-g5-textbook-lesson,K.NBT,Teen Numbers,Low,Low,multiple-choice,computed-teen-number,13,"Teen Numbers checkpoint: On a warm-up card, count or model, then answer: a ten-frame shows 10 counters and 3 more counters. What number is shown?"
us-ca-k5-knowledge-point-practice-v1-us-ca-math-k-k-nbt-teen-numbers-q02,K,Kindergarten,us-ca-math-k-k-nbt-teen-numbers,k-g5-textbook-lesson,K.NBT,Teen Numbers,Medium,Medium,fill-in,computed-teen-number,14,"Teen Numbers checkpoint: During partner practice, write the missing answer: fill in the number: 10 + 4 = __."
us-ca-k5-knowledge-point-practice-v1-us-ca-math-k-k-nbt-teen-numbers-q03,K,Kindergarten,us-ca-math-k-k-nbt-teen-numbers,k-g5-textbook-lesson,K.NBT,Teen Numbers,Medium,Medium,multiple-choice,computed-teen-number-model,1 ten and 5 ones,"Teen Numbers checkpoint: On a classroom mat, choose the best answer: which model shows 15?"
us-ca-k5-knowledge-point-practice-v1-us-ca-math-k-k-nbt-teen-numbers-q04,K,Kindergarten,us-ca-math-k-k-nbt-teen-numbers,k-g5-textbook-lesson,K.NBT,Teen Numbers,High,High,short-answer,computed-teen-number-missing-part,6,"Teen Numbers checkpoint: In a quick check, show the reasoning in one step: 16 is 10 and how many more ones?"
us-ca-k5-knowledge-point-practice-v1-us-ca-math-k-k-nbt-teen-numbers-q05,K,Kindergarten,us-ca-math-k-k-nbt-teen-numbers,k-g5-textbook-lesson,K.NBT,Teen Numbers,Low,Low,multiple-choice,computed-teen-number,17,"Teen Numbers checkpoint: On a math notebook page, use a quick check strategy: a ten-frame shows 10 counters and 7 more counters. What number is shown?"
us-ca-k5-knowledge-point-practice-v1-us-ca-math-k-k-nbt-teen-numbers-q06,K,Kindergarten,us-ca-math-k-k-nbt-teen-numbers,k-g5-textbook-lesson,K.NBT,Teen Numbers,Medium,Medium,fill-in,computed-teen-number,18,"Teen Numbers checkpoint: At a learning station, solve with a drawing or number sentence: fill in the number: 10 + 8 = __."
us-ca-k5-knowledge-point-practice-v1-us-ca-math-k-k-nbt-teen-numbers-q07,K,Kindergarten,us-ca-math-k-k-nbt-teen-numbers,k-g5-textbook-lesson,K.NBT,Teen Numbers,Medium,Medium,multiple-choice,computed-teen-number-model,1 ten and 9 ones,"Teen Numbers checkpoint: On a teacher card, look for the important numbers: which model shows 19?"
us-ca-k5-knowledge-point-practice-v1-us-ca-math-k-k-nbt-teen-numbers-q08,K,Kindergarten,us-ca-math-k-k-nbt-teen-numbers,k-g5-textbook-lesson,K.NBT,Teen Numbers,High,High,short-answer,computed-teen-number-missing-part,1,"Teen Numbers checkpoint: During independent practice, explain the matching idea: 11 is 10 and how many more ones?"
us-ca-k5-knowledge-point-practice-v1-us-ca-math-k-k-nbt-teen-numbers-q09,K,Kindergarten,us-ca-math-k-k-nbt-teen-numbers,k-g5-textbook-lesson,K.NBT,Teen Numbers,Low,Low,multiple-choice,computed-teen-number,12,"Teen Numbers checkpoint: On an exit ticket, try a second strategy to confirm: a ten-frame shows 10 counters and 2 more counters. What number is shown?"
us-ca-k5-knowledge-point-practice-v1-us-ca-math-k-k-nbt-teen-numbers-q10,K,Kindergarten,us-ca-math-k-k-nbt-teen-numbers,k-g5-textbook-lesson,K.NBT,Teen Numbers,Medium,Medium,fill-in,computed-teen-number,13,"Teen Numbers checkpoint: In a review game, answer and check the unit or label: fill in the number: 10 + 3 = __."
us-ca-k5-knowledge-point-practice-v1-us-ca-math-k-k-nbt-teen-numbers-q11,K,Kindergarten,us-ca-math-k-k-nbt-teen-numbers,k-g5-textbook-lesson,K.NBT,Teen Numbers,Medium,Medium,multiple-choice,computed-teen-number-model,1 ten and 4 ones,"Teen Numbers checkpoint: On a strategy board, use the topic idea to decide: which model shows 14?"
us-ca-k5-knowledge-point-practice-v1-us-ca-math-k-k-nbt-teen-numbers-q12,K,Kindergarten,us-ca-math-k-k-nbt-teen-numbers,k-g5-textbook-lesson,K.NBT,Teen Numbers,High,High,short-answer,computed-teen-number-missing-part,5,"Teen Numbers checkpoint: During a small-group check, finish the challenge carefully: 15 is 10 and how many more ones?"
us-ca-k5-knowledge-point-practice-v1-us-ca-math-k-k-md-attributes-data-q01,K,Kindergarten,us-ca-math-k-k-md-attributes-data,k-g5-textbook-lesson,K.MD,Attributes Data,Low,Low,fill-in,computed-k-md-category-count,4,"Attributes Data checkpoint: On a warm-up card, count or model, then answer: a tray has 5 circle buttons and 4 square buttons. How many buttons are square buttons?"
us-ca-k5-knowledge-point-practice-v1-us-ca-math-k-k-md-attributes-data-q02,K,Kindergarten,us-ca-math-k-k-md-attributes-data,k-g5-textbook-lesson,K.MD,Attributes Data,Medium,Medium,fill-in,computed-k-md-category-compare,circles,"Attributes Data checkpoint: During partner practice, write the missing answer: a class chart has 6 circles and 5 squares. Which category has more?"
us-ca-k5-knowledge-point-practice-v1-us-ca-math-k-k-md-attributes-data-q03,K,Kindergarten,us-ca-math-k-k-md-attributes-data,k-g5-textbook-lesson,K.MD,Attributes Data,Medium,Medium,short-answer,computed-k-md-attribute-order,marker,"Attributes Data checkpoint: On a classroom mat, choose the best answer: a crayon is shorter than a pencil. The pencil is shorter than a marker. Which object is the longest?"
us-ca-k5-knowledge-point-practice-v1-us-ca-math-k-k-md-attributes-data-q04,K,Kindergarten,us-ca-math-k-k-md-attributes-data,k-g5-textbook-lesson,K.MD,Attributes Data,High,High,short-answer,computed-k-md-attribute-compare,second strip,"Attributes Data checkpoint: In a quick check, show the reasoning in one step: one paper strip is 4 cubes long. Another paper strip is 7 cubes long. Which strip is longer?"
us-ca-k5-knowledge-point-practice-v1-us-ca-math-k-k-md-attributes-data-q05,K,Kindergarten,us-ca-math-k-k-md-attributes-data,k-g5-textbook-lesson,K.MD,Attributes Data,Low,Low,fill-in,computed-k-md-category-count,3,"Attributes Data checkpoint: On a math notebook page, use a quick check strategy: a tray has 4 circle buttons and 3 square buttons. How many buttons are square buttons?"
us-ca-k5-knowledge-point-practice-v1-us-ca-math-k-k-md-attributes-data-q06,K,Kindergarten,us-ca-math-k-k-md-attributes-data,k-g5-textbook-lesson,K.MD,Attributes Data,Medium,Medium,fill-in,computed-k-md-category-compare,circles,"Attributes Data checkpoint: At a learning station, solve with a drawing or number sentence: a class chart has 5 circles and 4 squares. Which category has more?"
us-ca-k5-knowledge-point-practice-v1-us-ca-math-k-k-md-attributes-data-q07,K,Kindergarten,us-ca-math-k-k-md-attributes-data,k-g5-textbook-lesson,K.MD,Attributes Data,Medium,Medium,short-answer,computed-k-md-attribute-order,marker,"Attributes Data checkpoint: On a teacher card, look for the important numbers: a crayon is shorter than a pencil. The pencil is shorter than a marker. Which object is the longest?"
us-ca-k5-knowledge-point-practice-v1-us-ca-math-k-k-md-attributes-data-q08,K,Kindergarten,us-ca-math-k-k-md-attributes-data,k-g5-textbook-lesson,K.MD,Attributes Data,High,High,short-answer,computed-k-md-attribute-compare,second strip,"Attributes Data checkpoint: During independent practice, explain the matching idea: one paper strip is 3 cubes long. Another paper strip is 6 cubes long. Which strip is longer?"
us-ca-k5-knowledge-point-practice-v1-us-ca-math-k-k-md-attributes-data-q09,K,Kindergarten,us-ca-math-k-k-md-attributes-data,k-g5-textbook-lesson,K.MD,Attributes Data,Low,Low,fill-in,computed-k-md-category-count,7,"Attributes Data checkpoint: On an exit ticket, try a second strategy to confirm: a tray has 3 circle buttons and 7 square buttons. How many buttons are square buttons?"
us-ca-k5-knowledge-point-practice-v1-us-ca-math-k-k-md-attributes-data-q10,K,Kindergarten,us-ca-math-k-k-md-attributes-data,k-g5-textbook-lesson,K.MD,Attributes Data,Medium,Medium,fill-in,computed-k-md-category-compare,circles,"Attributes Data checkpoint: In a review game, answer and check the unit or label: a class chart has 4 circles and 3 squares. Which category has more?"
us-ca-k5-knowledge-point-practice-v1-us-ca-math-k-k-md-attributes-data-q11,K,Kindergarten,us-ca-math-k-k-md-attributes-data,k-g5-textbook-lesson,K.MD,Attributes Data,Medium,Medium,short-answer,computed-k-md-attribute-order,marker,"Attributes Data checkpoint: On a strategy board, use the topic idea to decide: a crayon is shorter than a pencil. The pencil is shorter than a marker. Which object is the longest?"
us-ca-k5-knowledge-point-practice-v1-us-ca-math-k-k-md-attributes-data-q12,K,Kindergarten,us-ca-math-k-k-md-attributes-data,k-g5-textbook-lesson,K.MD,Attributes Data,High,High,short-answer,computed-k-md-attribute-compare,first strip,"Attributes Data checkpoint: During a small-group check, finish the challenge carefully: one paper strip is 7 cubes long. Another paper strip is 5 cubes long. Which strip is longer?"
us-ca-k5-knowledge-point-practice-v1-us-ca-math-k-k-g-shapes-position-q01,K,Kindergarten,us-ca-math-k-k-g-shapes-position,k-g5-textbook-lesson,K.G,Shapes Position,Low,Low,multiple-choice,computed-shape-identification,triangle,"Shapes Position checkpoint: On a warm-up card, count or model, then answer: on a drawing label, which shape name matches an object with the label ""triangle""?"
us-ca-k5-knowledge-point-practice-v1-us-ca-math-k-k-g-shapes-position-q02,K,Kindergarten,us-ca-math-k-k-g-shapes-position,k-g5-textbook-lesson,K.G,Shapes Position,Medium,Medium,fill-in,computed-shape-identification,rectangle,"Shapes Position checkpoint: During partner practice, write the missing answer: on a model tray, which shape name matches an object with the label ""rectangle""?"
us-ca-k5-knowledge-point-practice-v1-us-ca-math-k-k-g-shapes-position-q03,K,Kindergarten,us-ca-math-k-k-g-shapes-position,k-g5-textbook-lesson,K.G,Shapes Position,Medium,Medium,multiple-choice,computed-shape-identification,square,"Shapes Position checkpoint: On a classroom mat, choose the best answer: on a notebook sketch, which shape name matches an object with the label ""square""?"
us-ca-k5-knowledge-point-practice-v1-us-ca-math-k-k-g-shapes-position-q04,K,Kindergarten,us-ca-math-k-k-g-shapes-position,k-g5-textbook-lesson,K.G,Shapes Position,High,High,short-answer,computed-shape-identification,circle,"Shapes Position checkpoint: In a quick check, show the reasoning in one step: on an attribute chart, which shape name matches an object with the label ""circle""?"
us-ca-k5-knowledge-point-practice-v1-us-ca-math-k-k-g-shapes-position-q05,K,Kindergarten,us-ca-math-k-k-g-shapes-position,k-g5-textbook-lesson,K.G,Shapes Position,Low,Low,multiple-choice,computed-shape-identification,cube,"Shapes Position checkpoint: On a math notebook page, use a quick check strategy: on a math poster, which shape name matches an object with the label ""cube""?"
us-ca-k5-knowledge-point-practice-v1-us-ca-math-k-k-g-shapes-position-q06,K,Kindergarten,us-ca-math-k-k-g-shapes-position,k-g5-textbook-lesson,K.G,Shapes Position,Medium,Medium,fill-in,computed-shape-identification,cone,"Shapes Position checkpoint: At a learning station, solve with a drawing or number sentence: on a shape station, which shape name matches an object with the label ""cone""?"
us-ca-k5-knowledge-point-practice-v1-us-ca-math-k-k-g-shapes-position-q07,K,Kindergarten,us-ca-math-k-k-g-shapes-position,k-g5-textbook-lesson,K.G,Shapes Position,Medium,Medium,multiple-choice,computed-shape-identification,triangle,"Shapes Position checkpoint: On a teacher card, look for the important numbers: on a sorting mat, which shape name matches an object with the label ""triangle""?"
us-ca-k5-knowledge-point-practice-v1-us-ca-math-k-k-g-shapes-position-q08,K,Kindergarten,us-ca-math-k-k-g-shapes-position,k-g5-textbook-lesson,K.G,Shapes Position,High,High,short-answer,computed-shape-identification,rectangle,"Shapes Position checkpoint: During independent practice, explain the matching idea: on a classroom card, which shape name matches an object with the label ""rectangle""?"
us-ca-k5-knowledge-point-practice-v1-us-ca-math-k-k-g-shapes-position-q09,K,Kindergarten,us-ca-math-k-k-g-shapes-position,k-g5-textbook-lesson,K.G,Shapes Position,Low,Low,multiple-choice,computed-shape-identification,square,"Shapes Position checkpoint: On an exit ticket, try a second strategy to confirm: on a drawing label, which shape name matches an object with the label ""square""?"
us-ca-k5-knowledge-point-practice-v1-us-ca-math-k-k-g-shapes-position-q10,K,Kindergarten,us-ca-math-k-k-g-shapes-position,k-g5-textbook-lesson,K.G,Shapes Position,Medium,Medium,fill-in,computed-shape-identification,circle,"Shapes Position checkpoint: In a review game, answer and check the unit or label: on a model tray, which shape name matches an object with the label ""circle""?"
us-ca-k5-knowledge-point-practice-v1-us-ca-math-k-k-g-shapes-position-q11,K,Kindergarten,us-ca-math-k-k-g-shapes-position,k-g5-textbook-lesson,K.G,Shapes Position,Medium,Medium,multiple-choice,computed-shape-identification,cube,"Shapes Position checkpoint: On a strategy board, use the topic idea to decide: on a notebook sketch, which shape name matches an object with the label ""cube""?"
us-ca-k5-knowledge-point-practice-v1-us-ca-math-k-k-g-shapes-position-q12,K,Kindergarten,us-ca-math-k-k-g-shapes-position,k-g5-textbook-lesson,K.G,Shapes Position,High,High,short-answer,computed-shape-identification,cone,"Shapes Position checkpoint: During a small-group check, finish the challenge carefully: on an attribute chart, which shape name matches an object with the label ""cone""?"
us-ca-k5-knowledge-point-practice-v1-us-ca-math-p1-1-oa-add-subtract-q01,P1,Grade 1,us-ca-math-p1-1-oa-add-subtract,k-g5-textbook-lesson,1.OA,Add Subtract,Low,Low,fill-in,computed-subtraction,10,"Add Subtract checkpoint: On a warm-up card, count or model, then answer: there are 15 cards. 5 are moved away. How many cards are left?"
us-ca-k5-knowledge-point-practice-v1-us-ca-math-p1-1-oa-add-subtract-q02,P1,Grade 1,us-ca-math-p1-1-oa-add-subtract,k-g5-textbook-lesson,1.OA,Add Subtract,Medium,Medium,fill-in,computed-addition,6,"Add Subtract checkpoint: During partner practice, write the missing answer: a tray has 5 red buttons and 1 blue button. How many buttons are on the tray?"
us-ca-k5-knowledge-point-practice-v1-us-ca-math-p1-1-oa-add-subtract-q03,P1,Grade 1,us-ca-math-p1-1-oa-add-subtract,k-g5-textbook-lesson,1.OA,Add Subtract,Medium,Medium,fill-in,computed-subtraction,13,"Add Subtract checkpoint: On a classroom mat, choose the best answer: there are 17 counters. 4 are moved away. How many counters are left?"
us-ca-k5-knowledge-point-practice-v1-us-ca-math-p1-1-oa-add-subtract-q04,P1,Grade 1,us-ca-math-p1-1-oa-add-subtract,k-g5-textbook-lesson,1.OA,Add Subtract,High,High,short-answer,computed-addition,12,"Add Subtract checkpoint: In a quick check, show the reasoning in one step: a tray has 7 red cards and 5 blue cards. How many cards are on the tray?"
us-ca-k5-knowledge-point-practice-v1-us-ca-math-p1-1-oa-add-subtract-q05,P1,Grade 1,us-ca-math-p1-1-oa-add-subtract,k-g5-textbook-lesson,1.OA,Add Subtract,Low,Low,fill-in,computed-subtraction,16,"Add Subtract checkpoint: On a math notebook page, use a quick check strategy: there are 19 stickers. 3 are moved away. How many stickers are left?"
us-ca-k5-knowledge-point-practice-v1-us-ca-math-p1-1-oa-add-subtract-q06,P1,Grade 1,us-ca-math-p1-1-oa-add-subtract,k-g5-textbook-lesson,1.OA,Add Subtract,Medium,Medium,fill-in,computed-addition,5,"Add Subtract checkpoint: At a learning station, solve with a drawing or number sentence: a tray has 2 red counters and 3 blue counters. How many counters are on the tray?"
us-ca-k5-knowledge-point-practice-v1-us-ca-math-p1-1-oa-add-subtract-q07,P1,Grade 1,us-ca-math-p1-1-oa-add-subtract,k-g5-textbook-lesson,1.OA,Add Subtract,Medium,Medium,fill-in,computed-subtraction,5,"Add Subtract checkpoint: On a teacher card, look for the important numbers: there are 7 buttons. 2 are moved away. How many buttons are left?"
us-ca-k5-knowledge-point-practice-v1-us-ca-math-p1-1-oa-add-subtract-q08,P1,Grade 1,us-ca-math-p1-1-oa-add-subtract,k-g5-textbook-lesson,1.OA,Add Subtract,High,High,short-answer,computed-addition,5,"Add Subtract checkpoint: During independent practice, explain the matching idea: a tray has 4 red stickers and 1 blue sticker. How many stickers are on the tray?"
us-ca-k5-knowledge-point-practice-v1-us-ca-math-p1-1-oa-add-subtract-q09,P1,Grade 1,us-ca-math-p1-1-oa-add-subtract,k-g5-textbook-lesson,1.OA,Add Subtract,Low,Low,fill-in,computed-subtraction,8,"Add Subtract checkpoint: On an exit ticket, try a second strategy to confirm: there are 9 cards. 1 are moved away. How many cards are left?"
us-ca-k5-knowledge-point-practice-v1-us-ca-math-p1-1-oa-add-subtract-q10,P1,Grade 1,us-ca-math-p1-1-oa-add-subtract,k-g5-textbook-lesson,1.OA,Add Subtract,Medium,Medium,fill-in,computed-addition,11,"Add Subtract checkpoint: In a review game, answer and check the unit or label: a tray has 6 red buttons and 5 blue buttons. How many buttons are on the tray?"
us-ca-k5-knowledge-point-practice-v1-us-ca-math-p1-1-oa-add-subtract-q11,P1,Grade 1,us-ca-math-p1-1-oa-add-subtract,k-g5-textbook-lesson,1.OA,Add Subtract,Medium,Medium,fill-in,computed-subtraction,6,"Add Subtract checkpoint: On a strategy board, use the topic idea to decide: there are 11 counters. 5 are moved away. How many counters are left?"
us-ca-k5-knowledge-point-practice-v1-us-ca-math-p1-1-oa-add-subtract-q12,P1,Grade 1,us-ca-math-p1-1-oa-add-subtract,k-g5-textbook-lesson,1.OA,Add Subtract,High,High,short-answer,computed-addition,11,"Add Subtract checkpoint: During a small-group check, finish the challenge carefully: a tray has 8 red cards and 3 blue cards. How many cards are on the tray?"
us-ca-k5-knowledge-point-practice-v1-us-ca-math-p1-1-nbt-place-value-q01,P1,Grade 1,us-ca-math-p1-1-nbt-place-value,k-g5-textbook-lesson,1.NBT,Place Value,Low,Low,multiple-choice,computed-place-value,21,"Place Value checkpoint: On a warm-up card, count or model, then answer: what number has 2 tens and 1 one?"
us-ca-k5-knowledge-point-practice-v1-us-ca-math-p1-1-nbt-place-value-q02,P1,Grade 1,us-ca-math-p1-1-nbt-place-value,k-g5-textbook-lesson,1.NBT,Place Value,Medium,Medium,fill-in,computed-place-value,32,"Place Value checkpoint: During partner practice, write the missing answer: what number has 3 tens and 2 ones?"
us-ca-k5-knowledge-point-practice-v1-us-ca-math-p1-1-nbt-place-value-q03,P1,Grade 1,us-ca-math-p1-1-nbt-place-value,k-g5-textbook-lesson,1.NBT,Place Value,Medium,Medium,fill-in,computed-place-value,43,"Place Value checkpoint: On a classroom mat, choose the best answer: what number has 4 tens and 3 ones?"
us-ca-k5-knowledge-point-practice-v1-us-ca-math-p1-1-nbt-place-value-q04,P1,Grade 1,us-ca-math-p1-1-nbt-place-value,k-g5-textbook-lesson,1.NBT,Place Value,High,High,fill-in,computed-place-value,54,"Place Value checkpoint: In a quick check, show the reasoning in one step: what number has 5 tens and 4 ones?"
us-ca-k5-knowledge-point-practice-v1-us-ca-math-p1-1-nbt-place-value-q05,P1,Grade 1,us-ca-math-p1-1-nbt-place-value,k-g5-textbook-lesson,1.NBT,Place Value,Low,Low,fill-in,computed-place-value,65,"Place Value checkpoint: On a math notebook page, use a quick check strategy: what number has 6 tens and 5 ones?"
us-ca-k5-knowledge-point-practice-v1-us-ca-math-p1-1-nbt-place-value-q06,P1,Grade 1,us-ca-math-p1-1-nbt-place-value,k-g5-textbook-lesson,1.NBT,Place Value,Medium,Medium,fill-in,computed-place-value,76,"Place Value checkpoint: At a learning station, solve with a drawing or number sentence: what number has 7 tens and 6 ones?"
us-ca-k5-knowledge-point-practice-v1-us-ca-math-p1-1-nbt-place-value-q07,P1,Grade 1,us-ca-math-p1-1-nbt-place-value,k-g5-textbook-lesson,1.NBT,Place Value,Medium,Medium,fill-in,computed-place-value,87,"Place Value checkpoint: On a teacher card, look for the important numbers: what number has 8 tens and 7 ones?"
us-ca-k5-knowledge-point-practice-v1-us-ca-math-p1-1-nbt-place-value-q08,P1,Grade 1,us-ca-math-p1-1-nbt-place-value,k-g5-textbook-lesson,1.NBT,Place Value,High,High,fill-in,computed-place-value,28,"Place Value checkpoint: During independent practice, explain the matching idea: what number has 2 tens and 8 ones?"
us-ca-k5-knowledge-point-practice-v1-us-ca-math-p1-1-nbt-place-value-q09,P1,Grade 1,us-ca-math-p1-1-nbt-place-value,k-g5-textbook-lesson,1.NBT,Place Value,Low,Low,fill-in,computed-place-value,31,"Place Value checkpoint: On an exit ticket, try a second strategy to confirm: what number has 3 tens and 1 one?"
us-ca-k5-knowledge-point-practice-v1-us-ca-math-p1-1-nbt-place-value-q10,P1,Grade 1,us-ca-math-p1-1-nbt-place-value,k-g5-textbook-lesson,1.NBT,Place Value,Medium,Medium,fill-in,computed-place-value,42,"Place Value checkpoint: In a review game, answer and check the unit or label: what number has 4 tens and 2 ones?"
us-ca-k5-knowledge-point-practice-v1-us-ca-math-p1-1-nbt-place-value-q11,P1,Grade 1,us-ca-math-p1-1-nbt-place-value,k-g5-textbook-lesson,1.NBT,Place Value,Medium,Medium,fill-in,computed-place-value,53,"Place Value checkpoint: On a strategy board, use the topic idea to decide: what number has 5 tens and 3 ones?"
us-ca-k5-knowledge-point-practice-v1-us-ca-math-p1-1-nbt-place-value-q12,P1,Grade 1,us-ca-math-p1-1-nbt-place-value,k-g5-textbook-lesson,1.NBT,Place Value,High,High,fill-in,computed-place-value,64,"Place Value checkpoint: During a small-group check, finish the challenge carefully: what number has 6 tens and 4 ones?"
us-ca-k5-knowledge-point-practice-v1-us-ca-math-p1-1-md-measure-data-q01,P1,Grade 1,us-ca-math-p1-1-md-measure-data,k-g5-textbook-lesson,1.MD,Measure Data,Low,Low,fill-in,computed-data-comparison,3 more apples,"Measure Data checkpoint: On a warm-up card, count or model, then answer: a picture graph shows 5 apples and 2 oranges. Which fruit has more, and by how many?"
us-ca-k5-knowledge-point-practice-v1-us-ca-math-p1-1-md-measure-data-q02,P1,Grade 1,us-ca-math-p1-1-md-measure-data,k-g5-textbook-lesson,1.MD,Measure Data,Medium,Medium,short-answer,computed-data-comparison,2 more apples,"Measure Data checkpoint: During partner practice, write the missing answer: a picture graph shows 7 apples and 5 oranges. Which fruit has more, and by how many?"
us-ca-k5-knowledge-point-practice-v1-us-ca-math-p1-1-md-measure-data-q03,P1,Grade 1,us-ca-math-p1-1-md-measure-data,k-g5-textbook-lesson,1.MD,Measure Data,Medium,Medium,short-answer,computed-measurement-addition,17 cm,"Measure Data checkpoint: On a classroom mat, choose the best answer: a ribbon is 12 cm long. Another ribbon is 5 cm long. What is the total length?"
us-ca-k5-knowledge-point-practice-v1-us-ca-math-p1-1-md-measure-data-q04,P1,Grade 1,us-ca-math-p1-1-md-measure-data,k-g5-textbook-lesson,1.MD,Measure Data,High,High,short-answer,computed-area,12 square units,"Measure Data checkpoint: In a quick check, show the reasoning in one step: a rectangle is 4 units long and 3 units wide. What is its area?"
us-ca-k5-knowledge-point-practice-v1-us-ca-math-p1-1-md-measure-data-q05,P1,Grade 1,us-ca-math-p1-1-md-measure-data,k-g5-textbook-lesson,1.MD,Measure Data,Low,Low,fill-in,computed-measurement-addition,13 cm,"Measure Data checkpoint: On a math notebook page, use a quick check strategy: a ribbon is 6 cm long. Another ribbon is 7 cm long. What is the total length?"
us-ca-k5-knowledge-point-practice-v1-us-ca-math-p1-1-md-measure-data-q06,P1,Grade 1,us-ca-math-p1-1-md-measure-data,k-g5-textbook-lesson,1.MD,Measure Data,Medium,Medium,short-answer,computed-measurement-addition,15 cm,"Measure Data checkpoint: At a learning station, solve with a drawing or number sentence: a ribbon is 7 cm long. Another ribbon is 8 cm long. What is the total length?"
us-ca-k5-knowledge-point-practice-v1-us-ca-math-p1-1-md-measure-data-q07,P1,Grade 1,us-ca-math-p1-1-md-measure-data,k-g5-textbook-lesson,1.MD,Measure Data,Medium,Medium,short-answer,computed-data-comparison,5 more apples,"Measure Data checkpoint: On a teacher card, look for the important numbers: a picture graph shows 9 apples and 4 oranges. Which fruit has more, and by how many?"
us-ca-k5-knowledge-point-practice-v1-us-ca-math-p1-1-md-measure-data-q08,P1,Grade 1,us-ca-math-p1-1-md-measure-data,k-g5-textbook-lesson,1.MD,Measure Data,High,High,short-answer,computed-area,16 square units,"Measure Data checkpoint: During independent practice, explain the matching idea: a rectangle is 8 units long and 2 units wide. What is its area?"
us-ca-k5-knowledge-point-practice-v1-us-ca-math-p1-1-md-measure-data-q09,P1,Grade 1,us-ca-math-p1-1-md-measure-data,k-g5-textbook-lesson,1.MD,Measure Data,Low,Low,fill-in,computed-data-comparison,3 more apples,"Measure Data checkpoint: On an exit ticket, try a second strategy to confirm: a picture graph shows 5 apples and 2 oranges. Which fruit has more, and by how many?"
us-ca-k5-knowledge-point-practice-v1-us-ca-math-p1-1-md-measure-data-q10,P1,Grade 1,us-ca-math-p1-1-md-measure-data,k-g5-textbook-lesson,1.MD,Measure Data,Medium,Medium,short-answer,computed-measurement-addition,17 cm,"Measure Data checkpoint: In a review game, answer and check the unit or label: a ribbon is 11 cm long. Another ribbon is 6 cm long. What is the total length?"
us-ca-k5-knowledge-point-practice-v1-us-ca-math-p1-1-md-measure-data-q11,P1,Grade 1,us-ca-math-p1-1-md-measure-data,k-g5-textbook-lesson,1.MD,Measure Data,Medium,Medium,short-answer,computed-data-comparison,1 more apples,"Measure Data checkpoint: On a strategy board, use the topic idea to decide: a picture graph shows 9 apples and 8 oranges. Which fruit has more, and by how many?"
us-ca-k5-knowledge-point-practice-v1-us-ca-math-p1-1-md-measure-data-q12,P1,Grade 1,us-ca-math-p1-1-md-measure-data,k-g5-textbook-lesson,1.MD,Measure Data,High,High,short-answer,computed-area,36 square units,"Measure Data checkpoint: During a small-group check, finish the challenge carefully: a rectangle is 6 units long and 6 units wide. What is its area?"
us-ca-k5-knowledge-point-practice-v1-us-ca-math-p1-1-g-shape-reasoning-q01,P1,Grade 1,us-ca-math-p1-1-g-shape-reasoning,k-g5-textbook-lesson,1.G,Shape Reasoning,Low,Low,fill-in,computed-shape-property,4,"Shape Reasoning checkpoint: On a warm-up card, count or model, then answer: in a math poster, how many sides does a square have?"
us-ca-k5-knowledge-point-practice-v1-us-ca-math-p1-1-g-shape-reasoning-q02,P1,Grade 1,us-ca-math-p1-1-g-shape-reasoning,k-g5-textbook-lesson,1.G,Shape Reasoning,Medium,Medium,fill-in,computed-shape-identification,circle,"Shape Reasoning checkpoint: During partner practice, write the missing answer: on a shape station, which shape name matches an object with the label ""circle""?"
us-ca-k5-knowledge-point-practice-v1-us-ca-math-p1-1-g-shape-reasoning-q03,P1,Grade 1,us-ca-math-p1-1-g-shape-reasoning,k-g5-textbook-lesson,1.G,Shape Reasoning,Medium,Medium,multiple-choice,computed-shape-identification,cube,"Shape Reasoning checkpoint: On a classroom mat, choose the best answer: on a sorting mat, which shape name matches an object with the label ""cube""?"
us-ca-k5-knowledge-point-practice-v1-us-ca-math-p1-1-g-shape-reasoning-q04,P1,Grade 1,us-ca-math-p1-1-g-shape-reasoning,k-g5-textbook-lesson,1.G,Shape Reasoning,High,High,short-answer,computed-shape-identification,cone,"Shape Reasoning checkpoint: In a quick check, show the reasoning in one step: on a classroom card, which shape name matches an object with the label ""cone""?"
us-ca-k5-knowledge-point-practice-v1-us-ca-math-p1-1-g-shape-reasoning-q05,P1,Grade 1,us-ca-math-p1-1-g-shape-reasoning,k-g5-textbook-lesson,1.G,Shape Reasoning,Low,Low,fill-in,computed-shape-property,3,"Shape Reasoning checkpoint: On a math notebook page, use a quick check strategy: in a drawing label, how many sides does a triangle have?"
us-ca-k5-knowledge-point-practice-v1-us-ca-math-p1-1-g-shape-reasoning-q06,P1,Grade 1,us-ca-math-p1-1-g-shape-reasoning,k-g5-textbook-lesson,1.G,Shape Reasoning,Medium,Medium,fill-in,computed-shape-property,4,"Shape Reasoning checkpoint: At a learning station, solve with a drawing or number sentence: in a model tray, how many sides does a rectangle have?"
us-ca-k5-knowledge-point-practice-v1-us-ca-math-p1-1-g-shape-reasoning-q07,P1,Grade 1,us-ca-math-p1-1-g-shape-reasoning,k-g5-textbook-lesson,1.G,Shape Reasoning,Medium,Medium,fill-in,computed-shape-property,4,"Shape Reasoning checkpoint: On a teacher card, look for the important numbers: in a notebook sketch, how many sides does a square have?"
us-ca-k5-knowledge-point-practice-v1-us-ca-math-p1-1-g-shape-reasoning-q08,P1,Grade 1,us-ca-math-p1-1-g-shape-reasoning,k-g5-textbook-lesson,1.G,Shape Reasoning,High,High,short-answer,computed-shape-identification,circle,"Shape Reasoning checkpoint: During independent practice, explain the matching idea: on an attribute chart, which shape name matches an object with the label ""circle""?"
us-ca-k5-knowledge-point-practice-v1-us-ca-math-p1-1-g-shape-reasoning-q09,P1,Grade 1,us-ca-math-p1-1-g-shape-reasoning,k-g5-textbook-lesson,1.G,Shape Reasoning,Low,Low,multiple-choice,computed-shape-identification,cube,"Shape Reasoning checkpoint: On an exit ticket, try a second strategy to confirm: on a math poster, which shape name matches an object with the label ""cube""?"
us-ca-k5-knowledge-point-practice-v1-us-ca-math-p1-1-g-shape-reasoning-q10,P1,Grade 1,us-ca-math-p1-1-g-shape-reasoning,k-g5-textbook-lesson,1.G,Shape Reasoning,Medium,Medium,fill-in,computed-shape-identification,cone,"Shape Reasoning checkpoint: In a review game, answer and check the unit or label: on a shape station, which shape name matches an object with the label ""cone""?"
us-ca-k5-knowledge-point-practice-v1-us-ca-math-p1-1-g-shape-reasoning-q11,P1,Grade 1,us-ca-math-p1-1-g-shape-reasoning,k-g5-textbook-lesson,1.G,Shape Reasoning,Medium,Medium,fill-in,computed-shape-property,3,"Shape Reasoning checkpoint: On a strategy board, use the topic idea to decide: in a sorting mat, how many sides does a triangle have?"
us-ca-k5-knowledge-point-practice-v1-us-ca-math-p1-1-g-shape-reasoning-q12,P1,Grade 1,us-ca-math-p1-1-g-shape-reasoning,k-g5-textbook-lesson,1.G,Shape Reasoning,High,High,fill-in,computed-shape-property,4,"Shape Reasoning checkpoint: During a small-group check, finish the challenge carefully: in a classroom card, how many sides does a rectangle have?"
us-ca-k5-knowledge-point-practice-v1-us-ca-math-p2-2-oa-fluency-arrays-q01,P2,Grade 2,us-ca-math-p2-2-oa-fluency-arrays,k-g5-textbook-lesson,2.OA,Fluency Arrays,Low,Low,multiple-choice,computed-multiplication,8,"Fluency Arrays checkpoint: On a warm-up card, count or model, then answer: 2 equal bags each hold 4 blocks. How many blocks are there in all?"
us-ca-k5-knowledge-point-practice-v1-us-ca-math-p2-2-oa-fluency-arrays-q02,P2,Grade 2,us-ca-math-p2-2-oa-fluency-arrays,k-g5-textbook-lesson,2.OA,Fluency Arrays,Medium,Medium,fill-in,computed-addition,8,"Fluency Arrays checkpoint: During partner practice, write the missing answer: a tray has 3 red counters and 5 blue counters. How many counters are on the tray?"
us-ca-k5-knowledge-point-practice-v1-us-ca-math-p2-2-oa-fluency-arrays-q03,P2,Grade 2,us-ca-math-p2-2-oa-fluency-arrays,k-g5-textbook-lesson,2.OA,Fluency Arrays,Medium,Medium,multiple-choice,computed-multiplication,24,"Fluency Arrays checkpoint: On a classroom mat, choose the best answer: 4 equal bags each hold 6 cubes. How many cubes are there in all?"
us-ca-k5-knowledge-point-practice-v1-us-ca-math-p2-2-oa-fluency-arrays-q04,P2,Grade 2,us-ca-math-p2-2-oa-fluency-arrays,k-g5-textbook-lesson,2.OA,Fluency Arrays,High,High,short-answer,computed-multiplication,35,"Fluency Arrays checkpoint: In a quick check, show the reasoning in one step: 5 equal bags each hold 7 cards. How many cards are there in all?"
us-ca-k5-knowledge-point-practice-v1-us-ca-math-p2-2-oa-fluency-arrays-q05,P2,Grade 2,us-ca-math-p2-2-oa-fluency-arrays,k-g5-textbook-lesson,2.OA,Fluency Arrays,Low,Low,multiple-choice,computed-multiplication,18,"Fluency Arrays checkpoint: On a math notebook page, use a quick check strategy: 6 equal bags each hold 3 shells. How many shells are there in all?"
us-ca-k5-knowledge-point-practice-v1-us-ca-math-p2-2-oa-fluency-arrays-q06,P2,Grade 2,us-ca-math-p2-2-oa-fluency-arrays,k-g5-textbook-lesson,2.OA,Fluency Arrays,Medium,Medium,fill-in,computed-multiplication,8,"Fluency Arrays checkpoint: At a learning station, solve with a drawing or number sentence: 2 equal bags each hold 4 counters. How many counters are there in all?"
us-ca-k5-knowledge-point-practice-v1-us-ca-math-p2-2-oa-fluency-arrays-q07,P2,Grade 2,us-ca-math-p2-2-oa-fluency-arrays,k-g5-textbook-lesson,2.OA,Fluency Arrays,Medium,Medium,multiple-choice,computed-multiplication,15,"Fluency Arrays checkpoint: On a teacher card, look for the important numbers: 3 equal bags each hold 5 tiles. How many tiles are there in all?"
us-ca-k5-knowledge-point-practice-v1-us-ca-math-p2-2-oa-fluency-arrays-q08,P2,Grade 2,us-ca-math-p2-2-oa-fluency-arrays,k-g5-textbook-lesson,2.OA,Fluency Arrays,High,High,short-answer,computed-multiplication,24,"Fluency Arrays checkpoint: During independent practice, explain the matching idea: 4 equal bags each hold 6 stickers. How many stickers are there in all?"
us-ca-k5-knowledge-point-practice-v1-us-ca-math-p2-2-oa-fluency-arrays-q09,P2,Grade 2,us-ca-math-p2-2-oa-fluency-arrays,k-g5-textbook-lesson,2.OA,Fluency Arrays,Low,Low,multiple-choice,computed-multiplication,35,"Fluency Arrays checkpoint: On an exit ticket, try a second strategy to confirm: 5 equal bags each hold 7 blocks. How many blocks are there in all?"
us-ca-k5-knowledge-point-practice-v1-us-ca-math-p2-2-oa-fluency-arrays-q10,P2,Grade 2,us-ca-math-p2-2-oa-fluency-arrays,k-g5-textbook-lesson,2.OA,Fluency Arrays,Medium,Medium,fill-in,computed-multiplication,18,"Fluency Arrays checkpoint: In a review game, answer and check the unit or label: 6 equal bags each hold 3 buttons. How many buttons are there in all?"
us-ca-k5-knowledge-point-practice-v1-us-ca-math-p2-2-oa-fluency-arrays-q11,P2,Grade 2,us-ca-math-p2-2-oa-fluency-arrays,k-g5-textbook-lesson,2.OA,Fluency Arrays,Medium,Medium,multiple-choice,computed-multiplication,8,"Fluency Arrays checkpoint: On a strategy board, use the topic idea to decide: 2 equal bags each hold 4 cubes. How many cubes are there in all?"
us-ca-k5-knowledge-point-practice-v1-us-ca-math-p2-2-oa-fluency-arrays-q12,P2,Grade 2,us-ca-math-p2-2-oa-fluency-arrays,k-g5-textbook-lesson,2.OA,Fluency Arrays,High,High,short-answer,computed-multiplication,15,"Fluency Arrays checkpoint: During a small-group check, finish the challenge carefully: 3 equal bags each hold 5 cards. How many cards are there in all?"
us-ca-k5-knowledge-point-practice-v1-us-ca-math-p2-2-nbt-three-digit-place-value-q01,P2,Grade 2,us-ca-math-p2-2-nbt-three-digit-place-value,k-g5-textbook-lesson,2.NBT,Three Digit Place Value,Low,Low,multiple-choice,computed-place-value,175,"Three Digit Place Value checkpoint: On a warm-up card, count or model, then answer: what number has 1 hundred, 7 tens, and 5 ones?"
us-ca-k5-knowledge-point-practice-v1-us-ca-math-p2-2-nbt-three-digit-place-value-q02,P2,Grade 2,us-ca-math-p2-2-nbt-three-digit-place-value,k-g5-textbook-lesson,2.NBT,Three Digit Place Value,Medium,Medium,fill-in,computed-place-value,286,"Three Digit Place Value checkpoint: During partner practice, write the missing answer: what number has 2 hundreds, 8 tens, and 6 ones?"
us-ca-k5-knowledge-point-practice-v1-us-ca-math-p2-2-nbt-three-digit-place-value-q03,P2,Grade 2,us-ca-math-p2-2-nbt-three-digit-place-value,k-g5-textbook-lesson,2.NBT,Three Digit Place Value,Medium,Medium,fill-in,computed-place-value,327,"Three Digit Place Value checkpoint: On a classroom mat, choose the best answer: what number has 3 hundreds, 2 tens, and 7 ones?"
us-ca-k5-knowledge-point-practice-v1-us-ca-math-p2-2-nbt-three-digit-place-value-q04,P2,Grade 2,us-ca-math-p2-2-nbt-three-digit-place-value,k-g5-textbook-lesson,2.NBT,Three Digit Place Value,High,High,fill-in,computed-place-value,438,"Three Digit Place Value checkpoint: In a quick check, show the reasoning in one step: what number has 4 hundreds, 3 tens, and 8 ones?"
us-ca-k5-knowledge-point-practice-v1-us-ca-math-p2-2-nbt-three-digit-place-value-q05,P2,Grade 2,us-ca-math-p2-2-nbt-three-digit-place-value,k-g5-textbook-lesson,2.NBT,Three Digit Place Value,Low,Low,fill-in,computed-place-value,541,"Three Digit Place Value checkpoint: On a math notebook page, use a quick check strategy: what number has 5 hundreds, 4 tens, and 1 one?"
us-ca-k5-knowledge-point-practice-v1-us-ca-math-p2-2-nbt-three-digit-place-value-q06,P2,Grade 2,us-ca-math-p2-2-nbt-three-digit-place-value,k-g5-textbook-lesson,2.NBT,Three Digit Place Value,Medium,Medium,fill-in,computed-place-value,652,"Three Digit Place Value checkpoint: At a learning station, solve with a drawing or number sentence: what number has 6 hundreds, 5 tens, and 2 ones?"
us-ca-k5-knowledge-point-practice-v1-us-ca-math-p2-2-nbt-three-digit-place-value-q07,P2,Grade 2,us-ca-math-p2-2-nbt-three-digit-place-value,k-g5-textbook-lesson,2.NBT,Three Digit Place Value,Medium,Medium,fill-in,computed-place-value,163,"Three Digit Place Value checkpoint: On a teacher card, look for the important numbers: what number has 1 hundred, 6 tens, and 3 ones?"
us-ca-k5-knowledge-point-practice-v1-us-ca-math-p2-2-nbt-three-digit-place-value-q08,P2,Grade 2,us-ca-math-p2-2-nbt-three-digit-place-value,k-g5-textbook-lesson,2.NBT,Three Digit Place Value,High,High,fill-in,computed-place-value,274,"Three Digit Place Value checkpoint: During independent practice, explain the matching idea: what number has 2 hundreds, 7 tens, and 4 ones?"
us-ca-k5-knowledge-point-practice-v1-us-ca-math-p2-2-nbt-three-digit-place-value-q09,P2,Grade 2,us-ca-math-p2-2-nbt-three-digit-place-value,k-g5-textbook-lesson,2.NBT,Three Digit Place Value,Low,Low,fill-in,computed-place-value,385,"Three Digit Place Value checkpoint: On an exit ticket, try a second strategy to confirm: what number has 3 hundreds, 8 tens, and 5 ones?"
us-ca-k5-knowledge-point-practice-v1-us-ca-math-p2-2-nbt-three-digit-place-value-q10,P2,Grade 2,us-ca-math-p2-2-nbt-three-digit-place-value,k-g5-textbook-lesson,2.NBT,Three Digit Place Value,Medium,Medium,fill-in,computed-place-value,426,"Three Digit Place Value checkpoint: In a review game, answer and check the unit or label: what number has 4 hundreds, 2 tens, and 6 ones?"
us-ca-k5-knowledge-point-practice-v1-us-ca-math-p2-2-nbt-three-digit-place-value-q11,P2,Grade 2,us-ca-math-p2-2-nbt-three-digit-place-value,k-g5-textbook-lesson,2.NBT,Three Digit Place Value,Medium,Medium,fill-in,computed-place-value,537,"Three Digit Place Value checkpoint: On a strategy board, use the topic idea to decide: what number has 5 hundreds, 3 tens, and 7 ones?"
us-ca-k5-knowledge-point-practice-v1-us-ca-math-p2-2-nbt-three-digit-place-value-q12,P2,Grade 2,us-ca-math-p2-2-nbt-three-digit-place-value,k-g5-textbook-lesson,2.NBT,Three Digit Place Value,High,High,fill-in,computed-place-value,648,"Three Digit Place Value checkpoint: During a small-group check, finish the challenge carefully: what number has 6 hundreds, 4 tens, and 8 ones?"
us-ca-k5-knowledge-point-practice-v1-us-ca-math-p2-2-md-measure-data-money-time-q01,P2,Grade 2,us-ca-math-p2-2-md-measure-data-money-time,k-g5-textbook-lesson,2.MD,Measure Data Money Time,Low,Low,fill-in,computed-measurement-subtraction,25 cm,"Measure Data Money Time checkpoint: On a warm-up card, count or model, then answer: a ribbon is 34 cm long. It is cut 9 cm shorter. How long is it now?"
us-ca-k5-knowledge-point-practice-v1-us-ca-math-p2-2-md-measure-data-money-time-q02,P2,Grade 2,us-ca-math-p2-2-md-measure-data-money-time,k-g5-textbook-lesson,2.MD,Measure Data Money Time,Medium,Medium,fill-in,computed-time-addition,4:00,"Measure Data Money Time checkpoint: During partner practice, write the missing answer: a clock shows 3:00. What time will it be 1 hours later?"
us-ca-k5-knowledge-point-practice-v1-us-ca-math-p2-2-md-measure-data-money-time-q03,P2,Grade 2,us-ca-math-p2-2-md-measure-data-money-time,k-g5-textbook-lesson,2.MD,Measure Data Money Time,Medium,Medium,short-answer,computed-money-value,27 cents,"Measure Data Money Time checkpoint: On a classroom mat, choose the best answer: a coin cup has 2 dimes and 7 pennies. How many cents is that?"
us-ca-k5-knowledge-point-practice-v1-us-ca-math-p2-2-md-measure-data-money-time-q04,P2,Grade 2,us-ca-math-p2-2-md-measure-data-money-time,k-g5-textbook-lesson,2.MD,Measure Data Money Time,High,High,short-answer,computed-measurement-addition,17 cm,"Measure Data Money Time checkpoint: In a quick check, show the reasoning in one step: a ribbon is 9 cm long. Another ribbon is 8 cm long. What is the total length?"
us-ca-k5-knowledge-point-practice-v1-us-ca-math-p2-2-md-measure-data-money-time-q05,P2,Grade 2,us-ca-math-p2-2-md-measure-data-money-time,k-g5-textbook-lesson,2.MD,Measure Data Money Time,Low,Low,fill-in,computed-measurement-subtraction,25 cm,"Measure Data Money Time checkpoint: On a math notebook page, use a quick check strategy: a ribbon is 38 cm long. It is cut 13 cm shorter. How long is it now?"
us-ca-k5-knowledge-point-practice-v1-us-ca-math-p2-2-md-measure-data-money-time-q06,P2,Grade 2,us-ca-math-p2-2-md-measure-data-money-time,k-g5-textbook-lesson,2.MD,Measure Data Money Time,Medium,Medium,fill-in,computed-time-addition,9:00,"Measure Data Money Time checkpoint: At a learning station, solve with a drawing or number sentence: a clock shows 7:00. What time will it be 2 hours later?"
us-ca-k5-knowledge-point-practice-v1-us-ca-math-p2-2-md-measure-data-money-time-q07,P2,Grade 2,us-ca-math-p2-2-md-measure-data-money-time,k-g5-textbook-lesson,2.MD,Measure Data Money Time,Medium,Medium,short-answer,computed-money-value,13 cents,"Measure Data Money Time checkpoint: On a teacher card, look for the important numbers: a coin cup has 1 dimes and 3 pennies. How many cents is that?"
us-ca-k5-knowledge-point-practice-v1-us-ca-math-p2-2-md-measure-data-money-time-q08,P2,Grade 2,us-ca-math-p2-2-md-measure-data-money-time,k-g5-textbook-lesson,2.MD,Measure Data Money Time,High,High,short-answer,computed-measurement-addition,11 cm,"Measure Data Money Time checkpoint: During independent practice, explain the matching idea: a ribbon is 5 cm long. Another ribbon is 6 cm long. What is the total length?"
us-ca-k5-knowledge-point-practice-v1-us-ca-math-p2-2-md-measure-data-money-time-q09,P2,Grade 2,us-ca-math-p2-2-md-measure-data-money-time,k-g5-textbook-lesson,2.MD,Measure Data Money Time,Low,Low,fill-in,computed-measurement-subtraction,16 cm,"Measure Data Money Time checkpoint: On an exit ticket, try a second strategy to confirm: a ribbon is 24 cm long. It is cut 8 cm shorter. How long is it now?"
us-ca-k5-knowledge-point-practice-v1-us-ca-math-p2-2-md-measure-data-money-time-q10,P2,Grade 2,us-ca-math-p2-2-md-measure-data-money-time,k-g5-textbook-lesson,2.MD,Measure Data Money Time,Medium,Medium,fill-in,computed-time-addition,6:00,"Measure Data Money Time checkpoint: In a review game, answer and check the unit or label: a clock shows 3:00. What time will it be 3 hours later?"
us-ca-k5-knowledge-point-practice-v1-us-ca-math-p2-2-md-measure-data-money-time-q11,P2,Grade 2,us-ca-math-p2-2-md-measure-data-money-time,k-g5-textbook-lesson,2.MD,Measure Data Money Time,Medium,Medium,short-answer,computed-money-value,57 cents,"Measure Data Money Time checkpoint: On a strategy board, use the topic idea to decide: a coin cup has 5 dimes and 7 pennies. How many cents is that?"
us-ca-k5-knowledge-point-practice-v1-us-ca-math-p2-2-md-measure-data-money-time-q12,P2,Grade 2,us-ca-math-p2-2-md-measure-data-money-time,k-g5-textbook-lesson,2.MD,Measure Data Money Time,High,High,short-answer,computed-measurement-addition,13 cm,"Measure Data Money Time checkpoint: During a small-group check, finish the challenge carefully: a ribbon is 9 cm long. Another ribbon is 4 cm long. What is the total length?"
us-ca-k5-knowledge-point-practice-v1-us-ca-math-p2-2-g-partition-shapes-q01,P2,Grade 2,us-ca-math-p2-2-g-partition-shapes,k-g5-textbook-lesson,2.G,Partition Shapes,Low,Low,multiple-choice,computed-shape-identification,cube,"Partition Shapes checkpoint: On a warm-up card, count or model, then answer: on a drawing label, which shape name matches an object with the label ""cube""?"
us-ca-k5-knowledge-point-practice-v1-us-ca-math-p2-2-g-partition-shapes-q02,P2,Grade 2,us-ca-math-p2-2-g-partition-shapes,k-g5-textbook-lesson,2.G,Partition Shapes,Medium,Medium,fill-in,computed-shape-identification,cone,"Partition Shapes checkpoint: During partner practice, write the missing answer: on a model tray, which shape name matches an object with the label ""cone""?"
us-ca-k5-knowledge-point-practice-v1-us-ca-math-p2-2-g-partition-shapes-q03,P2,Grade 2,us-ca-math-p2-2-g-partition-shapes,k-g5-textbook-lesson,2.G,Partition Shapes,Medium,Medium,fill-in,computed-shape-property,3,"Partition Shapes checkpoint: On a classroom mat, choose the best answer: in a notebook sketch, how many sides does a triangle have?"
us-ca-k5-knowledge-point-practice-v1-us-ca-math-p2-2-g-partition-shapes-q04,P2,Grade 2,us-ca-math-p2-2-g-partition-shapes,k-g5-textbook-lesson,2.G,Partition Shapes,High,High,fill-in,computed-shape-property,4,"Partition Shapes checkpoint: In a quick check, show the reasoning in one step: in an attribute chart, how many sides does a rectangle have?"
us-ca-k5-knowledge-point-practice-v1-us-ca-math-p2-2-g-partition-shapes-q05,P2,Grade 2,us-ca-math-p2-2-g-partition-shapes,k-g5-textbook-lesson,2.G,Partition Shapes,Low,Low,fill-in,computed-shape-property,4,"Partition Shapes checkpoint: On a math notebook page, use a quick check strategy: in a math poster, how many sides does a square have?"
us-ca-k5-knowledge-point-practice-v1-us-ca-math-p2-2-g-partition-shapes-q06,P2,Grade 2,us-ca-math-p2-2-g-partition-shapes,k-g5-textbook-lesson,2.G,Partition Shapes,Medium,Medium,fill-in,computed-shape-identification,circle,"Partition Shapes checkpoint: At a learning station, solve with a drawing or number sentence: on a shape station, which shape name matches an object with the label ""circle""?"
us-ca-k5-knowledge-point-practice-v1-us-ca-math-p2-2-g-partition-shapes-q07,P2,Grade 2,us-ca-math-p2-2-g-partition-shapes,k-g5-textbook-lesson,2.G,Partition Shapes,Medium,Medium,multiple-choice,computed-shape-identification,cube,"Partition Shapes checkpoint: On a teacher card, look for the important numbers: on a sorting mat, which shape name matches an object with the label ""cube""?"
us-ca-k5-knowledge-point-practice-v1-us-ca-math-p2-2-g-partition-shapes-q08,P2,Grade 2,us-ca-math-p2-2-g-partition-shapes,k-g5-textbook-lesson,2.G,Partition Shapes,High,High,short-answer,computed-shape-identification,cone,"Partition Shapes checkpoint: During independent practice, explain the matching idea: on a classroom card, which shape name matches an object with the label ""cone""?"
us-ca-k5-knowledge-point-practice-v1-us-ca-math-p2-2-g-partition-shapes-q09,P2,Grade 2,us-ca-math-p2-2-g-partition-shapes,k-g5-textbook-lesson,2.G,Partition Shapes,Low,Low,fill-in,computed-shape-property,3,"Partition Shapes checkpoint: On an exit ticket, try a second strategy to confirm: in a drawing label, how many sides does a triangle have?"
us-ca-k5-knowledge-point-practice-v1-us-ca-math-p2-2-g-partition-shapes-q10,P2,Grade 2,us-ca-math-p2-2-g-partition-shapes,k-g5-textbook-lesson,2.G,Partition Shapes,Medium,Medium,fill-in,computed-shape-property,4,"Partition Shapes checkpoint: In a review game, answer and check the unit or label: in a model tray, how many sides does a rectangle have?"
us-ca-k5-knowledge-point-practice-v1-us-ca-math-p2-2-g-partition-shapes-q11,P2,Grade 2,us-ca-math-p2-2-g-partition-shapes,k-g5-textbook-lesson,2.G,Partition Shapes,Medium,Medium,fill-in,computed-shape-property,4,"Partition Shapes checkpoint: On a strategy board, use the topic idea to decide: in a notebook sketch, how many sides does a square have?"
us-ca-k5-knowledge-point-practice-v1-us-ca-math-p2-2-g-partition-shapes-q12,P2,Grade 2,us-ca-math-p2-2-g-partition-shapes,k-g5-textbook-lesson,2.G,Partition Shapes,High,High,short-answer,computed-shape-identification,circle,"Partition Shapes checkpoint: During a small-group check, finish the challenge carefully: on an attribute chart, which shape name matches an object with the label ""circle""?"
us-ca-k5-knowledge-point-practice-v1-us-ca-math-p3-3-oa-mult-div-q01,P3,Grade 3,us-ca-math-p3-3-oa-mult-div,k-g5-textbook-lesson,3.OA,Mult Div,Low,Low,multiple-choice,computed-multiplication,35,"Mult Div checkpoint: On a warm-up card, count or model, then answer: 5 equal bags each hold 7 shells. How many shells are there in all?"
us-ca-k5-knowledge-point-practice-v1-us-ca-math-p3-3-oa-mult-div-q02,P3,Grade 3,us-ca-math-p3-3-oa-mult-div,k-g5-textbook-lesson,3.OA,Mult Div,Medium,Medium,fill-in,computed-addition,11,"Mult Div checkpoint: During partner practice, write the missing answer: a tray has 8 red buttons and 3 blue buttons. How many buttons are on the tray?"
us-ca-k5-knowledge-point-practice-v1-us-ca-math-p3-3-oa-mult-div-q03,P3,Grade 3,us-ca-math-p3-3-oa-mult-div,k-g5-textbook-lesson,3.OA,Mult Div,Medium,Medium,multiple-choice,computed-multiplication,8,"Mult Div checkpoint: On a classroom mat, choose the best answer: 2 equal bags each hold 4 tiles. How many tiles are there in all?"
us-ca-k5-knowledge-point-practice-v1-us-ca-math-p3-3-oa-mult-div-q04,P3,Grade 3,us-ca-math-p3-3-oa-mult-div,k-g5-textbook-lesson,3.OA,Mult Div,High,High,short-answer,computed-multiplication,15,"Mult Div checkpoint: In a quick check, show the reasoning in one step: 3 equal bags each hold 5 stickers. How many stickers are there in all?"
us-ca-k5-knowledge-point-practice-v1-us-ca-math-p3-3-oa-mult-div-q05,P3,Grade 3,us-ca-math-p3-3-oa-mult-div,k-g5-textbook-lesson,3.OA,Mult Div,Low,Low,multiple-choice,computed-multiplication,24,"Mult Div checkpoint: On a math notebook page, use a quick check strategy: 4 equal bags each hold 6 blocks. How many blocks are there in all?"
us-ca-k5-knowledge-point-practice-v1-us-ca-math-p3-3-oa-mult-div-q06,P3,Grade 3,us-ca-math-p3-3-oa-mult-div,k-g5-textbook-lesson,3.OA,Mult Div,Medium,Medium,fill-in,computed-multiplication,35,"Mult Div checkpoint: At a learning station, solve with a drawing or number sentence: 5 equal bags each hold 7 buttons. How many buttons are there in all?"
us-ca-k5-knowledge-point-practice-v1-us-ca-math-p3-3-oa-mult-div-q07,P3,Grade 3,us-ca-math-p3-3-oa-mult-div,k-g5-textbook-lesson,3.OA,Mult Div,Medium,Medium,multiple-choice,computed-multiplication,18,"Mult Div checkpoint: On a teacher card, look for the important numbers: 6 equal bags each hold 3 cubes. How many cubes are there in all?"
us-ca-k5-knowledge-point-practice-v1-us-ca-math-p3-3-oa-mult-div-q08,P3,Grade 3,us-ca-math-p3-3-oa-mult-div,k-g5-textbook-lesson,3.OA,Mult Div,High,High,short-answer,computed-multiplication,8,"Mult Div checkpoint: During independent practice, explain the matching idea: 2 equal bags each hold 4 cards. How many cards are there in all?"
us-ca-k5-knowledge-point-practice-v1-us-ca-math-p3-3-oa-mult-div-q09,P3,Grade 3,us-ca-math-p3-3-oa-mult-div,k-g5-textbook-lesson,3.OA,Mult Div,Low,Low,multiple-choice,computed-multiplication,15,"Mult Div checkpoint: On an exit ticket, try a second strategy to confirm: 3 equal bags each hold 5 shells. How many shells are there in all?"
us-ca-k5-knowledge-point-practice-v1-us-ca-math-p3-3-oa-mult-div-q10,P3,Grade 3,us-ca-math-p3-3-oa-mult-div,k-g5-textbook-lesson,3.OA,Mult Div,Medium,Medium,fill-in,computed-multiplication,24,"Mult Div checkpoint: In a review game, answer and check the unit or label: 4 equal bags each hold 6 counters. How many counters are there in all?"
us-ca-k5-knowledge-point-practice-v1-us-ca-math-p3-3-oa-mult-div-q11,P3,Grade 3,us-ca-math-p3-3-oa-mult-div,k-g5-textbook-lesson,3.OA,Mult Div,Medium,Medium,multiple-choice,computed-multiplication,35,"Mult Div checkpoint: On a strategy board, use the topic idea to decide: 5 equal bags each hold 7 tiles. How many tiles are there in all?"
us-ca-k5-knowledge-point-practice-v1-us-ca-math-p3-3-oa-mult-div-q12,P3,Grade 3,us-ca-math-p3-3-oa-mult-div,k-g5-textbook-lesson,3.OA,Mult Div,High,High,short-answer,computed-multiplication,18,"Mult Div checkpoint: During a small-group check, finish the challenge carefully: 6 equal bags each hold 3 stickers. How many stickers are there in all?"
us-ca-k5-knowledge-point-practice-v1-us-ca-math-p3-3-nbt-arithmetic-q01,P3,Grade 3,us-ca-math-p3-3-nbt-arithmetic,k-g5-textbook-lesson,3.NBT,Arithmetic,Low,Low,multiple-choice,computed-place-value,351,"Arithmetic checkpoint: On a warm-up card, count or model, then answer: what number has 3 hundreds, 5 tens, and 1 one?"
us-ca-k5-knowledge-point-practice-v1-us-ca-math-p3-3-nbt-arithmetic-q02,P3,Grade 3,us-ca-math-p3-3-nbt-arithmetic,k-g5-textbook-lesson,3.NBT,Arithmetic,Medium,Medium,fill-in,computed-place-value,462,"Arithmetic checkpoint: During partner practice, write the missing answer: what number has 4 hundreds, 6 tens, and 2 ones?"
us-ca-k5-knowledge-point-practice-v1-us-ca-math-p3-3-nbt-arithmetic-q03,P3,Grade 3,us-ca-math-p3-3-nbt-arithmetic,k-g5-textbook-lesson,3.NBT,Arithmetic,Medium,Medium,fill-in,computed-place-value,573,"Arithmetic checkpoint: On a classroom mat, choose the best answer: what number has 5 hundreds, 7 tens, and 3 ones?"
us-ca-k5-knowledge-point-practice-v1-us-ca-math-p3-3-nbt-arithmetic-q04,P3,Grade 3,us-ca-math-p3-3-nbt-arithmetic,k-g5-textbook-lesson,3.NBT,Arithmetic,High,High,fill-in,computed-place-value,684,"Arithmetic checkpoint: In a quick check, show the reasoning in one step: what number has 6 hundreds, 8 tens, and 4 ones?"
us-ca-k5-knowledge-point-practice-v1-us-ca-math-p3-3-nbt-arithmetic-q05,P3,Grade 3,us-ca-math-p3-3-nbt-arithmetic,k-g5-textbook-lesson,3.NBT,Arithmetic,Low,Low,fill-in,computed-place-value,125,"Arithmetic checkpoint: On a math notebook page, use a quick check strategy: what number has 1 hundred, 2 tens, and 5 ones?"
us-ca-k5-knowledge-point-practice-v1-us-ca-math-p3-3-nbt-arithmetic-q06,P3,Grade 3,us-ca-math-p3-3-nbt-arithmetic,k-g5-textbook-lesson,3.NBT,Arithmetic,Medium,Medium,fill-in,computed-place-value,236,"Arithmetic checkpoint: At a learning station, solve with a drawing or number sentence: what number has 2 hundreds, 3 tens, and 6 ones?"
us-ca-k5-knowledge-point-practice-v1-us-ca-math-p3-3-nbt-arithmetic-q07,P3,Grade 3,us-ca-math-p3-3-nbt-arithmetic,k-g5-textbook-lesson,3.NBT,Arithmetic,Medium,Medium,fill-in,computed-place-value,347,"Arithmetic checkpoint: On a teacher card, look for the important numbers: what number has 3 hundreds, 4 tens, and 7 ones?"
us-ca-k5-knowledge-point-practice-v1-us-ca-math-p3-3-nbt-arithmetic-q08,P3,Grade 3,us-ca-math-p3-3-nbt-arithmetic,k-g5-textbook-lesson,3.NBT,Arithmetic,High,High,fill-in,computed-place-value,458,"Arithmetic checkpoint: During independent practice, explain the matching idea: what number has 4 hundreds, 5 tens, and 8 ones?"
us-ca-k5-knowledge-point-practice-v1-us-ca-math-p3-3-nbt-arithmetic-q09,P3,Grade 3,us-ca-math-p3-3-nbt-arithmetic,k-g5-textbook-lesson,3.NBT,Arithmetic,Low,Low,fill-in,computed-place-value,561,"Arithmetic checkpoint: On an exit ticket, try a second strategy to confirm: what number has 5 hundreds, 6 tens, and 1 one?"
us-ca-k5-knowledge-point-practice-v1-us-ca-math-p3-3-nbt-arithmetic-q10,P3,Grade 3,us-ca-math-p3-3-nbt-arithmetic,k-g5-textbook-lesson,3.NBT,Arithmetic,Medium,Medium,fill-in,computed-place-value,672,"Arithmetic checkpoint: In a review game, answer and check the unit or label: what number has 6 hundreds, 7 tens, and 2 ones?"
us-ca-k5-knowledge-point-practice-v1-us-ca-math-p3-3-nbt-arithmetic-q11,P3,Grade 3,us-ca-math-p3-3-nbt-arithmetic,k-g5-textbook-lesson,3.NBT,Arithmetic,Medium,Medium,fill-in,computed-place-value,183,"Arithmetic checkpoint: On a strategy board, use the topic idea to decide: what number has 1 hundred, 8 tens, and 3 ones?"
us-ca-k5-knowledge-point-practice-v1-us-ca-math-p3-3-nbt-arithmetic-q12,P3,Grade 3,us-ca-math-p3-3-nbt-arithmetic,k-g5-textbook-lesson,3.NBT,Arithmetic,High,High,fill-in,computed-place-value,224,"Arithmetic checkpoint: During a small-group check, finish the challenge carefully: what number has 2 hundreds, 2 tens, and 4 ones?"
us-ca-k5-knowledge-point-practice-v1-us-ca-math-p3-3-nf-fraction-meaning-q01,P3,Grade 3,us-ca-math-p3-3-nf-fraction-meaning,k-g5-textbook-lesson,3.NF,Fraction Meaning,Low,Low,fill-in,computed-fraction-number-line,4/6,"Fraction Meaning checkpoint: On a warm-up card, count or model, then answer: a number line from 0 to 1 is split into 6 equal jumps. A point is at jump 4. What fraction names the point?"
us-ca-k5-knowledge-point-practice-v1-us-ca-math-p3-3-nf-fraction-meaning-q02,P3,Grade 3,us-ca-math-p3-3-nf-fraction-meaning,k-g5-textbook-lesson,3.NF,Fraction Meaning,Medium,Medium,fill-in,computed-fraction-comparison,5/7,"Fraction Meaning checkpoint: During partner practice, write the missing answer: which fraction is greater: 4/7 or 5/7?"
us-ca-k5-knowledge-point-practice-v1-us-ca-math-p3-3-nf-fraction-meaning-q03,P3,Grade 3,us-ca-math-p3-3-nf-fraction-meaning,k-g5-textbook-lesson,3.NF,Fraction Meaning,Medium,Medium,short-answer,computed-fraction-equivalence,2/16,"Fraction Meaning checkpoint: On a classroom mat, choose the best answer: name a fraction equivalent to 1/8 by splitting each part into 2 equal pieces."
us-ca-k5-knowledge-point-practice-v1-us-ca-math-p3-3-nf-fraction-meaning-q04,P3,Grade 3,us-ca-math-p3-3-nf-fraction-meaning,k-g5-textbook-lesson,3.NF,Fraction Meaning,High,High,short-answer,computed-fraction-model,2/4,"Fraction Meaning checkpoint: In a quick check, show the reasoning in one step: a rectangle is split into 4 equal parts. 2 parts are shaded. What fraction is shaded?"
us-ca-k5-knowledge-point-practice-v1-us-ca-math-p3-3-nf-fraction-meaning-q05,P3,Grade 3,us-ca-math-p3-3-nf-fraction-meaning,k-g5-textbook-lesson,3.NF,Fraction Meaning,Low,Low,fill-in,computed-fraction-number-line,3/5,"Fraction Meaning checkpoint: On a math notebook page, use a quick check strategy: a number line from 0 to 1 is split into 5 equal jumps. A point is at jump 3. What fraction names the point?"
us-ca-k5-knowledge-point-practice-v1-us-ca-math-p3-3-nf-fraction-meaning-q06,P3,Grade 3,us-ca-math-p3-3-nf-fraction-meaning,k-g5-textbook-lesson,3.NF,Fraction Meaning,Medium,Medium,fill-in,computed-fraction-comparison,5/6,"Fraction Meaning checkpoint: At a learning station, solve with a drawing or number sentence: which fraction is greater: 4/6 or 5/6?"
us-ca-k5-knowledge-point-practice-v1-us-ca-math-p3-3-nf-fraction-meaning-q07,P3,Grade 3,us-ca-math-p3-3-nf-fraction-meaning,k-g5-textbook-lesson,3.NF,Fraction Meaning,Medium,Medium,short-answer,computed-fraction-equivalence,6/14,"Fraction Meaning checkpoint: On a teacher card, look for the important numbers: name a fraction equivalent to 3/7 by splitting each part into 2 equal pieces."
us-ca-k5-knowledge-point-practice-v1-us-ca-math-p3-3-nf-fraction-meaning-q08,P3,Grade 3,us-ca-math-p3-3-nf-fraction-meaning,k-g5-textbook-lesson,3.NF,Fraction Meaning,High,High,short-answer,computed-fraction-model,5/8,"Fraction Meaning checkpoint: During independent practice, explain the matching idea: a rectangle is split into 8 equal parts. 5 parts are shaded. What fraction is shaded?"
us-ca-k5-knowledge-point-practice-v1-us-ca-math-p3-3-nf-fraction-meaning-q09,P3,Grade 3,us-ca-math-p3-3-nf-fraction-meaning,k-g5-textbook-lesson,3.NF,Fraction Meaning,Low,Low,fill-in,computed-fraction-number-line,2/4,"Fraction Meaning checkpoint: On an exit ticket, try a second strategy to confirm: a number line from 0 to 1 is split into 4 equal jumps. A point is at jump 2. What fraction names the point?"
us-ca-k5-knowledge-point-practice-v1-us-ca-math-p3-3-nf-fraction-meaning-q10,P3,Grade 3,us-ca-math-p3-3-nf-fraction-meaning,k-g5-textbook-lesson,3.NF,Fraction Meaning,Medium,Medium,fill-in,computed-fraction-comparison,4/5,"Fraction Meaning checkpoint: In a review game, answer and check the unit or label: which fraction is greater: 4/5 or 3/5?"
us-ca-k5-knowledge-point-practice-v1-us-ca-math-p3-3-nf-fraction-meaning-q11,P3,Grade 3,us-ca-math-p3-3-nf-fraction-meaning,k-g5-textbook-lesson,3.NF,Fraction Meaning,Medium,Medium,short-answer,computed-fraction-equivalence,8/12,"Fraction Meaning checkpoint: On a strategy board, use the topic idea to decide: name a fraction equivalent to 4/6 by splitting each part into 2 equal pieces."
us-ca-k5-knowledge-point-practice-v1-us-ca-math-p3-3-nf-fraction-meaning-q12,P3,Grade 3,us-ca-math-p3-3-nf-fraction-meaning,k-g5-textbook-lesson,3.NF,Fraction Meaning,High,High,short-answer,computed-fraction-model,1/7,"Fraction Meaning checkpoint: During a small-group check, finish the challenge carefully: a rectangle is split into 7 equal parts. 1 part are shaded. What fraction is shaded?"
us-ca-k5-knowledge-point-practice-v1-us-ca-math-p3-3-md-time-data-area-perimeter-q01,P3,Grade 3,us-ca-math-p3-3-md-time-data-area-perimeter,k-g5-textbook-lesson,3.MD,Time Data Area Perimeter,Low,Low,fill-in,computed-data-comparison,2 more apples,"Time Data Area Perimeter checkpoint: On a warm-up card, count or model, then answer: a picture graph shows 7 apples and 5 oranges. Which fruit has more, and by how many?"
us-ca-k5-knowledge-point-practice-v1-us-ca-math-p3-3-md-time-data-area-perimeter-q02,P3,Grade 3,us-ca-math-p3-3-md-time-data-area-perimeter,k-g5-textbook-lesson,3.MD,Time Data Area Perimeter,Medium,Medium,short-answer,computed-data-comparison,1 more apples,"Time Data Area Perimeter checkpoint: During partner practice, write the missing answer: a picture graph shows 9 apples and 8 oranges. Which fruit has more, and by how many?"
us-ca-k5-knowledge-point-practice-v1-us-ca-math-p3-3-md-time-data-area-perimeter-q03,P3,Grade 3,us-ca-math-p3-3-md-time-data-area-perimeter,k-g5-textbook-lesson,3.MD,Time Data Area Perimeter,Medium,Medium,short-answer,computed-measurement-addition,13 cm,"Time Data Area Perimeter checkpoint: On a classroom mat, choose the best answer: a ribbon is 5 cm long. Another ribbon is 8 cm long. What is the total length?"
us-ca-k5-knowledge-point-practice-v1-us-ca-math-p3-3-md-time-data-area-perimeter-q04,P3,Grade 3,us-ca-math-p3-3-md-time-data-area-perimeter,k-g5-textbook-lesson,3.MD,Time Data Area Perimeter,High,High,short-answer,computed-perimeter,26 units,"Time Data Area Perimeter checkpoint: In a quick check, show the reasoning in one step: a rectangle is 7 units long and 6 units wide. What is its perimeter?"
us-ca-k5-knowledge-point-practice-v1-us-ca-math-p3-3-md-time-data-area-perimeter-q05,P3,Grade 3,us-ca-math-p3-3-md-time-data-area-perimeter,k-g5-textbook-lesson,3.MD,Time Data Area Perimeter,Low,Low,fill-in,computed-measurement-addition,11 cm,"Time Data Area Perimeter checkpoint: On a math notebook page, use a quick check strategy: a ribbon is 7 cm long. Another ribbon is 4 cm long. What is the total length?"
us-ca-k5-knowledge-point-practice-v1-us-ca-math-p3-3-md-time-data-area-perimeter-q06,P3,Grade 3,us-ca-math-p3-3-md-time-data-area-perimeter,k-g5-textbook-lesson,3.MD,Time Data Area Perimeter,Medium,Medium,short-answer,computed-measurement-addition,13 cm,"Time Data Area Perimeter checkpoint: At a learning station, solve with a drawing or number sentence: a ribbon is 8 cm long. Another ribbon is 5 cm long. What is the total length?"
us-ca-k5-knowledge-point-practice-v1-us-ca-math-p3-3-md-time-data-area-perimeter-q07,P3,Grade 3,us-ca-math-p3-3-md-time-data-area-perimeter,k-g5-textbook-lesson,3.MD,Time Data Area Perimeter,Medium,Medium,short-answer,computed-data-comparison,4 more oranges,"Time Data Area Perimeter checkpoint: On a teacher card, look for the important numbers: a picture graph shows 3 apples and 7 oranges. Which fruit has more, and by how many?"
us-ca-k5-knowledge-point-practice-v1-us-ca-math-p3-3-md-time-data-area-perimeter-q08,P3,Grade 3,us-ca-math-p3-3-md-time-data-area-perimeter,k-g5-textbook-lesson,3.MD,Time Data Area Perimeter,High,High,short-answer,computed-perimeter,20 units,"Time Data Area Perimeter checkpoint: During independent practice, explain the matching idea: a rectangle is 5 units long and 5 units wide. What is its perimeter?"
us-ca-k5-knowledge-point-practice-v1-us-ca-math-p3-3-md-time-data-area-perimeter-q09,P3,Grade 3,us-ca-math-p3-3-md-time-data-area-perimeter,k-g5-textbook-lesson,3.MD,Time Data Area Perimeter,Low,Low,fill-in,computed-data-comparison,2 more apples,"Time Data Area Perimeter checkpoint: On an exit ticket, try a second strategy to confirm: a picture graph shows 7 apples and 5 oranges. Which fruit has more, and by how many?"
us-ca-k5-knowledge-point-practice-v1-us-ca-math-p3-3-md-time-data-area-perimeter-q10,P3,Grade 3,us-ca-math-p3-3-md-time-data-area-perimeter,k-g5-textbook-lesson,3.MD,Time Data Area Perimeter,Medium,Medium,short-answer,computed-measurement-addition,15 cm,"Time Data Area Perimeter checkpoint: In a review game, answer and check the unit or label: a ribbon is 12 cm long. Another ribbon is 3 cm long. What is the total length?"
us-ca-k5-knowledge-point-practice-v1-us-ca-math-p3-3-md-time-data-area-perimeter-q11,P3,Grade 3,us-ca-math-p3-3-md-time-data-area-perimeter,k-g5-textbook-lesson,3.MD,Time Data Area Perimeter,Medium,Medium,short-answer,computed-data-comparison,1 more oranges,"Time Data Area Perimeter checkpoint: On a strategy board, use the topic idea to decide: a picture graph shows 3 apples and 4 oranges. Which fruit has more, and by how many?"
us-ca-k5-knowledge-point-practice-v1-us-ca-math-p3-3-md-time-data-area-perimeter-q12,P3,Grade 3,us-ca-math-p3-3-md-time-data-area-perimeter,k-g5-textbook-lesson,3.MD,Time Data Area Perimeter,High,High,short-answer,computed-perimeter,26 units,"Time Data Area Perimeter checkpoint: During a small-group check, finish the challenge carefully: a rectangle is 9 units long and 4 units wide. What is its perimeter?"
us-ca-k5-knowledge-point-practice-v1-us-ca-math-p3-3-g-categories-q01,P3,Grade 3,us-ca-math-p3-3-g-categories,k-g5-textbook-lesson,3.G,Categories,Low,Low,multiple-choice,computed-shape-identification,cone,"Categories checkpoint: On a warm-up card, count or model, then answer: on a shape station, which shape name matches an object with the label ""cone""?"
us-ca-k5-knowledge-point-practice-v1-us-ca-math-p3-3-g-categories-q02,P3,Grade 3,us-ca-math-p3-3-g-categories,k-g5-textbook-lesson,3.G,Categories,Medium,Medium,fill-in,computed-shape-property,3,"Categories checkpoint: During partner practice, write the missing answer: in a sorting mat, how many sides does a triangle have?"
us-ca-k5-knowledge-point-practice-v1-us-ca-math-p3-3-g-categories-q03,P3,Grade 3,us-ca-math-p3-3-g-categories,k-g5-textbook-lesson,3.G,Categories,Medium,Medium,fill-in,computed-shape-property,4,"Categories checkpoint: On a classroom mat, choose the best answer: in a classroom card, how many sides does a rectangle have?"
us-ca-k5-knowledge-point-practice-v1-us-ca-math-p3-3-g-categories-q04,P3,Grade 3,us-ca-math-p3-3-g-categories,k-g5-textbook-lesson,3.G,Categories,High,High,fill-in,computed-shape-property,4,"Categories checkpoint: In a quick check, show the reasoning in one step: in a drawing label, how many sides does a square have?"
us-ca-k5-knowledge-point-practice-v1-us-ca-math-p3-3-g-categories-q05,P3,Grade 3,us-ca-math-p3-3-g-categories,k-g5-textbook-lesson,3.G,Categories,Low,Low,multiple-choice,computed-shape-identification,circle,"Categories checkpoint: On a math notebook page, use a quick check strategy: on a model tray, which shape name matches an object with the label ""circle""?"
us-ca-k5-knowledge-point-practice-v1-us-ca-math-p3-3-g-categories-q06,P3,Grade 3,us-ca-math-p3-3-g-categories,k-g5-textbook-lesson,3.G,Categories,Medium,Medium,fill-in,computed-shape-identification,cube,"Categories checkpoint: At a learning station, solve with a drawing or number sentence: on a notebook sketch, which shape name matches an object with the label ""cube""?"
us-ca-k5-knowledge-point-practice-v1-us-ca-math-p3-3-g-categories-q07,P3,Grade 3,us-ca-math-p3-3-g-categories,k-g5-textbook-lesson,3.G,Categories,Medium,Medium,multiple-choice,computed-shape-identification,cone,"Categories checkpoint: On a teacher card, look for the important numbers: on an attribute chart, which shape name matches an object with the label ""cone""?"
us-ca-k5-knowledge-point-practice-v1-us-ca-math-p3-3-g-categories-q08,P3,Grade 3,us-ca-math-p3-3-g-categories,k-g5-textbook-lesson,3.G,Categories,High,High,fill-in,computed-shape-property,3,"Categories checkpoint: During independent practice, explain the matching idea: in a math poster, how many sides does a triangle have?"
us-ca-k5-knowledge-point-practice-v1-us-ca-math-p3-3-g-categories-q09,P3,Grade 3,us-ca-math-p3-3-g-categories,k-g5-textbook-lesson,3.G,Categories,Low,Low,fill-in,computed-shape-property,4,"Categories checkpoint: On an exit ticket, try a second strategy to confirm: in a shape station, how many sides does a rectangle have?"
us-ca-k5-knowledge-point-practice-v1-us-ca-math-p3-3-g-categories-q10,P3,Grade 3,us-ca-math-p3-3-g-categories,k-g5-textbook-lesson,3.G,Categories,Medium,Medium,fill-in,computed-shape-property,4,"Categories checkpoint: In a review game, answer and check the unit or label: in a sorting mat, how many sides does a square have?"
us-ca-k5-knowledge-point-practice-v1-us-ca-math-p3-3-g-categories-q11,P3,Grade 3,us-ca-math-p3-3-g-categories,k-g5-textbook-lesson,3.G,Categories,Medium,Medium,multiple-choice,computed-shape-identification,circle,"Categories checkpoint: On a strategy board, use the topic idea to decide: on a classroom card, which shape name matches an object with the label ""circle""?"
us-ca-k5-knowledge-point-practice-v1-us-ca-math-p3-3-g-categories-q12,P3,Grade 3,us-ca-math-p3-3-g-categories,k-g5-textbook-lesson,3.G,Categories,High,High,short-answer,computed-shape-identification,cube,"Categories checkpoint: During a small-group check, finish the challenge carefully: on a drawing label, which shape name matches an object with the label ""cube""?"
us-ca-k5-knowledge-point-practice-v1-us-ca-math-p4-4-oa-factors-patterns-q01,P4,Grade 4,us-ca-math-p4-4-oa-factors-patterns,k-g5-textbook-lesson,4.OA,Factors Patterns,Low,Low,multiple-choice,computed-factor-check,yes,"Factors Patterns checkpoint: On a warm-up card, count or model, then answer: is 2 a factor of 16?"
us-ca-k5-knowledge-point-practice-v1-us-ca-math-p4-4-oa-factors-patterns-q02,P4,Grade 4,us-ca-math-p4-4-oa-factors-patterns,k-g5-textbook-lesson,4.OA,Factors Patterns,Medium,Medium,fill-in,computed-addition,7,"Factors Patterns checkpoint: During partner practice, write the missing answer: a tray has 2 red tiles and 5 blue tiles. How many tiles are on the tray?"
us-ca-k5-knowledge-point-practice-v1-us-ca-math-p4-4-oa-factors-patterns-q03,P4,Grade 4,us-ca-math-p4-4-oa-factors-patterns,k-g5-textbook-lesson,4.OA,Factors Patterns,Medium,Medium,multiple-choice,computed-factor-check,no,"Factors Patterns checkpoint: On a classroom mat, choose the best answer: is 4 a factor of 18?"
us-ca-k5-knowledge-point-practice-v1-us-ca-math-p4-4-oa-factors-patterns-q04,P4,Grade 4,us-ca-math-p4-4-oa-factors-patterns,k-g5-textbook-lesson,4.OA,Factors Patterns,High,High,fill-in,computed-expression,21,"Factors Patterns checkpoint: In a quick check, show the reasoning in one step: evaluate 3 x (5 + 2)."
us-ca-k5-knowledge-point-practice-v1-us-ca-math-p4-4-oa-factors-patterns-q05,P4,Grade 4,us-ca-math-p4-4-oa-factors-patterns,k-g5-textbook-lesson,4.OA,Factors Patterns,Low,Low,multiple-choice,computed-multiplication,24,"Factors Patterns checkpoint: On a math notebook page, use a quick check strategy: 4 equal bags each hold 6 counters. How many counters are there in all?"
us-ca-k5-knowledge-point-practice-v1-us-ca-math-p4-4-oa-factors-patterns-q06,P4,Grade 4,us-ca-math-p4-4-oa-factors-patterns,k-g5-textbook-lesson,4.OA,Factors Patterns,Medium,Medium,fill-in,computed-multiplication,35,"Factors Patterns checkpoint: At a learning station, solve with a drawing or number sentence: 5 equal bags each hold 7 tiles. How many tiles are there in all?"
us-ca-k5-knowledge-point-practice-v1-us-ca-math-p4-4-oa-factors-patterns-q07,P4,Grade 4,us-ca-math-p4-4-oa-factors-patterns,k-g5-textbook-lesson,4.OA,Factors Patterns,Medium,Medium,multiple-choice,computed-multiplication,18,"Factors Patterns checkpoint: On a teacher card, look for the important numbers: 6 equal bags each hold 3 stickers. How many stickers are there in all?"
us-ca-k5-knowledge-point-practice-v1-us-ca-math-p4-4-oa-factors-patterns-q08,P4,Grade 4,us-ca-math-p4-4-oa-factors-patterns,k-g5-textbook-lesson,4.OA,Factors Patterns,High,High,fill-in,computed-expression,12,"Factors Patterns checkpoint: During independent practice, explain the matching idea: evaluate 2 x (4 + 2)."
us-ca-k5-knowledge-point-practice-v1-us-ca-math-p4-4-oa-factors-patterns-q09,P4,Grade 4,us-ca-math-p4-4-oa-factors-patterns,k-g5-textbook-lesson,4.OA,Factors Patterns,Low,Low,multiple-choice,computed-factor-check,no,"Factors Patterns checkpoint: On an exit ticket, try a second strategy to confirm: is 2 a factor of 15?"
us-ca-k5-knowledge-point-practice-v1-us-ca-math-p4-4-oa-factors-patterns-q10,P4,Grade 4,us-ca-math-p4-4-oa-factors-patterns,k-g5-textbook-lesson,4.OA,Factors Patterns,Medium,Medium,fill-in,computed-multiplication,24,"Factors Patterns checkpoint: In a review game, answer and check the unit or label: 4 equal bags each hold 6 cubes. How many cubes are there in all?"
us-ca-k5-knowledge-point-practice-v1-us-ca-math-p4-4-oa-factors-patterns-q11,P4,Grade 4,us-ca-math-p4-4-oa-factors-patterns,k-g5-textbook-lesson,4.OA,Factors Patterns,Medium,Medium,multiple-choice,computed-multiplication,35,"Factors Patterns checkpoint: On a strategy board, use the topic idea to decide: 5 equal bags each hold 7 cards. How many cards are there in all?"
us-ca-k5-knowledge-point-practice-v1-us-ca-math-p4-4-oa-factors-patterns-q12,P4,Grade 4,us-ca-math-p4-4-oa-factors-patterns,k-g5-textbook-lesson,4.OA,Factors Patterns,High,High,fill-in,computed-expression,30,"Factors Patterns checkpoint: During a small-group check, finish the challenge carefully: evaluate 6 x (3 + 2)."
us-ca-k5-knowledge-point-practice-v1-us-ca-math-p4-4-nbt-multi-digit-q01,P4,Grade 4,us-ca-math-p4-4-nbt-multi-digit,k-g5-textbook-lesson,4.NBT,Multi Digit,Low,Low,multiple-choice,computed-multiplication,8,"Multi Digit checkpoint: On a warm-up card, count or model, then answer: 2 equal bags each hold 4 cubes. How many cubes are there in all?"
us-ca-k5-knowledge-point-practice-v1-us-ca-math-p4-4-nbt-multi-digit-q02,P4,Grade 4,us-ca-math-p4-4-nbt-multi-digit,k-g5-textbook-lesson,4.NBT,Multi Digit,Medium,Medium,fill-in,computed-place-value,577,"Multi Digit checkpoint: During partner practice, write the missing answer: what number has 5 hundreds, 7 tens, and 7 ones?"
us-ca-k5-knowledge-point-practice-v1-us-ca-math-p4-4-nbt-multi-digit-q03,P4,Grade 4,us-ca-math-p4-4-nbt-multi-digit,k-g5-textbook-lesson,4.NBT,Multi Digit,Medium,Medium,multiple-choice,computed-multiplication,24,"Multi Digit checkpoint: On a classroom mat, choose the best answer: 4 equal bags each hold 6 shells. How many shells are there in all?"
us-ca-k5-knowledge-point-practice-v1-us-ca-math-p4-4-nbt-multi-digit-q04,P4,Grade 4,us-ca-math-p4-4-nbt-multi-digit,k-g5-textbook-lesson,4.NBT,Multi Digit,High,High,fill-in,computed-place-value,121,"Multi Digit checkpoint: In a quick check, show the reasoning in one step: what number has 1 hundred, 2 tens, and 1 one?"
us-ca-k5-knowledge-point-practice-v1-us-ca-math-p4-4-nbt-multi-digit-q05,P4,Grade 4,us-ca-math-p4-4-nbt-multi-digit,k-g5-textbook-lesson,4.NBT,Multi Digit,Low,Low,fill-in,computed-place-value,232,"Multi Digit checkpoint: On a math notebook page, use a quick check strategy: what number has 2 hundreds, 3 tens, and 2 ones?"
us-ca-k5-knowledge-point-practice-v1-us-ca-math-p4-4-nbt-multi-digit-q06,P4,Grade 4,us-ca-math-p4-4-nbt-multi-digit,k-g5-textbook-lesson,4.NBT,Multi Digit,Medium,Medium,fill-in,computed-place-value,343,"Multi Digit checkpoint: At a learning station, solve with a drawing or number sentence: what number has 3 hundreds, 4 tens, and 3 ones?"
us-ca-k5-knowledge-point-practice-v1-us-ca-math-p4-4-nbt-multi-digit-q07,P4,Grade 4,us-ca-math-p4-4-nbt-multi-digit,k-g5-textbook-lesson,4.NBT,Multi Digit,Medium,Medium,fill-in,computed-place-value,454,"Multi Digit checkpoint: On a teacher card, look for the important numbers: what number has 4 hundreds, 5 tens, and 4 ones?"
us-ca-k5-knowledge-point-practice-v1-us-ca-math-p4-4-nbt-multi-digit-q08,P4,Grade 4,us-ca-math-p4-4-nbt-multi-digit,k-g5-textbook-lesson,4.NBT,Multi Digit,High,High,fill-in,computed-place-value,565,"Multi Digit checkpoint: During independent practice, explain the matching idea: what number has 5 hundreds, 6 tens, and 5 ones?"
us-ca-k5-knowledge-point-practice-v1-us-ca-math-p4-4-nbt-multi-digit-q09,P4,Grade 4,us-ca-math-p4-4-nbt-multi-digit,k-g5-textbook-lesson,4.NBT,Multi Digit,Low,Low,multiple-choice,computed-multiplication,35,"Multi Digit checkpoint: On an exit ticket, try a second strategy to confirm: 5 equal bags each hold 7 cubes. How many cubes are there in all?"
us-ca-k5-knowledge-point-practice-v1-us-ca-math-p4-4-nbt-multi-digit-q10,P4,Grade 4,us-ca-math-p4-4-nbt-multi-digit,k-g5-textbook-lesson,4.NBT,Multi Digit,Medium,Medium,fill-in,computed-place-value,187,"Multi Digit checkpoint: In a review game, answer and check the unit or label: what number has 1 hundred, 8 tens, and 7 ones?"
us-ca-k5-knowledge-point-practice-v1-us-ca-math-p4-4-nbt-multi-digit-q11,P4,Grade 4,us-ca-math-p4-4-nbt-multi-digit,k-g5-textbook-lesson,4.NBT,Multi Digit,Medium,Medium,fill-in,computed-place-value,228,"Multi Digit checkpoint: On a strategy board, use the topic idea to decide: what number has 2 hundreds, 2 tens, and 8 ones?"
us-ca-k5-knowledge-point-practice-v1-us-ca-math-p4-4-nbt-multi-digit-q12,P4,Grade 4,us-ca-math-p4-4-nbt-multi-digit,k-g5-textbook-lesson,4.NBT,Multi Digit,High,High,fill-in,computed-place-value,331,"Multi Digit checkpoint: During a small-group check, finish the challenge carefully: what number has 3 hundreds, 3 tens, and 1 one?"
us-ca-k5-knowledge-point-practice-v1-us-ca-math-p4-4-nf-fraction-decimal-q01,P4,Grade 4,us-ca-math-p4-4-nf-fraction-decimal,k-g5-textbook-lesson,4.NF,Fraction Decimal,Low,Low,fill-in,computed-fraction-addition,4/10,"Fraction Decimal checkpoint: On a warm-up card, count or model, then answer: add 3/10 + 1/10."
us-ca-k5-knowledge-point-practice-v1-us-ca-math-p4-4-nf-fraction-decimal-q02,P4,Grade 4,us-ca-math-p4-4-nf-fraction-decimal,k-g5-textbook-lesson,4.NF,Fraction Decimal,Medium,Medium,short-answer,computed-fraction-addition,3/12,"Fraction Decimal checkpoint: During partner practice, write the missing answer: add 1/12 + 2/12."
us-ca-k5-knowledge-point-practice-v1-us-ca-math-p4-4-nf-fraction-decimal-q03,P4,Grade 4,us-ca-math-p4-4-nf-fraction-decimal,k-g5-textbook-lesson,4.NF,Fraction Decimal,Medium,Medium,multiple-choice,computed-fraction-model,1/8,"Fraction Decimal checkpoint: On a classroom mat, choose the best answer: a rectangle is split into 8 equal parts. 1 part are shaded. What fraction is shaded?"
us-ca-k5-knowledge-point-practice-v1-us-ca-math-p4-4-nf-fraction-decimal-q04,P4,Grade 4,us-ca-math-p4-4-nf-fraction-decimal,k-g5-textbook-lesson,4.NF,Fraction Decimal,High,High,short-answer,computed-fraction-addition,4/8,"Fraction Decimal checkpoint: In a quick check, show the reasoning in one step: add 3/8 + 1/8."
us-ca-k5-knowledge-point-practice-v1-us-ca-math-p4-4-nf-fraction-decimal-q05,P4,Grade 4,us-ca-math-p4-4-nf-fraction-decimal,k-g5-textbook-lesson,4.NF,Fraction Decimal,Low,Low,multiple-choice,computed-fraction-model,3/5,"Fraction Decimal checkpoint: On a math notebook page, use a quick check strategy: a rectangle is split into 5 equal parts. 3 parts are shaded. What fraction is shaded?"
us-ca-k5-knowledge-point-practice-v1-us-ca-math-p4-4-nf-fraction-decimal-q06,P4,Grade 4,us-ca-math-p4-4-nf-fraction-decimal,k-g5-textbook-lesson,4.NF,Fraction Decimal,Medium,Medium,fill-in,computed-fraction-model,3/6,"Fraction Decimal checkpoint: At a learning station, solve with a drawing or number sentence: a rectangle is split into 6 equal parts. 3 parts are shaded. What fraction is shaded?"
us-ca-k5-knowledge-point-practice-v1-us-ca-math-p4-4-nf-fraction-decimal-q07,P4,Grade 4,us-ca-math-p4-4-nf-fraction-decimal,k-g5-textbook-lesson,4.NF,Fraction Decimal,Medium,Medium,multiple-choice,computed-fraction-model,3/7,"Fraction Decimal checkpoint: On a teacher card, look for the important numbers: a rectangle is split into 7 equal parts. 3 parts are shaded. What fraction is shaded?"
us-ca-k5-knowledge-point-practice-v1-us-ca-math-p4-4-nf-fraction-decimal-q08,P4,Grade 4,us-ca-math-p4-4-nf-fraction-decimal,k-g5-textbook-lesson,4.NF,Fraction Decimal,High,High,short-answer,computed-fraction-addition,3/8,"Fraction Decimal checkpoint: During independent practice, explain the matching idea: add 1/8 + 2/8."
us-ca-k5-knowledge-point-practice-v1-us-ca-math-p4-4-nf-fraction-decimal-q09,P4,Grade 4,us-ca-math-p4-4-nf-fraction-decimal,k-g5-textbook-lesson,4.NF,Fraction Decimal,Low,Low,fill-in,computed-fraction-addition,5/10,"Fraction Decimal checkpoint: On an exit ticket, try a second strategy to confirm: add 2/10 + 3/10."
us-ca-k5-knowledge-point-practice-v1-us-ca-math-p4-4-nf-fraction-decimal-q10,P4,Grade 4,us-ca-math-p4-4-nf-fraction-decimal,k-g5-textbook-lesson,4.NF,Fraction Decimal,Medium,Medium,fill-in,computed-fraction-model,4/5,"Fraction Decimal checkpoint: In a review game, answer and check the unit or label: a rectangle is split into 5 equal parts. 4 parts are shaded. What fraction is shaded?"
us-ca-k5-knowledge-point-practice-v1-us-ca-math-p4-4-nf-fraction-decimal-q11,P4,Grade 4,us-ca-math-p4-4-nf-fraction-decimal,k-g5-textbook-lesson,4.NF,Fraction Decimal,Medium,Medium,multiple-choice,computed-fraction-model,3/6,"Fraction Decimal checkpoint: On a strategy board, use the topic idea to decide: a rectangle is split into 6 equal parts. 3 parts are shaded. What fraction is shaded?"
us-ca-k5-knowledge-point-practice-v1-us-ca-math-p4-4-nf-fraction-decimal-q12,P4,Grade 4,us-ca-math-p4-4-nf-fraction-decimal,k-g5-textbook-lesson,4.NF,Fraction Decimal,High,High,short-answer,computed-fraction-addition,5/8,"Fraction Decimal checkpoint: During a small-group check, finish the challenge carefully: add 2/8 + 3/8."
us-ca-k5-knowledge-point-practice-v1-us-ca-math-p4-4-md-conversion-angles-q01,P4,Grade 4,us-ca-math-p4-4-md-conversion-angles,k-g5-textbook-lesson,4.MD,Conversion Angles,Low,Low,fill-in,computed-angle-subtraction,45 degrees,"Conversion Angles checkpoint: On a warm-up card, count or model, then answer: two angles make a right angle. One angle is 45 degrees. What is the other angle?"
us-ca-k5-knowledge-point-practice-v1-us-ca-math-p4-4-md-conversion-angles-q02,P4,Grade 4,us-ca-math-p4-4-md-conversion-angles,k-g5-textbook-lesson,4.MD,Conversion Angles,Medium,Medium,fill-in,computed-angle-subtraction,40 degrees,"Conversion Angles checkpoint: During partner practice, write the missing answer: two angles make a right angle. One angle is 50 degrees. What is the other angle?"
us-ca-k5-knowledge-point-practice-v1-us-ca-math-p4-4-md-conversion-angles-q03,P4,Grade 4,us-ca-math-p4-4-md-conversion-angles,k-g5-textbook-lesson,4.MD,Conversion Angles,Medium,Medium,short-answer,computed-measurement-addition,13 cm,"Conversion Angles checkpoint: On a classroom mat, choose the best answer: a ribbon is 10 cm long. Another ribbon is 3 cm long. What is the total length?"
us-ca-k5-knowledge-point-practice-v1-us-ca-math-p4-4-md-conversion-angles-q04,P4,Grade 4,us-ca-math-p4-4-md-conversion-angles,k-g5-textbook-lesson,4.MD,Conversion Angles,High,High,short-answer,computed-area,48 square units,"Conversion Angles checkpoint: In a quick check, show the reasoning in one step: a rectangle is 8 units long and 6 units wide. What is its area?"
us-ca-k5-knowledge-point-practice-v1-us-ca-math-p4-4-md-conversion-angles-q05,P4,Grade 4,us-ca-math-p4-4-md-conversion-angles,k-g5-textbook-lesson,4.MD,Conversion Angles,Low,Low,fill-in,computed-angle-subtraction,25 degrees,"Conversion Angles checkpoint: On a math notebook page, use a quick check strategy: two angles make a right angle. One angle is 65 degrees. What is the other angle?"
us-ca-k5-knowledge-point-practice-v1-us-ca-math-p4-4-md-conversion-angles-q06,P4,Grade 4,us-ca-math-p4-4-md-conversion-angles,k-g5-textbook-lesson,4.MD,Conversion Angles,Medium,Medium,fill-in,computed-angle-subtraction,20 degrees,"Conversion Angles checkpoint: At a learning station, solve with a drawing or number sentence: two angles make a right angle. One angle is 70 degrees. What is the other angle?"
us-ca-k5-knowledge-point-practice-v1-us-ca-math-p4-4-md-conversion-angles-q07,P4,Grade 4,us-ca-math-p4-4-md-conversion-angles,k-g5-textbook-lesson,4.MD,Conversion Angles,Medium,Medium,fill-in,computed-angle-subtraction,70 degrees,"Conversion Angles checkpoint: On a teacher card, look for the important numbers: two angles make a right angle. One angle is 20 degrees. What is the other angle?"
us-ca-k5-knowledge-point-practice-v1-us-ca-math-p4-4-md-conversion-angles-q08,P4,Grade 4,us-ca-math-p4-4-md-conversion-angles,k-g5-textbook-lesson,4.MD,Conversion Angles,High,High,short-answer,computed-area,30 square units,"Conversion Angles checkpoint: During independent practice, explain the matching idea: a rectangle is 6 units long and 5 units wide. What is its area?"
us-ca-k5-knowledge-point-practice-v1-us-ca-math-p4-4-md-conversion-angles-q09,P4,Grade 4,us-ca-math-p4-4-md-conversion-angles,k-g5-textbook-lesson,4.MD,Conversion Angles,Low,Low,fill-in,computed-angle-subtraction,60 degrees,"Conversion Angles checkpoint: On an exit ticket, try a second strategy to confirm: two angles make a right angle. One angle is 30 degrees. What is the other angle?"
us-ca-k5-knowledge-point-practice-v1-us-ca-math-p4-4-md-conversion-angles-q10,P4,Grade 4,us-ca-math-p4-4-md-conversion-angles,k-g5-textbook-lesson,4.MD,Conversion Angles,Medium,Medium,fill-in,computed-angle-subtraction,55 degrees,"Conversion Angles checkpoint: In a review game, answer and check the unit or label: two angles make a right angle. One angle is 35 degrees. What is the other angle?"
us-ca-k5-knowledge-point-practice-v1-us-ca-math-p4-4-md-conversion-angles-q11,P4,Grade 4,us-ca-math-p4-4-md-conversion-angles,k-g5-textbook-lesson,4.MD,Conversion Angles,Medium,Medium,fill-in,computed-angle-subtraction,50 degrees,"Conversion Angles checkpoint: On a strategy board, use the topic idea to decide: two angles make a right angle. One angle is 40 degrees. What is the other angle?"
us-ca-k5-knowledge-point-practice-v1-us-ca-math-p4-4-md-conversion-angles-q12,P4,Grade 4,us-ca-math-p4-4-md-conversion-angles,k-g5-textbook-lesson,4.MD,Conversion Angles,High,High,short-answer,computed-area,16 square units,"Conversion Angles checkpoint: During a small-group check, finish the challenge carefully: a rectangle is 4 units long and 4 units wide. What is its area?"
us-ca-k5-knowledge-point-practice-v1-us-ca-math-p4-4-g-lines-shapes-q01,P4,Grade 4,us-ca-math-p4-4-g-lines-shapes,k-g5-textbook-lesson,4.G,Lines Shapes,Low,Low,fill-in,computed-shape-property,3,"Lines Shapes checkpoint: On a warm-up card, count or model, then answer: in a notebook sketch, how many sides does a triangle have?"
us-ca-k5-knowledge-point-practice-v1-us-ca-math-p4-4-g-lines-shapes-q02,P4,Grade 4,us-ca-math-p4-4-g-lines-shapes,k-g5-textbook-lesson,4.G,Lines Shapes,Medium,Medium,fill-in,computed-shape-property,4,"Lines Shapes checkpoint: During partner practice, write the missing answer: in an attribute chart, how many sides does a rectangle have?"
us-ca-k5-knowledge-point-practice-v1-us-ca-math-p4-4-g-lines-shapes-q03,P4,Grade 4,us-ca-math-p4-4-g-lines-shapes,k-g5-textbook-lesson,4.G,Lines Shapes,Medium,Medium,fill-in,computed-shape-property,4,"Lines Shapes checkpoint: On a classroom mat, choose the best answer: in a math poster, how many sides does a square have?"
us-ca-k5-knowledge-point-practice-v1-us-ca-math-p4-4-g-lines-shapes-q04,P4,Grade 4,us-ca-math-p4-4-g-lines-shapes,k-g5-textbook-lesson,4.G,Lines Shapes,High,High,short-answer,computed-shape-identification,circle,"Lines Shapes checkpoint: In a quick check, show the reasoning in one step: on a shape station, which shape name matches an object with the label ""circle""?"
us-ca-k5-knowledge-point-practice-v1-us-ca-math-p4-4-g-lines-shapes-q05,P4,Grade 4,us-ca-math-p4-4-g-lines-shapes,k-g5-textbook-lesson,4.G,Lines Shapes,Low,Low,multiple-choice,computed-shape-identification,cube,"Lines Shapes checkpoint: On a math notebook page, use a quick check strategy: on a sorting mat, which shape name matches an object with the label ""cube""?"
us-ca-k5-knowledge-point-practice-v1-us-ca-math-p4-4-g-lines-shapes-q06,P4,Grade 4,us-ca-math-p4-4-g-lines-shapes,k-g5-textbook-lesson,4.G,Lines Shapes,Medium,Medium,fill-in,computed-shape-identification,cone,"Lines Shapes checkpoint: At a learning station, solve with a drawing or number sentence: on a classroom card, which shape name matches an object with the label ""cone""?"
us-ca-k5-knowledge-point-practice-v1-us-ca-math-p4-4-g-lines-shapes-q07,P4,Grade 4,us-ca-math-p4-4-g-lines-shapes,k-g5-textbook-lesson,4.G,Lines Shapes,Medium,Medium,fill-in,computed-shape-property,3,"Lines Shapes checkpoint: On a teacher card, look for the important numbers: in a drawing label, how many sides does a triangle have?"
us-ca-k5-knowledge-point-practice-v1-us-ca-math-p4-4-g-lines-shapes-q08,P4,Grade 4,us-ca-math-p4-4-g-lines-shapes,k-g5-textbook-lesson,4.G,Lines Shapes,High,High,fill-in,computed-shape-property,4,"Lines Shapes checkpoint: During independent practice, explain the matching idea: in a model tray, how many sides does a rectangle have?"
us-ca-k5-knowledge-point-practice-v1-us-ca-math-p4-4-g-lines-shapes-q09,P4,Grade 4,us-ca-math-p4-4-g-lines-shapes,k-g5-textbook-lesson,4.G,Lines Shapes,Low,Low,fill-in,computed-shape-property,4,"Lines Shapes checkpoint: On an exit ticket, try a second strategy to confirm: in a notebook sketch, how many sides does a square have?"
us-ca-k5-knowledge-point-practice-v1-us-ca-math-p4-4-g-lines-shapes-q10,P4,Grade 4,us-ca-math-p4-4-g-lines-shapes,k-g5-textbook-lesson,4.G,Lines Shapes,Medium,Medium,fill-in,computed-shape-identification,circle,"Lines Shapes checkpoint: In a review game, answer and check the unit or label: on an attribute chart, which shape name matches an object with the label ""circle""?"
us-ca-k5-knowledge-point-practice-v1-us-ca-math-p4-4-g-lines-shapes-q11,P4,Grade 4,us-ca-math-p4-4-g-lines-shapes,k-g5-textbook-lesson,4.G,Lines Shapes,Medium,Medium,multiple-choice,computed-shape-identification,cube,"Lines Shapes checkpoint: On a strategy board, use the topic idea to decide: on a math poster, which shape name matches an object with the label ""cube""?"
us-ca-k5-knowledge-point-practice-v1-us-ca-math-p4-4-g-lines-shapes-q12,P4,Grade 4,us-ca-math-p4-4-g-lines-shapes,k-g5-textbook-lesson,4.G,Lines Shapes,High,High,short-answer,computed-shape-identification,cone,"Lines Shapes checkpoint: During a small-group check, finish the challenge carefully: on a shape station, which shape name matches an object with the label ""cone""?"
us-ca-k5-knowledge-point-practice-v1-us-ca-math-p5-5-oa-expressions-patterns-q01,P5,Grade 5,us-ca-math-p5-5-oa-expressions-patterns,k-g5-textbook-lesson,5.OA,Expressions Patterns,Low,Low,multiple-choice,computed-factor-check,no,"Expressions Patterns checkpoint: On a warm-up card, count or model, then answer: is 3 a factor of 20?"
us-ca-k5-knowledge-point-practice-v1-us-ca-math-p5-5-oa-expressions-patterns-q02,P5,Grade 5,us-ca-math-p5-5-oa-expressions-patterns,k-g5-textbook-lesson,5.OA,Expressions Patterns,Medium,Medium,fill-in,computed-addition,4,"Expressions Patterns checkpoint: During partner practice, write the missing answer: a tray has 3 red cards and 1 blue card. How many cards are on the tray?"
us-ca-k5-knowledge-point-practice-v1-us-ca-math-p5-5-oa-expressions-patterns-q03,P5,Grade 5,us-ca-math-p5-5-oa-expressions-patterns,k-g5-textbook-lesson,5.OA,Expressions Patterns,Medium,Medium,multiple-choice,computed-factor-check,no,"Expressions Patterns checkpoint: On a classroom mat, choose the best answer: is 5 a factor of 13?"
us-ca-k5-knowledge-point-practice-v1-us-ca-math-p5-5-oa-expressions-patterns-q04,P5,Grade 5,us-ca-math-p5-5-oa-expressions-patterns,k-g5-textbook-lesson,5.OA,Expressions Patterns,High,High,fill-in,computed-expression,24,"Expressions Patterns checkpoint: In a quick check, show the reasoning in one step: evaluate 3 x (5 + 3)."
us-ca-k5-knowledge-point-practice-v1-us-ca-math-p5-5-oa-expressions-patterns-q05,P5,Grade 5,us-ca-math-p5-5-oa-expressions-patterns,k-g5-textbook-lesson,5.OA,Expressions Patterns,Low,Low,multiple-choice,computed-multiplication,24,"Expressions Patterns checkpoint: On a math notebook page, use a quick check strategy: 4 equal bags each hold 6 cubes. How many cubes are there in all?"
us-ca-k5-knowledge-point-practice-v1-us-ca-math-p5-5-oa-expressions-patterns-q06,P5,Grade 5,us-ca-math-p5-5-oa-expressions-patterns,k-g5-textbook-lesson,5.OA,Expressions Patterns,Medium,Medium,fill-in,computed-multiplication,35,"Expressions Patterns checkpoint: At a learning station, solve with a drawing or number sentence: 5 equal bags each hold 7 cards. How many cards are there in all?"
us-ca-k5-knowledge-point-practice-v1-us-ca-math-p5-5-oa-expressions-patterns-q07,P5,Grade 5,us-ca-math-p5-5-oa-expressions-patterns,k-g5-textbook-lesson,5.OA,Expressions Patterns,Medium,Medium,multiple-choice,computed-multiplication,18,"Expressions Patterns checkpoint: On a teacher card, look for the important numbers: 6 equal bags each hold 3 shells. How many shells are there in all?"
us-ca-k5-knowledge-point-practice-v1-us-ca-math-p5-5-oa-expressions-patterns-q08,P5,Grade 5,us-ca-math-p5-5-oa-expressions-patterns,k-g5-textbook-lesson,5.OA,Expressions Patterns,High,High,fill-in,computed-expression,14,"Expressions Patterns checkpoint: During independent practice, explain the matching idea: evaluate 2 x (4 + 3)."
us-ca-k5-knowledge-point-practice-v1-us-ca-math-p5-5-oa-expressions-patterns-q09,P5,Grade 5,us-ca-math-p5-5-oa-expressions-patterns,k-g5-textbook-lesson,5.OA,Expressions Patterns,Low,Low,multiple-choice,computed-factor-check,no,"Expressions Patterns checkpoint: On an exit ticket, try a second strategy to confirm: is 3 a factor of 19?"
us-ca-k5-knowledge-point-practice-v1-us-ca-math-p5-5-oa-expressions-patterns-q10,P5,Grade 5,us-ca-math-p5-5-oa-expressions-patterns,k-g5-textbook-lesson,5.OA,Expressions Patterns,Medium,Medium,fill-in,computed-multiplication,24,"Expressions Patterns checkpoint: In a review game, answer and check the unit or label: 4 equal bags each hold 6 stickers. How many stickers are there in all?"
us-ca-k5-knowledge-point-practice-v1-us-ca-math-p5-5-oa-expressions-patterns-q11,P5,Grade 5,us-ca-math-p5-5-oa-expressions-patterns,k-g5-textbook-lesson,5.OA,Expressions Patterns,Medium,Medium,multiple-choice,computed-multiplication,35,"Expressions Patterns checkpoint: On a strategy board, use the topic idea to decide: 5 equal bags each hold 7 blocks. How many blocks are there in all?"
us-ca-k5-knowledge-point-practice-v1-us-ca-math-p5-5-oa-expressions-patterns-q12,P5,Grade 5,us-ca-math-p5-5-oa-expressions-patterns,k-g5-textbook-lesson,5.OA,Expressions Patterns,High,High,fill-in,computed-expression,36,"Expressions Patterns checkpoint: During a small-group check, finish the challenge carefully: evaluate 6 x (3 + 3)."
us-ca-k5-knowledge-point-practice-v1-us-ca-math-p5-5-nbt-decimals-q01,P5,Grade 5,us-ca-math-p5-5-nbt-decimals,k-g5-textbook-lesson,5.NBT,Decimals,Low,Low,multiple-choice,computed-decimal-place-value,5.8,"Decimals checkpoint: On a warm-up card, count or model, then answer: which decimal is 5 ones and 8 hundredths?"
us-ca-k5-knowledge-point-practice-v1-us-ca-math-p5-5-nbt-decimals-q02,P5,Grade 5,us-ca-math-p5-5-nbt-decimals,k-g5-textbook-lesson,5.NBT,Decimals,Medium,Medium,fill-in,computed-place-value,684,"Decimals checkpoint: During partner practice, write the missing answer: what number has 6 hundreds, 8 tens, and 4 ones?"
us-ca-k5-knowledge-point-practice-v1-us-ca-math-p5-5-nbt-decimals-q03,P5,Grade 5,us-ca-math-p5-5-nbt-decimals,k-g5-textbook-lesson,5.NBT,Decimals,Medium,Medium,multiple-choice,computed-decimal-place-value,7.5,"Decimals checkpoint: On a classroom mat, choose the best answer: which decimal is 7 ones and 5 hundredths?"
us-ca-k5-knowledge-point-practice-v1-us-ca-math-p5-5-nbt-decimals-q04,P5,Grade 5,us-ca-math-p5-5-nbt-decimals,k-g5-textbook-lesson,5.NBT,Decimals,High,High,short-answer,computed-decimal-place-value,8.6,"Decimals checkpoint: In a quick check, show the reasoning in one step: which decimal is 8 ones and 6 hundredths?"
us-ca-k5-knowledge-point-practice-v1-us-ca-math-p5-5-nbt-decimals-q05,P5,Grade 5,us-ca-math-p5-5-nbt-decimals,k-g5-textbook-lesson,5.NBT,Decimals,Low,Low,multiple-choice,computed-decimal-place-value,2.7,"Decimals checkpoint: On a math notebook page, use a quick check strategy: which decimal is 2 ones and 7 hundredths?"
us-ca-k5-knowledge-point-practice-v1-us-ca-math-p5-5-nbt-decimals-q06,P5,Grade 5,us-ca-math-p5-5-nbt-decimals,k-g5-textbook-lesson,5.NBT,Decimals,Medium,Medium,fill-in,computed-decimal-place-value,3.8,"Decimals checkpoint: At a learning station, solve with a drawing or number sentence: which decimal is 3 ones and 8 hundredths?"
us-ca-k5-knowledge-point-practice-v1-us-ca-math-p5-5-nbt-decimals-q07,P5,Grade 5,us-ca-math-p5-5-nbt-decimals,k-g5-textbook-lesson,5.NBT,Decimals,Medium,Medium,multiple-choice,computed-decimal-place-value,4.9,"Decimals checkpoint: On a teacher card, look for the important numbers: which decimal is 4 ones and 9 hundredths?"
us-ca-k5-knowledge-point-practice-v1-us-ca-math-p5-5-nbt-decimals-q08,P5,Grade 5,us-ca-math-p5-5-nbt-decimals,k-g5-textbook-lesson,5.NBT,Decimals,High,High,short-answer,computed-decimal-place-value,5.5,"Decimals checkpoint: During independent practice, explain the matching idea: which decimal is 5 ones and 5 hundredths?"
us-ca-k5-knowledge-point-practice-v1-us-ca-math-p5-5-nbt-decimals-q09,P5,Grade 5,us-ca-math-p5-5-nbt-decimals,k-g5-textbook-lesson,5.NBT,Decimals,Low,Low,multiple-choice,computed-decimal-place-value,6.6,"Decimals checkpoint: On an exit ticket, try a second strategy to confirm: which decimal is 6 ones and 6 hundredths?"
us-ca-k5-knowledge-point-practice-v1-us-ca-math-p5-5-nbt-decimals-q10,P5,Grade 5,us-ca-math-p5-5-nbt-decimals,k-g5-textbook-lesson,5.NBT,Decimals,Medium,Medium,fill-in,computed-decimal-place-value,7.7,"Decimals checkpoint: In a review game, answer and check the unit or label: which decimal is 7 ones and 7 hundredths?"
us-ca-k5-knowledge-point-practice-v1-us-ca-math-p5-5-nbt-decimals-q11,P5,Grade 5,us-ca-math-p5-5-nbt-decimals,k-g5-textbook-lesson,5.NBT,Decimals,Medium,Medium,multiple-choice,computed-decimal-place-value,8.8,"Decimals checkpoint: On a strategy board, use the topic idea to decide: which decimal is 8 ones and 8 hundredths?"
us-ca-k5-knowledge-point-practice-v1-us-ca-math-p5-5-nbt-decimals-q12,P5,Grade 5,us-ca-math-p5-5-nbt-decimals,k-g5-textbook-lesson,5.NBT,Decimals,High,High,short-answer,computed-decimal-place-value,2.9,"Decimals checkpoint: During a small-group check, finish the challenge carefully: which decimal is 2 ones and 9 hundredths?"
us-ca-k5-knowledge-point-practice-v1-us-ca-math-p5-5-nf-operations-q01,P5,Grade 5,us-ca-math-p5-5-nf-operations,k-g5-textbook-lesson,5.NF,Operations,Low,Low,fill-in,computed-fraction-addition,3/12,"Operations checkpoint: On a warm-up card, count or model, then answer: add 1/12 + 2/12."
us-ca-k5-knowledge-point-practice-v1-us-ca-math-p5-5-nf-operations-q02,P5,Grade 5,us-ca-math-p5-5-nf-operations,k-g5-textbook-lesson,5.NF,Operations,Medium,Medium,short-answer,computed-fraction-addition,5/6,"Operations checkpoint: During partner practice, write the missing answer: add 2/6 + 3/6."
us-ca-k5-knowledge-point-practice-v1-us-ca-math-p5-5-nf-operations-q03,P5,Grade 5,us-ca-math-p5-5-nf-operations,k-g5-textbook-lesson,5.NF,Operations,Medium,Medium,multiple-choice,computed-fraction-model,2/8,"Operations checkpoint: On a classroom mat, choose the best answer: a rectangle is split into 8 equal parts. 2 parts are shaded. What fraction is shaded?"
us-ca-k5-knowledge-point-practice-v1-us-ca-math-p5-5-nf-operations-q04,P5,Grade 5,us-ca-math-p5-5-nf-operations,k-g5-textbook-lesson,5.NF,Operations,High,High,short-answer,computed-fraction-addition,3/10,"Operations checkpoint: In a quick check, show the reasoning in one step: add 1/10 + 2/10."
us-ca-k5-knowledge-point-practice-v1-us-ca-math-p5-5-nf-operations-q05,P5,Grade 5,us-ca-math-p5-5-nf-operations,k-g5-textbook-lesson,5.NF,Operations,Low,Low,multiple-choice,computed-fraction-model,4/5,"Operations checkpoint: On a math notebook page, use a quick check strategy: a rectangle is split into 5 equal parts. 4 parts are shaded. What fraction is shaded?"
us-ca-k5-knowledge-point-practice-v1-us-ca-math-p5-5-nf-operations-q06,P5,Grade 5,us-ca-math-p5-5-nf-operations,k-g5-textbook-lesson,5.NF,Operations,Medium,Medium,fill-in,computed-fraction-model,3/6,"Operations checkpoint: At a learning station, solve with a drawing or number sentence: a rectangle is split into 6 equal parts. 3 parts are shaded. What fraction is shaded?"
us-ca-k5-knowledge-point-practice-v1-us-ca-math-p5-5-nf-operations-q07,P5,Grade 5,us-ca-math-p5-5-nf-operations,k-g5-textbook-lesson,5.NF,Operations,Medium,Medium,multiple-choice,computed-fraction-model,4/7,"Operations checkpoint: On a teacher card, look for the important numbers: a rectangle is split into 7 equal parts. 4 parts are shaded. What fraction is shaded?"
us-ca-k5-knowledge-point-practice-v1-us-ca-math-p5-5-nf-operations-q08,P5,Grade 5,us-ca-math-p5-5-nf-operations,k-g5-textbook-lesson,5.NF,Operations,High,High,short-answer,computed-fraction-addition,5/10,"Operations checkpoint: During independent practice, explain the matching idea: add 2/10 + 3/10."
us-ca-k5-knowledge-point-practice-v1-us-ca-math-p5-5-nf-operations-q09,P5,Grade 5,us-ca-math-p5-5-nf-operations,k-g5-textbook-lesson,5.NF,Operations,Low,Low,fill-in,computed-fraction-addition,4/12,"Operations checkpoint: On an exit ticket, try a second strategy to confirm: add 3/12 + 1/12."
us-ca-k5-knowledge-point-practice-v1-us-ca-math-p5-5-nf-operations-q10,P5,Grade 5,us-ca-math-p5-5-nf-operations,k-g5-textbook-lesson,5.NF,Operations,Medium,Medium,fill-in,computed-fraction-model,1/5,"Operations checkpoint: In a review game, answer and check the unit or label: a rectangle is split into 5 equal parts. 1 part are shaded. What fraction is shaded?"
us-ca-k5-knowledge-point-practice-v1-us-ca-math-p5-5-nf-operations-q11,P5,Grade 5,us-ca-math-p5-5-nf-operations,k-g5-textbook-lesson,5.NF,Operations,Medium,Medium,multiple-choice,computed-fraction-model,3/6,"Operations checkpoint: On a strategy board, use the topic idea to decide: a rectangle is split into 6 equal parts. 3 parts are shaded. What fraction is shaded?"
us-ca-k5-knowledge-point-practice-v1-us-ca-math-p5-5-nf-operations-q12,P5,Grade 5,us-ca-math-p5-5-nf-operations,k-g5-textbook-lesson,5.NF,Operations,High,High,short-answer,computed-fraction-addition,4/10,"Operations checkpoint: During a small-group check, finish the challenge carefully: add 3/10 + 1/10."
us-ca-k5-knowledge-point-practice-v1-us-ca-math-p5-5-md-volume-data-q01,P5,Grade 5,us-ca-math-p5-5-md-volume-data,k-g5-textbook-lesson,5.MD,Volume Data,Low,Low,fill-in,computed-volume,18 cubic units,"Volume Data checkpoint: On a warm-up card, count or model, then answer: a rectangular prism is 2 units by 3 units by 3 units. What is its volume?"
us-ca-k5-knowledge-point-practice-v1-us-ca-math-p5-5-md-volume-data-q02,P5,Grade 5,us-ca-math-p5-5-md-volume-data,k-g5-textbook-lesson,5.MD,Volume Data,Medium,Medium,short-answer,computed-volume,48 cubic units,"Volume Data checkpoint: During partner practice, write the missing answer: a rectangular prism is 3 units by 4 units by 4 units. What is its volume?"
us-ca-k5-knowledge-point-practice-v1-us-ca-math-p5-5-md-volume-data-q03,P5,Grade 5,us-ca-math-p5-5-md-volume-data,k-g5-textbook-lesson,5.MD,Volume Data,Medium,Medium,short-answer,computed-measurement-addition,11 cm,"Volume Data checkpoint: On a classroom mat, choose the best answer: a ribbon is 7 cm long. Another ribbon is 4 cm long. What is the total length?"
us-ca-k5-knowledge-point-practice-v1-us-ca-math-p5-5-md-volume-data-q04,P5,Grade 5,us-ca-math-p5-5-md-volume-data,k-g5-textbook-lesson,5.MD,Volume Data,High,High,short-answer,computed-volume,45 cubic units,"Volume Data checkpoint: In a quick check, show the reasoning in one step: a rectangular prism is 5 units by 3 units by 3 units. What is its volume?"
us-ca-k5-knowledge-point-practice-v1-us-ca-math-p5-5-md-volume-data-q05,P5,Grade 5,us-ca-math-p5-5-md-volume-data,k-g5-textbook-lesson,5.MD,Volume Data,Low,Low,fill-in,computed-measurement-addition,15 cm,"Volume Data checkpoint: On a math notebook page, use a quick check strategy: a ribbon is 9 cm long. Another ribbon is 6 cm long. What is the total length?"
us-ca-k5-knowledge-point-practice-v1-us-ca-math-p5-5-md-volume-data-q06,P5,Grade 5,us-ca-math-p5-5-md-volume-data,k-g5-textbook-lesson,5.MD,Volume Data,Medium,Medium,short-answer,computed-measurement-addition,17 cm,"Volume Data checkpoint: At a learning station, solve with a drawing or number sentence: a ribbon is 10 cm long. Another ribbon is 7 cm long. What is the total length?"
us-ca-k5-knowledge-point-practice-v1-us-ca-math-p5-5-md-volume-data-q07,P5,Grade 5,us-ca-math-p5-5-md-volume-data,k-g5-textbook-lesson,5.MD,Volume Data,Medium,Medium,short-answer,computed-data-comparison,2 more apples,"Volume Data checkpoint: On a teacher card, look for the important numbers: a picture graph shows 7 apples and 5 oranges. Which fruit has more, and by how many?"
us-ca-k5-knowledge-point-practice-v1-us-ca-math-p5-5-md-volume-data-q08,P5,Grade 5,us-ca-math-p5-5-md-volume-data,k-g5-textbook-lesson,5.MD,Volume Data,High,High,short-answer,computed-volume,80 cubic units,"Volume Data checkpoint: During independent practice, explain the matching idea: a rectangular prism is 5 units by 4 units by 4 units. What is its volume?"
us-ca-k5-knowledge-point-practice-v1-us-ca-math-p5-5-md-volume-data-q09,P5,Grade 5,us-ca-math-p5-5-md-volume-data,k-g5-textbook-lesson,5.MD,Volume Data,Low,Low,fill-in,computed-volume,20 cubic units,"Volume Data checkpoint: On an exit ticket, try a second strategy to confirm: a rectangular prism is 2 units by 5 units by 2 units. What is its volume?"
us-ca-k5-knowledge-point-practice-v1-us-ca-math-p5-5-md-volume-data-q10,P5,Grade 5,us-ca-math-p5-5-md-volume-data,k-g5-textbook-lesson,5.MD,Volume Data,Medium,Medium,short-answer,computed-measurement-addition,11 cm,"Volume Data checkpoint: In a review game, answer and check the unit or label: a ribbon is 6 cm long. Another ribbon is 5 cm long. What is the total length?"
us-ca-k5-knowledge-point-practice-v1-us-ca-math-p5-5-md-volume-data-q11,P5,Grade 5,us-ca-math-p5-5-md-volume-data,k-g5-textbook-lesson,5.MD,Volume Data,Medium,Medium,short-answer,computed-data-comparison,2 more oranges,"Volume Data checkpoint: On a strategy board, use the topic idea to decide: a picture graph shows 7 apples and 9 oranges. Which fruit has more, and by how many?"
us-ca-k5-knowledge-point-practice-v1-us-ca-math-p5-5-md-volume-data-q12,P5,Grade 5,us-ca-math-p5-5-md-volume-data,k-g5-textbook-lesson,5.MD,Volume Data,High,High,short-answer,computed-volume,50 cubic units,"Volume Data checkpoint: During a small-group check, finish the challenge carefully: a rectangular prism is 5 units by 5 units by 2 units. What is its volume?"
us-ca-k5-knowledge-point-practice-v1-us-ca-math-p5-5-g-coordinate-shapes-q01,P5,Grade 5,us-ca-math-p5-5-g-coordinate-shapes,k-g5-textbook-lesson,5.G,Coordinate Shapes,Low,Low,fill-in,computed-coordinate,"(9, 6)","Coordinate Shapes checkpoint: On a warm-up card, count or model, then answer: a point moves 9 units right from the origin and 6 units up. What ordered pair names the point?"
us-ca-k5-knowledge-point-practice-v1-us-ca-math-p5-5-g-coordinate-shapes-q02,P5,Grade 5,us-ca-math-p5-5-g-coordinate-shapes,k-g5-textbook-lesson,5.G,Coordinate Shapes,Medium,Medium,fill-in,computed-coordinate,"(2, 9)","Coordinate Shapes checkpoint: During partner practice, write the missing answer: a point moves 2 units right from the origin and 9 units up. What ordered pair names the point?"
us-ca-k5-knowledge-point-practice-v1-us-ca-math-p5-5-g-coordinate-shapes-q03,P5,Grade 5,us-ca-math-p5-5-g-coordinate-shapes,k-g5-textbook-lesson,5.G,Coordinate Shapes,Medium,Medium,multiple-choice,computed-shape-identification,circle,"Coordinate Shapes checkpoint: On a classroom mat, choose the best answer: on a model tray, which shape name matches an object with the label ""circle""?"
us-ca-k5-knowledge-point-practice-v1-us-ca-math-p5-5-g-coordinate-shapes-q04,P5,Grade 5,us-ca-math-p5-5-g-coordinate-shapes,k-g5-textbook-lesson,5.G,Coordinate Shapes,High,High,fill-in,computed-coordinate,"(6, 6)","Coordinate Shapes checkpoint: In a quick check, show the reasoning in one step: a point moves 6 units right from the origin and 6 units up. What ordered pair names the point?"
us-ca-k5-knowledge-point-practice-v1-us-ca-math-p5-5-g-coordinate-shapes-q05,P5,Grade 5,us-ca-math-p5-5-g-coordinate-shapes,k-g5-textbook-lesson,5.G,Coordinate Shapes,Low,Low,fill-in,computed-coordinate,"(8, 9)","Coordinate Shapes checkpoint: On a math notebook page, use a quick check strategy: a point moves 8 units right from the origin and 9 units up. What ordered pair names the point?"
us-ca-k5-knowledge-point-practice-v1-us-ca-math-p5-5-g-coordinate-shapes-q06,P5,Grade 5,us-ca-math-p5-5-g-coordinate-shapes,k-g5-textbook-lesson,5.G,Coordinate Shapes,Medium,Medium,fill-in,computed-coordinate,"(1, 3)","Coordinate Shapes checkpoint: At a learning station, solve with a drawing or number sentence: a point moves 1 units right from the origin and 3 units up. What ordered pair names the point?"
us-ca-k5-knowledge-point-practice-v1-us-ca-math-p5-5-g-coordinate-shapes-q07,P5,Grade 5,us-ca-math-p5-5-g-coordinate-shapes,k-g5-textbook-lesson,5.G,Coordinate Shapes,Medium,Medium,fill-in,computed-coordinate,"(3, 6)","Coordinate Shapes checkpoint: On a teacher card, look for the important numbers: a point moves 3 units right from the origin and 6 units up. What ordered pair names the point?"
us-ca-k5-knowledge-point-practice-v1-us-ca-math-p5-5-g-coordinate-shapes-q08,P5,Grade 5,us-ca-math-p5-5-g-coordinate-shapes,k-g5-textbook-lesson,5.G,Coordinate Shapes,High,High,fill-in,computed-coordinate,"(5, 9)","Coordinate Shapes checkpoint: During independent practice, explain the matching idea: a point moves 5 units right from the origin and 9 units up. What ordered pair names the point?"
us-ca-k5-knowledge-point-practice-v1-us-ca-math-p5-5-g-coordinate-shapes-q09,P5,Grade 5,us-ca-math-p5-5-g-coordinate-shapes,k-g5-textbook-lesson,5.G,Coordinate Shapes,Low,Low,fill-in,computed-coordinate,"(7, 3)","Coordinate Shapes checkpoint: On an exit ticket, try a second strategy to confirm: a point moves 7 units right from the origin and 3 units up. What ordered pair names the point?"
us-ca-k5-knowledge-point-practice-v1-us-ca-math-p5-5-g-coordinate-shapes-q10,P5,Grade 5,us-ca-math-p5-5-g-coordinate-shapes,k-g5-textbook-lesson,5.G,Coordinate Shapes,Medium,Medium,fill-in,computed-coordinate,"(9, 6)","Coordinate Shapes checkpoint: In a review game, answer and check the unit or label: a point moves 9 units right from the origin and 6 units up. What ordered pair names the point?"
us-ca-k5-knowledge-point-practice-v1-us-ca-math-p5-5-g-coordinate-shapes-q11,P5,Grade 5,us-ca-math-p5-5-g-coordinate-shapes,k-g5-textbook-lesson,5.G,Coordinate Shapes,Medium,Medium,fill-in,computed-coordinate,"(2, 9)","Coordinate Shapes checkpoint: On a strategy board, use the topic idea to decide: a point moves 2 units right from the origin and 9 units up. What ordered pair names the point?"
us-ca-k5-knowledge-point-practice-v1-us-ca-math-p5-5-g-coordinate-shapes-q12,P5,Grade 5,us-ca-math-p5-5-g-coordinate-shapes,k-g5-textbook-lesson,5.G,Coordinate Shapes,High,High,fill-in,computed-coordinate,"(4, 3)","Coordinate Shapes checkpoint: During a small-group check, finish the challenge carefully: a point moves 4 units right from the origin and 3 units up. What ordered pair names the point?"
us-ca-k5-knowledge-point-practice-v1-us-ca-math-p1-1-h1-picture-join-stories-to-10-q01,P1,Grade 1,us-ca-math-p1-1-h1-picture-join-stories-to-10,grade1-micro-lesson,1.OA,Addition stories within 10,Low,Low,multiple-choice,computed-addition,6,"1-H.1 Picture Join Stories to Ten checkpoint: On a warm-up card, count or model, then answer: a tray has 5 red stickers and 1 blue sticker. How many stickers are on the tray?"
us-ca-k5-knowledge-point-practice-v1-us-ca-math-p1-1-h1-picture-join-stories-to-10-q02,P1,Grade 1,us-ca-math-p1-1-h1-picture-join-stories-to-10,grade1-micro-lesson,1.OA,Addition stories within 10,Medium,Medium,fill-in,computed-addition,9,"1-H.1 Picture Join Stories to Ten checkpoint: During partner practice, write the missing answer: a tray has 6 red blocks and 3 blue blocks. How many blocks are on the tray?"
us-ca-k5-knowledge-point-practice-v1-us-ca-math-p1-1-h1-picture-join-stories-to-10-q03,P1,Grade 1,us-ca-math-p1-1-h1-picture-join-stories-to-10,grade1-micro-lesson,1.OA,Addition stories within 10,Medium,Medium,short-answer,computed-addition,7,"1-H.1 Picture Join Stories to Ten checkpoint: On a classroom mat, choose the best answer: a tray has 2 red buttons and 5 blue buttons. How many buttons are on the tray?"
us-ca-k5-knowledge-point-practice-v1-us-ca-math-p1-1-h1-picture-join-stories-to-10-q04,P1,Grade 1,us-ca-math-p1-1-h1-picture-join-stories-to-10,grade1-micro-lesson,1.OA,Addition stories within 10,High,High,multiple-choice,computed-addition-equation-match,3 + 3 = 6,"1-H.1 Picture Join Stories to Ten checkpoint: In a quick check, show the reasoning in one step: which equation matches this join story: 3 small cubes and 3 large cubes are put together?"
us-ca-k5-knowledge-point-practice-v1-us-ca-math-p1-1-h1-picture-join-stories-to-10-q05,P1,Grade 1,us-ca-math-p1-1-h1-picture-join-stories-to-10,grade1-micro-lesson,1.OA,Addition stories within 10,Low,Low,multiple-choice,computed-addition,9,"1-H.1 Picture Join Stories to Ten checkpoint: On a math notebook page, use a quick check strategy: a tray has 4 red cards and 5 blue cards. How many cards are on the tray?"
us-ca-k5-knowledge-point-practice-v1-us-ca-math-p1-1-h1-picture-join-stories-to-10-q06,P1,Grade 1,us-ca-math-p1-1-h1-picture-join-stories-to-10,grade1-micro-lesson,1.OA,Addition stories within 10,Medium,Medium,fill-in,computed-addition,8,"1-H.1 Picture Join Stories to Ten checkpoint: At a learning station, solve with a drawing or number sentence: a tray has 5 red shells and 3 blue shells. How many shells are on the tray?"
us-ca-k5-knowledge-point-practice-v1-us-ca-math-p1-1-h1-picture-join-stories-to-10-q07,P1,Grade 1,us-ca-math-p1-1-h1-picture-join-stories-to-10,grade1-micro-lesson,1.OA,Addition stories within 10,Medium,Medium,short-answer,computed-addition,7,"1-H.1 Picture Join Stories to Ten checkpoint: On a teacher card, look for the important numbers: a tray has 6 red counters and 1 blue counter. How many counters are on the tray?"
us-ca-k5-knowledge-point-practice-v1-us-ca-math-p1-1-h1-picture-join-stories-to-10-q08,P1,Grade 1,us-ca-math-p1-1-h1-picture-join-stories-to-10,grade1-micro-lesson,1.OA,Addition stories within 10,High,High,multiple-choice,computed-addition-equation-match,3 + 3 = 6,"1-H.1 Picture Join Stories to Ten checkpoint: During independent practice, explain the matching idea: which equation matches this join story: 3 small cubes and 3 large cubes are put together?"
us-ca-k5-knowledge-point-practice-v1-us-ca-math-p1-1-h1-picture-join-stories-to-10-q09,P1,Grade 1,us-ca-math-p1-1-h1-picture-join-stories-to-10,grade1-micro-lesson,1.OA,Addition stories within 10,Low,Low,multiple-choice,computed-addition,8,"1-H.1 Picture Join Stories to Ten checkpoint: On an exit ticket, try a second strategy to confirm: a tray has 3 red stickers and 5 blue stickers. How many stickers are on the tray?"
us-ca-k5-knowledge-point-practice-v1-us-ca-math-p1-1-h1-picture-join-stories-to-10-q10,P1,Grade 1,us-ca-math-p1-1-h1-picture-join-stories-to-10,grade1-micro-lesson,1.OA,Addition stories within 10,Medium,Medium,fill-in,computed-addition,9,"1-H.1 Picture Join Stories to Ten checkpoint: In a review game, answer and check the unit or label: a tray has 4 red blocks and 5 blue blocks. How many blocks are on the tray?"
us-ca-k5-knowledge-point-practice-v1-us-ca-math-p1-1-h1-picture-join-stories-to-10-q11,P1,Grade 1,us-ca-math-p1-1-h1-picture-join-stories-to-10,grade1-micro-lesson,1.OA,Addition stories within 10,Medium,Medium,short-answer,computed-addition,6,"1-H.1 Picture Join Stories to Ten checkpoint: On a strategy board, use the topic idea to decide: a tray has 5 red buttons and 1 blue button. How many buttons are on the tray?"
us-ca-k5-knowledge-point-practice-v1-us-ca-math-p1-1-h1-picture-join-stories-to-10-q12,P1,Grade 1,us-ca-math-p1-1-h1-picture-join-stories-to-10,grade1-micro-lesson,1.OA,Addition stories within 10,High,High,multiple-choice,computed-addition-equation-match,3 + 3 = 6,"1-H.1 Picture Join Stories to Ten checkpoint: During a small-group check, finish the challenge carefully: which equation matches this join story: 3 small cubes and 3 large cubes are put together?"
us-ca-k5-knowledge-point-practice-v1-us-ca-math-p1-1-h2-picture-story-addition-equations-q01,P1,Grade 1,us-ca-math-p1-1-h2-picture-story-addition-equations,grade1-micro-lesson,1.OA,Addition stories within 10,Low,Low,multiple-choice,computed-addition,7,"1-H.2 Picture Story Addition Equations checkpoint: On a warm-up card, count or model, then answer: a tray has 2 red blocks and 5 blue blocks. How many blocks are on the tray?"
us-ca-k5-knowledge-point-practice-v1-us-ca-math-p1-1-h2-picture-story-addition-equations-q02,P1,Grade 1,us-ca-math-p1-1-h2-picture-story-addition-equations,grade1-micro-lesson,1.OA,Addition stories within 10,Medium,Medium,fill-in,computed-addition,4,"1-H.2 Picture Story Addition Equations checkpoint: During partner practice, write the missing answer: a tray has 3 red buttons and 1 blue button. How many buttons are on the tray?"
us-ca-k5-knowledge-point-practice-v1-us-ca-math-p1-1-h2-picture-story-addition-equations-q03,P1,Grade 1,us-ca-math-p1-1-h2-picture-story-addition-equations,grade1-micro-lesson,1.OA,Addition stories within 10,Medium,Medium,short-answer,computed-addition,9,"1-H.2 Picture Story Addition Equations checkpoint: On a classroom mat, choose the best answer: a tray has 4 red cubes and 5 blue cubes. How many cubes are on the tray?"
us-ca-k5-knowledge-point-practice-v1-us-ca-math-p1-1-h2-picture-story-addition-equations-q04,P1,Grade 1,us-ca-math-p1-1-h2-picture-story-addition-equations,grade1-micro-lesson,1.OA,Addition stories within 10,High,High,multiple-choice,computed-addition-equation-match,4 + 4 = 8,"1-H.2 Picture Story Addition Equations checkpoint: In a quick check, show the reasoning in one step: which equation matches this join story: 4 small cubes and 4 large cubes are put together?"
us-ca-k5-knowledge-point-practice-v1-us-ca-math-p1-1-h2-picture-story-addition-equations-q05,P1,Grade 1,us-ca-math-p1-1-h2-picture-story-addition-equations,grade1-micro-lesson,1.OA,Addition stories within 10,Low,Low,multiple-choice,computed-addition,7,"1-H.2 Picture Story Addition Equations checkpoint: On a math notebook page, use a quick check strategy: a tray has 6 red shells and 1 blue shell. How many shells are on the tray?"
us-ca-k5-knowledge-point-practice-v1-us-ca-math-p1-1-h2-picture-story-addition-equations-q06,P1,Grade 1,us-ca-math-p1-1-h2-picture-story-addition-equations,grade1-micro-lesson,1.OA,Addition stories within 10,Medium,Medium,fill-in,computed-addition,5,"1-H.2 Picture Story Addition Equations checkpoint: At a learning station, solve with a drawing or number sentence: a tray has 2 red counters and 3 blue counters. How many counters are on the tray?"
us-ca-k5-knowledge-point-practice-v1-us-ca-math-p1-1-h2-picture-story-addition-equations-q07,P1,Grade 1,us-ca-math-p1-1-h2-picture-story-addition-equations,grade1-micro-lesson,1.OA,Addition stories within 10,Medium,Medium,short-answer,computed-addition,8,"1-H.2 Picture Story Addition Equations checkpoint: On a teacher card, look for the important numbers: a tray has 3 red tiles and 5 blue tiles. How many tiles are on the tray?"
us-ca-k5-knowledge-point-practice-v1-us-ca-math-p1-1-h2-picture-story-addition-equations-q08,P1,Grade 1,us-ca-math-p1-1-h2-picture-story-addition-equations,grade1-micro-lesson,1.OA,Addition stories within 10,High,High,multiple-choice,computed-addition-equation-match,4 + 4 = 8,"1-H.2 Picture Story Addition Equations checkpoint: During independent practice, explain the matching idea: which equation matches this join story: 4 small cubes and 4 large cubes are put together?"
us-ca-k5-knowledge-point-practice-v1-us-ca-math-p1-1-h2-picture-story-addition-equations-q09,P1,Grade 1,us-ca-math-p1-1-h2-picture-story-addition-equations,grade1-micro-lesson,1.OA,Addition stories within 10,Low,Low,multiple-choice,computed-addition,8,"1-H.2 Picture Story Addition Equations checkpoint: On an exit ticket, try a second strategy to confirm: a tray has 5 red blocks and 3 blue blocks. How many blocks are on the tray?"
us-ca-k5-knowledge-point-practice-v1-us-ca-math-p1-1-h2-picture-story-addition-equations-q10,P1,Grade 1,us-ca-math-p1-1-h2-picture-story-addition-equations,grade1-micro-lesson,1.OA,Addition stories within 10,Medium,Medium,fill-in,computed-addition,8,"1-H.2 Picture Story Addition Equations checkpoint: In a review game, answer and check the unit or label: a tray has 6 red buttons and 2 blue buttons. How many buttons are on the tray?"
us-ca-k5-knowledge-point-practice-v1-us-ca-math-p1-1-h2-picture-story-addition-equations-q11,P1,Grade 1,us-ca-math-p1-1-h2-picture-story-addition-equations,grade1-micro-lesson,1.OA,Addition stories within 10,Medium,Medium,short-answer,computed-addition,3,"1-H.2 Picture Story Addition Equations checkpoint: On a strategy board, use the topic idea to decide: a tray has 2 red cubes and 1 blue cube. How many cubes are on the tray?"
us-ca-k5-knowledge-point-practice-v1-us-ca-math-p1-1-h2-picture-story-addition-equations-q12,P1,Grade 1,us-ca-math-p1-1-h2-picture-story-addition-equations,grade1-micro-lesson,1.OA,Addition stories within 10,High,High,multiple-choice,computed-addition-equation-match,4 + 4 = 8,"1-H.2 Picture Story Addition Equations checkpoint: During a small-group check, finish the challenge carefully: which equation matches this join story: 4 small cubes and 4 large cubes are put together?"
us-ca-k5-knowledge-point-practice-v1-us-ca-math-p1-1-h3-cube-train-join-models-to-10-q01,P1,Grade 1,us-ca-math-p1-1-h3-cube-train-join-models-to-10,grade1-micro-lesson,1.OA,Addition stories within 10,Low,Low,multiple-choice,computed-addition,9,"1-H.3 Cube-Train Join Models to Ten checkpoint: On a warm-up card, count or model, then answer: a tray has 4 red buttons and 5 blue buttons. How many buttons are on the tray?"
us-ca-k5-knowledge-point-practice-v1-us-ca-math-p1-1-h3-cube-train-join-models-to-10-q02,P1,Grade 1,us-ca-math-p1-1-h3-cube-train-join-models-to-10,grade1-micro-lesson,1.OA,Addition stories within 10,Medium,Medium,fill-in,computed-addition,8,"1-H.3 Cube-Train Join Models to Ten checkpoint: During partner practice, write the missing answer: a tray has 5 red cubes and 3 blue cubes. How many cubes are on the tray?"
us-ca-k5-knowledge-point-practice-v1-us-ca-math-p1-1-h3-cube-train-join-models-to-10-q03,P1,Grade 1,us-ca-math-p1-1-h3-cube-train-join-models-to-10,grade1-micro-lesson,1.OA,Addition stories within 10,Medium,Medium,short-answer,computed-addition,7,"1-H.3 Cube-Train Join Models to Ten checkpoint: On a classroom mat, choose the best answer: a tray has 6 red cards and 1 blue card. How many cards are on the tray?"
us-ca-k5-knowledge-point-practice-v1-us-ca-math-p1-1-h3-cube-train-join-models-to-10-q04,P1,Grade 1,us-ca-math-p1-1-h3-cube-train-join-models-to-10,grade1-micro-lesson,1.OA,Addition stories within 10,High,High,multiple-choice,computed-addition-equation-match,5 + 1 = 6,"1-H.3 Cube-Train Join Models to Ten checkpoint: In a quick check, show the reasoning in one step: which equation matches this join story: 5 small cubes and 1 large cube are put together?"
us-ca-k5-knowledge-point-practice-v1-us-ca-math-p1-1-h3-cube-train-join-models-to-10-q05,P1,Grade 1,us-ca-math-p1-1-h3-cube-train-join-models-to-10,grade1-micro-lesson,1.OA,Addition stories within 10,Low,Low,multiple-choice,computed-addition,8,"1-H.3 Cube-Train Join Models to Ten checkpoint: On a math notebook page, use a quick check strategy: a tray has 3 red counters and 5 blue counters. How many counters are on the tray?"
us-ca-k5-knowledge-point-practice-v1-us-ca-math-p1-1-h3-cube-train-join-models-to-10-q06,P1,Grade 1,us-ca-math-p1-1-h3-cube-train-join-models-to-10,grade1-micro-lesson,1.OA,Addition stories within 10,Medium,Medium,fill-in,computed-addition,9,"1-H.3 Cube-Train Join Models to Ten checkpoint: At a learning station, solve with a drawing or number sentence: a tray has 4 red tiles and 5 blue tiles. How many tiles are on the tray?"
us-ca-k5-knowledge-point-practice-v1-us-ca-math-p1-1-h3-cube-train-join-models-to-10-q07,P1,Grade 1,us-ca-math-p1-1-h3-cube-train-join-models-to-10,grade1-micro-lesson,1.OA,Addition stories within 10,Medium,Medium,short-answer,computed-addition,6,"1-H.3 Cube-Train Join Models to Ten checkpoint: On a teacher card, look for the important numbers: a tray has 5 red stickers and 1 blue sticker. How many stickers are on the tray?"
us-ca-k5-knowledge-point-practice-v1-us-ca-math-p1-1-h3-cube-train-join-models-to-10-q08,P1,Grade 1,us-ca-math-p1-1-h3-cube-train-join-models-to-10,grade1-micro-lesson,1.OA,Addition stories within 10,High,High,multiple-choice,computed-addition-equation-match,5 + 1 = 6,"1-H.3 Cube-Train Join Models to Ten checkpoint: During independent practice, explain the matching idea: which equation matches this join story: 5 small cubes and 1 large cube are put together?"
us-ca-k5-knowledge-point-practice-v1-us-ca-math-p1-1-h3-cube-train-join-models-to-10-q09,P1,Grade 1,us-ca-math-p1-1-h3-cube-train-join-models-to-10,grade1-micro-lesson,1.OA,Addition stories within 10,Low,Low,multiple-choice,computed-addition,3,"1-H.3 Cube-Train Join Models to Ten checkpoint: On an exit ticket, try a second strategy to confirm: a tray has 2 red buttons and 1 blue button. How many buttons are on the tray?"
us-ca-k5-knowledge-point-practice-v1-us-ca-math-p1-1-h3-cube-train-join-models-to-10-q10,P1,Grade 1,us-ca-math-p1-1-h3-cube-train-join-models-to-10,grade1-micro-lesson,1.OA,Addition stories within 10,Medium,Medium,fill-in,computed-addition,6,"1-H.3 Cube-Train Join Models to Ten checkpoint: In a review game, answer and check the unit or label: a tray has 3 red cubes and 3 blue cubes. How many cubes are on the tray?"
us-ca-k5-knowledge-point-practice-v1-us-ca-math-p1-1-h3-cube-train-join-models-to-10-q11,P1,Grade 1,us-ca-math-p1-1-h3-cube-train-join-models-to-10,grade1-micro-lesson,1.OA,Addition stories within 10,Medium,Medium,short-answer,computed-addition,9,"1-H.3 Cube-Train Join Models to Ten checkpoint: On a strategy board, use the topic idea to decide: a tray has 4 red cards and 5 blue cards. How many cards are on the tray?"
us-ca-k5-knowledge-point-practice-v1-us-ca-math-p1-1-h3-cube-train-join-models-to-10-q12,P1,Grade 1,us-ca-math-p1-1-h3-cube-train-join-models-to-10,grade1-micro-lesson,1.OA,Addition stories within 10,High,High,multiple-choice,computed-addition-equation-match,5 + 1 = 6,"1-H.3 Cube-Train Join Models to Ten checkpoint: During a small-group check, finish the challenge carefully: which equation matches this join story: 5 small cubes and 1 large cube are put together?"
us-ca-k5-knowledge-point-practice-v1-us-ca-math-p1-1-h4-join-stories-within-10-q01,P1,Grade 1,us-ca-math-p1-1-h4-join-stories-within-10,grade1-micro-lesson,1.OA,Addition stories within 10,Low,Low,multiple-choice,computed-addition,7,"1-H.4 Join Stories Within Ten checkpoint: On a warm-up card, count or model, then answer: a tray has 6 red cubes and 1 blue cube. How many cubes are on the tray?"
us-ca-k5-knowledge-point-practice-v1-us-ca-math-p1-1-h4-join-stories-within-10-q02,P1,Grade 1,us-ca-math-p1-1-h4-join-stories-within-10,grade1-micro-lesson,1.OA,Addition stories within 10,Medium,Medium,fill-in,computed-addition,5,"1-H.4 Join Stories Within Ten checkpoint: During partner practice, write the missing answer: a tray has 2 red cards and 3 blue cards. How many cards are on the tray?"
us-ca-k5-knowledge-point-practice-v1-us-ca-math-p1-1-h4-join-stories-within-10-q03,P1,Grade 1,us-ca-math-p1-1-h4-join-stories-within-10,grade1-micro-lesson,1.OA,Addition stories within 10,Medium,Medium,short-answer,computed-addition,8,"1-H.4 Join Stories Within Ten checkpoint: On a classroom mat, choose the best answer: a tray has 3 red shells and 5 blue shells. How many shells are on the tray?"
us-ca-k5-knowledge-point-practice-v1-us-ca-math-p1-1-h4-join-stories-within-10-q04,P1,Grade 1,us-ca-math-p1-1-h4-join-stories-within-10,grade1-micro-lesson,1.OA,Addition stories within 10,High,High,multiple-choice,computed-addition-equation-match,2 + 2 = 4,"1-H.4 Join Stories Within Ten checkpoint: In a quick check, show the reasoning in one step: which equation matches this join story: 2 small cubes and 2 large cubes are put together?"
us-ca-k5-knowledge-point-practice-v1-us-ca-math-p1-1-h4-join-stories-within-10-q05,P1,Grade 1,us-ca-math-p1-1-h4-join-stories-within-10,grade1-micro-lesson,1.OA,Addition stories within 10,Low,Low,multiple-choice,computed-addition,8,"1-H.4 Join Stories Within Ten checkpoint: On a math notebook page, use a quick check strategy: a tray has 5 red tiles and 3 blue tiles. How many tiles are on the tray?"
us-ca-k5-knowledge-point-practice-v1-us-ca-math-p1-1-h4-join-stories-within-10-q06,P1,Grade 1,us-ca-math-p1-1-h4-join-stories-within-10,grade1-micro-lesson,1.OA,Addition stories within 10,Medium,Medium,fill-in,computed-addition,8,"1-H.4 Join Stories Within Ten checkpoint: At a learning station, solve with a drawing or number sentence: a tray has 6 red stickers and 2 blue stickers. How many stickers are on the tray?"
us-ca-k5-knowledge-point-practice-v1-us-ca-math-p1-1-h4-join-stories-within-10-q07,P1,Grade 1,us-ca-math-p1-1-h4-join-stories-within-10,grade1-micro-lesson,1.OA,Addition stories within 10,Medium,Medium,short-answer,computed-addition,3,"1-H.4 Join Stories Within Ten checkpoint: On a teacher card, look for the important numbers: a tray has 2 red blocks and 1 blue block. How many blocks are on the tray?"
us-ca-k5-knowledge-point-practice-v1-us-ca-math-p1-1-h4-join-stories-within-10-q08,P1,Grade 1,us-ca-math-p1-1-h4-join-stories-within-10,grade1-micro-lesson,1.OA,Addition stories within 10,High,High,multiple-choice,computed-addition-equation-match,2 + 2 = 4,"1-H.4 Join Stories Within Ten checkpoint: During independent practice, explain the matching idea: which equation matches this join story: 2 small cubes and 2 large cubes are put together?"
us-ca-k5-knowledge-point-practice-v1-us-ca-math-p1-1-h4-join-stories-within-10-q09,P1,Grade 1,us-ca-math-p1-1-h4-join-stories-within-10,grade1-micro-lesson,1.OA,Addition stories within 10,Low,Low,multiple-choice,computed-addition,9,"1-H.4 Join Stories Within Ten checkpoint: On an exit ticket, try a second strategy to confirm: a tray has 4 red cubes and 5 blue cubes. How many cubes are on the tray?"
us-ca-k5-knowledge-point-practice-v1-us-ca-math-p1-1-h4-join-stories-within-10-q10,P1,Grade 1,us-ca-math-p1-1-h4-join-stories-within-10,grade1-micro-lesson,1.OA,Addition stories within 10,Medium,Medium,fill-in,computed-addition,6,"1-H.4 Join Stories Within Ten checkpoint: In a review game, answer and check the unit or label: a tray has 5 red cards and 1 blue card. How many cards are on the tray?"
us-ca-k5-knowledge-point-practice-v1-us-ca-math-p1-1-h4-join-stories-within-10-q11,P1,Grade 1,us-ca-math-p1-1-h4-join-stories-within-10,grade1-micro-lesson,1.OA,Addition stories within 10,Medium,Medium,short-answer,computed-addition,9,"1-H.4 Join Stories Within Ten checkpoint: On a strategy board, use the topic idea to decide: a tray has 6 red shells and 3 blue shells. How many shells are on the tray?"
us-ca-k5-knowledge-point-practice-v1-us-ca-math-p1-1-h4-join-stories-within-10-q12,P1,Grade 1,us-ca-math-p1-1-h4-join-stories-within-10,grade1-micro-lesson,1.OA,Addition stories within 10,High,High,multiple-choice,computed-addition-equation-match,2 + 2 = 4,"1-H.4 Join Stories Within Ten checkpoint: During a small-group check, finish the challenge carefully: which equation matches this join story: 2 small cubes and 2 large cubes are put together?"
us-ca-k5-knowledge-point-practice-v1-us-ca-math-p1-1-h5-model-equation-join-stories-to-10-q01,P1,Grade 1,us-ca-math-p1-1-h5-model-equation-join-stories-to-10,grade1-micro-lesson,1.OA,Addition stories within 10,Low,Low,multiple-choice,computed-addition,8,"1-H.5 Model-and-Equation Join Stories checkpoint: On a warm-up card, count or model, then answer: a tray has 3 red cards and 5 blue cards. How many cards are on the tray?"
us-ca-k5-knowledge-point-practice-v1-us-ca-math-p1-1-h5-model-equation-join-stories-to-10-q02,P1,Grade 1,us-ca-math-p1-1-h5-model-equation-join-stories-to-10,grade1-micro-lesson,1.OA,Addition stories within 10,Medium,Medium,fill-in,computed-addition,9,"1-H.5 Model-and-Equation Join Stories checkpoint: During partner practice, write the missing answer: a tray has 4 red shells and 5 blue shells. How many shells are on the tray?"
us-ca-k5-knowledge-point-practice-v1-us-ca-math-p1-1-h5-model-equation-join-stories-to-10-q03,P1,Grade 1,us-ca-math-p1-1-h5-model-equation-join-stories-to-10,grade1-micro-lesson,1.OA,Addition stories within 10,Medium,Medium,short-answer,computed-addition,6,"1-H.5 Model-and-Equation Join Stories checkpoint: On a classroom mat, choose the best answer: a tray has 5 red counters and 1 blue counter. How many counters are on the tray?"
us-ca-k5-knowledge-point-practice-v1-us-ca-math-p1-1-h5-model-equation-join-stories-to-10-q04,P1,Grade 1,us-ca-math-p1-1-h5-model-equation-join-stories-to-10,grade1-micro-lesson,1.OA,Addition stories within 10,High,High,multiple-choice,computed-addition-equation-match,3 + 3 = 6,"1-H.5 Model-and-Equation Join Stories checkpoint: In a quick check, show the reasoning in one step: which equation matches this join story: 3 small cubes and 3 large cubes are put together?"
us-ca-k5-knowledge-point-practice-v1-us-ca-math-p1-1-h5-model-equation-join-stories-to-10-q05,P1,Grade 1,us-ca-math-p1-1-h5-model-equation-join-stories-to-10,grade1-micro-lesson,1.OA,Addition stories within 10,Low,Low,multiple-choice,computed-addition,3,"1-H.5 Model-and-Equation Join Stories checkpoint: On a math notebook page, use a quick check strategy: a tray has 2 red stickers and 1 blue sticker. How many stickers are on the tray?"
us-ca-k5-knowledge-point-practice-v1-us-ca-math-p1-1-h5-model-equation-join-stories-to-10-q06,P1,Grade 1,us-ca-math-p1-1-h5-model-equation-join-stories-to-10,grade1-micro-lesson,1.OA,Addition stories within 10,Medium,Medium,fill-in,computed-addition,6,"1-H.5 Model-and-Equation Join Stories checkpoint: At a learning station, solve with a drawing or number sentence: a tray has 3 red blocks and 3 blue blocks. How many blocks are on the tray?"
us-ca-k5-knowledge-point-practice-v1-us-ca-math-p1-1-h5-model-equation-join-stories-to-10-q07,P1,Grade 1,us-ca-math-p1-1-h5-model-equation-join-stories-to-10,grade1-micro-lesson,1.OA,Addition stories within 10,Medium,Medium,short-answer,computed-addition,9,"1-H.5 Model-and-Equation Join Stories checkpoint: On a teacher card, look for the important numbers: a tray has 4 red buttons and 5 blue buttons. How many buttons are on the tray?"
us-ca-k5-knowledge-point-practice-v1-us-ca-math-p1-1-h5-model-equation-join-stories-to-10-q08,P1,Grade 1,us-ca-math-p1-1-h5-model-equation-join-stories-to-10,grade1-micro-lesson,1.OA,Addition stories within 10,High,High,multiple-choice,computed-addition-equation-match,3 + 3 = 6,"1-H.5 Model-and-Equation Join Stories checkpoint: During independent practice, explain the matching idea: which equation matches this join story: 3 small cubes and 3 large cubes are put together?"
us-ca-k5-knowledge-point-practice-v1-us-ca-math-p1-1-h5-model-equation-join-stories-to-10-q09,P1,Grade 1,us-ca-math-p1-1-h5-model-equation-join-stories-to-10,grade1-micro-lesson,1.OA,Addition stories within 10,Low,Low,multiple-choice,computed-addition,9,"1-H.5 Model-and-Equation Join Stories checkpoint: On an exit ticket, try a second strategy to confirm: a tray has 6 red cards and 3 blue cards. How many cards are on the tray?"
us-ca-k5-knowledge-point-practice-v1-us-ca-math-p1-1-h5-model-equation-join-stories-to-10-q10,P1,Grade 1,us-ca-math-p1-1-h5-model-equation-join-stories-to-10,grade1-micro-lesson,1.OA,Addition stories within 10,Medium,Medium,fill-in,computed-addition,7,"1-H.5 Model-and-Equation Join Stories checkpoint: In a review game, answer and check the unit or label: a tray has 2 red shells and 5 blue shells. How many shells are on the tray?"
us-ca-k5-knowledge-point-practice-v1-us-ca-math-p1-1-h5-model-equation-join-stories-to-10-q11,P1,Grade 1,us-ca-math-p1-1-h5-model-equation-join-stories-to-10,grade1-micro-lesson,1.OA,Addition stories within 10,Medium,Medium,short-answer,computed-addition,4,"1-H.5 Model-and-Equation Join Stories checkpoint: On a strategy board, use the topic idea to decide: a tray has 3 red counters and 1 blue counter. How many counters are on the tray?"
us-ca-k5-knowledge-point-practice-v1-us-ca-math-p1-1-h5-model-equation-join-stories-to-10-q12,P1,Grade 1,us-ca-math-p1-1-h5-model-equation-join-stories-to-10,grade1-micro-lesson,1.OA,Addition stories within 10,High,High,multiple-choice,computed-addition-equation-match,3 + 3 = 6,"1-H.5 Model-and-Equation Join Stories checkpoint: During a small-group check, finish the challenge carefully: which equation matches this join story: 3 small cubes and 3 large cubes are put together?"
us-ca-k5-knowledge-point-practice-v1-us-ca-math-p1-1-h6-equation-match-join-stories-to-10-q01,P1,Grade 1,us-ca-math-p1-1-h6-equation-match-join-stories-to-10,grade1-micro-lesson,1.OA,Addition stories within 10,Low,Low,multiple-choice,computed-addition,8,"1-H.6 Equation Match for Join Stories checkpoint: On a warm-up card, count or model, then answer: a tray has 5 red shells and 3 blue shells. How many shells are on the tray?"
us-ca-k5-knowledge-point-practice-v1-us-ca-math-p1-1-h6-equation-match-join-stories-to-10-q02,P1,Grade 1,us-ca-math-p1-1-h6-equation-match-join-stories-to-10,grade1-micro-lesson,1.OA,Addition stories within 10,Medium,Medium,fill-in,computed-addition,8,"1-H.6 Equation Match for Join Stories checkpoint: During partner practice, write the missing answer: a tray has 6 red counters and 2 blue counters. How many counters are on the tray?"
us-ca-k5-knowledge-point-practice-v1-us-ca-math-p1-1-h6-equation-match-join-stories-to-10-q03,P1,Grade 1,us-ca-math-p1-1-h6-equation-match-join-stories-to-10,grade1-micro-lesson,1.OA,Addition stories within 10,Medium,Medium,short-answer,computed-addition,3,"1-H.6 Equation Match for Join Stories checkpoint: On a classroom mat, choose the best answer: a tray has 2 red tiles and 1 blue tile. How many tiles are on the tray?"
us-ca-k5-knowledge-point-practice-v1-us-ca-math-p1-1-h6-equation-match-join-stories-to-10-q04,P1,Grade 1,us-ca-math-p1-1-h6-equation-match-join-stories-to-10,grade1-micro-lesson,1.OA,Addition stories within 10,High,High,multiple-choice,computed-addition-equation-match,4 + 4 = 8,"1-H.6 Equation Match for Join Stories checkpoint: In a quick check, show the reasoning in one step: which equation matches this join story: 4 small cubes and 4 large cubes are put together?"
us-ca-k5-knowledge-point-practice-v1-us-ca-math-p1-1-h6-equation-match-join-stories-to-10-q05,P1,Grade 1,us-ca-math-p1-1-h6-equation-match-join-stories-to-10,grade1-micro-lesson,1.OA,Addition stories within 10,Low,Low,multiple-choice,computed-addition,9,"1-H.6 Equation Match for Join Stories checkpoint: On a math notebook page, use a quick check strategy: a tray has 4 red blocks and 5 blue blocks. How many blocks are on the tray?"
us-ca-k5-knowledge-point-practice-v1-us-ca-math-p1-1-h6-equation-match-join-stories-to-10-q06,P1,Grade 1,us-ca-math-p1-1-h6-equation-match-join-stories-to-10,grade1-micro-lesson,1.OA,Addition stories within 10,Medium,Medium,fill-in,computed-addition,6,"1-H.6 Equation Match for Join Stories checkpoint: At a learning station, solve with a drawing or number sentence: a tray has 5 red buttons and 1 blue button. How many buttons are on the tray?"
us-ca-k5-knowledge-point-practice-v1-us-ca-math-p1-1-h6-equation-match-join-stories-to-10-q07,P1,Grade 1,us-ca-math-p1-1-h6-equation-match-join-stories-to-10,grade1-micro-lesson,1.OA,Addition stories within 10,Medium,Medium,short-answer,computed-addition,9,"1-H.6 Equation Match for Join Stories checkpoint: On a teacher card, look for the important numbers: a tray has 6 red cubes and 3 blue cubes. How many cubes are on the tray?"
us-ca-k5-knowledge-point-practice-v1-us-ca-math-p1-1-h6-equation-match-join-stories-to-10-q08,P1,Grade 1,us-ca-math-p1-1-h6-equation-match-join-stories-to-10,grade1-micro-lesson,1.OA,Addition stories within 10,High,High,multiple-choice,computed-addition-equation-match,4 + 4 = 8,"1-H.6 Equation Match for Join Stories checkpoint: During independent practice, explain the matching idea: which equation matches this join story: 4 small cubes and 4 large cubes are put together?"
us-ca-k5-knowledge-point-practice-v1-us-ca-math-p1-1-h6-equation-match-join-stories-to-10-q09,P1,Grade 1,us-ca-math-p1-1-h6-equation-match-join-stories-to-10,grade1-micro-lesson,1.OA,Addition stories within 10,Low,Low,multiple-choice,computed-addition,4,"1-H.6 Equation Match for Join Stories checkpoint: On an exit ticket, try a second strategy to confirm: a tray has 3 red shells and 1 blue shell. How many shells are on the tray?"
us-ca-k5-knowledge-point-practice-v1-us-ca-math-p1-1-h6-equation-match-join-stories-to-10-q10,P1,Grade 1,us-ca-math-p1-1-h6-equation-match-join-stories-to-10,grade1-micro-lesson,1.OA,Addition stories within 10,Medium,Medium,fill-in,computed-addition,9,"1-H.6 Equation Match for Join Stories checkpoint: In a review game, answer and check the unit or label: a tray has 4 red counters and 5 blue counters. How many counters are on the tray?"
us-ca-k5-knowledge-point-practice-v1-us-ca-math-p1-1-h6-equation-match-join-stories-to-10-q11,P1,Grade 1,us-ca-math-p1-1-h6-equation-match-join-stories-to-10,grade1-micro-lesson,1.OA,Addition stories within 10,Medium,Medium,short-answer,computed-addition,8,"1-H.6 Equation Match for Join Stories checkpoint: On a strategy board, use the topic idea to decide: a tray has 5 red tiles and 3 blue tiles. How many tiles are on the tray?"
us-ca-k5-knowledge-point-practice-v1-us-ca-math-p1-1-h6-equation-match-join-stories-to-10-q12,P1,Grade 1,us-ca-math-p1-1-h6-equation-match-join-stories-to-10,grade1-micro-lesson,1.OA,Addition stories within 10,High,High,multiple-choice,computed-addition-equation-match,4 + 4 = 8,"1-H.6 Equation Match for Join Stories checkpoint: During a small-group check, finish the challenge carefully: which equation matches this join story: 4 small cubes and 4 large cubes are put together?"
us-ca-k5-knowledge-point-practice-v1-us-ca-math-p1-1-l1-picture-take-away-stories-to-10-q01,P1,Grade 1,us-ca-math-p1-1-l1-picture-take-away-stories-to-10,grade1-micro-lesson,1.OA,Subtraction stories within 10,Low,Low,fill-in,computed-subtraction,5,"1-L.1 Picture Take-Away Stories to Ten checkpoint: On a warm-up card, count or model, then answer: there are 6 blocks. 1 are moved away. How many blocks are left?"
us-ca-k5-knowledge-point-practice-v1-us-ca-math-p1-1-l1-picture-take-away-stories-to-10-q02,P1,Grade 1,us-ca-math-p1-1-l1-picture-take-away-stories-to-10,grade1-micro-lesson,1.OA,Subtraction stories within 10,Medium,Medium,fill-in,computed-subtraction,4,"1-L.1 Picture Take-Away Stories to Ten checkpoint: During partner practice, write the missing answer: there are 7 buttons. 3 are moved away. How many buttons are left?"
us-ca-k5-knowledge-point-practice-v1-us-ca-math-p1-1-l1-picture-take-away-stories-to-10-q03,P1,Grade 1,us-ca-math-p1-1-l1-picture-take-away-stories-to-10,grade1-micro-lesson,1.OA,Subtraction stories within 10,Medium,Medium,short-answer,computed-subtraction,3,"1-L.1 Picture Take-Away Stories to Ten checkpoint: On a classroom mat, choose the best answer: there are 8 cubes. 5 are moved away. How many cubes are left?"
us-ca-k5-knowledge-point-practice-v1-us-ca-math-p1-1-l1-picture-take-away-stories-to-10-q04,P1,Grade 1,us-ca-math-p1-1-l1-picture-take-away-stories-to-10,grade1-micro-lesson,1.OA,Subtraction stories within 10,High,High,multiple-choice,computed-subtraction-equation-match,7 - 5 = 2,"1-L.1 Picture Take-Away Stories to Ten checkpoint: In a quick check, show the reasoning in one step: which equation matches this take-away story: 7 counters are on a ten-frame and 5 are covered?"
us-ca-k5-knowledge-point-practice-v1-us-ca-math-p1-1-l1-picture-take-away-stories-to-10-q05,P1,Grade 1,us-ca-math-p1-1-l1-picture-take-away-stories-to-10,grade1-micro-lesson,1.OA,Subtraction stories within 10,Low,Low,fill-in,computed-subtraction,2,"1-L.1 Picture Take-Away Stories to Ten checkpoint: On a math notebook page, use a quick check strategy: there are 6 shells. 4 are moved away. How many shells are left?"
us-ca-k5-knowledge-point-practice-v1-us-ca-math-p1-1-l1-picture-take-away-stories-to-10-q06,P1,Grade 1,us-ca-math-p1-1-l1-picture-take-away-stories-to-10,grade1-micro-lesson,1.OA,Subtraction stories within 10,Medium,Medium,fill-in,computed-subtraction,6,"1-L.1 Picture Take-Away Stories to Ten checkpoint: At a learning station, solve with a drawing or number sentence: there are 7 counters. 1 are moved away. How many counters are left?"
us-ca-k5-knowledge-point-practice-v1-us-ca-math-p1-1-l1-picture-take-away-stories-to-10-q07,P1,Grade 1,us-ca-math-p1-1-l1-picture-take-away-stories-to-10,grade1-micro-lesson,1.OA,Subtraction stories within 10,Medium,Medium,short-answer,computed-subtraction,5,"1-L.1 Picture Take-Away Stories to Ten checkpoint: On a teacher card, look for the important numbers: there are 8 tiles. 3 are moved away. How many tiles are left?"
us-ca-k5-knowledge-point-practice-v1-us-ca-math-p1-1-l1-picture-take-away-stories-to-10-q08,P1,Grade 1,us-ca-math-p1-1-l1-picture-take-away-stories-to-10,grade1-micro-lesson,1.OA,Subtraction stories within 10,High,High,multiple-choice,computed-subtraction-equation-match,8 - 5 = 3,"1-L.1 Picture Take-Away Stories to Ten checkpoint: During independent practice, explain the matching idea: which equation matches this take-away story: 8 counters are on a ten-frame and 5 are covered?"
us-ca-k5-knowledge-point-practice-v1-us-ca-math-p1-1-l1-picture-take-away-stories-to-10-q09,P1,Grade 1,us-ca-math-p1-1-l1-picture-take-away-stories-to-10,grade1-micro-lesson,1.OA,Subtraction stories within 10,Low,Low,fill-in,computed-subtraction,4,"1-L.1 Picture Take-Away Stories to Ten checkpoint: On an exit ticket, try a second strategy to confirm: there are 6 blocks. 2 are moved away. How many blocks are left?"
us-ca-k5-knowledge-point-practice-v1-us-ca-math-p1-1-l1-picture-take-away-stories-to-10-q10,P1,Grade 1,us-ca-math-p1-1-l1-picture-take-away-stories-to-10,grade1-micro-lesson,1.OA,Subtraction stories within 10,Medium,Medium,fill-in,computed-subtraction,3,"1-L.1 Picture Take-Away Stories to Ten checkpoint: In a review game, answer and check the unit or label: there are 7 buttons. 4 are moved away. How many buttons are left?"
us-ca-k5-knowledge-point-practice-v1-us-ca-math-p1-1-l1-picture-take-away-stories-to-10-q11,P1,Grade 1,us-ca-math-p1-1-l1-picture-take-away-stories-to-10,grade1-micro-lesson,1.OA,Subtraction stories within 10,Medium,Medium,short-answer,computed-subtraction,7,"1-L.1 Picture Take-Away Stories to Ten checkpoint: On a strategy board, use the topic idea to decide: there are 8 cubes. 1 are moved away. How many cubes are left?"
us-ca-k5-knowledge-point-practice-v1-us-ca-math-p1-1-l1-picture-take-away-stories-to-10-q12,P1,Grade 1,us-ca-math-p1-1-l1-picture-take-away-stories-to-10,grade1-micro-lesson,1.OA,Subtraction stories within 10,High,High,multiple-choice,computed-subtraction-equation-match,9 - 5 = 4,"1-L.1 Picture Take-Away Stories to Ten checkpoint: During a small-group check, finish the challenge carefully: which equation matches this take-away story: 9 counters are on a ten-frame and 5 are covered?"
us-ca-k5-knowledge-point-practice-v1-us-ca-math-p1-1-l2-picture-story-subtraction-equations-q01,P1,Grade 1,us-ca-math-p1-1-l2-picture-story-subtraction-equations,grade1-micro-lesson,1.OA,Subtraction stories within 10,Low,Low,fill-in,computed-subtraction,2,"1-L.2 Picture Story Subtraction Equations checkpoint: On a warm-up card, count or model, then answer: there are 7 buttons. 5 are moved away. How many buttons are left?"
us-ca-k5-knowledge-point-practice-v1-us-ca-math-p1-1-l2-picture-story-subtraction-equations-q02,P1,Grade 1,us-ca-math-p1-1-l2-picture-story-subtraction-equations,grade1-micro-lesson,1.OA,Subtraction stories within 10,Medium,Medium,fill-in,computed-subtraction,6,"1-L.2 Picture Story Subtraction Equations checkpoint: During partner practice, write the missing answer: there are 8 cubes. 2 are moved away. How many cubes are left?"
us-ca-k5-knowledge-point-practice-v1-us-ca-math-p1-1-l2-picture-story-subtraction-equations-q03,P1,Grade 1,us-ca-math-p1-1-l2-picture-story-subtraction-equations,grade1-micro-lesson,1.OA,Subtraction stories within 10,Medium,Medium,short-answer,computed-subtraction,5,"1-L.2 Picture Story Subtraction Equations checkpoint: On a classroom mat, choose the best answer: there are 9 cards. 4 are moved away. How many cards are left?"
us-ca-k5-knowledge-point-practice-v1-us-ca-math-p1-1-l2-picture-story-subtraction-equations-q04,P1,Grade 1,us-ca-math-p1-1-l2-picture-story-subtraction-equations,grade1-micro-lesson,1.OA,Subtraction stories within 10,High,High,multiple-choice,computed-subtraction-equation-match,9 - 2 = 7,"1-L.2 Picture Story Subtraction Equations checkpoint: In a quick check, show the reasoning in one step: which equation matches this take-away story: 9 counters are on a ten-frame and 2 are covered?"
us-ca-k5-knowledge-point-practice-v1-us-ca-math-p1-1-l2-picture-story-subtraction-equations-q05,P1,Grade 1,us-ca-math-p1-1-l2-picture-story-subtraction-equations,grade1-micro-lesson,1.OA,Subtraction stories within 10,Low,Low,fill-in,computed-subtraction,4,"1-L.2 Picture Story Subtraction Equations checkpoint: On a math notebook page, use a quick check strategy: there are 7 counters. 3 are moved away. How many counters are left?"
us-ca-k5-knowledge-point-practice-v1-us-ca-math-p1-1-l2-picture-story-subtraction-equations-q06,P1,Grade 1,us-ca-math-p1-1-l2-picture-story-subtraction-equations,grade1-micro-lesson,1.OA,Subtraction stories within 10,Medium,Medium,fill-in,computed-subtraction,3,"1-L.2 Picture Story Subtraction Equations checkpoint: At a learning station, solve with a drawing or number sentence: there are 8 tiles. 5 are moved away. How many tiles are left?"
us-ca-k5-knowledge-point-practice-v1-us-ca-math-p1-1-l2-picture-story-subtraction-equations-q07,P1,Grade 1,us-ca-math-p1-1-l2-picture-story-subtraction-equations,grade1-micro-lesson,1.OA,Subtraction stories within 10,Medium,Medium,short-answer,computed-subtraction,7,"1-L.2 Picture Story Subtraction Equations checkpoint: On a teacher card, look for the important numbers: there are 9 stickers. 2 are moved away. How many stickers are left?"
us-ca-k5-knowledge-point-practice-v1-us-ca-math-p1-1-l2-picture-story-subtraction-equations-q08,P1,Grade 1,us-ca-math-p1-1-l2-picture-story-subtraction-equations,grade1-micro-lesson,1.OA,Subtraction stories within 10,High,High,multiple-choice,computed-subtraction-equation-match,7 - 2 = 5,"1-L.2 Picture Story Subtraction Equations checkpoint: During independent practice, explain the matching idea: which equation matches this take-away story: 7 counters are on a ten-frame and 2 are covered?"
us-ca-k5-knowledge-point-practice-v1-us-ca-math-p1-1-l2-picture-story-subtraction-equations-q09,P1,Grade 1,us-ca-math-p1-1-l2-picture-story-subtraction-equations,grade1-micro-lesson,1.OA,Subtraction stories within 10,Low,Low,fill-in,computed-subtraction,6,"1-L.2 Picture Story Subtraction Equations checkpoint: On an exit ticket, try a second strategy to confirm: there are 7 buttons. 1 are moved away. How many buttons are left?"
us-ca-k5-knowledge-point-practice-v1-us-ca-math-p1-1-l2-picture-story-subtraction-equations-q10,P1,Grade 1,us-ca-math-p1-1-l2-picture-story-subtraction-equations,grade1-micro-lesson,1.OA,Subtraction stories within 10,Medium,Medium,fill-in,computed-subtraction,5,"1-L.2 Picture Story Subtraction Equations checkpoint: In a review game, answer and check the unit or label: there are 8 cubes. 3 are moved away. How many cubes are left?"
us-ca-k5-knowledge-point-practice-v1-us-ca-math-p1-1-l2-picture-story-subtraction-equations-q11,P1,Grade 1,us-ca-math-p1-1-l2-picture-story-subtraction-equations,grade1-micro-lesson,1.OA,Subtraction stories within 10,Medium,Medium,short-answer,computed-subtraction,4,"1-L.2 Picture Story Subtraction Equations checkpoint: On a strategy board, use the topic idea to decide: there are 9 cards. 5 are moved away. How many cards are left?"
us-ca-k5-knowledge-point-practice-v1-us-ca-math-p1-1-l2-picture-story-subtraction-equations-q12,P1,Grade 1,us-ca-math-p1-1-l2-picture-story-subtraction-equations,grade1-micro-lesson,1.OA,Subtraction stories within 10,High,High,multiple-choice,computed-subtraction-equation-match,8 - 2 = 6,"1-L.2 Picture Story Subtraction Equations checkpoint: During a small-group check, finish the challenge carefully: which equation matches this take-away story: 8 counters are on a ten-frame and 2 are covered?"
us-ca-k5-knowledge-point-practice-v1-us-ca-math-p1-1-l3-cube-train-take-away-models-to-10-q01,P1,Grade 1,us-ca-math-p1-1-l3-cube-train-take-away-models-to-10,grade1-micro-lesson,1.OA,Subtraction stories within 10,Low,Low,fill-in,computed-subtraction,4,"1-L.3 Cube-Train Take-Away Models to Ten checkpoint: On a warm-up card, count or model, then answer: there are 8 cubes. 4 are moved away. How many cubes are left?"
us-ca-k5-knowledge-point-practice-v1-us-ca-math-p1-1-l3-cube-train-take-away-models-to-10-q02,P1,Grade 1,us-ca-math-p1-1-l3-cube-train-take-away-models-to-10,grade1-micro-lesson,1.OA,Subtraction stories within 10,Medium,Medium,fill-in,computed-subtraction,8,"1-L.3 Cube-Train Take-Away Models to Ten checkpoint: During partner practice, write the missing answer: there are 9 cards. 1 are moved away. How many cards are left?"
us-ca-k5-knowledge-point-practice-v1-us-ca-math-p1-1-l3-cube-train-take-away-models-to-10-q03,P1,Grade 1,us-ca-math-p1-1-l3-cube-train-take-away-models-to-10,grade1-micro-lesson,1.OA,Subtraction stories within 10,Medium,Medium,short-answer,computed-subtraction,3,"1-L.3 Cube-Train Take-Away Models to Ten checkpoint: On a classroom mat, choose the best answer: there are 6 shells. 3 are moved away. How many shells are left?"
us-ca-k5-knowledge-point-practice-v1-us-ca-math-p1-1-l3-cube-train-take-away-models-to-10-q04,P1,Grade 1,us-ca-math-p1-1-l3-cube-train-take-away-models-to-10,grade1-micro-lesson,1.OA,Subtraction stories within 10,High,High,multiple-choice,computed-subtraction-equation-match,8 - 3 = 5,"1-L.3 Cube-Train Take-Away Models to Ten checkpoint: In a quick check, show the reasoning in one step: which equation matches this take-away story: 8 counters are on a ten-frame and 3 are covered?"
us-ca-k5-knowledge-point-practice-v1-us-ca-math-p1-1-l3-cube-train-take-away-models-to-10-q05,P1,Grade 1,us-ca-math-p1-1-l3-cube-train-take-away-models-to-10,grade1-micro-lesson,1.OA,Subtraction stories within 10,Low,Low,fill-in,computed-subtraction,6,"1-L.3 Cube-Train Take-Away Models to Ten checkpoint: On a math notebook page, use a quick check strategy: there are 8 tiles. 2 are moved away. How many tiles are left?"
us-ca-k5-knowledge-point-practice-v1-us-ca-math-p1-1-l3-cube-train-take-away-models-to-10-q06,P1,Grade 1,us-ca-math-p1-1-l3-cube-train-take-away-models-to-10,grade1-micro-lesson,1.OA,Subtraction stories within 10,Medium,Medium,fill-in,computed-subtraction,5,"1-L.3 Cube-Train Take-Away Models to Ten checkpoint: At a learning station, solve with a drawing or number sentence: there are 9 stickers. 4 are moved away. How many stickers are left?"
us-ca-k5-knowledge-point-practice-v1-us-ca-math-p1-1-l3-cube-train-take-away-models-to-10-q07,P1,Grade 1,us-ca-math-p1-1-l3-cube-train-take-away-models-to-10,grade1-micro-lesson,1.OA,Subtraction stories within 10,Medium,Medium,short-answer,computed-subtraction,5,"1-L.3 Cube-Train Take-Away Models to Ten checkpoint: On a teacher card, look for the important numbers: there are 6 blocks. 1 are moved away. How many blocks are left?"
us-ca-k5-knowledge-point-practice-v1-us-ca-math-p1-1-l3-cube-train-take-away-models-to-10-q08,P1,Grade 1,us-ca-math-p1-1-l3-cube-train-take-away-models-to-10,grade1-micro-lesson,1.OA,Subtraction stories within 10,High,High,multiple-choice,computed-subtraction-equation-match,9 - 3 = 6,"1-L.3 Cube-Train Take-Away Models to Ten checkpoint: During independent practice, explain the matching idea: which equation matches this take-away story: 9 counters are on a ten-frame and 3 are covered?"
us-ca-k5-knowledge-point-practice-v1-us-ca-math-p1-1-l3-cube-train-take-away-models-to-10-q09,P1,Grade 1,us-ca-math-p1-1-l3-cube-train-take-away-models-to-10,grade1-micro-lesson,1.OA,Subtraction stories within 10,Low,Low,fill-in,computed-subtraction,3,"1-L.3 Cube-Train Take-Away Models to Ten checkpoint: On an exit ticket, try a second strategy to confirm: there are 8 cubes. 5 are moved away. How many cubes are left?"
us-ca-k5-knowledge-point-practice-v1-us-ca-math-p1-1-l3-cube-train-take-away-models-to-10-q10,P1,Grade 1,us-ca-math-p1-1-l3-cube-train-take-away-models-to-10,grade1-micro-lesson,1.OA,Subtraction stories within 10,Medium,Medium,fill-in,computed-subtraction,7,"1-L.3 Cube-Train Take-Away Models to Ten checkpoint: In a review game, answer and check the unit or label: there are 9 cards. 2 are moved away. How many cards are left?"
us-ca-k5-knowledge-point-practice-v1-us-ca-math-p1-1-l3-cube-train-take-away-models-to-10-q11,P1,Grade 1,us-ca-math-p1-1-l3-cube-train-take-away-models-to-10,grade1-micro-lesson,1.OA,Subtraction stories within 10,Medium,Medium,short-answer,computed-subtraction,2,"1-L.3 Cube-Train Take-Away Models to Ten checkpoint: On a strategy board, use the topic idea to decide: there are 6 shells. 4 are moved away. How many shells are left?"
us-ca-k5-knowledge-point-practice-v1-us-ca-math-p1-1-l3-cube-train-take-away-models-to-10-q12,P1,Grade 1,us-ca-math-p1-1-l3-cube-train-take-away-models-to-10,grade1-micro-lesson,1.OA,Subtraction stories within 10,High,High,multiple-choice,computed-subtraction-equation-match,7 - 3 = 4,"1-L.3 Cube-Train Take-Away Models to Ten checkpoint: During a small-group check, finish the challenge carefully: which equation matches this take-away story: 7 counters are on a ten-frame and 3 are covered?"
us-ca-k5-knowledge-point-practice-v1-us-ca-math-p1-1-l4-take-away-stories-within-10-q01,P1,Grade 1,us-ca-math-p1-1-l4-take-away-stories-within-10,grade1-micro-lesson,1.OA,Subtraction stories within 10,Low,Low,fill-in,computed-subtraction,6,"1-L.4 Take-Away Stories Within Ten checkpoint: On a warm-up card, count or model, then answer: there are 9 cards. 3 are moved away. How many cards are left?"
us-ca-k5-knowledge-point-practice-v1-us-ca-math-p1-1-l4-take-away-stories-within-10-q02,P1,Grade 1,us-ca-math-p1-1-l4-take-away-stories-within-10,grade1-micro-lesson,1.OA,Subtraction stories within 10,Medium,Medium,fill-in,computed-subtraction,1,"1-L.4 Take-Away Stories Within Ten checkpoint: During partner practice, write the missing answer: there are 6 shells. 5 are moved away. How many shells are left?"
us-ca-k5-knowledge-point-practice-v1-us-ca-math-p1-1-l4-take-away-stories-within-10-q03,P1,Grade 1,us-ca-math-p1-1-l4-take-away-stories-within-10,grade1-micro-lesson,1.OA,Subtraction stories within 10,Medium,Medium,short-answer,computed-subtraction,5,"1-L.4 Take-Away Stories Within Ten checkpoint: On a classroom mat, choose the best answer: there are 7 counters. 2 are moved away. How many counters are left?"
us-ca-k5-knowledge-point-practice-v1-us-ca-math-p1-1-l4-take-away-stories-within-10-q04,P1,Grade 1,us-ca-math-p1-1-l4-take-away-stories-within-10,grade1-micro-lesson,1.OA,Subtraction stories within 10,High,High,multiple-choice,computed-subtraction-equation-match,7 - 4 = 3,"1-L.4 Take-Away Stories Within Ten checkpoint: In a quick check, show the reasoning in one step: which equation matches this take-away story: 7 counters are on a ten-frame and 4 are covered?"
us-ca-k5-knowledge-point-practice-v1-us-ca-math-p1-1-l4-take-away-stories-within-10-q05,P1,Grade 1,us-ca-math-p1-1-l4-take-away-stories-within-10,grade1-micro-lesson,1.OA,Subtraction stories within 10,Low,Low,fill-in,computed-subtraction,8,"1-L.4 Take-Away Stories Within Ten checkpoint: On a math notebook page, use a quick check strategy: there are 9 stickers. 1 are moved away. How many stickers are left?"
us-ca-k5-knowledge-point-practice-v1-us-ca-math-p1-1-l4-take-away-stories-within-10-q06,P1,Grade 1,us-ca-math-p1-1-l4-take-away-stories-within-10,grade1-micro-lesson,1.OA,Subtraction stories within 10,Medium,Medium,fill-in,computed-subtraction,3,"1-L.4 Take-Away Stories Within Ten checkpoint: At a learning station, solve with a drawing or number sentence: there are 6 blocks. 3 are moved away. How many blocks are left?"
us-ca-k5-knowledge-point-practice-v1-us-ca-math-p1-1-l4-take-away-stories-within-10-q07,P1,Grade 1,us-ca-math-p1-1-l4-take-away-stories-within-10,grade1-micro-lesson,1.OA,Subtraction stories within 10,Medium,Medium,short-answer,computed-subtraction,2,"1-L.4 Take-Away Stories Within Ten checkpoint: On a teacher card, look for the important numbers: there are 7 buttons. 5 are moved away. How many buttons are left?"
us-ca-k5-knowledge-point-practice-v1-us-ca-math-p1-1-l4-take-away-stories-within-10-q08,P1,Grade 1,us-ca-math-p1-1-l4-take-away-stories-within-10,grade1-micro-lesson,1.OA,Subtraction stories within 10,High,High,multiple-choice,computed-subtraction-equation-match,8 - 4 = 4,"1-L.4 Take-Away Stories Within Ten checkpoint: During independent practice, explain the matching idea: which equation matches this take-away story: 8 counters are on a ten-frame and 4 are covered?"
us-ca-k5-knowledge-point-practice-v1-us-ca-math-p1-1-l4-take-away-stories-within-10-q09,P1,Grade 1,us-ca-math-p1-1-l4-take-away-stories-within-10,grade1-micro-lesson,1.OA,Subtraction stories within 10,Low,Low,fill-in,computed-subtraction,5,"1-L.4 Take-Away Stories Within Ten checkpoint: On an exit ticket, try a second strategy to confirm: there are 9 cards. 4 are moved away. How many cards are left?"
us-ca-k5-knowledge-point-practice-v1-us-ca-math-p1-1-l4-take-away-stories-within-10-q10,P1,Grade 1,us-ca-math-p1-1-l4-take-away-stories-within-10,grade1-micro-lesson,1.OA,Subtraction stories within 10,Medium,Medium,fill-in,computed-subtraction,5,"1-L.4 Take-Away Stories Within Ten checkpoint: In a review game, answer and check the unit or label: there are 6 shells. 1 are moved away. How many shells are left?"
us-ca-k5-knowledge-point-practice-v1-us-ca-math-p1-1-l4-take-away-stories-within-10-q11,P1,Grade 1,us-ca-math-p1-1-l4-take-away-stories-within-10,grade1-micro-lesson,1.OA,Subtraction stories within 10,Medium,Medium,short-answer,computed-subtraction,4,"1-L.4 Take-Away Stories Within Ten checkpoint: On a strategy board, use the topic idea to decide: there are 7 counters. 3 are moved away. How many counters are left?"
us-ca-k5-knowledge-point-practice-v1-us-ca-math-p1-1-l4-take-away-stories-within-10-q12,P1,Grade 1,us-ca-math-p1-1-l4-take-away-stories-within-10,grade1-micro-lesson,1.OA,Subtraction stories within 10,High,High,multiple-choice,computed-subtraction-equation-match,9 - 4 = 5,"1-L.4 Take-Away Stories Within Ten checkpoint: During a small-group check, finish the challenge carefully: which equation matches this take-away story: 9 counters are on a ten-frame and 4 are covered?"
us-ca-k5-knowledge-point-practice-v1-us-ca-math-p1-1-l5-model-equation-take-away-stories-to-10-q01,P1,Grade 1,us-ca-math-p1-1-l5-model-equation-take-away-stories-to-10,grade1-micro-lesson,1.OA,Subtraction stories within 10,Low,Low,fill-in,computed-subtraction,4,"1-L.5 Model-and-Equation Take-Away Stories checkpoint: On a warm-up card, count or model, then answer: there are 6 shells. 2 are moved away. How many shells are left?"
us-ca-k5-knowledge-point-practice-v1-us-ca-math-p1-1-l5-model-equation-take-away-stories-to-10-q02,P1,Grade 1,us-ca-math-p1-1-l5-model-equation-take-away-stories-to-10,grade1-micro-lesson,1.OA,Subtraction stories within 10,Medium,Medium,fill-in,computed-subtraction,3,"1-L.5 Model-and-Equation Take-Away Stories checkpoint: During partner practice, write the missing answer: there are 7 counters. 4 are moved away. How many counters are left?"
us-ca-k5-knowledge-point-practice-v1-us-ca-math-p1-1-l5-model-equation-take-away-stories-to-10-q03,P1,Grade 1,us-ca-math-p1-1-l5-model-equation-take-away-stories-to-10,grade1-micro-lesson,1.OA,Subtraction stories within 10,Medium,Medium,short-answer,computed-subtraction,7,"1-L.5 Model-and-Equation Take-Away Stories checkpoint: On a classroom mat, choose the best answer: there are 8 tiles. 1 are moved away. How many tiles are left?"
us-ca-k5-knowledge-point-practice-v1-us-ca-math-p1-1-l5-model-equation-take-away-stories-to-10-q04,P1,Grade 1,us-ca-math-p1-1-l5-model-equation-take-away-stories-to-10,grade1-micro-lesson,1.OA,Subtraction stories within 10,High,High,multiple-choice,computed-subtraction-equation-match,9 - 5 = 4,"1-L.5 Model-and-Equation Take-Away Stories checkpoint: In a quick check, show the reasoning in one step: which equation matches this take-away story: 9 counters are on a ten-frame and 5 are covered?"
us-ca-k5-knowledge-point-practice-v1-us-ca-math-p1-1-l5-model-equation-take-away-stories-to-10-q05,P1,Grade 1,us-ca-math-p1-1-l5-model-equation-take-away-stories-to-10,grade1-micro-lesson,1.OA,Subtraction stories within 10,Low,Low,fill-in,computed-subtraction,1,"1-L.5 Model-and-Equation Take-Away Stories checkpoint: On a math notebook page, use a quick check strategy: there are 6 blocks. 5 are moved away. How many blocks are left?"
us-ca-k5-knowledge-point-practice-v1-us-ca-math-p1-1-l5-model-equation-take-away-stories-to-10-q06,P1,Grade 1,us-ca-math-p1-1-l5-model-equation-take-away-stories-to-10,grade1-micro-lesson,1.OA,Subtraction stories within 10,Medium,Medium,fill-in,computed-subtraction,5,"1-L.5 Model-and-Equation Take-Away Stories checkpoint: At a learning station, solve with a drawing or number sentence: there are 7 buttons. 2 are moved away. How many buttons are left?"
us-ca-k5-knowledge-point-practice-v1-us-ca-math-p1-1-l5-model-equation-take-away-stories-to-10-q07,P1,Grade 1,us-ca-math-p1-1-l5-model-equation-take-away-stories-to-10,grade1-micro-lesson,1.OA,Subtraction stories within 10,Medium,Medium,short-answer,computed-subtraction,4,"1-L.5 Model-and-Equation Take-Away Stories checkpoint: On a teacher card, look for the important numbers: there are 8 cubes. 4 are moved away. How many cubes are left?"
us-ca-k5-knowledge-point-practice-v1-us-ca-math-p1-1-l5-model-equation-take-away-stories-to-10-q08,P1,Grade 1,us-ca-math-p1-1-l5-model-equation-take-away-stories-to-10,grade1-micro-lesson,1.OA,Subtraction stories within 10,High,High,multiple-choice,computed-subtraction-equation-match,7 - 5 = 2,"1-L.5 Model-and-Equation Take-Away Stories checkpoint: During independent practice, explain the matching idea: which equation matches this take-away story: 7 counters are on a ten-frame and 5 are covered?"
us-ca-k5-knowledge-point-practice-v1-us-ca-math-p1-1-l5-model-equation-take-away-stories-to-10-q09,P1,Grade 1,us-ca-math-p1-1-l5-model-equation-take-away-stories-to-10,grade1-micro-lesson,1.OA,Subtraction stories within 10,Low,Low,fill-in,computed-subtraction,3,"1-L.5 Model-and-Equation Take-Away Stories checkpoint: On an exit ticket, try a second strategy to confirm: there are 6 shells. 3 are moved away. How many shells are left?"
us-ca-k5-knowledge-point-practice-v1-us-ca-math-p1-1-l5-model-equation-take-away-stories-to-10-q10,P1,Grade 1,us-ca-math-p1-1-l5-model-equation-take-away-stories-to-10,grade1-micro-lesson,1.OA,Subtraction stories within 10,Medium,Medium,fill-in,computed-subtraction,2,"1-L.5 Model-and-Equation Take-Away Stories checkpoint: In a review game, answer and check the unit or label: there are 7 counters. 5 are moved away. How many counters are left?"
us-ca-k5-knowledge-point-practice-v1-us-ca-math-p1-1-l5-model-equation-take-away-stories-to-10-q11,P1,Grade 1,us-ca-math-p1-1-l5-model-equation-take-away-stories-to-10,grade1-micro-lesson,1.OA,Subtraction stories within 10,Medium,Medium,short-answer,computed-subtraction,6,"1-L.5 Model-and-Equation Take-Away Stories checkpoint: On a strategy board, use the topic idea to decide: there are 8 tiles. 2 are moved away. How many tiles are left?"
us-ca-k5-knowledge-point-practice-v1-us-ca-math-p1-1-l5-model-equation-take-away-stories-to-10-q12,P1,Grade 1,us-ca-math-p1-1-l5-model-equation-take-away-stories-to-10,grade1-micro-lesson,1.OA,Subtraction stories within 10,High,High,multiple-choice,computed-subtraction-equation-match,8 - 5 = 3,"1-L.5 Model-and-Equation Take-Away Stories checkpoint: During a small-group check, finish the challenge carefully: which equation matches this take-away story: 8 counters are on a ten-frame and 5 are covered?"
us-ca-k5-knowledge-point-practice-v1-us-ca-math-p1-1-l6-break-apart-subtraction-equations-to-10-q01,P1,Grade 1,us-ca-math-p1-1-l6-break-apart-subtraction-equations-to-10,grade1-micro-lesson,1.OA,Subtraction stories within 10,Low,Low,fill-in,computed-subtraction,6,"1-L.6 Break-Apart Subtraction Equations checkpoint: On a warm-up card, count or model, then answer: there are 7 counters. 1 are moved away. How many counters are left?"
us-ca-k5-knowledge-point-practice-v1-us-ca-math-p1-1-l6-break-apart-subtraction-equations-to-10-q02,P1,Grade 1,us-ca-math-p1-1-l6-break-apart-subtraction-equations-to-10,grade1-micro-lesson,1.OA,Subtraction stories within 10,Medium,Medium,fill-in,computed-subtraction,5,"1-L.6 Break-Apart Subtraction Equations checkpoint: During partner practice, write the missing answer: there are 8 tiles. 3 are moved away. How many tiles are left?"
us-ca-k5-knowledge-point-practice-v1-us-ca-math-p1-1-l6-break-apart-subtraction-equations-to-10-q03,P1,Grade 1,us-ca-math-p1-1-l6-break-apart-subtraction-equations-to-10,grade1-micro-lesson,1.OA,Subtraction stories within 10,Medium,Medium,short-answer,computed-subtraction,4,"1-L.6 Break-Apart Subtraction Equations checkpoint: On a classroom mat, choose the best answer: there are 9 stickers. 5 are moved away. How many stickers are left?"
us-ca-k5-knowledge-point-practice-v1-us-ca-math-p1-1-l6-break-apart-subtraction-equations-to-10-q04,P1,Grade 1,us-ca-math-p1-1-l6-break-apart-subtraction-equations-to-10,grade1-micro-lesson,1.OA,Subtraction stories within 10,High,High,multiple-choice,computed-subtraction-equation-match,8 - 2 = 6,"1-L.6 Break-Apart Subtraction Equations checkpoint: In a quick check, show the reasoning in one step: which equation matches this take-away story: 8 counters are on a ten-frame and 2 are covered?"
us-ca-k5-knowledge-point-practice-v1-us-ca-math-p1-1-l6-break-apart-subtraction-equations-to-10-q05,P1,Grade 1,us-ca-math-p1-1-l6-break-apart-subtraction-equations-to-10,grade1-micro-lesson,1.OA,Subtraction stories within 10,Low,Low,fill-in,computed-subtraction,3,"1-L.6 Break-Apart Subtraction Equations checkpoint: On a math notebook page, use a quick check strategy: there are 7 buttons. 4 are moved away. How many buttons are left?"
us-ca-k5-knowledge-point-practice-v1-us-ca-math-p1-1-l6-break-apart-subtraction-equations-to-10-q06,P1,Grade 1,us-ca-math-p1-1-l6-break-apart-subtraction-equations-to-10,grade1-micro-lesson,1.OA,Subtraction stories within 10,Medium,Medium,fill-in,computed-subtraction,7,"1-L.6 Break-Apart Subtraction Equations checkpoint: At a learning station, solve with a drawing or number sentence: there are 8 cubes. 1 are moved away. How many cubes are left?"
us-ca-k5-knowledge-point-practice-v1-us-ca-math-p1-1-l6-break-apart-subtraction-equations-to-10-q07,P1,Grade 1,us-ca-math-p1-1-l6-break-apart-subtraction-equations-to-10,grade1-micro-lesson,1.OA,Subtraction stories within 10,Medium,Medium,short-answer,computed-subtraction,6,"1-L.6 Break-Apart Subtraction Equations checkpoint: On a teacher card, look for the important numbers: there are 9 cards. 3 are moved away. How many cards are left?"
us-ca-k5-knowledge-point-practice-v1-us-ca-math-p1-1-l6-break-apart-subtraction-equations-to-10-q08,P1,Grade 1,us-ca-math-p1-1-l6-break-apart-subtraction-equations-to-10,grade1-micro-lesson,1.OA,Subtraction stories within 10,High,High,multiple-choice,computed-subtraction-equation-match,9 - 2 = 7,"1-L.6 Break-Apart Subtraction Equations checkpoint: During independent practice, explain the matching idea: which equation matches this take-away story: 9 counters are on a ten-frame and 2 are covered?"
us-ca-k5-knowledge-point-practice-v1-us-ca-math-p1-1-l6-break-apart-subtraction-equations-to-10-q09,P1,Grade 1,us-ca-math-p1-1-l6-break-apart-subtraction-equations-to-10,grade1-micro-lesson,1.OA,Subtraction stories within 10,Low,Low,fill-in,computed-subtraction,5,"1-L.6 Break-Apart Subtraction Equations checkpoint: On an exit ticket, try a second strategy to confirm: there are 7 counters. 2 are moved away. How many counters are left?"
us-ca-k5-knowledge-point-practice-v1-us-ca-math-p1-1-l6-break-apart-subtraction-equations-to-10-q10,P1,Grade 1,us-ca-math-p1-1-l6-break-apart-subtraction-equations-to-10,grade1-micro-lesson,1.OA,Subtraction stories within 10,Medium,Medium,fill-in,computed-subtraction,4,"1-L.6 Break-Apart Subtraction Equations checkpoint: In a review game, answer and check the unit or label: there are 8 tiles. 4 are moved away. How many tiles are left?"
us-ca-k5-knowledge-point-practice-v1-us-ca-math-p1-1-l6-break-apart-subtraction-equations-to-10-q11,P1,Grade 1,us-ca-math-p1-1-l6-break-apart-subtraction-equations-to-10,grade1-micro-lesson,1.OA,Subtraction stories within 10,Medium,Medium,short-answer,computed-subtraction,8,"1-L.6 Break-Apart Subtraction Equations checkpoint: On a strategy board, use the topic idea to decide: there are 9 stickers. 1 are moved away. How many stickers are left?"
us-ca-k5-knowledge-point-practice-v1-us-ca-math-p1-1-l6-break-apart-subtraction-equations-to-10-q12,P1,Grade 1,us-ca-math-p1-1-l6-break-apart-subtraction-equations-to-10,grade1-micro-lesson,1.OA,Subtraction stories within 10,High,High,multiple-choice,computed-subtraction-equation-match,7 - 2 = 5,"1-L.6 Break-Apart Subtraction Equations checkpoint: During a small-group check, finish the challenge carefully: which equation matches this take-away story: 7 counters are on a ten-frame and 2 are covered?"
