questionId,grade,topicId,type,difficulty,round1Status,round2Status,decision,reviewer,notes
us-ca-k5-knowledge-point-practice-v1-us-ca-math-k-k-cc-count-sequence-q01,K,us-ca-math-k-k-cc-count-sequence,multiple-choice,Low,pass,pass,accept-candidate-only,S18 internal QA,Accepted for candidate-only package after two internal QA rounds; not approved for live integration in this dialogue.
us-ca-k5-knowledge-point-practice-v1-us-ca-math-k-k-cc-count-sequence-q02,K,us-ca-math-k-k-cc-count-sequence,fill-in,Medium,pass,pass,accept-candidate-only,S18 internal QA,Accepted for candidate-only package after two internal QA rounds; not approved for live integration in this dialogue.
us-ca-k5-knowledge-point-practice-v1-us-ca-math-k-k-cc-count-sequence-q03,K,us-ca-math-k-k-cc-count-sequence,multiple-choice,Medium,pass,pass,accept-candidate-only,S18 internal QA,Accepted for candidate-only package after two internal QA rounds; not approved for live integration in this dialogue.
us-ca-k5-knowledge-point-practice-v1-us-ca-math-k-k-cc-count-sequence-q04,K,us-ca-math-k-k-cc-count-sequence,short-answer,High,pass,pass,accept-candidate-only,S18 internal QA,Accepted for candidate-only package after two internal QA rounds; not approved for live integration in this dialogue.
us-ca-k5-knowledge-point-practice-v1-us-ca-math-k-k-cc-count-sequence-q05,K,us-ca-math-k-k-cc-count-sequence,multiple-choice,Low,pass,pass,accept-candidate-only,S18 internal QA,Accepted for candidate-only package after two internal QA rounds; not approved for live integration in this dialogue.
us-ca-k5-knowledge-point-practice-v1-us-ca-math-k-k-cc-count-sequence-q06,K,us-ca-math-k-k-cc-count-sequence,fill-in,Medium,pass,pass,accept-candidate-only,S18 internal QA,Accepted for candidate-only package after two internal QA rounds; not approved for live integration in this dialogue.
us-ca-k5-knowledge-point-practice-v1-us-ca-math-k-k-cc-count-sequence-q07,K,us-ca-math-k-k-cc-count-sequence,multiple-choice,Medium,pass,pass,accept-candidate-only,S18 internal QA,Accepted for candidate-only package after two internal QA rounds; not approved for live integration in this dialogue.
us-ca-k5-knowledge-point-practice-v1-us-ca-math-k-k-cc-count-sequence-q08,K,us-ca-math-k-k-cc-count-sequence,short-answer,High,pass,pass,accept-candidate-only,S18 internal QA,Accepted for candidate-only package after two internal QA rounds; not approved for live integration in this dialogue.
us-ca-k5-knowledge-point-practice-v1-us-ca-math-k-k-cc-count-sequence-q09,K,us-ca-math-k-k-cc-count-sequence,multiple-choice,Low,pass,pass,accept-candidate-only,S18 internal QA,Accepted for candidate-only package after two internal QA rounds; not approved for live integration in this dialogue.
us-ca-k5-knowledge-point-practice-v1-us-ca-math-k-k-cc-count-sequence-q10,K,us-ca-math-k-k-cc-count-sequence,fill-in,Medium,pass,pass,accept-candidate-only,S18 internal QA,Accepted for candidate-only package after two internal QA rounds; not approved for live integration in this dialogue.
us-ca-k5-knowledge-point-practice-v1-us-ca-math-k-k-cc-count-sequence-q11,K,us-ca-math-k-k-cc-count-sequence,multiple-choice,Medium,pass,pass,accept-candidate-only,S18 internal QA,Accepted for candidate-only package after two internal QA rounds; not approved for live integration in this dialogue.
us-ca-k5-knowledge-point-practice-v1-us-ca-math-k-k-cc-count-sequence-q12,K,us-ca-math-k-k-cc-count-sequence,short-answer,High,pass,pass,accept-candidate-only,S18 internal QA,Accepted for candidate-only package after two internal QA rounds; not approved for live integration in this dialogue.
us-ca-k5-knowledge-point-practice-v1-us-ca-math-k-k-cc-cardinality-compare-q01,K,us-ca-math-k-k-cc-cardinality-compare,multiple-choice,Low,pass,pass,accept-candidate-only,S18 internal QA,Accepted for candidate-only package after two internal QA rounds; not approved for live integration in this dialogue.
us-ca-k5-knowledge-point-practice-v1-us-ca-math-k-k-cc-cardinality-compare-q02,K,us-ca-math-k-k-cc-cardinality-compare,fill-in,Medium,pass,pass,accept-candidate-only,S18 internal QA,Accepted for candidate-only package after two internal QA rounds; not approved for live integration in this dialogue.
us-ca-k5-knowledge-point-practice-v1-us-ca-math-k-k-cc-cardinality-compare-q03,K,us-ca-math-k-k-cc-cardinality-compare,multiple-choice,Medium,pass,pass,accept-candidate-only,S18 internal QA,Accepted for candidate-only package after two internal QA rounds; not approved for live integration in this dialogue.
us-ca-k5-knowledge-point-practice-v1-us-ca-math-k-k-cc-cardinality-compare-q04,K,us-ca-math-k-k-cc-cardinality-compare,short-answer,High,pass,pass,accept-candidate-only,S18 internal QA,Accepted for candidate-only package after two internal QA rounds; not approved for live integration in this dialogue.
us-ca-k5-knowledge-point-practice-v1-us-ca-math-k-k-cc-cardinality-compare-q05,K,us-ca-math-k-k-cc-cardinality-compare,multiple-choice,Low,pass,pass,accept-candidate-only,S18 internal QA,Accepted for candidate-only package after two internal QA rounds; not approved for live integration in this dialogue.
us-ca-k5-knowledge-point-practice-v1-us-ca-math-k-k-cc-cardinality-compare-q06,K,us-ca-math-k-k-cc-cardinality-compare,fill-in,Medium,pass,pass,accept-candidate-only,S18 internal QA,Accepted for candidate-only package after two internal QA rounds; not approved for live integration in this dialogue.
us-ca-k5-knowledge-point-practice-v1-us-ca-math-k-k-cc-cardinality-compare-q07,K,us-ca-math-k-k-cc-cardinality-compare,multiple-choice,Medium,pass,pass,accept-candidate-only,S18 internal QA,Accepted for candidate-only package after two internal QA rounds; not approved for live integration in this dialogue.
us-ca-k5-knowledge-point-practice-v1-us-ca-math-k-k-cc-cardinality-compare-q08,K,us-ca-math-k-k-cc-cardinality-compare,multiple-choice,High,pass,pass,accept-candidate-only,S18 internal QA,Accepted for candidate-only package after two internal QA rounds; not approved for live integration in this dialogue.
us-ca-k5-knowledge-point-practice-v1-us-ca-math-k-k-cc-cardinality-compare-q09,K,us-ca-math-k-k-cc-cardinality-compare,multiple-choice,Low,pass,pass,accept-candidate-only,S18 internal QA,Accepted for candidate-only package after two internal QA rounds; not approved for live integration in this dialogue.
us-ca-k5-knowledge-point-practice-v1-us-ca-math-k-k-cc-cardinality-compare-q10,K,us-ca-math-k-k-cc-cardinality-compare,fill-in,Medium,pass,pass,accept-candidate-only,S18 internal QA,Accepted for candidate-only package after two internal QA rounds; not approved for live integration in this dialogue.
us-ca-k5-knowledge-point-practice-v1-us-ca-math-k-k-cc-cardinality-compare-q11,K,us-ca-math-k-k-cc-cardinality-compare,multiple-choice,Medium,pass,pass,accept-candidate-only,S18 internal QA,Accepted for candidate-only package after two internal QA rounds; not approved for live integration in this dialogue.
us-ca-k5-knowledge-point-practice-v1-us-ca-math-k-k-cc-cardinality-compare-q12,K,us-ca-math-k-k-cc-cardinality-compare,multiple-choice,High,pass,pass,accept-candidate-only,S18 internal QA,Accepted for candidate-only package after two internal QA rounds; not approved for live integration in this dialogue.
us-ca-k5-knowledge-point-practice-v1-us-ca-math-k-k-oa-compose-decompose-q01,K,us-ca-math-k-k-oa-compose-decompose,fill-in,Low,pass,pass,accept-candidate-only,S18 internal QA,Accepted for candidate-only package after two internal QA rounds; not approved for live integration in this dialogue.
us-ca-k5-knowledge-point-practice-v1-us-ca-math-k-k-oa-compose-decompose-q02,K,us-ca-math-k-k-oa-compose-decompose,fill-in,Medium,pass,pass,accept-candidate-only,S18 internal QA,Accepted for candidate-only package after two internal QA rounds; not approved for live integration in this dialogue.
us-ca-k5-knowledge-point-practice-v1-us-ca-math-k-k-oa-compose-decompose-q03,K,us-ca-math-k-k-oa-compose-decompose,fill-in,Medium,pass,pass,accept-candidate-only,S18 internal QA,Accepted for candidate-only package after two internal QA rounds; not approved for live integration in this dialogue.
us-ca-k5-knowledge-point-practice-v1-us-ca-math-k-k-oa-compose-decompose-q04,K,us-ca-math-k-k-oa-compose-decompose,short-answer,High,pass,pass,accept-candidate-only,S18 internal QA,Accepted for candidate-only package after two internal QA rounds; not approved for live integration in this dialogue.
us-ca-k5-knowledge-point-practice-v1-us-ca-math-k-k-oa-compose-decompose-q05,K,us-ca-math-k-k-oa-compose-decompose,fill-in,Low,pass,pass,accept-candidate-only,S18 internal QA,Accepted for candidate-only package after two internal QA rounds; not approved for live integration in this dialogue.
us-ca-k5-knowledge-point-practice-v1-us-ca-math-k-k-oa-compose-decompose-q06,K,us-ca-math-k-k-oa-compose-decompose,fill-in,Medium,pass,pass,accept-candidate-only,S18 internal QA,Accepted for candidate-only package after two internal QA rounds; not approved for live integration in this dialogue.
us-ca-k5-knowledge-point-practice-v1-us-ca-math-k-k-oa-compose-decompose-q07,K,us-ca-math-k-k-oa-compose-decompose,fill-in,Medium,pass,pass,accept-candidate-only,S18 internal QA,Accepted for candidate-only package after two internal QA rounds; not approved for live integration in this dialogue.
us-ca-k5-knowledge-point-practice-v1-us-ca-math-k-k-oa-compose-decompose-q08,K,us-ca-math-k-k-oa-compose-decompose,short-answer,High,pass,pass,accept-candidate-only,S18 internal QA,Accepted for candidate-only package after two internal QA rounds; not approved for live integration in this dialogue.
us-ca-k5-knowledge-point-practice-v1-us-ca-math-k-k-oa-compose-decompose-q09,K,us-ca-math-k-k-oa-compose-decompose,fill-in,Low,pass,pass,accept-candidate-only,S18 internal QA,Accepted for candidate-only package after two internal QA rounds; not approved for live integration in this dialogue.
us-ca-k5-knowledge-point-practice-v1-us-ca-math-k-k-oa-compose-decompose-q10,K,us-ca-math-k-k-oa-compose-decompose,fill-in,Medium,pass,pass,accept-candidate-only,S18 internal QA,Accepted for candidate-only package after two internal QA rounds; not approved for live integration in this dialogue.
us-ca-k5-knowledge-point-practice-v1-us-ca-math-k-k-oa-compose-decompose-q11,K,us-ca-math-k-k-oa-compose-decompose,fill-in,Medium,pass,pass,accept-candidate-only,S18 internal QA,Accepted for candidate-only package after two internal QA rounds; not approved for live integration in this dialogue.
us-ca-k5-knowledge-point-practice-v1-us-ca-math-k-k-oa-compose-decompose-q12,K,us-ca-math-k-k-oa-compose-decompose,short-answer,High,pass,pass,accept-candidate-only,S18 internal QA,Accepted for candidate-only package after two internal QA rounds; not approved for live integration in this dialogue.
us-ca-k5-knowledge-point-practice-v1-us-ca-math-k-k-nbt-teen-numbers-q01,K,us-ca-math-k-k-nbt-teen-numbers,multiple-choice,Low,pass,pass,accept-candidate-only,S18 internal QA,Accepted for candidate-only package after two internal QA rounds; not approved for live integration in this dialogue.
us-ca-k5-knowledge-point-practice-v1-us-ca-math-k-k-nbt-teen-numbers-q02,K,us-ca-math-k-k-nbt-teen-numbers,fill-in,Medium,pass,pass,accept-candidate-only,S18 internal QA,Accepted for candidate-only package after two internal QA rounds; not approved for live integration in this dialogue.
us-ca-k5-knowledge-point-practice-v1-us-ca-math-k-k-nbt-teen-numbers-q03,K,us-ca-math-k-k-nbt-teen-numbers,multiple-choice,Medium,pass,pass,accept-candidate-only,S18 internal QA,Accepted for candidate-only package after two internal QA rounds; not approved for live integration in this dialogue.
us-ca-k5-knowledge-point-practice-v1-us-ca-math-k-k-nbt-teen-numbers-q04,K,us-ca-math-k-k-nbt-teen-numbers,short-answer,High,pass,pass,accept-candidate-only,S18 internal QA,Accepted for candidate-only package after two internal QA rounds; not approved for live integration in this dialogue.
us-ca-k5-knowledge-point-practice-v1-us-ca-math-k-k-nbt-teen-numbers-q05,K,us-ca-math-k-k-nbt-teen-numbers,multiple-choice,Low,pass,pass,accept-candidate-only,S18 internal QA,Accepted for candidate-only package after two internal QA rounds; not approved for live integration in this dialogue.
us-ca-k5-knowledge-point-practice-v1-us-ca-math-k-k-nbt-teen-numbers-q06,K,us-ca-math-k-k-nbt-teen-numbers,fill-in,Medium,pass,pass,accept-candidate-only,S18 internal QA,Accepted for candidate-only package after two internal QA rounds; not approved for live integration in this dialogue.
us-ca-k5-knowledge-point-practice-v1-us-ca-math-k-k-nbt-teen-numbers-q07,K,us-ca-math-k-k-nbt-teen-numbers,multiple-choice,Medium,pass,pass,accept-candidate-only,S18 internal QA,Accepted for candidate-only package after two internal QA rounds; not approved for live integration in this dialogue.
us-ca-k5-knowledge-point-practice-v1-us-ca-math-k-k-nbt-teen-numbers-q08,K,us-ca-math-k-k-nbt-teen-numbers,short-answer,High,pass,pass,accept-candidate-only,S18 internal QA,Accepted for candidate-only package after two internal QA rounds; not approved for live integration in this dialogue.
us-ca-k5-knowledge-point-practice-v1-us-ca-math-k-k-nbt-teen-numbers-q09,K,us-ca-math-k-k-nbt-teen-numbers,multiple-choice,Low,pass,pass,accept-candidate-only,S18 internal QA,Accepted for candidate-only package after two internal QA rounds; not approved for live integration in this dialogue.
us-ca-k5-knowledge-point-practice-v1-us-ca-math-k-k-nbt-teen-numbers-q10,K,us-ca-math-k-k-nbt-teen-numbers,fill-in,Medium,pass,pass,accept-candidate-only,S18 internal QA,Accepted for candidate-only package after two internal QA rounds; not approved for live integration in this dialogue.
us-ca-k5-knowledge-point-practice-v1-us-ca-math-k-k-nbt-teen-numbers-q11,K,us-ca-math-k-k-nbt-teen-numbers,multiple-choice,Medium,pass,pass,accept-candidate-only,S18 internal QA,Accepted for candidate-only package after two internal QA rounds; not approved for live integration in this dialogue.
us-ca-k5-knowledge-point-practice-v1-us-ca-math-k-k-nbt-teen-numbers-q12,K,us-ca-math-k-k-nbt-teen-numbers,short-answer,High,pass,pass,accept-candidate-only,S18 internal QA,Accepted for candidate-only package after two internal QA rounds; not approved for live integration in this dialogue.
us-ca-k5-knowledge-point-practice-v1-us-ca-math-k-k-md-attributes-data-q01,K,us-ca-math-k-k-md-attributes-data,fill-in,Low,pass,pass,accept-candidate-only,S18 internal QA,Accepted for candidate-only package after two internal QA rounds; not approved for live integration in this dialogue.
us-ca-k5-knowledge-point-practice-v1-us-ca-math-k-k-md-attributes-data-q02,K,us-ca-math-k-k-md-attributes-data,fill-in,Medium,pass,pass,accept-candidate-only,S18 internal QA,Accepted for candidate-only package after two internal QA rounds; not approved for live integration in this dialogue.
us-ca-k5-knowledge-point-practice-v1-us-ca-math-k-k-md-attributes-data-q03,K,us-ca-math-k-k-md-attributes-data,short-answer,Medium,pass,pass,accept-candidate-only,S18 internal QA,Accepted for candidate-only package after two internal QA rounds; not approved for live integration in this dialogue.
us-ca-k5-knowledge-point-practice-v1-us-ca-math-k-k-md-attributes-data-q04,K,us-ca-math-k-k-md-attributes-data,short-answer,High,pass,pass,accept-candidate-only,S18 internal QA,Accepted for candidate-only package after two internal QA rounds; not approved for live integration in this dialogue.
us-ca-k5-knowledge-point-practice-v1-us-ca-math-k-k-md-attributes-data-q05,K,us-ca-math-k-k-md-attributes-data,fill-in,Low,pass,pass,accept-candidate-only,S18 internal QA,Accepted for candidate-only package after two internal QA rounds; not approved for live integration in this dialogue.
us-ca-k5-knowledge-point-practice-v1-us-ca-math-k-k-md-attributes-data-q06,K,us-ca-math-k-k-md-attributes-data,fill-in,Medium,pass,pass,accept-candidate-only,S18 internal QA,Accepted for candidate-only package after two internal QA rounds; not approved for live integration in this dialogue.
us-ca-k5-knowledge-point-practice-v1-us-ca-math-k-k-md-attributes-data-q07,K,us-ca-math-k-k-md-attributes-data,short-answer,Medium,pass,pass,accept-candidate-only,S18 internal QA,Accepted for candidate-only package after two internal QA rounds; not approved for live integration in this dialogue.
us-ca-k5-knowledge-point-practice-v1-us-ca-math-k-k-md-attributes-data-q08,K,us-ca-math-k-k-md-attributes-data,short-answer,High,pass,pass,accept-candidate-only,S18 internal QA,Accepted for candidate-only package after two internal QA rounds; not approved for live integration in this dialogue.
us-ca-k5-knowledge-point-practice-v1-us-ca-math-k-k-md-attributes-data-q09,K,us-ca-math-k-k-md-attributes-data,fill-in,Low,pass,pass,accept-candidate-only,S18 internal QA,Accepted for candidate-only package after two internal QA rounds; not approved for live integration in this dialogue.
us-ca-k5-knowledge-point-practice-v1-us-ca-math-k-k-md-attributes-data-q10,K,us-ca-math-k-k-md-attributes-data,fill-in,Medium,pass,pass,accept-candidate-only,S18 internal QA,Accepted for candidate-only package after two internal QA rounds; not approved for live integration in this dialogue.
us-ca-k5-knowledge-point-practice-v1-us-ca-math-k-k-md-attributes-data-q11,K,us-ca-math-k-k-md-attributes-data,short-answer,Medium,pass,pass,accept-candidate-only,S18 internal QA,Accepted for candidate-only package after two internal QA rounds; not approved for live integration in this dialogue.
us-ca-k5-knowledge-point-practice-v1-us-ca-math-k-k-md-attributes-data-q12,K,us-ca-math-k-k-md-attributes-data,short-answer,High,pass,pass,accept-candidate-only,S18 internal QA,Accepted for candidate-only package after two internal QA rounds; not approved for live integration in this dialogue.
us-ca-k5-knowledge-point-practice-v1-us-ca-math-k-k-g-shapes-position-q01,K,us-ca-math-k-k-g-shapes-position,multiple-choice,Low,pass,pass,accept-candidate-only,S18 internal QA,Accepted for candidate-only package after two internal QA rounds; not approved for live integration in this dialogue.
us-ca-k5-knowledge-point-practice-v1-us-ca-math-k-k-g-shapes-position-q02,K,us-ca-math-k-k-g-shapes-position,fill-in,Medium,pass,pass,accept-candidate-only,S18 internal QA,Accepted for candidate-only package after two internal QA rounds; not approved for live integration in this dialogue.
us-ca-k5-knowledge-point-practice-v1-us-ca-math-k-k-g-shapes-position-q03,K,us-ca-math-k-k-g-shapes-position,multiple-choice,Medium,pass,pass,accept-candidate-only,S18 internal QA,Accepted for candidate-only package after two internal QA rounds; not approved for live integration in this dialogue.
us-ca-k5-knowledge-point-practice-v1-us-ca-math-k-k-g-shapes-position-q04,K,us-ca-math-k-k-g-shapes-position,short-answer,High,pass,pass,accept-candidate-only,S18 internal QA,Accepted for candidate-only package after two internal QA rounds; not approved for live integration in this dialogue.
us-ca-k5-knowledge-point-practice-v1-us-ca-math-k-k-g-shapes-position-q05,K,us-ca-math-k-k-g-shapes-position,multiple-choice,Low,pass,pass,accept-candidate-only,S18 internal QA,Accepted for candidate-only package after two internal QA rounds; not approved for live integration in this dialogue.
us-ca-k5-knowledge-point-practice-v1-us-ca-math-k-k-g-shapes-position-q06,K,us-ca-math-k-k-g-shapes-position,fill-in,Medium,pass,pass,accept-candidate-only,S18 internal QA,Accepted for candidate-only package after two internal QA rounds; not approved for live integration in this dialogue.
us-ca-k5-knowledge-point-practice-v1-us-ca-math-k-k-g-shapes-position-q07,K,us-ca-math-k-k-g-shapes-position,multiple-choice,Medium,pass,pass,accept-candidate-only,S18 internal QA,Accepted for candidate-only package after two internal QA rounds; not approved for live integration in this dialogue.
us-ca-k5-knowledge-point-practice-v1-us-ca-math-k-k-g-shapes-position-q08,K,us-ca-math-k-k-g-shapes-position,short-answer,High,pass,pass,accept-candidate-only,S18 internal QA,Accepted for candidate-only package after two internal QA rounds; not approved for live integration in this dialogue.
us-ca-k5-knowledge-point-practice-v1-us-ca-math-k-k-g-shapes-position-q09,K,us-ca-math-k-k-g-shapes-position,multiple-choice,Low,pass,pass,accept-candidate-only,S18 internal QA,Accepted for candidate-only package after two internal QA rounds; not approved for live integration in this dialogue.
us-ca-k5-knowledge-point-practice-v1-us-ca-math-k-k-g-shapes-position-q10,K,us-ca-math-k-k-g-shapes-position,fill-in,Medium,pass,pass,accept-candidate-only,S18 internal QA,Accepted for candidate-only package after two internal QA rounds; not approved for live integration in this dialogue.
us-ca-k5-knowledge-point-practice-v1-us-ca-math-k-k-g-shapes-position-q11,K,us-ca-math-k-k-g-shapes-position,multiple-choice,Medium,pass,pass,accept-candidate-only,S18 internal QA,Accepted for candidate-only package after two internal QA rounds; not approved for live integration in this dialogue.
us-ca-k5-knowledge-point-practice-v1-us-ca-math-k-k-g-shapes-position-q12,K,us-ca-math-k-k-g-shapes-position,short-answer,High,pass,pass,accept-candidate-only,S18 internal QA,Accepted for candidate-only package after two internal QA rounds; not approved for live integration in this dialogue.
us-ca-k5-knowledge-point-practice-v1-us-ca-math-p1-1-oa-add-subtract-q01,P1,us-ca-math-p1-1-oa-add-subtract,fill-in,Low,pass,pass,accept-candidate-only,S18 internal QA,Accepted for candidate-only package after two internal QA rounds; not approved for live integration in this dialogue.
us-ca-k5-knowledge-point-practice-v1-us-ca-math-p1-1-oa-add-subtract-q02,P1,us-ca-math-p1-1-oa-add-subtract,fill-in,Medium,pass,pass,accept-candidate-only,S18 internal QA,Accepted for candidate-only package after two internal QA rounds; not approved for live integration in this dialogue.
us-ca-k5-knowledge-point-practice-v1-us-ca-math-p1-1-oa-add-subtract-q03,P1,us-ca-math-p1-1-oa-add-subtract,fill-in,Medium,pass,pass,accept-candidate-only,S18 internal QA,Accepted for candidate-only package after two internal QA rounds; not approved for live integration in this dialogue.
us-ca-k5-knowledge-point-practice-v1-us-ca-math-p1-1-oa-add-subtract-q04,P1,us-ca-math-p1-1-oa-add-subtract,short-answer,High,pass,pass,accept-candidate-only,S18 internal QA,Accepted for candidate-only package after two internal QA rounds; not approved for live integration in this dialogue.
us-ca-k5-knowledge-point-practice-v1-us-ca-math-p1-1-oa-add-subtract-q05,P1,us-ca-math-p1-1-oa-add-subtract,fill-in,Low,pass,pass,accept-candidate-only,S18 internal QA,Accepted for candidate-only package after two internal QA rounds; not approved for live integration in this dialogue.
us-ca-k5-knowledge-point-practice-v1-us-ca-math-p1-1-oa-add-subtract-q06,P1,us-ca-math-p1-1-oa-add-subtract,fill-in,Medium,pass,pass,accept-candidate-only,S18 internal QA,Accepted for candidate-only package after two internal QA rounds; not approved for live integration in this dialogue.
us-ca-k5-knowledge-point-practice-v1-us-ca-math-p1-1-oa-add-subtract-q07,P1,us-ca-math-p1-1-oa-add-subtract,fill-in,Medium,pass,pass,accept-candidate-only,S18 internal QA,Accepted for candidate-only package after two internal QA rounds; not approved for live integration in this dialogue.
us-ca-k5-knowledge-point-practice-v1-us-ca-math-p1-1-oa-add-subtract-q08,P1,us-ca-math-p1-1-oa-add-subtract,short-answer,High,pass,pass,accept-candidate-only,S18 internal QA,Accepted for candidate-only package after two internal QA rounds; not approved for live integration in this dialogue.
us-ca-k5-knowledge-point-practice-v1-us-ca-math-p1-1-oa-add-subtract-q09,P1,us-ca-math-p1-1-oa-add-subtract,fill-in,Low,pass,pass,accept-candidate-only,S18 internal QA,Accepted for candidate-only package after two internal QA rounds; not approved for live integration in this dialogue.
us-ca-k5-knowledge-point-practice-v1-us-ca-math-p1-1-oa-add-subtract-q10,P1,us-ca-math-p1-1-oa-add-subtract,fill-in,Medium,pass,pass,accept-candidate-only,S18 internal QA,Accepted for candidate-only package after two internal QA rounds; not approved for live integration in this dialogue.
us-ca-k5-knowledge-point-practice-v1-us-ca-math-p1-1-oa-add-subtract-q11,P1,us-ca-math-p1-1-oa-add-subtract,fill-in,Medium,pass,pass,accept-candidate-only,S18 internal QA,Accepted for candidate-only package after two internal QA rounds; not approved for live integration in this dialogue.
us-ca-k5-knowledge-point-practice-v1-us-ca-math-p1-1-oa-add-subtract-q12,P1,us-ca-math-p1-1-oa-add-subtract,short-answer,High,pass,pass,accept-candidate-only,S18 internal QA,Accepted for candidate-only package after two internal QA rounds; not approved for live integration in this dialogue.
us-ca-k5-knowledge-point-practice-v1-us-ca-math-p1-1-nbt-place-value-q01,P1,us-ca-math-p1-1-nbt-place-value,multiple-choice,Low,pass,pass,accept-candidate-only,S18 internal QA,Accepted for candidate-only package after two internal QA rounds; not approved for live integration in this dialogue.
us-ca-k5-knowledge-point-practice-v1-us-ca-math-p1-1-nbt-place-value-q02,P1,us-ca-math-p1-1-nbt-place-value,fill-in,Medium,pass,pass,accept-candidate-only,S18 internal QA,Accepted for candidate-only package after two internal QA rounds; not approved for live integration in this dialogue.
us-ca-k5-knowledge-point-practice-v1-us-ca-math-p1-1-nbt-place-value-q03,P1,us-ca-math-p1-1-nbt-place-value,fill-in,Medium,pass,pass,accept-candidate-only,S18 internal QA,Accepted for candidate-only package after two internal QA rounds; not approved for live integration in this dialogue.
us-ca-k5-knowledge-point-practice-v1-us-ca-math-p1-1-nbt-place-value-q04,P1,us-ca-math-p1-1-nbt-place-value,fill-in,High,pass,pass,accept-candidate-only,S18 internal QA,Accepted for candidate-only package after two internal QA rounds; not approved for live integration in this dialogue.
us-ca-k5-knowledge-point-practice-v1-us-ca-math-p1-1-nbt-place-value-q05,P1,us-ca-math-p1-1-nbt-place-value,fill-in,Low,pass,pass,accept-candidate-only,S18 internal QA,Accepted for candidate-only package after two internal QA rounds; not approved for live integration in this dialogue.
us-ca-k5-knowledge-point-practice-v1-us-ca-math-p1-1-nbt-place-value-q06,P1,us-ca-math-p1-1-nbt-place-value,fill-in,Medium,pass,pass,accept-candidate-only,S18 internal QA,Accepted for candidate-only package after two internal QA rounds; not approved for live integration in this dialogue.
us-ca-k5-knowledge-point-practice-v1-us-ca-math-p1-1-nbt-place-value-q07,P1,us-ca-math-p1-1-nbt-place-value,fill-in,Medium,pass,pass,accept-candidate-only,S18 internal QA,Accepted for candidate-only package after two internal QA rounds; not approved for live integration in this dialogue.
us-ca-k5-knowledge-point-practice-v1-us-ca-math-p1-1-nbt-place-value-q08,P1,us-ca-math-p1-1-nbt-place-value,fill-in,High,pass,pass,accept-candidate-only,S18 internal QA,Accepted for candidate-only package after two internal QA rounds; not approved for live integration in this dialogue.
us-ca-k5-knowledge-point-practice-v1-us-ca-math-p1-1-nbt-place-value-q09,P1,us-ca-math-p1-1-nbt-place-value,fill-in,Low,pass,pass,accept-candidate-only,S18 internal QA,Accepted for candidate-only package after two internal QA rounds; not approved for live integration in this dialogue.
us-ca-k5-knowledge-point-practice-v1-us-ca-math-p1-1-nbt-place-value-q10,P1,us-ca-math-p1-1-nbt-place-value,fill-in,Medium,pass,pass,accept-candidate-only,S18 internal QA,Accepted for candidate-only package after two internal QA rounds; not approved for live integration in this dialogue.
us-ca-k5-knowledge-point-practice-v1-us-ca-math-p1-1-nbt-place-value-q11,P1,us-ca-math-p1-1-nbt-place-value,fill-in,Medium,pass,pass,accept-candidate-only,S18 internal QA,Accepted for candidate-only package after two internal QA rounds; not approved for live integration in this dialogue.
us-ca-k5-knowledge-point-practice-v1-us-ca-math-p1-1-nbt-place-value-q12,P1,us-ca-math-p1-1-nbt-place-value,fill-in,High,pass,pass,accept-candidate-only,S18 internal QA,Accepted for candidate-only package after two internal QA rounds; not approved for live integration in this dialogue.
us-ca-k5-knowledge-point-practice-v1-us-ca-math-p1-1-md-measure-data-q01,P1,us-ca-math-p1-1-md-measure-data,fill-in,Low,pass,pass,accept-candidate-only,S18 internal QA,Accepted for candidate-only package after two internal QA rounds; not approved for live integration in this dialogue.
us-ca-k5-knowledge-point-practice-v1-us-ca-math-p1-1-md-measure-data-q02,P1,us-ca-math-p1-1-md-measure-data,short-answer,Medium,pass,pass,accept-candidate-only,S18 internal QA,Accepted for candidate-only package after two internal QA rounds; not approved for live integration in this dialogue.
us-ca-k5-knowledge-point-practice-v1-us-ca-math-p1-1-md-measure-data-q03,P1,us-ca-math-p1-1-md-measure-data,short-answer,Medium,pass,pass,accept-candidate-only,S18 internal QA,Accepted for candidate-only package after two internal QA rounds; not approved for live integration in this dialogue.
us-ca-k5-knowledge-point-practice-v1-us-ca-math-p1-1-md-measure-data-q04,P1,us-ca-math-p1-1-md-measure-data,short-answer,High,pass,pass,accept-candidate-only,S18 internal QA,Accepted for candidate-only package after two internal QA rounds; not approved for live integration in this dialogue.
us-ca-k5-knowledge-point-practice-v1-us-ca-math-p1-1-md-measure-data-q05,P1,us-ca-math-p1-1-md-measure-data,fill-in,Low,pass,pass,accept-candidate-only,S18 internal QA,Accepted for candidate-only package after two internal QA rounds; not approved for live integration in this dialogue.
us-ca-k5-knowledge-point-practice-v1-us-ca-math-p1-1-md-measure-data-q06,P1,us-ca-math-p1-1-md-measure-data,short-answer,Medium,pass,pass,accept-candidate-only,S18 internal QA,Accepted for candidate-only package after two internal QA rounds; not approved for live integration in this dialogue.
us-ca-k5-knowledge-point-practice-v1-us-ca-math-p1-1-md-measure-data-q07,P1,us-ca-math-p1-1-md-measure-data,short-answer,Medium,pass,pass,accept-candidate-only,S18 internal QA,Accepted for candidate-only package after two internal QA rounds; not approved for live integration in this dialogue.
us-ca-k5-knowledge-point-practice-v1-us-ca-math-p1-1-md-measure-data-q08,P1,us-ca-math-p1-1-md-measure-data,short-answer,High,pass,pass,accept-candidate-only,S18 internal QA,Accepted for candidate-only package after two internal QA rounds; not approved for live integration in this dialogue.
us-ca-k5-knowledge-point-practice-v1-us-ca-math-p1-1-md-measure-data-q09,P1,us-ca-math-p1-1-md-measure-data,fill-in,Low,pass,pass,accept-candidate-only,S18 internal QA,Accepted for candidate-only package after two internal QA rounds; not approved for live integration in this dialogue.
us-ca-k5-knowledge-point-practice-v1-us-ca-math-p1-1-md-measure-data-q10,P1,us-ca-math-p1-1-md-measure-data,short-answer,Medium,pass,pass,accept-candidate-only,S18 internal QA,Accepted for candidate-only package after two internal QA rounds; not approved for live integration in this dialogue.
us-ca-k5-knowledge-point-practice-v1-us-ca-math-p1-1-md-measure-data-q11,P1,us-ca-math-p1-1-md-measure-data,short-answer,Medium,pass,pass,accept-candidate-only,S18 internal QA,Accepted for candidate-only package after two internal QA rounds; not approved for live integration in this dialogue.
us-ca-k5-knowledge-point-practice-v1-us-ca-math-p1-1-md-measure-data-q12,P1,us-ca-math-p1-1-md-measure-data,short-answer,High,pass,pass,accept-candidate-only,S18 internal QA,Accepted for candidate-only package after two internal QA rounds; not approved for live integration in this dialogue.
us-ca-k5-knowledge-point-practice-v1-us-ca-math-p1-1-g-shape-reasoning-q01,P1,us-ca-math-p1-1-g-shape-reasoning,fill-in,Low,pass,pass,accept-candidate-only,S18 internal QA,Accepted for candidate-only package after two internal QA rounds; not approved for live integration in this dialogue.
us-ca-k5-knowledge-point-practice-v1-us-ca-math-p1-1-g-shape-reasoning-q02,P1,us-ca-math-p1-1-g-shape-reasoning,fill-in,Medium,pass,pass,accept-candidate-only,S18 internal QA,Accepted for candidate-only package after two internal QA rounds; not approved for live integration in this dialogue.
us-ca-k5-knowledge-point-practice-v1-us-ca-math-p1-1-g-shape-reasoning-q03,P1,us-ca-math-p1-1-g-shape-reasoning,multiple-choice,Medium,pass,pass,accept-candidate-only,S18 internal QA,Accepted for candidate-only package after two internal QA rounds; not approved for live integration in this dialogue.
us-ca-k5-knowledge-point-practice-v1-us-ca-math-p1-1-g-shape-reasoning-q04,P1,us-ca-math-p1-1-g-shape-reasoning,short-answer,High,pass,pass,accept-candidate-only,S18 internal QA,Accepted for candidate-only package after two internal QA rounds; not approved for live integration in this dialogue.
us-ca-k5-knowledge-point-practice-v1-us-ca-math-p1-1-g-shape-reasoning-q05,P1,us-ca-math-p1-1-g-shape-reasoning,fill-in,Low,pass,pass,accept-candidate-only,S18 internal QA,Accepted for candidate-only package after two internal QA rounds; not approved for live integration in this dialogue.
us-ca-k5-knowledge-point-practice-v1-us-ca-math-p1-1-g-shape-reasoning-q06,P1,us-ca-math-p1-1-g-shape-reasoning,fill-in,Medium,pass,pass,accept-candidate-only,S18 internal QA,Accepted for candidate-only package after two internal QA rounds; not approved for live integration in this dialogue.
us-ca-k5-knowledge-point-practice-v1-us-ca-math-p1-1-g-shape-reasoning-q07,P1,us-ca-math-p1-1-g-shape-reasoning,fill-in,Medium,pass,pass,accept-candidate-only,S18 internal QA,Accepted for candidate-only package after two internal QA rounds; not approved for live integration in this dialogue.
us-ca-k5-knowledge-point-practice-v1-us-ca-math-p1-1-g-shape-reasoning-q08,P1,us-ca-math-p1-1-g-shape-reasoning,short-answer,High,pass,pass,accept-candidate-only,S18 internal QA,Accepted for candidate-only package after two internal QA rounds; not approved for live integration in this dialogue.
us-ca-k5-knowledge-point-practice-v1-us-ca-math-p1-1-g-shape-reasoning-q09,P1,us-ca-math-p1-1-g-shape-reasoning,multiple-choice,Low,pass,pass,accept-candidate-only,S18 internal QA,Accepted for candidate-only package after two internal QA rounds; not approved for live integration in this dialogue.
us-ca-k5-knowledge-point-practice-v1-us-ca-math-p1-1-g-shape-reasoning-q10,P1,us-ca-math-p1-1-g-shape-reasoning,fill-in,Medium,pass,pass,accept-candidate-only,S18 internal QA,Accepted for candidate-only package after two internal QA rounds; not approved for live integration in this dialogue.
us-ca-k5-knowledge-point-practice-v1-us-ca-math-p1-1-g-shape-reasoning-q11,P1,us-ca-math-p1-1-g-shape-reasoning,fill-in,Medium,pass,pass,accept-candidate-only,S18 internal QA,Accepted for candidate-only package after two internal QA rounds; not approved for live integration in this dialogue.
us-ca-k5-knowledge-point-practice-v1-us-ca-math-p1-1-g-shape-reasoning-q12,P1,us-ca-math-p1-1-g-shape-reasoning,fill-in,High,pass,pass,accept-candidate-only,S18 internal QA,Accepted for candidate-only package after two internal QA rounds; not approved for live integration in this dialogue.
us-ca-k5-knowledge-point-practice-v1-us-ca-math-p2-2-oa-fluency-arrays-q01,P2,us-ca-math-p2-2-oa-fluency-arrays,multiple-choice,Low,pass,pass,accept-candidate-only,S18 internal QA,Accepted for candidate-only package after two internal QA rounds; not approved for live integration in this dialogue.
us-ca-k5-knowledge-point-practice-v1-us-ca-math-p2-2-oa-fluency-arrays-q02,P2,us-ca-math-p2-2-oa-fluency-arrays,fill-in,Medium,pass,pass,accept-candidate-only,S18 internal QA,Accepted for candidate-only package after two internal QA rounds; not approved for live integration in this dialogue.
us-ca-k5-knowledge-point-practice-v1-us-ca-math-p2-2-oa-fluency-arrays-q03,P2,us-ca-math-p2-2-oa-fluency-arrays,multiple-choice,Medium,pass,pass,accept-candidate-only,S18 internal QA,Accepted for candidate-only package after two internal QA rounds; not approved for live integration in this dialogue.
us-ca-k5-knowledge-point-practice-v1-us-ca-math-p2-2-oa-fluency-arrays-q04,P2,us-ca-math-p2-2-oa-fluency-arrays,short-answer,High,pass,pass,accept-candidate-only,S18 internal QA,Accepted for candidate-only package after two internal QA rounds; not approved for live integration in this dialogue.
us-ca-k5-knowledge-point-practice-v1-us-ca-math-p2-2-oa-fluency-arrays-q05,P2,us-ca-math-p2-2-oa-fluency-arrays,multiple-choice,Low,pass,pass,accept-candidate-only,S18 internal QA,Accepted for candidate-only package after two internal QA rounds; not approved for live integration in this dialogue.
us-ca-k5-knowledge-point-practice-v1-us-ca-math-p2-2-oa-fluency-arrays-q06,P2,us-ca-math-p2-2-oa-fluency-arrays,fill-in,Medium,pass,pass,accept-candidate-only,S18 internal QA,Accepted for candidate-only package after two internal QA rounds; not approved for live integration in this dialogue.
us-ca-k5-knowledge-point-practice-v1-us-ca-math-p2-2-oa-fluency-arrays-q07,P2,us-ca-math-p2-2-oa-fluency-arrays,multiple-choice,Medium,pass,pass,accept-candidate-only,S18 internal QA,Accepted for candidate-only package after two internal QA rounds; not approved for live integration in this dialogue.
us-ca-k5-knowledge-point-practice-v1-us-ca-math-p2-2-oa-fluency-arrays-q08,P2,us-ca-math-p2-2-oa-fluency-arrays,short-answer,High,pass,pass,accept-candidate-only,S18 internal QA,Accepted for candidate-only package after two internal QA rounds; not approved for live integration in this dialogue.
us-ca-k5-knowledge-point-practice-v1-us-ca-math-p2-2-oa-fluency-arrays-q09,P2,us-ca-math-p2-2-oa-fluency-arrays,multiple-choice,Low,pass,pass,accept-candidate-only,S18 internal QA,Accepted for candidate-only package after two internal QA rounds; not approved for live integration in this dialogue.
us-ca-k5-knowledge-point-practice-v1-us-ca-math-p2-2-oa-fluency-arrays-q10,P2,us-ca-math-p2-2-oa-fluency-arrays,fill-in,Medium,pass,pass,accept-candidate-only,S18 internal QA,Accepted for candidate-only package after two internal QA rounds; not approved for live integration in this dialogue.
us-ca-k5-knowledge-point-practice-v1-us-ca-math-p2-2-oa-fluency-arrays-q11,P2,us-ca-math-p2-2-oa-fluency-arrays,multiple-choice,Medium,pass,pass,accept-candidate-only,S18 internal QA,Accepted for candidate-only package after two internal QA rounds; not approved for live integration in this dialogue.
us-ca-k5-knowledge-point-practice-v1-us-ca-math-p2-2-oa-fluency-arrays-q12,P2,us-ca-math-p2-2-oa-fluency-arrays,short-answer,High,pass,pass,accept-candidate-only,S18 internal QA,Accepted for candidate-only package after two internal QA rounds; not approved for live integration in this dialogue.
us-ca-k5-knowledge-point-practice-v1-us-ca-math-p2-2-nbt-three-digit-place-value-q01,P2,us-ca-math-p2-2-nbt-three-digit-place-value,multiple-choice,Low,pass,pass,accept-candidate-only,S18 internal QA,Accepted for candidate-only package after two internal QA rounds; not approved for live integration in this dialogue.
us-ca-k5-knowledge-point-practice-v1-us-ca-math-p2-2-nbt-three-digit-place-value-q02,P2,us-ca-math-p2-2-nbt-three-digit-place-value,fill-in,Medium,pass,pass,accept-candidate-only,S18 internal QA,Accepted for candidate-only package after two internal QA rounds; not approved for live integration in this dialogue.
us-ca-k5-knowledge-point-practice-v1-us-ca-math-p2-2-nbt-three-digit-place-value-q03,P2,us-ca-math-p2-2-nbt-three-digit-place-value,fill-in,Medium,pass,pass,accept-candidate-only,S18 internal QA,Accepted for candidate-only package after two internal QA rounds; not approved for live integration in this dialogue.
us-ca-k5-knowledge-point-practice-v1-us-ca-math-p2-2-nbt-three-digit-place-value-q04,P2,us-ca-math-p2-2-nbt-three-digit-place-value,fill-in,High,pass,pass,accept-candidate-only,S18 internal QA,Accepted for candidate-only package after two internal QA rounds; not approved for live integration in this dialogue.
us-ca-k5-knowledge-point-practice-v1-us-ca-math-p2-2-nbt-three-digit-place-value-q05,P2,us-ca-math-p2-2-nbt-three-digit-place-value,fill-in,Low,pass,pass,accept-candidate-only,S18 internal QA,Accepted for candidate-only package after two internal QA rounds; not approved for live integration in this dialogue.
us-ca-k5-knowledge-point-practice-v1-us-ca-math-p2-2-nbt-three-digit-place-value-q06,P2,us-ca-math-p2-2-nbt-three-digit-place-value,fill-in,Medium,pass,pass,accept-candidate-only,S18 internal QA,Accepted for candidate-only package after two internal QA rounds; not approved for live integration in this dialogue.
us-ca-k5-knowledge-point-practice-v1-us-ca-math-p2-2-nbt-three-digit-place-value-q07,P2,us-ca-math-p2-2-nbt-three-digit-place-value,fill-in,Medium,pass,pass,accept-candidate-only,S18 internal QA,Accepted for candidate-only package after two internal QA rounds; not approved for live integration in this dialogue.
us-ca-k5-knowledge-point-practice-v1-us-ca-math-p2-2-nbt-three-digit-place-value-q08,P2,us-ca-math-p2-2-nbt-three-digit-place-value,fill-in,High,pass,pass,accept-candidate-only,S18 internal QA,Accepted for candidate-only package after two internal QA rounds; not approved for live integration in this dialogue.
us-ca-k5-knowledge-point-practice-v1-us-ca-math-p2-2-nbt-three-digit-place-value-q09,P2,us-ca-math-p2-2-nbt-three-digit-place-value,fill-in,Low,pass,pass,accept-candidate-only,S18 internal QA,Accepted for candidate-only package after two internal QA rounds; not approved for live integration in this dialogue.
us-ca-k5-knowledge-point-practice-v1-us-ca-math-p2-2-nbt-three-digit-place-value-q10,P2,us-ca-math-p2-2-nbt-three-digit-place-value,fill-in,Medium,pass,pass,accept-candidate-only,S18 internal QA,Accepted for candidate-only package after two internal QA rounds; not approved for live integration in this dialogue.
us-ca-k5-knowledge-point-practice-v1-us-ca-math-p2-2-nbt-three-digit-place-value-q11,P2,us-ca-math-p2-2-nbt-three-digit-place-value,fill-in,Medium,pass,pass,accept-candidate-only,S18 internal QA,Accepted for candidate-only package after two internal QA rounds; not approved for live integration in this dialogue.
us-ca-k5-knowledge-point-practice-v1-us-ca-math-p2-2-nbt-three-digit-place-value-q12,P2,us-ca-math-p2-2-nbt-three-digit-place-value,fill-in,High,pass,pass,accept-candidate-only,S18 internal QA,Accepted for candidate-only package after two internal QA rounds; not approved for live integration in this dialogue.
us-ca-k5-knowledge-point-practice-v1-us-ca-math-p2-2-md-measure-data-money-time-q01,P2,us-ca-math-p2-2-md-measure-data-money-time,fill-in,Low,pass,pass,accept-candidate-only,S18 internal QA,Accepted for candidate-only package after two internal QA rounds; not approved for live integration in this dialogue.
us-ca-k5-knowledge-point-practice-v1-us-ca-math-p2-2-md-measure-data-money-time-q02,P2,us-ca-math-p2-2-md-measure-data-money-time,fill-in,Medium,pass,pass,accept-candidate-only,S18 internal QA,Accepted for candidate-only package after two internal QA rounds; not approved for live integration in this dialogue.
us-ca-k5-knowledge-point-practice-v1-us-ca-math-p2-2-md-measure-data-money-time-q03,P2,us-ca-math-p2-2-md-measure-data-money-time,short-answer,Medium,pass,pass,accept-candidate-only,S18 internal QA,Accepted for candidate-only package after two internal QA rounds; not approved for live integration in this dialogue.
us-ca-k5-knowledge-point-practice-v1-us-ca-math-p2-2-md-measure-data-money-time-q04,P2,us-ca-math-p2-2-md-measure-data-money-time,short-answer,High,pass,pass,accept-candidate-only,S18 internal QA,Accepted for candidate-only package after two internal QA rounds; not approved for live integration in this dialogue.
us-ca-k5-knowledge-point-practice-v1-us-ca-math-p2-2-md-measure-data-money-time-q05,P2,us-ca-math-p2-2-md-measure-data-money-time,fill-in,Low,pass,pass,accept-candidate-only,S18 internal QA,Accepted for candidate-only package after two internal QA rounds; not approved for live integration in this dialogue.
us-ca-k5-knowledge-point-practice-v1-us-ca-math-p2-2-md-measure-data-money-time-q06,P2,us-ca-math-p2-2-md-measure-data-money-time,fill-in,Medium,pass,pass,accept-candidate-only,S18 internal QA,Accepted for candidate-only package after two internal QA rounds; not approved for live integration in this dialogue.
us-ca-k5-knowledge-point-practice-v1-us-ca-math-p2-2-md-measure-data-money-time-q07,P2,us-ca-math-p2-2-md-measure-data-money-time,short-answer,Medium,pass,pass,accept-candidate-only,S18 internal QA,Accepted for candidate-only package after two internal QA rounds; not approved for live integration in this dialogue.
us-ca-k5-knowledge-point-practice-v1-us-ca-math-p2-2-md-measure-data-money-time-q08,P2,us-ca-math-p2-2-md-measure-data-money-time,short-answer,High,pass,pass,accept-candidate-only,S18 internal QA,Accepted for candidate-only package after two internal QA rounds; not approved for live integration in this dialogue.
us-ca-k5-knowledge-point-practice-v1-us-ca-math-p2-2-md-measure-data-money-time-q09,P2,us-ca-math-p2-2-md-measure-data-money-time,fill-in,Low,pass,pass,accept-candidate-only,S18 internal QA,Accepted for candidate-only package after two internal QA rounds; not approved for live integration in this dialogue.
us-ca-k5-knowledge-point-practice-v1-us-ca-math-p2-2-md-measure-data-money-time-q10,P2,us-ca-math-p2-2-md-measure-data-money-time,fill-in,Medium,pass,pass,accept-candidate-only,S18 internal QA,Accepted for candidate-only package after two internal QA rounds; not approved for live integration in this dialogue.
us-ca-k5-knowledge-point-practice-v1-us-ca-math-p2-2-md-measure-data-money-time-q11,P2,us-ca-math-p2-2-md-measure-data-money-time,short-answer,Medium,pass,pass,accept-candidate-only,S18 internal QA,Accepted for candidate-only package after two internal QA rounds; not approved for live integration in this dialogue.
us-ca-k5-knowledge-point-practice-v1-us-ca-math-p2-2-md-measure-data-money-time-q12,P2,us-ca-math-p2-2-md-measure-data-money-time,short-answer,High,pass,pass,accept-candidate-only,S18 internal QA,Accepted for candidate-only package after two internal QA rounds; not approved for live integration in this dialogue.
us-ca-k5-knowledge-point-practice-v1-us-ca-math-p2-2-g-partition-shapes-q01,P2,us-ca-math-p2-2-g-partition-shapes,multiple-choice,Low,pass,pass,accept-candidate-only,S18 internal QA,Accepted for candidate-only package after two internal QA rounds; not approved for live integration in this dialogue.
us-ca-k5-knowledge-point-practice-v1-us-ca-math-p2-2-g-partition-shapes-q02,P2,us-ca-math-p2-2-g-partition-shapes,fill-in,Medium,pass,pass,accept-candidate-only,S18 internal QA,Accepted for candidate-only package after two internal QA rounds; not approved for live integration in this dialogue.
us-ca-k5-knowledge-point-practice-v1-us-ca-math-p2-2-g-partition-shapes-q03,P2,us-ca-math-p2-2-g-partition-shapes,fill-in,Medium,pass,pass,accept-candidate-only,S18 internal QA,Accepted for candidate-only package after two internal QA rounds; not approved for live integration in this dialogue.
us-ca-k5-knowledge-point-practice-v1-us-ca-math-p2-2-g-partition-shapes-q04,P2,us-ca-math-p2-2-g-partition-shapes,fill-in,High,pass,pass,accept-candidate-only,S18 internal QA,Accepted for candidate-only package after two internal QA rounds; not approved for live integration in this dialogue.
us-ca-k5-knowledge-point-practice-v1-us-ca-math-p2-2-g-partition-shapes-q05,P2,us-ca-math-p2-2-g-partition-shapes,fill-in,Low,pass,pass,accept-candidate-only,S18 internal QA,Accepted for candidate-only package after two internal QA rounds; not approved for live integration in this dialogue.
us-ca-k5-knowledge-point-practice-v1-us-ca-math-p2-2-g-partition-shapes-q06,P2,us-ca-math-p2-2-g-partition-shapes,fill-in,Medium,pass,pass,accept-candidate-only,S18 internal QA,Accepted for candidate-only package after two internal QA rounds; not approved for live integration in this dialogue.
us-ca-k5-knowledge-point-practice-v1-us-ca-math-p2-2-g-partition-shapes-q07,P2,us-ca-math-p2-2-g-partition-shapes,multiple-choice,Medium,pass,pass,accept-candidate-only,S18 internal QA,Accepted for candidate-only package after two internal QA rounds; not approved for live integration in this dialogue.
us-ca-k5-knowledge-point-practice-v1-us-ca-math-p2-2-g-partition-shapes-q08,P2,us-ca-math-p2-2-g-partition-shapes,short-answer,High,pass,pass,accept-candidate-only,S18 internal QA,Accepted for candidate-only package after two internal QA rounds; not approved for live integration in this dialogue.
us-ca-k5-knowledge-point-practice-v1-us-ca-math-p2-2-g-partition-shapes-q09,P2,us-ca-math-p2-2-g-partition-shapes,fill-in,Low,pass,pass,accept-candidate-only,S18 internal QA,Accepted for candidate-only package after two internal QA rounds; not approved for live integration in this dialogue.
us-ca-k5-knowledge-point-practice-v1-us-ca-math-p2-2-g-partition-shapes-q10,P2,us-ca-math-p2-2-g-partition-shapes,fill-in,Medium,pass,pass,accept-candidate-only,S18 internal QA,Accepted for candidate-only package after two internal QA rounds; not approved for live integration in this dialogue.
us-ca-k5-knowledge-point-practice-v1-us-ca-math-p2-2-g-partition-shapes-q11,P2,us-ca-math-p2-2-g-partition-shapes,fill-in,Medium,pass,pass,accept-candidate-only,S18 internal QA,Accepted for candidate-only package after two internal QA rounds; not approved for live integration in this dialogue.
us-ca-k5-knowledge-point-practice-v1-us-ca-math-p2-2-g-partition-shapes-q12,P2,us-ca-math-p2-2-g-partition-shapes,short-answer,High,pass,pass,accept-candidate-only,S18 internal QA,Accepted for candidate-only package after two internal QA rounds; not approved for live integration in this dialogue.
us-ca-k5-knowledge-point-practice-v1-us-ca-math-p3-3-oa-mult-div-q01,P3,us-ca-math-p3-3-oa-mult-div,multiple-choice,Low,pass,pass,accept-candidate-only,S18 internal QA,Accepted for candidate-only package after two internal QA rounds; not approved for live integration in this dialogue.
us-ca-k5-knowledge-point-practice-v1-us-ca-math-p3-3-oa-mult-div-q02,P3,us-ca-math-p3-3-oa-mult-div,fill-in,Medium,pass,pass,accept-candidate-only,S18 internal QA,Accepted for candidate-only package after two internal QA rounds; not approved for live integration in this dialogue.
us-ca-k5-knowledge-point-practice-v1-us-ca-math-p3-3-oa-mult-div-q03,P3,us-ca-math-p3-3-oa-mult-div,multiple-choice,Medium,pass,pass,accept-candidate-only,S18 internal QA,Accepted for candidate-only package after two internal QA rounds; not approved for live integration in this dialogue.
us-ca-k5-knowledge-point-practice-v1-us-ca-math-p3-3-oa-mult-div-q04,P3,us-ca-math-p3-3-oa-mult-div,short-answer,High,pass,pass,accept-candidate-only,S18 internal QA,Accepted for candidate-only package after two internal QA rounds; not approved for live integration in this dialogue.
us-ca-k5-knowledge-point-practice-v1-us-ca-math-p3-3-oa-mult-div-q05,P3,us-ca-math-p3-3-oa-mult-div,multiple-choice,Low,pass,pass,accept-candidate-only,S18 internal QA,Accepted for candidate-only package after two internal QA rounds; not approved for live integration in this dialogue.
us-ca-k5-knowledge-point-practice-v1-us-ca-math-p3-3-oa-mult-div-q06,P3,us-ca-math-p3-3-oa-mult-div,fill-in,Medium,pass,pass,accept-candidate-only,S18 internal QA,Accepted for candidate-only package after two internal QA rounds; not approved for live integration in this dialogue.
us-ca-k5-knowledge-point-practice-v1-us-ca-math-p3-3-oa-mult-div-q07,P3,us-ca-math-p3-3-oa-mult-div,multiple-choice,Medium,pass,pass,accept-candidate-only,S18 internal QA,Accepted for candidate-only package after two internal QA rounds; not approved for live integration in this dialogue.
us-ca-k5-knowledge-point-practice-v1-us-ca-math-p3-3-oa-mult-div-q08,P3,us-ca-math-p3-3-oa-mult-div,short-answer,High,pass,pass,accept-candidate-only,S18 internal QA,Accepted for candidate-only package after two internal QA rounds; not approved for live integration in this dialogue.
us-ca-k5-knowledge-point-practice-v1-us-ca-math-p3-3-oa-mult-div-q09,P3,us-ca-math-p3-3-oa-mult-div,multiple-choice,Low,pass,pass,accept-candidate-only,S18 internal QA,Accepted for candidate-only package after two internal QA rounds; not approved for live integration in this dialogue.
us-ca-k5-knowledge-point-practice-v1-us-ca-math-p3-3-oa-mult-div-q10,P3,us-ca-math-p3-3-oa-mult-div,fill-in,Medium,pass,pass,accept-candidate-only,S18 internal QA,Accepted for candidate-only package after two internal QA rounds; not approved for live integration in this dialogue.
us-ca-k5-knowledge-point-practice-v1-us-ca-math-p3-3-oa-mult-div-q11,P3,us-ca-math-p3-3-oa-mult-div,multiple-choice,Medium,pass,pass,accept-candidate-only,S18 internal QA,Accepted for candidate-only package after two internal QA rounds; not approved for live integration in this dialogue.
us-ca-k5-knowledge-point-practice-v1-us-ca-math-p3-3-oa-mult-div-q12,P3,us-ca-math-p3-3-oa-mult-div,short-answer,High,pass,pass,accept-candidate-only,S18 internal QA,Accepted for candidate-only package after two internal QA rounds; not approved for live integration in this dialogue.
us-ca-k5-knowledge-point-practice-v1-us-ca-math-p3-3-nbt-arithmetic-q01,P3,us-ca-math-p3-3-nbt-arithmetic,multiple-choice,Low,pass,pass,accept-candidate-only,S18 internal QA,Accepted for candidate-only package after two internal QA rounds; not approved for live integration in this dialogue.
us-ca-k5-knowledge-point-practice-v1-us-ca-math-p3-3-nbt-arithmetic-q02,P3,us-ca-math-p3-3-nbt-arithmetic,fill-in,Medium,pass,pass,accept-candidate-only,S18 internal QA,Accepted for candidate-only package after two internal QA rounds; not approved for live integration in this dialogue.
us-ca-k5-knowledge-point-practice-v1-us-ca-math-p3-3-nbt-arithmetic-q03,P3,us-ca-math-p3-3-nbt-arithmetic,fill-in,Medium,pass,pass,accept-candidate-only,S18 internal QA,Accepted for candidate-only package after two internal QA rounds; not approved for live integration in this dialogue.
us-ca-k5-knowledge-point-practice-v1-us-ca-math-p3-3-nbt-arithmetic-q04,P3,us-ca-math-p3-3-nbt-arithmetic,fill-in,High,pass,pass,accept-candidate-only,S18 internal QA,Accepted for candidate-only package after two internal QA rounds; not approved for live integration in this dialogue.
us-ca-k5-knowledge-point-practice-v1-us-ca-math-p3-3-nbt-arithmetic-q05,P3,us-ca-math-p3-3-nbt-arithmetic,fill-in,Low,pass,pass,accept-candidate-only,S18 internal QA,Accepted for candidate-only package after two internal QA rounds; not approved for live integration in this dialogue.
us-ca-k5-knowledge-point-practice-v1-us-ca-math-p3-3-nbt-arithmetic-q06,P3,us-ca-math-p3-3-nbt-arithmetic,fill-in,Medium,pass,pass,accept-candidate-only,S18 internal QA,Accepted for candidate-only package after two internal QA rounds; not approved for live integration in this dialogue.
us-ca-k5-knowledge-point-practice-v1-us-ca-math-p3-3-nbt-arithmetic-q07,P3,us-ca-math-p3-3-nbt-arithmetic,fill-in,Medium,pass,pass,accept-candidate-only,S18 internal QA,Accepted for candidate-only package after two internal QA rounds; not approved for live integration in this dialogue.
us-ca-k5-knowledge-point-practice-v1-us-ca-math-p3-3-nbt-arithmetic-q08,P3,us-ca-math-p3-3-nbt-arithmetic,fill-in,High,pass,pass,accept-candidate-only,S18 internal QA,Accepted for candidate-only package after two internal QA rounds; not approved for live integration in this dialogue.
us-ca-k5-knowledge-point-practice-v1-us-ca-math-p3-3-nbt-arithmetic-q09,P3,us-ca-math-p3-3-nbt-arithmetic,fill-in,Low,pass,pass,accept-candidate-only,S18 internal QA,Accepted for candidate-only package after two internal QA rounds; not approved for live integration in this dialogue.
us-ca-k5-knowledge-point-practice-v1-us-ca-math-p3-3-nbt-arithmetic-q10,P3,us-ca-math-p3-3-nbt-arithmetic,fill-in,Medium,pass,pass,accept-candidate-only,S18 internal QA,Accepted for candidate-only package after two internal QA rounds; not approved for live integration in this dialogue.
us-ca-k5-knowledge-point-practice-v1-us-ca-math-p3-3-nbt-arithmetic-q11,P3,us-ca-math-p3-3-nbt-arithmetic,fill-in,Medium,pass,pass,accept-candidate-only,S18 internal QA,Accepted for candidate-only package after two internal QA rounds; not approved for live integration in this dialogue.
us-ca-k5-knowledge-point-practice-v1-us-ca-math-p3-3-nbt-arithmetic-q12,P3,us-ca-math-p3-3-nbt-arithmetic,fill-in,High,pass,pass,accept-candidate-only,S18 internal QA,Accepted for candidate-only package after two internal QA rounds; not approved for live integration in this dialogue.
us-ca-k5-knowledge-point-practice-v1-us-ca-math-p3-3-nf-fraction-meaning-q01,P3,us-ca-math-p3-3-nf-fraction-meaning,fill-in,Low,pass,pass,accept-candidate-only,S18 internal QA,Accepted for candidate-only package after two internal QA rounds; not approved for live integration in this dialogue.
us-ca-k5-knowledge-point-practice-v1-us-ca-math-p3-3-nf-fraction-meaning-q02,P3,us-ca-math-p3-3-nf-fraction-meaning,fill-in,Medium,pass,pass,accept-candidate-only,S18 internal QA,Accepted for candidate-only package after two internal QA rounds; not approved for live integration in this dialogue.
us-ca-k5-knowledge-point-practice-v1-us-ca-math-p3-3-nf-fraction-meaning-q03,P3,us-ca-math-p3-3-nf-fraction-meaning,short-answer,Medium,pass,pass,accept-candidate-only,S18 internal QA,Accepted for candidate-only package after two internal QA rounds; not approved for live integration in this dialogue.
us-ca-k5-knowledge-point-practice-v1-us-ca-math-p3-3-nf-fraction-meaning-q04,P3,us-ca-math-p3-3-nf-fraction-meaning,short-answer,High,pass,pass,accept-candidate-only,S18 internal QA,Accepted for candidate-only package after two internal QA rounds; not approved for live integration in this dialogue.
us-ca-k5-knowledge-point-practice-v1-us-ca-math-p3-3-nf-fraction-meaning-q05,P3,us-ca-math-p3-3-nf-fraction-meaning,fill-in,Low,pass,pass,accept-candidate-only,S18 internal QA,Accepted for candidate-only package after two internal QA rounds; not approved for live integration in this dialogue.
us-ca-k5-knowledge-point-practice-v1-us-ca-math-p3-3-nf-fraction-meaning-q06,P3,us-ca-math-p3-3-nf-fraction-meaning,fill-in,Medium,pass,pass,accept-candidate-only,S18 internal QA,Accepted for candidate-only package after two internal QA rounds; not approved for live integration in this dialogue.
us-ca-k5-knowledge-point-practice-v1-us-ca-math-p3-3-nf-fraction-meaning-q07,P3,us-ca-math-p3-3-nf-fraction-meaning,short-answer,Medium,pass,pass,accept-candidate-only,S18 internal QA,Accepted for candidate-only package after two internal QA rounds; not approved for live integration in this dialogue.
us-ca-k5-knowledge-point-practice-v1-us-ca-math-p3-3-nf-fraction-meaning-q08,P3,us-ca-math-p3-3-nf-fraction-meaning,short-answer,High,pass,pass,accept-candidate-only,S18 internal QA,Accepted for candidate-only package after two internal QA rounds; not approved for live integration in this dialogue.
us-ca-k5-knowledge-point-practice-v1-us-ca-math-p3-3-nf-fraction-meaning-q09,P3,us-ca-math-p3-3-nf-fraction-meaning,fill-in,Low,pass,pass,accept-candidate-only,S18 internal QA,Accepted for candidate-only package after two internal QA rounds; not approved for live integration in this dialogue.
us-ca-k5-knowledge-point-practice-v1-us-ca-math-p3-3-nf-fraction-meaning-q10,P3,us-ca-math-p3-3-nf-fraction-meaning,fill-in,Medium,pass,pass,accept-candidate-only,S18 internal QA,Accepted for candidate-only package after two internal QA rounds; not approved for live integration in this dialogue.
us-ca-k5-knowledge-point-practice-v1-us-ca-math-p3-3-nf-fraction-meaning-q11,P3,us-ca-math-p3-3-nf-fraction-meaning,short-answer,Medium,pass,pass,accept-candidate-only,S18 internal QA,Accepted for candidate-only package after two internal QA rounds; not approved for live integration in this dialogue.
us-ca-k5-knowledge-point-practice-v1-us-ca-math-p3-3-nf-fraction-meaning-q12,P3,us-ca-math-p3-3-nf-fraction-meaning,short-answer,High,pass,pass,accept-candidate-only,S18 internal QA,Accepted for candidate-only package after two internal QA rounds; not approved for live integration in this dialogue.
us-ca-k5-knowledge-point-practice-v1-us-ca-math-p3-3-md-time-data-area-perimeter-q01,P3,us-ca-math-p3-3-md-time-data-area-perimeter,fill-in,Low,pass,pass,accept-candidate-only,S18 internal QA,Accepted for candidate-only package after two internal QA rounds; not approved for live integration in this dialogue.
us-ca-k5-knowledge-point-practice-v1-us-ca-math-p3-3-md-time-data-area-perimeter-q02,P3,us-ca-math-p3-3-md-time-data-area-perimeter,short-answer,Medium,pass,pass,accept-candidate-only,S18 internal QA,Accepted for candidate-only package after two internal QA rounds; not approved for live integration in this dialogue.
us-ca-k5-knowledge-point-practice-v1-us-ca-math-p3-3-md-time-data-area-perimeter-q03,P3,us-ca-math-p3-3-md-time-data-area-perimeter,short-answer,Medium,pass,pass,accept-candidate-only,S18 internal QA,Accepted for candidate-only package after two internal QA rounds; not approved for live integration in this dialogue.
us-ca-k5-knowledge-point-practice-v1-us-ca-math-p3-3-md-time-data-area-perimeter-q04,P3,us-ca-math-p3-3-md-time-data-area-perimeter,short-answer,High,pass,pass,accept-candidate-only,S18 internal QA,Accepted for candidate-only package after two internal QA rounds; not approved for live integration in this dialogue.
us-ca-k5-knowledge-point-practice-v1-us-ca-math-p3-3-md-time-data-area-perimeter-q05,P3,us-ca-math-p3-3-md-time-data-area-perimeter,fill-in,Low,pass,pass,accept-candidate-only,S18 internal QA,Accepted for candidate-only package after two internal QA rounds; not approved for live integration in this dialogue.
us-ca-k5-knowledge-point-practice-v1-us-ca-math-p3-3-md-time-data-area-perimeter-q06,P3,us-ca-math-p3-3-md-time-data-area-perimeter,short-answer,Medium,pass,pass,accept-candidate-only,S18 internal QA,Accepted for candidate-only package after two internal QA rounds; not approved for live integration in this dialogue.
us-ca-k5-knowledge-point-practice-v1-us-ca-math-p3-3-md-time-data-area-perimeter-q07,P3,us-ca-math-p3-3-md-time-data-area-perimeter,short-answer,Medium,pass,pass,accept-candidate-only,S18 internal QA,Accepted for candidate-only package after two internal QA rounds; not approved for live integration in this dialogue.
us-ca-k5-knowledge-point-practice-v1-us-ca-math-p3-3-md-time-data-area-perimeter-q08,P3,us-ca-math-p3-3-md-time-data-area-perimeter,short-answer,High,pass,pass,accept-candidate-only,S18 internal QA,Accepted for candidate-only package after two internal QA rounds; not approved for live integration in this dialogue.
us-ca-k5-knowledge-point-practice-v1-us-ca-math-p3-3-md-time-data-area-perimeter-q09,P3,us-ca-math-p3-3-md-time-data-area-perimeter,fill-in,Low,pass,pass,accept-candidate-only,S18 internal QA,Accepted for candidate-only package after two internal QA rounds; not approved for live integration in this dialogue.
us-ca-k5-knowledge-point-practice-v1-us-ca-math-p3-3-md-time-data-area-perimeter-q10,P3,us-ca-math-p3-3-md-time-data-area-perimeter,short-answer,Medium,pass,pass,accept-candidate-only,S18 internal QA,Accepted for candidate-only package after two internal QA rounds; not approved for live integration in this dialogue.
us-ca-k5-knowledge-point-practice-v1-us-ca-math-p3-3-md-time-data-area-perimeter-q11,P3,us-ca-math-p3-3-md-time-data-area-perimeter,short-answer,Medium,pass,pass,accept-candidate-only,S18 internal QA,Accepted for candidate-only package after two internal QA rounds; not approved for live integration in this dialogue.
us-ca-k5-knowledge-point-practice-v1-us-ca-math-p3-3-md-time-data-area-perimeter-q12,P3,us-ca-math-p3-3-md-time-data-area-perimeter,short-answer,High,pass,pass,accept-candidate-only,S18 internal QA,Accepted for candidate-only package after two internal QA rounds; not approved for live integration in this dialogue.
us-ca-k5-knowledge-point-practice-v1-us-ca-math-p3-3-g-categories-q01,P3,us-ca-math-p3-3-g-categories,multiple-choice,Low,pass,pass,accept-candidate-only,S18 internal QA,Accepted for candidate-only package after two internal QA rounds; not approved for live integration in this dialogue.
us-ca-k5-knowledge-point-practice-v1-us-ca-math-p3-3-g-categories-q02,P3,us-ca-math-p3-3-g-categories,fill-in,Medium,pass,pass,accept-candidate-only,S18 internal QA,Accepted for candidate-only package after two internal QA rounds; not approved for live integration in this dialogue.
us-ca-k5-knowledge-point-practice-v1-us-ca-math-p3-3-g-categories-q03,P3,us-ca-math-p3-3-g-categories,fill-in,Medium,pass,pass,accept-candidate-only,S18 internal QA,Accepted for candidate-only package after two internal QA rounds; not approved for live integration in this dialogue.
us-ca-k5-knowledge-point-practice-v1-us-ca-math-p3-3-g-categories-q04,P3,us-ca-math-p3-3-g-categories,fill-in,High,pass,pass,accept-candidate-only,S18 internal QA,Accepted for candidate-only package after two internal QA rounds; not approved for live integration in this dialogue.
us-ca-k5-knowledge-point-practice-v1-us-ca-math-p3-3-g-categories-q05,P3,us-ca-math-p3-3-g-categories,multiple-choice,Low,pass,pass,accept-candidate-only,S18 internal QA,Accepted for candidate-only package after two internal QA rounds; not approved for live integration in this dialogue.
us-ca-k5-knowledge-point-practice-v1-us-ca-math-p3-3-g-categories-q06,P3,us-ca-math-p3-3-g-categories,fill-in,Medium,pass,pass,accept-candidate-only,S18 internal QA,Accepted for candidate-only package after two internal QA rounds; not approved for live integration in this dialogue.
us-ca-k5-knowledge-point-practice-v1-us-ca-math-p3-3-g-categories-q07,P3,us-ca-math-p3-3-g-categories,multiple-choice,Medium,pass,pass,accept-candidate-only,S18 internal QA,Accepted for candidate-only package after two internal QA rounds; not approved for live integration in this dialogue.
us-ca-k5-knowledge-point-practice-v1-us-ca-math-p3-3-g-categories-q08,P3,us-ca-math-p3-3-g-categories,fill-in,High,pass,pass,accept-candidate-only,S18 internal QA,Accepted for candidate-only package after two internal QA rounds; not approved for live integration in this dialogue.
us-ca-k5-knowledge-point-practice-v1-us-ca-math-p3-3-g-categories-q09,P3,us-ca-math-p3-3-g-categories,fill-in,Low,pass,pass,accept-candidate-only,S18 internal QA,Accepted for candidate-only package after two internal QA rounds; not approved for live integration in this dialogue.
us-ca-k5-knowledge-point-practice-v1-us-ca-math-p3-3-g-categories-q10,P3,us-ca-math-p3-3-g-categories,fill-in,Medium,pass,pass,accept-candidate-only,S18 internal QA,Accepted for candidate-only package after two internal QA rounds; not approved for live integration in this dialogue.
us-ca-k5-knowledge-point-practice-v1-us-ca-math-p3-3-g-categories-q11,P3,us-ca-math-p3-3-g-categories,multiple-choice,Medium,pass,pass,accept-candidate-only,S18 internal QA,Accepted for candidate-only package after two internal QA rounds; not approved for live integration in this dialogue.
us-ca-k5-knowledge-point-practice-v1-us-ca-math-p3-3-g-categories-q12,P3,us-ca-math-p3-3-g-categories,short-answer,High,pass,pass,accept-candidate-only,S18 internal QA,Accepted for candidate-only package after two internal QA rounds; not approved for live integration in this dialogue.
us-ca-k5-knowledge-point-practice-v1-us-ca-math-p4-4-oa-factors-patterns-q01,P4,us-ca-math-p4-4-oa-factors-patterns,multiple-choice,Low,pass,pass,accept-candidate-only,S18 internal QA,Accepted for candidate-only package after two internal QA rounds; not approved for live integration in this dialogue.
us-ca-k5-knowledge-point-practice-v1-us-ca-math-p4-4-oa-factors-patterns-q02,P4,us-ca-math-p4-4-oa-factors-patterns,fill-in,Medium,pass,pass,accept-candidate-only,S18 internal QA,Accepted for candidate-only package after two internal QA rounds; not approved for live integration in this dialogue.
us-ca-k5-knowledge-point-practice-v1-us-ca-math-p4-4-oa-factors-patterns-q03,P4,us-ca-math-p4-4-oa-factors-patterns,multiple-choice,Medium,pass,pass,accept-candidate-only,S18 internal QA,Accepted for candidate-only package after two internal QA rounds; not approved for live integration in this dialogue.
us-ca-k5-knowledge-point-practice-v1-us-ca-math-p4-4-oa-factors-patterns-q04,P4,us-ca-math-p4-4-oa-factors-patterns,fill-in,High,pass,pass,accept-candidate-only,S18 internal QA,Accepted for candidate-only package after two internal QA rounds; not approved for live integration in this dialogue.
us-ca-k5-knowledge-point-practice-v1-us-ca-math-p4-4-oa-factors-patterns-q05,P4,us-ca-math-p4-4-oa-factors-patterns,multiple-choice,Low,pass,pass,accept-candidate-only,S18 internal QA,Accepted for candidate-only package after two internal QA rounds; not approved for live integration in this dialogue.
us-ca-k5-knowledge-point-practice-v1-us-ca-math-p4-4-oa-factors-patterns-q06,P4,us-ca-math-p4-4-oa-factors-patterns,fill-in,Medium,pass,pass,accept-candidate-only,S18 internal QA,Accepted for candidate-only package after two internal QA rounds; not approved for live integration in this dialogue.
us-ca-k5-knowledge-point-practice-v1-us-ca-math-p4-4-oa-factors-patterns-q07,P4,us-ca-math-p4-4-oa-factors-patterns,multiple-choice,Medium,pass,pass,accept-candidate-only,S18 internal QA,Accepted for candidate-only package after two internal QA rounds; not approved for live integration in this dialogue.
us-ca-k5-knowledge-point-practice-v1-us-ca-math-p4-4-oa-factors-patterns-q08,P4,us-ca-math-p4-4-oa-factors-patterns,fill-in,High,pass,pass,accept-candidate-only,S18 internal QA,Accepted for candidate-only package after two internal QA rounds; not approved for live integration in this dialogue.
us-ca-k5-knowledge-point-practice-v1-us-ca-math-p4-4-oa-factors-patterns-q09,P4,us-ca-math-p4-4-oa-factors-patterns,multiple-choice,Low,pass,pass,accept-candidate-only,S18 internal QA,Accepted for candidate-only package after two internal QA rounds; not approved for live integration in this dialogue.
us-ca-k5-knowledge-point-practice-v1-us-ca-math-p4-4-oa-factors-patterns-q10,P4,us-ca-math-p4-4-oa-factors-patterns,fill-in,Medium,pass,pass,accept-candidate-only,S18 internal QA,Accepted for candidate-only package after two internal QA rounds; not approved for live integration in this dialogue.
us-ca-k5-knowledge-point-practice-v1-us-ca-math-p4-4-oa-factors-patterns-q11,P4,us-ca-math-p4-4-oa-factors-patterns,multiple-choice,Medium,pass,pass,accept-candidate-only,S18 internal QA,Accepted for candidate-only package after two internal QA rounds; not approved for live integration in this dialogue.
us-ca-k5-knowledge-point-practice-v1-us-ca-math-p4-4-oa-factors-patterns-q12,P4,us-ca-math-p4-4-oa-factors-patterns,fill-in,High,pass,pass,accept-candidate-only,S18 internal QA,Accepted for candidate-only package after two internal QA rounds; not approved for live integration in this dialogue.
us-ca-k5-knowledge-point-practice-v1-us-ca-math-p4-4-nbt-multi-digit-q01,P4,us-ca-math-p4-4-nbt-multi-digit,multiple-choice,Low,pass,pass,accept-candidate-only,S18 internal QA,Accepted for candidate-only package after two internal QA rounds; not approved for live integration in this dialogue.
us-ca-k5-knowledge-point-practice-v1-us-ca-math-p4-4-nbt-multi-digit-q02,P4,us-ca-math-p4-4-nbt-multi-digit,fill-in,Medium,pass,pass,accept-candidate-only,S18 internal QA,Accepted for candidate-only package after two internal QA rounds; not approved for live integration in this dialogue.
us-ca-k5-knowledge-point-practice-v1-us-ca-math-p4-4-nbt-multi-digit-q03,P4,us-ca-math-p4-4-nbt-multi-digit,multiple-choice,Medium,pass,pass,accept-candidate-only,S18 internal QA,Accepted for candidate-only package after two internal QA rounds; not approved for live integration in this dialogue.
us-ca-k5-knowledge-point-practice-v1-us-ca-math-p4-4-nbt-multi-digit-q04,P4,us-ca-math-p4-4-nbt-multi-digit,fill-in,High,pass,pass,accept-candidate-only,S18 internal QA,Accepted for candidate-only package after two internal QA rounds; not approved for live integration in this dialogue.
us-ca-k5-knowledge-point-practice-v1-us-ca-math-p4-4-nbt-multi-digit-q05,P4,us-ca-math-p4-4-nbt-multi-digit,fill-in,Low,pass,pass,accept-candidate-only,S18 internal QA,Accepted for candidate-only package after two internal QA rounds; not approved for live integration in this dialogue.
us-ca-k5-knowledge-point-practice-v1-us-ca-math-p4-4-nbt-multi-digit-q06,P4,us-ca-math-p4-4-nbt-multi-digit,fill-in,Medium,pass,pass,accept-candidate-only,S18 internal QA,Accepted for candidate-only package after two internal QA rounds; not approved for live integration in this dialogue.
us-ca-k5-knowledge-point-practice-v1-us-ca-math-p4-4-nbt-multi-digit-q07,P4,us-ca-math-p4-4-nbt-multi-digit,fill-in,Medium,pass,pass,accept-candidate-only,S18 internal QA,Accepted for candidate-only package after two internal QA rounds; not approved for live integration in this dialogue.
us-ca-k5-knowledge-point-practice-v1-us-ca-math-p4-4-nbt-multi-digit-q08,P4,us-ca-math-p4-4-nbt-multi-digit,fill-in,High,pass,pass,accept-candidate-only,S18 internal QA,Accepted for candidate-only package after two internal QA rounds; not approved for live integration in this dialogue.
us-ca-k5-knowledge-point-practice-v1-us-ca-math-p4-4-nbt-multi-digit-q09,P4,us-ca-math-p4-4-nbt-multi-digit,multiple-choice,Low,pass,pass,accept-candidate-only,S18 internal QA,Accepted for candidate-only package after two internal QA rounds; not approved for live integration in this dialogue.
us-ca-k5-knowledge-point-practice-v1-us-ca-math-p4-4-nbt-multi-digit-q10,P4,us-ca-math-p4-4-nbt-multi-digit,fill-in,Medium,pass,pass,accept-candidate-only,S18 internal QA,Accepted for candidate-only package after two internal QA rounds; not approved for live integration in this dialogue.
us-ca-k5-knowledge-point-practice-v1-us-ca-math-p4-4-nbt-multi-digit-q11,P4,us-ca-math-p4-4-nbt-multi-digit,fill-in,Medium,pass,pass,accept-candidate-only,S18 internal QA,Accepted for candidate-only package after two internal QA rounds; not approved for live integration in this dialogue.
us-ca-k5-knowledge-point-practice-v1-us-ca-math-p4-4-nbt-multi-digit-q12,P4,us-ca-math-p4-4-nbt-multi-digit,fill-in,High,pass,pass,accept-candidate-only,S18 internal QA,Accepted for candidate-only package after two internal QA rounds; not approved for live integration in this dialogue.
us-ca-k5-knowledge-point-practice-v1-us-ca-math-p4-4-nf-fraction-decimal-q01,P4,us-ca-math-p4-4-nf-fraction-decimal,fill-in,Low,pass,pass,accept-candidate-only,S18 internal QA,Accepted for candidate-only package after two internal QA rounds; not approved for live integration in this dialogue.
us-ca-k5-knowledge-point-practice-v1-us-ca-math-p4-4-nf-fraction-decimal-q02,P4,us-ca-math-p4-4-nf-fraction-decimal,short-answer,Medium,pass,pass,accept-candidate-only,S18 internal QA,Accepted for candidate-only package after two internal QA rounds; not approved for live integration in this dialogue.
us-ca-k5-knowledge-point-practice-v1-us-ca-math-p4-4-nf-fraction-decimal-q03,P4,us-ca-math-p4-4-nf-fraction-decimal,multiple-choice,Medium,pass,pass,accept-candidate-only,S18 internal QA,Accepted for candidate-only package after two internal QA rounds; not approved for live integration in this dialogue.
us-ca-k5-knowledge-point-practice-v1-us-ca-math-p4-4-nf-fraction-decimal-q04,P4,us-ca-math-p4-4-nf-fraction-decimal,short-answer,High,pass,pass,accept-candidate-only,S18 internal QA,Accepted for candidate-only package after two internal QA rounds; not approved for live integration in this dialogue.
us-ca-k5-knowledge-point-practice-v1-us-ca-math-p4-4-nf-fraction-decimal-q05,P4,us-ca-math-p4-4-nf-fraction-decimal,multiple-choice,Low,pass,pass,accept-candidate-only,S18 internal QA,Accepted for candidate-only package after two internal QA rounds; not approved for live integration in this dialogue.
us-ca-k5-knowledge-point-practice-v1-us-ca-math-p4-4-nf-fraction-decimal-q06,P4,us-ca-math-p4-4-nf-fraction-decimal,fill-in,Medium,pass,pass,accept-candidate-only,S18 internal QA,Accepted for candidate-only package after two internal QA rounds; not approved for live integration in this dialogue.
us-ca-k5-knowledge-point-practice-v1-us-ca-math-p4-4-nf-fraction-decimal-q07,P4,us-ca-math-p4-4-nf-fraction-decimal,multiple-choice,Medium,pass,pass,accept-candidate-only,S18 internal QA,Accepted for candidate-only package after two internal QA rounds; not approved for live integration in this dialogue.
us-ca-k5-knowledge-point-practice-v1-us-ca-math-p4-4-nf-fraction-decimal-q08,P4,us-ca-math-p4-4-nf-fraction-decimal,short-answer,High,pass,pass,accept-candidate-only,S18 internal QA,Accepted for candidate-only package after two internal QA rounds; not approved for live integration in this dialogue.
us-ca-k5-knowledge-point-practice-v1-us-ca-math-p4-4-nf-fraction-decimal-q09,P4,us-ca-math-p4-4-nf-fraction-decimal,fill-in,Low,pass,pass,accept-candidate-only,S18 internal QA,Accepted for candidate-only package after two internal QA rounds; not approved for live integration in this dialogue.
us-ca-k5-knowledge-point-practice-v1-us-ca-math-p4-4-nf-fraction-decimal-q10,P4,us-ca-math-p4-4-nf-fraction-decimal,fill-in,Medium,pass,pass,accept-candidate-only,S18 internal QA,Accepted for candidate-only package after two internal QA rounds; not approved for live integration in this dialogue.
us-ca-k5-knowledge-point-practice-v1-us-ca-math-p4-4-nf-fraction-decimal-q11,P4,us-ca-math-p4-4-nf-fraction-decimal,multiple-choice,Medium,pass,pass,accept-candidate-only,S18 internal QA,Accepted for candidate-only package after two internal QA rounds; not approved for live integration in this dialogue.
us-ca-k5-knowledge-point-practice-v1-us-ca-math-p4-4-nf-fraction-decimal-q12,P4,us-ca-math-p4-4-nf-fraction-decimal,short-answer,High,pass,pass,accept-candidate-only,S18 internal QA,Accepted for candidate-only package after two internal QA rounds; not approved for live integration in this dialogue.
us-ca-k5-knowledge-point-practice-v1-us-ca-math-p4-4-md-conversion-angles-q01,P4,us-ca-math-p4-4-md-conversion-angles,fill-in,Low,pass,pass,accept-candidate-only,S18 internal QA,Accepted for candidate-only package after two internal QA rounds; not approved for live integration in this dialogue.
us-ca-k5-knowledge-point-practice-v1-us-ca-math-p4-4-md-conversion-angles-q02,P4,us-ca-math-p4-4-md-conversion-angles,fill-in,Medium,pass,pass,accept-candidate-only,S18 internal QA,Accepted for candidate-only package after two internal QA rounds; not approved for live integration in this dialogue.
us-ca-k5-knowledge-point-practice-v1-us-ca-math-p4-4-md-conversion-angles-q03,P4,us-ca-math-p4-4-md-conversion-angles,short-answer,Medium,pass,pass,accept-candidate-only,S18 internal QA,Accepted for candidate-only package after two internal QA rounds; not approved for live integration in this dialogue.
us-ca-k5-knowledge-point-practice-v1-us-ca-math-p4-4-md-conversion-angles-q04,P4,us-ca-math-p4-4-md-conversion-angles,short-answer,High,pass,pass,accept-candidate-only,S18 internal QA,Accepted for candidate-only package after two internal QA rounds; not approved for live integration in this dialogue.
us-ca-k5-knowledge-point-practice-v1-us-ca-math-p4-4-md-conversion-angles-q05,P4,us-ca-math-p4-4-md-conversion-angles,fill-in,Low,pass,pass,accept-candidate-only,S18 internal QA,Accepted for candidate-only package after two internal QA rounds; not approved for live integration in this dialogue.
us-ca-k5-knowledge-point-practice-v1-us-ca-math-p4-4-md-conversion-angles-q06,P4,us-ca-math-p4-4-md-conversion-angles,fill-in,Medium,pass,pass,accept-candidate-only,S18 internal QA,Accepted for candidate-only package after two internal QA rounds; not approved for live integration in this dialogue.
us-ca-k5-knowledge-point-practice-v1-us-ca-math-p4-4-md-conversion-angles-q07,P4,us-ca-math-p4-4-md-conversion-angles,fill-in,Medium,pass,pass,accept-candidate-only,S18 internal QA,Accepted for candidate-only package after two internal QA rounds; not approved for live integration in this dialogue.
us-ca-k5-knowledge-point-practice-v1-us-ca-math-p4-4-md-conversion-angles-q08,P4,us-ca-math-p4-4-md-conversion-angles,short-answer,High,pass,pass,accept-candidate-only,S18 internal QA,Accepted for candidate-only package after two internal QA rounds; not approved for live integration in this dialogue.
us-ca-k5-knowledge-point-practice-v1-us-ca-math-p4-4-md-conversion-angles-q09,P4,us-ca-math-p4-4-md-conversion-angles,fill-in,Low,pass,pass,accept-candidate-only,S18 internal QA,Accepted for candidate-only package after two internal QA rounds; not approved for live integration in this dialogue.
us-ca-k5-knowledge-point-practice-v1-us-ca-math-p4-4-md-conversion-angles-q10,P4,us-ca-math-p4-4-md-conversion-angles,fill-in,Medium,pass,pass,accept-candidate-only,S18 internal QA,Accepted for candidate-only package after two internal QA rounds; not approved for live integration in this dialogue.
us-ca-k5-knowledge-point-practice-v1-us-ca-math-p4-4-md-conversion-angles-q11,P4,us-ca-math-p4-4-md-conversion-angles,fill-in,Medium,pass,pass,accept-candidate-only,S18 internal QA,Accepted for candidate-only package after two internal QA rounds; not approved for live integration in this dialogue.
us-ca-k5-knowledge-point-practice-v1-us-ca-math-p4-4-md-conversion-angles-q12,P4,us-ca-math-p4-4-md-conversion-angles,short-answer,High,pass,pass,accept-candidate-only,S18 internal QA,Accepted for candidate-only package after two internal QA rounds; not approved for live integration in this dialogue.
us-ca-k5-knowledge-point-practice-v1-us-ca-math-p4-4-g-lines-shapes-q01,P4,us-ca-math-p4-4-g-lines-shapes,fill-in,Low,pass,pass,accept-candidate-only,S18 internal QA,Accepted for candidate-only package after two internal QA rounds; not approved for live integration in this dialogue.
us-ca-k5-knowledge-point-practice-v1-us-ca-math-p4-4-g-lines-shapes-q02,P4,us-ca-math-p4-4-g-lines-shapes,fill-in,Medium,pass,pass,accept-candidate-only,S18 internal QA,Accepted for candidate-only package after two internal QA rounds; not approved for live integration in this dialogue.
us-ca-k5-knowledge-point-practice-v1-us-ca-math-p4-4-g-lines-shapes-q03,P4,us-ca-math-p4-4-g-lines-shapes,fill-in,Medium,pass,pass,accept-candidate-only,S18 internal QA,Accepted for candidate-only package after two internal QA rounds; not approved for live integration in this dialogue.
us-ca-k5-knowledge-point-practice-v1-us-ca-math-p4-4-g-lines-shapes-q04,P4,us-ca-math-p4-4-g-lines-shapes,short-answer,High,pass,pass,accept-candidate-only,S18 internal QA,Accepted for candidate-only package after two internal QA rounds; not approved for live integration in this dialogue.
us-ca-k5-knowledge-point-practice-v1-us-ca-math-p4-4-g-lines-shapes-q05,P4,us-ca-math-p4-4-g-lines-shapes,multiple-choice,Low,pass,pass,accept-candidate-only,S18 internal QA,Accepted for candidate-only package after two internal QA rounds; not approved for live integration in this dialogue.
us-ca-k5-knowledge-point-practice-v1-us-ca-math-p4-4-g-lines-shapes-q06,P4,us-ca-math-p4-4-g-lines-shapes,fill-in,Medium,pass,pass,accept-candidate-only,S18 internal QA,Accepted for candidate-only package after two internal QA rounds; not approved for live integration in this dialogue.
us-ca-k5-knowledge-point-practice-v1-us-ca-math-p4-4-g-lines-shapes-q07,P4,us-ca-math-p4-4-g-lines-shapes,fill-in,Medium,pass,pass,accept-candidate-only,S18 internal QA,Accepted for candidate-only package after two internal QA rounds; not approved for live integration in this dialogue.
us-ca-k5-knowledge-point-practice-v1-us-ca-math-p4-4-g-lines-shapes-q08,P4,us-ca-math-p4-4-g-lines-shapes,fill-in,High,pass,pass,accept-candidate-only,S18 internal QA,Accepted for candidate-only package after two internal QA rounds; not approved for live integration in this dialogue.
us-ca-k5-knowledge-point-practice-v1-us-ca-math-p4-4-g-lines-shapes-q09,P4,us-ca-math-p4-4-g-lines-shapes,fill-in,Low,pass,pass,accept-candidate-only,S18 internal QA,Accepted for candidate-only package after two internal QA rounds; not approved for live integration in this dialogue.
us-ca-k5-knowledge-point-practice-v1-us-ca-math-p4-4-g-lines-shapes-q10,P4,us-ca-math-p4-4-g-lines-shapes,fill-in,Medium,pass,pass,accept-candidate-only,S18 internal QA,Accepted for candidate-only package after two internal QA rounds; not approved for live integration in this dialogue.
us-ca-k5-knowledge-point-practice-v1-us-ca-math-p4-4-g-lines-shapes-q11,P4,us-ca-math-p4-4-g-lines-shapes,multiple-choice,Medium,pass,pass,accept-candidate-only,S18 internal QA,Accepted for candidate-only package after two internal QA rounds; not approved for live integration in this dialogue.
us-ca-k5-knowledge-point-practice-v1-us-ca-math-p4-4-g-lines-shapes-q12,P4,us-ca-math-p4-4-g-lines-shapes,short-answer,High,pass,pass,accept-candidate-only,S18 internal QA,Accepted for candidate-only package after two internal QA rounds; not approved for live integration in this dialogue.
us-ca-k5-knowledge-point-practice-v1-us-ca-math-p5-5-oa-expressions-patterns-q01,P5,us-ca-math-p5-5-oa-expressions-patterns,multiple-choice,Low,pass,pass,accept-candidate-only,S18 internal QA,Accepted for candidate-only package after two internal QA rounds; not approved for live integration in this dialogue.
us-ca-k5-knowledge-point-practice-v1-us-ca-math-p5-5-oa-expressions-patterns-q02,P5,us-ca-math-p5-5-oa-expressions-patterns,fill-in,Medium,pass,pass,accept-candidate-only,S18 internal QA,Accepted for candidate-only package after two internal QA rounds; not approved for live integration in this dialogue.
us-ca-k5-knowledge-point-practice-v1-us-ca-math-p5-5-oa-expressions-patterns-q03,P5,us-ca-math-p5-5-oa-expressions-patterns,multiple-choice,Medium,pass,pass,accept-candidate-only,S18 internal QA,Accepted for candidate-only package after two internal QA rounds; not approved for live integration in this dialogue.
us-ca-k5-knowledge-point-practice-v1-us-ca-math-p5-5-oa-expressions-patterns-q04,P5,us-ca-math-p5-5-oa-expressions-patterns,fill-in,High,pass,pass,accept-candidate-only,S18 internal QA,Accepted for candidate-only package after two internal QA rounds; not approved for live integration in this dialogue.
us-ca-k5-knowledge-point-practice-v1-us-ca-math-p5-5-oa-expressions-patterns-q05,P5,us-ca-math-p5-5-oa-expressions-patterns,multiple-choice,Low,pass,pass,accept-candidate-only,S18 internal QA,Accepted for candidate-only package after two internal QA rounds; not approved for live integration in this dialogue.
us-ca-k5-knowledge-point-practice-v1-us-ca-math-p5-5-oa-expressions-patterns-q06,P5,us-ca-math-p5-5-oa-expressions-patterns,fill-in,Medium,pass,pass,accept-candidate-only,S18 internal QA,Accepted for candidate-only package after two internal QA rounds; not approved for live integration in this dialogue.
us-ca-k5-knowledge-point-practice-v1-us-ca-math-p5-5-oa-expressions-patterns-q07,P5,us-ca-math-p5-5-oa-expressions-patterns,multiple-choice,Medium,pass,pass,accept-candidate-only,S18 internal QA,Accepted for candidate-only package after two internal QA rounds; not approved for live integration in this dialogue.
us-ca-k5-knowledge-point-practice-v1-us-ca-math-p5-5-oa-expressions-patterns-q08,P5,us-ca-math-p5-5-oa-expressions-patterns,fill-in,High,pass,pass,accept-candidate-only,S18 internal QA,Accepted for candidate-only package after two internal QA rounds; not approved for live integration in this dialogue.
us-ca-k5-knowledge-point-practice-v1-us-ca-math-p5-5-oa-expressions-patterns-q09,P5,us-ca-math-p5-5-oa-expressions-patterns,multiple-choice,Low,pass,pass,accept-candidate-only,S18 internal QA,Accepted for candidate-only package after two internal QA rounds; not approved for live integration in this dialogue.
us-ca-k5-knowledge-point-practice-v1-us-ca-math-p5-5-oa-expressions-patterns-q10,P5,us-ca-math-p5-5-oa-expressions-patterns,fill-in,Medium,pass,pass,accept-candidate-only,S18 internal QA,Accepted for candidate-only package after two internal QA rounds; not approved for live integration in this dialogue.
us-ca-k5-knowledge-point-practice-v1-us-ca-math-p5-5-oa-expressions-patterns-q11,P5,us-ca-math-p5-5-oa-expressions-patterns,multiple-choice,Medium,pass,pass,accept-candidate-only,S18 internal QA,Accepted for candidate-only package after two internal QA rounds; not approved for live integration in this dialogue.
us-ca-k5-knowledge-point-practice-v1-us-ca-math-p5-5-oa-expressions-patterns-q12,P5,us-ca-math-p5-5-oa-expressions-patterns,fill-in,High,pass,pass,accept-candidate-only,S18 internal QA,Accepted for candidate-only package after two internal QA rounds; not approved for live integration in this dialogue.
us-ca-k5-knowledge-point-practice-v1-us-ca-math-p5-5-nbt-decimals-q01,P5,us-ca-math-p5-5-nbt-decimals,multiple-choice,Low,pass,pass,accept-candidate-only,S18 internal QA,Accepted for candidate-only package after two internal QA rounds; not approved for live integration in this dialogue.
us-ca-k5-knowledge-point-practice-v1-us-ca-math-p5-5-nbt-decimals-q02,P5,us-ca-math-p5-5-nbt-decimals,fill-in,Medium,pass,pass,accept-candidate-only,S18 internal QA,Accepted for candidate-only package after two internal QA rounds; not approved for live integration in this dialogue.
us-ca-k5-knowledge-point-practice-v1-us-ca-math-p5-5-nbt-decimals-q03,P5,us-ca-math-p5-5-nbt-decimals,multiple-choice,Medium,pass,pass,accept-candidate-only,S18 internal QA,Accepted for candidate-only package after two internal QA rounds; not approved for live integration in this dialogue.
us-ca-k5-knowledge-point-practice-v1-us-ca-math-p5-5-nbt-decimals-q04,P5,us-ca-math-p5-5-nbt-decimals,short-answer,High,pass,pass,accept-candidate-only,S18 internal QA,Accepted for candidate-only package after two internal QA rounds; not approved for live integration in this dialogue.
us-ca-k5-knowledge-point-practice-v1-us-ca-math-p5-5-nbt-decimals-q05,P5,us-ca-math-p5-5-nbt-decimals,multiple-choice,Low,pass,pass,accept-candidate-only,S18 internal QA,Accepted for candidate-only package after two internal QA rounds; not approved for live integration in this dialogue.
us-ca-k5-knowledge-point-practice-v1-us-ca-math-p5-5-nbt-decimals-q06,P5,us-ca-math-p5-5-nbt-decimals,fill-in,Medium,pass,pass,accept-candidate-only,S18 internal QA,Accepted for candidate-only package after two internal QA rounds; not approved for live integration in this dialogue.
us-ca-k5-knowledge-point-practice-v1-us-ca-math-p5-5-nbt-decimals-q07,P5,us-ca-math-p5-5-nbt-decimals,multiple-choice,Medium,pass,pass,accept-candidate-only,S18 internal QA,Accepted for candidate-only package after two internal QA rounds; not approved for live integration in this dialogue.
us-ca-k5-knowledge-point-practice-v1-us-ca-math-p5-5-nbt-decimals-q08,P5,us-ca-math-p5-5-nbt-decimals,short-answer,High,pass,pass,accept-candidate-only,S18 internal QA,Accepted for candidate-only package after two internal QA rounds; not approved for live integration in this dialogue.
us-ca-k5-knowledge-point-practice-v1-us-ca-math-p5-5-nbt-decimals-q09,P5,us-ca-math-p5-5-nbt-decimals,multiple-choice,Low,pass,pass,accept-candidate-only,S18 internal QA,Accepted for candidate-only package after two internal QA rounds; not approved for live integration in this dialogue.
us-ca-k5-knowledge-point-practice-v1-us-ca-math-p5-5-nbt-decimals-q10,P5,us-ca-math-p5-5-nbt-decimals,fill-in,Medium,pass,pass,accept-candidate-only,S18 internal QA,Accepted for candidate-only package after two internal QA rounds; not approved for live integration in this dialogue.
us-ca-k5-knowledge-point-practice-v1-us-ca-math-p5-5-nbt-decimals-q11,P5,us-ca-math-p5-5-nbt-decimals,multiple-choice,Medium,pass,pass,accept-candidate-only,S18 internal QA,Accepted for candidate-only package after two internal QA rounds; not approved for live integration in this dialogue.
us-ca-k5-knowledge-point-practice-v1-us-ca-math-p5-5-nbt-decimals-q12,P5,us-ca-math-p5-5-nbt-decimals,short-answer,High,pass,pass,accept-candidate-only,S18 internal QA,Accepted for candidate-only package after two internal QA rounds; not approved for live integration in this dialogue.
us-ca-k5-knowledge-point-practice-v1-us-ca-math-p5-5-nf-operations-q01,P5,us-ca-math-p5-5-nf-operations,fill-in,Low,pass,pass,accept-candidate-only,S18 internal QA,Accepted for candidate-only package after two internal QA rounds; not approved for live integration in this dialogue.
us-ca-k5-knowledge-point-practice-v1-us-ca-math-p5-5-nf-operations-q02,P5,us-ca-math-p5-5-nf-operations,short-answer,Medium,pass,pass,accept-candidate-only,S18 internal QA,Accepted for candidate-only package after two internal QA rounds; not approved for live integration in this dialogue.
us-ca-k5-knowledge-point-practice-v1-us-ca-math-p5-5-nf-operations-q03,P5,us-ca-math-p5-5-nf-operations,multiple-choice,Medium,pass,pass,accept-candidate-only,S18 internal QA,Accepted for candidate-only package after two internal QA rounds; not approved for live integration in this dialogue.
us-ca-k5-knowledge-point-practice-v1-us-ca-math-p5-5-nf-operations-q04,P5,us-ca-math-p5-5-nf-operations,short-answer,High,pass,pass,accept-candidate-only,S18 internal QA,Accepted for candidate-only package after two internal QA rounds; not approved for live integration in this dialogue.
us-ca-k5-knowledge-point-practice-v1-us-ca-math-p5-5-nf-operations-q05,P5,us-ca-math-p5-5-nf-operations,multiple-choice,Low,pass,pass,accept-candidate-only,S18 internal QA,Accepted for candidate-only package after two internal QA rounds; not approved for live integration in this dialogue.
us-ca-k5-knowledge-point-practice-v1-us-ca-math-p5-5-nf-operations-q06,P5,us-ca-math-p5-5-nf-operations,fill-in,Medium,pass,pass,accept-candidate-only,S18 internal QA,Accepted for candidate-only package after two internal QA rounds; not approved for live integration in this dialogue.
us-ca-k5-knowledge-point-practice-v1-us-ca-math-p5-5-nf-operations-q07,P5,us-ca-math-p5-5-nf-operations,multiple-choice,Medium,pass,pass,accept-candidate-only,S18 internal QA,Accepted for candidate-only package after two internal QA rounds; not approved for live integration in this dialogue.
us-ca-k5-knowledge-point-practice-v1-us-ca-math-p5-5-nf-operations-q08,P5,us-ca-math-p5-5-nf-operations,short-answer,High,pass,pass,accept-candidate-only,S18 internal QA,Accepted for candidate-only package after two internal QA rounds; not approved for live integration in this dialogue.
us-ca-k5-knowledge-point-practice-v1-us-ca-math-p5-5-nf-operations-q09,P5,us-ca-math-p5-5-nf-operations,fill-in,Low,pass,pass,accept-candidate-only,S18 internal QA,Accepted for candidate-only package after two internal QA rounds; not approved for live integration in this dialogue.
us-ca-k5-knowledge-point-practice-v1-us-ca-math-p5-5-nf-operations-q10,P5,us-ca-math-p5-5-nf-operations,fill-in,Medium,pass,pass,accept-candidate-only,S18 internal QA,Accepted for candidate-only package after two internal QA rounds; not approved for live integration in this dialogue.
us-ca-k5-knowledge-point-practice-v1-us-ca-math-p5-5-nf-operations-q11,P5,us-ca-math-p5-5-nf-operations,multiple-choice,Medium,pass,pass,accept-candidate-only,S18 internal QA,Accepted for candidate-only package after two internal QA rounds; not approved for live integration in this dialogue.
us-ca-k5-knowledge-point-practice-v1-us-ca-math-p5-5-nf-operations-q12,P5,us-ca-math-p5-5-nf-operations,short-answer,High,pass,pass,accept-candidate-only,S18 internal QA,Accepted for candidate-only package after two internal QA rounds; not approved for live integration in this dialogue.
us-ca-k5-knowledge-point-practice-v1-us-ca-math-p5-5-md-volume-data-q01,P5,us-ca-math-p5-5-md-volume-data,fill-in,Low,pass,pass,accept-candidate-only,S18 internal QA,Accepted for candidate-only package after two internal QA rounds; not approved for live integration in this dialogue.
us-ca-k5-knowledge-point-practice-v1-us-ca-math-p5-5-md-volume-data-q02,P5,us-ca-math-p5-5-md-volume-data,short-answer,Medium,pass,pass,accept-candidate-only,S18 internal QA,Accepted for candidate-only package after two internal QA rounds; not approved for live integration in this dialogue.
us-ca-k5-knowledge-point-practice-v1-us-ca-math-p5-5-md-volume-data-q03,P5,us-ca-math-p5-5-md-volume-data,short-answer,Medium,pass,pass,accept-candidate-only,S18 internal QA,Accepted for candidate-only package after two internal QA rounds; not approved for live integration in this dialogue.
us-ca-k5-knowledge-point-practice-v1-us-ca-math-p5-5-md-volume-data-q04,P5,us-ca-math-p5-5-md-volume-data,short-answer,High,pass,pass,accept-candidate-only,S18 internal QA,Accepted for candidate-only package after two internal QA rounds; not approved for live integration in this dialogue.
us-ca-k5-knowledge-point-practice-v1-us-ca-math-p5-5-md-volume-data-q05,P5,us-ca-math-p5-5-md-volume-data,fill-in,Low,pass,pass,accept-candidate-only,S18 internal QA,Accepted for candidate-only package after two internal QA rounds; not approved for live integration in this dialogue.
us-ca-k5-knowledge-point-practice-v1-us-ca-math-p5-5-md-volume-data-q06,P5,us-ca-math-p5-5-md-volume-data,short-answer,Medium,pass,pass,accept-candidate-only,S18 internal QA,Accepted for candidate-only package after two internal QA rounds; not approved for live integration in this dialogue.
us-ca-k5-knowledge-point-practice-v1-us-ca-math-p5-5-md-volume-data-q07,P5,us-ca-math-p5-5-md-volume-data,short-answer,Medium,pass,pass,accept-candidate-only,S18 internal QA,Accepted for candidate-only package after two internal QA rounds; not approved for live integration in this dialogue.
us-ca-k5-knowledge-point-practice-v1-us-ca-math-p5-5-md-volume-data-q08,P5,us-ca-math-p5-5-md-volume-data,short-answer,High,pass,pass,accept-candidate-only,S18 internal QA,Accepted for candidate-only package after two internal QA rounds; not approved for live integration in this dialogue.
us-ca-k5-knowledge-point-practice-v1-us-ca-math-p5-5-md-volume-data-q09,P5,us-ca-math-p5-5-md-volume-data,fill-in,Low,pass,pass,accept-candidate-only,S18 internal QA,Accepted for candidate-only package after two internal QA rounds; not approved for live integration in this dialogue.
us-ca-k5-knowledge-point-practice-v1-us-ca-math-p5-5-md-volume-data-q10,P5,us-ca-math-p5-5-md-volume-data,short-answer,Medium,pass,pass,accept-candidate-only,S18 internal QA,Accepted for candidate-only package after two internal QA rounds; not approved for live integration in this dialogue.
us-ca-k5-knowledge-point-practice-v1-us-ca-math-p5-5-md-volume-data-q11,P5,us-ca-math-p5-5-md-volume-data,short-answer,Medium,pass,pass,accept-candidate-only,S18 internal QA,Accepted for candidate-only package after two internal QA rounds; not approved for live integration in this dialogue.
us-ca-k5-knowledge-point-practice-v1-us-ca-math-p5-5-md-volume-data-q12,P5,us-ca-math-p5-5-md-volume-data,short-answer,High,pass,pass,accept-candidate-only,S18 internal QA,Accepted for candidate-only package after two internal QA rounds; not approved for live integration in this dialogue.
us-ca-k5-knowledge-point-practice-v1-us-ca-math-p5-5-g-coordinate-shapes-q01,P5,us-ca-math-p5-5-g-coordinate-shapes,fill-in,Low,pass,pass,accept-candidate-only,S18 internal QA,Accepted for candidate-only package after two internal QA rounds; not approved for live integration in this dialogue.
us-ca-k5-knowledge-point-practice-v1-us-ca-math-p5-5-g-coordinate-shapes-q02,P5,us-ca-math-p5-5-g-coordinate-shapes,fill-in,Medium,pass,pass,accept-candidate-only,S18 internal QA,Accepted for candidate-only package after two internal QA rounds; not approved for live integration in this dialogue.
us-ca-k5-knowledge-point-practice-v1-us-ca-math-p5-5-g-coordinate-shapes-q03,P5,us-ca-math-p5-5-g-coordinate-shapes,multiple-choice,Medium,pass,pass,accept-candidate-only,S18 internal QA,Accepted for candidate-only package after two internal QA rounds; not approved for live integration in this dialogue.
us-ca-k5-knowledge-point-practice-v1-us-ca-math-p5-5-g-coordinate-shapes-q04,P5,us-ca-math-p5-5-g-coordinate-shapes,fill-in,High,pass,pass,accept-candidate-only,S18 internal QA,Accepted for candidate-only package after two internal QA rounds; not approved for live integration in this dialogue.
us-ca-k5-knowledge-point-practice-v1-us-ca-math-p5-5-g-coordinate-shapes-q05,P5,us-ca-math-p5-5-g-coordinate-shapes,fill-in,Low,pass,pass,accept-candidate-only,S18 internal QA,Accepted for candidate-only package after two internal QA rounds; not approved for live integration in this dialogue.
us-ca-k5-knowledge-point-practice-v1-us-ca-math-p5-5-g-coordinate-shapes-q06,P5,us-ca-math-p5-5-g-coordinate-shapes,fill-in,Medium,pass,pass,accept-candidate-only,S18 internal QA,Accepted for candidate-only package after two internal QA rounds; not approved for live integration in this dialogue.
us-ca-k5-knowledge-point-practice-v1-us-ca-math-p5-5-g-coordinate-shapes-q07,P5,us-ca-math-p5-5-g-coordinate-shapes,fill-in,Medium,pass,pass,accept-candidate-only,S18 internal QA,Accepted for candidate-only package after two internal QA rounds; not approved for live integration in this dialogue.
us-ca-k5-knowledge-point-practice-v1-us-ca-math-p5-5-g-coordinate-shapes-q08,P5,us-ca-math-p5-5-g-coordinate-shapes,fill-in,High,pass,pass,accept-candidate-only,S18 internal QA,Accepted for candidate-only package after two internal QA rounds; not approved for live integration in this dialogue.
us-ca-k5-knowledge-point-practice-v1-us-ca-math-p5-5-g-coordinate-shapes-q09,P5,us-ca-math-p5-5-g-coordinate-shapes,fill-in,Low,pass,pass,accept-candidate-only,S18 internal QA,Accepted for candidate-only package after two internal QA rounds; not approved for live integration in this dialogue.
us-ca-k5-knowledge-point-practice-v1-us-ca-math-p5-5-g-coordinate-shapes-q10,P5,us-ca-math-p5-5-g-coordinate-shapes,fill-in,Medium,pass,pass,accept-candidate-only,S18 internal QA,Accepted for candidate-only package after two internal QA rounds; not approved for live integration in this dialogue.
us-ca-k5-knowledge-point-practice-v1-us-ca-math-p5-5-g-coordinate-shapes-q11,P5,us-ca-math-p5-5-g-coordinate-shapes,fill-in,Medium,pass,pass,accept-candidate-only,S18 internal QA,Accepted for candidate-only package after two internal QA rounds; not approved for live integration in this dialogue.
us-ca-k5-knowledge-point-practice-v1-us-ca-math-p5-5-g-coordinate-shapes-q12,P5,us-ca-math-p5-5-g-coordinate-shapes,fill-in,High,pass,pass,accept-candidate-only,S18 internal QA,Accepted for candidate-only package after two internal QA rounds; not approved for live integration in this dialogue.
us-ca-k5-knowledge-point-practice-v1-us-ca-math-p1-1-h1-picture-join-stories-to-10-q01,P1,us-ca-math-p1-1-h1-picture-join-stories-to-10,multiple-choice,Low,pass,pass,accept-candidate-only,S18 internal QA,Accepted for candidate-only package after two internal QA rounds; not approved for live integration in this dialogue.
us-ca-k5-knowledge-point-practice-v1-us-ca-math-p1-1-h1-picture-join-stories-to-10-q02,P1,us-ca-math-p1-1-h1-picture-join-stories-to-10,fill-in,Medium,pass,pass,accept-candidate-only,S18 internal QA,Accepted for candidate-only package after two internal QA rounds; not approved for live integration in this dialogue.
us-ca-k5-knowledge-point-practice-v1-us-ca-math-p1-1-h1-picture-join-stories-to-10-q03,P1,us-ca-math-p1-1-h1-picture-join-stories-to-10,short-answer,Medium,pass,pass,accept-candidate-only,S18 internal QA,Accepted for candidate-only package after two internal QA rounds; not approved for live integration in this dialogue.
us-ca-k5-knowledge-point-practice-v1-us-ca-math-p1-1-h1-picture-join-stories-to-10-q04,P1,us-ca-math-p1-1-h1-picture-join-stories-to-10,multiple-choice,High,pass,pass,accept-candidate-only,S18 internal QA,Accepted for candidate-only package after two internal QA rounds; not approved for live integration in this dialogue.
us-ca-k5-knowledge-point-practice-v1-us-ca-math-p1-1-h1-picture-join-stories-to-10-q05,P1,us-ca-math-p1-1-h1-picture-join-stories-to-10,multiple-choice,Low,pass,pass,accept-candidate-only,S18 internal QA,Accepted for candidate-only package after two internal QA rounds; not approved for live integration in this dialogue.
us-ca-k5-knowledge-point-practice-v1-us-ca-math-p1-1-h1-picture-join-stories-to-10-q06,P1,us-ca-math-p1-1-h1-picture-join-stories-to-10,fill-in,Medium,pass,pass,accept-candidate-only,S18 internal QA,Accepted for candidate-only package after two internal QA rounds; not approved for live integration in this dialogue.
us-ca-k5-knowledge-point-practice-v1-us-ca-math-p1-1-h1-picture-join-stories-to-10-q07,P1,us-ca-math-p1-1-h1-picture-join-stories-to-10,short-answer,Medium,pass,pass,accept-candidate-only,S18 internal QA,Accepted for candidate-only package after two internal QA rounds; not approved for live integration in this dialogue.
us-ca-k5-knowledge-point-practice-v1-us-ca-math-p1-1-h1-picture-join-stories-to-10-q08,P1,us-ca-math-p1-1-h1-picture-join-stories-to-10,multiple-choice,High,pass,pass,accept-candidate-only,S18 internal QA,Accepted for candidate-only package after two internal QA rounds; not approved for live integration in this dialogue.
us-ca-k5-knowledge-point-practice-v1-us-ca-math-p1-1-h1-picture-join-stories-to-10-q09,P1,us-ca-math-p1-1-h1-picture-join-stories-to-10,multiple-choice,Low,pass,pass,accept-candidate-only,S18 internal QA,Accepted for candidate-only package after two internal QA rounds; not approved for live integration in this dialogue.
us-ca-k5-knowledge-point-practice-v1-us-ca-math-p1-1-h1-picture-join-stories-to-10-q10,P1,us-ca-math-p1-1-h1-picture-join-stories-to-10,fill-in,Medium,pass,pass,accept-candidate-only,S18 internal QA,Accepted for candidate-only package after two internal QA rounds; not approved for live integration in this dialogue.
us-ca-k5-knowledge-point-practice-v1-us-ca-math-p1-1-h1-picture-join-stories-to-10-q11,P1,us-ca-math-p1-1-h1-picture-join-stories-to-10,short-answer,Medium,pass,pass,accept-candidate-only,S18 internal QA,Accepted for candidate-only package after two internal QA rounds; not approved for live integration in this dialogue.
us-ca-k5-knowledge-point-practice-v1-us-ca-math-p1-1-h1-picture-join-stories-to-10-q12,P1,us-ca-math-p1-1-h1-picture-join-stories-to-10,multiple-choice,High,pass,pass,accept-candidate-only,S18 internal QA,Accepted for candidate-only package after two internal QA rounds; not approved for live integration in this dialogue.
us-ca-k5-knowledge-point-practice-v1-us-ca-math-p1-1-h2-picture-story-addition-equations-q01,P1,us-ca-math-p1-1-h2-picture-story-addition-equations,multiple-choice,Low,pass,pass,accept-candidate-only,S18 internal QA,Accepted for candidate-only package after two internal QA rounds; not approved for live integration in this dialogue.
us-ca-k5-knowledge-point-practice-v1-us-ca-math-p1-1-h2-picture-story-addition-equations-q02,P1,us-ca-math-p1-1-h2-picture-story-addition-equations,fill-in,Medium,pass,pass,accept-candidate-only,S18 internal QA,Accepted for candidate-only package after two internal QA rounds; not approved for live integration in this dialogue.
us-ca-k5-knowledge-point-practice-v1-us-ca-math-p1-1-h2-picture-story-addition-equations-q03,P1,us-ca-math-p1-1-h2-picture-story-addition-equations,short-answer,Medium,pass,pass,accept-candidate-only,S18 internal QA,Accepted for candidate-only package after two internal QA rounds; not approved for live integration in this dialogue.
us-ca-k5-knowledge-point-practice-v1-us-ca-math-p1-1-h2-picture-story-addition-equations-q04,P1,us-ca-math-p1-1-h2-picture-story-addition-equations,multiple-choice,High,pass,pass,accept-candidate-only,S18 internal QA,Accepted for candidate-only package after two internal QA rounds; not approved for live integration in this dialogue.
us-ca-k5-knowledge-point-practice-v1-us-ca-math-p1-1-h2-picture-story-addition-equations-q05,P1,us-ca-math-p1-1-h2-picture-story-addition-equations,multiple-choice,Low,pass,pass,accept-candidate-only,S18 internal QA,Accepted for candidate-only package after two internal QA rounds; not approved for live integration in this dialogue.
us-ca-k5-knowledge-point-practice-v1-us-ca-math-p1-1-h2-picture-story-addition-equations-q06,P1,us-ca-math-p1-1-h2-picture-story-addition-equations,fill-in,Medium,pass,pass,accept-candidate-only,S18 internal QA,Accepted for candidate-only package after two internal QA rounds; not approved for live integration in this dialogue.
us-ca-k5-knowledge-point-practice-v1-us-ca-math-p1-1-h2-picture-story-addition-equations-q07,P1,us-ca-math-p1-1-h2-picture-story-addition-equations,short-answer,Medium,pass,pass,accept-candidate-only,S18 internal QA,Accepted for candidate-only package after two internal QA rounds; not approved for live integration in this dialogue.
us-ca-k5-knowledge-point-practice-v1-us-ca-math-p1-1-h2-picture-story-addition-equations-q08,P1,us-ca-math-p1-1-h2-picture-story-addition-equations,multiple-choice,High,pass,pass,accept-candidate-only,S18 internal QA,Accepted for candidate-only package after two internal QA rounds; not approved for live integration in this dialogue.
us-ca-k5-knowledge-point-practice-v1-us-ca-math-p1-1-h2-picture-story-addition-equations-q09,P1,us-ca-math-p1-1-h2-picture-story-addition-equations,multiple-choice,Low,pass,pass,accept-candidate-only,S18 internal QA,Accepted for candidate-only package after two internal QA rounds; not approved for live integration in this dialogue.
us-ca-k5-knowledge-point-practice-v1-us-ca-math-p1-1-h2-picture-story-addition-equations-q10,P1,us-ca-math-p1-1-h2-picture-story-addition-equations,fill-in,Medium,pass,pass,accept-candidate-only,S18 internal QA,Accepted for candidate-only package after two internal QA rounds; not approved for live integration in this dialogue.
us-ca-k5-knowledge-point-practice-v1-us-ca-math-p1-1-h2-picture-story-addition-equations-q11,P1,us-ca-math-p1-1-h2-picture-story-addition-equations,short-answer,Medium,pass,pass,accept-candidate-only,S18 internal QA,Accepted for candidate-only package after two internal QA rounds; not approved for live integration in this dialogue.
us-ca-k5-knowledge-point-practice-v1-us-ca-math-p1-1-h2-picture-story-addition-equations-q12,P1,us-ca-math-p1-1-h2-picture-story-addition-equations,multiple-choice,High,pass,pass,accept-candidate-only,S18 internal QA,Accepted for candidate-only package after two internal QA rounds; not approved for live integration in this dialogue.
us-ca-k5-knowledge-point-practice-v1-us-ca-math-p1-1-h3-cube-train-join-models-to-10-q01,P1,us-ca-math-p1-1-h3-cube-train-join-models-to-10,multiple-choice,Low,pass,pass,accept-candidate-only,S18 internal QA,Accepted for candidate-only package after two internal QA rounds; not approved for live integration in this dialogue.
us-ca-k5-knowledge-point-practice-v1-us-ca-math-p1-1-h3-cube-train-join-models-to-10-q02,P1,us-ca-math-p1-1-h3-cube-train-join-models-to-10,fill-in,Medium,pass,pass,accept-candidate-only,S18 internal QA,Accepted for candidate-only package after two internal QA rounds; not approved for live integration in this dialogue.
us-ca-k5-knowledge-point-practice-v1-us-ca-math-p1-1-h3-cube-train-join-models-to-10-q03,P1,us-ca-math-p1-1-h3-cube-train-join-models-to-10,short-answer,Medium,pass,pass,accept-candidate-only,S18 internal QA,Accepted for candidate-only package after two internal QA rounds; not approved for live integration in this dialogue.
us-ca-k5-knowledge-point-practice-v1-us-ca-math-p1-1-h3-cube-train-join-models-to-10-q04,P1,us-ca-math-p1-1-h3-cube-train-join-models-to-10,multiple-choice,High,pass,pass,accept-candidate-only,S18 internal QA,Accepted for candidate-only package after two internal QA rounds; not approved for live integration in this dialogue.
us-ca-k5-knowledge-point-practice-v1-us-ca-math-p1-1-h3-cube-train-join-models-to-10-q05,P1,us-ca-math-p1-1-h3-cube-train-join-models-to-10,multiple-choice,Low,pass,pass,accept-candidate-only,S18 internal QA,Accepted for candidate-only package after two internal QA rounds; not approved for live integration in this dialogue.
us-ca-k5-knowledge-point-practice-v1-us-ca-math-p1-1-h3-cube-train-join-models-to-10-q06,P1,us-ca-math-p1-1-h3-cube-train-join-models-to-10,fill-in,Medium,pass,pass,accept-candidate-only,S18 internal QA,Accepted for candidate-only package after two internal QA rounds; not approved for live integration in this dialogue.
us-ca-k5-knowledge-point-practice-v1-us-ca-math-p1-1-h3-cube-train-join-models-to-10-q07,P1,us-ca-math-p1-1-h3-cube-train-join-models-to-10,short-answer,Medium,pass,pass,accept-candidate-only,S18 internal QA,Accepted for candidate-only package after two internal QA rounds; not approved for live integration in this dialogue.
us-ca-k5-knowledge-point-practice-v1-us-ca-math-p1-1-h3-cube-train-join-models-to-10-q08,P1,us-ca-math-p1-1-h3-cube-train-join-models-to-10,multiple-choice,High,pass,pass,accept-candidate-only,S18 internal QA,Accepted for candidate-only package after two internal QA rounds; not approved for live integration in this dialogue.
us-ca-k5-knowledge-point-practice-v1-us-ca-math-p1-1-h3-cube-train-join-models-to-10-q09,P1,us-ca-math-p1-1-h3-cube-train-join-models-to-10,multiple-choice,Low,pass,pass,accept-candidate-only,S18 internal QA,Accepted for candidate-only package after two internal QA rounds; not approved for live integration in this dialogue.
us-ca-k5-knowledge-point-practice-v1-us-ca-math-p1-1-h3-cube-train-join-models-to-10-q10,P1,us-ca-math-p1-1-h3-cube-train-join-models-to-10,fill-in,Medium,pass,pass,accept-candidate-only,S18 internal QA,Accepted for candidate-only package after two internal QA rounds; not approved for live integration in this dialogue.
us-ca-k5-knowledge-point-practice-v1-us-ca-math-p1-1-h3-cube-train-join-models-to-10-q11,P1,us-ca-math-p1-1-h3-cube-train-join-models-to-10,short-answer,Medium,pass,pass,accept-candidate-only,S18 internal QA,Accepted for candidate-only package after two internal QA rounds; not approved for live integration in this dialogue.
us-ca-k5-knowledge-point-practice-v1-us-ca-math-p1-1-h3-cube-train-join-models-to-10-q12,P1,us-ca-math-p1-1-h3-cube-train-join-models-to-10,multiple-choice,High,pass,pass,accept-candidate-only,S18 internal QA,Accepted for candidate-only package after two internal QA rounds; not approved for live integration in this dialogue.
us-ca-k5-knowledge-point-practice-v1-us-ca-math-p1-1-h4-join-stories-within-10-q01,P1,us-ca-math-p1-1-h4-join-stories-within-10,multiple-choice,Low,pass,pass,accept-candidate-only,S18 internal QA,Accepted for candidate-only package after two internal QA rounds; not approved for live integration in this dialogue.
us-ca-k5-knowledge-point-practice-v1-us-ca-math-p1-1-h4-join-stories-within-10-q02,P1,us-ca-math-p1-1-h4-join-stories-within-10,fill-in,Medium,pass,pass,accept-candidate-only,S18 internal QA,Accepted for candidate-only package after two internal QA rounds; not approved for live integration in this dialogue.
us-ca-k5-knowledge-point-practice-v1-us-ca-math-p1-1-h4-join-stories-within-10-q03,P1,us-ca-math-p1-1-h4-join-stories-within-10,short-answer,Medium,pass,pass,accept-candidate-only,S18 internal QA,Accepted for candidate-only package after two internal QA rounds; not approved for live integration in this dialogue.
us-ca-k5-knowledge-point-practice-v1-us-ca-math-p1-1-h4-join-stories-within-10-q04,P1,us-ca-math-p1-1-h4-join-stories-within-10,multiple-choice,High,pass,pass,accept-candidate-only,S18 internal QA,Accepted for candidate-only package after two internal QA rounds; not approved for live integration in this dialogue.
us-ca-k5-knowledge-point-practice-v1-us-ca-math-p1-1-h4-join-stories-within-10-q05,P1,us-ca-math-p1-1-h4-join-stories-within-10,multiple-choice,Low,pass,pass,accept-candidate-only,S18 internal QA,Accepted for candidate-only package after two internal QA rounds; not approved for live integration in this dialogue.
us-ca-k5-knowledge-point-practice-v1-us-ca-math-p1-1-h4-join-stories-within-10-q06,P1,us-ca-math-p1-1-h4-join-stories-within-10,fill-in,Medium,pass,pass,accept-candidate-only,S18 internal QA,Accepted for candidate-only package after two internal QA rounds; not approved for live integration in this dialogue.
us-ca-k5-knowledge-point-practice-v1-us-ca-math-p1-1-h4-join-stories-within-10-q07,P1,us-ca-math-p1-1-h4-join-stories-within-10,short-answer,Medium,pass,pass,accept-candidate-only,S18 internal QA,Accepted for candidate-only package after two internal QA rounds; not approved for live integration in this dialogue.
us-ca-k5-knowledge-point-practice-v1-us-ca-math-p1-1-h4-join-stories-within-10-q08,P1,us-ca-math-p1-1-h4-join-stories-within-10,multiple-choice,High,pass,pass,accept-candidate-only,S18 internal QA,Accepted for candidate-only package after two internal QA rounds; not approved for live integration in this dialogue.
us-ca-k5-knowledge-point-practice-v1-us-ca-math-p1-1-h4-join-stories-within-10-q09,P1,us-ca-math-p1-1-h4-join-stories-within-10,multiple-choice,Low,pass,pass,accept-candidate-only,S18 internal QA,Accepted for candidate-only package after two internal QA rounds; not approved for live integration in this dialogue.
us-ca-k5-knowledge-point-practice-v1-us-ca-math-p1-1-h4-join-stories-within-10-q10,P1,us-ca-math-p1-1-h4-join-stories-within-10,fill-in,Medium,pass,pass,accept-candidate-only,S18 internal QA,Accepted for candidate-only package after two internal QA rounds; not approved for live integration in this dialogue.
us-ca-k5-knowledge-point-practice-v1-us-ca-math-p1-1-h4-join-stories-within-10-q11,P1,us-ca-math-p1-1-h4-join-stories-within-10,short-answer,Medium,pass,pass,accept-candidate-only,S18 internal QA,Accepted for candidate-only package after two internal QA rounds; not approved for live integration in this dialogue.
us-ca-k5-knowledge-point-practice-v1-us-ca-math-p1-1-h4-join-stories-within-10-q12,P1,us-ca-math-p1-1-h4-join-stories-within-10,multiple-choice,High,pass,pass,accept-candidate-only,S18 internal QA,Accepted for candidate-only package after two internal QA rounds; not approved for live integration in this dialogue.
us-ca-k5-knowledge-point-practice-v1-us-ca-math-p1-1-h5-model-equation-join-stories-to-10-q01,P1,us-ca-math-p1-1-h5-model-equation-join-stories-to-10,multiple-choice,Low,pass,pass,accept-candidate-only,S18 internal QA,Accepted for candidate-only package after two internal QA rounds; not approved for live integration in this dialogue.
us-ca-k5-knowledge-point-practice-v1-us-ca-math-p1-1-h5-model-equation-join-stories-to-10-q02,P1,us-ca-math-p1-1-h5-model-equation-join-stories-to-10,fill-in,Medium,pass,pass,accept-candidate-only,S18 internal QA,Accepted for candidate-only package after two internal QA rounds; not approved for live integration in this dialogue.
us-ca-k5-knowledge-point-practice-v1-us-ca-math-p1-1-h5-model-equation-join-stories-to-10-q03,P1,us-ca-math-p1-1-h5-model-equation-join-stories-to-10,short-answer,Medium,pass,pass,accept-candidate-only,S18 internal QA,Accepted for candidate-only package after two internal QA rounds; not approved for live integration in this dialogue.
us-ca-k5-knowledge-point-practice-v1-us-ca-math-p1-1-h5-model-equation-join-stories-to-10-q04,P1,us-ca-math-p1-1-h5-model-equation-join-stories-to-10,multiple-choice,High,pass,pass,accept-candidate-only,S18 internal QA,Accepted for candidate-only package after two internal QA rounds; not approved for live integration in this dialogue.
us-ca-k5-knowledge-point-practice-v1-us-ca-math-p1-1-h5-model-equation-join-stories-to-10-q05,P1,us-ca-math-p1-1-h5-model-equation-join-stories-to-10,multiple-choice,Low,pass,pass,accept-candidate-only,S18 internal QA,Accepted for candidate-only package after two internal QA rounds; not approved for live integration in this dialogue.
us-ca-k5-knowledge-point-practice-v1-us-ca-math-p1-1-h5-model-equation-join-stories-to-10-q06,P1,us-ca-math-p1-1-h5-model-equation-join-stories-to-10,fill-in,Medium,pass,pass,accept-candidate-only,S18 internal QA,Accepted for candidate-only package after two internal QA rounds; not approved for live integration in this dialogue.
us-ca-k5-knowledge-point-practice-v1-us-ca-math-p1-1-h5-model-equation-join-stories-to-10-q07,P1,us-ca-math-p1-1-h5-model-equation-join-stories-to-10,short-answer,Medium,pass,pass,accept-candidate-only,S18 internal QA,Accepted for candidate-only package after two internal QA rounds; not approved for live integration in this dialogue.
us-ca-k5-knowledge-point-practice-v1-us-ca-math-p1-1-h5-model-equation-join-stories-to-10-q08,P1,us-ca-math-p1-1-h5-model-equation-join-stories-to-10,multiple-choice,High,pass,pass,accept-candidate-only,S18 internal QA,Accepted for candidate-only package after two internal QA rounds; not approved for live integration in this dialogue.
us-ca-k5-knowledge-point-practice-v1-us-ca-math-p1-1-h5-model-equation-join-stories-to-10-q09,P1,us-ca-math-p1-1-h5-model-equation-join-stories-to-10,multiple-choice,Low,pass,pass,accept-candidate-only,S18 internal QA,Accepted for candidate-only package after two internal QA rounds; not approved for live integration in this dialogue.
us-ca-k5-knowledge-point-practice-v1-us-ca-math-p1-1-h5-model-equation-join-stories-to-10-q10,P1,us-ca-math-p1-1-h5-model-equation-join-stories-to-10,fill-in,Medium,pass,pass,accept-candidate-only,S18 internal QA,Accepted for candidate-only package after two internal QA rounds; not approved for live integration in this dialogue.
us-ca-k5-knowledge-point-practice-v1-us-ca-math-p1-1-h5-model-equation-join-stories-to-10-q11,P1,us-ca-math-p1-1-h5-model-equation-join-stories-to-10,short-answer,Medium,pass,pass,accept-candidate-only,S18 internal QA,Accepted for candidate-only package after two internal QA rounds; not approved for live integration in this dialogue.
us-ca-k5-knowledge-point-practice-v1-us-ca-math-p1-1-h5-model-equation-join-stories-to-10-q12,P1,us-ca-math-p1-1-h5-model-equation-join-stories-to-10,multiple-choice,High,pass,pass,accept-candidate-only,S18 internal QA,Accepted for candidate-only package after two internal QA rounds; not approved for live integration in this dialogue.
us-ca-k5-knowledge-point-practice-v1-us-ca-math-p1-1-h6-equation-match-join-stories-to-10-q01,P1,us-ca-math-p1-1-h6-equation-match-join-stories-to-10,multiple-choice,Low,pass,pass,accept-candidate-only,S18 internal QA,Accepted for candidate-only package after two internal QA rounds; not approved for live integration in this dialogue.
us-ca-k5-knowledge-point-practice-v1-us-ca-math-p1-1-h6-equation-match-join-stories-to-10-q02,P1,us-ca-math-p1-1-h6-equation-match-join-stories-to-10,fill-in,Medium,pass,pass,accept-candidate-only,S18 internal QA,Accepted for candidate-only package after two internal QA rounds; not approved for live integration in this dialogue.
us-ca-k5-knowledge-point-practice-v1-us-ca-math-p1-1-h6-equation-match-join-stories-to-10-q03,P1,us-ca-math-p1-1-h6-equation-match-join-stories-to-10,short-answer,Medium,pass,pass,accept-candidate-only,S18 internal QA,Accepted for candidate-only package after two internal QA rounds; not approved for live integration in this dialogue.
us-ca-k5-knowledge-point-practice-v1-us-ca-math-p1-1-h6-equation-match-join-stories-to-10-q04,P1,us-ca-math-p1-1-h6-equation-match-join-stories-to-10,multiple-choice,High,pass,pass,accept-candidate-only,S18 internal QA,Accepted for candidate-only package after two internal QA rounds; not approved for live integration in this dialogue.
us-ca-k5-knowledge-point-practice-v1-us-ca-math-p1-1-h6-equation-match-join-stories-to-10-q05,P1,us-ca-math-p1-1-h6-equation-match-join-stories-to-10,multiple-choice,Low,pass,pass,accept-candidate-only,S18 internal QA,Accepted for candidate-only package after two internal QA rounds; not approved for live integration in this dialogue.
us-ca-k5-knowledge-point-practice-v1-us-ca-math-p1-1-h6-equation-match-join-stories-to-10-q06,P1,us-ca-math-p1-1-h6-equation-match-join-stories-to-10,fill-in,Medium,pass,pass,accept-candidate-only,S18 internal QA,Accepted for candidate-only package after two internal QA rounds; not approved for live integration in this dialogue.
us-ca-k5-knowledge-point-practice-v1-us-ca-math-p1-1-h6-equation-match-join-stories-to-10-q07,P1,us-ca-math-p1-1-h6-equation-match-join-stories-to-10,short-answer,Medium,pass,pass,accept-candidate-only,S18 internal QA,Accepted for candidate-only package after two internal QA rounds; not approved for live integration in this dialogue.
us-ca-k5-knowledge-point-practice-v1-us-ca-math-p1-1-h6-equation-match-join-stories-to-10-q08,P1,us-ca-math-p1-1-h6-equation-match-join-stories-to-10,multiple-choice,High,pass,pass,accept-candidate-only,S18 internal QA,Accepted for candidate-only package after two internal QA rounds; not approved for live integration in this dialogue.
us-ca-k5-knowledge-point-practice-v1-us-ca-math-p1-1-h6-equation-match-join-stories-to-10-q09,P1,us-ca-math-p1-1-h6-equation-match-join-stories-to-10,multiple-choice,Low,pass,pass,accept-candidate-only,S18 internal QA,Accepted for candidate-only package after two internal QA rounds; not approved for live integration in this dialogue.
us-ca-k5-knowledge-point-practice-v1-us-ca-math-p1-1-h6-equation-match-join-stories-to-10-q10,P1,us-ca-math-p1-1-h6-equation-match-join-stories-to-10,fill-in,Medium,pass,pass,accept-candidate-only,S18 internal QA,Accepted for candidate-only package after two internal QA rounds; not approved for live integration in this dialogue.
us-ca-k5-knowledge-point-practice-v1-us-ca-math-p1-1-h6-equation-match-join-stories-to-10-q11,P1,us-ca-math-p1-1-h6-equation-match-join-stories-to-10,short-answer,Medium,pass,pass,accept-candidate-only,S18 internal QA,Accepted for candidate-only package after two internal QA rounds; not approved for live integration in this dialogue.
us-ca-k5-knowledge-point-practice-v1-us-ca-math-p1-1-h6-equation-match-join-stories-to-10-q12,P1,us-ca-math-p1-1-h6-equation-match-join-stories-to-10,multiple-choice,High,pass,pass,accept-candidate-only,S18 internal QA,Accepted for candidate-only package after two internal QA rounds; not approved for live integration in this dialogue.
us-ca-k5-knowledge-point-practice-v1-us-ca-math-p1-1-l1-picture-take-away-stories-to-10-q01,P1,us-ca-math-p1-1-l1-picture-take-away-stories-to-10,fill-in,Low,pass,pass,accept-candidate-only,S18 internal QA,Accepted for candidate-only package after two internal QA rounds; not approved for live integration in this dialogue.
us-ca-k5-knowledge-point-practice-v1-us-ca-math-p1-1-l1-picture-take-away-stories-to-10-q02,P1,us-ca-math-p1-1-l1-picture-take-away-stories-to-10,fill-in,Medium,pass,pass,accept-candidate-only,S18 internal QA,Accepted for candidate-only package after two internal QA rounds; not approved for live integration in this dialogue.
us-ca-k5-knowledge-point-practice-v1-us-ca-math-p1-1-l1-picture-take-away-stories-to-10-q03,P1,us-ca-math-p1-1-l1-picture-take-away-stories-to-10,short-answer,Medium,pass,pass,accept-candidate-only,S18 internal QA,Accepted for candidate-only package after two internal QA rounds; not approved for live integration in this dialogue.
us-ca-k5-knowledge-point-practice-v1-us-ca-math-p1-1-l1-picture-take-away-stories-to-10-q04,P1,us-ca-math-p1-1-l1-picture-take-away-stories-to-10,multiple-choice,High,pass,pass,accept-candidate-only,S18 internal QA,Accepted for candidate-only package after two internal QA rounds; not approved for live integration in this dialogue.
us-ca-k5-knowledge-point-practice-v1-us-ca-math-p1-1-l1-picture-take-away-stories-to-10-q05,P1,us-ca-math-p1-1-l1-picture-take-away-stories-to-10,fill-in,Low,pass,pass,accept-candidate-only,S18 internal QA,Accepted for candidate-only package after two internal QA rounds; not approved for live integration in this dialogue.
us-ca-k5-knowledge-point-practice-v1-us-ca-math-p1-1-l1-picture-take-away-stories-to-10-q06,P1,us-ca-math-p1-1-l1-picture-take-away-stories-to-10,fill-in,Medium,pass,pass,accept-candidate-only,S18 internal QA,Accepted for candidate-only package after two internal QA rounds; not approved for live integration in this dialogue.
us-ca-k5-knowledge-point-practice-v1-us-ca-math-p1-1-l1-picture-take-away-stories-to-10-q07,P1,us-ca-math-p1-1-l1-picture-take-away-stories-to-10,short-answer,Medium,pass,pass,accept-candidate-only,S18 internal QA,Accepted for candidate-only package after two internal QA rounds; not approved for live integration in this dialogue.
us-ca-k5-knowledge-point-practice-v1-us-ca-math-p1-1-l1-picture-take-away-stories-to-10-q08,P1,us-ca-math-p1-1-l1-picture-take-away-stories-to-10,multiple-choice,High,pass,pass,accept-candidate-only,S18 internal QA,Accepted for candidate-only package after two internal QA rounds; not approved for live integration in this dialogue.
us-ca-k5-knowledge-point-practice-v1-us-ca-math-p1-1-l1-picture-take-away-stories-to-10-q09,P1,us-ca-math-p1-1-l1-picture-take-away-stories-to-10,fill-in,Low,pass,pass,accept-candidate-only,S18 internal QA,Accepted for candidate-only package after two internal QA rounds; not approved for live integration in this dialogue.
us-ca-k5-knowledge-point-practice-v1-us-ca-math-p1-1-l1-picture-take-away-stories-to-10-q10,P1,us-ca-math-p1-1-l1-picture-take-away-stories-to-10,fill-in,Medium,pass,pass,accept-candidate-only,S18 internal QA,Accepted for candidate-only package after two internal QA rounds; not approved for live integration in this dialogue.
us-ca-k5-knowledge-point-practice-v1-us-ca-math-p1-1-l1-picture-take-away-stories-to-10-q11,P1,us-ca-math-p1-1-l1-picture-take-away-stories-to-10,short-answer,Medium,pass,pass,accept-candidate-only,S18 internal QA,Accepted for candidate-only package after two internal QA rounds; not approved for live integration in this dialogue.
us-ca-k5-knowledge-point-practice-v1-us-ca-math-p1-1-l1-picture-take-away-stories-to-10-q12,P1,us-ca-math-p1-1-l1-picture-take-away-stories-to-10,multiple-choice,High,pass,pass,accept-candidate-only,S18 internal QA,Accepted for candidate-only package after two internal QA rounds; not approved for live integration in this dialogue.
us-ca-k5-knowledge-point-practice-v1-us-ca-math-p1-1-l2-picture-story-subtraction-equations-q01,P1,us-ca-math-p1-1-l2-picture-story-subtraction-equations,fill-in,Low,pass,pass,accept-candidate-only,S18 internal QA,Accepted for candidate-only package after two internal QA rounds; not approved for live integration in this dialogue.
us-ca-k5-knowledge-point-practice-v1-us-ca-math-p1-1-l2-picture-story-subtraction-equations-q02,P1,us-ca-math-p1-1-l2-picture-story-subtraction-equations,fill-in,Medium,pass,pass,accept-candidate-only,S18 internal QA,Accepted for candidate-only package after two internal QA rounds; not approved for live integration in this dialogue.
us-ca-k5-knowledge-point-practice-v1-us-ca-math-p1-1-l2-picture-story-subtraction-equations-q03,P1,us-ca-math-p1-1-l2-picture-story-subtraction-equations,short-answer,Medium,pass,pass,accept-candidate-only,S18 internal QA,Accepted for candidate-only package after two internal QA rounds; not approved for live integration in this dialogue.
us-ca-k5-knowledge-point-practice-v1-us-ca-math-p1-1-l2-picture-story-subtraction-equations-q04,P1,us-ca-math-p1-1-l2-picture-story-subtraction-equations,multiple-choice,High,pass,pass,accept-candidate-only,S18 internal QA,Accepted for candidate-only package after two internal QA rounds; not approved for live integration in this dialogue.
us-ca-k5-knowledge-point-practice-v1-us-ca-math-p1-1-l2-picture-story-subtraction-equations-q05,P1,us-ca-math-p1-1-l2-picture-story-subtraction-equations,fill-in,Low,pass,pass,accept-candidate-only,S18 internal QA,Accepted for candidate-only package after two internal QA rounds; not approved for live integration in this dialogue.
us-ca-k5-knowledge-point-practice-v1-us-ca-math-p1-1-l2-picture-story-subtraction-equations-q06,P1,us-ca-math-p1-1-l2-picture-story-subtraction-equations,fill-in,Medium,pass,pass,accept-candidate-only,S18 internal QA,Accepted for candidate-only package after two internal QA rounds; not approved for live integration in this dialogue.
us-ca-k5-knowledge-point-practice-v1-us-ca-math-p1-1-l2-picture-story-subtraction-equations-q07,P1,us-ca-math-p1-1-l2-picture-story-subtraction-equations,short-answer,Medium,pass,pass,accept-candidate-only,S18 internal QA,Accepted for candidate-only package after two internal QA rounds; not approved for live integration in this dialogue.
us-ca-k5-knowledge-point-practice-v1-us-ca-math-p1-1-l2-picture-story-subtraction-equations-q08,P1,us-ca-math-p1-1-l2-picture-story-subtraction-equations,multiple-choice,High,pass,pass,accept-candidate-only,S18 internal QA,Accepted for candidate-only package after two internal QA rounds; not approved for live integration in this dialogue.
us-ca-k5-knowledge-point-practice-v1-us-ca-math-p1-1-l2-picture-story-subtraction-equations-q09,P1,us-ca-math-p1-1-l2-picture-story-subtraction-equations,fill-in,Low,pass,pass,accept-candidate-only,S18 internal QA,Accepted for candidate-only package after two internal QA rounds; not approved for live integration in this dialogue.
us-ca-k5-knowledge-point-practice-v1-us-ca-math-p1-1-l2-picture-story-subtraction-equations-q10,P1,us-ca-math-p1-1-l2-picture-story-subtraction-equations,fill-in,Medium,pass,pass,accept-candidate-only,S18 internal QA,Accepted for candidate-only package after two internal QA rounds; not approved for live integration in this dialogue.
us-ca-k5-knowledge-point-practice-v1-us-ca-math-p1-1-l2-picture-story-subtraction-equations-q11,P1,us-ca-math-p1-1-l2-picture-story-subtraction-equations,short-answer,Medium,pass,pass,accept-candidate-only,S18 internal QA,Accepted for candidate-only package after two internal QA rounds; not approved for live integration in this dialogue.
us-ca-k5-knowledge-point-practice-v1-us-ca-math-p1-1-l2-picture-story-subtraction-equations-q12,P1,us-ca-math-p1-1-l2-picture-story-subtraction-equations,multiple-choice,High,pass,pass,accept-candidate-only,S18 internal QA,Accepted for candidate-only package after two internal QA rounds; not approved for live integration in this dialogue.
us-ca-k5-knowledge-point-practice-v1-us-ca-math-p1-1-l3-cube-train-take-away-models-to-10-q01,P1,us-ca-math-p1-1-l3-cube-train-take-away-models-to-10,fill-in,Low,pass,pass,accept-candidate-only,S18 internal QA,Accepted for candidate-only package after two internal QA rounds; not approved for live integration in this dialogue.
us-ca-k5-knowledge-point-practice-v1-us-ca-math-p1-1-l3-cube-train-take-away-models-to-10-q02,P1,us-ca-math-p1-1-l3-cube-train-take-away-models-to-10,fill-in,Medium,pass,pass,accept-candidate-only,S18 internal QA,Accepted for candidate-only package after two internal QA rounds; not approved for live integration in this dialogue.
us-ca-k5-knowledge-point-practice-v1-us-ca-math-p1-1-l3-cube-train-take-away-models-to-10-q03,P1,us-ca-math-p1-1-l3-cube-train-take-away-models-to-10,short-answer,Medium,pass,pass,accept-candidate-only,S18 internal QA,Accepted for candidate-only package after two internal QA rounds; not approved for live integration in this dialogue.
us-ca-k5-knowledge-point-practice-v1-us-ca-math-p1-1-l3-cube-train-take-away-models-to-10-q04,P1,us-ca-math-p1-1-l3-cube-train-take-away-models-to-10,multiple-choice,High,pass,pass,accept-candidate-only,S18 internal QA,Accepted for candidate-only package after two internal QA rounds; not approved for live integration in this dialogue.
us-ca-k5-knowledge-point-practice-v1-us-ca-math-p1-1-l3-cube-train-take-away-models-to-10-q05,P1,us-ca-math-p1-1-l3-cube-train-take-away-models-to-10,fill-in,Low,pass,pass,accept-candidate-only,S18 internal QA,Accepted for candidate-only package after two internal QA rounds; not approved for live integration in this dialogue.
us-ca-k5-knowledge-point-practice-v1-us-ca-math-p1-1-l3-cube-train-take-away-models-to-10-q06,P1,us-ca-math-p1-1-l3-cube-train-take-away-models-to-10,fill-in,Medium,pass,pass,accept-candidate-only,S18 internal QA,Accepted for candidate-only package after two internal QA rounds; not approved for live integration in this dialogue.
us-ca-k5-knowledge-point-practice-v1-us-ca-math-p1-1-l3-cube-train-take-away-models-to-10-q07,P1,us-ca-math-p1-1-l3-cube-train-take-away-models-to-10,short-answer,Medium,pass,pass,accept-candidate-only,S18 internal QA,Accepted for candidate-only package after two internal QA rounds; not approved for live integration in this dialogue.
us-ca-k5-knowledge-point-practice-v1-us-ca-math-p1-1-l3-cube-train-take-away-models-to-10-q08,P1,us-ca-math-p1-1-l3-cube-train-take-away-models-to-10,multiple-choice,High,pass,pass,accept-candidate-only,S18 internal QA,Accepted for candidate-only package after two internal QA rounds; not approved for live integration in this dialogue.
us-ca-k5-knowledge-point-practice-v1-us-ca-math-p1-1-l3-cube-train-take-away-models-to-10-q09,P1,us-ca-math-p1-1-l3-cube-train-take-away-models-to-10,fill-in,Low,pass,pass,accept-candidate-only,S18 internal QA,Accepted for candidate-only package after two internal QA rounds; not approved for live integration in this dialogue.
us-ca-k5-knowledge-point-practice-v1-us-ca-math-p1-1-l3-cube-train-take-away-models-to-10-q10,P1,us-ca-math-p1-1-l3-cube-train-take-away-models-to-10,fill-in,Medium,pass,pass,accept-candidate-only,S18 internal QA,Accepted for candidate-only package after two internal QA rounds; not approved for live integration in this dialogue.
us-ca-k5-knowledge-point-practice-v1-us-ca-math-p1-1-l3-cube-train-take-away-models-to-10-q11,P1,us-ca-math-p1-1-l3-cube-train-take-away-models-to-10,short-answer,Medium,pass,pass,accept-candidate-only,S18 internal QA,Accepted for candidate-only package after two internal QA rounds; not approved for live integration in this dialogue.
us-ca-k5-knowledge-point-practice-v1-us-ca-math-p1-1-l3-cube-train-take-away-models-to-10-q12,P1,us-ca-math-p1-1-l3-cube-train-take-away-models-to-10,multiple-choice,High,pass,pass,accept-candidate-only,S18 internal QA,Accepted for candidate-only package after two internal QA rounds; not approved for live integration in this dialogue.
us-ca-k5-knowledge-point-practice-v1-us-ca-math-p1-1-l4-take-away-stories-within-10-q01,P1,us-ca-math-p1-1-l4-take-away-stories-within-10,fill-in,Low,pass,pass,accept-candidate-only,S18 internal QA,Accepted for candidate-only package after two internal QA rounds; not approved for live integration in this dialogue.
us-ca-k5-knowledge-point-practice-v1-us-ca-math-p1-1-l4-take-away-stories-within-10-q02,P1,us-ca-math-p1-1-l4-take-away-stories-within-10,fill-in,Medium,pass,pass,accept-candidate-only,S18 internal QA,Accepted for candidate-only package after two internal QA rounds; not approved for live integration in this dialogue.
us-ca-k5-knowledge-point-practice-v1-us-ca-math-p1-1-l4-take-away-stories-within-10-q03,P1,us-ca-math-p1-1-l4-take-away-stories-within-10,short-answer,Medium,pass,pass,accept-candidate-only,S18 internal QA,Accepted for candidate-only package after two internal QA rounds; not approved for live integration in this dialogue.
us-ca-k5-knowledge-point-practice-v1-us-ca-math-p1-1-l4-take-away-stories-within-10-q04,P1,us-ca-math-p1-1-l4-take-away-stories-within-10,multiple-choice,High,pass,pass,accept-candidate-only,S18 internal QA,Accepted for candidate-only package after two internal QA rounds; not approved for live integration in this dialogue.
us-ca-k5-knowledge-point-practice-v1-us-ca-math-p1-1-l4-take-away-stories-within-10-q05,P1,us-ca-math-p1-1-l4-take-away-stories-within-10,fill-in,Low,pass,pass,accept-candidate-only,S18 internal QA,Accepted for candidate-only package after two internal QA rounds; not approved for live integration in this dialogue.
us-ca-k5-knowledge-point-practice-v1-us-ca-math-p1-1-l4-take-away-stories-within-10-q06,P1,us-ca-math-p1-1-l4-take-away-stories-within-10,fill-in,Medium,pass,pass,accept-candidate-only,S18 internal QA,Accepted for candidate-only package after two internal QA rounds; not approved for live integration in this dialogue.
us-ca-k5-knowledge-point-practice-v1-us-ca-math-p1-1-l4-take-away-stories-within-10-q07,P1,us-ca-math-p1-1-l4-take-away-stories-within-10,short-answer,Medium,pass,pass,accept-candidate-only,S18 internal QA,Accepted for candidate-only package after two internal QA rounds; not approved for live integration in this dialogue.
us-ca-k5-knowledge-point-practice-v1-us-ca-math-p1-1-l4-take-away-stories-within-10-q08,P1,us-ca-math-p1-1-l4-take-away-stories-within-10,multiple-choice,High,pass,pass,accept-candidate-only,S18 internal QA,Accepted for candidate-only package after two internal QA rounds; not approved for live integration in this dialogue.
us-ca-k5-knowledge-point-practice-v1-us-ca-math-p1-1-l4-take-away-stories-within-10-q09,P1,us-ca-math-p1-1-l4-take-away-stories-within-10,fill-in,Low,pass,pass,accept-candidate-only,S18 internal QA,Accepted for candidate-only package after two internal QA rounds; not approved for live integration in this dialogue.
us-ca-k5-knowledge-point-practice-v1-us-ca-math-p1-1-l4-take-away-stories-within-10-q10,P1,us-ca-math-p1-1-l4-take-away-stories-within-10,fill-in,Medium,pass,pass,accept-candidate-only,S18 internal QA,Accepted for candidate-only package after two internal QA rounds; not approved for live integration in this dialogue.
us-ca-k5-knowledge-point-practice-v1-us-ca-math-p1-1-l4-take-away-stories-within-10-q11,P1,us-ca-math-p1-1-l4-take-away-stories-within-10,short-answer,Medium,pass,pass,accept-candidate-only,S18 internal QA,Accepted for candidate-only package after two internal QA rounds; not approved for live integration in this dialogue.
us-ca-k5-knowledge-point-practice-v1-us-ca-math-p1-1-l4-take-away-stories-within-10-q12,P1,us-ca-math-p1-1-l4-take-away-stories-within-10,multiple-choice,High,pass,pass,accept-candidate-only,S18 internal QA,Accepted for candidate-only package after two internal QA rounds; not approved for live integration in this dialogue.
us-ca-k5-knowledge-point-practice-v1-us-ca-math-p1-1-l5-model-equation-take-away-stories-to-10-q01,P1,us-ca-math-p1-1-l5-model-equation-take-away-stories-to-10,fill-in,Low,pass,pass,accept-candidate-only,S18 internal QA,Accepted for candidate-only package after two internal QA rounds; not approved for live integration in this dialogue.
us-ca-k5-knowledge-point-practice-v1-us-ca-math-p1-1-l5-model-equation-take-away-stories-to-10-q02,P1,us-ca-math-p1-1-l5-model-equation-take-away-stories-to-10,fill-in,Medium,pass,pass,accept-candidate-only,S18 internal QA,Accepted for candidate-only package after two internal QA rounds; not approved for live integration in this dialogue.
us-ca-k5-knowledge-point-practice-v1-us-ca-math-p1-1-l5-model-equation-take-away-stories-to-10-q03,P1,us-ca-math-p1-1-l5-model-equation-take-away-stories-to-10,short-answer,Medium,pass,pass,accept-candidate-only,S18 internal QA,Accepted for candidate-only package after two internal QA rounds; not approved for live integration in this dialogue.
us-ca-k5-knowledge-point-practice-v1-us-ca-math-p1-1-l5-model-equation-take-away-stories-to-10-q04,P1,us-ca-math-p1-1-l5-model-equation-take-away-stories-to-10,multiple-choice,High,pass,pass,accept-candidate-only,S18 internal QA,Accepted for candidate-only package after two internal QA rounds; not approved for live integration in this dialogue.
us-ca-k5-knowledge-point-practice-v1-us-ca-math-p1-1-l5-model-equation-take-away-stories-to-10-q05,P1,us-ca-math-p1-1-l5-model-equation-take-away-stories-to-10,fill-in,Low,pass,pass,accept-candidate-only,S18 internal QA,Accepted for candidate-only package after two internal QA rounds; not approved for live integration in this dialogue.
us-ca-k5-knowledge-point-practice-v1-us-ca-math-p1-1-l5-model-equation-take-away-stories-to-10-q06,P1,us-ca-math-p1-1-l5-model-equation-take-away-stories-to-10,fill-in,Medium,pass,pass,accept-candidate-only,S18 internal QA,Accepted for candidate-only package after two internal QA rounds; not approved for live integration in this dialogue.
us-ca-k5-knowledge-point-practice-v1-us-ca-math-p1-1-l5-model-equation-take-away-stories-to-10-q07,P1,us-ca-math-p1-1-l5-model-equation-take-away-stories-to-10,short-answer,Medium,pass,pass,accept-candidate-only,S18 internal QA,Accepted for candidate-only package after two internal QA rounds; not approved for live integration in this dialogue.
us-ca-k5-knowledge-point-practice-v1-us-ca-math-p1-1-l5-model-equation-take-away-stories-to-10-q08,P1,us-ca-math-p1-1-l5-model-equation-take-away-stories-to-10,multiple-choice,High,pass,pass,accept-candidate-only,S18 internal QA,Accepted for candidate-only package after two internal QA rounds; not approved for live integration in this dialogue.
us-ca-k5-knowledge-point-practice-v1-us-ca-math-p1-1-l5-model-equation-take-away-stories-to-10-q09,P1,us-ca-math-p1-1-l5-model-equation-take-away-stories-to-10,fill-in,Low,pass,pass,accept-candidate-only,S18 internal QA,Accepted for candidate-only package after two internal QA rounds; not approved for live integration in this dialogue.
us-ca-k5-knowledge-point-practice-v1-us-ca-math-p1-1-l5-model-equation-take-away-stories-to-10-q10,P1,us-ca-math-p1-1-l5-model-equation-take-away-stories-to-10,fill-in,Medium,pass,pass,accept-candidate-only,S18 internal QA,Accepted for candidate-only package after two internal QA rounds; not approved for live integration in this dialogue.
us-ca-k5-knowledge-point-practice-v1-us-ca-math-p1-1-l5-model-equation-take-away-stories-to-10-q11,P1,us-ca-math-p1-1-l5-model-equation-take-away-stories-to-10,short-answer,Medium,pass,pass,accept-candidate-only,S18 internal QA,Accepted for candidate-only package after two internal QA rounds; not approved for live integration in this dialogue.
us-ca-k5-knowledge-point-practice-v1-us-ca-math-p1-1-l5-model-equation-take-away-stories-to-10-q12,P1,us-ca-math-p1-1-l5-model-equation-take-away-stories-to-10,multiple-choice,High,pass,pass,accept-candidate-only,S18 internal QA,Accepted for candidate-only package after two internal QA rounds; not approved for live integration in this dialogue.
us-ca-k5-knowledge-point-practice-v1-us-ca-math-p1-1-l6-break-apart-subtraction-equations-to-10-q01,P1,us-ca-math-p1-1-l6-break-apart-subtraction-equations-to-10,fill-in,Low,pass,pass,accept-candidate-only,S18 internal QA,Accepted for candidate-only package after two internal QA rounds; not approved for live integration in this dialogue.
us-ca-k5-knowledge-point-practice-v1-us-ca-math-p1-1-l6-break-apart-subtraction-equations-to-10-q02,P1,us-ca-math-p1-1-l6-break-apart-subtraction-equations-to-10,fill-in,Medium,pass,pass,accept-candidate-only,S18 internal QA,Accepted for candidate-only package after two internal QA rounds; not approved for live integration in this dialogue.
us-ca-k5-knowledge-point-practice-v1-us-ca-math-p1-1-l6-break-apart-subtraction-equations-to-10-q03,P1,us-ca-math-p1-1-l6-break-apart-subtraction-equations-to-10,short-answer,Medium,pass,pass,accept-candidate-only,S18 internal QA,Accepted for candidate-only package after two internal QA rounds; not approved for live integration in this dialogue.
us-ca-k5-knowledge-point-practice-v1-us-ca-math-p1-1-l6-break-apart-subtraction-equations-to-10-q04,P1,us-ca-math-p1-1-l6-break-apart-subtraction-equations-to-10,multiple-choice,High,pass,pass,accept-candidate-only,S18 internal QA,Accepted for candidate-only package after two internal QA rounds; not approved for live integration in this dialogue.
us-ca-k5-knowledge-point-practice-v1-us-ca-math-p1-1-l6-break-apart-subtraction-equations-to-10-q05,P1,us-ca-math-p1-1-l6-break-apart-subtraction-equations-to-10,fill-in,Low,pass,pass,accept-candidate-only,S18 internal QA,Accepted for candidate-only package after two internal QA rounds; not approved for live integration in this dialogue.
us-ca-k5-knowledge-point-practice-v1-us-ca-math-p1-1-l6-break-apart-subtraction-equations-to-10-q06,P1,us-ca-math-p1-1-l6-break-apart-subtraction-equations-to-10,fill-in,Medium,pass,pass,accept-candidate-only,S18 internal QA,Accepted for candidate-only package after two internal QA rounds; not approved for live integration in this dialogue.
us-ca-k5-knowledge-point-practice-v1-us-ca-math-p1-1-l6-break-apart-subtraction-equations-to-10-q07,P1,us-ca-math-p1-1-l6-break-apart-subtraction-equations-to-10,short-answer,Medium,pass,pass,accept-candidate-only,S18 internal QA,Accepted for candidate-only package after two internal QA rounds; not approved for live integration in this dialogue.
us-ca-k5-knowledge-point-practice-v1-us-ca-math-p1-1-l6-break-apart-subtraction-equations-to-10-q08,P1,us-ca-math-p1-1-l6-break-apart-subtraction-equations-to-10,multiple-choice,High,pass,pass,accept-candidate-only,S18 internal QA,Accepted for candidate-only package after two internal QA rounds; not approved for live integration in this dialogue.
us-ca-k5-knowledge-point-practice-v1-us-ca-math-p1-1-l6-break-apart-subtraction-equations-to-10-q09,P1,us-ca-math-p1-1-l6-break-apart-subtraction-equations-to-10,fill-in,Low,pass,pass,accept-candidate-only,S18 internal QA,Accepted for candidate-only package after two internal QA rounds; not approved for live integration in this dialogue.
us-ca-k5-knowledge-point-practice-v1-us-ca-math-p1-1-l6-break-apart-subtraction-equations-to-10-q10,P1,us-ca-math-p1-1-l6-break-apart-subtraction-equations-to-10,fill-in,Medium,pass,pass,accept-candidate-only,S18 internal QA,Accepted for candidate-only package after two internal QA rounds; not approved for live integration in this dialogue.
us-ca-k5-knowledge-point-practice-v1-us-ca-math-p1-1-l6-break-apart-subtraction-equations-to-10-q11,P1,us-ca-math-p1-1-l6-break-apart-subtraction-equations-to-10,short-answer,Medium,pass,pass,accept-candidate-only,S18 internal QA,Accepted for candidate-only package after two internal QA rounds; not approved for live integration in this dialogue.
us-ca-k5-knowledge-point-practice-v1-us-ca-math-p1-1-l6-break-apart-subtraction-equations-to-10-q12,P1,us-ca-math-p1-1-l6-break-apart-subtraction-equations-to-10,multiple-choice,High,pass,pass,accept-candidate-only,S18 internal QA,Accepted for candidate-only package after two internal QA rounds; not approved for live integration in this dialogue.
