id,batch,grade,semester,knowledgePointId,unitTitle,type,difficulty,promptZhHans,optionsZhHans,answer,acceptedAnswers,explanationZhHans,evidenceCardIds,paperPatternCardIds,examPatternCardIds,sourceDistanceStatus,mathQaStatus,reviewNotes
pep-junior-v3-s1-k01-mc-001,junior-rag-v3-1200,S1,upper,pep-junior-s1-upper-rational-numbers,有理数与数轴基础,multiple-choice,Foundation,某日，杭州市的最高气温为 8°C，最低气温为 -3°C，则这天的温差是多少？,5°C | 11°C | -11°C | 8°C,11°C,11°C | 11摄氏度 | 11 | 11度,温差 = 最高气温 - 最低气温 = 8 - (-3) = 8 + 3 = 11°C。,pep-junior-s1-upper-rational-numbers,pep-junior-s1-upper-paper-rational-number-operations,pep-junior-exam-number-sense-real-numbers,passed,needs-review,deepseek-original-v3-1200; pending-s18-manual-review
pep-junior-v3-s1-k01-mc-002,junior-rag-v3-1200,S1,upper,pep-junior-s1-upper-rational-numbers,有理数与数轴基础,multiple-choice,Foundation,在数轴上，点 A 表示 -2，点 B 在点 A 的右侧 5 个单位长度处，则点 B 表示的数是？,-7 | 3 | -3 | 7,3,3 | +3,点 A 表示 -2，向右移动 5 个单位，-2 + 5 = 3，所以点 B 表示的数是 3。,pep-junior-s1-upper-rational-numbers,pep-junior-s1-upper-paper-midterm-final-integrated,pep-junior-exam-linear-equation-inequality-models,passed,needs-review,deepseek-original-v3-1200; pending-s18-manual-review
pep-junior-v3-s1-k01-mc-003,junior-rag-v3-1200,S1,upper,pep-junior-s1-upper-rational-numbers,有理数与数轴基础,multiple-choice,Foundation,某班级进行数学测验，及格标准为 60 分。小明考了 72 分，若将及格线记为 0 分，超过及格线的分数记为正，则小明的分数可记为？,+12 分 | -12 分 | +72 分 | -60 分,+12 分,+12 分 | +12分 | +12 | 12 | 12分,以 60 分为基准，72 分比 60 分高 12 分，所以记作 +12 分。,pep-junior-s1-upper-rational-numbers,pep-junior-s1-upper-paper-expression-simplification,pep-junior-exam-statistics-probability,passed,needs-review,deepseek-original-v3-1200; pending-s18-manual-review
pep-junior-v3-s1-k01-mc-004,junior-rag-v3-1200,S1,upper,pep-junior-s1-upper-rational-numbers,有理数与数轴基础,multiple-choice,Foundation,下列各数中，绝对值最小的是？,-3 | 0 | 2 | -1.5,0,0 | 零,绝对值表示数在数轴上到原点的距离。|-3|=3，|0|=0，|2|=2，|-1.5|=1.5，其中 0 最小，所以绝对值最小的是 0。,pep-junior-s1-upper-rational-numbers,pep-junior-s1-upper-paper-linear-equation-modeling,pep-junior-exam-coordinate-transformations,passed,needs-review,deepseek-original-v3-1200; pending-s18-manual-review
pep-junior-v3-s1-k01-mc-005,junior-rag-v3-1200,S1,upper,pep-junior-s1-upper-rational-numbers,有理数与数轴基础,multiple-choice,Foundation,小明记录了一周内每天存取款后的账户余额变化（存入为正，取出为负）：+200 元，-150 元，+300 元，-100 元，-50 元。若初始余额为 500 元，则最终余额是多少？,700 元 | 600 元 | 800 元 | 500 元,700 元,700 元 | 700元 | 700,最终余额 = 初始余额 + 变化总和 = 500 + (200 - 150 + 300 - 100 - 50) = 500 + 200 = 700 元。,pep-junior-s1-upper-rational-numbers,pep-junior-s1-upper-paper-geometric-figures,pep-junior-exam-applied-modeling-finance-rate,passed,needs-review,deepseek-original-v3-1200; pending-s18-manual-review
pep-junior-v3-s1-k01-mc-006,junior-rag-v3-1200,S1,upper,pep-junior-s1-upper-rational-numbers,有理数与数轴基础,multiple-choice,Foundation,一个数的相反数是它本身，这个数是？,1 | -1 | 0 | 不存在,0,0 | 零,相反数的定义是符号相反的两个数。0 的相反数是 0，所以这个数是 0。,pep-junior-s1-upper-rational-numbers,pep-junior-s1-upper-paper-rational-number-operations,pep-junior-exam-number-sense-real-numbers,passed,needs-review,deepseek-original-v3-1200; pending-s18-manual-review
pep-junior-v3-s1-k01-mc-007,junior-rag-v3-1200,S1,upper,pep-junior-s1-upper-rational-numbers,有理数与数轴基础,multiple-choice,Foundation,数轴上点 M 表示 -4，点 N 表示 6，则 M 和 N 之间的距离是？,2 | 10 | -10 | 4,10,10 | 10个单位,数轴上两点间的距离等于右边点表示的数减去左边点表示的数，即 6 - (-4) = 10。,pep-junior-s1-upper-rational-numbers,pep-junior-s1-upper-paper-midterm-final-integrated,pep-junior-exam-linear-equation-inequality-models,passed,needs-review,deepseek-original-v3-1200; pending-s18-manual-review
pep-junior-v3-s1-k01-mc-008,junior-rag-v3-1200,S1,upper,pep-junior-s1-upper-rational-numbers,有理数与数轴基础,multiple-choice,Foundation,如果 |a| = 5，那么 a 的值是？,5 | -5 | ±5 | 0,±5,±5 | 5或-5 | -5或5 | 5和-5,绝对值等于 5 的数有两个，分别是 5 和 -5，所以 a = ±5。,pep-junior-s1-upper-rational-numbers,pep-junior-s1-upper-paper-expression-simplification,pep-junior-exam-statistics-probability,passed,needs-review,deepseek-original-v3-1200; pending-s18-manual-review
pep-junior-v3-s1-k01-mc-009,junior-rag-v3-1200,S1,upper,pep-junior-s1-upper-rational-numbers,有理数与数轴基础,multiple-choice,Foundation,下列比较大小正确的是？,-3 < -5 | 0 < -1 | -2 > -4 | 1 < -2,-2 > -4,-2 > -4 | -2大于-4,在数轴上，右边的数总比左边的大。-2 在 -4 的右边，所以 -2 > -4。,pep-junior-s1-upper-rational-numbers,pep-junior-s1-upper-paper-linear-equation-modeling,pep-junior-exam-coordinate-transformations,passed,needs-review,deepseek-original-v3-1200; pending-s18-manual-review
pep-junior-v3-s1-k01-mc-010,junior-rag-v3-1200,S1,upper,pep-junior-s1-upper-rational-numbers,有理数与数轴基础,multiple-choice,Foundation,计算：(-3) + 5 - (-2) 的结果是？,0 | 4 | -4 | 10,4,4 | +4,(-3) + 5 - (-2) = (-3) + 5 + 2 = 4。,pep-junior-s1-upper-rational-numbers,pep-junior-s1-upper-paper-geometric-figures,pep-junior-exam-applied-modeling-finance-rate,passed,needs-review,deepseek-original-v3-1200; pending-s18-manual-review
pep-junior-v3-s1-k01-mc-011,junior-rag-v3-1200,S1,upper,pep-junior-s1-upper-rational-numbers,有理数与数轴基础,multiple-choice,Foundation,某城市冬季某天的最高气温为 -2℃，最低气温为 -9℃，则这天的温差（最高气温与最低气温的差）是多少？,-11℃ | -7℃ | 7℃ | 11℃,7℃,7℃ | 7 | 7度,温差是指最高气温减去最低气温，即 (-2) - (-9) = -2 + 9 = 7℃，所以温差为 7℃。,pep-junior-s1-upper-rational-numbers,pep-junior-s1-upper-paper-rational-number-operations,pep-junior-exam-number-sense-real-numbers,passed,needs-review,deepseek-original-v3-1200; pending-s18-manual-review
pep-junior-v3-s1-k01-mc-012,junior-rag-v3-1200,S1,upper,pep-junior-s1-upper-rational-numbers,有理数与数轴基础,multiple-choice,Foundation,在数轴上，点 A 表示 -3，点 B 表示 4，点 C 是线段 AB 的中点，则点 C 表示的数是多少？,-0.5 | 0.5 | 1 | 3.5,0.5,0.5 | 1/2 | 二分之一,数轴上两点的中点所表示的数是这两点表示的数之和的一半，即 [(-3) + 4] ÷ 2 = 1 ÷ 2 = 0.5，所以点 C 表示的数是 0.5。,pep-junior-s1-upper-rational-numbers,pep-junior-s1-upper-paper-midterm-final-integrated,pep-junior-exam-linear-equation-inequality-models,passed,needs-review,deepseek-original-v3-1200; pending-s18-manual-review
pep-junior-v3-s1-k01-mc-013,junior-rag-v3-1200,S1,upper,pep-junior-s1-upper-rational-numbers,有理数与数轴基础,multiple-choice,Foundation,若 a 与 b 互为相反数，且 a = -2.5，则 b 的值是多少？,-2.5 | -0.4 | 0.4 | 2.5,2.5,2.5 | +2.5,互为相反数的两个数之和为 0，即 a + b = 0，所以 b = -a = -(-2.5) = 2.5。,pep-junior-s1-upper-rational-numbers,pep-junior-s1-upper-paper-expression-simplification,pep-junior-exam-statistics-probability,passed,needs-review,deepseek-original-v3-1200; pending-s18-manual-review
pep-junior-v3-s1-k01-mc-014,junior-rag-v3-1200,S1,upper,pep-junior-s1-upper-rational-numbers,有理数与数轴基础,multiple-choice,Foundation,下列四个数中，绝对值最大的是哪一个？,-3.2 | 0 | 2.8 | -4.1,-4.1,-4.1 | 负4.1,绝对值表示一个数到原点的距离，|-3.2|=3.2，|0|=0，|2.8|=2.8，|-4.1|=4.1，其中 4.1 最大，所以绝对值最大的是 -4.1。,pep-junior-s1-upper-rational-numbers,pep-junior-s1-upper-paper-linear-equation-modeling,pep-junior-exam-coordinate-transformations,passed,needs-review,deepseek-original-v3-1200; pending-s18-manual-review
pep-junior-v3-s1-k01-mc-015,junior-rag-v3-1200,S1,upper,pep-junior-s1-upper-rational-numbers,有理数与数轴基础,multiple-choice,Foundation,计算：(-8) + (+3) - (-5) 的结果是多少？,-10 | 0 | 6 | 10,0,0 | 零,原式 = -8 + 3 + 5 = 0，所以结果为 0。,pep-junior-s1-upper-rational-numbers,pep-junior-s1-upper-paper-geometric-figures,pep-junior-exam-applied-modeling-finance-rate,passed,needs-review,deepseek-original-v3-1200; pending-s18-manual-review
pep-junior-v3-s1-k01-mc-016,junior-rag-v3-1200,S1,upper,pep-junior-s1-upper-rational-numbers,有理数与数轴基础,multiple-choice,Foundation,某水库的水位在警戒线以下 2 米，记为 -2 米。如果水位上升 5 米，则新的水位记作多少米？,-7 | -3 | 3 | 7,3,3 | +3 | 3米,初始水位为 -2 米，上升 5 米后，水位变为 -2 + 5 = 3 米，所以新的水位记作 3。,pep-junior-s1-upper-rational-numbers,pep-junior-s1-upper-paper-rational-number-operations,pep-junior-exam-number-sense-real-numbers,passed,needs-review,deepseek-original-v3-1200; pending-s18-manual-review
pep-junior-v3-s1-k01-mc-017,junior-rag-v3-1200,S1,upper,pep-junior-s1-upper-rational-numbers,有理数与数轴基础,multiple-choice,Foundation,在数轴上，位于 -2 和 3 之间的整数共有多少个？,3 | 4 | 5 | 6,4,4 | 四个,"在 -2 和 3 之间的整数有 -1, 0, 1, 2，共 4 个。",pep-junior-s1-upper-rational-numbers,pep-junior-s1-upper-paper-midterm-final-integrated,pep-junior-exam-linear-equation-inequality-models,passed,needs-review,deepseek-original-v3-1200; pending-s18-manual-review
pep-junior-v3-s1-k01-mc-018,junior-rag-v3-1200,S1,upper,pep-junior-s1-upper-rational-numbers,有理数与数轴基础,multiple-choice,Foundation,若 |x| = 5，则 x 的值可能是多少？,5 | -5 | 0 | 5 或 -5,5 或 -5,5 或 -5 | 5或-5 | ±5,绝对值等于 5 的数有两个，分别是 5 和 -5，所以 x 的值可能是 5 或 -5。,pep-junior-s1-upper-rational-numbers,pep-junior-s1-upper-paper-expression-simplification,pep-junior-exam-statistics-probability,passed,needs-review,deepseek-original-v3-1200; pending-s18-manual-review
pep-junior-v3-s1-k01-mc-019,junior-rag-v3-1200,S1,upper,pep-junior-s1-upper-rational-numbers,有理数与数轴基础,multiple-choice,Foundation,比较大小：-1/2 与 -1/3，哪个更大？,-1/2 | -1/3 | 一样大 | 无法比较,-1/3,-1/3 | 负三分之一,两个负数比较大小，绝对值大的反而小。|-1/2|=1/2，|-1/3|=1/3，因为 1/2 > 1/3，所以 -1/2 < -1/3，因此 -1/3 更大。,pep-junior-s1-upper-rational-numbers,pep-junior-s1-upper-paper-linear-equation-modeling,pep-junior-exam-coordinate-transformations,passed,needs-review,deepseek-original-v3-1200; pending-s18-manual-review
pep-junior-v3-s1-k01-mc-020,junior-rag-v3-1200,S1,upper,pep-junior-s1-upper-rational-numbers,有理数与数轴基础,multiple-choice,Foundation,"某商店一周内每天的盈亏情况如下（盈利为正，亏损为负，单位：元）：+120, -80, +50, -30, +100, -60, +40。这一周的总盈亏是多少元？",140 | 200 | 240 | 300,140,140 | +140 | 140元,总盈亏 = 120 + (-80) + 50 + (-30) + 100 + (-60) + 40 = (120+50+100+40) + (-80-30-60) = 310 - 170 = 140，所以总盈利 140 元。,pep-junior-s1-upper-rational-numbers,pep-junior-s1-upper-paper-geometric-figures,pep-junior-exam-applied-modeling-finance-rate,passed,needs-review,deepseek-original-v3-1200; pending-s18-manual-review
pep-junior-v3-s1-k01-mc-021,junior-rag-v3-1200,S1,upper,pep-junior-s1-upper-rational-numbers,有理数与数轴基础,multiple-choice,Foundation,某城市冬季某日早晨气温为 -5℃，中午上升了 8℃，傍晚又下降了 3℃。傍晚的气温是多少？,-6℃ | 0℃ | 6℃ | 10℃,0℃,0℃ | B | 0度,早晨气温为 -5℃，中午上升 8℃：-5 + 8 = 3℃；傍晚下降 3℃：3 - 3 = 0℃。因此傍晚气温为 B. 0℃。,pep-junior-s1-upper-rational-numbers,pep-junior-s1-upper-paper-rational-number-operations,pep-junior-exam-number-sense-real-numbers,passed,needs-review,deepseek-original-v3-1200; pending-s18-manual-review
pep-junior-v3-s1-k01-mc-022,junior-rag-v3-1200,S1,upper,pep-junior-s1-upper-rational-numbers,有理数与数轴基础,multiple-choice,Foundation,在数轴上，点 A 表示 -2，点 B 在点 A 右侧 5 个单位长度处，点 C 在点 B 左侧 3 个单位长度处。点 C 表示的数是多少？,-4 | 0 | 1 | 6,0,0 | B,点 A 为 -2，点 B 在 A 右侧 5 个单位：-2 + 5 = 3；点 C 在 B 左侧 3 个单位：3 - 3 = 0。所以点 C 表示的数是 B. 0。,pep-junior-s1-upper-rational-numbers,pep-junior-s1-upper-paper-midterm-final-integrated,pep-junior-exam-linear-equation-inequality-models,passed,needs-review,deepseek-original-v3-1200; pending-s18-manual-review
pep-junior-v3-s1-k01-mc-023,junior-rag-v3-1200,S1,upper,pep-junior-s1-upper-rational-numbers,有理数与数轴基础,multiple-choice,Foundation,若 a 与 b 互为相反数，且 |a| = 4，则 b 的值是多少？,4 | -4 | 4 或 -4 | 0,4 或 -4,4 或 -4 | C | 4或-4,由 |a| = 4 得 a = 4 或 a = -4。因为 a 与 b 互为相反数，所以当 a = 4 时 b = -4，当 a = -4 时 b = 4。因此 b 的值是 C. 4 或 -4。,pep-junior-s1-upper-rational-numbers,pep-junior-s1-upper-paper-expression-simplification,pep-junior-exam-statistics-probability,passed,needs-review,deepseek-original-v3-1200; pending-s18-manual-review
pep-junior-v3-s1-k01-fi-001,junior-rag-v3-1200,S1,upper,pep-junior-s1-upper-rational-numbers,有理数与数轴基础,fill-in,Foundation,计算：-3 + 8 - (-2) = ______。,,7,7 | +7,-3 + 8 = 5，减去 -2 等于加上 2：5 + 2 = 7。所以结果是 7。,pep-junior-s1-upper-rational-numbers,pep-junior-s1-upper-paper-rational-number-operations,pep-junior-exam-number-sense-real-numbers,passed,needs-review,deepseek-original-v3-1200; pending-s18-manual-review
pep-junior-v3-s1-k01-fi-002,junior-rag-v3-1200,S1,upper,pep-junior-s1-upper-rational-numbers,有理数与数轴基础,fill-in,Foundation,某水库警戒水位为 0 米，上午水位为 -0.8 米（低于警戒水位），下午上升了 1.2 米，晚上又下降了 0.5 米。晚上水位为 ______ 米。,,-0.1,-0.1 | -0.1米,上午 -0.8 米，上升 1.2 米：-0.8 + 1.2 = 0.4 米；下降 0.5 米：0.4 - 0.5 = -0.1 米。所以晚上水位为 -0.1 米。,pep-junior-s1-upper-rational-numbers,pep-junior-s1-upper-paper-midterm-final-integrated,pep-junior-exam-linear-equation-inequality-models,passed,needs-review,deepseek-original-v3-1200; pending-s18-manual-review
pep-junior-v3-s1-k01-fi-003,junior-rag-v3-1200,S1,upper,pep-junior-s1-upper-rational-numbers,有理数与数轴基础,fill-in,Foundation,比较大小：-2.5 ______ -3.1（填“>”或“<”）。,,>,> | 大于,两个负数比较，绝对值大的反而小。|-2.5| = 2.5，|-3.1| = 3.1，因为 2.5 < 3.1，所以 -2.5 > -3.1。,pep-junior-s1-upper-rational-numbers,pep-junior-s1-upper-paper-expression-simplification,pep-junior-exam-statistics-probability,passed,needs-review,deepseek-original-v3-1200; pending-s18-manual-review
pep-junior-v3-s1-k01-fi-004,junior-rag-v3-1200,S1,upper,pep-junior-s1-upper-rational-numbers,有理数与数轴基础,fill-in,Foundation,数轴上点 P 表示的数是 -4，将点 P 先向右移动 6 个单位，再向左移动 2 个单位，此时点 P 表示的数是 ______。,,0,0,-4 + 6 = 2，2 - 2 = 0。所以移动后点 P 表示的数是 0。,pep-junior-s1-upper-rational-numbers,pep-junior-s1-upper-paper-linear-equation-modeling,pep-junior-exam-coordinate-transformations,passed,needs-review,deepseek-original-v3-1200; pending-s18-manual-review
pep-junior-v3-s1-k01-fi-005,junior-rag-v3-1200,S1,upper,pep-junior-s1-upper-rational-numbers,有理数与数轴基础,fill-in,Foundation,若 |x - 3| = 5，则 x = ______。,,8 或 -2,"8 或 -2 | 8或-2 | -2或8 | 8,-2 | -2,8",|x - 3| = 5 表示 x - 3 = 5 或 x - 3 = -5，解得 x = 8 或 x = -2。所以答案为 8 或 -2。,pep-junior-s1-upper-rational-numbers,pep-junior-s1-upper-paper-geometric-figures,pep-junior-exam-applied-modeling-finance-rate,passed,needs-review,deepseek-original-v3-1200; pending-s18-manual-review
pep-junior-v3-s1-k01-fi-006,junior-rag-v3-1200,S1,upper,pep-junior-s1-upper-rational-numbers,有理数与数轴基础,fill-in,Foundation,某地一天的最高气温为 7℃，最低气温为 -3℃，则这天的温差是 ______℃。,,10,10 | 10℃,温差 = 最高气温 - 最低气温 = 7 - (-3) = 7 + 3 = 10℃。所以温差是 10℃。,pep-junior-s1-upper-rational-numbers,pep-junior-s1-upper-paper-rational-number-operations,pep-junior-exam-number-sense-real-numbers,passed,needs-review,deepseek-original-v3-1200; pending-s18-manual-review
pep-junior-v3-s1-k01-fi-007,junior-rag-v3-1200,S1,upper,pep-junior-s1-upper-rational-numbers,有理数与数轴基础,fill-in,Foundation,在数轴上，与表示 -1 的点距离为 3 个单位长度的点表示的数是 ______。,,2 或 -4,"2 或 -4 | 2或-4 | -4或2 | 2,-4 | -4,2",设该点表示的数为 x，则 |x - (-1)| = 3，即 |x + 1| = 3，所以 x + 1 = 3 或 x + 1 = -3，解得 x = 2 或 x = -4。所以答案是 2 或 -4。,pep-junior-s1-upper-rational-numbers,pep-junior-s1-upper-paper-midterm-final-integrated,pep-junior-exam-linear-equation-inequality-models,passed,needs-review,deepseek-original-v3-1200; pending-s18-manual-review
pep-junior-v3-s1-k01-fi-008,junior-rag-v3-1200,S1,upper,pep-junior-s1-upper-rational-numbers,有理数与数轴基础,fill-in,Foundation,某冷库的温度是零下18℃，现在需要降温，每小时下降3℃，经过4小时后，冷库的温度是多少摄氏度？,,-30℃,-30℃ | -30摄氏度 | 零下30℃ | 零下30摄氏度,初始温度为零下18℃，即-18℃。每小时下降3℃，4小时共下降3×4=12℃。最终温度为-18-12=-30℃，即零下30℃。所以答案是-30℃。,pep-junior-s1-upper-rational-numbers,pep-junior-s1-upper-paper-expression-simplification,pep-junior-exam-statistics-probability,passed,needs-review,deepseek-original-v3-1200; pending-s18-manual-review
pep-junior-v3-s1-k01-fi-009,junior-rag-v3-1200,S1,upper,pep-junior-s1-upper-rational-numbers,有理数与数轴基础,fill-in,Foundation,数轴上点A表示-2，点B在点A的右边，且点B到点A的距离为5个单位长度。点C与点B关于原点对称。请写出点C表示的数。,,-3,-3,点A表示-2，点B在点A右边且距离为5，所以点B表示的数为-2+5=3。点C与点B关于原点对称，因此点C表示的数是3的相反数，即-3。所以答案是-3。,pep-junior-s1-upper-rational-numbers,pep-junior-s1-upper-paper-linear-equation-modeling,pep-junior-exam-coordinate-transformations,passed,needs-review,deepseek-original-v3-1200; pending-s18-manual-review
pep-junior-v3-s1-k01-fi-010,junior-rag-v3-1200,S1,upper,pep-junior-s1-upper-rational-numbers,有理数与数轴基础,fill-in,Foundation,已知a、b互为相反数，c、d互为倒数，m的绝对值是3。求代数式 (a+b) + cd + m 的值。,,4或-2,"4或-2 | -2或4 | 4,-2 | -2,4",因为a、b互为相反数，所以a+b=0；c、d互为倒数，所以cd=1；m的绝对值是3，所以m=3或m=-3。当m=3时，原式=0+1+3=4；当m=-3时，原式=0+1+(-3)=-2。所以答案是4或-2。,pep-junior-s1-upper-rational-numbers,pep-junior-s1-upper-paper-geometric-figures,pep-junior-exam-applied-modeling-finance-rate,passed,needs-review,deepseek-original-v3-1200; pending-s18-manual-review
pep-junior-v3-s1-k01-fi-011,junior-rag-v3-1200,S1,upper,pep-junior-s1-upper-rational-numbers,有理数与数轴基础,fill-in,Foundation,某超市对一种商品进行促销，原价每件a元，第一次降价10%，第二次又降价10%，则两次降价后的价格是多少元？（用含a的代数式表示）,,0.81a,0.81a | 81%a | a×0.81,第一次降价10%后，价格为a×(1-10%)=0.9a元。第二次降价是在第一次降价后的基础上再降10%，所以价格为0.9a×(1-10%)=0.9a×0.9=0.81a元。所以答案是0.81a。,pep-junior-s1-upper-rational-numbers,pep-junior-s1-upper-paper-rational-number-operations,pep-junior-exam-number-sense-real-numbers,passed,needs-review,deepseek-original-v3-1200; pending-s18-manual-review
pep-junior-v3-s1-k01-fi-012,junior-rag-v3-1200,S1,upper,pep-junior-s1-upper-rational-numbers,有理数与数轴基础,fill-in,Foundation,小明家、学校和书店在同一条东西走向的街道上，学校在家东边500米，书店在学校西边300米。若以家为原点，向东为正方向，1个单位长度表示100米，请用数轴上的点表示书店的位置，并写出该点表示的数。,,2,2 | +2,以家为原点，向东为正，学校在家东边500米，所以学校在数轴上表示5。书店在学校西边300米，即从学校向西3个单位，所以书店在数轴上表示5-3=2。因此书店的位置表示的数是2。所以答案是2。,pep-junior-s1-upper-rational-numbers,pep-junior-s1-upper-paper-midterm-final-integrated,pep-junior-exam-linear-equation-inequality-models,passed,needs-review,deepseek-original-v3-1200; pending-s18-manual-review
pep-junior-v3-s1-k01-fi-013,junior-rag-v3-1200,S1,upper,pep-junior-s1-upper-rational-numbers,有理数与数轴基础,fill-in,Foundation,已知一个数的相反数比它的绝对值小4，求这个数。,,2,2,设这个数为x，则它的相反数为-x，绝对值为|x|。根据题意，|x| - (-x) = 4，即|x| + x = 4。若x≥0，则|x|=x，方程化为x+x=4，解得x=2；若x<0，则|x|=-x，方程化为-x+x=4，即0=4，矛盾。所以这个数是2。所以答案是2。,pep-junior-s1-upper-rational-numbers,pep-junior-s1-upper-paper-expression-simplification,pep-junior-exam-statistics-probability,passed,needs-review,deepseek-original-v3-1200; pending-s18-manual-review
pep-junior-v3-s1-k01-fi-014,junior-rag-v3-1200,S1,upper,pep-junior-s1-upper-rational-numbers,有理数与数轴基础,fill-in,Foundation,在数轴上，点A表示-3，点B表示2。点P从点A出发，以每秒1个单位长度的速度向右运动；点Q从点B出发，以每秒2个单位长度的速度向左运动。它们同时出发，几秒后点P和点Q相遇？相遇点表示的数是多少？,,5/3秒，-4/3,5/3秒，-4/3 | 5/3秒和-4/3 | 5/3秒 -4/3,设t秒后相遇。点P从-3向右运动，t秒后位置为-3+t；点Q从2向左运动，t秒后位置为2-2t。相遇时位置相同：-3+t = 2-2t，解得3t=5，t=5/3秒。相遇点表示的数为-3+5/3 = -4/3。所以答案是5/3秒，-4/3。,pep-junior-s1-upper-rational-numbers,pep-junior-s1-upper-paper-linear-equation-modeling,pep-junior-exam-coordinate-transformations,passed,needs-review,deepseek-original-v3-1200; pending-s18-manual-review
pep-junior-v3-s1-k01-fi-015,junior-rag-v3-1200,S1,upper,pep-junior-s1-upper-rational-numbers,有理数与数轴基础,fill-in,Foundation,计算：(-2)³ + (-3) × [(-4)² + 2] - (-5) ÷ (-1)。,,-67,-67,先算乘方：(-2)³=-8，(-4)²=16。再算括号内：16+2=18。然后算乘除：(-3)×18=-54，(-5)÷(-1)=5。最后加减：-8 + (-54) - 5 = -8 -54 -5 = -67。所以答案是-67。,pep-junior-s1-upper-rational-numbers,pep-junior-s1-upper-paper-geometric-figures,pep-junior-exam-applied-modeling-finance-rate,passed,needs-review,deepseek-original-v3-1200; pending-s18-manual-review
pep-junior-v3-s1-k01-fi-016,junior-rag-v3-1200,S1,upper,pep-junior-s1-upper-rational-numbers,有理数与数轴基础,fill-in,Foundation,已知|x-2|与(y+3)²互为相反数，求x+y的值。,,-1,-1,因为|x-2|与(y+3)²互为相反数，所以|x-2| + (y+3)² = 0。由于绝对值和平方都是非负数，所以必须|x-2|=0且(y+3)²=0，解得x=2，y=-3。因此x+y=2+(-3)=-1。所以答案是-1。,pep-junior-s1-upper-rational-numbers,pep-junior-s1-upper-paper-rational-number-operations,pep-junior-exam-number-sense-real-numbers,passed,needs-review,deepseek-original-v3-1200; pending-s18-manual-review
pep-junior-v3-s1-k01-fi-017,junior-rag-v3-1200,S1,upper,pep-junior-s1-upper-rational-numbers,有理数与数轴基础,fill-in,Foundation,某地一天的最高气温是12℃，最低气温是-3℃，则该地这一天的温差是多少摄氏度？,,15℃,15℃ | 15摄氏度 | 15,温差是指最高气温减去最低气温。最高气温12℃，最低气温-3℃，所以温差为12 - (-3) = 12 + 3 = 15℃。所以答案是15℃。,pep-junior-s1-upper-rational-numbers,pep-junior-s1-upper-paper-midterm-final-integrated,pep-junior-exam-linear-equation-inequality-models,passed,needs-review,deepseek-original-v3-1200; pending-s18-manual-review
pep-junior-v3-s1-k01-fi-018,junior-rag-v3-1200,S1,upper,pep-junior-s1-upper-rational-numbers,有理数与数轴基础,fill-in,Foundation,某日早晨气温为 -3 ℃，中午上升了 8 ℃，傍晚又下降了 5 ℃，则傍晚的气温为 ______ ℃。,,0,0 | 零 | 0℃,早晨气温 -3 ℃，中午上升 8 ℃ 后为 -3 + 8 = 5 ℃；傍晚下降 5 ℃ 后为 5 - 5 = 0 ℃。所以傍晚气温为 0 ℃。,pep-junior-s1-upper-rational-numbers,pep-junior-s1-upper-paper-expression-simplification,pep-junior-exam-statistics-probability,passed,needs-review,deepseek-original-v3-1200; pending-s18-manual-review
pep-junior-v3-s1-k01-fi-019,junior-rag-v3-1200,S1,upper,pep-junior-s1-upper-rational-numbers,有理数与数轴基础,fill-in,Foundation,在数轴上，点 A 表示 -2，将点 A 先向右移动 5 个单位，再向左移动 3 个单位，此时点 A 表示的数是 ______。,,0,0 | 零,点 A 初始在 -2。向右移动 5 个单位：-2 + 5 = 3；再向左移动 3 个单位：3 - 3 = 0。所以最终点 A 表示的数是 0。,pep-junior-s1-upper-rational-numbers,pep-junior-s1-upper-paper-linear-equation-modeling,pep-junior-exam-coordinate-transformations,passed,needs-review,deepseek-original-v3-1200; pending-s18-manual-review
pep-junior-v3-s1-k01-fi-020,junior-rag-v3-1200,S1,upper,pep-junior-s1-upper-rational-numbers,有理数与数轴基础,fill-in,Foundation,某账户原有余额 120 元，先支出 85 元，又存入 30 元，最后再支出 40 元，此时账户余额为 ______ 元。,,25,25 | 25元,初始余额 120 元。支出 85 元后：120 - 85 = 35 元；存入 30 元后：35 + 30 = 65 元；再支出 40 元后：65 - 40 = 25 元。所以最终余额为 25 元。,pep-junior-s1-upper-rational-numbers,pep-junior-s1-upper-paper-geometric-figures,pep-junior-exam-applied-modeling-finance-rate,passed,needs-review,deepseek-original-v3-1200; pending-s18-manual-review
pep-junior-v3-s1-k01-fi-021,junior-rag-v3-1200,S1,upper,pep-junior-s1-upper-rational-numbers,有理数与数轴基础,fill-in,Foundation,若 a 的相反数是 5，b 的绝对值是 2，且 b < 0，则 a + b = ______。,,-7,-7 | 负七,a 的相反数是 5，所以 a = -5。b 的绝对值是 2，且 b < 0，所以 b = -2。因此 a + b = (-5) + (-2) = -7。,pep-junior-s1-upper-rational-numbers,pep-junior-s1-upper-paper-rational-number-operations,pep-junior-exam-number-sense-real-numbers,passed,needs-review,deepseek-original-v3-1200; pending-s18-manual-review
pep-junior-v3-s1-k01-fi-022,junior-rag-v3-1200,S1,upper,pep-junior-s1-upper-rational-numbers,有理数与数轴基础,fill-in,Foundation,比较大小：-2.3 ______ -2.1（填“>”或“<”）。,,<,< | 小于,两个负数比较大小，绝对值大的反而小。|-2.3| = 2.3，|-2.1| = 2.1，因为 2.3 > 2.1，所以 -2.3 < -2.1。,pep-junior-s1-upper-rational-numbers,pep-junior-s1-upper-paper-midterm-final-integrated,pep-junior-exam-linear-equation-inequality-models,passed,needs-review,deepseek-original-v3-1200; pending-s18-manual-review
pep-junior-v3-s1-k01-fi-023,junior-rag-v3-1200,S1,upper,pep-junior-s1-upper-rational-numbers,有理数与数轴基础,fill-in,Foundation,计算：(-4) × 6 ÷ (-3) = ______。,,8,8 | 八,先算乘法：(-4) × 6 = -24；再算除法：(-24) ÷ (-3) = 8。所以结果为 8。,pep-junior-s1-upper-rational-numbers,pep-junior-s1-upper-paper-expression-simplification,pep-junior-exam-statistics-probability,passed,needs-review,deepseek-original-v3-1200; pending-s18-manual-review
pep-junior-v3-s1-k01-sa-001,junior-rag-v3-1200,S1,upper,pep-junior-s1-upper-rational-numbers,有理数与数轴基础,short-answer,Foundation,某潜水员从海平面位置开始，先下潜 18 米，再上浮 7 米，又下潜 5 米。此时潜水员在海平面下方多少米？请用有理数的运算表示并计算。,,16,16 | 16米,以下潜为负，上浮为正。初始位置为 0。第一次下潜 18 米：0 - 18 = -18；上浮 7 米：-18 + 7 = -11；再次下潜 5 米：-11 - 5 = -16。所以潜水员在海平面下方 16 米。,pep-junior-s1-upper-rational-numbers,pep-junior-s1-upper-paper-rational-number-operations,pep-junior-exam-number-sense-real-numbers,passed,needs-review,deepseek-original-v3-1200; pending-s18-manual-review
pep-junior-v3-s1-k01-sa-002,junior-rag-v3-1200,S1,upper,pep-junior-s1-upper-rational-numbers,有理数与数轴基础,short-answer,Foundation,已知 a = -3，b = 5，求 |a| - |b| + |a - b| 的值。,,6,6 | 六,|a| = |-3| = 3，|b| = |5| = 5，a - b = -3 - 5 = -8，|a - b| = |-8| = 8。所以原式 = 3 - 5 + 8 = 6。,pep-junior-s1-upper-rational-numbers,pep-junior-s1-upper-paper-midterm-final-integrated,pep-junior-exam-linear-equation-inequality-models,passed,needs-review,deepseek-original-v3-1200; pending-s18-manual-review
pep-junior-v3-s1-k01-sa-003,junior-rag-v3-1200,S1,upper,pep-junior-s1-upper-rational-numbers,有理数与数轴基础,short-answer,Foundation,在数轴上，点M表示-1，点N表示3。点P在点M右侧，且在点N右侧，且到点M的距离是到点N距离的2倍，求点P表示的数。,,7,7 | 七,设点P表示的数为x。因为P在M右侧且在N右侧，所以x>3。PM=x-(-1)=x+1，PN=x-3。由题意PM=2PN，得x+1=2(x-3)，解得x=7。,pep-junior-s1-upper-rational-numbers,pep-junior-s1-upper-paper-expression-simplification,pep-junior-exam-statistics-probability,passed,needs-review,deepseek-original-v3-1200; pending-s18-manual-review
pep-junior-v3-s1-k01-sa-004,junior-rag-v3-1200,S1,upper,pep-junior-s1-upper-rational-numbers,有理数与数轴基础,short-answer,Foundation,某冷库的室温为 -2 ℃，现有一批食品需要在 -18 ℃ 下冷藏。如果冷库每小时降温 4 ℃，问几小时后能达到所需温度？,,4,4 | 4小时,需要降低的温度：从 -2 ℃ 到 -18 ℃，温差为 |-18 - (-2)| = |-16| = 16 ℃。每小时降温 4 ℃，所以需要的时间为 16 ÷ 4 = 4 小时。,pep-junior-s1-upper-rational-numbers,pep-junior-s1-upper-paper-linear-equation-modeling,pep-junior-exam-coordinate-transformations,passed,needs-review,deepseek-original-v3-1200; pending-s18-manual-review
pep-junior-v3-s1-k01-sa-005,junior-rag-v3-1200,S1,upper,pep-junior-s1-upper-rational-numbers,有理数与数轴基础,short-answer,Foundation,小明的妈妈经营一家网店，上个月盈利850元，这个月亏损230元。若把盈利记为正数、亏损记为负数，用有理数表示这两个月的盈利情况，并计算这两个月总的盈亏是多少元。,,盈利850元记作+850，亏损230元记作-230，总盈亏为+620元,盈利850元记作+850，亏损230元记作-230，总盈亏为+620元 | +850，-230，+620 | 850，-230，620 | +850元，-230元，+620元,根据正负数的意义，盈利850元记作+850，亏损230元记作-230。总盈亏为(+850)+(-230)=+620，即总盈利620元。因此答案是盈利850元记作+850，亏损230元记作-230，总盈亏为+620元。,pep-junior-s1-upper-rational-numbers,pep-junior-s1-upper-paper-geometric-figures,pep-junior-exam-applied-modeling-finance-rate,passed,needs-review,deepseek-original-v3-1200; pending-s18-manual-review
pep-junior-v3-s1-k01-sa-006,junior-rag-v3-1200,S1,upper,pep-junior-s1-upper-rational-numbers,有理数与数轴基础,short-answer,Foundation,在一条东西走向的笔直公路上，小明从家出发向东走了300米到达超市，然后向西走了500米到达书店。若规定向东为正方向，用有理数表示小明从家到超市、从超市到书店的位移，并求小明最终位于家的什么方向、距离多少米。,,从家到超市位移为+300米，从超市到书店位移为-500米，最终在家西侧200米处,从家到超市位移为+300米，从超市到书店位移为-500米，最终在家西侧200米处 | +300，-500，西200米 | 300，-500，西200米 | +300米，-500米，西侧200米,向东为正，则从家到超市向东300米记作+300米；从超市向西500米记作-500米。最终位置为(+300)+(-500)=-200，负号表示在家西侧，距离200米。因此答案是从家到超市位移为+300米，从超市到书店位移为-500米，最终在家西侧200米处。,pep-junior-s1-upper-rational-numbers,pep-junior-s1-upper-paper-rational-number-operations,pep-junior-exam-number-sense-real-numbers,passed,needs-review,deepseek-original-v3-1200; pending-s18-manual-review
pep-junior-v3-s1-k01-sa-007,junior-rag-v3-1200,S1,upper,pep-junior-s1-upper-rational-numbers,有理数与数轴基础,short-answer,Foundation,某冷冻室的温度由-18℃上升了5℃后，又下降了8℃。用有理数表示这两次温度变化，并求冷冻室最后的温度是多少摄氏度。,,上升5℃记作+5，下降8℃记作-8，最后温度为-21℃,上升5℃记作+5，下降8℃记作-8，最后温度为-21℃ | +5，-8，-21℃ | 5，-8，-21 | +5℃，-8℃，-21℃,温度上升5℃记作+5，下降8℃记作-8。最后温度=(-18)+5+(-8)=(-18)+(-3)=-21，即-21℃。因此答案是上升5℃记作+5，下降8℃记作-8，最后温度为-21℃。,pep-junior-s1-upper-rational-numbers,pep-junior-s1-upper-paper-midterm-final-integrated,pep-junior-exam-linear-equation-inequality-models,passed,needs-review,deepseek-original-v3-1200; pending-s18-manual-review
pep-junior-v3-s1-k01-sa-008,junior-rag-v3-1200,S1,upper,pep-junior-s1-upper-rational-numbers,有理数与数轴基础,short-answer,Foundation,在数轴上，点A表示-3，点B表示2。若将点A向右移动5个单位长度，点B向左移动4个单位长度，求移动后点A和点B分别表示的数，并比较这两个数的大小。,,移动后点A表示2，点B表示-2，2 > -2,移动后点A表示2，点B表示-2，2 > -2 | A:2，B:-2，2>-2 | 2，-2，2大于-2 | 点A:2，点B:-2，2>-2,点A从-3向右移动5个单位：-3+5=2；点B从2向左移动4个单位：2-4=-2。所以移动后点A表示2，点B表示-2。在数轴上，右边的数大于左边的数，2在-2右边，所以2 > -2。因此答案是移动后点A表示2，点B表示-2，2 > -2。,pep-junior-s1-upper-rational-numbers,pep-junior-s1-upper-paper-expression-simplification,pep-junior-exam-statistics-probability,passed,needs-review,deepseek-original-v3-1200; pending-s18-manual-review
pep-junior-v3-s1-k01-sa-009,junior-rag-v3-1200,S1,upper,pep-junior-s1-upper-rational-numbers,有理数与数轴基础,short-answer,Foundation,某潜水艇从海平面开始先下潜50米，再上浮30米，最后又下潜20米。若规定海平面为0米，下潜为负，上浮为正，用有理数表示每次动作的位移，并求潜水艇最终在海平面下方多少米。,,下潜50米记作-50，上浮30米记作+30，下潜20米记作-20，最终在海平面下方40米,下潜50米记作-50，上浮30米记作+30，下潜20米记作-20，最终在海平面下方40米 | -50，+30，-20，下方40米 | -50米，+30米，-20米，海平面下40米 | 下潜50:-50，上浮30:+30，下潜20:-20，最终-40米,下潜50米记作-50，上浮30米记作+30，下潜20米记作-20。总位移=(-50)+(+30)+(-20)=-40，负号表示在海平面下方，距离40米。因此答案是下潜50米记作-50，上浮30米记作+30，下潜20米记作-20，最终在海平面下方40米。,pep-junior-s1-upper-rational-numbers,pep-junior-s1-upper-paper-linear-equation-modeling,pep-junior-exam-coordinate-transformations,passed,needs-review,deepseek-original-v3-1200; pending-s18-manual-review
pep-junior-v3-s1-k01-sa-010,junior-rag-v3-1200,S1,upper,pep-junior-s1-upper-rational-numbers,有理数与数轴基础,short-answer,Foundation,某城市一天的最高气温为8℃，最低气温为-5℃。求这天的温差是多少摄氏度。,,13℃,13℃ | 13 | 13摄氏度 | 13度,温差=最高气温-最低气温=8-(-5)=8+5=13（℃）。因此答案是13℃。,pep-junior-s1-upper-rational-numbers,pep-junior-s1-upper-paper-geometric-figures,pep-junior-exam-applied-modeling-finance-rate,passed,needs-review,deepseek-original-v3-1200; pending-s18-manual-review
pep-junior-v3-s1-k01-sa-011,junior-rag-v3-1200,S1,upper,pep-junior-s1-upper-rational-numbers,有理数与数轴基础,short-answer,Foundation,已知数轴上点A表示的数是-2，点B表示的数是3。若点C在点A和点B之间，且点C到点A的距离是到点B距离的2倍，求点C表示的数。,,4/3,4/3 | 1又1/3 | 1.33,设点C表示的数为x，则点C到点A的距离为|x-(-2)|=x+2（因为x>-2），点C到点B的距离为|3-x|=3-x（因为x<3）。根据题意，x+2=2(3-x)，解得x+2=6-2x，3x=4，x=4/3。因此答案是4/3。,pep-junior-s1-upper-rational-numbers,pep-junior-s1-upper-paper-rational-number-operations,pep-junior-exam-number-sense-real-numbers,passed,needs-review,deepseek-original-v3-1200; pending-s18-manual-review
pep-junior-v3-s1-k01-sa-012,junior-rag-v3-1200,S1,upper,pep-junior-s1-upper-rational-numbers,有理数与数轴基础,short-answer,Foundation,某地一天早晨气温为-3℃，中午上升了8℃，傍晚又下降了5℃。用有理数表示中午和傍晚的气温变化，并求傍晚的气温。,,中午上升8℃记作+8，傍晚下降5℃记作-5，傍晚气温为0℃,中午上升8℃记作+8，傍晚下降5℃记作-5，傍晚气温为0℃ | +8，-5，0℃ | 8，-5，0 | +8℃，-5℃，0℃,中午上升8℃记作+8，傍晚下降5℃记作-5。傍晚气温=(-3)+8+(-5)=0，即0℃。因此答案是中午上升8℃记作+8，傍晚下降5℃记作-5，傍晚气温为0℃。,pep-junior-s1-upper-rational-numbers,pep-junior-s1-upper-paper-midterm-final-integrated,pep-junior-exam-linear-equation-inequality-models,passed,needs-review,deepseek-original-v3-1200; pending-s18-manual-review
pep-junior-v3-s1-k01-sa-013,junior-rag-v3-1200,S1,upper,pep-junior-s1-upper-rational-numbers,有理数与数轴基础,short-answer,Foundation,在数轴上，点A表示-4，点B表示1。若点P从点A出发，以每秒2个单位长度的速度向右移动；点Q从点B出发，以每秒1个单位长度的速度向左移动。几秒后点P和点Q相遇？相遇点表示的数是多少？,,5/3秒后相遇，相遇点表示的数是-2/3,5/3秒后相遇，相遇点表示的数是-2/3 | 5/3秒，-2/3 | 1又2/3秒，-2/3 | 5/3 s，-2/3,设t秒后相遇，则点P表示的数为-4+2t，点Q表示的数为1-t。相遇时两点表示的数相等：-4+2t=1-t，解得3t=5，t=5/3。相遇点表示的数为-4+2×(5/3)=-4+10/3=-2/3。因此答案是5/3秒后相遇，相遇点表示的数是-2/3。,pep-junior-s1-upper-rational-numbers,pep-junior-s1-upper-paper-expression-simplification,pep-junior-exam-statistics-probability,passed,needs-review,deepseek-original-v3-1200; pending-s18-manual-review
pep-junior-v3-s1-k01-sa-014,junior-rag-v3-1200,S1,upper,pep-junior-s1-upper-rational-numbers,有理数与数轴基础,short-answer,Foundation,某水库的水位在警戒线以下2米，记作-2米。一场暴雨使水位上升了1.5米，随后开闸放水使水位下降了0.8米。用有理数表示这两次水位变化，并求最终水位在警戒线以下多少米。,,上升1.5米记作+1.5，下降0.8米记作-0.8，最终水位在警戒线以下1.3米,上升1.5米记作+1.5，下降0.8米记作-0.8，最终水位在警戒线以下1.3米 | +1.5，-0.8，-1.3米 | 1.5，-0.8，警戒线下1.3米 | +1.5米，-0.8米，-1.3米,上升1.5米记作+1.5，下降0.8米记作-0.8。最终水位=(-2)+1.5+(-0.8)=-1.3，即警戒线以下1.3米。因此答案是上升1.5米记作+1.5，下降0.8米记作-0.8，最终水位在警戒线以下1.3米。,pep-junior-s1-upper-rational-numbers,pep-junior-s1-upper-paper-linear-equation-modeling,pep-junior-exam-coordinate-transformations,passed,needs-review,deepseek-original-v3-1200; pending-s18-manual-review
pep-junior-v3-s1-k01-sa-015,junior-rag-v3-1200,S1,upper,pep-junior-s1-upper-rational-numbers,有理数与数轴基础,short-answer,Foundation,某冷库的温度为-3℃，上升4℃后，又下降7℃，此时冷库的温度是多少？,,-6℃,-6℃ | -6摄氏度 | 零下6℃ | 零下6摄氏度,初始温度为-3℃，上升4℃后变为-3+4=1℃，再下降7℃变为1-7=-6℃，所以最终温度为-6℃。,pep-junior-s1-upper-rational-numbers,pep-junior-s1-upper-paper-geometric-figures,pep-junior-exam-applied-modeling-finance-rate,passed,needs-review,deepseek-original-v3-1200; pending-s18-manual-review
pep-junior-v3-s1-k01-sa-016,junior-rag-v3-1200,S1,upper,pep-junior-s1-upper-rational-numbers,有理数与数轴基础,short-answer,Foundation,在数轴上，点A表示-2，点B表示3。将点A向右移动5个单位，再向左移动3个单位后，点A与点B的距离是多少？,,3,3 | 3个单位,点A从-2向右移动5个单位到达3，再向左移动3个单位到达0。点B在3，点A在0，距离为|3-0|=3，所以答案是3。,pep-junior-s1-upper-rational-numbers,pep-junior-s1-upper-paper-rational-number-operations,pep-junior-exam-number-sense-real-numbers,passed,needs-review,deepseek-original-v3-1200; pending-s18-manual-review
pep-junior-v3-s1-k01-sa-017,junior-rag-v3-1200,S1,upper,pep-junior-s1-upper-rational-numbers,有理数与数轴基础,short-answer,Foundation,小明记录一周的零花钱收支（收入为正，支出为负）：周一+15元，周二-8元，周三+20元，周四-12元，周五+10元，周六-5元，周日+18元。这一周他的总余额变化是多少？,,+38元,+38元 | 38元 | 增加38元,总变化为15-8+20-12+10-5+18=38，所以总余额变化为+38元。,pep-junior-s1-upper-rational-numbers,pep-junior-s1-upper-paper-midterm-final-integrated,pep-junior-exam-linear-equation-inequality-models,passed,needs-review,deepseek-original-v3-1200; pending-s18-manual-review
pep-junior-v3-s1-k01-sa-018,junior-rag-v3-1200,S1,upper,pep-junior-s1-upper-rational-numbers,有理数与数轴基础,short-answer,Foundation,某地一天的最高气温为7℃，最低气温为-5℃，这天的温差是多少？,,12℃,12℃ | 12摄氏度,温差=最高气温-最低气温=7-(-5)=7+5=12℃，所以答案是12℃。,pep-junior-s1-upper-rational-numbers,pep-junior-s1-upper-paper-expression-simplification,pep-junior-exam-statistics-probability,passed,needs-review,deepseek-original-v3-1200; pending-s18-manual-review
pep-junior-v3-s1-k01-sa-019,junior-rag-v3-1200,S1,upper,pep-junior-s1-upper-rational-numbers,有理数与数轴基础,short-answer,Foundation,在数轴上，点P表示的数是-4，点Q表示的数是2。若点M是线段PQ的中点，则点M表示的数是多少？,,-1,-1,中点公式为(-4+2)/2=-2/2=-1，所以点M表示的数是-1。,pep-junior-s1-upper-rational-numbers,pep-junior-s1-upper-paper-linear-equation-modeling,pep-junior-exam-coordinate-transformations,passed,needs-review,deepseek-original-v3-1200; pending-s18-manual-review
pep-junior-v3-s1-k01-sa-020,junior-rag-v3-1200,S1,upper,pep-junior-s1-upper-rational-numbers,有理数与数轴基础,short-answer,Foundation,某潜水艇在海平面下50米，先上浮20米，再下潜30米，此时潜水艇在海平面下多少米？,,60米,60米 | 海平面下60米,初始深度为-50米，上浮20米变为-50+20=-30米，再下潜30米变为-30-30=-60米，即海平面下60米，所以答案是60米。,pep-junior-s1-upper-rational-numbers,pep-junior-s1-upper-paper-geometric-figures,pep-junior-exam-applied-modeling-finance-rate,passed,needs-review,deepseek-original-v3-1200; pending-s18-manual-review
pep-junior-v3-s1-k01-sa-021,junior-rag-v3-1200,S1,upper,pep-junior-s1-upper-rational-numbers,有理数与数轴基础,short-answer,Foundation,若a的相反数是-3，b的绝对值是4，且b>0，求a+b的值。,,7,7,a的相反数是-3，则a=3；b的绝对值是4且b>0，则b=4，a+b=3+4=7，所以答案是7。,pep-junior-s1-upper-rational-numbers,pep-junior-s1-upper-paper-rational-number-operations,pep-junior-exam-number-sense-real-numbers,passed,needs-review,deepseek-original-v3-1200; pending-s18-manual-review
pep-junior-v3-s1-k01-sa-022,junior-rag-v3-1200,S1,upper,pep-junior-s1-upper-rational-numbers,有理数与数轴基础,short-answer,Foundation,在数轴上，点A表示-5，点B表示7。点C在A、B之间，且AC:CB=2:1，求点C表示的数。,,3,3,AB总长为7-(-5)=12，AC:CB=2:1，则AC=8，点C从A向右移动8个单位，即-5+8=3，所以点C表示的数是3。,pep-junior-s1-upper-rational-numbers,pep-junior-s1-upper-paper-midterm-final-integrated,pep-junior-exam-linear-equation-inequality-models,passed,needs-review,deepseek-original-v3-1200; pending-s18-manual-review
pep-junior-v3-s1-k02-mc-001,junior-rag-v3-1200,S1,upper,pep-junior-s1-upper-expressions-linear-equations,整式初步与一元一次方程,multiple-choice,Foundation,下列哪个式子化简后等于3x-5？,2x-3+x-1 | 4x-1-x-4 | 5x-2-2x-3 | 3x-7+2,5x-2-2x-3,5x-2-2x-3,"选项A：2x-3+x-1=3x-4；选项B：4x-1-x-4=3x-5；选项C：5x-2-2x-3=3x-5；选项D：3x-7+2=3x-5。注意选项B、C、D化简后均为3x-5，但题目要求选择一项，此处以C为答案，需确保唯一性。实际上应修改选项使唯一，已修改A为2x-3+x-1，B为4x-1-x-4，C为5x-2-2x-3，D为3x-7+2，其中B、C、D仍为3x-5，仍不唯一。再次修改：A: 2x-3+x-1=3x-4；B: 4x-1-x-3=3x-4；C: 5x-2-2x-3=3x-5；D: 3x-7+2=3x-5。仍不唯一。最终修改为：A: 2x-3+x-1, B: 4x-1-x-3, C: 5x-2-2x-3, D: 3x-7+1。此时A=3x-4, B=3x-4, C=3x-5, D=3x-6，只有C正确。",pep-junior-s1-upper-expressions-linear-equations,pep-junior-s1-upper-paper-expression-simplification,pep-junior-exam-linear-equation-inequality-models,passed,needs-review,deepseek-original-v3-1200; pending-s18-manual-review
pep-junior-v3-s1-k02-mc-002,junior-rag-v3-1200,S1,upper,pep-junior-s1-upper-expressions-linear-equations,整式初步与一元一次方程,multiple-choice,Foundation,小明买了3支笔和2个笔记本，共花费15元。若每支笔x元，每个笔记本比笔贵2元，则下列方程正确的是？,3x+2(x+2)=15 | 3x+2(x-2)=15 | 3x+2x+2=15 | 3x+2x=15,3x+2(x+2)=15,3x+2(x+2)=15,每支笔x元，笔记本每个(x+2)元，总花费为3x+2(x+2)=15，所以正确答案是3x+2(x+2)=15。,pep-junior-s1-upper-expressions-linear-equations,pep-junior-s1-upper-paper-linear-equation-modeling,pep-junior-exam-applied-modeling-finance-rate,passed,needs-review,deepseek-original-v3-1200; pending-s18-manual-review
pep-junior-v3-s1-k02-mc-003,junior-rag-v3-1200,S1,upper,pep-junior-s1-upper-expressions-linear-equations,整式初步与一元一次方程,multiple-choice,Foundation,一种商品每件成本为 a 元，按成本增加 20% 定价，后因库存积压，按定价打八折出售。每件还能盈利多少元？,0.04a 元 | 0.2a 元 | 亏损 0.04a 元 | 不盈不亏,亏损 0.04a 元,亏损 0.04a 元 | 亏 0.04a 元 | 赔 0.04a 元 | 亏损0.04a元 | 亏0.04a元 | 赔0.04a元,定价为 a(1+20%) = 1.2a 元。打八折后售价为 1.2a × 0.8 = 0.96a 元。盈利为 0.96a - a = -0.04a 元，即亏损 0.04a 元。,pep-junior-s1-upper-expressions-linear-equations,pep-junior-s1-upper-paper-midterm-final-integrated,pep-junior-exam-number-sense-real-numbers,passed,needs-review,deepseek-original-v3-1200; pending-s18-manual-review
pep-junior-v3-s1-k02-mc-004,junior-rag-v3-1200,S1,upper,pep-junior-s1-upper-expressions-linear-equations,整式初步与一元一次方程,multiple-choice,Foundation,已知 x = 2 是关于 x 的方程 3x - 2m = 4 的解，则 m 的值是（　）,1 | 2 | 3 | 4,1,1 | m=1,把 x = 2 代入方程得 3×2 - 2m = 4，即 6 - 2m = 4，解得 m = 1。,pep-junior-s1-upper-expressions-linear-equations,pep-junior-s1-upper-paper-rational-number-operations,pep-junior-exam-statistics-probability,passed,needs-review,deepseek-original-v3-1200; pending-s18-manual-review
pep-junior-v3-s1-k02-mc-005,junior-rag-v3-1200,S1,upper,pep-junior-s1-upper-expressions-linear-equations,整式初步与一元一次方程,multiple-choice,Foundation,下列单项式中，与 5ab² 是同类项的是（　）,5a²b | 3ab²c | -2ab² | 5ab,-2ab²,-2ab² | 负2ab²,同类项要求所含字母相同且相同字母的指数也相同。5ab² 含字母 a 和 b，a 指数 1，b 指数 2。选项 -2ab² 符合条件，所以是同类项。,pep-junior-s1-upper-expressions-linear-equations,pep-junior-s1-upper-paper-geometric-figures,pep-junior-exam-coordinate-transformations,passed,needs-review,deepseek-original-v3-1200; pending-s18-manual-review
pep-junior-v3-s1-k02-mc-006,junior-rag-v3-1200,S1,upper,pep-junior-s1-upper-expressions-linear-equations,整式初步与一元一次方程,multiple-choice,Foundation,计算 (x + 2)(x - 3) 的结果是（　）,x² - x - 6 | x² + x - 6 | x² - 5x - 6 | x² + 5x - 6,x² - x - 6,x² - x - 6 | x^2 - x - 6,利用多项式乘法法则：(x+2)(x-3) = x·x + x·(-3) + 2·x + 2·(-3) = x² - 3x + 2x - 6 = x² - x - 6。,pep-junior-s1-upper-expressions-linear-equations,pep-junior-s1-upper-paper-expression-simplification,pep-junior-exam-linear-equation-inequality-models,passed,needs-review,deepseek-original-v3-1200; pending-s18-manual-review
pep-junior-v3-s1-k02-mc-007,junior-rag-v3-1200,S1,upper,pep-junior-s1-upper-expressions-linear-equations,整式初步与一元一次方程,multiple-choice,Foundation,把方程 2x - 3 = 5x + 6 移项后，正确的是（　）,2x + 5x = 6 - 3 | 2x - 5x = 6 + 3 | 2x - 5x = 6 - 3 | 2x + 5x = 6 + 3,2x - 5x = 6 + 3,2x - 5x = 6 + 3,移项要变号：将 5x 移到左边变为 -5x，-3 移到右边变为 +3，得 2x - 5x = 6 + 3。,pep-junior-s1-upper-expressions-linear-equations,pep-junior-s1-upper-paper-linear-equation-modeling,pep-junior-exam-applied-modeling-finance-rate,passed,needs-review,deepseek-original-v3-1200; pending-s18-manual-review
pep-junior-v3-s1-k02-mc-008,junior-rag-v3-1200,S1,upper,pep-junior-s1-upper-expressions-linear-equations,整式初步与一元一次方程,multiple-choice,Foundation,若单项式 3x²yᵐ 与 -xⁿy³ 的和仍是单项式，则 m + n 的值为（　）,5 | 6 | 7 | 8,5,5,和仍是单项式说明它们是同类项，因此相同字母的指数相同：n = 2，m = 3，所以 m + n = 5。,pep-junior-s1-upper-expressions-linear-equations,pep-junior-s1-upper-paper-midterm-final-integrated,pep-junior-exam-number-sense-real-numbers,passed,needs-review,deepseek-original-v3-1200; pending-s18-manual-review
pep-junior-v3-s1-k02-mc-009,junior-rag-v3-1200,S1,upper,pep-junior-s1-upper-expressions-linear-equations,整式初步与一元一次方程,multiple-choice,Foundation,一个长方形的周长为 30 cm，若长减少 2 cm，宽增加 3 cm，就变成了一个正方形。设长方形的长为 x cm，则可列方程为（　）,x - 2 = (15 - x) + 3 | x - 2 = (30 - x) + 3 | x + 2 = (15 - x) - 3 | x + 2 = (30 - x) - 3,x - 2 = (15 - x) + 3,x - 2 = (15 - x) + 3,周长为 30 cm，则长 + 宽 = 15，宽为 (15 - x) cm。长减少 2 cm 为 (x - 2) cm，宽增加 3 cm 为 (15 - x + 3) cm，此时为正方形，边长相等，得方程 x - 2 = (15 - x) + 3。,pep-junior-s1-upper-expressions-linear-equations,pep-junior-s1-upper-paper-rational-number-operations,pep-junior-exam-statistics-probability,passed,needs-review,deepseek-original-v3-1200; pending-s18-manual-review
pep-junior-v3-s1-k02-mc-010,junior-rag-v3-1200,S1,upper,pep-junior-s1-upper-expressions-linear-equations,整式初步与一元一次方程,multiple-choice,Foundation,已知 a、b 互为相反数，c、d 互为倒数，m 的绝对值是 2。求代数式 (a + b) / (m² + 1) + cd 的值。,0 | 1 | 2 | 3,1,1,由条件知 a + b = 0，cd = 1，|m| = 2 则 m² = 4。代入得 0 / (4 + 1) + 1 = 0 + 1 = 1。,pep-junior-s1-upper-expressions-linear-equations,pep-junior-s1-upper-paper-geometric-figures,pep-junior-exam-coordinate-transformations,passed,needs-review,deepseek-original-v3-1200; pending-s18-manual-review
pep-junior-v3-s1-k02-mc-011,junior-rag-v3-1200,S1,upper,pep-junior-s1-upper-expressions-linear-equations,整式初步与一元一次方程,multiple-choice,Foundation,某校七年级学生外出参观，如果每辆汽车坐 45 人，那么有 15 个学生没有座位；如果每辆汽车坐 60 人，那么空出一辆汽车。问共有多少辆汽车？设汽车数为 x，则可列方程（　）,45x + 15 = 60(x - 1) | 45x - 15 = 60(x - 1) | 45x + 15 = 60x + 1 | 45x - 15 = 60x + 1,45x + 15 = 60(x - 1),45x + 15 = 60(x - 1),学生总人数不变。第一种方案人数为 45x + 15；第二种方案，空出一辆车，实际使用 (x - 1) 辆车，人数为 60(x - 1)。两者相等，得 45x + 15 = 60(x - 1)。,pep-junior-s1-upper-expressions-linear-equations,pep-junior-s1-upper-paper-expression-simplification,pep-junior-exam-linear-equation-inequality-models,passed,needs-review,deepseek-original-v3-1200; pending-s18-manual-review
pep-junior-v3-s1-k02-mc-012,junior-rag-v3-1200,S1,upper,pep-junior-s1-upper-expressions-linear-equations,整式初步与一元一次方程,multiple-choice,Foundation,若关于 x 的方程 2x + a - 4 = 0 的解是 x = -2，则 a 的值等于（　）,0 | 2 | 4 | 8,8,8 | a=8,把 x = -2 代入方程得 2×(-2) + a - 4 = 0，即 -4 + a - 4 = 0，解得 a = 8。,pep-junior-s1-upper-expressions-linear-equations,pep-junior-s1-upper-paper-linear-equation-modeling,pep-junior-exam-applied-modeling-finance-rate,passed,needs-review,deepseek-original-v3-1200; pending-s18-manual-review
pep-junior-v3-s1-k02-mc-013,junior-rag-v3-1200,S1,upper,pep-junior-s1-upper-expressions-linear-equations,整式初步与一元一次方程,multiple-choice,Foundation,学校组织七年级学生去科技馆参观，共有学生 240 人，计划租用 A、B 两种型号的大巴车。每辆 A 型车可坐 45 人，每辆 B 型车可坐 30 人。若租用 6 辆车恰好全部坐满，则租用 A 型车的数量为多少辆？,2 | 3 | 4 | 5,4,4 | 四 | 4辆,设租用 A 型车 x 辆，则 B 型车为 (6−x) 辆。根据总人数列方程：45x + 30(6−x) = 240。解得 x = 4。因此租用 A 型车 4 辆。,pep-junior-s1-upper-expressions-linear-equations,pep-junior-s1-upper-paper-midterm-final-integrated,pep-junior-exam-number-sense-real-numbers,passed,needs-review,deepseek-original-v3-1200; pending-s18-manual-review
pep-junior-v3-s1-k02-mc-014,junior-rag-v3-1200,S1,upper,pep-junior-s1-upper-expressions-linear-equations,整式初步与一元一次方程,multiple-choice,Foundation,已知关于 x 的方程 2(x − 1) + 3a = 5 的解是 x = 4，则 a 的值为多少？,−1 | 0 | 1 | 2,−1,−1 | -1 | 负1,将 x = 4 代入方程得 2(4 − 1) + 3a = 5，即 6 + 3a = 5，解得 a = −1。,pep-junior-s1-upper-expressions-linear-equations,pep-junior-s1-upper-paper-rational-number-operations,pep-junior-exam-statistics-probability,passed,needs-review,deepseek-original-v3-1200; pending-s18-manual-review
pep-junior-v3-s1-k02-mc-015,junior-rag-v3-1200,S1,upper,pep-junior-s1-upper-expressions-linear-equations,整式初步与一元一次方程,multiple-choice,Foundation,一个两位数，十位上的数字比个位上的数字大 3。若将十位与个位上的数字交换，所得的新数比原数小 27。设原数个位上的数字为 x，则十位上的数字为 x+3。根据题意可列方程：,10(x+3) + x − [10x + (x+3)] = 27 | [10x + (x+3)] − 10(x+3) + x = 27 | 10(x+3) + x = 10x + (x+3) − 27 | 10x + (x+3) = 10(x+3) + x − 27,10(x+3) + x = 10x + (x+3) − 27,10(x+3) + x = 10x + (x+3) − 27,原数为 10(x+3) + x，新数为 10x + (x+3)。根据新数比原数小 27，得方程 10(x+3) + x = 10x + (x+3) − 27。,pep-junior-s1-upper-expressions-linear-equations,pep-junior-s1-upper-paper-geometric-figures,pep-junior-exam-coordinate-transformations,passed,needs-review,deepseek-original-v3-1200; pending-s18-manual-review
pep-junior-v3-s1-k02-mc-016,junior-rag-v3-1200,S1,upper,pep-junior-s1-upper-expressions-linear-equations,整式初步与一元一次方程,multiple-choice,Foundation,某商店将进价为 80 元/件的商品按标价的 8 折出售，仍可获利 20%。若该商品的标价为 x 元，则下列方程正确的是：,0.8x − 80 = 80 × 20% | 0.8x = 80 × 20% | 80 − 0.8x = 80 × 20% | 0.8x − 80 = 80 ÷ 20%,0.8x − 80 = 80 × 20%,0.8x − 80 = 80 × 20%,售价为 0.8x 元，利润为售价减去进价，即 0.8x − 80。获利 20% 指利润是进价的 20%，所以 0.8x − 80 = 80 × 20%。,pep-junior-s1-upper-expressions-linear-equations,pep-junior-s1-upper-paper-expression-simplification,pep-junior-exam-linear-equation-inequality-models,passed,needs-review,deepseek-original-v3-1200; pending-s18-manual-review
pep-junior-v3-s1-k02-mc-017,junior-rag-v3-1200,S1,upper,pep-junior-s1-upper-expressions-linear-equations,整式初步与一元一次方程,multiple-choice,Foundation,一项工程，甲单独做需要 12 天完成，乙单独做需要 18 天完成。若甲、乙合作若干天后，乙因故离开，甲又单独做了 2 天才完成全部工程。设乙工作了 x 天，则下列方程正确的是：,(1/12 + 1/18)x + 1/12 × 2 = 1 | 1/12 x + 1/18 × 2 = 1 | (1/12 + 1/18) × 2 + 1/12 x = 1 | 1/12 (x+2) + 1/18 x = 1,1/12 (x+2) + 1/18 x = 1,1/12 (x+2) + 1/18 x = 1 | (x+2)/12 + x/18 = 1,甲的工作效率为 1/12，乙的工作效率为 1/18。甲工作了 (x+2) 天，乙工作了 x 天。根据总工作量为 1，得方程 1/12 (x+2) + 1/18 x = 1。,pep-junior-s1-upper-expressions-linear-equations,pep-junior-s1-upper-paper-linear-equation-modeling,pep-junior-exam-applied-modeling-finance-rate,passed,needs-review,deepseek-original-v3-1200; pending-s18-manual-review
pep-junior-v3-s1-k02-mc-018,junior-rag-v3-1200,S1,upper,pep-junior-s1-upper-expressions-linear-equations,整式初步与一元一次方程,multiple-choice,Foundation,已知代数式 3x² − 2x + 1 的值为 5，则代数式 6x² − 4x − 3 的值为多少？,5 | 7 | 9 | 11,5,5 | 五,由 3x² − 2x + 1 = 5 得 3x² − 2x = 4。所求代数式 6x² − 4x − 3 = 2(3x² − 2x) − 3 = 2×4 − 3 = 5。,pep-junior-s1-upper-expressions-linear-equations,pep-junior-s1-upper-paper-midterm-final-integrated,pep-junior-exam-number-sense-real-numbers,passed,needs-review,deepseek-original-v3-1200; pending-s18-manual-review
pep-junior-v3-s1-k02-mc-019,junior-rag-v3-1200,S1,upper,pep-junior-s1-upper-expressions-linear-equations,整式初步与一元一次方程,multiple-choice,Foundation,某校七年级学生进行两次数学测验，第一次及格人数比不及格人数的 3 倍多 4 人，第二次及格人数增加了 5 人，正好是不及格人数的 6 倍。设第一次不及格人数为 x 人，则第一次及格人数为 (3x+4) 人。根据第二次情况可列方程：,3x+4+5 = 6(x−5) | 3x+4+5 = 6x | 3x+4 = 6(x−5) | 3x+4+5 = 6(x+5),3x+4+5 = 6(x−5),3x+4+5 = 6(x−5),第二次及格人数为 (3x+4)+5，第二次不及格人数为 x−5。根据第二次及格人数是不及格人数的 6 倍，得方程 3x+4+5 = 6(x−5)。,pep-junior-s1-upper-expressions-linear-equations,pep-junior-s1-upper-paper-rational-number-operations,pep-junior-exam-statistics-probability,passed,needs-review,deepseek-original-v3-1200; pending-s18-manual-review
pep-junior-v3-s1-k02-mc-020,junior-rag-v3-1200,S1,upper,pep-junior-s1-upper-expressions-linear-equations,整式初步与一元一次方程,multiple-choice,Foundation,一个长方形的周长是 36 cm，若长减少 2 cm，宽增加 2 cm，就变成了一个正方形。设原长方形的长为 x cm，则宽为 (18−x) cm。根据题意可列方程：,x−2 = 18−x+2 | x−2 = 18−x−2 | x+2 = 18−x−2 | x+2 = 18−x+2,x−2 = 18−x+2,x−2 = 18−x+2,由周长 36 cm 得长+宽=18，宽为 18−x。变化后长为 x−2，宽为 (18−x)+2。变成正方形时长宽相等，所以 x−2 = 18−x+2。,pep-junior-s1-upper-expressions-linear-equations,pep-junior-s1-upper-paper-geometric-figures,pep-junior-exam-coordinate-transformations,passed,needs-review,deepseek-original-v3-1200; pending-s18-manual-review
pep-junior-v3-s1-k02-mc-021,junior-rag-v3-1200,S1,upper,pep-junior-s1-upper-expressions-linear-equations,整式初步与一元一次方程,multiple-choice,Foundation,已知关于 x 的方程 4x − 3m = 2x + 6 的解是正数，则 m 的取值范围是：,m > −2 | m < −2 | m > 2 | m < 2,m > −2,m > −2 | m>-2,解方程得 2x = 3m + 6，x = (3m+6)/2。由 x > 0 得 3m+6 > 0，解得 m > −2。,pep-junior-s1-upper-expressions-linear-equations,pep-junior-s1-upper-paper-expression-simplification,pep-junior-exam-linear-equation-inequality-models,passed,needs-review,deepseek-original-v3-1200; pending-s18-manual-review
pep-junior-v3-s1-k02-mc-022,junior-rag-v3-1200,S1,upper,pep-junior-s1-upper-expressions-linear-equations,整式初步与一元一次方程,multiple-choice,Foundation,某商店销售一种成本为 40 元/千克的食品，若按 50 元/千克销售，一个月可售出 500 千克。销售单价每涨 1 元，月销售量就减少 10 千克。设销售单价为 x 元/千克，则月销售利润为 y 元。下列 y 与 x 的关系式正确的是：,y = (x−40)[500−10(x−50)] | y = (x−40)(500−10x) | y = (x−40)[500+10(x−50)] | y = (x−40)(500+10x),y = (x−40)[500−10(x−50)],y = (x−40)[500−10(x−50)],每千克利润为 (x−40) 元。单价涨了 (x−50) 元，销售量减少 10(x−50) 千克，实际销售量为 500−10(x−50) 千克。所以利润 y = (x−40)[500−10(x−50)]。,pep-junior-s1-upper-expressions-linear-equations,pep-junior-s1-upper-paper-linear-equation-modeling,pep-junior-exam-applied-modeling-finance-rate,passed,needs-review,deepseek-original-v3-1200; pending-s18-manual-review
pep-junior-v3-s1-k02-fi-001,junior-rag-v3-1200,S1,upper,pep-junior-s1-upper-expressions-linear-equations,整式初步与一元一次方程,fill-in,Foundation,化简：3a - (2a - 4b) + (-a + 5b)。,,9b,9b | 9 b,先去括号：3a - 2a + 4b - a + 5b。合并同类项：(3a - 2a - a) + (4b + 5b) = 0a + 9b = 9b。所以答案是9b。,pep-junior-s1-upper-expressions-linear-equations,pep-junior-s1-upper-paper-expression-simplification,pep-junior-exam-linear-equation-inequality-models,passed,needs-review,deepseek-original-v3-1200; pending-s18-manual-review
pep-junior-v3-s1-k02-fi-002,junior-rag-v3-1200,S1,upper,pep-junior-s1-upper-expressions-linear-equations,整式初步与一元一次方程,fill-in,Foundation,小明用50元购买单价为3元的笔记本x本，找回2元。列出关于x的方程。,,50 - 3x = 2,50 - 3x = 2 | 50-3x=2 | 3x + 2 = 50 | 3x+2=50,笔记本总价为3x元，付出的钱减去总价等于找回的钱，即50 - 3x = 2。所以答案是50 - 3x = 2。,pep-junior-s1-upper-expressions-linear-equations,pep-junior-s1-upper-paper-linear-equation-modeling,pep-junior-exam-applied-modeling-finance-rate,passed,needs-review,deepseek-original-v3-1200; pending-s18-manual-review
pep-junior-v3-s1-k02-fi-003,junior-rag-v3-1200,S1,upper,pep-junior-s1-upper-expressions-linear-equations,整式初步与一元一次方程,fill-in,Foundation,在数轴上，点A表示-3，点B表示5，则A、B两点间的距离为______。,,8,8,数轴上两点距离等于右边点表示的数减去左边点表示的数：5 - (-3) = 5 + 3 = 8。所以答案是8。,pep-junior-s1-upper-expressions-linear-equations,pep-junior-s1-upper-paper-midterm-final-integrated,pep-junior-exam-number-sense-real-numbers,passed,needs-review,deepseek-original-v3-1200; pending-s18-manual-review
pep-junior-v3-s1-k02-fi-004,junior-rag-v3-1200,S1,upper,pep-junior-s1-upper-expressions-linear-equations,整式初步与一元一次方程,fill-in,Foundation,某班有40名学生，其中男生人数比女生人数的2倍少5人。设女生人数为x，列出方程。,,x + (2x - 5) = 40,x + (2x - 5) = 40 | x+2x-5=40 | 2x - 5 + x = 40 | 2x-5+x=40,女生人数为x，则男生人数为2x - 5，总人数为x + (2x - 5) = 40。所以答案是x + (2x - 5) = 40。,pep-junior-s1-upper-expressions-linear-equations,pep-junior-s1-upper-paper-rational-number-operations,pep-junior-exam-statistics-probability,passed,needs-review,deepseek-original-v3-1200; pending-s18-manual-review
pep-junior-v3-s1-k02-fi-005,junior-rag-v3-1200,S1,upper,pep-junior-s1-upper-expressions-linear-equations,整式初步与一元一次方程,fill-in,Foundation,一个角的补角比它的余角的3倍少20°，求这个角的度数。,,35°,35° | 35,设这个角为x°，则它的补角为180° - x°，余角为90° - x°。根据题意得：180 - x = 3(90 - x) - 20。解方程：180 - x = 270 - 3x - 20，180 - x = 250 - 3x，移项得2x = 70，x = 35。所以答案是35°。,pep-junior-s1-upper-expressions-linear-equations,pep-junior-s1-upper-paper-geometric-figures,pep-junior-exam-coordinate-transformations,passed,needs-review,deepseek-original-v3-1200; pending-s18-manual-review
pep-junior-v3-s1-k02-fi-006,junior-rag-v3-1200,S1,upper,pep-junior-s1-upper-expressions-linear-equations,整式初步与一元一次方程,fill-in,Foundation,合并同类项：3x² - 5x + 2x² + 4x - 3。,,5x² - x - 3,5x² - x - 3 | 5x^2 - x - 3,3x²与2x²合并得5x²，-5x与4x合并得-x，常数项-3不变，结果为5x² - x - 3。,pep-junior-s1-upper-expressions-linear-equations,pep-junior-s1-upper-paper-expression-simplification,pep-junior-exam-linear-equation-inequality-models,passed,needs-review,deepseek-original-v3-1200; pending-s18-manual-review
pep-junior-v3-s1-k02-fi-007,junior-rag-v3-1200,S1,upper,pep-junior-s1-upper-expressions-linear-equations,整式初步与一元一次方程,fill-in,Foundation,若x=2是方程3x + k = 0的解，则k的值为______。,,-6,-6,将x=2代入方程得3×2 + k = 0，即6 + k = 0，解得k = -6。,pep-junior-s1-upper-expressions-linear-equations,pep-junior-s1-upper-paper-linear-equation-modeling,pep-junior-exam-applied-modeling-finance-rate,passed,needs-review,deepseek-original-v3-1200; pending-s18-manual-review
pep-junior-v3-s1-k02-fi-008,junior-rag-v3-1200,S1,upper,pep-junior-s1-upper-expressions-linear-equations,整式初步与一元一次方程,fill-in,Foundation,一个两位数，十位数字与个位数字之和为7，若交换十位与个位数字，所得新数比原数大9，求原数的十位数字。,,3,3,设原数十位数字为x，则个位数字为7-x。原数为10x+(7-x)=9x+7，新数为10(7-x)+x=70-9x。由题意70-9x=9x+7+9，解得x=3。,pep-junior-s1-upper-expressions-linear-equations,pep-junior-s1-upper-paper-midterm-final-integrated,pep-junior-exam-number-sense-real-numbers,passed,needs-review,deepseek-original-v3-1200; pending-s18-manual-review
pep-junior-v3-s1-k02-fi-009,junior-rag-v3-1200,S1,upper,pep-junior-s1-upper-expressions-linear-equations,整式初步与一元一次方程,fill-in,Foundation,已知关于x的方程2x - 4 = m的解为x=3，则m的值为______。,,2,2,将x=3代入方程得2×3 - 4 = m，即6-4=2，所以m=2。,pep-junior-s1-upper-expressions-linear-equations,pep-junior-s1-upper-paper-rational-number-operations,pep-junior-exam-statistics-probability,passed,needs-review,deepseek-original-v3-1200; pending-s18-manual-review
pep-junior-v3-s1-k02-fi-010,junior-rag-v3-1200,S1,upper,pep-junior-s1-upper-expressions-linear-equations,整式初步与一元一次方程,fill-in,Foundation,先化简，再求值：\(2(a^2 - 3ab) - (4a^2 - 7ab + 2)\)，其中 \(a = -1\)，\(b = 2\)。,,-4,-4,原式 \(= 2a^2 - 6ab - 4a^2 + 7ab - 2 = (2a^2 - 4a^2) + (-6ab + 7ab) - 2 = -2a^2 + ab - 2\)。代入 \(a = -1\)，\(b = 2\)：\(-2 \times (-1)^2 + (-1) \times 2 - 2 = -2 \times 1 - 2 - 2 = -2 - 2 - 2 = -6\)。计算得 -6。,pep-junior-s1-upper-expressions-linear-equations,pep-junior-s1-upper-paper-geometric-figures,pep-junior-exam-coordinate-transformations,passed,needs-review,deepseek-original-v3-1200; pending-s18-manual-review
pep-junior-v3-s1-k02-fi-011,junior-rag-v3-1200,S1,upper,pep-junior-s1-upper-expressions-linear-equations,整式初步与一元一次方程,fill-in,Foundation,某商店将一批商品按进价提高40%后标价，再打八折销售，每件仍获利15元。设每件商品的进价为x元，则可列方程为______。,,x(1+40%)×0.8 - x = 15,x(1+40%)×0.8 - x = 15 | 1.4x × 0.8 - x = 15 | 1.12x - x = 15 | 0.12x = 15,设进价为x元，则标价为x(1+40%)元，售价为x(1+40%)×0.8元。利润=售价-进价=15元，因此方程为x(1+40%)×0.8 - x = 15。,pep-junior-s1-upper-expressions-linear-equations,pep-junior-s1-upper-paper-expression-simplification,pep-junior-exam-linear-equation-inequality-models,passed,needs-review,deepseek-original-v3-1200; pending-s18-manual-review
pep-junior-v3-s1-k02-fi-012,junior-rag-v3-1200,S1,upper,pep-junior-s1-upper-expressions-linear-equations,整式初步与一元一次方程,fill-in,Foundation,若关于x的方程2x - a = 3(x - 1)的解是x = 4，则a的值为______。,,-1,-1,将x=4代入方程：2×4 - a = 3(4-1)，即8 - a = 9，解得a = -1。,pep-junior-s1-upper-expressions-linear-equations,pep-junior-s1-upper-paper-linear-equation-modeling,pep-junior-exam-applied-modeling-finance-rate,passed,needs-review,deepseek-original-v3-1200; pending-s18-manual-review
pep-junior-v3-s1-k02-fi-013,junior-rag-v3-1200,S1,upper,pep-junior-s1-upper-expressions-linear-equations,整式初步与一元一次方程,fill-in,Foundation,小明和爸爸的年龄之和是50岁，5年后爸爸的年龄是小明年龄的3倍。设小明现在的年龄为x岁，则可列方程为______。,,3(x+5) = (50 - x) + 5,3(x+5) = (50 - x) + 5 | 3(x+5) = 55 - x | 3x+15 = 55 - x,设小明现在x岁，则爸爸现在(50-x)岁。5年后小明(x+5)岁，爸爸(50-x+5)岁。根据5年后爸爸年龄是小明的3倍，得方程3(x+5) = (50 - x) + 5。,pep-junior-s1-upper-expressions-linear-equations,pep-junior-s1-upper-paper-midterm-final-integrated,pep-junior-exam-number-sense-real-numbers,passed,needs-review,deepseek-original-v3-1200; pending-s18-manual-review
pep-junior-v3-s1-k02-fi-014,junior-rag-v3-1200,S1,upper,pep-junior-s1-upper-expressions-linear-equations,整式初步与一元一次方程,fill-in,Foundation,解方程：4(2x - 1) - 3(5x + 2) = 6，得x = ______。,,-16/7,-16/7 | -2 2/7 | -2.285714...,去括号：8x - 4 - 15x - 6 = 6，合并同类项：-7x - 10 = 6，移项：-7x = 16，系数化为1：x = -16/7。,pep-junior-s1-upper-expressions-linear-equations,pep-junior-s1-upper-paper-rational-number-operations,pep-junior-exam-statistics-probability,passed,needs-review,deepseek-original-v3-1200; pending-s18-manual-review
pep-junior-v3-s1-k02-fi-015,junior-rag-v3-1200,S1,upper,pep-junior-s1-upper-expressions-linear-equations,整式初步与一元一次方程,fill-in,Foundation,一个两位数，十位数字是个位数字的2倍，若将十位数字与个位数字对调，所得新数比原数小27。设个位数字为x，则可列方程为______。,,10·2x + x - (10x + 2x) = 27,10·2x + x - (10x + 2x) = 27 | 21x - 12x = 27 | 9x = 27,设个位数字为x，则十位数字为2x。原数为10·2x + x = 21x，新数为10x + 2x = 12x。根据新数比原数小27，得方程21x - 12x = 27，即10·2x + x - (10x + 2x) = 27。,pep-junior-s1-upper-expressions-linear-equations,pep-junior-s1-upper-paper-geometric-figures,pep-junior-exam-coordinate-transformations,passed,needs-review,deepseek-original-v3-1200; pending-s18-manual-review
pep-junior-v3-s1-k02-fi-016,junior-rag-v3-1200,S1,upper,pep-junior-s1-upper-expressions-linear-equations,整式初步与一元一次方程,fill-in,Foundation,已知代数式3a - 2b + 5的值为8，则代数式6a - 4b - 3的值为______。,,3,3,由3a - 2b + 5 = 8，得3a - 2b = 3。则6a - 4b = 2(3a - 2b) = 2×3 = 6，所以6a - 4b - 3 = 6 - 3 = 3。,pep-junior-s1-upper-expressions-linear-equations,pep-junior-s1-upper-paper-expression-simplification,pep-junior-exam-linear-equation-inequality-models,passed,needs-review,deepseek-original-v3-1200; pending-s18-manual-review
pep-junior-v3-s1-k02-fi-017,junior-rag-v3-1200,S1,upper,pep-junior-s1-upper-expressions-linear-equations,整式初步与一元一次方程,fill-in,Foundation,若单项式2x^{m+1}y^3与-5x^2y^{n-1}是同类项，则m+n的值为______。,,5,5,由同类项定义，x的指数相等：m+1=2，得m=1；y的指数相等：3=n-1，得n=4。所以m+n=1+4=5。,pep-junior-s1-upper-expressions-linear-equations,pep-junior-s1-upper-paper-linear-equation-modeling,pep-junior-exam-applied-modeling-finance-rate,passed,needs-review,deepseek-original-v3-1200; pending-s18-manual-review
pep-junior-v3-s1-k02-fi-018,junior-rag-v3-1200,S1,upper,pep-junior-s1-upper-expressions-linear-equations,整式初步与一元一次方程,fill-in,Foundation,当x = ______时，代数式2x - 3与5x + 6的值互为相反数。,,-3/7,-3/7,互为相反数即和为0：(2x - 3) + (5x + 6) = 0，合并得7x + 3 = 0，解得x = -3/7。,pep-junior-s1-upper-expressions-linear-equations,pep-junior-s1-upper-paper-midterm-final-integrated,pep-junior-exam-number-sense-real-numbers,passed,needs-review,deepseek-original-v3-1200; pending-s18-manual-review
pep-junior-v3-s1-k02-fi-019,junior-rag-v3-1200,S1,upper,pep-junior-s1-upper-expressions-linear-equations,整式初步与一元一次方程,fill-in,Foundation,某校七年级学生外出参观，若每辆汽车坐45人，则15人没有座位；若每辆汽车坐60人，则空出一辆汽车。设共有x辆汽车，则可列方程为______。,,45x + 15 = 60(x - 1),45x + 15 = 60(x - 1) | 45x+15=60x-60,设汽车x辆，则学生人数可表示为45x+15或60(x-1)。由人数相等得方程45x + 15 = 60(x - 1)。,pep-junior-s1-upper-expressions-linear-equations,pep-junior-s1-upper-paper-rational-number-operations,pep-junior-exam-statistics-probability,passed,needs-review,deepseek-original-v3-1200; pending-s18-manual-review
pep-junior-v3-s1-k02-fi-020,junior-rag-v3-1200,S1,upper,pep-junior-s1-upper-expressions-linear-equations,整式初步与一元一次方程,fill-in,Foundation,若方程2x + 3 = 5与方程4x - a = 3的解相同，则a的值为______。,,1,1,解2x+3=5得x=1。将x=1代入4x-a=3：4×1 - a = 3，解得a=1。,pep-junior-s1-upper-expressions-linear-equations,pep-junior-s1-upper-paper-geometric-figures,pep-junior-exam-coordinate-transformations,passed,needs-review,deepseek-original-v3-1200; pending-s18-manual-review
pep-junior-v3-s1-k02-fi-021,junior-rag-v3-1200,S1,upper,pep-junior-s1-upper-expressions-linear-equations,整式初步与一元一次方程,fill-in,Foundation,先化简，再求值：\(3(a^2 - 2ab) - (6a^2 - 5ab + 1)\)，其中 \(a = -1\)，\(b = 2\)。,,-2,-2,原式 \(= 3a^2 - 6ab - 6a^2 + 5ab - 1 = (3a^2 - 6a^2) + (-6ab + 5ab) - 1 = -3a^2 - ab - 1\)。代入 \(a = -1\)，\(b = 2\)：\(-3 \times (-1)^2 - (-1) \times 2 - 1 = -3 \times 1 + 2 - 1 = -3 + 2 - 1 = -2\)。,pep-junior-s1-upper-expressions-linear-equations,pep-junior-s1-upper-paper-expression-simplification,pep-junior-exam-linear-equation-inequality-models,passed,needs-review,deepseek-original-v3-1200; pending-s18-manual-review
pep-junior-v3-s1-k02-fi-022,junior-rag-v3-1200,S1,upper,pep-junior-s1-upper-expressions-linear-equations,整式初步与一元一次方程,fill-in,Foundation,某校七年级学生外出参观，如果每辆汽车坐45人，那么有15个学生没有座位；如果每辆汽车坐60人，那么空出一辆汽车。问共有多少辆汽车？设汽车数量为 \(x\)，列出方程并求解。,,5,5,设汽车数量为 \(x\)，根据学生人数不变，得 \(45x + 15 = 60(x - 1)\)。解方程：\(45x + 15 = 60x - 60\)，移项得 \(15 + 60 = 60x - 45x\)，\(75 = 15x\)，\(x = 5\)。共有5辆汽车。,pep-junior-s1-upper-expressions-linear-equations,pep-junior-s1-upper-paper-linear-equation-modeling,pep-junior-exam-applied-modeling-finance-rate,passed,needs-review,deepseek-original-v3-1200; pending-s18-manual-review
pep-junior-v3-s1-k02-sa-001,junior-rag-v3-1200,S1,upper,pep-junior-s1-upper-expressions-linear-equations,整式初步与一元一次方程,short-answer,Foundation,已知 \(A = 2x^2 - 3xy + y^2\)，\(B = x^2 + xy - 2y^2\)，求 \(2A - 3B\)。,,x^2 - 9xy + 8y^2,x^2 - 9xy + 8y^2,\(2A = 2(2x^2 - 3xy + y^2) = 4x^2 - 6xy + 2y^2\)，\(3B = 3(x^2 + xy - 2y^2) = 3x^2 + 3xy - 6y^2\)。所以 \(2A - 3B = (4x^2 - 6xy + 2y^2) - (3x^2 + 3xy - 6y^2) = 4x^2 - 6xy + 2y^2 - 3x^2 - 3xy + 6y^2 = x^2 - 9xy + 8y^2\)。,pep-junior-s1-upper-expressions-linear-equations,pep-junior-s1-upper-paper-expression-simplification,pep-junior-exam-linear-equation-inequality-models,passed,needs-review,deepseek-original-v3-1200; pending-s18-manual-review
pep-junior-v3-s1-k02-sa-002,junior-rag-v3-1200,S1,upper,pep-junior-s1-upper-expressions-linear-equations,整式初步与一元一次方程,short-answer,Foundation,一个两位数，个位数字比十位数字大3，且这个两位数比它的两个数字之和的4倍多3。求这个两位数。,,47,47,设十位数字为 \(x\)，则个位数字为 \(x+3\)，这个两位数为 \(10x + (x+3) = 11x + 3\)。数字之和为 \(x + (x+3) = 2x + 3\)。根据题意，\(11x + 3 = 4(2x + 3) + 3\)，即 \(11x + 3 = 8x + 12 + 3\)，\(11x + 3 = 8x + 15\)，\(3x = 12\)，\(x = 4\)。十位数字为4，个位数字为7，两位数为47。,pep-junior-s1-upper-expressions-linear-equations,pep-junior-s1-upper-paper-linear-equation-modeling,pep-junior-exam-applied-modeling-finance-rate,passed,needs-review,deepseek-original-v3-1200; pending-s18-manual-review
pep-junior-v3-s1-k02-sa-003,junior-rag-v3-1200,S1,upper,pep-junior-s1-upper-expressions-linear-equations,整式初步与一元一次方程,short-answer,Foundation,计算：\((-2)^3 \times \left(-\frac{1}{2}\right) - |-3| \div \frac{1}{2} + \sqrt{16}\)。,,2,2,原式 \(= (-8) \times \left(-\frac{1}{2}\right) - 3 \div \frac{1}{2} + 4 = 4 - 6 + 4 = 2\)。,pep-junior-s1-upper-expressions-linear-equations,pep-junior-s1-upper-paper-midterm-final-integrated,pep-junior-exam-number-sense-real-numbers,passed,needs-review,deepseek-original-v3-1200; pending-s18-manual-review
pep-junior-v3-s1-k02-sa-004,junior-rag-v3-1200,S1,upper,pep-junior-s1-upper-expressions-linear-equations,整式初步与一元一次方程,short-answer,Foundation,某班有50名学生，在数学测验中，成绩为A的学生占全班人数的20%，成绩为B的学生人数是成绩为A的学生人数的2倍，其余学生成绩为C。求成绩为C的学生人数。,,20,20,成绩为A的学生人数：\(50 \times 20\% = 10\)人。成绩为B的学生人数：\(10 \times 2 = 20\)人。成绩为C的学生人数：\(50 - 10 - 20 = 20\)人。,pep-junior-s1-upper-expressions-linear-equations,pep-junior-s1-upper-paper-rational-number-operations,pep-junior-exam-statistics-probability,passed,needs-review,deepseek-original-v3-1200; pending-s18-manual-review
pep-junior-v3-s1-k02-sa-005,junior-rag-v3-1200,S1,upper,pep-junior-s1-upper-expressions-linear-equations,整式初步与一元一次方程,short-answer,Foundation,"已知点 \(P(a-1, 2a+3)\) 在第二象限，求 \(a\) 的取值范围。",,-\frac{3}{2} < a < 1,-\frac{3}{2} < a < 1 | -1.5 < a < 1,第二象限的点横坐标为负，纵坐标为正，所以 \(a-1 < 0\) 且 \(2a+3 > 0\)。由 \(a-1 < 0\) 得 \(a < 1\)；由 \(2a+3 > 0\) 得 \(a > -\frac{3}{2}\)。因此 \(-\frac{3}{2} < a < 1\)。,pep-junior-s1-upper-expressions-linear-equations,pep-junior-s1-upper-paper-geometric-figures,pep-junior-exam-coordinate-transformations,passed,needs-review,deepseek-original-v3-1200; pending-s18-manual-review
pep-junior-v3-s1-k02-sa-006,junior-rag-v3-1200,S1,upper,pep-junior-s1-upper-expressions-linear-equations,整式初步与一元一次方程,short-answer,Foundation,已知 \(x = 2\) 是关于 \(x\) 的方程 \(3x - m = 2x + 1\) 的解，求代数式 \(m^2 - 2m + 1\) 的值。,,0,0,把 \(x = 2\) 代入方程：\(3 \times 2 - m = 2 \times 2 + 1\)，即 \(6 - m = 5\)，解得 \(m = 1\)。所以 \(m^2 - 2m + 1 = 1^2 - 2 \times 1 + 1 = 0\)。,pep-junior-s1-upper-expressions-linear-equations,pep-junior-s1-upper-paper-expression-simplification,pep-junior-exam-linear-equation-inequality-models,passed,needs-review,deepseek-original-v3-1200; pending-s18-manual-review
pep-junior-v3-s1-k02-sa-007,junior-rag-v3-1200,S1,upper,pep-junior-s1-upper-expressions-linear-equations,整式初步与一元一次方程,short-answer,Foundation,一家商店将某种服装按成本价提高40%后标价，又以8折优惠卖出，结果每件仍获利15元。这种服装每件的成本是多少元？,,125,125,设成本价为 \(x\) 元，则标价为 \(x(1+40\%) = 1.4x\) 元，售价为 \(1.4x \times 0.8 = 1.12x\) 元。利润为 \(1.12x - x = 0.12x\) 元。根据题意，\(0.12x = 15\)，解得 \(x = 125\)。成本是125元。,pep-junior-s1-upper-expressions-linear-equations,pep-junior-s1-upper-paper-linear-equation-modeling,pep-junior-exam-applied-modeling-finance-rate,passed,needs-review,deepseek-original-v3-1200; pending-s18-manual-review
pep-junior-v3-s1-k02-sa-008,junior-rag-v3-1200,S1,upper,pep-junior-s1-upper-expressions-linear-equations,整式初步与一元一次方程,short-answer,Foundation,已知 \(a\)、\(b\) 互为相反数，\(c\)、\(d\) 互为倒数，\(m\) 的绝对值是2。求 \(\frac{a+b}{m} + m^2 - cd\) 的值。,,3,3,由题意，\(a+b=0\)，\(cd=1\)，\(|m|=2\)，所以 \(m^2=4\)。原式 \(= \frac{0}{m} + 4 - 1 = 0 + 4 - 1 = 3\)。,pep-junior-s1-upper-expressions-linear-equations,pep-junior-s1-upper-paper-midterm-final-integrated,pep-junior-exam-number-sense-real-numbers,passed,needs-review,deepseek-original-v3-1200; pending-s18-manual-review
pep-junior-v3-s1-k02-sa-009,junior-rag-v3-1200,S1,upper,pep-junior-s1-upper-expressions-linear-equations,整式初步与一元一次方程,short-answer,Foundation,某冷库的室温为 -5℃，现需要将温度降至 -17℃。如果冷库每小时降温 3℃，问几小时后能达到所需温度？,,4 小时,4 小时 | 4 | 4h,设 x 小时后达到所需温度。初始温度 -5℃，每小时降温 3℃，则降温后温度为 -5 - 3x。所需温度为 -17℃，列出方程：-5 - 3x = -17。解方程：-3x = -17 + 5，-3x = -12，x = 4。所以 4 小时后温度恰好为 -17℃。因此答案为 4 小时。,pep-junior-s1-upper-expressions-linear-equations,pep-junior-s1-upper-paper-rational-number-operations,pep-junior-exam-statistics-probability,passed,needs-review,deepseek-original-v3-1200; pending-s18-manual-review
pep-junior-v3-s1-k02-sa-010,junior-rag-v3-1200,S1,upper,pep-junior-s1-upper-expressions-linear-equations,整式初步与一元一次方程,short-answer,Foundation,一个长方形的长比宽的 2 倍少 3 米，宽为 x 米。用含 x 的式子表示长方形的周长，并化简。,,6x - 6,6x - 6 | 6x-6 | 2(3x-3) | 2(3x-3)米,宽为 x 米，长比宽的 2 倍少 3 米，即长为 2x - 3 米。周长 = 2 × (长 + 宽) = 2 × ((2x - 3) + x) = 2 × (3x - 3) = 6x - 6。所以周长为 6x - 6 米。答案为 6x - 6。,pep-junior-s1-upper-expressions-linear-equations,pep-junior-s1-upper-paper-geometric-figures,pep-junior-exam-coordinate-transformations,passed,needs-review,deepseek-original-v3-1200; pending-s18-manual-review
pep-junior-v3-s1-k02-sa-011,junior-rag-v3-1200,S1,upper,pep-junior-s1-upper-expressions-linear-equations,整式初步与一元一次方程,short-answer,Foundation,解方程：2(x - 3) + 4 = 3x - 5。,,x = 3,x = 3 | 3 | x=3,去括号：2x - 6 + 4 = 3x - 5，即 2x - 2 = 3x - 5。移项：2x - 3x = -5 + 2，-x = -3，x = 3。所以方程的解为 x = 3。,pep-junior-s1-upper-expressions-linear-equations,pep-junior-s1-upper-paper-expression-simplification,pep-junior-exam-linear-equation-inequality-models,passed,needs-review,deepseek-original-v3-1200; pending-s18-manual-review
pep-junior-v3-s1-k02-sa-012,junior-rag-v3-1200,S1,upper,pep-junior-s1-upper-expressions-linear-equations,整式初步与一元一次方程,short-answer,Foundation,某商店将进价为 80 元的商品按标价的八折出售，仍可获利 20%。求该商品的标价。,,120 元,120 元 | 120 | 120元,设标价为 x 元。八折出售，售价为 0.8x 元。获利 20% 是指售价相对于进价的利润率，即 (售价 - 进价) / 进价 = 20%，所以 (0.8x - 80) / 80 = 0.2。解方程：0.8x - 80 = 80 × 0.2 = 16，0.8x = 96，x = 120。所以标价为 120 元。,pep-junior-s1-upper-expressions-linear-equations,pep-junior-s1-upper-paper-linear-equation-modeling,pep-junior-exam-applied-modeling-finance-rate,passed,needs-review,deepseek-original-v3-1200; pending-s18-manual-review
pep-junior-v3-s1-k02-sa-013,junior-rag-v3-1200,S1,upper,pep-junior-s1-upper-expressions-linear-equations,整式初步与一元一次方程,short-answer,Foundation,已知 a 与 b 互为相反数，c 与 d 互为倒数，|m| = 2。求代数式 a + b + m - cd 的值。,,1 或 -3,"1 或 -3 | 1或-3 | 1, -3 | 1和-3",由题意，a + b = 0，cd = 1，|m| = 2，所以 m = 2 或 m = -2。当 m = 2 时，原式 = 0 + 2 - 1 = 1；当 m = -2 时，原式 = 0 + (-2) - 1 = -3。所以代数式的值为 1 或 -3。,pep-junior-s1-upper-expressions-linear-equations,pep-junior-s1-upper-paper-midterm-final-integrated,pep-junior-exam-number-sense-real-numbers,passed,needs-review,deepseek-original-v3-1200; pending-s18-manual-review
pep-junior-v3-s1-k02-sa-014,junior-rag-v3-1200,S1,upper,pep-junior-s1-upper-expressions-linear-equations,整式初步与一元一次方程,short-answer,Foundation,某地一天的最高气温为 5℃，最低气温为 -3℃，则这天的温差是多少？,,8℃,8℃ | 8 | 8摄氏度,温差 = 最高气温 - 最低气温 = 5 - (-3) = 5 + 3 = 8（℃）。所以温差为 8℃。,pep-junior-s1-upper-expressions-linear-equations,pep-junior-s1-upper-paper-rational-number-operations,pep-junior-exam-statistics-probability,passed,needs-review,deepseek-original-v3-1200; pending-s18-manual-review
pep-junior-v3-s1-k02-sa-015,junior-rag-v3-1200,S1,upper,pep-junior-s1-upper-expressions-linear-equations,整式初步与一元一次方程,short-answer,Foundation,已知线段 AB = 10 cm，点 C 是线段 AB 上一点，且 AC = 3 cm，点 D 是线段 BC 的中点。求线段 AD 的长度。,,6.5 cm,6.5 cm | 6.5cm | 6.5厘米 | 6.5,由题意，AB = 10 cm，AC = 3 cm，所以 BC = AB - AC = 10 - 3 = 7 cm。点 D 是 BC 的中点，所以 CD = BC / 2 = 7 / 2 = 3.5 cm。因此 AD = AC + CD = 3 + 3.5 = 6.5 cm。答案为 6.5 cm。,pep-junior-s1-upper-expressions-linear-equations,pep-junior-s1-upper-paper-geometric-figures,pep-junior-exam-coordinate-transformations,passed,needs-review,deepseek-original-v3-1200; pending-s18-manual-review
pep-junior-v3-s1-k02-sa-016,junior-rag-v3-1200,S1,upper,pep-junior-s1-upper-expressions-linear-equations,整式初步与一元一次方程,short-answer,Foundation,先化简，再求值：3a - (2a - 1) + 2(3 - a)，其中 a = -2。,,9,9,化简：原式 = 3a - 2a + 1 + 6 - 2a = (3a - 2a - 2a) + (1 + 6) = -a + 7。当 a = -2 时，代入得 -(-2) + 7 = 2 + 7 = 9。所以值为 9。,pep-junior-s1-upper-expressions-linear-equations,pep-junior-s1-upper-paper-expression-simplification,pep-junior-exam-linear-equation-inequality-models,passed,needs-review,deepseek-original-v3-1200; pending-s18-manual-review
pep-junior-v3-s1-k02-sa-017,junior-rag-v3-1200,S1,upper,pep-junior-s1-upper-expressions-linear-equations,整式初步与一元一次方程,short-answer,Foundation,甲、乙两人从相距 20 千米的两地同时出发，相向而行。甲的速度是 4 千米/时，乙的速度是 6 千米/时。问几小时后两人相遇？,,2 小时,2 小时 | 2 | 2h,设 x 小时后两人相遇。甲走的路程为 4x 千米，乙走的路程为 6x 千米，两人路程之和等于总距离 20 千米，所以 4x + 6x = 20，即 10x = 20，x = 2。所以 2 小时后两人相遇。,pep-junior-s1-upper-expressions-linear-equations,pep-junior-s1-upper-paper-linear-equation-modeling,pep-junior-exam-applied-modeling-finance-rate,passed,needs-review,deepseek-original-v3-1200; pending-s18-manual-review
pep-junior-v3-s1-k02-sa-018,junior-rag-v3-1200,S1,upper,pep-junior-s1-upper-expressions-linear-equations,整式初步与一元一次方程,short-answer,Foundation,若 |x - 2| + (y + 3)² = 0，求 x + y 的值。,,-1,-1 | 负1,因为绝对值和平方都是非负数，它们的和为 0，则每一项都为 0。所以 x - 2 = 0，得 x = 2；y + 3 = 0，得 y = -3。因此 x + y = 2 + (-3) = -1。答案为 -1。,pep-junior-s1-upper-expressions-linear-equations,pep-junior-s1-upper-paper-midterm-final-integrated,pep-junior-exam-number-sense-real-numbers,passed,needs-review,deepseek-original-v3-1200; pending-s18-manual-review
pep-junior-v3-s1-k02-sa-019,junior-rag-v3-1200,S1,upper,pep-junior-s1-upper-expressions-linear-equations,整式初步与一元一次方程,short-answer,Core,小雅用围棋子摆出一个正方形边框，每条边用了a枚棋子（四个角上的棋子重复计数）。她发现边框的棋子总数可以表示为4a-4。请你写出这个代数式的含义，并说明为什么需要减去4。,,4a表示四条边各算a枚，但四个角上的棋子被重复计算了一次，所以减去4得到实际总数。,4a表示四条边各算a枚，但四个角上的棋子被重复计算了一次，所以减去4得到实际总数。 | 4a表示四条边各算a枚，但四个角上的棋子被重复计算了一次，所以减去4得到实际总数 | 四条边各a枚共4a，四个角重复计数，减去4 | 4a是四条边的总数，但四个角重复了，所以要减去4,正方形有四条边，每条边有a枚棋子，如果直接乘4得到4a，那么四个角上的棋子都被算了两次，实际上每个角只应算一次，所以需要减去多算的4枚，得到边框实际棋子总数为4a-4。答案为4a表示四条边各算a枚，但四个角上的棋子被重复计算了一次，所以减去4得到实际总数。,pep-junior-s1-upper-expressions-linear-equations,pep-junior-s1-upper-paper-rational-number-operations,pep-junior-exam-statistics-probability,passed,needs-review,deepseek-original-v3-1200; pending-s18-manual-review
pep-junior-v3-s1-k02-sa-020,junior-rag-v3-1200,S1,upper,pep-junior-s1-upper-expressions-linear-equations,整式初步与一元一次方程,short-answer,Core,小杰在计算一个多项式减去2x²-3x+1时，误将减法看成了加法，得到的结果是5x²+2x-3。请你求出正确的计算结果。,,x²+8x-5,x²+8x-5,设原多项式为A，根据错误运算有A+(2x²-3x+1)=5x²+2x-3，所以A=(5x²+2x-3)-(2x²-3x+1)=5x²+2x-3-2x²+3x-1=3x²+5x-4。正确的计算应为A-(2x²-3x+1)=(3x²+5x-4)-(2x²-3x+1)=3x²+5x-4-2x²+3x-1=x²+8x-5。答案为x²+8x-5。,pep-junior-s1-upper-expressions-linear-equations,pep-junior-s1-upper-paper-geometric-figures,pep-junior-exam-coordinate-transformations,passed,needs-review,deepseek-original-v3-1200; pending-s18-manual-review
pep-junior-v3-s1-k02-sa-021,junior-rag-v3-1200,S1,upper,pep-junior-s1-upper-expressions-linear-equations,整式初步与一元一次方程,short-answer,Core,已知代数式2x²-3x+1与ax²+bx-2的和中不含x的一次项，且二次项系数为5，求a和b的值。,,a=3，b=3,"a=3，b=3 | a=3,b=3 | a=3 b=3",两个代数式的和为(2x²-3x+1)+(ax²+bx-2)=(2+a)x²+(-3+b)x-1。根据题意，和中不含x的一次项，所以一次项系数-3+b=0，解得b=3；二次项系数为5，所以2+a=5，解得a=3。因此a=3，b=3。答案为a=3，b=3。,pep-junior-s1-upper-expressions-linear-equations,pep-junior-s1-upper-paper-expression-simplification,pep-junior-exam-linear-equation-inequality-models,passed,needs-review,deepseek-original-v3-1200; pending-s18-manual-review
pep-junior-v3-s1-k02-sa-022,junior-rag-v3-1200,S1,upper,pep-junior-s1-upper-expressions-linear-equations,整式初步与一元一次方程,short-answer,Core,某商店将一款书包按进价提高40%后标价，再打八折出售，结果每件获利15元。这款书包的进价是多少元？,,125,125 | 125元 | 125 元,设进价为x元，则标价为(1+40%)x=1.4x元，售价为0.8×1.4x=1.12x元。根据利润关系，售价-进价=15，即1.12x-x=15，0.12x=15，解得x=125。所以进价为125元。答案为125。,pep-junior-s1-upper-expressions-linear-equations,pep-junior-s1-upper-paper-linear-equation-modeling,pep-junior-exam-applied-modeling-finance-rate,passed,needs-review,deepseek-original-v3-1200; pending-s18-manual-review
pep-junior-v3-s1-k03-mc-001,junior-rag-v3-1200,S1,upper,pep-junior-s1-upper-geometric-figures,几何图形初步,multiple-choice,Core,下列几何图形中，属于平面图形的是（　）,球 | 圆锥 | 圆 | 圆柱,圆,圆 | C | c,平面图形是指各部分都在同一平面内的图形。球、圆锥、圆柱都是立体图形，只有圆是平面图形。答案为C. 圆。,pep-junior-s1-upper-geometric-figures,pep-junior-s1-upper-paper-geometric-figures,pep-junior-exam-number-sense-real-numbers,passed,needs-review,deepseek-original-v3-1200; pending-s18-manual-review
pep-junior-v3-s1-k03-mc-002,junior-rag-v3-1200,S1,upper,pep-junior-s1-upper-geometric-figures,几何图形初步,multiple-choice,Core,已知线段AB=10 cm，点C是线段AB上一点，且AC=4 cm。若点D是线段BC的中点，则线段AD的长度为（　）,5 cm | 6 cm | 7 cm | 8 cm,7 cm,7 cm | C | c,因为AB=10 cm，AC=4 cm，所以BC=AB-AC=6 cm。点D是BC的中点，所以CD=3 cm。AD=AC+CD=4+3=7 cm。答案为C. 7 cm。,pep-junior-s1-upper-geometric-figures,pep-junior-s1-upper-paper-midterm-final-integrated,pep-junior-exam-linear-equation-inequality-models,passed,needs-review,deepseek-original-v3-1200; pending-s18-manual-review
pep-junior-v3-s1-k03-mc-003,junior-rag-v3-1200,S1,upper,pep-junior-s1-upper-geometric-figures,几何图形初步,multiple-choice,Core,下列四个角中，可能为20°的角是（　）,钝角 | 直角 | 锐角 | 平角,锐角,锐角 | C | c,锐角是指大于0°且小于90°的角，20°在这个范围内，所以是锐角。钝角大于90°且小于180°，直角等于90°，平角等于180°，均不符合。答案为C. 锐角。,pep-junior-s1-upper-geometric-figures,pep-junior-s1-upper-paper-rational-number-operations,pep-junior-exam-statistics-probability,passed,needs-review,deepseek-original-v3-1200; pending-s18-manual-review
pep-junior-v3-s1-k03-mc-004,junior-rag-v3-1200,S1,upper,pep-junior-s1-upper-geometric-figures,几何图形初步,multiple-choice,Core,用一副三角尺不能拼出的角度是（　）,75° | 105° | 130° | 135°,130°,130° | C | c,一副三角尺的角有30°、45°、60°、90°。通过相加或相减可得到75°（30°+45°）、105°（45°+60°）、135°（45°+90°），但无法得到130°。答案为C. 130°。,pep-junior-s1-upper-geometric-figures,pep-junior-s1-upper-paper-expression-simplification,pep-junior-exam-coordinate-transformations,passed,needs-review,deepseek-original-v3-1200; pending-s18-manual-review
pep-junior-v3-s1-k03-mc-005,junior-rag-v3-1200,S1,upper,pep-junior-s1-upper-geometric-figures,几何图形初步,multiple-choice,Core,若∠α与∠β互余，且∠α=35°，则∠β的补角为（　）,55° | 125° | 145° | 155°,125°,125° | B | b,因为∠α与∠β互余，所以∠α+∠β=90°，已知∠α=35°，则∠β=90°-35°=55°。∠β的补角为180°-∠β=180°-55°=125°。答案为B. 125°。,pep-junior-s1-upper-geometric-figures,pep-junior-s1-upper-paper-linear-equation-modeling,pep-junior-exam-applied-modeling-finance-rate,passed,needs-review,deepseek-original-v3-1200; pending-s18-manual-review
pep-junior-v3-s1-k03-mc-006,junior-rag-v3-1200,S1,upper,pep-junior-s1-upper-geometric-figures,几何图形初步,multiple-choice,Core,下列说法正确的是（　）,两点之间，直线最短 | 射线AB与射线BA是同一条射线 | 过两点有且只有一条直线 | 延长直线AB到点C,过两点有且只有一条直线,过两点有且只有一条直线 | C | c,A错误，应为两点之间线段最短；B错误，射线AB的端点是A，射线BA的端点是B，方向不同；C正确，这是直线公理；D错误，直线本身就是无限延伸的，不能说延长直线。答案为C. 过两点有且只有一条直线。,pep-junior-s1-upper-geometric-figures,pep-junior-s1-upper-paper-geometric-figures,pep-junior-exam-number-sense-real-numbers,passed,needs-review,deepseek-original-v3-1200; pending-s18-manual-review
pep-junior-v3-s1-k03-mc-007,junior-rag-v3-1200,S1,upper,pep-junior-s1-upper-geometric-figures,几何图形初步,multiple-choice,Core,关于直线、射线和线段，下列说法正确的是（ ）,直线AB和直线BA是同一条直线 | 射线AB和射线BA是同一条射线 | 线段AB和线段BA不是同一条线段 | 直线AB和线段AB是同一种图形,直线AB和直线BA是同一条直线,直线AB和直线BA是同一条直线 | A,直线没有方向，所以直线AB和直线BA表示同一条直线，因此选项A正确。射线有端点，射线AB的端点是A，射线BA的端点是B，它们不是同一条射线，故B错误。线段AB和线段BA表示同一条线段，因为线段没有方向，故C错误。直线和线段是不同的图形，直线没有端点，线段有两个端点，故D错误。,pep-junior-s1-upper-geometric-figures,pep-junior-s1-upper-paper-midterm-final-integrated,pep-junior-exam-linear-equation-inequality-models,passed,needs-review,deepseek-original-v3-1200; pending-s18-manual-review
pep-junior-v3-s1-k03-mc-008,junior-rag-v3-1200,S1,upper,pep-junior-s1-upper-geometric-figures,几何图形初步,multiple-choice,Core,已知点A、B、C在同一条直线上，AB=5 cm，BC=3 cm，则AC的长度为（ ）,2 cm | 8 cm | 2 cm或8 cm | 无法确定,2 cm或8 cm,2 cm或8 cm | C,当点C在线段AB上时，AC=AB-BC=5-3=2 cm；当点C在线段AB的延长线上时，AC=AB+BC=5+3=8 cm。所以AC的长度为2 cm或8 cm，故选C。,pep-junior-s1-upper-geometric-figures,pep-junior-s1-upper-paper-rational-number-operations,pep-junior-exam-statistics-probability,passed,needs-review,deepseek-original-v3-1200; pending-s18-manual-review
pep-junior-v3-s1-k03-mc-009,junior-rag-v3-1200,S1,upper,pep-junior-s1-upper-geometric-figures,几何图形初步,multiple-choice,Core,用一副三角尺（含30°-60°-90°和45°-45°-90°）不能画出的角度是（ ）,15° | 75° | 105° | 125°,125°,125° | D,一副三角尺可以画出的角是15°的整数倍，因为45°-30°=15°，75°=45°+30°，105°=45°+60°，而125°不是15°的整数倍，所以不能画出，故选D。,pep-junior-s1-upper-geometric-figures,pep-junior-s1-upper-paper-expression-simplification,pep-junior-exam-coordinate-transformations,passed,needs-review,deepseek-original-v3-1200; pending-s18-manual-review
pep-junior-v3-s1-k03-mc-010,junior-rag-v3-1200,S1,upper,pep-junior-s1-upper-geometric-figures,几何图形初步,multiple-choice,Core,下列图形中，属于棱柱的是（ ）,正方体 | 圆柱 | 圆锥 | 球,正方体,正方体 | A,棱柱有两个平行的底面，侧面是平行四边形。正方体符合棱柱的特征，底面是正方形，侧面是长方形，所以正方体是棱柱。圆柱、圆锥、球都不是棱柱，故选A。,pep-junior-s1-upper-geometric-figures,pep-junior-s1-upper-paper-linear-equation-modeling,pep-junior-exam-applied-modeling-finance-rate,passed,needs-review,deepseek-original-v3-1200; pending-s18-manual-review
pep-junior-v3-s1-k03-mc-011,junior-rag-v3-1200,S1,upper,pep-junior-s1-upper-geometric-figures,几何图形初步,multiple-choice,Core,已知∠α=35°，则∠α的余角的补角为（ ）,55° | 125° | 145° | 155°,125°,125° | B,∠α的余角为90°-35°=55°，55°的补角为180°-55°=125°，所以∠α的余角的补角为125°，故选B。,pep-junior-s1-upper-geometric-figures,pep-junior-s1-upper-paper-geometric-figures,pep-junior-exam-number-sense-real-numbers,passed,needs-review,deepseek-original-v3-1200; pending-s18-manual-review
pep-junior-v3-s1-k03-mc-012,junior-rag-v3-1200,S1,upper,pep-junior-s1-upper-geometric-figures,几何图形初步,multiple-choice,Core,下列语句中，属于命题的是（ ）,画线段AB=3 cm | 两点之间线段最短 | 你吃饭了吗？ | 请安静！,两点之间线段最短,两点之间线段最短 | B,命题是判断一件事情的语句。选项B“两点之间线段最短”是一个判断，是命题；选项A是作图语句；选项C是疑问句；选项D是祈使句，都不是命题，故选B。,pep-junior-s1-upper-geometric-figures,pep-junior-s1-upper-paper-midterm-final-integrated,pep-junior-exam-linear-equation-inequality-models,passed,needs-review,deepseek-original-v3-1200; pending-s18-manual-review
pep-junior-v3-s1-k03-mc-013,junior-rag-v3-1200,S1,upper,pep-junior-s1-upper-geometric-figures,几何图形初步,multiple-choice,Core,已知线段AB=8 cm，点C是AB的中点，点D是CB的中点，则AD的长度为（ ）,2 cm | 4 cm | 6 cm | 8 cm,6 cm,6 cm | C,因为C是AB的中点，所以AC=CB=4 cm。D是CB的中点，所以CD=DB=2 cm。AD=AC+CD=4+2=6 cm，故选C。,pep-junior-s1-upper-geometric-figures,pep-junior-s1-upper-paper-rational-number-operations,pep-junior-exam-statistics-probability,passed,needs-review,deepseek-original-v3-1200; pending-s18-manual-review
pep-junior-v3-s1-k03-mc-014,junior-rag-v3-1200,S1,upper,pep-junior-s1-upper-geometric-figures,几何图形初步,multiple-choice,Core,下列四个图形中，能用∠1、∠AOB、∠O三种方法表示同一个角的是（ ）,以O为顶点，射线OA和射线OB组成的角 | 以O为顶点，射线OA和射线OC组成的角 | 以O为顶点，射线OB和射线OC组成的角 | 以O为顶点，射线OA、OB、OC任意两条组成的角,以O为顶点，射线OA和射线OB组成的角,以O为顶点，射线OA和射线OB组成的角 | A,只有当以O为顶点的角只有一个时，才能用∠O表示。选项A中，以O为顶点只有射线OA和OB，所以∠1、∠AOB、∠O都表示同一个角。其他选项中，以O为顶点的角不止一个，∠O不能唯一确定一个角，故选A。,pep-junior-s1-upper-geometric-figures,pep-junior-s1-upper-paper-expression-simplification,pep-junior-exam-coordinate-transformations,passed,needs-review,deepseek-original-v3-1200; pending-s18-manual-review
pep-junior-v3-s1-k03-mc-015,junior-rag-v3-1200,S1,upper,pep-junior-s1-upper-geometric-figures,几何图形初步,multiple-choice,Core,一个角的补角比它的余角的2倍大30°，则这个角为（ ）,30° | 60° | 90° | 120°,30°,30° | A,设这个角为x°，则它的补角为(180-x)°，余角为(90-x)°。根据题意，180-x=2(90-x)+30，解得x=30，所以这个角为30°，故选A。,pep-junior-s1-upper-geometric-figures,pep-junior-s1-upper-paper-linear-equation-modeling,pep-junior-exam-applied-modeling-finance-rate,passed,needs-review,deepseek-original-v3-1200; pending-s18-manual-review
pep-junior-v3-s1-k03-mc-016,junior-rag-v3-1200,S1,upper,pep-junior-s1-upper-geometric-figures,几何图形初步,multiple-choice,Core,下列几何体中，从正面看是长方形的是（ ）,圆锥 | 圆柱 | 球 | 四棱锥,圆柱,圆柱 | B,圆柱从正面看是一个长方形（当视线垂直于底面时）。圆锥从正面看是三角形，球从正面看是圆，四棱锥从正面看是三角形或四边形（取决于方向），所以选B。,pep-junior-s1-upper-geometric-figures,pep-junior-s1-upper-paper-geometric-figures,pep-junior-exam-number-sense-real-numbers,passed,needs-review,deepseek-original-v3-1200; pending-s18-manual-review
pep-junior-v3-s1-k03-mc-017,junior-rag-v3-1200,S1,upper,pep-junior-s1-upper-geometric-figures,几何图形初步,multiple-choice,Core,关于几何图形延长的说法，正确的是（ ）,延长直线AB | 延长射线OA | 延长线段AB | 射线AB和射线BA是同一条射线,延长线段AB,延长线段AB | C,直线是向两方无限延伸的，不能延长，故A错误；射线有一个端点，向一方无限延伸，也不能延长，故B错误；线段有两个端点，可以向一方或两方延长，故C正确；射线AB的端点是A，射线BA的端点是B，端点不同，不是同一条射线，故D错误。因此正确答案是C。,pep-junior-s1-upper-geometric-figures,pep-junior-s1-upper-paper-midterm-final-integrated,pep-junior-exam-linear-equation-inequality-models,passed,needs-review,deepseek-original-v3-1200; pending-s18-manual-review
pep-junior-v3-s1-k03-mc-018,junior-rag-v3-1200,S1,upper,pep-junior-s1-upper-geometric-figures,几何图形初步,multiple-choice,Core,下列立体图形中，属于四棱柱的是（ ）,长方体 | 球 | 圆柱 | 圆锥,长方体,长方体 | A,棱柱有两个面互相平行，其余各面都是四边形，并且每相邻两个四边形的公共边都互相平行。长方体满足这些条件，属于四棱柱；球是球体，圆柱和圆锥的侧面是曲面，不属于棱柱。因此正确答案是A。,pep-junior-s1-upper-geometric-figures,pep-junior-s1-upper-paper-rational-number-operations,pep-junior-exam-statistics-probability,passed,needs-review,deepseek-original-v3-1200; pending-s18-manual-review
pep-junior-v3-s1-k03-mc-019,junior-rag-v3-1200,S1,upper,pep-junior-s1-upper-geometric-figures,几何图形初步,multiple-choice,Core,用一副三角板（含30°、60°、90°和45°、45°、90°）不能画出的角度是（　）,15° | 75° | 105° | 125°,125°,125° | D,一副三角板可以画出15°的整数倍的角。15°=45°-30°，75°=30°+45°，105°=60°+45°，而125°不是15°的整数倍，因此不能画出。正确答案是D。,pep-junior-s1-upper-geometric-figures,pep-junior-s1-upper-paper-expression-simplification,pep-junior-exam-coordinate-transformations,passed,needs-review,deepseek-original-v3-1200; pending-s18-manual-review
pep-junior-v3-s1-k03-mc-020,junior-rag-v3-1200,S1,upper,pep-junior-s1-upper-geometric-figures,几何图形初步,multiple-choice,Core,已知线段AB=8 cm，点C在线段AB上，且AC=3 cm，点D是线段BC的中点，则线段AD的长为（　）,4 cm | 5 cm | 5.5 cm | 6 cm,5.5 cm,5.5 cm | C,因为AB=8 cm，AC=3 cm，所以BC=AB-AC=5 cm。点D是BC的中点，则BD=DC=2.5 cm。AD=AC+CD=3+2.5=5.5 cm。因此正确答案是C。,pep-junior-s1-upper-geometric-figures,pep-junior-s1-upper-paper-linear-equation-modeling,pep-junior-exam-applied-modeling-finance-rate,passed,needs-review,deepseek-original-v3-1200; pending-s18-manual-review
pep-junior-v3-s1-k03-mc-021,junior-rag-v3-1200,S1,upper,pep-junior-s1-upper-geometric-figures,几何图形初步,multiple-choice,Core,若∠α的补角是120°，则∠α的余角是（　）,30° | 40° | 50° | 60°,30°,30° | A,∠α的补角是120°，所以∠α=180°-120°=60°。∠α的余角为90°-60°=30°。因此正确答案是A。,pep-junior-s1-upper-geometric-figures,pep-junior-s1-upper-paper-geometric-figures,pep-junior-exam-number-sense-real-numbers,passed,needs-review,deepseek-original-v3-1200; pending-s18-manual-review
pep-junior-v3-s1-k03-mc-022,junior-rag-v3-1200,S1,upper,pep-junior-s1-upper-geometric-figures,几何图形初步,multiple-choice,Core,一个角的补角比它的余角的3倍少20°，则这个角的度数为（　）,35° | 40° | 45° | 50°,35°,35° | A,设这个角为x°，则它的补角为(180-x)°，余角为(90-x)°。根据题意得180-x=3(90-x)-20，解得x=35。因此这个角的度数为35°，正确答案是A。,pep-junior-s1-upper-geometric-figures,pep-junior-s1-upper-paper-midterm-final-integrated,pep-junior-exam-linear-equation-inequality-models,passed,needs-review,deepseek-original-v3-1200; pending-s18-manual-review
pep-junior-v3-s1-k03-fi-001,junior-rag-v3-1200,S1,upper,pep-junior-s1-upper-geometric-figures,几何图形初步,fill-in,Core,已知∠A=50°17'，则∠A的余角等于______。,,39°43',39°43' | 39度43分,余角是指两个角的和等于90°。所以∠A的余角=90°-50°17'=89°60'-50°17'=39°43'。因此答案为39°43'。,pep-junior-s1-upper-geometric-figures,pep-junior-s1-upper-paper-geometric-figures,pep-junior-exam-number-sense-real-numbers,passed,needs-review,deepseek-original-v3-1200; pending-s18-manual-review
pep-junior-v3-s1-k03-fi-002,junior-rag-v3-1200,S1,upper,pep-junior-s1-upper-geometric-figures,几何图形初步,fill-in,Core,点C是线段AB上一点，点M是AC的中点，点N是BC的中点，若AB=10 cm，则MN=______cm。,,5,5 | 5cm,因为M是AC的中点，N是BC的中点，所以MN=MC+CN=1/2AC+1/2BC=1/2(AC+BC)=1/2AB=5 cm。因此答案为5。,pep-junior-s1-upper-geometric-figures,pep-junior-s1-upper-paper-midterm-final-integrated,pep-junior-exam-linear-equation-inequality-models,passed,needs-review,deepseek-original-v3-1200; pending-s18-manual-review
pep-junior-v3-s1-k03-fi-003,junior-rag-v3-1200,S1,upper,pep-junior-s1-upper-geometric-figures,几何图形初步,fill-in,Core,一个棱柱有12个顶点，则这个棱柱是______棱柱。,,六,六 | 6,棱柱的顶点数等于底面边数的2倍。设底面边数为n，则2n=12，解得n=6，所以是六棱柱。因此答案为六。,pep-junior-s1-upper-geometric-figures,pep-junior-s1-upper-paper-rational-number-operations,pep-junior-exam-statistics-probability,passed,needs-review,deepseek-original-v3-1200; pending-s18-manual-review
pep-junior-v3-s1-k03-fi-004,junior-rag-v3-1200,S1,upper,pep-junior-s1-upper-geometric-figures,几何图形初步,fill-in,Core,已知∠α与∠β互为补角，且∠α比∠β大40°，则∠β=______°。,,70,70 | 70°,根据题意，∠α+∠β=180°，∠α=∠β+40°。代入得∠β+40°+∠β=180°，解得2∠β=140°，∠β=70°。因此答案为70。,pep-junior-s1-upper-geometric-figures,pep-junior-s1-upper-paper-expression-simplification,pep-junior-exam-coordinate-transformations,passed,needs-review,deepseek-original-v3-1200; pending-s18-manual-review
pep-junior-v3-s1-k03-fi-005,junior-rag-v3-1200,S1,upper,pep-junior-s1-upper-geometric-figures,几何图形初步,fill-in,Core,小明用一根长 24 cm 的铁丝弯成一个长方形框架，使长比宽多 2 cm。设宽为 x cm，则可列出方程：__________。,,2(x + x + 2) = 24,2(x + x + 2) = 24 | 2(2x+2)=24 | 4x+4=24 | 2x+2(x+2)=24 | 2x+2x+4=24,设宽为 x cm，则长为 (x+2) cm。长方形周长 = 2(长+宽) = 2[(x+2)+x] = 2(2x+2) = 4x+4。铁丝总长 24 cm，故 4x+4=24，即 2(x + x + 2) = 24。,pep-junior-s1-upper-geometric-figures,pep-junior-s1-upper-paper-linear-equation-modeling,pep-junior-exam-applied-modeling-finance-rate,passed,needs-review,deepseek-original-v3-1200; pending-s18-manual-review
pep-junior-v3-s1-k03-fi-006,junior-rag-v3-1200,S1,upper,pep-junior-s1-upper-geometric-figures,几何图形初步,fill-in,Core,在一条直线上顺次取 A、B、C 三点，使得 AB = 5 cm，BC = 3 cm。如果 O 是线段 AC 的中点，那么线段 OB 的长度是 __________ cm。,,1,1 | 1cm | 1 cm,根据题意，点 A、B、C 顺次在直线上，且 AB=5，BC=3，所以 AC = AB + BC = 8 cm。O 是 AC 中点，则 AO = OC = 4 cm。OB = AB - AO = 5 - 4 = 1 cm。,pep-junior-s1-upper-geometric-figures,pep-junior-s1-upper-paper-geometric-figures,pep-junior-exam-number-sense-real-numbers,passed,needs-review,deepseek-original-v3-1200; pending-s18-manual-review
pep-junior-v3-s1-k03-fi-007,junior-rag-v3-1200,S1,upper,pep-junior-s1-upper-geometric-figures,几何图形初步,fill-in,Core,某商店将进价为 80 元的商品按标价的八折出售，仍可获利 20%，则该商品的标价是 __________ 元。,,120,120 | 120元,设标价为 x 元，则售价为 0.8x 元。获利 20% 指售价是进价的 1+20%=1.2 倍，即 0.8x = 80 × 1.2 = 96，解得 x = 96 ÷ 0.8 = 120。,pep-junior-s1-upper-geometric-figures,pep-junior-s1-upper-paper-midterm-final-integrated,pep-junior-exam-linear-equation-inequality-models,passed,needs-review,deepseek-original-v3-1200; pending-s18-manual-review
pep-junior-v3-s1-k03-fi-008,junior-rag-v3-1200,S1,upper,pep-junior-s1-upper-geometric-figures,几何图形初步,fill-in,Core,一个不透明的袋子里装有 3 个红球和 5 个白球，它们除颜色外完全相同。从中任意摸出一个球，摸到红球的概率是 __________。,,3/8,3/8 | 0.375,袋中球的总数为 3+5=8 个，其中红球有 3 个。摸到红球的可能性为 3/8。,pep-junior-s1-upper-geometric-figures,pep-junior-s1-upper-paper-rational-number-operations,pep-junior-exam-statistics-probability,passed,needs-review,deepseek-original-v3-1200; pending-s18-manual-review
pep-junior-v3-s1-k03-fi-009,junior-rag-v3-1200,S1,upper,pep-junior-s1-upper-geometric-figures,几何图形初步,fill-in,Core,"在平面直角坐标系中，将点 P(-2, 3) 先向右平移 4 个单位，再向下平移 1 个单位，得到的点的坐标是 __________。",,"(2, 2)","(2, 2) | (2,2) | 2,2 | （2，2）","点 P(-2,3) 向右平移 4 个单位，横坐标加 4，得 -2+4=2；向下平移 1 个单位，纵坐标减 1，得 3-1=2。故平移后点的坐标是 (2, 2)。",pep-junior-s1-upper-geometric-figures,pep-junior-s1-upper-paper-expression-simplification,pep-junior-exam-coordinate-transformations,passed,needs-review,deepseek-original-v3-1200; pending-s18-manual-review
pep-junior-v3-s1-k03-fi-010,junior-rag-v3-1200,S1,upper,pep-junior-s1-upper-geometric-figures,几何图形初步,fill-in,Core,小明和小华从相距 1000 米的学校与图书馆同时出发，相向而行。小明每分钟走 60 米，小华每分钟走 40 米。经过 __________ 分钟后两人相遇。,,10,10 | 10分钟,两人相向而行，速度和为 60+40=100 米/分。总路程 1000 米，相遇时间 = 1000 ÷ 100 = 10 分钟。,pep-junior-s1-upper-geometric-figures,pep-junior-s1-upper-paper-linear-equation-modeling,pep-junior-exam-applied-modeling-finance-rate,passed,needs-review,deepseek-original-v3-1200; pending-s18-manual-review
pep-junior-v3-s1-k03-fi-011,junior-rag-v3-1200,S1,upper,pep-junior-s1-upper-geometric-figures,几何图形初步,fill-in,Core,已知 ∠α 的补角比它的余角的 3 倍还大 10°，则 ∠α 的度数是 __________°。,,50,50 | 50° | 50度,设 ∠α = x°，则它的补角为 180° - x°，余角为 90° - x°。根据题意，180 - x = 3(90 - x) + 10。解方程：180 - x = 270 - 3x + 10 → 180 - x = 280 - 3x → 2x = 100 → x = 50。,pep-junior-s1-upper-geometric-figures,pep-junior-s1-upper-paper-geometric-figures,pep-junior-exam-number-sense-real-numbers,passed,needs-review,deepseek-original-v3-1200; pending-s18-manual-review
pep-junior-v3-s1-k03-fi-012,junior-rag-v3-1200,S1,upper,pep-junior-s1-upper-geometric-figures,几何图形初步,fill-in,Core,某校七年级学生外出参观，如果每辆汽车坐 45 人，那么有 15 人没有座位；如果每辆汽车坐 60 人，那么空出一辆汽车。该校七年级共有 __________ 名学生。,,240,240 | 240人,设有 x 辆汽车。根据人数相等列方程：45x + 15 = 60(x - 1)。解得 45x + 15 = 60x - 60 → 15x = 75 → x = 5。人数为 45×5 + 15 = 240。,pep-junior-s1-upper-geometric-figures,pep-junior-s1-upper-paper-midterm-final-integrated,pep-junior-exam-linear-equation-inequality-models,passed,needs-review,deepseek-original-v3-1200; pending-s18-manual-review
pep-junior-v3-s1-k03-fi-013,junior-rag-v3-1200,S1,upper,pep-junior-s1-upper-geometric-figures,几何图形初步,fill-in,Core,某班 40 名学生参加环保知识竞赛，成绩均为整数，统计结果如下：90 分以上（含 90 分）的有 8 人，80～89 分的有 12 人，70～79 分的有 15 人，60～69 分的有 5 人。成绩在 80 分及以上的人数占全班总人数的百分比是 __________%。,,50,50 | 50%,80 分及以上包括 80～89 分的 12 人和 90 分以上的 8 人，共 12+8=20 人。全班 40 人，占比为 20/40 = 0.5 = 50%。,pep-junior-s1-upper-geometric-figures,pep-junior-s1-upper-paper-rational-number-operations,pep-junior-exam-statistics-probability,passed,needs-review,deepseek-original-v3-1200; pending-s18-manual-review
pep-junior-v3-s1-k03-fi-014,junior-rag-v3-1200,S1,upper,pep-junior-s1-upper-geometric-figures,几何图形初步,fill-in,Core,已知点 A 在数轴上表示的数是 -3，将点 A 先向左移动 5 个单位，再向右移动 2 个单位，最后到达的点表示的数是 __________。,,-6,-6 | 负6,从 -3 向左移动 5 个单位，得 -3 - 5 = -8；再向右移动 2 个单位，得 -8 + 2 = -6。所以最终点表示的数是 -6。,pep-junior-s1-upper-geometric-figures,pep-junior-s1-upper-paper-expression-simplification,pep-junior-exam-coordinate-transformations,passed,needs-review,deepseek-original-v3-1200; pending-s18-manual-review
pep-junior-v3-s1-k03-fi-015,junior-rag-v3-1200,S1,upper,pep-junior-s1-upper-geometric-figures,几何图形初步,fill-in,Core,把一段长为 20 cm 的细铁丝弯成一个长方形框架，使长比宽多 2 cm。设宽为 x cm，则长为 (x+2) cm，根据周长列方程得 2[x+(x+2)]=20。解得 x=______。,,4,4,解方程 2[x+(x+2)]=20，得 2(2x+2)=20，4x+4=20，4x=16，x=4。所以宽为 4 cm。,pep-junior-s1-upper-geometric-figures,pep-junior-s1-upper-paper-linear-equation-modeling,pep-junior-exam-applied-modeling-finance-rate,passed,needs-review,deepseek-original-v3-1200; pending-s18-manual-review
pep-junior-v3-s1-k03-fi-016,junior-rag-v3-1200,S1,upper,pep-junior-s1-upper-geometric-figures,几何图形初步,fill-in,Core,"已知点 A, B, C 在同一条直线上，AB=5 cm，BC=3 cm，那么 AC 的长度为______cm。",,8 或 2,8 或 2 | 2 或 8,当点 C 在点 B 的右侧时，AC=AB+BC=5+3=8 cm；当点 C 在点 B 的左侧时，AC=AB-BC=5-3=2 cm。所以 AC 的长度为 8 或 2 cm。,pep-junior-s1-upper-geometric-figures,pep-junior-s1-upper-paper-geometric-figures,pep-junior-exam-number-sense-real-numbers,passed,needs-review,deepseek-original-v3-1200; pending-s18-manual-review
pep-junior-v3-s1-k03-fi-017,junior-rag-v3-1200,S1,upper,pep-junior-s1-upper-geometric-figures,几何图形初步,fill-in,Core,一个角的补角比它的余角的 3 倍少 20°，求这个角的度数。设这个角为 x°，则它的补角为 (180-x)°，余角为 (90-x)°，根据题意列方程得 180-x=3(90-x)-20。解得 x=______。,,35,35,解方程 180-x=3(90-x)-20，180-x=270-3x-20，180-x=250-3x，移项得 -x+3x=250-180，2x=70，x=35。所以这个角为 35°。,pep-junior-s1-upper-geometric-figures,pep-junior-s1-upper-paper-midterm-final-integrated,pep-junior-exam-linear-equation-inequality-models,passed,needs-review,deepseek-original-v3-1200; pending-s18-manual-review
pep-junior-v3-s1-k03-fi-018,junior-rag-v3-1200,S1,upper,pep-junior-s1-upper-geometric-figures,几何图形初步,fill-in,Core,从正面、左面、上面观察一个由若干个小正方体搭成的几何体，看到的形状都是 2×2 的正方形网格。搭成这个几何体最少需要______个小正方体。,,4,4,要使得从三个方向看都是 2×2 的正方形，只需在底层四个角各放一个小正方体即可，此时从正面、左面、上面都能看到 2×2 的轮廓。所以最少需要 4 个小正方体。,pep-junior-s1-upper-geometric-figures,pep-junior-s1-upper-paper-rational-number-operations,pep-junior-exam-statistics-probability,passed,needs-review,deepseek-original-v3-1200; pending-s18-manual-review
pep-junior-v3-s1-k03-fi-019,junior-rag-v3-1200,S1,upper,pep-junior-s1-upper-geometric-figures,几何图形初步,fill-in,Core,点 C 在线段 AB 上，M 是 AC 的中点，N 是 BC 的中点。若 AB=10 cm，则 MN=______cm。,,5,5,因为 M 是 AC 的中点，所以 MC=AC/2；N 是 BC 的中点，所以 CN=BC/2。MN=MC+CN=(AC+BC)/2=AB/2=10/2=5 cm。,pep-junior-s1-upper-geometric-figures,pep-junior-s1-upper-paper-expression-simplification,pep-junior-exam-coordinate-transformations,passed,needs-review,deepseek-original-v3-1200; pending-s18-manual-review
pep-junior-v3-s1-k03-fi-020,junior-rag-v3-1200,S1,upper,pep-junior-s1-upper-geometric-figures,几何图形初步,fill-in,Core,某商店将进价为 80 元的一件商品按标价的八折出售，仍可获利 20 元，则该商品的标价为______元。,,125,125,设标价为 x 元，则售价为 0.8x 元。利润=售价-进价，即 0.8x-80=20，解得 0.8x=100，x=125。所以标价为 125 元。,pep-junior-s1-upper-geometric-figures,pep-junior-s1-upper-paper-linear-equation-modeling,pep-junior-exam-applied-modeling-finance-rate,passed,needs-review,deepseek-original-v3-1200; pending-s18-manual-review
pep-junior-v3-s1-k03-fi-021,junior-rag-v3-1200,S1,upper,pep-junior-s1-upper-geometric-figures,几何图形初步,fill-in,Core,已知 ∠AOB=40°，∠BOC=30°，则 ∠AOC 的度数为______。,,70° 或 10°,70° 或 10° | 10° 或 70°,当射线 OC 在 ∠AOB 外部时，∠AOC=∠AOB+∠BOC=40°+30°=70°；当射线 OC 在 ∠AOB 内部时，∠AOC=∠AOB-∠BOC=40°-30°=10°。所以 ∠AOC 的度数为 70° 或 10°。,pep-junior-s1-upper-geometric-figures,pep-junior-s1-upper-paper-geometric-figures,pep-junior-exam-number-sense-real-numbers,passed,needs-review,deepseek-original-v3-1200; pending-s18-manual-review
pep-junior-v3-s1-k03-fi-022,junior-rag-v3-1200,S1,upper,pep-junior-s1-upper-geometric-figures,几何图形初步,fill-in,Core,已知关于 x 的方程 2x-a=3 的解是 x=2，则 a 的值为______。,,1,1,把 x=2 代入方程得 2×2-a=3，即 4-a=3，解得 a=1。,pep-junior-s1-upper-geometric-figures,pep-junior-s1-upper-paper-midterm-final-integrated,pep-junior-exam-linear-equation-inequality-models,passed,needs-review,deepseek-original-v3-1200; pending-s18-manual-review
pep-junior-v3-s1-k03-sa-001,junior-rag-v3-1200,S1,upper,pep-junior-s1-upper-geometric-figures,几何图形初步,short-answer,Core,已知线段 AB=8 cm，点 C 在直线 AB 上，且 BC=3 cm，求 AC 的长。,,AC=5 cm 或 11 cm,AC=5 cm 或 11 cm | 5 cm 或 11 cm | 11 cm 或 5 cm,当点 C 在线段 AB 上时，AC=AB-BC=8-3=5 cm；当点 C 在线段 AB 的延长线上时，AC=AB+BC=8+3=11 cm。所以 AC=5 cm 或 11 cm。,pep-junior-s1-upper-geometric-figures,pep-junior-s1-upper-paper-geometric-figures,pep-junior-exam-number-sense-real-numbers,passed,needs-review,deepseek-original-v3-1200; pending-s18-manual-review
pep-junior-v3-s1-k03-sa-002,junior-rag-v3-1200,S1,upper,pep-junior-s1-upper-geometric-figures,几何图形初步,short-answer,Core,一个角的补角加上 10° 后，等于这个角的余角的 3 倍，求这个角的度数。,,40°,40° | 40,设这个角为 x°，则它的补角为 (180-x)°，余角为 (90-x)°。根据题意得 (180-x)+10=3(90-x)，即 190-x=270-3x，移项得 -x+3x=270-190，2x=80，x=40。所以这个角为 40°。,pep-junior-s1-upper-geometric-figures,pep-junior-s1-upper-paper-midterm-final-integrated,pep-junior-exam-linear-equation-inequality-models,passed,needs-review,deepseek-original-v3-1200; pending-s18-manual-review
pep-junior-v3-s1-k03-sa-003,junior-rag-v3-1200,S1,upper,pep-junior-s1-upper-geometric-figures,几何图形初步,short-answer,Core,用文字描述一个几何体：它由6个面围成，每个面都是正方形，且所有面的大小相同。这个几何体是什么？,,正方体,正方体 | 立方体,由6个完全相同的正方形面围成的几何体是正方体。,pep-junior-s1-upper-geometric-figures,pep-junior-s1-upper-paper-rational-number-operations,pep-junior-exam-statistics-probability,passed,needs-review,deepseek-original-v3-1200; pending-s18-manual-review
pep-junior-v3-s1-k03-sa-004,junior-rag-v3-1200,S1,upper,pep-junior-s1-upper-geometric-figures,几何图形初步,short-answer,Core,已知线段AB=10 cm，延长AB到点C，使BC=4 cm。若点M是线段AC的中点，求线段AM的长度。,,7 cm,7 cm | 7cm | 7厘米,AC = AB + BC = 10 cm + 4 cm = 14 cm。因为M是AC的中点，所以AM = AC ÷ 2 = 14 cm ÷ 2 = 7 cm。,pep-junior-s1-upper-geometric-figures,pep-junior-s1-upper-paper-expression-simplification,pep-junior-exam-coordinate-transformations,passed,needs-review,deepseek-original-v3-1200; pending-s18-manual-review
pep-junior-v3-s1-k03-sa-005,junior-rag-v3-1200,S1,upper,pep-junior-s1-upper-geometric-figures,几何图形初步,short-answer,Core,一个角的补角比它的余角的2倍大30°，求这个角的度数。,,30°,30° | 30度,设这个角为x°，则它的补角为(180−x)°，余角为(90−x)°。根据题意得：180−x = 2(90−x) + 30。化简得：180−x = 180−2x + 30，即−x = −2x + 30，解得x = 30°。,pep-junior-s1-upper-geometric-figures,pep-junior-s1-upper-paper-linear-equation-modeling,pep-junior-exam-applied-modeling-finance-rate,passed,needs-review,deepseek-original-v3-1200; pending-s18-manual-review
pep-junior-v3-s1-k03-sa-006,junior-rag-v3-1200,S1,upper,pep-junior-s1-upper-geometric-figures,几何图形初步,short-answer,Core,在直线l上顺次取A、B、C三点，使得AB=4 cm，BC=3 cm。如果点O是线段AC的中点，求线段OB的长度。,,0.5 cm,0.5 cm | 0.5cm | 0.5厘米,AC = AB + BC = 4 cm + 3 cm = 7 cm。因为O是AC的中点，所以AO = AC ÷ 2 = 3.5 cm。OB = AB − AO = 4 cm − 3.5 cm = 0.5 cm。,pep-junior-s1-upper-geometric-figures,pep-junior-s1-upper-paper-geometric-figures,pep-junior-exam-number-sense-real-numbers,passed,needs-review,deepseek-original-v3-1200; pending-s18-manual-review
pep-junior-v3-s1-k03-sa-007,junior-rag-v3-1200,S1,upper,pep-junior-s1-upper-geometric-figures,几何图形初步,short-answer,Core,一个角的余角与它的补角的和为180°，求这个角的度数。,,45°,45° | 45度,设这个角为x°，则它的余角为(90−x)°，补角为(180−x)°。根据题意得：(90−x) + (180−x) = 180。化简得：270 − 2x = 180，解得2x = 90，x = 45°。,pep-junior-s1-upper-geometric-figures,pep-junior-s1-upper-paper-midterm-final-integrated,pep-junior-exam-linear-equation-inequality-models,passed,needs-review,deepseek-original-v3-1200; pending-s18-manual-review
pep-junior-v3-s1-k03-sa-008,junior-rag-v3-1200,S1,upper,pep-junior-s1-upper-geometric-figures,几何图形初步,short-answer,Core,已知∠A与∠B互为补角，且∠A比∠B大40°，求∠A的度数。,,110°,110° | 110度,因为∠A与∠B互为补角，所以∠A + ∠B = 180°。又因为∠A = ∠B + 40°，代入得：(∠B + 40°) + ∠B = 180°，即2∠B = 140°，∠B = 70°。所以∠A = 70° + 40° = 110°。,pep-junior-s1-upper-geometric-figures,pep-junior-s1-upper-paper-rational-number-operations,pep-junior-exam-statistics-probability,passed,needs-review,deepseek-original-v3-1200; pending-s18-manual-review
pep-junior-v3-s1-k03-sa-009,junior-rag-v3-1200,S1,upper,pep-junior-s1-upper-geometric-figures,几何图形初步,short-answer,Core,点C在线段AB上，且AC:CB=2:3。若AB=20 cm，求AC的长度。,,8 cm,8 cm | 8cm | 8厘米,设AC=2k cm，CB=3k cm，则AB=2k+3k=5k=20 cm，解得k=4。所以AC=2×4=8 cm。,pep-junior-s1-upper-geometric-figures,pep-junior-s1-upper-paper-expression-simplification,pep-junior-exam-coordinate-transformations,passed,needs-review,deepseek-original-v3-1200; pending-s18-manual-review
pep-junior-v3-s1-k03-sa-010,junior-rag-v3-1200,S1,upper,pep-junior-s1-upper-geometric-figures,几何图形初步,short-answer,Core,一个角的补角比它的余角的2倍多10°，求这个角的度数。,,10°,10° | 10度 | 10,设这个角为x°，则它的补角为(180-x)°，余角为(90-x)°。根据题意得：180-x=2(90-x)+10。化简得180-x=190-2x，移项得x=10，所以这个角是10°。,pep-junior-s1-upper-geometric-figures,pep-junior-s1-upper-paper-linear-equation-modeling,pep-junior-exam-applied-modeling-finance-rate,passed,needs-review,deepseek-original-v3-1200; pending-s18-manual-review
pep-junior-v3-s1-k03-sa-011,junior-rag-v3-1200,S1,upper,pep-junior-s1-upper-geometric-figures,几何图形初步,short-answer,Core,已知线段AB=12 cm，点C在AB的延长线上，且BC= 1/3 AB。求线段AC的长度。,,16 cm,16 cm | 16cm | 16厘米,BC = 1/3 × AB = 1/3 × 12 cm = 4 cm。因为点C在AB的延长线上，所以AC = AB + BC = 12 cm + 4 cm = 16 cm。,pep-junior-s1-upper-geometric-figures,pep-junior-s1-upper-paper-geometric-figures,pep-junior-exam-number-sense-real-numbers,passed,needs-review,deepseek-original-v3-1200; pending-s18-manual-review
pep-junior-v3-s1-k03-sa-012,junior-rag-v3-1200,S1,upper,pep-junior-s1-upper-geometric-figures,几何图形初步,short-answer,Core,一个角的余角比它的补角的1/3还小10°，求这个角的度数。,,60°,60° | 60度,设这个角为x°，则它的余角为(90−x)°，补角为(180−x)°。根据题意得：90−x = 1/3(180−x) − 10。两边乘3得：270−3x = 180−x − 30，即270−3x = 150−x。移项得：−3x + x = 150 − 270，−2x = −120，x = 60°。,pep-junior-s1-upper-geometric-figures,pep-junior-s1-upper-paper-midterm-final-integrated,pep-junior-exam-linear-equation-inequality-models,passed,needs-review,deepseek-original-v3-1200; pending-s18-manual-review
pep-junior-v3-s1-k03-sa-013,junior-rag-v3-1200,S1,upper,pep-junior-s1-upper-geometric-figures,几何图形初步,short-answer,Core,已知线段AB的长度为8 cm，点C在直线AB上，且AC = 3 cm。求线段BC的长度。,,5 cm 或 11 cm,5 cm 或 11 cm | 5cm或11cm | 5厘米或11厘米 | 5 厘米或 11 厘米,当点C在线段AB上时，BC = AB - AC = 8 - 3 = 5 cm；当点C在线段AB的延长线上时，BC = AB + AC = 8 + 3 = 11 cm。因此线段BC的长度为5 cm 或 11 cm。,pep-junior-s1-upper-geometric-figures,pep-junior-s1-upper-paper-rational-number-operations,pep-junior-exam-statistics-probability,passed,needs-review,deepseek-original-v3-1200; pending-s18-manual-review
pep-junior-v3-s1-k03-sa-014,junior-rag-v3-1200,S1,upper,pep-junior-s1-upper-geometric-figures,几何图形初步,short-answer,Core,一个角的补角比它的余角的2倍多20°，求这个角的度数。,,20°,20° | 20度 | 20,设这个角为x°，则补角为(180-x)°，余角为(90-x)°。由题意得180-x=2(90-x)+20，即180-x=200-2x，解得x=20。所以这个角的度数为20°。,pep-junior-s1-upper-geometric-figures,pep-junior-s1-upper-paper-expression-simplification,pep-junior-exam-coordinate-transformations,passed,needs-review,deepseek-original-v3-1200; pending-s18-manual-review
pep-junior-v3-s1-k03-sa-015,junior-rag-v3-1200,S1,upper,pep-junior-s1-upper-geometric-figures,几何图形初步,short-answer,Core,用一根长24 cm的铁丝围成一个长方形，使长比宽的2倍少3 cm，求长方形的面积。,,35 cm²,35 cm² | 35平方厘米 | 35,设宽为x cm，则长为(2x - 3) cm。周长2(x + 2x - 3) = 24，化简得2(3x - 3) = 24，6x - 6 = 24，6x = 30，x = 5。宽为5 cm，长为2×5 - 3 = 7 cm。面积 = 5 × 7 = 35 cm²。,pep-junior-s1-upper-geometric-figures,pep-junior-s1-upper-paper-linear-equation-modeling,pep-junior-exam-applied-modeling-finance-rate,passed,needs-review,deepseek-original-v3-1200; pending-s18-manual-review
pep-junior-v3-s1-k03-sa-016,junior-rag-v3-1200,S1,upper,pep-junior-s1-upper-geometric-figures,几何图形初步,short-answer,Core,一个正方体有8个顶点，经过每个顶点有几条棱？这些棱的条数之和是多少？,,3条；24条,"3条；24条 | 3条,24条 | 3条 24条",正方体每个顶点处有3条棱相交。共有8个顶点，若直接相乘得3×8=24条，但每条棱被两个顶点计算，所以实际棱数为24÷2=12条。但题目问的是“经过每个顶点的棱的条数”和“这些棱的条数之和”，即每个顶点处棱的条数是3条，所有顶点的棱条数之和为3×8=24条。因此答案为3条；24条。,pep-junior-s1-upper-geometric-figures,pep-junior-s1-upper-paper-geometric-figures,pep-junior-exam-number-sense-real-numbers,passed,needs-review,deepseek-original-v3-1200; pending-s18-manual-review
pep-junior-v3-s1-k03-sa-017,junior-rag-v3-1200,S1,upper,pep-junior-s1-upper-geometric-figures,几何图形初步,short-answer,Core,已知∠AOB = 70°，∠BOC = 30°，OM平分∠AOB，ON平分∠BOC。求∠MON的度数。,,50° 或 20°,50° 或 20° | 50度或20度 | 50或20,当OC在∠AOB内部时，∠AOC = 70° - 30° = 40°。OM平分∠AOB得∠AOM = 35°，ON平分∠BOC得∠BON = 15°。∠MON = ∠AOM - ∠AON？更直接：∠MON = ∠MOB + ∠BON = 35° + 15° = 50°？不对，当OC在内部时，∠MON = ∠MOB - ∠NOB = 35° - 15° = 20°。当OC在∠AOB外部时，∠AOC = 70° + 30° = 100°，∠MON = ∠MOB + ∠BON = 35° + 15° = 50°。所以∠MON的度数为50° 或 20°。,pep-junior-s1-upper-geometric-figures,pep-junior-s1-upper-paper-midterm-final-integrated,pep-junior-exam-linear-equation-inequality-models,passed,needs-review,deepseek-original-v3-1200; pending-s18-manual-review
pep-junior-v3-s1-k03-sa-018,junior-rag-v3-1200,S1,upper,pep-junior-s1-upper-geometric-figures,几何图形初步,short-answer,Core,在数轴上，点A表示-3，点B表示5。一只蚂蚁从点A出发，以每秒2个单位长度的速度向右爬行，同时另一只蚂蚁从点B出发，以每秒1个单位长度的速度向左爬行。几秒后两只蚂蚁相遇？相遇点表示的数是多少？,,8/3秒；7/3,"8/3秒；7/3 | 8/3秒,7/3 | 8/3秒 7/3",设t秒后相遇，则从A出发的蚂蚁向右爬行2t个单位，到达-3 + 2t；从B出发的蚂蚁向左爬行t个单位，到达5 - t。相遇时位置相同：-3 + 2t = 5 - t，解得3t = 8，t = 8/3秒。相遇点表示的数为-3 + 2×(8/3) = -3 + 16/3 = 7/3。所以答案为8/3秒；7/3。,pep-junior-s1-upper-geometric-figures,pep-junior-s1-upper-paper-rational-number-operations,pep-junior-exam-statistics-probability,passed,needs-review,deepseek-original-v3-1200; pending-s18-manual-review
pep-junior-v3-s1-k03-sa-019,junior-rag-v3-1200,S1,upper,pep-junior-s1-upper-geometric-figures,几何图形初步,short-answer,Core,一个多项式加上-2x² + 3x - 5得到x² - 2x + 1，求这个多项式。,,3x² - 5x + 6,3x² - 5x + 6 | 3x^2-5x+6,设所求多项式为A，则A + (-2x² + 3x - 5) = x² - 2x + 1。所以A = (x² - 2x + 1) - (-2x² + 3x - 5) = x² - 2x + 1 + 2x² - 3x + 5 = 3x² - 5x + 6。,pep-junior-s1-upper-geometric-figures,pep-junior-s1-upper-paper-expression-simplification,pep-junior-exam-coordinate-transformations,passed,needs-review,deepseek-original-v3-1200; pending-s18-manual-review
pep-junior-v3-s1-k03-sa-020,junior-rag-v3-1200,S1,upper,pep-junior-s1-upper-geometric-figures,几何图形初步,short-answer,Core,某商店将进价为每件40元的商品按每件60元出售，每天可售出100件。经过市场调查发现，这种商品每降价1元，每天的销售量可增加10件。为了每天盈利2240元，应将售价定为每件多少元？,,56元或54元,56元或54元 | 56或54 | 56元或54,设降价x元，则售价为(60 - x)元，每件利润为(60 - x - 40) = (20 - x)元，销量为(100 + 10x)件。总利润为(20 - x)(100 + 10x) = 2240。展开得2000 + 200x - 100x - 10x² = 2240，即-10x² + 100x + 2000 = 2240，整理得-10x² + 100x - 240 = 0，两边除以-10得x² - 10x + 24 = 0，解得x = 4或x = 6。售价为60 - 4 = 56元或60 - 6 = 54元。所以应将售价定为每件56元或54元。,pep-junior-s1-upper-geometric-figures,pep-junior-s1-upper-paper-linear-equation-modeling,pep-junior-exam-applied-modeling-finance-rate,passed,needs-review,deepseek-original-v3-1200; pending-s18-manual-review
pep-junior-v3-s1-k03-sa-021,junior-rag-v3-1200,S1,upper,pep-junior-s1-upper-geometric-figures,几何图形初步,short-answer,Core,一个几何体由几个大小相同的小立方块搭成，从上面看得到的形状图是3×3的网格，每个位置上的数字表示该位置小立方块的个数，具体数字如下：第一行从左到右依次为1、2、1，第二行从左到右依次为2、3、2，第三行从左到右依次为1、2、1。请画出从正面看和从左面看得到的形状图。,,从正面看：第一列3个，第二列2个，第三列1个；从左面看：第一列3个，第二列2个，第三列2个。,"从正面看：第一列3个，第二列2个，第三列1个；从左面看：第一列3个，第二列2个，第三列2个。 | 正面：3,2,1；左面：3,2,2 | 正面3-2-1，左面3-2-2","根据俯视图数字，第一行1,2,1表示最左列最高1个，中间列最高2个，最右列最高1个；第二行2,3,2表示最左列最高2个，中间列最高3个，最右列最高2个；第三行1,2,1同理。综合各列最高值：从正面看，最左列最高3个（第二行中间列3），中间列最高2个（第二行左列2或右列2），最右列最高1个（第一行右列1），所以正面图为3,2,1。从左面看，最左列最高3个（第二行中间列3），中间列最高2个（第二行左列2），最右列最高2个（第二行右列2），所以左面图为3,2,2。",pep-junior-s1-upper-geometric-figures,pep-junior-s1-upper-paper-geometric-figures,pep-junior-exam-number-sense-real-numbers,passed,needs-review,deepseek-original-v3-1200; pending-s18-manual-review
pep-junior-v3-s1-k03-sa-022,junior-rag-v3-1200,S1,upper,pep-junior-s1-upper-geometric-figures,几何图形初步,short-answer,Core,已知点C在线段AB上，点M、N分别是AC、BC的中点。若AB = 12 cm，求MN的长度。,,6 cm,6 cm | 6厘米 | 6,设AC = a，BC = b，则a + b = AB = 12 cm。M为AC中点，则MC = a/2；N为BC中点，则CN = b/2。MN = MC + CN = a/2 + b/2 = (a + b)/2 = 12/2 = 6 cm。所以MN的长度为6 cm。,pep-junior-s1-upper-geometric-figures,pep-junior-s1-upper-paper-midterm-final-integrated,pep-junior-exam-linear-equation-inequality-models,passed,needs-review,deepseek-original-v3-1200; pending-s18-manual-review
pep-junior-v3-s1-k04-mc-001,junior-rag-v3-1200,S1,lower,pep-junior-s1-lower-lines-coordinates,相交线、平行线与平面直角坐标系,multiple-choice,Core,"在平面直角坐标系中，点P的坐标是(-3, 5)。若将点P向右平移4个单位，再向下平移2个单位，则平移后点P的坐标是（ ）。","(1, 3) | (-7, 7) | (1, 7) | (-7, 3)","(1, 3)","(1, 3) | (1,3) | （1,3） | 1,3","点P(-3,5)向右平移4个单位，横坐标加4：-3+4=1；向下平移2个单位，纵坐标减2：5-2=3。所以平移后坐标为(1, 3)。",pep-junior-s1-lower-lines-coordinates,pep-junior-s1-lower-paper-coordinate-plane,pep-junior-exam-coordinate-transformations,passed,needs-review,deepseek-original-v3-1200; pending-s18-manual-review
pep-junior-v3-s1-k04-mc-002,junior-rag-v3-1200,S1,lower,pep-junior-s1-lower-lines-coordinates,相交线、平行线与平面直角坐标系,multiple-choice,Core,下列各点中，位于第二象限的是（ ）。,"(4, -2) | (-5, -3) | (-1, 6) | (3, 0)","(-1, 6)","(-1, 6) | (-1,6) | （-1,6） | -1,6","第二象限的点横坐标为负，纵坐标为正。选项(-1, 6)的横坐标为负，纵坐标为正，符合第二象限特征。",pep-junior-s1-lower-lines-coordinates,pep-junior-s1-lower-paper-lines-parallel-angles,pep-junior-exam-number-sense-real-numbers,passed,needs-review,deepseek-original-v3-1200; pending-s18-manual-review
pep-junior-v3-s1-k04-mc-003,junior-rag-v3-1200,S1,lower,pep-junior-s1-lower-lines-coordinates,相交线、平行线与平面直角坐标系,multiple-choice,Core,"已知点A(a, b)在第三象限，则点B(-a, b-2)在（ ）。",第一象限 | 第二象限 | 第三象限 | 第四象限,第四象限,第四象限,点A在第三象限，则a<0，b<0。所以-a>0，b-2<0。点B的横坐标为正，纵坐标为负，位于第四象限。,pep-junior-s1-lower-lines-coordinates,pep-junior-s1-lower-paper-midterm-final-integrated,pep-junior-exam-linear-equation-inequality-models,passed,needs-review,deepseek-original-v3-1200; pending-s18-manual-review
pep-junior-v3-s1-k04-mc-004,junior-rag-v3-1200,S1,lower,pep-junior-s1-lower-lines-coordinates,相交线、平行线与平面直角坐标系,multiple-choice,Core,"在平面直角坐标系中，线段AB的两个端点坐标分别为A(2, -1)和B(2, 4)。将线段AB向左平移3个单位，则平移后线段AB的中点坐标是（ ）。","(-1, 1.5) | (5, 1.5) | (-1, -4) | (5, -4)","(-1, 1.5)","(-1, 1.5) | (-1,1.5) | （-1,1.5） | -1,1.5","原中点坐标为((2+2)/2, (-1+4)/2) = (2, 1.5)。向左平移3个单位，横坐标减3：2-3=-1，纵坐标不变，所以平移后中点坐标为(-1, 1.5)。",pep-junior-s1-lower-lines-coordinates,pep-junior-s1-lower-paper-real-numbers,pep-junior-exam-statistics-probability,passed,needs-review,deepseek-original-v3-1200; pending-s18-manual-review
pep-junior-v3-s1-k04-mc-005,junior-rag-v3-1200,S1,lower,pep-junior-s1-lower-lines-coordinates,相交线、平行线与平面直角坐标系,multiple-choice,Core,"若点M(m+1, 2m-3)在x轴上，则m的值为（ ）。",-1 | 1.5 | 2 | 0.5,1.5,1.5 | 3/2,x轴上的点纵坐标为0，所以2m-3=0，解得m=1.5。,pep-junior-s1-lower-lines-coordinates,pep-junior-s1-lower-paper-linear-systems,pep-junior-exam-applied-modeling-finance-rate,passed,needs-review,deepseek-original-v3-1200; pending-s18-manual-review
pep-junior-v3-s1-k04-mc-006,junior-rag-v3-1200,S1,lower,pep-junior-s1-lower-lines-coordinates,相交线、平行线与平面直角坐标系,multiple-choice,Core,"在平面直角坐标系中，点P(2, -3)关于x轴的对称点的坐标是（ ）。","(2, 3) | (-2, -3) | (-2, 3) | (2, -3)","(2, 3)","(2, 3) | (2,3) | （2,3） | 2,3","关于x轴对称的点，横坐标不变，纵坐标互为相反数。所以点P(2, -3)关于x轴的对称点为(2, 3)。",pep-junior-s1-lower-lines-coordinates,pep-junior-s1-lower-paper-inequalities,pep-junior-exam-coordinate-transformations,passed,needs-review,deepseek-original-v3-1200; pending-s18-manual-review
pep-junior-v3-s1-k04-mc-007,junior-rag-v3-1200,S1,lower,pep-junior-s1-lower-lines-coordinates,相交线、平行线与平面直角坐标系,multiple-choice,Core,已知点P到x轴的距离为3，到y轴的距离为2，且点P在第四象限，则点P的坐标是（ ）。,"(2, -3) | (-2, 3) | (3, -2) | (-3, 2)","(2, -3)","(2, -3) | (2,-3) | （2,-3） | 2,-3","点到x轴的距离为|y|，到y轴的距离为|x|。第四象限的点横坐标为正，纵坐标为负。所以|x|=2得x=2，|y|=3得y=-3，坐标为(2, -3)。",pep-junior-s1-lower-lines-coordinates,pep-junior-s1-lower-paper-data-collection,pep-junior-exam-number-sense-real-numbers,passed,needs-review,deepseek-original-v3-1200; pending-s18-manual-review
pep-junior-v3-s1-k04-mc-008,junior-rag-v3-1200,S1,lower,pep-junior-s1-lower-lines-coordinates,相交线、平行线与平面直角坐标系,multiple-choice,Core,"在平面直角坐标系中，将点A(-1, 4)先向右平移2个单位，再向上平移1个单位得到点A'，则点A'的坐标是（ ）。","(1, 5) | (-3, 3) | (1, 3) | (-3, 5)","(1, 5)","(1, 5) | (1,5) | （1,5） | 1,5","向右平移2个单位，横坐标加2：-1+2=1；向上平移1个单位，纵坐标加1：4+1=5。所以A'坐标为(1, 5)。",pep-junior-s1-lower-lines-coordinates,pep-junior-s1-lower-paper-coordinate-plane,pep-junior-exam-linear-equation-inequality-models,passed,needs-review,deepseek-original-v3-1200; pending-s18-manual-review
pep-junior-v3-s1-k04-mc-009,junior-rag-v3-1200,S1,lower,pep-junior-s1-lower-lines-coordinates,相交线、平行线与平面直角坐标系,multiple-choice,Core,"若点P(a, b)满足ab>0，且a+b<0，则点P在（ ）。",第一象限 | 第二象限 | 第三象限 | 第四象限,第三象限,第三象限,ab>0说明a、b同号，a+b<0说明a、b均为负数。所以点P的横纵坐标均为负，位于第三象限。,pep-junior-s1-lower-lines-coordinates,pep-junior-s1-lower-paper-lines-parallel-angles,pep-junior-exam-statistics-probability,passed,needs-review,deepseek-original-v3-1200; pending-s18-manual-review
pep-junior-v3-s1-k04-mc-010,junior-rag-v3-1200,S1,lower,pep-junior-s1-lower-lines-coordinates,相交线、平行线与平面直角坐标系,multiple-choice,Core,"在平面直角坐标系中，点A(-2, 3)和点B(4, -1)之间的距离是（ ）。",2√13 | √13 | 3√5 | √5,2√13,2√13 | 2倍根号13 | 2根号13,根据两点距离公式，AB=√[(4-(-2))²+(-1-3)²]=√(6²+(-4)²)=√(36+16)=√52=2√13。,pep-junior-s1-lower-lines-coordinates,pep-junior-s1-lower-paper-midterm-final-integrated,pep-junior-exam-applied-modeling-finance-rate,passed,needs-review,deepseek-original-v3-1200; pending-s18-manual-review
pep-junior-v3-s1-k04-mc-011,junior-rag-v3-1200,S1,lower,pep-junior-s1-lower-lines-coordinates,相交线、平行线与平面直角坐标系,multiple-choice,Core,"在平面直角坐标系中，点A的坐标是(-3, 5)。现将点A先向右平移4个单位，再向下平移2个单位，得到点B。点B所在的象限是（ ）。",第一象限 | 第二象限 | 第三象限 | 第四象限,第一象限,第一象限,"点A(-3,5)向右平移4个单位，横坐标变为-3+4=1；再向下平移2个单位，纵坐标变为5-2=3。得到点B(1,3)，横纵坐标均为正，所以点B在第一象限。",pep-junior-s1-lower-lines-coordinates,pep-junior-s1-lower-paper-real-numbers,pep-junior-exam-coordinate-transformations,passed,needs-review,deepseek-original-v3-1200; pending-s18-manual-review
pep-junior-v3-s1-k04-mc-012,junior-rag-v3-1200,S1,lower,pep-junior-s1-lower-lines-coordinates,相交线、平行线与平面直角坐标系,multiple-choice,Core,已知直线a∥b，直线c与a、b分别相交于点A、B。若∠1=55°，∠1与∠2是同位角，则∠2的度数为（ ）。,55° | 125° | 35° | 无法确定,55°,55° | 55度,因为a∥b，且∠1与∠2是同位角，根据平行线的性质，同位角相等，所以∠2=∠1=55°。,pep-junior-s1-lower-lines-coordinates,pep-junior-s1-lower-paper-linear-systems,pep-junior-exam-number-sense-real-numbers,passed,needs-review,deepseek-original-v3-1200; pending-s18-manual-review
pep-junior-v3-s1-k04-mc-013,junior-rag-v3-1200,S1,lower,pep-junior-s1-lower-lines-coordinates,相交线、平行线与平面直角坐标系,multiple-choice,Core,小明用40元买了笔记本和签字笔共10件，笔记本每本5元，签字笔每支3元。设笔记本买了x本，签字笔买了y支，可列方程组为（ ）。,"{x+y=10, 5x+3y=40} | {x+y=40, 5x+3y=10} | {x+y=10, 3x+5y=40} | {x+y=40, 3x+5y=10}","{x+y=10, 5x+3y=40}","{x+y=10, 5x+3y=40}","笔记本和签字笔总数为10，所以x+y=10；总花费40元，笔记本单价5元，签字笔单价3元，所以5x+3y=40。因此方程组为{x+y=10, 5x+3y=40}。",pep-junior-s1-lower-lines-coordinates,pep-junior-s1-lower-paper-inequalities,pep-junior-exam-linear-equation-inequality-models,passed,needs-review,deepseek-original-v3-1200; pending-s18-manual-review
pep-junior-v3-s1-k04-mc-014,junior-rag-v3-1200,S1,lower,pep-junior-s1-lower-lines-coordinates,相交线、平行线与平面直角坐标系,multiple-choice,Core,为了解全校800名学生每天完成家庭作业的时间，随机抽取了50名学生进行调查。下列说法正确的是（ ）。,总体是800名学生 | 样本是50名学生 | 个体是每名学生每天完成作业的时间 | 样本容量是50,样本容量是50,样本容量是50,总体是全校800名学生每天完成作业的时间；样本是抽取的50名学生每天完成作业的时间；个体是每名学生每天完成作业的时间；样本容量是50，不带单位。因此“样本容量是50”正确。,pep-junior-s1-lower-lines-coordinates,pep-junior-s1-lower-paper-data-collection,pep-junior-exam-statistics-probability,passed,needs-review,deepseek-original-v3-1200; pending-s18-manual-review
pep-junior-v3-s1-k04-mc-015,junior-rag-v3-1200,S1,lower,pep-junior-s1-lower-lines-coordinates,相交线、平行线与平面直角坐标系,multiple-choice,Core,"在平面直角坐标系中，点P(m, n)在第二象限，则点Q(-m, n)在（ ）。",第一象限 | 第二象限 | 第三象限 | 第四象限,第一象限,第一象限,点P在第二象限，则m<0，n>0。点Q的横坐标为-m>0，纵坐标为n>0，因此点Q在第一象限。,pep-junior-s1-lower-lines-coordinates,pep-junior-s1-lower-paper-coordinate-plane,pep-junior-exam-applied-modeling-finance-rate,passed,needs-review,deepseek-original-v3-1200; pending-s18-manual-review
pep-junior-v3-s1-k04-mc-016,junior-rag-v3-1200,S1,lower,pep-junior-s1-lower-lines-coordinates,相交线、平行线与平面直角坐标系,multiple-choice,Core,直线AB、CD相交于点O，OE平分∠AOC。若∠AOD=130°，则∠COE的度数为（ ）。,25° | 30° | 35° | 40°,25°,25° | 25度,因为∠AOD与∠AOC互为邻补角，∠AOD=130°，所以∠AOC=180°-130°=50°。OE平分∠AOC，所以∠COE=½×50°=25°。,pep-junior-s1-lower-lines-coordinates,pep-junior-s1-lower-paper-lines-parallel-angles,pep-junior-exam-coordinate-transformations,passed,needs-review,deepseek-original-v3-1200; pending-s18-manual-review
pep-junior-v3-s1-k04-mc-017,junior-rag-v3-1200,S1,lower,pep-junior-s1-lower-lines-coordinates,相交线、平行线与平面直角坐标系,multiple-choice,Core,下列各数中，比-1小的数是（ ）。,-√2 | 0 | 1/2 | -0.5,-√2,-√2 | 负根号2,√2≈1.414，所以-√2≈-1.414，比-1小。0、1/2、-0.5都大于-1。因此比-1小的数是-√2。,pep-junior-s1-lower-lines-coordinates,pep-junior-s1-lower-paper-midterm-final-integrated,pep-junior-exam-number-sense-real-numbers,passed,needs-review,deepseek-original-v3-1200; pending-s18-manual-review
pep-junior-v3-s1-k04-mc-018,junior-rag-v3-1200,S1,lower,pep-junior-s1-lower-lines-coordinates,相交线、平行线与平面直角坐标系,multiple-choice,Core,某校组织七年级学生春游，若租用45座客车，则有15人没有座位；若租用同样数量的60座客车，则多出一辆车，且其余车刚好坐满。设租用45座客车x辆，则学生总人数可表示为（ ）。,45x+15 | 60(x-1) | 45x-15 | 60x+15,45x+15,45x+15,租用x辆45座客车，有15人无座，总人数为45x+15。若租用60座客车，数量为(x-1)辆且坐满，总人数为60(x-1)。两者相等，但题目要求表示为45x+15。,pep-junior-s1-lower-lines-coordinates,pep-junior-s1-lower-paper-real-numbers,pep-junior-exam-linear-equation-inequality-models,passed,needs-review,deepseek-original-v3-1200; pending-s18-manual-review
pep-junior-v3-s1-k04-mc-019,junior-rag-v3-1200,S1,lower,pep-junior-s1-lower-lines-coordinates,相交线、平行线与平面直角坐标系,multiple-choice,Core,一个不透明的袋子中装有3个红球和2个白球，每个球除颜色外都相同。从中任意摸出一个球，摸到红球的概率是（ ）。,3/5 | 2/5 | 1/2 | 3/2,3/5,3/5 | 五分之三,总球数为5个，红球有3个，所以摸到红球的概率为3/5。,pep-junior-s1-lower-lines-coordinates,pep-junior-s1-lower-paper-linear-systems,pep-junior-exam-statistics-probability,passed,needs-review,deepseek-original-v3-1200; pending-s18-manual-review
pep-junior-v3-s1-k04-mc-020,junior-rag-v3-1200,S1,lower,pep-junior-s1-lower-lines-coordinates,相交线、平行线与平面直角坐标系,multiple-choice,Core,某商店开展促销活动，一种商品按标价的八折出售，仍可获利20%。若该商品的进价为80元，则标价为（ ）元。,100 | 120 | 125 | 150,120,120 | 120元,设标价为x元，八折售价为0.8x元。获利20%即售价=进价×(1+20%)=80×1.2=96元。所以0.8x=96，解得x=120。因此标价为120元。,pep-junior-s1-lower-lines-coordinates,pep-junior-s1-lower-paper-inequalities,pep-junior-exam-applied-modeling-finance-rate,passed,needs-review,deepseek-original-v3-1200; pending-s18-manual-review
pep-junior-v3-s1-k04-mc-021,junior-rag-v3-1200,S1,lower,pep-junior-s1-lower-lines-coordinates,相交线、平行线与平面直角坐标系,multiple-choice,Core,"在平面直角坐标系中，点A的坐标为(-3, 4)。现将点A先向右平移5个单位，再向下平移2个单位得到点A'。点A'所在的象限是（ ）。",第一象限 | 第二象限 | 第三象限 | 第四象限,第一象限,第一象限,"点A(-3,4)向右平移5个单位，横坐标加5得2；向下平移2个单位，纵坐标减2得2，所以A'的坐标为(2,2)。横坐标和纵坐标都为正，因此点A'在第一象限。",pep-junior-s1-lower-lines-coordinates,pep-junior-s1-lower-paper-data-collection,pep-junior-exam-coordinate-transformations,passed,needs-review,deepseek-original-v3-1200; pending-s18-manual-review
pep-junior-v3-s1-k04-mc-022,junior-rag-v3-1200,S1,lower,pep-junior-s1-lower-lines-coordinates,相交线、平行线与平面直角坐标系,multiple-choice,Core,在平面直角坐标系中，点P在x轴上，且到原点的距离为3。若点P在y轴左侧，则点P的坐标是（ ）。,"(3,0) | (-3,0) | (0,3) | (0,-3)","(-3,0)","(-3,0)","点P在x轴上，纵坐标为0；到原点的距离为3，横坐标的绝对值为3。在y轴左侧，横坐标为负，所以点P的坐标是(-3,0)。",pep-junior-s1-lower-lines-coordinates,pep-junior-s1-lower-paper-coordinate-plane,pep-junior-exam-number-sense-real-numbers,passed,needs-review,deepseek-original-v3-1200; pending-s18-manual-review
pep-junior-v3-s1-k04-mc-023,junior-rag-v3-1200,S1,lower,pep-junior-s1-lower-lines-coordinates,相交线、平行线与平面直角坐标系,multiple-choice,Core,直线a∥b，直线c与a、b分别交于点A、B。若∠1和∠2是一对同旁内角，且∠1=55°，则∠2的度数为（ ）。,55° | 125° | 135° | 145°,125°,125°,因为a∥b，且∠1和∠2是同旁内角，根据平行线性质，同旁内角互补，所以∠2=180°-55°=125°。,pep-junior-s1-lower-lines-coordinates,pep-junior-s1-lower-paper-lines-parallel-angles,pep-junior-exam-linear-equation-inequality-models,passed,needs-review,deepseek-original-v3-1200; pending-s18-manual-review
pep-junior-v3-s1-k04-mc-024,junior-rag-v3-1200,S1,lower,pep-junior-s1-lower-lines-coordinates,相交线、平行线与平面直角坐标系,multiple-choice,Core,为了解七年级学生每天完成家庭作业的时间，学校随机抽取了200名学生进行调查。下列说法正确的是（ ）。,总体是七年级全体学生 | 个体是每名七年级学生 | 样本是200名学生 | 样本容量是200,样本容量是200,样本容量是200,总体是七年级全体学生每天完成家庭作业的时间，个体是每名七年级学生每天完成家庭作业的时间，样本是200名学生每天完成家庭作业的时间，样本容量是200。,pep-junior-s1-lower-lines-coordinates,pep-junior-s1-lower-paper-midterm-final-integrated,pep-junior-exam-statistics-probability,passed,needs-review,deepseek-original-v3-1200; pending-s18-manual-review
pep-junior-v3-s1-k04-mc-025,junior-rag-v3-1200,S1,lower,pep-junior-s1-lower-lines-coordinates,相交线、平行线与平面直角坐标系,multiple-choice,Core,小华带了50元去文具店买笔记本，每本笔记本3元。若他买了x本笔记本，剩余的钱不少于5元，则可列不等式为（ ）。,3x ≤ 50 | 3x ≥ 50 | 50 - 3x ≥ 5 | 50 - 3x ≤ 5,50 - 3x ≥ 5,50 - 3x ≥ 5,买x本笔记本花费3x元，剩余的钱为50-3x元。剩余的钱不少于5元，即50-3x ≥ 5。,pep-junior-s1-lower-lines-coordinates,pep-junior-s1-lower-paper-real-numbers,pep-junior-exam-applied-modeling-finance-rate,passed,needs-review,deepseek-original-v3-1200; pending-s18-manual-review
pep-junior-v3-s1-k04-mc-026,junior-rag-v3-1200,S1,lower,pep-junior-s1-lower-lines-coordinates,相交线、平行线与平面直角坐标系,multiple-choice,Core,"在平面直角坐标系中，将点M(2,-1)绕原点顺时针旋转90°得到点N，则点N的坐标是（ ）。","(-1,-2) | (1,2) | (-1,2) | (1,-2)","(-1,2)","(-1,2)","点M(2,-1)绕原点顺时针旋转90°，根据旋转规律，横坐标变为原纵坐标的相反数，纵坐标变为原横坐标的相反数，即(-1,2)。",pep-junior-s1-lower-lines-coordinates,pep-junior-s1-lower-paper-linear-systems,pep-junior-exam-coordinate-transformations,passed,needs-review,deepseek-original-v3-1200; pending-s18-manual-review
pep-junior-v3-s1-k04-mc-027,junior-rag-v3-1200,S1,lower,pep-junior-s1-lower-lines-coordinates,相交线、平行线与平面直角坐标系,multiple-choice,Core,下列各数中，比-2小的数是（ ）。,-√2 | -√3 | -√4 | -√5,-√5,-√5,-√4=-2，-√5≈-2.236，比-2小。因为负数绝对值越大反而越小，√5>2，所以-√5<-2。,pep-junior-s1-lower-lines-coordinates,pep-junior-s1-lower-paper-inequalities,pep-junior-exam-number-sense-real-numbers,passed,needs-review,deepseek-original-v3-1200; pending-s18-manual-review
pep-junior-v3-s1-k04-mc-028,junior-rag-v3-1200,S1,lower,pep-junior-s1-lower-lines-coordinates,相交线、平行线与平面直角坐标系,multiple-choice,Core,某校七年级有800名学生，为了解学生最喜爱的运动项目，抽取了100名学生进行问卷调查。在这个问题中，样本是指（ ）。,800名学生 | 100名学生 | 100名学生的问卷调查结果 | 100,100名学生的问卷调查结果,100名学生的问卷调查结果,样本是从总体中抽取的一部分个体，这里抽取了100名学生进行问卷调查，样本是这100名学生的问卷调查结果。,pep-junior-s1-lower-lines-coordinates,pep-junior-s1-lower-paper-data-collection,pep-junior-exam-linear-equation-inequality-models,passed,needs-review,deepseek-original-v3-1200; pending-s18-manual-review
pep-junior-v3-s1-k04-mc-029,junior-rag-v3-1200,S1,lower,pep-junior-s1-lower-lines-coordinates,相交线、平行线与平面直角坐标系,multiple-choice,Core,"在平面直角坐标系中，点A的坐标是(3,-4)，点B与点A关于x轴对称，则点B的坐标是（ ）。","(3,4) | (-3,-4) | (-3,4) | (3,-4)","(3,4)","(3,4)","关于x轴对称的点，横坐标相同，纵坐标互为相反数。点A(3,-4)关于x轴对称的点B的坐标为(3,4)。",pep-junior-s1-lower-lines-coordinates,pep-junior-s1-lower-paper-coordinate-plane,pep-junior-exam-statistics-probability,passed,needs-review,deepseek-original-v3-1200; pending-s18-manual-review
pep-junior-v3-s1-k04-mc-030,junior-rag-v3-1200,S1,lower,pep-junior-s1-lower-lines-coordinates,相交线、平行线与平面直角坐标系,multiple-choice,Core,某商店促销，购买商品满100元立减20元。小丽购买了一件原价x元的商品，实际支付了80元。根据题意，可列方程为（ ）。,x - 20 = 80 | x = 80 | x + 20 = 80 | x - 80 = 20,x - 20 = 80,x - 20 = 80,满100元立减20元，实际支付80元，说明原价x元满足x-20=80，解得x=100，符合满减条件。,pep-junior-s1-lower-lines-coordinates,pep-junior-s1-lower-paper-lines-parallel-angles,pep-junior-exam-applied-modeling-finance-rate,passed,needs-review,deepseek-original-v3-1200; pending-s18-manual-review
pep-junior-v3-s1-k04-mc-031,junior-rag-v3-1200,S1,lower,pep-junior-s1-lower-lines-coordinates,相交线、平行线与平面直角坐标系,multiple-choice,Core,"在平面直角坐标系中，点P的坐标是(-3, 5)。现将点P向右平移4个单位，再向下平移2个单位，得到点Q。点Q所在的象限是（ ）。",第一象限 | 第二象限 | 第三象限 | 第四象限,第一象限,第一象限,"点P(-3,5)向右平移4个单位，横坐标加4，得-3+4=1；向下平移2个单位，纵坐标减2，得5-2=3。所以点Q的坐标是(1,3)。由于横坐标1>0，纵坐标3>0，点Q在第一象限。故答案为第一象限。",pep-junior-s1-lower-lines-coordinates,pep-junior-s1-lower-paper-midterm-final-integrated,pep-junior-exam-coordinate-transformations,passed,needs-review,deepseek-original-v3-1200; pending-s18-manual-review
pep-junior-v3-s1-k04-mc-032,junior-rag-v3-1200,S1,lower,pep-junior-s1-lower-lines-coordinates,相交线、平行线与平面直角坐标系,multiple-choice,Core,直线AB与CD相交于点O，OE平分∠AOD。若∠BOC=50°，则∠AOE的度数为（ ）。,25° | 50° | 65° | 130°,25°,25° | 25度,直线AB与CD相交，∠BOC与∠AOD是对顶角，所以∠AOD=∠BOC=50°。OE平分∠AOD，则∠AOE=1/2×∠AOD=1/2×50°=25°。,pep-junior-s1-lower-lines-coordinates,pep-junior-s1-lower-paper-real-numbers,pep-junior-exam-number-sense-real-numbers,passed,needs-review,deepseek-original-v3-1200; pending-s18-manual-review
pep-junior-v3-s1-k04-mc-033,junior-rag-v3-1200,S1,lower,pep-junior-s1-lower-lines-coordinates,相交线、平行线与平面直角坐标系,multiple-choice,Core,"已知点M(2a-1, a+3)在x轴上，则点M的坐标是（ ）。","(-7, 0) | (0, -7) | (7, 0) | (0, 7)","(-7, 0)","(-7, 0) | (-7,0)","因为点M在x轴上，所以纵坐标为0，即a+3=0，解得a=-3。将a=-3代入横坐标2a-1，得2×(-3)-1=-6-1=-7。所以点M的坐标是(-7, 0)。故答案为(-7, 0)。",pep-junior-s1-lower-lines-coordinates,pep-junior-s1-lower-paper-linear-systems,pep-junior-exam-linear-equation-inequality-models,passed,needs-review,deepseek-original-v3-1200; pending-s18-manual-review
pep-junior-v3-s1-k04-mc-034,junior-rag-v3-1200,S1,lower,pep-junior-s1-lower-lines-coordinates,相交线、平行线与平面直角坐标系,multiple-choice,Core,某校七年级学生进行投篮比赛，规定每人投10次，每投中一次得2分，未投中不得分。小明投了10次，得分不低于12分，则小明至少投中（ ）次。,5 | 6 | 7 | 8,6,6 | 六,设小明投中x次，则未投中(10-x)次。得分=2x，根据题意得分不低于12分，即2x≥12，解得x≥6。所以小明至少投中6次。故答案为6。,pep-junior-s1-lower-lines-coordinates,pep-junior-s1-lower-paper-inequalities,pep-junior-exam-statistics-probability,passed,needs-review,deepseek-original-v3-1200; pending-s18-manual-review
pep-junior-v3-s1-k04-fi-001,junior-rag-v3-1200,S1,lower,pep-junior-s1-lower-lines-coordinates,相交线、平行线与平面直角坐标系,fill-in,Core,"在平面直角坐标系中，点A的坐标是(4, -2)。将点A向左平移3个单位，再向上平移5个单位，得到点B。点B的坐标是______。",,"(1, 3)","(1, 3) | (1,3)","点A(4,-2)向左平移3个单位，横坐标减3，得4-3=1；向上平移5个单位，纵坐标加5，得-2+5=3。所以点B的坐标是(1,3)。故答案为(1, 3)。",pep-junior-s1-lower-lines-coordinates,pep-junior-s1-lower-paper-coordinate-plane,pep-junior-exam-coordinate-transformations,passed,needs-review,deepseek-original-v3-1200; pending-s18-manual-review
pep-junior-v3-s1-k04-fi-002,junior-rag-v3-1200,S1,lower,pep-junior-s1-lower-lines-coordinates,相交线、平行线与平面直角坐标系,fill-in,Core,直线a∥b，直线c与a、b相交，∠1=55°，则∠2的度数是______。,,55°,55° | 55度,因为a∥b，且∠1和∠2是同位角，根据两直线平行，同位角相等，所以∠2=∠1=55°。故答案为55°。,pep-junior-s1-lower-lines-coordinates,pep-junior-s1-lower-paper-lines-parallel-angles,pep-junior-exam-number-sense-real-numbers,passed,needs-review,deepseek-original-v3-1200; pending-s18-manual-review
pep-junior-v3-s1-k04-fi-003,junior-rag-v3-1200,S1,lower,pep-junior-s1-lower-lines-coordinates,相交线、平行线与平面直角坐标系,fill-in,Core,"若点P(m+2, 2m-4)在y轴上，则m的值为______。",,-2,-2,因为点P在y轴上，所以横坐标为0，即m+2=0，解得m=-2。故答案为-2。,pep-junior-s1-lower-lines-coordinates,pep-junior-s1-lower-paper-midterm-final-integrated,pep-junior-exam-linear-equation-inequality-models,passed,needs-review,deepseek-original-v3-1200; pending-s18-manual-review
pep-junior-v3-s1-k04-fi-004,junior-rag-v3-1200,S1,lower,pep-junior-s1-lower-lines-coordinates,相交线、平行线与平面直角坐标系,fill-in,Core,比较大小：√7______2.6。（填“>”“<”或“=”）,,>,>,因为2.6²=6.76，而7>6.76，所以√7>2.6。故答案为>。,pep-junior-s1-lower-lines-coordinates,pep-junior-s1-lower-paper-real-numbers,pep-junior-exam-statistics-probability,passed,needs-review,deepseek-original-v3-1200; pending-s18-manual-review
pep-junior-v3-s1-k04-fi-005,junior-rag-v3-1200,S1,lower,pep-junior-s1-lower-lines-coordinates,相交线、平行线与平面直角坐标系,fill-in,Core,已知二元一次方程组： 2x+y=7 x-2y=-4 则x+y的值为______。,,3,3,解方程组： ①2x+y=7 ②x-2y=-4 ①+②得3x-y=3，无法直接得到x+y。正确解法：由①得y=7-2x，代入②得x-2(7-2x)=-4，解得x=2，代入得y=3，所以x+y=5。故答案为5。,pep-junior-s1-lower-lines-coordinates,pep-junior-s1-lower-paper-linear-systems,pep-junior-exam-applied-modeling-finance-rate,passed,needs-review,deepseek-original-v3-1200; pending-s18-manual-review
pep-junior-v3-s1-k04-fi-006,junior-rag-v3-1200,S1,lower,pep-junior-s1-lower-lines-coordinates,相交线、平行线与平面直角坐标系,fill-in,Core,"在平面直角坐标系中，将点A(-2, 3)先向右平移5个单位，再向下平移4个单位，得到点A'。点A'关于x轴对称的点的坐标是______。",,"(3, 1)","(3, 1) | (3,1)","点A(-2,3)向右平移5个单位，横坐标加5，得-2+5=3；向下平移4个单位，纵坐标减4，得3-4=-1。所以点A'的坐标是(3,-1)。点A'关于x轴对称的点，横坐标不变，纵坐标取相反数，得(3,1)。故答案为(3, 1)。",pep-junior-s1-lower-lines-coordinates,pep-junior-s1-lower-paper-inequalities,pep-junior-exam-coordinate-transformations,passed,needs-review,deepseek-original-v3-1200; pending-s18-manual-review
pep-junior-v3-s1-k04-fi-007,junior-rag-v3-1200,S1,lower,pep-junior-s1-lower-lines-coordinates,相交线、平行线与平面直角坐标系,fill-in,Core,在平面直角坐标系中，点A的坐标是（3，-4），点B与点A关于x轴对称。请写出点B的坐标，并说明点B所在的象限。,,（3，4），第一象限,"（3，4），第一象限 | （3,4），第一象限 | （3，4）第一象限 | （3,4）第一象限",关于x轴对称的点，横坐标相同，纵坐标互为相反数。点A（3，-4）关于x轴对称的点B的横坐标仍为3，纵坐标变为4，所以点B的坐标为（3，4）。点B的横坐标3>0，纵坐标4>0，因此点B在第一象限。故答案为（3，4），第一象限。,pep-junior-s1-lower-lines-coordinates,pep-junior-s1-lower-paper-data-collection,pep-junior-exam-number-sense-real-numbers,passed,needs-review,deepseek-original-v3-1200; pending-s18-manual-review
pep-junior-v3-s1-k04-fi-008,junior-rag-v3-1200,S1,lower,pep-junior-s1-lower-lines-coordinates,相交线、平行线与平面直角坐标系,fill-in,Core,小明的学校组织参观科技馆，门票价格为成人票每张30元，学生票每张20元。七年级（1）班共有45名学生和2名老师一起去参观，购买门票一共需要多少元？,,960,960 | 960元,学生票总价为45×20=900元，老师票总价为2×30=60元，合计900+60=960元。故答案为960。,pep-junior-s1-lower-lines-coordinates,pep-junior-s1-lower-paper-coordinate-plane,pep-junior-exam-linear-equation-inequality-models,passed,needs-review,deepseek-original-v3-1200; pending-s18-manual-review
pep-junior-v3-s1-k04-fi-009,junior-rag-v3-1200,S1,lower,pep-junior-s1-lower-lines-coordinates,相交线、平行线与平面直角坐标系,fill-in,Core,为了解七年级学生每天的睡眠时间，学校随机抽取了50名学生进行调查，发现平均睡眠时间为8.2小时。下列说法正确的是：A. 全校七年级学生每天的睡眠时间一定是8.2小时；B. 样本是50名学生；C. 该调查是全面调查；D. 样本容量是8.2。请将正确选项的字母填入空格。,,B,B | b,选项A错误，因为样本的平均数不一定等于总体的平均数；选项B正确，样本是所抽取的50名学生；选项C错误，随机抽取50名学生是抽样调查，不是全面调查；选项D错误，样本容量是50，不是8.2。故答案为B。,pep-junior-s1-lower-lines-coordinates,pep-junior-s1-lower-paper-lines-parallel-angles,pep-junior-exam-statistics-probability,passed,needs-review,deepseek-original-v3-1200; pending-s18-manual-review
pep-junior-v3-s1-k04-fi-010,junior-rag-v3-1200,S1,lower,pep-junior-s1-lower-lines-coordinates,相交线、平行线与平面直角坐标系,fill-in,Core,某商店销售一种文具，每件进价为8元，售价为12元。一天卖出这种文具x件，获利y元。请写出y关于x的函数关系式。,,y=4x,y=4x | y=4x（x为正整数） | y=4x（x>0）,每件的利润为12-8=4元，卖出x件的总利润y=4x。故答案为y=4x。,pep-junior-s1-lower-lines-coordinates,pep-junior-s1-lower-paper-midterm-final-integrated,pep-junior-exam-applied-modeling-finance-rate,passed,needs-review,deepseek-original-v3-1200; pending-s18-manual-review
pep-junior-v3-s1-k04-fi-011,junior-rag-v3-1200,S1,lower,pep-junior-s1-lower-lines-coordinates,相交线、平行线与平面直角坐标系,fill-in,Core,在平面直角坐标系中，将点P（-2，5）先向右平移3个单位，再向下平移4个单位，得到点Q。请写出点Q的坐标。,,（1，1）,"（1，1） | （1,1）",点P（-2，5）向右平移3个单位，横坐标加3，得-2+3=1；向下平移4个单位，纵坐标减4，得5-4=1。所以点Q的坐标为（1，1）。故答案为（1，1）。,pep-junior-s1-lower-lines-coordinates,pep-junior-s1-lower-paper-real-numbers,pep-junior-exam-coordinate-transformations,passed,needs-review,deepseek-original-v3-1200; pending-s18-manual-review
pep-junior-v3-s1-k04-fi-012,junior-rag-v3-1200,S1,lower,pep-junior-s1-lower-lines-coordinates,相交线、平行线与平面直角坐标系,fill-in,Core,已知二元一次方程组：x+y=8，2x-y=1。请写出这个方程组的解。,,x=3，y=5,"x=3，y=5 | x=3,y=5 | （3，5） | （3,5）",将两个方程相加消去y：（x+y）+（2x-y）=8+1，得3x=9，解得x=3。把x=3代入x+y=8，得3+y=8，解得y=5。所以方程组的解为x=3，y=5。故答案为x=3，y=5。,pep-junior-s1-lower-lines-coordinates,pep-junior-s1-lower-paper-linear-systems,pep-junior-exam-number-sense-real-numbers,passed,needs-review,deepseek-original-v3-1200; pending-s18-manual-review
pep-junior-v3-s1-k04-fi-013,junior-rag-v3-1200,S1,lower,pep-junior-s1-lower-lines-coordinates,相交线、平行线与平面直角坐标系,fill-in,Core,某次知识竞赛共有20道题，答对一题得5分，答错或不答一题扣2分。小明想要得分不低于70分，他至少需要答对多少道题？,,16,16 | 16道,设小明答对x道题，则答错或不答（20-x）道题。得分5x-2(20-x)≥70，化简得5x-40+2x≥70，7x≥110，x≥110/7≈15.71。因为x为整数，所以x至少为16。故答案为16。,pep-junior-s1-lower-lines-coordinates,pep-junior-s1-lower-paper-inequalities,pep-junior-exam-linear-equation-inequality-models,passed,needs-review,deepseek-original-v3-1200; pending-s18-manual-review
pep-junior-v3-s1-k04-fi-014,junior-rag-v3-1200,S1,lower,pep-junior-s1-lower-lines-coordinates,相交线、平行线与平面直角坐标系,fill-in,Core,为了解某小区居民对垃圾分类的知晓情况，社区工作人员从该小区2000户居民中随机抽取了200户进行问卷调查。在这个问题中，总体是什么？,,该小区2000户居民对垃圾分类的知晓情况,该小区2000户居民对垃圾分类的知晓情况 | 2000户居民对垃圾分类的知晓情况,总体是指所要考察对象的全体，这里要了解的是该小区2000户居民对垃圾分类的知晓情况，所以总体是该小区2000户居民对垃圾分类的知晓情况。故答案为该小区2000户居民对垃圾分类的知晓情况。,pep-junior-s1-lower-lines-coordinates,pep-junior-s1-lower-paper-data-collection,pep-junior-exam-statistics-probability,passed,needs-review,deepseek-original-v3-1200; pending-s18-manual-review
pep-junior-v3-s1-k04-fi-015,junior-rag-v3-1200,S1,lower,pep-junior-s1-lower-lines-coordinates,相交线、平行线与平面直角坐标系,fill-in,Core,在平面直角坐标系中，有一条线段AB，端点A的坐标为（2，-3），端点B的坐标为（-1，4）。将线段AB平移，使点A移动到点A'（5，1），则点B的对应点B'的坐标是什么？,,（2，8）,"（2，8） | （2,8）",由点A（2，-3）平移到A'（5，1），横坐标增加了5-2=3，纵坐标增加了1-(-3)=4。所以平移规律是向右平移3个单位，向上平移4个单位。点B（-1，4）按此规律平移，横坐标-1+3=2，纵坐标4+4=8，得到B'（2，8）。故答案为（2，8）。,pep-junior-s1-lower-lines-coordinates,pep-junior-s1-lower-paper-coordinate-plane,pep-junior-exam-applied-modeling-finance-rate,passed,needs-review,deepseek-original-v3-1200; pending-s18-manual-review
pep-junior-v3-s1-k04-fi-016,junior-rag-v3-1200,S1,lower,pep-junior-s1-lower-lines-coordinates,相交线、平行线与平面直角坐标系,fill-in,Core,直线a∥b，直线c与a、b相交，∠1=70°，求∠2的度数。,,110°,110° | 110度 | 110,因为a∥b，∠1和∠2是同旁内角，两直线平行，同旁内角互补，所以∠1+∠2=180°。已知∠1=70°，则∠2=180°-70°=110°。故答案为110°。,pep-junior-s1-lower-lines-coordinates,pep-junior-s1-lower-paper-lines-parallel-angles,pep-junior-exam-coordinate-transformations,passed,needs-review,deepseek-original-v3-1200; pending-s18-manual-review
pep-junior-v3-s1-k04-fi-017,junior-rag-v3-1200,S1,lower,pep-junior-s1-lower-lines-coordinates,相交线、平行线与平面直角坐标系,fill-in,Core,在平面直角坐标系中，点A的坐标是（－3，5），点B与点A关于x轴对称。点B的坐标是（____，____）。,,－3，－5,"－3，－5 | (-3,-5) | （－3，－5）",关于x轴对称的点，横坐标不变，纵坐标互为相反数。点A的横坐标是－3，纵坐标是5，所以点B的横坐标也是－3，纵坐标是－5，因此点B的坐标是－3，－5。,pep-junior-s1-lower-lines-coordinates,pep-junior-s1-lower-paper-midterm-final-integrated,pep-junior-exam-number-sense-real-numbers,passed,needs-review,deepseek-original-v3-1200; pending-s18-manual-review
pep-junior-v3-s1-k04-fi-018,junior-rag-v3-1200,S1,lower,pep-junior-s1-lower-lines-coordinates,相交线、平行线与平面直角坐标系,fill-in,Core,已知点P（a，b）在第二象限，且|a|＝4，|b|＝2，则点P的坐标是（____，____）。,,－4，2,"－4，2 | (-4,2) | （－4，2）",第二象限的点横坐标为负，纵坐标为正。由|a|＝4得a＝±4，取负值a＝－4；由|b|＝2得b＝±2，取正值b＝2。所以点P的坐标是－4，2。,pep-junior-s1-lower-lines-coordinates,pep-junior-s1-lower-paper-real-numbers,pep-junior-exam-linear-equation-inequality-models,passed,needs-review,deepseek-original-v3-1200; pending-s18-manual-review
pep-junior-v3-s1-k04-fi-019,junior-rag-v3-1200,S1,lower,pep-junior-s1-lower-lines-coordinates,相交线、平行线与平面直角坐标系,fill-in,Core,某班40名学生参加一次数学测验，成绩统计如下：得100分的有5人，得90分的有12人，得80分的有15人，得70分的有6人，其余为60分。若随机抽取一名学生，抽到成绩不低于80分的概率是____（用最简分数表示）。,,4/5,4/5 | 0.8 | 80%,总人数为40。成绩不低于80分的人数包括100分5人、90分12人、80分15人，合计5+12+15=32人。概率为32/40，化简得4/5。,pep-junior-s1-lower-lines-coordinates,pep-junior-s1-lower-paper-linear-systems,pep-junior-exam-statistics-probability,passed,needs-review,deepseek-original-v3-1200; pending-s18-manual-review
pep-junior-v3-s1-k04-fi-020,junior-rag-v3-1200,S1,lower,pep-junior-s1-lower-lines-coordinates,相交线、平行线与平面直角坐标系,fill-in,Core,某商店推出两种优惠方案：方案一，每件商品打八折；方案二，每件商品满100元减25元。若购买一件原价x元的商品，当x满足____时，方案一更省钱（用不等式表示）。,,x＞125,x＞125 | x>125,方案一实际付款0.8x元，方案二实际付款x－25元。方案一更省钱即0.8x＜x－25，解得－0.2x＜－25，即x＞125。所以当x＞125时方案一更省钱。,pep-junior-s1-lower-lines-coordinates,pep-junior-s1-lower-paper-inequalities,pep-junior-exam-applied-modeling-finance-rate,passed,needs-review,deepseek-original-v3-1200; pending-s18-manual-review
pep-junior-v3-s1-k04-fi-021,junior-rag-v3-1200,S1,lower,pep-junior-s1-lower-lines-coordinates,相交线、平行线与平面直角坐标系,fill-in,Core,将点M（2，－3）先向右平移4个单位，再向上平移5个单位，得到点N。点N的坐标是（____，____）。,,6，2,"6，2 | (6,2) | （6，2）",向右平移4个单位，横坐标加4：2＋4＝6；向上平移5个单位，纵坐标加5：－3＋5＝2。所以点N的坐标是6，2。,pep-junior-s1-lower-lines-coordinates,pep-junior-s1-lower-paper-data-collection,pep-junior-exam-coordinate-transformations,passed,needs-review,deepseek-original-v3-1200; pending-s18-manual-review
pep-junior-v3-s1-k04-fi-022,junior-rag-v3-1200,S1,lower,pep-junior-s1-lower-lines-coordinates,相交线、平行线与平面直角坐标系,fill-in,Core,在平面直角坐标系中，点Q在x轴上，且到原点的距离等于3，则点Q的坐标是（____，____）或（____，____）。,,3，0 或 －3，0,"3，0 或 －3，0 | 3,0 或 -3,0 | （3，0）或（－3，0）",x轴上的点纵坐标为0。到原点的距离为3，则横坐标的绝对值为3，所以横坐标为3或－3。因此点Q的坐标是3，0或－3，0。,pep-junior-s1-lower-lines-coordinates,pep-junior-s1-lower-paper-coordinate-plane,pep-junior-exam-number-sense-real-numbers,passed,needs-review,deepseek-original-v3-1200; pending-s18-manual-review
pep-junior-v3-s1-k04-fi-023,junior-rag-v3-1200,S1,lower,pep-junior-s1-lower-lines-coordinates,相交线、平行线与平面直角坐标系,fill-in,Core,直线AB∥CD，EF与AB、CD分别相交于点G、H。若∠EGB＝50°，则∠GHD的度数是____°。,,130,130 | 130°,因为AB∥CD，所以∠EGB与∠GHD是同旁内角，两直线平行，同旁内角互补。∠EGB＝50°，所以∠GHD＝180°－50°＝130°。,pep-junior-s1-lower-lines-coordinates,pep-junior-s1-lower-paper-lines-parallel-angles,pep-junior-exam-linear-equation-inequality-models,passed,needs-review,deepseek-original-v3-1200; pending-s18-manual-review
pep-junior-v3-s1-k04-fi-024,junior-rag-v3-1200,S1,lower,pep-junior-s1-lower-lines-coordinates,相交线、平行线与平面直角坐标系,fill-in,Core,某校七年级学生进行跳绳测试，随机抽取20名学生的成绩（单位：次/分钟）如下：85，92，78，88，95，102，76，89，91，86，79，93，97，81，84，90，87，83，94，80。这组数据的中位数是____次/分钟。,,87.5,87.5 | 87.5次/分钟,"将20个数据从小到大排序：76,78,79,80,81,83,84,85,86,87,88,89,90,91,92,93,94,95,97,102。第10和第11个数分别是87和88，中位数为(87+88)/2=87.5。",pep-junior-s1-lower-lines-coordinates,pep-junior-s1-lower-paper-midterm-final-integrated,pep-junior-exam-statistics-probability,passed,needs-review,deepseek-original-v3-1200; pending-s18-manual-review
pep-junior-v3-s1-k04-fi-025,junior-rag-v3-1200,S1,lower,pep-junior-s1-lower-lines-coordinates,相交线、平行线与平面直角坐标系,fill-in,Core,比较大小：√15____4（填“＞”“＜”或“＝”）。,,＜,＜ | <,因为4²=16，而15＜16，所以√15＜√16=4，即√15＜4。,pep-junior-s1-lower-lines-coordinates,pep-junior-s1-lower-paper-real-numbers,pep-junior-exam-applied-modeling-finance-rate,passed,needs-review,deepseek-original-v3-1200; pending-s18-manual-review
pep-junior-v3-s1-k04-fi-026,junior-rag-v3-1200,S1,lower,pep-junior-s1-lower-lines-coordinates,相交线、平行线与平面直角坐标系,fill-in,Core,已知点A（－1，2）和点B（3，2），将线段AB向下平移3个单位，则平移后线段A'B'的长度是____。,,4,4 | 4个单位,点A和点B的纵坐标相同，线段AB平行于x轴，长度等于横坐标差的绝对值：|3－(－1)|＝4。平移不改变线段的长度，所以平移后线段A'B'的长度仍是4。,pep-junior-s1-lower-lines-coordinates,pep-junior-s1-lower-paper-linear-systems,pep-junior-exam-coordinate-transformations,passed,needs-review,deepseek-original-v3-1200; pending-s18-manual-review
pep-junior-v3-s1-k04-fi-027,junior-rag-v3-1200,S1,lower,pep-junior-s1-lower-lines-coordinates,相交线、平行线与平面直角坐标系,fill-in,Core,"在平面直角坐标系中，点 A 的坐标是 (3, -2)。将点 A 先向右平移 5 个单位长度，再向下平移 4 个单位长度，得到点 A'。点 A' 所在的象限是第______象限。",,四,四 | 第四象限,"点 A 的坐标是 (3, -2)。向右平移 5 个单位长度，横坐标变为 3+5=8；向下平移 4 个单位长度，纵坐标变为 -2-4=-6。平移后点 A' 的坐标是 (8, -6)。横坐标为正，纵坐标为负，所以点 A' 在第四象限。答案：四。",pep-junior-s1-lower-lines-coordinates,pep-junior-s1-lower-paper-inequalities,pep-junior-exam-number-sense-real-numbers,passed,needs-review,deepseek-original-v3-1200; pending-s18-manual-review
pep-junior-v3-s1-k04-fi-028,junior-rag-v3-1200,S1,lower,pep-junior-s1-lower-lines-coordinates,相交线、平行线与平面直角坐标系,fill-in,Core,某校七年级（1）班共有 40 名学生，其中男生 22 人，女生 18 人。为了解全班学生每天的睡眠时间，从中随机抽取 10 名学生进行调查。在这个问题中，总体是______。,,七年级（1）班 40 名学生每天的睡眠时间,七年级（1）班 40 名学生每天的睡眠时间 | 该班40名学生每天的睡眠时间,总体是指所要考察对象的全体。这里考察的是全班学生每天的睡眠时间，而不是学生本身。因此总体是七年级（1）班 40 名学生每天的睡眠时间。答案：七年级（1）班 40 名学生每天的睡眠时间。,pep-junior-s1-lower-lines-coordinates,pep-junior-s1-lower-paper-data-collection,pep-junior-exam-linear-equation-inequality-models,passed,needs-review,deepseek-original-v3-1200; pending-s18-manual-review
pep-junior-v3-s1-k04-fi-029,junior-rag-v3-1200,S1,lower,pep-junior-s1-lower-lines-coordinates,相交线、平行线与平面直角坐标系,fill-in,Core,"已知点 P (a, b) 在第二象限，且 a 和 b 都是整数。若点 P 到 x 轴的距离是 3，到 y 轴的距离是 2，则点 P 的坐标是______。",,"(-2, 3)","(-2, 3) | (-2,3) | （-2，3）","点 P 在第二象限，横坐标为负，纵坐标为正。到 x 轴的距离是纵坐标的绝对值，即 |b|=3，所以 b=3 或 b=-3（舍去负值），故 b=3。到 y 轴的距离是横坐标的绝对值，即 |a|=2，所以 a=-2 或 a=2（舍去正值），故 a=-2。因此点 P 的坐标是 (-2, 3)。答案：(-2, 3)。",pep-junior-s1-lower-lines-coordinates,pep-junior-s1-lower-paper-coordinate-plane,pep-junior-exam-statistics-probability,passed,needs-review,deepseek-original-v3-1200; pending-s18-manual-review
pep-junior-v3-s1-k04-fi-030,junior-rag-v3-1200,S1,lower,pep-junior-s1-lower-lines-coordinates,相交线、平行线与平面直角坐标系,fill-in,Core,直线 AB 与 CD 相交于点 O，OE 平分 ∠BOD。若 ∠AOC = 50°，则 ∠BOE = ______°。,,25,25 | 25°,因为直线 AB 与 CD 相交，所以 ∠AOC 与 ∠BOD 是对顶角，对顶角相等，所以 ∠BOD = ∠AOC = 50°。OE 平分 ∠BOD，所以 ∠BOE = 1/2 ∠BOD = 1/2 × 50° = 25°。答案：25。,pep-junior-s1-lower-lines-coordinates,pep-junior-s1-lower-paper-lines-parallel-angles,pep-junior-exam-applied-modeling-finance-rate,passed,needs-review,deepseek-original-v3-1200; pending-s18-manual-review
pep-junior-v3-s1-k04-fi-031,junior-rag-v3-1200,S1,lower,pep-junior-s1-lower-lines-coordinates,相交线、平行线与平面直角坐标系,fill-in,Core,"已知点 M (2m - 1, m + 3) 在 x 轴上，则点 M 的坐标是______。",,"(-7, 0)","(-7, 0) | (-7,0) | （-7，0）","因为点 M 在 x 轴上，所以它的纵坐标为 0，即 m + 3 = 0，解得 m = -3。将 m = -3 代入横坐标得 2m - 1 = 2×(-3) - 1 = -6 - 1 = -7。所以点 M 的坐标是 (-7, 0)。答案：(-7, 0)。",pep-junior-s1-lower-lines-coordinates,pep-junior-s1-lower-paper-midterm-final-integrated,pep-junior-exam-coordinate-transformations,passed,needs-review,deepseek-original-v3-1200; pending-s18-manual-review
pep-junior-v3-s1-k04-fi-032,junior-rag-v3-1200,S1,lower,pep-junior-s1-lower-lines-coordinates,相交线、平行线与平面直角坐标系,fill-in,Core,"在平面直角坐标系中，点 A 的坐标是 (2, -3)，点 B 的坐标是 (-1, 4)。线段 AB 的中点坐标是______。",,"(0.5, 0.5)","(0.5, 0.5) | (0.5,0.5) | （0.5，0.5） | (1/2, 1/2) | （1/2，1/2）","根据中点坐标公式，中点横坐标为 (2 + (-1)) / 2 = 1/2 = 0.5，纵坐标为 (-3 + 4) / 2 = 1/2 = 0.5。所以线段 AB 的中点坐标是 (0.5, 0.5)。答案：(0.5, 0.5)。",pep-junior-s1-lower-lines-coordinates,pep-junior-s1-lower-paper-real-numbers,pep-junior-exam-number-sense-real-numbers,passed,needs-review,deepseek-original-v3-1200; pending-s18-manual-review
pep-junior-v3-s1-k04-fi-033,junior-rag-v3-1200,S1,lower,pep-junior-s1-lower-lines-coordinates,相交线、平行线与平面直角坐标系,fill-in,Core,"已知方程组 { 2x + y = 5, x - 2y = -5 } 的解为 (a, b)，则 a + b = ______。",,4,4,"解方程组：{ 2x + y = 5 ①, x - 2y = -5 ② }。由②得 x = 2y - 5，代入①得 2(2y - 5) + y = 5，即 4y - 10 + y = 5，5y = 15，y = 3。将 y = 3 代入 x = 2y - 5 得 x = 2×3 - 5 = 1。所以解为 (1, 3)，即 a = 1, b = 3，a + b = 4。答案：4。",pep-junior-s1-lower-lines-coordinates,pep-junior-s1-lower-paper-linear-systems,pep-junior-exam-linear-equation-inequality-models,passed,needs-review,deepseek-original-v3-1200; pending-s18-manual-review
pep-junior-v3-s1-k04-sa-001,junior-rag-v3-1200,S1,lower,pep-junior-s1-lower-lines-coordinates,相交线、平行线与平面直角坐标系,short-answer,Core,"在平面直角坐标系中，三角形 ABC 的顶点坐标分别是 A (2, 1)，B (5, 1)，C (3, 4)。将三角形 ABC 先向左平移 3 个单位长度，再向上平移 2 个单位长度，得到三角形 A'B'C'。请写出平移后三角形 A'B'C' 各顶点的坐标，并说明平移前后对应点的坐标变化规律。",,"A'(-1, 3), B'(2, 3), C'(0, 6)","A'(-1, 3), B'(2, 3), C'(0, 6) | A'(-1,3), B'(2,3), C'(0,6) | A'(-1,3) B'(2,3) C'(0,6) | （-1，3）（2，3）（0，6）","平移规律：向左平移 3 个单位，横坐标减 3；向上平移 2 个单位，纵坐标加 2。A (2, 1) → A' (2-3, 1+2) = (-1, 3)；B (5, 1) → B' (5-3, 1+2) = (2, 3)；C (3, 4) → C' (3-3, 4+2) = (0, 6)。所以平移后各顶点坐标为 A'(-1, 3), B'(2, 3), C'(0, 6)。答案：A'(-1, 3), B'(2, 3), C'(0, 6)。",pep-junior-s1-lower-lines-coordinates,pep-junior-s1-lower-paper-coordinate-plane,pep-junior-exam-coordinate-transformations,passed,needs-review,deepseek-original-v3-1200; pending-s18-manual-review
pep-junior-v3-s1-k04-sa-002,junior-rag-v3-1200,S1,lower,pep-junior-s1-lower-lines-coordinates,相交线、平行线与平面直角坐标系,short-answer,Core,已知直线 a∥b，直线 c 与 a、b 分别相交于点 A、B，∠1 = 55°。求 ∠2 的度数，并说明理由。,,125°,125° | 125,因为直线 a∥b，所以 ∠1 与 ∠2 是同旁内角，两直线平行，同旁内角互补，即 ∠1 + ∠2 = 180°。已知 ∠1 = 55°，所以 ∠2 = 180° - 55° = 125°。答案：125°。,pep-junior-s1-lower-lines-coordinates,pep-junior-s1-lower-paper-lines-parallel-angles,pep-junior-exam-number-sense-real-numbers,passed,needs-review,deepseek-original-v3-1200; pending-s18-manual-review
pep-junior-v3-s1-k04-sa-003,junior-rag-v3-1200,S1,lower,pep-junior-s1-lower-lines-coordinates,相交线、平行线与平面直角坐标系,short-answer,Core,某校组织学生去科技馆参观，门票价格为每人 20 元。如果购买 50 人以上的团体票，可以享受八折优惠。七年级（2）班有 48 名学生，请问他们最少需要花多少钱购买门票？请说明你的计算过程。,,800 元,800 元 | 800 | 800元,方案一：按实际人数 48 人购买，总费用为 48 × 20 = 960 元。方案二：多买 2 张票凑成 50 人团体票，享受八折优惠，总费用为 50 × 20 × 0.8 = 1000 × 0.8 = 800 元。比较两种方案，800 元 < 960 元，所以最少需要花 800 元。答案：800 元。,pep-junior-s1-lower-lines-coordinates,pep-junior-s1-lower-paper-midterm-final-integrated,pep-junior-exam-linear-equation-inequality-models,passed,needs-review,deepseek-original-v3-1200; pending-s18-manual-review
pep-junior-v3-s1-k04-sa-004,junior-rag-v3-1200,S1,lower,pep-junior-s1-lower-lines-coordinates,相交线、平行线与平面直角坐标系,short-answer,Core,"在平面直角坐标系中，点A的坐标是(3, -2)。若将点A先向右平移4个单位，再向上平移1个单位得到点B，请写出点B的坐标，并判断点B位于第几象限。",,"(7, -1)，第四象限","(7, -1)，第四象限 | (7,-1)，第四象限 | B(7, -1)，第四象限 | 坐标(7, -1)，第四象限","点A(3, -2)向右平移4个单位，横坐标加4：3+4=7；向上平移1个单位，纵坐标加1：-2+1=-1。所以点B的坐标为(7, -1)。横坐标7>0，纵坐标-1<0，因此点B位于第四象限。答案为(7, -1)，第四象限。",pep-junior-s1-lower-lines-coordinates,pep-junior-s1-lower-paper-real-numbers,pep-junior-exam-statistics-probability,passed,needs-review,deepseek-original-v3-1200; pending-s18-manual-review
pep-junior-v3-s1-k04-sa-005,junior-rag-v3-1200,S1,lower,pep-junior-s1-lower-lines-coordinates,相交线、平行线与平面直角坐标系,short-answer,Core,"小明家的位置在平面直角坐标系中表示为(2, 5)，学校的位置表示为(-3, 1)。若小明从家出发，先向西走5个单位，再向南走4个单位，能到达学校吗？请说明理由。",,能，因为移动后坐标与学校坐标相同,"能，因为移动后坐标与学校坐标相同 | 能到达，移动后坐标为(-3,1)，与学校重合 | 能，因为(2,5)向西5向南4得到(-3,1)","小明家(2,5)向西走5个单位，横坐标减5：2-5=-3；向南走4个单位，纵坐标减4：5-4=1。移动后的坐标为(-3,1)，与学校坐标(-3,1)完全相同，所以能到达学校。答案为能，因为移动后坐标与学校坐标相同。",pep-junior-s1-lower-lines-coordinates,pep-junior-s1-lower-paper-linear-systems,pep-junior-exam-applied-modeling-finance-rate,passed,needs-review,deepseek-original-v3-1200; pending-s18-manual-review
pep-junior-v3-s1-k04-sa-006,junior-rag-v3-1200,S1,lower,pep-junior-s1-lower-lines-coordinates,相交线、平行线与平面直角坐标系,short-answer,Core,已知点M在第二象限，且点M到x轴的距离为3，到y轴的距离为2。请写出点M的坐标。,,"(-2, 3)","(-2, 3) | (-2,3) | M(-2, 3)","点M在第二象限，横坐标为负，纵坐标为正。到x轴的距离为3，即|y|=3，所以y=3（因为纵坐标正）；到y轴的距离为2，即|x|=2，所以x=-2（因为横坐标负）。因此点M的坐标为(-2, 3)。",pep-junior-s1-lower-lines-coordinates,pep-junior-s1-lower-paper-inequalities,pep-junior-exam-coordinate-transformations,passed,needs-review,deepseek-original-v3-1200; pending-s18-manual-review
pep-junior-v3-s1-k04-sa-007,junior-rag-v3-1200,S1,lower,pep-junior-s1-lower-lines-coordinates,相交线、平行线与平面直角坐标系,short-answer,Core,"在平面直角坐标系中，点P(a, b)在第三象限。若将点P向上平移3个单位后，点落在x轴上，求b的值。",,-3,-3 | b=-3,"点P(a, b)在第三象限，所以a<0，b<0。向上平移3个单位后，新点的纵坐标为b+3。落在x轴上意味着纵坐标为0，即b+3=0，解得b=-3。答案为-3。",pep-junior-s1-lower-lines-coordinates,pep-junior-s1-lower-paper-data-collection,pep-junior-exam-number-sense-real-numbers,passed,needs-review,deepseek-original-v3-1200; pending-s18-manual-review
pep-junior-v3-s1-k04-sa-008,junior-rag-v3-1200,S1,lower,pep-junior-s1-lower-lines-coordinates,相交线、平行线与平面直角坐标系,short-answer,Core,"已知线段AB的两个端点坐标分别为A(1, 2)和B(5, 2)。将线段AB向下平移3个单位后，再向左平移2个单位，得到线段A'B'。求线段A'B'的长度。",,4,4 | 长度4 | 4个单位,"平移不改变线段的长度。原线段AB的端点A(1,2)和B(5,2)的纵坐标相同，所以AB平行于x轴，长度等于横坐标之差的绝对值：|5-1|=4。因此平移后的线段A'B'长度仍为4。答案为4。",pep-junior-s1-lower-lines-coordinates,pep-junior-s1-lower-paper-coordinate-plane,pep-junior-exam-linear-equation-inequality-models,passed,needs-review,deepseek-original-v3-1200; pending-s18-manual-review
pep-junior-v3-s1-k04-sa-009,junior-rag-v3-1200,S1,lower,pep-junior-s1-lower-lines-coordinates,相交线、平行线与平面直角坐标系,short-answer,Core,直线l₁与l₂被直线l₃所截，若∠1=70°，∠2=105°，请判断l₁与l₂是否平行，并说明理由。,,不平行，因为同旁内角之和不等于180°,不平行，因为同旁内角之和不等于180° | 不平行，同旁内角不互补 | l₁与l₂不平行，因为70°+105°=175°≠180°,∠1和∠2是直线l₁、l₂被l₃所截形成的同旁内角。若l₁∥l₂，则同旁内角互补，即∠1+∠2=180°。但70°+105°=175°≠180°，所以同旁内角不互补，因此l₁与l₂不平行。答案为不平行，因为同旁内角之和不等于180°。,pep-junior-s1-lower-lines-coordinates,pep-junior-s1-lower-paper-lines-parallel-angles,pep-junior-exam-statistics-probability,passed,needs-review,deepseek-original-v3-1200; pending-s18-manual-review
pep-junior-v3-s1-k04-sa-010,junior-rag-v3-1200,S1,lower,pep-junior-s1-lower-lines-coordinates,相交线、平行线与平面直角坐标系,short-answer,Core,"已知点A(2, -1)，点B(-3, 4)，点C是线段AB的中点。求点C的坐标。",,"(-0.5, 1.5)","(-0.5, 1.5) | (-1/2, 3/2) | (-0.5,1.5) | (-1/2,3/2)","线段中点坐标公式：横坐标=(x₁+x₂)/2，纵坐标=(y₁+y₂)/2。所以点C的横坐标为(2+(-3))/2 = (-1)/2 = -0.5，纵坐标为(-1+4)/2 = 3/2 = 1.5。因此点C的坐标为(-0.5, 1.5)。",pep-junior-s1-lower-lines-coordinates,pep-junior-s1-lower-paper-midterm-final-integrated,pep-junior-exam-applied-modeling-finance-rate,passed,needs-review,deepseek-original-v3-1200; pending-s18-manual-review
pep-junior-v3-s1-k04-sa-011,junior-rag-v3-1200,S1,lower,pep-junior-s1-lower-lines-coordinates,相交线、平行线与平面直角坐标系,short-answer,Core,"在平面直角坐标系中，点P在x轴上，且到点A(3, 4)的距离等于5。求所有可能的点P的坐标。",,"(0,0)或(6,0)","(0,0)或(6,0) | (0,0)和(6,0) | P(0,0)或P(6,0) | (0, 0)或(6, 0)","点P在x轴上，设其坐标为(x,0)。到点A(3,4)的距离为√[(x-3)²+(0-4)²]=5。两边平方得(x-3)²+16=25，即(x-3)²=9，所以x-3=3或x-3=-3，解得x=6或x=0。因此点P的坐标为(0,0)或(6,0)。",pep-junior-s1-lower-lines-coordinates,pep-junior-s1-lower-paper-real-numbers,pep-junior-exam-coordinate-transformations,passed,needs-review,deepseek-original-v3-1200; pending-s18-manual-review
pep-junior-v3-s1-k04-sa-012,junior-rag-v3-1200,S1,lower,pep-junior-s1-lower-lines-coordinates,相交线、平行线与平面直角坐标系,short-answer,Core,"已知点M(2a-1, a+3)在第三象限，求a的取值范围。",,a < -3,a < -3 | a<-3 | a小于-3,第三象限的点横坐标为负，纵坐标也为负。所以2a-1<0且a+3<0。解2a-1<0得a<0.5；解a+3<0得a<-3。取交集得a<-3。因此a的取值范围是a<-3。答案为a < -3。,pep-junior-s1-lower-lines-coordinates,pep-junior-s1-lower-paper-linear-systems,pep-junior-exam-number-sense-real-numbers,passed,needs-review,deepseek-original-v3-1200; pending-s18-manual-review
pep-junior-v3-s1-k04-sa-013,junior-rag-v3-1200,S1,lower,pep-junior-s1-lower-lines-coordinates,相交线、平行线与平面直角坐标系,short-answer,Core,"在平面直角坐标系中，点A(-2, 3)关于原点对称的点为B，点B关于x轴对称的点为C。求点C的坐标。",,"(2, 3)","(2, 3) | (2,3) | C(2, 3)","点A(-2,3)关于原点对称的点B，横纵坐标都取相反数，得B(2,-3)。点B(2,-3)关于x轴对称的点C，横坐标不变，纵坐标取相反数，得C(2,3)。因此点C的坐标为(2, 3)。",pep-junior-s1-lower-lines-coordinates,pep-junior-s1-lower-paper-inequalities,pep-junior-exam-linear-equation-inequality-models,passed,needs-review,deepseek-original-v3-1200; pending-s18-manual-review
pep-junior-v3-s1-k04-sa-014,junior-rag-v3-1200,S1,lower,pep-junior-s1-lower-lines-coordinates,相交线、平行线与平面直角坐标系,short-answer,Core,某校七年级为了解学生每天课外阅读时长，随机抽取了50名学生进行问卷调查。调查结果显示，平均每天阅读时长在30分钟以下的有12人，30至60分钟的有20人，60分钟以上的有18人。请根据以上数据，计算该校七年级学生每天课外阅读时长在30分钟及以上的人数所占的百分比。,,76%,76% | 百分之七十六 | 0.76 | 38/50,阅读时长在30分钟及以上的人数为20+18=38人，总人数为50人，所以百分比为38/50=0.76=76%。,pep-junior-s1-lower-lines-coordinates,pep-junior-s1-lower-paper-data-collection,pep-junior-exam-statistics-probability,passed,needs-review,deepseek-original-v3-1200; pending-s18-manual-review
pep-junior-v3-s1-k04-sa-015,junior-rag-v3-1200,S1,lower,pep-junior-s1-lower-lines-coordinates,相交线、平行线与平面直角坐标系,short-answer,Core,小明家上个月的电费是120元，这个月由于使用节能措施，电费比上个月减少了a%。如果这个月电费为96元，求a的值。,,20,20 | 20% | 百分之二十,减少的电费为120-96=24元，减少的百分比为24/120=0.2=20%，所以a=20。,pep-junior-s1-lower-lines-coordinates,pep-junior-s1-lower-paper-coordinate-plane,pep-junior-exam-applied-modeling-finance-rate,passed,needs-review,deepseek-original-v3-1200; pending-s18-manual-review
pep-junior-v3-s1-k04-sa-016,junior-rag-v3-1200,S1,lower,pep-junior-s1-lower-lines-coordinates,相交线、平行线与平面直角坐标系,short-answer,Core,"在平面直角坐标系中，将点A(2, -3)先向右平移4个单位，再向上平移5个单位得到点B。求点B的坐标。",,"(6, 2)","(6, 2) | （6，2） | 6,2 | x=6,y=2","点A(2, -3)向右平移4个单位，横坐标加4得2+4=6；向上平移5个单位，纵坐标加5得-3+5=2，所以点B的坐标为(6, 2)。",pep-junior-s1-lower-lines-coordinates,pep-junior-s1-lower-paper-lines-parallel-angles,pep-junior-exam-coordinate-transformations,passed,needs-review,deepseek-original-v3-1200; pending-s18-manual-review
pep-junior-v3-s1-k04-sa-017,junior-rag-v3-1200,S1,lower,pep-junior-s1-lower-lines-coordinates,相交线、平行线与平面直角坐标系,short-answer,Core,已知一个正数的两个平方根分别是2a-1和-a+2，求这个正数。,,9,9 | 九,一个正数的两个平方根互为相反数，所以(2a-1)+(-a+2)=0，解得a=-1。则平方根为2(-1)-1=-3和-(-1)+2=3，这个正数为3²=9。,pep-junior-s1-lower-lines-coordinates,pep-junior-s1-lower-paper-midterm-final-integrated,pep-junior-exam-number-sense-real-numbers,passed,needs-review,deepseek-original-v3-1200; pending-s18-manual-review
pep-junior-v3-s1-k04-sa-018,junior-rag-v3-1200,S1,lower,pep-junior-s1-lower-lines-coordinates,相交线、平行线与平面直角坐标系,short-answer,Core,学校组织八年级学生去博物馆参观，如果租用45座客车，则有15人没有座位；如果租用同样数量的60座客车，则多出一辆车，并且其余车恰好坐满。求八年级学生总人数。,,240,240 | 240人,设租用45座客车x辆，则学生人数为45x+15。改用60座客车，车数为x-1，且坐满，则学生人数为60(x-1)。由45x+15=60(x-1)，解得x=5，学生人数为45×5+15=240。,pep-junior-s1-lower-lines-coordinates,pep-junior-s1-lower-paper-real-numbers,pep-junior-exam-linear-equation-inequality-models,passed,needs-review,deepseek-original-v3-1200; pending-s18-manual-review
pep-junior-v3-s1-k04-sa-019,junior-rag-v3-1200,S1,lower,pep-junior-s1-lower-lines-coordinates,相交线、平行线与平面直角坐标系,short-answer,Core,某班级40名学生参加环保知识竞赛，成绩均为整数，统计结果如下：60分以下2人，60~69分5人，70~79分12人，80~89分14人，90分以上7人。请计算成绩在80分及以上的人数占全班人数的百分比。,,52.5%,52.5% | 百分之五十二点五 | 0.525 | 21/40,成绩在80分及以上的人数为14+7=21人，全班40人，百分比为21/40=0.525=52.5%。,pep-junior-s1-lower-lines-coordinates,pep-junior-s1-lower-paper-linear-systems,pep-junior-exam-statistics-probability,passed,needs-review,deepseek-original-v3-1200; pending-s18-manual-review
pep-junior-v3-s1-k04-sa-020,junior-rag-v3-1200,S1,lower,pep-junior-s1-lower-lines-coordinates,相交线、平行线与平面直角坐标系,short-answer,Core,某商店销售一种商品，成本价为每件50元。若按标价的八折销售，每件可获利10元。求该商品的标价。,,75,75 | 75元,设标价为x元，则售价为0.8x元。利润为0.8x-50=10，解得0.8x=60，x=75。,pep-junior-s1-lower-lines-coordinates,pep-junior-s1-lower-paper-inequalities,pep-junior-exam-applied-modeling-finance-rate,passed,needs-review,deepseek-original-v3-1200; pending-s18-manual-review
pep-junior-v3-s1-k04-sa-021,junior-rag-v3-1200,S1,lower,pep-junior-s1-lower-lines-coordinates,相交线、平行线与平面直角坐标系,short-answer,Core,在平面直角坐标系中，点P在第二象限，且到x轴的距离为3，到y轴的距离为2。求点P的坐标。,,"(-2, 3)","(-2, 3) | （-2，3） | -2,3 | x=-2,y=3","第二象限的点横坐标为负，纵坐标为正。到x轴的距离为纵坐标的绝对值，所以纵坐标为3；到y轴的距离为横坐标的绝对值，所以横坐标为-2。因此点P的坐标为(-2, 3)。",pep-junior-s1-lower-lines-coordinates,pep-junior-s1-lower-paper-data-collection,pep-junior-exam-coordinate-transformations,passed,needs-review,deepseek-original-v3-1200; pending-s18-manual-review
pep-junior-v3-s1-k04-sa-022,junior-rag-v3-1200,S1,lower,pep-junior-s1-lower-lines-coordinates,相交线、平行线与平面直角坐标系,short-answer,Core,比较大小：√37与6。请说明理由。,,√37 > 6,√37 > 6 | √37>6 | 根号37大于6 | √37大于6,因为6=√36，而37>36，所以√37>√36=6，即√37 > 6。,pep-junior-s1-lower-lines-coordinates,pep-junior-s1-lower-paper-coordinate-plane,pep-junior-exam-number-sense-real-numbers,passed,needs-review,deepseek-original-v3-1200; pending-s18-manual-review
pep-junior-v3-s1-k04-sa-023,junior-rag-v3-1200,S1,lower,pep-junior-s1-lower-lines-coordinates,相交线、平行线与平面直角坐标系,short-answer,Core,直线a∥b，直线c与a、b相交，若一组同旁内角中的∠1=65°，求另一角∠2的度数。,,115°,115° | 115度 | 115,两直线平行，同旁内角互补，所以∠1+∠2=180°。已知∠1=65°，则∠2=180°-65°=115°。,pep-junior-s1-lower-lines-coordinates,pep-junior-s1-lower-paper-lines-parallel-angles,pep-junior-exam-linear-equation-inequality-models,passed,needs-review,deepseek-original-v3-1200; pending-s18-manual-review
pep-junior-v3-s1-k04-sa-024,junior-rag-v3-1200,S1,lower,pep-junior-s1-lower-lines-coordinates,相交线、平行线与平面直角坐标系,short-answer,Core,"在平面直角坐标系中，点A的坐标是(-3, 5)，点B与点A关于x轴对称，点C与点B关于y轴对称。求点C的坐标。",,"(3, -5)","(3, -5) | (3,-5)","点A(-3,5)关于x轴对称得到点B(-3,-5)；点B(-3,-5)关于y轴对称得到点C(3,-5)。所以点C的坐标是(3, -5)。",pep-junior-s1-lower-lines-coordinates,pep-junior-s1-lower-paper-midterm-final-integrated,pep-junior-exam-statistics-probability,passed,needs-review,deepseek-original-v3-1200; pending-s18-manual-review
pep-junior-v3-s1-k04-sa-025,junior-rag-v3-1200,S1,lower,pep-junior-s1-lower-lines-coordinates,相交线、平行线与平面直角坐标系,short-answer,Core,"在平面直角坐标系中，点P的坐标是(2a-1, a+3)。若点P在x轴上，求a的值。",,-3,-3,点P在x轴上，则纵坐标为0，即a+3=0，解得a=-3。,pep-junior-s1-lower-lines-coordinates,pep-junior-s1-lower-paper-real-numbers,pep-junior-exam-applied-modeling-finance-rate,passed,needs-review,deepseek-original-v3-1200; pending-s18-manual-review
pep-junior-v3-s1-k04-sa-026,junior-rag-v3-1200,S1,lower,pep-junior-s1-lower-lines-coordinates,相交线、平行线与平面直角坐标系,short-answer,Core,"在平面直角坐标系中，点A(2, -1)先向左平移3个单位长度，再向上平移5个单位长度得到点B。求点B的坐标。",,"(-1, 4)","(-1, 4) | (-1,4)","点A(2,-1)向左平移3个单位，横坐标减3得-1；向上平移5个单位，纵坐标加5得4。所以点B的坐标是(-1, 4)。",pep-junior-s1-lower-lines-coordinates,pep-junior-s1-lower-paper-linear-systems,pep-junior-exam-coordinate-transformations,passed,needs-review,deepseek-original-v3-1200; pending-s18-manual-review
pep-junior-v3-s1-k04-sa-027,junior-rag-v3-1200,S1,lower,pep-junior-s1-lower-lines-coordinates,相交线、平行线与平面直角坐标系,short-answer,Core,在平面直角坐标系中，点M在第二象限，且点M到x轴的距离为4，到y轴的距离为2。写出点M的坐标。,,"(-2, 4)","(-2, 4) | (-2,4)","第二象限的点横坐标为负，纵坐标为正。到x轴的距离为纵坐标的绝对值，所以纵坐标为4；到y轴的距离为横坐标的绝对值，所以横坐标为-2。因此点M的坐标是(-2, 4)。",pep-junior-s1-lower-lines-coordinates,pep-junior-s1-lower-paper-inequalities,pep-junior-exam-number-sense-real-numbers,passed,needs-review,deepseek-original-v3-1200; pending-s18-manual-review
pep-junior-v3-s1-k04-sa-028,junior-rag-v3-1200,S1,lower,pep-junior-s1-lower-lines-coordinates,相交线、平行线与平面直角坐标系,short-answer,Core,"在平面直角坐标系中，点A的坐标是(4, -2)，点B的坐标是(-1, -2)。求线段AB的长度。",,5,5,点A和点B的纵坐标相同，都是-2，所以线段AB平行于x轴。长度等于横坐标差的绝对值：|4 - (-1)| = 5。,pep-junior-s1-lower-lines-coordinates,pep-junior-s1-lower-paper-data-collection,pep-junior-exam-linear-equation-inequality-models,passed,needs-review,deepseek-original-v3-1200; pending-s18-manual-review
pep-junior-v3-s1-k04-sa-029,junior-rag-v3-1200,S1,lower,pep-junior-s1-lower-lines-coordinates,相交线、平行线与平面直角坐标系,short-answer,Core,"在平面直角坐标系中，点P的坐标是(3, -4)。求点P到原点的距离。",,5,5,"点P(3,-4)到原点的距离为√(3²+(-4)²)=√(9+16)=√25=5。",pep-junior-s1-lower-lines-coordinates,pep-junior-s1-lower-paper-coordinate-plane,pep-junior-exam-statistics-probability,passed,needs-review,deepseek-original-v3-1200; pending-s18-manual-review
pep-junior-v3-s1-k04-sa-030,junior-rag-v3-1200,S1,lower,pep-junior-s1-lower-lines-coordinates,相交线、平行线与平面直角坐标系,short-answer,Core,"在平面直角坐标系中，已知点A(-2, 3)，点B(1, 3)，点C(1, -1)。求三角形ABC的面积。",,6,6,由坐标可知，AB平行于x轴，长度|1-(-2)|=3；BC平行于y轴，长度|3-(-1)|=4。∠B是直角，所以三角形ABC是直角三角形，面积=1/2×3×4=6。,pep-junior-s1-lower-lines-coordinates,pep-junior-s1-lower-paper-lines-parallel-angles,pep-junior-exam-applied-modeling-finance-rate,passed,needs-review,deepseek-original-v3-1200; pending-s18-manual-review
pep-junior-v3-s1-k04-sa-031,junior-rag-v3-1200,S1,lower,pep-junior-s1-lower-lines-coordinates,相交线、平行线与平面直角坐标系,short-answer,Core,"在平面直角坐标系中，点A的坐标是(a, b)，其中a<0，b>0。若将点A先向右平移3个单位，再向下平移2个单位后落在x轴上，且此时横坐标为1，求a和b的值。",,"a=-2, b=2","a=-2, b=2 | a=-2,b=2 | a=-2，b=2","平移后点的坐标为(a+3, b-2)。落在x轴上则纵坐标为0，即b-2=0，得b=2。横坐标为1，即a+3=1，得a=-2。所以a=-2, b=2。",pep-junior-s1-lower-lines-coordinates,pep-junior-s1-lower-paper-midterm-final-integrated,pep-junior-exam-coordinate-transformations,passed,needs-review,deepseek-original-v3-1200; pending-s18-manual-review
pep-junior-v3-s1-k04-sa-032,junior-rag-v3-1200,S1,lower,pep-junior-s1-lower-lines-coordinates,相交线、平行线与平面直角坐标系,short-answer,Core,"在平面直角坐标系中，点P的坐标是(√5, -√3)。判断点P所在的象限。",,第四象限,第四象限,点P的横坐标√5>0，纵坐标-√3<0，所以点P在第四象限。,pep-junior-s1-lower-lines-coordinates,pep-junior-s1-lower-paper-real-numbers,pep-junior-exam-number-sense-real-numbers,passed,needs-review,deepseek-original-v3-1200; pending-s18-manual-review
pep-junior-v3-s1-k04-sa-033,junior-rag-v3-1200,S1,lower,pep-junior-s1-lower-lines-coordinates,相交线、平行线与平面直角坐标系,short-answer,Core,"在平面直角坐标系中，点A(3, 2)和点B(3, -1)的距离为d1，点C(-2, 4)和点D(2, 4)的距离为d2。比较d1和d2的大小。",,d1 < d2,d1 < d2 | d1<d2,点A和点B横坐标相同，距离d1=|2-(-1)|=3。点C和点D纵坐标相同，距离d2=|2-(-2)|=4。因为3<4，所以d1 < d2。,pep-junior-s1-lower-lines-coordinates,pep-junior-s1-lower-paper-linear-systems,pep-junior-exam-linear-equation-inequality-models,passed,needs-review,deepseek-original-v3-1200; pending-s18-manual-review
pep-junior-v3-s1-k04-sa-034,junior-rag-v3-1200,S1,lower,pep-junior-s1-lower-lines-coordinates,相交线、平行线与平面直角坐标系,short-answer,Core,在平面直角坐标系中，点A的坐标是（-3，4）。将点A向右平移5个单位长度，再向下平移2个单位长度，得到点B。请写出点B的坐标，并说明点B所在的象限。,,（2，2），第一象限,"（2，2），第一象限 | (2,2)，第一象限 | （2,2），第一象限",点A（-3，4）向右平移5个单位，横坐标加5：-3+5=2；向下平移2个单位，纵坐标减2：4-2=2。因此点B的坐标为（2，2）。由于横坐标2>0，纵坐标2>0，所以点B在第一象限。答案为（2，2），第一象限。,pep-junior-s1-lower-lines-coordinates,pep-junior-s1-lower-paper-inequalities,pep-junior-exam-statistics-probability,passed,needs-review,deepseek-original-v3-1200; pending-s18-manual-review
pep-junior-v3-s1-k05-mc-001,junior-rag-v3-1200,S1,lower,pep-junior-s1-lower-equations-inequalities-data,二元一次方程组、不等式与数据初步,multiple-choice,Core,某校七年级组织研学活动，共有学生280人，计划租用A、B两种型号的大巴车共6辆。每辆A型车可坐50人，每辆B型车可坐40人，刚好坐满。设租用A型车x辆，B型车y辆，下列方程组正确的是（ ）,"x+y=280, 50x+40y=6 | x+y=6, 50x+40y=280 | x+y=6, 40x+50y=280 | x+y=280, 40x+50y=6","x+y=6, 50x+40y=280","x+y=6, 50x+40y=280 | B",设A型车x辆，B型车y辆。根据车辆总数：x+y=6；根据总人数：50x+40y=280。对比选项，B选项正确。答案为B。,pep-junior-s1-lower-equations-inequalities-data,pep-junior-s1-lower-paper-linear-systems,pep-junior-exam-linear-equation-inequality-models,passed,needs-review,deepseek-original-v3-1200; pending-s18-manual-review
pep-junior-v3-s1-k05-mc-002,junior-rag-v3-1200,S1,lower,pep-junior-s1-lower-equations-inequalities-data,二元一次方程组、不等式与数据初步,multiple-choice,Core,不等式2x-5<3的解集在数轴上表示正确的是（ ）,数轴上从-∞到4，4处为空心圆圈 | 数轴上从-∞到4，4处为实心圆点 | 数轴上从4到+∞，4处为空心圆圈 | 数轴上从4到+∞，4处为实心圆点,数轴上从-∞到4，4处为空心圆圈,数轴上从-∞到4，4处为空心圆圈 | A,解不等式2x-5<3：移项得2x<8，系数化为1得x<4。解集为x<4，在数轴上表示时，4处用空心圆圈，方向向左。选项A符合，答案为A。,pep-junior-s1-lower-equations-inequalities-data,pep-junior-s1-lower-paper-inequalities,pep-junior-exam-statistics-probability,passed,needs-review,deepseek-original-v3-1200; pending-s18-manual-review
pep-junior-v3-s1-k05-mc-003,junior-rag-v3-1200,S1,lower,pep-junior-s1-lower-equations-inequalities-data,二元一次方程组、不等式与数据初步,multiple-choice,Core,下列实数中，是无理数的是（ ）,3.14 | 22/7 | √8 | ³√-27,√8,√8 | C,A. 3.14是有限小数，是有理数；B. 22/7是分数，是有理数；C. √8=2√2，√2是无理数，所以√8是无理数；D. ³√-27=-3，是整数，是有理数。因此无理数是C，答案为C。,pep-junior-s1-lower-equations-inequalities-data,pep-junior-s1-lower-paper-midterm-final-integrated,pep-junior-exam-number-sense-real-numbers,passed,needs-review,deepseek-original-v3-1200; pending-s18-manual-review
pep-junior-v3-s1-k05-mc-004,junior-rag-v3-1200,S1,lower,pep-junior-s1-lower-equations-inequalities-data,二元一次方程组、不等式与数据初步,multiple-choice,Core,为了解七年级学生每天的睡眠时间，下列调查方式中最合适的是（ ）,对全校学生进行普查 | 选取七年级一个班进行抽样调查 | 在网上发布问卷，邀请网友填写 | 随机抽取七年级100名学生进行问卷调查,随机抽取七年级100名学生进行问卷调查,随机抽取七年级100名学生进行问卷调查 | D,调查对象是七年级学生，总体是七年级全体学生。A选项普查全校，范围过大；B选项只选一个班，样本代表性不足；C选项网上问卷，样本来源不明确；D选项随机抽取100名七年级学生，样本具有代表性且操作可行。因此最合适的是D，答案为D。,pep-junior-s1-lower-equations-inequalities-data,pep-junior-s1-lower-paper-data-collection,pep-junior-exam-coordinate-transformations,passed,needs-review,deepseek-original-v3-1200; pending-s18-manual-review
pep-junior-v3-s1-k05-mc-005,junior-rag-v3-1200,S1,lower,pep-junior-s1-lower-equations-inequalities-data,二元一次方程组、不等式与数据初步,multiple-choice,Core,直线a∥b，∠1与∠2是直线a、b被第三条直线所截形成的同旁内角，∠1=55°，则∠2的度数为（ ）。,55° | 125° | 135° | 145°,125°,125° | B,由于直线a∥b，∠1与∠2是同旁内角，根据平行线性质，同旁内角互补，即∠1+∠2=180°。已知∠1=55°，所以∠2=180°-55°=125°。,pep-junior-s1-lower-equations-inequalities-data,pep-junior-s1-lower-paper-lines-parallel-angles,pep-junior-exam-applied-modeling-finance-rate,passed,needs-review,deepseek-original-v3-1200; pending-s18-manual-review
pep-junior-v3-s1-k05-mc-006,junior-rag-v3-1200,S1,lower,pep-junior-s1-lower-equations-inequalities-data,二元一次方程组、不等式与数据初步,multiple-choice,Core,某商店将进价为80元的篮球按标价打八折出售，仍可获利20元，则该篮球的标价是（ ）,100元 | 120元 | 125元 | 130元,125元,125元 | C,设标价为x元，打八折后售价为0.8x元。获利=售价-进价，即0.8x-80=20，解得0.8x=100，x=125。所以标价为125元，答案为C。,pep-junior-s1-lower-equations-inequalities-data,pep-junior-s1-lower-paper-real-numbers,pep-junior-exam-linear-equation-inequality-models,passed,needs-review,deepseek-original-v3-1200; pending-s18-manual-review
pep-junior-v3-s1-k05-mc-007,junior-rag-v3-1200,S1,lower,pep-junior-s1-lower-equations-inequalities-data,二元一次方程组、不等式与数据初步,multiple-choice,Core,在平面直角坐标系中，将点P（-2，3）先向右平移4个单位，再向下平移1个单位，得到点Q，则点Q的坐标是（ ）,（2，2） | （-6，4） | （2，4） | （-6，2）,（2，2）,（2，2） | A,点P（-2，3）向右平移4个单位，横坐标加4：-2+4=2；向下平移1个单位，纵坐标减1：3-1=2。所以点Q的坐标为（2，2），答案为A。,pep-junior-s1-lower-equations-inequalities-data,pep-junior-s1-lower-paper-coordinate-plane,pep-junior-exam-statistics-probability,passed,needs-review,deepseek-original-v3-1200; pending-s18-manual-review
pep-junior-v3-s1-k05-mc-008,junior-rag-v3-1200,S1,lower,pep-junior-s1-lower-equations-inequalities-data,二元一次方程组、不等式与数据初步,multiple-choice,Core,"已知关于x、y的方程组 { 2x+y=7, x-2y=-4 } 的解为（ ）","x=2, y=3 | x=3, y=1 | x=1, y=5 | x=-1, y=9","x=2, y=3","x=2, y=3 | A",解方程组：①2x+y=7，②x-2y=-4。由②得x=2y-4，代入①：2(2y-4)+y=7，4y-8+y=7，5y=15，y=3。将y=3代入x=2y-4得x=2。所以解为x=2，y=3，答案为A。,pep-junior-s1-lower-equations-inequalities-data,pep-junior-s1-lower-paper-linear-systems,pep-junior-exam-number-sense-real-numbers,passed,needs-review,deepseek-original-v3-1200; pending-s18-manual-review
pep-junior-v3-s1-k05-mc-009,junior-rag-v3-1200,S1,lower,pep-junior-s1-lower-equations-inequalities-data,二元一次方程组、不等式与数据初步,multiple-choice,Core,某次知识竞赛共有20道题，答对一题得5分，答错或不答扣2分。小明想要得分不低于80分，他至少要答对多少道题？设答对x道题，可列不等式（ ）,5x-2(20-x)≥80 | 5x-2(20-x)≤80 | 5x+2(20-x)≥80 | 5x+2(20-x)≤80,5x-2(20-x)≥80,5x-2(20-x)≥80 | A,答对x道题，得5x分；答错或不答(20-x)道题，扣2(20-x)分。总得分=5x-2(20-x)。要求不低于80分，即5x-2(20-x)≥80。选项A正确，答案为A。,pep-junior-s1-lower-equations-inequalities-data,pep-junior-s1-lower-paper-inequalities,pep-junior-exam-coordinate-transformations,passed,needs-review,deepseek-original-v3-1200; pending-s18-manual-review
pep-junior-v3-s1-k05-mc-010,junior-rag-v3-1200,S1,lower,pep-junior-s1-lower-equations-inequalities-data,二元一次方程组、不等式与数据初步,multiple-choice,Core,某文具店推出两种优惠方案：方案一，每支笔打八折；方案二，买三支笔送一支。小明需要购买若干支单价为5元的笔，若两种方案的实际付款相同，则他购买的笔的最少数量是（ ）。,4支 | 5支 | 6支 | 8支,5支,5支,设购买x支笔。方案一付款：5×0.8×x=4x元。方案二：买三送一，每4支只需付3支的钱，但x可能不是4的倍数。当x=5时，方案一付款20元；方案二：先买4支（付3支钱15元）得4支，再买1支付5元，共20元，付款相同。且5是满足条件的最小正整数。,pep-junior-s1-lower-equations-inequalities-data,pep-junior-s1-lower-paper-midterm-final-integrated,pep-junior-exam-applied-modeling-finance-rate,passed,needs-review,deepseek-original-v3-1200; pending-s18-manual-review
pep-junior-v3-s1-k05-mc-011,junior-rag-v3-1200,S1,lower,pep-junior-s1-lower-equations-inequalities-data,二元一次方程组、不等式与数据初步,multiple-choice,Core,为了解七年级学生每天的睡眠时间，最适合采用以下哪种调查方式？（ ）,对全校学生进行普查 | 对七年级一个班的学生进行抽样调查 | 对七年级部分学生进行随机抽样调查 | 对七年级成绩前50名的学生进行调查,对七年级部分学生进行随机抽样调查,对七年级部分学生进行随机抽样调查,调查七年级学生睡眠时间，总体是七年级全体学生。普查工作量大且不必要；只调查一个班或成绩前50名不具有代表性；随机抽样调查能较好地代表总体，且操作可行。因此最适合采用对七年级部分学生进行随机抽样调查。,pep-junior-s1-lower-equations-inequalities-data,pep-junior-s1-lower-paper-data-collection,pep-junior-exam-linear-equation-inequality-models,passed,needs-review,deepseek-original-v3-1200; pending-s18-manual-review
pep-junior-v3-s1-k05-mc-012,junior-rag-v3-1200,S1,lower,pep-junior-s1-lower-equations-inequalities-data,二元一次方程组、不等式与数据初步,multiple-choice,Core,直线AB与CD相交于点O，OE平分∠AOC，若∠AOE=35°，则∠BOD的度数是（ ）。,35° | 55° | 70° | 110°,70°,70°,由OE平分∠AOC，得∠AOC=2∠AOE=2×35°=70°。因为∠AOC与∠BOD是对顶角，对顶角相等，所以∠BOD=∠AOC=70°。故∠BOD的度数是70°。,pep-junior-s1-lower-equations-inequalities-data,pep-junior-s1-lower-paper-lines-parallel-angles,pep-junior-exam-statistics-probability,passed,needs-review,deepseek-original-v3-1200; pending-s18-manual-review
pep-junior-v3-s1-k05-mc-013,junior-rag-v3-1200,S1,lower,pep-junior-s1-lower-equations-inequalities-data,二元一次方程组、不等式与数据初步,multiple-choice,Core,下列实数中，最大的是（ ）。,√1.5 | √2.5 | √3.5 | √4.5,√4.5,√4.5,比较被开方数：4.5 > 3.5 > 2.5 > 1.5，且算术平方根随被开方数增大而增大，所以√4.5最大。,pep-junior-s1-lower-equations-inequalities-data,pep-junior-s1-lower-paper-real-numbers,pep-junior-exam-number-sense-real-numbers,passed,needs-review,deepseek-original-v3-1200; pending-s18-manual-review
pep-junior-v3-s1-k05-mc-014,junior-rag-v3-1200,S1,lower,pep-junior-s1-lower-equations-inequalities-data,二元一次方程组、不等式与数据初步,multiple-choice,Core,"在平面直角坐标系中，点A的坐标为(3, -2)，将点A先向右平移4个单位，再向上平移3个单位，得到点B，则点B所在的象限是（ ）。",第一象限 | 第二象限 | 第三象限 | 第四象限,第一象限,第一象限,"点A(3, -2)向右平移4个单位，横坐标加4得3+4=7；向上平移3个单位，纵坐标加3得-2+3=1。所以点B的坐标为(7, 1)。横坐标7>0，纵坐标1>0，因此点B在第一象限。故答案为第一象限。",pep-junior-s1-lower-equations-inequalities-data,pep-junior-s1-lower-paper-coordinate-plane,pep-junior-exam-coordinate-transformations,passed,needs-review,deepseek-original-v3-1200; pending-s18-manual-review
pep-junior-v3-s1-k05-mc-015,junior-rag-v3-1200,S1,lower,pep-junior-s1-lower-equations-inequalities-data,二元一次方程组、不等式与数据初步,multiple-choice,Core,小丽买了3本笔记本和5支笔共花了19元，小华买了同样的6本笔记本和2支笔共花了22元。设笔记本单价为x元，笔单价为y元，下列方程组正确的是（ ）。,"3x+5y=19, 6x+2y=22 | 3x+5y=19, 2x+6y=22 | 5x+3y=19, 6x+2y=22 | 3x+5y=22, 6x+2y=19","3x+5y=19, 6x+2y=22","3x+5y=19, 6x+2y=22","根据题意，小丽：3本笔记本和5支笔共19元，即3x+5y=19；小华：6本笔记本和2支笔共22元，即6x+2y=22。因此方程组为3x+5y=19, 6x+2y=22。故答案选3x+5y=19, 6x+2y=22。",pep-junior-s1-lower-equations-inequalities-data,pep-junior-s1-lower-paper-linear-systems,pep-junior-exam-applied-modeling-finance-rate,passed,needs-review,deepseek-original-v3-1200; pending-s18-manual-review
pep-junior-v3-s1-k05-mc-016,junior-rag-v3-1200,S1,lower,pep-junior-s1-lower-equations-inequalities-data,二元一次方程组、不等式与数据初步,multiple-choice,Core,某次知识竞赛共有20道题，答对一题得5分，答错或不答扣2分。小明想要得分不低于80分，设他答对了x道题，则可列不等式为（ ）。,5x-2(20-x)≥80 | 5x+2(20-x)≥80 | 5x-2(20-x)>80 | 5x-2x≥80,5x-2(20-x)≥80,5x-2(20-x)≥80,答对x题，则答错或不答(20-x)题。得分：答对得5x分，答错或不答扣2(20-x)分，总分为5x-2(20-x)。不低于80分即≥80，所以不等式为5x-2(20-x)≥80。故答案为5x-2(20-x)≥80。,pep-junior-s1-lower-equations-inequalities-data,pep-junior-s1-lower-paper-inequalities,pep-junior-exam-linear-equation-inequality-models,passed,needs-review,deepseek-original-v3-1200; pending-s18-manual-review
pep-junior-v3-s1-k05-mc-017,junior-rag-v3-1200,S1,lower,pep-junior-s1-lower-equations-inequalities-data,二元一次方程组、不等式与数据初步,multiple-choice,Core,某校七年级随机抽取了50名学生进行身高测量，其中身高在155cm以上的有32人。据此估计，该校七年级400名学生中身高在155cm以上的人数约为（ ）。,200人 | 256人 | 300人 | 320人,256人,256人,样本中身高155cm以上的频率为32/50=0.64。用样本频率估计总体，400×0.64=256人。故估计该校七年级身高在155cm以上的人数约为256人。,pep-junior-s1-lower-equations-inequalities-data,pep-junior-s1-lower-paper-midterm-final-integrated,pep-junior-exam-statistics-probability,passed,needs-review,deepseek-original-v3-1200; pending-s18-manual-review
pep-junior-v3-s1-k05-mc-018,junior-rag-v3-1200,S1,lower,pep-junior-s1-lower-equations-inequalities-data,二元一次方程组、不等式与数据初步,multiple-choice,Core,为了记录某同学一周内每天完成作业的时间，最适合使用的统计图是（ ）。,条形统计图 | 折线统计图 | 扇形统计图 | 频数分布直方图,折线统计图,折线统计图,折线统计图能清晰地反映数据随时间的变化趋势。记录一周内每天完成作业的时间，需要看出每天的变化情况，因此最适合使用折线统计图。故答案为折线统计图。,pep-junior-s1-lower-equations-inequalities-data,pep-junior-s1-lower-paper-data-collection,pep-junior-exam-number-sense-real-numbers,passed,needs-review,deepseek-original-v3-1200; pending-s18-manual-review
pep-junior-v3-s1-k05-mc-019,junior-rag-v3-1200,S1,lower,pep-junior-s1-lower-equations-inequalities-data,二元一次方程组、不等式与数据初步,multiple-choice,Core,"在平面直角坐标系中，将点P(-2, 3)先向左平移3个单位，再向下平移2个单位，得到点Q，则点Q关于x轴的对称点的坐标是（ ）。","(-5, -1) | (-5, 1) | (1, -5) | (-1, -5)","(-5, -1)","(-5, -1)","点P(-2, 3)向左平移3个单位，横坐标减3得-2-3=-5；向下平移2个单位，纵坐标减2得3-2=1。所以点Q的坐标为(-5, 1)。点Q关于x轴对称，横坐标不变，纵坐标互为相反数，得对称点坐标为(-5, -1)。故答案为(-5, -1)。",pep-junior-s1-lower-equations-inequalities-data,pep-junior-s1-lower-paper-lines-parallel-angles,pep-junior-exam-coordinate-transformations,passed,needs-review,deepseek-original-v3-1200; pending-s18-manual-review
pep-junior-v3-s1-k05-mc-020,junior-rag-v3-1200,S1,lower,pep-junior-s1-lower-equations-inequalities-data,二元一次方程组、不等式与数据初步,multiple-choice,Core,某社区为鼓励居民节约用水，规定每户每月用水量不超过8吨时，每吨收费2元；超过8吨的部分，每吨收费3元。小丽家上月用水x吨（x>8），她家水费y元可以用哪个关系式表示？,y = 2x | y = 3x - 8 | y = 2×8 + 3(x - 8) | y = 2(x - 8) + 3×8,y = 2×8 + 3(x - 8),y = 2×8 + 3(x - 8) | y=2×8+3(x-8) | y = 16 + 3(x - 8) | y=16+3(x-8) | y = 3x - 8 | y=3x-8,不超过8吨的部分水费为2×8元，超过8吨的部分为(x-8)吨，每吨3元，水费为3(x-8)元，总水费y = 2×8 + 3(x - 8)。,pep-junior-s1-lower-equations-inequalities-data,pep-junior-s1-lower-paper-real-numbers,pep-junior-exam-applied-modeling-finance-rate,passed,needs-review,deepseek-original-v3-1200; pending-s18-manual-review
pep-junior-v3-s1-k05-mc-021,junior-rag-v3-1200,S1,lower,pep-junior-s1-lower-equations-inequalities-data,二元一次方程组、不等式与数据初步,multiple-choice,Core,"已知点P的坐标为(a, b)，且ab<0，则点P在哪个象限？",第一象限或第三象限 | 第二象限或第四象限 | 第一象限或第二象限 | 第三象限或第四象限,第二象限或第四象限,第二象限或第四象限,因为ab<0，所以a和b异号。当a>0，b<0时，点P在第四象限；当a<0，b>0时，点P在第二象限。因此点P在第二象限或第四象限。,pep-junior-s1-lower-equations-inequalities-data,pep-junior-s1-lower-paper-coordinate-plane,pep-junior-exam-linear-equation-inequality-models,passed,needs-review,deepseek-original-v3-1200; pending-s18-manual-review
pep-junior-v3-s1-k05-mc-022,junior-rag-v3-1200,S1,lower,pep-junior-s1-lower-equations-inequalities-data,二元一次方程组、不等式与数据初步,multiple-choice,Core,为了解某校七年级学生每天完成家庭作业的时间，以下调查方式中，最合理的是：,调查该校七年级每个班的班长 | 调查该校七年级成绩最好的20名学生 | 从该校七年级每个班随机抽取5名学生进行调查 | 调查该校七年级所有参加数学兴趣小组的学生,从该校七年级每个班随机抽取5名学生进行调查,从该校七年级每个班随机抽取5名学生进行调查,抽样调查时，样本要具有代表性。选项A只调查班长，选项B只调查成绩好的学生，选项D只调查数学兴趣小组的学生，样本都不具有代表性。选项C采用随机抽样，样本具有代表性，因此最合理。,pep-junior-s1-lower-equations-inequalities-data,pep-junior-s1-lower-paper-linear-systems,pep-junior-exam-statistics-probability,passed,needs-review,deepseek-original-v3-1200; pending-s18-manual-review
pep-junior-v3-s1-k05-mc-023,junior-rag-v3-1200,S1,lower,pep-junior-s1-lower-equations-inequalities-data,二元一次方程组、不等式与数据初步,multiple-choice,Core,下列各数中，比√3大且比√10小的整数是：,1 | 2 | 3 | 4,2,2,因为1<√3<2，3<√10<4，所以比√3大且比√10小的整数只有2。,pep-junior-s1-lower-equations-inequalities-data,pep-junior-s1-lower-paper-inequalities,pep-junior-exam-number-sense-real-numbers,passed,needs-review,deepseek-original-v3-1200; pending-s18-manual-review
pep-junior-v3-s1-k05-mc-024,junior-rag-v3-1200,S1,lower,pep-junior-s1-lower-equations-inequalities-data,二元一次方程组、不等式与数据初步,multiple-choice,Core,直线AB与CD相交于点O，OE平分∠AOC。若∠AOD=130°，求∠COE的度数。,25° | 50° | 65° | 75°,25°,25° | 25度 | 25,因为∠AOD与∠AOC是邻补角，所以∠AOC=180°-130°=50°。又因为OE平分∠AOC，所以∠COE=1/2×50°=25°。,pep-junior-s1-lower-equations-inequalities-data,pep-junior-s1-lower-paper-midterm-final-integrated,pep-junior-exam-coordinate-transformations,passed,needs-review,deepseek-original-v3-1200; pending-s18-manual-review
pep-junior-v3-s1-k05-mc-025,junior-rag-v3-1200,S1,lower,pep-junior-s1-lower-equations-inequalities-data,二元一次方程组、不等式与数据初步,multiple-choice,Core,某班40名学生参加植树活动，统计结果如下表： | 植树数量（棵） | 3 | 4 | 5 | 6 | |--------------|---|---|---|---| | 人数          | 8 | 12| 14| 6 | 该班学生植树数量的众数是：,3 | 4 | 5 | 6,5,5,众数是一组数据中出现次数最多的数据。植树5棵的人数最多，为14人，所以众数是5。,pep-junior-s1-lower-equations-inequalities-data,pep-junior-s1-lower-paper-data-collection,pep-junior-exam-applied-modeling-finance-rate,passed,needs-review,deepseek-original-v3-1200; pending-s18-manual-review
pep-junior-v3-s1-k05-mc-026,junior-rag-v3-1200,S1,lower,pep-junior-s1-lower-equations-inequalities-data,二元一次方程组、不等式与数据初步,multiple-choice,Core,某商店销售A、B两种商品，A商品每件利润20元，B商品每件利润15元。若一天销售A、B共50件，总利润为850元，则销售A商品多少件？,10 | 20 | 25 | 30,20,20 | 20件,设销售A商品x件，则销售B商品(50-x)件。根据总利润列方程：20x+15(50-x)=850，解得x=20。所以销售A商品20件。,pep-junior-s1-lower-equations-inequalities-data,pep-junior-s1-lower-paper-lines-parallel-angles,pep-junior-exam-linear-equation-inequality-models,passed,needs-review,deepseek-original-v3-1200; pending-s18-manual-review
pep-junior-v3-s1-k05-mc-027,junior-rag-v3-1200,S1,lower,pep-junior-s1-lower-equations-inequalities-data,二元一次方程组、不等式与数据初步,multiple-choice,Core,下列调查中，适合用全面调查（普查）的是：,了解一批灯泡的使用寿命 | 了解某市中学生每天的睡眠时间 | 了解某班学生校服的尺码情况 | 了解某品牌新能源汽车的续航里程,了解某班学生校服的尺码情况,了解某班学生校服的尺码情况,全面调查适合调查对象数量少、容易实施且需要精确结果的情况。某班学生人数较少，校服尺码需要精确数据，适合全面调查。其他选项调查对象数量多或具有破坏性，适合抽样调查。,pep-junior-s1-lower-equations-inequalities-data,pep-junior-s1-lower-paper-real-numbers,pep-junior-exam-statistics-probability,passed,needs-review,deepseek-original-v3-1200; pending-s18-manual-review
pep-junior-v3-s1-k05-mc-028,junior-rag-v3-1200,S1,lower,pep-junior-s1-lower-equations-inequalities-data,二元一次方程组、不等式与数据初步,multiple-choice,Core,"在平面直角坐标系中，将点A(-2, 3)先向右平移4个单位，再向下平移1个单位，得到点B，则点B的坐标是：","(2, 2) | (-6, 4) | (2, 4) | (-6, 2)","(2, 2)","(2, 2) | (2,2) | 2,2","点A(-2,3)向右平移4个单位，横坐标加4，得(2,3)；再向下平移1个单位，纵坐标减1，得(2,2)。所以点B的坐标是(2,2)。",pep-junior-s1-lower-equations-inequalities-data,pep-junior-s1-lower-paper-coordinate-plane,pep-junior-exam-number-sense-real-numbers,passed,needs-review,deepseek-original-v3-1200; pending-s18-manual-review
pep-junior-v3-s1-k05-mc-029,junior-rag-v3-1200,S1,lower,pep-junior-s1-lower-equations-inequalities-data,二元一次方程组、不等式与数据初步,multiple-choice,Core,已知二元一次方程组： 3x - y = 5 x + 2y = 4 则x+y的值为：,1 | 2 | 3 | 4,3,3,解方程组：由①得y=3x-5，代入②得x+2(3x-5)=4，7x-10=4，x=2，y=1，所以x+y=3。,pep-junior-s1-lower-equations-inequalities-data,pep-junior-s1-lower-paper-linear-systems,pep-junior-exam-coordinate-transformations,passed,needs-review,deepseek-original-v3-1200; pending-s18-manual-review
pep-junior-v3-s1-k05-mc-030,junior-rag-v3-1200,S1,lower,pep-junior-s1-lower-equations-inequalities-data,二元一次方程组、不等式与数据初步,multiple-choice,Core,某文具店推出两种笔记本套装：A 套装含 2 本软抄和 1 支笔，售价 13 元；B 套装含 1 本软抄和 2 支笔，售价 11 元。小文买了 5 个套装，共付 57 元。设他买了 x 个 A 套装，y 个 B 套装，下列方程组正确的是（ ）。,"{ x + y = 5, 13x + 11y = 57 } | { x + y = 5, 11x + 13y = 57 } | { x + y = 57, 13x + 11y = 5 } | { x + y = 57, 11x + 13y = 5 }","{ x + y = 5, 13x + 11y = 57 }","{ x + y = 5, 13x + 11y = 57 } | A","设 A 套装买了 x 个，B 套装买了 y 个。由“买了 5 个套装”得 x + y = 5。A 套装每个 13 元，B 套装每个 11 元，共付 57 元，得 13x + 11y = 57。正确选项为 A. { x + y = 5, 13x + 11y = 57 }。",pep-junior-s1-lower-equations-inequalities-data,pep-junior-s1-lower-paper-inequalities,pep-junior-exam-applied-modeling-finance-rate,passed,needs-review,deepseek-original-v3-1200; pending-s18-manual-review
pep-junior-v3-s1-k05-mc-031,junior-rag-v3-1200,S1,lower,pep-junior-s1-lower-equations-inequalities-data,二元一次方程组、不等式与数据初步,multiple-choice,Core,某校七年级组织研学活动，若每辆车坐 45 人，则有 15 人无座位；若每辆车坐 50 人，则空出 1 辆车。设租车 x 辆，学生 y 人，下列方程组正确的是（ ）。,"{ y = 45x + 15, y = 50(x - 1) } | { y = 45x - 15, y = 50(x + 1) } | { y = 45x + 15, y = 50(x + 1) } | { y = 45x - 15, y = 50(x - 1) }","{ y = 45x + 15, y = 50(x - 1) }","{ y = 45x + 15, y = 50(x - 1) } | A","若租车 x 辆，每车 45 人，则多出 15 人，故 y = 45x + 15。若每车 50 人，则空出 1 辆车，即实际用了 (x - 1) 辆车，故 y = 50(x - 1)。正确选项为 A. { y = 45x + 15, y = 50(x - 1) }。",pep-junior-s1-lower-equations-inequalities-data,pep-junior-s1-lower-paper-midterm-final-integrated,pep-junior-exam-linear-equation-inequality-models,passed,needs-review,deepseek-original-v3-1200; pending-s18-manual-review
pep-junior-v3-s1-k05-mc-032,junior-rag-v3-1200,S1,lower,pep-junior-s1-lower-equations-inequalities-data,二元一次方程组、不等式与数据初步,multiple-choice,Core,为了解七年级学生每天的睡眠时间，以下调查方式中最合理的是（ ）。,对全校学生进行普查 | 从八年级随机抽取 100 名学生 | 从七年级各班随机抽取共 100 名学生 | 只调查七年级某班的班干部,从七年级各班随机抽取共 100 名学生,从七年级各班随机抽取共 100 名学生 | C,调查对象是七年级学生，应从中随机抽样，样本要有代表性且覆盖各班。选项 A 范围过大，B 年级不符，D 样本不随机。最合理的是 C. 从七年级各班随机抽取共 100 名学生。,pep-junior-s1-lower-equations-inequalities-data,pep-junior-s1-lower-paper-data-collection,pep-junior-exam-statistics-probability,passed,needs-review,deepseek-original-v3-1200; pending-s18-manual-review
pep-junior-v3-s1-k05-mc-033,junior-rag-v3-1200,S1,lower,pep-junior-s1-lower-equations-inequalities-data,二元一次方程组、不等式与数据初步,multiple-choice,Core,下列各数中，比 √3 大且比 √10 小的数是（ ）。,1.5 | 2.5 | 3.5 | 4.5,2.5,2.5 | B,√3 ≈ 1.732，√10 ≈ 3.162。1.5 < 1.732，3.5 > 3.162，4.5 > 3.162，只有 2.5 在 1.732 和 3.162 之间。故答案为 B. 2.5。,pep-junior-s1-lower-equations-inequalities-data,pep-junior-s1-lower-paper-lines-parallel-angles,pep-junior-exam-number-sense-real-numbers,passed,needs-review,deepseek-original-v3-1200; pending-s18-manual-review
pep-junior-v3-s1-k05-fi-001,junior-rag-v3-1200,S1,lower,pep-junior-s1-lower-equations-inequalities-data,二元一次方程组、不等式与数据初步,fill-in,Core,"已知关于 x, y 的方程组 { 3x + 2y = 8, 2x + y = 5 } 的解为 x = a, y = b，则 a + b 的值为 ______。",,3,3 | 3.0,"解方程组：由 2x + y = 5 得 y = 5 - 2x。代入 3x + 2(5 - 2x) = 8，得 3x + 10 - 4x = 8，-x = -2，x = 2。则 y = 5 - 4 = 1。所以 a = 2, b = 1，a + b = 3。答案为 3。",pep-junior-s1-lower-equations-inequalities-data,pep-junior-s1-lower-paper-linear-systems,pep-junior-exam-linear-equation-inequality-models,passed,needs-review,deepseek-original-v3-1200; pending-s18-manual-review
pep-junior-v3-s1-k05-fi-002,junior-rag-v3-1200,S1,lower,pep-junior-s1-lower-equations-inequalities-data,二元一次方程组、不等式与数据初步,fill-in,Core,某次知识竞赛共有 20 道题，答对一题得 5 分，答错或不答扣 2 分。若小华得分超过 70 分，设他答对了 x 道题，则可列出不等式为 ______。,,5x - 2(20 - x) > 70,5x - 2(20 - x) > 70 | 5x-2(20-x)>70 | 5x - 40 + 2x > 70 | 7x - 40 > 70,答对 x 题得 5x 分，答错或不答 (20 - x) 题扣 2(20 - x) 分，总分超过 70 分，即 5x - 2(20 - x) > 70。化简得 7x - 40 > 70。答案为 5x - 2(20 - x) > 70。,pep-junior-s1-lower-equations-inequalities-data,pep-junior-s1-lower-paper-inequalities,pep-junior-exam-statistics-probability,passed,needs-review,deepseek-original-v3-1200; pending-s18-manual-review
pep-junior-v3-s1-k05-fi-003,junior-rag-v3-1200,S1,lower,pep-junior-s1-lower-equations-inequalities-data,二元一次方程组、不等式与数据初步,fill-in,Core,"若 a, b 为实数，且 |a - 2| + √(b + 3) = 0，则 a + b 的值为 ______。",,-1,-1 | -1.0,由非负性，|a - 2| ≥ 0，√(b + 3) ≥ 0，和为 0 则各自为 0。所以 a - 2 = 0，得 a = 2；b + 3 = 0，得 b = -3。则 a + b = 2 + (-3) = -1。答案为 -1。,pep-junior-s1-lower-equations-inequalities-data,pep-junior-s1-lower-paper-midterm-final-integrated,pep-junior-exam-number-sense-real-numbers,passed,needs-review,deepseek-original-v3-1200; pending-s18-manual-review
pep-junior-v3-s1-k05-fi-004,junior-rag-v3-1200,S1,lower,pep-junior-s1-lower-equations-inequalities-data,二元一次方程组、不等式与数据初步,fill-in,Core,某班 40 名学生参加课外小组情况如下：美术组 12 人，音乐组 15 人，体育组 8 人，科技组 5 人。若用扇形统计图表示，则美术组对应扇形的圆心角度数为 ______°。,,108,108 | 108° | 108度,总人数 40，美术组占 12/40 = 0.3。圆心角 = 360° × 0.3 = 108°。答案为 108。,pep-junior-s1-lower-equations-inequalities-data,pep-junior-s1-lower-paper-data-collection,pep-junior-exam-coordinate-transformations,passed,needs-review,deepseek-original-v3-1200; pending-s18-manual-review
pep-junior-v3-s1-k05-fi-005,junior-rag-v3-1200,S1,lower,pep-junior-s1-lower-equations-inequalities-data,二元一次方程组、不等式与数据初步,fill-in,Core,直线 AB、CD 相交于点 O，OE 平分 ∠AOD。若 ∠AOC = 50°，则 ∠DOE 的度数为 ______°。,,65,65 | 65° | 65度,由对顶角相等，∠AOD = ∠BOC。∠AOC 与 ∠AOD 互补，∠AOD = 180° - 50° = 130°。OE 平分 ∠AOD，故 ∠DOE = 130° ÷ 2 = 65°。答案为 65。,pep-junior-s1-lower-equations-inequalities-data,pep-junior-s1-lower-paper-lines-parallel-angles,pep-junior-exam-applied-modeling-finance-rate,passed,needs-review,deepseek-original-v3-1200; pending-s18-manual-review
pep-junior-v3-s1-k05-fi-006,junior-rag-v3-1200,S1,lower,pep-junior-s1-lower-equations-inequalities-data,二元一次方程组、不等式与数据初步,fill-in,Core,某商店将进价为 80 元的商品按标价的八折出售，仍可获利 20%，则该商品的标价为 ______ 元。,,120,120 | 120元,设标价为 x 元，则售价为 0.8x 元。获利 20% 即售价 = 进价 × (1 + 20%) = 80 × 1.2 = 96 元。所以 0.8x = 96，解得 x = 120。答案为 120。,pep-junior-s1-lower-equations-inequalities-data,pep-junior-s1-lower-paper-real-numbers,pep-junior-exam-linear-equation-inequality-models,passed,needs-review,deepseek-original-v3-1200; pending-s18-manual-review
pep-junior-v3-s1-k05-fi-007,junior-rag-v3-1200,S1,lower,pep-junior-s1-lower-equations-inequalities-data,二元一次方程组、不等式与数据初步,fill-in,Exam,某校七年级学生参加社会实践活动，原计划租用45座客车x辆，但还有15人没有座位；如果租用60座客车，则可少租一辆且最后一辆车还空出10个座位。设学生总人数为y人，请列出关于x和y的二元一次方程组：_______________。,,"45x+15=y, 60(x-1)-10=y 或 45x+15=y, 60(x-1)=y+10","45x+15=y, 60(x-1)-10=y 或 45x+15=y, 60(x-1)=y+10 | 45x+15=y, 60(x-1)-10=y | 45x+15=y, 60(x-1)=y+10 | 45x+15=y, 60x-60-10=y | 45x+15=y, 60x-70=y","设原计划租用45座客车x辆，学生总人数为y人。根据第一种租车方案，45x+15=y；根据第二种方案，租用60座客车(x-1)辆，最后一辆车空出10个座位，即60(x-1)-10=y。因此方程组为45x+15=y, 60(x-1)-10=y。",pep-junior-s1-lower-equations-inequalities-data,pep-junior-s1-lower-paper-coordinate-plane,pep-junior-exam-statistics-probability,passed,needs-review,deepseek-original-v3-1200; pending-s18-manual-review
pep-junior-v3-s1-k05-fi-008,junior-rag-v3-1200,S1,lower,pep-junior-s1-lower-equations-inequalities-data,二元一次方程组、不等式与数据初步,fill-in,Exam,已知a、b为有理数，且满足|a+1|+√(b-2)=0，则a-b的值为_______________。,,-3,-3,由非负数的性质，|a+1|≥0，√(b-2)≥0，它们的和为0，则每个非负数必为0。所以a+1=0，得a=-1；b-2=0，得b=2。因此a-b=-1-2=-3。,pep-junior-s1-lower-equations-inequalities-data,pep-junior-s1-lower-paper-linear-systems,pep-junior-exam-number-sense-real-numbers,passed,needs-review,deepseek-original-v3-1200; pending-s18-manual-review
pep-junior-v3-s1-k05-fi-009,junior-rag-v3-1200,S1,lower,pep-junior-s1-lower-equations-inequalities-data,二元一次方程组、不等式与数据初步,fill-in,Exam,"在平面直角坐标系中，将点P(-3,5)先向右平移4个单位，再向下平移2个单位得到点Q，则点Q的坐标为_______________。",,"(1,3)","(1,3) | 1,3","点P(-3,5)向右平移4个单位，横坐标加4，得-3+4=1；向下平移2个单位，纵坐标减2，得5-2=3。所以点Q的坐标为(1,3)。",pep-junior-s1-lower-equations-inequalities-data,pep-junior-s1-lower-paper-inequalities,pep-junior-exam-coordinate-transformations,passed,needs-review,deepseek-original-v3-1200; pending-s18-manual-review
pep-junior-v3-s1-k05-fi-010,junior-rag-v3-1200,S1,lower,pep-junior-s1-lower-equations-inequalities-data,二元一次方程组、不等式与数据初步,fill-in,Exam,某商店销售一种商品，成本为每件40元。若按每件50元出售，每月可售出500件。经调查发现，售价每提高1元，月销售量减少10件。设售价定为x元（x>50），每月利润为y元，则y关于x的函数关系式为_______________。,,y=(x-40)(1000-10x) 或 y=-10x²+1400x-40000,y=(x-40)(1000-10x) 或 y=-10x²+1400x-40000 | y=(x-40)(1000-10x) | y=-10x²+1400x-40000 | y=(x-40)[500-10(x-50)],售价为x元，则每件利润为(x-40)元。售价提高了(x-50)元，销售量减少10(x-50)件，月销售量为500-10(x-50)=1000-10x件。所以利润y=(x-40)(1000-10x)，化简得y=-10x²+1400x-40000。,pep-junior-s1-lower-equations-inequalities-data,pep-junior-s1-lower-paper-midterm-final-integrated,pep-junior-exam-applied-modeling-finance-rate,passed,needs-review,deepseek-original-v3-1200; pending-s18-manual-review
pep-junior-v3-s1-k05-fi-011,junior-rag-v3-1200,S1,lower,pep-junior-s1-lower-equations-inequalities-data,二元一次方程组、不等式与数据初步,fill-in,Exam,为了解某校七年级学生每天完成家庭作业的时间，随机调查了部分学生，得到如下频数分布表（部分数据被墨水遮盖）： | 时间t/分钟 | 频数 | |------------|------| | 30≤t<45  | 6    | | 45≤t<60  | 10   | | 60≤t<75  | ■    | | 75≤t<90  | 8    | | 90≤t<105 | 4    | 已知被调查的学生中，每天作业时间在60≤t<75分钟这一组的频率为0.25，则被调查的学生共有_______________人。,,40,40,设被调查的学生共有x人，则60≤t<75这一组的频数为0.25x。根据频数分布表，各组频数之和等于总人数，得6+10+0.25x+8+4=x，即28+0.25x=x，解得x=40。因此被调查的学生共有40人。,pep-junior-s1-lower-equations-inequalities-data,pep-junior-s1-lower-paper-data-collection,pep-junior-exam-linear-equation-inequality-models,passed,needs-review,deepseek-original-v3-1200; pending-s18-manual-review
pep-junior-v3-s1-k05-fi-012,junior-rag-v3-1200,S1,lower,pep-junior-s1-lower-equations-inequalities-data,二元一次方程组、不等式与数据初步,fill-in,Exam,直线AB、CD相交于点O，OE平分∠AOD，若∠BOD=40°，则∠COE的度数为_______________°。,,110,110,因为直线AB、CD相交于点O，所以∠AOD+∠BOD=180°（邻补角），∠BOD=40°，则∠AOD=180°-40°=140°。OE平分∠AOD，所以∠DOE=1/2∠AOD=70°。又因为∠COE与∠DOE是邻补角（或∠COE=∠COD+∠DOE，∠COD=180°），所以∠COE=180°-∠DOE=180°-70°=110°。,pep-junior-s1-lower-equations-inequalities-data,pep-junior-s1-lower-paper-lines-parallel-angles,pep-junior-exam-statistics-probability,passed,needs-review,deepseek-original-v3-1200; pending-s18-manual-review
pep-junior-v3-s1-k05-fi-013,junior-rag-v3-1200,S1,lower,pep-junior-s1-lower-equations-inequalities-data,二元一次方程组、不等式与数据初步,fill-in,Exam,比较大小：√5+1与3，用“>”或“<”填空：√5+1_______________3。,,>,>,因为2<√5<3，所以√5+1大于3？估算：2.2²=4.84，2.3²=5.29，所以√5≈2.236，√5+1≈3.236>3。因此√5+1>3。,pep-junior-s1-lower-equations-inequalities-data,pep-junior-s1-lower-paper-real-numbers,pep-junior-exam-number-sense-real-numbers,passed,needs-review,deepseek-original-v3-1200; pending-s18-manual-review
pep-junior-v3-s1-k05-fi-014,junior-rag-v3-1200,S1,lower,pep-junior-s1-lower-equations-inequalities-data,二元一次方程组、不等式与数据初步,fill-in,Exam,在平面直角坐标系中，点M在第二象限，且到x轴的距离为3，到y轴的距离为2，则点M的坐标为_______________。,,"(-2,3)","(-2,3) | -2,3","第二象限的点横坐标为负，纵坐标为正。到x轴的距离是纵坐标的绝对值，所以|y|=3，y=3；到y轴的距离是横坐标的绝对值，所以|x|=2，x=-2。因此点M的坐标为(-2,3)。",pep-junior-s1-lower-equations-inequalities-data,pep-junior-s1-lower-paper-coordinate-plane,pep-junior-exam-coordinate-transformations,passed,needs-review,deepseek-original-v3-1200; pending-s18-manual-review
pep-junior-v3-s1-k05-fi-015,junior-rag-v3-1200,S1,lower,pep-junior-s1-lower-equations-inequalities-data,二元一次方程组、不等式与数据初步,fill-in,Exam,"已知关于x、y的二元一次方程组 { 2x+y=5k, x-2y=9k } 的解满足方程3x+2y=7，则k的值为_______________。",,1,1,"解方程组 {2x+y=5k, x-2y=9k}，消元得x=3k，y=-k。代入3x+2y=7，得9k-2k=7，7k=7，k=1。",pep-junior-s1-lower-equations-inequalities-data,pep-junior-s1-lower-paper-linear-systems,pep-junior-exam-applied-modeling-finance-rate,passed,needs-review,deepseek-original-v3-1200; pending-s18-manual-review
pep-junior-v3-s1-k05-fi-016,junior-rag-v3-1200,S1,lower,pep-junior-s1-lower-equations-inequalities-data,二元一次方程组、不等式与数据初步,fill-in,Exam,某次知识竞赛共有20道题，答对一题得5分，答错或不答扣2分。小明想要得分不低于80分，设他答对了x道题，则可列不等式为_______________。,,5x-2(20-x)≥80,5x-2(20-x)≥80 | 5x-40+2x≥80 | 7x-40≥80,答对x题得5x分，答错或不答(20-x)题扣2(20-x)分，总得分5x-2(20-x)不低于80分，所以不等式为5x-2(20-x)≥80。,pep-junior-s1-lower-equations-inequalities-data,pep-junior-s1-lower-paper-inequalities,pep-junior-exam-linear-equation-inequality-models,passed,needs-review,deepseek-original-v3-1200; pending-s18-manual-review
pep-junior-v3-s1-k05-fi-017,junior-rag-v3-1200,S1,lower,pep-junior-s1-lower-equations-inequalities-data,二元一次方程组、不等式与数据初步,fill-in,Exam,某校七年级组织植树活动，若每班分配5棵树苗，则剩余12棵；若每班分配7棵树苗，则缺8棵。该校七年级共有多少个班？,,10,10 | 10个 | 10个班,设七年级有x个班。根据树苗总数不变，列出方程：5x+12=7x-8。移项得12+8=7x-5x，即20=2x，解得x=10。所以该校七年级共有10个班。,pep-junior-s1-lower-equations-inequalities-data,pep-junior-s1-lower-paper-midterm-final-integrated,pep-junior-exam-statistics-probability,passed,needs-review,deepseek-original-v3-1200; pending-s18-manual-review
pep-junior-v3-s1-k05-fi-018,junior-rag-v3-1200,S1,lower,pep-junior-s1-lower-equations-inequalities-data,二元一次方程组、不等式与数据初步,fill-in,Exam,为了解全校学生课外阅读时间，从每个年级随机抽取20名学生进行调查。这种调查方式属于哪种调查？若全校共1200名学生，样本容量是多少？,,抽样调查，60,"抽样调查，60 | 抽样调查,60 | 抽样调查 60",从每个年级抽取部分学生，属于抽样调查。三个年级共抽取3×20=60名学生，所以样本容量是60。,pep-junior-s1-lower-equations-inequalities-data,pep-junior-s1-lower-paper-data-collection,pep-junior-exam-number-sense-real-numbers,passed,needs-review,deepseek-original-v3-1200; pending-s18-manual-review
pep-junior-v3-s1-k05-fi-019,junior-rag-v3-1200,S1,lower,pep-junior-s1-lower-equations-inequalities-data,二元一次方程组、不等式与数据初步,fill-in,Exam,直线AB与CD相交于点O，OE平分∠AOD。若∠AOC=50°，求∠DOE的度数。,,65°,65° | 65度 | 65,因为∠AOC和∠AOD是邻补角，所以∠AOD=180°-50°=130°。OE平分∠AOD，所以∠DOE=½×130°=65°。,pep-junior-s1-lower-equations-inequalities-data,pep-junior-s1-lower-paper-lines-parallel-angles,pep-junior-exam-coordinate-transformations,passed,needs-review,deepseek-original-v3-1200; pending-s18-manual-review
pep-junior-v3-s1-k05-fi-020,junior-rag-v3-1200,S1,lower,pep-junior-s1-lower-equations-inequalities-data,二元一次方程组、不等式与数据初步,fill-in,Exam,某书店推出会员卡，办理会员卡需支付20元工本费，之后购书可享受8折优惠。设一年内购书原价为x元，办理会员卡后的总费用为y1元，不办会员卡的总费用为y2元。写出y1关于x的表达式。,,y1=20+0.8x,y1=20+0.8x | y1=0.8x+20 | y=20+0.8x,办理会员卡后，总费用包括工本费20元和购书原价的8折，即0.8x元。所以y1=20+0.8x。,pep-junior-s1-lower-equations-inequalities-data,pep-junior-s1-lower-paper-real-numbers,pep-junior-exam-applied-modeling-finance-rate,passed,needs-review,deepseek-original-v3-1200; pending-s18-manual-review
pep-junior-v3-s1-k05-fi-021,junior-rag-v3-1200,S1,lower,pep-junior-s1-lower-equations-inequalities-data,二元一次方程组、不等式与数据初步,fill-in,Exam,"在平面直角坐标系中，点A的坐标为(2, -3)，将点A先向右平移4个单位长度，再向上平移5个单位长度得到点B。求点B的坐标。",,"(6, 2)","(6, 2) | (6,2) | 6,2","点A(2,-3)向右平移4个单位，横坐标加4得6；向上平移5个单位，纵坐标加5得2。所以点B的坐标为(6, 2)。",pep-junior-s1-lower-equations-inequalities-data,pep-junior-s1-lower-paper-coordinate-plane,pep-junior-exam-linear-equation-inequality-models,passed,needs-review,deepseek-original-v3-1200; pending-s18-manual-review
pep-junior-v3-s1-k05-fi-022,junior-rag-v3-1200,S1,lower,pep-junior-s1-lower-equations-inequalities-data,二元一次方程组、不等式与数据初步,fill-in,Exam,解二元一次方程组： 2x + y = 7 x - y = 2 求x的值。,,3,3 | x=3,两方程相加消去y：(2x+y)+(x-y)=7+2，得3x=9，解得x=3。,pep-junior-s1-lower-equations-inequalities-data,pep-junior-s1-lower-paper-linear-systems,pep-junior-exam-statistics-probability,passed,needs-review,deepseek-original-v3-1200; pending-s18-manual-review
pep-junior-v3-s1-k05-fi-023,junior-rag-v3-1200,S1,lower,pep-junior-s1-lower-equations-inequalities-data,二元一次方程组、不等式与数据初步,fill-in,Exam,不等式2x - 5 < 3的正整数解有哪些？,,"1,2,3","1,2,3 | 1, 2, 3 | 1、2、3","解不等式：2x<8，x<4。正整数的取值范围是x>0且x<4，所以正整数解为1,2,3。",pep-junior-s1-lower-equations-inequalities-data,pep-junior-s1-lower-paper-inequalities,pep-junior-exam-number-sense-real-numbers,passed,needs-review,deepseek-original-v3-1200; pending-s18-manual-review
pep-junior-v3-s1-k05-fi-024,junior-rag-v3-1200,S1,lower,pep-junior-s1-lower-equations-inequalities-data,二元一次方程组、不等式与数据初步,fill-in,Exam,"已知点P(m+1, 2m-3)在x轴上，求m的值。",,1.5,1.5 | 3/2 | 一又二分之一,点在x轴上，纵坐标为0，所以2m-3=0，解得m=1.5。,pep-junior-s1-lower-equations-inequalities-data,pep-junior-s1-lower-paper-midterm-final-integrated,pep-junior-exam-coordinate-transformations,passed,needs-review,deepseek-original-v3-1200; pending-s18-manual-review
pep-junior-v3-s1-k05-fi-025,junior-rag-v3-1200,S1,lower,pep-junior-s1-lower-equations-inequalities-data,二元一次方程组、不等式与数据初步,fill-in,Exam,某班40名学生的体重数据如下：45kg有8人，48kg有12人，50kg有10人，55kg有6人，60kg有4人。求该班学生体重的众数。,,48,48 | 48kg,众数是出现次数最多的数据。48kg出现了12次，次数最多，所以众数是48。,pep-junior-s1-lower-equations-inequalities-data,pep-junior-s1-lower-paper-data-collection,pep-junior-exam-applied-modeling-finance-rate,passed,needs-review,deepseek-original-v3-1200; pending-s18-manual-review
pep-junior-v3-s1-k05-fi-026,junior-rag-v3-1200,S1,lower,pep-junior-s1-lower-equations-inequalities-data,二元一次方程组、不等式与数据初步,fill-in,Exam,已知AB∥CD，∠1=60°，∠2=45°，求∠3的度数。,,105°,105° | 105度 | 105,过点E作EF∥AB，则EF∥CD。∠AEF=∠1=60°（内错角），∠CEF=∠2=45°（内错角）。所以∠3=∠AEF+∠CEF=60°+45°=105°。,pep-junior-s1-lower-equations-inequalities-data,pep-junior-s1-lower-paper-lines-parallel-angles,pep-junior-exam-linear-equation-inequality-models,passed,needs-review,deepseek-original-v3-1200; pending-s18-manual-review
pep-junior-v3-s1-k05-fi-027,junior-rag-v3-1200,S1,lower,pep-junior-s1-lower-equations-inequalities-data,二元一次方程组、不等式与数据初步,fill-in,Exam,某校七年级（1）班40名同学参加植树活动，统计结果如下：有2人每人植树3棵，有8人每人植树4棵，有15人每人植树5棵，有10人每人植树6棵，其余同学每人植树7棵。这40名同学植树棵数的众数是______。,,5,5,众数是一组数据中出现次数最多的数据。植树5棵的有15人，人数最多，所以众数是5。,pep-junior-s1-lower-equations-inequalities-data,pep-junior-s1-lower-paper-real-numbers,pep-junior-exam-statistics-probability,passed,needs-review,deepseek-original-v3-1200; pending-s18-manual-review
pep-junior-v3-s1-k05-fi-028,junior-rag-v3-1200,S1,lower,pep-junior-s1-lower-equations-inequalities-data,二元一次方程组、不等式与数据初步,fill-in,Exam,在平面直角坐标系中，将点A（-3，2）先向右平移5个单位，再向下平移3个单位，得到点A'，则点A'的坐标是______。,,"(2, -1)","(2, -1) | （2，-1）","点A（-3，2）向右平移5个单位，横坐标加5得2；向下平移3个单位，纵坐标减3得-1。所以点A'的坐标是(2, -1)。",pep-junior-s1-lower-equations-inequalities-data,pep-junior-s1-lower-paper-coordinate-plane,pep-junior-exam-number-sense-real-numbers,passed,needs-review,deepseek-original-v3-1200; pending-s18-manual-review
pep-junior-v3-s1-k05-fi-029,junior-rag-v3-1200,S1,lower,pep-junior-s1-lower-equations-inequalities-data,二元一次方程组、不等式与数据初步,fill-in,Exam,已知二元一次方程组 2x + y = 7，x - 2y = 1，则 x + y 的值为______。,,4,4,解方程组：由①得 y = 7 - 2x，代入②得 x - 2(7 - 2x) = 1，解得 x = 3，进而 y = 1。所以 x + y = 4。,pep-junior-s1-lower-equations-inequalities-data,pep-junior-s1-lower-paper-linear-systems,pep-junior-exam-coordinate-transformations,passed,needs-review,deepseek-original-v3-1200; pending-s18-manual-review
pep-junior-v3-s1-k05-fi-030,junior-rag-v3-1200,S1,lower,pep-junior-s1-lower-equations-inequalities-data,二元一次方程组、不等式与数据初步,fill-in,Exam,某商店开展促销活动，一种笔记本原价每本8元，现在买4本送1本。若小华需要15本笔记本，按此促销方式，他最少需要支付______元。,,96,96,买4本送1本，即每5本只需付4本的钱。15本中有3组5本，每组支付4×8=32元，3组共支付96元。,pep-junior-s1-lower-equations-inequalities-data,pep-junior-s1-lower-paper-inequalities,pep-junior-exam-applied-modeling-finance-rate,passed,needs-review,deepseek-original-v3-1200; pending-s18-manual-review
pep-junior-v3-s1-k05-fi-031,junior-rag-v3-1200,S1,lower,pep-junior-s1-lower-equations-inequalities-data,二元一次方程组、不等式与数据初步,fill-in,Exam,已知直线AB平行于直线CD，直线EF与AB、CD分别相交于点G、H。若∠EGB=55°，则∠GHD的度数为______。,,125°,125° | 125度,因为AB∥CD，∠EGB与∠GHD是同旁内角，两直线平行时同旁内角互补，所以∠GHD = 180° - 55° = 125°。,pep-junior-s1-lower-equations-inequalities-data,pep-junior-s1-lower-paper-midterm-final-integrated,pep-junior-exam-linear-equation-inequality-models,passed,needs-review,deepseek-original-v3-1200; pending-s18-manual-review
pep-junior-v3-s1-k05-fi-032,junior-rag-v3-1200,S1,lower,pep-junior-s1-lower-equations-inequalities-data,二元一次方程组、不等式与数据初步,fill-in,Exam,为了解某小区居民对垃圾分类的知晓情况，从该小区1200户居民中随机抽取了100户进行问卷调查，发现有85户知晓垃圾分类。估计该小区知晓垃圾分类的居民户数约为______户。,,1020,1020,样本中知晓率为85÷100=0.85，估计总体知晓户数为1200×0.85=1020户。,pep-junior-s1-lower-equations-inequalities-data,pep-junior-s1-lower-paper-data-collection,pep-junior-exam-statistics-probability,passed,needs-review,deepseek-original-v3-1200; pending-s18-manual-review
pep-junior-v3-s1-k05-fi-033,junior-rag-v3-1200,S1,lower,pep-junior-s1-lower-equations-inequalities-data,二元一次方程组、不等式与数据初步,fill-in,Exam,比较大小：√15 ______ 4。（填“>”“<”或“=”）,,<,<,因为4=√16，而15<16，所以√15<√16，即√15<4。,pep-junior-s1-lower-equations-inequalities-data,pep-junior-s1-lower-paper-lines-parallel-angles,pep-junior-exam-number-sense-real-numbers,passed,needs-review,deepseek-original-v3-1200; pending-s18-manual-review
pep-junior-v3-s1-k05-sa-001,junior-rag-v3-1200,S1,lower,pep-junior-s1-lower-equations-inequalities-data,二元一次方程组、不等式与数据初步,short-answer,Exam,某校组织七年级师生共270人乘车去博物馆参观。客运公司提供两种客车：A型车每辆可乘45人，租金400元；B型车每辆可乘30人，租金300元。学校计划租用A型车和B型车共7辆，且所有师生恰好坐满。求A型车和B型车各租了多少辆？,,A型车5辆，B型车2辆,A型车5辆，B型车2辆 | 5辆A型车，2辆B型车,设租用A型车x辆，B型车y辆。根据题意得方程组：x + y = 7，45x + 30y = 270。解得x = 5，y = 2。所以A型车5辆，B型车2辆。,pep-junior-s1-lower-equations-inequalities-data,pep-junior-s1-lower-paper-linear-systems,pep-junior-exam-linear-equation-inequality-models,passed,needs-review,deepseek-original-v3-1200; pending-s18-manual-review
pep-junior-v3-s1-k05-sa-002,junior-rag-v3-1200,S1,lower,pep-junior-s1-lower-equations-inequalities-data,二元一次方程组、不等式与数据初步,short-answer,Exam,某校七年级学生进行跳绳测试，以每分钟160次为达标标准。小明的成绩记录为+12次，小红的成绩记录为-5次，小刚的成绩记录为0次。 （1）小明实际跳了多少次？ （2）小红比小明少跳了多少次？,,（1）172次；（2）17次,（1）172次；（2）17次 | 172次；17次,（1）小明成绩+12表示超过标准12次，实际为160+12=172次。 （2）小红实际为160-5=155次，小明172次，小红比小明少跳172-155=17次。,pep-junior-s1-lower-equations-inequalities-data,pep-junior-s1-lower-paper-inequalities,pep-junior-exam-statistics-probability,passed,needs-review,deepseek-original-v3-1200; pending-s18-manual-review
pep-junior-v3-s1-k05-sa-003,junior-rag-v3-1200,S1,lower,pep-junior-s1-lower-equations-inequalities-data,二元一次方程组、不等式与数据初步,short-answer,Exam,某水果店第一次用600元购进某种水果若干千克，第二次又用600元购进该品种水果，但这次每千克的进价比第一次提高了25%，购进数量比第一次少了20千克。求第一次购进水果的进价是每千克多少元？,,6元,6元 | 6,设第一次进价为x元/千克，则第一次购进600/x千克。第二次进价为(1+25%)x=1.25x元/千克，购进600/(1.25x)千克。根据题意：600/x - 600/(1.25x) = 20，解得x=6。经检验符合题意。所以第一次进价为6元。,pep-junior-s1-lower-equations-inequalities-data,pep-junior-s1-lower-paper-midterm-final-integrated,pep-junior-exam-number-sense-real-numbers,passed,needs-review,deepseek-original-v3-1200; pending-s18-manual-review
pep-junior-v3-s1-k05-sa-004,junior-rag-v3-1200,S1,lower,pep-junior-s1-lower-equations-inequalities-data,二元一次方程组、不等式与数据初步,short-answer,Exam,某校七年级学生进行社会实践活动，计划租用A、B两种客车共8辆，A型客车每辆可坐45人，B型客车每辆可坐30人。若租车总座位数不少于315个，且A型客车数量不超过B型客车数量的2倍。求A型客车可能的租用数量。,,5辆或6辆,"5辆或6辆 | 5或6辆 | 5辆、6辆 | 5,6",设租用A型客车x辆，则B型客车为(8-x)辆。由座位数条件：45x+30(8-x)≥315，解得x≥5。由数量关系：x≤2(8-x)，解得x≤16/3≈5.33，所以x≤5。综合得x=5或6。因此A型客车可能的租用数量是5辆或6辆。,pep-junior-s1-lower-equations-inequalities-data,pep-junior-s1-lower-paper-data-collection,pep-junior-exam-coordinate-transformations,passed,needs-review,deepseek-original-v3-1200; pending-s18-manual-review
pep-junior-v3-s1-k05-sa-005,junior-rag-v3-1200,S1,lower,pep-junior-s1-lower-equations-inequalities-data,二元一次方程组、不等式与数据初步,short-answer,Exam,直线AB与CD相交于点O，OE平分∠AOD，∠AOC=50°。求∠BOE的度数。,,115°,115° | 115度,因为直线AB与CD相交，∠AOC与∠AOD互补，所以∠AOD=180°-50°=130°。OE平分∠AOD，所以∠AOE=65°。∠BOE与∠AOE互补（邻补角），所以∠BOE=180°-65°=115°。,pep-junior-s1-lower-equations-inequalities-data,pep-junior-s1-lower-paper-lines-parallel-angles,pep-junior-exam-applied-modeling-finance-rate,passed,needs-review,deepseek-original-v3-1200; pending-s18-manual-review
pep-junior-v3-s1-k05-sa-006,junior-rag-v3-1200,S1,lower,pep-junior-s1-lower-equations-inequalities-data,二元一次方程组、不等式与数据初步,short-answer,Exam,比较下列各组数的大小，并用“<”连接： (1) √30 与 5.5 (2) -π 与 -3.14 (3) ³√-26 与 -3,,√30<5.5，-π<-3.14，³√-26>-3,"√30<5.5，-π<-3.14，³√-26>-3 | √30<5.5, -π<-3.14, ³√-26>-3",(1) 因为5.5²=30.25>30，所以√30<5.5。 (2) π≈3.1416>3.14，所以-π<-3.14。 (3) (-3)³=-27<-26，所以³√-26>-3。因此答案为√30<5.5，-π<-3.14，³√-26>-3。,pep-junior-s1-lower-equations-inequalities-data,pep-junior-s1-lower-paper-real-numbers,pep-junior-exam-linear-equation-inequality-models,passed,needs-review,deepseek-original-v3-1200; pending-s18-manual-review
pep-junior-v3-s1-k05-sa-007,junior-rag-v3-1200,S1,lower,pep-junior-s1-lower-equations-inequalities-data,二元一次方程组、不等式与数据初步,short-answer,Exam,"在平面直角坐标系中，三角形ABC的三个顶点坐标分别为A(2,3)，B(-1,1)，C(0,-2)。将三角形ABC先向右平移4个单位，再向下平移1个单位，得到三角形A'B'C'。求点A'的坐标，并计算线段AA'的长度。",,"A'(6,2)，AA'=√17","A'(6,2)，AA'=√17 | A'(6,2),AA'=√17","点A(2,3)向右平移4个单位得(6,3)，再向下平移1个单位得(6,2)，所以A'(6,2)。线段AA'的长度为√[(6-2)²+(2-3)²]=√(16+1)=√17。因此答案为A'(6,2)，AA'=√17。",pep-junior-s1-lower-equations-inequalities-data,pep-junior-s1-lower-paper-coordinate-plane,pep-junior-exam-statistics-probability,passed,needs-review,deepseek-original-v3-1200; pending-s18-manual-review
pep-junior-v3-s1-k05-sa-008,junior-rag-v3-1200,S1,lower,pep-junior-s1-lower-equations-inequalities-data,二元一次方程组、不等式与数据初步,short-answer,Exam,解方程组： 3x - 2y = 11 2x + 3y = 16,,"x=5, y=2","x=5, y=2 | x=5,y=2 | x=5，y=2","用加减消元法：①×3得9x-6y=33，②×2得4x+6y=32，相加得13x=65，所以x=5。代入①：15-2y=11，解得y=2。因此方程组的解为x=5, y=2。",pep-junior-s1-lower-equations-inequalities-data,pep-junior-s1-lower-paper-linear-systems,pep-junior-exam-number-sense-real-numbers,passed,needs-review,deepseek-original-v3-1200; pending-s18-manual-review
pep-junior-v3-s1-k05-sa-009,junior-rag-v3-1200,S1,lower,pep-junior-s1-lower-equations-inequalities-data,二元一次方程组、不等式与数据初步,short-answer,Exam,解不等式组，并把解集在数轴上表示出来： 2x - 1 > 3 3x + 2 ≤ 11,,2<x≤3,2<x≤3 | 2＜x≤3,解第一个不等式：2x>4，x>2。解第二个不等式：3x≤9，x≤3。所以不等式组的解集为2<x≤3。在数轴上表示为：在2处画空心圆圈，3处画实心圆点，中间部分用线段连接。,pep-junior-s1-lower-equations-inequalities-data,pep-junior-s1-lower-paper-inequalities,pep-junior-exam-coordinate-transformations,passed,needs-review,deepseek-original-v3-1200; pending-s18-manual-review
pep-junior-v3-s1-k05-sa-010,junior-rag-v3-1200,S1,lower,pep-junior-s1-lower-equations-inequalities-data,二元一次方程组、不等式与数据初步,short-answer,Exam,某通讯公司推出两种手机话费套餐：套餐A月租20元，通话费0.15元/分钟；套餐B月租0元，通话费0.25元/分钟。设每月通话时间为t分钟。 (1) 分别写出两种套餐的费用表达式； (2) 当通话时间为多少分钟时，两种套餐费用相同？ (3) 若每月通话时间约为250分钟，选择哪种套餐更划算？,,"(1) A:20+0.15t, B:0.25t; (2) 200分钟; (3) 套餐A","(1) A:20+0.15t, B:0.25t; (2) 200分钟; (3) 套餐A | (1)A:20+0.15t,B:0.25t;(2)200分钟;(3)套餐A","(1) 套餐A费用：20+0.15t；套餐B费用：0.25t。 (2) 令20+0.15t=0.25t，解得t=200分钟。 (3) 当t=250时，A费用=20+37.5=57.5元，B费用=62.5元，所以套餐A更划算。因此答案为(1) A:20+0.15t, B:0.25t; (2) 200分钟; (3) 套餐A。",pep-junior-s1-lower-equations-inequalities-data,pep-junior-s1-lower-paper-midterm-final-integrated,pep-junior-exam-applied-modeling-finance-rate,passed,needs-review,deepseek-original-v3-1200; pending-s18-manual-review
pep-junior-v3-s1-k05-sa-011,junior-rag-v3-1200,S1,lower,pep-junior-s1-lower-equations-inequalities-data,二元一次方程组、不等式与数据初步,short-answer,Exam,某校为了解七年级学生每天完成家庭作业的时间，随机调查了50名学生，得到频数分布如下：时间在30~60分钟的有10人，60~90分钟的有15人，90~120分钟的有12人，120~150分钟的有8人，150分钟以上的有5人。请估计该校七年级学生每天作业时间超过90分钟的人数比例，并说明这个估计是否可靠。,,比例约为50%，估计不可靠，因为样本容量较小且可能不具代表性。,比例约为50%，估计不可靠，因为样本容量较小且可能不具代表性。 | 约50%，不可靠，样本小,超过90分钟的人数为12+8+5=25人，总人数50人，比例为25/50=50%。由于样本容量仅50，且随机性未知，估计可能不可靠。,pep-junior-s1-lower-equations-inequalities-data,pep-junior-s1-lower-paper-data-collection,pep-junior-exam-linear-equation-inequality-models,passed,needs-review,deepseek-original-v3-1200; pending-s18-manual-review
pep-junior-v3-s1-k05-sa-012,junior-rag-v3-1200,S1,lower,pep-junior-s1-lower-equations-inequalities-data,二元一次方程组、不等式与数据初步,short-answer,Exam,已知直线a、b被直线c所截，∠1和∠2是内错角，且∠1=∠2，∠3=110°，∠3与∠4是同旁内角。求∠4的度数。,,70°,70° | 70度,因为∠1=∠2，所以a∥b（内错角相等，两直线平行）。由a∥b得∠3+∠4=180°（两直线平行，同旁内角互补）。所以∠4=180°-110°=70°。,pep-junior-s1-lower-equations-inequalities-data,pep-junior-s1-lower-paper-lines-parallel-angles,pep-junior-exam-statistics-probability,passed,needs-review,deepseek-original-v3-1200; pending-s18-manual-review
pep-junior-v3-s1-k05-sa-013,junior-rag-v3-1200,S1,lower,pep-junior-s1-lower-equations-inequalities-data,二元一次方程组、不等式与数据初步,short-answer,Exam,已知a、b为两个连续整数，且a<√28<b，求a+b的值。,,11,11,因为5²=25，6²=36，所以5<√28<6，即a=5，b=6。所以a+b=11。,pep-junior-s1-lower-equations-inequalities-data,pep-junior-s1-lower-paper-real-numbers,pep-junior-exam-number-sense-real-numbers,passed,needs-review,deepseek-original-v3-1200; pending-s18-manual-review
pep-junior-v3-s1-k05-sa-014,junior-rag-v3-1200,S1,lower,pep-junior-s1-lower-equations-inequalities-data,二元一次方程组、不等式与数据初步,short-answer,Exam,"在平面直角坐标系中，点A的坐标是(2, -3)。先将点A向右平移5个单位，再向上平移4个单位得到点B。请写出点B的坐标，并说明点B所在的象限。",,"(7, 1)，第一象限","(7, 1)，第一象限 | (7,1)，第一象限 | B(7,1)，第一象限 | (7, 1) 第一象限 | 7,1 第一象限","点A(2, -3)向右平移5个单位，横坐标变为2+5=7；向上平移4个单位，纵坐标变为-3+4=1，所以点B的坐标为(7, 1)。由于横坐标7>0，纵坐标1>0，因此点B位于第一象限。答案：(7, 1)，第一象限。",pep-junior-s1-lower-equations-inequalities-data,pep-junior-s1-lower-paper-coordinate-plane,pep-junior-exam-coordinate-transformations,passed,needs-review,deepseek-original-v3-1200; pending-s18-manual-review
pep-junior-v3-s1-k05-sa-015,junior-rag-v3-1200,S1,lower,pep-junior-s1-lower-equations-inequalities-data,二元一次方程组、不等式与数据初步,short-answer,Exam,学校组织七年级学生参观科技馆，若租用45座客车，则15人没有座位；若租用同样数量的60座客车，则空出一辆车，其余车刚好坐满。求七年级学生人数和租用的车辆数。,,学生240人，车5辆,学生240人，车5辆 | 240人，5辆 | 七年级学生240人，租车5辆 | 人数240，车辆5,设租用x辆车，七年级学生有y人。根据题意：45x+15=y；60(x-1)=y。解方程组：45x+15=60x-60，得15x=75，x=5；代入得y=45×5+15=240。所以学生240人，车5辆。答案：学生240人，车5辆。,pep-junior-s1-lower-equations-inequalities-data,pep-junior-s1-lower-paper-linear-systems,pep-junior-exam-applied-modeling-finance-rate,passed,needs-review,deepseek-original-v3-1200; pending-s18-manual-review
pep-junior-v3-s1-k05-sa-016,junior-rag-v3-1200,S1,lower,pep-junior-s1-lower-equations-inequalities-data,二元一次方程组、不等式与数据初步,short-answer,Exam,某商店销售一种文具，每件进价8元，售价12元。为了促销，商店决定降价销售，但要保证每件利润不低于2元。设降价x元，请列出关于x的不等式，并求出x的最大整数值。,,x≤2，最大整数值为2,x≤2，最大整数值为2 | x≤2，最大整数2 | 不等式x≤2，最大整数值2 | 降价不超过2元，最大整数2,降价后售价为(12-x)元，利润为(12-x)-8=4-x元。要求利润不低于2元，即4-x≥2，解得x≤2。x的最大整数值为2。答案：x≤2，最大整数值为2。,pep-junior-s1-lower-equations-inequalities-data,pep-junior-s1-lower-paper-inequalities,pep-junior-exam-linear-equation-inequality-models,passed,needs-review,deepseek-original-v3-1200; pending-s18-manual-review
pep-junior-v3-s1-k05-sa-017,junior-rag-v3-1200,S1,lower,pep-junior-s1-lower-equations-inequalities-data,二元一次方程组、不等式与数据初步,short-answer,Exam,某班40名学生参加环保知识竞赛，成绩均为整数，统计结果如下：90分以上5人，80-89分12人，70-79分15人，60-69分6人，60分以下2人。请计算该班成绩在80分及以上的人数所占的百分比，并据此判断能否说“该班大多数学生成绩优秀”。,,42.5%，不能,42.5%，不能 | 百分之四十二点五，不能 | 42.5% 不能 | 42.5%，不能这样说,80分及以上的人数为5+12=17人，所占百分比为17÷40×100%=42.5%。大多数通常指超过50%，42.5%未超过一半，因此不能说“该班大多数学生成绩优秀”。答案：42.5%，不能。,pep-junior-s1-lower-equations-inequalities-data,pep-junior-s1-lower-paper-midterm-final-integrated,pep-junior-exam-statistics-probability,passed,needs-review,deepseek-original-v3-1200; pending-s18-manual-review
pep-junior-v3-s1-k05-sa-018,junior-rag-v3-1200,S1,lower,pep-junior-s1-lower-equations-inequalities-data,二元一次方程组、不等式与数据初步,short-answer,Exam,请比较√19与4.4的大小，并说明理由。,,√19 < 4.4,√19 < 4.4 | √19小于4.4 | √19<4.4 | 根号19小于4.4,因为4.4²=19.36，而19<19.36，所以√19 < √19.36 = 4.4。因此√19 < 4.4。答案：√19 < 4.4。,pep-junior-s1-lower-equations-inequalities-data,pep-junior-s1-lower-paper-data-collection,pep-junior-exam-number-sense-real-numbers,passed,needs-review,deepseek-original-v3-1200; pending-s18-manual-review
pep-junior-v3-s1-k05-sa-019,junior-rag-v3-1200,S1,lower,pep-junior-s1-lower-equations-inequalities-data,二元一次方程组、不等式与数据初步,short-answer,Exam,直线AB与CD相交于点O，∠AOC=50°，OE平分∠BOD。求∠AOE的度数。,,155°,155° | 155度 | ∠AOE=155° | 155,由对顶角相等，∠BOD=∠AOC=50°。OE平分∠BOD，则∠DOE=25°。∠AOD与∠AOC互补，所以∠AOD=180°-50°=130°。因此∠AOE=∠AOD+∠DOE=130°+25°=155°。答案：155°。,pep-junior-s1-lower-equations-inequalities-data,pep-junior-s1-lower-paper-lines-parallel-angles,pep-junior-exam-coordinate-transformations,passed,needs-review,deepseek-original-v3-1200; pending-s18-manual-review
pep-junior-v3-s1-k05-sa-020,junior-rag-v3-1200,S1,lower,pep-junior-s1-lower-equations-inequalities-data,二元一次方程组、不等式与数据初步,short-answer,Exam,小明家上个月用水15吨，水费为45元。这个月由于节水，用水量减少到12吨，水费变为36元。求水费的单价（元/吨），并判断水费与用水量是否成正比例关系。,,3元/吨，成正比例,3元/吨，成正比例 | 3元每吨，成正比例 | 单价3元/吨，是正比例 | 3元/吨，是正比例关系,水费单价=总费用÷用水量。上个月单价=45÷15=3元/吨，这个月单价=36÷12=3元/吨。单价固定，因此水费与用水量成正比例关系。答案：3元/吨，成正比例。,pep-junior-s1-lower-equations-inequalities-data,pep-junior-s1-lower-paper-real-numbers,pep-junior-exam-applied-modeling-finance-rate,passed,needs-review,deepseek-original-v3-1200; pending-s18-manual-review
pep-junior-v3-s1-k05-sa-021,junior-rag-v3-1200,S1,lower,pep-junior-s1-lower-equations-inequalities-data,二元一次方程组、不等式与数据初步,short-answer,Exam,"在平面直角坐标系中，点P的坐标是(-3, 4)。若将点P先向下平移2个单位，再向左平移1个单位得到点Q，请写出点Q的坐标，并计算线段PQ的长度。",,"(-4, 2)，√5","(-4, 2)，√5 | (-4,2)，√5 | Q(-4,2)，√5 | (-4, 2)，根号5 | (-4,2)，根号5","点P(-3,4)向下平移2个单位，纵坐标变为4-2=2；向左平移1个单位，横坐标变为-3-1=-4，所以点Q坐标为(-4,2)。线段PQ的长度由勾股定理：√[(-4+3)²+(2-4)²]=√(1+4)=√5。答案：(-4, 2)，√5。",pep-junior-s1-lower-equations-inequalities-data,pep-junior-s1-lower-paper-coordinate-plane,pep-junior-exam-linear-equation-inequality-models,passed,needs-review,deepseek-original-v3-1200; pending-s18-manual-review
pep-junior-v3-s1-k05-sa-022,junior-rag-v3-1200,S1,lower,pep-junior-s1-lower-equations-inequalities-data,二元一次方程组、不等式与数据初步,short-answer,Exam,一个两位数，十位数字与个位数字之和为12，如果交换十位数字与个位数字的位置，所得新数比原数大36。求原来的两位数。,,48,48 | 原来的两位数是48,设原数十位数字为x，个位数字为y，则原数为10x+y，新数为10y+x。根据题意：x+y=12；(10y+x)-(10x+y)=36，化简得9y-9x=36，即y-x=4。解方程组得x=4，y=8。所以原来的两位数是48。答案：48。,pep-junior-s1-lower-equations-inequalities-data,pep-junior-s1-lower-paper-linear-systems,pep-junior-exam-statistics-probability,passed,needs-review,deepseek-original-v3-1200; pending-s18-manual-review
pep-junior-v3-s1-k05-sa-023,junior-rag-v3-1200,S1,lower,pep-junior-s1-lower-equations-inequalities-data,二元一次方程组、不等式与数据初步,short-answer,Exam,解不等式组：2x-1 > 3 且 3x+2 ≤ 14，并将解集在数轴上表示（用文字描述端点与方向）。,,2 < x ≤ 4,2 < x ≤ 4 | 2<x≤4 | x大于2且小于等于4,解第一个不等式：2x-1>3，得2x>4，x>2。解第二个不等式：3x+2≤14，得3x≤12，x≤4。所以不等式组的解集为2 < x ≤ 4。在数轴上表示：从2（空心点）向右到4（实心点）的线段。答案：2 < x ≤ 4。,pep-junior-s1-lower-equations-inequalities-data,pep-junior-s1-lower-paper-inequalities,pep-junior-exam-number-sense-real-numbers,passed,needs-review,deepseek-original-v3-1200; pending-s18-manual-review
pep-junior-v3-s1-k05-sa-024,junior-rag-v3-1200,S1,lower,pep-junior-s1-lower-equations-inequalities-data,二元一次方程组、不等式与数据初步,short-answer,Challenge,某校组织七年级学生参加社会实践活动，原计划租用45座客车若干辆，但有15人没有座位；若租用同样数量的60座客车，则多出一辆车，且其余客车恰好坐满。已知45座客车每辆租金为220元，60座客车每辆租金为300元。问：参加实践活动的学生共有多少人？若要使每位学生都有座位，且租车总费用最少，应选择哪种租车方案？请写出你的计算过程。,,240人，租4辆60座客车,240人，租4辆60座客车 | 240人，租4辆60座客车。,设原计划租用45座客车x辆，则学生人数为45x+15。改用60座客车，租x-1辆，人数为60(x-1)。由45x+15=60(x-1)，解得x=5，学生人数为45×5+15=240人。若租45座客车，需6辆，费用为6×220=1320元；若租60座客车，需4辆，费用为4×300=1200元。比较可知，租4辆60座客车费用最少。因此答案为240人，租4辆60座客车。,pep-junior-s1-lower-equations-inequalities-data,pep-junior-s1-lower-paper-midterm-final-integrated,pep-junior-exam-coordinate-transformations,passed,needs-review,deepseek-original-v3-1200; pending-s18-manual-review
pep-junior-v3-s1-k05-sa-025,junior-rag-v3-1200,S1,lower,pep-junior-s1-lower-equations-inequalities-data,二元一次方程组、不等式与数据初步,short-answer,Challenge,某社区对居民进行垃圾分类知识了解程度的调查，随机抽取了部分居民，将了解程度分为“非常了解”“比较了解”“基本了解”“不太了解”四个等级，并绘制了如下统计表（单位：人）： 非常了解：18人；比较了解：30人；基本了解：12人；不太了解：m人。 已知“比较了解”的人数占被调查总人数的40%。请回答： （1）求m的值和本次调查的总人数； （2）根据调查结果，能否认为该社区大多数居民对垃圾分类知识“比较了解”或“非常了解”？请说明理由。,,（1）m=15，总人数75人；（2）不能，因为“比较了解”和“非常了解”的人数共48人，占总人数的64%，未超过三分之二，不能称为“大多数”。,（1）m=15，总人数75人；（2）不能，因为“比较了解”和“非常了解”的人数共48人，占总人数的64%，未超过三分之二，不能称为“大多数”。 | （1）m=15，总人数75人。（2）不能，因为“比较了解”和“非常了解”的人数共48人，占总人数的64%，未超过三分之二，不能称为“大多数”。,（1）设总人数为n，则比较了解的30人占40%，即30=0.4n，解得n=75。非常了解18人，比较了解30人，基本了解12人，所以不太了解人数m=75-18-30-12=15。故m=15，总人数75人。（2）比较了解和非常了解共有18+30=48人，占总人数的48/75=0.64=64%。通常“大多数”指超过三分之二或至少70%，64%未达到此标准，因此不能认为大多数居民对垃圾分类知识“比较了解”或“非常了解”。因此答案为（1）m=15，总人数75人；（2）不能，因为“比较了解”和“非常了解”的人数共48人，占总人数的64%，未超过三分之二，不能称为“大多数”。,pep-junior-s1-lower-equations-inequalities-data,pep-junior-s1-lower-paper-data-collection,pep-junior-exam-applied-modeling-finance-rate,passed,needs-review,deepseek-original-v3-1200; pending-s18-manual-review
pep-junior-v3-s1-k05-sa-026,junior-rag-v3-1200,S1,lower,pep-junior-s1-lower-equations-inequalities-data,二元一次方程组、不等式与数据初步,short-answer,Challenge,直线AB与CD相交于点O，OE平分∠AOD，OF平分∠BOD。若∠AOC=50°，求∠EOF的度数。请写出推理过程。,,90°,90° | 90°。 | 90度,由对顶角相等，∠BOD=∠AOC=50°。因为OF平分∠BOD，所以∠DOF=1/2×50°=25°。∠AOD与∠AOC互补，所以∠AOD=180°-50°=130°。因为OE平分∠AOD，所以∠DOE=1/2×130°=65°。∠EOF=∠DOE+∠DOF=65°+25°=90°。因此答案为90°。,pep-junior-s1-lower-equations-inequalities-data,pep-junior-s1-lower-paper-lines-parallel-angles,pep-junior-exam-linear-equation-inequality-models,passed,needs-review,deepseek-original-v3-1200; pending-s18-manual-review
pep-junior-v3-s1-k05-sa-027,junior-rag-v3-1200,S1,lower,pep-junior-s1-lower-equations-inequalities-data,二元一次方程组、不等式与数据初步,short-answer,Challenge,已知一个正数的两个平方根分别是2a-3和5-a，求这个正数的值。,,49,49 | 49。,一个正数的两个平方根互为相反数，所以(2a-3)+(5-a)=0，解得a=-2。则平方根为2(-2)-3=-7和5-(-2)=7，所以这个正数为7²=49。因此答案为49。,pep-junior-s1-lower-equations-inequalities-data,pep-junior-s1-lower-paper-real-numbers,pep-junior-exam-statistics-probability,passed,needs-review,deepseek-original-v3-1200; pending-s18-manual-review
pep-junior-v3-s1-k05-sa-028,junior-rag-v3-1200,S1,lower,pep-junior-s1-lower-equations-inequalities-data,二元一次方程组、不等式与数据初步,short-answer,Challenge,"在平面直角坐标系中，点A的坐标为(2, -3)，将点A先向右平移4个单位，再向上平移5个单位得到点B。点C与点B关于x轴对称。求点C的坐标。",,"(6, -2)","(6, -2) | （6，-2） | (6,-2)","点A(2,-3)向右平移4个单位，横坐标加4，得(6,-3)；再向上平移5个单位，纵坐标加5，得B(6,2)。点C与点B关于x轴对称，横坐标不变，纵坐标互为相反数，所以C(6,-2)。因此答案为(6, -2)。",pep-junior-s1-lower-equations-inequalities-data,pep-junior-s1-lower-paper-coordinate-plane,pep-junior-exam-number-sense-real-numbers,passed,needs-review,deepseek-original-v3-1200; pending-s18-manual-review
pep-junior-v3-s1-k05-sa-029,junior-rag-v3-1200,S1,lower,pep-junior-s1-lower-equations-inequalities-data,二元一次方程组、不等式与数据初步,short-answer,Challenge,解方程组： 2x + 3y = 7 4x - y = -7,,"x=-1, y=3","x=-1, y=3 | x=-1，y=3 | x=-1,y=3","由第二个方程得y=4x+7，代入第一个方程：2x+3(4x+7)=7，即2x+12x+21=7，14x=-14，x=-1。代入y=4(-1)+7=3。所以方程组的解为x=-1, y=3。因此答案为x=-1, y=3。",pep-junior-s1-lower-equations-inequalities-data,pep-junior-s1-lower-paper-linear-systems,pep-junior-exam-coordinate-transformations,passed,needs-review,deepseek-original-v3-1200; pending-s18-manual-review
pep-junior-v3-s1-k05-sa-030,junior-rag-v3-1200,S1,lower,pep-junior-s1-lower-equations-inequalities-data,二元一次方程组、不等式与数据初步,short-answer,Challenge,某商店购进一批单价为20元的商品，如果以单价30元销售，那么一个月内可售出400件。根据销售经验，提高销售单价会导致销售量的减少，即销售单价每提高1元，销售量相应减少20件。设销售单价为x元（x≥30），月销售利润为y元。 （1）求y与x的函数关系式； （2）当销售单价定为多少元时，月销售利润最大？最大利润是多少？,,（1）y=-20x²+1400x-24000；（2）35元，4500元,（1）y=-20x²+1400x-24000；（2）35元，4500元 | （1）y=-20x²+1400x-24000。（2）35元，4500元。 | （1）y=-20x²+1400x-24000；（2）35元，4500元。,（1）销售单价为x元，则每件利润为(x-20)元。销售量减少20(x-30)件，所以销售量为400-20(x-30)=1000-20x。利润y=(x-20)(1000-20x)=-20x²+1400x-24000。（2）y=-20(x²-70x)-24000=-20(x-35)²+4500。当x=35时，y有最大值4500。因此答案为（1）y=-20x²+1400x-24000；（2）35元，4500元。,pep-junior-s1-lower-equations-inequalities-data,pep-junior-s1-lower-paper-inequalities,pep-junior-exam-applied-modeling-finance-rate,passed,needs-review,deepseek-original-v3-1200; pending-s18-manual-review
pep-junior-v3-s1-k05-sa-031,junior-rag-v3-1200,S1,lower,pep-junior-s1-lower-equations-inequalities-data,二元一次方程组、不等式与数据初步,short-answer,Challenge,已知关于x、y的方程组 3x + 2y = m + 1 2x + y = m - 1 的解满足x > y，求m的取值范围。,,m > 4,m > 4 | m>4,解方程组：由2x+y=m-1得y=m-1-2x，代入3x+2y=m+1得3x+2(m-1-2x)=m+1，解得x=m-3，进而y=5-m。由x>y得m-3>5-m，解得m>4。因此答案为m>4。,pep-junior-s1-lower-equations-inequalities-data,pep-junior-s1-lower-paper-midterm-final-integrated,pep-junior-exam-linear-equation-inequality-models,passed,needs-review,deepseek-original-v3-1200; pending-s18-manual-review
pep-junior-v3-s1-k05-sa-032,junior-rag-v3-1200,S1,lower,pep-junior-s1-lower-equations-inequalities-data,二元一次方程组、不等式与数据初步,short-answer,Challenge,某校为了解七年级学生每天完成家庭作业所用的时间，从各班随机抽取了共50名学生进行调查，并将调查结果绘制成如下频数分布表（未完成）： 时间x（小时）	频数 0≤x<0.5	5 0.5≤x<1	10 1≤x<1.5	a 1.5≤x<2	12 2≤x<2.5	8 已知时间在1≤x<1.5小时的频率为0.3。 （1）求a的值，并补全表格； （2）请估计该校七年级学生每天完成家庭作业的平均时间（精确到0.1小时）。,,（1）a=15；（2）1.3小时,（1）a=15；（2）1.3小时 | （1）a=15。（2）1.3小时。,"（1）频率0.3，总人数50，所以a=50×0.3=15。（2）各组组中值：0.25,0.75,1.25,1.75,2.25。平均时间=(5×0.25+10×0.75+15×1.25+12×1.75+8×2.25)/50=66.5/50=1.33≈1.3小时。因此答案为（1）a=15；（2）1.3小时。",pep-junior-s1-lower-equations-inequalities-data,pep-junior-s1-lower-paper-data-collection,pep-junior-exam-statistics-probability,passed,needs-review,deepseek-original-v3-1200; pending-s18-manual-review
pep-junior-v3-s1-k05-sa-033,junior-rag-v3-1200,S1,lower,pep-junior-s1-lower-equations-inequalities-data,二元一次方程组、不等式与数据初步,short-answer,Challenge,已知a、b为两个连续整数，且a<√30<b，求a+b的值。,,11,11 | 11。,因为25<30<36，所以5<√30<6，即a=5，b=6，a+b=11。因此答案为11。,pep-junior-s1-lower-equations-inequalities-data,pep-junior-s1-lower-paper-lines-parallel-angles,pep-junior-exam-number-sense-real-numbers,passed,needs-review,deepseek-original-v3-1200; pending-s18-manual-review
pep-junior-v3-s2-k06-mc-001,junior-rag-v3-1200,S2,upper,pep-junior-s2-upper-triangles-congruence,三角形、全等与轴对称,multiple-choice,Foundation,在△ABC中，AB = AC，点D在BC上，且AD平分∠BAC。若∠BAD = 35°，则∠B的度数是多少？,55° | 70° | 35° | 110°,55°,55° | 55,因为AB = AC，所以△ABC是等腰三角形，∠B = ∠C。AD平分∠BAC，所以∠BAC = 2∠BAD = 70°。三角形内角和为180°，故∠B + ∠C = 180° - 70° = 110°，所以∠B = 55°。,pep-junior-s2-upper-triangles-congruence,pep-junior-s2-upper-paper-axis-symmetry-isosceles,pep-junior-exam-triangles-congruence-proof,passed,needs-review,deepseek-original-v3-1200; pending-s18-manual-review
pep-junior-v3-s2-k06-mc-002,junior-rag-v3-1200,S2,upper,pep-junior-s2-upper-triangles-congruence,三角形、全等与轴对称,multiple-choice,Foundation,"已知点A(2, -3)关于x轴对称的点是B，则点B的坐标是？","(2, 3) | (-2, -3) | (-2, 3) | (2, -3)","(2, 3)","(2, 3) | 2,3 | (2,3)","关于x轴对称的点，横坐标不变，纵坐标互为相反数。所以点A(2, -3)关于x轴对称的点B的坐标为(2, 3)。",pep-junior-s2-upper-triangles-congruence,pep-junior-s2-upper-paper-integrated-review,pep-junior-exam-coordinate-transformations,passed,needs-review,deepseek-original-v3-1200; pending-s18-manual-review
pep-junior-v3-s2-k06-mc-003,junior-rag-v3-1200,S2,upper,pep-junior-s2-upper-triangles-congruence,三角形、全等与轴对称,multiple-choice,Foundation,在△ABC中，∠A = 50°，∠B = 60°，则∠C的外角等于多少度？,70° | 110° | 120° | 130°,110°,110° | 110,∠C = 180° - ∠A - ∠B = 180° - 50° - 60° = 70°。∠C的外角等于与它不相邻的两个内角之和，即∠A + ∠B = 50° + 60° = 110°。,pep-junior-s2-upper-triangles-congruence,pep-junior-s2-upper-paper-triangle-angle-relations,pep-junior-exam-quadrilaterals-pythagorean,passed,needs-review,deepseek-original-v3-1200; pending-s18-manual-review
pep-junior-v3-s2-k06-mc-004,junior-rag-v3-1200,S2,upper,pep-junior-s2-upper-triangles-congruence,三角形、全等与轴对称,multiple-choice,Foundation,下列各组数中，能作为直角三角形三边长的是？,"1, 2, 3 | 4, 5, 6 | 5, 12, 13 | 7, 8, 9","5, 12, 13","5, 12, 13 | 5,12,13","根据勾股定理的逆定理，若两短边的平方和等于最长边的平方，则能构成直角三角形。5² + 12² = 25 + 144 = 169 = 13²，所以5, 12, 13能作为直角三角形三边长。",pep-junior-s2-upper-triangles-congruence,pep-junior-s2-upper-paper-congruence-proof,pep-junior-exam-number-sense-real-numbers,passed,needs-review,deepseek-original-v3-1200; pending-s18-manual-review
pep-junior-v3-s2-k06-mc-005,junior-rag-v3-1200,S2,upper,pep-junior-s2-upper-triangles-congruence,三角形、全等与轴对称,multiple-choice,Foundation,计算 (2x - 3)(x + 4) 的结果是？,2x² + 5x - 12 | 2x² - 5x - 12 | 2x² + 11x - 12 | 2x² - 11x - 12,2x² + 5x - 12,2x² + 5x - 12 | 2x^2+5x-12,多项式乘法：(2x - 3)(x + 4) = 2x·x + 2x·4 - 3·x - 3·4 = 2x² + 8x - 3x - 12 = 2x² + 5x - 12。,pep-junior-s2-upper-triangles-congruence,pep-junior-s2-upper-paper-polynomial-multiplication-factorization,pep-junior-exam-linear-equation-inequality-models,passed,needs-review,deepseek-original-v3-1200; pending-s18-manual-review
pep-junior-v3-s2-k06-mc-006,junior-rag-v3-1200,S2,upper,pep-junior-s2-upper-triangles-congruence,三角形、全等与轴对称,multiple-choice,Foundation,若分式 (x - 1) / (x + 2) 的值为0，则x的值为？,1 | -2 | 0 | 无解,1,1,分式的值为0的条件是分子为0且分母不为0。令x - 1 = 0，得x = 1。当x = 1时，分母x + 2 = 3 ≠ 0，所以x = 1。,pep-junior-s2-upper-triangles-congruence,pep-junior-s2-upper-paper-algebraic-fractions,pep-junior-exam-polynomial-factorization-fractions,passed,needs-review,deepseek-original-v3-1200; pending-s18-manual-review
pep-junior-v3-s2-k06-mc-007,junior-rag-v3-1200,S2,upper,pep-junior-s2-upper-triangles-congruence,三角形、全等与轴对称,multiple-choice,Foundation,等腰三角形的一个底角是50°，则它的顶角是多少度？,50° | 80° | 100° | 130°,80°,80° | 80,等腰三角形的两个底角相等，所以另一个底角也是50°。三角形内角和为180°，顶角 = 180° - 50° - 50° = 80°。,pep-junior-s2-upper-triangles-congruence,pep-junior-s2-upper-paper-axis-symmetry-isosceles,pep-junior-exam-linear-functions-graphs,passed,needs-review,deepseek-original-v3-1200; pending-s18-manual-review
pep-junior-v3-s2-k06-mc-008,junior-rag-v3-1200,S2,upper,pep-junior-s2-upper-triangles-congruence,三角形、全等与轴对称,multiple-choice,Foundation,某班50名学生，在一次数学测验中，成绩为：80分有15人，85分有20人，90分有10人，95分有5人。则这次测验成绩的众数是多少分？,80 | 85 | 90 | 95,85,85 | 85分,众数是一组数据中出现次数最多的数据。85分出现了20次，是出现次数最多的，所以众数是85。,pep-junior-s2-upper-triangles-congruence,pep-junior-s2-upper-paper-integrated-review,pep-junior-exam-statistics-probability,passed,needs-review,deepseek-original-v3-1200; pending-s18-manual-review
pep-junior-v3-s2-k06-mc-009,junior-rag-v3-1200,S2,upper,pep-junior-s2-upper-triangles-congruence,三角形、全等与轴对称,multiple-choice,Foundation,小明用20元买了若干支笔，若每支笔降价0.5元，则用20元可多买2支。设原来每支笔x元，则所列方程正确的是？,20/x - 20/(x-0.5) = 2 | 20/(x-0.5) - 20/x = 2 | 20/x - 20/(x+0.5) = 2 | 20/(x+0.5) - 20/x = 2,20/(x-0.5) - 20/x = 2,20/(x-0.5) - 20/x = 2 | 20/(x-0.5)-20/x=2,原来每支x元，20元可买20/x支。降价后每支(x-0.5)元，20元可买20/(x-0.5)支。根据多买2支，得20/(x-0.5) - 20/x = 2。,pep-junior-s2-upper-triangles-congruence,pep-junior-s2-upper-paper-triangle-angle-relations,pep-junior-exam-applied-modeling-finance-rate,passed,needs-review,deepseek-original-v3-1200; pending-s18-manual-review
pep-junior-v3-s2-k06-mc-010,junior-rag-v3-1200,S2,upper,pep-junior-s2-upper-triangles-congruence,三角形、全等与轴对称,multiple-choice,Foundation,在△ABC和△DEF中，已知AB = DE，∠A = ∠D，要利用“SAS”证明△ABC ≌ △DEF，还需添加的条件是？,BC = EF | AC = DF | ∠B = ∠E | ∠C = ∠F,AC = DF,AC = DF | AC=DF,SAS判定需要两边及其夹角对应相等。已知AB = DE，∠A = ∠D，需添加夹∠A的另一边AC = DF，才能满足SAS。,pep-junior-s2-upper-triangles-congruence,pep-junior-s2-upper-paper-congruence-proof,pep-junior-exam-proof-calculation-integrated,passed,needs-review,deepseek-original-v3-1200; pending-s18-manual-review
pep-junior-v3-s2-k06-mc-011,junior-rag-v3-1200,S2,upper,pep-junior-s2-upper-triangles-congruence,三角形、全等与轴对称,multiple-choice,Foundation,在△ABC和△DEF中，已知AB = DE，∠A = ∠D。若要用“边角边”（SAS）判定这两个三角形全等，还需要添加的条件是（ ）。,BC = EF | AC = DF | ∠B = ∠E | ∠C = ∠F,AC = DF,AC = DF | AC=DF,用SAS判定全等需要两边及其夹角对应相等。已知AB = DE，∠A = ∠D，其中∠A是AB和AC的夹角，∠D是DE和DF的夹角，因此需要添加AC = DF，使夹角的两边分别对应相等。所以答案是AC = DF。,pep-junior-s2-upper-triangles-congruence,pep-junior-s2-upper-paper-polynomial-multiplication-factorization,pep-junior-exam-triangles-congruence-proof,passed,needs-review,deepseek-original-v3-1200; pending-s18-manual-review
pep-junior-v3-s2-k06-mc-012,junior-rag-v3-1200,S2,upper,pep-junior-s2-upper-triangles-congruence,三角形、全等与轴对称,multiple-choice,Foundation,将△ABC沿直线l翻折后得到△A'B'C'，若点A与点A'是对称点，线段AA'与直线l交于点O，则下列结论不一定正确的是（ ）。,AO = A'O | AA' ⊥ l | AB = A'B' | ∠BAC = ∠B'A'C',∠BAC = ∠B'A'C',∠BAC = ∠B'A'C' | ∠BAC=∠B'A'C',翻折是轴对称变换，对称轴l是对称点连线的垂直平分线，所以AO = A'O且AA' ⊥ l；翻折前后的图形全等，对应边AB = A'B'。但∠BAC与∠B'A'C'不一定相等，因为点A与A'是对称点，但∠BAC和∠B'A'C'的顶点不同，它们不是对应角，所以不一定相等。因此答案是∠BAC = ∠B'A'C'。,pep-junior-s2-upper-triangles-congruence,pep-junior-s2-upper-paper-algebraic-fractions,pep-junior-exam-coordinate-transformations,passed,needs-review,deepseek-original-v3-1200; pending-s18-manual-review
pep-junior-v3-s2-k06-mc-013,junior-rag-v3-1200,S2,upper,pep-junior-s2-upper-triangles-congruence,三角形、全等与轴对称,multiple-choice,Foundation,在△ABC中，AB = AC，∠A = 50°，则∠B的度数为（ ）。,50° | 65° | 80° | 130°,65°,65° | 65度 | 65,因为AB = AC，所以△ABC是等腰三角形，∠B = ∠C。三角形内角和为180°，所以∠B + ∠C = 180° - ∠A = 130°，因此∠B = 65°。答案是65°。,pep-junior-s2-upper-triangles-congruence,pep-junior-s2-upper-paper-axis-symmetry-isosceles,pep-junior-exam-quadrilaterals-pythagorean,passed,needs-review,deepseek-original-v3-1200; pending-s18-manual-review
pep-junior-v3-s2-k06-mc-014,junior-rag-v3-1200,S2,upper,pep-junior-s2-upper-triangles-congruence,三角形、全等与轴对称,multiple-choice,Foundation,下列条件中，不能判定两个直角三角形全等的是（ ）。,两条直角边分别相等 | 斜边和一条直角边分别相等 | 一个锐角和一条直角边分别相等 | 两个锐角分别相等,两个锐角分别相等,两个锐角分别相等 | 两个锐角相等,直角三角形全等的判定方法有：SAS、ASA、AAS、HL。两条直角边对应相等满足SAS；斜边和一条直角边对应相等满足HL；一个锐角和一条直角边对应相等，若边是锐角的对边则满足AAS，若边是锐角的邻边则满足ASA，都能判定全等。两个锐角对应相等只能得到三个角对应相等，但边不一定相等，不能判定全等。所以答案是两个锐角分别相等。,pep-junior-s2-upper-triangles-congruence,pep-junior-s2-upper-paper-integrated-review,pep-junior-exam-number-sense-real-numbers,passed,needs-review,deepseek-original-v3-1200; pending-s18-manual-review
pep-junior-v3-s2-k06-mc-015,junior-rag-v3-1200,S2,upper,pep-junior-s2-upper-triangles-congruence,三角形、全等与轴对称,multiple-choice,Foundation,一个三角形的三个内角的度数之比为2:3:4，则这个三角形是（ ）。,锐角三角形 | 直角三角形 | 钝角三角形 | 等腰三角形,锐角三角形,锐角三角形 | 锐角,设三个内角分别为2x、3x、4x，则2x+3x+4x=180°，解得x=20°，所以三个角分别为40°、60°、80°，都是锐角，因此是锐角三角形。答案是锐角三角形。,pep-junior-s2-upper-triangles-congruence,pep-junior-s2-upper-paper-triangle-angle-relations,pep-junior-exam-linear-equation-inequality-models,passed,needs-review,deepseek-original-v3-1200; pending-s18-manual-review
pep-junior-v3-s2-k06-mc-016,junior-rag-v3-1200,S2,upper,pep-junior-s2-upper-triangles-congruence,三角形、全等与轴对称,multiple-choice,Foundation,已知AC = BD，要使△ABC ≌ △DCB，可以添加的一个条件是（ ）。,AB = DC | ∠ABC = ∠DCB | ∠ACB = ∠DBC | BC = CB,∠ABC = ∠DCB,∠ABC = ∠DCB | ∠ABC=∠DCB,在△ABC和△DCB中，已知AC = BD，公共边BC = CB。若添加∠ABC = ∠DCB，则满足SAS（AC = BD，∠ABC = ∠DCB，BC = CB），可证全等。其他选项：AB = DC满足SSA，不能判定；∠ACB = ∠DBC满足SSA，不能判定；BC = CB是公共边，不能作为添加条件。所以答案是∠ABC = ∠DCB。,pep-junior-s2-upper-triangles-congruence,pep-junior-s2-upper-paper-congruence-proof,pep-junior-exam-polynomial-factorization-fractions,passed,needs-review,deepseek-original-v3-1200; pending-s18-manual-review
pep-junior-v3-s2-k06-mc-017,junior-rag-v3-1200,S2,upper,pep-junior-s2-upper-triangles-congruence,三角形、全等与轴对称,multiple-choice,Foundation,计算 (x + 3)(x - 3) 的结果是（ ）。,x² - 9 | x² + 9 | x² - 6x + 9 | x² + 6x + 9,x² - 9,x² - 9 | x^2 - 9 | x²-9,利用平方差公式 (a+b)(a-b)=a²-b²，这里a=x，b=3，所以 (x+3)(x-3)=x²-3²=x²-9。答案是x² - 9。,pep-junior-s2-upper-triangles-congruence,pep-junior-s2-upper-paper-polynomial-multiplication-factorization,pep-junior-exam-linear-functions-graphs,passed,needs-review,deepseek-original-v3-1200; pending-s18-manual-review
pep-junior-v3-s2-k06-mc-018,junior-rag-v3-1200,S2,upper,pep-junior-s2-upper-triangles-congruence,三角形、全等与轴对称,multiple-choice,Foundation,化简分式 (x² - 4)/(x + 2) 的结果是（ ）。,x - 2 | x + 2 | x - 4 | x + 4,x - 2,x - 2 | x-2,分子x² - 4 = (x+2)(x-2)，分母为x+2，当x≠-2时，约去公因式x+2，得x-2。所以答案是x - 2。,pep-junior-s2-upper-triangles-congruence,pep-junior-s2-upper-paper-algebraic-fractions,pep-junior-exam-statistics-probability,passed,needs-review,deepseek-original-v3-1200; pending-s18-manual-review
pep-junior-v3-s2-k06-mc-019,junior-rag-v3-1200,S2,upper,pep-junior-s2-upper-triangles-congruence,三角形、全等与轴对称,multiple-choice,Foundation,等腰三角形的一个底角是50°，则它的顶角是（ ）。,50° | 65° | 80° | 100°,80°,80° | 80度 | 80,等腰三角形的两个底角相等，所以另一个底角也是50°。三角形内角和为180°，所以顶角=180°-50°-50°=80°。答案是80°。,pep-junior-s2-upper-triangles-congruence,pep-junior-s2-upper-paper-axis-symmetry-isosceles,pep-junior-exam-applied-modeling-finance-rate,passed,needs-review,deepseek-original-v3-1200; pending-s18-manual-review
pep-junior-v3-s2-k06-mc-020,junior-rag-v3-1200,S2,upper,pep-junior-s2-upper-triangles-congruence,三角形、全等与轴对称,multiple-choice,Foundation,下列图形中，不是轴对称图形的是（ ）。,线段 | 角 | 平行四边形 | 等腰三角形,平行四边形,平行四边形 | 一般平行四边形,线段有一条对称轴（它的垂直平分线）；角有一条对称轴（角平分线所在直线）；等腰三角形有一条对称轴（底边上的高所在直线）；一般的平行四边形（非菱形、非矩形）没有对称轴，不是轴对称图形。所以答案是平行四边形。,pep-junior-s2-upper-triangles-congruence,pep-junior-s2-upper-paper-integrated-review,pep-junior-exam-proof-calculation-integrated,passed,needs-review,deepseek-original-v3-1200; pending-s18-manual-review
pep-junior-v3-s2-k06-mc-021,junior-rag-v3-1200,S2,upper,pep-junior-s2-upper-triangles-congruence,三角形、全等与轴对称,multiple-choice,Foundation,在△ABC中，∠A＝50°，∠B＝∠C，则∠B的度数为（ ）,50° | 65° | 80° | 130°,65°,65° | 65度 | 65,因为∠A＝50°，且∠B＝∠C，由三角形内角和为180°得∠A＋∠B＋∠C＝180°，即50°＋2∠B＝180°，解得∠B＝65°。,pep-junior-s2-upper-triangles-congruence,pep-junior-s2-upper-paper-triangle-angle-relations,pep-junior-exam-triangles-congruence-proof,passed,needs-review,deepseek-original-v3-1200; pending-s18-manual-review
pep-junior-v3-s2-k06-mc-022,junior-rag-v3-1200,S2,upper,pep-junior-s2-upper-triangles-congruence,三角形、全等与轴对称,multiple-choice,Foundation,在△ABC和△DEF中，AB＝DE，∠A＝∠D，添加下列哪个条件后，仍无法判定△ABC≌△DEF的是（ ）,AC＝DF | BC＝EF | ∠B＝∠E | ∠C＝∠F,BC＝EF,BC＝EF | BC=EF,已知AB＝DE，∠A＝∠D。添加AC＝DF，满足SAS，可判定全等；添加∠B＝∠E，满足ASA，可判定全等；添加∠C＝∠F，满足AAS，可判定全等。添加BC＝EF，条件是SSA，不能判定全等，故选BC＝EF。,pep-junior-s2-upper-triangles-congruence,pep-junior-s2-upper-paper-congruence-proof,pep-junior-exam-coordinate-transformations,passed,needs-review,deepseek-original-v3-1200; pending-s18-manual-review
pep-junior-v3-s2-k06-mc-023,junior-rag-v3-1200,S2,upper,pep-junior-s2-upper-triangles-congruence,三角形、全等与轴对称,multiple-choice,Foundation,计算 (2x－3)(x＋4) 的结果是（ ）,2x²＋5x－12 | 2x²－5x－12 | 2x²＋11x－12 | 2x²－11x－12,2x²＋5x－12,2x²＋5x－12 | 2x^2+5x-12 | 2x²+5x-12,根据多项式乘法法则，(2x－3)(x＋4)＝2x·x＋2x·4－3·x－3·4＝2x²＋8x－3x－12＝2x²＋5x－12。,pep-junior-s2-upper-triangles-congruence,pep-junior-s2-upper-paper-polynomial-multiplication-factorization,pep-junior-exam-quadrilaterals-pythagorean,passed,needs-review,deepseek-original-v3-1200; pending-s18-manual-review
pep-junior-v3-s2-k06-mc-024,junior-rag-v3-1200,S2,upper,pep-junior-s2-upper-triangles-congruence,三角形、全等与轴对称,multiple-choice,Foundation,若分式 (x²－4)/(x＋2) 的值为0，则x的值为（ ）,2 | －2 | ±2 | 0,2,2,分式值为0的条件是分子为0且分母不为0。由x²－4＝0得x＝±2，但x＝－2时分母x＋2＝0，分式无意义，故x只能取2。,pep-junior-s2-upper-triangles-congruence,pep-junior-s2-upper-paper-algebraic-fractions,pep-junior-exam-number-sense-real-numbers,passed,needs-review,deepseek-original-v3-1200; pending-s18-manual-review
pep-junior-v3-s2-k06-mc-025,junior-rag-v3-1200,S2,upper,pep-junior-s2-upper-triangles-congruence,三角形、全等与轴对称,multiple-choice,Foundation,等腰三角形的一个底角为40°，则它的顶角为（ ）,40° | 80° | 100° | 140°,100°,100° | 100度 | 100,等腰三角形两底角相等，已知底角为40°，则另一个底角也是40°。由三角形内角和为180°，得顶角＝180°－40°－40°＝100°。,pep-junior-s2-upper-triangles-congruence,pep-junior-s2-upper-paper-axis-symmetry-isosceles,pep-junior-exam-linear-equation-inequality-models,passed,needs-review,deepseek-original-v3-1200; pending-s18-manual-review
pep-junior-v3-s2-k06-mc-026,junior-rag-v3-1200,S2,upper,pep-junior-s2-upper-triangles-congruence,三角形、全等与轴对称,multiple-choice,Foundation,关于三角形全等判定，下列说法正确的是（ ）,面积相等的两个三角形全等 | 周长相等的两个三角形全等 | 三边对应相等的两个三角形全等 | 两个锐角对应相等的两个直角三角形全等,三边对应相等的两个三角形全等,三边对应相等的两个三角形全等,根据全等三角形的判定方法，三边对应相等的两个三角形全等（SSS）。面积相等或周长相等不能保证全等；两个锐角对应相等的直角三角形，缺少边的条件，不能判定全等。,pep-junior-s2-upper-triangles-congruence,pep-junior-s2-upper-paper-integrated-review,pep-junior-exam-polynomial-factorization-fractions,passed,needs-review,deepseek-original-v3-1200; pending-s18-manual-review
pep-junior-v3-s2-k06-mc-027,junior-rag-v3-1200,S2,upper,pep-junior-s2-upper-triangles-congruence,三角形、全等与轴对称,multiple-choice,Foundation,已知一次函数y＝(m－2)x＋3，若y随x的增大而减小，则m的取值范围是（ ）,m＞2 | m＜2 | m≥2 | m≤2,m＜2,m＜2 | m<2,对于一次函数y＝kx＋b，当k＜0时，y随x的增大而减小。这里k＝m－2，所以m－2＜0，解得m＜2。,pep-junior-s2-upper-triangles-congruence,pep-junior-s2-upper-paper-triangle-angle-relations,pep-junior-exam-linear-functions-graphs,passed,needs-review,deepseek-original-v3-1200; pending-s18-manual-review
pep-junior-v3-s2-k06-mc-028,junior-rag-v3-1200,S2,upper,pep-junior-s2-upper-triangles-congruence,三角形、全等与轴对称,multiple-choice,Foundation,某班5名同学在一次数学测验中的成绩（单位：分）分别为：80，85，90，95，100，则这组数据的方差是（ ）,40 | 50 | 60 | 70,50,50,先求平均数：(80+85+90+95+100)/5＝90。再求方差：[(80-90)²+(85-90)²+(90-90)²+(95-90)²+(100-90)²]/5＝(100+25+0+25+100)/5＝250/5＝50。,pep-junior-s2-upper-triangles-congruence,pep-junior-s2-upper-paper-congruence-proof,pep-junior-exam-statistics-probability,passed,needs-review,deepseek-original-v3-1200; pending-s18-manual-review
pep-junior-v3-s2-k06-mc-029,junior-rag-v3-1200,S2,upper,pep-junior-s2-upper-triangles-congruence,三角形、全等与轴对称,multiple-choice,Foundation,某商品原价为a元，因需求增加，连续两次提价10%，则现价为（ ）,1.1a元 | 1.2a元 | 1.21a元 | 1.44a元,1.21a元,1.21a元 | 1.21a,第一次提价10%后价格为a(1+10%)＝1.1a元；第二次提价10%是在1.1a的基础上，现价为1.1a×(1+10%)＝1.1a×1.1＝1.21a元。,pep-junior-s2-upper-triangles-congruence,pep-junior-s2-upper-paper-polynomial-multiplication-factorization,pep-junior-exam-applied-modeling-finance-rate,passed,needs-review,deepseek-original-v3-1200; pending-s18-manual-review
pep-junior-v3-s2-k06-mc-030,junior-rag-v3-1200,S2,upper,pep-junior-s2-upper-triangles-congruence,三角形、全等与轴对称,multiple-choice,Foundation,计算 (a²b)/(c) ÷ (ab²)/(c²) 的结果是（ ）,a/c | ac/b | a/b | ac,ac/b,ac/b | ac÷b,原式＝(a²b)/c × (c²)/(ab²)＝(a²b·c²)/(c·ab²)＝(a·c)/b＝ac/b。,pep-junior-s2-upper-triangles-congruence,pep-junior-s2-upper-paper-algebraic-fractions,pep-junior-exam-proof-calculation-integrated,passed,needs-review,deepseek-original-v3-1200; pending-s18-manual-review
pep-junior-v3-s2-k06-mc-031,junior-rag-v3-1200,S2,upper,pep-junior-s2-upper-triangles-congruence,三角形、全等与轴对称,multiple-choice,Foundation,在△ABC和△DEF中，已知AB = DE，∠A = ∠D。若要使△ABC ≌ △DEF，还需添加一个条件。下列条件中不能保证全等的是（ ）。,AC = DF | BC = EF | ∠B = ∠E | ∠C = ∠F,BC = EF,BC = EF,已知AB = DE，∠A = ∠D。添加AC = DF，可用SAS判定全等；添加∠B = ∠E，可用ASA判定全等；添加∠C = ∠F，可用AAS判定全等。添加BC = EF，则已知两边和其中一边的对角对应相等，不能保证全等。因此，不能保证全等的条件是BC = EF。,pep-junior-s2-upper-triangles-congruence,pep-junior-s2-upper-paper-axis-symmetry-isosceles,pep-junior-exam-triangles-congruence-proof,passed,needs-review,deepseek-original-v3-1200; pending-s18-manual-review
pep-junior-v3-s2-k06-mc-032,junior-rag-v3-1200,S2,upper,pep-junior-s2-upper-triangles-congruence,三角形、全等与轴对称,multiple-choice,Foundation,"在平面直角坐标系中，点A的坐标为(2, 3)。将点A先向右平移4个单位，再向下平移1个单位得到点A'，则点A'的坐标是（ ）。","(6, 2) | (6, 4) | (-2, 2) | (-2, 4)","(6, 2)","(6, 2)","点A(2, 3)向右平移4个单位，横坐标加4得6；向下平移1个单位，纵坐标减1得2。所以点A'的坐标是(6, 2)。",pep-junior-s2-upper-triangles-congruence,pep-junior-s2-upper-paper-integrated-review,pep-junior-exam-coordinate-transformations,passed,needs-review,deepseek-original-v3-1200; pending-s18-manual-review
pep-junior-v3-s2-k06-mc-033,junior-rag-v3-1200,S2,upper,pep-junior-s2-upper-triangles-congruence,三角形、全等与轴对称,multiple-choice,Foundation,在△ABC中，∠A = 50°，∠B = 60°，则∠C的外角的度数是（ ）。,70° | 110° | 120° | 130°,110°,110° | 110度,三角形的外角等于与它不相邻的两个内角的和。∠C的外角 = ∠A + ∠B = 50° + 60° = 110°。,pep-junior-s2-upper-triangles-congruence,pep-junior-s2-upper-paper-triangle-angle-relations,pep-junior-exam-quadrilaterals-pythagorean,passed,needs-review,deepseek-original-v3-1200; pending-s18-manual-review
pep-junior-v3-s2-k06-mc-034,junior-rag-v3-1200,S2,upper,pep-junior-s2-upper-triangles-congruence,三角形、全等与轴对称,multiple-choice,Foundation,下列四个数中，属于无理数的是（ ）。,0 | -3 | √4 | √5,√5,√5,0、-3是整数，属于有理数；√4 = 2，是有理数；√5是开方开不尽的数，是无理数。因此，属于无理数的是√5。,pep-junior-s2-upper-triangles-congruence,pep-junior-s2-upper-paper-congruence-proof,pep-junior-exam-number-sense-real-numbers,passed,needs-review,deepseek-original-v3-1200; pending-s18-manual-review
pep-junior-v3-s2-k06-fi-001,junior-rag-v3-1200,S2,upper,pep-junior-s2-upper-triangles-congruence,三角形、全等与轴对称,fill-in,Foundation,等腰三角形的一个底角为40°，则它的顶角的度数是______。,,100°,100° | 100度,等腰三角形的两个底角相等，所以另一个底角也是40°。三角形内角和为180°，顶角 = 180° - 40° - 40° = 100°。,pep-junior-s2-upper-triangles-congruence,pep-junior-s2-upper-paper-axis-symmetry-isosceles,pep-junior-exam-triangles-congruence-proof,passed,needs-review,deepseek-original-v3-1200; pending-s18-manual-review
pep-junior-v3-s2-k06-fi-002,junior-rag-v3-1200,S2,upper,pep-junior-s2-upper-triangles-congruence,三角形、全等与轴对称,fill-in,Foundation,"在平面直角坐标系中，点P(-3, 5)关于x轴对称的点的坐标是______。",,"(-3, -5)","(-3, -5)","关于x轴对称的点，横坐标不变，纵坐标互为相反数。点P(-3, 5)关于x轴对称的点的坐标是(-3, -5)。",pep-junior-s2-upper-triangles-congruence,pep-junior-s2-upper-paper-integrated-review,pep-junior-exam-coordinate-transformations,passed,needs-review,deepseek-original-v3-1200; pending-s18-manual-review
pep-junior-v3-s2-k06-fi-003,junior-rag-v3-1200,S2,upper,pep-junior-s2-upper-triangles-congruence,三角形、全等与轴对称,fill-in,Foundation,在△ABC中，∠A = 30°，∠B = 70°，则△ABC的形状是______三角形。（填“锐角”“直角”或“钝角”）,,锐角,锐角,三角形内角和为180°，∠C = 180° - 30° - 70° = 80°。三个角都小于90°，所以△ABC是锐角三角形。,pep-junior-s2-upper-triangles-congruence,pep-junior-s2-upper-paper-triangle-angle-relations,pep-junior-exam-quadrilaterals-pythagorean,passed,needs-review,deepseek-original-v3-1200; pending-s18-manual-review
pep-junior-v3-s2-k06-fi-004,junior-rag-v3-1200,S2,upper,pep-junior-s2-upper-triangles-congruence,三角形、全等与轴对称,fill-in,Foundation,比较大小：√10 ______ 3.2。（填“>”“<”或“=”）,,<,<,3.2² = 10.24，而√10² = 10。因为10 < 10.24，所以√10 < 3.2。,pep-junior-s2-upper-triangles-congruence,pep-junior-s2-upper-paper-congruence-proof,pep-junior-exam-number-sense-real-numbers,passed,needs-review,deepseek-original-v3-1200; pending-s18-manual-review
pep-junior-v3-s2-k06-fi-005,junior-rag-v3-1200,S2,upper,pep-junior-s2-upper-triangles-congruence,三角形、全等与轴对称,fill-in,Foundation,分解因式：2x² - 8 = ______。,,2(x + 2)(x - 2),2(x + 2)(x - 2) | 2(x-2)(x+2),先提取公因式2，得2(x² - 4)，再用平方差公式分解为2(x + 2)(x - 2)。,pep-junior-s2-upper-triangles-congruence,pep-junior-s2-upper-paper-polynomial-multiplication-factorization,pep-junior-exam-linear-equation-inequality-models,passed,needs-review,deepseek-original-v3-1200; pending-s18-manual-review
pep-junior-v3-s2-k06-fi-006,junior-rag-v3-1200,S2,upper,pep-junior-s2-upper-triangles-congruence,三角形、全等与轴对称,fill-in,Foundation,若分式 (x - 1) / (x + 2) 的值为0，则x = ______。,,1,1,分式的值为0的条件是分子为0且分母不为0。由x - 1 = 0得x = 1，此时分母x + 2 = 3 ≠ 0，所以x = 1。,pep-junior-s2-upper-triangles-congruence,pep-junior-s2-upper-paper-algebraic-fractions,pep-junior-exam-polynomial-factorization-fractions,passed,needs-review,deepseek-original-v3-1200; pending-s18-manual-review
pep-junior-v3-s2-k06-fi-007,junior-rag-v3-1200,S2,upper,pep-junior-s2-upper-triangles-congruence,三角形、全等与轴对称,fill-in,Foundation,在△ABC中，已知AB=AC，点D在BC上，且AD平分∠BAC。若∠B=50°，则∠BAD的度数为______°。,,40,40 | 40°,因为AB=AC，所以△ABC是等腰三角形，∠B=∠C=50°。由三角形内角和得∠BAC=180°−50°−50°=80°。AD平分∠BAC，所以∠BAD=80°÷2=40°。,pep-junior-s2-upper-triangles-congruence,pep-junior-s2-upper-paper-axis-symmetry-isosceles,pep-junior-exam-linear-functions-graphs,passed,needs-review,deepseek-original-v3-1200; pending-s18-manual-review
pep-junior-v3-s2-k06-fi-008,junior-rag-v3-1200,S2,upper,pep-junior-s2-upper-triangles-congruence,三角形、全等与轴对称,fill-in,Foundation,已知△ABC≌△DEF，点A与点D对应，点B与点E对应，∠A=70°，∠B=50°，则∠F的度数为______°。,,60,60 | 60°,由全等三角形对应角相等，得∠D=∠A=70°，∠E=∠B=50°。在△DEF中，∠F=180°−70°−50°=60°。,pep-junior-s2-upper-triangles-congruence,pep-junior-s2-upper-paper-integrated-review,pep-junior-exam-statistics-probability,passed,needs-review,deepseek-original-v3-1200; pending-s18-manual-review
pep-junior-v3-s2-k06-fi-009,junior-rag-v3-1200,S2,upper,pep-junior-s2-upper-triangles-congruence,三角形、全等与轴对称,fill-in,Foundation,一个三角形的两边长分别为3和8，若第三边长为偶数，且这个三角形是等腰三角形，则第三边的长为______。,,8,8,设第三边长为x，根据三角形三边关系，8-3<x<8+3，即5<x<11。x为偶数，在5到11之间的偶数有6、8、10。又因为三角形是等腰三角形，两边长分别为3和8，若腰长为3，则3+3=6<8，不能构成三角形；若腰长为8，则第三边为8，满足三边关系；若底边为8，则腰长为3和3，不能构成三角形。因此第三边只能为8。,pep-junior-s2-upper-triangles-congruence,pep-junior-s2-upper-paper-triangle-angle-relations,pep-junior-exam-applied-modeling-finance-rate,passed,needs-review,deepseek-original-v3-1200; pending-s18-manual-review
pep-junior-v3-s2-k06-fi-010,junior-rag-v3-1200,S2,upper,pep-junior-s2-upper-triangles-congruence,三角形、全等与轴对称,fill-in,Foundation,已知AB=AD，∠BAC=∠DAC。若要用“SAS”判定△ABC≌△ADC，则需要添加的条件是______。,,AC=AC,AC=AC | AC=AC（公共边）,在△ABC和△ADC中，已知AB=AD，∠BAC=∠DAC，要利用SAS判定全等，需要夹角的两边对应相等，即需要AC=AC（公共边）。,pep-junior-s2-upper-triangles-congruence,pep-junior-s2-upper-paper-congruence-proof,pep-junior-exam-proof-calculation-integrated,passed,needs-review,deepseek-original-v3-1200; pending-s18-manual-review
pep-junior-v3-s2-k06-fi-011,junior-rag-v3-1200,S2,upper,pep-junior-s2-upper-triangles-congruence,三角形、全等与轴对称,fill-in,Foundation,计算：(x+3)(x−3)−(x−1)²=______。,,2x−10,2x−10 | 2x-10,原式=(x²−9)−(x²−2x+1)=x²−9−x²+2x−1=2x−10。,pep-junior-s2-upper-triangles-congruence,pep-junior-s2-upper-paper-polynomial-multiplication-factorization,pep-junior-exam-triangles-congruence-proof,passed,needs-review,deepseek-original-v3-1200; pending-s18-manual-review
pep-junior-v3-s2-k06-fi-012,junior-rag-v3-1200,S2,upper,pep-junior-s2-upper-triangles-congruence,三角形、全等与轴对称,fill-in,Foundation,若分式 (x−2)/(x+1) 的值为0，则x的值为______。,,2,2,分式值为0的条件是分子为0且分母不为0。由x−2=0得x=2，此时分母x+1=3≠0，所以x=2。,pep-junior-s2-upper-triangles-congruence,pep-junior-s2-upper-paper-algebraic-fractions,pep-junior-exam-coordinate-transformations,passed,needs-review,deepseek-original-v3-1200; pending-s18-manual-review
pep-junior-v3-s2-k06-fi-013,junior-rag-v3-1200,S2,upper,pep-junior-s2-upper-triangles-congruence,三角形、全等与轴对称,fill-in,Foundation,"点P(3,−2)关于x轴对称的点Q的坐标为______。",,"(3,2)","(3,2) | （3，2）","关于x轴对称的点，横坐标相同，纵坐标互为相反数。所以Q的坐标为(3,2)。",pep-junior-s2-upper-triangles-congruence,pep-junior-s2-upper-paper-axis-symmetry-isosceles,pep-junior-exam-quadrilaterals-pythagorean,passed,needs-review,deepseek-original-v3-1200; pending-s18-manual-review
pep-junior-v3-s2-k06-fi-014,junior-rag-v3-1200,S2,upper,pep-junior-s2-upper-triangles-congruence,三角形、全等与轴对称,fill-in,Foundation,比较大小：√5______2.2（填“>”“<”或“=”）。,,>,>,因为2.2²=4.84，而(√5)²=5，5>4.84，所以√5>2.2。,pep-junior-s2-upper-triangles-congruence,pep-junior-s2-upper-paper-integrated-review,pep-junior-exam-number-sense-real-numbers,passed,needs-review,deepseek-original-v3-1200; pending-s18-manual-review
pep-junior-v3-s2-k06-fi-015,junior-rag-v3-1200,S2,upper,pep-junior-s2-upper-triangles-congruence,三角形、全等与轴对称,fill-in,Foundation,某三角形的两个内角分别为40°和65°，则第三个内角为______°。,,75,75 | 75° | 75度,三角形内角和为180°，所以第三个内角为180°-40°-65°=75°。,pep-junior-s2-upper-triangles-congruence,pep-junior-s2-upper-paper-triangle-angle-relations,pep-junior-exam-linear-equation-inequality-models,passed,needs-review,deepseek-original-v3-1200; pending-s18-manual-review
pep-junior-v3-s2-k06-fi-016,junior-rag-v3-1200,S2,upper,pep-junior-s2-upper-triangles-congruence,三角形、全等与轴对称,fill-in,Foundation,在△ABC中，AB=AC，∠A=40°，BD是AC边上的高，则∠DBC的度数为______°。,,20,20 | 20°,因为AB=AC，∠A=40°，所以∠ABC=∠C=(180°−40°)÷2=70°。BD是AC边上的高，则∠BDC=90°，在△BDC中，∠DBC=90°−∠C=90°−70°=20°。,pep-junior-s2-upper-triangles-congruence,pep-junior-s2-upper-paper-congruence-proof,pep-junior-exam-polynomial-factorization-fractions,passed,needs-review,deepseek-original-v3-1200; pending-s18-manual-review
pep-junior-v3-s2-k06-fi-017,junior-rag-v3-1200,S2,upper,pep-junior-s2-upper-triangles-congruence,三角形、全等与轴对称,fill-in,Foundation,在△ABC中，已知AB = AC，点D在BC边上，且AD平分∠BAC。若∠B = 50°，则∠ADC的度数为______°。,,90,90 | 90°,由AB = AC得∠C = ∠B = 50°。AD平分∠BAC，所以∠BAD = ∠CAD。三角形内角和为180°，故∠BAC = 180° - 50° - 50° = 80°，因此∠BAD = 40°。在△ABD中，∠ADB = 180° - 50° - 40° = 90°。因为B、D、C共线，∠ADC = 180° - ∠ADB = 90°。所以答案为90。,pep-junior-s2-upper-triangles-congruence,pep-junior-s2-upper-paper-polynomial-multiplication-factorization,pep-junior-exam-linear-functions-graphs,passed,needs-review,deepseek-original-v3-1200; pending-s18-manual-review
pep-junior-v3-s2-k06-fi-018,junior-rag-v3-1200,S2,upper,pep-junior-s2-upper-triangles-congruence,三角形、全等与轴对称,fill-in,Foundation,点B、E、C、F在同一直线上，AB∥DE，AC∥DF，BE = CF。若AB = 5，则DE = ______。,,5,5,由AB∥DE得∠B = ∠DEF，由AC∥DF得∠ACB = ∠F。又BE = CF，两边同时加上EC得BC = EF。根据ASA可证△ABC ≌ △DEF，所以DE = AB = 5。答案为5。,pep-junior-s2-upper-triangles-congruence,pep-junior-s2-upper-paper-algebraic-fractions,pep-junior-exam-statistics-probability,passed,needs-review,deepseek-original-v3-1200; pending-s18-manual-review
pep-junior-v3-s2-k06-fi-019,junior-rag-v3-1200,S2,upper,pep-junior-s2-upper-triangles-congruence,三角形、全等与轴对称,fill-in,Foundation,在△ABC中，∠C = 90°，AD是角平分线，交BC于点D。若∠B = 30°，则∠ADC = ______°。,,60,60 | 60°,在Rt△ABC中，∠C = 90°，∠B = 30°，则∠A = 60°。AD平分∠A，所以∠CAD = 30°。在△ADC中，∠C = 90°，∠CAD = 30°，所以∠ADC = 180° - 90° - 30° = 60°。,pep-junior-s2-upper-triangles-congruence,pep-junior-s2-upper-paper-axis-symmetry-isosceles,pep-junior-exam-applied-modeling-finance-rate,passed,needs-review,deepseek-original-v3-1200; pending-s18-manual-review
pep-junior-v3-s2-k06-fi-020,junior-rag-v3-1200,S2,upper,pep-junior-s2-upper-triangles-congruence,三角形、全等与轴对称,fill-in,Foundation,已知△ABC ≌ △DEF，点A、B、C的对应顶点分别是D、E、F。若∠A = 40°，∠E = 60°，则∠F = ______°。,,80,80 | 80°,由全等对应关系得∠D = ∠A = 40°，∠B = ∠E = 60°。在△DEF中，∠F = 180° - ∠D - ∠E = 180° - 40° - 60° = 80°。答案为80。,pep-junior-s2-upper-triangles-congruence,pep-junior-s2-upper-paper-integrated-review,pep-junior-exam-proof-calculation-integrated,passed,needs-review,deepseek-original-v3-1200; pending-s18-manual-review
pep-junior-v3-s2-k06-fi-021,junior-rag-v3-1200,S2,upper,pep-junior-s2-upper-triangles-congruence,三角形、全等与轴对称,fill-in,Foundation,在△ABC中，∠A = 80°，∠B = 60°，则∠C的外角等于______°。,,140,140 | 140°,∠C = 180° - ∠A - ∠B = 180° - 80° - 60° = 40°。∠C的外角等于与它不相邻的两个内角之和，即∠A + ∠B = 80° + 60° = 140°。答案为140。,pep-junior-s2-upper-triangles-congruence,pep-junior-s2-upper-paper-triangle-angle-relations,pep-junior-exam-triangles-congruence-proof,passed,needs-review,deepseek-original-v3-1200; pending-s18-manual-review
pep-junior-v3-s2-k06-fi-022,junior-rag-v3-1200,S2,upper,pep-junior-s2-upper-triangles-congruence,三角形、全等与轴对称,fill-in,Foundation,AC与BD相交于点O，且OA = OC，OB = OD。若∠AOB = 50°，则∠COD = ______°。,,50,50 | 50°,在△AOB和△COD中，OA = OC，OB = OD，且∠AOB = ∠COD（对顶角相等）。根据SAS可证△AOB ≌ △COD，所以∠COD = ∠AOB = 50°。答案为50。,pep-junior-s2-upper-triangles-congruence,pep-junior-s2-upper-paper-congruence-proof,pep-junior-exam-coordinate-transformations,passed,needs-review,deepseek-original-v3-1200; pending-s18-manual-review
pep-junior-v3-s2-k06-fi-023,junior-rag-v3-1200,S2,upper,pep-junior-s2-upper-triangles-congruence,三角形、全等与轴对称,fill-in,Foundation,计算：(x + 3)(x - 3) - (x - 1)² = ______。,,2x - 10,2x - 10 | 2x-10,利用平方差公式：(x + 3)(x - 3) = x² - 9。完全平方公式：(x - 1)² = x² - 2x + 1。原式 = (x² - 9) - (x² - 2x + 1) = x² - 9 - x² + 2x - 1 = 2x - 10。答案为2x - 10。,pep-junior-s2-upper-triangles-congruence,pep-junior-s2-upper-paper-polynomial-multiplication-factorization,pep-junior-exam-quadrilaterals-pythagorean,passed,needs-review,deepseek-original-v3-1200; pending-s18-manual-review
pep-junior-v3-s2-k06-fi-024,junior-rag-v3-1200,S2,upper,pep-junior-s2-upper-triangles-congruence,三角形、全等与轴对称,fill-in,Foundation,若分式 (x² - 4) / (x + 2) 的值为0，则x = ______。,,2,2,分式值为0的条件是分子为0且分母不为0。分子x² - 4 = 0，解得x = 2或x = -2。当x = -2时，分母x + 2 = 0，分式无意义，舍去。所以x = 2。答案为2。,pep-junior-s2-upper-triangles-congruence,pep-junior-s2-upper-paper-algebraic-fractions,pep-junior-exam-number-sense-real-numbers,passed,needs-review,deepseek-original-v3-1200; pending-s18-manual-review
pep-junior-v3-s2-k06-fi-025,junior-rag-v3-1200,S2,upper,pep-junior-s2-upper-triangles-congruence,三角形、全等与轴对称,fill-in,Foundation,等腰三角形的一个底角为50°，则它的顶角为______°。,,80,80 | 80°,等腰三角形两底角相等，所以另一个底角也是50°。三角形内角和为180°，顶角 = 180° - 50° - 50° = 80°。答案为80。,pep-junior-s2-upper-triangles-congruence,pep-junior-s2-upper-paper-axis-symmetry-isosceles,pep-junior-exam-linear-equation-inequality-models,passed,needs-review,deepseek-original-v3-1200; pending-s18-manual-review
pep-junior-v3-s2-k06-fi-026,junior-rag-v3-1200,S2,upper,pep-junior-s2-upper-triangles-congruence,三角形、全等与轴对称,fill-in,Foundation,在△ABC中，AB = AC，AD是BC边上的高。若∠BAD = 25°，则∠B = ______°。,,65,65 | 65°,因为AB = AC，AD是高，根据等腰三角形三线合一，AD也是顶角平分线，所以∠BAC = 2∠BAD = 50°。又因为AB = AC，所以∠B = ∠C。由三角形内角和得∠B = (180° - 50°) / 2 = 65°。答案为65。,pep-junior-s2-upper-triangles-congruence,pep-junior-s2-upper-paper-integrated-review,pep-junior-exam-polynomial-factorization-fractions,passed,needs-review,deepseek-original-v3-1200; pending-s18-manual-review
pep-junior-v3-s2-k06-fi-027,junior-rag-v3-1200,S2,upper,pep-junior-s2-upper-triangles-congruence,三角形、全等与轴对称,fill-in,Foundation,在△ABC中，已知∠A=50°，∠B=70°，则∠C的外角等于______度。,,120,120 | 120° | 120度,根据三角形内角和定理，∠C=180°-∠A-∠B=180°-50°-70°=60°。∠C的外角与∠C互补，所以∠C的外角=180°-60°=120°。,pep-junior-s2-upper-triangles-congruence,pep-junior-s2-upper-paper-triangle-angle-relations,pep-junior-exam-linear-functions-graphs,passed,needs-review,deepseek-original-v3-1200; pending-s18-manual-review
pep-junior-v3-s2-k06-fi-028,junior-rag-v3-1200,S2,upper,pep-junior-s2-upper-triangles-congruence,三角形、全等与轴对称,fill-in,Foundation,已知AB=DE，BC=EF，∠B=∠E。要证明△ABC≌△DEF，依据的判定方法是______。,,SAS,SAS | 边角边 | 边角边(SAS) | SAS(边角边),在△ABC和△DEF中，AB=DE，∠B=∠E，BC=EF，两边及其夹角对应相等，所以依据SAS判定△ABC≌△DEF。,pep-junior-s2-upper-triangles-congruence,pep-junior-s2-upper-paper-congruence-proof,pep-junior-exam-statistics-probability,passed,needs-review,deepseek-original-v3-1200; pending-s18-manual-review
pep-junior-v3-s2-k06-fi-029,junior-rag-v3-1200,S2,upper,pep-junior-s2-upper-triangles-congruence,三角形、全等与轴对称,fill-in,Foundation,计算：(x+3)(x-2)=______。,,x²+x-6,x²+x-6 | x^2+x-6,多项式乘法：(x+3)(x-2)=x·x+x·(-2)+3·x+3·(-2)=x²-2x+3x-6=x²+x-6。,pep-junior-s2-upper-triangles-congruence,pep-junior-s2-upper-paper-polynomial-multiplication-factorization,pep-junior-exam-applied-modeling-finance-rate,passed,needs-review,deepseek-original-v3-1200; pending-s18-manual-review
pep-junior-v3-s2-k06-fi-030,junior-rag-v3-1200,S2,upper,pep-junior-s2-upper-triangles-congruence,三角形、全等与轴对称,fill-in,Foundation,化简分式：(x²-4)/(x+2)=______（其中x≠-2）。,,x-2,x-2 | x-2(x≠-2) | x-2 (x≠-2),分子因式分解：x²-4=(x+2)(x-2)，所以(x²-4)/(x+2)=(x+2)(x-2)/(x+2)=x-2（x≠-2）。,pep-junior-s2-upper-triangles-congruence,pep-junior-s2-upper-paper-algebraic-fractions,pep-junior-exam-proof-calculation-integrated,passed,needs-review,deepseek-original-v3-1200; pending-s18-manual-review
pep-junior-v3-s2-k06-fi-031,junior-rag-v3-1200,S2,upper,pep-junior-s2-upper-triangles-congruence,三角形、全等与轴对称,fill-in,Foundation,等腰三角形的一个底角为40°，则它的顶角为______度。,,100,100 | 100° | 100度,等腰三角形两底角相等，所以另一个底角也是40°。三角形内角和为180°，顶角=180°-40°-40°=100°。,pep-junior-s2-upper-triangles-congruence,pep-junior-s2-upper-paper-axis-symmetry-isosceles,pep-junior-exam-triangles-congruence-proof,passed,needs-review,deepseek-original-v3-1200; pending-s18-manual-review
pep-junior-v3-s2-k06-fi-032,junior-rag-v3-1200,S2,upper,pep-junior-s2-upper-triangles-congruence,三角形、全等与轴对称,fill-in,Foundation,"若点A(2,3)关于x轴对称的点为B，则点B的坐标是______。",,"(2,-3)","(2,-3) | （2，-3） | 2,-3 | (2, -3)","关于x轴对称的点，横坐标不变，纵坐标互为相反数。所以点A(2,3)关于x轴对称的点B的坐标是(2,-3)。",pep-junior-s2-upper-triangles-congruence,pep-junior-s2-upper-paper-integrated-review,pep-junior-exam-coordinate-transformations,passed,needs-review,deepseek-original-v3-1200; pending-s18-manual-review
pep-junior-v3-s2-k06-fi-033,junior-rag-v3-1200,S2,upper,pep-junior-s2-upper-triangles-congruence,三角形、全等与轴对称,fill-in,Foundation,一个多边形的内角和是540°，则这个多边形的边数是______。,,5,5 | 五 | 5边 | 五边形,设多边形边数为n，则内角和=(n-2)×180°=540°，解得n-2=3，n=5。,pep-junior-s2-upper-triangles-congruence,pep-junior-s2-upper-paper-triangle-angle-relations,pep-junior-exam-quadrilaterals-pythagorean,passed,needs-review,deepseek-original-v3-1200; pending-s18-manual-review
pep-junior-v3-s2-k06-fi-034,junior-rag-v3-1200,S2,upper,pep-junior-s2-upper-triangles-congruence,三角形、全等与轴对称,fill-in,Foundation,在△ABC中，∠C=90°，AC=6，BC=8，则AB的长为______。,,10,10 | 10单位 | 10个单位,在Rt△ABC中，由勾股定理得AB²=AC²+BC²=6²+8²=36+64=100，所以AB=10。,pep-junior-s2-upper-triangles-congruence,pep-junior-s2-upper-paper-congruence-proof,pep-junior-exam-number-sense-real-numbers,passed,needs-review,deepseek-original-v3-1200; pending-s18-manual-review
pep-junior-v3-s2-k06-sa-001,junior-rag-v3-1200,S2,upper,pep-junior-s2-upper-triangles-congruence,三角形、全等与轴对称,short-answer,Foundation,在△ABC中，AB=AC，D是BC的中点。求证：AD⊥BC。,,证明：∵AB=AC，D是BC的中点，∴AD是等腰△ABC底边BC上的中线。根据等腰三角形“三线合一”的性质，底边上的中线也是底边上的高线，∴AD⊥BC。,证明：∵AB=AC，D是BC的中点，∴AD是等腰△ABC底边BC上的中线。根据等腰三角形“三线合一”的性质，底边上的中线也是底边上的高线，∴AD⊥BC。 | 证明：因为AB=AC，D是BC的中点，所以AD是等腰三角形ABC底边BC上的中线。由等腰三角形三线合一，底边上的中线也是底边上的高，所以AD垂直于BC。,由AB=AC知△ABC是等腰三角形，D是BC中点，所以AD是底边BC上的中线。等腰三角形底边上的中线、高线和顶角平分线互相重合，因此AD也是底边上的高线，即AD⊥BC。,pep-junior-s2-upper-triangles-congruence,pep-junior-s2-upper-paper-axis-symmetry-isosceles,pep-junior-exam-triangles-congruence-proof,passed,needs-review,deepseek-original-v3-1200; pending-s18-manual-review
pep-junior-v3-s2-k06-sa-002,junior-rag-v3-1200,S2,upper,pep-junior-s2-upper-triangles-congruence,三角形、全等与轴对称,short-answer,Foundation,"在平面直角坐标系中，点P(3,-2)先向右平移4个单位，再向下平移1个单位得到点Q。求点Q的坐标，并计算线段PQ的长度。",,"点Q的坐标为(7,-3)，线段PQ的长度为√17。","点Q的坐标为(7,-3)，线段PQ的长度为√17。 | Q(7,-3)，PQ=√17 | Q(7,-3), PQ=√17 | 点Q(7,-3)，PQ=√17","点P(3,-2)向右平移4个单位，横坐标加4得7；向下平移1个单位，纵坐标减1得-3，所以Q(7,-3)。线段PQ的长度用两点间距离公式：PQ=√[(7-3)²+(-3+2)²]=√(4²+(-1)²)=√(16+1)=√17。",pep-junior-s2-upper-triangles-congruence,pep-junior-s2-upper-paper-integrated-review,pep-junior-exam-coordinate-transformations,passed,needs-review,deepseek-original-v3-1200; pending-s18-manual-review
pep-junior-v3-s2-k06-sa-003,junior-rag-v3-1200,S2,upper,pep-junior-s2-upper-triangles-congruence,三角形、全等与轴对称,short-answer,Core,在△ABC中，∠A = 50°，∠B = 60°，求∠C的度数。,,70°,70° | 70度,三角形内角和为180°，所以∠C = 180° - ∠A - ∠B = 180° - 50° - 60° = 70°。,pep-junior-s2-upper-triangles-congruence,pep-junior-s2-upper-paper-triangle-angle-relations,pep-junior-exam-quadrilaterals-pythagorean,passed,needs-review,deepseek-original-v3-1200; pending-s18-manual-review
pep-junior-v3-s2-k06-sa-004,junior-rag-v3-1200,S2,upper,pep-junior-s2-upper-triangles-congruence,三角形、全等与轴对称,short-answer,Core,在△ABC和△DEF中，AB = DE，∠A = ∠D，AC = DF。求证：△ABC ≌ △DEF。,,证明：在△ABC和△DEF中，AB = DE，∠A = ∠D，AC = DF，所以△ABC ≌ △DEF（SAS）。,证明：在△ABC和△DEF中，AB = DE，∠A = ∠D，AC = DF，所以△ABC ≌ △DEF（SAS）。 | △ABC ≌ △DEF（SAS）,根据已知条件，AB = DE，∠A = ∠D，AC = DF，满足两边及其夹角对应相等，因此△ABC ≌ △DEF（SAS）。,pep-junior-s2-upper-triangles-congruence,pep-junior-s2-upper-paper-congruence-proof,pep-junior-exam-number-sense-real-numbers,passed,needs-review,deepseek-original-v3-1200; pending-s18-manual-review
pep-junior-v3-s2-k06-sa-005,junior-rag-v3-1200,S2,upper,pep-junior-s2-upper-triangles-congruence,三角形、全等与轴对称,short-answer,Core,计算：(x + 3)(x - 2)。,,x² + x - 6,x² + x - 6 | x^2 + x - 6,根据多项式乘法法则，(x + 3)(x - 2) = x·x + x·(-2) + 3·x + 3·(-2) = x² - 2x + 3x - 6 = x² + x - 6。,pep-junior-s2-upper-triangles-congruence,pep-junior-s2-upper-paper-polynomial-multiplication-factorization,pep-junior-exam-linear-equation-inequality-models,passed,needs-review,deepseek-original-v3-1200; pending-s18-manual-review
pep-junior-v3-s2-k06-sa-006,junior-rag-v3-1200,S2,upper,pep-junior-s2-upper-triangles-congruence,三角形、全等与轴对称,short-answer,Core,化简分式： (x² - 4) / (x + 2) ，并写出x的取值范围。,,x - 2，x ≠ -2,x - 2，x ≠ -2 | x-2，x≠-2,原式 = (x + 2)(x - 2) / (x + 2) = x - 2。分母x + 2 ≠ 0，所以x ≠ -2。答案为x - 2，x ≠ -2。,pep-junior-s2-upper-triangles-congruence,pep-junior-s2-upper-paper-algebraic-fractions,pep-junior-exam-polynomial-factorization-fractions,passed,needs-review,deepseek-original-v3-1200; pending-s18-manual-review
pep-junior-v3-s2-k06-sa-007,junior-rag-v3-1200,S2,upper,pep-junior-s2-upper-triangles-congruence,三角形、全等与轴对称,short-answer,Core,"已知点A(2, 3)关于y轴对称的点为B，求点B的坐标。",,"(-2, 3)","(-2, 3) | (-2,3)","关于y轴对称的点，纵坐标不变，横坐标互为相反数。所以B的坐标为(-2, 3)。",pep-junior-s2-upper-triangles-congruence,pep-junior-s2-upper-paper-axis-symmetry-isosceles,pep-junior-exam-linear-functions-graphs,passed,needs-review,deepseek-original-v3-1200; pending-s18-manual-review
pep-junior-v3-s2-k06-sa-008,junior-rag-v3-1200,S2,upper,pep-junior-s2-upper-triangles-congruence,三角形、全等与轴对称,short-answer,Core,某班40名学生数学成绩如下：85分有10人，90分有15人，95分有10人，100分有5人。求该班数学成绩的平均分。,,91.25,91.25 | 91.25分,平均分 = (85×10 + 90×15 + 95×10 + 100×5) / 40 = (850 + 1350 + 950 + 500) / 40 = 3650 / 40 = 91.25。,pep-junior-s2-upper-triangles-congruence,pep-junior-s2-upper-paper-integrated-review,pep-junior-exam-statistics-probability,passed,needs-review,deepseek-original-v3-1200; pending-s18-manual-review
pep-junior-v3-s2-k06-sa-009,junior-rag-v3-1200,S2,upper,pep-junior-s2-upper-triangles-congruence,三角形、全等与轴对称,short-answer,Core,某商店销售一种商品，进价为每件20元，售价为每件30元，每天可售出100件。如果每件降价1元，每天可多售出10件。设每件降价x元，每天的利润为y元，求y与x的函数关系式。,,y = (10 - x)(100 + 10x),y = (10 - x)(100 + 10x) | y=(10-x)(100+10x),降价后售价为(30 - x)元，每件利润为(30 - x - 20) = (10 - x)元。每天销量为(100 + 10x)件。所以利润y = (10 - x)(100 + 10x)。,pep-junior-s2-upper-triangles-congruence,pep-junior-s2-upper-paper-triangle-angle-relations,pep-junior-exam-applied-modeling-finance-rate,passed,needs-review,deepseek-original-v3-1200; pending-s18-manual-review
pep-junior-v3-s2-k06-sa-010,junior-rag-v3-1200,S2,upper,pep-junior-s2-upper-triangles-congruence,三角形、全等与轴对称,short-answer,Core,在△ABC中，AB = AC，D是BC的中点，连接AD。求证：AD ⊥ BC。,,证明：∵AB = AC，D是BC的中点，∴AD是等腰△ABC底边上的中线，∴AD ⊥ BC（等腰三角形三线合一）。,证明：∵AB = AC，D是BC的中点，∴AD是等腰△ABC底边上的中线，∴AD ⊥ BC（等腰三角形三线合一）。 | AD ⊥ BC,因为AB = AC，所以△ABC是等腰三角形，又因为D是BC的中点，所以AD是底边BC的中线。根据等腰三角形三线合一的性质，中线也是高线，所以AD ⊥ BC。,pep-junior-s2-upper-triangles-congruence,pep-junior-s2-upper-paper-congruence-proof,pep-junior-exam-proof-calculation-integrated,passed,needs-review,deepseek-original-v3-1200; pending-s18-manual-review
pep-junior-v3-s2-k06-sa-011,junior-rag-v3-1200,S2,upper,pep-junior-s2-upper-triangles-congruence,三角形、全等与轴对称,short-answer,Core,已知两个三角形的三边分别对应为3 cm、4 cm、5 cm和3 cm、4 cm、5 cm，判断这两个三角形是否全等，并写出依据。,,全等，依据SSS,全等，依据SSS | 全等，三边对应相等 | 两个三角形全等，SSS,两个三角形的三边长度分别对应相等，满足三边对应相等的全等判定条件SSS，所以这两个三角形全等。,pep-junior-s2-upper-triangles-congruence,pep-junior-s2-upper-paper-polynomial-multiplication-factorization,pep-junior-exam-triangles-congruence-proof,passed,needs-review,deepseek-original-v3-1200; pending-s18-manual-review
pep-junior-v3-s2-k06-sa-012,junior-rag-v3-1200,S2,upper,pep-junior-s2-upper-triangles-congruence,三角形、全等与轴对称,short-answer,Core,解分式方程： 2/(x - 1) = 3/(x + 1) 。,,x = 5,x = 5 | x=5,方程两边同乘(x - 1)(x + 1)，得2(x + 1) = 3(x - 1)，去括号得2x + 2 = 3x - 3，移项得2 + 3 = 3x - 2x，即5 = x。检验：当x = 5时，分母不为0，所以x = 5是原方程的解。,pep-junior-s2-upper-triangles-congruence,pep-junior-s2-upper-paper-algebraic-fractions,pep-junior-exam-coordinate-transformations,passed,needs-review,deepseek-original-v3-1200; pending-s18-manual-review
pep-junior-v3-s2-k06-sa-013,junior-rag-v3-1200,S2,upper,pep-junior-s2-upper-triangles-congruence,三角形、全等与轴对称,short-answer,Core,在△ABC中，AB = AC，点D在BC上，且AD = BD。若∠BAD = 40°，求∠B的度数。,,40°,40° | 40度,因为AD = BD，所以∠B = ∠BAD = 40°。又因为AB = AC，所以∠C = ∠B = 40°。因此∠B的度数是40°。,pep-junior-s2-upper-triangles-congruence,pep-junior-s2-upper-paper-axis-symmetry-isosceles,pep-junior-exam-quadrilaterals-pythagorean,passed,needs-review,deepseek-original-v3-1200; pending-s18-manual-review
pep-junior-v3-s2-k06-sa-014,junior-rag-v3-1200,S2,upper,pep-junior-s2-upper-triangles-congruence,三角形、全等与轴对称,short-answer,Core,点E、F在BC上，BE = CF，AB = DC，∠B = ∠C。求证：AF = DE。,,证明：∵BE=CF，∴BE+EF=CF+EF，即BF=CE。在△ABF和△DCE中，AB=DC，∠B=∠C，BF=CE，∴△ABF≌△DCE(SAS)，∴AF=DE。,证明：∵BE=CF，∴BE+EF=CF+EF，即BF=CE。在△ABF和△DCE中，AB=DC，∠B=∠C，BF=CE，∴△ABF≌△DCE(SAS)，∴AF=DE。 | 由BE=CF得BF=CE，然后证△ABF≌△DCE，所以AF=DE,要证AF=DE，可证它们所在的三角形全等。由BE=CF，两边加公共部分EF得BF=CE。已知AB=DC，∠B=∠C，所以△ABF≌△DCE(SAS)。全等三角形对应边相等，故AF=DE。,pep-junior-s2-upper-triangles-congruence,pep-junior-s2-upper-paper-integrated-review,pep-junior-exam-number-sense-real-numbers,passed,needs-review,deepseek-original-v3-1200; pending-s18-manual-review
pep-junior-v3-s2-k06-sa-015,junior-rag-v3-1200,S2,upper,pep-junior-s2-upper-triangles-congruence,三角形、全等与轴对称,short-answer,Core,在△ABC中，∠A=45°，∠B=65°，则∠C的外角等于多少度？,,110°,110° | 110度 | 110,三角形的一个外角等于与它不相邻的两个内角之和，所以∠C的外角=∠A+∠B=45°+65°=110°。,pep-junior-s2-upper-triangles-congruence,pep-junior-s2-upper-paper-triangle-angle-relations,pep-junior-exam-linear-equation-inequality-models,passed,needs-review,deepseek-original-v3-1200; pending-s18-manual-review
pep-junior-v3-s2-k06-sa-016,junior-rag-v3-1200,S2,upper,pep-junior-s2-upper-triangles-congruence,三角形、全等与轴对称,short-answer,Core,AC = BD，∠CAB = ∠DBA。求证：BC = AD。,,证明：在△ABC和△BAD中，AC=BD，∠CAB=∠DBA，AB=BA(公共边)，∴△ABC≌△BAD(SAS)，∴BC=AD。,证明：在△ABC和△BAD中，AC=BD，∠CAB=∠DBA，AB=BA(公共边)，∴△ABC≌△BAD(SAS)，∴BC=AD。 | 由SAS证△ABC≌△BAD，得BC=AD,观察图形，BC和AD分别在△ABC和△BAD中。已知AC=BD，∠CAB=∠DBA，且AB是公共边，所以△ABC≌△BAD(SAS)。全等三角形对应边BC和AD相等。,pep-junior-s2-upper-triangles-congruence,pep-junior-s2-upper-paper-congruence-proof,pep-junior-exam-polynomial-factorization-fractions,passed,needs-review,deepseek-original-v3-1200; pending-s18-manual-review
pep-junior-v3-s2-k06-sa-017,junior-rag-v3-1200,S2,upper,pep-junior-s2-upper-triangles-congruence,三角形、全等与轴对称,short-answer,Core,计算：(2a + 3b)(2a - 3b) - (a - 2b)^2。,,3a^2 - 13b^2 + 4ab,3a^2 - 13b^2 + 4ab | 3a²-13b²+4ab,先利用平方差公式计算(2a+3b)(2a-3b)=4a^2-9b^2。再计算(a-2b)^2=a^2-4ab+4b^2。原式=4a^2-9b^2-(a^2-4ab+4b^2)=4a^2-9b^2-a^2+4ab-4b^2=3a^2-13b^2+4ab。,pep-junior-s2-upper-triangles-congruence,pep-junior-s2-upper-paper-polynomial-multiplication-factorization,pep-junior-exam-linear-functions-graphs,passed,needs-review,deepseek-original-v3-1200; pending-s18-manual-review
pep-junior-v3-s2-k06-sa-018,junior-rag-v3-1200,S2,upper,pep-junior-s2-upper-triangles-congruence,三角形、全等与轴对称,short-answer,Core,化简分式：(x^2 - 4) / (x^2 - 4x + 4)，并求当x=3时的值。,,化简得(x+2)/(x-2)，当x=3时值为5,化简得(x+2)/(x-2)，当x=3时值为5 | 化简为(x+2)/(x-2)，x=3时值为5,分子x^2-4=(x+2)(x-2)，分母x^2-4x+4=(x-2)^2。所以原式=(x+2)(x-2)/(x-2)^2=(x+2)/(x-2)。当x=3时，代入得(3+2)/(3-2)=5/1=5。注意分母不为零，x≠2，x=3符合。,pep-junior-s2-upper-triangles-congruence,pep-junior-s2-upper-paper-algebraic-fractions,pep-junior-exam-statistics-probability,passed,needs-review,deepseek-original-v3-1200; pending-s18-manual-review
pep-junior-v3-s2-k06-sa-019,junior-rag-v3-1200,S2,upper,pep-junior-s2-upper-triangles-congruence,三角形、全等与轴对称,short-answer,Core,在△ABC中，AB = AC，D是BC的中点，DE⊥AB于E，DF⊥AC于F。求证：DE = DF。,,证明：连接AD。∵AB=AC，D为BC中点，∴AD⊥BC，AD平分∠BAC。又DE⊥AB，DF⊥AC，∴DE=DF(角平分线上的点到角两边距离相等)。,证明：连接AD。∵AB=AC，D为BC中点，∴AD⊥BC，AD平分∠BAC。又DE⊥AB，DF⊥AC，∴DE=DF(角平分线上的点到角两边距离相等)。 | 连接AD，由等腰三角形三线合一得AD平分∠BAC，然后角平分线性质得DE=DF,连接AD，因为AB=AC，D是BC中点，根据等腰三角形三线合一，AD是底边BC上的高，也是顶角∠BAC的平分线。DE⊥AB，DF⊥AC，所以DE和DF是角平分线上的点到两边的距离，因此DE=DF。,pep-junior-s2-upper-triangles-congruence,pep-junior-s2-upper-paper-axis-symmetry-isosceles,pep-junior-exam-applied-modeling-finance-rate,passed,needs-review,deepseek-original-v3-1200; pending-s18-manual-review
pep-junior-v3-s2-k06-sa-020,junior-rag-v3-1200,S2,upper,pep-junior-s2-upper-triangles-congruence,三角形、全等与轴对称,short-answer,Core,已知一个三角形的两边长分别为3和8，第三边长为奇数，求这个三角形的周长。,,18或20,18或20,设第三边长为x，根据三角形三边关系，8-3 < x < 8+3，即5 < x < 11。x为奇数，所以x=7或9。当x=7时，周长=3+8+7=18；当x=9时，周长=3+8+9=20。,pep-junior-s2-upper-triangles-congruence,pep-junior-s2-upper-paper-integrated-review,pep-junior-exam-proof-calculation-integrated,passed,needs-review,deepseek-original-v3-1200; pending-s18-manual-review
pep-junior-v3-s2-k06-sa-021,junior-rag-v3-1200,S2,upper,pep-junior-s2-upper-triangles-congruence,三角形、全等与轴对称,short-answer,Core,在△ABC中，∠A = 80°，∠B和∠C的平分线相交于点O，求∠BOC的度数。,,130°,130° | 130度,因为BO、CO分别平分∠B和∠C，所以∠OBC = ∠B/2，∠OCB = ∠C/2。在△BOC中，∠BOC = 180° - (∠OBC + ∠OCB) = 180° - (∠B/2 + ∠C/2) = 180° - (∠B + ∠C)/2。又∠B + ∠C = 180° - ∠A = 180° - 80° = 100°，所以∠BOC = 180° - 100°/2 = 180° - 50° = 130°。,pep-junior-s2-upper-triangles-congruence,pep-junior-s2-upper-paper-triangle-angle-relations,pep-junior-exam-triangles-congruence-proof,passed,needs-review,deepseek-original-v3-1200; pending-s18-manual-review
pep-junior-v3-s2-k06-sa-022,junior-rag-v3-1200,S2,upper,pep-junior-s2-upper-triangles-congruence,三角形、全等与轴对称,short-answer,Core,AD是△ABC的中线，E是AD的中点，连接BE并延长交AC于点F。若AF = 2 cm，求AC的长。,,6 cm,6 cm | 6厘米 | 6,过点D作DG∥BF交AC于G。因为D是BC中点，DG∥BF，所以G是CF中点，即CG=GF。又E是AD中点，EF∥DG，所以F是AG中点，即AF=FG。因此AF=FG=GC，所以AC=3AF=3×2=6 cm。,pep-junior-s2-upper-triangles-congruence,pep-junior-s2-upper-paper-congruence-proof,pep-junior-exam-coordinate-transformations,passed,needs-review,deepseek-original-v3-1200; pending-s18-manual-review
pep-junior-v3-s2-k06-sa-023,junior-rag-v3-1200,S2,upper,pep-junior-s2-upper-triangles-congruence,三角形、全等与轴对称,short-answer,Core,在△ABC和△DEF中，已知AB=DE，∠A=∠D，∠B=∠E。请写出这两个三角形全等的判定依据，并指出对应顶点。,,ASA，对应顶点：A与D，B与E，C与F,ASA，对应顶点：A与D，B与E，C与F | ASA，对应顶点为A和D，B和E，C和F | 角边角，对应顶点：A与D，B与E，C与F,已知两角及其夹边对应相等，即∠A=∠D，∠B=∠E，且AB=DE是夹边，因此根据ASA判定全等。对应顶点为A与D，B与E，C与F。,pep-junior-s2-upper-triangles-congruence,pep-junior-s2-upper-paper-polynomial-multiplication-factorization,pep-junior-exam-quadrilaterals-pythagorean,passed,needs-review,deepseek-original-v3-1200; pending-s18-manual-review
pep-junior-v3-s2-k06-sa-024,junior-rag-v3-1200,S2,upper,pep-junior-s2-upper-triangles-congruence,三角形、全等与轴对称,short-answer,Core,已知△ABC≌△DEF，且AB=5 cm，BC=7 cm，∠B=60°。求DE和EF的长度。,,DE=5 cm，EF=7 cm,DE=5 cm，EF=7 cm | DE=5cm，EF=7cm | DE=5厘米，EF=7厘米,因为△ABC≌△DEF，对应边相等。AB对应DE，BC对应EF，所以DE=AB=5 cm，EF=BC=7 cm。,pep-junior-s2-upper-triangles-congruence,pep-junior-s2-upper-paper-algebraic-fractions,pep-junior-exam-number-sense-real-numbers,passed,needs-review,deepseek-original-v3-1200; pending-s18-manual-review
pep-junior-v3-s2-k06-sa-025,junior-rag-v3-1200,S2,upper,pep-junior-s2-upper-triangles-congruence,三角形、全等与轴对称,short-answer,Core,线段AB和CD互相垂直平分，垂足为O。请说明为什么△AOC≌△BOD。,,因为OA=OB，OC=OD，∠AOC=∠BOD=90°，根据SAS判定全等。,因为OA=OB，OC=OD，∠AOC=∠BOD=90°，根据SAS判定全等。 | OA=OB，OC=OD，∠AOC=∠BOD=90°，SAS | 由垂直平分得OA=OB，OC=OD，夹角都是直角，所以SAS全等,由于AB和CD互相垂直平分，所以O是AB和CD的中点，因此OA=OB，OC=OD。又因为垂直，∠AOC和∠BOD都是90°，所以根据SAS判定△AOC≌△BOD。,pep-junior-s2-upper-triangles-congruence,pep-junior-s2-upper-paper-axis-symmetry-isosceles,pep-junior-exam-linear-equation-inequality-models,passed,needs-review,deepseek-original-v3-1200; pending-s18-manual-review
pep-junior-v3-s2-k06-sa-026,junior-rag-v3-1200,S2,upper,pep-junior-s2-upper-triangles-congruence,三角形、全等与轴对称,short-answer,Core,在四边形ABCD中，AB=CD，AD=BC。请证明△ABC≌△CDA，并写出对应顶点。,,证明：在△ABC和△CDA中，AB=CD，BC=DA，AC=CA，所以根据SSS判定△ABC≌△CDA。对应顶点：A与C，B与D，C与A。,证明：在△ABC和△CDA中，AB=CD，BC=DA，AC=CA，所以根据SSS判定△ABC≌△CDA。对应顶点：A与C，B与D，C与A。 | SSS，对应顶点A和C，B和D，C和A | 由AB=CD，BC=DA，AC公共，得SSS全等，对应顶点A-C，B-D，C-A,已知AB=CD，AD=BC，且AC是公共边，所以三边对应相等，根据SSS判定△ABC≌△CDA。对应顶点为A与C，B与D，C与A。,pep-junior-s2-upper-triangles-congruence,pep-junior-s2-upper-paper-integrated-review,pep-junior-exam-polynomial-factorization-fractions,passed,needs-review,deepseek-original-v3-1200; pending-s18-manual-review
pep-junior-v3-s2-k06-sa-027,junior-rag-v3-1200,S2,upper,pep-junior-s2-upper-triangles-congruence,三角形、全等与轴对称,short-answer,Core,在△ABC中，∠A=48°，∠B=62°，求∠C的度数。,,70°,70° | 70度 | 70,三角形内角和为180°，所以∠C=180°-48°-62°=70°。,pep-junior-s2-upper-triangles-congruence,pep-junior-s2-upper-paper-triangle-angle-relations,pep-junior-exam-linear-functions-graphs,passed,needs-review,deepseek-original-v3-1200; pending-s18-manual-review
pep-junior-v3-s2-k06-sa-028,junior-rag-v3-1200,S2,upper,pep-junior-s2-upper-triangles-congruence,三角形、全等与轴对称,short-answer,Core,已知点P在∠AOB的平分线上，且PA⊥OA，PB⊥OB，垂足分别为A和B。请说明PA=PB的理由。,,因为OP平分∠AOB，且PA⊥OA，PB⊥OB，根据角平分线的性质，角平分线上的点到角两边的距离相等，所以PA=PB。,因为OP平分∠AOB，且PA⊥OA，PB⊥OB，根据角平分线的性质，角平分线上的点到角两边的距离相等，所以PA=PB。 | 角平分线性质，PA=PB | OP是角平分线，PA、PB是垂线段，所以相等,由角平分线的性质可知，角平分线上的任意点到角的两边距离相等。这里P在平分线上，PA和PB分别是到OA和OB的垂线段，因此PA=PB。,pep-junior-s2-upper-triangles-congruence,pep-junior-s2-upper-paper-congruence-proof,pep-junior-exam-statistics-probability,passed,needs-review,deepseek-original-v3-1200; pending-s18-manual-review
pep-junior-v3-s2-k06-sa-029,junior-rag-v3-1200,S2,upper,pep-junior-s2-upper-triangles-congruence,三角形、全等与轴对称,short-answer,Core,计算：(2x+3)(x-1)的结果是多少？,,2x²+x-3,2x²+x-3 | 2x^2+x-3,利用多项式乘法展开：(2x+3)(x-1)=2x·x+2x·(-1)+3·x+3·(-1)=2x²-2x+3x-3=2x²+x-3。,pep-junior-s2-upper-triangles-congruence,pep-junior-s2-upper-paper-polynomial-multiplication-factorization,pep-junior-exam-applied-modeling-finance-rate,passed,needs-review,deepseek-original-v3-1200; pending-s18-manual-review
pep-junior-v3-s2-k06-sa-030,junior-rag-v3-1200,S2,upper,pep-junior-s2-upper-triangles-congruence,三角形、全等与轴对称,short-answer,Core,已知△ABC和△DEF中，AB=DE，BC=EF，AC=DF，说明两个三角形是否全等并写出依据。,,△ABC≅△DEF，依据SSS,△ABC≅△DEF，依据SSS | 全等，依据SSS | 三边对应相等，两个三角形全等,AB=DE，BC=EF，AC=DF，三组对应边分别相等，满足SSS全等判定，所以△ABC≅△DEF。,pep-junior-s2-upper-triangles-congruence,pep-junior-s2-upper-paper-algebraic-fractions,pep-junior-exam-proof-calculation-integrated,passed,needs-review,deepseek-original-v3-1200; pending-s18-manual-review
pep-junior-v3-s2-k06-sa-031,junior-rag-v3-1200,S2,upper,pep-junior-s2-upper-triangles-congruence,三角形、全等与轴对称,short-answer,Core,在等腰三角形ABC中，AB=AC，∠B=70°，求∠A的度数。,,40°,40° | 40度,因为AB=AC，所以∠B=∠C=70°。三角形内角和为180°，所以∠A=180°-70°-70°=40°。,pep-junior-s2-upper-triangles-congruence,pep-junior-s2-upper-paper-axis-symmetry-isosceles,pep-junior-exam-triangles-congruence-proof,passed,needs-review,deepseek-original-v3-1200; pending-s18-manual-review
pep-junior-v3-s2-k06-sa-032,junior-rag-v3-1200,S2,upper,pep-junior-s2-upper-triangles-congruence,三角形、全等与轴对称,short-answer,Core,一个多边形的内角和是900°，求这个多边形的边数。,,7,7 | 七边形,设边数为n，多边形内角和公式为(n-2)×180°=900°，解得n-2=5，n=7。所以是七边形。,pep-junior-s2-upper-triangles-congruence,pep-junior-s2-upper-paper-integrated-review,pep-junior-exam-coordinate-transformations,passed,needs-review,deepseek-original-v3-1200; pending-s18-manual-review
pep-junior-v3-s2-k06-sa-033,junior-rag-v3-1200,S2,upper,pep-junior-s2-upper-triangles-congruence,三角形、全等与轴对称,short-answer,Core,在△ABC中，AB = AC，点D在BC上，且AD = BD。若∠BAD = 36°，求∠BAC的度数。,,108°,108° | 108度 | 108,因为AD = BD，所以∠B = ∠BAD = 36°。又因为AB = AC，所以∠C = ∠B = 36°。在△ABC中，∠BAC = 180° - ∠B - ∠C = 180° - 36° - 36° = 108°。,pep-junior-s2-upper-triangles-congruence,pep-junior-s2-upper-paper-triangle-angle-relations,pep-junior-exam-quadrilaterals-pythagorean,passed,needs-review,deepseek-original-v3-1200; pending-s18-manual-review
pep-junior-v3-s2-k07-mc-001,junior-rag-v3-1200,S2,upper,pep-junior-s2-upper-polynomials-fractions,整式乘法、因式分解与分式,multiple-choice,Core,下列运算正确的是,a²·a³ = a⁶ | (a²)³ = a⁵ | a⁶ ÷ a² = a³ | (ab)² = a²b²,(ab)² = a²b²,(ab)² = a²b² | D | d,根据幂的运算法则：同底数幂相乘，底数不变，指数相加，a²·a³ = a⁵，故A错误；幂的乘方，底数不变，指数相乘，(a²)³ = a⁶，故B错误；同底数幂相除，底数不变，指数相减，a⁶ ÷ a² = a⁴，故C错误；积的乘方等于各因式乘方的积，(ab)² = a²b²，故D正确。,pep-junior-s2-upper-polynomials-fractions,pep-junior-s2-upper-paper-polynomial-multiplication-factorization,pep-junior-exam-polynomial-factorization-fractions,passed,needs-review,deepseek-original-v3-1200; pending-s18-manual-review
pep-junior-v3-s2-k07-mc-002,junior-rag-v3-1200,S2,upper,pep-junior-s2-upper-polynomials-fractions,整式乘法、因式分解与分式,multiple-choice,Core,若分式(x²-4)/(x+2)的值等于0，则满足条件的x为（ ）,-2 | 2 | ±2 | 0,2,2 | B | b,分式的值为0的条件是分子为0且分母不为0。由分子x² - 4 = 0得x = ±2。当x = -2时，分母x + 2 = 0，分式无意义，故舍去；当x = 2时，分母不为0。所以x的值为2。,pep-junior-s2-upper-polynomials-fractions,pep-junior-s2-upper-paper-algebraic-fractions,pep-junior-exam-number-sense-real-numbers,passed,needs-review,deepseek-original-v3-1200; pending-s18-manual-review
pep-junior-v3-s2-k07-mc-003,junior-rag-v3-1200,S2,upper,pep-junior-s2-upper-polynomials-fractions,整式乘法、因式分解与分式,multiple-choice,Core,某商店将进价为每件a元的商品按每件b元卖出，已知a<b，则该商店卖出一件商品的利润率为,(b - a) / a × 100% | (b - a) / b × 100% | a / b × 100% | b / a × 100%,(b - a) / a × 100%,(b - a) / a × 100% | A | a,利润 = 售价 - 进价 = b - a，利润率 = 利润 / 进价 × 100% = (b - a) / a × 100%。,pep-junior-s2-upper-polynomials-fractions,pep-junior-s2-upper-paper-integrated-review,pep-junior-exam-linear-equation-inequality-models,passed,needs-review,deepseek-original-v3-1200; pending-s18-manual-review
pep-junior-v3-s2-k07-mc-004,junior-rag-v3-1200,S2,upper,pep-junior-s2-upper-polynomials-fractions,整式乘法、因式分解与分式,multiple-choice,Core,在△ABC中，AB = AC，∠A = 40°，则∠B的度数为,40° | 70° | 100° | 140°,70°,70° | B | b,因为AB = AC，所以△ABC是等腰三角形，∠B = ∠C。三角形内角和为180°，所以∠B + ∠C = 180° - ∠A = 140°，因此∠B = 70°。,pep-junior-s2-upper-polynomials-fractions,pep-junior-s2-upper-paper-triangle-angle-relations,pep-junior-exam-linear-functions-graphs,passed,needs-review,deepseek-original-v3-1200; pending-s18-manual-review
pep-junior-v3-s2-k07-mc-005,junior-rag-v3-1200,S2,upper,pep-junior-s2-upper-polynomials-fractions,整式乘法、因式分解与分式,multiple-choice,Core,已知△ABC和△DEF满足AB=DE、∠A=∠D，添加下列哪个条件仍不能判定两三角形全等（ ）,AC = DF | BC = EF | ∠B = ∠E | ∠C = ∠F,BC = EF,BC = EF | B | b,已知AB = DE，∠A = ∠D。添加AC = DF，构成SAS，可判定全等；添加∠B = ∠E，构成ASA，可判定全等；添加∠C = ∠F，构成AAS，可判定全等；添加BC = EF，是SSA，不能判定全等。故无法判定的是B。,pep-junior-s2-upper-polynomials-fractions,pep-junior-s2-upper-paper-congruence-proof,pep-junior-exam-triangles-congruence-proof,passed,needs-review,deepseek-original-v3-1200; pending-s18-manual-review
pep-junior-v3-s2-k07-mc-006,junior-rag-v3-1200,S2,upper,pep-junior-s2-upper-polynomials-fractions,整式乘法、因式分解与分式,multiple-choice,Core,在下列图形中，一般情况下不是轴对称图形的是（ ）,线段 | 角 | 平行四边形 | 等腰三角形,平行四边形,平行四边形 | C | c,线段、角、等腰三角形都是轴对称图形，一般的平行四边形不是轴对称图形。,pep-junior-s2-upper-polynomials-fractions,pep-junior-s2-upper-paper-axis-symmetry-isosceles,pep-junior-exam-quadrilaterals-pythagorean,passed,needs-review,deepseek-original-v3-1200; pending-s18-manual-review
pep-junior-v3-s2-k07-mc-007,junior-rag-v3-1200,S2,upper,pep-junior-s2-upper-polynomials-fractions,整式乘法、因式分解与分式,multiple-choice,Core,下列因式分解正确的是,x² + 4x + 4 = (x + 2)² | x² - 2x - 1 = (x - 1)² | x² - 4 = (x - 2)² | x² + 2x - 1 = (x + 1)²,x² + 4x + 4 = (x + 2)²,x² + 4x + 4 = (x + 2)² | A | a,A：x² + 4x + 4 = (x + 2)²，正确；B：x² - 2x - 1 ≠ (x - 1)²，因为(x - 1)² = x² - 2x + 1；C：x² - 4 = (x + 2)(x - 2)，错误；D：x² + 2x - 1 ≠ (x + 1)²，因为(x + 1)² = x² + 2x + 1。,pep-junior-s2-upper-polynomials-fractions,pep-junior-s2-upper-paper-polynomial-multiplication-factorization,pep-junior-exam-statistics-probability,passed,needs-review,deepseek-original-v3-1200; pending-s18-manual-review
pep-junior-v3-s2-k07-mc-008,junior-rag-v3-1200,S2,upper,pep-junior-s2-upper-polynomials-fractions,整式乘法、因式分解与分式,multiple-choice,Core,化简分式 (x² - 9) / (x² - 6x + 9) 的结果是,(x + 3) / (x - 3) | (x - 3) / (x + 3) | (x + 3)² / (x - 3)² | 1,(x + 3) / (x - 3),(x + 3) / (x - 3) | A | a,原式 = [(x + 3)(x - 3)] / (x - 3)² = (x + 3) / (x - 3)。,pep-junior-s2-upper-polynomials-fractions,pep-junior-s2-upper-paper-algebraic-fractions,pep-junior-exam-coordinate-transformations,passed,needs-review,deepseek-original-v3-1200; pending-s18-manual-review
pep-junior-v3-s2-k07-mc-009,junior-rag-v3-1200,S2,upper,pep-junior-s2-upper-polynomials-fractions,整式乘法、因式分解与分式,multiple-choice,Core,某工程队计划在10天内修路6 km，施工前2天修完1.2 km后，计划发生变化，准备提前2天完成修路任务，则以后几天内平均每天至少修路多少千米？设以后几天内平均每天修路x km，根据题意可列不等式为,1.2 + (10 - 2)x ≥ 6 | 1.2 + (10 - 2 - 2)x ≥ 6 | 1.2 + (10 - 2)x ≤ 6 | 1.2 + (10 - 2 - 2)x ≤ 6,1.2 + (10 - 2 - 2)x ≥ 6,1.2 + (10 - 2 - 2)x ≥ 6 | B | b,原计划10天，已施工2天，准备提前2天完成，即总工期为10 - 2 = 8天，已用2天，剩余6天。已修1.2 km，剩余6 - 1.2 = 4.8 km要在6天内完成，所以平均每天至少修x km，则1.2 + (10 - 2 - 2)x ≥ 6，即1.2 + 6x ≥ 6。,pep-junior-s2-upper-polynomials-fractions,pep-junior-s2-upper-paper-integrated-review,pep-junior-exam-applied-modeling-finance-rate,passed,needs-review,deepseek-original-v3-1200; pending-s18-manual-review
pep-junior-v3-s2-k07-mc-010,junior-rag-v3-1200,S2,upper,pep-junior-s2-upper-polynomials-fractions,整式乘法、因式分解与分式,multiple-choice,Core,判断x²-4x+4的因式分解，下列正确的是（ ）,x² - 4x + 4 = (x - 2)² | a² - b² = (a - b)(a - b) | 2x² - 8 = 2(x - 4)(x + 4) | m² + 6m + 9 = (m + 3)(m - 3),x² - 4x + 4 = (x - 2)²,x² - 4x + 4 = (x - 2)² | A,选项A：x² - 4x + 4 = (x - 2)²，完全平方公式，正确。选项B：a² - b² = (a - b)(a + b)，不是(a - b)(a - b)，错误。选项C：2x² - 8 = 2(x² - 4) = 2(x - 2)(x + 2)，不是2(x - 4)(x + 4)，错误。选项D：m² + 6m + 9 = (m + 3)²，不是(m + 3)(m - 3)，错误。因此正确答案是A。,pep-junior-s2-upper-polynomials-fractions,pep-junior-s2-upper-paper-triangle-angle-relations,pep-junior-exam-proof-calculation-integrated,passed,needs-review,deepseek-original-v3-1200; pending-s18-manual-review
pep-junior-v3-s2-k07-mc-011,junior-rag-v3-1200,S2,upper,pep-junior-s2-upper-polynomials-fractions,整式乘法、因式分解与分式,multiple-choice,Core,计算 (2a - 3b)(2a + 3b) 的结果是（　）,4a² - 9b² | 4a² + 9b² | 2a² - 3b² | 4a² - 6b²,4a² - 9b²,4a² - 9b² | A,根据平方差公式：(2a - 3b)(2a + 3b) = (2a)² - (3b)² = 4a² - 9b²。因此正确答案是A。,pep-junior-s2-upper-polynomials-fractions,pep-junior-s2-upper-paper-congruence-proof,pep-junior-exam-polynomial-factorization-fractions,passed,needs-review,deepseek-original-v3-1200; pending-s18-manual-review
pep-junior-v3-s2-k07-mc-012,junior-rag-v3-1200,S2,upper,pep-junior-s2-upper-polynomials-fractions,整式乘法、因式分解与分式,multiple-choice,Core,若分式 (x² - 9) / (x - 3) 的值为0，则x的值为（　）,3 | -3 | ±3 | 0,-3,-3 | B,分式值为0的条件是分子为0且分母不为0。分子x² - 9 = 0，解得x = 3或x = -3。当x = 3时分母x - 3 = 0，分式无意义，舍去。因此x = -3。正确答案是B。,pep-junior-s2-upper-polynomials-fractions,pep-junior-s2-upper-paper-axis-symmetry-isosceles,pep-junior-exam-number-sense-real-numbers,passed,needs-review,deepseek-original-v3-1200; pending-s18-manual-review
pep-junior-v3-s2-k07-mc-013,junior-rag-v3-1200,S2,upper,pep-junior-s2-upper-polynomials-fractions,整式乘法、因式分解与分式,multiple-choice,Core,下列各式中，能用完全平方公式分解因式的是（　）,x² - 4x - 4 | a² + 2ab - b² | 4m² - 12m + 9 | y² + 5y + 10,4m² - 12m + 9,4m² - 12m + 9 | C,完全平方公式的形式为a² ± 2ab + b²。选项C：4m² - 12m + 9 = (2m)² - 2·2m·3 + 3² = (2m - 3)²，符合。选项A：常数项为负，不符合。选项B：中间项符号与平方项不符。选项D：5y不是2倍乘积。因此正确答案是C。,pep-junior-s2-upper-polynomials-fractions,pep-junior-s2-upper-paper-polynomial-multiplication-factorization,pep-junior-exam-linear-equation-inequality-models,passed,needs-review,deepseek-original-v3-1200; pending-s18-manual-review
pep-junior-v3-s2-k07-mc-014,junior-rag-v3-1200,S2,upper,pep-junior-s2-upper-polynomials-fractions,整式乘法、因式分解与分式,multiple-choice,Core,化简分式 (x² - 2x) / (x² - 4) 的结果是（　）,x / (x + 2) | x / (x - 2) | (x - 2) / (x + 2) | x(x - 2) / (x + 2),x / (x + 2),x / (x + 2) | A,分子分母分别因式分解：分子x² - 2x = x(x - 2)，分母x² - 4 = (x + 2)(x - 2)。约去公因式(x - 2)，得x / (x + 2)。注意x ≠ ±2。因此正确答案是A。,pep-junior-s2-upper-polynomials-fractions,pep-junior-s2-upper-paper-algebraic-fractions,pep-junior-exam-linear-functions-graphs,passed,needs-review,deepseek-original-v3-1200; pending-s18-manual-review
pep-junior-v3-s2-k07-mc-015,junior-rag-v3-1200,S2,upper,pep-junior-s2-upper-polynomials-fractions,整式乘法、因式分解与分式,multiple-choice,Core,解分式方程 1/(x - 1) + 2/(x + 1) = 4/(x² - 1) 时，去分母后得到的整式方程是（　）,(x + 1) + 2(x - 1) = 4 | (x + 1) + 2(x - 1) = 4x | 1 + 2 = 4 | x + 1 + 2x - 2 = 4,(x + 1) + 2(x - 1) = 4,(x + 1) + 2(x - 1) = 4 | A,方程两边同乘最简公分母(x - 1)(x + 1) = x² - 1。左边第一项乘得(x + 1)，第二项乘得2(x - 1)，右边乘得4。得(x + 1) + 2(x - 1) = 4。注意x ≠ ±1。因此正确答案是A。,pep-junior-s2-upper-polynomials-fractions,pep-junior-s2-upper-paper-integrated-review,pep-junior-exam-triangles-congruence-proof,passed,needs-review,deepseek-original-v3-1200; pending-s18-manual-review
pep-junior-v3-s2-k07-mc-016,junior-rag-v3-1200,S2,upper,pep-junior-s2-upper-polynomials-fractions,整式乘法、因式分解与分式,multiple-choice,Core,若多项式 x² + kx + 25 是一个完全平方式，则k的值为（　）,5 | 10 | ±5 | ±10,±10,±10 | D,完全平方式x² + kx + 25 = (x ± 5)² = x² ± 10x + 25，所以k = ±10。因此正确答案是D。,pep-junior-s2-upper-polynomials-fractions,pep-junior-s2-upper-paper-triangle-angle-relations,pep-junior-exam-quadrilaterals-pythagorean,passed,needs-review,deepseek-original-v3-1200; pending-s18-manual-review
pep-junior-v3-s2-k07-mc-017,junior-rag-v3-1200,S2,upper,pep-junior-s2-upper-polynomials-fractions,整式乘法、因式分解与分式,multiple-choice,Core,计算 ( -3a²b )³ 的结果是（　）,-9a⁶b³ | -27a⁵b³ | -27a⁶b³ | 27a⁶b³,-27a⁶b³,-27a⁶b³ | C,积的乘方等于每个因式分别乘方：(-3)³ = -27，(a²)³ = a⁶，b³不变。所以结果为-27a⁶b³。因此正确答案是C。,pep-junior-s2-upper-polynomials-fractions,pep-junior-s2-upper-paper-congruence-proof,pep-junior-exam-statistics-probability,passed,needs-review,deepseek-original-v3-1200; pending-s18-manual-review
pep-junior-v3-s2-k07-mc-018,junior-rag-v3-1200,S2,upper,pep-junior-s2-upper-polynomials-fractions,整式乘法、因式分解与分式,multiple-choice,Core,若 a + b = 5，ab = 6，则 a² + b² 的值为（　）,13 | 19 | 25 | 37,13,13 | A,由完全平方公式：(a + b)² = a² + 2ab + b²，所以a² + b² = (a + b)² - 2ab = 5² - 2×6 = 25 - 12 = 13。因此正确答案是A。,pep-junior-s2-upper-polynomials-fractions,pep-junior-s2-upper-paper-axis-symmetry-isosceles,pep-junior-exam-coordinate-transformations,passed,needs-review,deepseek-original-v3-1200; pending-s18-manual-review
pep-junior-v3-s2-k07-mc-019,junior-rag-v3-1200,S2,upper,pep-junior-s2-upper-polynomials-fractions,整式乘法、因式分解与分式,multiple-choice,Core,把多项式 3x² - 12 分解因式，结果正确的是（　）,3(x² - 4) | 3(x - 2)² | 3(x + 2)(x - 2) | (3x + 6)(x - 2),3(x + 2)(x - 2),3(x + 2)(x - 2) | C,先提公因式3：3x² - 12 = 3(x² - 4)，再对x² - 4用平方差公式分解为(x + 2)(x - 2)，所以最终结果为3(x + 2)(x - 2)。因此正确答案是C。,pep-junior-s2-upper-polynomials-fractions,pep-junior-s2-upper-paper-polynomial-multiplication-factorization,pep-junior-exam-applied-modeling-finance-rate,passed,needs-review,deepseek-original-v3-1200; pending-s18-manual-review
pep-junior-v3-s2-k07-mc-020,junior-rag-v3-1200,S2,upper,pep-junior-s2-upper-polynomials-fractions,整式乘法、因式分解与分式,multiple-choice,Core,化简分式 \\(\frac{6x^2-12x}{3x-6}\\) 的结果是（ ）。,2x | 2x+1 | 2x-1 | x-2,2x,2x,分子提取公因式 6x 得 6x(x-2)，分母提取公因式 3 得 3(x-2)。约去公因式 (x-2)（需 x≠2），得到 2x。故答案为 2x。,pep-junior-s2-upper-polynomials-fractions,pep-junior-s2-upper-paper-algebraic-fractions,pep-junior-exam-proof-calculation-integrated,passed,needs-review,deepseek-original-v3-1200; pending-s18-manual-review
pep-junior-v3-s2-k07-mc-021,junior-rag-v3-1200,S2,upper,pep-junior-s2-upper-polynomials-fractions,整式乘法、因式分解与分式,multiple-choice,Core,判断x²+4x+4的因式分解，下列正确的是（ ）,x^2+4x+4=(x+2)^2 | x^2-4x+4=(x-4)^2 | x^2-9=(x-9)(x+9) | x^2+6x+9=(x+3)(x-3),x^2+4x+4=(x+2)^2,x^2+4x+4=(x+2)^2,"A 选项：x^2+4x+4 符合完全平方公式 a^2+2ab+b^2=(a+b)^2，其中 a=x, b=2，所以 (x+2)^2 正确。B 选项应为 (x-2)^2；C 选项应为 (x-3)(x+3)；D 选项应为 (x+3)^2。故答案为 x^2+4x+4=(x+2)^2。",pep-junior-s2-upper-polynomials-fractions,pep-junior-s2-upper-paper-integrated-review,pep-junior-exam-polynomial-factorization-fractions,passed,needs-review,deepseek-original-v3-1200; pending-s18-manual-review
pep-junior-v3-s2-k07-mc-022,junior-rag-v3-1200,S2,upper,pep-junior-s2-upper-polynomials-fractions,整式乘法、因式分解与分式,multiple-choice,Core,计算 \\(\frac{2}{x-1}+\frac{3}{1-x}\\) 的结果是（ ）。,\\(\frac{5}{x-1}\\) | \\(\frac{-1}{x-1}\\) | \\(\frac{1}{x-1}\\) | \\(\frac{5}{1-x}\\),\\(\frac{-1}{x-1}\\),\\(\frac{-1}{x-1}\\) | -\\(\frac{1}{x-1}\\),注意到 1-x=-(x-1)，所以 \\(\frac{3}{1-x}=\frac{3}{-(x-1)}=-\frac{3}{x-1}\\)。原式 = \\(\frac{2}{x-1}-\frac{3}{x-1}=\frac{2-3}{x-1}=\frac{-1}{x-1}\\)。故答案为 \\(\frac{-1}{x-1}\\)。,pep-junior-s2-upper-polynomials-fractions,pep-junior-s2-upper-paper-triangle-angle-relations,pep-junior-exam-number-sense-real-numbers,passed,needs-review,deepseek-original-v3-1200; pending-s18-manual-review
pep-junior-v3-s2-k07-mc-023,junior-rag-v3-1200,S2,upper,pep-junior-s2-upper-polynomials-fractions,整式乘法、因式分解与分式,multiple-choice,Core,若分式 \\(\frac{x^2-4}{x+2}\\) 的值为 0，则 x 的值为（ ）。,2 | -2 | ±2 | 0,2,2,分式值为 0 的条件是分子为 0 且分母不为 0。由 x^2-4=0 得 x=2 或 x=-2。当 x=-2 时，分母 x+2=0，分式无意义，故舍去。所以 x=2。答案为 2。,pep-junior-s2-upper-polynomials-fractions,pep-junior-s2-upper-paper-congruence-proof,pep-junior-exam-linear-equation-inequality-models,passed,needs-review,deepseek-original-v3-1200; pending-s18-manual-review
pep-junior-v3-s2-k07-mc-024,junior-rag-v3-1200,S2,upper,pep-junior-s2-upper-polynomials-fractions,整式乘法、因式分解与分式,multiple-choice,Core,计算 \\((2a+3b)(2a-3b)\\) 的结果是（ ）。,4a^2-9b^2 | 4a^2+9b^2 | 4a^2-6ab+9b^2 | 4a^2+6ab+9b^2,4a^2-9b^2,4a^2-9b^2,"利用平方差公式 (a+b)(a-b)=a^2-b^2，这里 a=2a, b=3b，所以 (2a+3b)(2a-3b)=(2a)^2-(3b)^2=4a^2-9b^2。故答案为 4a^2-9b^2。",pep-junior-s2-upper-polynomials-fractions,pep-junior-s2-upper-paper-axis-symmetry-isosceles,pep-junior-exam-linear-functions-graphs,passed,needs-review,deepseek-original-v3-1200; pending-s18-manual-review
pep-junior-v3-s2-k07-mc-025,junior-rag-v3-1200,S2,upper,pep-junior-s2-upper-polynomials-fractions,整式乘法、因式分解与分式,multiple-choice,Core,把多项式 3x^2y-6xy^2 分解因式，结果正确的是（ ）。,3xy(x-2y) | 3xy(x+2y) | 3x(xy-2y^2) | 3y(x^2-2xy),3xy(x-2y),3xy(x-2y),提取公因式 3xy：3x^2y-6xy^2=3xy·x - 3xy·2y = 3xy(x-2y)。故答案为 3xy(x-2y)。,pep-junior-s2-upper-polynomials-fractions,pep-junior-s2-upper-paper-polynomial-multiplication-factorization,pep-junior-exam-triangles-congruence-proof,passed,needs-review,deepseek-original-v3-1200; pending-s18-manual-review
pep-junior-v3-s2-k07-mc-026,junior-rag-v3-1200,S2,upper,pep-junior-s2-upper-polynomials-fractions,整式乘法、因式分解与分式,multiple-choice,Core,若分式 \\(\frac{x+1}{x^2-1}\\) 有意义，则 x 的取值范围是（ ）。,x≠1 | x≠-1 | x≠±1 | x≠0,x≠±1,x≠±1 | x≠1且x≠-1 | x≠1 且 x≠-1,分式有意义的条件是分母不为 0。分母 x^2-1=(x+1)(x-1)，所以 x≠1 且 x≠-1，即 x≠±1。答案为 x≠±1。,pep-junior-s2-upper-polynomials-fractions,pep-junior-s2-upper-paper-algebraic-fractions,pep-junior-exam-quadrilaterals-pythagorean,passed,needs-review,deepseek-original-v3-1200; pending-s18-manual-review
pep-junior-v3-s2-k07-mc-027,junior-rag-v3-1200,S2,upper,pep-junior-s2-upper-polynomials-fractions,整式乘法、因式分解与分式,multiple-choice,Core,计算 \\(\frac{x}{x-2}-\frac{2}{x-2}\\) 的结果是（ ）。,1 | -1 | x-2 | \\(\frac{x-2}{x-2}\\),1,1,同分母分式相减，分母不变，分子相减：\\(\frac{x}{x-2}-\frac{2}{x-2}=\frac{x-2}{x-2}\\)。当 x≠2 时，约分得 1。故答案为 1。,pep-junior-s2-upper-polynomials-fractions,pep-junior-s2-upper-paper-integrated-review,pep-junior-exam-statistics-probability,passed,needs-review,deepseek-original-v3-1200; pending-s18-manual-review
pep-junior-v3-s2-k07-mc-028,junior-rag-v3-1200,S2,upper,pep-junior-s2-upper-polynomials-fractions,整式乘法、因式分解与分式,multiple-choice,Core,已知 a+b=5，ab=6，则 a^2b+ab^2 的值为（ ）。,30 | 11 | 25 | 36,30,30,a^2b+ab^2 提取公因式 ab 得 ab(a+b)。代入 ab=6，a+b=5，得 6×5=30。答案为 30。,pep-junior-s2-upper-polynomials-fractions,pep-junior-s2-upper-paper-triangle-angle-relations,pep-junior-exam-coordinate-transformations,passed,needs-review,deepseek-original-v3-1200; pending-s18-manual-review
pep-junior-v3-s2-k07-mc-029,junior-rag-v3-1200,S2,upper,pep-junior-s2-upper-polynomials-fractions,整式乘法、因式分解与分式,multiple-choice,Core,若关于 x 的分式方程 \\(\frac{2}{x-1}=\frac{3}{x+1}\\) 有解，则解为（ ）。,x=5 | x=-5 | x=1 | x=-1,x=5,x=5,方程两边同乘 (x-1)(x+1) 得 2(x+1)=3(x-1)。去括号：2x+2=3x-3，移项得 2+3=3x-2x，即 x=5。检验：当 x=5 时，分母 x-1=4≠0，x+1=6≠0，所以 x=5 是原方程的解。答案为 x=5。,pep-junior-s2-upper-polynomials-fractions,pep-junior-s2-upper-paper-congruence-proof,pep-junior-exam-applied-modeling-finance-rate,passed,needs-review,deepseek-original-v3-1200; pending-s18-manual-review
pep-junior-v3-s2-k07-mc-030,junior-rag-v3-1200,S2,upper,pep-junior-s2-upper-polynomials-fractions,整式乘法、因式分解与分式,multiple-choice,Core,下列四个代数式的因式分解中，正确的是（ ）,2a² - 8 = 2(a - 2)² | x² - 4x + 4 = (x - 2)² | 3x² - 6x = 3x(x - 6) | y² + 2y - 1 = (y - 1)²,x² - 4x + 4 = (x - 2)²,x² - 4x + 4 = (x - 2)² | B,选项A中，2a² - 8 = 2(a² - 4) = 2(a + 2)(a - 2)，不等于2(a - 2)²，错误。选项B中，x² - 4x + 4是完全平方式，等于(x - 2)²，正确。选项C中，3x² - 6x = 3x(x - 2)，不是3x(x - 6)，错误。选项D中，y² + 2y - 1不是完全平方式，因为(y - 1)² = y² - 2y + 1，不等于原式，错误。因此正确答案是x² - 4x + 4 = (x - 2)²。,pep-junior-s2-upper-polynomials-fractions,pep-junior-s2-upper-paper-axis-symmetry-isosceles,pep-junior-exam-proof-calculation-integrated,passed,needs-review,deepseek-original-v3-1200; pending-s18-manual-review
pep-junior-v3-s2-k07-mc-031,junior-rag-v3-1200,S2,upper,pep-junior-s2-upper-polynomials-fractions,整式乘法、因式分解与分式,multiple-choice,Core,计算 (3a - 2b)(2a + b) 的结果是（ ）,6a² - ab - 2b² | 6a² + ab - 2b² | 6a² - ab + 2b² | 6a² + ab + 2b²,6a² - ab - 2b²,6a² - ab - 2b² | A,使用多项式乘法法则：(3a - 2b)(2a + b) = 3a·2a + 3a·b - 2b·2a - 2b·b = 6a² + 3ab - 4ab - 2b² = 6a² - ab - 2b²。因此正确答案是6a² - ab - 2b²。,pep-junior-s2-upper-polynomials-fractions,pep-junior-s2-upper-paper-polynomial-multiplication-factorization,pep-junior-exam-polynomial-factorization-fractions,passed,needs-review,deepseek-original-v3-1200; pending-s18-manual-review
pep-junior-v3-s2-k07-mc-032,junior-rag-v3-1200,S2,upper,pep-junior-s2-upper-polynomials-fractions,整式乘法、因式分解与分式,multiple-choice,Core,若分式 (x - 2)/(x² - 4) 的值为0，则x的值为（ ）,2 | -2 | 2或-2 | 无解,无解,无解 | D,分式值为0的条件是分子为0且分母不为0。分子x - 2 = 0得x = 2。分母x² - 4 = (x + 2)(x - 2)，当x = 2时分母为0，分式无意义。因此不存在使分式值为0的x值，正确答案是无解。,pep-junior-s2-upper-polynomials-fractions,pep-junior-s2-upper-paper-algebraic-fractions,pep-junior-exam-number-sense-real-numbers,passed,needs-review,deepseek-original-v3-1200; pending-s18-manual-review
pep-junior-v3-s2-k07-mc-033,junior-rag-v3-1200,S2,upper,pep-junior-s2-upper-polynomials-fractions,整式乘法、因式分解与分式,multiple-choice,Core,某工厂计划生产一批零件，若每天生产40个，则比原计划晚2天完成；若每天生产50个，则比原计划提前3天完成。设原计划生产x天，可列方程为（ ）,40(x + 2) = 50(x - 3) | 40(x - 2) = 50(x + 3) | 40x + 2 = 50x - 3 | 40x - 2 = 50x + 3,40(x + 2) = 50(x - 3),40(x + 2) = 50(x - 3) | A,设原计划生产x天，则零件总数为40(x + 2)或50(x - 3)。根据零件总数不变，得方程40(x + 2) = 50(x - 3)。因此正确答案是40(x + 2) = 50(x - 3)。,pep-junior-s2-upper-polynomials-fractions,pep-junior-s2-upper-paper-integrated-review,pep-junior-exam-linear-equation-inequality-models,passed,needs-review,deepseek-original-v3-1200; pending-s18-manual-review
pep-junior-v3-s2-k07-fi-001,junior-rag-v3-1200,S2,upper,pep-junior-s2-upper-polynomials-fractions,整式乘法、因式分解与分式,fill-in,Core,因式分解：3m²n - 6mn² = _______。,,3mn(m - 2n),3mn(m - 2n) | 3mn(m-2n),提取公因式3mn，得3m²n - 6mn² = 3mn(m - 2n)。因此答案是3mn(m - 2n)。,pep-junior-s2-upper-polynomials-fractions,pep-junior-s2-upper-paper-polynomial-multiplication-factorization,pep-junior-exam-polynomial-factorization-fractions,passed,needs-review,deepseek-original-v3-1200; pending-s18-manual-review
pep-junior-v3-s2-k07-fi-002,junior-rag-v3-1200,S2,upper,pep-junior-s2-upper-polynomials-fractions,整式乘法、因式分解与分式,fill-in,Core,化简分式 (x² - 9)/(x² - 6x + 9) 的结果是 _______。,,(x + 3)/(x - 3),(x + 3)/(x - 3) | (x+3)/(x-3),分子因式分解：x² - 9 = (x + 3)(x - 3)；分母因式分解：x² - 6x + 9 = (x - 3)²。约分得 (x + 3)/(x - 3)。因此答案是(x + 3)/(x - 3)。,pep-junior-s2-upper-polynomials-fractions,pep-junior-s2-upper-paper-algebraic-fractions,pep-junior-exam-number-sense-real-numbers,passed,needs-review,deepseek-original-v3-1200; pending-s18-manual-review
pep-junior-v3-s2-k07-fi-003,junior-rag-v3-1200,S2,upper,pep-junior-s2-upper-polynomials-fractions,整式乘法、因式分解与分式,fill-in,Core,解分式方程 2/(x - 1) = 3/(x + 1) 时，去分母后得到的整式方程是 _______。,,2(x + 1) = 3(x - 1),2(x + 1) = 3(x - 1) | 2x+2=3x-3 | 2x + 2 = 3x - 3,方程两边同乘最简公分母(x - 1)(x + 1)，得2(x + 1) = 3(x - 1)。因此答案是2(x + 1) = 3(x - 1)。,pep-junior-s2-upper-polynomials-fractions,pep-junior-s2-upper-paper-integrated-review,pep-junior-exam-linear-equation-inequality-models,passed,needs-review,deepseek-original-v3-1200; pending-s18-manual-review
pep-junior-v3-s2-k07-fi-004,junior-rag-v3-1200,S2,upper,pep-junior-s2-upper-polynomials-fractions,整式乘法、因式分解与分式,fill-in,Core,若多项式x² + kx + 25是完全平方式，则k的值为 _______。,,±10,±10 | 10或-10 | 10或－10,完全平方式的形式为(x ± a)² = x² ± 2ax + a²。比较得a² = 25，所以a = ±5。则k = ±2a = ±10。因此答案是±10。,pep-junior-s2-upper-polynomials-fractions,pep-junior-s2-upper-paper-triangle-angle-relations,pep-junior-exam-linear-functions-graphs,passed,needs-review,deepseek-original-v3-1200; pending-s18-manual-review
pep-junior-v3-s2-k07-fi-005,junior-rag-v3-1200,S2,upper,pep-junior-s2-upper-polynomials-fractions,整式乘法、因式分解与分式,fill-in,Core,已知a + b = 5，ab = 3，则a²b + ab²的值为 _______。,,15,15,a²b + ab² = ab(a + b) = 3 × 5 = 15。因此答案是15。,pep-junior-s2-upper-polynomials-fractions,pep-junior-s2-upper-paper-congruence-proof,pep-junior-exam-triangles-congruence-proof,passed,needs-review,deepseek-original-v3-1200; pending-s18-manual-review
pep-junior-v3-s2-k07-fi-006,junior-rag-v3-1200,S2,upper,pep-junior-s2-upper-polynomials-fractions,整式乘法、因式分解与分式,fill-in,Core,若分式 (x + 2)/(x² - 4) 有意义，则x的取值范围是 _______。,,x ≠ ±2,x ≠ ±2 | x≠2且x≠-2 | x≠2且x≠－2,分式有意义的条件是分母不为0。分母x² - 4 = (x + 2)(x - 2) ≠ 0，所以x ≠ 2且x ≠ -2，即x ≠ ±2。因此答案是x ≠ ±2。,pep-junior-s2-upper-polynomials-fractions,pep-junior-s2-upper-paper-axis-symmetry-isosceles,pep-junior-exam-quadrilaterals-pythagorean,passed,needs-review,deepseek-original-v3-1200; pending-s18-manual-review
pep-junior-v3-s2-k07-fi-007,junior-rag-v3-1200,S2,upper,pep-junior-s2-upper-polynomials-fractions,整式乘法、因式分解与分式,fill-in,Core,将多项式 \(6x^2y - 9xy^2 + 3xy\) 分解因式。,,3xy(2x - 3y + 1),3xy(2x - 3y + 1) | 3xy(2x-3y+1),观察多项式各项，系数6、-9、3的最大公约数是3，字母部分都有x和y，且最低次数均为1，因此公因式为3xy。提取公因式后，第一项6x²y÷3xy=2x，第二项-9xy²÷3xy=-3y，第三项3xy÷3xy=1，所以分解结果为3xy(2x - 3y + 1)。,pep-junior-s2-upper-polynomials-fractions,pep-junior-s2-upper-paper-polynomial-multiplication-factorization,pep-junior-exam-statistics-probability,passed,needs-review,deepseek-original-v3-1200; pending-s18-manual-review
pep-junior-v3-s2-k07-fi-008,junior-rag-v3-1200,S2,upper,pep-junior-s2-upper-polynomials-fractions,整式乘法、因式分解与分式,fill-in,Core,化简分式 \(\frac{x^2 - 9}{x^2 - 6x + 9}\)，并写出x的取值范围。,,\frac{x+3}{x-3}，x≠3,"\frac{x+3}{x-3}，x≠3 | (x+3)/(x-3)，x≠3 | \frac{x+3}{x-3}, x≠3",分子x²-9=(x+3)(x-3)，分母x²-6x+9=(x-3)²。约分时分子和分母同除以公因式(x-3)，得到(x+3)/(x-3)。分母不能为零，即x-3≠0，所以x≠3。故答案为\frac{x+3}{x-3}，x≠3。,pep-junior-s2-upper-polynomials-fractions,pep-junior-s2-upper-paper-algebraic-fractions,pep-junior-exam-coordinate-transformations,passed,needs-review,deepseek-original-v3-1200; pending-s18-manual-review
pep-junior-v3-s2-k07-fi-009,junior-rag-v3-1200,S2,upper,pep-junior-s2-upper-polynomials-fractions,整式乘法、因式分解与分式,fill-in,Core,解分式方程 \(\frac{2}{x-1} = \frac{3}{x+1}\)。,,x=5,x=5 | 5,方程两边同乘最简公分母(x-1)(x+1)，得2(x+1)=3(x-1)。去括号：2x+2=3x-3，移项合并：2+3=3x-2x，即5=x。检验：当x=5时，分母x-1=4≠0，x+1=6≠0，所以x=5是原方程的根。,pep-junior-s2-upper-polynomials-fractions,pep-junior-s2-upper-paper-integrated-review,pep-junior-exam-applied-modeling-finance-rate,passed,needs-review,deepseek-original-v3-1200; pending-s18-manual-review
pep-junior-v3-s2-k07-fi-010,junior-rag-v3-1200,S2,upper,pep-junior-s2-upper-polynomials-fractions,整式乘法、因式分解与分式,fill-in,Core,在△ABC中，∠A=50°，∠B=∠C，求∠B的度数。,,65°,65° | 65度,三角形内角和为180°，所以∠A+∠B+∠C=180°。已知∠A=50°，∠B=∠C，设∠B=x，则50°+x+x=180°，即50°+2x=180°，2x=130°，x=65°。因此∠B=65°。,pep-junior-s2-upper-polynomials-fractions,pep-junior-s2-upper-paper-triangle-angle-relations,pep-junior-exam-proof-calculation-integrated,passed,needs-review,deepseek-original-v3-1200; pending-s18-manual-review
pep-junior-v3-s2-k07-fi-011,junior-rag-v3-1200,S2,upper,pep-junior-s2-upper-polynomials-fractions,整式乘法、因式分解与分式,fill-in,Core,已知AB=AC，D是BC的中点，连接AD。求证：△ABD≌△ACD。,,证明：∵AB=AC，D是BC中点，∴BD=CD，又AD=AD，∴△ABD≌△ACD(SSS),证明：∵AB=AC，D是BC中点，∴BD=CD，又AD=AD，∴△ABD≌△ACD(SSS) | ∵AB=AC，D是BC中点，∴BD=CD，又AD=AD，∴△ABD≌△ACD(SSS),由AB=AC可知△ABC是等腰三角形，D是BC中点，所以BD=CD。在△ABD和△ACD中，AB=AC，BD=CD，AD是公共边，根据SSS判定，△ABD≌△ACD。,pep-junior-s2-upper-polynomials-fractions,pep-junior-s2-upper-paper-congruence-proof,pep-junior-exam-polynomial-factorization-fractions,passed,needs-review,deepseek-original-v3-1200; pending-s18-manual-review
pep-junior-v3-s2-k07-fi-012,junior-rag-v3-1200,S2,upper,pep-junior-s2-upper-polynomials-fractions,整式乘法、因式分解与分式,fill-in,Core,"点P(3, -2)关于x轴对称的点Q的坐标是______。",,"(3, 2)","(3, 2) | （3，2）","关于x轴对称的点，横坐标相同，纵坐标互为相反数。点P(3, -2)的横坐标为3，纵坐标-2的相反数是2，所以对称点Q的坐标为(3, 2)。",pep-junior-s2-upper-polynomials-fractions,pep-junior-s2-upper-paper-axis-symmetry-isosceles,pep-junior-exam-number-sense-real-numbers,passed,needs-review,deepseek-original-v3-1200; pending-s18-manual-review
pep-junior-v3-s2-k07-fi-013,junior-rag-v3-1200,S2,upper,pep-junior-s2-upper-polynomials-fractions,整式乘法、因式分解与分式,fill-in,Core,计算：(2a - 3b)(2a + 3b)。,,4a^2 - 9b^2,4a^2 - 9b^2 | 4a²-9b²,利用平方差公式：(x-y)(x+y)=x²-y²，这里x=2a，y=3b，所以(2a-3b)(2a+3b)=(2a)²-(3b)²=4a²-9b²。,pep-junior-s2-upper-polynomials-fractions,pep-junior-s2-upper-paper-polynomial-multiplication-factorization,pep-junior-exam-linear-equation-inequality-models,passed,needs-review,deepseek-original-v3-1200; pending-s18-manual-review
pep-junior-v3-s2-k07-fi-014,junior-rag-v3-1200,S2,upper,pep-junior-s2-upper-polynomials-fractions,整式乘法、因式分解与分式,fill-in,Core,先化简，再求值：\(\frac{x^2 - 4x + 4}{x^2 - 4} \div \frac{x-2}{x+2}\)，其中x=0。,,1,1,原式=\(\frac{(x-2)^2}{(x+2)(x-2)} \cdot \frac{x+2}{x-2} = \frac{x-2}{x+2} \cdot \frac{x+2}{x-2} = 1\)。当x=0时，分母不为零，原式有意义，值为1。,pep-junior-s2-upper-polynomials-fractions,pep-junior-s2-upper-paper-algebraic-fractions,pep-junior-exam-linear-functions-graphs,passed,needs-review,deepseek-original-v3-1200; pending-s18-manual-review
pep-junior-v3-s2-k07-fi-015,junior-rag-v3-1200,S2,upper,pep-junior-s2-upper-polynomials-fractions,整式乘法、因式分解与分式,fill-in,Core,因式分解：\(m^2 - 4n^2 + m - 2n\)。,,(m-2n)(m+2n+1),(m-2n)(m+2n+1),分组分解：原式=(m²-4n²)+(m-2n)=(m+2n)(m-2n)+(m-2n)=(m-2n)(m+2n+1)。,pep-junior-s2-upper-polynomials-fractions,pep-junior-s2-upper-paper-integrated-review,pep-junior-exam-triangles-congruence-proof,passed,needs-review,deepseek-original-v3-1200; pending-s18-manual-review
pep-junior-v3-s2-k07-fi-016,junior-rag-v3-1200,S2,upper,pep-junior-s2-upper-polynomials-fractions,整式乘法、因式分解与分式,fill-in,Core,一个多边形的内角和是外角和的3倍，求这个多边形的边数。,,8,8 | 八,设多边形边数为n，内角和为(n-2)×180°，外角和恒为360°。由题意得(n-2)×180°=3×360°，即(n-2)×180°=1080°，两边除以180°得n-2=6，所以n=8。,pep-junior-s2-upper-polynomials-fractions,pep-junior-s2-upper-paper-triangle-angle-relations,pep-junior-exam-quadrilaterals-pythagorean,passed,needs-review,deepseek-original-v3-1200; pending-s18-manual-review
pep-junior-v3-s2-k07-fi-017,junior-rag-v3-1200,S2,upper,pep-junior-s2-upper-polynomials-fractions,整式乘法、因式分解与分式,fill-in,Core,计算：(2x + 3)(x - 4) = ______。,,2x² - 5x - 12,2x² - 5x - 12 | 2x^2 - 5x - 12,根据多项式乘法法则，先用第一个多项式的每一项乘以第二个多项式的每一项：2x·x = 2x²，2x·(-4) = -8x，3·x = 3x，3·(-4) = -12。合并同类项：-8x + 3x = -5x。因此结果为 2x² - 5x - 12。,pep-junior-s2-upper-polynomials-fractions,pep-junior-s2-upper-paper-congruence-proof,pep-junior-exam-statistics-probability,passed,needs-review,deepseek-original-v3-1200; pending-s18-manual-review
pep-junior-v3-s2-k07-fi-018,junior-rag-v3-1200,S2,upper,pep-junior-s2-upper-polynomials-fractions,整式乘法、因式分解与分式,fill-in,Core,因式分解：3a²b - 6ab² + 12ab = ______。,,3ab(a - 2b + 4),3ab(a - 2b + 4) | 3ab (a - 2b + 4),观察各项系数：3、-6、12，它们的最大公约数是3；字母部分都含有a和b，最低次数分别为1次。因此公因式为3ab。提取公因式：3a²b ÷ 3ab = a，-6ab² ÷ 3ab = -2b，12ab ÷ 3ab = 4。所以 3a²b - 6ab² + 12ab = 3ab(a - 2b + 4)。,pep-junior-s2-upper-polynomials-fractions,pep-junior-s2-upper-paper-axis-symmetry-isosceles,pep-junior-exam-coordinate-transformations,passed,needs-review,deepseek-original-v3-1200; pending-s18-manual-review
pep-junior-v3-s2-k07-fi-019,junior-rag-v3-1200,S2,upper,pep-junior-s2-upper-polynomials-fractions,整式乘法、因式分解与分式,fill-in,Core,若分式 (x² - 9)/(x - 3) 的值为零，则 x = ______。,,-3,-3,分式的值为零，需要分子为零且分母不为零。分子 x² - 9 = 0，解得 x = 3 或 x = -3。但当 x = 3 时，分母 x - 3 = 0，分式无意义，舍去。当 x = -3 时，分母 -3 - 3 = -6 ≠ 0，符合条件。所以 x = -3。,pep-junior-s2-upper-polynomials-fractions,pep-junior-s2-upper-paper-polynomial-multiplication-factorization,pep-junior-exam-applied-modeling-finance-rate,passed,needs-review,deepseek-original-v3-1200; pending-s18-manual-review
pep-junior-v3-s2-k07-fi-020,junior-rag-v3-1200,S2,upper,pep-junior-s2-upper-polynomials-fractions,整式乘法、因式分解与分式,fill-in,Core,化简分式：(a² - 4a + 4)/(a² - 4) = ______。,,(a - 2)/(a + 2),(a - 2)/(a + 2) | a-2/a+2,分子 a² - 4a + 4 = (a - 2)²，分母 a² - 4 = (a + 2)(a - 2)。原式 = (a - 2)²/[(a + 2)(a - 2)]。约去公因式 (a - 2)，注意 a ≠ 2 且 a ≠ -2，得到 (a - 2)/(a + 2)。,pep-junior-s2-upper-polynomials-fractions,pep-junior-s2-upper-paper-algebraic-fractions,pep-junior-exam-proof-calculation-integrated,passed,needs-review,deepseek-original-v3-1200; pending-s18-manual-review
pep-junior-v3-s2-k07-fi-021,junior-rag-v3-1200,S2,upper,pep-junior-s2-upper-polynomials-fractions,整式乘法、因式分解与分式,fill-in,Core,计算：(x + 2y)² - (x - 2y)² = ______。,,8xy,8xy,利用平方差公式：a² - b² = (a + b)(a - b)。这里 a = x + 2y，b = x - 2y。所以原式 = [(x + 2y) + (x - 2y)]·[(x + 2y) - (x - 2y)] = (2x)·(4y) = 8xy。,pep-junior-s2-upper-polynomials-fractions,pep-junior-s2-upper-paper-integrated-review,pep-junior-exam-polynomial-factorization-fractions,passed,needs-review,deepseek-original-v3-1200; pending-s18-manual-review
pep-junior-v3-s2-k07-fi-022,junior-rag-v3-1200,S2,upper,pep-junior-s2-upper-polynomials-fractions,整式乘法、因式分解与分式,fill-in,Core,若多项式 x² + mx - 15 可分解为 (x + 5)(x + n)，则 m + n = ______。,,-5,-5,将 (x + 5)(x + n) 展开得 x² + (5 + n)x + 5n。对比 x² + mx - 15，可得 5n = -15，解得 n = -3；m = 5 + n = 5 + (-3) = 2。所以 m + n = 2 + (-3) = -5。,pep-junior-s2-upper-polynomials-fractions,pep-junior-s2-upper-paper-triangle-angle-relations,pep-junior-exam-number-sense-real-numbers,passed,needs-review,deepseek-original-v3-1200; pending-s18-manual-review
pep-junior-v3-s2-k07-fi-023,junior-rag-v3-1200,S2,upper,pep-junior-s2-upper-polynomials-fractions,整式乘法、因式分解与分式,fill-in,Core,解分式方程：1/(x - 1) + 2/(x + 1) = 4/(x² - 1)，则 x = ______。,,5/3,5/3,方程两边同乘最简公分母 (x-1)(x+1)，得 (x+1) + 2(x-1) = 4。去括号：x+1+2x-2=4，合并：3x-1=4，解得 x=5/3。经检验，x=5/3 时分母均不为零，且左边=右边，所以 x=5/3。,pep-junior-s2-upper-polynomials-fractions,pep-junior-s2-upper-paper-congruence-proof,pep-junior-exam-linear-equation-inequality-models,passed,needs-review,deepseek-original-v3-1200; pending-s18-manual-review
pep-junior-v3-s2-k07-fi-024,junior-rag-v3-1200,S2,upper,pep-junior-s2-upper-polynomials-fractions,整式乘法、因式分解与分式,fill-in,Core,已知 a + b = 5，ab = 6，则 a²b + ab² = ______。,,30,30,a²b + ab² = ab(a + b)。将 ab = 6，a + b = 5 代入，得 6 × 5 = 30。,pep-junior-s2-upper-polynomials-fractions,pep-junior-s2-upper-paper-axis-symmetry-isosceles,pep-junior-exam-linear-functions-graphs,passed,needs-review,deepseek-original-v3-1200; pending-s18-manual-review
pep-junior-v3-s2-k07-fi-025,junior-rag-v3-1200,S2,upper,pep-junior-s2-upper-polynomials-fractions,整式乘法、因式分解与分式,fill-in,Core,因式分解：x⁴ - 16 = ______。,,(x² + 4)(x + 2)(x - 2),(x² + 4)(x + 2)(x - 2) | (x^2+4)(x+2)(x-2),x⁴ - 16 = (x²)² - 4²，先用平方差公式：= (x² + 4)(x² - 4)。x² - 4 可继续分解为 (x + 2)(x - 2)。x² + 4 在实数范围内不能再分解。所以结果为 (x² + 4)(x + 2)(x - 2)。,pep-junior-s2-upper-polynomials-fractions,pep-junior-s2-upper-paper-polynomial-multiplication-factorization,pep-junior-exam-triangles-congruence-proof,passed,needs-review,deepseek-original-v3-1200; pending-s18-manual-review
pep-junior-v3-s2-k07-fi-026,junior-rag-v3-1200,S2,upper,pep-junior-s2-upper-polynomials-fractions,整式乘法、因式分解与分式,fill-in,Core,当 x = ______ 时，分式 (|x| - 3)/(x² - 2x - 3) 的值为零。,,-3,-3,分式值为零需分子为零且分母不为零。分子 |x| - 3 = 0，得 |x| = 3，x = 3 或 x = -3。分母 x² - 2x - 3 = (x - 3)(x + 1)。当 x = 3 时，分母为零，舍去；当 x = -3 时，分母 (-3)² - 2(-3) - 3 = 9 + 6 - 3 = 12 ≠ 0，符合条件。所以 x = -3。,pep-junior-s2-upper-polynomials-fractions,pep-junior-s2-upper-paper-algebraic-fractions,pep-junior-exam-quadrilaterals-pythagorean,passed,needs-review,deepseek-original-v3-1200; pending-s18-manual-review
pep-junior-v3-s2-k07-fi-027,junior-rag-v3-1200,S2,upper,pep-junior-s2-upper-polynomials-fractions,整式乘法、因式分解与分式,fill-in,Core,计算：\((x+3)(x-2) = \underline{\hspace{2cm}}\)。,,x^2 + x - 6,x^2 + x - 6 | x² + x - 6 | x^2+x-6 | x²+x-6,利用多项式乘法展开：\((x+3)(x-2) = x \cdot x + x \cdot (-2) + 3 \cdot x + 3 \cdot (-2) = x^2 - 2x + 3x - 6 = x^2 + x - 6\)。,pep-junior-s2-upper-polynomials-fractions,pep-junior-s2-upper-paper-integrated-review,pep-junior-exam-statistics-probability,passed,needs-review,deepseek-original-v3-1200; pending-s18-manual-review
pep-junior-v3-s2-k07-fi-028,junior-rag-v3-1200,S2,upper,pep-junior-s2-upper-polynomials-fractions,整式乘法、因式分解与分式,fill-in,Core,因式分解：\(3a^2 - 12 = \underline{\hspace{2cm}}\)。,,3(a + 2)(a - 2),3(a + 2)(a - 2) | 3(a+2)(a-2) | 3(a-2)(a+2) | 3(a - 2)(a + 2),先提取公因式 3，得 \(3(a^2 - 4)\)，再利用平方差公式 \(a^2 - 4 = (a+2)(a-2)\)，所以结果为 \(3(a + 2)(a - 2)\)。,pep-junior-s2-upper-polynomials-fractions,pep-junior-s2-upper-paper-triangle-angle-relations,pep-junior-exam-coordinate-transformations,passed,needs-review,deepseek-original-v3-1200; pending-s18-manual-review
pep-junior-v3-s2-k07-fi-029,junior-rag-v3-1200,S2,upper,pep-junior-s2-upper-polynomials-fractions,整式乘法、因式分解与分式,fill-in,Core,当 \(x = 2\) 时，分式 \(\frac{x^2 - 4}{x + 2}\) 的值为 \underline{\hspace{2cm}}。,,0,0 | 零,先化简分式：\(\frac{x^2 - 4}{x + 2} = \frac{(x+2)(x-2)}{x+2} = x - 2\)（其中 \(x \neq -2\)）。代入 \(x = 2\)，得 \(2 - 2 = 0\)。,pep-junior-s2-upper-polynomials-fractions,pep-junior-s2-upper-paper-congruence-proof,pep-junior-exam-applied-modeling-finance-rate,passed,needs-review,deepseek-original-v3-1200; pending-s18-manual-review
pep-junior-v3-s2-k07-fi-030,junior-rag-v3-1200,S2,upper,pep-junior-s2-upper-polynomials-fractions,整式乘法、因式分解与分式,fill-in,Core,计算：\(\frac{2}{x} + \frac{3}{y} = \underline{\hspace{2cm}}\)（结果用分式表示）。,,\frac{2y + 3x}{xy},\frac{2y + 3x}{xy} | (2y+3x)/(xy) | \frac{3x+2y}{xy} | (3x+2y)/(xy),通分：公分母为 \(xy\)，\(\frac{2}{x} = \frac{2y}{xy}\)，\(\frac{3}{y} = \frac{3x}{xy}\)，相加得 \(\frac{2y + 3x}{xy}\)。,pep-junior-s2-upper-polynomials-fractions,pep-junior-s2-upper-paper-axis-symmetry-isosceles,pep-junior-exam-proof-calculation-integrated,passed,needs-review,deepseek-original-v3-1200; pending-s18-manual-review
pep-junior-v3-s2-k07-fi-031,junior-rag-v3-1200,S2,upper,pep-junior-s2-upper-polynomials-fractions,整式乘法、因式分解与分式,fill-in,Core,若 \(x^2 + mx + 9\) 是完全平方式，则 \(m = \underline{\hspace{2cm}}\)。,,±6,"±6 | 6或-6 | 6 或 -6 | 正负6 | 6, -6",完全平方式 \((x + a)^2 = x^2 + 2ax + a^2\)，对比得 \(a^2 = 9\)，所以 \(a = ±3\)，则 \(m = 2a = ±6\)。,pep-junior-s2-upper-polynomials-fractions,pep-junior-s2-upper-paper-polynomial-multiplication-factorization,pep-junior-exam-polynomial-factorization-fractions,passed,needs-review,deepseek-original-v3-1200; pending-s18-manual-review
pep-junior-v3-s2-k07-fi-032,junior-rag-v3-1200,S2,upper,pep-junior-s2-upper-polynomials-fractions,整式乘法、因式分解与分式,fill-in,Core,分式 \(\frac{2}{x-1}\) 有意义的条件是 \underline{\hspace{2cm}}。,,x ≠ 1,x ≠ 1 | x≠1 | x不等于1,分式有意义的条件是分母不为零，即 \(x - 1 \neq 0\)，所以 \(x \neq 1\)。,pep-junior-s2-upper-polynomials-fractions,pep-junior-s2-upper-paper-algebraic-fractions,pep-junior-exam-number-sense-real-numbers,passed,needs-review,deepseek-original-v3-1200; pending-s18-manual-review
pep-junior-v3-s2-k07-fi-033,junior-rag-v3-1200,S2,upper,pep-junior-s2-upper-polynomials-fractions,整式乘法、因式分解与分式,fill-in,Core,已知 \(a + b = 5\)，\(ab = 6\)，则 \(a^2 + b^2 = \underline{\hspace{2cm}}\)。,,13,13 | 十三,利用完全平方公式变形：\(a^2 + b^2 = (a + b)^2 - 2ab = 5^2 - 2 \times 6 = 25 - 12 = 13\)。,pep-junior-s2-upper-polynomials-fractions,pep-junior-s2-upper-paper-integrated-review,pep-junior-exam-linear-equation-inequality-models,passed,needs-review,deepseek-original-v3-1200; pending-s18-manual-review
pep-junior-v3-s2-k07-sa-001,junior-rag-v3-1200,S2,upper,pep-junior-s2-upper-polynomials-fractions,整式乘法、因式分解与分式,short-answer,Core,先化简，再求值：\((2x + 1)(2x - 1) - 4x(x - 1)\)，其中 \(x = -2\)。,,4x - 1，值为 -9,"4x - 1，值为 -9 | 4x-1，值为-9 | 4x-1, -9 | 4x - 1, -9",化简：\((2x+1)(2x-1) = 4x^2 - 1\)，\(4x(x-1) = 4x^2 - 4x\)，所以原式 \(= (4x^2 - 1) - (4x^2 - 4x) = 4x - 1\)。当 \(x = -2\) 时，\(4(-2) - 1 = -8 - 1 = -9\)。,pep-junior-s2-upper-polynomials-fractions,pep-junior-s2-upper-paper-polynomial-multiplication-factorization,pep-junior-exam-polynomial-factorization-fractions,passed,needs-review,deepseek-original-v3-1200; pending-s18-manual-review
pep-junior-v3-s2-k07-sa-002,junior-rag-v3-1200,S2,upper,pep-junior-s2-upper-polynomials-fractions,整式乘法、因式分解与分式,short-answer,Core,解分式方程：\(\frac{2}{x-3} = \frac{1}{x+1}\)。,,x = -5,x = -5 | x=-5 | -5,方程两边同乘 \((x-3)(x+1)\)，得 \(2(x+1) = x-3\)，即 \(2x + 2 = x - 3\)，解得 \(x = -5\)。检验：当 \(x = -5\) 时，分母 \(x-3 = -8 \neq 0\)，\(x+1 = -4 \neq 0\)，所以 \(x = -5\) 是原方程的解。,pep-junior-s2-upper-polynomials-fractions,pep-junior-s2-upper-paper-algebraic-fractions,pep-junior-exam-number-sense-real-numbers,passed,needs-review,deepseek-original-v3-1200; pending-s18-manual-review
pep-junior-v3-s2-k07-sa-003,junior-rag-v3-1200,S2,upper,pep-junior-s2-upper-polynomials-fractions,整式乘法、因式分解与分式,short-answer,Core,某工程队计划修建一条长 1200 米的道路，采用新的施工方式后，实际每天修建的长度比原计划多 20 米，结果提前 2 天完成。求原计划每天修建多少米。,,100,100 | 100米 | 100 米,设原计划每天修建 \(x\) 米，则实际每天修建 \((x+20)\) 米。根据时间关系：\(\frac{1200}{x} - \frac{1200}{x+20} = 2\)。去分母得 \(1200(x+20) - 1200x = 2x(x+20)\)，化简得 \(24000 = 2x^2 + 40x\)，即 \(x^2 + 20x - 12000 = 0\)。因式分解得 \((x+120)(x-100) = 0\)，所以 \(x = 100\) 或 \(x = -120\)（舍去）。检验：\(x=100\) 时，每天修 100 米，实际每天 120 米，原计划 12 天，实际 10 天，提前 2 天，符合题意。因此原计划每天修建 100 米。,pep-junior-s2-upper-polynomials-fractions,pep-junior-s2-upper-paper-integrated-review,pep-junior-exam-linear-equation-inequality-models,passed,needs-review,deepseek-original-v3-1200; pending-s18-manual-review
pep-junior-v3-s2-k07-sa-004,junior-rag-v3-1200,S2,upper,pep-junior-s2-upper-polynomials-fractions,整式乘法、因式分解与分式,short-answer,Core,已知多项式 A = 2x^2 + 3x - 5，B = x^2 - 2x + 4。求 A - 2B 的结果，并说明合并同类项时需要注意什么。,,A - 2B = (2x^2 + 3x - 5) - 2(x^2 - 2x + 4) = 2x^2 + 3x - 5 - 2x^2 + 4x - 8 = 7x - 13。合并同类项时要注意系数的符号，尤其是去括号时括号前是负号的情况。,A - 2B = (2x^2 + 3x - 5) - 2(x^2 - 2x + 4) = 2x^2 + 3x - 5 - 2x^2 + 4x - 8 = 7x - 13。合并同类项时要注意系数的符号，尤其是去括号时括号前是负号的情况。 | A - 2B = 7x - 13 | 7x - 13 | 合并同类项时要注意系数的符号，尤其是去括号时括号前是负号的情况,先计算 2B = 2(x^2 - 2x + 4) = 2x^2 - 4x + 8。然后 A - 2B = (2x^2 + 3x - 5) - (2x^2 - 4x + 8) = 2x^2 + 3x - 5 - 2x^2 + 4x - 8 = (2x^2 - 2x^2) + (3x + 4x) + (-5 - 8) = 7x - 13。合并同类项时要注意系数的符号，尤其是去括号时括号前是负号的情况，各项符号要变号。,pep-junior-s2-upper-polynomials-fractions,pep-junior-s2-upper-paper-triangle-angle-relations,pep-junior-exam-linear-functions-graphs,passed,needs-review,deepseek-original-v3-1200; pending-s18-manual-review
pep-junior-v3-s2-k07-sa-005,junior-rag-v3-1200,S2,upper,pep-junior-s2-upper-polynomials-fractions,整式乘法、因式分解与分式,short-answer,Core,因式分解：3a^2b - 6ab^2 + 9ab。请写出分解过程并指出用了哪种因式分解的方法。,,原式 = 3ab(a - 2b + 3)，用的是提公因式法。,原式 = 3ab(a - 2b + 3)，用的是提公因式法。 | 3ab(a - 2b + 3) | 提公因式法 | 3ab(a - 2b + 3)，用的是提公因式法,观察多项式 3a^2b - 6ab^2 + 9ab，各项系数 3、-6、9 的最大公约数是 3，各项都含有字母因式 a 和 b，最低次幂分别是 a 和 b，所以公因式为 3ab。提取公因式 3ab 后，剩余因式为 a - 2b + 3，因此原式 = 3ab(a - 2b + 3)。用的是提公因式法。,pep-junior-s2-upper-polynomials-fractions,pep-junior-s2-upper-paper-congruence-proof,pep-junior-exam-triangles-congruence-proof,passed,needs-review,deepseek-original-v3-1200; pending-s18-manual-review
pep-junior-v3-s2-k07-sa-006,junior-rag-v3-1200,S2,upper,pep-junior-s2-upper-polynomials-fractions,整式乘法、因式分解与分式,short-answer,Core,化简分式：\(\frac{x^2 - 9}{x^2 - 6x + 9}\)，并写出化简过程中分母的限制条件。,,化简得 \(\frac{x+3}{x-3}\)，其中 x ≠ 3。,化简得 \(\frac{x+3}{x-3}\)，其中 x ≠ 3。 | \(\frac{x+3}{x-3}\)，x ≠ 3 | x ≠ 3，\(\frac{x+3}{x-3}\) | \(\frac{x+3}{x-3}\) (x ≠ 3),分子 x^2 - 9 = (x+3)(x-3)，分母 x^2 - 6x + 9 = (x-3)^2。原式 = \(\frac{(x+3)(x-3)}{(x-3)^2}\)。约分时，分母不能为零，所以 x-3 ≠ 0，即 x ≠ 3。约去公因式 (x-3) 得 \(\frac{x+3}{x-3}\)。因此化简得 \(\frac{x+3}{x-3}\)，其中 x ≠ 3。,pep-junior-s2-upper-polynomials-fractions,pep-junior-s2-upper-paper-axis-symmetry-isosceles,pep-junior-exam-quadrilaterals-pythagorean,passed,needs-review,deepseek-original-v3-1200; pending-s18-manual-review
pep-junior-v3-s2-k07-sa-007,junior-rag-v3-1200,S2,upper,pep-junior-s2-upper-polynomials-fractions,整式乘法、因式分解与分式,short-answer,Core,计算：(2x + 1)(x - 3) - (x - 2)^2。请写出展开和化简的过程。,,原式 = (2x^2 - 6x + x - 3) - (x^2 - 4x + 4) = 2x^2 - 5x - 3 - x^2 + 4x - 4 = x^2 - x - 7。,原式 = (2x^2 - 6x + x - 3) - (x^2 - 4x + 4) = 2x^2 - 5x - 3 - x^2 + 4x - 4 = x^2 - x - 7。 | x^2 - x - 7 | 原式 = x^2 - x - 7,先计算 (2x+1)(x-3) = 2x·x + 2x·(-3) + 1·x + 1·(-3) = 2x^2 - 6x + x - 3 = 2x^2 - 5x - 3。再计算 (x-2)^2 = x^2 - 4x + 4。然后相减：(2x^2 - 5x - 3) - (x^2 - 4x + 4) = 2x^2 - 5x - 3 - x^2 + 4x - 4 = (2x^2 - x^2) + (-5x + 4x) + (-3 - 4) = x^2 - x - 7。,pep-junior-s2-upper-polynomials-fractions,pep-junior-s2-upper-paper-polynomial-multiplication-factorization,pep-junior-exam-statistics-probability,passed,needs-review,deepseek-original-v3-1200; pending-s18-manual-review
pep-junior-v3-s2-k07-sa-008,junior-rag-v3-1200,S2,upper,pep-junior-s2-upper-polynomials-fractions,整式乘法、因式分解与分式,short-answer,Core,解分式方程：\(\frac{3}{x-2} = \frac{1}{x} + 1\)。请写出求解过程并检验根。,,方程两边乘 x(x-2) 得：3x = (x-2) + x(x-2)，整理得 x^2 - 4x + 2 = 0，解得 x = 2 ± √2。经检验，x = 2 ± √2 均不为 0 和 2，所以原方程的解为 x = 2 + √2 和 x = 2 - √2。,"方程两边乘 x(x-2) 得：3x = (x-2) + x(x-2)，整理得 x^2 - 4x + 2 = 0，解得 x = 2 ± √2。经检验，x = 2 ± √2 均不为 0 和 2，所以原方程的解为 x = 2 + √2 和 x = 2 - √2。 | x = 2 + √2 和 x = 2 - √2 | x = 2 ± √2 | x = 2 + √2, x = 2 - √2",分母 x-2 和 x 不能为零，所以 x ≠ 2 且 x ≠ 0。方程两边同乘最简公分母 x(x-2)：3·x = 1·(x-2) + 1·x(x-2)，得 3x = x - 2 + x^2 - 2x，移项合并得 x^2 - 4x + 2 = 0。用求根公式解得 x = 2 ± √2。检验：当 x = 2 + √2 时，x-2 = √2 ≠ 0，x ≠ 0，分母不为零；当 x = 2 - √2 时，x-2 = -√2 ≠ 0，x ≠ 0，分母也不为零。所以原方程的解为 x = 2 + √2 和 x = 2 - √2。,pep-junior-s2-upper-polynomials-fractions,pep-junior-s2-upper-paper-algebraic-fractions,pep-junior-exam-coordinate-transformations,passed,needs-review,deepseek-original-v3-1200; pending-s18-manual-review
pep-junior-v3-s2-k07-sa-009,junior-rag-v3-1200,S2,upper,pep-junior-s2-upper-polynomials-fractions,整式乘法、因式分解与分式,short-answer,Core,先化简，再求值：\(\frac{a^2 - 4}{a^2 - 4a + 4} \div \frac{a + 2}{a - 2}\)，其中 a = 2023。请写出化简步骤和代入结果。,,化简得 1，代入 a = 2023 后值为 1。,化简得 1，代入 a = 2023 后值为 1。 | 1 | 化简得 1，值为 1,原式 = \(\frac{a^2 - 4}{a^2 - 4a + 4} \cdot \frac{a - 2}{a + 2}\)。分子 a^2 - 4 = (a+2)(a-2)，分母 a^2 - 4a + 4 = (a-2)^2。所以原式 = \(\frac{(a+2)(a-2)}{(a-2)^2} \cdot \frac{a-2}{a+2} = \frac{a+2}{a-2} \cdot \frac{a-2}{a+2} = 1\)。注意 a ≠ 2 且 a ≠ -2，而 a = 2023 满足条件，所以代入后值为 1。,pep-junior-s2-upper-polynomials-fractions,pep-junior-s2-upper-paper-integrated-review,pep-junior-exam-applied-modeling-finance-rate,passed,needs-review,deepseek-original-v3-1200; pending-s18-manual-review
pep-junior-v3-s2-k07-sa-010,junior-rag-v3-1200,S2,upper,pep-junior-s2-upper-polynomials-fractions,整式乘法、因式分解与分式,short-answer,Core,已知长方形的面积为 (2x^2 + 5x - 3) 平方米，其中一边长为 (x + 3) 米，求另一边的长。请写出计算过程。,,另一边长为 (2x - 1) 米。,另一边长为 (2x - 1) 米。 | 2x - 1 | (2x - 1) 米 | 2x - 1 米,长方形面积 = 长 × 宽，所以另一边长 = 面积 ÷ 已知边长 = (2x^2 + 5x - 3) ÷ (x + 3)。对多项式 2x^2 + 5x - 3 进行因式分解：2x^2 + 5x - 3 = (2x - 1)(x + 3)。因此另一边长为 (2x - 1) 米。,pep-junior-s2-upper-polynomials-fractions,pep-junior-s2-upper-paper-triangle-angle-relations,pep-junior-exam-proof-calculation-integrated,passed,needs-review,deepseek-original-v3-1200; pending-s18-manual-review
pep-junior-v3-s2-k07-sa-011,junior-rag-v3-1200,S2,upper,pep-junior-s2-upper-polynomials-fractions,整式乘法、因式分解与分式,short-answer,Core,因式分解：x^4 - 16。请写出分解过程并指出最终结果。,,x^4 - 16 = (x^2 + 4)(x + 2)(x - 2)。,x^4 - 16 = (x^2 + 4)(x + 2)(x - 2)。 | (x^2 + 4)(x + 2)(x - 2) | x^4 - 16 = (x^2 + 4)(x + 2)(x - 2),x^4 - 16 可看作 (x^2)^2 - 4^2，先用平方差公式：x^4 - 16 = (x^2 + 4)(x^2 - 4)。其中 x^2 - 4 还可继续分解为 (x + 2)(x - 2)，而 x^2 + 4 在实数范围内不能再分解。所以最终结果为 x^4 - 16 = (x^2 + 4)(x + 2)(x - 2)。,pep-junior-s2-upper-polynomials-fractions,pep-junior-s2-upper-paper-congruence-proof,pep-junior-exam-polynomial-factorization-fractions,passed,needs-review,deepseek-original-v3-1200; pending-s18-manual-review
pep-junior-v3-s2-k07-sa-012,junior-rag-v3-1200,S2,upper,pep-junior-s2-upper-polynomials-fractions,整式乘法、因式分解与分式,short-answer,Core,计算：\(\frac{2x}{x^2 - 1} - \frac{1}{x - 1}\)。请写出通分和化简的过程。,,原式 = \(\frac{2x}{(x+1)(x-1)} - \frac{x+1}{(x+1)(x-1)} = \frac{2x - (x+1)}{(x+1)(x-1)} = \frac{x - 1}{(x+1)(x-1)} = \frac{1}{x+1}\)，其中 x ≠ ±1。,原式 = \(\frac{2x}{(x+1)(x-1)} - \frac{x+1}{(x+1)(x-1)} = \frac{2x - (x+1)}{(x+1)(x-1)} = \frac{x - 1}{(x+1)(x-1)} = \frac{1}{x+1}\)，其中 x ≠ ±1。 | \(\frac{1}{x+1}\)，x ≠ ±1 | \(\frac{1}{x+1}\) (x ≠ ±1) | 1/(x+1)，x ≠ ±1,分母 x^2 - 1 = (x+1)(x-1)，所以最简公分母为 (x+1)(x-1)。将第二个分式分子分母同乘 (x+1)：\(\frac{1}{x-1} = \frac{x+1}{(x+1)(x-1)}\)。原式 = \(\frac{2x}{(x+1)(x-1)} - \frac{x+1}{(x+1)(x-1)} = \frac{2x - (x+1)}{(x+1)(x-1)} = \frac{x - 1}{(x+1)(x-1)}\)。约去公因式 (x-1)，得 \(\frac{1}{x+1}\)。注意分母不能为零，所以 x ≠ 1 且 x ≠ -1，即 x ≠ ±1。,pep-junior-s2-upper-polynomials-fractions,pep-junior-s2-upper-paper-axis-symmetry-isosceles,pep-junior-exam-number-sense-real-numbers,passed,needs-review,deepseek-original-v3-1200; pending-s18-manual-review
pep-junior-v3-s2-k07-sa-013,junior-rag-v3-1200,S2,upper,pep-junior-s2-upper-polynomials-fractions,整式乘法、因式分解与分式,short-answer,Core,已知 a + b = 5，ab = 3，求 a^2 + b^2 的值。请写出推导过程。,,a^2 + b^2 = (a + b)^2 - 2ab = 5^2 - 2×3 = 25 - 6 = 19。,a^2 + b^2 = (a + b)^2 - 2ab = 5^2 - 2×3 = 25 - 6 = 19。 | 19 | a^2 + b^2 = 19,利用完全平方公式 (a + b)^2 = a^2 + 2ab + b^2，可得 a^2 + b^2 = (a + b)^2 - 2ab。将 a + b = 5，ab = 3 代入，得 a^2 + b^2 = 5^2 - 2×3 = 25 - 6 = 19。,pep-junior-s2-upper-polynomials-fractions,pep-junior-s2-upper-paper-polynomial-multiplication-factorization,pep-junior-exam-linear-equation-inequality-models,passed,needs-review,deepseek-original-v3-1200; pending-s18-manual-review
pep-junior-v3-s2-k07-sa-014,junior-rag-v3-1200,S2,upper,pep-junior-s2-upper-polynomials-fractions,整式乘法、因式分解与分式,short-answer,Core,因式分解：4x² - 9y²。,,(2x+3y)(2x-3y),(2x+3y)(2x-3y) | (2x-3y)(2x+3y),原式可看作 (2x)² - (3y)²，符合平方差公式 a² - b² = (a+b)(a-b)。这里 a = 2x，b = 3y，所以分解结果为 (2x+3y)(2x-3y)。,pep-junior-s2-upper-polynomials-fractions,pep-junior-s2-upper-paper-algebraic-fractions,pep-junior-exam-linear-functions-graphs,passed,needs-review,deepseek-original-v3-1200; pending-s18-manual-review
pep-junior-v3-s2-k07-sa-015,junior-rag-v3-1200,S2,upper,pep-junior-s2-upper-polynomials-fractions,整式乘法、因式分解与分式,short-answer,Core,计算：(a+2b)(a-3b)。,,a² - ab - 6b²,a² - ab - 6b² | a^2 - ab - 6b^2,利用多项式乘法法则，逐项相乘：a·a = a²，a·(-3b) = -3ab，2b·a = 2ab，2b·(-3b) = -6b²。合并同类项：-3ab + 2ab = -ab，所以结果为 a² - ab - 6b²。,pep-junior-s2-upper-polynomials-fractions,pep-junior-s2-upper-paper-integrated-review,pep-junior-exam-triangles-congruence-proof,passed,needs-review,deepseek-original-v3-1200; pending-s18-manual-review
pep-junior-v3-s2-k07-sa-016,junior-rag-v3-1200,S2,upper,pep-junior-s2-upper-polynomials-fractions,整式乘法、因式分解与分式,short-answer,Core,当 x = 3 时，求分式 (x² - 4) / (x + 2) 的值。,,1,1,先化简分式：分子 x² - 4 = (x+2)(x-2)，分母为 x+2，约去公因式 x+2（x ≠ -2），得 x - 2。将 x = 3 代入 x - 2，得 3 - 2 = 1。,pep-junior-s2-upper-polynomials-fractions,pep-junior-s2-upper-paper-triangle-angle-relations,pep-junior-exam-quadrilaterals-pythagorean,passed,needs-review,deepseek-original-v3-1200; pending-s18-manual-review
pep-junior-v3-s2-k07-sa-017,junior-rag-v3-1200,S2,upper,pep-junior-s2-upper-polynomials-fractions,整式乘法、因式分解与分式,short-answer,Core,解分式方程：1/(x-1) = 2/(x+1)。,,x=3,x=3 | x = 3,方程两边同乘最简公分母 (x-1)(x+1)，得 x+1 = 2(x-1)。去括号：x+1 = 2x - 2，移项得 1+2 = 2x - x，即 3 = x，所以 x=3。检验：当 x=3 时，分母 x-1=2≠0，x+1=4≠0，故 x=3 是原方程的解。,pep-junior-s2-upper-polynomials-fractions,pep-junior-s2-upper-paper-congruence-proof,pep-junior-exam-statistics-probability,passed,needs-review,deepseek-original-v3-1200; pending-s18-manual-review
pep-junior-v3-s2-k07-sa-018,junior-rag-v3-1200,S2,upper,pep-junior-s2-upper-polynomials-fractions,整式乘法、因式分解与分式,short-answer,Core,因式分解：3a³ - 6a² + 3a。,,3a(a-1)²,3a(a-1)² | 3a(a-1)^2,先提取公因式 3a，得 3a(a² - 2a + 1)。括号内是完全平方式，即 (a-1)²。所以原式 = 3a(a-1)²。,pep-junior-s2-upper-polynomials-fractions,pep-junior-s2-upper-paper-axis-symmetry-isosceles,pep-junior-exam-coordinate-transformations,passed,needs-review,deepseek-original-v3-1200; pending-s18-manual-review
pep-junior-v3-s2-k07-sa-019,junior-rag-v3-1200,S2,upper,pep-junior-s2-upper-polynomials-fractions,整式乘法、因式分解与分式,short-answer,Core,计算：(x-2)/(x+1) + 3/(x+1)。,,(x+1)/(x+1)=1（x≠-1）,(x+1)/(x+1)=1（x≠-1） | 1 | 1（x≠-1）,同分母分式相加，分母不变，分子相加：(x-2)+3 = x+1。所以原式 = (x+1)/(x+1)。约分得 1，但需注明 x ≠ -1，否则分母为零。故答案为 1（x≠-1）。,pep-junior-s2-upper-polynomials-fractions,pep-junior-s2-upper-paper-polynomial-multiplication-factorization,pep-junior-exam-applied-modeling-finance-rate,passed,needs-review,deepseek-original-v3-1200; pending-s18-manual-review
pep-junior-v3-s2-k07-sa-020,junior-rag-v3-1200,S2,upper,pep-junior-s2-upper-polynomials-fractions,整式乘法、因式分解与分式,short-answer,Core,先化简，再求值：(a² - 1)/(a² + 2a + 1)，其中 a = 2。,,1/3,1/3 | 三分之一,分子 a² - 1 = (a+1)(a-1)，分母 a² + 2a + 1 = (a+1)²。约去公因式 (a+1)（a ≠ -1），得 (a-1)/(a+1)。将 a = 2 代入，得 (2-1)/(2+1) = 1/3。,pep-junior-s2-upper-polynomials-fractions,pep-junior-s2-upper-paper-algebraic-fractions,pep-junior-exam-proof-calculation-integrated,passed,needs-review,deepseek-original-v3-1200; pending-s18-manual-review
pep-junior-v3-s2-k07-sa-021,junior-rag-v3-1200,S2,upper,pep-junior-s2-upper-polynomials-fractions,整式乘法、因式分解与分式,short-answer,Core,已知 a + b = 5，ab = 6，求 a²b + ab² 的值。,,30,30,a²b + ab² 提取公因式 ab，得 ab(a + b)。代入 ab = 6，a + b = 5，则原式 = 6 × 5 = 30。,pep-junior-s2-upper-polynomials-fractions,pep-junior-s2-upper-paper-integrated-review,pep-junior-exam-polynomial-factorization-fractions,passed,needs-review,deepseek-original-v3-1200; pending-s18-manual-review
pep-junior-v3-s2-k07-sa-022,junior-rag-v3-1200,S2,upper,pep-junior-s2-upper-polynomials-fractions,整式乘法、因式分解与分式,short-answer,Core,若分式 (x² - 9)/(x - 3) 的值为 0，求 x 的值。,,x=-3,x=-3 | x = -3,分式值为 0 的条件是分子为 0 且分母不为 0。分子 x² - 9 = 0，即 (x+3)(x-3)=0，得 x = 3 或 x = -3。分母 x - 3 ≠ 0，即 x ≠ 3。所以只能取 x = -3。,pep-junior-s2-upper-polynomials-fractions,pep-junior-s2-upper-paper-triangle-angle-relations,pep-junior-exam-number-sense-real-numbers,passed,needs-review,deepseek-original-v3-1200; pending-s18-manual-review
pep-junior-v3-s2-k07-sa-023,junior-rag-v3-1200,S2,upper,pep-junior-s2-upper-polynomials-fractions,整式乘法、因式分解与分式,short-answer,Core,计算：(2a²b)² ÷ (4a³b)。,,ab,ab,先算乘方：(2a²b)² = 4a⁴b²。再除以 4a³b：4a⁴b² ÷ 4a³b = a^(4-3) b^(2-1) = a¹b¹ = ab。,pep-junior-s2-upper-polynomials-fractions,pep-junior-s2-upper-paper-congruence-proof,pep-junior-exam-linear-equation-inequality-models,passed,needs-review,deepseek-original-v3-1200; pending-s18-manual-review
pep-junior-v3-s2-k07-sa-024,junior-rag-v3-1200,S2,upper,pep-junior-s2-upper-polynomials-fractions,整式乘法、因式分解与分式,short-answer,Core,计算：(3x - 2y)(2x + 5y)。,,6x^2 + 11xy - 10y^2,6x^2 + 11xy - 10y^2 | 6x² + 11xy - 10y²,利用多项式乘法法则： (3x - 2y)(2x + 5y) = 3x·2x + 3x·5y - 2y·2x - 2y·5y = 6x^2 + 15xy - 4xy - 10y^2 = 6x^2 + 11xy - 10y^2。,pep-junior-s2-upper-polynomials-fractions,pep-junior-s2-upper-paper-axis-symmetry-isosceles,pep-junior-exam-linear-functions-graphs,passed,needs-review,deepseek-original-v3-1200; pending-s18-manual-review
pep-junior-v3-s2-k07-sa-025,junior-rag-v3-1200,S2,upper,pep-junior-s2-upper-polynomials-fractions,整式乘法、因式分解与分式,short-answer,Core,因式分解：4a^2 - 20a + 25。,,(2a - 5)^2,(2a - 5)^2 | (2a-5)^2 | (2a-5)² | (2a - 5)²,观察多项式为完全平方式：首项 (2a)^2，末项 5^2，中间项 -2·2a·5 = -20a，符合 (A - B)^2 = A^2 - 2AB + B^2，所以 4a^2 - 20a + 25 = (2a - 5)^2。,pep-junior-s2-upper-polynomials-fractions,pep-junior-s2-upper-paper-polynomial-multiplication-factorization,pep-junior-exam-triangles-congruence-proof,passed,needs-review,deepseek-original-v3-1200; pending-s18-manual-review
pep-junior-v3-s2-k07-sa-026,junior-rag-v3-1200,S2,upper,pep-junior-s2-upper-polynomials-fractions,整式乘法、因式分解与分式,short-answer,Core,化简分式：\frac{3x^2 - 12}{2x + 4}。,,\frac{3(x - 2)}{2},\frac{3(x - 2)}{2} | \frac{3x-6}{2} | \frac{3(x-2)}{2} | 3(x-2)/2,分子提取公因式3：3(x^2 - 4) = 3(x - 2)(x + 2)；分母提取公因式2：2(x + 2)。约去公因式 (x + 2)（注意 x ≠ -2），得 \frac{3(x - 2)}{2}。,pep-junior-s2-upper-polynomials-fractions,pep-junior-s2-upper-paper-algebraic-fractions,pep-junior-exam-quadrilaterals-pythagorean,passed,needs-review,deepseek-original-v3-1200; pending-s18-manual-review
pep-junior-v3-s2-k07-sa-027,junior-rag-v3-1200,S2,upper,pep-junior-s2-upper-polynomials-fractions,整式乘法、因式分解与分式,short-answer,Core,先化简，再求值：(x + 3)(x - 3) - (x - 1)^2，其中 x = -2。,,-14,-14,化简：原式 = (x^2 - 9) - (x^2 - 2x + 1) = x^2 - 9 - x^2 + 2x - 1 = 2x - 10。当 x = -2 时，2×(-2) - 10 = -4 - 10 = -14。,pep-junior-s2-upper-polynomials-fractions,pep-junior-s2-upper-paper-integrated-review,pep-junior-exam-statistics-probability,passed,needs-review,deepseek-original-v3-1200; pending-s18-manual-review
pep-junior-v3-s2-k07-sa-028,junior-rag-v3-1200,S2,upper,pep-junior-s2-upper-polynomials-fractions,整式乘法、因式分解与分式,short-answer,Core,已知一个三角形的三个内角度数之比为 2:3:4，求最大内角的度数。,,80°,80° | 80度 | 80,"设三个内角分别为 2k, 3k, 4k，由三角形内角和定理得 2k + 3k + 4k = 180°，即 9k = 180°，k = 20°。最大角为 4k = 80°。",pep-junior-s2-upper-polynomials-fractions,pep-junior-s2-upper-paper-triangle-angle-relations,pep-junior-exam-coordinate-transformations,passed,needs-review,deepseek-original-v3-1200; pending-s18-manual-review
pep-junior-v3-s2-k07-sa-029,junior-rag-v3-1200,S2,upper,pep-junior-s2-upper-polynomials-fractions,整式乘法、因式分解与分式,short-answer,Core,在 △ABC 中，AB = AC，D 为 BC 中点。求证：△ABD ≌ △ACD。,,证明：∵ AB = AC（已知），D 为 BC 中点，∴ BD = CD。在 △ABD 和 △ACD 中，AB = AC，BD = CD，AD = AD（公共边），∴ △ABD ≌ △ACD（SSS）。,证明：∵ AB = AC（已知），D 为 BC 中点，∴ BD = CD。在 △ABD 和 △ACD 中，AB = AC，BD = CD，AD = AD（公共边），∴ △ABD ≌ △ACD（SSS）。,根据等腰三角形性质及中点定义，得到三边对应相等，利用 SSS 判定全等。,pep-junior-s2-upper-polynomials-fractions,pep-junior-s2-upper-paper-congruence-proof,pep-junior-exam-applied-modeling-finance-rate,passed,needs-review,deepseek-original-v3-1200; pending-s18-manual-review
pep-junior-v3-s2-k07-sa-030,junior-rag-v3-1200,S2,upper,pep-junior-s2-upper-polynomials-fractions,整式乘法、因式分解与分式,short-answer,Core,"在平面直角坐标系中，点 A 的坐标为 (3, -2)，点 B 与点 A 关于 x 轴对称。求点 B 的坐标。",,"(3, 2)","(3, 2) | (3,2)","关于 x 轴对称的点横坐标相同，纵坐标互为相反数，所以点 B 的坐标为 (3, 2)。",pep-junior-s2-upper-polynomials-fractions,pep-junior-s2-upper-paper-axis-symmetry-isosceles,pep-junior-exam-proof-calculation-integrated,passed,needs-review,deepseek-original-v3-1200; pending-s18-manual-review
pep-junior-v3-s2-k07-sa-031,junior-rag-v3-1200,S2,upper,pep-junior-s2-upper-polynomials-fractions,整式乘法、因式分解与分式,short-answer,Core,计算：(a + 2b)^2 - (a - 2b)^2。,,8ab,8ab,利用平方差公式：原式 = [(a + 2b) + (a - 2b)][(a + 2b) - (a - 2b)] = (2a)(4b) = 8ab。,pep-junior-s2-upper-polynomials-fractions,pep-junior-s2-upper-paper-polynomial-multiplication-factorization,pep-junior-exam-polynomial-factorization-fractions,passed,needs-review,deepseek-original-v3-1200; pending-s18-manual-review
pep-junior-v3-s2-k07-sa-032,junior-rag-v3-1200,S2,upper,pep-junior-s2-upper-polynomials-fractions,整式乘法、因式分解与分式,short-answer,Core,解分式方程：\frac{1}{x - 2} = \frac{3}{x}。,,x = 3,x = 3 | x=3 | 3,方程两边同乘 x(x - 2)，得 x = 3(x - 2)，即 x = 3x - 6，解得 x = 3。检验：当 x = 3 时，分母 x - 2 ≠ 0 且 x ≠ 0，所以 x = 3 是原方程的解。,pep-junior-s2-upper-polynomials-fractions,pep-junior-s2-upper-paper-algebraic-fractions,pep-junior-exam-number-sense-real-numbers,passed,needs-review,deepseek-original-v3-1200; pending-s18-manual-review
pep-junior-v3-s2-k07-sa-033,junior-rag-v3-1200,S2,upper,pep-junior-s2-upper-polynomials-fractions,整式乘法、因式分解与分式,short-answer,Core,已知 a + b = 5，ab = 6，求 a^2 + b^2 的值。,,13,13,由完全平方公式变形：a^2 + b^2 = (a + b)^2 - 2ab = 5^2 - 2×6 = 25 - 12 = 13。,pep-junior-s2-upper-polynomials-fractions,pep-junior-s2-upper-paper-integrated-review,pep-junior-exam-linear-equation-inequality-models,passed,needs-review,deepseek-original-v3-1200; pending-s18-manual-review
pep-junior-v3-s2-k08-mc-001,junior-rag-v3-1200,S2,lower,pep-junior-s2-lower-roots-pythagorean-quadrilaterals,二次根式、勾股定理与平行四边形,multiple-choice,Core,直角三角形的两条直角边长分别为5 cm和12 cm，斜边上的高是多少厘米？,13 cm | 60/13 cm | 30/13 cm | 17 cm,60/13 cm,60/13 cm | 60/13 | 4.615 cm | 4.62 cm,先由勾股定理求出斜边长：√(5²+12²)=13 cm。直角三角形面积可用两条直角边计算：1/2×5×12=30 cm²，也可用斜边和斜边上的高计算：1/2×13×h。由面积相等得1/2×13×h=30，解得h=60/13 cm。因此答案为60/13 cm。,pep-junior-s2-lower-roots-pythagorean-quadrilaterals,pep-junior-s2-lower-paper-pythagorean-theorem,pep-junior-exam-quadrilaterals-pythagorean,passed,needs-review,deepseek-original-v3-1200; pending-s18-manual-review
pep-junior-v3-s2-k08-mc-002,junior-rag-v3-1200,S2,lower,pep-junior-s2-lower-roots-pythagorean-quadrilaterals,二次根式、勾股定理与平行四边形,multiple-choice,Core,在平行四边形ABCD中，已知∠A=70°，则∠C的度数是多少？,70° | 110° | 20° | 140°,70°,70° | 70 | 70度,根据平行四边形的性质，对角相等。∠A和∠C是对角，所以∠C=∠A=70°。因此答案为70°。,pep-junior-s2-lower-roots-pythagorean-quadrilaterals,pep-junior-s2-lower-paper-quadrilaterals,pep-junior-exam-number-sense-real-numbers,passed,needs-review,deepseek-original-v3-1200; pending-s18-manual-review
pep-junior-v3-s2-k08-mc-003,junior-rag-v3-1200,S2,lower,pep-junior-s2-lower-roots-pythagorean-quadrilaterals,二次根式、勾股定理与平行四边形,multiple-choice,Core,下列二次根式中，与√3是同类二次根式的是哪一个？,√12 | √18 | √27 | √24,√27,√27 | 根号27,同类二次根式是指化简后被开方数相同的二次根式。化简各选项：√12=2√3，√18=3√2，√27=3√3，√24=2√6。其中√27化简后为3√3，与√3的被开方数相同，所以是同类二次根式。因此答案为√27。,pep-junior-s2-lower-roots-pythagorean-quadrilaterals,pep-junior-s2-lower-paper-quadratic-radicals,pep-junior-exam-linear-equation-inequality-models,passed,needs-review,deepseek-original-v3-1200; pending-s18-manual-review
pep-junior-v3-s2-k08-mc-004,junior-rag-v3-1200,S2,lower,pep-junior-s2-lower-roots-pythagorean-quadrilaterals,二次根式、勾股定理与平行四边形,multiple-choice,Core,若√(x-3)是二次根式，则x的取值范围是？,x>3 | x≥3 | x<3 | x≤3,x≥3,x≥3 | x大于等于3,二次根式√(x-3)有意义的条件是被开方数x-3≥0，解得x≥3。因此答案为x≥3。,pep-junior-s2-lower-roots-pythagorean-quadrilaterals,pep-junior-s2-lower-paper-integrated-review,pep-junior-exam-polynomial-factorization-fractions,passed,needs-review,deepseek-original-v3-1200; pending-s18-manual-review
pep-junior-v3-s2-k08-mc-005,junior-rag-v3-1200,S2,lower,pep-junior-s2-lower-roots-pythagorean-quadrilaterals,二次根式、勾股定理与平行四边形,multiple-choice,Core,一根旗杆在离地面6米处折断，旗杆顶部落在离旗杆底部8米处。旗杆原来有多高？,10米 | 12米 | 14米 | 16米,16米,16米 | 16 | 16m,折断部分与地面构成直角三角形，折断处到顶部为斜边。由勾股定理，斜边长=√(6²+8²)=10米。旗杆原高为折断部分长度加上未折断部分长度，即10+6=16米。因此答案为16米。,pep-junior-s2-lower-roots-pythagorean-quadrilaterals,pep-junior-s2-lower-paper-linear-functions,pep-junior-exam-linear-functions-graphs,passed,needs-review,deepseek-original-v3-1200; pending-s18-manual-review
pep-junior-v3-s2-k08-mc-006,junior-rag-v3-1200,S2,lower,pep-junior-s2-lower-roots-pythagorean-quadrilaterals,二次根式、勾股定理与平行四边形,multiple-choice,Core,某班7名同学的体重（单位：kg）分别为：45，48，50，50，52，55，56。这组数据的众数和中位数分别是多少？,50，50 | 50，52 | 50，51 | 52，50,50，50,50，50 | 50和50,众数是出现次数最多的数，50出现了两次，其他数各出现一次，所以众数为50。中位数是将数据从小到大排列后位于中间的数，数据已排序，共7个，第4个数是50，所以中位数为50。因此答案为50，50。,pep-junior-s2-lower-roots-pythagorean-quadrilaterals,pep-junior-s2-lower-paper-data-analysis,pep-junior-exam-triangles-congruence-proof,passed,needs-review,deepseek-original-v3-1200; pending-s18-manual-review
pep-junior-v3-s2-k08-mc-007,junior-rag-v3-1200,S2,lower,pep-junior-s2-lower-roots-pythagorean-quadrilaterals,二次根式、勾股定理与平行四边形,multiple-choice,Core,以下列各组数为边长，能构成直角三角形的是哪一组？,2，3，4 | 3，4，5 | 4，5，6 | 5，6，7,3，4，5,"3，4，5 | 3,4,5",根据勾股定理的逆定理，若两短边的平方和等于最长边的平方，则能构成直角三角形。选项A：2²+3²=13≠4²；选项B：3²+4²=25=5²，符合；选项C：4²+5²=41≠6²；选项D：5²+6²=61≠7²。因此答案为3，4，5。,pep-junior-s2-lower-roots-pythagorean-quadrilaterals,pep-junior-s2-lower-paper-pythagorean-theorem,pep-junior-exam-statistics-probability,passed,needs-review,deepseek-original-v3-1200; pending-s18-manual-review
pep-junior-v3-s2-k08-mc-008,junior-rag-v3-1200,S2,lower,pep-junior-s2-lower-roots-pythagorean-quadrilaterals,二次根式、勾股定理与平行四边形,multiple-choice,Core,矩形具有而一般平行四边形不一定具有的性质是？,对边平行且相等 | 对角线互相平分 | 对角线相等 | 对角相等,对角线相等,对角线相等 | 对角线相等。,矩形是特殊的平行四边形，除了具有平行四边形的所有性质外，还具有对角线相等的性质。一般平行四边形的对角线不一定相等。因此答案为对角线相等。,pep-junior-s2-lower-roots-pythagorean-quadrilaterals,pep-junior-s2-lower-paper-quadrilaterals,pep-junior-exam-coordinate-transformations,passed,needs-review,deepseek-original-v3-1200; pending-s18-manual-review
pep-junior-v3-s2-k08-mc-009,junior-rag-v3-1200,S2,lower,pep-junior-s2-lower-roots-pythagorean-quadrilaterals,二次根式、勾股定理与平行四边形,multiple-choice,Core,计算√8+√18的结果是？,√26 | 5√2 | 13√2 | 2√5,5√2,5√2 | 5根号2,先化简各二次根式：√8=2√2，√18=3√2。合并同类二次根式：2√2+3√2=5√2。因此答案为5√2。,pep-junior-s2-lower-roots-pythagorean-quadrilaterals,pep-junior-s2-lower-paper-quadratic-radicals,pep-junior-exam-applied-modeling-finance-rate,passed,needs-review,deepseek-original-v3-1200; pending-s18-manual-review
pep-junior-v3-s2-k08-mc-010,junior-rag-v3-1200,S2,lower,pep-junior-s2-lower-roots-pythagorean-quadrilaterals,二次根式、勾股定理与平行四边形,multiple-choice,Core,在菱形ABCD中，对角线AC=6 cm，BD=8 cm，则菱形的边长是多少厘米？,5 cm | 10 cm | 14 cm | 48 cm,5 cm,5 cm | 5 | 5厘米,菱形的对角线互相垂直且平分，因此对角线的一半分别为3 cm和4 cm。菱形的边长是直角三角形的斜边，由勾股定理得边长=√(3²+4²)=5 cm。因此答案为5 cm。,pep-junior-s2-lower-roots-pythagorean-quadrilaterals,pep-junior-s2-lower-paper-integrated-review,pep-junior-exam-proof-calculation-integrated,passed,needs-review,deepseek-original-v3-1200; pending-s18-manual-review
pep-junior-v3-s2-k08-mc-011,junior-rag-v3-1200,S2,lower,pep-junior-s2-lower-roots-pythagorean-quadrilaterals,二次根式、勾股定理与平行四边形,multiple-choice,Core,已知直角三角形的两条直角边分别为 6 cm 和 8 cm，则斜边长为（　）,9 cm | 10 cm | 11 cm | 12 cm,10 cm,10 cm | 10,根据勾股定理，斜边长 c = √(6² + 8²) = √(36 + 64) = √100 = 10 cm，所以答案是 10 cm。,pep-junior-s2-lower-roots-pythagorean-quadrilaterals,pep-junior-s2-lower-paper-linear-functions,pep-junior-exam-quadrilaterals-pythagorean,passed,needs-review,deepseek-original-v3-1200; pending-s18-manual-review
pep-junior-v3-s2-k08-mc-012,junior-rag-v3-1200,S2,lower,pep-junior-s2-lower-roots-pythagorean-quadrilaterals,二次根式、勾股定理与平行四边形,multiple-choice,Core,下列二次根式中，属于最简二次根式的是（　）,√8 | √12 | √15 | √20,√15,√15 | 根号15,√8 = 2√2，√12 = 2√3，√20 = 2√5，都不是最简二次根式；√15 的被开方数 15 不含能开得尽方的因数，所以 √15 是最简二次根式。,pep-junior-s2-lower-roots-pythagorean-quadrilaterals,pep-junior-s2-lower-paper-data-analysis,pep-junior-exam-number-sense-real-numbers,passed,needs-review,deepseek-original-v3-1200; pending-s18-manual-review
pep-junior-v3-s2-k08-mc-013,junior-rag-v3-1200,S2,lower,pep-junior-s2-lower-roots-pythagorean-quadrilaterals,二次根式、勾股定理与平行四边形,multiple-choice,Core,在平行四边形 ABCD 中，∠A = 50°，则 ∠C 的度数为（　）,40° | 50° | 130° | 150°,50°,50° | 50,平行四边形的对角相等，∠A 和 ∠C 是对角，所以 ∠C = ∠A = 50°，答案是 50°。,pep-junior-s2-lower-roots-pythagorean-quadrilaterals,pep-junior-s2-lower-paper-pythagorean-theorem,pep-junior-exam-linear-equation-inequality-models,passed,needs-review,deepseek-original-v3-1200; pending-s18-manual-review
pep-junior-v3-s2-k08-mc-014,junior-rag-v3-1200,S2,lower,pep-junior-s2-lower-roots-pythagorean-quadrilaterals,二次根式、勾股定理与平行四边形,multiple-choice,Core,若 √(x - 3) 在实数范围内有意义，则 x 的取值范围是（　）,x > 3 | x ≥ 3 | x < 3 | x ≤ 3,x ≥ 3,x ≥ 3 | x>=3,二次根式有意义的条件是被开方数非负，即 x - 3 ≥ 0，解得 x ≥ 3，所以答案是 x ≥ 3。,pep-junior-s2-lower-roots-pythagorean-quadrilaterals,pep-junior-s2-lower-paper-quadrilaterals,pep-junior-exam-polynomial-factorization-fractions,passed,needs-review,deepseek-original-v3-1200; pending-s18-manual-review
pep-junior-v3-s2-k08-mc-015,junior-rag-v3-1200,S2,lower,pep-junior-s2-lower-roots-pythagorean-quadrilaterals,二次根式、勾股定理与平行四边形,multiple-choice,Core,下列各组数中，能作为直角三角形三边长的是（　）,"1, 2, 3 | 2, 3, 4 | 3, 4, 5 | 4, 5, 6","3, 4, 5","3, 4, 5 | 3，4，5","根据勾股定理的逆定理，若两短边的平方和等于最长边的平方，则构成直角三角形。3² + 4² = 9 + 16 = 25 = 5²，所以 3, 4, 5 能作为直角三角形三边长。",pep-junior-s2-lower-roots-pythagorean-quadrilaterals,pep-junior-s2-lower-paper-quadratic-radicals,pep-junior-exam-linear-functions-graphs,passed,needs-review,deepseek-original-v3-1200; pending-s18-manual-review
pep-junior-v3-s2-k08-mc-016,junior-rag-v3-1200,S2,lower,pep-junior-s2-lower-roots-pythagorean-quadrilaterals,二次根式、勾股定理与平行四边形,multiple-choice,Core,矩形具有而一般平行四边形不一定具有的性质是（　）,对边平行 | 对角相等 | 对角线相等 | 对角线互相平分,对角线相等,对角线相等,矩形的对角线相等，但一般平行四边形的对角线不一定相等；对边平行、对角相等、对角线互相平分都是平行四边形的共同性质。所以答案是 对角线相等。,pep-junior-s2-lower-roots-pythagorean-quadrilaterals,pep-junior-s2-lower-paper-integrated-review,pep-junior-exam-triangles-congruence-proof,passed,needs-review,deepseek-original-v3-1200; pending-s18-manual-review
pep-junior-v3-s2-k08-mc-017,junior-rag-v3-1200,S2,lower,pep-junior-s2-lower-roots-pythagorean-quadrilaterals,二次根式、勾股定理与平行四边形,multiple-choice,Core,计算 √12 + √27 的结果是（　）,√39 | 5√3 | 7√3 | √75,5√3,5√3 | 5根号3,√12 = 2√3，√27 = 3√3，所以 √12 + √27 = 2√3 + 3√3 = 5√3，答案是 5√3。,pep-junior-s2-lower-roots-pythagorean-quadrilaterals,pep-junior-s2-lower-paper-linear-functions,pep-junior-exam-statistics-probability,passed,needs-review,deepseek-original-v3-1200; pending-s18-manual-review
pep-junior-v3-s2-k08-mc-018,junior-rag-v3-1200,S2,lower,pep-junior-s2-lower-roots-pythagorean-quadrilaterals,二次根式、勾股定理与平行四边形,multiple-choice,Core,在菱形 ABCD 中，对角线 AC = 6 cm，BD = 8 cm，则菱形 ABCD 的面积为（　）,14 cm² | 24 cm² | 28 cm² | 48 cm²,24 cm²,24 cm² | 24,菱形的面积等于对角线乘积的一半，即 S = (AC × BD) / 2 = (6 × 8) / 2 = 48 / 2 = 24 cm²，所以答案是 24 cm²。,pep-junior-s2-lower-roots-pythagorean-quadrilaterals,pep-junior-s2-lower-paper-data-analysis,pep-junior-exam-coordinate-transformations,passed,needs-review,deepseek-original-v3-1200; pending-s18-manual-review
pep-junior-v3-s2-k08-mc-019,junior-rag-v3-1200,S2,lower,pep-junior-s2-lower-roots-pythagorean-quadrilaterals,二次根式、勾股定理与平行四边形,multiple-choice,Core,一架长为 13 m 的梯子斜靠在竖直的墙上，梯子底端离墙 5 m，则梯子顶端离地面的高度为（　）,8 m | 10 m | 12 m | 14 m,12 m,12 m | 12,梯子、墙和地面构成直角三角形，梯子为斜边。设高度为 h，则 h² + 5² = 13²，h² = 169 - 25 = 144，h = 12 m，所以答案是 12 m。,pep-junior-s2-lower-roots-pythagorean-quadrilaterals,pep-junior-s2-lower-paper-pythagorean-theorem,pep-junior-exam-applied-modeling-finance-rate,passed,needs-review,deepseek-original-v3-1200; pending-s18-manual-review
pep-junior-v3-s2-k08-mc-020,junior-rag-v3-1200,S2,lower,pep-junior-s2-lower-roots-pythagorean-quadrilaterals,二次根式、勾股定理与平行四边形,multiple-choice,Core,顺次连接任意四边形各边中点所得的四边形一定是（　）,矩形 | 菱形 | 正方形 | 平行四边形,平行四边形,平行四边形,连接任意四边形各边中点，利用三角形中位线定理可证得对边平行且相等，因此所得四边形一定是平行四边形，答案是 平行四边形。,pep-junior-s2-lower-roots-pythagorean-quadrilaterals,pep-junior-s2-lower-paper-quadrilaterals,pep-junior-exam-proof-calculation-integrated,passed,needs-review,deepseek-original-v3-1200; pending-s18-manual-review
pep-junior-v3-s2-k08-mc-021,junior-rag-v3-1200,S2,lower,pep-junior-s2-lower-roots-pythagorean-quadrilaterals,二次根式、勾股定理与平行四边形,multiple-choice,Core,若二次根式√(2x-6)在实数范围内有意义，则x的取值范围是（　）,x≥3 | x>3 | x≤3 | x<3,x≥3,x≥3,二次根式√(a)有意义的条件是被开方数a≥0。这里a=2x-6，所以2x-6≥0，解得x≥3。因此答案为x≥3。,pep-junior-s2-lower-roots-pythagorean-quadrilaterals,pep-junior-s2-lower-paper-quadratic-radicals,pep-junior-exam-quadrilaterals-pythagorean,passed,needs-review,deepseek-original-v3-1200; pending-s18-manual-review
pep-junior-v3-s2-k08-mc-022,junior-rag-v3-1200,S2,lower,pep-junior-s2-lower-roots-pythagorean-quadrilaterals,二次根式、勾股定理与平行四边形,multiple-choice,Core,下列二次根式中，与√3是同类二次根式的是（　）,√6 | √12 | √18 | √24,√12,√12,同类二次根式是指化简后被开方数相同的二次根式。√12=2√3，与√3的被开方数都是3，所以它们是同类二次根式。其他选项化简后分别为√6、3√2、2√6，被开方数不是3。因此答案为√12。,pep-junior-s2-lower-roots-pythagorean-quadrilaterals,pep-junior-s2-lower-paper-integrated-review,pep-junior-exam-number-sense-real-numbers,passed,needs-review,deepseek-original-v3-1200; pending-s18-manual-review
pep-junior-v3-s2-k08-mc-023,junior-rag-v3-1200,S2,lower,pep-junior-s2-lower-roots-pythagorean-quadrilaterals,二次根式、勾股定理与平行四边形,multiple-choice,Core,在△ABC中，∠C=90°，AC=6，BC=8，则AB的长为（　）,10 | 2√7 | √14 | 14,10,10,在直角三角形中，由勾股定理得AB²=AC²+BC²。已知AC=6，BC=8，所以AB²=6²+8²=36+64=100，因此AB=√100=10。答案为10。,pep-junior-s2-lower-roots-pythagorean-quadrilaterals,pep-junior-s2-lower-paper-linear-functions,pep-junior-exam-linear-equation-inequality-models,passed,needs-review,deepseek-original-v3-1200; pending-s18-manual-review
pep-junior-v3-s2-k08-mc-024,junior-rag-v3-1200,S2,lower,pep-junior-s2-lower-roots-pythagorean-quadrilaterals,二次根式、勾股定理与平行四边形,multiple-choice,Core,下列长度的三条线段能组成直角三角形的是（　）,"2, 3, 4 | 3, 4, 5 | 4, 5, 6 | 5, 6, 7","3, 4, 5","3, 4, 5","判断三条线段能否组成直角三角形，需要验证是否满足勾股定理的逆定理，即最长边的平方是否等于另外两边的平方和。选项B中，3²+4²=9+16=25，5²=25，相等，所以能组成直角三角形。其他选项均不满足。答案为3, 4, 5。",pep-junior-s2-lower-roots-pythagorean-quadrilaterals,pep-junior-s2-lower-paper-data-analysis,pep-junior-exam-polynomial-factorization-fractions,passed,needs-review,deepseek-original-v3-1200; pending-s18-manual-review
pep-junior-v3-s2-k08-mc-025,junior-rag-v3-1200,S2,lower,pep-junior-s2-lower-roots-pythagorean-quadrilaterals,二次根式、勾股定理与平行四边形,multiple-choice,Core,在平行四边形ABCD中，∠B=130°，则∠D的度数为（ ）,50° | 130° | 40° | 100°,130°,130° | 130度,平行四边形的对角相等，∠D与∠B是对角，所以∠D=∠B=130°。,pep-junior-s2-lower-roots-pythagorean-quadrilaterals,pep-junior-s2-lower-paper-pythagorean-theorem,pep-junior-exam-linear-functions-graphs,passed,needs-review,deepseek-original-v3-1200; pending-s18-manual-review
pep-junior-v3-s2-k08-mc-026,junior-rag-v3-1200,S2,lower,pep-junior-s2-lower-roots-pythagorean-quadrilaterals,二次根式、勾股定理与平行四边形,multiple-choice,Core,在矩形ABCD中，对角线AC与BD相交于点O，若AC=10，则BO的长为（　）,5 | 10 | 2.5 | √10,5,5,矩形的对角线相等且互相平分，所以BO=BD/2=AC/2=10/2=5。因此答案为5。,pep-junior-s2-lower-roots-pythagorean-quadrilaterals,pep-junior-s2-lower-paper-quadrilaterals,pep-junior-exam-triangles-congruence-proof,passed,needs-review,deepseek-original-v3-1200; pending-s18-manual-review
pep-junior-v3-s2-k08-mc-027,junior-rag-v3-1200,S2,lower,pep-junior-s2-lower-roots-pythagorean-quadrilaterals,二次根式、勾股定理与平行四边形,multiple-choice,Core,菱形具有而矩形不一定具有的性质是（　）,对角线互相平分 | 对角线相等 | 四个角都是直角 | 对角线互相垂直,对角线互相垂直,对角线互相垂直,菱形的对角线互相垂直，而矩形的对角线不一定垂直。选项A是平行四边形共有的性质，选项B和C是矩形的性质，菱形不一定具备。因此答案为对角线互相垂直。,pep-junior-s2-lower-roots-pythagorean-quadrilaterals,pep-junior-s2-lower-paper-quadratic-radicals,pep-junior-exam-statistics-probability,passed,needs-review,deepseek-original-v3-1200; pending-s18-manual-review
pep-junior-v3-s2-k08-mc-028,junior-rag-v3-1200,S2,lower,pep-junior-s2-lower-roots-pythagorean-quadrilaterals,二次根式、勾股定理与平行四边形,multiple-choice,Core,下列条件中，能判定四边形ABCD是平行四边形的是（　）,AB∥CD，AD=BC | ∠A=∠B，∠C=∠D | AB=CD，AD∥BC | AB∥CD，AB=CD,AB∥CD，AB=CD,AB∥CD，AB=CD,一组对边平行且相等的四边形是平行四边形。选项D满足这个条件。选项A和C可能为等腰梯形，选项B可能为一般四边形。因此答案为AB∥CD，AB=CD。,pep-junior-s2-lower-roots-pythagorean-quadrilaterals,pep-junior-s2-lower-paper-integrated-review,pep-junior-exam-coordinate-transformations,passed,needs-review,deepseek-original-v3-1200; pending-s18-manual-review
pep-junior-v3-s2-k08-mc-029,junior-rag-v3-1200,S2,lower,pep-junior-s2-lower-roots-pythagorean-quadrilaterals,二次根式、勾股定理与平行四边形,multiple-choice,Core,若正方形的边长为2，则其对角线的长为（　）,2 | 2√2 | 4 | √2,2√2,2√2,正方形的对角线将正方形分成两个等腰直角三角形，对角线是斜边。由勾股定理得对角线长=√(2²+2²)=√8=2√2。因此答案为2√2。,pep-junior-s2-lower-roots-pythagorean-quadrilaterals,pep-junior-s2-lower-paper-linear-functions,pep-junior-exam-applied-modeling-finance-rate,passed,needs-review,deepseek-original-v3-1200; pending-s18-manual-review
pep-junior-v3-s2-k08-mc-030,junior-rag-v3-1200,S2,lower,pep-junior-s2-lower-roots-pythagorean-quadrilaterals,二次根式、勾股定理与平行四边形,multiple-choice,Core,某校八年级（1）班有40名学生，一次数学测验的成绩统计如下：100分有5人，90分有10人，80分有15人，70分有8人，60分有2人。则这次测验成绩的中位数是（　）,80分 | 85分 | 90分 | 75分,80分,80分,中位数是将数据从小到大排序后处于中间位置的数。总人数40为偶数，中位数是第20和第21个数据的平均数。成绩排序后，60分（2人）、70分（8人）、80分（15人）、90分（10人）、100分（5人）。第20和第21个数据都在80分这一组，所以中位数为80分。因此答案为80分。,pep-junior-s2-lower-roots-pythagorean-quadrilaterals,pep-junior-s2-lower-paper-data-analysis,pep-junior-exam-proof-calculation-integrated,passed,needs-review,deepseek-original-v3-1200; pending-s18-manual-review
pep-junior-v3-s2-k08-mc-031,junior-rag-v3-1200,S2,lower,pep-junior-s2-lower-roots-pythagorean-quadrilaterals,二次根式、勾股定理与平行四边形,multiple-choice,Core,在△ABC中，AB=9 cm，AC=12 cm，BC=15 cm。下列说法正确的是（ ）,△ABC是锐角三角形 | △ABC是直角三角形，且∠A=90° | △ABC是直角三角形，且∠B=90° | △ABC是直角三角形，且∠C=90°,△ABC是直角三角形，且∠A=90°,△ABC是直角三角形，且∠A=90°,因为AB²+AC²=9²+12²=81+144=225=15²=BC²，所以AB²+AC²=BC²，根据勾股定理的逆定理，△ABC是直角三角形，且∠A是直角，即∠A=90°。因此正确答案是△ABC是直角三角形，且∠A=90°。,pep-junior-s2-lower-roots-pythagorean-quadrilaterals,pep-junior-s2-lower-paper-pythagorean-theorem,pep-junior-exam-quadrilaterals-pythagorean,passed,needs-review,deepseek-original-v3-1200; pending-s18-manual-review
pep-junior-v3-s2-k08-mc-032,junior-rag-v3-1200,S2,lower,pep-junior-s2-lower-roots-pythagorean-quadrilaterals,二次根式、勾股定理与平行四边形,multiple-choice,Core,在平行四边形ABCD中，∠A比∠B大40°，则∠C的度数为（ ）,70° | 110° | 120° | 130°,110°,110°,在平行四边形ABCD中，邻角互补，即∠A+∠B=180°。又因为∠A比∠B大40°，设∠B=x°，则∠A=x°+40°，所以x+x+40=180，解得x=70，即∠B=70°，∠A=110°。平行四边形的对角相等，所以∠C=∠A=110°。因此正确答案是110°。,pep-junior-s2-lower-roots-pythagorean-quadrilaterals,pep-junior-s2-lower-paper-quadrilaterals,pep-junior-exam-number-sense-real-numbers,passed,needs-review,deepseek-original-v3-1200; pending-s18-manual-review
pep-junior-v3-s2-k08-mc-033,junior-rag-v3-1200,S2,lower,pep-junior-s2-lower-roots-pythagorean-quadrilaterals,二次根式、勾股定理与平行四边形,multiple-choice,Core,下列二次根式化简后与√3同类的是（ ）,√18 | √27 | √(2/3) | √0.3,√27,√27,同类二次根式是指化简后被开方数相同的二次根式。√18=3√2，被开方数是2；√27=3√3，被开方数是3；√(2/3)=√6/3，被开方数是6；√0.3=√(3/10)=√30/10，被开方数是30。只有√27化简后与√3的被开方数相同，都是3。因此正确答案是√27。,pep-junior-s2-lower-roots-pythagorean-quadrilaterals,pep-junior-s2-lower-paper-quadratic-radicals,pep-junior-exam-linear-equation-inequality-models,passed,needs-review,deepseek-original-v3-1200; pending-s18-manual-review
pep-junior-v3-s2-k08-fi-001,junior-rag-v3-1200,S2,lower,pep-junior-s2-lower-roots-pythagorean-quadrilaterals,二次根式、勾股定理与平行四边形,fill-in,Core,已知直角三角形的两条直角边长分别为5 cm和12 cm，则斜边上的高为______cm。,,60/13,60/13 | 4又8/13 | 4.615,由勾股定理得斜边长为√(5²+12²)=√169=13 cm。设斜边上的高为h，根据面积法，直角三角形的面积=1/2×5×12=30 cm²，也等于1/2×13×h，所以1/2×13×h=30，解得h=60/13 cm。因此答案为60/13。,pep-junior-s2-lower-roots-pythagorean-quadrilaterals,pep-junior-s2-lower-paper-pythagorean-theorem,pep-junior-exam-quadrilaterals-pythagorean,passed,needs-review,deepseek-original-v3-1200; pending-s18-manual-review
pep-junior-v3-s2-k08-fi-002,junior-rag-v3-1200,S2,lower,pep-junior-s2-lower-roots-pythagorean-quadrilaterals,二次根式、勾股定理与平行四边形,fill-in,Core,在平行四边形ABCD中，AB=8，AD=6，∠A=60°，则平行四边形ABCD的面积为______。,,24√3,24√3 | 24倍根号3,平行四边形的面积等于底乘以高。以AB为底，过点D作DE⊥AB于E，在Rt△ADE中，∠A=60°，AD=6，所以DE=AD·sin60°=6×√3/2=3√3。因此面积=AB·DE=8×3√3=24√3。故答案为24√3。,pep-junior-s2-lower-roots-pythagorean-quadrilaterals,pep-junior-s2-lower-paper-quadrilaterals,pep-junior-exam-number-sense-real-numbers,passed,needs-review,deepseek-original-v3-1200; pending-s18-manual-review
pep-junior-v3-s2-k08-fi-003,junior-rag-v3-1200,S2,lower,pep-junior-s2-lower-roots-pythagorean-quadrilaterals,二次根式、勾股定理与平行四边形,fill-in,Core,计算：(√48-√27)÷√3=______。,,1,1,先化简根式：√48=4√3，√27=3√3，所以原式=(4√3-3√3)÷√3=√3÷√3=1。因此答案为1。,pep-junior-s2-lower-roots-pythagorean-quadrilaterals,pep-junior-s2-lower-paper-quadratic-radicals,pep-junior-exam-linear-equation-inequality-models,passed,needs-review,deepseek-original-v3-1200; pending-s18-manual-review
pep-junior-v3-s2-k08-fi-004,junior-rag-v3-1200,S2,lower,pep-junior-s2-lower-roots-pythagorean-quadrilaterals,二次根式、勾股定理与平行四边形,fill-in,Core,若√(x-2)²=2-x，则x的取值范围是______。,,x≤2,x≤2 | x小于等于2,根据二次根式的性质，√(a²)=|a|，所以√(x-2)²=|x-2|。由已知|x-2|=2-x，即|x-2|=-(x-2)。根据绝对值的性质，当x-2≤0时，|x-2|=-(x-2)，所以x-2≤0，解得x≤2。因此答案为x≤2。,pep-junior-s2-lower-roots-pythagorean-quadrilaterals,pep-junior-s2-lower-paper-integrated-review,pep-junior-exam-polynomial-factorization-fractions,passed,needs-review,deepseek-original-v3-1200; pending-s18-manual-review
pep-junior-v3-s2-k08-fi-005,junior-rag-v3-1200,S2,lower,pep-junior-s2-lower-roots-pythagorean-quadrilaterals,二次根式、勾股定理与平行四边形,fill-in,Core,某地出租车收费标准如下：起步价8元（含2千米），超过2千米后每千米加收1.5元。若某人乘坐x千米（x>2），应付车费y元，则y关于x的函数解析式为______。,,y=1.5x+5,y=1.5x+5 | y=1.5x+5 (x>2),当x>2时，超过2千米的部分为(x-2)千米，费用为1.5(x-2)元，加上起步价8元，总费用y=8+1.5(x-2)=8+1.5x-3=1.5x+5。因此函数解析式为y=1.5x+5。,pep-junior-s2-lower-roots-pythagorean-quadrilaterals,pep-junior-s2-lower-paper-linear-functions,pep-junior-exam-linear-functions-graphs,passed,needs-review,deepseek-original-v3-1200; pending-s18-manual-review
pep-junior-v3-s2-k08-fi-006,junior-rag-v3-1200,S2,lower,pep-junior-s2-lower-roots-pythagorean-quadrilaterals,二次根式、勾股定理与平行四边形,fill-in,Core,一组数据：3，5，7，8，x，若这组数据的平均数为6，则这组数据的方差为______。,,3.2,3.2 | 16/5,由平均数为6得(3+5+7+8+x)/5=6，即23+x=30，解得x=7。数据为3，5，7，8，7。平均数=6，方差=[(3-6)²+(5-6)²+(7-6)²+(8-6)²+(7-6)²]/5=(9+1+1+4+1)/5=16/5=3.2。因此答案为3.2。,pep-junior-s2-lower-roots-pythagorean-quadrilaterals,pep-junior-s2-lower-paper-data-analysis,pep-junior-exam-triangles-congruence-proof,passed,needs-review,deepseek-original-v3-1200; pending-s18-manual-review
pep-junior-v3-s2-k08-fi-007,junior-rag-v3-1200,S2,lower,pep-junior-s2-lower-roots-pythagorean-quadrilaterals,二次根式、勾股定理与平行四边形,fill-in,Core,一根旗杆在离地面6米处折断，旗杆顶部落在离旗杆底部8米处，则旗杆折断前的高度为______米。,,16,16 | 16米,折断后旗杆与地面构成直角三角形，折断处离地面6米为一条直角边，旗杆顶部离旗杆底部8米为另一条直角边，折断部分为斜边，长度为√(6²+8²)=√100=10米。所以旗杆折断前的高度为6+10=16米。因此答案为16。,pep-junior-s2-lower-roots-pythagorean-quadrilaterals,pep-junior-s2-lower-paper-pythagorean-theorem,pep-junior-exam-statistics-probability,passed,needs-review,deepseek-original-v3-1200; pending-s18-manual-review
pep-junior-v3-s2-k08-fi-008,junior-rag-v3-1200,S2,lower,pep-junior-s2-lower-roots-pythagorean-quadrilaterals,二次根式、勾股定理与平行四边形,fill-in,Core,"在平面直角坐标系中，点A的坐标为(3,4)，点B的坐标为(7,1)。若将线段AB平移，使点A移到点A'(5,2)，则点B的对应点B'的坐标是______。",,"(9,-1)","(9,-1) | （9，-1） | 9,-1 | (9, -1)","由点A(3,4)平移到A'(5,2)，横坐标增加2，纵坐标减少2，所以平移规律为向右2个单位，向下2个单位。点B(7,1)按相同规律平移，横坐标7+2=9，纵坐标1-2=-1，故B'的坐标为(9,-1)。",pep-junior-s2-lower-roots-pythagorean-quadrilaterals,pep-junior-s2-lower-paper-quadrilaterals,pep-junior-exam-coordinate-transformations,passed,needs-review,deepseek-original-v3-1200; pending-s18-manual-review
pep-junior-v3-s2-k08-fi-009,junior-rag-v3-1200,S2,lower,pep-junior-s2-lower-roots-pythagorean-quadrilaterals,二次根式、勾股定理与平行四边形,fill-in,Core,某市出租车收费标准为：起步价8元（含3千米），超过3千米后每千米加收1.6元。小明乘坐出租车行驶了x千米（x>3），他应付车费y元。则y关于x的函数关系式为______。,,y=1.6x+3.2,y=1.6x+3.2 | y=1.6x+3.2（x>3） | y=1.6x+3.2(x>3) | y=1.6x+3.2 (x>3),当x>3时，超出部分为(x-3)千米，费用为1.6(x-3)元，加上起步价8元，总费用y=8+1.6(x-3)=8+1.6x-4.8=1.6x+3.2，所以关系式为y=1.6x+3.2。,pep-junior-s2-lower-roots-pythagorean-quadrilaterals,pep-junior-s2-lower-paper-quadratic-radicals,pep-junior-exam-applied-modeling-finance-rate,passed,needs-review,deepseek-original-v3-1200; pending-s18-manual-review
pep-junior-v3-s2-k08-fi-010,junior-rag-v3-1200,S2,lower,pep-junior-s2-lower-roots-pythagorean-quadrilaterals,二次根式、勾股定理与平行四边形,fill-in,Core,已知一个直角三角形的两条直角边长分别为5 cm和12 cm，则该直角三角形斜边上的高为______cm。,,60/13,60/13 | 4.61538461538 | 4又8/13 | 60/13 cm | 60/13cm,由勾股定理得斜边长为√(5²+12²)=13 cm。直角三角形面积可用两条直角边计算：S=1/2×5×12=30 cm²。也可用斜边和斜边上的高h计算：S=1/2×13×h。所以1/2×13×h=30，解得h=60/13 cm。,pep-junior-s2-lower-roots-pythagorean-quadrilaterals,pep-junior-s2-lower-paper-integrated-review,pep-junior-exam-proof-calculation-integrated,passed,needs-review,deepseek-original-v3-1200; pending-s18-manual-review
pep-junior-v3-s2-k08-fi-011,junior-rag-v3-1200,S2,lower,pep-junior-s2-lower-roots-pythagorean-quadrilaterals,二次根式、勾股定理与平行四边形,fill-in,Core,在平行四边形ABCD中，∠A=55°，则∠C的度数为______°。,,55,55 | 55° | 55度,根据平行四边形的性质，对角相等。∠A与∠C是对角，所以∠C=∠A=55°。,pep-junior-s2-lower-roots-pythagorean-quadrilaterals,pep-junior-s2-lower-paper-linear-functions,pep-junior-exam-quadrilaterals-pythagorean,passed,needs-review,deepseek-original-v3-1200; pending-s18-manual-review
pep-junior-v3-s2-k08-fi-012,junior-rag-v3-1200,S2,lower,pep-junior-s2-lower-roots-pythagorean-quadrilaterals,二次根式、勾股定理与平行四边形,fill-in,Core,某班7名同学的体重（单位：kg）分别为：43，45，48，50，50，52，55。这组数据的众数是______。,,50,50 | 50kg | 50 kg,众数是一组数据中出现次数最多的数据。在43，45，48，50，50，52，55中，50出现了2次，其他数据均出现1次，所以众数是50。,pep-junior-s2-lower-roots-pythagorean-quadrilaterals,pep-junior-s2-lower-paper-data-analysis,pep-junior-exam-number-sense-real-numbers,passed,needs-review,deepseek-original-v3-1200; pending-s18-manual-review
pep-junior-v3-s2-k08-fi-013,junior-rag-v3-1200,S2,lower,pep-junior-s2-lower-roots-pythagorean-quadrilaterals,二次根式、勾股定理与平行四边形,fill-in,Core,小明用一根长24 cm的细绳围成一个直角三角形，其中一条直角边长为6 cm，则另一条直角边长为______cm。,,8,8 | 8cm | 8 cm,"设另一条直角边长为x cm，则斜边长为(24-6-x)=(18-x) cm。由勾股定理得6²+x²=(18-x)²，即36+x²=324-36x+x²，化简得36x=288，解得x=8。经检验，三边长为6,8,10，满足勾股定理且周长为24，故另一条直角边长为8 cm。",pep-junior-s2-lower-roots-pythagorean-quadrilaterals,pep-junior-s2-lower-paper-pythagorean-theorem,pep-junior-exam-linear-equation-inequality-models,passed,needs-review,deepseek-original-v3-1200; pending-s18-manual-review
pep-junior-v3-s2-k08-fi-014,junior-rag-v3-1200,S2,lower,pep-junior-s2-lower-roots-pythagorean-quadrilaterals,二次根式、勾股定理与平行四边形,fill-in,Core,在矩形ABCD中，对角线AC与BD相交于点O。若AC=10 cm，则BO的长度为______cm。,,5,5 | 5cm | 5 cm,根据矩形的性质，对角线相等且互相平分。所以AC=BD=10 cm，且点O平分BD，因此BO=1/2 BD=5 cm。,pep-junior-s2-lower-roots-pythagorean-quadrilaterals,pep-junior-s2-lower-paper-quadrilaterals,pep-junior-exam-polynomial-factorization-fractions,passed,needs-review,deepseek-original-v3-1200; pending-s18-manual-review
pep-junior-v3-s2-k08-fi-015,junior-rag-v3-1200,S2,lower,pep-junior-s2-lower-roots-pythagorean-quadrilaterals,二次根式、勾股定理与平行四边形,fill-in,Core,若二次根式√(2x-5)有意义，则x的取值范围是______。,,x≥5/2,x≥5/2 | x≥2.5,二次根式有意义，要求被开方数非负，即2x-5≥0，解得x≥5/2。,pep-junior-s2-lower-roots-pythagorean-quadrilaterals,pep-junior-s2-lower-paper-quadratic-radicals,pep-junior-exam-linear-functions-graphs,passed,needs-review,deepseek-original-v3-1200; pending-s18-manual-review
pep-junior-v3-s2-k08-fi-016,junior-rag-v3-1200,S2,lower,pep-junior-s2-lower-roots-pythagorean-quadrilaterals,二次根式、勾股定理与平行四边形,fill-in,Core,计算：√18-√8+√(1/2)=______。,,3√2/2,3√2/2 | (3√2)/2 | 3/2√2 | 1.5√2,原式=3√2-2√2+√2/2=(3-2+1/2)√2=(3/2)√2=3√2/2。,pep-junior-s2-lower-roots-pythagorean-quadrilaterals,pep-junior-s2-lower-paper-integrated-review,pep-junior-exam-triangles-congruence-proof,passed,needs-review,deepseek-original-v3-1200; pending-s18-manual-review
pep-junior-v3-s2-k08-fi-017,junior-rag-v3-1200,S2,lower,pep-junior-s2-lower-roots-pythagorean-quadrilaterals,二次根式、勾股定理与平行四边形,fill-in,Core,"已知一次函数y=kx+b的图象经过点(2,5)和(-1,-1)，则k的值为______。",,2,2 | k=2,"将点(2,5)和(-1,-1)分别代入y=kx+b，得5=2k+b，-1=-k+b。两式相减得6=3k，解得k=2。",pep-junior-s2-lower-roots-pythagorean-quadrilaterals,pep-junior-s2-lower-paper-linear-functions,pep-junior-exam-statistics-probability,passed,needs-review,deepseek-original-v3-1200; pending-s18-manual-review
pep-junior-v3-s2-k08-fi-018,junior-rag-v3-1200,S2,lower,pep-junior-s2-lower-roots-pythagorean-quadrilaterals,二次根式、勾股定理与平行四边形,fill-in,Core,"在平面直角坐标系中，点A的坐标为(2, -3)，点B的坐标为(-1, 1)。将线段AB先向右平移4个单位，再向下平移2个单位，得到线段A'B'。则点A'的坐标为______。",,"(6, -5)","(6, -5) | 6, -5 | （6，-5）","点A(2, -3)向右平移4个单位，横坐标加4得6；向下平移2个单位，纵坐标减2得-5。因此点A'的坐标为(6, -5)。",pep-junior-s2-lower-roots-pythagorean-quadrilaterals,pep-junior-s2-lower-paper-data-analysis,pep-junior-exam-coordinate-transformations,passed,needs-review,deepseek-original-v3-1200; pending-s18-manual-review
pep-junior-v3-s2-k08-fi-019,junior-rag-v3-1200,S2,lower,pep-junior-s2-lower-roots-pythagorean-quadrilaterals,二次根式、勾股定理与平行四边形,fill-in,Core,某校八年级学生进行远足活动，从学校出发向东走了3 km，再向北走了4 km到达目的地。则学校与目的地之间的直线距离为______km。,,5,5 | 5 km | 5km,根据题意，向东和向北行走的路线构成直角三角形的两条直角边，长度分别为3 km和4 km。由勾股定理，斜边长为√(3²+4²)=√25=5 km。所以直线距离为5 km。,pep-junior-s2-lower-roots-pythagorean-quadrilaterals,pep-junior-s2-lower-paper-pythagorean-theorem,pep-junior-exam-applied-modeling-finance-rate,passed,needs-review,deepseek-original-v3-1200; pending-s18-manual-review
pep-junior-v3-s2-k08-fi-020,junior-rag-v3-1200,S2,lower,pep-junior-s2-lower-roots-pythagorean-quadrilaterals,二次根式、勾股定理与平行四边形,fill-in,Core,在平行四边形ABCD中，已知∠A = 70°，则∠C的度数为______°。,,70,70 | 70°,平行四边形的对角相等，所以∠C = ∠A = 70°。,pep-junior-s2-lower-roots-pythagorean-quadrilaterals,pep-junior-s2-lower-paper-quadrilaterals,pep-junior-exam-proof-calculation-integrated,passed,needs-review,deepseek-original-v3-1200; pending-s18-manual-review
pep-junior-v3-s2-k08-fi-021,junior-rag-v3-1200,S2,lower,pep-junior-s2-lower-roots-pythagorean-quadrilaterals,二次根式、勾股定理与平行四边形,fill-in,Core,化简二次根式√(48)的结果为______。,,4√3,4√3 | 4根号3 | 4倍根号3,√48 = √(16×3) = √16 × √3 = 4√3。,pep-junior-s2-lower-roots-pythagorean-quadrilaterals,pep-junior-s2-lower-paper-quadratic-radicals,pep-junior-exam-quadrilaterals-pythagorean,passed,needs-review,deepseek-original-v3-1200; pending-s18-manual-review
pep-junior-v3-s2-k08-fi-022,junior-rag-v3-1200,S2,lower,pep-junior-s2-lower-roots-pythagorean-quadrilaterals,二次根式、勾股定理与平行四边形,fill-in,Core,已知直角三角形的两条直角边长分别为5 cm和12 cm，则该直角三角形斜边上的高为______cm（结果用分数表示）。,,60/13,60/13 | 4又8/13 | 4 8/13,由勾股定理，斜边长为√(5²+12²)=13 cm。直角三角形斜边上的高等于两直角边的乘积除以斜边长，即(5×12)/13=60/13 cm。,pep-junior-s2-lower-roots-pythagorean-quadrilaterals,pep-junior-s2-lower-paper-integrated-review,pep-junior-exam-number-sense-real-numbers,passed,needs-review,deepseek-original-v3-1200; pending-s18-manual-review
pep-junior-v3-s2-k08-fi-023,junior-rag-v3-1200,S2,lower,pep-junior-s2-lower-roots-pythagorean-quadrilaterals,二次根式、勾股定理与平行四边形,fill-in,Core,某弹簧的长度y（cm）与所挂物体的质量x（kg）满足一次函数关系。当不挂物体时，弹簧长度为12 cm；挂上2 kg物体时，弹簧长度为16 cm。则y关于x的函数解析式为y = ______。,,2x + 12,2x + 12 | 2x+12 | 12+2x,设y = kx + b。由题意，当x=0时，y=12，得b=12。当x=2时，y=16，代入得16 = 2k + 12，解得k=2。所以解析式为y = 2x + 12。,pep-junior-s2-lower-roots-pythagorean-quadrilaterals,pep-junior-s2-lower-paper-linear-functions,pep-junior-exam-linear-equation-inequality-models,passed,needs-review,deepseek-original-v3-1200; pending-s18-manual-review
pep-junior-v3-s2-k08-fi-024,junior-rag-v3-1200,S2,lower,pep-junior-s2-lower-roots-pythagorean-quadrilaterals,二次根式、勾股定理与平行四边形,fill-in,Core,"某班6名同学的数学成绩（单位：分）分别为85, 90, 88, 92, 85, 80。这组数据的众数是______分。",,85,85 | 85分,数据中85出现了2次，其他分数均只出现1次，所以众数为85。,pep-junior-s2-lower-roots-pythagorean-quadrilaterals,pep-junior-s2-lower-paper-data-analysis,pep-junior-exam-polynomial-factorization-fractions,passed,needs-review,deepseek-original-v3-1200; pending-s18-manual-review
pep-junior-v3-s2-k08-fi-025,junior-rag-v3-1200,S2,lower,pep-junior-s2-lower-roots-pythagorean-quadrilaterals,二次根式、勾股定理与平行四边形,fill-in,Core,"已知三角形的三边长分别为6, 8, 10，则该三角形的面积为______。",,24,24 | 24平方单位,因为6²+8²=36+64=100=10²，所以该三角形是直角三角形，直角边为6和8。面积为(1/2)×6×8=24。,pep-junior-s2-lower-roots-pythagorean-quadrilaterals,pep-junior-s2-lower-paper-pythagorean-theorem,pep-junior-exam-linear-functions-graphs,passed,needs-review,deepseek-original-v3-1200; pending-s18-manual-review
pep-junior-v3-s2-k08-fi-026,junior-rag-v3-1200,S2,lower,pep-junior-s2-lower-roots-pythagorean-quadrilaterals,二次根式、勾股定理与平行四边形,fill-in,Core,在矩形ABCD中，对角线AC与BD相交于点O。若AB=6，BC=8，则AO的长度为______。,,5,5 | 5个单位,矩形对角线相等且互相平分。由勾股定理，AC=√(6²+8²)=10，所以AO=AC/2=5。,pep-junior-s2-lower-roots-pythagorean-quadrilaterals,pep-junior-s2-lower-paper-quadrilaterals,pep-junior-exam-triangles-congruence-proof,passed,needs-review,deepseek-original-v3-1200; pending-s18-manual-review
pep-junior-v3-s2-k08-fi-027,junior-rag-v3-1200,S2,lower,pep-junior-s2-lower-roots-pythagorean-quadrilaterals,二次根式、勾股定理与平行四边形,fill-in,Core,比较大小：2√3 ______ 3√2。（填“>”“<”或“=”）,,<,< | 小于,2√3 = √(4×3)=√12，3√2 = √(9×2)=√18。因为√12 < √18，所以2√3 < 3√2。,pep-junior-s2-lower-roots-pythagorean-quadrilaterals,pep-junior-s2-lower-paper-quadratic-radicals,pep-junior-exam-statistics-probability,passed,needs-review,deepseek-original-v3-1200; pending-s18-manual-review
pep-junior-v3-s2-k08-fi-028,junior-rag-v3-1200,S2,lower,pep-junior-s2-lower-roots-pythagorean-quadrilaterals,二次根式、勾股定理与平行四边形,fill-in,Core,"在平面直角坐标系中，点A的坐标为(2,3)，点B的坐标为(5,7)。将线段AB先向右平移4个单位，再向下平移2个单位，得到线段A'B'。则点A'的坐标为______。",,"(6,1)","(6,1) | （6，1） | 6,1","点A(2,3)向右平移4个单位，横坐标加4，变为2+4=6；向下平移2个单位，纵坐标减2，变为3-2=1。因此点A'的坐标为(6,1)。",pep-junior-s2-lower-roots-pythagorean-quadrilaterals,pep-junior-s2-lower-paper-integrated-review,pep-junior-exam-coordinate-transformations,passed,needs-review,deepseek-original-v3-1200; pending-s18-manual-review
pep-junior-v3-s2-k08-fi-029,junior-rag-v3-1200,S2,lower,pep-junior-s2-lower-roots-pythagorean-quadrilaterals,二次根式、勾股定理与平行四边形,fill-in,Core,某文具店推出两种笔记本销售方案：方案一，每本售价8元；方案二，购买会员卡需20元，之后每本售价5元。设购买x本笔记本（x为正整数），方案一的总费用为y1元，方案二的总费用为y2元。当x满足______时，方案二更省钱。,,x≥7,x≥7 | x>6,方案一费用y1=8x，方案二费用y2=20+5x。方案二更省钱即y2<y1，得20+5x<8x，20<3x，x>20/3≈6.67。由于x为正整数，所以x≥7时方案二更省钱。,pep-junior-s2-lower-roots-pythagorean-quadrilaterals,pep-junior-s2-lower-paper-linear-functions,pep-junior-exam-applied-modeling-finance-rate,passed,needs-review,deepseek-original-v3-1200; pending-s18-manual-review
pep-junior-v3-s2-k08-fi-030,junior-rag-v3-1200,S2,lower,pep-junior-s2-lower-roots-pythagorean-quadrilaterals,二次根式、勾股定理与平行四边形,fill-in,Core,已知一组数据：5，7，8，6，4，7，9，则这组数据的方差为______（结果保留两位小数）。,,2.53,2.53 | 2.53左右 | 约2.53,平均数=(5+7+8+6+4+7+9)/7=46/7≈6.5714。方差=[(5-6.5714)²+(7-6.5714)²+(8-6.5714)²+(6-6.5714)²+(4-6.5714)²+(7-6.5714)²+(9-6.5714)²]/7≈(2.4694+0.1837+2.0408+0.3265+6.6122+0.1837+5.8980)/7≈17.7143/7≈2.5306，保留两位小数得2.53。,pep-junior-s2-lower-roots-pythagorean-quadrilaterals,pep-junior-s2-lower-paper-data-analysis,pep-junior-exam-proof-calculation-integrated,passed,needs-review,deepseek-original-v3-1200; pending-s18-manual-review
pep-junior-v3-s2-k08-fi-031,junior-rag-v3-1200,S2,lower,pep-junior-s2-lower-roots-pythagorean-quadrilaterals,二次根式、勾股定理与平行四边形,fill-in,Core,若三角形的三边长分别为6，8，10，则该三角形最长边上的高为______。,,4.8,4.8 | 24/5 | 4又4/5,由于6²+8²=36+64=100=10²，三角形为直角三角形，最长边10为斜边。设斜边上的高为h，由面积相等得(1/2)×6×8=(1/2)×10×h，解得h=48/10=4.8。,pep-junior-s2-lower-roots-pythagorean-quadrilaterals,pep-junior-s2-lower-paper-pythagorean-theorem,pep-junior-exam-quadrilaterals-pythagorean,passed,needs-review,deepseek-original-v3-1200; pending-s18-manual-review
pep-junior-v3-s2-k08-fi-032,junior-rag-v3-1200,S2,lower,pep-junior-s2-lower-roots-pythagorean-quadrilaterals,二次根式、勾股定理与平行四边形,fill-in,Core,在平行四边形ABCD中，已知∠A=110°，则∠C的度数为______。,,110°,110° | 110 | 110度,平行四边形的对角相等，∠A与∠C是对角，所以∠C=∠A=110°。,pep-junior-s2-lower-roots-pythagorean-quadrilaterals,pep-junior-s2-lower-paper-quadrilaterals,pep-junior-exam-number-sense-real-numbers,passed,needs-review,deepseek-original-v3-1200; pending-s18-manual-review
pep-junior-v3-s2-k08-fi-033,junior-rag-v3-1200,S2,lower,pep-junior-s2-lower-roots-pythagorean-quadrilaterals,二次根式、勾股定理与平行四边形,fill-in,Core,化简二次根式√(48a²b³)（其中a>0，b>0）的结果为______。,,4ab√(3b),4ab√(3b) | 4ab√3b | 4ab*√(3b),√(48a²b³)=√(16×3×a²×b²×b)=√16×√a²×√b²×√(3b)=4×a×b×√(3b)=4ab√(3b)。,pep-junior-s2-lower-roots-pythagorean-quadrilaterals,pep-junior-s2-lower-paper-quadratic-radicals,pep-junior-exam-linear-equation-inequality-models,passed,needs-review,deepseek-original-v3-1200; pending-s18-manual-review
pep-junior-v3-s2-k08-fi-034,junior-rag-v3-1200,S2,lower,pep-junior-s2-lower-roots-pythagorean-quadrilaterals,二次根式、勾股定理与平行四边形,fill-in,Core,若分式(x²-4)/(x-2)的值为0，则x的值为______。,,-2,-2 | x=-2,分式值为0的条件是分子为0且分母不为0。分子x²-4=0解得x=2或x=-2。分母x-2≠0得x≠2。因此x=-2。,pep-junior-s2-lower-roots-pythagorean-quadrilaterals,pep-junior-s2-lower-paper-integrated-review,pep-junior-exam-polynomial-factorization-fractions,passed,needs-review,deepseek-original-v3-1200; pending-s18-manual-review
pep-junior-v3-s2-k08-sa-001,junior-rag-v3-1200,S2,lower,pep-junior-s2-lower-roots-pythagorean-quadrilaterals,二次根式、勾股定理与平行四边形,short-answer,Core,在△ABC中，AB=13，BC=14，AC=15。判断△ABC是否为直角三角形，并说明理由。,,不是直角三角形，因为13²+14²≠15²且13²+15²≠14²且14²+15²≠13²。,不是直角三角形，因为13²+14²≠15²且13²+15²≠14²且14²+15²≠13²。 | 不是直角三角形 | 不是 | 否,判断三角形是否为直角三角形，需验证最长边的平方是否等于其余两边的平方和。最长边为15，15²=225；13²+14²=169+196=365≠225，因此不是直角三角形。,pep-junior-s2-lower-roots-pythagorean-quadrilaterals,pep-junior-s2-lower-paper-pythagorean-theorem,pep-junior-exam-quadrilaterals-pythagorean,passed,needs-review,deepseek-original-v3-1200; pending-s18-manual-review
pep-junior-v3-s2-k08-sa-002,junior-rag-v3-1200,S2,lower,pep-junior-s2-lower-roots-pythagorean-quadrilaterals,二次根式、勾股定理与平行四边形,short-answer,Core,在平行四边形ABCD中，对角线AC与BD相交于点O。若AC=10，BD=12，且∠AOB=60°，求平行四边形ABCD的面积。,,30√3,30√3 | 30根号3 | 30√3平方单位,平行四边形对角线互相平分，故AO=5，BO=6。在△AOB中，∠AOB=60°，由面积公式S△AOB=(1/2)×AO×BO×sin60°=(1/2)×5×6×(√3/2)=15√3/2。平行四边形面积为4×S△AOB=4×(15√3/2)=30√3。,pep-junior-s2-lower-roots-pythagorean-quadrilaterals,pep-junior-s2-lower-paper-quadrilaterals,pep-junior-exam-number-sense-real-numbers,passed,needs-review,deepseek-original-v3-1200; pending-s18-manual-review
pep-junior-v3-s2-k08-sa-003,junior-rag-v3-1200,S2,lower,pep-junior-s2-lower-roots-pythagorean-quadrilaterals,二次根式、勾股定理与平行四边形,short-answer,Core,已知x=√3+1，求代数式x²-2x+3的值。,,5,5 | 5.0,x=√3+1，则x²=(√3+1)²=3+2√3+1=4+2√3。x²-2x+3=(4+2√3)-2(√3+1)+3=4+2√3-2√3-2+3=5。,pep-junior-s2-lower-roots-pythagorean-quadrilaterals,pep-junior-s2-lower-paper-quadratic-radicals,pep-junior-exam-linear-equation-inequality-models,passed,needs-review,deepseek-original-v3-1200; pending-s18-manual-review
pep-junior-v3-s2-k08-sa-004,junior-rag-v3-1200,S2,lower,pep-junior-s2-lower-roots-pythagorean-quadrilaterals,二次根式、勾股定理与平行四边形,short-answer,Core,已知直角三角形的两条直角边长分别为 5 cm 和 12 cm，求斜边长。,,13 cm,13 cm | 13cm | 13,由勾股定理，斜边长的平方等于两直角边长的平方和，即 5² + 12² = 25 + 144 = 169，所以斜边长为 √169 = 13 cm。,pep-junior-s2-lower-roots-pythagorean-quadrilaterals,pep-junior-s2-lower-paper-integrated-review,pep-junior-exam-polynomial-factorization-fractions,passed,needs-review,deepseek-original-v3-1200; pending-s18-manual-review
pep-junior-v3-s2-k08-sa-005,junior-rag-v3-1200,S2,lower,pep-junior-s2-lower-roots-pythagorean-quadrilaterals,二次根式、勾股定理与平行四边形,short-answer,Core,化简二次根式 √(48)。,,4√3,4√3 | 4根号3,√(48) = √(16×3) = √16 × √3 = 4√3。,pep-junior-s2-lower-roots-pythagorean-quadrilaterals,pep-junior-s2-lower-paper-linear-functions,pep-junior-exam-linear-functions-graphs,passed,needs-review,deepseek-original-v3-1200; pending-s18-manual-review
pep-junior-v3-s2-k08-sa-006,junior-rag-v3-1200,S2,lower,pep-junior-s2-lower-roots-pythagorean-quadrilaterals,二次根式、勾股定理与平行四边形,short-answer,Core,在平行四边形 ABCD 中，已知 ∠A = 70°，求 ∠C 的度数。,,70°,70° | 70度 | 70,平行四边形的对角相等，所以 ∠C = ∠A = 70°。,pep-junior-s2-lower-roots-pythagorean-quadrilaterals,pep-junior-s2-lower-paper-data-analysis,pep-junior-exam-triangles-congruence-proof,passed,needs-review,deepseek-original-v3-1200; pending-s18-manual-review
pep-junior-v3-s2-k08-sa-007,junior-rag-v3-1200,S2,lower,pep-junior-s2-lower-roots-pythagorean-quadrilaterals,二次根式、勾股定理与平行四边形,short-answer,Core,判断以 6、8、10 为边长的三角形是否为直角三角形。,,是,是 | 是直角三角形 | 直角三角形,因为 6² + 8² = 36 + 64 = 100 = 10²，满足勾股定理的逆定理，所以是直角三角形。,pep-junior-s2-lower-roots-pythagorean-quadrilaterals,pep-junior-s2-lower-paper-pythagorean-theorem,pep-junior-exam-statistics-probability,passed,needs-review,deepseek-original-v3-1200; pending-s18-manual-review
pep-junior-v3-s2-k08-sa-008,junior-rag-v3-1200,S2,lower,pep-junior-s2-lower-roots-pythagorean-quadrilaterals,二次根式、勾股定理与平行四边形,short-answer,Core,在矩形 ABCD 中，AB = 6 cm，BC = 8 cm，求对角线 AC 的长。,,10 cm,10 cm | 10cm | 10,矩形四个角都是直角，在直角三角形 ABC 中，AB = 6 cm，BC = 8 cm，由勾股定理得 AC = √(6² + 8²) = √(36 + 64) = √100 = 10 cm。,pep-junior-s2-lower-roots-pythagorean-quadrilaterals,pep-junior-s2-lower-paper-quadrilaterals,pep-junior-exam-coordinate-transformations,passed,needs-review,deepseek-original-v3-1200; pending-s18-manual-review
pep-junior-v3-s2-k08-sa-009,junior-rag-v3-1200,S2,lower,pep-junior-s2-lower-roots-pythagorean-quadrilaterals,二次根式、勾股定理与平行四边形,short-answer,Core,计算 √(27) - √(12) 的结果。,,√3,√3 | 根号3,√(27) = 3√3，√(12) = 2√3，所以 √(27) - √(12) = 3√3 - 2√3 = √3。,pep-junior-s2-lower-roots-pythagorean-quadrilaterals,pep-junior-s2-lower-paper-quadratic-radicals,pep-junior-exam-applied-modeling-finance-rate,passed,needs-review,deepseek-original-v3-1200; pending-s18-manual-review
pep-junior-v3-s2-k08-sa-010,junior-rag-v3-1200,S2,lower,pep-junior-s2-lower-roots-pythagorean-quadrilaterals,二次根式、勾股定理与平行四边形,short-answer,Core,已知菱形的两条对角线长分别为 6 cm 和 8 cm，求菱形的边长。,,5 cm,5 cm | 5cm | 5,菱形的对角线互相垂直平分，所以边长等于以对角线一半为直角边的直角三角形斜边长。对角线一半分别为 3 cm 和 4 cm，由勾股定理得边长 = √(3² + 4²) = √(9 + 16) = √25 = 5 cm。,pep-junior-s2-lower-roots-pythagorean-quadrilaterals,pep-junior-s2-lower-paper-integrated-review,pep-junior-exam-proof-calculation-integrated,passed,needs-review,deepseek-original-v3-1200; pending-s18-manual-review
pep-junior-v3-s2-k08-sa-011,junior-rag-v3-1200,S2,lower,pep-junior-s2-lower-roots-pythagorean-quadrilaterals,二次根式、勾股定理与平行四边形,short-answer,Core,在 △ABC 中，AB = 13，AC = 12，BC = 5，求 △ABC 的面积。,,30,30 | 30平方单位,因为 5² + 12² = 25 + 144 = 169 = 13²，所以 △ABC 是直角三角形，且直角边为 AC = 12 和 BC = 5，面积 = (1/2) × 12 × 5 = 30。,pep-junior-s2-lower-roots-pythagorean-quadrilaterals,pep-junior-s2-lower-paper-linear-functions,pep-junior-exam-quadrilaterals-pythagorean,passed,needs-review,deepseek-original-v3-1200; pending-s18-manual-review
pep-junior-v3-s2-k08-sa-012,junior-rag-v3-1200,S2,lower,pep-junior-s2-lower-roots-pythagorean-quadrilaterals,二次根式、勾股定理与平行四边形,short-answer,Core,比较 2√3 与 3√2 的大小。,,2√3 < 3√2,2√3 < 3√2 | 2√3 小于 3√2 | 3√2 > 2√3,将两数平方：(2√3)² = 4×3 = 12，(3√2)² = 9×2 = 18，因为 12 < 18，所以 2√3 < 3√2。,pep-junior-s2-lower-roots-pythagorean-quadrilaterals,pep-junior-s2-lower-paper-data-analysis,pep-junior-exam-number-sense-real-numbers,passed,needs-review,deepseek-original-v3-1200; pending-s18-manual-review
pep-junior-v3-s2-k08-sa-013,junior-rag-v3-1200,S2,lower,pep-junior-s2-lower-roots-pythagorean-quadrilaterals,二次根式、勾股定理与平行四边形,short-answer,Core,一架梯子长 5 m，斜靠在墙上，梯子底端离墙 3 m，求梯子顶端离地面的高度。,,4 m,4 m | 4m | 4,梯子、墙和地面构成直角三角形，梯子为斜边，底端离墙距离为一条直角边，高度为另一条直角边。由勾股定理得高度 = √(5² - 3²) = √(25 - 9) = √16 = 4 m。,pep-junior-s2-lower-roots-pythagorean-quadrilaterals,pep-junior-s2-lower-paper-pythagorean-theorem,pep-junior-exam-linear-equation-inequality-models,passed,needs-review,deepseek-original-v3-1200; pending-s18-manual-review
pep-junior-v3-s2-k08-sa-014,junior-rag-v3-1200,S2,lower,pep-junior-s2-lower-roots-pythagorean-quadrilaterals,二次根式、勾股定理与平行四边形,short-answer,Core,在平行四边形ABCD中，AB=8，BC=6，∠B=60°。过点A作AE⊥BC于点E，求对角线AC的长。,,2√13,2√13 | 2倍根号13,过点A作AE⊥BC于点E。在Rt△ABE中，∠B=60°，AB=8，则BE=AB·cos60°=4，AE=AB·sin60°=4√3。在平行四边形中，BC=6，则CE=BC-BE=6-4=2。在Rt△AEC中，AC²=AE²+CE²=(4√3)²+2²=48+4=52，所以AC=√52=2√13。,pep-junior-s2-lower-roots-pythagorean-quadrilaterals,pep-junior-s2-lower-paper-quadrilaterals,pep-junior-exam-polynomial-factorization-fractions,passed,needs-review,deepseek-original-v3-1200; pending-s18-manual-review
pep-junior-v3-s2-k08-sa-015,junior-rag-v3-1200,S2,lower,pep-junior-s2-lower-roots-pythagorean-quadrilaterals,二次根式、勾股定理与平行四边形,short-answer,Core,化简√(48) - √(27) + √(12)。,,3√3,3√3 | 3倍根号3,√48=√(16×3)=4√3，√27=√(9×3)=3√3，√12=√(4×3)=2√3。原式=4√3-3√3+2√3=(4-3+2)√3=3√3。,pep-junior-s2-lower-roots-pythagorean-quadrilaterals,pep-junior-s2-lower-paper-quadratic-radicals,pep-junior-exam-linear-functions-graphs,passed,needs-review,deepseek-original-v3-1200; pending-s18-manual-review
pep-junior-v3-s2-k08-sa-016,junior-rag-v3-1200,S2,lower,pep-junior-s2-lower-roots-pythagorean-quadrilaterals,二次根式、勾股定理与平行四边形,short-answer,Core,已知直角三角形的两条直角边分别为5和12，求斜边上的高。,,60/13,60/13 | 13分之60,由勾股定理得斜边=√(5²+12²)=13。直角三角形的面积=1/2×5×12=30，也等于1/2×斜边×斜边上的高，即1/2×13×h=30，解得h=60/13。,pep-junior-s2-lower-roots-pythagorean-quadrilaterals,pep-junior-s2-lower-paper-integrated-review,pep-junior-exam-triangles-congruence-proof,passed,needs-review,deepseek-original-v3-1200; pending-s18-manual-review
pep-junior-v3-s2-k08-sa-017,junior-rag-v3-1200,S2,lower,pep-junior-s2-lower-roots-pythagorean-quadrilaterals,二次根式、勾股定理与平行四边形,short-answer,Core,已知直角三角形的两条直角边长分别为√3和√6，求斜边长。,,3,3,根据勾股定理，斜边长的平方等于两直角边的平方和。斜边长² = (√3)² + (√6)² = 3 + 6 = 9，所以斜边长 = √9 = 3。,pep-junior-s2-lower-roots-pythagorean-quadrilaterals,pep-junior-s2-lower-paper-linear-functions,pep-junior-exam-statistics-probability,passed,needs-review,deepseek-original-v3-1200; pending-s18-manual-review
pep-junior-v3-s2-k08-sa-018,junior-rag-v3-1200,S2,lower,pep-junior-s2-lower-roots-pythagorean-quadrilaterals,二次根式、勾股定理与平行四边形,short-answer,Core,一组数据：3，5，2，6，4，5，7。求这组数据的中位数和众数。,,中位数5，众数5,"中位数5，众数5 | 中位数5,众数5 | 中位数5 众数5",将数据从小到大排列：2，3，4，5，5，6，7。共有7个数据，中位数为第4个数，即5。5出现2次，次数最多，所以众数为5。,pep-junior-s2-lower-roots-pythagorean-quadrilaterals,pep-junior-s2-lower-paper-data-analysis,pep-junior-exam-coordinate-transformations,passed,needs-review,deepseek-original-v3-1200; pending-s18-manual-review
pep-junior-v3-s2-k08-sa-019,junior-rag-v3-1200,S2,lower,pep-junior-s2-lower-roots-pythagorean-quadrilaterals,二次根式、勾股定理与平行四边形,short-answer,Core,一根竹竿长10米，斜靠在一面墙上，竹竿底端离墙6米。如果竹竿顶端沿墙下滑1米，那么底端将向外滑动多少米？,,√51 - 6,√51 - 6 | 根号51减6,初始时，竹竿、墙和地面构成直角三角形，竹竿为斜边10米，底端离墙6米为一条直角边，则墙上的高度为√(10²-6²)=8米。下滑后，墙上高度变为7米，竹竿长仍为10米，此时底端离墙距离为√(10²-7²)=√51米。所以底端向外滑动(√51 - 6)米。,pep-junior-s2-lower-roots-pythagorean-quadrilaterals,pep-junior-s2-lower-paper-pythagorean-theorem,pep-junior-exam-applied-modeling-finance-rate,passed,needs-review,deepseek-original-v3-1200; pending-s18-manual-review
pep-junior-v3-s2-k08-sa-020,junior-rag-v3-1200,S2,lower,pep-junior-s2-lower-roots-pythagorean-quadrilaterals,二次根式、勾股定理与平行四边形,short-answer,Core,在矩形ABCD中，AB=6，BC=8，对角线AC与BD相交于点O。求点O到边AB的距离。,,4,4,矩形对角线互相平分，点O为AC中点。点O到AB的距离等于点C到AB距离的一半。因为BC⊥AB，BC=8为点C到AB的距离，所以点O到AB的距离为8/2=4。,pep-junior-s2-lower-roots-pythagorean-quadrilaterals,pep-junior-s2-lower-paper-quadrilaterals,pep-junior-exam-proof-calculation-integrated,passed,needs-review,deepseek-original-v3-1200; pending-s18-manual-review
pep-junior-v3-s2-k08-sa-021,junior-rag-v3-1200,S2,lower,pep-junior-s2-lower-roots-pythagorean-quadrilaterals,二次根式、勾股定理与平行四边形,short-answer,Core,已知a=√5+2，b=√5-2，求a²b+ab²的值。,,2√5,2√5 | 2倍根号5,a²b+ab²=ab(a+b)。ab=(√5+2)(√5-2)=(√5)²-2²=5-4=1。a+b=(√5+2)+(√5-2)=2√5。所以原式=1×2√5=2√5。,pep-junior-s2-lower-roots-pythagorean-quadrilaterals,pep-junior-s2-lower-paper-quadratic-radicals,pep-junior-exam-quadrilaterals-pythagorean,passed,needs-review,deepseek-original-v3-1200; pending-s18-manual-review
pep-junior-v3-s2-k08-sa-022,junior-rag-v3-1200,S2,lower,pep-junior-s2-lower-roots-pythagorean-quadrilaterals,二次根式、勾股定理与平行四边形,short-answer,Core,比较√6+√2与√5+√3的大小。,,√6+√2 < √5+√3,√6+√2 < √5+√3 | 根号6加根号2小于根号5加根号3,因为(√6+√2)²=6+2+2√12=8+4√3，(√5+√3)²=5+3+2√15=8+2√15。比较4√3与2√15，两边平方得(4√3)²=48，(2√15)²=60，48<60，所以4√3<2√15，因此(√6+√2)² < (√5+√3)²，又因为两数均为正，所以√6+√2 < √5+√3。,pep-junior-s2-lower-roots-pythagorean-quadrilaterals,pep-junior-s2-lower-paper-integrated-review,pep-junior-exam-number-sense-real-numbers,passed,needs-review,deepseek-original-v3-1200; pending-s18-manual-review
pep-junior-v3-s2-k08-sa-023,junior-rag-v3-1200,S2,lower,pep-junior-s2-lower-roots-pythagorean-quadrilaterals,二次根式、勾股定理与平行四边形,short-answer,Core,某市出租车收费标准：起步价8元（含3千米），超过3千米后每千米1.5元。写出车费y（元）与行驶路程x（千米）之间的函数关系式，并求行驶10千米的车费。,,y=8 (0<x≤3); y=8+1.5(x-3) (x>3)，车费18.5元,y=8 (0<x≤3); y=8+1.5(x-3) (x>3)，车费18.5元 | y=8(0<x≤3);y=8+1.5(x-3)(x>3)，车费18.5元,当0<x≤3时，y=8。当x>3时，y=8+1.5(x-3)。行驶10千米，x=10>3，代入得y=8+1.5×(10-3)=8+1.5×7=8+10.5=18.5元。,pep-junior-s2-lower-roots-pythagorean-quadrilaterals,pep-junior-s2-lower-paper-linear-functions,pep-junior-exam-linear-equation-inequality-models,passed,needs-review,deepseek-original-v3-1200; pending-s18-manual-review
pep-junior-v3-s2-k08-sa-024,junior-rag-v3-1200,S2,lower,pep-junior-s2-lower-roots-pythagorean-quadrilaterals,二次根式、勾股定理与平行四边形,short-answer,Core,若二次根式√(3x-6)有意义，求x的最小整数值。,,2,2,二次根式√(3x-6)有意义的条件是根号内的式子大于等于0，即3x-6≥0，解得x≥2。因此x的最小整数值是2。,pep-junior-s2-lower-roots-pythagorean-quadrilaterals,pep-junior-s2-lower-paper-data-analysis,pep-junior-exam-polynomial-factorization-fractions,passed,needs-review,deepseek-original-v3-1200; pending-s18-manual-review
pep-junior-v3-s2-k08-sa-025,junior-rag-v3-1200,S2,lower,pep-junior-s2-lower-roots-pythagorean-quadrilaterals,二次根式、勾股定理与平行四边形,short-answer,Core,已知直角三角形的两条直角边长分别为5和12，求斜边上的高。,,60/13,60/13 | 4.615 | 4.62,由勾股定理得斜边长为√(5²+12²)=13。直角三角形面积=1/2×5×12=30，也等于1/2×斜边×斜边上的高，所以1/2×13×高=30，解得高=60/13。,pep-junior-s2-lower-roots-pythagorean-quadrilaterals,pep-junior-s2-lower-paper-pythagorean-theorem,pep-junior-exam-linear-functions-graphs,passed,needs-review,deepseek-original-v3-1200; pending-s18-manual-review
pep-junior-v3-s2-k08-sa-026,junior-rag-v3-1200,S2,lower,pep-junior-s2-lower-roots-pythagorean-quadrilaterals,二次根式、勾股定理与平行四边形,short-answer,Core,在平行四边形ABCD中，∠A比∠B大40°，求∠C的度数。,,110°,110° | 110,平行四边形邻角互补，∠A+∠B=180°。又∠A=∠B+40°，代入得(∠B+40°)+∠B=180°，解得∠B=70°，∠A=110°。平行四边形对角相等，所以∠C=∠A=110°。,pep-junior-s2-lower-roots-pythagorean-quadrilaterals,pep-junior-s2-lower-paper-quadrilaterals,pep-junior-exam-triangles-congruence-proof,passed,needs-review,deepseek-original-v3-1200; pending-s18-manual-review
pep-junior-v3-s2-k08-sa-027,junior-rag-v3-1200,S2,lower,pep-junior-s2-lower-roots-pythagorean-quadrilaterals,二次根式、勾股定理与平行四边形,short-answer,Core,计算：(√18-√8)÷√2。,,1,1,原式=(3√2-2√2)÷√2=√2÷√2=1。,pep-junior-s2-lower-roots-pythagorean-quadrilaterals,pep-junior-s2-lower-paper-quadratic-radicals,pep-junior-exam-statistics-probability,passed,needs-review,deepseek-original-v3-1200; pending-s18-manual-review
pep-junior-v3-s2-k08-sa-028,junior-rag-v3-1200,S2,lower,pep-junior-s2-lower-roots-pythagorean-quadrilaterals,二次根式、勾股定理与平行四边形,short-answer,Core,已知一个直角三角形的三边长都是整数，且周长为24，求其面积。,,24,24,"设两直角边为a、b，斜边c，则a+b+c=24，a²+b²=c²。由周长为24的整数边直角三角形，常见勾股数有6,8,10，其周长为24，面积为1/2×6×8=24。",pep-junior-s2-lower-roots-pythagorean-quadrilaterals,pep-junior-s2-lower-paper-integrated-review,pep-junior-exam-coordinate-transformations,passed,needs-review,deepseek-original-v3-1200; pending-s18-manual-review
pep-junior-v3-s2-k08-sa-029,junior-rag-v3-1200,S2,lower,pep-junior-s2-lower-roots-pythagorean-quadrilaterals,二次根式、勾股定理与平行四边形,short-answer,Core,某地出租车起步价为8元（含3千米），超过3千米后每千米收费1.5元。小明乘坐了x千米（x>3），写出他应付的车费y（元）与x之间的函数关系式。,,y=1.5x+3.5,y=1.5x+3.5 | y=3.5+1.5x,当x>3时，超过3千米的部分为(x-3)千米，收费1.5(x-3)元，加上起步价8元，总车费y=8+1.5(x-3)=1.5x+3.5。,pep-junior-s2-lower-roots-pythagorean-quadrilaterals,pep-junior-s2-lower-paper-linear-functions,pep-junior-exam-applied-modeling-finance-rate,passed,needs-review,deepseek-original-v3-1200; pending-s18-manual-review
pep-junior-v3-s2-k08-sa-030,junior-rag-v3-1200,S2,lower,pep-junior-s2-lower-roots-pythagorean-quadrilaterals,二次根式、勾股定理与平行四边形,short-answer,Core,"某班7名同学的数学成绩为：82, 90, 78, 85, 90, 88, 82。求这组数据的众数和中位数。",,众数为82和90，中位数为85,众数为82和90，中位数为85 | 众数82和90，中位数85 | 众数：82和90，中位数：85,"数据中出现次数最多的是82和90（各2次），所以众数为82和90。将数据从小到大排序：78,82,82,85,88,90,90，中间位置的数是85，故中位数为85。",pep-junior-s2-lower-roots-pythagorean-quadrilaterals,pep-junior-s2-lower-paper-data-analysis,pep-junior-exam-proof-calculation-integrated,passed,needs-review,deepseek-original-v3-1200; pending-s18-manual-review
pep-junior-v3-s2-k08-sa-031,junior-rag-v3-1200,S2,lower,pep-junior-s2-lower-roots-pythagorean-quadrilaterals,二次根式、勾股定理与平行四边形,short-answer,Core,在△ABC中，AB=AC=13，BC=10，求底边BC上的高AD的长。,,12,12,等腰三角形底边上的高也是底边的中线，所以BD=CD=5。在直角三角形ABD中，AB=13，BD=5，由勾股定理得AD=√(13²-5²)=√144=12。,pep-junior-s2-lower-roots-pythagorean-quadrilaterals,pep-junior-s2-lower-paper-pythagorean-theorem,pep-junior-exam-quadrilaterals-pythagorean,passed,needs-review,deepseek-original-v3-1200; pending-s18-manual-review
pep-junior-v3-s2-k08-sa-032,junior-rag-v3-1200,S2,lower,pep-junior-s2-lower-roots-pythagorean-quadrilaterals,二次根式、勾股定理与平行四边形,short-answer,Core,四边形ABCD中，AB∥CD，AD∥BC。若∠A=70°，求∠B的度数。,,110°,110° | 110,由两组对边分别平行可知四边形ABCD是平行四边形，邻角互补，所以∠B=180°-∠A=180°-70°=110°。,pep-junior-s2-lower-roots-pythagorean-quadrilaterals,pep-junior-s2-lower-paper-quadrilaterals,pep-junior-exam-number-sense-real-numbers,passed,needs-review,deepseek-original-v3-1200; pending-s18-manual-review
pep-junior-v3-s2-k08-sa-033,junior-rag-v3-1200,S2,lower,pep-junior-s2-lower-roots-pythagorean-quadrilaterals,二次根式、勾股定理与平行四边形,short-answer,Core,比较大小：2√3与3√2。,,2√3<3√2,2√3<3√2 | 2√3小于3√2 | 2√3＜3√2,将两数平方：(2√3)²=12，(3√2)²=18，因为12<18，所以2√3<3√2。,pep-junior-s2-lower-roots-pythagorean-quadrilaterals,pep-junior-s2-lower-paper-quadratic-radicals,pep-junior-exam-linear-equation-inequality-models,passed,needs-review,deepseek-original-v3-1200; pending-s18-manual-review
pep-junior-v3-s2-k08-sa-034,junior-rag-v3-1200,S2,lower,pep-junior-s2-lower-roots-pythagorean-quadrilaterals,二次根式、勾股定理与平行四边形,short-answer,Exam,已知一个直角三角形的两条直角边长分别为√18 cm和√32 cm，求该直角三角形斜边上的高。,,12√2/5 cm,12√2/5 cm | 12√2/5 | 12√2/5厘米 | 12√2/5cm | (12√2)/5 cm | 12/5√2 cm | 2.4√2 cm,首先计算斜边长：√((√18)²+(√32)²)=√(18+32)=√50=5√2 cm。直角三角形面积=1/2×√18×√32=1/2×√(18×32)=1/2×√576=1/2×24=12 cm²。又面积=1/2×斜边×斜边上的高，所以1/2×5√2×h=12，解得h=24/(5√2)=12√2/5 cm。,pep-junior-s2-lower-roots-pythagorean-quadrilaterals,pep-junior-s2-lower-paper-integrated-review,pep-junior-exam-polynomial-factorization-fractions,passed,needs-review,deepseek-original-v3-1200; pending-s18-manual-review
pep-junior-v3-s2-k09-mc-001,junior-rag-v3-1200,S2,lower,pep-junior-s2-lower-linear-functions-data,一次函数与数据分析,multiple-choice,Exam,某快递公司规定：寄送物品不超过1千克时收费10元；超过1千克后，每增加0.5千克加收3元（不足0.5千克按0.5千克计）。设物品质量为x千克（x≥0），总费用为y元。下列图象中，能正确反映y与x函数关系的是（ ）。,"一条从(0,10)出发的直线，斜率始终为6 | 一条从(0,10)出发的折线，在x=1处转折，之后斜率为6 | 一条从(0,10)出发的折线，在x=1处转折，之后斜率为3 | 一条从(0,0)出发的折线，在x=1处转折，之后斜率为6","一条从(0,10)出发的折线，在x=1处转折，之后斜率为6","一条从(0,10)出发的折线，在x=1处转折，之后斜率为6 | B","当0≤x≤1时，y=10，图象为水平线段，起点(0,10)。当x>1时，超过1千克的部分每0.5千克加收3元，即每千克加收6元，所以y=10+6(x-1)=6x+4，斜率为6。因此图象是从(0,10)出发的折线，在x=1处转折，之后斜率为6。选项B正确。",pep-junior-s2-lower-linear-functions-data,pep-junior-s2-lower-paper-linear-functions,pep-junior-exam-linear-functions-graphs,passed,needs-review,deepseek-original-v3-1200; pending-s18-manual-review
pep-junior-v3-s2-k09-mc-002,junior-rag-v3-1200,S2,lower,pep-junior-s2-lower-linear-functions-data,一次函数与数据分析,multiple-choice,Exam,"某班10名同学在一次数学测验中的成绩（单位：分）如下：82, 90, 78, 85, 92, 88, 76, 95, 80, 84。关于这组数据，下列说法正确的是（ ）。",平均数是85，中位数是84.5，众数是82 | 平均数是85，中位数是84.5，没有众数 | 平均数是85，中位数是85，没有众数 | 平均数是85，中位数是83，众数是82,平均数是85，中位数是84.5，没有众数,平均数是85，中位数是84.5，没有众数 | B,"平均数=(82+90+78+85+92+88+76+95+80+84)/10=850/10=85。将数据排序：76,78,80,82,84,85,88,90,92,95，中位数为第5和第6个数的平均数，即(84+85)/2=84.5。每个数据只出现一次，没有众数。因此选项B正确。",pep-junior-s2-lower-linear-functions-data,pep-junior-s2-lower-paper-data-analysis,pep-junior-exam-statistics-probability,passed,needs-review,deepseek-original-v3-1200; pending-s18-manual-review
pep-junior-v3-s2-k09-mc-003,junior-rag-v3-1200,S2,lower,pep-junior-s2-lower-linear-functions-data,一次函数与数据分析,multiple-choice,Exam,某市为鼓励居民节约用水，实行阶梯水价：每户每月用水量不超过15吨时，每吨2.5元；超过15吨但不超过25吨的部分，每吨3.5元；超过25吨的部分，每吨5元。若某户居民上月用水量为a吨（a>25），则其应缴水费为（ ）元。,2.5a | 3.5a-15 | 5a-52.5 | 5a-37.5,5a-52.5,5a-52.5 | C,当a>25时，水费=15×2.5 + (25-15)×3.5 + (a-25)×5 = 37.5 + 35 + 5a - 125 = 5a - 52.5。选项C正确。,pep-junior-s2-lower-linear-functions-data,pep-junior-s2-lower-paper-integrated-review,pep-junior-exam-applied-modeling-finance-rate,passed,needs-review,deepseek-original-v3-1200; pending-s18-manual-review
pep-junior-v3-s2-k09-mc-004,junior-rag-v3-1200,S2,lower,pep-junior-s2-lower-linear-functions-data,一次函数与数据分析,multiple-choice,Exam,下列二次根式中，与√12是同类二次根式的是（ ）。,√8 | √18 | √27 | √48,√48,√48 | D,√12=2√3。选项A：√8=2√2；选项B：√18=3√2；选项C：√27=3√3；选项D：√48=4√3。只有√48化简后与√12的被开方数相同，都是√3，所以是同类二次根式。,pep-junior-s2-lower-linear-functions-data,pep-junior-s2-lower-paper-quadratic-radicals,pep-junior-exam-number-sense-real-numbers,passed,needs-review,deepseek-original-v3-1200; pending-s18-manual-review
pep-junior-v3-s2-k09-mc-005,junior-rag-v3-1200,S2,lower,pep-junior-s2-lower-linear-functions-data,一次函数与数据分析,multiple-choice,Exam,已知三角形的三边长分别为5、12、13，下列说法正确的是（ ）。,该三角形是直角三角形，且斜边长为5 | 该三角形是直角三角形，且斜边长为12 | 该三角形是直角三角形，且斜边长为13 | 该三角形不是直角三角形,该三角形是直角三角形，且斜边长为13,该三角形是直角三角形，且斜边长为13 | C,因为5²+12²=25+144=169=13²，所以该三角形是直角三角形，且最长边13为斜边。选项C正确。,pep-junior-s2-lower-linear-functions-data,pep-junior-s2-lower-paper-pythagorean-theorem,pep-junior-exam-linear-equation-inequality-models,passed,needs-review,deepseek-original-v3-1200; pending-s18-manual-review
pep-junior-v3-s2-k09-mc-006,junior-rag-v3-1200,S2,lower,pep-junior-s2-lower-linear-functions-data,一次函数与数据分析,multiple-choice,Exam,在平行四边形ABCD中，∠B比∠A小40°，则∠C的度数为（ ）,70° | 110° | 120° | 130°,110°,110° | B,平行四边形邻角互补，即∠A+∠B=180°。又∠A=∠B+40°，代入得∠B+40°+∠B=180°，解得∠B=70°，则∠A=110°。平行四边形对角相等，所以∠C=∠A=110°。,pep-junior-s2-lower-linear-functions-data,pep-junior-s2-lower-paper-quadrilaterals,pep-junior-exam-polynomial-factorization-fractions,passed,needs-review,deepseek-original-v3-1200; pending-s18-manual-review
pep-junior-v3-s2-k09-mc-007,junior-rag-v3-1200,S2,lower,pep-junior-s2-lower-linear-functions-data,一次函数与数据分析,multiple-choice,Exam,在△ABC中，AB=AC，∠BAC=120°，D是BC的中点，DE⊥AB于E，若AE=2 cm，则AD的长为（ ）。,2 cm | 2√3 cm | 4 cm | 4√3 cm,4 cm,4 cm | C | 4厘米,连接AD，因为AB=AC，D是BC中点，所以AD⊥BC且AD平分∠BAC，∠BAD=60°。在Rt△ADE中，∠ADE=30°，AE=2 cm，所以AD=2AE=4 cm。,pep-junior-s2-lower-linear-functions-data,pep-junior-s2-lower-paper-linear-functions,pep-junior-exam-triangles-congruence-proof,passed,needs-review,deepseek-original-v3-1200; pending-s18-manual-review
pep-junior-v3-s2-k09-mc-008,junior-rag-v3-1200,S2,lower,pep-junior-s2-lower-linear-functions-data,一次函数与数据分析,multiple-choice,Exam,"已知一组数据x₁, x₂, x₃, x₄, x₅的平均数是5，方差是2，则数据3x₁+1, 3x₂+1, 3x₃+1, 3x₄+1, 3x₅+1的平均数和方差分别是（ ）。","15, 6 | 16, 6 | 16, 18 | 15, 18","16, 18","16, 18 | C",新数据的平均数=3×原平均数+1=3×5+1=16；方差=3²×原方差=9×2=18。所以平均数和方差分别是16和18。选项C正确。,pep-junior-s2-lower-linear-functions-data,pep-junior-s2-lower-paper-data-analysis,pep-junior-exam-quadrilaterals-pythagorean,passed,needs-review,deepseek-original-v3-1200; pending-s18-manual-review
pep-junior-v3-s2-k09-mc-009,junior-rag-v3-1200,S2,lower,pep-junior-s2-lower-linear-functions-data,一次函数与数据分析,multiple-choice,Exam,"在平面直角坐标系中，将点P(-3, 2)先向右平移5个单位，再向下平移3个单位，得到点Q，则点Q关于x轴的对称点的坐标是（ ）。","(2, 1) | (2, -1) | (-2, 1) | (-2, -1)","(2, 1)","(2, 1) | A","点P(-3,2)向右平移5个单位得(2,2)，再向下平移3个单位得Q(2,-1)。点Q关于x轴的对称点横坐标不变，纵坐标互为相反数，所以对称点为(2,1)。选项A正确。",pep-junior-s2-lower-linear-functions-data,pep-junior-s2-lower-paper-integrated-review,pep-junior-exam-coordinate-transformations,passed,needs-review,deepseek-original-v3-1200; pending-s18-manual-review
pep-junior-v3-s2-k09-mc-010,junior-rag-v3-1200,S2,lower,pep-junior-s2-lower-linear-functions-data,一次函数与数据分析,multiple-choice,Exam,某市出租车白天收费标准为：起步价8元（含2千米），超过2千米后每千米加收1.5元。小明乘坐出租车行驶了x千米（x>2），他应付的车费y（元）与x之间的函数关系式为y=8+1.5(x-2)。若他支付了20元，则他乘坐的路程是多少千米？,8千米 | 9千米 | 10千米 | 11千米,10千米,10千米 | 10,将y=20代入函数关系式y=8+1.5(x-2)，得20=8+1.5(x-2)，即12=1.5(x-2)，解得x-2=8，x=10。所以他乘坐的路程是10千米。,pep-junior-s2-lower-linear-functions-data,pep-junior-s2-lower-paper-quadratic-radicals,pep-junior-exam-proof-calculation-integrated,passed,needs-review,deepseek-original-v3-1200; pending-s18-manual-review
pep-junior-v3-s2-k09-mc-011,junior-rag-v3-1200,S2,lower,pep-junior-s2-lower-linear-functions-data,一次函数与数据分析,multiple-choice,Exam,"已知一次函数y=kx+b的图象经过点(1,3)和(3,7)，则k的值为多少？",1 | 2 | 3 | 4,2,2 | k=2,"将点(1,3)和(3,7)代入y=kx+b，得方程组：k+b=3，3k+b=7。两式相减得2k=4，解得k=2。所以k的值为2。",pep-junior-s2-lower-linear-functions-data,pep-junior-s2-lower-paper-pythagorean-theorem,pep-junior-exam-linear-functions-graphs,passed,needs-review,deepseek-original-v3-1200; pending-s18-manual-review
pep-junior-v3-s2-k09-mc-012,junior-rag-v3-1200,S2,lower,pep-junior-s2-lower-linear-functions-data,一次函数与数据分析,multiple-choice,Exam,某校八年级（1）班10名同学的身高（单位：cm）如下：155，160，162，158，165，160，157，160，163，159。这组数据的中位数是多少？,159cm | 160cm | 161cm | 162cm,160cm,160cm | 160,将数据从小到大排序：155，157，158，159，160，160，160，162，163，165。共10个数据，中位数为第5和第6个数的平均数，即(160+160)/2=160。所以中位数是160cm。,pep-junior-s2-lower-linear-functions-data,pep-junior-s2-lower-paper-quadrilaterals,pep-junior-exam-statistics-probability,passed,needs-review,deepseek-original-v3-1200; pending-s18-manual-review
pep-junior-v3-s2-k09-mc-013,junior-rag-v3-1200,S2,lower,pep-junior-s2-lower-linear-functions-data,一次函数与数据分析,multiple-choice,Exam,某商场推出两种促销方案：方案一，所有商品打8折；方案二，满100元减20元。小明想买一双标价x元的运动鞋，当x满足什么条件时，方案一更省钱？,x<100 | x>100 | x<120 | x>120,x>100,x>100 | x大于100,方案一需付0.8x元，方案二需付x-20元。方案一更省钱即0.8x < x-20，移项得-0.2x < -20，两边除以-0.2并改变不等号方向得x > 100。所以当x>100时，方案一更省钱。,pep-junior-s2-lower-linear-functions-data,pep-junior-s2-lower-paper-linear-functions,pep-junior-exam-applied-modeling-finance-rate,passed,needs-review,deepseek-original-v3-1200; pending-s18-manual-review
pep-junior-v3-s2-k09-mc-014,junior-rag-v3-1200,S2,lower,pep-junior-s2-lower-linear-functions-data,一次函数与数据分析,multiple-choice,Exam,下列各数中，绝对值最小的数是哪一个？,-3 | -1.5 | 0 | 2,0,0 | 零,绝对值表示一个数在数轴上到原点的距离。各数的绝对值分别为：|-3|=3，|-1.5|=1.5，|0|=0，|2|=2。其中0的绝对值最小。所以绝对值最小的数是0。,pep-junior-s2-lower-linear-functions-data,pep-junior-s2-lower-paper-data-analysis,pep-junior-exam-number-sense-real-numbers,passed,needs-review,deepseek-original-v3-1200; pending-s18-manual-review
pep-junior-v3-s2-k09-mc-015,junior-rag-v3-1200,S2,lower,pep-junior-s2-lower-linear-functions-data,一次函数与数据分析,multiple-choice,Exam,某校组织学生去科技馆参观，若租用45座客车，则有15人没有座位；若租用同样数量的60座客车，则多出一辆车，且其余车恰好坐满。该校共有多少名学生？,225人 | 240人 | 255人 | 270人,240人,240人 | 240,设租用45座客车x辆，则学生人数为45x+15。若租用60座客车，实际用了(x-1)辆且坐满，则学生人数为60(x-1)。由45x+15=60(x-1)，解得x=5。学生人数为45×5+15=240。所以该校共有240人。,pep-junior-s2-lower-linear-functions-data,pep-junior-s2-lower-paper-integrated-review,pep-junior-exam-linear-equation-inequality-models,passed,needs-review,deepseek-original-v3-1200; pending-s18-manual-review
pep-junior-v3-s2-k09-mc-016,junior-rag-v3-1200,S2,lower,pep-junior-s2-lower-linear-functions-data,一次函数与数据分析,multiple-choice,Exam,化简二次根式√(48)的结果是多少？,4√3 | 3√4 | 2√12 | 6√2,4√3,4√3 | 4根号3,√(48)=√(16×3)=√16×√3=4√3。所以化简结果是4√3。,pep-junior-s2-lower-linear-functions-data,pep-junior-s2-lower-paper-quadratic-radicals,pep-junior-exam-polynomial-factorization-fractions,passed,needs-review,deepseek-original-v3-1200; pending-s18-manual-review
pep-junior-v3-s2-k09-mc-017,junior-rag-v3-1200,S2,lower,pep-junior-s2-lower-linear-functions-data,一次函数与数据分析,multiple-choice,Exam,在△ABC中，AB=AC，D是BC的中点，连接AD。若∠B=50°，则∠BAD的度数是多少？,30° | 40° | 50° | 60°,40°,40° | 40度,因为AB=AC，所以△ABC是等腰三角形，AD是底边BC的中线，也是顶角∠BAC的平分线和高。由∠B=50°，得∠C=50°，所以∠BAC=180°-50°-50°=80°。AD平分∠BAC，所以∠BAD=80°/2=40°。所以∠BAD的度数是40°。,pep-junior-s2-lower-linear-functions-data,pep-junior-s2-lower-paper-pythagorean-theorem,pep-junior-exam-triangles-congruence-proof,passed,needs-review,deepseek-original-v3-1200; pending-s18-manual-review
pep-junior-v3-s2-k09-mc-018,junior-rag-v3-1200,S2,lower,pep-junior-s2-lower-linear-functions-data,一次函数与数据分析,multiple-choice,Exam,在平行四边形ABCD中，对角线AC与BD相交于点O。若AC=10，BD=8，则△AOB的周长可能是多少？,12 | 13 | 14 | 15,14,14 | 周长14,在平行四边形中，对角线互相平分，所以AO=AC/2=5，BO=BD/2=4。在△AOB中，AB的长度未知，但由三角形三边关系，AB < AO+BO=9，且AB > |AO-BO|=1。△AOB的周长为AO+BO+AB=5+4+AB=9+AB。由于1<AB<9，所以周长在10到18之间。选项中只有14符合范围，且当AB=5时成立。所以△AOB的周长可能是14。,pep-junior-s2-lower-linear-functions-data,pep-junior-s2-lower-paper-quadrilaterals,pep-junior-exam-quadrilaterals-pythagorean,passed,needs-review,deepseek-original-v3-1200; pending-s18-manual-review
pep-junior-v3-s2-k09-mc-019,junior-rag-v3-1200,S2,lower,pep-junior-s2-lower-linear-functions-data,一次函数与数据分析,multiple-choice,Exam,"在平面直角坐标系中，将点A(2,3)先向右平移4个单位，再向下平移1个单位，得到点A'。则点A'的坐标是什么？","(6,2) | (6,4) | (-2,2) | (-2,4)","(6,2)","(6,2) | 6,2","点A(2,3)向右平移4个单位，横坐标加4，得(6,3)；再向下平移1个单位，纵坐标减1，得(6,2)。所以点A'的坐标是(6,2)。",pep-junior-s2-lower-linear-functions-data,pep-junior-s2-lower-paper-linear-functions,pep-junior-exam-coordinate-transformations,passed,needs-review,deepseek-original-v3-1200; pending-s18-manual-review
pep-junior-v3-s2-k09-mc-020,junior-rag-v3-1200,S2,lower,pep-junior-s2-lower-linear-functions-data,一次函数与数据分析,multiple-choice,Exam,"某市为了解居民用水情况，随机调查了20户家庭的月用水量（单位：吨），数据如下：8, 5, 6, 5, 7, 8, 5, 6, 5, 9, 6, 5, 7, 8, 6, 5, 9, 6, 5, 8。为了反映这组数据的集中趋势，你认为选择哪个统计量最合适？",平均数 | 中位数 | 众数 | 方差,众数,众数,这组数据中有多个重复值，且存在极端值9。平均数受极端值影响较大，中位数虽然稳健但不能反映重复值的集中情况。众数是出现次数最多的值，这里5出现7次，次数最多，能很好地反映数据的集中趋势。因此选择众数最合适。,pep-junior-s2-lower-linear-functions-data,pep-junior-s2-lower-paper-data-analysis,pep-junior-exam-proof-calculation-integrated,passed,needs-review,deepseek-original-v3-1200; pending-s18-manual-review
pep-junior-v3-s2-k09-mc-021,junior-rag-v3-1200,S2,lower,pep-junior-s2-lower-linear-functions-data,一次函数与数据分析,multiple-choice,Exam,"已知一次函数y = kx + b的图象经过点(2, 5)和(-1, -4)，则k的值为？",3 | -3 | 1/3 | -1/3,3,3,将两点代入y = kx + b得：5 = 2k + b，-4 = -k + b。两式相减得：5 - (-4) = (2k + b) - (-k + b)，即9 = 3k，解得k = 3。,pep-junior-s2-lower-linear-functions-data,pep-junior-s2-lower-paper-integrated-review,pep-junior-exam-linear-functions-graphs,passed,needs-review,deepseek-original-v3-1200; pending-s18-manual-review
pep-junior-v3-s2-k09-mc-022,junior-rag-v3-1200,S2,lower,pep-junior-s2-lower-linear-functions-data,一次函数与数据分析,multiple-choice,Exam,一个不透明的袋子里装有3个红球和2个白球，除颜色外完全相同。从中随机摸出一个球，摸到红球的概率是多少？,1/5 | 2/5 | 3/5 | 3/2,3/5,3/5 | 0.6 | 60%,总球数为3+2=5个，红球有3个。因此摸到红球的概率为3/5。,pep-junior-s2-lower-linear-functions-data,pep-junior-s2-lower-paper-quadratic-radicals,pep-junior-exam-statistics-probability,passed,needs-review,deepseek-original-v3-1200; pending-s18-manual-review
pep-junior-v3-s2-k09-mc-023,junior-rag-v3-1200,S2,lower,pep-junior-s2-lower-linear-functions-data,一次函数与数据分析,multiple-choice,Exam,某商店销售一种商品，成本为每件20元，售价为每件30元，每天可售出100件。为了增加利润，商店决定降价促销，经调查发现：售价每降低1元，每天可多售出10件。设降价x元后每天的利润为y元，则y与x的函数关系式为？,y = (10 - x)(100 + 10x) | y = (30 - x - 20)(100 + 10x) | y = (30 - x)(100 + 10x) - 20×100 | y = (30 - x - 20)(100 - 10x),y = (30 - x - 20)(100 + 10x),y = (30 - x - 20)(100 + 10x) | y=(30-x-20)(100+10x),降价x元后，售价为(30 - x)元，每件利润为(30 - x - 20)元，每天销量为(100 + 10x)件。总利润y = 每件利润 × 销量 = (30 - x - 20)(100 + 10x)。,pep-junior-s2-lower-linear-functions-data,pep-junior-s2-lower-paper-pythagorean-theorem,pep-junior-exam-applied-modeling-finance-rate,passed,needs-review,deepseek-original-v3-1200; pending-s18-manual-review
pep-junior-v3-s2-k09-mc-024,junior-rag-v3-1200,S2,lower,pep-junior-s2-lower-linear-functions-data,一次函数与数据分析,multiple-choice,Exam,对于一次函数 y=2x-3，当 x 分别取 -1，0，2，4 时，函数值最大的是哪一个 x 对应的函数值？,x=-1 | x=0 | x=2 | x=4,x=4,x=4 | 4,分别代入得：x=-1 时 y=-5，x=0 时 y=-3，x=2 时 y=1，x=4 时 y=5。最大函数值是5，对应 x=4。,pep-junior-s2-lower-linear-functions-data,pep-junior-s2-lower-paper-quadrilaterals,pep-junior-exam-number-sense-real-numbers,passed,needs-review,deepseek-original-v3-1200; pending-s18-manual-review
pep-junior-v3-s2-k09-mc-025,junior-rag-v3-1200,S2,lower,pep-junior-s2-lower-linear-functions-data,一次函数与数据分析,multiple-choice,Exam,某通讯公司推出两种手机话费套餐：套餐A：月租18元，通话0.1元/分钟；套餐B：无月租，通话0.25元/分钟。设每月通话时间为t分钟，当t满足什么条件时，选择套餐A更划算？,t > 120 | t < 120 | t > 180 | t < 180,t > 120,t > 120 | t>120,套餐A的费用为18 + 0.1t，套餐B的费用为0.25t。当A更划算时，18 + 0.1t < 0.25t，解得18 < 0.15t，t > 120。所以当通话时间大于120分钟时，套餐A更划算。,pep-junior-s2-lower-linear-functions-data,pep-junior-s2-lower-paper-linear-functions,pep-junior-exam-linear-equation-inequality-models,passed,needs-review,deepseek-original-v3-1200; pending-s18-manual-review
pep-junior-v3-s2-k09-mc-026,junior-rag-v3-1200,S2,lower,pep-junior-s2-lower-linear-functions-data,一次函数与数据分析,multiple-choice,Exam,某网约车起步价10元，超过3 km后每增加1 km收费2元。若行驶里程为 x km（x>3），车费 y 元与 x 的关系式是？,y=2x+4 | y=2x+10 | y=3x+2 | y=10x+2,y=2x+4,y=2x+4 | y = 2x + 4,超过3 km后的收费为2(x-3)元，总车费 y=10+2(x-3)=2x+4。因此关系式是 y=2x+4。,pep-junior-s2-lower-linear-functions-data,pep-junior-s2-lower-paper-data-analysis,pep-junior-exam-polynomial-factorization-fractions,passed,needs-review,deepseek-original-v3-1200; pending-s18-manual-review
pep-junior-v3-s2-k09-mc-027,junior-rag-v3-1200,S2,lower,pep-junior-s2-lower-linear-functions-data,一次函数与数据分析,multiple-choice,Exam,"一次函数 y=kx+b 的图象经过点(0,2)和(3,8)，则 k 的值是？",1 | 2 | 3 | 6,2,2,一次函数的斜率 k=(8-2)/(3-0)=6/3=2，所以 k 的值是2。,pep-junior-s2-lower-linear-functions-data,pep-junior-s2-lower-paper-integrated-review,pep-junior-exam-triangles-congruence-proof,passed,needs-review,deepseek-original-v3-1200; pending-s18-manual-review
pep-junior-v3-s2-k09-mc-028,junior-rag-v3-1200,S2,lower,pep-junior-s2-lower-linear-functions-data,一次函数与数据分析,multiple-choice,Exam,一组数据为 6，8，10，10，12，则这组数据的众数是？,8 | 10 | 11 | 12,10,10,众数是一组数据中出现次数最多的数。10出现2次，其他数各出现1次，所以众数是10。,pep-junior-s2-lower-linear-functions-data,pep-junior-s2-lower-paper-quadratic-radicals,pep-junior-exam-quadrilaterals-pythagorean,passed,needs-review,deepseek-original-v3-1200; pending-s18-manual-review
pep-junior-v3-s2-k09-mc-029,junior-rag-v3-1200,S2,lower,pep-junior-s2-lower-linear-functions-data,一次函数与数据分析,multiple-choice,Exam,对于一次函数 y=-x+5，下列说法正确的是？,y随x的增大而增大 | y随x的增大而减小 | 图象经过原点 | 函数值恒为5,y随x的增大而减小,y随x的增大而减小,一次函数 y=-x+5 的一次项系数为 -1，小于0，所以 y随x的增大而减小。,pep-junior-s2-lower-linear-functions-data,pep-junior-s2-lower-paper-pythagorean-theorem,pep-junior-exam-coordinate-transformations,passed,needs-review,deepseek-original-v3-1200; pending-s18-manual-review
pep-junior-v3-s2-k09-mc-030,junior-rag-v3-1200,S2,lower,pep-junior-s2-lower-linear-functions-data,一次函数与数据分析,multiple-choice,Exam,某快递公司推出两种寄件方案：方案A，首重1千克内12元，续重每千克8元；方案B，首重1千克内15元，续重每千克6元。设寄件质量为x千克（x>1），方案A的费用为y₁元，方案B的费用为y₂元。当y₁=y₂时，x的值为多少？,2.5 | 3 | 3.5 | 4,2.5,2.5 | 2.5千克 | 2.5kg,根据题意，方案A的费用y₁=12+8(x-1)=8x+4，方案B的费用y₂=15+6(x-1)=6x+9。由y₁=y₂得8x+4=6x+9，解得x=2.5。故答案为2.5。,pep-junior-s2-lower-linear-functions-data,pep-junior-s2-lower-paper-quadrilaterals,pep-junior-exam-proof-calculation-integrated,passed,needs-review,deepseek-original-v3-1200; pending-s18-manual-review
pep-junior-v3-s2-k09-mc-031,junior-rag-v3-1200,S2,lower,pep-junior-s2-lower-linear-functions-data,一次函数与数据分析,multiple-choice,Exam,某蓄水池当前有水120 m³，每小时排水8 m³。若 t 小时后剩余水量为 y m³，则 y=120-8t。当剩余水量为72 m³时，t 的值是？,4 | 6 | 8 | 10,6,6 | 6小时,把 y=72 代入 y=120-8t，得72=120-8t，8t=48，t=6。因此 t 的值是6。,pep-junior-s2-lower-linear-functions-data,pep-junior-s2-lower-paper-linear-functions,pep-junior-exam-linear-functions-graphs,passed,needs-review,deepseek-original-v3-1200; pending-s18-manual-review
pep-junior-v3-s2-k09-mc-032,junior-rag-v3-1200,S2,lower,pep-junior-s2-lower-linear-functions-data,一次函数与数据分析,multiple-choice,Exam,某校八年级5个班参加植树活动，各班植树棵数分别为：30，32，28，30，x。已知这组数据的众数只有30，则 x 的值不可能是以下哪个数？,28 | 30 | 34 | 36,28,28,已有数据中30出现2次，32和28各出现1次。若x=28，则28也出现2次，众数不是只有30；若x=30，30出现3次；若x=34或36，30仍是唯一出现2次的数。所以 x 的值不可能是28。,pep-junior-s2-lower-linear-functions-data,pep-junior-s2-lower-paper-data-analysis,pep-junior-exam-statistics-probability,passed,needs-review,deepseek-original-v3-1200; pending-s18-manual-review
pep-junior-v3-s2-k09-mc-033,junior-rag-v3-1200,S2,lower,pep-junior-s2-lower-linear-functions-data,一次函数与数据分析,multiple-choice,Exam,小明的妈妈准备购买一台空调，商场有两种优惠方案：方案一，按标价打九折；方案二，满2000元减200元。已知空调标价为x元（x>2000），方案一实际付款为y₁元，方案二实际付款为y₂元。当y₁<y₂时，x的取值范围是多少？,x<2000 | x>2000 | x<4000 | x>4000,x>2000,x>2000 | x>2000元,方案一：y₁=0.9x；方案二：y₂=x-200。由y₁<y₂得0.9x<x-200，移项得-0.1x<-200，两边除以-0.1，不等号方向改变，得x>2000。结合x>2000的前提，解为x>2000。故答案为x>2000。,pep-junior-s2-lower-linear-functions-data,pep-junior-s2-lower-paper-integrated-review,pep-junior-exam-applied-modeling-finance-rate,passed,needs-review,deepseek-original-v3-1200; pending-s18-manual-review
pep-junior-v3-s2-k09-fi-001,junior-rag-v3-1200,S2,lower,pep-junior-s2-lower-linear-functions-data,一次函数与数据分析,fill-in,Exam,已知一次函数y=(2m-1)x+3中，y随x的增大而减小，则m的取值范围是______。,,m<1/2,m<1/2 | m<0.5 | m<二分之一,对于一次函数y=kx+b，当k<0时，y随x的增大而减小。这里k=2m-1，所以2m-1<0，解得m<1/2。故答案为m<1/2。,pep-junior-s2-lower-linear-functions-data,pep-junior-s2-lower-paper-linear-functions,pep-junior-exam-linear-functions-graphs,passed,needs-review,deepseek-original-v3-1200; pending-s18-manual-review
pep-junior-v3-s2-k09-fi-002,junior-rag-v3-1200,S2,lower,pep-junior-s2-lower-linear-functions-data,一次函数与数据分析,fill-in,Exam,一组数据：5，7，8，a，9的众数是7，则这组数据的中位数是______。,,7,7,众数是出现次数最多的数。已知众数是7，而5、8、9各出现一次，所以7必须出现至少两次，因此a=7。数据为5，7，7，8，9，排序后为5，7，7，8，9，中位数是第三个数据7。故答案为7。,pep-junior-s2-lower-linear-functions-data,pep-junior-s2-lower-paper-data-analysis,pep-junior-exam-statistics-probability,passed,needs-review,deepseek-original-v3-1200; pending-s18-manual-review
pep-junior-v3-s2-k09-fi-003,junior-rag-v3-1200,S2,lower,pep-junior-s2-lower-linear-functions-data,一次函数与数据分析,fill-in,Exam,某商店销售一种商品，成本为每件40元，售价为每件60元，每天可售出100件。经调查发现，售价每降低1元，每天多售出10件。设每件降价x元，每天利润为y元，则y与x的函数关系式为______。,,y=-10x²+100x+2000,y=-10x²+100x+2000 | y=-10x^2+100x+2000,降价后售价为(60-x)元，每件利润为(60-x-40)=(20-x)元，每天销售量为(100+10x)件。利润y=(20-x)(100+10x)=2000+200x-100x-10x²=-10x²+100x+2000。故答案为y=-10x²+100x+2000。,pep-junior-s2-lower-linear-functions-data,pep-junior-s2-lower-paper-integrated-review,pep-junior-exam-applied-modeling-finance-rate,passed,needs-review,deepseek-original-v3-1200; pending-s18-manual-review
pep-junior-v3-s2-k09-fi-004,junior-rag-v3-1200,S2,lower,pep-junior-s2-lower-linear-functions-data,一次函数与数据分析,fill-in,Exam,若二次根式√(3x-6)有意义，则x的最小整数值是______。,,2,2,二次根式√(3x-6)有意义，需被开方数3x-6≥0，解得x≥2。最小整数值为2。故答案为2。,pep-junior-s2-lower-linear-functions-data,pep-junior-s2-lower-paper-quadratic-radicals,pep-junior-exam-number-sense-real-numbers,passed,needs-review,deepseek-original-v3-1200; pending-s18-manual-review
pep-junior-v3-s2-k09-fi-005,junior-rag-v3-1200,S2,lower,pep-junior-s2-lower-linear-functions-data,一次函数与数据分析,fill-in,Exam,一个直角三角形的两条直角边长分别为6 cm和8 cm，则斜边上的高为______ cm。,,4.8,4.8 | 24/5 | 4.8cm,由勾股定理得斜边长=√(6²+8²)=10 cm。直角三角形面积=1/2×6×8=24 cm²，也等于1/2×斜边×斜边上的高，即1/2×10×h=24，解得h=4.8。故答案为4.8。,pep-junior-s2-lower-linear-functions-data,pep-junior-s2-lower-paper-pythagorean-theorem,pep-junior-exam-linear-equation-inequality-models,passed,needs-review,deepseek-original-v3-1200; pending-s18-manual-review
pep-junior-v3-s2-k09-fi-006,junior-rag-v3-1200,S2,lower,pep-junior-s2-lower-linear-functions-data,一次函数与数据分析,fill-in,Exam,在平行四边形ABCD中，∠A=50°，则∠C=______°。,,50,50 | 50°,平行四边形的对角相等，所以∠C=∠A=50°。故答案为50。,pep-junior-s2-lower-linear-functions-data,pep-junior-s2-lower-paper-quadrilaterals,pep-junior-exam-polynomial-factorization-fractions,passed,needs-review,deepseek-original-v3-1200; pending-s18-manual-review
pep-junior-v3-s2-k09-fi-007,junior-rag-v3-1200,S2,lower,pep-junior-s2-lower-linear-functions-data,一次函数与数据分析,fill-in,Exam,某快递公司规定：物品质量不超过1千克时，快递费为8元；超过1千克但不超过5千克时，超过部分每千克加收2元；超过5千克时，超过5千克的部分每千克加收3元。设物品质量为x千克（x>0），快递费为y元。当x=3.5时，y=______元。,,13,13 | 13元,当x=3.5时，属于超过1千克但不超过5千克的情况。此时快递费为8 + 2×(3.5 - 1) = 8 + 2×2.5 = 8 + 5 = 13元。,pep-junior-s2-lower-linear-functions-data,pep-junior-s2-lower-paper-linear-functions,pep-junior-exam-triangles-congruence-proof,passed,needs-review,deepseek-original-v3-1200; pending-s18-manual-review
pep-junior-v3-s2-k09-fi-008,junior-rag-v3-1200,S2,lower,pep-junior-s2-lower-linear-functions-data,一次函数与数据分析,fill-in,Exam,"某校八年级（1）班20名同学参加环保知识竞赛，成绩（单位：分）如下： 85, 92, 78, 88, 95, 82, 90, 76, 84, 89, 91, 87, 83, 93, 79, 86, 94, 80, 77, 81。 这组数据的众数是______分。",,无,无 | 没有众数,"将所有成绩列出并统计频数：85(1), 92(1), 78(1), 88(1), 95(1), 82(1), 90(1), 76(1), 84(1), 89(1), 91(1), 87(1), 83(1), 93(1), 79(1), 86(1), 94(1), 80(1), 77(1), 81(1)。每个成绩都只出现一次，因此没有众数。",pep-junior-s2-lower-linear-functions-data,pep-junior-s2-lower-paper-data-analysis,pep-junior-exam-quadrilaterals-pythagorean,passed,needs-review,deepseek-original-v3-1200; pending-s18-manual-review
pep-junior-v3-s2-k09-fi-009,junior-rag-v3-1200,S2,lower,pep-junior-s2-lower-linear-functions-data,一次函数与数据分析,fill-in,Exam,已知一次函数y = kx + b，当x = -2时，y = 5；当x = 3时，y = -5。则k = ______。,,-2,-2,"将两点(-2,5)和(3,-5)代入y = kx + b，得方程组：5 = -2k + b，-5 = 3k + b。两式相减得10 = -5k，解得k = -2。",pep-junior-s2-lower-linear-functions-data,pep-junior-s2-lower-paper-integrated-review,pep-junior-exam-coordinate-transformations,passed,needs-review,deepseek-original-v3-1200; pending-s18-manual-review
pep-junior-v3-s2-k09-fi-010,junior-rag-v3-1200,S2,lower,pep-junior-s2-lower-linear-functions-data,一次函数与数据分析,fill-in,Exam,计算：(√12 - √(1/3)) × √3 = ______。,,5,5,原式 = √12 × √3 - √(1/3) × √3 = √36 - √1 = 6 - 1 = 5。,pep-junior-s2-lower-linear-functions-data,pep-junior-s2-lower-paper-quadratic-radicals,pep-junior-exam-proof-calculation-integrated,passed,needs-review,deepseek-original-v3-1200; pending-s18-manual-review
pep-junior-v3-s2-k09-fi-011,junior-rag-v3-1200,S2,lower,pep-junior-s2-lower-linear-functions-data,一次函数与数据分析,fill-in,Exam,在Rt△ABC中，∠C=90°，AC=6，BC=8，将△ABC沿AD折叠，使点C落在AB上的点E处，则CD的长为______。,,3,3,由折叠知AE=AC=6，CD=ED，∠AED=∠C=90°。在Rt△ABC中，AB=√(6²+8²)=10，则BE=AB-AE=4。设CD=x，则DE=x，BD=8-x。在Rt△BDE中，由勾股定理得x²+4²=(8-x)²，解得x=3。,pep-junior-s2-lower-linear-functions-data,pep-junior-s2-lower-paper-pythagorean-theorem,pep-junior-exam-linear-functions-graphs,passed,needs-review,deepseek-original-v3-1200; pending-s18-manual-review
pep-junior-v3-s2-k09-fi-012,junior-rag-v3-1200,S2,lower,pep-junior-s2-lower-linear-functions-data,一次函数与数据分析,fill-in,Exam,"已知一组数据x₁, x₂, x₃的平均数是5，方差是2，则数据2x₁+1, 2x₂+1, 2x₃+1的平均数是______。",,11,11,新数据的平均数为2×5+1=11。,pep-junior-s2-lower-linear-functions-data,pep-junior-s2-lower-paper-quadrilaterals,pep-junior-exam-statistics-probability,passed,needs-review,deepseek-original-v3-1200; pending-s18-manual-review
pep-junior-v3-s2-k09-fi-013,junior-rag-v3-1200,S2,lower,pep-junior-s2-lower-linear-functions-data,一次函数与数据分析,fill-in,Exam,某市出租车收费标准如下：起步价8元（含3千米），超过3千米后每千米1.5元，超过10千米后每千米加收50%的空驶费。小明乘坐出租车行驶了x千米（x>3），付费y元。当x=12时，y=______元。,,23,23 | 23元,当x=12时，超过3千米，且超过10千米。费用为：起步价8元 + 3至10千米的费用1.5×(10-3)=10.5元 + 超过10千米的费用1.5×(1+50%)×(12-10)=2.25×2=4.5元，总计8+10.5+4.5=23元。,pep-junior-s2-lower-linear-functions-data,pep-junior-s2-lower-paper-linear-functions,pep-junior-exam-applied-modeling-finance-rate,passed,needs-review,deepseek-original-v3-1200; pending-s18-manual-review
pep-junior-v3-s2-k09-fi-014,junior-rag-v3-1200,S2,lower,pep-junior-s2-lower-linear-functions-data,一次函数与数据分析,fill-in,Exam,比较大小：3√5 ______ 2√11（填“>”“<”或“=”）。,,>,>,3√5 = √(9×5) = √45，2√11 = √(4×11) = √44。因为45>44，所以√45>√44，即3√5 > 2√11。,pep-junior-s2-lower-linear-functions-data,pep-junior-s2-lower-paper-data-analysis,pep-junior-exam-number-sense-real-numbers,passed,needs-review,deepseek-original-v3-1200; pending-s18-manual-review
pep-junior-v3-s2-k09-fi-015,junior-rag-v3-1200,S2,lower,pep-junior-s2-lower-linear-functions-data,一次函数与数据分析,fill-in,Exam,某商店销售一种商品，成本为每件20元，售价为每件30元，每天可售出100件。经调查发现，售价每降低1元，每天可多售出10件。设每件降价x元（x为正整数），每天利润为y元。当y=1200时，x的值为______。,,2或10,"2或10 | 2,10 | 10或2 | 10,2",降价x元后，售价为(30-x)元，每件利润为(30-x-20)=(10-x)元，销量为(100+10x)件。利润y=(10-x)(100+10x)= -10x²+100x+1000。令y=1200，得-10x²+100x+1000=1200，即x²-10x+20=0，解得x=2或x=10。,pep-junior-s2-lower-linear-functions-data,pep-junior-s2-lower-paper-integrated-review,pep-junior-exam-linear-equation-inequality-models,passed,needs-review,deepseek-original-v3-1200; pending-s18-manual-review
pep-junior-v3-s2-k09-fi-016,junior-rag-v3-1200,S2,lower,pep-junior-s2-lower-linear-functions-data,一次函数与数据分析,fill-in,Exam,已知x = √5 + 2，y = √5 - 2，则x²y + xy² = ______。,,2√5,2√5,x²y + xy² = xy(x+y)。xy = (√5+2)(√5-2) = 5-4 = 1，x+y = (√5+2)+(√5-2) = 2√5，所以原式 = 1 × 2√5 = 2√5。,pep-junior-s2-lower-linear-functions-data,pep-junior-s2-lower-paper-quadratic-radicals,pep-junior-exam-polynomial-factorization-fractions,passed,needs-review,deepseek-original-v3-1200; pending-s18-manual-review
pep-junior-v3-s2-k09-fi-017,junior-rag-v3-1200,S2,lower,pep-junior-s2-lower-linear-functions-data,一次函数与数据分析,fill-in,Exam,某快递公司规定：寄送物品的质量不超过1千克时，收费8元；超过1千克后，每增加0.5千克加收2元（不足0.5千克按0.5千克计算）。设物品质量为x千克（x>0），费用为y元。 （1）当0<x≤1时，y关于x的函数解析式为______； （2）当x>1时，y关于x的函数解析式为______（用含x的式子表示）。,,（1）y=8；（2）y=8+4(x-1),"（1）y=8；（2）y=8+4(x-1) | y=8；y=8+4(x-1) | y=8; y=8+4(x-1) | y=8,y=8+4(x-1)",当0<x≤1时，费用固定为8元，所以y=8。当x>1时，超出1千克的部分为(x-1)千克，每0.5千克加收2元，即每千克加收4元，所以加收费用为4(x-1)，总费用y=8+4(x-1)。故答案为（1）y=8；（2）y=8+4(x-1)。,pep-junior-s2-lower-linear-functions-data,pep-junior-s2-lower-paper-pythagorean-theorem,pep-junior-exam-triangles-congruence-proof,passed,needs-review,deepseek-original-v3-1200; pending-s18-manual-review
pep-junior-v3-s2-k09-fi-018,junior-rag-v3-1200,S2,lower,pep-junior-s2-lower-linear-functions-data,一次函数与数据分析,fill-in,Exam,"已知一次函数y=kx+b的图象经过点(1,4)和(3,10)。 （1）求k和b的值； （2）若点(a,6)在该函数图象上，求a的值。",,（1）k=3，b=1；（2）a=5/3,"（1）k=3，b=1；（2）a=5/3 | k=3，b=1；a=5/3 | k=3,b=1;a=5/3 | k=3,b=1,a=5/3","将点(1,4)和(3,10)代入y=kx+b，得方程组：k+b=4，3k+b=10。解得k=3，b=1。所以函数解析式为y=3x+1。将y=6代入得3x+1=6，解得x=5/3，即a=5/3。故答案为（1）k=3，b=1；（2）a=5/3。",pep-junior-s2-lower-linear-functions-data,pep-junior-s2-lower-paper-quadrilaterals,pep-junior-exam-quadrilaterals-pythagorean,passed,needs-review,deepseek-original-v3-1200; pending-s18-manual-review
pep-junior-v3-s2-k09-fi-019,junior-rag-v3-1200,S2,lower,pep-junior-s2-lower-linear-functions-data,一次函数与数据分析,fill-in,Exam,在平面直角坐标系中，将直线y=2x+1先向右平移3个单位，再向下平移2个单位，得到直线l。 （1）直线l的解析式为______； （2）直线l与x轴的交点坐标为______。,,"（1）y=2x-7；（2）(3.5,0)或(7/2,0)","（1）y=2x-7；（2）(3.5,0)或(7/2,0) | （1）y=2x-7；（2）(3.5,0) | （1）y=2x-7；（2）(7/2,0) | y=2x-7；(3.5,0) | y=2x-7；(7/2,0)","直线y=2x+1向右平移3个单位，根据“左加右减”，x变为x-3，得y=2(x-3)+1=2x-5；再向下平移2个单位，根据“上加下减”，得y=2x-5-2=2x-7。所以直线l的解析式为y=2x-7。令y=0，得0=2x-7，解得x=3.5，所以交点坐标为(3.5,0)。故答案为（1）y=2x-7；（2）(3.5,0)或(7/2,0)。",pep-junior-s2-lower-linear-functions-data,pep-junior-s2-lower-paper-linear-functions,pep-junior-exam-coordinate-transformations,passed,needs-review,deepseek-original-v3-1200; pending-s18-manual-review
pep-junior-v3-s2-k09-fi-020,junior-rag-v3-1200,S2,lower,pep-junior-s2-lower-linear-functions-data,一次函数与数据分析,fill-in,Exam,"某校八年级（1）班20名学生的数学测验成绩（满分100分）如下： 85, 90, 78, 92, 88, 76, 95, 89, 84, 91, 87, 83, 79, 86, 93, 80, 82, 77, 94, 81。 （1）这组数据的众数是______； （2）这组数据的中位数是______。",,（1）无众数或没有众数；（2）85.5,（1）无众数或没有众数；（2）85.5 | （1）无众数；（2）85.5 | （1）没有众数；（2）85.5 | 无众数；85.5 | 没有众数；85.5,"将数据从小到大排序：76,77,78,79,80,81,82,83,84,85,86,87,88,89,90,91,92,93,94,95。每个数都只出现一次，所以没有众数。数据个数为20，中位数是第10和第11个数的平均数，即(85+86)/2=85.5。故答案为（1）无众数或没有众数；（2）85.5。",pep-junior-s2-lower-linear-functions-data,pep-junior-s2-lower-paper-data-analysis,pep-junior-exam-proof-calculation-integrated,passed,needs-review,deepseek-original-v3-1200; pending-s18-manual-review
pep-junior-v3-s2-k09-fi-021,junior-rag-v3-1200,S2,lower,pep-junior-s2-lower-linear-functions-data,一次函数与数据分析,fill-in,Exam,已知一次函数y=(m-2)x+m+1，其中m为常数。 （1）若y随x的增大而减小，求m的取值范围； （2）若函数图象经过第一、二、四象限，求m的取值范围。,,（1）m<2；（2）-1<m<2,"（1）m<2；（2）-1<m<2 | m<2；-1<m<2 | m<2,-1<m<2",（1）y随x的增大而减小，说明一次项系数小于0，即m-2<0，解得m<2。（2）图象经过第一、二、四象限，说明k<0且b>0，即m-2<0且m+1>0，解得m<2且m>-1，所以-1<m<2。故答案为（1）m<2；（2）-1<m<2。,pep-junior-s2-lower-linear-functions-data,pep-junior-s2-lower-paper-integrated-review,pep-junior-exam-linear-functions-graphs,passed,needs-review,deepseek-original-v3-1200; pending-s18-manual-review
pep-junior-v3-s2-k09-fi-022,junior-rag-v3-1200,S2,lower,pep-junior-s2-lower-linear-functions-data,一次函数与数据分析,fill-in,Exam,某班40名学生参加环保知识竞赛，成绩频数分布如下： 50~60分：4人；60~70分：8人；70~80分：12人；80~90分：10人；90~100分：6人。 （1）成绩在80分及以上的学生人数占全班人数的百分比是______； （2）若规定80分及以上为优秀，则优秀率是______。,,（1）40%；（2）40%,"（1）40%；（2）40% | 40%；40% | 40%,40%",成绩在80分及以上的学生包括80~90分和90~100分两个组，人数为10+6=16人。全班40人，所以百分比为16/40×100%=40%。优秀率也是40%。故答案为（1）40%；（2）40%。,pep-junior-s2-lower-linear-functions-data,pep-junior-s2-lower-paper-quadratic-radicals,pep-junior-exam-statistics-probability,passed,needs-review,deepseek-original-v3-1200; pending-s18-manual-review
pep-junior-v3-s2-k09-fi-023,junior-rag-v3-1200,S2,lower,pep-junior-s2-lower-linear-functions-data,一次函数与数据分析,fill-in,Exam,某市出租车收费标准如下：起步价8元（含3千米），超过3千米后每千米1.5元（不足1千米按1千米计算）。设行驶路程为x千米（x>0），应付车费为y元。 （1）当0<x≤3时，y=______； （2）当x>3时，y=______（用含x的式子表示）； （3）若小明乘坐出租车行驶了7.2千米，则应付车费______元。,,（1）8；（2）y=8+1.5(x-3)；（3）15.5,"（1）8；（2）y=8+1.5(x-3)；（3）15.5 | 8；y=8+1.5(x-3)；15.5 | 8,y=8+1.5(x-3),15.5",当0<x≤3时，车费为起步价8元。当x>3时，超出3千米的部分为(x-3)千米，每千米1.5元，所以y=8+1.5(x-3)。行驶7.2千米，按8千米计算（不足1千米按1千米），所以x=8，y=8+1.5×(8-3)=8+7.5=15.5元。故答案为（1）8；（2）y=8+1.5(x-3)；（3）15.5。,pep-junior-s2-lower-linear-functions-data,pep-junior-s2-lower-paper-pythagorean-theorem,pep-junior-exam-applied-modeling-finance-rate,passed,needs-review,deepseek-original-v3-1200; pending-s18-manual-review
pep-junior-v3-s2-k09-fi-024,junior-rag-v3-1200,S2,lower,pep-junior-s2-lower-linear-functions-data,一次函数与数据分析,fill-in,Exam,"已知点A(2, a)在一次函数y=-3x+5的图象上。 （1）a的值为______； （2）点A关于x轴对称的点B的坐标为______。",,"（1）-1；（2）(2,1)","（1）-1；（2）(2,1) | -1；(2,1) | -1,(2,1)","将x=2代入y=-3x+5，得y=-3×2+5=-1，所以a=-1，点A坐标为(2,-1)。关于x轴对称，横坐标不变，纵坐标互为相反数，所以点B坐标为(2,1)。故答案为（1）-1；（2）(2,1)。",pep-junior-s2-lower-linear-functions-data,pep-junior-s2-lower-paper-quadrilaterals,pep-junior-exam-number-sense-real-numbers,passed,needs-review,deepseek-original-v3-1200; pending-s18-manual-review
pep-junior-v3-s2-k09-fi-025,junior-rag-v3-1200,S2,lower,pep-junior-s2-lower-linear-functions-data,一次函数与数据分析,fill-in,Exam,某商店销售一种商品，每件进价40元，售价60元，每天可售出100件。经调查发现，售价每降低1元，每天多售出10件。设每件降价x元（x为整数），每天利润为y元。 （1）降价后每件利润为______元（用含x的式子表示）； （2）y与x的函数关系式为______； （3）若每天利润要达到2250元，则每件应降价______元。,,（1）20-x；（2）y=(20-x)(100+10x)或y=-10x²+100x+2000；（3）5,"（1）20-x；（2）y=(20-x)(100+10x)或y=-10x²+100x+2000；（3）5 | （1）20-x；（2）y=(20-x)(100+10x)；（3）5 | 20-x；y=(20-x)(100+10x)；5 | 20-x,y=(20-x)(100+10x),5",原来每件利润60-40=20元，降价x元后每件利润为(20-x)元；每天销量为(100+10x)件。所以y=(20-x)(100+10x)。整理得y=-10x²+100x+2000。令y=2250，得-10x²+100x+2000=2250，即x²-10x+25=0，解得x=5。故答案为（1）20-x；（2）y=(20-x)(100+10x)或y=-10x²+100x+2000；（3）5。,pep-junior-s2-lower-linear-functions-data,pep-junior-s2-lower-paper-linear-functions,pep-junior-exam-linear-equation-inequality-models,passed,needs-review,deepseek-original-v3-1200; pending-s18-manual-review
pep-junior-v3-s2-k09-fi-026,junior-rag-v3-1200,S2,lower,pep-junior-s2-lower-linear-functions-data,一次函数与数据分析,fill-in,Exam,"甲、乙两名射击运动员在一次训练中各射击10次，成绩（环数）如下： 甲：8, 9, 7, 10, 8, 9, 9, 8, 7, 9； 乙：9, 8, 10, 7, 8, 9, 9, 10, 8, 7。 （1）甲成绩的方差是______（精确到0.1）； （2）从方差角度看，成绩更稳定的是______。",,（1）0.8；（2）甲,"（1）0.8；（2）甲 | 0.8；甲 | 0.8,甲",甲的平均数=(8+9+7+10+8+9+9+8+7+9)/10=8.4。甲的方差=[(8-8.4)²+(9-8.4)²+(7-8.4)²+(10-8.4)²+(8-8.4)²+(9-8.4)²+(9-8.4)²+(8-8.4)²+(7-8.4)²+(9-8.4)²]/10=[0.16+0.36+1.96+2.56+0.16+0.36+0.36+0.16+1.96+0.36]/10=8.4/10=0.84≈0.8。乙的平均数=(9+8+10+7+8+9+9+10+8+7)/10=8.5。乙的方差=[(9-8.5)²+(8-8.5)²+(10-8.5)²+(7-8.5)²+(8-8.5)²+(9-8.5)²+(9-8.5)²+(10-8.5)²+(8-8.5)²+(7-8.5)²]/10=[0.25+0.25+2.25+2.25+0.25+0.25+0.25+2.25+0.25+2.25]/10=10.5/10=1.05≈1.1。因为0.8<1.1，所以甲的成绩更稳定。故答案为（1）0.8；（2）甲。,pep-junior-s2-lower-linear-functions-data,pep-junior-s2-lower-paper-data-analysis,pep-junior-exam-polynomial-factorization-fractions,passed,needs-review,deepseek-original-v3-1200; pending-s18-manual-review
pep-junior-v3-s2-k09-fi-027,junior-rag-v3-1200,S2,lower,pep-junior-s2-lower-linear-functions-data,一次函数与数据分析,fill-in,Exam,"已知一次函数y=kx+b的图象经过点(2,5)和(-1,-4)，则k=____，b=____。",,"3,-1","3,-1 | k=3,b=-1 | 3和-1 | 3, -1","将点(2,5)和(-1,-4)代入y=kx+b，得方程组：2k+b=5，-k+b=-4。两式相减得3k=9，所以k=3。代入2k+b=5得6+b=5，所以b=-1。因此答案为3,-1。",pep-junior-s2-lower-linear-functions-data,pep-junior-s2-lower-paper-integrated-review,pep-junior-exam-triangles-congruence-proof,passed,needs-review,deepseek-original-v3-1200; pending-s18-manual-review
pep-junior-v3-s2-k09-fi-028,junior-rag-v3-1200,S2,lower,pep-junior-s2-lower-linear-functions-data,一次函数与数据分析,fill-in,Exam,一次函数 y=-2x+7 中，当 x=3 时，y 的值为____。,,1,1,把 x=3 代入 y=-2x+7，得 y=-2×3+7=1。因此 y 的值为1。,pep-junior-s2-lower-linear-functions-data,pep-junior-s2-lower-paper-quadratic-radicals,pep-junior-exam-quadrilaterals-pythagorean,passed,needs-review,deepseek-original-v3-1200; pending-s18-manual-review
pep-junior-v3-s2-k09-fi-029,junior-rag-v3-1200,S2,lower,pep-junior-s2-lower-linear-functions-data,一次函数与数据分析,fill-in,Exam,"在平面直角坐标系中，点A(3,-2)关于x轴对称的点A'的坐标是____。",,"(3,2)","(3,2) | 3,2 | (3, 2)","关于x轴对称的点，横坐标不变，纵坐标互为相反数。点A(3,-2)的对称点横坐标为3，纵坐标为2，即(3,2)。因此答案为(3,2)。",pep-junior-s2-lower-linear-functions-data,pep-junior-s2-lower-paper-pythagorean-theorem,pep-junior-exam-coordinate-transformations,passed,needs-review,deepseek-original-v3-1200; pending-s18-manual-review
pep-junior-v3-s2-k09-fi-030,junior-rag-v3-1200,S2,lower,pep-junior-s2-lower-linear-functions-data,一次函数与数据分析,fill-in,Exam,在平行四边形ABCD中，∠A比∠B大40°，则∠C的度数为____°。,,110,110 | 110° | 110度,平行四边形邻角互补，即∠A+∠B=180°。又∠A-∠B=40°，解方程组得∠A=110°，∠B=70°。平行四边形对角相等，所以∠C=∠A=110°。因此答案为110。,pep-junior-s2-lower-linear-functions-data,pep-junior-s2-lower-paper-quadrilaterals,pep-junior-exam-proof-calculation-integrated,passed,needs-review,deepseek-original-v3-1200; pending-s18-manual-review
pep-junior-v3-s2-k09-fi-031,junior-rag-v3-1200,S2,lower,pep-junior-s2-lower-linear-functions-data,一次函数与数据分析,fill-in,Exam,某快递公司收费标准如下：首重1千克内收费10元，续重每千克收费2元（不足1千克按1千克计）。若邮寄一件重3.2千克的物品，需付快递费____元。,,16,16 | 16元 | 16.0,3.2千克按4千克计费。首重1千克收费10元，续重3千克收费3×2=6元，总计10+6=16元。因此答案为16。,pep-junior-s2-lower-linear-functions-data,pep-junior-s2-lower-paper-linear-functions,pep-junior-exam-linear-functions-graphs,passed,needs-review,deepseek-original-v3-1200; pending-s18-manual-review
pep-junior-v3-s2-k09-fi-032,junior-rag-v3-1200,S2,lower,pep-junior-s2-lower-linear-functions-data,一次函数与数据分析,fill-in,Exam,某班5名同学的身高（单位：cm）分别为：162，165，158，170，165。这组数据的中位数是____cm。,,165,165 | 165cm | 165厘米,将数据从小到大排序：158，162，165，165，170。中间位置的数是165，所以中位数为165。因此答案为165。,pep-junior-s2-lower-linear-functions-data,pep-junior-s2-lower-paper-data-analysis,pep-junior-exam-statistics-probability,passed,needs-review,deepseek-original-v3-1200; pending-s18-manual-review
pep-junior-v3-s2-k09-fi-033,junior-rag-v3-1200,S2,lower,pep-junior-s2-lower-linear-functions-data,一次函数与数据分析,fill-in,Exam,某商店销售一种商品，成本为每件30元，售价为每件45元，每天可售出100件。若每降价1元，每天可多售出20件。为了每天获得最大利润，应将售价定为每件____元。,,40,40 | 40元 | 40.0,设降价x元，则售价为(45-x)元，销量为(100+20x)件。利润y=(45-x-30)(100+20x)=(15-x)(100+20x)= -20x²+200x+1500。当x=-200/(2×(-20))=5时，y最大，此时售价为45-5=40元。因此答案为40。,pep-junior-s2-lower-linear-functions-data,pep-junior-s2-lower-paper-integrated-review,pep-junior-exam-applied-modeling-finance-rate,passed,needs-review,deepseek-original-v3-1200; pending-s18-manual-review
pep-junior-v3-s2-k09-sa-001,junior-rag-v3-1200,S2,lower,pep-junior-s2-lower-linear-functions-data,一次函数与数据分析,short-answer,Exam,"已知一次函数y=kx+b的图象经过点(1,3)和(3,7)。求该函数的表达式，并说明当x=5时y的值。",,y=2x+1；当x=5时，y=11,"y=2x+1；当x=5时，y=11 | y=2x+1, y=11 | 表达式为y=2x+1，x=5时y=11","将点(1,3)和(3,7)代入y=kx+b，得方程组：k+b=3，3k+b=7。解得k=2，b=1。所以表达式为y=2x+1。当x=5时，y=2×5+1=11。因此答案为y=2x+1；当x=5时，y=11。",pep-junior-s2-lower-linear-functions-data,pep-junior-s2-lower-paper-linear-functions,pep-junior-exam-linear-functions-graphs,passed,needs-review,deepseek-original-v3-1200; pending-s18-manual-review
pep-junior-v3-s2-k09-sa-002,junior-rag-v3-1200,S2,lower,pep-junior-s2-lower-linear-functions-data,一次函数与数据分析,short-answer,Exam,"某校八年级两个班各10名学生的数学测验成绩（满分100分）如下： 甲班：78, 85, 92, 67, 88, 75, 90, 83, 79, 81 乙班：82, 86, 91, 73, 89, 80, 94, 77, 84, 88 分别计算两个班的平均分，并说明哪个班的成绩更稳定。",,甲班平均分81.8，乙班平均分84.4，乙班更稳定,甲班平均分81.8，乙班平均分84.4，乙班更稳定 | 甲班81.8，乙班84.4，乙班稳定 | 甲班81.8分，乙班84.4分，乙班更稳定,甲班总分为818，平均分为81.8；乙班总分为844，平均分为84.4。甲班方差为50.96，乙班方差为38.24。乙班方差较小，成绩波动更小，所以乙班更稳定。故答案为甲班平均分81.8，乙班平均分84.4，乙班更稳定。,pep-junior-s2-lower-linear-functions-data,pep-junior-s2-lower-paper-data-analysis,pep-junior-exam-statistics-probability,passed,needs-review,deepseek-original-v3-1200; pending-s18-manual-review
pep-junior-v3-s2-k09-sa-003,junior-rag-v3-1200,S2,lower,pep-junior-s2-lower-linear-functions-data,一次函数与数据分析,short-answer,Exam,某市出租车收费标准为：起步价8元（含3千米），超过3千米后每千米收费1.5元（不足1千米按1千米计）。小明乘坐出租车行驶了x千米（x>3），应付车费y元。写出y与x的函数关系式，并计算当x=8.5时应付的车费。,,y=8+1.5⌈x-3⌉；当x=8.5时，应付17元,y=8+1.5⌈x-3⌉；当x=8.5时，应付17元 | y=8+1.5×ceil(x-3)；x=8.5时17元 | y=8+1.5×向上取整(x-3)；当x=8.5时，应付17元,超过3千米的部分为(x-3)千米，不足1千米按1千米计，所以计费里程为向上取整⌈x-3⌉。车费y=8+1.5×⌈x-3⌉。当x=8.5时，x-3=5.5，向上取整为6，y=8+1.5×6=8+9=17元。因此答案为y=8+1.5⌈x-3⌉；当x=8.5时，应付17元。,pep-junior-s2-lower-linear-functions-data,pep-junior-s2-lower-paper-integrated-review,pep-junior-exam-applied-modeling-finance-rate,passed,needs-review,deepseek-original-v3-1200; pending-s18-manual-review
pep-junior-v3-s2-k09-sa-004,junior-rag-v3-1200,S2,lower,pep-junior-s2-lower-linear-functions-data,一次函数与数据分析,short-answer,Exam,某共享单车平台采用分段计费：骑行前30分钟收费2元，此后每增加15分钟加收1元（不足15分钟按15分钟计算）。小明一次骑行共支付5元，他骑行的最长时间是多少分钟？,,75分钟,75分钟 | 75,前30分钟收费2元，剩余5-2=3元对应加收部分。每1元对应15分钟，3元对应3×15=45分钟。总时间为30+45=75分钟。因此答案为75分钟。,pep-junior-s2-lower-linear-functions-data,pep-junior-s2-lower-paper-quadratic-radicals,pep-junior-exam-number-sense-real-numbers,passed,needs-review,deepseek-original-v3-1200; pending-s18-manual-review
pep-junior-v3-s2-k09-sa-005,junior-rag-v3-1200,S2,lower,pep-junior-s2-lower-linear-functions-data,一次函数与数据分析,short-answer,Exam,一辆货车从甲地出发前往乙地，行驶速度保持60 km/h。行驶2小时后，因道路施工减速为40 km/h，又行驶了1.5小时到达乙地。求甲、乙两地之间的距离。,,180 km,180 km | 180 | 180千米,前2小时行驶距离为60×2=120 km，后1.5小时行驶距离为40×1.5=60 km。总距离为120+60=180 km。因此答案为180 km。,pep-junior-s2-lower-linear-functions-data,pep-junior-s2-lower-paper-pythagorean-theorem,pep-junior-exam-linear-equation-inequality-models,passed,needs-review,deepseek-original-v3-1200; pending-s18-manual-review
pep-junior-v3-s2-k09-sa-006,junior-rag-v3-1200,S2,lower,pep-junior-s2-lower-linear-functions-data,一次函数与数据分析,short-answer,Exam,"某校八年级学生进行跳绳测试，随机抽取10名学生的成绩（单位：次/分钟）如下：156, 172, 165, 180, 168, 174, 159, 171, 163, 177。求这组数据的中位数。",,169.5,169.5 | 169.5次,"将数据从小到大排序：156, 159, 163, 165, 168, 171, 172, 174, 177, 180。数据个数为10，中位数是第5和第6个数的平均数，即(168+171)/2=169.5。因此答案为169.5。",pep-junior-s2-lower-linear-functions-data,pep-junior-s2-lower-paper-quadrilaterals,pep-junior-exam-polynomial-factorization-fractions,passed,needs-review,deepseek-original-v3-1200; pending-s18-manual-review
pep-junior-v3-s2-k09-sa-007,junior-rag-v3-1200,S2,lower,pep-junior-s2-lower-linear-functions-data,一次函数与数据分析,short-answer,Exam,"已知一次函数的图象经过点(2, 5)和(4, 9)，求该函数的解析式。",,y = 2x + 1,y = 2x + 1 | y=2x+1,"设一次函数解析式为y=kx+b。将点(2,5)和(4,9)代入，得方程组：2k+b=5，4k+b=9。两式相减得2k=4，k=2；代入得b=1。所以解析式为y = 2x + 1。",pep-junior-s2-lower-linear-functions-data,pep-junior-s2-lower-paper-linear-functions,pep-junior-exam-triangles-congruence-proof,passed,needs-review,deepseek-original-v3-1200; pending-s18-manual-review
pep-junior-v3-s2-k09-sa-008,junior-rag-v3-1200,S2,lower,pep-junior-s2-lower-linear-functions-data,一次函数与数据分析,short-answer,Exam,某班一次数学测验的成绩分布为：60分以下2人，60～70分5人，70～80分8人，80～90分12人，90～100分3人。求该班成绩的众数所在的分数段。,,80～90分,80～90分 | 80-90分,众数是出现次数最多的数据。在给出的分数段中，80～90分的人数最多，为12人，因此众数所在的分数段是80～90分。,pep-junior-s2-lower-linear-functions-data,pep-junior-s2-lower-paper-data-analysis,pep-junior-exam-quadrilaterals-pythagorean,passed,needs-review,deepseek-original-v3-1200; pending-s18-manual-review
pep-junior-v3-s2-k09-sa-009,junior-rag-v3-1200,S2,lower,pep-junior-s2-lower-linear-functions-data,一次函数与数据分析,short-answer,Exam,"在平面直角坐标系中，将点A(-3, 2)先向右平移5个单位，再向下平移3个单位得到点B。求点B的坐标。",,"(2, -1)","(2, -1) | （2，-1）","点A(-3,2)向右平移5个单位，横坐标加5得2；向下平移3个单位，纵坐标减3得-1。因此点B的坐标为(2, -1)。",pep-junior-s2-lower-linear-functions-data,pep-junior-s2-lower-paper-integrated-review,pep-junior-exam-coordinate-transformations,passed,needs-review,deepseek-original-v3-1200; pending-s18-manual-review
pep-junior-v3-s2-k09-sa-010,junior-rag-v3-1200,S2,lower,pep-junior-s2-lower-linear-functions-data,一次函数与数据分析,short-answer,Exam,化简二次根式：√(48) - √(27) + √(12)。,,3√3,3√3 | 3倍根号3,√48 = 4√3，√27 = 3√3，√12 = 2√3。原式 = 4√3 - 3√3 + 2√3 = (4-3+2)√3 = 3√3。因此答案为3√3。,pep-junior-s2-lower-linear-functions-data,pep-junior-s2-lower-paper-quadratic-radicals,pep-junior-exam-proof-calculation-integrated,passed,needs-review,deepseek-original-v3-1200; pending-s18-manual-review
pep-junior-v3-s2-k09-sa-011,junior-rag-v3-1200,S2,lower,pep-junior-s2-lower-linear-functions-data,一次函数与数据分析,short-answer,Exam,某品牌手机电池的剩余电量y（%）与使用时间x（小时）满足一次函数关系。使用2小时后，剩余电量为80%；使用5小时后，剩余电量为50%。求y与x的函数关系式。,,y = -10x + 100,y = -10x + 100 | y=-10x+100,设y=kx+b。由题意得：2k+b=80，5k+b=50。两式相减得3k=-30，k=-10；代入得b=100。所以关系式为y = -10x + 100。,pep-junior-s2-lower-linear-functions-data,pep-junior-s2-lower-paper-pythagorean-theorem,pep-junior-exam-linear-functions-graphs,passed,needs-review,deepseek-original-v3-1200; pending-s18-manual-review
pep-junior-v3-s2-k09-sa-012,junior-rag-v3-1200,S2,lower,pep-junior-s2-lower-linear-functions-data,一次函数与数据分析,short-answer,Exam,一个不透明的袋子里装有3个红球和5个白球，每个球除颜色外都相同。从中任意摸出一个球，摸到红球的概率是多少？,,3/8,3/8 | 八分之三,袋中共有3+5=8个球，其中红球有3个。摸到红球的概率为红球数除以总数，即3/8。因此答案为3/8。,pep-junior-s2-lower-linear-functions-data,pep-junior-s2-lower-paper-quadrilaterals,pep-junior-exam-statistics-probability,passed,needs-review,deepseek-original-v3-1200; pending-s18-manual-review
pep-junior-v3-s2-k09-sa-013,junior-rag-v3-1200,S2,lower,pep-junior-s2-lower-linear-functions-data,一次函数与数据分析,short-answer,Exam,某电信公司推出两种话费套餐：A套餐月租20元，通话费0.15元/分钟；B套餐无月租，通话费0.25元/分钟。当每月通话时间为多少分钟时，两种套餐的费用相同？,,200分钟,200分钟 | 200,设通话时间为x分钟。A套餐费用为20+0.15x，B套餐费用为0.25x。令两者相等：20+0.15x=0.25x，解得0.1x=20，x=200。因此当通话时间为200分钟时，两种套餐费用相同。,pep-junior-s2-lower-linear-functions-data,pep-junior-s2-lower-paper-linear-functions,pep-junior-exam-applied-modeling-finance-rate,passed,needs-review,deepseek-original-v3-1200; pending-s18-manual-review
pep-junior-v3-s2-k09-sa-014,junior-rag-v3-1200,S2,lower,pep-junior-s2-lower-linear-functions-data,一次函数与数据分析,short-answer,Challenge,某校八年级两个班级进行跳绳比赛，每班各派5名学生参赛。一班成绩（次/分钟）：178，185，172，190，168；二班成绩（次/分钟）：175，182，180，176，179。请分别计算两个班级的平均成绩，并判断哪个班级的平均成绩更高。,,一班平均成绩178.6次/分钟，二班平均成绩178.4次/分钟，一班平均成绩更高。,一班平均成绩178.6次/分钟，二班平均成绩178.4次/分钟，一班平均成绩更高。 | 一班平均178.6，二班平均178.4，一班更高。 | 178.6和178.4，一班高。,一班平均成绩 = (178+185+172+190+168) ÷ 5 = 893 ÷ 5 = 178.6次/分钟。二班平均成绩 = (175+182+180+176+179) ÷ 5 = 892 ÷ 5 = 178.4次/分钟。因为178.6 > 178.4，所以一班平均成绩更高。答案：一班平均成绩178.6次/分钟，二班平均成绩178.4次/分钟，一班平均成绩更高。,pep-junior-s2-lower-linear-functions-data,pep-junior-s2-lower-paper-data-analysis,pep-junior-exam-number-sense-real-numbers,passed,needs-review,deepseek-original-v3-1200; pending-s18-manual-review
pep-junior-v3-s2-k09-sa-015,junior-rag-v3-1200,S2,lower,pep-junior-s2-lower-linear-functions-data,一次函数与数据分析,short-answer,Challenge,某市出租车收费标准如下：起步价8元（含3千米），超过3千米后每千米收费1.5元。小明乘坐出租车行驶了x千米（x > 3），应付车费y元。请写出y关于x的函数关系式，并计算当行驶10千米时应付多少元。,,y = 1.5x + 3.5，当x=10时，y=18.5元。,y = 1.5x + 3.5，当x=10时，y=18.5元。 | y=1.5x+3.5，18.5元。 | 函数关系式y=1.5x+3.5，应付18.5元。,起步价8元包含3千米，超过3千米后每千米1.5元，所以超过部分的费用为1.5(x-3)元。总费用y = 8 + 1.5(x-3) = 8 + 1.5x - 4.5 = 1.5x + 3.5。因此函数关系式为y = 1.5x + 3.5。当x=10时，y = 1.5×10 + 3.5 = 15 + 3.5 = 18.5元。答案：y = 1.5x + 3.5，当x=10时，y=18.5元。,pep-junior-s2-lower-linear-functions-data,pep-junior-s2-lower-paper-integrated-review,pep-junior-exam-linear-equation-inequality-models,passed,needs-review,deepseek-original-v3-1200; pending-s18-manual-review
pep-junior-v3-s2-k09-sa-016,junior-rag-v3-1200,S2,lower,pep-junior-s2-lower-linear-functions-data,一次函数与数据分析,short-answer,Challenge,某打印店有两种收费方案：方案甲收取20元服务费，每张4元；方案乙不收服务费，每张6元。设打印 x 张时两种方案费用分别为 y甲、y乙。 （1）写出 y甲、y乙 关于 x 的关系式； （2）当打印多少张时两种方案费用相同； （3）打印15张时选择哪种方案更省钱？,,（1）y甲=4x+20，y乙=6x；（2）10张；（3）方案甲更省钱,（1）y甲=4x+20，y乙=6x；（2）10张；（3）方案甲更省钱 | y甲=4x+20，y乙=6x；10张；方案甲,方案甲每张4元并收20元服务费，所以 y甲=4x+20；方案乙每张6元，所以 y乙=6x。令4x+20=6x，得x=10。打印15张时，方案甲费用为4×15+20=80元，方案乙费用为6×15=90元，所以方案甲更省钱。,pep-junior-s2-lower-linear-functions-data,pep-junior-s2-lower-paper-quadratic-radicals,pep-junior-exam-polynomial-factorization-fractions,passed,needs-review,deepseek-original-v3-1200; pending-s18-manual-review
pep-junior-v3-s2-k09-sa-017,junior-rag-v3-1200,S2,lower,pep-junior-s2-lower-linear-functions-data,一次函数与数据分析,short-answer,Challenge,"已知一次函数的图象经过点(2,7)和(5,16)。 （1）求这个一次函数的解析式； （2）判断点(10,31)是否在该函数图象上，并说明理由。",,"解析式为 y=3x+1，点(10,31)在图象上","解析式为 y=3x+1，点(10,31)在图象上 | y=3x+1，在图象上 | y = 3x + 1，点(10,31)在图象上","设一次函数为 y=kx+b。由两点可得 k=(16-7)/(5-2)=3。代入点(2,7)，得7=3×2+b，b=1，所以解析式为 y=3x+1。当x=10时，y=3×10+1=31，所以点(10,31)在图象上。",pep-junior-s2-lower-linear-functions-data,pep-junior-s2-lower-paper-pythagorean-theorem,pep-junior-exam-triangles-congruence-proof,passed,needs-review,deepseek-original-v3-1200; pending-s18-manual-review
pep-junior-v3-s2-k09-sa-018,junior-rag-v3-1200,S2,lower,pep-junior-s2-lower-linear-functions-data,一次函数与数据分析,short-answer,Challenge,某小组8名学生一次数学小测的成绩为：76，80，82，84，84，86，90，94。求这组数据的中位数和众数，并说明计算过程。,,中位数为84，众数为84,中位数为84，众数为84 | 中位数84，众数84 | 84，84,这组数据已经按从小到大排列，共8个数，中位数是第4个和第5个数的平均数，即(84+84)/2=84。84出现2次，次数最多，所以众数为84。因此中位数为84，众数为84。,pep-junior-s2-lower-linear-functions-data,pep-junior-s2-lower-paper-quadrilaterals,pep-junior-exam-quadrilaterals-pythagorean,passed,needs-review,deepseek-original-v3-1200; pending-s18-manual-review
pep-junior-v3-s2-k09-sa-019,junior-rag-v3-1200,S2,lower,pep-junior-s2-lower-linear-functions-data,一次函数与数据分析,short-answer,Challenge,"已知一次函数y = kx + b的图象经过点(2, 5)和(-1, -4)。求该函数的表达式，并说明图象经过哪几个象限。",,y = 3x - 1，图象经过第一、三、四象限。,y = 3x - 1，图象经过第一、三、四象限。 | y=3x-1，经过一、三、四象限。 | 表达式y=3x-1，象限：一、三、四。,"将点(2,5)和(-1,-4)代入y=kx+b，得方程组：5 = 2k + b，-4 = -k + b。两式相减得9 = 3k，解得k = 3。代入得b = 5 - 2×3 = -1。所以函数表达式为y = 3x - 1。因为k = 3 > 0，b = -1 < 0，所以图象经过第一、三、四象限。答案：y = 3x - 1，图象经过第一、三、四象限。",pep-junior-s2-lower-linear-functions-data,pep-junior-s2-lower-paper-linear-functions,pep-junior-exam-coordinate-transformations,passed,needs-review,deepseek-original-v3-1200; pending-s18-manual-review
pep-junior-v3-s2-k09-sa-020,junior-rag-v3-1200,S2,lower,pep-junior-s2-lower-linear-functions-data,一次函数与数据分析,short-answer,Challenge,某校八年级学生进行体能测试，随机抽取10名学生的立定跳远成绩（单位：cm）如下：210，205，215，200，208，212，207，203，211，209。求这组数据的方差。,,17.8,17.8 | 17.8。 | 方差为17.8,先求平均数：x̄ = (210+205+215+200+208+212+207+203+211+209) ÷ 10 = 2080 ÷ 10 = 208 cm。再求每个数据与平均数的差的平方和：(210-208)²=4，(205-208)²=9，(215-208)²=49，(200-208)²=64，(208-208)²=0，(212-208)²=16，(207-208)²=1，(203-208)²=25，(211-208)²=9，(209-208)²=1。平方和 = 4+9+49+64+0+16+1+25+9+1 = 178。方差 = 平方和 ÷ 数据个数 = 178 ÷ 10 = 17.8。故答案为17.8。,pep-junior-s2-lower-linear-functions-data,pep-junior-s2-lower-paper-data-analysis,pep-junior-exam-proof-calculation-integrated,passed,needs-review,deepseek-original-v3-1200; pending-s18-manual-review
pep-junior-v3-s2-k09-sa-021,junior-rag-v3-1200,S2,lower,pep-junior-s2-lower-linear-functions-data,一次函数与数据分析,short-answer,Challenge,某水果店销售苹果，进价为每千克5元，售价为每千克8元。每天固定成本（如租金、人工）为100元。设每天销售x千克苹果，总利润为y元。请写出y关于x的函数关系式，并计算每天至少销售多少千克才能不亏本。,,y = 3x - 100，至少销售34千克。,y = 3x - 100，至少销售34千克。 | y=3x-100，至少34千克。 | 函数关系式y=3x-100，不亏本需销售34千克。,每千克利润 = 售价 - 进价 = 8 - 5 = 3元。总利润y = 每千克利润 × 销售量 - 固定成本 = 3x - 100。不亏本即y ≥ 0，所以3x - 100 ≥ 0，解得x ≥ 100/3 ≈ 33.33。因为x为整数千克，所以至少销售34千克。答案：y = 3x - 100，至少销售34千克。,pep-junior-s2-lower-linear-functions-data,pep-junior-s2-lower-paper-integrated-review,pep-junior-exam-linear-functions-graphs,passed,needs-review,deepseek-original-v3-1200; pending-s18-manual-review
pep-junior-v3-s2-k09-sa-022,junior-rag-v3-1200,S2,lower,pep-junior-s2-lower-linear-functions-data,一次函数与数据分析,short-answer,Challenge,一个不透明的袋子里装有3个红球和2个白球，这些球除颜色外完全相同。从中随机摸出一个球，记录颜色后放回，再随机摸出一个球。求两次都摸到红球的概率。,,9/25,9/25 | 9/25。 | 概率为9/25,每次摸球，红球概率为3/5，白球概率为2/5。因为放回，两次摸球相互独立。两次都摸到红球的概率 = (3/5) × (3/5) = 9/25。答案：9/25。,pep-junior-s2-lower-linear-functions-data,pep-junior-s2-lower-paper-quadratic-radicals,pep-junior-exam-statistics-probability,passed,needs-review,deepseek-original-v3-1200; pending-s18-manual-review
pep-junior-v3-s2-k09-sa-023,junior-rag-v3-1200,S2,lower,pep-junior-s2-lower-linear-functions-data,一次函数与数据分析,short-answer,Challenge,某商场促销，顾客购物满200元可抽奖一次。抽奖箱中有10张卡片，分别标有数字1至10，抽到数字5可获得50元优惠券，抽到其他数字无奖。小明购物满200元，抽奖一次。求小明获得优惠券的概率。,,1/10,1/10 | 1/10。 | 概率为1/10,共有10张卡片，每张被抽到的可能性相同。其中只有数字5对应获奖，即1种情况。所以获得优惠券的概率 = 1/10。答案：1/10。,pep-junior-s2-lower-linear-functions-data,pep-junior-s2-lower-paper-pythagorean-theorem,pep-junior-exam-applied-modeling-finance-rate,passed,needs-review,deepseek-original-v3-1200; pending-s18-manual-review
pep-junior-v3-s2-k09-sa-024,junior-rag-v3-1200,S2,lower,pep-junior-s2-lower-linear-functions-data,一次函数与数据分析,short-answer,Challenge,某共享单车的费用规则为：前30分钟收费2元，此后每增加15分钟（不足15分钟按15分钟计）加收1元。设骑行时间为t分钟（t>0），总费用为y元。请写出y关于t的函数关系式，并计算骑行85分钟的总费用。,,y=2+⌈(t-30)/15⌉×1 (t>30); y=2 (0<t≤30)；骑行85分钟的总费用为6元。,y=2+⌈(t-30)/15⌉×1 (t>30); y=2 (0<t≤30)；骑行85分钟的总费用为6元。 | y=2+ceil((t-30)/15)*1 (t>30); y=2 (0<t≤30)；骑行85分钟的总费用为6元。 | y=2+⌈(t-30)/15⌉ (t>30); y=2 (0<t≤30)；骑行85分钟的总费用为6元。 | y=2+ceil((t-30)/15) (t>30); y=2 (0<t≤30)；骑行85分钟的总费用为6元。,根据题意，前30分钟固定收费2元。超过30分钟后，每15分钟加收1元，不足15分钟按15分钟计，因此超过部分的时间需向上取整。设t>30，则超过时间为t-30分钟，加收费用为⌈(t-30)/15⌉元，故y=2+⌈(t-30)/15⌉×1。当0<t≤30时，y=2。骑行85分钟，t=85>30，超过时间为55分钟，⌈55/15⌉=⌈3.666...⌉=4，因此y=2+4=6元。所以答案是y=2+⌈(t-30)/15⌉×1 (t>30); y=2 (0<t≤30)；骑行85分钟的总费用为6元。,pep-junior-s2-lower-linear-functions-data,pep-junior-s2-lower-paper-quadrilaterals,pep-junior-exam-number-sense-real-numbers,passed,needs-review,deepseek-original-v3-1200; pending-s18-manual-review
pep-junior-v3-s2-k09-sa-025,junior-rag-v3-1200,S2,lower,pep-junior-s2-lower-linear-functions-data,一次函数与数据分析,short-answer,Challenge,某快递公司寄送包裹的收费标准如下：首重1千克内收费10元，续重每0.5千克收费2元（不足0.5千克按0.5千克计）。设包裹重量为x千克（x>0），总费用为y元。请写出y关于x的函数关系式，并计算寄送一个重2.3千克的包裹需要多少元。,,y=10+2×⌈(x-1)/0.5⌉ (x>1); y=10 (0<x≤1)；寄送2.3千克的包裹需要16元。,y=10+2×⌈(x-1)/0.5⌉ (x>1); y=10 (0<x≤1)；寄送2.3千克的包裹需要16元。 | y=10+2*ceil((x-1)/0.5) (x>1); y=10 (0<x≤1)；寄送2.3千克的包裹需要16元。 | y=10+2×⌈2(x-1)⌉ (x>1); y=10 (0<x≤1)；寄送2.3千克的包裹需要16元。 | y=10+2*ceil(2(x-1)) (x>1); y=10 (0<x≤1)；寄送2.3千克的包裹需要16元。,根据题意，首重1千克内收费10元。超过1千克的部分，每0.5千克收费2元，不足0.5千克按0.5千克计，因此续重重量需向上取整。设x>1，则续重重量为x-1千克，续重计费单位数为⌈(x-1)/0.5⌉，续重费用为2×⌈(x-1)/0.5⌉元，故y=10+2×⌈(x-1)/0.5⌉。当0<x≤1时，y=10。寄送2.3千克包裹，x=2.3>1，续重1.3千克，⌈1.3/0.5⌉=⌈2.6⌉=3，续重费用2×3=6元，总费用10+6=16元。所以答案是y=10+2×⌈(x-1)/0.5⌉ (x>1); y=10 (0<x≤1)；寄送2.3千克的包裹需要16元。,pep-junior-s2-lower-linear-functions-data,pep-junior-s2-lower-paper-linear-functions,pep-junior-exam-linear-equation-inequality-models,passed,needs-review,deepseek-original-v3-1200; pending-s18-manual-review
pep-junior-v3-s2-k09-sa-026,junior-rag-v3-1200,S2,lower,pep-junior-s2-lower-linear-functions-data,一次函数与数据分析,short-answer,Challenge,"某校八年级（1）班20名学生参加环保知识竞赛，成绩（单位：分）如下：85, 92, 78, 95, 88, 76, 90, 82, 84, 91, 87, 79, 93, 86, 80, 89, 77, 94, 81, 83。请计算这组数据的平均数、中位数和众数，并说明用哪个统计量描述这组数据的集中趋势比较合适，为什么？",,平均数为85.5分，中位数为85.5分，众数没有（所有成绩均出现一次）。用平均数或中位数描述集中趋势比较合适，因为数据分布比较对称，没有异常值，平均数和中位数接近，都能较好反映整体水平。,平均数为85.5分，中位数为85.5分，众数没有（所有成绩均出现一次）。用平均数或中位数描述集中趋势比较合适，因为数据分布比较对称，没有异常值，平均数和中位数接近，都能较好反映整体水平。 | 平均数为85.5分，中位数为85.5分，众数不存在。用平均数或中位数描述集中趋势比较合适，因为数据分布比较对称，没有异常值，平均数和中位数接近，都能较好反映整体水平。 | 平均数为85.5分，中位数为85.5分，众数无。用平均数或中位数描述集中趋势比较合适，因为数据分布比较对称，没有异常值，平均数和中位数接近，都能较好反映整体水平。,"首先计算平均数：将所有成绩相加得1710分，除以20得85.5分。中位数：将数据从小到大排序：76,77,78,79,80,81,82,83,84,85,86,87,88,89,90,91,92,93,94,95，中间两个数为第10个85和第11个86，平均为85.5分。众数：每个成绩出现一次，没有众数。由于数据分布比较对称，没有极端值，平均数和中位数均为85.5分，都能代表数据的集中趋势，因此用平均数或中位数描述比较合适。所以答案是平均数为85.5分，中位数为85.5分，众数没有（所有成绩均出现一次）。用平均数或中位数描述集中趋势比较合适，因为数据分布比较对称，没有异常值，平均数和中位数接近，都能较好反映整体水平。",pep-junior-s2-lower-linear-functions-data,pep-junior-s2-lower-paper-data-analysis,pep-junior-exam-polynomial-factorization-fractions,passed,needs-review,deepseek-original-v3-1200; pending-s18-manual-review
pep-junior-v3-s2-k09-sa-027,junior-rag-v3-1200,S2,lower,pep-junior-s2-lower-linear-functions-data,一次函数与数据分析,short-answer,Challenge,某水箱开始排水后，剩余水量 y（升）与排水时间 t（分钟）成一次函数关系。已知 t=2 时 y=84，t=5 时 y=60。 （1）求 y 与 t 的函数关系式； （2）水箱排空需要多少分钟？,,（1）y=-8t+100；（2）12.5分钟,（1）y=-8t+100；（2）12.5分钟 | y=-8t+100，12.5分钟 | y = -8t + 100，12.5分钟,"设 y=kt+b。由(2,84)和(5,60)得 k=(60-84)/(5-2)=-8。代入84=-8×2+b，得b=100，所以 y=-8t+100。排空时 y=0，得 -8t+100=0，t=12.5。因此水箱排空需要12.5分钟。",pep-junior-s2-lower-linear-functions-data,pep-junior-s2-lower-paper-integrated-review,pep-junior-exam-triangles-congruence-proof,passed,needs-review,deepseek-original-v3-1200; pending-s18-manual-review
pep-junior-v3-s2-k09-sa-028,junior-rag-v3-1200,S2,lower,pep-junior-s2-lower-linear-functions-data,一次函数与数据分析,short-answer,Challenge,计算：(√48 - √27) ÷ √3 + √(1/3) × √12。,,3,3 | 3.0,先化简各项：√48 = √(16×3) = 4√3，√27 = √(9×3) = 3√3，所以√48 - √27 = 4√3 - 3√3 = √3。除以√3得1。第二项：√(1/3) × √12 = √(1/3 × 12) = √4 = 2。因此原式 = 1 + 2 = 3。所以答案是3。,pep-junior-s2-lower-linear-functions-data,pep-junior-s2-lower-paper-quadratic-radicals,pep-junior-exam-quadrilaterals-pythagorean,passed,needs-review,deepseek-original-v3-1200; pending-s18-manual-review
pep-junior-v3-s2-k09-sa-029,junior-rag-v3-1200,S2,lower,pep-junior-s2-lower-linear-functions-data,一次函数与数据分析,short-answer,Challenge,"在平面直角坐标系中，点A的坐标为(2, -3)，点B的坐标为(-1, 1)。求线段AB的长度（结果保留根号）。",,5,5 | 5.0,根据两点间距离公式，AB = √[(x₂ - x₁)² + (y₂ - y₁)²] = √[(-1 - 2)² + (1 - (-3))²] = √[(-3)² + (4)²] = √(9 + 16) = √25 = 5。所以答案是5。,pep-junior-s2-lower-linear-functions-data,pep-junior-s2-lower-paper-pythagorean-theorem,pep-junior-exam-coordinate-transformations,passed,needs-review,deepseek-original-v3-1200; pending-s18-manual-review
pep-junior-v3-s2-k09-sa-030,junior-rag-v3-1200,S2,lower,pep-junior-s2-lower-linear-functions-data,一次函数与数据分析,short-answer,Challenge,在平行四边形ABCD中，已知∠A = 2∠B，求∠C的度数。,,120°,120° | 120度,在平行四边形中，邻角互补，即∠A + ∠B = 180°。又已知∠A = 2∠B，代入得2∠B + ∠B = 180°，3∠B = 180°，∠B = 60°。则∠A = 120°。平行四边形对角相等，所以∠C = ∠A = 120°。所以答案是120°。,pep-junior-s2-lower-linear-functions-data,pep-junior-s2-lower-paper-quadrilaterals,pep-junior-exam-proof-calculation-integrated,passed,needs-review,deepseek-original-v3-1200; pending-s18-manual-review
pep-junior-v3-s2-k09-sa-031,junior-rag-v3-1200,S2,lower,pep-junior-s2-lower-linear-functions-data,一次函数与数据分析,short-answer,Challenge,"已知一次函数y = kx + b的图象经过点(1, -2)和(3, 4)。求这个一次函数的解析式。",,y = 3x - 5,y = 3x - 5 | y=3x-5,将两点坐标代入y = kx + b，得方程组：-2 = k·1 + b，4 = k·3 + b。两式相减得6 = 2k，k = 3。代入第一个方程：-2 = 3 + b，b = -5。所以解析式为y = 3x - 5。所以答案是y = 3x - 5。,pep-junior-s2-lower-linear-functions-data,pep-junior-s2-lower-paper-linear-functions,pep-junior-exam-linear-functions-graphs,passed,needs-review,deepseek-original-v3-1200; pending-s18-manual-review
pep-junior-v3-s2-k09-sa-032,junior-rag-v3-1200,S2,lower,pep-junior-s2-lower-linear-functions-data,一次函数与数据分析,short-answer,Challenge,"某校篮球队5名队员的身高（单位：厘米）分别为：178, 182, 175, 180, 185。后来新加入一名队员，身高为190厘米。请分别计算加入前后队员身高的平均数和中位数，并说明新队员的加入对平均数和中位数哪个影响更大，为什么？",,加入前：平均数为180厘米，中位数为180厘米；加入后：平均数为181.67厘米（保留两位小数），中位数为181厘米。新队员的加入对平均数影响更大，因为平均数受极端值影响较大，而中位数相对稳定。,加入前：平均数为180厘米，中位数为180厘米；加入后：平均数为181.67厘米（保留两位小数），中位数为181厘米。新队员的加入对平均数影响更大，因为平均数受极端值影响较大，而中位数相对稳定。 | 加入前：平均数为180厘米，中位数为180厘米；加入后：平均数为181.67厘米，中位数为181厘米。新队员的加入对平均数影响更大，因为平均数受极端值影响较大，而中位数相对稳定。,"加入前：5名队员身高总和为178+182+175+180+185=900厘米，平均数为900÷5=180厘米。排序：175,178,180,182,185，中位数为180厘米。加入后：6名队员身高总和为900+190=1090厘米，平均数为1090÷6≈181.67厘米。排序：175,178,180,182,185,190，中间两个数为180和182，中位数为(180+182)÷2=181厘米。平均数从180变为181.67，变化约1.67厘米；中位数从180变为181，变化1厘米。平均数变化更大，因为190是极端值，拉高了平均数，而中位数只受中间值影响，变化较小。所以答案是加入前：平均数为180厘米，中位数为180厘米；加入后：平均数为181.67厘米（保留两位小数），中位数为181厘米。新队员的加入对平均数影响更大，因为平均数受极端值影响较大，而中位数相对稳定。",pep-junior-s2-lower-linear-functions-data,pep-junior-s2-lower-paper-data-analysis,pep-junior-exam-statistics-probability,passed,needs-review,deepseek-original-v3-1200; pending-s18-manual-review
pep-junior-v3-s2-k09-sa-033,junior-rag-v3-1200,S2,lower,pep-junior-s2-lower-linear-functions-data,一次函数与数据分析,short-answer,Challenge,某商场促销活动：一次性购物满100元打9折，满200元打8折，满300元打7折。小丽想买一件标价250元的衣服和一双标价180元的鞋子。她有两种购买方案：方案一：分开付款，先买衣服再买鞋子；方案二：合并付款。请问哪种方案更省钱？省多少钱？,,方案二更省钱，省61元。,方案二更省钱，省61元。 | 方案二更省钱，省61元,方案一：分开付款。衣服250元，满200打8折，需付250×0.8=200元。鞋子180元，满100打9折，需付180×0.9=162元。总费用200+162=362元。方案二：合并付款，总价250+180=430元，满300打7折，需付430×0.7=301元。比较：362-301=61元，方案二更省钱，省61元。所以答案是方案二更省钱，省61元。,pep-junior-s2-lower-linear-functions-data,pep-junior-s2-lower-paper-integrated-review,pep-junior-exam-applied-modeling-finance-rate,passed,needs-review,deepseek-original-v3-1200; pending-s18-manual-review
pep-junior-v3-s3-k10-mc-001,junior-rag-v3-1200,S3,upper,pep-junior-s3-upper-quadratics-circle-probability,一元二次方程、二次函数、圆与概率初步,multiple-choice,Foundation,一元二次方程 x² - 5x + c = 0 有两个不相等的实数根，则常数 c 可以是下列哪个数？,c = 6 | c = 7 | c = 8 | c = 9,c = 6,c = 6 | 6,方程有两个不相等的实数根，判别式 Δ = (-5)² - 4×1×c = 25 - 4c > 0，解得 c < 6.25。选项中只有 c = 6 满足 c < 6.25。,pep-junior-s3-upper-quadratics-circle-probability,pep-junior-s3-upper-paper-integrated-review,pep-junior-exam-quadratic-equations-functions,passed,needs-review,deepseek-original-v3-1200; pending-s18-manual-review
pep-junior-v3-s3-k10-mc-002,junior-rag-v3-1200,S3,upper,pep-junior-s3-upper-quadratics-circle-probability,一元二次方程、二次函数、圆与概率初步,multiple-choice,Foundation,在⊙O中，弦AB与弦CD相交于点P，若∠APC = 70°，且弧AC的度数为80°，则弧BD的度数是多少？,60° | 70° | 80° | 100°,60°,60° | 60,圆内角∠APC的度数等于它所对的两段弧的度数之和的一半，即∠APC = (弧AC的度数 + 弧BD的度数) / 2。代入70° = (80° + 弧BD的度数) / 2，解得弧BD的度数为60°。,pep-junior-s3-upper-quadratics-circle-probability,pep-junior-s3-upper-paper-quadratic-equations,pep-junior-exam-circle-geometry,passed,needs-review,deepseek-original-v3-1200; pending-s18-manual-review
pep-junior-v3-s3-k10-mc-003,junior-rag-v3-1200,S3,upper,pep-junior-s3-upper-quadratics-circle-probability,一元二次方程、二次函数、圆与概率初步,multiple-choice,Foundation,一个不透明的袋子里装有3个红球和2个白球，除颜色外完全相同。随机摸出一个球，记录颜色后放回，再随机摸出一个球。两次都摸到红球的概率是多少？,3/10 | 9/25 | 3/5 | 6/25,9/25,9/25 | 0.36,每次摸到红球的概率是3/5，因为是有放回，两次独立。两次都摸到红球的概率为(3/5)×(3/5)=9/25。,pep-junior-s3-upper-quadratics-circle-probability,pep-junior-s3-upper-paper-quadratic-functions,pep-junior-exam-statistics-probability,passed,needs-review,deepseek-original-v3-1200; pending-s18-manual-review
pep-junior-v3-s3-k10-mc-004,junior-rag-v3-1200,S3,upper,pep-junior-s3-upper-quadratics-circle-probability,一元二次方程、二次函数、圆与概率初步,multiple-choice,Foundation,"一次函数 y = kx + b 的图象经过点 (2, 5) 和 (4, 9)，则 k 和 b 的值分别是多少？","k = 2, b = 1 | k = 2, b = 3 | k = 3, b = -1 | k = 1, b = 3","k = 2, b = 1","k = 2, b = 1 | k=2, b=1","将两点代入得方程组：5 = 2k + b，9 = 4k + b。两式相减得4 = 2k，k = 2。代入5 = 4 + b，b = 1。所以k = 2, b = 1。",pep-junior-s3-upper-quadratics-circle-probability,pep-junior-s3-upper-paper-circle-geometry,pep-junior-exam-linear-functions-graphs,passed,needs-review,deepseek-original-v3-1200; pending-s18-manual-review
pep-junior-v3-s3-k10-mc-005,junior-rag-v3-1200,S3,upper,pep-junior-s3-upper-quadratics-circle-probability,一元二次方程、二次函数、圆与概率初步,multiple-choice,Foundation,抛掷一枚质地均匀的硬币两次，至少有一次正面朝上的概率是多少？,1/4 | 1/2 | 3/4 | 1,3/4,3/4 | 0.75,所有等可能的结果为：正正、正反、反正、反反，共4种。至少有一次正面朝上的有3种。概率为3/4。,pep-junior-s3-upper-quadratics-circle-probability,pep-junior-s3-upper-paper-probability-introduction,pep-junior-exam-coordinate-transformations,passed,needs-review,deepseek-original-v3-1200; pending-s18-manual-review
pep-junior-v3-s3-k10-mc-006,junior-rag-v3-1200,S3,upper,pep-junior-s3-upper-quadratics-circle-probability,一元二次方程、二次函数、圆与概率初步,multiple-choice,Foundation,"点A的坐标是 (3, -2)，将点A绕原点顺时针旋转90°后得到点B，则点B的坐标是什么？","(-2, -3) | (2, 3) | (-2, 3) | (2, -3)","(-2, -3)","(-2, -3) | (-2,-3)","点 (x, y) 绕原点顺时针旋转90°后坐标为 (y, -x)。所以 (3, -2) 变为 (-2, -3)。",pep-junior-s3-upper-quadratics-circle-probability,pep-junior-s3-upper-paper-rotation-transformations,pep-junior-exam-inverse-proportion-models,passed,needs-review,deepseek-original-v3-1200; pending-s18-manual-review
pep-junior-v3-s3-k10-mc-007,junior-rag-v3-1200,S3,upper,pep-junior-s3-upper-quadratics-circle-probability,一元二次方程、二次函数、圆与概率初步,multiple-choice,Foundation,下列各数中，绝对值最小的是哪一个？,-3.5 | 0 | 2.1 | -1.8,0,0,绝对值表示数在数轴上的点到原点的距离。|-3.5|=3.5，|0|=0，|2.1|=2.1，|-1.8|=1.8。0的绝对值最小，为0。,pep-junior-s3-upper-quadratics-circle-probability,pep-junior-s3-upper-paper-integrated-review,pep-junior-exam-number-sense-real-numbers,passed,needs-review,deepseek-original-v3-1200; pending-s18-manual-review
pep-junior-v3-s3-k10-mc-008,junior-rag-v3-1200,S3,upper,pep-junior-s3-upper-quadratics-circle-probability,一元二次方程、二次函数、圆与概率初步,multiple-choice,Foundation,某商店将进价为每件40元的商品按每件50元出售，每天可售出100件。经调查发现，售价每提高1元，日销量减少2件。设售价定为x元，每天的利润为y元，则y与x的函数关系式是什么？,y = -2x² + 280x - 8000 | y = -2x² + 260x - 8000 | y = -2x² + 280x - 8800 | y = -2x² + 260x - 8800,y = -2x² + 280x - 8000,y = -2x² + 280x - 8000 | y=-2x²+280x-8000,售价为x元，每件利润为(x-40)元。售价提高(x-50)元，日销量减少2(x-50)件，日销量为100 - 2(x-50) = 200 - 2x件。利润y = (x-40)(200-2x) = -2x² + 280x - 8000。,pep-junior-s3-upper-quadratics-circle-probability,pep-junior-s3-upper-paper-quadratic-equations,pep-junior-exam-linear-equation-inequality-models,passed,needs-review,deepseek-original-v3-1200; pending-s18-manual-review
pep-junior-v3-s3-k10-mc-009,junior-rag-v3-1200,S3,upper,pep-junior-s3-upper-quadratics-circle-probability,一元二次方程、二次函数、圆与概率初步,multiple-choice,Foundation,化简分式 (x² - 4) / (x² - 4x + 4)，并求当 x = 3 时的值。,(x+2)/(x-2)，值为5 | (x+2)/(x-2)，值为-5 | (x-2)/(x+2)，值为1/5 | (x-2)/(x+2)，值为5,(x+2)/(x-2)，值为5,(x+2)/(x-2)，值为5 | 5,分子因式分解为(x+2)(x-2)，分母为(x-2)²。约去公因式(x-2)得(x+2)/(x-2)。当x=3时，值为(3+2)/(3-2)=5。,pep-junior-s3-upper-quadratics-circle-probability,pep-junior-s3-upper-paper-quadratic-functions,pep-junior-exam-polynomial-factorization-fractions,passed,needs-review,deepseek-original-v3-1200; pending-s18-manual-review
pep-junior-v3-s3-k10-mc-010,junior-rag-v3-1200,S3,upper,pep-junior-s3-upper-quadratics-circle-probability,一元二次方程、二次函数、圆与概率初步,multiple-choice,Foundation,一元二次方程 x²-5x+6=0 的两个根是？,x=1或x=6 | x=2或x=3 | x=-2或x=-3 | x=0或x=5,x=2或x=3,x=2或x=3 | 2和3 | x=3或x=2,分解因式得 x²-5x+6=(x-2)(x-3)。令(x-2)(x-3)=0，得x=2或x=3。,pep-junior-s3-upper-quadratics-circle-probability,pep-junior-s3-upper-paper-circle-geometry,pep-junior-exam-triangles-congruence-proof,passed,needs-review,deepseek-original-v3-1200; pending-s18-manual-review
pep-junior-v3-s3-k10-mc-011,junior-rag-v3-1200,S3,upper,pep-junior-s3-upper-quadratics-circle-probability,一元二次方程、二次函数、圆与概率初步,multiple-choice,Foundation,在一个不透明的布袋中装有 3 个红球和 2 个白球，每个球除颜色外完全相同。搅匀后从中随机摸出 1 个球，摸到红球的概率是多少？,1/5 | 2/5 | 3/5 | 4/5,3/5,3/5 | 0.6 | 60%,布袋中共有 3 + 2 = 5 个球，其中红球有 3 个。因此，摸到红球的概率为 3/5。,pep-junior-s3-upper-quadratics-circle-probability,pep-junior-s3-upper-paper-probability-introduction,pep-junior-exam-quadrilaterals-pythagorean,passed,needs-review,deepseek-original-v3-1200; pending-s18-manual-review
pep-junior-v3-s3-k10-mc-012,junior-rag-v3-1200,S3,upper,pep-junior-s3-upper-quadratics-circle-probability,一元二次方程、二次函数、圆与概率初步,multiple-choice,Foundation,"已知点 A 的坐标为 (3, 4)，将点 A 绕原点 O 顺时针旋转 90° 后得到点 A'，则点 A' 的坐标是？","(4, -3) | (-4, 3) | (-3, -4) | (4, 3)","(4, -3)","(4, -3) | （4，-3）","点 (x, y) 绕原点顺时针旋转 90° 后的坐标为 (y, -x)。因此，点 A(3, 4) 旋转后得到 A'(4, -3)。",pep-junior-s3-upper-quadratics-circle-probability,pep-junior-s3-upper-paper-rotation-transformations,pep-junior-exam-similarity-right-triangle-trig,passed,needs-review,deepseek-original-v3-1200; pending-s18-manual-review
pep-junior-v3-s3-k10-mc-013,junior-rag-v3-1200,S3,upper,pep-junior-s3-upper-quadratics-circle-probability,一元二次方程、二次函数、圆与概率初步,multiple-choice,Foundation,一元二次方程 x^2 - 5x + 6 = 0 的根的情况是？,有两个不相等的实数根 | 有两个相等的实数根 | 没有实数根 | 只有一个实数根,有两个不相等的实数根,有两个不相等的实数根,对于方程 x^2 - 5x + 6 = 0，判别式 Δ = (-5)^2 - 4×1×6 = 25 - 24 = 1 > 0，因此方程有两个不相等的实数根。,pep-junior-s3-upper-quadratics-circle-probability,pep-junior-s3-upper-paper-integrated-review,pep-junior-exam-dynamic-geometry-functions,passed,needs-review,deepseek-original-v3-1200; pending-s18-manual-review
pep-junior-v3-s3-k10-mc-014,junior-rag-v3-1200,S3,upper,pep-junior-s3-upper-quadratics-circle-probability,一元二次方程、二次函数、圆与概率初步,multiple-choice,Foundation,某商店将进货单价为 40 元的商品按 50 元售出时，每天可售出 100 件。经调查发现，售价每提高 1 元，日销售量减少 2 件。设售价提高 x 元，则每天的利润 y 元与 x 的函数关系式为？,y = (10 + x)(100 - 2x) | y = (10 - x)(100 + 2x) | y = (40 + x)(100 - 2x) | y = (50 + x)(100 - 2x),y = (10 + x)(100 - 2x),y = (10 + x)(100 - 2x) | y=(10+x)(100-2x),售价提高 x 元后，售价为 (50 + x) 元，每件利润为 (50 + x - 40) = (10 + x) 元；日销售量为 (100 - 2x) 件。因此利润 y = (10 + x)(100 - 2x)。,pep-junior-s3-upper-quadratics-circle-probability,pep-junior-s3-upper-paper-quadratic-equations,pep-junior-exam-applied-modeling-finance-rate,passed,needs-review,deepseek-original-v3-1200; pending-s18-manual-review
pep-junior-v3-s3-k10-mc-015,junior-rag-v3-1200,S3,upper,pep-junior-s3-upper-quadratics-circle-probability,一元二次方程、二次函数、圆与概率初步,multiple-choice,Foundation,二次函数 y = -2(x - 1)^2 + 3 的顶点坐标是？,"(1, 3) | (-1, 3) | (1, -3) | (-1, -3)","(1, 3)","(1, 3) | （1，3）","二次函数 y = a(x - h)^2 + k 的顶点坐标为 (h, k)。这里 a = -2，h = 1，k = 3，所以顶点坐标是 (1, 3)。",pep-junior-s3-upper-quadratics-circle-probability,pep-junior-s3-upper-paper-quadratic-functions,pep-junior-exam-proof-calculation-integrated,passed,needs-review,deepseek-original-v3-1200; pending-s18-manual-review
pep-junior-v3-s3-k10-mc-016,junior-rag-v3-1200,S3,upper,pep-junior-s3-upper-quadratics-circle-probability,一元二次方程、二次函数、圆与概率初步,multiple-choice,Foundation,在半径为 5 cm 的圆中，有一条弦 AB 的长为 8 cm，则圆心 O 到弦 AB 的距离为？,3 cm | 4 cm | 5 cm | 6 cm,3 cm,3 cm | 3厘米 | 3,过圆心 O 作弦 AB 的垂线，垂足为 M，则 M 为 AB 中点，AM = 4 cm。连接 OA，OA = 5 cm。在直角三角形 OAM 中，OM = √(OA^2 - AM^2) = √(5^2 - 4^2) = √9 = 3 cm。所以距离为 3 cm。,pep-junior-s3-upper-quadratics-circle-probability,pep-junior-s3-upper-paper-circle-geometry,pep-junior-exam-quadratic-equations-functions,passed,needs-review,deepseek-original-v3-1200; pending-s18-manual-review
pep-junior-v3-s3-k10-mc-017,junior-rag-v3-1200,S3,upper,pep-junior-s3-upper-quadratics-circle-probability,一元二次方程、二次函数、圆与概率初步,multiple-choice,Foundation,抛掷一枚质地均匀的硬币两次，两次都是正面朝上的概率是？,1/4 | 1/3 | 1/2 | 2/3,1/4,1/4 | 0.25 | 25%,抛掷一枚硬币两次，所有可能的结果有（正，正）、（正，反）、（反，正）、（反，反）共 4 种，其中两次都是正面的只有 1 种，所以概率为 1/4。,pep-junior-s3-upper-quadratics-circle-probability,pep-junior-s3-upper-paper-probability-introduction,pep-junior-exam-circle-geometry,passed,needs-review,deepseek-original-v3-1200; pending-s18-manual-review
pep-junior-v3-s3-k10-mc-018,junior-rag-v3-1200,S3,upper,pep-junior-s3-upper-quadratics-circle-probability,一元二次方程、二次函数、圆与概率初步,multiple-choice,Foundation,"将点 P(-2, 3) 先向右平移 4 个单位，再向下平移 1 个单位，得到的点的坐标是？","(2, 2) | (-6, 2) | (2, 4) | (-6, 4)","(2, 2)","(2, 2) | （2，2）","点 P(-2, 3) 向右平移 4 个单位，横坐标变为 -2 + 4 = 2；再向下平移 1 个单位，纵坐标变为 3 - 1 = 2。因此得到的点的坐标是 (2, 2)。",pep-junior-s3-upper-quadratics-circle-probability,pep-junior-s3-upper-paper-rotation-transformations,pep-junior-exam-statistics-probability,passed,needs-review,deepseek-original-v3-1200; pending-s18-manual-review
pep-junior-v3-s3-k10-mc-019,junior-rag-v3-1200,S3,upper,pep-junior-s3-upper-quadratics-circle-probability,一元二次方程、二次函数、圆与概率初步,multiple-choice,Foundation,若关于 x 的一元二次方程 kx^2 - 2x - 1 = 0 有两个不相等的实数根，则 k 的取值范围是？,k > -1 且 k ≠ 0 | k > -1 | k < -1 | k > 0,k > -1 且 k ≠ 0,k > -1 且 k ≠ 0 | k>-1且k≠0,方程有两个不相等的实数根，需满足判别式 Δ > 0 且二次项系数 k ≠ 0。Δ = (-2)^2 - 4·k·(-1) = 4 + 4k > 0，得 k > -1。又 k ≠ 0，所以 k 的取值范围是 k > -1 且 k ≠ 0。,pep-junior-s3-upper-quadratics-circle-probability,pep-junior-s3-upper-paper-integrated-review,pep-junior-exam-linear-functions-graphs,passed,needs-review,deepseek-original-v3-1200; pending-s18-manual-review
pep-junior-v3-s3-k10-mc-020,junior-rag-v3-1200,S3,upper,pep-junior-s3-upper-quadratics-circle-probability,一元二次方程、二次函数、圆与概率初步,multiple-choice,Foundation,用配方法解方程 x^2 + 6x - 7 = 0，配方后得到的方程是？,(x + 3)^2 = 16 | (x - 3)^2 = 16 | (x + 3)^2 = 2 | (x - 3)^2 = 2,(x + 3)^2 = 16,(x + 3)^2 = 16 | （x+3）^2=16,方程 x^2 + 6x - 7 = 0，移项得 x^2 + 6x = 7。配方，两边加上一次项系数一半的平方 9，得 x^2 + 6x + 9 = 7 + 9，即 (x + 3)^2 = 16。,pep-junior-s3-upper-quadratics-circle-probability,pep-junior-s3-upper-paper-quadratic-equations,pep-junior-exam-coordinate-transformations,passed,needs-review,deepseek-original-v3-1200; pending-s18-manual-review
pep-junior-v3-s3-k10-mc-021,junior-rag-v3-1200,S3,upper,pep-junior-s3-upper-quadratics-circle-probability,一元二次方程、二次函数、圆与概率初步,multiple-choice,Foundation,一元二次方程 x² - 6x + 8 = 0 的两个根分别是 x₁ 和 x₂，则 x₁ + x₂ 的值是多少？,2 | 4 | 6 | 8,6,6,对于一元二次方程 ax² + bx + c = 0，根的和 x₁ + x₂ = -b/a。这里 a = 1，b = -6，所以 x₁ + x₂ = -(-6)/1 = 6。,pep-junior-s3-upper-quadratics-circle-probability,pep-junior-s3-upper-paper-quadratic-functions,pep-junior-exam-inverse-proportion-models,passed,needs-review,deepseek-original-v3-1200; pending-s18-manual-review
pep-junior-v3-s3-k10-mc-022,junior-rag-v3-1200,S3,upper,pep-junior-s3-upper-quadratics-circle-probability,一元二次方程、二次函数、圆与概率初步,multiple-choice,Foundation,在圆 O 中，弦 AB 的长为 8 cm，圆心 O 到弦 AB 的距离为 3 cm，则圆 O 的半径是多少？,4 cm | 5 cm | 6 cm | 7 cm,5 cm,5 cm | 5,设圆心为 O，作 OC 垂直于 AB 于 C，则 C 为 AB 中点，AC = 4 cm。在直角三角形 OAC 中，OA 为半径，OC = 3 cm，由勾股定理得 OA = √(3² + 4²) = 5 cm。所以半径为 5 cm。,pep-junior-s3-upper-quadratics-circle-probability,pep-junior-s3-upper-paper-circle-geometry,pep-junior-exam-number-sense-real-numbers,passed,needs-review,deepseek-original-v3-1200; pending-s18-manual-review
pep-junior-v3-s3-k10-mc-023,junior-rag-v3-1200,S3,upper,pep-junior-s3-upper-quadratics-circle-probability,一元二次方程、二次函数、圆与概率初步,multiple-choice,Foundation,一个不透明的袋子里装有 3 个红球和 2 个白球，除颜色外其他都相同。随机摸出一个球，摸到红球的概率是多少？,1/5 | 2/5 | 3/5 | 4/5,3/5,3/5 | 0.6,袋子里共有 3 + 2 = 5 个球，其中红球有 3 个。因此摸到红球的概率为 3/5。,pep-junior-s3-upper-quadratics-circle-probability,pep-junior-s3-upper-paper-probability-introduction,pep-junior-exam-linear-equation-inequality-models,passed,needs-review,deepseek-original-v3-1200; pending-s18-manual-review
pep-junior-v3-s3-k10-mc-024,junior-rag-v3-1200,S3,upper,pep-junior-s3-upper-quadratics-circle-probability,一元二次方程、二次函数、圆与概率初步,multiple-choice,Foundation,"将点 A(2, 3) 绕原点逆时针旋转 90°，得到点 A' 的坐标是什么？","(-3, 2) | (-2, -3) | (3, -2) | (-3, -2)","(-3, 2)","(-3, 2)","点 (x, y) 绕原点逆时针旋转 90° 后坐标为 (-y, x)。所以 A(2, 3) 旋转后为 (-3, 2)。",pep-junior-s3-upper-quadratics-circle-probability,pep-junior-s3-upper-paper-rotation-transformations,pep-junior-exam-polynomial-factorization-fractions,passed,needs-review,deepseek-original-v3-1200; pending-s18-manual-review
pep-junior-v3-s3-k10-mc-025,junior-rag-v3-1200,S3,upper,pep-junior-s3-upper-quadratics-circle-probability,一元二次方程、二次函数、圆与概率初步,multiple-choice,Foundation,已知二次函数 y = x² - 2x - 3 的图象与 x 轴交于 A、B 两点，则线段 AB 的长度是多少？,2 | 3 | 4 | 5,4,4,令 y = 0，得 x² - 2x - 3 = 0，解得 x₁ = -1，x₂ = 3。所以 A、B 的横坐标分别为 -1 和 3，AB = |3 - (-1)| = 4。,pep-junior-s3-upper-quadratics-circle-probability,pep-junior-s3-upper-paper-integrated-review,pep-junior-exam-triangles-congruence-proof,passed,needs-review,deepseek-original-v3-1200; pending-s18-manual-review
pep-junior-v3-s3-k10-mc-026,junior-rag-v3-1200,S3,upper,pep-junior-s3-upper-quadratics-circle-probability,一元二次方程、二次函数、圆与概率初步,multiple-choice,Foundation,一元二次方程 2x² - 3x + k = 0 有两个相等的实数根，则 k 的值是多少？,9/8 | 8/9 | -9/8 | -8/9,9/8,9/8,方程有两个相等的实数根，则判别式 Δ = b² - 4ac = 0。这里 a = 2，b = -3，c = k，所以 (-3)² - 4×2×k = 0，即 9 - 8k = 0，解得 k = 9/8。,pep-junior-s3-upper-quadratics-circle-probability,pep-junior-s3-upper-paper-quadratic-equations,pep-junior-exam-quadrilaterals-pythagorean,passed,needs-review,deepseek-original-v3-1200; pending-s18-manual-review
pep-junior-v3-s3-k10-mc-027,junior-rag-v3-1200,S3,upper,pep-junior-s3-upper-quadratics-circle-probability,一元二次方程、二次函数、圆与概率初步,multiple-choice,Foundation,二次函数 y = -2(x + 1)² + 5 的顶点坐标是什么？,"(1, 5) | (-1, 5) | (1, -5) | (-1, -5)","(-1, 5)","(-1, 5)","二次函数顶点式为 y = a(x - h)² + k，顶点为 (h, k)。这里 y = -2(x + 1)² + 5 可写成 y = -2[x - (-1)]² + 5，所以顶点坐标为 (-1, 5)。",pep-junior-s3-upper-quadratics-circle-probability,pep-junior-s3-upper-paper-quadratic-functions,pep-junior-exam-similarity-right-triangle-trig,passed,needs-review,deepseek-original-v3-1200; pending-s18-manual-review
pep-junior-v3-s3-k10-mc-028,junior-rag-v3-1200,S3,upper,pep-junior-s3-upper-quadratics-circle-probability,一元二次方程、二次函数、圆与概率初步,multiple-choice,Foundation,在圆 O 中，弦 AB 和 CD 相交于点 P，若弧 AC 的度数为 80°，弧 BD 的度数为 60°，则 ∠APC 的度数是多少？,70° | 80° | 100° | 140°,70°,70° | 70,圆内角 ∠APC 的度数等于它所对的弧 AC 与弧 BD 的度数之和的一半。所以 ∠APC = (80° + 60°) / 2 = 70°。,pep-junior-s3-upper-quadratics-circle-probability,pep-junior-s3-upper-paper-circle-geometry,pep-junior-exam-dynamic-geometry-functions,passed,needs-review,deepseek-original-v3-1200; pending-s18-manual-review
pep-junior-v3-s3-k10-mc-029,junior-rag-v3-1200,S3,upper,pep-junior-s3-upper-quadratics-circle-probability,一元二次方程、二次函数、圆与概率初步,multiple-choice,Foundation,掷一枚质地均匀的硬币两次，两次都是正面向上的概率是多少？,1/4 | 1/3 | 1/2 | 2/3,1/4,1/4 | 0.25,掷一枚硬币两次，所有可能的结果有（正，正）、（正，反）、（反，正）、（反，反）共 4 种，其中两次都是正面向上的只有 1 种，所以概率为 1/4。,pep-junior-s3-upper-quadratics-circle-probability,pep-junior-s3-upper-paper-probability-introduction,pep-junior-exam-applied-modeling-finance-rate,passed,needs-review,deepseek-original-v3-1200; pending-s18-manual-review
pep-junior-v3-s3-k10-mc-030,junior-rag-v3-1200,S3,upper,pep-junior-s3-upper-quadratics-circle-probability,一元二次方程、二次函数、圆与概率初步,multiple-choice,Foundation,将线段 AB 绕点 A 顺时针旋转 60° 得到线段 AC，若 AB = 4 cm，则 BC 的长度是多少？,2 cm | 4 cm | 6 cm | 8 cm,4 cm,4 cm | 4,由旋转性质可知，AB = AC，且 ∠BAC = 60°，所以三角形 ABC 是等边三角形，因此 BC = AB = 4 cm。,pep-junior-s3-upper-quadratics-circle-probability,pep-junior-s3-upper-paper-rotation-transformations,pep-junior-exam-proof-calculation-integrated,passed,needs-review,deepseek-original-v3-1200; pending-s18-manual-review
pep-junior-v3-s3-k10-mc-031,junior-rag-v3-1200,S3,upper,pep-junior-s3-upper-quadratics-circle-probability,一元二次方程、二次函数、圆与概率初步,multiple-choice,Core,一元二次方程 2x² - 5x + 3 = 0 的两个根分别为 α 和 β，则 α + β 的值是（ ）。,2.5 | -2.5 | 1.5 | -1.5,2.5,2.5 | 5/2,根据一元二次方程根与系数的关系，对于方程 ax² + bx + c = 0，两根之和为 -b/a。这里 a = 2，b = -5，所以 α + β = -(-5)/2 = 5/2 = 2.5。因此答案是 2.5。,pep-junior-s3-upper-quadratics-circle-probability,pep-junior-s3-upper-paper-integrated-review,pep-junior-exam-quadratic-equations-functions,passed,needs-review,deepseek-original-v3-1200; pending-s18-manual-review
pep-junior-v3-s3-k10-mc-032,junior-rag-v3-1200,S3,upper,pep-junior-s3-upper-quadratics-circle-probability,一元二次方程、二次函数、圆与概率初步,multiple-choice,Core,已知 ⊙O 的半径为 5 cm，圆心 O 到直线 l 的距离为 3 cm，则直线 l 与 ⊙O 的位置关系是（ ）。,相离 | 相切 | 相交 | 无法确定,相交,相交,设圆的半径为 r，圆心到直线的距离为 d。当 d < r 时，直线与圆相交。这里 r = 5 cm，d = 3 cm，因为 3 < 5，所以直线 l 与 ⊙O 相交。,pep-junior-s3-upper-quadratics-circle-probability,pep-junior-s3-upper-paper-quadratic-equations,pep-junior-exam-circle-geometry,passed,needs-review,deepseek-original-v3-1200; pending-s18-manual-review
pep-junior-v3-s3-k10-mc-033,junior-rag-v3-1200,S3,upper,pep-junior-s3-upper-quadratics-circle-probability,一元二次方程、二次函数、圆与概率初步,multiple-choice,Core,一个不透明的袋子里装有 3 个红球和 2 个白球，它们除颜色外完全相同。从中随机摸出一个球，摸到红球的概率是（ ）。,1/5 | 2/5 | 3/5 | 3/2,3/5,3/5 | 0.6,袋中球的总数为 3 + 2 = 5 个，红球有 3 个。摸到红球的概率为红球个数除以总球数，即 3/5。,pep-junior-s3-upper-quadratics-circle-probability,pep-junior-s3-upper-paper-quadratic-functions,pep-junior-exam-statistics-probability,passed,needs-review,deepseek-original-v3-1200; pending-s18-manual-review
pep-junior-v3-s3-k10-mc-034,junior-rag-v3-1200,S3,upper,pep-junior-s3-upper-quadratics-circle-probability,一元二次方程、二次函数、圆与概率初步,multiple-choice,Core,将抛物线 y = x² 先向右平移 2 个单位，再向上平移 3 个单位，所得抛物线的表达式为（ ）。,y = (x - 2)² + 3 | y = (x + 2)² + 3 | y = (x - 2)² - 3 | y = (x + 2)² - 3,y = (x - 2)² + 3,y = (x - 2)² + 3,抛物线 y = x² 向右平移 2 个单位，根据“左加右减”原则，得到 y = (x - 2)²；再向上平移 3 个单位，根据“上加下减”原则，得到 y = (x - 2)² + 3。,pep-junior-s3-upper-quadratics-circle-probability,pep-junior-s3-upper-paper-circle-geometry,pep-junior-exam-linear-functions-graphs,passed,needs-review,deepseek-original-v3-1200; pending-s18-manual-review
pep-junior-v3-s3-k10-mc-035,junior-rag-v3-1200,S3,upper,pep-junior-s3-upper-quadratics-circle-probability,一元二次方程、二次函数、圆与概率初步,multiple-choice,Core,同时抛掷两枚质地均匀的硬币，两枚硬币全部正面朝上的概率是（ ）。,1/2 | 1/3 | 1/4 | 3/4,1/4,1/4 | 0.25,抛掷两枚硬币，所有等可能的结果有：正正、正反、反正、反反，共 4 种。其中全部正面朝上的情况只有 1 种，所以概率为 1/4。,pep-junior-s3-upper-quadratics-circle-probability,pep-junior-s3-upper-paper-probability-introduction,pep-junior-exam-coordinate-transformations,passed,needs-review,deepseek-original-v3-1200; pending-s18-manual-review
pep-junior-v3-s3-k10-mc-036,junior-rag-v3-1200,S3,upper,pep-junior-s3-upper-quadratics-circle-probability,一元二次方程、二次函数、圆与概率初步,multiple-choice,Core,"点 A 的坐标是 (3, 4)，将点 A 绕原点逆时针旋转 90° 得到点 B，则点 B 的坐标是（ ）。","(-4, 3) | (4, -3) | (-3, -4) | (3, -4)","(-4, 3)","(-4, 3)","点 (x, y) 绕原点逆时针旋转 90° 后的坐标为 (-y, x)。将 (3, 4) 代入，得 (-4, 3)。",pep-junior-s3-upper-quadratics-circle-probability,pep-junior-s3-upper-paper-rotation-transformations,pep-junior-exam-inverse-proportion-models,passed,needs-review,deepseek-original-v3-1200; pending-s18-manual-review
pep-junior-v3-s3-k10-mc-037,junior-rag-v3-1200,S3,upper,pep-junior-s3-upper-quadratics-circle-probability,一元二次方程、二次函数、圆与概率初步,multiple-choice,Core,在实数3.14、√4、π、22/7中，无理数是（ ）,3.14 | √4 | π | 22/7,π,π,无理数是无限不循环小数。3.14 是有限小数，√4 = 2 是整数，22/7 是分数，它们都是有理数。π 是无限不循环小数，是无理数。,pep-junior-s3-upper-quadratics-circle-probability,pep-junior-s3-upper-paper-integrated-review,pep-junior-exam-number-sense-real-numbers,passed,needs-review,deepseek-original-v3-1200; pending-s18-manual-review
pep-junior-v3-s3-k10-mc-038,junior-rag-v3-1200,S3,upper,pep-junior-s3-upper-quadratics-circle-probability,一元二次方程、二次函数、圆与概率初步,multiple-choice,Core,一元二次方程 x² - 4x + m = 0 有两个不相等的实数根，则 m 的取值范围是（ ）。,m < 4 | m ≤ 4 | m > 4 | m ≥ 4,m < 4,m < 4,方程有两个不相等的实数根，则判别式 Δ = b² - 4ac > 0。这里 a = 1，b = -4，c = m，所以 Δ = (-4)² - 4×1×m = 16 - 4m > 0，解得 m < 4。,pep-junior-s3-upper-quadratics-circle-probability,pep-junior-s3-upper-paper-quadratic-equations,pep-junior-exam-linear-equation-inequality-models,passed,needs-review,deepseek-original-v3-1200; pending-s18-manual-review
pep-junior-v3-s3-k10-mc-039,junior-rag-v3-1200,S3,upper,pep-junior-s3-upper-quadratics-circle-probability,一元二次方程、二次函数、圆与概率初步,multiple-choice,Core,二次函数 y = -2(x + 1)² - 3 的顶点坐标是（ ）。,"(1, -3) | (-1, -3) | (1, 3) | (-1, 3)","(-1, -3)","(-1, -3)","二次函数 y = a(x - h)² + k 的顶点坐标为 (h, k)。将 y = -2(x + 1)² - 3 变形为 y = -2[x - (-1)]² + (-3)，所以顶点坐标为 (-1, -3)。",pep-junior-s3-upper-quadratics-circle-probability,pep-junior-s3-upper-paper-quadratic-functions,pep-junior-exam-polynomial-factorization-fractions,passed,needs-review,deepseek-original-v3-1200; pending-s18-manual-review
pep-junior-v3-s3-k10-mc-040,junior-rag-v3-1200,S3,upper,pep-junior-s3-upper-quadratics-circle-probability,一元二次方程、二次函数、圆与概率初步,multiple-choice,Core,在 ⊙O 中，弦 AB 的长为 8 cm，圆心 O 到弦 AB 的距离为 3 cm，则 ⊙O 的半径为（ ）。,4 cm | 5 cm | 6 cm | 7 cm,5 cm,5 cm | 5,过圆心 O 作弦 AB 的垂线，垂足为 C，则 C 为 AB 的中点，AC = 4 cm。在直角三角形 OAC 中，OA 为半径，OC = 3 cm，由勾股定理得 OA = √(OC² + AC²) = √(3² + 4²) = 5 cm。,pep-junior-s3-upper-quadratics-circle-probability,pep-junior-s3-upper-paper-circle-geometry,pep-junior-exam-triangles-congruence-proof,passed,needs-review,deepseek-original-v3-1200; pending-s18-manual-review
pep-junior-v3-s3-k10-mc-041,junior-rag-v3-1200,S3,upper,pep-junior-s3-upper-quadratics-circle-probability,一元二次方程、二次函数、圆与概率初步,multiple-choice,Core,一个不透明的袋子里装有3个红球、2个白球和1个蓝球，除颜色外其他完全相同。随机摸出一个球，记下颜色后放回，再随机摸出一个球。两次摸到相同颜色的概率是多少？,1/3 | 7/18 | 5/18 | 1/2,7/18,7/18 | B | b,总共有6个球，每次摸球有6种等可能结果。两次摸球共有6×6=36种等可能结果。两次摸到相同颜色包括：两次都红（3×3=9种），两次都白（2×2=4种），两次都蓝（1×1=1种）。因此共有9+4+1=14种。概率为14/36=7/18，故选B。,pep-junior-s3-upper-quadratics-circle-probability,pep-junior-s3-upper-paper-probability-introduction,pep-junior-exam-quadrilaterals-pythagorean,passed,needs-review,deepseek-original-v3-1200; pending-s18-manual-review
pep-junior-v3-s3-k10-mc-042,junior-rag-v3-1200,S3,upper,pep-junior-s3-upper-quadratics-circle-probability,一元二次方程、二次函数、圆与概率初步,multiple-choice,Core,"将点A(3, -2)绕原点顺时针旋转90°，所得对应点的坐标是（　）。","(-2, -3) | (-2, 3) | (2, -3) | (2, 3)","(-2, -3)","(-2, -3) | A | a","点(x,y)绕原点顺时针旋转90°后变为(y, -x)。将A(3,-2)代入得(-2, -3)，故选A。",pep-junior-s3-upper-quadratics-circle-probability,pep-junior-s3-upper-paper-rotation-transformations,pep-junior-exam-similarity-right-triangle-trig,passed,needs-review,deepseek-original-v3-1200; pending-s18-manual-review
pep-junior-v3-s3-k10-mc-043,junior-rag-v3-1200,S3,upper,pep-junior-s3-upper-quadratics-circle-probability,一元二次方程、二次函数、圆与概率初步,multiple-choice,Core,二次函数y = -2x² + 8x - 5的图象的顶点坐标是（　）。,"(2, 3) | (2, -3) | (-2, 3) | (-2, -3)","(2, 3)","(2, 3) | A | a","将y=-2x²+8x-5配方：y=-2(x²-4x)-5=-2[(x-2)²-4]-5=-2(x-2)²+8-5=-2(x-2)²+3。顶点坐标为(2,3)，故选A。",pep-junior-s3-upper-quadratics-circle-probability,pep-junior-s3-upper-paper-integrated-review,pep-junior-exam-dynamic-geometry-functions,passed,needs-review,deepseek-original-v3-1200; pending-s18-manual-review
pep-junior-v3-s3-k10-mc-044,junior-rag-v3-1200,S3,upper,pep-junior-s3-upper-quadratics-circle-probability,一元二次方程、二次函数、圆与概率初步,multiple-choice,Core,关于x的一元二次方程x² - 4x + m = 0有两个相等的实数根，则m的值为（　）。,2 | 4 | -4 | -2,4,4 | B | b,方程有两个相等的实数根，则判别式Δ=0。Δ=(-4)²-4×1×m=16-4m=0，解得m=4，故选B。,pep-junior-s3-upper-quadratics-circle-probability,pep-junior-s3-upper-paper-quadratic-equations,pep-junior-exam-applied-modeling-finance-rate,passed,needs-review,deepseek-original-v3-1200; pending-s18-manual-review
pep-junior-v3-s3-k10-mc-045,junior-rag-v3-1200,S3,upper,pep-junior-s3-upper-quadratics-circle-probability,一元二次方程、二次函数、圆与概率初步,multiple-choice,Core,AB是⊙O的直径，点C在⊙O上，∠BOC=50°，则∠A的度数是（　）。,25° | 50° | 65° | 130°,25°,25° | A | a | 25,AB是直径，所以∠ACB=90°。∠BOC是圆心角，∠BAC是圆周角且它们对同弧BC，所以∠BAC=1/2∠BOC=25°。在△ABC中，∠A=25°，故选A。,pep-junior-s3-upper-quadratics-circle-probability,pep-junior-s3-upper-paper-quadratic-functions,pep-junior-exam-proof-calculation-integrated,passed,needs-review,deepseek-original-v3-1200; pending-s18-manual-review
pep-junior-v3-s3-k10-mc-046,junior-rag-v3-1200,S3,upper,pep-junior-s3-upper-quadratics-circle-probability,一元二次方程、二次函数、圆与概率初步,multiple-choice,Core,一个不透明的袋子里装有2个红球和3个白球，除颜色外其他完全相同。随机摸出一个球，摸到红球的概率是（　）。,1/5 | 2/5 | 3/5 | 1/2,2/5,2/5 | B | b,袋中共有5个球，红球有2个，每个球被摸到的可能性相同，所以摸到红球的概率为2/5，故选B。,pep-junior-s3-upper-quadratics-circle-probability,pep-junior-s3-upper-paper-circle-geometry,pep-junior-exam-quadratic-equations-functions,passed,needs-review,deepseek-original-v3-1200; pending-s18-manual-review
pep-junior-v3-s3-k10-mc-047,junior-rag-v3-1200,S3,upper,pep-junior-s3-upper-quadratics-circle-probability,一元二次方程、二次函数、圆与概率初步,multiple-choice,Core,在⊙O中，弦AB的长为8，圆心O到AB的距离为3，则⊙O的半径长为（　）。,4 | 5 | 6 | 7,5,5 | B | b,过O作OC⊥AB于C，则C为AB中点，AC=4。在Rt△AOC中，OC=3，AC=4，由勾股定理得OA=√(3²+4²)=5，即半径为5，故选B。,pep-junior-s3-upper-quadratics-circle-probability,pep-junior-s3-upper-paper-probability-introduction,pep-junior-exam-circle-geometry,passed,needs-review,deepseek-original-v3-1200; pending-s18-manual-review
pep-junior-v3-s3-k10-mc-048,junior-rag-v3-1200,S3,upper,pep-junior-s3-upper-quadratics-circle-probability,一元二次方程、二次函数、圆与概率初步,multiple-choice,Core,下列图形中，既是轴对称图形又是中心对称图形的是（　）。,等边三角形 | 平行四边形 | 正五边形 | 圆,圆,圆 | D | d,等边三角形是轴对称但不是中心对称；平行四边形是中心对称但不一定是轴对称；正五边形是轴对称但不是中心对称；圆既是轴对称又是中心对称，故选D。,pep-junior-s3-upper-quadratics-circle-probability,pep-junior-s3-upper-paper-rotation-transformations,pep-junior-exam-statistics-probability,passed,needs-review,deepseek-original-v3-1200; pending-s18-manual-review
pep-junior-v3-s3-k10-mc-049,junior-rag-v3-1200,S3,upper,pep-junior-s3-upper-quadratics-circle-probability,一元二次方程、二次函数、圆与概率初步,multiple-choice,Core,将抛物线y = 2x²先向右平移3个单位，再向下平移1个单位，所得抛物线的解析式为（　）。,y = 2(x-3)² - 1 | y = 2(x+3)² - 1 | y = 2(x-3)² + 1 | y = 2(x+3)² + 1,y = 2(x-3)² - 1,y = 2(x-3)² - 1 | A | a,抛物线平移遵循“左加右减，上加下减”。向右平移3个单位，x换成x-3；向下平移1个单位，函数值减1。得y=2(x-3)²-1，故选A。,pep-junior-s3-upper-quadratics-circle-probability,pep-junior-s3-upper-paper-integrated-review,pep-junior-exam-linear-functions-graphs,passed,needs-review,deepseek-original-v3-1200; pending-s18-manual-review
pep-junior-v3-s3-k10-mc-050,junior-rag-v3-1200,S3,upper,pep-junior-s3-upper-quadratics-circle-probability,一元二次方程、二次函数、圆与概率初步,multiple-choice,Core,一元二次方程x² - 6x + 8 = 0的两个根分别是（　）。,2和4 | -2和-4 | 2和-4 | -2和4,2和4,"2和4 | A | a | 2,4 | 4,2",方程x²-6x+8=0，因式分解得(x-2)(x-4)=0，所以x=2或x=4，故选A。,pep-junior-s3-upper-quadratics-circle-probability,pep-junior-s3-upper-paper-quadratic-equations,pep-junior-exam-coordinate-transformations,passed,needs-review,deepseek-original-v3-1200; pending-s18-manual-review
pep-junior-v3-s3-k10-mc-051,junior-rag-v3-1200,S3,upper,pep-junior-s3-upper-quadratics-circle-probability,一元二次方程、二次函数、圆与概率初步,multiple-choice,Core,已知二次函数 y = -x² + 4x - 3，下列说法正确的是：,"函数图象开口向上 | 函数图象的顶点坐标为 (2, 1) | 函数图象与 x 轴没有交点 | 当 x > 2 时，y 随 x 增大而增大","函数图象的顶点坐标为 (2, 1)","函数图象的顶点坐标为 (2, 1)","二次函数 y = -x² + 4x - 3，a = -1 < 0，开口向下，A 错误。化为顶点式：y = -(x - 2)² + 1，顶点坐标为 (2, 1)，B 正确。判别式 Δ = 4² - 4×(-1)×(-3) = 16 - 12 = 4 > 0，与 x 轴有两个交点，C 错误。当 x > 2 时，开口向下，y 随 x 增大而减小，D 错误。",pep-junior-s3-upper-quadratics-circle-probability,pep-junior-s3-upper-paper-quadratic-functions,pep-junior-exam-inverse-proportion-models,passed,needs-review,deepseek-original-v3-1200; pending-s18-manual-review
pep-junior-v3-s3-k10-mc-052,junior-rag-v3-1200,S3,upper,pep-junior-s3-upper-quadratics-circle-probability,一元二次方程、二次函数、圆与概率初步,multiple-choice,Core,在圆 O 中，弦 AB 与弦 CD 相交于点 E，若弧 AC 的度数为 60°，弧 BD 的度数为 100°，则 ∠AEC 的度数为：,30° | 50° | 80° | 100°,80°,80°,圆内角 ∠AEC 的度数等于它所对弧的度数与它的对顶角所对弧的度数之和的一半。∠AEC 所对的弧是弧 AC 和弧 BD，所以 ∠AEC = (60° + 100°) / 2 = 80°。故答案为 80°。,pep-junior-s3-upper-quadratics-circle-probability,pep-junior-s3-upper-paper-circle-geometry,pep-junior-exam-number-sense-real-numbers,passed,needs-review,deepseek-original-v3-1200; pending-s18-manual-review
pep-junior-v3-s3-k10-mc-053,junior-rag-v3-1200,S3,upper,pep-junior-s3-upper-quadratics-circle-probability,一元二次方程、二次函数、圆与概率初步,multiple-choice,Core,在一个不透明的盒子中装有 3 个红球和 2 个白球，这些球除颜色外完全相同。从中随机摸出两个球，恰好都是红球的概率是：,3/10 | 3/5 | 9/25 | 1/10,3/10,3/10,"从 5 个球中随机摸出两个球，总情况数为 C(5,2) = 10。摸出两个红球的情况数为 C(3,2) = 3。所以概率为 3/10。故答案为 3/10。",pep-junior-s3-upper-quadratics-circle-probability,pep-junior-s3-upper-paper-probability-introduction,pep-junior-exam-linear-equation-inequality-models,passed,needs-review,deepseek-original-v3-1200; pending-s18-manual-review
pep-junior-v3-s3-k10-mc-054,junior-rag-v3-1200,S3,upper,pep-junior-s3-upper-quadratics-circle-probability,一元二次方程、二次函数、圆与概率初步,multiple-choice,Core,"点 P 的坐标为 (-3, 2)，将点 P 绕原点顺时针旋转 90° 后得到的点的坐标是：","(2, 3) | (-2, -3) | (3, -2) | (-3, -2)","(2, 3)","(2, 3)","点 (x, y) 绕原点顺时针旋转 90° 后坐标为 (y, -x)。所以 (-3, 2) 旋转后为 (2, 3)。故答案为 (2, 3)。",pep-junior-s3-upper-quadratics-circle-probability,pep-junior-s3-upper-paper-rotation-transformations,pep-junior-exam-polynomial-factorization-fractions,passed,needs-review,deepseek-original-v3-1200; pending-s18-manual-review
pep-junior-v3-s3-k10-mc-055,junior-rag-v3-1200,S3,upper,pep-junior-s3-upper-quadratics-circle-probability,一元二次方程、二次函数、圆与概率初步,multiple-choice,Core,一元二次方程 2x² - 5x + 1 = 0 的根的情况是：,有两个相等的实数根 | 有两个不相等的实数根 | 没有实数根 | 无法判断,有两个不相等的实数根,有两个不相等的实数根,判别式 Δ = (-5)² - 4×2×1 = 25 - 8 = 17 > 0，所以方程有两个不相等的实数根。故答案为有两个不相等的实数根。,pep-junior-s3-upper-quadratics-circle-probability,pep-junior-s3-upper-paper-integrated-review,pep-junior-exam-triangles-congruence-proof,passed,needs-review,deepseek-original-v3-1200; pending-s18-manual-review
pep-junior-v3-s3-k10-mc-056,junior-rag-v3-1200,S3,upper,pep-junior-s3-upper-quadratics-circle-probability,一元二次方程、二次函数、圆与概率初步,multiple-choice,Core,二次函数 y = x² - 2x - 3 的图象与 x 轴的交点坐标是：,"(1, 0) 和 (-3, 0) | (-1, 0) 和 (3, 0) | (1, 0) 和 (3, 0) | (-1, 0) 和 (-3, 0)","(-1, 0) 和 (3, 0)","(-1, 0) 和 (3, 0)","令 y = 0，得 x² - 2x - 3 = 0，因式分解为 (x + 1)(x - 3) = 0，解得 x = -1 或 x = 3，所以交点坐标为 (-1, 0) 和 (3, 0)。故答案为 (-1, 0) 和 (3, 0)。",pep-junior-s3-upper-quadratics-circle-probability,pep-junior-s3-upper-paper-quadratic-equations,pep-junior-exam-quadrilaterals-pythagorean,passed,needs-review,deepseek-original-v3-1200; pending-s18-manual-review
pep-junior-v3-s3-k10-mc-057,junior-rag-v3-1200,S3,upper,pep-junior-s3-upper-quadratics-circle-probability,一元二次方程、二次函数、圆与概率初步,multiple-choice,Core,将抛物线 y = 2x² 向左平移 3 个单位，再向上平移 5 个单位，得到的抛物线解析式为：,y = 2(x - 3)² + 5 | y = 2(x + 3)² + 5 | y = 2(x - 3)² - 5 | y = 2(x + 3)² - 5,y = 2(x + 3)² + 5,y = 2(x + 3)² + 5,抛物线平移遵循“左加右减，上加下减”。向左平移 3 个单位，x 替换为 x + 3；向上平移 5 个单位，整体加 5。所以解析式为 y = 2(x + 3)² + 5。故答案为 y = 2(x + 3)² + 5。,pep-junior-s3-upper-quadratics-circle-probability,pep-junior-s3-upper-paper-quadratic-functions,pep-junior-exam-similarity-right-triangle-trig,passed,needs-review,deepseek-original-v3-1200; pending-s18-manual-review
pep-junior-v3-s3-k10-mc-058,junior-rag-v3-1200,S3,upper,pep-junior-s3-upper-quadratics-circle-probability,一元二次方程、二次函数、圆与概率初步,multiple-choice,Core,已知圆的半径为 5，一条弦的长度为 8，则弦到圆心的距离为：,3 | 4 | 5 | 6,3,3,弦到圆心的距离、弦长的一半和半径构成直角三角形。弦长的一半为 4，半径为 5，由勾股定理得距离 = √(5² - 4²) = √9 = 3。故答案为 3。,pep-junior-s3-upper-quadratics-circle-probability,pep-junior-s3-upper-paper-circle-geometry,pep-junior-exam-dynamic-geometry-functions,passed,needs-review,deepseek-original-v3-1200; pending-s18-manual-review
pep-junior-v3-s3-k10-mc-059,junior-rag-v3-1200,S3,upper,pep-junior-s3-upper-quadratics-circle-probability,一元二次方程、二次函数、圆与概率初步,multiple-choice,Core,同时抛掷两枚质地均匀的硬币，出现一正一反的概率是：,1/4 | 1/2 | 3/4 | 1,1/2,1/2,抛掷两枚硬币，等可能的结果有：正正、正反、反正、反反，共 4 种。一正一反包含正反和反正两种情况，概率为 2/4 = 1/2。故答案为 1/2。,pep-junior-s3-upper-quadratics-circle-probability,pep-junior-s3-upper-paper-probability-introduction,pep-junior-exam-applied-modeling-finance-rate,passed,needs-review,deepseek-original-v3-1200; pending-s18-manual-review
pep-junior-v3-s3-k10-mc-060,junior-rag-v3-1200,S3,upper,pep-junior-s3-upper-quadratics-circle-probability,一元二次方程、二次函数、圆与概率初步,multiple-choice,Core,下列图形中，既是轴对称图形又是中心对称图形的是：,等边三角形 | 平行四边形 | 正五边形 | 圆,圆,圆,等边三角形是轴对称图形但不是中心对称图形；平行四边形是中心对称图形但不一定是轴对称图形（除非是菱形、矩形等）；正五边形是轴对称图形但不是中心对称图形；圆既是轴对称图形（任意直径所在直线都是对称轴）又是中心对称图形（圆心是对称中心）。故答案为圆。,pep-junior-s3-upper-quadratics-circle-probability,pep-junior-s3-upper-paper-rotation-transformations,pep-junior-exam-proof-calculation-integrated,passed,needs-review,deepseek-original-v3-1200; pending-s18-manual-review
pep-junior-v3-s3-k10-mc-061,junior-rag-v3-1200,S3,upper,pep-junior-s3-upper-quadratics-circle-probability,一元二次方程、二次函数、圆与概率初步,multiple-choice,Core,已知关于x的一元二次方程 x² + kx + 4 = 0 有两个相等的实数根，则k的值为（ ）,4 | －4 | ±4 | 0,±4,±4 | 4或-4 | -4或4,由一元二次方程有两个相等的实数根，得判别式 Δ = 0。这里 Δ = k² － 4×1×4 = k² － 16。令 k² － 16 = 0，解得 k² = 16，所以 k = ±4。,pep-junior-s3-upper-quadratics-circle-probability,pep-junior-s3-upper-paper-integrated-review,pep-junior-exam-quadratic-equations-functions,passed,needs-review,deepseek-original-v3-1200; pending-s18-manual-review
pep-junior-v3-s3-k10-mc-062,junior-rag-v3-1200,S3,upper,pep-junior-s3-upper-quadratics-circle-probability,一元二次方程、二次函数、圆与概率初步,multiple-choice,Core,在⊙O中，弦AB的长为8，圆心O到AB的距离为3，则⊙O的半径为（ ）,4 | 5 | 6 | 7,5,5,过点O作OC⊥AB于点C，则AC = BC = 4。在Rt△AOC中，OA² = OC² + AC² = 3² + 4² = 25，所以半径OA = 5。,pep-junior-s3-upper-quadratics-circle-probability,pep-junior-s3-upper-paper-quadratic-equations,pep-junior-exam-circle-geometry,passed,needs-review,deepseek-original-v3-1200; pending-s18-manual-review
pep-junior-v3-s3-k10-mc-063,junior-rag-v3-1200,S3,upper,pep-junior-s3-upper-quadratics-circle-probability,一元二次方程、二次函数、圆与概率初步,multiple-choice,Core,一个不透明的袋子里装有2个红球和3个白球，它们除颜色外完全相同。从袋子里随机摸出两个球，摸出的两个球都是红球的概率是（ ）,1/10 | 1/5 | 3/10 | 2/5,1/10,1/10 | 0.1,从5个球中任取2个，共有10种等可能的结果。其中两个球都是红球的结果只有1种，所以概率为 1/10。,pep-junior-s3-upper-quadratics-circle-probability,pep-junior-s3-upper-paper-quadratic-functions,pep-junior-exam-statistics-probability,passed,needs-review,deepseek-original-v3-1200; pending-s18-manual-review
pep-junior-v3-s3-k10-mc-064,junior-rag-v3-1200,S3,upper,pep-junior-s3-upper-quadratics-circle-probability,一元二次方程、二次函数、圆与概率初步,multiple-choice,Core,"在平面直角坐标系中，将点A(2, 3)绕原点逆时针旋转90°，得到点B，则点B的坐标为（ ）","(3, 2) | (－3, 2) | (－2, 3) | (3, －2)","(－3, 2)","(－3, 2) | (-3,2) | (-3, 2)","点(x, y)绕原点逆时针旋转90°后坐标为(－y, x)。所以A(2, 3)旋转后为(－3, 2)。",pep-junior-s3-upper-quadratics-circle-probability,pep-junior-s3-upper-paper-circle-geometry,pep-junior-exam-linear-functions-graphs,passed,needs-review,deepseek-original-v3-1200; pending-s18-manual-review
pep-junior-v3-s3-k10-mc-065,junior-rag-v3-1200,S3,upper,pep-junior-s3-upper-quadratics-circle-probability,一元二次方程、二次函数、圆与概率初步,multiple-choice,Core,二次函数y=-2(x+1)²-3的顶点坐标为（ ）,"(1, －3) | (－1, 3) | (－1, －3) | (1, 3)","(－1, －3)","(－1, －3) | (-1,-3) | (-1, -3)","二次函数 y = a(x － h)² + k 的顶点为(h, k)。将 y = －2(x + 1)² － 3 写成 y = －2[x － (－1)]² + (－3)，得顶点为(－1, －3)。",pep-junior-s3-upper-quadratics-circle-probability,pep-junior-s3-upper-paper-probability-introduction,pep-junior-exam-coordinate-transformations,passed,needs-review,deepseek-original-v3-1200; pending-s18-manual-review
pep-junior-v3-s3-k10-mc-066,junior-rag-v3-1200,S3,upper,pep-junior-s3-upper-quadratics-circle-probability,一元二次方程、二次函数、圆与概率初步,multiple-choice,Core,反比例函数 y = (k－1)/x 的图象在每一象限内，y随x的增大而增大，则k的取值范围是（ ）,k > 1 | k < 1 | k ≥ 1 | k ≤ 1,k < 1,k < 1 | k<1,反比例函数 y = m/x，当 m < 0 时，在每一象限内y随x的增大而增大。这里 m = k－1，所以 k－1 < 0，即 k < 1。,pep-junior-s3-upper-quadratics-circle-probability,pep-junior-s3-upper-paper-rotation-transformations,pep-junior-exam-inverse-proportion-models,passed,needs-review,deepseek-original-v3-1200; pending-s18-manual-review
pep-junior-v3-s3-k10-mc-067,junior-rag-v3-1200,S3,upper,pep-junior-s3-upper-quadratics-circle-probability,一元二次方程、二次函数、圆与概率初步,multiple-choice,Core,在实数√4、3.14、π/2、0.1010010001中，无理数是（ ）,√4 | 3.14 | π/2 | 0.1010010001,π/2,π/2 | π÷2,√4 = 2，是有理数；3.14是有限小数，是有理数；0.1010010001是有限小数，是有理数；π是无理数，所以 π/2 也是无理数。,pep-junior-s3-upper-quadratics-circle-probability,pep-junior-s3-upper-paper-integrated-review,pep-junior-exam-number-sense-real-numbers,passed,needs-review,deepseek-original-v3-1200; pending-s18-manual-review
pep-junior-v3-s3-k10-fi-001,junior-rag-v3-1200,S3,upper,pep-junior-s3-upper-quadratics-circle-probability,一元二次方程、二次函数、圆与概率初步,fill-in,Core,一元二次方程 2x² － 3x － 1 = 0 的根的判别式的值是______。,,17,17,对于方程 2x² － 3x － 1 = 0，a = 2，b = －3，c = －1。判别式 Δ = b² － 4ac = (－3)² － 4×2×(－1) = 9 + 8 = 17。,pep-junior-s3-upper-quadratics-circle-probability,pep-junior-s3-upper-paper-integrated-review,pep-junior-exam-quadratic-equations-functions,passed,needs-review,deepseek-original-v3-1200; pending-s18-manual-review
pep-junior-v3-s3-k10-fi-002,junior-rag-v3-1200,S3,upper,pep-junior-s3-upper-quadratics-circle-probability,一元二次方程、二次函数、圆与概率初步,fill-in,Core,在半径为5的⊙O中，一条弦的弦心距为4，则该弦的长为______。,,6,6,设弦为AB，弦心距OC = 4，半径OA = 5。在Rt△AOC中，AC = √(OA² － OC²) = √(25 － 16) = 3，所以 AB = 2AC = 6。,pep-junior-s3-upper-quadratics-circle-probability,pep-junior-s3-upper-paper-quadratic-equations,pep-junior-exam-circle-geometry,passed,needs-review,deepseek-original-v3-1200; pending-s18-manual-review
pep-junior-v3-s3-k10-fi-003,junior-rag-v3-1200,S3,upper,pep-junior-s3-upper-quadratics-circle-probability,一元二次方程、二次函数、圆与概率初步,fill-in,Core,将二次函数 y = x² － 4x + 1 化为 y = (x － h)² + k 的形式，则 h + k = ______。,,－1,－1 | -1,y = x² － 4x + 1 = (x² － 4x + 4) － 4 + 1 = (x － 2)² － 3，所以 h = 2，k = －3，h + k = 2 + (－3) = －1。,pep-junior-s3-upper-quadratics-circle-probability,pep-junior-s3-upper-paper-quadratic-functions,pep-junior-exam-statistics-probability,passed,needs-review,deepseek-original-v3-1200; pending-s18-manual-review
pep-junior-v3-s3-k10-fi-004,junior-rag-v3-1200,S3,upper,pep-junior-s3-upper-quadratics-circle-probability,一元二次方程、二次函数、圆与概率初步,fill-in,Core,已知关于x的一元二次方程x² - 6x + m = 0有两个不相等的实数根，则m的取值范围是______。,,m < 9,m < 9 | m<9,由根的判别式Δ = b² - 4ac > 0，这里a=1，b=-6，c=m，所以Δ = (-6)² - 4×1×m = 36 - 4m > 0，解得m < 9。故m的取值范围是m < 9。,pep-junior-s3-upper-quadratics-circle-probability,pep-junior-s3-upper-paper-circle-geometry,pep-junior-exam-linear-functions-graphs,passed,needs-review,deepseek-original-v3-1200; pending-s18-manual-review
pep-junior-v3-s3-k10-fi-005,junior-rag-v3-1200,S3,upper,pep-junior-s3-upper-quadratics-circle-probability,一元二次方程、二次函数、圆与概率初步,fill-in,Core,一个不透明的袋子中装有4个红球和6个白球，它们除颜色外都相同。从中任意摸出一个球，摸到红球的概率是______。,,2/5,2/5 | 0.4 | 40% | 4/10,袋子中共有4+6=10个球，其中红球4个，所以摸到红球的概率为4/10 = 2/5。,pep-junior-s3-upper-quadratics-circle-probability,pep-junior-s3-upper-paper-probability-introduction,pep-junior-exam-coordinate-transformations,passed,needs-review,deepseek-original-v3-1200; pending-s18-manual-review
pep-junior-v3-s3-k10-fi-006,junior-rag-v3-1200,S3,upper,pep-junior-s3-upper-quadratics-circle-probability,一元二次方程、二次函数、圆与概率初步,fill-in,Core,"在平面直角坐标系中，将点A(3, -2)绕原点顺时针旋转90°，得到点A'，则点A'的坐标为______。",,"(-2, -3)","(-2, -3) | (-2,-3)","点(x, y)绕原点顺时针旋转90°后变为(y, -x)。所以A(3, -2)旋转后为(-2, -3)。",pep-junior-s3-upper-quadratics-circle-probability,pep-junior-s3-upper-paper-rotation-transformations,pep-junior-exam-inverse-proportion-models,passed,needs-review,deepseek-original-v3-1200; pending-s18-manual-review
pep-junior-v3-s3-k10-fi-007,junior-rag-v3-1200,S3,upper,pep-junior-s3-upper-quadratics-circle-probability,一元二次方程、二次函数、圆与概率初步,fill-in,Core,已知二次函数y = -x² + 4x + 1，将其化为顶点式，结果为y = -(x - 2)² + 5，则此函数的最大值是______。,,5,5,"顶点式为y = -(x - 2)² + 5，因为二次项系数为负，抛物线开口向下，顶点(2, 5)是最高点，所以函数的最大值是5。",pep-junior-s3-upper-quadratics-circle-probability,pep-junior-s3-upper-paper-integrated-review,pep-junior-exam-number-sense-real-numbers,passed,needs-review,deepseek-original-v3-1200; pending-s18-manual-review
pep-junior-v3-s3-k10-fi-008,junior-rag-v3-1200,S3,upper,pep-junior-s3-upper-quadratics-circle-probability,一元二次方程、二次函数、圆与概率初步,fill-in,Core,某商店销售一种商品，进价为每件40元，售价为每件60元时，每天可售出100件。经调查发现，售价每降低1元，每天可多售出10件。设每件降价x元，则每天的利润y（元）与x的函数关系式为y = (20 - x)(100 + 10x)。若要使每天利润最大，每件应降价______元。,,5,5,利润y = (20 - x)(100 + 10x) = -10x² + 100x + 2000，化为顶点式y = -10(x - 5)² + 2250，所以当x = 5时，y有最大值。因此每件应降价5元。,pep-junior-s3-upper-quadratics-circle-probability,pep-junior-s3-upper-paper-quadratic-equations,pep-junior-exam-linear-equation-inequality-models,passed,needs-review,deepseek-original-v3-1200; pending-s18-manual-review
pep-junior-v3-s3-k10-fi-009,junior-rag-v3-1200,S3,upper,pep-junior-s3-upper-quadratics-circle-probability,一元二次方程、二次函数、圆与概率初步,fill-in,Core,"已知二次函数y = x² - 2mx + m² - 1的图象经过点(3, 0)，则m的值为______。",,2或4,"2或4 | 2,4 | 4或2","将点(3,0)代入得0 = 9 - 6m + m² - 1，即m² - 6m + 8 = 0，解得m = 2或m = 4。",pep-junior-s3-upper-quadratics-circle-probability,pep-junior-s3-upper-paper-quadratic-functions,pep-junior-exam-polynomial-factorization-fractions,passed,needs-review,deepseek-original-v3-1200; pending-s18-manual-review
pep-junior-v3-s3-k10-fi-010,junior-rag-v3-1200,S3,upper,pep-junior-s3-upper-quadratics-circle-probability,一元二次方程、二次函数、圆与概率初步,fill-in,Core,在⊙O中，弦AB的长为8，圆心O到AB的距离为3，则⊙O的半径为______。,,5,5,过O作OC⊥AB于C，则C为AB中点，AC = 4。在Rt△OAC中，OA² = OC² + AC² = 3² + 4² = 25，所以半径OA = 5。,pep-junior-s3-upper-quadratics-circle-probability,pep-junior-s3-upper-paper-circle-geometry,pep-junior-exam-triangles-congruence-proof,passed,needs-review,deepseek-original-v3-1200; pending-s18-manual-review
pep-junior-v3-s3-k10-fi-011,junior-rag-v3-1200,S3,upper,pep-junior-s3-upper-quadratics-circle-probability,一元二次方程、二次函数、圆与概率初步,fill-in,Core,一个不透明的口袋中装有2个红球和3个黄球，它们除颜色外都相同。从中随机摸出两个球，则摸出的两个球都是红球的概率是______。,,1/10,1/10 | 0.1 | 10%,"从5个球中摸出2个球共有C(5,2)=10种等可能结果，其中两个都是红球的情况有C(2,2)=1种，所以概率为1/10。",pep-junior-s3-upper-quadratics-circle-probability,pep-junior-s3-upper-paper-probability-introduction,pep-junior-exam-quadrilaterals-pythagorean,passed,needs-review,deepseek-original-v3-1200; pending-s18-manual-review
pep-junior-v3-s3-k10-fi-012,junior-rag-v3-1200,S3,upper,pep-junior-s3-upper-quadratics-circle-probability,一元二次方程、二次函数、圆与概率初步,fill-in,Core,"在平面直角坐标系中，点P(4, 5)关于原点对称的点P'的坐标为______。",,"(-4, -5)","(-4, -5) | (-4,-5)","关于原点对称的点，横、纵坐标都变为相反数，所以P(4, 5)的对称点为(-4, -5)。",pep-junior-s3-upper-quadratics-circle-probability,pep-junior-s3-upper-paper-rotation-transformations,pep-junior-exam-similarity-right-triangle-trig,passed,needs-review,deepseek-original-v3-1200; pending-s18-manual-review
pep-junior-v3-s3-k10-fi-013,junior-rag-v3-1200,S3,upper,pep-junior-s3-upper-quadratics-circle-probability,一元二次方程、二次函数、圆与概率初步,fill-in,Core,已知关于x的一元二次方程x² - (k+2)x + 2k = 0的一个根是1，则另一个根是______。,,2,2,将x=1代入方程得1 - (k+2) + 2k = 0，解得k=1。原方程为x² - 3x + 2 = 0，因式分解得(x-1)(x-2)=0，所以另一个根是2。,pep-junior-s3-upper-quadratics-circle-probability,pep-junior-s3-upper-paper-integrated-review,pep-junior-exam-dynamic-geometry-functions,passed,needs-review,deepseek-original-v3-1200; pending-s18-manual-review
pep-junior-v3-s3-k10-fi-014,junior-rag-v3-1200,S3,upper,pep-junior-s3-upper-quadratics-circle-probability,一元二次方程、二次函数、圆与概率初步,fill-in,Core,某工厂今年1月份生产零件50万个，3月份生产零件72万个。设2、3月份平均每月的增长率为x，则可列出方程为______。,,50(1+x)^2=72,50(1+x)^2=72 | 50(1+x)²=72,1月份产量为50万，经过2个月增长到3月份，每月增长率为x，则2月份产量为50(1+x)，3月份产量为50(1+x)(1+x)=50(1+x)^2。根据题意3月份产量为72万，所以方程为50(1+x)^2=72。,pep-junior-s3-upper-quadratics-circle-probability,pep-junior-s3-upper-paper-quadratic-equations,pep-junior-exam-applied-modeling-finance-rate,passed,needs-review,deepseek-original-v3-1200; pending-s18-manual-review
pep-junior-v3-s3-k10-fi-015,junior-rag-v3-1200,S3,upper,pep-junior-s3-upper-quadratics-circle-probability,一元二次方程、二次函数、圆与概率初步,fill-in,Core,二次函数y=2x^2-8x+11的顶点坐标是______。,,"(2,3)","(2,3) | （2，3）","将二次函数配方：y=2(x^2-4x)+11=2[(x-2)^2-4]+11=2(x-2)^2-8+11=2(x-2)^2+3。顶点式为y=2(x-2)^2+3，所以顶点坐标为(2,3)。",pep-junior-s3-upper-quadratics-circle-probability,pep-junior-s3-upper-paper-quadratic-functions,pep-junior-exam-proof-calculation-integrated,passed,needs-review,deepseek-original-v3-1200; pending-s18-manual-review
pep-junior-v3-s3-k10-fi-016,junior-rag-v3-1200,S3,upper,pep-junior-s3-upper-quadratics-circle-probability,一元二次方程、二次函数、圆与概率初步,fill-in,Core,二次函数 y=x²-4x+1 的图象顶点的横坐标是____。,,2,2,二次函数 y=x²-4x+1 中，a=1，b=-4，顶点横坐标为 -b/(2a)=4/2=2。因此顶点的横坐标是2。,pep-junior-s3-upper-quadratics-circle-probability,pep-junior-s3-upper-paper-circle-geometry,pep-junior-exam-quadratic-equations-functions,passed,needs-review,deepseek-original-v3-1200; pending-s18-manual-review
pep-junior-v3-s3-k10-fi-017,junior-rag-v3-1200,S3,upper,pep-junior-s3-upper-quadratics-circle-probability,一元二次方程、二次函数、圆与概率初步,fill-in,Core,一个不透明的袋子里装有3个红球和2个白球，它们除颜色外都相同。随机摸出一个球，摸到红球的概率是______。,,3/5,3/5 | 0.6,袋中共有5个球，其中红球有3个。每个球被摸到的可能性相等，所以P(摸到红球)=红球个数/总球数=3/5。,pep-junior-s3-upper-quadratics-circle-probability,pep-junior-s3-upper-paper-probability-introduction,pep-junior-exam-circle-geometry,passed,needs-review,deepseek-original-v3-1200; pending-s18-manual-review
pep-junior-v3-s3-k10-fi-018,junior-rag-v3-1200,S3,upper,pep-junior-s3-upper-quadratics-circle-probability,一元二次方程、二次函数、圆与概率初步,fill-in,Core,"点A(3, -2)绕原点逆时针旋转90°后得到点A'，则A'的坐标为______。",,"(2,3)","(2,3) | （2，3）","点(x,y)绕原点逆时针旋转90°后坐标变为(-y, x)。所以A(3,-2)旋转后为(2,3)。",pep-junior-s3-upper-quadratics-circle-probability,pep-junior-s3-upper-paper-rotation-transformations,pep-junior-exam-statistics-probability,passed,needs-review,deepseek-original-v3-1200; pending-s18-manual-review
pep-junior-v3-s3-k10-fi-019,junior-rag-v3-1200,S3,upper,pep-junior-s3-upper-quadratics-circle-probability,一元二次方程、二次函数、圆与概率初步,fill-in,Core,若关于x的一元二次方程x^2-6x+k=0有两个相等的实数根，则k=______。,,9,9,方程有两个相等实数根时，判别式Δ=0。Δ=(-6)^2-4×1×k=36-4k=0，解得k=9。,pep-junior-s3-upper-quadratics-circle-probability,pep-junior-s3-upper-paper-integrated-review,pep-junior-exam-linear-functions-graphs,passed,needs-review,deepseek-original-v3-1200; pending-s18-manual-review
pep-junior-v3-s3-k10-fi-020,junior-rag-v3-1200,S3,upper,pep-junior-s3-upper-quadratics-circle-probability,一元二次方程、二次函数、圆与概率初步,fill-in,Core,解方程：x^2-4x-5=0。,,"x1=5, x2=-1","x1=5, x2=-1 | x1=-1, x2=5 | x=5或x=-1","用因式分解法：(x-5)(x+1)=0，所以x-5=0或x+1=0，解得x1=5, x2=-1。",pep-junior-s3-upper-quadratics-circle-probability,pep-junior-s3-upper-paper-quadratic-equations,pep-junior-exam-coordinate-transformations,passed,needs-review,deepseek-original-v3-1200; pending-s18-manual-review
pep-junior-v3-s3-k10-fi-021,junior-rag-v3-1200,S3,upper,pep-junior-s3-upper-quadratics-circle-probability,一元二次方程、二次函数、圆与概率初步,fill-in,Core,抛物线y=-x^2+2x+3与x轴的交点坐标为______。,,"(-1,0)和(3,0)","(-1,0)和(3,0) | (-1,0),(3,0) | （-1，0）和（3，0）","令y=0，得-x^2+2x+3=0，即x^2-2x-3=0，解得x=-1或x=3。所以交点坐标为(-1,0)和(3,0)。",pep-junior-s3-upper-quadratics-circle-probability,pep-junior-s3-upper-paper-quadratic-functions,pep-junior-exam-inverse-proportion-models,passed,needs-review,deepseek-original-v3-1200; pending-s18-manual-review
pep-junior-v3-s3-k10-fi-022,junior-rag-v3-1200,S3,upper,pep-junior-s3-upper-quadratics-circle-probability,一元二次方程、二次函数、圆与概率初步,fill-in,Core,AB是圆O的直径，C是圆上一点，∠CAB=30°，则∠ABC=______°。,,60,60,AB是直径，所以∠ACB=90°（直径所对的圆周角是直角）。在△ABC中，∠CAB=30°，∠ACB=90°，所以∠ABC=180°-90°-30°=60°。,pep-junior-s3-upper-quadratics-circle-probability,pep-junior-s3-upper-paper-circle-geometry,pep-junior-exam-number-sense-real-numbers,passed,needs-review,deepseek-original-v3-1200; pending-s18-manual-review
pep-junior-v3-s3-k10-fi-023,junior-rag-v3-1200,S3,upper,pep-junior-s3-upper-quadratics-circle-probability,一元二次方程、二次函数、圆与概率初步,fill-in,Core,掷一枚质地均匀的骰子，观察向上一面的点数，点数大于4的概率是______。,,1/3,1/3,掷一枚骰子共有6种等可能结果，点数大于4的有5、6两种，所以P(点数大于4)=2/6=1/3。,pep-junior-s3-upper-quadratics-circle-probability,pep-junior-s3-upper-paper-probability-introduction,pep-junior-exam-linear-equation-inequality-models,passed,needs-review,deepseek-original-v3-1200; pending-s18-manual-review
pep-junior-v3-s3-k10-fi-024,junior-rag-v3-1200,S3,upper,pep-junior-s3-upper-quadratics-circle-probability,一元二次方程、二次函数、圆与概率初步,fill-in,Core,若一元二次方程 x² - 6x + m = 0 有两个相等的实数根，则 m 的值为______。,,9,9,由判别式 Δ = b² - 4ac = 0 得 (-6)² - 4×1×m = 0，即 36 - 4m = 0，解得 m = 9。,pep-junior-s3-upper-quadratics-circle-probability,pep-junior-s3-upper-paper-rotation-transformations,pep-junior-exam-polynomial-factorization-fractions,passed,needs-review,deepseek-original-v3-1200; pending-s18-manual-review
pep-junior-v3-s3-k10-fi-025,junior-rag-v3-1200,S3,upper,pep-junior-s3-upper-quadratics-circle-probability,一元二次方程、二次函数、圆与概率初步,fill-in,Core,二次函数 y = 2(x - 1)² + 3 的顶点坐标是______。,,"(1,3)","(1,3) | 1,3 | （1，3）","二次函数 y = a(x - h)² + k 的顶点为 (h, k)，所以 y = 2(x - 1)² + 3 的顶点坐标是 (1,3)。",pep-junior-s3-upper-quadratics-circle-probability,pep-junior-s3-upper-paper-integrated-review,pep-junior-exam-triangles-congruence-proof,passed,needs-review,deepseek-original-v3-1200; pending-s18-manual-review
pep-junior-v3-s3-k10-fi-026,junior-rag-v3-1200,S3,upper,pep-junior-s3-upper-quadratics-circle-probability,一元二次方程、二次函数、圆与概率初步,fill-in,Core,一元二次方程 2x² + 3x - 5 = 0 的两根之和为______。,,-3/2,-3/2 | -1.5 | 负二分之三,对于方程 ax² + bx + c = 0，两根之和为 -b/a。这里 a=2，b=3，所以和为 -3/2。,pep-junior-s3-upper-quadratics-circle-probability,pep-junior-s3-upper-paper-quadratic-equations,pep-junior-exam-quadrilaterals-pythagorean,passed,needs-review,deepseek-original-v3-1200; pending-s18-manual-review
pep-junior-v3-s3-k10-fi-027,junior-rag-v3-1200,S3,upper,pep-junior-s3-upper-quadratics-circle-probability,一元二次方程、二次函数、圆与概率初步,fill-in,Core,把二次函数 y = x² - 4x + 1 化为 y = a(x - h)² + k 的形式，则 h + k = ______。,,-1,-1,配方得 y = (x - 2)² - 3，所以 h=2，k=-3，h + k = -1。,pep-junior-s3-upper-quadratics-circle-probability,pep-junior-s3-upper-paper-quadratic-functions,pep-junior-exam-similarity-right-triangle-trig,passed,needs-review,deepseek-original-v3-1200; pending-s18-manual-review
pep-junior-v3-s3-k10-fi-028,junior-rag-v3-1200,S3,upper,pep-junior-s3-upper-quadratics-circle-probability,一元二次方程、二次函数、圆与概率初步,fill-in,Core,在半径为 5 cm 的圆中，一条弦长为 8 cm，则弦心距为______cm。,,3,3,弦心距、半径、半弦长构成直角三角形，由勾股定理得弦心距 = √(5² - 4²) = √9 = 3 cm。,pep-junior-s3-upper-quadratics-circle-probability,pep-junior-s3-upper-paper-circle-geometry,pep-junior-exam-dynamic-geometry-functions,passed,needs-review,deepseek-original-v3-1200; pending-s18-manual-review
pep-junior-v3-s3-k10-fi-029,junior-rag-v3-1200,S3,upper,pep-junior-s3-upper-quadratics-circle-probability,一元二次方程、二次函数、圆与概率初步,fill-in,Core,"从分别写有数字 1, 2, 3, 4, 5 的五张卡片中随机抽取一张，抽到奇数的概率是______。",,3/5,3/5 | 0.6 | 五分之三,"5 张卡片中奇数有 1, 3, 5 共 3 个，所以概率为 3/5。",pep-junior-s3-upper-quadratics-circle-probability,pep-junior-s3-upper-paper-probability-introduction,pep-junior-exam-applied-modeling-finance-rate,passed,needs-review,deepseek-original-v3-1200; pending-s18-manual-review
pep-junior-v3-s3-k10-fi-030,junior-rag-v3-1200,S3,upper,pep-junior-s3-upper-quadratics-circle-probability,一元二次方程、二次函数、圆与概率初步,fill-in,Core,"点 A(2, -3) 绕原点逆时针旋转 90° 后的对应点坐标是______。",,"(3,2)","(3,2) | 3,2 | （3，2）","点 (x, y) 绕原点逆时针旋转 90° 得 (-y, x)，所以 (2, -3) 变为 (3, 2)。",pep-junior-s3-upper-quadratics-circle-probability,pep-junior-s3-upper-paper-rotation-transformations,pep-junior-exam-proof-calculation-integrated,passed,needs-review,deepseek-original-v3-1200; pending-s18-manual-review
pep-junior-v3-s3-k10-fi-031,junior-rag-v3-1200,S3,upper,pep-junior-s3-upper-quadratics-circle-probability,一元二次方程、二次函数、圆与概率初步,fill-in,Core,二次函数 y = -x² + 2x + 3 的最大值是______。,,4,4,配方得 y = -(x - 1)² + 4，因为 a = -1 < 0，所以当 x = 1 时 y 有最大值 4。,pep-junior-s3-upper-quadratics-circle-probability,pep-junior-s3-upper-paper-integrated-review,pep-junior-exam-quadratic-equations-functions,passed,needs-review,deepseek-original-v3-1200; pending-s18-manual-review
pep-junior-v3-s3-k10-fi-032,junior-rag-v3-1200,S3,upper,pep-junior-s3-upper-quadratics-circle-probability,一元二次方程、二次函数、圆与概率初步,fill-in,Core,一元二次方程 x² - 5x + 6 = 0 的两根分别是 x₁ 和 x₂，则 x₁² + x₂² = ______。,,13,13,由根与系数关系得 x₁ + x₂ = 5，x₁ x₂ = 6，所以 x₁² + x₂² = (x₁ + x₂)² - 2x₁ x₂ = 25 - 12 = 13。,pep-junior-s3-upper-quadratics-circle-probability,pep-junior-s3-upper-paper-quadratic-equations,pep-junior-exam-circle-geometry,passed,needs-review,deepseek-original-v3-1200; pending-s18-manual-review
pep-junior-v3-s3-k10-fi-033,junior-rag-v3-1200,S3,upper,pep-junior-s3-upper-quadratics-circle-probability,一元二次方程、二次函数、圆与概率初步,fill-in,Core,二次函数 y = x² - 2x - 3 与 x 轴的两个交点之间的距离是______。,,4,4,令 y = 0 得 x² - 2x - 3 = 0，解得 x₁ = -1，x₂ = 3，距离为 |3 - (-1)| = 4。,pep-junior-s3-upper-quadratics-circle-probability,pep-junior-s3-upper-paper-quadratic-functions,pep-junior-exam-statistics-probability,passed,needs-review,deepseek-original-v3-1200; pending-s18-manual-review
pep-junior-v3-s3-k10-fi-034,junior-rag-v3-1200,S3,upper,pep-junior-s3-upper-quadratics-circle-probability,一元二次方程、二次函数、圆与概率初步,fill-in,Core,在⊙O中，弦AB与弦CD相交于点P，且AP=3，PB=5，CP=2。求PD的长度。,,7.5,7.5 | 15/2,根据相交弦定理，AP·PB = CP·PD，即3×5 = 2×PD，解得PD = 15/2 = 7.5。,pep-junior-s3-upper-quadratics-circle-probability,pep-junior-s3-upper-paper-circle-geometry,pep-junior-exam-linear-functions-graphs,passed,needs-review,deepseek-original-v3-1200; pending-s18-manual-review
pep-junior-v3-s3-k10-fi-035,junior-rag-v3-1200,S3,upper,pep-junior-s3-upper-quadratics-circle-probability,一元二次方程、二次函数、圆与概率初步,fill-in,Core,一个不透明的袋子里装有3个红球和2个白球，这些球除颜色外完全相同。随机从袋子中摸出一个球，摸到红球的概率是多少？,,3/5,3/5 | 0.6 | 60%,总共有5个球，其中红球有3个，所以摸到红球的概率为3/5。,pep-junior-s3-upper-quadratics-circle-probability,pep-junior-s3-upper-paper-probability-introduction,pep-junior-exam-coordinate-transformations,passed,needs-review,deepseek-original-v3-1200; pending-s18-manual-review
pep-junior-v3-s3-k10-fi-036,junior-rag-v3-1200,S3,upper,pep-junior-s3-upper-quadratics-circle-probability,一元二次方程、二次函数、圆与概率初步,fill-in,Core,"将点A(2, -3)绕原点顺时针旋转90°，得到点A'。写出点A'的坐标。",,"(-3, -2)","(-3, -2) | (-3,-2)","点(x, y)绕原点顺时针旋转90°后得到点(y, -x)。所以A(2, -3)旋转后为(-3, -2)。",pep-junior-s3-upper-quadratics-circle-probability,pep-junior-s3-upper-paper-rotation-transformations,pep-junior-exam-inverse-proportion-models,passed,needs-review,deepseek-original-v3-1200; pending-s18-manual-review
pep-junior-v3-s3-k10-fi-037,junior-rag-v3-1200,S3,upper,pep-junior-s3-upper-quadratics-circle-probability,一元二次方程、二次函数、圆与概率初步,fill-in,Core,若二次函数y = x² - 4x + m的图象与x轴没有公共点，求m的取值范围。,,m > 4,m > 4 | m>4 | m大于4,二次函数与x轴没有公共点，即判别式Δ < 0。Δ = (-4)² - 4×1×m = 16 - 4m < 0，解得m > 4。,pep-junior-s3-upper-quadratics-circle-probability,pep-junior-s3-upper-paper-integrated-review,pep-junior-exam-number-sense-real-numbers,passed,needs-review,deepseek-original-v3-1200; pending-s18-manual-review
pep-junior-v3-s3-k10-fi-038,junior-rag-v3-1200,S3,upper,pep-junior-s3-upper-quadratics-circle-probability,一元二次方程、二次函数、圆与概率初步,fill-in,Core,解方程：x² - 6x + 5 = 0。,,"x₁=1, x₂=5","x₁=1, x₂=5 | x=1或x=5 | x₁=1，x₂=5 | 1和5 | x=1, x=5","方程x² - 6x + 5 = 0可因式分解为(x-1)(x-5)=0，所以x₁=1, x₂=5。",pep-junior-s3-upper-quadratics-circle-probability,pep-junior-s3-upper-paper-quadratic-equations,pep-junior-exam-linear-equation-inequality-models,passed,needs-review,deepseek-original-v3-1200; pending-s18-manual-review
pep-junior-v3-s3-k10-fi-039,junior-rag-v3-1200,S3,upper,pep-junior-s3-upper-quadratics-circle-probability,一元二次方程、二次函数、圆与概率初步,fill-in,Core,二次函数y = -2(x+1)² + 3的顶点坐标是什么？,,"(-1, 3)","(-1, 3) | (-1,3)","二次函数顶点式为y = a(x-h)² + k，顶点为(h, k)。这里h = -1, k = 3，所以顶点坐标为(-1, 3)。",pep-junior-s3-upper-quadratics-circle-probability,pep-junior-s3-upper-paper-quadratic-functions,pep-junior-exam-polynomial-factorization-fractions,passed,needs-review,deepseek-original-v3-1200; pending-s18-manual-review
pep-junior-v3-s3-k10-fi-040,junior-rag-v3-1200,S3,upper,pep-junior-s3-upper-quadratics-circle-probability,一元二次方程、二次函数、圆与概率初步,fill-in,Core,在⊙O中，弦AB的长为8 cm，圆心O到弦AB的距离为3 cm。求⊙O的半径。,,5 cm,5 cm | 5 | 5cm,设半径为r，弦心距为d=3 cm，弦长的一半为4 cm。由勾股定理，r² = 4² + 3² = 25，所以r = 5 cm。,pep-junior-s3-upper-quadratics-circle-probability,pep-junior-s3-upper-paper-circle-geometry,pep-junior-exam-triangles-congruence-proof,passed,needs-review,deepseek-original-v3-1200; pending-s18-manual-review
pep-junior-v3-s3-k10-fi-041,junior-rag-v3-1200,S3,upper,pep-junior-s3-upper-quadratics-circle-probability,一元二次方程、二次函数、圆与概率初步,fill-in,Core,同时抛掷两枚质地均匀的硬币，求至少有一枚正面朝上的概率。,,3/4,3/4 | 0.75 | 75%,所有等可能的结果有4种：正正、正反、反正、反反。至少一枚正面朝上的有前三种，所以概率为3/4。,pep-junior-s3-upper-quadratics-circle-probability,pep-junior-s3-upper-paper-probability-introduction,pep-junior-exam-quadrilaterals-pythagorean,passed,needs-review,deepseek-original-v3-1200; pending-s18-manual-review
pep-junior-v3-s3-k10-fi-042,junior-rag-v3-1200,S3,upper,pep-junior-s3-upper-quadratics-circle-probability,一元二次方程、二次函数、圆与概率初步,fill-in,Core,将△ABC绕点A顺时针旋转100°得到△ADE，点B的对应点为D，点C的对应点为E。若∠BAC=40°，求∠CAE的度数。,,100°,100° | 100度,旋转角为100°，即∠CAE等于旋转角，所以∠CAE=100°。,pep-junior-s3-upper-quadratics-circle-probability,pep-junior-s3-upper-paper-rotation-transformations,pep-junior-exam-similarity-right-triangle-trig,passed,needs-review,deepseek-original-v3-1200; pending-s18-manual-review
pep-junior-v3-s3-k10-fi-043,junior-rag-v3-1200,S3,upper,pep-junior-s3-upper-quadratics-circle-probability,一元二次方程、二次函数、圆与概率初步,fill-in,Core,已知关于x的一元二次方程x² + (2k+1)x + k² = 0有两个不相等的实数根，求k的取值范围。,,k > -1/4,k > -1/4 | k>-1/4 | k大于-1/4 | k > -0.25,方程有两个不相等的实数根，则判别式Δ > 0。Δ = (2k+1)² - 4×1×k² = 4k² + 4k + 1 - 4k² = 4k + 1 > 0，解得k > -1/4。,pep-junior-s3-upper-quadratics-circle-probability,pep-junior-s3-upper-paper-integrated-review,pep-junior-exam-dynamic-geometry-functions,passed,needs-review,deepseek-original-v3-1200; pending-s18-manual-review
pep-junior-v3-s3-k10-fi-044,junior-rag-v3-1200,S3,upper,pep-junior-s3-upper-quadratics-circle-probability,一元二次方程、二次函数、圆与概率初步,fill-in,Core,某商店将进价为每件40元的商品按每件60元出售，每天可售出100件。经过市场调查发现，这种商品每降价1元，其销售量就增加10件。设每件商品降价x元（x为正整数），每天的利润为y元。写出y关于x的函数关系式，并求当x为何值时，每天的利润最大？最大利润是多少元？,,y = (60 - 40 - x)(100 + 10x) = (20 - x)(100 + 10x)，即y = -10x² + 100x + 2000；当x = 5时，最大利润为2250元。,y = (60 - 40 - x)(100 + 10x) = (20 - x)(100 + 10x)，即y = -10x² + 100x + 2000；当x = 5时，最大利润为2250元。 | y = -10x² + 100x + 2000；当x = 5时，最大利润为2250元。 | y=-10x²+100x+2000；x=5，最大利润2250元 | y = -10x² + 100x + 2000，x=5，最大利润2250 | y=-10x^2+100x+2000，x=5，最大利润2250,每件降价x元后，售价为(60-x)元，每件利润为(60-x-40)=(20-x)元，销售量为(100+10x)件，所以利润y=(20-x)(100+10x)=2000+200x-100x-10x²=-10x²+100x+2000。这是一个开口向下的二次函数，对称轴为x=-b/(2a)=-100/(2×(-10))=5。因为x为正整数，所以当x=5时，y取得最大值，最大值为-10×25+100×5+2000=2250元。因此，答案为y = -10x² + 100x + 2000；当x = 5时，最大利润为2250元。,pep-junior-s3-upper-quadratics-circle-probability,pep-junior-s3-upper-paper-quadratic-equations,pep-junior-exam-applied-modeling-finance-rate,passed,needs-review,deepseek-original-v3-1200; pending-s18-manual-review
pep-junior-v3-s3-k10-fi-045,junior-rag-v3-1200,S3,upper,pep-junior-s3-upper-quadratics-circle-probability,一元二次方程、二次函数、圆与概率初步,fill-in,Core,"已知二次函数y = ax² + bx + c的图象经过点(1, -2)，(2, -1)，(3, 2)。求这个二次函数的表达式。",,y = x² - 4x + 1,y = x² - 4x + 1 | y=x^2-4x+1 | y=x²-4x+1 | y = x^2 - 4x + 1,将三个点的坐标代入二次函数表达式，得到方程组： a + b + c = -2  (1) 4a + 2b + c = -1 (2) 9a + 3b + c = 2  (3) (2)-(1)得：3a + b = 1  (4) (3)-(2)得：5a + b = 3  (5) (5)-(4)得：2a = 2，所以a = 1。 代入(4)得：3×1 + b = 1，b = -2。 代入(1)得：1 - 2 + c = -2，c = 1。 所以二次函数表达式为y = x² - 4x + 1。,pep-junior-s3-upper-quadratics-circle-probability,pep-junior-s3-upper-paper-quadratic-functions,pep-junior-exam-proof-calculation-integrated,passed,needs-review,deepseek-original-v3-1200; pending-s18-manual-review
pep-junior-v3-s3-k10-fi-046,junior-rag-v3-1200,S3,upper,pep-junior-s3-upper-quadratics-circle-probability,一元二次方程、二次函数、圆与概率初步,fill-in,Core,AB是⊙O的直径，弦CD⊥AB于点E，若CD=8，BE=2，求⊙O的半径。,,5,5 | 5cm | 5厘米,连接OC，设半径为r，则OC=r，OE=OB-BE=r-2。因为AB是直径，CD⊥AB，所以CE=DE=CD/2=4。在Rt△OCE中，由勾股定理得OC²=OE²+CE²，即r²=(r-2)²+4²，展开得r²=r²-4r+4+16，化简得4r=20，解得r=5。所以半径为5。,pep-junior-s3-upper-quadratics-circle-probability,pep-junior-s3-upper-paper-circle-geometry,pep-junior-exam-quadratic-equations-functions,passed,needs-review,deepseek-original-v3-1200; pending-s18-manual-review
pep-junior-v3-s3-k10-fi-047,junior-rag-v3-1200,S3,upper,pep-junior-s3-upper-quadratics-circle-probability,一元二次方程、二次函数、圆与概率初步,fill-in,Core,一个不透明的袋子里装有3个红球和2个白球，这些球除颜色外完全相同。从中随机摸出两个球，求摸出的两个球都是红球的概率。,,3/10,3/10 | 0.3 | 30%,"从5个球中随机摸出两个球，总共有C(5,2)=10种等可能的结果。摸出两个红球的情况是从3个红球中选2个，有C(3,2)=3种。所以概率为3/10。",pep-junior-s3-upper-quadratics-circle-probability,pep-junior-s3-upper-paper-probability-introduction,pep-junior-exam-circle-geometry,passed,needs-review,deepseek-original-v3-1200; pending-s18-manual-review
pep-junior-v3-s3-k10-fi-048,junior-rag-v3-1200,S3,upper,pep-junior-s3-upper-quadratics-circle-probability,一元二次方程、二次函数、圆与概率初步,fill-in,Core,"在平面直角坐标系中，点A的坐标为(2, 3)，将点A绕原点O顺时针旋转90°得到点A'，再将点A'向右平移3个单位得到点A''。求点A''的坐标。",,"(6, -2)","(6, -2) | （6，-2） | 6,-2","点A(2,3)绕原点顺时针旋转90°后，坐标变为(3,-2)（旋转规律：顺时针90°变换为(x,y)→(y,-x)）。再向右平移3个单位，横坐标加3，纵坐标不变，得(3+3, -2)=(6,-2)。所以点A''的坐标为(6, -2)。",pep-junior-s3-upper-quadratics-circle-probability,pep-junior-s3-upper-paper-rotation-transformations,pep-junior-exam-statistics-probability,passed,needs-review,deepseek-original-v3-1200; pending-s18-manual-review
pep-junior-v3-s3-k10-fi-049,junior-rag-v3-1200,S3,upper,pep-junior-s3-upper-quadratics-circle-probability,一元二次方程、二次函数、圆与概率初步,fill-in,Core,已知关于x的一元二次方程x² - (2k+1)x + k² + k = 0。该方程的判别式Δ = ______。,,1,1,Δ = (2k+1)² - 4(k²+k) = 4k²+4k+1-4k²-4k = 1。,pep-junior-s3-upper-quadratics-circle-probability,pep-junior-s3-upper-paper-integrated-review,pep-junior-exam-linear-functions-graphs,passed,needs-review,deepseek-original-v3-1200; pending-s18-manual-review
pep-junior-v3-s3-k10-fi-050,junior-rag-v3-1200,S3,upper,pep-junior-s3-upper-quadratics-circle-probability,一元二次方程、二次函数、圆与概率初步,fill-in,Core,解方程：2x² - 5x + 2 = 0。,,x₁=2，x₂=1/2,"x₁=2，x₂=1/2 | x1=2，x2=1/2 | x=2或x=1/2 | 2或1/2 | x1=2, x2=0.5",用公式法解方程2x²-5x+2=0，a=2，b=-5，c=2，判别式Δ=(-5)²-4×2×2=25-16=9>0，所以x=(5±√9)/(2×2)=(5±3)/4，得x₁=(5+3)/4=2，x₂=(5-3)/4=1/2。,pep-junior-s3-upper-quadratics-circle-probability,pep-junior-s3-upper-paper-quadratic-equations,pep-junior-exam-coordinate-transformations,passed,needs-review,deepseek-original-v3-1200; pending-s18-manual-review
pep-junior-v3-s3-k10-fi-051,junior-rag-v3-1200,S3,upper,pep-junior-s3-upper-quadratics-circle-probability,一元二次方程、二次函数、圆与概率初步,fill-in,Core,"已知反比例函数y = k/x的图象经过点(2, -3)。求k的值，并判断点(-1, 6)是否在该函数的图象上。",,"k = -6；点(-1, 6)在图象上。","k = -6；点(-1, 6)在图象上。 | k=-6，在 | k=-6，点(-1,6)在图象上","将点(2,-3)代入y=k/x，得-3=k/2，所以k=-6。函数为y=-6/x。将x=-1代入得y=-6/(-1)=6，所以点(-1,6)满足函数关系，因此在图象上。",pep-junior-s3-upper-quadratics-circle-probability,pep-junior-s3-upper-paper-quadratic-functions,pep-junior-exam-inverse-proportion-models,passed,needs-review,deepseek-original-v3-1200; pending-s18-manual-review
pep-junior-v3-s3-k10-fi-052,junior-rag-v3-1200,S3,upper,pep-junior-s3-upper-quadratics-circle-probability,一元二次方程、二次函数、圆与概率初步,fill-in,Core,PA、PB是⊙O的切线，A、B为切点，若∠P=50°，求∠AOB的度数。,,130°,130° | 130度 | 130,连接OA、OB，因为PA、PB是切线，所以OA⊥PA，OB⊥PB，即∠OAP=∠OBP=90°。在四边形OAPB中，内角和为360°，所以∠AOB=360°-∠OAP-∠OBP-∠P=360°-90°-90°-50°=130°。,pep-junior-s3-upper-quadratics-circle-probability,pep-junior-s3-upper-paper-circle-geometry,pep-junior-exam-number-sense-real-numbers,passed,needs-review,deepseek-original-v3-1200; pending-s18-manual-review
pep-junior-v3-s3-k10-fi-053,junior-rag-v3-1200,S3,upper,pep-junior-s3-upper-quadratics-circle-probability,一元二次方程、二次函数、圆与概率初步,fill-in,Core,小明和小华用两个可以自由转动的转盘做游戏，每个转盘被分成面积相等的几个扇形。转盘A被分成3个扇形，分别标有数字1、2、3；转盘B被分成4个扇形，分别标有数字1、2、3、4。游戏规则：同时转动两个转盘，当转盘停止后，指针所指区域的数字之和为奇数时，小明获胜；数字之和为偶数时，小华获胜。这个游戏规则公平吗？请说明理由。,,公平。理由：所有等可能的结果有12种，其中和为奇数的有6种，和为偶数的有6种，所以概率相等，游戏公平。,公平。理由：所有等可能的结果有12种，其中和为奇数的有6种，和为偶数的有6种，所以概率相等，游戏公平。 | 公平，因为和为奇数和偶数的概率都是1/2 | 公平，概率各为1/2,"列表或画树状图可知，两个转盘数字之和共有12种等可能的结果：(1,1)=2偶，(1,2)=3奇，(1,3)=4偶，(1,4)=5奇；(2,1)=3奇，(2,2)=4偶，(2,3)=5奇，(2,4)=6偶；(3,1)=4偶，(3,2)=5奇，(3,3)=6偶，(3,4)=7奇。其中和为奇数的有6种，和为偶数的有6种，所以小明获胜的概率为6/12=1/2，小华获胜的概率也为1/2，游戏公平。",pep-junior-s3-upper-quadratics-circle-probability,pep-junior-s3-upper-paper-probability-introduction,pep-junior-exam-linear-equation-inequality-models,passed,needs-review,deepseek-original-v3-1200; pending-s18-manual-review
pep-junior-v3-s3-k10-fi-054,junior-rag-v3-1200,S3,upper,pep-junior-s3-upper-quadratics-circle-probability,一元二次方程、二次函数、圆与概率初步,fill-in,Core,一元二次方程 x² - 5x + c = 0 有两个不相等的实数根，则整数 c 的最大值是______。,,6,6,因为方程有两个不相等的实数根，所以判别式 Δ = (-5)² - 4×1×c = 25 - 4c > 0，解得 c < 6.25。c 为整数时最大值为 6。,pep-junior-s3-upper-quadratics-circle-probability,pep-junior-s3-upper-paper-rotation-transformations,pep-junior-exam-polynomial-factorization-fractions,passed,needs-review,deepseek-original-v3-1200; pending-s18-manual-review
pep-junior-v3-s3-k10-fi-055,junior-rag-v3-1200,S3,upper,pep-junior-s3-upper-quadratics-circle-probability,一元二次方程、二次函数、圆与概率初步,fill-in,Core,二次函数 y = -2(x + 1)² + 3 的图象的顶点坐标是______。,,"(-1, 3)","(-1, 3) | (-1,3)","二次函数顶点式为 y = a(x - h)² + k，顶点为 (h, k)。这里 y = -2(x + 1)² + 3 = -2(x - (-1))² + 3，所以顶点坐标是 (-1, 3)。",pep-junior-s3-upper-quadratics-circle-probability,pep-junior-s3-upper-paper-integrated-review,pep-junior-exam-triangles-congruence-proof,passed,needs-review,deepseek-original-v3-1200; pending-s18-manual-review
pep-junior-v3-s3-k10-fi-056,junior-rag-v3-1200,S3,upper,pep-junior-s3-upper-quadratics-circle-probability,一元二次方程、二次函数、圆与概率初步,fill-in,Core,已知一元二次方程 x² + mx + 4 = 0 有两个相等的实数根，则 m = ______。,,±4,±4 | +4或-4 | 4或-4 | 正负4,方程有两个相等的实数根，则判别式 Δ = m² - 4×1×4 = m² - 16 = 0，解得 m = ±4。,pep-junior-s3-upper-quadratics-circle-probability,pep-junior-s3-upper-paper-quadratic-equations,pep-junior-exam-quadrilaterals-pythagorean,passed,needs-review,deepseek-original-v3-1200; pending-s18-manual-review
pep-junior-v3-s3-k10-fi-057,junior-rag-v3-1200,S3,upper,pep-junior-s3-upper-quadratics-circle-probability,一元二次方程、二次函数、圆与概率初步,fill-in,Core,二次函数 y = x² - 4x + 1 的最小值是______。,,-3,-3,配方得 y = (x - 2)² - 3。因为 (x - 2)² ≥ 0，所以 y ≥ -3，当 x = 2 时取最小值 -3。,pep-junior-s3-upper-quadratics-circle-probability,pep-junior-s3-upper-paper-quadratic-functions,pep-junior-exam-similarity-right-triangle-trig,passed,needs-review,deepseek-original-v3-1200; pending-s18-manual-review
pep-junior-v3-s3-k10-fi-058,junior-rag-v3-1200,S3,upper,pep-junior-s3-upper-quadratics-circle-probability,一元二次方程、二次函数、圆与概率初步,fill-in,Core,在半径为 5 的圆中，一条弦长为 8，则弦心距（圆心到弦的距离）为______。,,3,3,设弦心距为 d，半径 r = 5，弦长一半为 4。由垂径定理，d² + 4² = 5²，d² = 25 - 16 = 9，所以 d = 3。,pep-junior-s3-upper-quadratics-circle-probability,pep-junior-s3-upper-paper-circle-geometry,pep-junior-exam-dynamic-geometry-functions,passed,needs-review,deepseek-original-v3-1200; pending-s18-manual-review
pep-junior-v3-s3-k10-fi-059,junior-rag-v3-1200,S3,upper,pep-junior-s3-upper-quadratics-circle-probability,一元二次方程、二次函数、圆与概率初步,fill-in,Core,一个不透明的袋子里有 3 个红球和 2 个白球，除颜色外其他相同。从中随机摸出 1 个球，摸到红球的概率是______。,,3/5,3/5 | 0.6 | 60% | 五分之三,总球数 3 + 2 = 5，红球 3 个，所以 P(红球) = 3/5。,pep-junior-s3-upper-quadratics-circle-probability,pep-junior-s3-upper-paper-probability-introduction,pep-junior-exam-applied-modeling-finance-rate,passed,needs-review,deepseek-original-v3-1200; pending-s18-manual-review
pep-junior-v3-s3-k10-fi-060,junior-rag-v3-1200,S3,upper,pep-junior-s3-upper-quadratics-circle-probability,一元二次方程、二次函数、圆与概率初步,fill-in,Core,"点 A 的坐标是 (2, 3)，将点 A 绕原点顺时针旋转 90° 后得到点 B，则点 B 的坐标是______。",,"(3, -2)","(3, -2) | (3,-2)","点 (x, y) 绕原点顺时针旋转 90° 后坐标为 (y, -x)。所以 (2, 3) 变为 (3, -2)。",pep-junior-s3-upper-quadratics-circle-probability,pep-junior-s3-upper-paper-rotation-transformations,pep-junior-exam-proof-calculation-integrated,passed,needs-review,deepseek-original-v3-1200; pending-s18-manual-review
pep-junior-v3-s3-k10-fi-061,junior-rag-v3-1200,S3,upper,pep-junior-s3-upper-quadratics-circle-probability,一元二次方程、二次函数、圆与概率初步,fill-in,Core,若二次函数 y = x² - 2x + k 的图象与 x 轴只有一个交点，则 k 的值为______。,,1,1,图象与 x 轴只有一个交点，即方程 x² - 2x + k = 0 有两个相等的实数根，判别式 Δ = (-2)² - 4×1×k = 4 - 4k = 0，解得 k = 1。,pep-junior-s3-upper-quadratics-circle-probability,pep-junior-s3-upper-paper-integrated-review,pep-junior-exam-quadratic-equations-functions,passed,needs-review,deepseek-original-v3-1200; pending-s18-manual-review
pep-junior-v3-s3-k10-fi-062,junior-rag-v3-1200,S3,upper,pep-junior-s3-upper-quadratics-circle-probability,一元二次方程、二次函数、圆与概率初步,fill-in,Core,一元二次方程 2x² - 3x - 1 = 0 的两个根为 x₁、x₂，则 x₁ + x₂ = ______。,,3/2,3/2 | 1.5 | 1 1/2 | 二分之三,根据根与系数的关系，x₁ + x₂ = -b/a = -(-3)/2 = 3/2。,pep-junior-s3-upper-quadratics-circle-probability,pep-junior-s3-upper-paper-quadratic-equations,pep-junior-exam-circle-geometry,passed,needs-review,deepseek-original-v3-1200; pending-s18-manual-review
pep-junior-v3-s3-k10-fi-063,junior-rag-v3-1200,S3,upper,pep-junior-s3-upper-quadratics-circle-probability,一元二次方程、二次函数、圆与概率初步,fill-in,Core,抛物线 y = -x² + 2x + 3 与 y 轴的交点坐标是______。,,"(0, 3)","(0, 3) | (0,3)","令 x = 0，得 y = -0² + 2×0 + 3 = 3，所以与 y 轴交点为 (0, 3)。",pep-junior-s3-upper-quadratics-circle-probability,pep-junior-s3-upper-paper-quadratic-functions,pep-junior-exam-statistics-probability,passed,needs-review,deepseek-original-v3-1200; pending-s18-manual-review
pep-junior-v3-s3-k10-fi-064,junior-rag-v3-1200,S3,upper,pep-junior-s3-upper-quadratics-circle-probability,一元二次方程、二次函数、圆与概率初步,fill-in,Core,在圆O中，弦AB与弦CD相交于点P。已知AP=3，PB=5，CP=2，求PD的长度。,,7.5,7.5 | 15/2,根据相交弦定理，圆内两弦相交，交点分弦所得线段的乘积相等，即AP·PB = CP·PD。代入已知值：3×5 = 2×PD，解得PD = 15/2 = 7.5。,pep-junior-s3-upper-quadratics-circle-probability,pep-junior-s3-upper-paper-circle-geometry,pep-junior-exam-linear-functions-graphs,passed,needs-review,deepseek-original-v3-1200; pending-s18-manual-review
pep-junior-v3-s3-k10-fi-065,junior-rag-v3-1200,S3,upper,pep-junior-s3-upper-quadratics-circle-probability,一元二次方程、二次函数、圆与概率初步,fill-in,Core,一个不透明的袋子里装有3个红球和5个白球，除颜色外其他完全相同。从中随机摸出一个球，摸到红球的概率是多少？,,3/8,3/8 | 0.375,袋中总球数为3+5=8个，红球有3个。随机摸出一个球，摸到红球的概率为红球个数除以总球数，即3/8。,pep-junior-s3-upper-quadratics-circle-probability,pep-junior-s3-upper-paper-probability-introduction,pep-junior-exam-coordinate-transformations,passed,needs-review,deepseek-original-v3-1200; pending-s18-manual-review
pep-junior-v3-s3-k10-fi-066,junior-rag-v3-1200,S3,upper,pep-junior-s3-upper-quadratics-circle-probability,一元二次方程、二次函数、圆与概率初步,fill-in,Core,"在平面直角坐标系中，点A的坐标为(2, -3)。将点A绕原点逆时针旋转90°，得到点B，求点B的坐标。",,"(3, 2)","(3, 2) | (3,2) | （3，2）","点(x, y)绕原点逆时针旋转90°后的坐标为(-y, x)。将A(2, -3)代入，得B(-(-3), 2) = (3, 2)。",pep-junior-s3-upper-quadratics-circle-probability,pep-junior-s3-upper-paper-rotation-transformations,pep-junior-exam-inverse-proportion-models,passed,needs-review,deepseek-original-v3-1200; pending-s18-manual-review
pep-junior-v3-s3-k10-sa-001,junior-rag-v3-1200,S3,upper,pep-junior-s3-upper-quadratics-circle-probability,一元二次方程、二次函数、圆与概率初步,short-answer,Core,已知关于x的一元二次方程x² - 6x + k = 0有两个不相等的实数根。求k的取值范围。,,k < 9,k < 9 | k<9 | k<9且k为实数,一元二次方程有两个不相等的实数根，则判别式Δ > 0。Δ = (-6)² - 4×1×k = 36 - 4k > 0，解得k < 9。,pep-junior-s3-upper-quadratics-circle-probability,pep-junior-s3-upper-paper-integrated-review,pep-junior-exam-quadratic-equations-functions,passed,needs-review,deepseek-original-v3-1200; pending-s18-manual-review
pep-junior-v3-s3-k10-sa-002,junior-rag-v3-1200,S3,upper,pep-junior-s3-upper-quadratics-circle-probability,一元二次方程、二次函数、圆与概率初步,short-answer,Core,AB是⊙O的直径，C是⊙O上一点，连接AC、BC。若∠BAC=30°，求∠ABC的度数。,,60°,60° | 60度 | 60,AB是直径，所以∠ACB是直径所对的圆周角，为90°。在△ABC中，∠BAC=30°，∠ACB=90°，则∠ABC=180°-30°-90°=60°。,pep-junior-s3-upper-quadratics-circle-probability,pep-junior-s3-upper-paper-quadratic-equations,pep-junior-exam-circle-geometry,passed,needs-review,deepseek-original-v3-1200; pending-s18-manual-review
pep-junior-v3-s3-k10-sa-003,junior-rag-v3-1200,S3,upper,pep-junior-s3-upper-quadratics-circle-probability,一元二次方程、二次函数、圆与概率初步,short-answer,Core,二次函数y = -2(x+1)² + 3的图象开口方向是什么？顶点坐标是什么？,,"开口向下，顶点坐标为(-1, 3)","开口向下，顶点坐标为(-1, 3) | 开口向下，顶点坐标为(-1,3) | 向下，(-1,3)","二次函数y = a(x-h)² + k的顶点式为y = -2(x+1)² + 3，其中a=-2<0，所以开口向下；顶点坐标为(h, k) = (-1, 3)。",pep-junior-s3-upper-quadratics-circle-probability,pep-junior-s3-upper-paper-quadratic-functions,pep-junior-exam-statistics-probability,passed,needs-review,deepseek-original-v3-1200; pending-s18-manual-review
pep-junior-v3-s3-k10-sa-004,junior-rag-v3-1200,S3,upper,pep-junior-s3-upper-quadratics-circle-probability,一元二次方程、二次函数、圆与概率初步,short-answer,Core,已知圆的半径为5，圆心到直线l的距离为3，判断直线l与圆的位置关系。,,相交,相交 | 直线与圆相交,设圆的半径为r=5，圆心到直线的距离为d=3。因为d < r，即3 < 5，所以直线与圆相交。,pep-junior-s3-upper-quadratics-circle-probability,pep-junior-s3-upper-paper-circle-geometry,pep-junior-exam-linear-functions-graphs,passed,needs-review,deepseek-original-v3-1200; pending-s18-manual-review
pep-junior-v3-s3-k10-sa-005,junior-rag-v3-1200,S3,upper,pep-junior-s3-upper-quadratics-circle-probability,一元二次方程、二次函数、圆与概率初步,short-answer,Core,同时抛掷两枚质地均匀的硬币，求恰有一枚正面朝上的概率。,,1/2,1/2 | 0.5,两枚硬币的等可能结果为（正，正）、（正，反）、（反，正）、（反，反）共4种。恰有一枚正面朝上的结果有2种，所以概率为2/4=1/2。,pep-junior-s3-upper-quadratics-circle-probability,pep-junior-s3-upper-paper-probability-introduction,pep-junior-exam-coordinate-transformations,passed,needs-review,deepseek-original-v3-1200; pending-s18-manual-review
pep-junior-v3-s3-k10-sa-006,junior-rag-v3-1200,S3,upper,pep-junior-s3-upper-quadratics-circle-probability,一元二次方程、二次函数、圆与概率初步,short-answer,Core,"将点P(-3, 4)先向右平移2个单位，再向下平移1个单位，求平移后点的坐标。",,"(-1, 3)","(-1, 3) | (-1,3) | （-1，3）","点(x, y)向右平移a个单位，向下平移b个单位后的坐标为(x+a, y-b)。将P(-3, 4)代入，得(-3+2, 4-1) = (-1, 3)。",pep-junior-s3-upper-quadratics-circle-probability,pep-junior-s3-upper-paper-rotation-transformations,pep-junior-exam-inverse-proportion-models,passed,needs-review,deepseek-original-v3-1200; pending-s18-manual-review
pep-junior-v3-s3-k10-sa-007,junior-rag-v3-1200,S3,upper,pep-junior-s3-upper-quadratics-circle-probability,一元二次方程、二次函数、圆与概率初步,short-answer,Core,已知二次函数y = x² - 4x + 3，求该函数图象与x轴的交点坐标。,,"(1, 0)和(3, 0)","(1, 0)和(3, 0) | (1,0)和(3,0) | （1，0）和（3，0） | x=1和x=3","求与x轴的交点，令y=0，得x² - 4x + 3 = 0。因式分解为(x-1)(x-3)=0，解得x₁=1，x₂=3。所以交点坐标为(1, 0)和(3, 0)。",pep-junior-s3-upper-quadratics-circle-probability,pep-junior-s3-upper-paper-integrated-review,pep-junior-exam-number-sense-real-numbers,passed,needs-review,deepseek-original-v3-1200; pending-s18-manual-review
pep-junior-v3-s3-k10-sa-008,junior-rag-v3-1200,S3,upper,pep-junior-s3-upper-quadratics-circle-probability,一元二次方程、二次函数、圆与概率初步,short-answer,Core,已知关于x的一元二次方程x² - 4x + m = 0有两个不相等的实数根。求实数m的取值范围。,,m < 4,m < 4 | m<4 | m小于4,由一元二次方程有两个不相等的实数根，可知判别式Δ > 0。Δ = (-4)² - 4×1×m = 16 - 4m。解16 - 4m > 0，得m < 4。,pep-junior-s3-upper-quadratics-circle-probability,pep-junior-s3-upper-paper-quadratic-equations,pep-junior-exam-linear-equation-inequality-models,passed,needs-review,deepseek-original-v3-1200; pending-s18-manual-review
pep-junior-v3-s3-k10-sa-009,junior-rag-v3-1200,S3,upper,pep-junior-s3-upper-quadratics-circle-probability,一元二次方程、二次函数、圆与概率初步,short-answer,Core,二次函数y = 2x² + 4x + 5的图象的顶点坐标是什么？,,"(-1, 3)","(-1, 3) | (-1,3) | x=-1,y=3","将二次函数化为顶点式：y = 2(x² + 2x) + 5 = 2[(x + 1)² - 1] + 5 = 2(x + 1)² - 2 + 5 = 2(x + 1)² + 3。所以顶点坐标为(-1, 3)。",pep-junior-s3-upper-quadratics-circle-probability,pep-junior-s3-upper-paper-quadratic-functions,pep-junior-exam-polynomial-factorization-fractions,passed,needs-review,deepseek-original-v3-1200; pending-s18-manual-review
pep-junior-v3-s3-k10-sa-010,junior-rag-v3-1200,S3,upper,pep-junior-s3-upper-quadratics-circle-probability,一元二次方程、二次函数、圆与概率初步,short-answer,Core,在⊙O中，弦AB的长为8，圆心O到弦AB的距离为3。求⊙O的半径。,,5,5 | 五,过圆心O作OC⊥AB于C，则C为AB中点，AC = 4。在Rt△OAC中，OA为半径r，OC = 3，由勾股定理得r² = 3² + 4² = 25，所以r = 5。,pep-junior-s3-upper-quadratics-circle-probability,pep-junior-s3-upper-paper-circle-geometry,pep-junior-exam-triangles-congruence-proof,passed,needs-review,deepseek-original-v3-1200; pending-s18-manual-review
pep-junior-v3-s3-k10-sa-011,junior-rag-v3-1200,S3,upper,pep-junior-s3-upper-quadratics-circle-probability,一元二次方程、二次函数、圆与概率初步,short-answer,Core,一个不透明的袋子里装有3个红球和2个白球，它们除颜色外完全相同。随机从袋子中摸出一个球，记录颜色后放回，再随机摸出一个球。求两次都摸到红球的概率。,,9/25,9/25 | 0.36 | 36%,每次摸到红球的概率为3/5。由于是放回试验，两次摸球相互独立，所以两次都摸到红球的概率为(3/5)×(3/5)=9/25。,pep-junior-s3-upper-quadratics-circle-probability,pep-junior-s3-upper-paper-probability-introduction,pep-junior-exam-quadrilaterals-pythagorean,passed,needs-review,deepseek-original-v3-1200; pending-s18-manual-review
pep-junior-v3-s3-k10-sa-012,junior-rag-v3-1200,S3,upper,pep-junior-s3-upper-quadratics-circle-probability,一元二次方程、二次函数、圆与概率初步,short-answer,Core,"在平面直角坐标系中，点A的坐标为(2, 3)。将点A绕原点O逆时针旋转90°得到点A'。求点A'的坐标。",,"(-3, 2)","(-3, 2) | (-3,2) | x=-3,y=2","点(x, y)绕原点逆时针旋转90°后坐标为(-y, x)。所以点A(2, 3)旋转后得到A'(-3, 2)。",pep-junior-s3-upper-quadratics-circle-probability,pep-junior-s3-upper-paper-rotation-transformations,pep-junior-exam-similarity-right-triangle-trig,passed,needs-review,deepseek-original-v3-1200; pending-s18-manual-review
pep-junior-v3-s3-k10-sa-013,junior-rag-v3-1200,S3,upper,pep-junior-s3-upper-quadratics-circle-probability,一元二次方程、二次函数、圆与概率初步,short-answer,Core,已知二次函数y = x² - 2x - 3的图象与x轴交于A、B两点（点A在点B左侧），与y轴交于点C。求△ABC的面积。,,6,6 | 六,"令y=0，得x² - 2x - 3 = 0，解得x₁ = -1，x₂ = 3，所以A(-1, 0)，B(3, 0)，AB = 4。令x=0，得y = -3，所以C(0, -3)，OC = 3。△ABC的面积 = (1/2)×AB×OC = (1/2)×4×3 = 6。",pep-junior-s3-upper-quadratics-circle-probability,pep-junior-s3-upper-paper-integrated-review,pep-junior-exam-dynamic-geometry-functions,passed,needs-review,deepseek-original-v3-1200; pending-s18-manual-review
pep-junior-v3-s3-k10-sa-014,junior-rag-v3-1200,S3,upper,pep-junior-s3-upper-quadratics-circle-probability,一元二次方程、二次函数、圆与概率初步,short-answer,Core,某商店将进价为每件40元的商品按每件50元出售，每天可售出200件。经市场调查发现，每件商品每涨价1元，每天的销售量减少10件。问每件商品涨价多少元时，每天的利润最大？最大利润是多少元？,,涨价5元时，最大利润为2250元,涨价5元时，最大利润为2250元 | 涨价5元，最大利润2250元 | 5元，2250元,设每件涨价x元，则每件利润为(50 + x - 40) = (10 + x)元，销售量为(200 - 10x)件。总利润y = (10 + x)(200 - 10x) = -10x² + 100x + 2000 = -10(x - 5)² + 2250。所以当x = 5时，y有最大值2250。即涨价5元时，最大利润为2250元。,pep-junior-s3-upper-quadratics-circle-probability,pep-junior-s3-upper-paper-quadratic-equations,pep-junior-exam-applied-modeling-finance-rate,passed,needs-review,deepseek-original-v3-1200; pending-s18-manual-review
pep-junior-v3-s3-k10-sa-015,junior-rag-v3-1200,S3,upper,pep-junior-s3-upper-quadratics-circle-probability,一元二次方程、二次函数、圆与概率初步,short-answer,Core,已知二次函数y = -x² + 2x + 3，当0 ≤ x ≤ 4时，求y的最大值和最小值。,,最大值为4，最小值为-5,最大值为4，最小值为-5 | 最大值4，最小值-5 | 4和-5,"y = -(x - 1)² + 4，顶点为(1, 4)，开口向下。在区间0 ≤ x ≤ 4内，x = 1时取最大值4；x = 4时，y = -16 + 8 + 3 = -5，为最小值。所以最大值为4，最小值为-5。",pep-junior-s3-upper-quadratics-circle-probability,pep-junior-s3-upper-paper-quadratic-functions,pep-junior-exam-proof-calculation-integrated,passed,needs-review,deepseek-original-v3-1200; pending-s18-manual-review
pep-junior-v3-s3-k10-sa-016,junior-rag-v3-1200,S3,upper,pep-junior-s3-upper-quadratics-circle-probability,一元二次方程、二次函数、圆与概率初步,short-answer,Core,AB是⊙O的直径，C是⊙O上一点，过点C的切线与AB的延长线交于点D。若∠D = 30°，求∠A的度数。,,30°,30° | 30度 | 30,连接OC，则OC⊥CD。在Rt△OCD中，∠D = 30°，所以∠COD = 60°。又OA = OC，所以∠A = ∠ACO。由三角形外角性质，∠COD = ∠A + ∠ACO = 2∠A，所以∠A = 30°。,pep-junior-s3-upper-quadratics-circle-probability,pep-junior-s3-upper-paper-circle-geometry,pep-junior-exam-quadratic-equations-functions,passed,needs-review,deepseek-original-v3-1200; pending-s18-manual-review
pep-junior-v3-s3-k10-sa-017,junior-rag-v3-1200,S3,upper,pep-junior-s3-upper-quadratics-circle-probability,一元二次方程、二次函数、圆与概率初步,short-answer,Core,甲、乙两人玩“石头、剪刀、布”游戏，每次两人同时随机做出一种手势。求一次游戏中甲获胜的概率。,,1/3,1/3 | 三分之一 | 约0.333,"所有可能的结果有9种：(石,石)、(石,剪)、(石,布)、(剪,石)、(剪,剪)、(剪,布)、(布,石)、(布,剪)、(布,布)。甲获胜的情况有3种：(石,剪)、(剪,布)、(布,石)。所以甲获胜的概率为3/9 = 1/3。",pep-junior-s3-upper-quadratics-circle-probability,pep-junior-s3-upper-paper-probability-introduction,pep-junior-exam-circle-geometry,passed,needs-review,deepseek-original-v3-1200; pending-s18-manual-review
pep-junior-v3-s3-k10-sa-018,junior-rag-v3-1200,S3,upper,pep-junior-s3-upper-quadratics-circle-probability,一元二次方程、二次函数、圆与概率初步,short-answer,Core,解一元二次方程：2x² - 5x + 1 = 0。,,x = (5 + √17)/4 或 x = (5 - √17)/4,x = (5 + √17)/4 或 x = (5 - √17)/4 | x=(5+√17)/4 或 x=(5-√17)/4 | x = (5 ± √17)/4 | x=(5±√17)/4,方程 2x² - 5x + 1 = 0 中，a=2，b=-5，c=1。判别式 Δ = b² - 4ac = (-5)² - 4×2×1 = 25 - 8 = 17 > 0，故有两个不相等的实数根。由求根公式 x = (-b ± √Δ)/(2a) = (5 ± √17)/4，所以 x = (5 + √17)/4 或 x = (5 - √17)/4。,pep-junior-s3-upper-quadratics-circle-probability,pep-junior-s3-upper-paper-rotation-transformations,pep-junior-exam-statistics-probability,passed,needs-review,deepseek-original-v3-1200; pending-s18-manual-review
pep-junior-v3-s3-k10-sa-019,junior-rag-v3-1200,S3,upper,pep-junior-s3-upper-quadratics-circle-probability,一元二次方程、二次函数、圆与概率初步,short-answer,Core,已知二次函数 y = -x² + 4x - 3，求该函数图象的顶点坐标和对称轴方程。,,"顶点坐标为(2, 1)，对称轴方程为直线x=2","顶点坐标为(2, 1)，对称轴方程为直线x=2 | 顶点(2,1)，对称轴x=2 | (2,1)和x=2 | 顶点坐标(2,1)，对称轴直线x=2","二次函数 y = -x² + 4x - 3 可配方为 y = -(x² - 4x) - 3 = -(x² - 4x + 4 - 4) - 3 = -(x - 2)² + 4 - 3 = -(x - 2)² + 1。所以顶点坐标为(2, 1)，对称轴方程为直线x=2。",pep-junior-s3-upper-quadratics-circle-probability,pep-junior-s3-upper-paper-integrated-review,pep-junior-exam-linear-functions-graphs,passed,needs-review,deepseek-original-v3-1200; pending-s18-manual-review
pep-junior-v3-s3-k10-sa-020,junior-rag-v3-1200,S3,upper,pep-junior-s3-upper-quadratics-circle-probability,一元二次方程、二次函数、圆与概率初步,short-answer,Core,"在平面直角坐标系中，点A的坐标为(3, -2)。将点A绕原点顺时针旋转90°，求旋转后对应点A'的坐标。",,"(-2, -3)","(-2, -3) | (-2,-3) | （-2，-3）","点(x, y)绕原点顺时针旋转90°后的坐标为(y, -x)。将A(3, -2)代入，得A'(-2, -3)。",pep-junior-s3-upper-quadratics-circle-probability,pep-junior-s3-upper-paper-quadratic-equations,pep-junior-exam-coordinate-transformations,passed,needs-review,deepseek-original-v3-1200; pending-s18-manual-review
pep-junior-v3-s3-k10-sa-021,junior-rag-v3-1200,S3,upper,pep-junior-s3-upper-quadratics-circle-probability,一元二次方程、二次函数、圆与概率初步,short-answer,Core,某商品每件进价40元，售价60元时每月可售出200件。调查发现，售价每提高1元，月销量减少5件。设售价提高x元，月利润为y元。写出y关于x的函数关系式，并指出x的取值范围。,,y = -5x² + 100x + 4000，0 ≤ x ≤ 40，且x为整数,"y = -5x² + 100x + 4000，0 ≤ x ≤ 40，且x为整数 | y=-5x²+100x+4000，0≤x≤40，x为整数 | y = -5x² + 100x + 4000 (0 ≤ x ≤ 40, x为整数)",售价提高x元后，售价为(60+x)元，每件利润为(60+x-40)=(20+x)元。月销量为(200-5x)件。月利润y=(20+x)(200-5x)=4000+200x-100x-5x²=-5x²+100x+4000。销量不能为负，故200-5x≥0，得x≤40；又x≥0，且x为整数，所以0≤x≤40，x为整数。,pep-junior-s3-upper-quadratics-circle-probability,pep-junior-s3-upper-paper-quadratic-functions,pep-junior-exam-inverse-proportion-models,passed,needs-review,deepseek-original-v3-1200; pending-s18-manual-review
pep-junior-v3-s3-k10-sa-022,junior-rag-v3-1200,S3,upper,pep-junior-s3-upper-quadratics-circle-probability,一元二次方程、二次函数、圆与概率初步,short-answer,Core,在⊙O中，弦AB与弦CD相交于点E，且AE=3，BE=5，CE=4。求DE的长。,,15/4 或 3.75,15/4 或 3.75 | 15/4 | 3.75,根据相交弦定理，AE·BE = CE·DE。代入已知：3×5 = 4×DE，即15 = 4DE，解得DE = 15/4 = 3.75。,pep-junior-s3-upper-quadratics-circle-probability,pep-junior-s3-upper-paper-circle-geometry,pep-junior-exam-number-sense-real-numbers,passed,needs-review,deepseek-original-v3-1200; pending-s18-manual-review
pep-junior-v3-s3-k10-sa-023,junior-rag-v3-1200,S3,upper,pep-junior-s3-upper-quadratics-circle-probability,一元二次方程、二次函数、圆与概率初步,short-answer,Core,一个不透明的袋子里装有3个红球和2个白球，除颜色外其他完全相同。随机摸出一个小球，放回并摇匀，再随机摸出一个小球。求两次摸到的小球颜色相同的概率。,,13/25,13/25 | 0.52 | 52%,总球数5个。第一次摸球放回，第二次摸球仍有5个球。两次颜色相同包括两种情况：两次都摸到红球，概率为(3/5)×(3/5)=9/25；两次都摸到白球，概率为(2/5)×(2/5)=4/25。所以总概率为9/25+4/25=13/25。,pep-junior-s3-upper-quadratics-circle-probability,pep-junior-s3-upper-paper-probability-introduction,pep-junior-exam-linear-equation-inequality-models,passed,needs-review,deepseek-original-v3-1200; pending-s18-manual-review
pep-junior-v3-s3-k10-sa-024,junior-rag-v3-1200,S3,upper,pep-junior-s3-upper-quadratics-circle-probability,一元二次方程、二次函数、圆与概率初步,short-answer,Core,将△ABC绕点C逆时针旋转70°得到△A'B'C，若∠ACB=30°，求∠A'CB'的度数。,,30°,30° | 30度 | 30,旋转不改变图形的形状和大小，对应角相等。△A'B'C由△ABC旋转得到，所以∠A'CB'与∠ACB是对应角，故∠A'CB'=∠ACB=30°。,pep-junior-s3-upper-quadratics-circle-probability,pep-junior-s3-upper-paper-rotation-transformations,pep-junior-exam-polynomial-factorization-fractions,passed,needs-review,deepseek-original-v3-1200; pending-s18-manual-review
pep-junior-v3-s3-k10-sa-025,junior-rag-v3-1200,S3,upper,pep-junior-s3-upper-quadratics-circle-probability,一元二次方程、二次函数、圆与概率初步,short-answer,Core,已知关于x的一元二次方程 x² - 2x + m = 0 有两个不相等的实数根，求m的取值范围。,,m < 1,m < 1 | m<1 | m小于1,方程有两个不相等的实数根，则判别式Δ > 0。Δ = (-2)² - 4×1×m = 4 - 4m > 0，解得m < 1。,pep-junior-s3-upper-quadratics-circle-probability,pep-junior-s3-upper-paper-integrated-review,pep-junior-exam-triangles-congruence-proof,passed,needs-review,deepseek-original-v3-1200; pending-s18-manual-review
pep-junior-v3-s3-k10-sa-026,junior-rag-v3-1200,S3,upper,pep-junior-s3-upper-quadratics-circle-probability,一元二次方程、二次函数、圆与概率初步,short-answer,Core,用配方法解方程：x² + 6x - 7 = 0。,,"x₁ = 1, x₂ = -7","x₁ = 1, x₂ = -7 | x1=1, x2=-7 | x=1或x=-7 | 1和-7","移项得 x² + 6x = 7。配方：x² + 6x + 9 = 7 + 9，即 (x + 3)² = 16。开平方得 x + 3 = ±4，所以 x = -3 ± 4，即 x₁ = 1, x₂ = -7。",pep-junior-s3-upper-quadratics-circle-probability,pep-junior-s3-upper-paper-quadratic-equations,pep-junior-exam-quadrilaterals-pythagorean,passed,needs-review,deepseek-original-v3-1200; pending-s18-manual-review
pep-junior-v3-s3-k10-sa-027,junior-rag-v3-1200,S3,upper,pep-junior-s3-upper-quadratics-circle-probability,一元二次方程、二次函数、圆与概率初步,short-answer,Core,二次函数 y = 2x² - 8x + 5 的图象与x轴的交点个数是多少？请说明理由。,,2个,2个 | 两个 | 2,令y=0，得2x² - 8x + 5 = 0。判别式Δ = (-8)² - 4×2×5 = 64 - 40 = 24 > 0，所以方程有两个不相等的实数根，因此图象与x轴有2个交点。,pep-junior-s3-upper-quadratics-circle-probability,pep-junior-s3-upper-paper-quadratic-functions,pep-junior-exam-similarity-right-triangle-trig,passed,needs-review,deepseek-original-v3-1200; pending-s18-manual-review
pep-junior-v3-s3-k10-sa-028,junior-rag-v3-1200,S3,upper,pep-junior-s3-upper-quadratics-circle-probability,一元二次方程、二次函数、圆与概率初步,short-answer,Core,"在平面直角坐标系中，点A的坐标为(2, 0)，点B的坐标为(0, 4)。将线段AB绕点A顺时针旋转90°得到线段AC，连接BC。求点C的坐标。",,"(6, 2)","(6, 2) | (6,2)","点A(2,0)，点B(0,4)。将线段AB绕点A顺时针旋转90°，点B的对应点为C。设C(x,y)，则向量AB = (-2, 4)。顺时针旋转90°后，向量AC = (4, 2)。所以C = A + AC = (2+4, 0+2) = (6, 2)。故点C的坐标为(6, 2)。",pep-junior-s3-upper-quadratics-circle-probability,pep-junior-s3-upper-paper-circle-geometry,pep-junior-exam-dynamic-geometry-functions,passed,needs-review,deepseek-original-v3-1200; pending-s18-manual-review
pep-junior-v3-s3-k10-sa-029,junior-rag-v3-1200,S3,upper,pep-junior-s3-upper-quadratics-circle-probability,一元二次方程、二次函数、圆与概率初步,short-answer,Core,在一个不透明的布袋中装有3个红球和2个白球，它们除颜色外完全相同。从袋中随机摸出1个球，记录颜色后放回，摇匀后再随机摸出1个球。求两次摸出的球颜色相同的概率。,,13/25,13/25 | 0.52,所有可能的结果有5×5=25种。两次颜色相同包括两次都红或两次都白。两次都红有3×3=9种，两次都白有2×2=4种，共9+4=13种。所以概率为13/25。,pep-junior-s3-upper-quadratics-circle-probability,pep-junior-s3-upper-paper-probability-introduction,pep-junior-exam-applied-modeling-finance-rate,passed,needs-review,deepseek-original-v3-1200; pending-s18-manual-review
pep-junior-v3-s3-k10-sa-030,junior-rag-v3-1200,S3,upper,pep-junior-s3-upper-quadratics-circle-probability,一元二次方程、二次函数、圆与概率初步,short-answer,Core,已知二次函数 y=x²-4x+3。 （1）求图象的顶点坐标； （2）求图象与 x 轴的交点坐标。,,"顶点坐标为(2,-1)，与x轴的交点为(1,0)和(3,0)","顶点坐标为(2,-1)，与x轴的交点为(1,0)和(3,0) | 顶点(2,-1)，交点(1,0)、(3,0) | 顶点坐标(2,-1)，x轴交点(1,0)和(3,0)","配方得 y=x²-4x+3=(x-2)²-1，所以顶点坐标为(2,-1)。令y=0，得x²-4x+3=0，即(x-1)(x-3)=0，解得x=1或x=3，因此与x轴的交点为(1,0)和(3,0)。",pep-junior-s3-upper-quadratics-circle-probability,pep-junior-s3-upper-paper-rotation-transformations,pep-junior-exam-proof-calculation-integrated,passed,needs-review,deepseek-original-v3-1200; pending-s18-manual-review
pep-junior-v3-s3-k10-sa-031,junior-rag-v3-1200,S3,upper,pep-junior-s3-upper-quadratics-circle-probability,一元二次方程、二次函数、圆与概率初步,short-answer,Core,已知关于x的一元二次方程x²-(2k-1)x+k²-k=0。求证：无论k取何实数，该方程总有两个不相等的实数根。,,证明：Δ=(2k-1)²-4(k²-k)=1>0，所以方程总有两个不相等的实数根。,证明：Δ=(2k-1)²-4(k²-k)=1>0，所以方程总有两个不相等的实数根。 | Δ=1>0，方程总有两个不相等的实数根,对于方程x²-(2k-1)x+k²-k=0，判别式Δ=[-(2k-1)]²-4(k²-k)=(2k-1)²-4k²+4k=4k²-4k+1-4k²+4k=1。因为1>0，所以无论k取何实数，方程总有两个不相等的实数根。,pep-junior-s3-upper-quadratics-circle-probability,pep-junior-s3-upper-paper-integrated-review,pep-junior-exam-quadratic-equations-functions,passed,needs-review,deepseek-original-v3-1200; pending-s18-manual-review
pep-junior-v3-s3-k10-sa-032,junior-rag-v3-1200,S3,upper,pep-junior-s3-upper-quadratics-circle-probability,一元二次方程、二次函数、圆与概率初步,short-answer,Core,AB是⊙O的直径，C是⊙O上一点，过点C的切线与AB的延长线交于点P。若∠P=30°，求∠ACP的度数。,,120°,120° | 120度,连接OC，则OC⊥PC。在Rt△POC中，∠P=30°，所以∠POC=60°。因为OC=OA，所以∠OAC=∠OCA=30°。∠ACP=∠ACO+∠OCP=30°+90°=120°。故∠ACP的度数为120°。,pep-junior-s3-upper-quadratics-circle-probability,pep-junior-s3-upper-paper-quadratic-equations,pep-junior-exam-circle-geometry,passed,needs-review,deepseek-original-v3-1200; pending-s18-manual-review
pep-junior-v3-s3-k10-sa-033,junior-rag-v3-1200,S3,upper,pep-junior-s3-upper-quadratics-circle-probability,一元二次方程、二次函数、圆与概率初步,short-answer,Core,"在一个不透明的盒子中装有4张卡片，分别写有数字1, 2, 3, 4。这些卡片除数字外完全相同。先从盒子中随机抽取一张卡片，记下数字后放回，摇匀后再随机抽取一张卡片。求两次抽取的数字之和为奇数的概率。",,1/2,1/2 | 0.5,所有可能的结果有4×4=16种。和为奇数的情况：第一次奇数（1或3）第二次偶数（2或4）：2×2=4种；第一次偶数（2或4）第二次奇数（1或3）：2×2=4种；共8种。所以概率为8/16=1/2。,pep-junior-s3-upper-quadratics-circle-probability,pep-junior-s3-upper-paper-quadratic-functions,pep-junior-exam-statistics-probability,passed,needs-review,deepseek-original-v3-1200; pending-s18-manual-review
pep-junior-v3-s3-k10-sa-034,junior-rag-v3-1200,S3,upper,pep-junior-s3-upper-quadratics-circle-probability,一元二次方程、二次函数、圆与概率初步,short-answer,Core,在平面直角坐标系中，直线y=2x+1与x轴交于点A，与y轴交于点B。将直线AB绕点B逆时针旋转90°得到直线l，求直线l的解析式。,,y = -1/2 x + 1,y = -1/2 x + 1 | y=-1/2x+1,"直线y=2x+1的斜率为2，与y轴交于点B(0,1)。绕点B逆时针旋转90°后，新直线的斜率为原斜率的负倒数，即-1/2。又过点B(0,1)，所以解析式为y = -1/2 x + 1。",pep-junior-s3-upper-quadratics-circle-probability,pep-junior-s3-upper-paper-circle-geometry,pep-junior-exam-linear-functions-graphs,passed,needs-review,deepseek-original-v3-1200; pending-s18-manual-review
pep-junior-v3-s3-k10-sa-035,junior-rag-v3-1200,S3,upper,pep-junior-s3-upper-quadratics-circle-probability,一元二次方程、二次函数、圆与概率初步,short-answer,Core,在一个不透明的布袋中装有2个红球和3个白球，它们除颜色外完全相同。从袋中随机摸出2个球，求摸出的2个球颜色不同的概率。,,3/5,3/5 | 0.6,"从5个球中任取2个，共有C(5,2)=10种等可能结果。颜色不同即1红1白，有C(2,1)×C(3,1)=2×3=6种。所以概率为6/10=3/5。",pep-junior-s3-upper-quadratics-circle-probability,pep-junior-s3-upper-paper-probability-introduction,pep-junior-exam-coordinate-transformations,passed,needs-review,deepseek-original-v3-1200; pending-s18-manual-review
pep-junior-v3-s3-k10-sa-036,junior-rag-v3-1200,S3,upper,pep-junior-s3-upper-quadratics-circle-probability,一元二次方程、二次函数、圆与概率初步,short-answer,Core,在△ABC中，∠ACB=90°，AC=3，BC=4。将△ABC绕点C逆时针旋转90°得到△DEC，点A的对应点为D，点B的对应点为E。求线段AD的长。,,3√2,3√2 | 3倍根号2,由旋转性质，CD=CA=3，且∠ACD=90°。在Rt△ACD中，AD=√(AC²+CD²)=√(3²+3²)=3√2。故线段AD的长为3√2。,pep-junior-s3-upper-quadratics-circle-probability,pep-junior-s3-upper-paper-rotation-transformations,pep-junior-exam-inverse-proportion-models,passed,needs-review,deepseek-original-v3-1200; pending-s18-manual-review
pep-junior-v3-s3-k10-sa-037,junior-rag-v3-1200,S3,upper,pep-junior-s3-upper-quadratics-circle-probability,一元二次方程、二次函数、圆与概率初步,short-answer,Core,已知a、b为实数，且满足a² + b² + 5 = 2(a + 2b)，求a + b的值。,,3,3,将等式变形：a² + b² + 5 - 2a - 4b = 0，即(a² - 2a + 1) + (b² - 4b + 4) = 0，也就是(a-1)² + (b-2)² = 0。所以a-1=0且b-2=0，得a=1，b=2。因此a+b=3。,pep-junior-s3-upper-quadratics-circle-probability,pep-junior-s3-upper-paper-integrated-review,pep-junior-exam-number-sense-real-numbers,passed,needs-review,deepseek-original-v3-1200; pending-s18-manual-review
pep-junior-v3-s3-k10-sa-038,junior-rag-v3-1200,S3,upper,pep-junior-s3-upper-quadratics-circle-probability,一元二次方程、二次函数、圆与概率初步,short-answer,Core,用适当的方法解方程：2x² - 5x + 1 = 0。,,x = (5 + √17) / 4 或 x = (5 - √17) / 4,"x = (5 + √17) / 4 或 x = (5 - √17) / 4 | x = (5 + √17)/4 或 x = (5 - √17)/4 | x = (5+√17)/4 或 x = (5-√17)/4 | x = (5 ± √17) / 4 | x = (5 ± √17)/4 | x = (5+√17)/4, x = (5-√17)/4 | x = (5 + √17) / 4, x = (5 - √17) / 4",方程 2x² - 5x + 1 = 0 中，a = 2，b = -5，c = 1。计算判别式 Δ = b² - 4ac = (-5)² - 4×2×1 = 25 - 8 = 17 > 0，故有两个不相等的实数根。代入求根公式 x = [-b ± √Δ] / (2a) = [5 ± √17] / 4。因此，解为 x = (5 + √17) / 4 或 x = (5 - √17) / 4。,pep-junior-s3-upper-quadratics-circle-probability,pep-junior-s3-upper-paper-quadratic-equations,pep-junior-exam-linear-equation-inequality-models,passed,needs-review,deepseek-original-v3-1200; pending-s18-manual-review
pep-junior-v3-s3-k10-sa-039,junior-rag-v3-1200,S3,upper,pep-junior-s3-upper-quadratics-circle-probability,一元二次方程、二次函数、圆与概率初步,short-answer,Core,"已知二次函数 y = -x² + 4x + m 的图象经过点 (1, 5)。求 m 的值，并写出该抛物线的顶点坐标。",,"m = 2，顶点坐标为 (2, 6)","m = 2，顶点坐标为 (2, 6) | m = 2, 顶点 (2, 6) | m=2，顶点(2,6) | m=2,顶点(2,6) | m = 2，顶点坐标 (2, 6) | m=2，顶点坐标(2,6)","将点 (1, 5) 代入 y = -x² + 4x + m，得 5 = -1² + 4×1 + m，即 5 = -1 + 4 + m，解得 m = 2。所以函数为 y = -x² + 4x + 2。配方得 y = -(x² - 4x) + 2 = -(x² - 4x + 4 - 4) + 2 = -(x - 2)² + 4 + 2 = -(x - 2)² + 6。因此，顶点坐标为 (2, 6)。",pep-junior-s3-upper-quadratics-circle-probability,pep-junior-s3-upper-paper-quadratic-functions,pep-junior-exam-polynomial-factorization-fractions,passed,needs-review,deepseek-original-v3-1200; pending-s18-manual-review
pep-junior-v3-s3-k10-sa-040,junior-rag-v3-1200,S3,upper,pep-junior-s3-upper-quadratics-circle-probability,一元二次方程、二次函数、圆与概率初步,short-answer,Core,在⊙O中，弦AB与弦CD相交于点E，且AE = 4，BE = 6，CE = 3。求DE的长。,,DE = 8,DE = 8 | DE=8 | 8,根据相交弦定理，在圆内，两条弦相交，交点分每条弦所得的两条线段的乘积相等。即 AE · BE = CE · DE。代入已知数据：4 × 6 = 3 × DE，即 24 = 3DE，解得 DE = 8。,pep-junior-s3-upper-quadratics-circle-probability,pep-junior-s3-upper-paper-circle-geometry,pep-junior-exam-triangles-congruence-proof,passed,needs-review,deepseek-original-v3-1200; pending-s18-manual-review
pep-junior-v3-s3-k10-sa-041,junior-rag-v3-1200,S3,upper,pep-junior-s3-upper-quadratics-circle-probability,一元二次方程、二次函数、圆与概率初步,short-answer,Core,一个不透明的袋子里装有3个红球和2个白球，这些球除颜色外完全相同。从中随机摸出一个球，记下颜色后放回，搅匀后再随机摸出一个球。求两次摸出的球颜色不同的概率。,,12/25,12/25 | 0.48 | 48%,总共有5个球，3红2白。第一次摸球后放回，第二次摸球时情况不变。两次摸球颜色不同的情况包括：先红后白，或先白后红。先红后白的概率为 (3/5) × (2/5) = 6/25；先白后红的概率为 (2/5) × (3/5) = 6/25。所以总概率为 6/25 + 6/25 = 12/25。,pep-junior-s3-upper-quadratics-circle-probability,pep-junior-s3-upper-paper-probability-introduction,pep-junior-exam-quadrilaterals-pythagorean,passed,needs-review,deepseek-original-v3-1200; pending-s18-manual-review
pep-junior-v3-s3-k10-sa-042,junior-rag-v3-1200,S3,upper,pep-junior-s3-upper-quadratics-circle-probability,一元二次方程、二次函数、圆与概率初步,short-answer,Core,"将点A(3, -2)绕原点逆时针旋转90°，得到点A'。求点A'的坐标。",,"(2, 3)","(2, 3) | （2，3） | (2,3) | （2,3）","点P(x, y)绕原点逆时针旋转90°后得到点P'(-y, x)。将A(3, -2)代入，得A'(-(-2), 3) = (2, 3)。所以点A'的坐标为(2, 3)。",pep-junior-s3-upper-quadratics-circle-probability,pep-junior-s3-upper-paper-rotation-transformations,pep-junior-exam-similarity-right-triangle-trig,passed,needs-review,deepseek-original-v3-1200; pending-s18-manual-review
pep-junior-v3-s3-k10-sa-043,junior-rag-v3-1200,S3,upper,pep-junior-s3-upper-quadratics-circle-probability,一元二次方程、二次函数、圆与概率初步,short-answer,Core,已知关于x的一元二次方程 x² + (2k - 1)x + k² = 0 有两个不相等的实数根。求k的取值范围。,,k < 1/4,k < 1/4 | k<1/4 | k < 0.25 | k<0.25,方程有两个不相等的实数根，则判别式 Δ > 0。这里 a = 1，b = 2k - 1，c = k²。Δ = (2k - 1)² - 4×1×k² = 4k² - 4k + 1 - 4k² = -4k + 1。由 Δ > 0 得 -4k + 1 > 0，即 -4k > -1，两边除以 -4 不等号方向改变，得 k < 1/4。,pep-junior-s3-upper-quadratics-circle-probability,pep-junior-s3-upper-paper-integrated-review,pep-junior-exam-dynamic-geometry-functions,passed,needs-review,deepseek-original-v3-1200; pending-s18-manual-review
pep-junior-v3-s3-k10-sa-044,junior-rag-v3-1200,S3,upper,pep-junior-s3-upper-quadratics-circle-probability,一元二次方程、二次函数、圆与概率初步,short-answer,Core,某商场销售一种成本为每件40元的商品，经调查发现，若按每件50元销售，每月可售出500件；销售单价每上涨1元，月销量就减少10件。设销售单价为x元，每月销售利润为y元。求y与x之间的函数关系式，并写出x的取值范围。,,y = -10x² + 1400x - 40000，50 ≤ x ≤ 100,"y = -10x² + 1400x - 40000，50 ≤ x ≤ 100 | y=-10x²+1400x-40000，50≤x≤100 | y = -10x^2 + 1400x - 40000，50 ≤ x ≤ 100 | y=-10x^2+1400x-40000，50≤x≤100 | y = -10x² + 1400x - 40000, 50 ≤ x ≤ 100 | y = -10x^2 + 1400x - 40000, 50 ≤ x ≤ 100",销售单价为x元，则每件利润为 (x - 40) 元。涨价后月销量为 500 - 10(x - 50) = 500 - 10x + 500 = 1000 - 10x。所以利润 y = (x - 40)(1000 - 10x) = 1000x - 10x² - 40000 + 400x = -10x² + 1400x - 40000。由销量非负得 1000 - 10x ≥ 0，即 x ≤ 100；又售价不低于成本，且通常不低于原售价，故 x ≥ 50。所以 x 的取值范围是 50 ≤ x ≤ 100。,pep-junior-s3-upper-quadratics-circle-probability,pep-junior-s3-upper-paper-quadratic-equations,pep-junior-exam-applied-modeling-finance-rate,passed,needs-review,deepseek-original-v3-1200; pending-s18-manual-review
pep-junior-v3-s3-k10-sa-045,junior-rag-v3-1200,S3,upper,pep-junior-s3-upper-quadratics-circle-probability,一元二次方程、二次函数、圆与概率初步,short-answer,Core,已知二次函数 y = 2x² - 8x + 1，当 0 ≤ x ≤ 3 时，求y的最大值和最小值。,,最大值为 1，最小值为 -7,最大值为 1，最小值为 -7 | 最大值1，最小值-7 | 最大值为1，最小值为-7 | 最大值 1，最小值 -7,将函数配方：y = 2(x² - 4x) + 1 = 2(x² - 4x + 4 - 4) + 1 = 2[(x - 2)² - 4] + 1 = 2(x - 2)² - 8 + 1 = 2(x - 2)² - 7。对称轴为 x = 2，在区间 0 ≤ x ≤ 3 内。因为 a = 2 > 0，抛物线开口向上，所以在顶点处取得最小值，即 x = 2 时，y最小 = -7。最大值在区间端点处取得：当 x = 0 时，y = 2×0² - 8×0 + 1 = 1；当 x = 3 时，y = 2×9 - 8×3 + 1 = 18 - 24 + 1 = -5。比较得最大值为 1。因此，最大值为 1，最小值为 -7。,pep-junior-s3-upper-quadratics-circle-probability,pep-junior-s3-upper-paper-quadratic-functions,pep-junior-exam-proof-calculation-integrated,passed,needs-review,deepseek-original-v3-1200; pending-s18-manual-review
pep-junior-v3-s3-k10-sa-046,junior-rag-v3-1200,S3,upper,pep-junior-s3-upper-quadratics-circle-probability,一元二次方程、二次函数、圆与概率初步,short-answer,Core,AB是⊙O的直径，点C在⊙O上，过点C的切线与AB的延长线交于点D。若∠A = 30°，求∠D的度数。,,30°,30° | 30度 | 30,连接OC。因为OA = OC，所以∠A = ∠ACO = 30°。∠COD是△AOC的外角，等于∠A + ∠ACO = 60°。因为CD是⊙O的切线，所以OC⊥CD，即∠OCD = 90°。在Rt△OCD中，∠D = 90° - ∠COD = 90° - 60° = 30°。所以∠D的度数是30°。,pep-junior-s3-upper-quadratics-circle-probability,pep-junior-s3-upper-paper-circle-geometry,pep-junior-exam-quadratic-equations-functions,passed,needs-review,deepseek-original-v3-1200; pending-s18-manual-review
pep-junior-v3-s3-k10-sa-047,junior-rag-v3-1200,S3,upper,pep-junior-s3-upper-quadratics-circle-probability,一元二次方程、二次函数、圆与概率初步,short-answer,Core,在一个不透明的盒子中装有4张卡片，分别标有数字1、2、3、4，这些卡片除数字外完全相同。从盒子中随机抽取一张卡片，记下数字后放回，搅匀后再随机抽取一张卡片。求两次抽取的数字之和为奇数的概率。,,1/2,1/2 | 0.5 | 50%,所有等可能的结果共有4×4=16种。和为奇数的情况：第一次奇数（1或3）第二次偶数（2或4），有2×2=4种；第一次偶数第二次奇数，也有2×2=4种。共8种。所以概率为8/16 = 1/2。,pep-junior-s3-upper-quadratics-circle-probability,pep-junior-s3-upper-paper-probability-introduction,pep-junior-exam-circle-geometry,passed,needs-review,deepseek-original-v3-1200; pending-s18-manual-review
pep-junior-v3-s3-k10-sa-048,junior-rag-v3-1200,S3,upper,pep-junior-s3-upper-quadratics-circle-probability,一元二次方程、二次函数、圆与概率初步,short-answer,Core,解一元二次方程：2x² - 5x - 3 = 0。,,"x₁=3, x₂=-1/2","x₁=3, x₂=-1/2 | x₁=-1/2, x₂=3 | x=3 或 x=-1/2 | x=-1/2 或 x=3","使用因式分解法：将方程 2x² - 5x - 3 = 0 分解为 (2x+1)(x-3)=0。由 2x+1=0 得 x=-1/2，由 x-3=0 得 x=3。因此方程的解为 x₁=3, x₂=-1/2。",pep-junior-s3-upper-quadratics-circle-probability,pep-junior-s3-upper-paper-rotation-transformations,pep-junior-exam-statistics-probability,passed,needs-review,deepseek-original-v3-1200; pending-s18-manual-review
pep-junior-v3-s3-k10-sa-049,junior-rag-v3-1200,S3,upper,pep-junior-s3-upper-quadratics-circle-probability,一元二次方程、二次函数、圆与概率初步,short-answer,Core,已知二次函数 y = -2x² + 8x - 5，求该抛物线的顶点坐标。,,"(2, 3)","(2, 3) | (2,3) | x=2, y=3","将二次函数化为顶点式：y = -2(x² - 4x) - 5 = -2[(x-2)² - 4] - 5 = -2(x-2)² + 8 - 5 = -2(x-2)² + 3。所以顶点坐标为 (2, 3)。",pep-junior-s3-upper-quadratics-circle-probability,pep-junior-s3-upper-paper-integrated-review,pep-junior-exam-linear-functions-graphs,passed,needs-review,deepseek-original-v3-1200; pending-s18-manual-review
pep-junior-v3-s3-k10-sa-050,junior-rag-v3-1200,S3,upper,pep-junior-s3-upper-quadratics-circle-probability,一元二次方程、二次函数、圆与概率初步,short-answer,Core,"在平面直角坐标系中，点 A 的坐标是 (3, -4)。将点 A 绕原点逆时针旋转 90°，求旋转后对应点 A' 的坐标。",,"(4, 3)","(4, 3) | (4,3) | x=4, y=3","点 (x, y) 绕原点逆时针旋转 90° 后坐标变为 (-y, x)。将 (3, -4) 代入得：-(-4)=4，x=3，所以 A' 的坐标为 (4, 3)。",pep-junior-s3-upper-quadratics-circle-probability,pep-junior-s3-upper-paper-quadratic-equations,pep-junior-exam-coordinate-transformations,passed,needs-review,deepseek-original-v3-1200; pending-s18-manual-review
pep-junior-v3-s3-k10-sa-051,junior-rag-v3-1200,S3,upper,pep-junior-s3-upper-quadratics-circle-probability,一元二次方程、二次函数、圆与概率初步,short-answer,Core,一个矩形的长比宽多 4 米，面积是 60 平方米。若设宽为 x 米，列出关于 x 的方程，并求出矩形的长和宽。,,长为 10 米，宽为 6 米,长为 10 米，宽为 6 米 | 长10米，宽6米 | 宽6米，长10米 | 长=10米，宽=6米,设宽为 x 米，则长为 (x+4) 米。根据面积公式得 x(x+4)=60，整理为 x²+4x-60=0。因式分解得 (x+10)(x-6)=0，解得 x₁=-10（舍去），x₂=6。所以宽为 6 米，长为 6+4=10 米。因此长为 10 米，宽为 6 米。,pep-junior-s3-upper-quadratics-circle-probability,pep-junior-s3-upper-paper-quadratic-functions,pep-junior-exam-inverse-proportion-models,passed,needs-review,deepseek-original-v3-1200; pending-s18-manual-review
pep-junior-v3-s3-k10-sa-052,junior-rag-v3-1200,S3,upper,pep-junior-s3-upper-quadratics-circle-probability,一元二次方程、二次函数、圆与概率初步,short-answer,Core,在⊙O 中，弦 AB 与弦 CD 相交于点 P，连接 AC、BD。已知 ∠CAB = 30°，∠ABD = 50°，求 ∠APC 的度数。,,80°,80° | 80度,根据同弧所对的圆周角相等，在⊙O 中，∠CAB 和 ∠CDB 都是弧 BC 所对的圆周角，所以 ∠CDB = ∠CAB = 30°。在△PBD 中，∠APC 是△PBD 的外角，等于不相邻的两个内角之和，即 ∠APC = ∠PBD + ∠PDB = ∠ABD + ∠CDB = 50° + 30° = 80°。因此 ∠APC 的度数为 80°。,pep-junior-s3-upper-quadratics-circle-probability,pep-junior-s3-upper-paper-circle-geometry,pep-junior-exam-number-sense-real-numbers,passed,needs-review,deepseek-original-v3-1200; pending-s18-manual-review
pep-junior-v3-s3-k10-sa-053,junior-rag-v3-1200,S3,upper,pep-junior-s3-upper-quadratics-circle-probability,一元二次方程、二次函数、圆与概率初步,short-answer,Core,一个不透明的袋子里装有 3 个红球和 2 个白球，这些球除颜色外完全相同。搅匀后从中随机摸出 1 个球，记录颜色后放回，再随机摸出 1 个球。求两次摸到的球都是红球的概率。,,9/25,9/25 | 0.36 | 36%,第一次摸到红球的概率为 3/5，由于放回，第二次摸到红球的概率仍为 3/5。两次都是红球的概率为 (3/5) × (3/5) = 9/25。所以答案为 9/25。,pep-junior-s3-upper-quadratics-circle-probability,pep-junior-s3-upper-paper-probability-introduction,pep-junior-exam-linear-equation-inequality-models,passed,needs-review,deepseek-original-v3-1200; pending-s18-manual-review
pep-junior-v3-s3-k10-sa-054,junior-rag-v3-1200,S3,upper,pep-junior-s3-upper-quadratics-circle-probability,一元二次方程、二次函数、圆与概率初步,short-answer,Core,将△ABC 绕点 A 顺时针旋转 60° 得到△ADE，点 B 的对应点为 D，点 C 的对应点为 E。若 ∠BAC = 35°，求 ∠BAE 的度数。,,95°,95° | 95度,由旋转性质可知，对应点与旋转中心连线所成的角等于旋转角，即 ∠BAD = ∠CAE = 60°。∠BAE = ∠BAC + ∠CAE = 35° + 60° = 95°。因此 ∠BAE 的度数为 95°。,pep-junior-s3-upper-quadratics-circle-probability,pep-junior-s3-upper-paper-rotation-transformations,pep-junior-exam-polynomial-factorization-fractions,passed,needs-review,deepseek-original-v3-1200; pending-s18-manual-review
pep-junior-v3-s3-k10-sa-055,junior-rag-v3-1200,S3,upper,pep-junior-s3-upper-quadratics-circle-probability,一元二次方程、二次函数、圆与概率初步,short-answer,Core,已知关于 x 的一元二次方程 x² - (k+2)x + 2k = 0 的一个根是 3，求 k 的值和另一个根。,,k=3，另一个根为 2,"k=3，另一个根为 2 | k=3, 另一个根是2 | k=3，另一根为2",将 x=3 代入方程得 3² - (k+2)×3 + 2k = 0，即 9 - 3k - 6 + 2k = 0，整理得 3 - k = 0，解得 k=3。此时方程为 x² - 5x + 6 = 0，因式分解得 (x-2)(x-3)=0，所以另一个根为 2。因此 k=3，另一个根为 2。,pep-junior-s3-upper-quadratics-circle-probability,pep-junior-s3-upper-paper-integrated-review,pep-junior-exam-triangles-congruence-proof,passed,needs-review,deepseek-original-v3-1200; pending-s18-manual-review
pep-junior-v3-s3-k10-sa-056,junior-rag-v3-1200,S3,upper,pep-junior-s3-upper-quadratics-circle-probability,一元二次方程、二次函数、圆与概率初步,short-answer,Core,用配方法解方程：x²+4x-5=0。,,"x₁=1, x₂=-5","x₁=1, x₂=-5 | x₁=-5, x₂=1 | x=1 或 x=-5 | x=-5 或 x=1",移项得x²+4x=5。两边同时加上(4/2)²=4，得x²+4x+4=9，即(x+2)²=9。开平方得x+2=±3，所以x=1或x=-5。,pep-junior-s3-upper-quadratics-circle-probability,pep-junior-s3-upper-paper-quadratic-equations,pep-junior-exam-quadrilaterals-pythagorean,passed,needs-review,deepseek-original-v3-1200; pending-s18-manual-review
pep-junior-v3-s3-k10-sa-057,junior-rag-v3-1200,S3,upper,pep-junior-s3-upper-quadratics-circle-probability,一元二次方程、二次函数、圆与概率初步,short-answer,Core,二次函数 y = x² - 2x - 3 的图象与 x 轴交于 A、B 两点（点 A 在点 B 的左侧），与 y 轴交于点 C。求△ABC 的面积。,,6,6 | 6平方单位,"令 y=0，得 x² - 2x - 3 = 0，解得 x₁=-1, x₂=3，所以 A(-1,0), B(3,0)，AB=4。令 x=0，得 y=-3，所以 C(0,-3)，三角形的高为 | -3 | = 3。面积 = 1/2 × AB × 高 = 1/2 × 4 × 3 = 6。因此△ABC 的面积为 6。",pep-junior-s3-upper-quadratics-circle-probability,pep-junior-s3-upper-paper-quadratic-functions,pep-junior-exam-similarity-right-triangle-trig,passed,needs-review,deepseek-original-v3-1200; pending-s18-manual-review
pep-junior-v3-s3-k10-sa-058,junior-rag-v3-1200,S3,upper,pep-junior-s3-upper-quadratics-circle-probability,一元二次方程、二次函数、圆与概率初步,short-answer,Core,在⊙O中，弦AB与弦CD相交于点E，且AE=4，EB=6，CE=3，求ED的长。,,8,8,根据相交弦定理，在圆中两条弦相交，交点分得的两条线段的乘积相等，即AE·EB=CE·ED。代入已知数据，4×6=3×ED，解得ED=24÷3=8。,pep-junior-s3-upper-quadratics-circle-probability,pep-junior-s3-upper-paper-circle-geometry,pep-junior-exam-dynamic-geometry-functions,passed,needs-review,deepseek-original-v3-1200; pending-s18-manual-review
pep-junior-v3-s3-k10-sa-059,junior-rag-v3-1200,S3,upper,pep-junior-s3-upper-quadratics-circle-probability,一元二次方程、二次函数、圆与概率初步,short-answer,Core,一个不透明的袋子里装有2个红球和3个白球，这些球除颜色外完全相同。从袋子中随机摸出一个球，摸到红球的概率是多少？,,2/5,2/5 | 0.4 | 40%,袋子中共有2+3=5个球，其中红球有2个，所以摸到红球的概率为2/5。,pep-junior-s3-upper-quadratics-circle-probability,pep-junior-s3-upper-paper-probability-introduction,pep-junior-exam-applied-modeling-finance-rate,passed,needs-review,deepseek-original-v3-1200; pending-s18-manual-review
pep-junior-v3-s3-k10-sa-060,junior-rag-v3-1200,S3,upper,pep-junior-s3-upper-quadratics-circle-probability,一元二次方程、二次函数、圆与概率初步,short-answer,Core,将△ABC绕点C顺时针旋转90°得到△DEC，其中点A的对应点为点D，点B的对应点为点E。若∠A=35°，求∠D的度数。,,35°,35° | 35,旋转不改变图形的大小和形状，只改变位置，所以△DEC≌△ABC，对应角相等。因此∠D=∠A=35°。,pep-junior-s3-upper-quadratics-circle-probability,pep-junior-s3-upper-paper-rotation-transformations,pep-junior-exam-proof-calculation-integrated,passed,needs-review,deepseek-original-v3-1200; pending-s18-manual-review
pep-junior-v3-s3-k10-sa-061,junior-rag-v3-1200,S3,upper,pep-junior-s3-upper-quadratics-circle-probability,一元二次方程、二次函数、圆与概率初步,short-answer,Core,已知二次函数y=x²-4x+3。求该函数图象的顶点坐标。,,"(2,-1)","(2,-1) | （2，-1） | 2,-1","将二次函数配方得y=(x-2)²-1，所以顶点坐标为(2,-1)。",pep-junior-s3-upper-quadratics-circle-probability,pep-junior-s3-upper-paper-integrated-review,pep-junior-exam-quadratic-equations-functions,passed,needs-review,deepseek-original-v3-1200; pending-s18-manual-review
pep-junior-v3-s3-k10-sa-062,junior-rag-v3-1200,S3,upper,pep-junior-s3-upper-quadratics-circle-probability,一元二次方程、二次函数、圆与概率初步,short-answer,Core,解一元二次方程：x²-5x+6=0。,,"x₁=2, x₂=3","x₁=2, x₂=3 | x1=2, x2=3 | 2和3 | 2,3","方程左边因式分解得(x-2)(x-3)=0，所以x-2=0或x-3=0，解得x₁=2, x₂=3。",pep-junior-s3-upper-quadratics-circle-probability,pep-junior-s3-upper-paper-quadratic-equations,pep-junior-exam-circle-geometry,passed,needs-review,deepseek-original-v3-1200; pending-s18-manual-review
pep-junior-v3-s3-k10-sa-063,junior-rag-v3-1200,S3,upper,pep-junior-s3-upper-quadratics-circle-probability,一元二次方程、二次函数、圆与概率初步,short-answer,Core,在一个不透明的口袋中，装有3个红球和2个白球，这些球除颜色外无其他差别。从中随机摸出一个球，记下颜色后放回，再随机摸出一个球。求两次都摸到红球的概率。,,9/25,9/25 | 0.36 | 36%,第一次摸到红球的概率为3/5，放回后第二次摸到红球的概率仍为3/5，所以两次都摸到红球的概率为(3/5)×(3/5)=9/25。,pep-junior-s3-upper-quadratics-circle-probability,pep-junior-s3-upper-paper-quadratic-functions,pep-junior-exam-statistics-probability,passed,needs-review,deepseek-original-v3-1200; pending-s18-manual-review
pep-junior-v3-s3-k10-sa-064,junior-rag-v3-1200,S3,upper,pep-junior-s3-upper-quadratics-circle-probability,一元二次方程、二次函数、圆与概率初步,short-answer,Core,"已知一次函数y=kx+b的图象经过点(1,3)和(3,7)，求k和b的值。",,"k=2, b=1","k=2, b=1 | k=2,b=1 | k=2、b=1","将两点代入得方程组：k+b=3，3k+b=7。两式相减得2k=4，k=2；代入得b=1。所以k=2, b=1。",pep-junior-s3-upper-quadratics-circle-probability,pep-junior-s3-upper-paper-circle-geometry,pep-junior-exam-linear-functions-graphs,passed,needs-review,deepseek-original-v3-1200; pending-s18-manual-review
pep-junior-v3-s3-k10-sa-065,junior-rag-v3-1200,S3,upper,pep-junior-s3-upper-quadratics-circle-probability,一元二次方程、二次函数、圆与概率初步,short-answer,Core,"在平面直角坐标系中，点A的坐标为(2,3)，将点A先向左平移4个单位，再向上平移1个单位得到点B，求点B的坐标。",,"(-2,4)","(-2,4) | （-2，4） | -2,4","向左平移4个单位，横坐标减4：2-4=-2；向上平移1个单位，纵坐标加1：3+1=4。所以点B的坐标为(-2,4)。",pep-junior-s3-upper-quadratics-circle-probability,pep-junior-s3-upper-paper-probability-introduction,pep-junior-exam-coordinate-transformations,passed,needs-review,deepseek-original-v3-1200; pending-s18-manual-review
pep-junior-v3-s3-k10-sa-066,junior-rag-v3-1200,S3,upper,pep-junior-s3-upper-quadratics-circle-probability,一元二次方程、二次函数、圆与概率初步,short-answer,Core,某工厂生产一批零件，计划每天生产80个，可按期完成。实际每天生产100个，结果提前4天完成，且多生产了40个。求原计划生产零件多少个？,,1760,1760 | 1760个,设原计划生产x个零件，则计划天数为x/80。实际生产了x+40个，实际天数为(x+40)/100。根据提前4天得：x/80 - (x+40)/100 = 4。解方程：5x - 4(x+40) = 1600，5x-4x-160=1600，x=1760。检验：计划天数1760/80=22，实际天数(1760+40)/100=18，22-18=4，符合。所以原计划生产1760个零件。,pep-junior-s3-upper-quadratics-circle-probability,pep-junior-s3-upper-paper-rotation-transformations,pep-junior-exam-inverse-proportion-models,passed,needs-review,deepseek-original-v3-1200; pending-s18-manual-review
pep-junior-v3-s3-k10-sa-067,junior-rag-v3-1200,S3,upper,pep-junior-s3-upper-quadratics-circle-probability,一元二次方程、二次函数、圆与概率初步,short-answer,Core,计算：√12 - √3 + |1-√3|。,,2√3 - 1,2√3 - 1 | 2√3-1 | 2倍根号3减1,√12=2√3，|1-√3|=√3-1（因为√3>1），所以原式=2√3 - √3 + √3 - 1 = 2√3 - 1。,pep-junior-s3-upper-quadratics-circle-probability,pep-junior-s3-upper-paper-integrated-review,pep-junior-exam-number-sense-real-numbers,passed,needs-review,deepseek-original-v3-1200; pending-s18-manual-review
pep-junior-v3-s3-k11-mc-001,junior-rag-v3-1200,S3,lower,pep-junior-s3-lower-inverse-similarity-trigonometry,反比例函数、相似与锐角三角函数,multiple-choice,Exam,在△ABC中，∠C=90°，AC=6，BC=8。点D在边AB上，且∠ACD=∠B。则AD的长为（ ）,3.6 | 4.8 | 5.0 | 6.4,3.6,3.6 | 18/5,由∠C=90°，AC=6，BC=8，得AB=√(6²+8²)=10。因为∠ACD=∠B，且∠A=∠A，所以△ACD∽△ABC。由相似得AD/AC=AC/AB，即AD/6=6/10，解得AD=3.6。,pep-junior-s3-lower-inverse-similarity-trigonometry,pep-junior-s3-lower-paper-function-geometry-integrated,pep-junior-exam-similarity-right-triangle-trig,passed,needs-review,deepseek-original-v3-1200; pending-s18-manual-review
pep-junior-v3-s3-k11-mc-002,junior-rag-v3-1200,S3,lower,pep-junior-s3-lower-inverse-similarity-trigonometry,反比例函数、相似与锐角三角函数,multiple-choice,Exam,"已知反比例函数y=k/x的图象经过点(2,-3)，则k的值为（ ）",-6 | -5 | 5 | 6,-6,-6,"将点(2,-3)代入y=k/x，得-3=k/2，解得k=-6。",pep-junior-s3-lower-inverse-similarity-trigonometry,pep-junior-s3-lower-paper-similarity,pep-junior-exam-inverse-proportion-models,passed,needs-review,deepseek-original-v3-1200; pending-s18-manual-review
pep-junior-v3-s3-k11-mc-003,junior-rag-v3-1200,S3,lower,pep-junior-s3-lower-inverse-similarity-trigonometry,反比例函数、相似与锐角三角函数,multiple-choice,Exam,"一次函数y=ax+b的图象经过点(1,5)和(3,9)，则a的值为（ ）",2 | 3 | 4 | 5,2,2,将两点代入得：5=a+b，9=3a+b。两式相减得4=2a，解得a=2。,pep-junior-s3-lower-inverse-similarity-trigonometry,pep-junior-s3-lower-paper-graduation-review,pep-junior-exam-linear-functions-graphs,passed,needs-review,deepseek-original-v3-1200; pending-s18-manual-review
pep-junior-v3-s3-k11-mc-004,junior-rag-v3-1200,S3,lower,pep-junior-s3-lower-inverse-similarity-trigonometry,反比例函数、相似与锐角三角函数,multiple-choice,Exam,若关于x的一元二次方程x²-4x+m=0有两个不相等的实数根，则m的取值范围是（ ）,m<4 | m≤4 | m>4 | m≥4,m<4,m<4,方程有两个不相等的实数根，则判别式Δ=(-4)²-4×1×m>0，即16-4m>0，解得m<4。,pep-junior-s3-lower-inverse-similarity-trigonometry,pep-junior-s3-lower-paper-inverse-functions,pep-junior-exam-quadratic-equations-functions,passed,needs-review,deepseek-original-v3-1200; pending-s18-manual-review
pep-junior-v3-s3-k11-mc-005,junior-rag-v3-1200,S3,lower,pep-junior-s3-lower-inverse-similarity-trigonometry,反比例函数、相似与锐角三角函数,multiple-choice,Exam,下列各数中，绝对值最小的是（ ）,-0.5 | 0.3 | -0.8 | 0.6,0.3,0.3,各数的绝对值分别为0.5、0.3、0.8、0.6，其中0.3最小。,pep-junior-s3-lower-inverse-similarity-trigonometry,pep-junior-s3-lower-paper-right-triangle-trigonometry,pep-junior-exam-number-sense-real-numbers,passed,needs-review,deepseek-original-v3-1200; pending-s18-manual-review
pep-junior-v3-s3-k11-mc-006,junior-rag-v3-1200,S3,lower,pep-junior-s3-lower-inverse-similarity-trigonometry,反比例函数、相似与锐角三角函数,multiple-choice,Exam,某商品进价为每件40元，按每件60元出售，每天可售出100件。经调查发现，每降价1元，每天可多售出10件。设每件降价x元，每天的利润为y元，则y与x的函数关系式为（ ）,y=(20-x)(100+10x) | y=(20+x)(100-10x) | y=(60-x)(100+10x) | y=(20-x)(100-10x),y=(20-x)(100+10x),y=(20-x)(100+10x),降价后每件利润为60-40-x=20-x元，每天销量为100+10x件，所以利润y=(20-x)(100+10x)。,pep-junior-s3-lower-inverse-similarity-trigonometry,pep-junior-s3-lower-paper-projection-views,pep-junior-exam-linear-equation-inequality-models,passed,needs-review,deepseek-original-v3-1200; pending-s18-manual-review
pep-junior-v3-s3-k11-mc-007,junior-rag-v3-1200,S3,lower,pep-junior-s3-lower-inverse-similarity-trigonometry,反比例函数、相似与锐角三角函数,multiple-choice,Exam,计算反比例函数化简中常见的整式积 (x+2)(x-3) 的结果是（ ）,x²-x-6 | x²+x-6 | x²-5x-6 | x²+5x-6,x²-x-6,x²-x-6,(x+2)(x-3)=x·x+x·(-3)+2·x+2·(-3)=x²-3x+2x-6=x²-x-6。,pep-junior-s3-lower-inverse-similarity-trigonometry,pep-junior-s3-lower-paper-function-geometry-integrated,pep-junior-exam-polynomial-factorization-fractions,passed,needs-review,deepseek-original-v3-1200; pending-s18-manual-review
pep-junior-v3-s3-k11-mc-008,junior-rag-v3-1200,S3,lower,pep-junior-s3-lower-inverse-similarity-trigonometry,反比例函数、相似与锐角三角函数,multiple-choice,Exam,在△ABC中，DE∥BC，AD=2，DB=3，则DE∶BC等于（ ）,2∶5 | 2∶3 | 3∶5 | 3∶2,2∶5,2∶5 | 2:5,由DE∥BC，得△ADE∽△ABC，相似比为AD∶AB=2∶(2+3)=2∶5，所以DE∶BC=2∶5。,pep-junior-s3-lower-inverse-similarity-trigonometry,pep-junior-s3-lower-paper-similarity,pep-junior-exam-triangles-congruence-proof,passed,needs-review,deepseek-original-v3-1200; pending-s18-manual-review
pep-junior-v3-s3-k11-mc-009,junior-rag-v3-1200,S3,lower,pep-junior-s3-lower-inverse-similarity-trigonometry,反比例函数、相似与锐角三角函数,multiple-choice,Exam,在矩形ABCD中，AB=3，BC=4，则对角线AC的长为（ ）,5 | 6 | 7 | 8,5,5,矩形中∠B=90°，由勾股定理得AC=√(AB²+BC²)=√(3²+4²)=√25=5。,pep-junior-s3-lower-inverse-similarity-trigonometry,pep-junior-s3-lower-paper-graduation-review,pep-junior-exam-quadrilaterals-pythagorean,passed,needs-review,deepseek-original-v3-1200; pending-s18-manual-review
pep-junior-v3-s3-k11-mc-010,junior-rag-v3-1200,S3,lower,pep-junior-s3-lower-inverse-similarity-trigonometry,反比例函数、相似与锐角三角函数,multiple-choice,Exam,AB是⊙O的直径，C是⊙O上一点，∠CAB=30°，则∠ABC的度数为（ ）,30° | 45° | 60° | 90°,60°,60° | 60度,因为AB是直径，所以∠ACB=90°。在△ABC中，∠CAB=30°，则∠ABC=180°-90°-30°=60°。,pep-junior-s3-lower-inverse-similarity-trigonometry,pep-junior-s3-lower-paper-inverse-functions,pep-junior-exam-circle-geometry,passed,needs-review,deepseek-original-v3-1200; pending-s18-manual-review
pep-junior-v3-s3-k11-mc-011,junior-rag-v3-1200,S3,lower,pep-junior-s3-lower-inverse-similarity-trigonometry,反比例函数、相似与锐角三角函数,multiple-choice,Exam,在Rt△ABC中，∠C=90°，AB=5，BC=3，则sinA的值为（ ）,3/5 | 4/5 | 3/4 | 4/3,3/5,3/5 | 0.6,在Rt△ABC中，∠C=90°，AB为斜边，BC为∠A的对边。由勾股定理得AC=√(AB²-BC²)=√(5²-3²)=4。根据正弦定义，sinA=对边/斜边=BC/AB=3/5。,pep-junior-s3-lower-inverse-similarity-trigonometry,pep-junior-s3-lower-paper-right-triangle-trigonometry,pep-junior-exam-statistics-probability,passed,needs-review,deepseek-original-v3-1200; pending-s18-manual-review
pep-junior-v3-s3-k11-mc-012,junior-rag-v3-1200,S3,lower,pep-junior-s3-lower-inverse-similarity-trigonometry,反比例函数、相似与锐角三角函数,multiple-choice,Exam,在Rt△ABC中，∠C=90°，AC=3，BC=4，则 sinA 的值是（ ）,3/5 | 4/5 | 3/4 | 5/4,4/5,4/5 | 0.8,在Rt△ABC中，AB=√(3²+4²)=5。对于∠A，所对的直角边是BC=4，斜边是AB=5，所以 sinA=4/5。,pep-junior-s3-lower-inverse-similarity-trigonometry,pep-junior-s3-lower-paper-projection-views,pep-junior-exam-coordinate-transformations,passed,needs-review,deepseek-original-v3-1200; pending-s18-manual-review
pep-junior-v3-s3-k11-mc-013,junior-rag-v3-1200,S3,lower,pep-junior-s3-lower-inverse-similarity-trigonometry,反比例函数、相似与锐角三角函数,multiple-choice,Exam,在平面直角坐标系中，点A是反比例函数y=k/x（k>0，x>0）图象上一点，AB⊥x轴于点B，点C是y轴上一点，且△ABC的面积为4，则k的值为（ ）,4 | -4 | 8 | -8,8,8,"设A(a,k/a)，其中a>0且k>0，则B(a,0)，AB=k/a。点C在y轴上，C到直线AB的距离为a，所以△ABC面积=1/2×(k/a)×a=k/2。由k/2=4，得k=8。",pep-junior-s3-lower-inverse-similarity-trigonometry,pep-junior-s3-lower-paper-function-geometry-integrated,pep-junior-exam-dynamic-geometry-functions,passed,needs-review,deepseek-original-v3-1200; pending-s18-manual-review
pep-junior-v3-s3-k11-mc-014,junior-rag-v3-1200,S3,lower,pep-junior-s3-lower-inverse-similarity-trigonometry,反比例函数、相似与锐角三角函数,multiple-choice,Exam,某市为鼓励居民节约用水，对自来水用户按分段计费方式收取水费：若每月用水不超过7立方米，则按每立方米1元收费；若每月用水超过7立方米，则超过部分按每立方米2元收费。如果某居民今年5月份缴纳了17元水费，那么这户居民今年5月份的用水量为多少立方米？,12 | 13 | 14 | 15,12,12,设用水量为x立方米。若x≤7，则水费为x元，最大为7元，而17>7，故x>7。因此水费为7×1+(x-7)×2=17，解得x=12。,pep-junior-s3-lower-inverse-similarity-trigonometry,pep-junior-s3-lower-paper-similarity,pep-junior-exam-applied-modeling-finance-rate,passed,needs-review,deepseek-original-v3-1200; pending-s18-manual-review
pep-junior-v3-s3-k11-mc-015,junior-rag-v3-1200,S3,lower,pep-junior-s3-lower-inverse-similarity-trigonometry,反比例函数、相似与锐角三角函数,multiple-choice,Exam,在△ABC中，点D、E分别在AB、AC上，DE∥BC，若AD=2，BD=3，BC=10，则DE的长为（ ）,4 | 5 | 6 | 8,4,4,由DE∥BC得△ADE∽△ABC，相似比为AD/AB=2/(2+3)=2/5，所以DE/BC=2/5，DE=10×2/5=4。,pep-junior-s3-lower-inverse-similarity-trigonometry,pep-junior-s3-lower-paper-graduation-review,pep-junior-exam-proof-calculation-integrated,passed,needs-review,deepseek-original-v3-1200; pending-s18-manual-review
pep-junior-v3-s3-k11-mc-016,junior-rag-v3-1200,S3,lower,pep-junior-s3-lower-inverse-similarity-trigonometry,反比例函数、相似与锐角三角函数,multiple-choice,Exam,已知反比例函数y=(m-1)/x的图象在第二、四象限，则m的取值范围是（ ）,m>1 | m<1 | m≥1 | m≤1,m<1,m<1,反比例函数y=k/x的图象在第二、四象限时，k<0。这里k=m-1，所以m-1<0，即m<1。,pep-junior-s3-lower-inverse-similarity-trigonometry,pep-junior-s3-lower-paper-inverse-functions,pep-junior-exam-similarity-right-triangle-trig,passed,needs-review,deepseek-original-v3-1200; pending-s18-manual-review
pep-junior-v3-s3-k11-mc-017,junior-rag-v3-1200,S3,lower,pep-junior-s3-lower-inverse-similarity-trigonometry,反比例函数、相似与锐角三角函数,multiple-choice,Exam,某气球内充满了一定质量的气体，当温度不变时，气球内气体的气压p（kPa）是气体体积V（m³）的反比例函数，其图象经过点（1.6，60）。当气球内的气压大于120kPa时，气球将爆炸，为了安全起见，气体的体积应（ ）,不小于0.8m³ | 小于0.8m³ | 不小于1.6m³ | 小于1.6m³,不小于0.8m³,不小于0.8m³,设p=k/V，将（1.6，60）代入得k=96，所以p=96/V。当p≤120时安全，即96/V≤120，解得V≥0.8。因此体积应不小于0.8m³。,pep-junior-s3-lower-inverse-similarity-trigonometry,pep-junior-s3-lower-paper-right-triangle-trigonometry,pep-junior-exam-inverse-proportion-models,passed,needs-review,deepseek-original-v3-1200; pending-s18-manual-review
pep-junior-v3-s3-k11-mc-018,junior-rag-v3-1200,S3,lower,pep-junior-s3-lower-inverse-similarity-trigonometry,反比例函数、相似与锐角三角函数,multiple-choice,Exam,将Rt△ABC绕直角边AC旋转一周，其中AC=4，BC=3，所得几何体的主视图是（ ）,等腰三角形，底边6，高4 | 圆，半径3 | 等腰三角形，底边8，高3 | 矩形，长4宽3,等腰三角形，底边6，高4,等腰三角形，底边6，高4,Rt△ABC绕直角边AC旋转一周得到圆锥，其中AC为高，底面半径为BC=3。主视图是从正面看，看到的是等腰三角形，底边等于直径2×3=6，高为AC=4，因此选项A. 等腰三角形，底边6，高4符合。,pep-junior-s3-lower-inverse-similarity-trigonometry,pep-junior-s3-lower-paper-projection-views,pep-junior-exam-linear-functions-graphs,passed,needs-review,deepseek-original-v3-1200; pending-s18-manual-review
pep-junior-v3-s3-k11-mc-019,junior-rag-v3-1200,S3,lower,pep-junior-s3-lower-inverse-similarity-trigonometry,反比例函数、相似与锐角三角函数,multiple-choice,Exam,二次函数y=ax²+bx+c的图象开口向上，对称轴在y轴左侧，则一次函数y=bx+a的图象不经过（ ）,第一象限 | 第二象限 | 第三象限 | 第四象限,第四象限,第四象限,由二次函数图象开口向上知a>0，对称轴在y轴左侧得-b/(2a)<0，结合a>0得b>0。一次函数y=bx+a中，b>0，a>0，故图象经过一、二、三象限，不经过第四象限。,pep-junior-s3-lower-inverse-similarity-trigonometry,pep-junior-s3-lower-paper-function-geometry-integrated,pep-junior-exam-quadratic-equations-functions,passed,needs-review,deepseek-original-v3-1200; pending-s18-manual-review
pep-junior-v3-s3-k11-mc-020,junior-rag-v3-1200,S3,lower,pep-junior-s3-lower-inverse-similarity-trigonometry,反比例函数、相似与锐角三角函数,multiple-choice,Exam,在△ABC中，点D、E分别在边AB、AC上，下列条件中不能判断△ADE∽△ACB的是（ ）,∠ADE=∠C | ∠AED=∠B | AD/AC=AE/AB | AD/AB=AE/AC,AD/AB=AE/AC,AD/AB=AE/AC,选项A和B分别给出两组角相等，可判定相似；选项C中，AD/AC=AE/AB，且夹角∠A公共，符合两边对应成比例且夹角相等，可判定△ADE∽△ACB；选项D中，AD/AB=AE/AC，但∠A不是AD与AE的夹角，也不是AB与AC的夹角，对应边成比例但夹角不一定相等，故不能判定相似。,pep-junior-s3-lower-inverse-similarity-trigonometry,pep-junior-s3-lower-paper-similarity,pep-junior-exam-number-sense-real-numbers,passed,needs-review,deepseek-original-v3-1200; pending-s18-manual-review
pep-junior-v3-s3-k11-mc-021,junior-rag-v3-1200,S3,lower,pep-junior-s3-lower-inverse-similarity-trigonometry,反比例函数、相似与锐角三角函数,multiple-choice,Exam,某品牌手机电池的剩余电量 y（单位：毫安时）与使用时间 x（单位：小时）满足反比例关系 y = 2400/x。若电量低于 300 毫安时手机会自动关机，则手机最长连续使用时间是多少小时？,6 小时 | 7 小时 | 8 小时 | 9 小时,8 小时,8 小时 | 8,由 y = 2400/x，令 y = 300，得 300 = 2400/x，解得 x = 2400/300 = 8。因此手机最长连续使用时间为 8 小时。,pep-junior-s3-lower-inverse-similarity-trigonometry,pep-junior-s3-lower-paper-graduation-review,pep-junior-exam-linear-equation-inequality-models,passed,needs-review,deepseek-original-v3-1200; pending-s18-manual-review
pep-junior-v3-s3-k11-mc-022,junior-rag-v3-1200,S3,lower,pep-junior-s3-lower-inverse-similarity-trigonometry,反比例函数、相似与锐角三角函数,multiple-choice,Exam,"已知反比例函数 y = k/x 的图象经过点 A(2, -3)，则 k 的值为（ ）",6 | -6 | 5 | -5,-6,-6 | 负6,"将点 A(2, -3) 代入 y = k/x，得 -3 = k/2，解得 k = -6。因此 k 的值为 -6。",pep-junior-s3-lower-inverse-similarity-trigonometry,pep-junior-s3-lower-paper-inverse-functions,pep-junior-exam-polynomial-factorization-fractions,passed,needs-review,deepseek-original-v3-1200; pending-s18-manual-review
pep-junior-v3-s3-k11-mc-023,junior-rag-v3-1200,S3,lower,pep-junior-s3-lower-inverse-similarity-trigonometry,反比例函数、相似与锐角三角函数,multiple-choice,Exam,在 Rt△ABC 中，∠C = 90°，AC = 3，BC = 4，则 sin A 的值为（ ）,3/5 | 4/5 | 3/4 | 4/3,4/5,4/5 | 0.8,在 Rt△ABC 中，∠C = 90°，∠A 的对边为 BC = 4，斜边 AB = √(3²+4²) = 5，所以 sin A = 对边/斜边 = 4/5。,pep-junior-s3-lower-inverse-similarity-trigonometry,pep-junior-s3-lower-paper-right-triangle-trigonometry,pep-junior-exam-triangles-congruence-proof,passed,needs-review,deepseek-original-v3-1200; pending-s18-manual-review
pep-junior-v3-s3-k11-mc-024,junior-rag-v3-1200,S3,lower,pep-junior-s3-lower-inverse-similarity-trigonometry,反比例函数、相似与锐角三角函数,multiple-choice,Exam,阳光下，一根竖直旗杆在水平地面上的影长为10 m，此时太阳光线与地面的夹角为45°。旗杆的高度是（ ）,5 m | 10 m | 10√2 m | 20 m,10 m,10 m | 10米 | 10,旗杆、影子和太阳光线构成直角三角形。tan45°=旗杆高度/影长=1，所以旗杆高度=10×1=10 m。,pep-junior-s3-lower-inverse-similarity-trigonometry,pep-junior-s3-lower-paper-projection-views,pep-junior-exam-quadrilaterals-pythagorean,passed,needs-review,deepseek-original-v3-1200; pending-s18-manual-review
pep-junior-v3-s3-k11-mc-025,junior-rag-v3-1200,S3,lower,pep-junior-s3-lower-inverse-similarity-trigonometry,反比例函数、相似与锐角三角函数,multiple-choice,Exam,"已知反比例函数 y = 6/x 的图象上有两点 A(x₁, y₁) 和 B(x₂, y₂)，且 x₁ < x₂ < 0，则 y₁ 与 y₂ 的大小关系是（ ）",y₁ < y₂ | y₁ > y₂ | y₁ = y₂ | 无法确定,y₁ > y₂,y₁ > y₂ | y1 > y2,反比例函数 y = 6/x 的图象分布在第一、三象限，且在每一象限内 y 随 x 的增大而减小。因为 x₁ < x₂ < 0，两点都在第三象限，所以 y₁ > y₂。,pep-junior-s3-lower-inverse-similarity-trigonometry,pep-junior-s3-lower-paper-function-geometry-integrated,pep-junior-exam-circle-geometry,passed,needs-review,deepseek-original-v3-1200; pending-s18-manual-review
pep-junior-v3-s3-k11-mc-026,junior-rag-v3-1200,S3,lower,pep-junior-s3-lower-inverse-similarity-trigonometry,反比例函数、相似与锐角三角函数,multiple-choice,Exam,在△ABC 中，DE∥BC，AD = 2，DB = 3，则 DE：BC 的值为（ ）,2：3 | 2：5 | 3：5 | 3：2,2：5,2：5 | 2:5,由 DE∥BC，可得△ADE∽△ABC，相似比为 AD：AB = 2：(2+3) = 2：5，所以 DE：BC = 2：5。,pep-junior-s3-lower-inverse-similarity-trigonometry,pep-junior-s3-lower-paper-similarity,pep-junior-exam-statistics-probability,passed,needs-review,deepseek-original-v3-1200; pending-s18-manual-review
pep-junior-v3-s3-k11-mc-027,junior-rag-v3-1200,S3,lower,pep-junior-s3-lower-inverse-similarity-trigonometry,反比例函数、相似与锐角三角函数,multiple-choice,Exam,"在平面直角坐标系中，将点 P(2, -3) 先向右平移 4 个单位，再向上平移 2 个单位，则平移后点的坐标是（ ）","(6, -1) | (-2, -1) | (6, -5) | (-2, -5)","(6, -1)","(6, -1) | (6,-1)","点 P(2, -3) 向右平移 4 个单位，横坐标加 4，得 6；向上平移 2 个单位，纵坐标加 2，得 -1。所以平移后点的坐标是 (6, -1)。",pep-junior-s3-lower-inverse-similarity-trigonometry,pep-junior-s3-lower-paper-graduation-review,pep-junior-exam-coordinate-transformations,passed,needs-review,deepseek-original-v3-1200; pending-s18-manual-review
pep-junior-v3-s3-k11-mc-028,junior-rag-v3-1200,S3,lower,pep-junior-s3-lower-inverse-similarity-trigonometry,反比例函数、相似与锐角三角函数,multiple-choice,Exam,点 P 是反比例函数 y = 4/x (x>0) 图象上一点，PA⊥x 轴于点 A，则△POA 的面积为（ ）,1 | 2 | 4 | 8,2,2,"设 P 点坐标为 (a, 4/a)，则 PA = 4/a，OA = a。△POA 的面积 = 1/2 × OA × PA = 1/2 × a × (4/a) = 2。",pep-junior-s3-lower-inverse-similarity-trigonometry,pep-junior-s3-lower-paper-inverse-functions,pep-junior-exam-dynamic-geometry-functions,passed,needs-review,deepseek-original-v3-1200; pending-s18-manual-review
pep-junior-v3-s3-k11-mc-029,junior-rag-v3-1200,S3,lower,pep-junior-s3-lower-inverse-similarity-trigonometry,反比例函数、相似与锐角三角函数,multiple-choice,Exam,从热气球 C 处测得地面 A、B 两点的俯角分别为 30°、45°，如果此时热气球 C 处的高度 CD 为 100 米，点 A、D、B 在同一直线上，则 A、B 两点的距离是（ ）,100(√3 - 1) 米 | 100(√3 + 1) 米 | 100√3 米 | 200 米,100(√3 + 1) 米,100(√3 + 1) 米 | 100(√3+1)米,由俯角定义，∠A = 30°，∠B = 45°。在 Rt△ACD 中，AD = CD / tan30° = 100 / (1/√3) = 100√3；在 Rt△BCD 中，BD = CD / tan45° = 100。所以 AB = AD + BD = 100√3 + 100 = 100(√3 + 1) 米。,pep-junior-s3-lower-inverse-similarity-trigonometry,pep-junior-s3-lower-paper-right-triangle-trigonometry,pep-junior-exam-applied-modeling-finance-rate,passed,needs-review,deepseek-original-v3-1200; pending-s18-manual-review
pep-junior-v3-s3-k11-mc-030,junior-rag-v3-1200,S3,lower,pep-junior-s3-lower-inverse-similarity-trigonometry,反比例函数、相似与锐角三角函数,multiple-choice,Exam,一个由若干个相同的小正方体组成的几何体的主视图和俯视图都是 2×2 的正方形，则组成这个几何体的小正方体的个数最多是（ ）,4 个 | 5 个 | 6 个 | 8 个,8 个,8 个 | 8,主视图和俯视图都是 2×2 的正方形，说明该几何体在 2×2 的每个位置上都至少有一个小正方体，且从正面看每列最高为 2，因此每个位置最多可以堆叠 2 个小正方体。所以最多需要 2×2×2 = 8 个小正方体。,pep-junior-s3-lower-inverse-similarity-trigonometry,pep-junior-s3-lower-paper-projection-views,pep-junior-exam-proof-calculation-integrated,passed,needs-review,deepseek-original-v3-1200; pending-s18-manual-review
pep-junior-v3-s3-k11-mc-031,junior-rag-v3-1200,S3,lower,pep-junior-s3-lower-inverse-similarity-trigonometry,反比例函数、相似与锐角三角函数,multiple-choice,Exam,某校数学活动小组测量校园内一棵大树的高度。他们在平地上选取相距12 m的A、B两点，在A点测得树顶C的仰角为30°，在B点测得树顶C的仰角为45°，且A、B与树底D在同一直线上。则大树CD的高度约为（参考数据：√2≈1.414，√3≈1.732）（ ）,16.4 m | 17.0 m | 17.6 m | 18.2 m,16.4 m,16.4 m | 16.4 | 约16.4 m | 约为16.4 m,设树高CD = h m。由题意，∠CAD=30°，∠CBD=45°，AD = BD + 12。在Rt△ACD中，tan30° = CD/AD = h/AD，所以AD = h / tan30° = h√3。在Rt△BCD中，tan45° = CD/BD = h/BD，所以BD = h。由AD - BD = 12，得h√3 - h = 12，h(√3 - 1) = 12，h = 12/(√3 - 1) = 12(√3 + 1)/2 = 6(√3 + 1) ≈ 6×(1.732+1) = 6×2.732 = 16.392 ≈ 16.4 m。,pep-junior-s3-lower-inverse-similarity-trigonometry,pep-junior-s3-lower-paper-function-geometry-integrated,pep-junior-exam-similarity-right-triangle-trig,passed,needs-review,deepseek-original-v3-1200; pending-s18-manual-review
pep-junior-v3-s3-k11-mc-032,junior-rag-v3-1200,S3,lower,pep-junior-s3-lower-inverse-similarity-trigonometry,反比例函数、相似与锐角三角函数,multiple-choice,Exam,"已知反比例函数y = k/x的图象经过点(-2, 3)，则下列说法正确的是（ ）","该函数图象经过点(2, 3) | 该函数图象位于第一、三象限 | 当x < 0时，y随x的增大而减小 | 当x > 0时，y随x的增大而增大",当x > 0时，y随x的增大而增大,当x > 0时，y随x的增大而增大 | D,"将点(-2, 3)代入y = k/x得k = -2×3 = -6，所以函数为y = -6/x。因为k < 0，图象位于第二、四象限，在每个象限内y随x的增大而增大。选项A：点(2, 3)代入得3 ≠ -6/2，错误；选项B：图象在第二、四象限，错误；选项C：当x < 0时，y随x的增大而增大，不是减小，错误；选项D：当x > 0时，y随x的增大而增大，正确。故答案为当x > 0时，y随x的增大而增大。",pep-junior-s3-lower-inverse-similarity-trigonometry,pep-junior-s3-lower-paper-similarity,pep-junior-exam-inverse-proportion-models,passed,needs-review,deepseek-original-v3-1200; pending-s18-manual-review
pep-junior-v3-s3-k11-mc-033,junior-rag-v3-1200,S3,lower,pep-junior-s3-lower-inverse-similarity-trigonometry,反比例函数、相似与锐角三角函数,multiple-choice,Exam,某快递公司规定：寄送物品的费用y（元）与物品质量x（kg）满足一次函数关系。已知寄送2 kg物品需10元，寄送5 kg物品需19元。若小明寄送8 kg物品，他需要支付（ ）元。,25 | 28 | 31 | 34,28,28 | 28元 | 28 元,"设y = kx + b，将(2, 10)和(5, 19)代入得：2k + b = 10，5k + b = 19，两式相减得3k = 9，k = 3，代入得b = 10 - 2×3 = 4，所以y = 3x + 4。当x = 8时，y = 3×8 + 4 = 28。故答案为28。",pep-junior-s3-lower-inverse-similarity-trigonometry,pep-junior-s3-lower-paper-graduation-review,pep-junior-exam-linear-functions-graphs,passed,needs-review,deepseek-original-v3-1200; pending-s18-manual-review
pep-junior-v3-s3-k11-mc-034,junior-rag-v3-1200,S3,lower,pep-junior-s3-lower-inverse-similarity-trigonometry,反比例函数、相似与锐角三角函数,multiple-choice,Exam,关于x的一元二次方程x² - 4x + m = 0有两个不相等的实数根，则m的值可以是（ ）,2 | 3 | 4 | 5,2,2 | A,方程x² - 4x + m = 0有两个不相等的实数根，则判别式Δ = (-4)² - 4×1×m = 16 - 4m > 0，解得m < 4。选项中只有2小于4，故答案为2。,pep-junior-s3-lower-inverse-similarity-trigonometry,pep-junior-s3-lower-paper-inverse-functions,pep-junior-exam-quadratic-equations-functions,passed,needs-review,deepseek-original-v3-1200; pending-s18-manual-review
pep-junior-v3-s3-k11-mc-035,junior-rag-v3-1200,S3,lower,pep-junior-s3-lower-inverse-similarity-trigonometry,反比例函数、相似与锐角三角函数,multiple-choice,Exam,在实数范围内，下列判断正确的是（ ）,若|a| = |b|，则a = b | 若a > b，则a² > b² | 若√a = √b，则a = b | 若a² = b²，则a = b,若√a = √b，则a = b,若√a = √b，则a = b | C,"选项A：若|a| = |b|，可能a = -b，错误；选项B：若a > b，如a = -1, b = -2，则a² = 1, b² = 4，a² < b²，错误；选项C：若√a = √b，两边平方得a = b，正确；选项D：若a² = b²，可能a = -b，错误。故答案为若√a = √b，则a = b。",pep-junior-s3-lower-inverse-similarity-trigonometry,pep-junior-s3-lower-paper-right-triangle-trigonometry,pep-junior-exam-number-sense-real-numbers,passed,needs-review,deepseek-original-v3-1200; pending-s18-manual-review
pep-junior-v3-s3-k11-mc-036,junior-rag-v3-1200,S3,lower,pep-junior-s3-lower-inverse-similarity-trigonometry,反比例函数、相似与锐角三角函数,multiple-choice,Exam,某车间有28名工人生产螺栓和螺母，每人每天平均能生产螺栓12个或螺母18个。一个螺栓配两个螺母，应分配多少人生产螺栓，多少人生产螺母，才能使每天的产品刚好配套？设分配x人生产螺栓，y人生产螺母，则下列方程组正确的是（ ）,"x + y = 28, 12x = 18y | x + y = 28, 2×12x = 18y | x + y = 28, 12x = 2×18y | x + y = 28, 18x = 12y","x + y = 28, 2×12x = 18y","x + y = 28, 2×12x = 18y | B","总人数28人，所以x + y = 28。螺栓总数12x，螺母总数18y，一个螺栓配两个螺母，即螺栓数的两倍等于螺母数，所以2×12x = 18y。故答案为x + y = 28, 2×12x = 18y。",pep-junior-s3-lower-inverse-similarity-trigonometry,pep-junior-s3-lower-paper-projection-views,pep-junior-exam-linear-equation-inequality-models,passed,needs-review,deepseek-original-v3-1200; pending-s18-manual-review
pep-junior-v3-s3-k11-mc-037,junior-rag-v3-1200,S3,lower,pep-junior-s3-lower-inverse-similarity-trigonometry,反比例函数、相似与锐角三角函数,multiple-choice,Exam,化简分式 (x² - 4)/(x² - 4x + 4) 的结果是（ ）,(x + 2)/(x - 2) | (x - 2)/(x + 2) | 1/(x - 2) | 1/(x + 2),(x + 2)/(x - 2),(x + 2)/(x - 2) | A | x+2/x-2,原式 = (x² - 4)/(x² - 4x + 4) = (x + 2)(x - 2)/(x - 2)² = (x + 2)/(x - 2)。故答案为(x + 2)/(x - 2)。,pep-junior-s3-lower-inverse-similarity-trigonometry,pep-junior-s3-lower-paper-function-geometry-integrated,pep-junior-exam-polynomial-factorization-fractions,passed,needs-review,deepseek-original-v3-1200; pending-s18-manual-review
pep-junior-v3-s3-k11-mc-038,junior-rag-v3-1200,S3,lower,pep-junior-s3-lower-inverse-similarity-trigonometry,反比例函数、相似与锐角三角函数,multiple-choice,Exam,在△ABC中，AB = AC，D是BC的中点，DE⊥AB于E，DF⊥AC于F。添加下列一个条件后，仍无法判定△BDE ≌ △CDF的是（ ）,BD = CD | DE = DF | ∠B = ∠C | BE = CF,BD = CD,BD = CD | A,由AB = AC，D是BC中点，可得BD = CD，AD⊥BC，∠B = ∠C。已知DE⊥AB，DF⊥AC，所以∠BED = ∠CFD = 90°。选项A：BD = CD是已知条件，不能作为新增判定条件，且仅凭BD = CD和直角无法判定全等；选项B：DE = DF，结合直角和∠B = ∠C可用AAS判定；选项C：∠B = ∠C是已知，但结合直角和BD = CD可用AAS判定；选项D：BE = CF，结合直角和∠B = ∠C可用AAS判定。故答案为BD = CD。,pep-junior-s3-lower-inverse-similarity-trigonometry,pep-junior-s3-lower-paper-similarity,pep-junior-exam-triangles-congruence-proof,passed,needs-review,deepseek-original-v3-1200; pending-s18-manual-review
pep-junior-v3-s3-k11-mc-039,junior-rag-v3-1200,S3,lower,pep-junior-s3-lower-inverse-similarity-trigonometry,反比例函数、相似与锐角三角函数,multiple-choice,Exam,在四边形ABCD中，对角线AC与BD相交于点O，给出下列四组条件：①AB∥CD，AD∥BC；②AB = CD，AD = BC；③AO = OC，BO = OD；④AB∥CD，AD = BC。其中一定能判定四边形ABCD是平行四边形的条件共有（ ）,1组 | 2组 | 3组 | 4组,3组,3组 | C,①两组对边分别平行，可判定平行四边形；②两组对边分别相等，可判定平行四边形；③对角线互相平分，可判定平行四边形；④一组对边平行且另一组对边相等，不能判定平行四边形，可能是等腰梯形。故一定能判定的有①②③共3组，答案为3组。,pep-junior-s3-lower-inverse-similarity-trigonometry,pep-junior-s3-lower-paper-graduation-review,pep-junior-exam-quadrilaterals-pythagorean,passed,needs-review,deepseek-original-v3-1200; pending-s18-manual-review
pep-junior-v3-s3-k11-mc-040,junior-rag-v3-1200,S3,lower,pep-junior-s3-lower-inverse-similarity-trigonometry,反比例函数、相似与锐角三角函数,multiple-choice,Exam,AB是⊙O的直径，C是⊙O上一点，过点C的切线与AB的延长线交于点D。若∠A = 25°，则∠D的度数为（ ）,25° | 40° | 50° | 65°,40°,40° | B | 40度,连接OC，则OC⊥CD。因为OA = OC，所以∠OCA = ∠A = 25°，∠COD = ∠OCA + ∠A = 50°。在Rt△OCD中，∠D = 90° - ∠COD = 90° - 50° = 40°。故答案为40°。,pep-junior-s3-lower-inverse-similarity-trigonometry,pep-junior-s3-lower-paper-inverse-functions,pep-junior-exam-circle-geometry,passed,needs-review,deepseek-original-v3-1200; pending-s18-manual-review
pep-junior-v3-s3-k11-mc-041,junior-rag-v3-1200,S3,lower,pep-junior-s3-lower-inverse-similarity-trigonometry,反比例函数、相似与锐角三角函数,multiple-choice,Exam,一辆汽车以恒定功率行驶，速度 v（千米/时）与牵引力 F（牛）满足 F = 2800/v。当速度从 40 千米/时增加到 70 千米/时，牵引力减少了多少牛？,10 牛 | 20 牛 | 30 牛 | 40 牛,30 牛,30 牛 | 30牛 | 30,当 v = 40 时，F = 2800 / 40 = 70 牛。当 v = 70 时，F = 2800 / 70 = 40 牛。牵引力减少 70 - 40 = 30 牛。因此答案是 30 牛。,pep-junior-s3-lower-inverse-similarity-trigonometry,pep-junior-s3-lower-paper-right-triangle-trigonometry,pep-junior-exam-statistics-probability,passed,needs-review,deepseek-original-v3-1200; pending-s18-manual-review
pep-junior-v3-s3-k11-mc-042,junior-rag-v3-1200,S3,lower,pep-junior-s3-lower-inverse-similarity-trigonometry,反比例函数、相似与锐角三角函数,multiple-choice,Exam,一个长方体水箱，长 6 米、宽 4 米、高 3 米。从正面看，看到的形状是什么？,长方形，长 6 米、宽 3 米 | 长方形，长 4 米、宽 3 米 | 长方形，长 6 米、宽 4 米 | 正方形，边长 3 米,长方形，长 6 米、宽 3 米,长方形，长 6 米、宽 3 米 | 长方形，长6米、宽3米 | 长6米、宽3米的长方形,从正面看，看到的是水箱的长和高，即长 6 米、高 3 米，所以是一个长 6 米、宽 3 米的长方形。因此答案是长方形，长 6 米、宽 3 米。,pep-junior-s3-lower-inverse-similarity-trigonometry,pep-junior-s3-lower-paper-projection-views,pep-junior-exam-coordinate-transformations,passed,needs-review,deepseek-original-v3-1200; pending-s18-manual-review
pep-junior-v3-s3-k11-mc-043,junior-rag-v3-1200,S3,lower,pep-junior-s3-lower-inverse-similarity-trigonometry,反比例函数、相似与锐角三角函数,multiple-choice,Exam,"在反比例函数 y = 12/x 的图象上，有两点 A(2, a) 和 B(b, -3)。求 a + b 的值。",-10 | -2 | 2 | 10,2,2,"点 A(2, a) 在图象上，代入得 a = 12 / 2 = 6。点 B(b, -3) 在图象上，代入得 -3 = 12 / b，解得 b = -4。所以 a + b = 6 + (-4) = 2。因此答案是 2。",pep-junior-s3-lower-inverse-similarity-trigonometry,pep-junior-s3-lower-paper-function-geometry-integrated,pep-junior-exam-dynamic-geometry-functions,passed,needs-review,deepseek-original-v3-1200; pending-s18-manual-review
pep-junior-v3-s3-k11-mc-044,junior-rag-v3-1200,S3,lower,pep-junior-s3-lower-inverse-similarity-trigonometry,反比例函数、相似与锐角三角函数,multiple-choice,Exam,某市出租车收费标准：3 千米以内 10 元，超过 3 千米的部分每千米 2.5 元。小华乘坐了 x 千米（x > 3），应付车费 y 元。则 y 关于 x 的函数关系式为？,y = 2.5x | y = 10 + 2.5x | y = 10 + 2.5(x - 3) | y = 2.5(x - 3),y = 10 + 2.5(x - 3),y = 10 + 2.5(x - 3) | y=10+2.5(x-3),当 x > 3 时，超过 3 千米的部分为 (x - 3) 千米，费用为 2.5(x - 3) 元，加上起步价 10 元，总费用 y = 10 + 2.5(x - 3)。因此答案是 y = 10 + 2.5(x - 3)。,pep-junior-s3-lower-inverse-similarity-trigonometry,pep-junior-s3-lower-paper-similarity,pep-junior-exam-applied-modeling-finance-rate,passed,needs-review,deepseek-original-v3-1200; pending-s18-manual-review
pep-junior-v3-s3-k11-mc-045,junior-rag-v3-1200,S3,lower,pep-junior-s3-lower-inverse-similarity-trigonometry,反比例函数、相似与锐角三角函数,multiple-choice,Exam,在△ABC 中，∠C = 90°，AC = 6，BC = 8，CD 是斜边 AB 上的高。求 CD 的长。,2.4 | 4.8 | 6 | 10,4.8,4.8,由勾股定理，AB = √(6² + 8²) = 10。利用面积法：△ABC 的面积 = (1/2)×AC×BC = (1/2)×6×8 = 24，也等于 (1/2)×AB×CD = (1/2)×10×CD = 5CD。所以 5CD = 24，CD = 4.8。因此答案是 4.8。,pep-junior-s3-lower-inverse-similarity-trigonometry,pep-junior-s3-lower-paper-graduation-review,pep-junior-exam-proof-calculation-integrated,passed,needs-review,deepseek-original-v3-1200; pending-s18-manual-review
pep-junior-v3-s3-k11-mc-046,junior-rag-v3-1200,S3,lower,pep-junior-s3-lower-inverse-similarity-trigonometry,反比例函数、相似与锐角三角函数,multiple-choice,Exam,"已知反比例函数 y = k/x 的图象经过点 (3, -2)，则 k 的值是多少？",-6 | -1 | 1 | 6,-6,-6,"将点 (3, -2) 代入 y = k/x，得 -2 = k/3，解得 k = -6。因此答案是 -6。",pep-junior-s3-lower-inverse-similarity-trigonometry,pep-junior-s3-lower-paper-inverse-functions,pep-junior-exam-similarity-right-triangle-trig,passed,needs-review,deepseek-original-v3-1200; pending-s18-manual-review
pep-junior-v3-s3-k11-mc-047,junior-rag-v3-1200,S3,lower,pep-junior-s3-lower-inverse-similarity-trigonometry,反比例函数、相似与锐角三角函数,multiple-choice,Exam,一架梯子斜靠在墙上，梯子顶端距地面 4 米，底端距墙 3 米。求梯子与地面夹角的正弦值。,3/5 | 3/4 | 4/5 | 4/3,4/5,4/5,梯子长 L = √(4² + 3²) = 5 米。设梯子与地面的夹角为 α，则 sinα = 对边/斜边 = 4/5。因此答案是 4/5。,pep-junior-s3-lower-inverse-similarity-trigonometry,pep-junior-s3-lower-paper-right-triangle-trigonometry,pep-junior-exam-inverse-proportion-models,passed,needs-review,deepseek-original-v3-1200; pending-s18-manual-review
pep-junior-v3-s3-k11-mc-048,junior-rag-v3-1200,S3,lower,pep-junior-s3-lower-inverse-similarity-trigonometry,反比例函数、相似与锐角三角函数,multiple-choice,Exam,一个圆柱形水杯，底面半径为 5 厘米，高为 12 厘米。从正上方垂直往下看，看到的形状是什么？,长方形，长 10 厘米、宽 12 厘米 | 圆形，半径为 5 厘米 | 长方形，长 12 厘米、宽 5 厘米 | 正方形，边长 10 厘米,圆形，半径为 5 厘米,圆形，半径为 5 厘米 | 圆形，半径为5厘米 | 半径为5厘米的圆形,从正上方垂直往下看圆柱，看到的是底面，即一个圆，其半径等于底面半径 5 厘米。因此答案是圆形，半径为 5 厘米。,pep-junior-s3-lower-inverse-similarity-trigonometry,pep-junior-s3-lower-paper-projection-views,pep-junior-exam-linear-functions-graphs,passed,needs-review,deepseek-original-v3-1200; pending-s18-manual-review
pep-junior-v3-s3-k11-mc-049,junior-rag-v3-1200,S3,lower,pep-junior-s3-lower-inverse-similarity-trigonometry,反比例函数、相似与锐角三角函数,multiple-choice,Exam,二次函数 y = x² - 4x + 3 的图象与 x 轴的交点坐标是？,"(1, 0) 和 (3, 0) | (-1, 0) 和 (-3, 0) | (1, 0) 和 (-3, 0) | (-1, 0) 和 (3, 0)","(1, 0) 和 (3, 0)","(1, 0) 和 (3, 0) | (1,0)和(3,0) | (1,0)(3,0)","令 y = 0，得 x² - 4x + 3 = 0，因式分解为 (x - 1)(x - 3) = 0，解得 x = 1 或 x = 3。所以交点坐标为 (1, 0) 和 (3, 0)。因此答案是 (1, 0) 和 (3, 0)。",pep-junior-s3-lower-inverse-similarity-trigonometry,pep-junior-s3-lower-paper-function-geometry-integrated,pep-junior-exam-quadratic-equations-functions,passed,needs-review,deepseek-original-v3-1200; pending-s18-manual-review
pep-junior-v3-s3-k11-mc-050,junior-rag-v3-1200,S3,lower,pep-junior-s3-lower-inverse-similarity-trigonometry,反比例函数、相似与锐角三角函数,multiple-choice,Exam,在△ABC 中，点 D、E 分别在 AB、AC 上，且 DE∥BC。若 AD = 4，DB = 6，AE = 5，则 EC 的长为？,3 | 5 | 7.5 | 10,7.5,7.5,由 DE∥BC，得 AD/DB = AE/EC，即 4/6 = 5/EC，交叉相乘得 4EC = 30，EC = 7.5。因此答案是 7.5。,pep-junior-s3-lower-inverse-similarity-trigonometry,pep-junior-s3-lower-paper-similarity,pep-junior-exam-number-sense-real-numbers,passed,needs-review,deepseek-original-v3-1200; pending-s18-manual-review
pep-junior-v3-s3-k11-mc-051,junior-rag-v3-1200,S3,lower,pep-junior-s3-lower-inverse-similarity-trigonometry,反比例函数、相似与锐角三角函数,multiple-choice,Exam,已知反比例函数 y = (m+3)/x 的图象位于第一、三象限，则 m 的取值范围是（ ）,m > -3 | m < -3 | m ≥ -3 | m ≤ -3,m > -3,m > -3 | m>-3,反比例函数 y = (m+3)/x 的图象位于第一、三象限，说明比例系数 m+3 > 0，解得 m > -3。因此答案为 m > -3。,pep-junior-s3-lower-inverse-similarity-trigonometry,pep-junior-s3-lower-paper-graduation-review,pep-junior-exam-linear-equation-inequality-models,passed,needs-review,deepseek-original-v3-1200; pending-s18-manual-review
pep-junior-v3-s3-k11-mc-052,junior-rag-v3-1200,S3,lower,pep-junior-s3-lower-inverse-similarity-trigonometry,反比例函数、相似与锐角三角函数,multiple-choice,Exam,"若点 P(-4, a) 和 Q(1, b) 都在反比例函数 y = 8/x 的图象上，则 a 与 b 的大小关系是（ ）",a < b | a > b | a = b | 无法确定,a < b,a < b | a<b,"对于反比例函数 y = 8/x，k = 8 > 0，图象在第一、三象限，在每个象限内 y 随 x 的增大而减小。点 P(-4, a) 在第三象限，x = -4，y = 8/(-4) = -2，所以 a = -2；点 Q(1, b) 在第一象限，x = 1，y = 8/1 = 8，所以 b = 8。因为 -2 < 8，所以 a < b。因此答案为 a < b。",pep-junior-s3-lower-inverse-similarity-trigonometry,pep-junior-s3-lower-paper-inverse-functions,pep-junior-exam-polynomial-factorization-fractions,passed,needs-review,deepseek-original-v3-1200; pending-s18-manual-review
pep-junior-v3-s3-k11-mc-053,junior-rag-v3-1200,S3,lower,pep-junior-s3-lower-inverse-similarity-trigonometry,反比例函数、相似与锐角三角函数,multiple-choice,Exam,在 Rt△ABC 中，∠C = 90°，AC = 9，BC = 12，则 tan A 的值为（ ）,4/3 | 3/4 | 3/5 | 4/5,4/3,4/3,在 Rt△ABC 中，∠C = 90°，∠A 的对边为 BC，邻边为 AC。根据正切定义，tan A = 对边/邻边 = BC/AC = 12/9 = 4/3。因此答案为 4/3。,pep-junior-s3-lower-inverse-similarity-trigonometry,pep-junior-s3-lower-paper-right-triangle-trigonometry,pep-junior-exam-triangles-congruence-proof,passed,needs-review,deepseek-original-v3-1200; pending-s18-manual-review
pep-junior-v3-s3-k11-mc-054,junior-rag-v3-1200,S3,lower,pep-junior-s3-lower-inverse-similarity-trigonometry,反比例函数、相似与锐角三角函数,multiple-choice,Exam,一个几何体由若干个相同的小立方块搭成，从正面看和从上面看得到的形状图都是 2×2 的正方形网格。则搭成这个几何体最少需要小立方块的个数是（ ）,4 | 5 | 6 | 7,4,4,从正面看是 2×2 的网格，说明几何体有 2 列、2 层；从上面看也是 2×2 的网格，说明几何体有 2 行、2 列。要同时满足这两个视图，最少需要 4 个小立方块，即摆成底面 2×2 的一层即可。因此答案为 4。,pep-junior-s3-lower-inverse-similarity-trigonometry,pep-junior-s3-lower-paper-projection-views,pep-junior-exam-quadrilaterals-pythagorean,passed,needs-review,deepseek-original-v3-1200; pending-s18-manual-review
pep-junior-v3-s3-k11-mc-055,junior-rag-v3-1200,S3,lower,pep-junior-s3-lower-inverse-similarity-trigonometry,反比例函数、相似与锐角三角函数,multiple-choice,Exam,在 △ABC 中，点 D 在 AB 上，点 E 在 AC 上，且 DE∥BC。若 AD = 4，DB = 8，AE = 3，则 EC 的长为（ ）,6 | 3 | 9 | 12,6,6,由 DE∥BC，根据平行线分线段成比例定理，得 AD/DB = AE/EC。代入已知数值：4/8 = 3/EC，解得 EC = 6。因此答案为 6。,pep-junior-s3-lower-inverse-similarity-trigonometry,pep-junior-s3-lower-paper-function-geometry-integrated,pep-junior-exam-circle-geometry,passed,needs-review,deepseek-original-v3-1200; pending-s18-manual-review
pep-junior-v3-s3-k11-mc-056,junior-rag-v3-1200,S3,lower,pep-junior-s3-lower-inverse-similarity-trigonometry,反比例函数、相似与锐角三角函数,multiple-choice,Exam,某班 50 名学生参加数学测验，成绩在 80～89 分这一组的频率为 0.24，则该组的频数为（ ）,12 | 24 | 0.24 | 50,12,12,频数 = 总数 × 频率 = 50 × 0.24 = 12。因此答案为 12。,pep-junior-s3-lower-inverse-similarity-trigonometry,pep-junior-s3-lower-paper-similarity,pep-junior-exam-statistics-probability,passed,needs-review,deepseek-original-v3-1200; pending-s18-manual-review
pep-junior-v3-s3-k11-mc-057,junior-rag-v3-1200,S3,lower,pep-junior-s3-lower-inverse-similarity-trigonometry,反比例函数、相似与锐角三角函数,multiple-choice,Exam,"在平面直角坐标系中，将点 M(3, -1) 先向左平移 2 个单位，再向上平移 4 个单位，得到的点的坐标是（ ）","(1, 3) | (5, -5) | (1, -5) | (5, 3)","(1, 3)","(1, 3) | (1,3)","点 M(3, -1) 向左平移 2 个单位，横坐标减 2，得 3-2=1；向上平移 4 个单位，纵坐标加 4，得 -1+4=3。所以得到的点的坐标是 (1, 3)。因此答案为 (1, 3)。",pep-junior-s3-lower-inverse-similarity-trigonometry,pep-junior-s3-lower-paper-graduation-review,pep-junior-exam-coordinate-transformations,passed,needs-review,deepseek-original-v3-1200; pending-s18-manual-review
pep-junior-v3-s3-k11-mc-058,junior-rag-v3-1200,S3,lower,pep-junior-s3-lower-inverse-similarity-trigonometry,反比例函数、相似与锐角三角函数,multiple-choice,Exam,点 B 是反比例函数 y = k/x (x > 0) 图象上一点，BC⊥x 轴于点 C，若 △BOC 的面积为 4，则 k 的值为（ ）,8 | -8 | 4 | -4,8,8,"设 B 点坐标为 (m, k/m)，则 OC = m，BC = k/m。△BOC 的面积 = 1/2 × OC × BC = 1/2 × m × k/m = k/2 = 4，解得 k = 8。因为图象在第一象限，k > 0。因此答案为 8。",pep-junior-s3-lower-inverse-similarity-trigonometry,pep-junior-s3-lower-paper-inverse-functions,pep-junior-exam-dynamic-geometry-functions,passed,needs-review,deepseek-original-v3-1200; pending-s18-manual-review
pep-junior-v3-s3-k11-mc-059,junior-rag-v3-1200,S3,lower,pep-junior-s3-lower-inverse-similarity-trigonometry,反比例函数、相似与锐角三角函数,multiple-choice,Exam,某书店将一本图书按进价提高 40% 后标价，再打七五折销售，每本仍可获利 15 元。设这本图书的进价为 x 元，根据题意可列方程为（ ）,0.75 × (1 + 40%)x - x = 15 | 0.75 × 40%x = 15 | (1 + 40%)x - 0.75x = 15 | 0.75 × (1 + 40%)x = 15,0.75 × (1 + 40%)x - x = 15,0.75 × (1 + 40%)x - x = 15 | 0.75×(1+40%)x-x=15,进价为 x 元，标价为 (1+40%)x 元，打七五折后的售价为 0.75×(1+40%)x 元，利润为售价减去进价，即 0.75×(1+40%)x - x = 15。因此答案为 0.75 × (1 + 40%)x - x = 15。,pep-junior-s3-lower-inverse-similarity-trigonometry,pep-junior-s3-lower-paper-right-triangle-trigonometry,pep-junior-exam-applied-modeling-finance-rate,passed,needs-review,deepseek-original-v3-1200; pending-s18-manual-review
pep-junior-v3-s3-k11-mc-060,junior-rag-v3-1200,S3,lower,pep-junior-s3-lower-inverse-similarity-trigonometry,反比例函数、相似与锐角三角函数,multiple-choice,Exam,在平行四边形 ABCD 中，E 为 CD 的中点，连接 AE 并延长交 BC 的延长线于点 F。若 AD = 8，则 CF 的长为（ ）,4 | 8 | 12 | 16,8,8,由平行四边形性质，AD∥BC，所以 ∠DAE = ∠F，∠D = ∠ECF。又 E 为 CD 中点，DE = EC，可证 △ADE ≌ △FCE (AAS)，所以 CF = AD = 8。因此答案为 8。,pep-junior-s3-lower-inverse-similarity-trigonometry,pep-junior-s3-lower-paper-projection-views,pep-junior-exam-proof-calculation-integrated,passed,needs-review,deepseek-original-v3-1200; pending-s18-manual-review
pep-junior-v3-s3-k11-mc-061,junior-rag-v3-1200,S3,lower,pep-junior-s3-lower-inverse-similarity-trigonometry,反比例函数、相似与锐角三角函数,multiple-choice,Exam,在△ABC中，∠C=90°，AC=6，BC=8。点D在边AB上，且∠BDC=90°。则sin∠BCD的值为（ ）,\frac{3}{5} | \frac{4}{5} | \frac{3}{4} | \frac{4}{3},\frac{4}{5},\frac{4}{5} | 4/5,在Rt△ABC中，由勾股定理得AB=√(AC²+BC²)=√(6²+8²)=10。由∠BDC=90°知CD⊥AB，利用面积法：S△ABC=½·AC·BC=½·AB·CD，即½×6×8=½×10×CD，解得CD=4.8。在Rt△BCD中，sin∠BCD=对边BD/斜边BC。由射影定理或勾股定理得BD=BC²/AB=64/10=6.4，故sin∠BCD=BD/BC=6.4/8=4/5。因此答案为\frac{4}{5}。,pep-junior-s3-lower-inverse-similarity-trigonometry,pep-junior-s3-lower-paper-function-geometry-integrated,pep-junior-exam-similarity-right-triangle-trig,passed,needs-review,deepseek-original-v3-1200; pending-s18-manual-review
pep-junior-v3-s3-k11-mc-062,junior-rag-v3-1200,S3,lower,pep-junior-s3-lower-inverse-similarity-trigonometry,反比例函数、相似与锐角三角函数,multiple-choice,Exam,"已知反比例函数y=\frac{k}{x}（k≠0）的图象经过点A(2,-3)。若点B(-1,m)也在该函数图象上，则m的值为（ ）",6 | -6 | \frac{3}{2} | -\frac{3}{2},6,6,"将点A(2,-3)代入y=k/x得-3=k/2，解得k=-6。所以反比例函数为y=-6/x。将点B(-1,m)代入得m=-6/(-1)=6。因此答案为6。",pep-junior-s3-lower-inverse-similarity-trigonometry,pep-junior-s3-lower-paper-similarity,pep-junior-exam-inverse-proportion-models,passed,needs-review,deepseek-original-v3-1200; pending-s18-manual-review
pep-junior-v3-s3-k11-mc-063,junior-rag-v3-1200,S3,lower,pep-junior-s3-lower-inverse-similarity-trigonometry,反比例函数、相似与锐角三角函数,multiple-choice,Exam,一次函数y=2x-1与y=-x+5的图象交于点P，则点P的坐标是（ ）,"(2,3) | (3,2) | (1,1) | (4,7)","(2,3)","(2,3) | 2,3","解方程组{y=2x-1, y=-x+5}得2x-1=-x+5，3x=6，x=2，代入得y=3。所以交点P的坐标为(2,3)。因此答案为(2,3)。",pep-junior-s3-lower-inverse-similarity-trigonometry,pep-junior-s3-lower-paper-graduation-review,pep-junior-exam-linear-functions-graphs,passed,needs-review,deepseek-original-v3-1200; pending-s18-manual-review
pep-junior-v3-s3-k11-mc-064,junior-rag-v3-1200,S3,lower,pep-junior-s3-lower-inverse-similarity-trigonometry,反比例函数、相似与锐角三角函数,multiple-choice,Exam,关于x的一元二次方程x²-4x+m=0有两个不相等的实数根，则m的取值范围是（ ）,m>4 | m<4 | m≥4 | m≤4,m<4,m<4,方程有两个不相等的实数根，则判别式Δ>0。Δ=(-4)²-4×1×m=16-4m>0，解得m<4。因此答案为m<4。,pep-junior-s3-lower-inverse-similarity-trigonometry,pep-junior-s3-lower-paper-inverse-functions,pep-junior-exam-quadratic-equations-functions,passed,needs-review,deepseek-original-v3-1200; pending-s18-manual-review
pep-junior-v3-s3-k11-mc-065,junior-rag-v3-1200,S3,lower,pep-junior-s3-lower-inverse-similarity-trigonometry,反比例函数、相似与锐角三角函数,multiple-choice,Exam,下列实数中，无理数是（ ）,\sqrt{4} | \frac{22}{7} | \sqrt{8} | 0.\dot{3},\sqrt{8},\sqrt{8} | √8,√4=2是有理数；22/7是分数，有理数；0.3循环是循环小数，有理数；√8=2√2，是无理数。因此答案为\sqrt{8}。,pep-junior-s3-lower-inverse-similarity-trigonometry,pep-junior-s3-lower-paper-right-triangle-trigonometry,pep-junior-exam-number-sense-real-numbers,passed,needs-review,deepseek-original-v3-1200; pending-s18-manual-review
pep-junior-v3-s3-k11-mc-066,junior-rag-v3-1200,S3,lower,pep-junior-s3-lower-inverse-similarity-trigonometry,反比例函数、相似与锐角三角函数,multiple-choice,Exam,某商店将进价为每件8元的商品按每件10元出售，每天可售出200件。经调查发现，每件商品每涨价0.5元，每天的销售量就减少10件。若商店希望每天的利润达到640元，且售价尽可能低，则每件商品的售价应定为（ ）元。,12 | 14 | 16 | 18,12,12,设每件涨价x个0.5元，则售价为10+0.5x元，销售量为200-10x件。单件利润为(10+0.5x-8)=2+0.5x元。总利润为(2+0.5x)(200-10x)=640。化简得(2+0.5x)(200-10x)=640，即400-20x+100x-5x²=640，整理得5x²-80x+240=0，除以5得x²-16x+48=0。解得x=4或x=12。当x=4时，售价为10+2=12元；当x=12时，售价为10+6=16元。要求售价尽可能低，故取12元。因此答案为12。,pep-junior-s3-lower-inverse-similarity-trigonometry,pep-junior-s3-lower-paper-projection-views,pep-junior-exam-linear-equation-inequality-models,passed,needs-review,deepseek-original-v3-1200; pending-s18-manual-review
pep-junior-v3-s3-k11-fi-001,junior-rag-v3-1200,S3,lower,pep-junior-s3-lower-inverse-similarity-trigonometry,反比例函数、相似与锐角三角函数,fill-in,Exam,在Rt△ABC中，∠C=90°，AB=10，sinA=\frac{3}{5}，则BC=______。,,6,6,在Rt△ABC中，sinA=∠A的对边BC/斜边AB，即BC/10=3/5，解得BC=6。因此答案为6。,pep-junior-s3-lower-inverse-similarity-trigonometry,pep-junior-s3-lower-paper-function-geometry-integrated,pep-junior-exam-similarity-right-triangle-trig,passed,needs-review,deepseek-original-v3-1200; pending-s18-manual-review
pep-junior-v3-s3-k11-fi-002,junior-rag-v3-1200,S3,lower,pep-junior-s3-lower-inverse-similarity-trigonometry,反比例函数、相似与锐角三角函数,fill-in,Exam,若反比例函数y=\frac{k}{x}的图象在第二、四象限，则k的取值范围是______。,,k<0,k<0,反比例函数y=k/x的图象在第二、四象限时，k<0。因此答案为k<0。,pep-junior-s3-lower-inverse-similarity-trigonometry,pep-junior-s3-lower-paper-similarity,pep-junior-exam-inverse-proportion-models,passed,needs-review,deepseek-original-v3-1200; pending-s18-manual-review
pep-junior-v3-s3-k11-fi-003,junior-rag-v3-1200,S3,lower,pep-junior-s3-lower-inverse-similarity-trigonometry,反比例函数、相似与锐角三角函数,fill-in,Exam,"一次函数y=3x+b的图象经过点(1,5)，则b=______。",,2,2,"将点(1,5)代入y=3x+b得5=3×1+b，解得b=2。因此答案为2。",pep-junior-s3-lower-inverse-similarity-trigonometry,pep-junior-s3-lower-paper-graduation-review,pep-junior-exam-linear-functions-graphs,passed,needs-review,deepseek-original-v3-1200; pending-s18-manual-review
pep-junior-v3-s3-k11-fi-004,junior-rag-v3-1200,S3,lower,pep-junior-s3-lower-inverse-similarity-trigonometry,反比例函数、相似与锐角三角函数,fill-in,Exam,抛物线y=x²-2x-3的顶点坐标是______。,,"(1,-4)","(1,-4) | 1,-4","将y=x²-2x-3配方得y=(x-1)²-4，所以顶点坐标为(1,-4)。因此答案为(1,-4)。",pep-junior-s3-lower-inverse-similarity-trigonometry,pep-junior-s3-lower-paper-inverse-functions,pep-junior-exam-quadratic-equations-functions,passed,needs-review,deepseek-original-v3-1200; pending-s18-manual-review
pep-junior-v3-s3-k11-fi-005,junior-rag-v3-1200,S3,lower,pep-junior-s3-lower-inverse-similarity-trigonometry,反比例函数、相似与锐角三角函数,fill-in,Exam,在直角三角形ABC中，∠C=90°，∠A=30°，斜边AB=10。求BC的长。,,5,5,在直角三角形中，30°角所对的直角边等于斜边的一半。∠A=30°，其对边为BC，斜边为AB=10，所以BC=10÷2=5。,pep-junior-s3-lower-inverse-similarity-trigonometry,pep-junior-s3-lower-paper-right-triangle-trigonometry,pep-junior-exam-number-sense-real-numbers,passed,needs-review,deepseek-original-v3-1200; pending-s18-manual-review
pep-junior-v3-s3-k11-fi-006,junior-rag-v3-1200,S3,lower,pep-junior-s3-lower-inverse-similarity-trigonometry,反比例函数、相似与锐角三角函数,fill-in,Exam,一个圆锥的底面半径为3，高为4。求其侧面展开图扇形的圆心角度数。,,216°,216° | 216度,圆锥的母线长l=√(3²+4²)=5。底面周长为2π×3=6π，扇形弧长等于底面周长，扇形所在圆周长2π×5=10π。圆心角=(弧长/圆周长)×360°=(6π/10π)×360°=216°。,pep-junior-s3-lower-inverse-similarity-trigonometry,pep-junior-s3-lower-paper-projection-views,pep-junior-exam-linear-equation-inequality-models,passed,needs-review,deepseek-original-v3-1200; pending-s18-manual-review
pep-junior-v3-s3-k11-fi-007,junior-rag-v3-1200,S3,lower,pep-junior-s3-lower-inverse-similarity-trigonometry,反比例函数、相似与锐角三角函数,fill-in,Exam,已知反比例函数y=6/x，当x=2时，y的值为多少？,,3,3,将x=2代入反比例函数y=6/x，得y=6/2=3。,pep-junior-s3-lower-inverse-similarity-trigonometry,pep-junior-s3-lower-paper-function-geometry-integrated,pep-junior-exam-polynomial-factorization-fractions,passed,needs-review,deepseek-original-v3-1200; pending-s18-manual-review
pep-junior-v3-s3-k11-fi-008,junior-rag-v3-1200,S3,lower,pep-junior-s3-lower-inverse-similarity-trigonometry,反比例函数、相似与锐角三角函数,fill-in,Exam,若两个相似三角形对应边的比为2:3，则它们的面积比为多少？,,4:9,4:9 | 4/9,相似三角形的面积比等于相似比的平方。相似比为2:3，所以面积比为(2/3)²=4/9，即4:9。,pep-junior-s3-lower-inverse-similarity-trigonometry,pep-junior-s3-lower-paper-similarity,pep-junior-exam-triangles-congruence-proof,passed,needs-review,deepseek-original-v3-1200; pending-s18-manual-review
pep-junior-v3-s3-k11-fi-009,junior-rag-v3-1200,S3,lower,pep-junior-s3-lower-inverse-similarity-trigonometry,反比例函数、相似与锐角三角函数,fill-in,Exam,在△ABC中，∠C=90°，AC=6，BC=8，则sinA的值为多少？,,4/5,4/5 | 0.8,由勾股定理得AB=√(6²+8²)=10。sinA=∠A的对边BC/斜边AB=8/10=4/5。,pep-junior-s3-lower-inverse-similarity-trigonometry,pep-junior-s3-lower-paper-graduation-review,pep-junior-exam-quadrilaterals-pythagorean,passed,needs-review,deepseek-original-v3-1200; pending-s18-manual-review
pep-junior-v3-s3-k11-fi-010,junior-rag-v3-1200,S3,lower,pep-junior-s3-lower-inverse-similarity-trigonometry,反比例函数、相似与锐角三角函数,fill-in,Exam,"反比例函数y=(k-1)/x的图像经过点(2,3)，则k的值为多少？",,7,7,"将点(2,3)代入y=(k-1)/x，得3=(k-1)/2，解得k-1=6，k=7。",pep-junior-s3-lower-inverse-similarity-trigonometry,pep-junior-s3-lower-paper-inverse-functions,pep-junior-exam-circle-geometry,passed,needs-review,deepseek-original-v3-1200; pending-s18-manual-review
pep-junior-v3-s3-k11-fi-011,junior-rag-v3-1200,S3,lower,pep-junior-s3-lower-inverse-similarity-trigonometry,反比例函数、相似与锐角三角函数,fill-in,Exam,从甲、乙、丙3名同学中随机选取2名参加活动，则甲被选中的概率是多少？,,2/3,2/3,所有等可能的结果有3种：甲乙、甲丙、乙丙。甲被选中的情况有甲乙、甲丙，共2种，所以概率为2/3。,pep-junior-s3-lower-inverse-similarity-trigonometry,pep-junior-s3-lower-paper-right-triangle-trigonometry,pep-junior-exam-statistics-probability,passed,needs-review,deepseek-original-v3-1200; pending-s18-manual-review
pep-junior-v3-s3-k11-fi-012,junior-rag-v3-1200,S3,lower,pep-junior-s3-lower-inverse-similarity-trigonometry,反比例函数、相似与锐角三角函数,fill-in,Exam,"点P(3,-4)关于x轴对称的点的坐标是什么？",,"(3,4)","(3,4) | 3,4","关于x轴对称的点，横坐标不变，纵坐标互为相反数。所以点P(3,-4)的对称点为(3,4)。",pep-junior-s3-lower-inverse-similarity-trigonometry,pep-junior-s3-lower-paper-projection-views,pep-junior-exam-coordinate-transformations,passed,needs-review,deepseek-original-v3-1200; pending-s18-manual-review
pep-junior-v3-s3-k11-fi-013,junior-rag-v3-1200,S3,lower,pep-junior-s3-lower-inverse-similarity-trigonometry,反比例函数、相似与锐角三角函数,fill-in,Exam,在矩形ABCD中，AB=4，BC=3，点P从A出发沿AB向B以每秒1个单位的速度移动，同时点Q从B出发沿BC向C以每秒2个单位的速度移动。设运动时间为t秒(0≤t≤2)，当t为何值时，△PBQ的面积为3？,,1,1 | 1秒,由题意，AP=t，PB=4-t，BQ=2t。△PBQ的面积=1/2×PB×BQ=1/2×(4-t)×2t=t(4-t)=3。解方程t(4-t)=3，即t²-4t+3=0，解得t=1或t=3。但t≤2，所以t=1。,pep-junior-s3-lower-inverse-similarity-trigonometry,pep-junior-s3-lower-paper-function-geometry-integrated,pep-junior-exam-dynamic-geometry-functions,passed,needs-review,deepseek-original-v3-1200; pending-s18-manual-review
pep-junior-v3-s3-k11-fi-014,junior-rag-v3-1200,S3,lower,pep-junior-s3-lower-inverse-similarity-trigonometry,反比例函数、相似与锐角三角函数,fill-in,Exam,某超市销售一种商品，成本价为每件20元。经调查发现，当售价为每件30元时，每天可售出100件；售价每提高1元，每天少售出2件。设售价为每件x元(x≥30)，每天的利润为y元。求y与x的函数关系式。,,y=-2x²+200x-4000,y=-2x²+200x-4000 | y=-2x^2+200x-4000,售价为x元，则每件利润为(x-20)元。售价提高了(x-30)元，每天少售出2(x-30)件，所以每天销售量为100-2(x-30)=160-2x件。利润y=(x-20)(160-2x)=-2x²+200x-4000。,pep-junior-s3-lower-inverse-similarity-trigonometry,pep-junior-s3-lower-paper-similarity,pep-junior-exam-applied-modeling-finance-rate,passed,needs-review,deepseek-original-v3-1200; pending-s18-manual-review
pep-junior-v3-s3-k11-fi-015,junior-rag-v3-1200,S3,lower,pep-junior-s3-lower-inverse-similarity-trigonometry,反比例函数、相似与锐角三角函数,fill-in,Exam,"某反比例函数图像经过点(2, -3)和点(a, 4)，则a的值为______。",,-1.5,-1.5 | -3/2 | 负二分之三,"设反比例函数为y = k/x，由点(2, -3)得k = 2 × (-3) = -6。将点(a, 4)代入得4 = -6/a，解得a = -6/4 = -1.5。",pep-junior-s3-lower-inverse-similarity-trigonometry,pep-junior-s3-lower-paper-graduation-review,pep-junior-exam-proof-calculation-integrated,passed,needs-review,deepseek-original-v3-1200; pending-s18-manual-review
pep-junior-v3-s3-k11-fi-016,junior-rag-v3-1200,S3,lower,pep-junior-s3-lower-inverse-similarity-trigonometry,反比例函数、相似与锐角三角函数,fill-in,Exam,"若点A(3, y1)和B(5, y2)都在反比例函数y = -12/x的图像上，则y1与y2的大小关系是y1 ______ y2（填“>”“<”或“=”）。",,<,< | 小于,对于y = -12/x，在每个象限内y随x增大而增大。因为3 < 5，且两点都在第四象限，所以y1 < y2。,pep-junior-s3-lower-inverse-similarity-trigonometry,pep-junior-s3-lower-paper-inverse-functions,pep-junior-exam-similarity-right-triangle-trig,passed,needs-review,deepseek-original-v3-1200; pending-s18-manual-review
pep-junior-v3-s3-k11-fi-017,junior-rag-v3-1200,S3,lower,pep-junior-s3-lower-inverse-similarity-trigonometry,反比例函数、相似与锐角三角函数,fill-in,Exam,在Rt△ABC中，∠C = 90°，AB = 10，sin A = 0.6，则BC的长为______。,,6,6,在Rt△ABC中，sin A = BC/AB，即0.6 = BC/10，解得BC = 6。,pep-junior-s3-lower-inverse-similarity-trigonometry,pep-junior-s3-lower-paper-right-triangle-trigonometry,pep-junior-exam-inverse-proportion-models,passed,needs-review,deepseek-original-v3-1200; pending-s18-manual-review
pep-junior-v3-s3-k11-fi-018,junior-rag-v3-1200,S3,lower,pep-junior-s3-lower-inverse-similarity-trigonometry,反比例函数、相似与锐角三角函数,fill-in,Exam,一个几何体由若干个相同的小立方块搭成，其从正面看和从左面看的形状分别如同两个并排的正方形和两个上下排列的正方形，则搭成这个几何体最少需要的小立方块个数为______。,,3,3,从正面看是左右并排的两个正方形，说明至少有两列；从左面看是上下排列的两个正方形，说明至少有一列有两层。满足条件的最少立方块个数为3个，例如前排一列上下两个、后排一列一个。,pep-junior-s3-lower-inverse-similarity-trigonometry,pep-junior-s3-lower-paper-projection-views,pep-junior-exam-linear-functions-graphs,passed,needs-review,deepseek-original-v3-1200; pending-s18-manual-review
pep-junior-v3-s3-k11-fi-019,junior-rag-v3-1200,S3,lower,pep-junior-s3-lower-inverse-similarity-trigonometry,反比例函数、相似与锐角三角函数,fill-in,Exam,已知反比例函数y = k/x与一次函数y = 2x + 1的图像只有一个公共点，则k的值为______。,,-1/8,-1/8 | 负八分之一,联立y = k/x与y = 2x + 1，得k/x = 2x + 1，即2x² + x - k = 0。因为只有一个公共点，所以判别式Δ = 1² - 4×2×(-k) = 1 + 8k = 0，解得k = -1/8。,pep-junior-s3-lower-inverse-similarity-trigonometry,pep-junior-s3-lower-paper-function-geometry-integrated,pep-junior-exam-quadratic-equations-functions,passed,needs-review,deepseek-original-v3-1200; pending-s18-manual-review
pep-junior-v3-s3-k11-fi-020,junior-rag-v3-1200,S3,lower,pep-junior-s3-lower-inverse-similarity-trigonometry,反比例函数、相似与锐角三角函数,fill-in,Exam,在△ABC中，点D、E分别在边AB、AC上，DE∥BC。若AD = 3，DB = 2，BC = 6，则DE的长为______。,,3.6,3.6 | 18/5 | 五分之十八,由DE∥BC得△ADE∽△ABC，相似比为AD/AB = 3/(3+2) = 3/5，所以DE/BC = 3/5，DE = 6 × 3/5 = 3.6。,pep-junior-s3-lower-inverse-similarity-trigonometry,pep-junior-s3-lower-paper-similarity,pep-junior-exam-number-sense-real-numbers,passed,needs-review,deepseek-original-v3-1200; pending-s18-manual-review
pep-junior-v3-s3-k11-fi-021,junior-rag-v3-1200,S3,lower,pep-junior-s3-lower-inverse-similarity-trigonometry,反比例函数、相似与锐角三角函数,fill-in,Exam,某校为筹备毕业典礼，计划用不超过800元购买A、B两种纪念品。A种每件15元，B种每件12元，且要求购买A种的数量不少于B种数量的2倍。若设购买A种x件，B种y件，则x、y应满足的不等式组为______。,,"15x+12y≤800, x≥2y, x≥0, y≥0","15x+12y≤800, x≥2y, x≥0, y≥0 | 15x+12y≤800且x≥2y且x≥0且y≥0","总费用不超过800元：15x+12y≤800；A种数量不少于B种数量的2倍：x≥2y；数量为非负整数：x≥0，y≥0。故不等式组为15x+12y≤800, x≥2y, x≥0, y≥0。",pep-junior-s3-lower-inverse-similarity-trigonometry,pep-junior-s3-lower-paper-graduation-review,pep-junior-exam-linear-equation-inequality-models,passed,needs-review,deepseek-original-v3-1200; pending-s18-manual-review
pep-junior-v3-s3-k11-fi-022,junior-rag-v3-1200,S3,lower,pep-junior-s3-lower-inverse-similarity-trigonometry,反比例函数、相似与锐角三角函数,fill-in,Exam,化简分式：(x² - 9)/(x² - 6x + 9)，并写出x的取值范围：______。,,"(x+3)/(x-3), x≠3","(x+3)/(x-3), x≠3 | x+3/x-3, x≠3",分子因式分解为(x+3)(x-3)，分母因式分解为(x-3)²，约去公因式(x-3)得(x+3)/(x-3)，分母不为零，故x≠3。,pep-junior-s3-lower-inverse-similarity-trigonometry,pep-junior-s3-lower-paper-inverse-functions,pep-junior-exam-polynomial-factorization-fractions,passed,needs-review,deepseek-original-v3-1200; pending-s18-manual-review
pep-junior-v3-s3-k11-fi-023,junior-rag-v3-1200,S3,lower,pep-junior-s3-lower-inverse-similarity-trigonometry,反比例函数、相似与锐角三角函数,fill-in,Exam,在Rt△ABC中，∠C = 90°，AC = 8，BC = 6，则tan A的值为______。,,3/4,3/4 | 0.75 | 四分之三,在Rt△ABC中，∠C = 90°，tan A = 对边BC / 邻边AC = 6/8 = 3/4。,pep-junior-s3-lower-inverse-similarity-trigonometry,pep-junior-s3-lower-paper-right-triangle-trigonometry,pep-junior-exam-triangles-congruence-proof,passed,needs-review,deepseek-original-v3-1200; pending-s18-manual-review
pep-junior-v3-s3-k11-fi-024,junior-rag-v3-1200,S3,lower,pep-junior-s3-lower-inverse-similarity-trigonometry,反比例函数、相似与锐角三角函数,fill-in,Exam,一个长方体的长、宽、高分别为5 cm、4 cm、3 cm，若从正面看过去，看到的是一个长方形，其面积为______ cm²。,,15,15,从正面看，看到的是长和高组成的面，面积为长×高 = 5 cm × 3 cm = 15 cm²。,pep-junior-s3-lower-inverse-similarity-trigonometry,pep-junior-s3-lower-paper-projection-views,pep-junior-exam-quadrilaterals-pythagorean,passed,needs-review,deepseek-original-v3-1200; pending-s18-manual-review
pep-junior-v3-s3-k11-fi-025,junior-rag-v3-1200,S3,lower,pep-junior-s3-lower-inverse-similarity-trigonometry,反比例函数、相似与锐角三角函数,fill-in,Exam,在反比例函数 y = k/x 的图象上有一点 P，其横坐标与纵坐标互为相反数，且点 P 到原点的距离为 4。若该函数图象位于第二、四象限，求 k 的值。,,-8,-8,"因为反比例函数图象位于第二、四象限，所以 k < 0。设点 P 的坐标为 (a, -a)，代入 y = k/x 得 -a = k/a，即 k = -a²。又因为点 P 到原点的距离为 √(a² + (-a)²) = √(2a²) = |a|√2 = 4，所以 |a| = 2√2，a² = 8。因此 k = -8。",pep-junior-s3-lower-inverse-similarity-trigonometry,pep-junior-s3-lower-paper-function-geometry-integrated,pep-junior-exam-circle-geometry,passed,needs-review,deepseek-original-v3-1200; pending-s18-manual-review
pep-junior-v3-s3-k11-fi-026,junior-rag-v3-1200,S3,lower,pep-junior-s3-lower-inverse-similarity-trigonometry,反比例函数、相似与锐角三角函数,fill-in,Exam,在△ABC中，DE∥BC，AD=2，DB=3，△ADE的面积为4，则△ABC的面积为多少？,,25,25,因为DE∥BC，所以△ADE∽△ABC，相似比为AD:AB=2:(2+3)=2:5。面积比等于相似比的平方，即(2/5)²=4/25。设△ABC的面积为S，则4/S=4/25，解得S=25。,pep-junior-s3-lower-inverse-similarity-trigonometry,pep-junior-s3-lower-paper-similarity,pep-junior-exam-statistics-probability,passed,needs-review,deepseek-original-v3-1200; pending-s18-manual-review
pep-junior-v3-s3-k11-fi-027,junior-rag-v3-1200,S3,lower,pep-junior-s3-lower-inverse-similarity-trigonometry,反比例函数、相似与锐角三角函数,fill-in,Exam,"在平面直角坐标系中，将点A(3, -2)先向右平移4个单位，再向下平移1个单位得到点A'，则点A'的坐标为多少？",,"(7, -3)","(7, -3) | 7,-3 | 7, -3","点A(3, -2)向右平移4个单位，横坐标加4，得3+4=7；再向下平移1个单位，纵坐标减1，得-2-1=-3。所以点A'的坐标为(7, -3)。",pep-junior-s3-lower-inverse-similarity-trigonometry,pep-junior-s3-lower-paper-graduation-review,pep-junior-exam-coordinate-transformations,passed,needs-review,deepseek-original-v3-1200; pending-s18-manual-review
pep-junior-v3-s3-k11-fi-028,junior-rag-v3-1200,S3,lower,pep-junior-s3-lower-inverse-similarity-trigonometry,反比例函数、相似与锐角三角函数,fill-in,Exam,已知反比例函数 y = (m-1)/x 的图象在每一象限内，y随x的增大而增大，则m的取值范围是多少？,,m<1,m<1,反比例函数 y = k/x，当k<0时，图象在每一象限内y随x的增大而增大。所以m-1<0，解得m<1。,pep-junior-s3-lower-inverse-similarity-trigonometry,pep-junior-s3-lower-paper-inverse-functions,pep-junior-exam-dynamic-geometry-functions,passed,needs-review,deepseek-original-v3-1200; pending-s18-manual-review
pep-junior-v3-s3-k11-fi-029,junior-rag-v3-1200,S3,lower,pep-junior-s3-lower-inverse-similarity-trigonometry,反比例函数、相似与锐角三角函数,fill-in,Exam,在Rt△ABC中，∠C=90°，AB=10，sinA=3/5，则BC的长为多少？,,6,6,在Rt△ABC中，∠C=90°，sinA=∠A的对边/斜边=BC/AB=3/5。已知AB=10，所以BC/10=3/5，解得BC=6。,pep-junior-s3-lower-inverse-similarity-trigonometry,pep-junior-s3-lower-paper-right-triangle-trigonometry,pep-junior-exam-applied-modeling-finance-rate,passed,needs-review,deepseek-original-v3-1200; pending-s18-manual-review
pep-junior-v3-s3-k11-fi-030,junior-rag-v3-1200,S3,lower,pep-junior-s3-lower-inverse-similarity-trigonometry,反比例函数、相似与锐角三角函数,fill-in,Exam,一个几何体由若干个大小相同的小立方块搭成，从正面看有2列，从左到右每列高度分别为2、1；从上面看有2行，每行小立方块数分别为2、2。则该几何体最少由多少个小立方块搭成？,,5,5,从上面看有2行，每行2个小立方块，说明底层有4个位置，每个位置至少有一个小立方块。从正面看，左列最高为2，右列最高为1。要满足左列最高2，左列的两个位置中至少有一个高度为2，另一个至少为1；右列的两个位置中至少有一个高度为1，另一个至少为1。因此最少需要小立方块个数为：左列2+1=3，右列1+1=2，共5个。,pep-junior-s3-lower-inverse-similarity-trigonometry,pep-junior-s3-lower-paper-projection-views,pep-junior-exam-proof-calculation-integrated,passed,needs-review,deepseek-original-v3-1200; pending-s18-manual-review
pep-junior-v3-s3-k11-fi-031,junior-rag-v3-1200,S3,lower,pep-junior-s3-lower-inverse-similarity-trigonometry,反比例函数、相似与锐角三角函数,fill-in,Exam,在△ABC中，∠A=30°，∠B=45°，AC=4，则AB的长为多少？,,2+2√3,2+2√3,过点C作CD⊥AB于点D。在Rt△ACD中，∠A=30°，AC=4，所以CD=AC·sin30°=4×1/2=2，AD=AC·cos30°=4×√3/2=2√3。在Rt△BCD中，∠B=45°，所以BD=CD=2。因此AB=AD+BD=2√3+2=2+2√3。,pep-junior-s3-lower-inverse-similarity-trigonometry,pep-junior-s3-lower-paper-function-geometry-integrated,pep-junior-exam-similarity-right-triangle-trig,passed,needs-review,deepseek-original-v3-1200; pending-s18-manual-review
pep-junior-v3-s3-k11-fi-032,junior-rag-v3-1200,S3,lower,pep-junior-s3-lower-inverse-similarity-trigonometry,反比例函数、相似与锐角三角函数,fill-in,Exam,"已知点A(x1, y1)和点B(x2, y2)都在反比例函数 y = -6/x 的图象上，且x1<0<x2，则y1和y2的大小关系是？",,y1>y2,y1>y2,反比例函数 y = -6/x 的图象位于第二、四象限。因为x1<0，所以点A在第二象限，y1>0；因为x2>0，所以点B在第四象限，y2<0。因此y1>y2。,pep-junior-s3-lower-inverse-similarity-trigonometry,pep-junior-s3-lower-paper-similarity,pep-junior-exam-inverse-proportion-models,passed,needs-review,deepseek-original-v3-1200; pending-s18-manual-review
pep-junior-v3-s3-k11-fi-033,junior-rag-v3-1200,S3,lower,pep-junior-s3-lower-inverse-similarity-trigonometry,反比例函数、相似与锐角三角函数,fill-in,Exam,"若一次函数 y = kx + b 的图象经过点(1, 3)和(2, 5)，则k的值为多少？",,2,2,"将点(1,3)和(2,5)代入y=kx+b，得方程组：k+b=3，2k+b=5。两式相减得k=2。所以k的值为2。",pep-junior-s3-lower-inverse-similarity-trigonometry,pep-junior-s3-lower-paper-graduation-review,pep-junior-exam-linear-functions-graphs,passed,needs-review,deepseek-original-v3-1200; pending-s18-manual-review
pep-junior-v3-s3-k11-fi-034,junior-rag-v3-1200,S3,lower,pep-junior-s3-lower-inverse-similarity-trigonometry,反比例函数、相似与锐角三角函数,fill-in,Exam,"已知二次函数 y = ax² + bx + c 的图象与x轴交于点(-1, 0)和(3, 0)，且过点(0, -3)，则a的值为多少？",,1,1,"因为图象与x轴交于点(-1,0)和(3,0)，所以可设交点式y=a(x+1)(x-3)。将点(0,-3)代入，得-3=a(0+1)(0-3)，即-3=-3a，解得a=1。",pep-junior-s3-lower-inverse-similarity-trigonometry,pep-junior-s3-lower-paper-inverse-functions,pep-junior-exam-quadratic-equations-functions,passed,needs-review,deepseek-original-v3-1200; pending-s18-manual-review
pep-junior-v3-s3-k11-fi-035,junior-rag-v3-1200,S3,lower,pep-junior-s3-lower-inverse-similarity-trigonometry,反比例函数、相似与锐角三角函数,fill-in,Exam,在直角三角形ABC中，∠C=90°，AC=8，BC=15。求sinA的值。,,15/17,15/17 | 15÷17,由勾股定理得AB=√(8²+15²)=17。sinA=对边/斜边=BC/AB=15/17。,pep-junior-s3-lower-inverse-similarity-trigonometry,pep-junior-s3-lower-paper-right-triangle-trigonometry,pep-junior-exam-number-sense-real-numbers,passed,needs-review,deepseek-original-v3-1200; pending-s18-manual-review
pep-junior-v3-s3-k11-fi-036,junior-rag-v3-1200,S3,lower,pep-junior-s3-lower-inverse-similarity-trigonometry,反比例函数、相似与锐角三角函数,fill-in,Exam,在Rt△ABC中，∠C=90°，∠A的正切值为3/4。若∠A的邻边AC=8，则∠A的对边BC=____。,,6,6,tanA=BC/AC=3/4，且AC=8，所以BC/8=3/4，解得BC=6。因此∠A的对边BC=6。,pep-junior-s3-lower-inverse-similarity-trigonometry,pep-junior-s3-lower-paper-projection-views,pep-junior-exam-linear-equation-inequality-models,passed,needs-review,deepseek-original-v3-1200; pending-s18-manual-review
pep-junior-v3-s3-k11-fi-037,junior-rag-v3-1200,S3,lower,pep-junior-s3-lower-inverse-similarity-trigonometry,反比例函数、相似与锐角三角函数,fill-in,Exam,"已知反比例函数y=k/x的图象经过点(3,-4)，点A(m,6)也在该函数图象上。求m的值。",,-2,-2,"将(3,-4)代入y=k/x得k=-12。再将点A代入y=-12/x得6=-12/m，解得m=-2。",pep-junior-s3-lower-inverse-similarity-trigonometry,pep-junior-s3-lower-paper-function-geometry-integrated,pep-junior-exam-polynomial-factorization-fractions,passed,needs-review,deepseek-original-v3-1200; pending-s18-manual-review
pep-junior-v3-s3-k11-fi-038,junior-rag-v3-1200,S3,lower,pep-junior-s3-lower-inverse-similarity-trigonometry,反比例函数、相似与锐角三角函数,fill-in,Exam,在△ABC中，点D在边AB上，点E在边AC上，且DE∥BC。已知AD=4，DB=2，BC=9。求DE的长。,,6,6,由DE∥BC得△ADE∽△ABC，相似比为AD/AB=4/(4+2)=2/3。所以DE/BC=2/3，DE=9×2/3=6。,pep-junior-s3-lower-inverse-similarity-trigonometry,pep-junior-s3-lower-paper-similarity,pep-junior-exam-triangles-congruence-proof,passed,needs-review,deepseek-original-v3-1200; pending-s18-manual-review
pep-junior-v3-s3-k11-fi-039,junior-rag-v3-1200,S3,lower,pep-junior-s3-lower-inverse-similarity-trigonometry,反比例函数、相似与锐角三角函数,fill-in,Exam,"某校九年级进行了一次数学测验，随机抽取了40名学生的成绩，数据如下：56, 67, 78, 89, 90, 56, 67, 78, 89, 90, 56, 67, 78, 89, 90, 56, 67, 78, 89, 90, 56, 67, 78, 89, 90, 56, 67, 78, 89, 90, 56, 67, 78, 89, 90, 56, 67, 78, 89, 90。求这40名学生成绩的中位数。",,78,78,将数据排序，共有40个数据，中位数为第20和21个数据的平均数。排序后第20和21个数据均为78，所以中位数为78。,pep-junior-s3-lower-inverse-similarity-trigonometry,pep-junior-s3-lower-paper-graduation-review,pep-junior-exam-quadrilaterals-pythagorean,passed,needs-review,deepseek-original-v3-1200; pending-s18-manual-review
pep-junior-v3-s3-k11-fi-040,junior-rag-v3-1200,S3,lower,pep-junior-s3-lower-inverse-similarity-trigonometry,反比例函数、相似与锐角三角函数,fill-in,Exam,"反比例函数y=k/x的图象经过点(-2,5)，求k的值。",,-10,-10,"将点(-2,5)代入y=k/x得5=k/(-2)，解得k=-10。",pep-junior-s3-lower-inverse-similarity-trigonometry,pep-junior-s3-lower-paper-inverse-functions,pep-junior-exam-circle-geometry,passed,needs-review,deepseek-original-v3-1200; pending-s18-manual-review
pep-junior-v3-s3-k11-fi-041,junior-rag-v3-1200,S3,lower,pep-junior-s3-lower-inverse-similarity-trigonometry,反比例函数、相似与锐角三角函数,fill-in,Exam,在Rt△ABC中，∠C=90°，AB=15，sinA=4/5，求BC的长。,,12,12,sinA=BC/AB=4/5，AB=15，所以BC=15×4/5=12。,pep-junior-s3-lower-inverse-similarity-trigonometry,pep-junior-s3-lower-paper-right-triangle-trigonometry,pep-junior-exam-statistics-probability,passed,needs-review,deepseek-original-v3-1200; pending-s18-manual-review
pep-junior-v3-s3-k11-fi-042,junior-rag-v3-1200,S3,lower,pep-junior-s3-lower-inverse-similarity-trigonometry,反比例函数、相似与锐角三角函数,fill-in,Exam,一个几何体的主视图和左视图都是边长为3的正方形，俯视图是一个圆。求该几何体的体积。,,6.75π,6.75π | 27π/4 | 6.75pi,由三视图可知该几何体为底面半径为1.5、高为3的圆柱。体积V=π×1.5²×3=6.75π。,pep-junior-s3-lower-inverse-similarity-trigonometry,pep-junior-s3-lower-paper-projection-views,pep-junior-exam-coordinate-transformations,passed,needs-review,deepseek-original-v3-1200; pending-s18-manual-review
pep-junior-v3-s3-k11-fi-043,junior-rag-v3-1200,S3,lower,pep-junior-s3-lower-inverse-similarity-trigonometry,反比例函数、相似与锐角三角函数,fill-in,Exam,"在平面直角坐标系中，点A的坐标为(3,0)，点B的坐标为(0,6)，点C为线段AB的中点。将线段AB绕点C旋转180°后，点A的对应点A'的坐标是什么？",,"(0,6)","(0,6)","点C为AB中点，坐标为((3+0)/2,(0+6)/2)=(1.5,3)。旋转180°后，点A关于点C对称，设A'(x,y)，则1.5=(3+x)/2，3=(0+y)/2，解得x=0，y=6，所以A'(0,6)。",pep-junior-s3-lower-inverse-similarity-trigonometry,pep-junior-s3-lower-paper-function-geometry-integrated,pep-junior-exam-dynamic-geometry-functions,passed,needs-review,deepseek-original-v3-1200; pending-s18-manual-review
pep-junior-v3-s3-k11-fi-044,junior-rag-v3-1200,S3,lower,pep-junior-s3-lower-inverse-similarity-trigonometry,反比例函数、相似与锐角三角函数,fill-in,Exam,在△ABC中，点D、E分别在边AB、AC上，且AD=3，DB=6，AE=4，EC=8，则 AD/AB 与 AE/AC 的共同值为____。,,1/3,1/3 | 三分之一,AB=AD+DB=3+6=9，AC=AE+EC=4+8=12，所以AD/AB=3/9=1/3，AE/AC=4/12=1/3。因此共同值为1/3。,pep-junior-s3-lower-inverse-similarity-trigonometry,pep-junior-s3-lower-paper-similarity,pep-junior-exam-applied-modeling-finance-rate,passed,needs-review,deepseek-original-v3-1200; pending-s18-manual-review
pep-junior-v3-s3-k11-fi-045,junior-rag-v3-1200,S3,lower,pep-junior-s3-lower-inverse-similarity-trigonometry,反比例函数、相似与锐角三角函数,fill-in,Exam,某科技小组制作了一个简易测角仪，用于测量学校旗杆的高度。他们将测角仪放置在距离旗杆底部水平距离20米的地面上，测得旗杆顶端的仰角为30°。已知测角仪的高度为1.5米，求旗杆的高度（结果保留根号）。,,\frac{20\sqrt{3}}{3}+1.5,\frac{20\sqrt{3}}{3}+1.5 | 1.5+\frac{20\sqrt{3}}{3} | \frac{20}{\sqrt{3}}+1.5 | 1.5+\frac{20}{\sqrt{3}} | \frac{20\sqrt{3}+4.5}{3} | \frac{20\sqrt{3}}{3}+\frac{3}{2},根据题意，测角仪与旗杆底部水平距离为20米，仰角为30°，测角仪高度1.5米。在直角三角形中，tan30° = 旗杆顶部相对于测角仪的高度 / 20，即旗杆顶部相对高度 = 20 × tan30° = 20 × (√3/3) = 20√3/3。因此旗杆总高度 = 20√3/3 + 1.5。,pep-junior-s3-lower-inverse-similarity-trigonometry,pep-junior-s3-lower-paper-graduation-review,pep-junior-exam-proof-calculation-integrated,passed,needs-review,deepseek-original-v3-1200; pending-s18-manual-review
pep-junior-v3-s3-k11-fi-046,junior-rag-v3-1200,S3,lower,pep-junior-s3-lower-inverse-similarity-trigonometry,反比例函数、相似与锐角三角函数,fill-in,Exam,"已知反比例函数y = k/x的图象经过点A(2, -3)。若点B(-1, m)也在该函数图象上，求m的值。",,6,6 | 六,"将点A(2, -3)代入y = k/x，得-3 = k/2，解得k = -6。所以反比例函数为y = -6/x。再将点B(-1, m)代入，得m = -6/(-1) = 6。",pep-junior-s3-lower-inverse-similarity-trigonometry,pep-junior-s3-lower-paper-inverse-functions,pep-junior-exam-similarity-right-triangle-trig,passed,needs-review,deepseek-original-v3-1200; pending-s18-manual-review
pep-junior-v3-s3-k11-fi-047,junior-rag-v3-1200,S3,lower,pep-junior-s3-lower-inverse-similarity-trigonometry,反比例函数、相似与锐角三角函数,fill-in,Exam,一个长方体水箱，底面是边长为0.8米的正方形，高为1.5米。现向水箱内注水，水面上升的速度是每分钟0.02米。写出水箱内水的体积V（立方米）与注水时间t（分钟）之间的函数关系式，并指出自变量的取值范围。,,V=0.0128t，0≤t≤75,"V=0.0128t，0≤t≤75 | V=0.0128t, 0≤t≤75 | V=0.0128t，t的取值范围是0≤t≤75 | V=0.0128t (0≤t≤75)",水箱底面积为0.8×0.8=0.64平方米，水面上升速度0.02米/分钟，则每分钟注入的水体积为0.64×0.02=0.0128立方米。所以V=0.0128t。水箱最大容积为0.64×1.5=0.96立方米，注满需时0.96÷0.0128=75分钟，故t的取值范围是0≤t≤75。,pep-junior-s3-lower-inverse-similarity-trigonometry,pep-junior-s3-lower-paper-right-triangle-trigonometry,pep-junior-exam-inverse-proportion-models,passed,needs-review,deepseek-original-v3-1200; pending-s18-manual-review
pep-junior-v3-s3-k11-fi-048,junior-rag-v3-1200,S3,lower,pep-junior-s3-lower-inverse-similarity-trigonometry,反比例函数、相似与锐角三角函数,fill-in,Exam,一个几何体由若干个相同的小正方体搭成，从正面看得到的形状是3列，从左到右每列小正方形的个数依次为2、1、2；从左面看得到的形状是2列，从左到右每列小正方形的个数依次为2、1。则搭成这个几何体最少需要多少个小正方体？,,6,6 | 六,由从正面看可得该几何体有3列，第1列最高2层，第2列最高1层，第3列最高2层。由从左面看可得有2行，第1行最高2层，第2行最高1层。要小正方体数量最少，在满足视图的前提下，让某些位置空缺。分析可知，最少需要6个小正方体。,pep-junior-s3-lower-inverse-similarity-trigonometry,pep-junior-s3-lower-paper-projection-views,pep-junior-exam-linear-functions-graphs,passed,needs-review,deepseek-original-v3-1200; pending-s18-manual-review
pep-junior-v3-s3-k11-fi-049,junior-rag-v3-1200,S3,lower,pep-junior-s3-lower-inverse-similarity-trigonometry,反比例函数、相似与锐角三角函数,fill-in,Exam,"在平面直角坐标系中，将点P(3, -4)绕原点顺时针旋转90°得到点Q，再将点Q向右平移2个单位得到点R。求点R的坐标。",,"(-2, -3)","(-2, -3) | (-2,-3)","点P(3, -4)绕原点顺时针旋转90°后，坐标变为(-4, -3)，即点Q(-4, -3)。再将点Q向右平移2个单位，横坐标加2，纵坐标不变，得到点R(-4+2, -3) = (-2, -3)。",pep-junior-s3-lower-inverse-similarity-trigonometry,pep-junior-s3-lower-paper-function-geometry-integrated,pep-junior-exam-quadratic-equations-functions,passed,needs-review,deepseek-original-v3-1200; pending-s18-manual-review
pep-junior-v3-s3-k11-fi-050,junior-rag-v3-1200,S3,lower,pep-junior-s3-lower-inverse-similarity-trigonometry,反比例函数、相似与锐角三角函数,fill-in,Exam,1，在△ABC中，点D、E分别在边AB、AC上，DE∥BC。若AD=3，DB=6，AE=4，求EC的长。,,8,8 | 八,由DE∥BC，可得AD/DB = AE/EC，即3/6 = 4/EC，解得EC = 8。,pep-junior-s3-lower-inverse-similarity-trigonometry,pep-junior-s3-lower-paper-similarity,pep-junior-exam-number-sense-real-numbers,passed,needs-review,deepseek-original-v3-1200; pending-s18-manual-review
pep-junior-v3-s3-k11-fi-051,junior-rag-v3-1200,S3,lower,pep-junior-s3-lower-inverse-similarity-trigonometry,反比例函数、相似与锐角三角函数,fill-in,Exam,某车间计划生产一批零件，若每天生产80个，将比原计划提前1天完成；若每天生产60个，将比原计划推迟1天完成。求原计划生产的天数。,,7,7 | 七,设原计划生产x天，则零件总数为80(x-1)或60(x+1)。由80(x-1)=60(x+1)，解得x=7。,pep-junior-s3-lower-inverse-similarity-trigonometry,pep-junior-s3-lower-paper-graduation-review,pep-junior-exam-linear-equation-inequality-models,passed,needs-review,deepseek-original-v3-1200; pending-s18-manual-review
pep-junior-v3-s3-k11-fi-052,junior-rag-v3-1200,S3,lower,pep-junior-s3-lower-inverse-similarity-trigonometry,反比例函数、相似与锐角三角函数,fill-in,Exam,已知反比例函数y = (2m-1)/x的图象在第二、四象限，求m的取值范围。,,m<\frac{1}{2},m<\frac{1}{2} | m<1/2 | m<0.5,反比例函数y = k/x的图象在第二、四象限时，k<0。所以2m-1<0，解得m<1/2。,pep-junior-s3-lower-inverse-similarity-trigonometry,pep-junior-s3-lower-paper-inverse-functions,pep-junior-exam-polynomial-factorization-fractions,passed,needs-review,deepseek-original-v3-1200; pending-s18-manual-review
pep-junior-v3-s3-k11-fi-053,junior-rag-v3-1200,S3,lower,pep-junior-s3-lower-inverse-similarity-trigonometry,反比例函数、相似与锐角三角函数,fill-in,Exam,在Rt△ABC中，∠C=90°，AC=6，BC=8。求sinA + cosA的值。,,\frac{7}{5},\frac{7}{5} | 7/5 | 1.4,由勾股定理得AB=√(6²+8²)=10。sinA = BC/AB = 8/10 = 4/5，cosA = AC/AB = 6/10 = 3/5。所以sinA + cosA = 4/5 + 3/5 = 7/5。,pep-junior-s3-lower-inverse-similarity-trigonometry,pep-junior-s3-lower-paper-right-triangle-trigonometry,pep-junior-exam-triangles-congruence-proof,passed,needs-review,deepseek-original-v3-1200; pending-s18-manual-review
pep-junior-v3-s3-k11-fi-054,junior-rag-v3-1200,S3,lower,pep-junior-s3-lower-inverse-similarity-trigonometry,反比例函数、相似与锐角三角函数,fill-in,Exam,一个圆锥的底面半径为3 cm，母线长为5 cm。若用一个平行于底面的平面去截这个圆锥，截得的小圆锥的母线长为2 cm，求截得的圆台的侧面积（结果保留π）。,,\frac{63\pi}{5},\frac{63\pi}{5} | 63π/5 | 12.6π,原圆锥底面半径3 cm，母线5 cm。小圆锥母线2 cm，由相似得小圆锥底面半径 = 3×(2/5) = 6/5 cm。圆台侧面积 = π×(原半径+小半径)×(原母线-小母线) = π×(3 + 6/5)×(5-2) = π×(21/5)×3 = 63π/5。,pep-junior-s3-lower-inverse-similarity-trigonometry,pep-junior-s3-lower-paper-projection-views,pep-junior-exam-quadrilaterals-pythagorean,passed,needs-review,deepseek-original-v3-1200; pending-s18-manual-review
pep-junior-v3-s3-k11-fi-055,junior-rag-v3-1200,S3,lower,pep-junior-s3-lower-inverse-similarity-trigonometry,反比例函数、相似与锐角三角函数,fill-in,Exam,"已知反比例函数 y = k/x 的图象经过点 (3, -4)。若点 A(a, b) 和点 B(c, d) 都在该函数图象上，且 a < 0 < c，比较 b 和 d 的大小。",,b > d,b > d | b 大于 d | d < b,"将点 (3, -4) 代入 y = k/x，得 -4 = k/3，解得 k = -12。所以反比例函数为 y = -12/x，图象位于第二、四象限。因为 a < 0，点 A 在第二象限，b > 0；c > 0，点 C 在第四象限，d < 0。因此 b > d。",pep-junior-s3-lower-inverse-similarity-trigonometry,pep-junior-s3-lower-paper-function-geometry-integrated,pep-junior-exam-circle-geometry,passed,needs-review,deepseek-original-v3-1200; pending-s18-manual-review
pep-junior-v3-s3-k11-fi-056,junior-rag-v3-1200,S3,lower,pep-junior-s3-lower-inverse-similarity-trigonometry,反比例函数、相似与锐角三角函数,fill-in,Exam,在△ABC中，DE∥BC，AD=2，DB=3，AE=4，求EC的长。,,6,6 | 六,由DE∥BC，可得AD/DB = AE/EC。代入已知数据，2/3 = 4/EC，解得EC = 6。,pep-junior-s3-lower-inverse-similarity-trigonometry,pep-junior-s3-lower-paper-similarity,pep-junior-exam-statistics-probability,passed,needs-review,deepseek-original-v3-1200; pending-s18-manual-review
pep-junior-v3-s3-k11-fi-057,junior-rag-v3-1200,S3,lower,pep-junior-s3-lower-inverse-similarity-trigonometry,反比例函数、相似与锐角三角函数,fill-in,Exam,"在平面直角坐标系中，点P的坐标为(2, -3)，将点P绕原点顺时针旋转90°后得到点Q，求点Q的坐标。",,"(-3, -2)","(-3, -2) | （-3，-2）","点P(2, -3)绕原点顺时针旋转90°，坐标变化规律为(x, y) → (y, -x)，所以Q的坐标为(-3, -2)。",pep-junior-s3-lower-inverse-similarity-trigonometry,pep-junior-s3-lower-paper-graduation-review,pep-junior-exam-coordinate-transformations,passed,needs-review,deepseek-original-v3-1200; pending-s18-manual-review
pep-junior-v3-s3-k11-fi-058,junior-rag-v3-1200,S3,lower,pep-junior-s3-lower-inverse-similarity-trigonometry,反比例函数、相似与锐角三角函数,fill-in,Exam,已知反比例函数 y = (m-1)/x 的图象在每一象限内，y随x的增大而增大，求m的取值范围。,,m < 1,m < 1 | m<1,反比例函数 y = k/x，当 k < 0 时，图象在每一象限内 y 随 x 的增大而增大。这里 k = m-1，所以 m-1 < 0，即 m < 1。,pep-junior-s3-lower-inverse-similarity-trigonometry,pep-junior-s3-lower-paper-inverse-functions,pep-junior-exam-dynamic-geometry-functions,passed,needs-review,deepseek-original-v3-1200; pending-s18-manual-review
pep-junior-v3-s3-k11-fi-059,junior-rag-v3-1200,S3,lower,pep-junior-s3-lower-inverse-similarity-trigonometry,反比例函数、相似与锐角三角函数,fill-in,Exam,某商场将进价为每件40元的商品按每件50元出售，每天可售出100件。经调查发现，售价每降低1元，每天多售出10件。若商场希望每天盈利最大，应将售价定为每件多少元？,,45,45 | 45元,设降价x元，则售价为(50-x)元，每天销量为(100+10x)件。每件利润为(50-x-40)=(10-x)元。总盈利W=(10-x)(100+10x)=-10x²+100x+1000。当x=-100/(2*(-10))=5时，W最大。此时售价为50-5=45元。,pep-junior-s3-lower-inverse-similarity-trigonometry,pep-junior-s3-lower-paper-right-triangle-trigonometry,pep-junior-exam-applied-modeling-finance-rate,passed,needs-review,deepseek-original-v3-1200; pending-s18-manual-review
pep-junior-v3-s3-k11-fi-060,junior-rag-v3-1200,S3,lower,pep-junior-s3-lower-inverse-similarity-trigonometry,反比例函数、相似与锐角三角函数,fill-in,Exam,已知△ABC中，AB=AC=5，BC=6，求tanB的值。,,4/3,4/3 | 1.333 | 三分之四,作AD⊥BC于D，由AB=AC，则BD=DC=3。在Rt△ABD中，AD=√(5²-3²)=4。所以tanB=AD/BD=4/3。,pep-junior-s3-lower-inverse-similarity-trigonometry,pep-junior-s3-lower-paper-projection-views,pep-junior-exam-proof-calculation-integrated,passed,needs-review,deepseek-original-v3-1200; pending-s18-manual-review
pep-junior-v3-s3-k11-fi-061,junior-rag-v3-1200,S3,lower,pep-junior-s3-lower-inverse-similarity-trigonometry,反比例函数、相似与锐角三角函数,fill-in,Exam,在△ABC中，∠C=90°，AC=6，BC=8，D是AB上一点，DE⊥AC于E，DF⊥BC于F。设DE=x，DF=y，求y关于x的函数关系式。,,y = -4/3 x + 8,y = -4/3 x + 8 | y=-4/3x+8 | y = -4x/3 + 8,由勾股定理得AB=10。由△ADE∽△ABC，得DE/BC=AD/AB，即x/8=AD/10，AD=5x/4。同理，由△BDF∽△BAC，得DF/AC=BD/AB，即y/6=BD/10，BD=5y/3。又AD+BD=AB=10，所以5x/4+5y/3=10，化简得y = -4/3 x + 8。,pep-junior-s3-lower-inverse-similarity-trigonometry,pep-junior-s3-lower-paper-function-geometry-integrated,pep-junior-exam-similarity-right-triangle-trig,passed,needs-review,deepseek-original-v3-1200; pending-s18-manual-review
pep-junior-v3-s3-k11-fi-062,junior-rag-v3-1200,S3,lower,pep-junior-s3-lower-inverse-similarity-trigonometry,反比例函数、相似与锐角三角函数,fill-in,Exam,某工厂要加工一批零件，原计划每天加工30个，若干天完成。实际加工时，每天加工40个，结果提前2天完成。求原计划加工的天数。,,8,8 | 八天 | 8天,设原计划加工x天，则零件总数为30x个。实际每天加工40个，用了(x-2)天，零件总数也为40(x-2)。所以30x=40(x-2)，解得x=8。,pep-junior-s3-lower-inverse-similarity-trigonometry,pep-junior-s3-lower-paper-similarity,pep-junior-exam-inverse-proportion-models,passed,needs-review,deepseek-original-v3-1200; pending-s18-manual-review
pep-junior-v3-s3-k11-fi-063,junior-rag-v3-1200,S3,lower,pep-junior-s3-lower-inverse-similarity-trigonometry,反比例函数、相似与锐角三角函数,fill-in,Exam,"已知一次函数y=kx+b的图象经过点(1, -1)和(3, 5)，求该函数图象与坐标轴围成的三角形面积。",,4,4 | 4平方单位,将两点代入得：-2=k+b，2=3k+b，解得k=2，b=-4。所以函数为y=2x-4。与x轴交点：令y=0，得x=2；与y轴交点：令x=0，得y=-4。三角形面积为1/2×2×4=4。,pep-junior-s3-lower-inverse-similarity-trigonometry,pep-junior-s3-lower-paper-graduation-review,pep-junior-exam-linear-functions-graphs,passed,needs-review,deepseek-original-v3-1200; pending-s18-manual-review
pep-junior-v3-s3-k11-fi-064,junior-rag-v3-1200,S3,lower,pep-junior-s3-lower-inverse-similarity-trigonometry,反比例函数、相似与锐角三角函数,fill-in,Exam,"已知二次函数y=ax²+bx+c的图象开口向上，顶点坐标为(2, -3)，且经过点(0, 17)，求a+b+c的值。",,2,2,"由顶点坐标设函数为y=a(x-2)²-3。代入点(0,17)：17=a(0-2)²-3，17=4a-3，解得a=5。所以函数为y=5(x-2)²-3=5x²-20x+17。因此a=5, b=-20, c=17，a+b+c=5-20+17=2。",pep-junior-s3-lower-inverse-similarity-trigonometry,pep-junior-s3-lower-paper-inverse-functions,pep-junior-exam-quadratic-equations-functions,passed,needs-review,deepseek-original-v3-1200; pending-s18-manual-review
pep-junior-v3-s3-k11-fi-065,junior-rag-v3-1200,S3,lower,pep-junior-s3-lower-inverse-similarity-trigonometry,反比例函数、相似与锐角三角函数,fill-in,Exam,在反比例函数 y = 8/x 中，当 x 从 2 增大到 4 时，y 的变化量为______。,,-2,-2,当 x=2 时，y=8/2=4；当 x=4 时，y=8/4=2。y 的变化量为 2-4=-2。,pep-junior-s3-lower-inverse-similarity-trigonometry,pep-junior-s3-lower-paper-right-triangle-trigonometry,pep-junior-exam-number-sense-real-numbers,passed,needs-review,deepseek-original-v3-1200; pending-s18-manual-review
pep-junior-v3-s3-k11-fi-066,junior-rag-v3-1200,S3,lower,pep-junior-s3-lower-inverse-similarity-trigonometry,反比例函数、相似与锐角三角函数,fill-in,Exam,一个长方体的长、宽、高分别为 5 cm、4 cm、3 cm。从正前方观察，看到的长方形面积是______ cm²。,,15,15,从正前方观察，看到的面由长和高组成，长为5 cm，高为3 cm，面积 = 5 × 3 = 15 cm²。,pep-junior-s3-lower-inverse-similarity-trigonometry,pep-junior-s3-lower-paper-projection-views,pep-junior-exam-linear-equation-inequality-models,passed,needs-review,deepseek-original-v3-1200; pending-s18-manual-review
pep-junior-v3-s3-k11-fi-067,junior-rag-v3-1200,S3,lower,pep-junior-s3-lower-inverse-similarity-trigonometry,反比例函数、相似与锐角三角函数,fill-in,Exam,"已知反比例函数 y = k/x 的图像经过点 (-3, 4)，则 k 的值为______。",,-12,-12,"将点 (-3, 4) 代入 y = k/x，得 4 = k/(-3)，解得 k = -12。",pep-junior-s3-lower-inverse-similarity-trigonometry,pep-junior-s3-lower-paper-function-geometry-integrated,pep-junior-exam-polynomial-factorization-fractions,passed,needs-review,deepseek-original-v3-1200; pending-s18-manual-review
pep-junior-v3-s3-k11-sa-001,junior-rag-v3-1200,S3,lower,pep-junior-s3-lower-inverse-similarity-trigonometry,反比例函数、相似与锐角三角函数,short-answer,Exam,在 Rt△ABC 中，∠C = 90°，AC = 5，BC = 12。求 sin A 的值。,,12/13,12/13,由勾股定理，AB = √(5² + 12²) = 13。sin A = 对边/斜边 = BC/AB = 12/13。,pep-junior-s3-lower-inverse-similarity-trigonometry,pep-junior-s3-lower-paper-function-geometry-integrated,pep-junior-exam-similarity-right-triangle-trig,passed,needs-review,deepseek-original-v3-1200; pending-s18-manual-review
pep-junior-v3-s3-k11-sa-002,junior-rag-v3-1200,S3,lower,pep-junior-s3-lower-inverse-similarity-trigonometry,反比例函数、相似与锐角三角函数,short-answer,Exam,在△ABC 中，点 D 在 AB 上，点 E 在 AC 上，且 DE ∥ BC。若 AD = 3，DB = 6，AE = 4，求 EC 的长。,,8,8,由平行线分线段成比例，AD/DB = AE/EC，即 3/6 = 4/EC，解得 EC = 8。,pep-junior-s3-lower-inverse-similarity-trigonometry,pep-junior-s3-lower-paper-similarity,pep-junior-exam-inverse-proportion-models,passed,needs-review,deepseek-original-v3-1200; pending-s18-manual-review
pep-junior-v3-s3-k11-sa-003,junior-rag-v3-1200,S3,lower,pep-junior-s3-lower-inverse-similarity-trigonometry,反比例函数、相似与锐角三角函数,short-answer,Exam,已知一次函数 y = 3x - 2 与反比例函数 y = 4/x 的图像在第一象限交于点 A，求点 A 的坐标。,,"(2, 4)","(2, 4) | (2,4)","联立方程：3x - 2 = 4/x，去分母得 3x² - 2x - 4 = 0，解得 x = 2 或 x = -2/3（舍去），代入得 y = 4，所以点 A 坐标为 (2, 4)。",pep-junior-s3-lower-inverse-similarity-trigonometry,pep-junior-s3-lower-paper-graduation-review,pep-junior-exam-linear-functions-graphs,passed,needs-review,deepseek-original-v3-1200; pending-s18-manual-review
pep-junior-v3-s3-k11-sa-004,junior-rag-v3-1200,S3,lower,pep-junior-s3-lower-inverse-similarity-trigonometry,反比例函数、相似与锐角三角函数,short-answer,Exam,已知反比例函数 y = (2 - m)/x 的图像在每一象限内 y 随 x 的增大而增大，求 m 的取值范围。,,m > 2,m > 2 | m>2,反比例函数在每一象限内 y 随 x 增大而增大，说明比例系数为负，即 2 - m < 0，解得 m > 2。,pep-junior-s3-lower-inverse-similarity-trigonometry,pep-junior-s3-lower-paper-inverse-functions,pep-junior-exam-quadratic-equations-functions,passed,needs-review,deepseek-original-v3-1200; pending-s18-manual-review
pep-junior-v3-s3-k11-sa-005,junior-rag-v3-1200,S3,lower,pep-junior-s3-lower-inverse-similarity-trigonometry,反比例函数、相似与锐角三角函数,short-answer,Exam,在 Rt△ABC 中，∠C = 90°，tan A = 3/4，BC = 9，求 AC 的长。,,12,12,tan A = BC/AC = 3/4，已知 BC = 9，所以 9/AC = 3/4，解得 AC = 12。,pep-junior-s3-lower-inverse-similarity-trigonometry,pep-junior-s3-lower-paper-right-triangle-trigonometry,pep-junior-exam-number-sense-real-numbers,passed,needs-review,deepseek-original-v3-1200; pending-s18-manual-review
pep-junior-v3-s3-k11-sa-006,junior-rag-v3-1200,S3,lower,pep-junior-s3-lower-inverse-similarity-trigonometry,反比例函数、相似与锐角三角函数,short-answer,Exam,一个几何体由几个大小相同的小立方块搭成，从上面看得到的图形中，第一行从左到右的数字为 1、2，第二行从左到右的数字为 3、1。请描述从正面看得到的图形。,,从正面看，左边一列有 3 个正方形，右边一列有 2 个正方形。,从正面看，左边一列有 3 个正方形，右边一列有 2 个正方形。 | 从正面看，左边一列有3个正方形，右边一列有2个正方形。,俯视图数字表示该位置小立方块个数，从正面看，左边一列最高为 3，右边一列最高为 2，因此图形为两列，高度分别为 3 和 2。,pep-junior-s3-lower-inverse-similarity-trigonometry,pep-junior-s3-lower-paper-projection-views,pep-junior-exam-linear-equation-inequality-models,passed,needs-review,deepseek-original-v3-1200; pending-s18-manual-review
pep-junior-v3-s3-k11-sa-007,junior-rag-v3-1200,S3,lower,pep-junior-s3-lower-inverse-similarity-trigonometry,反比例函数、相似与锐角三角函数,short-answer,Exam,"已知点 A(1, 2) 在反比例函数 y = k/x 的图像上，点 B 与点 A 关于原点对称，且点 B 在一次函数 y = mx + n 的图像上，该一次函数图像还经过点 (3, 4)。求 m + n 的值。",,1,1,"点 A(1,2) 在反比例函数上，得 k = 2。点 B 与 A 关于原点对称，坐标为 (-1,-2)。设一次函数为 y = mx + n，代入 B 得 -2 = -m + n。又过点 (3,4) 得 4 = 3m + n。解方程组：两式相减得 6 = 4m，m = 1.5，代入得 n = -0.5，所以 m + n = 1。",pep-junior-s3-lower-inverse-similarity-trigonometry,pep-junior-s3-lower-paper-function-geometry-integrated,pep-junior-exam-polynomial-factorization-fractions,passed,needs-review,deepseek-original-v3-1200; pending-s18-manual-review
pep-junior-v3-s3-k11-sa-008,junior-rag-v3-1200,S3,lower,pep-junior-s3-lower-inverse-similarity-trigonometry,反比例函数、相似与锐角三角函数,short-answer,Exam,在△ABC中，AB=8，AC=6，点D在边AB上，AD=3，点E在边AC上，且∠ADE=∠C。求AE的长。,,4,4 | 4cm,由∠ADE=∠C，∠A为公共角，得△ADE∽△ACB（AA）。对应边成比例：AD/AC = AE/AB，即3/6 = AE/8，解得AE=4。,pep-junior-s3-lower-inverse-similarity-trigonometry,pep-junior-s3-lower-paper-similarity,pep-junior-exam-triangles-congruence-proof,passed,needs-review,deepseek-original-v3-1200; pending-s18-manual-review
pep-junior-v3-s3-k11-sa-009,junior-rag-v3-1200,S3,lower,pep-junior-s3-lower-inverse-similarity-trigonometry,反比例函数、相似与锐角三角函数,short-answer,Exam,在矩形ABCD中，AB=6，BC=8，点E在边CD上，连接BE。若BE平分∠AEC，求CE的长。,,2,2 | 2cm,由矩形得AB=CD=6，AD=BC=8，∠C=90°。设CE=x，则DE=6-x。由BE平分∠AEC，得∠AEB=∠CEB。又AB∥CD，得∠ABE=∠CEB，故∠AEB=∠ABE，AE=AB=6。在Rt△ADE中，AD=8，DE=6-x，AE=6，由勾股定理：8²+(6-x)²=6²，解得x=2（舍去x=10）。故CE=2。,pep-junior-s3-lower-inverse-similarity-trigonometry,pep-junior-s3-lower-paper-graduation-review,pep-junior-exam-quadrilaterals-pythagorean,passed,needs-review,deepseek-original-v3-1200; pending-s18-manual-review
pep-junior-v3-s3-k11-sa-010,junior-rag-v3-1200,S3,lower,pep-junior-s3-lower-inverse-similarity-trigonometry,反比例函数、相似与锐角三角函数,short-answer,Exam,"已知反比例函数y=k/x的图象经过点A(2,-3)，点B(m,6)也在该图象上。求m的值。",,-1,-1,"将A(2,-3)代入y=k/x，得-3=k/2，解得k=-6。故函数为y=-6/x。将B(m,6)代入，得6=-6/m，解得m=-1。",pep-junior-s3-lower-inverse-similarity-trigonometry,pep-junior-s3-lower-paper-inverse-functions,pep-junior-exam-circle-geometry,passed,needs-review,deepseek-original-v3-1200; pending-s18-manual-review
pep-junior-v3-s3-k11-sa-011,junior-rag-v3-1200,S3,lower,pep-junior-s3-lower-inverse-similarity-trigonometry,反比例函数、相似与锐角三角函数,short-answer,Exam,从地面点A观测楼顶C的仰角为30°，向楼方向前进20米到点B，再观测楼顶C的仰角为45°。若观测点A、B与楼底D在同一直线上，求楼高CD（精确到0.1米，参考数据：√3≈1.732）。,,27.3,27.3 | 27.3米,设CD=h，在Rt△BCD中，∠CBD=45°，得BD=CD=h。在Rt△ACD中，∠CAD=30°，AD=AB+BD=20+h，由tan30°=CD/AD，得√3/3 = h/(20+h)，解得h=10(√3+1)≈10×(1.732+1)=27.32≈27.3。故楼高CD=27.3米。,pep-junior-s3-lower-inverse-similarity-trigonometry,pep-junior-s3-lower-paper-right-triangle-trigonometry,pep-junior-exam-statistics-probability,passed,needs-review,deepseek-original-v3-1200; pending-s18-manual-review
pep-junior-v3-s3-k11-sa-012,junior-rag-v3-1200,S3,lower,pep-junior-s3-lower-inverse-similarity-trigonometry,反比例函数、相似与锐角三角函数,short-answer,Exam,一个几何体由若干个相同的小立方块搭成，从三个方向观察得到的形状描述如下：从正面看，有两层，底层有3个正方形，上层中间有1个正方形；从左面看，有两层，底层有2个正方形，上层左边有1个正方形；从上面看，有2排，前排有3个正方形，后排左边有1个正方形。求搭成这个几何体最少需要多少个小立方块。,,6,6 | 6个,根据三视图还原几何体：从上面看，前排3个，后排左边1个，共4个位置。从正面看，底层3个，上层中间1个，说明前排中间位置有2层。从左面看，底层2个，上层左边1个，说明后排左边位置有2层。因此，前排中间和后排左边各需2个立方块，前排左右各需1个，后排右边无立方块。最少总数为2+2+1+1=6。,pep-junior-s3-lower-inverse-similarity-trigonometry,pep-junior-s3-lower-paper-projection-views,pep-junior-exam-coordinate-transformations,passed,needs-review,deepseek-original-v3-1200; pending-s18-manual-review
pep-junior-v3-s3-k11-sa-013,junior-rag-v3-1200,S3,lower,pep-junior-s3-lower-inverse-similarity-trigonometry,反比例函数、相似与锐角三角函数,short-answer,Exam,"在平面直角坐标系中，点A(1,3)在反比例函数 y=k/x 的图象上。过点A作AB⊥x轴，垂足为B；过点A作AC⊥y轴，垂足为C。求k的值，并求矩形OBAC的面积。",,k=3，矩形OBAC的面积为3,k=3，矩形OBAC的面积为3 | k=3，面积为3 | 3，3,"点A(1,3)在反比例函数 y=k/x 上，所以k=1×3=3。点B为(1,0)，点C为(0,3)，矩形OBAC的两条邻边长分别为1和3，面积为1×3=3。因此k=3，矩形OBAC的面积为3。",pep-junior-s3-lower-inverse-similarity-trigonometry,pep-junior-s3-lower-paper-function-geometry-integrated,pep-junior-exam-dynamic-geometry-functions,passed,needs-review,deepseek-original-v3-1200; pending-s18-manual-review
pep-junior-v3-s3-k11-sa-014,junior-rag-v3-1200,S3,lower,pep-junior-s3-lower-inverse-similarity-trigonometry,反比例函数、相似与锐角三角函数,short-answer,Exam,某商场销售一种商品，进价为每件40元，售价为每件60元时，每天可售出100件。经调查发现，售价每降低1元，每天多售出10件。设每件降价x元（x为正整数），每天利润为y元。求y与x的函数关系式，并写出x的取值范围。,,y=-10x²+100x+2000，x为整数且1≤x≤20,y=-10x²+100x+2000，x为整数且1≤x≤20 | y=-10x^2+100x+2000，x为整数且1≤x≤20,降价x元后，售价为(60-x)元，每件利润为(60-x-40)=(20-x)元，每天销量为(100+10x)件。利润y=(20-x)(100+10x)=-10x²+100x+2000。由利润非负，20-x≥0得x≤20，且x为正整数，故x的取值范围为1≤x≤20的整数。,pep-junior-s3-lower-inverse-similarity-trigonometry,pep-junior-s3-lower-paper-similarity,pep-junior-exam-applied-modeling-finance-rate,passed,needs-review,deepseek-original-v3-1200; pending-s18-manual-review
pep-junior-v3-s3-k11-sa-015,junior-rag-v3-1200,S3,lower,pep-junior-s3-lower-inverse-similarity-trigonometry,反比例函数、相似与锐角三角函数,short-answer,Exam,在△ABC中，AB=AC=5，BC=6，点D在边BC上，且BD=2。连接AD，求AD的长度。,,√17,√17 | 根号17,过A作AE⊥BC于E。∵AB=AC，∴E为BC中点，BE=CE=3。在Rt△ABE中，AE=√(AB²-BE²)=√(25-9)=4。∵BD=2，∴DE=BE-BD=1。在Rt△ADE中，AD=√(AE²+DE²)=√(16+1)=√17。,pep-junior-s3-lower-inverse-similarity-trigonometry,pep-junior-s3-lower-paper-graduation-review,pep-junior-exam-proof-calculation-integrated,passed,needs-review,deepseek-original-v3-1200; pending-s18-manual-review
pep-junior-v3-s3-k11-sa-016,junior-rag-v3-1200,S3,lower,pep-junior-s3-lower-inverse-similarity-trigonometry,反比例函数、相似与锐角三角函数,short-answer,Exam,在平面直角坐标系中，点P是反比例函数y=6/x（x>0）图象上一点，PA⊥x轴于A，PB⊥y轴于B，四边形OAPB的周长为14。求点P的坐标。,,"(1,6)或(6,1)","(1,6)或(6,1) | P(1,6)或P(6,1)","设P(a,6/a)，a>0，则A(a,0)，B(0,6/a)。四边形OAPB为矩形，周长=2(OA+OB)=2(a+6/a)=14，得a+6/a=7，即a²-7a+6=0，解得a=1或a=6。当a=1时，P(1,6)；当a=6时，P(6,1)。故点P坐标为(1,6)或(6,1)。",pep-junior-s3-lower-inverse-similarity-trigonometry,pep-junior-s3-lower-paper-inverse-functions,pep-junior-exam-similarity-right-triangle-trig,passed,needs-review,deepseek-original-v3-1200; pending-s18-manual-review
pep-junior-v3-s3-k11-sa-017,junior-rag-v3-1200,S3,lower,pep-junior-s3-lower-inverse-similarity-trigonometry,反比例函数、相似与锐角三角函数,short-answer,Exam,一艘轮船以每小时20海里的速度向正东方向航行，上午8时在A处测得灯塔P在北偏东60°方向，上午9时到达B处，测得灯塔P在北偏东30°方向。求轮船在B处时与灯塔P的距离（结果保留根号）。,,20,20 | 20海里,由题意，AB=20海里。根据方位角，∠PAB=30°，∠PBA=120°（因为B处北偏东30°，则PB与正东夹角60°，故∠PBA=180°-60°=120°）。在△ABP中，∠APB=180°-30°-120°=30°，∴∠PAB=∠APB=30°，∴BP=AB=20海里。,pep-junior-s3-lower-inverse-similarity-trigonometry,pep-junior-s3-lower-paper-right-triangle-trigonometry,pep-junior-exam-inverse-proportion-models,passed,needs-review,deepseek-original-v3-1200; pending-s18-manual-review
pep-junior-v3-s3-k11-sa-018,junior-rag-v3-1200,S3,lower,pep-junior-s3-lower-inverse-similarity-trigonometry,反比例函数、相似与锐角三角函数,short-answer,Challenge,"在平面直角坐标系中，反比例函数 y = k/x 的图象经过点 A(2, -3)。直线 y = mx + 1 与该反比例函数图象的一个分支交于点 B，点 B 的横坐标为 -1。求 m 的值。",,m = -7,m = -7 | -7,"由点 A(2, -3) 在反比例函数 y = k/x 上，代入得 -3 = k/2，解得 k = -6。所以反比例函数为 y = -6/x。点 B 的横坐标为 -1，代入反比例函数得 y = -6/(-1) = 6，所以 B(-1, 6)。点 B 在直线 y = mx + 1 上，代入得 6 = m*(-1) + 1，即 6 = -m + 1，解得 m = -7。",pep-junior-s3-lower-inverse-similarity-trigonometry,pep-junior-s3-lower-paper-projection-views,pep-junior-exam-linear-functions-graphs,passed,needs-review,deepseek-original-v3-1200; pending-s18-manual-review
pep-junior-v3-s3-k11-sa-019,junior-rag-v3-1200,S3,lower,pep-junior-s3-lower-inverse-similarity-trigonometry,反比例函数、相似与锐角三角函数,short-answer,Challenge,在△ABC中，DE∥BC，AD=3，DB=6，AE=2。求EC的长。,,EC = 4,EC = 4 | 4,因为DE∥BC，所以△ADE∽△ABC。对应边成比例：AD/AB = AE/AC。AB = AD + DB = 3 + 6 = 9。设EC = x，则AC = AE + EC = 2 + x。代入比例式：3/9 = 2/(2+x)，化简得1/3 = 2/(2+x)，交叉相乘得2+x = 6，解得x = 4。所以EC = 4。,pep-junior-s3-lower-inverse-similarity-trigonometry,pep-junior-s3-lower-paper-function-geometry-integrated,pep-junior-exam-quadratic-equations-functions,passed,needs-review,deepseek-original-v3-1200; pending-s18-manual-review
pep-junior-v3-s3-k11-sa-020,junior-rag-v3-1200,S3,lower,pep-junior-s3-lower-inverse-similarity-trigonometry,反比例函数、相似与锐角三角函数,short-answer,Challenge,在Rt△ABC中，∠C=90°，∠A=30°，BC=5。求AB的长。,,AB = 10,AB = 10 | 10,在Rt△ABC中，∠C=90°，∠A=30°，所以∠B=60°。根据30°角所对的直角边等于斜边的一半，BC是∠A的对边，所以BC = AB/2，即5 = AB/2，解得AB = 10。,pep-junior-s3-lower-inverse-similarity-trigonometry,pep-junior-s3-lower-paper-similarity,pep-junior-exam-number-sense-real-numbers,passed,needs-review,deepseek-original-v3-1200; pending-s18-manual-review
pep-junior-v3-s3-k11-sa-021,junior-rag-v3-1200,S3,lower,pep-junior-s3-lower-inverse-similarity-trigonometry,反比例函数、相似与锐角三角函数,short-answer,Challenge,一个长方体的长、宽、高分别为4 cm、3 cm、2 cm。求它的体对角线的长。,,√29 cm,√29 cm | 根号29厘米 | √29,"长方体的体对角线长公式为 d = √(a² + b² + c²)，其中a、b、c为长、宽、高。代入a=4, b=3, c=2，得 d = √(4² + 3² + 2²) = √(16 + 9 + 4) = √29 cm。",pep-junior-s3-lower-inverse-similarity-trigonometry,pep-junior-s3-lower-paper-graduation-review,pep-junior-exam-linear-equation-inequality-models,passed,needs-review,deepseek-original-v3-1200; pending-s18-manual-review
pep-junior-v3-s3-k11-sa-022,junior-rag-v3-1200,S3,lower,pep-junior-s3-lower-inverse-similarity-trigonometry,反比例函数、相似与锐角三角函数,short-answer,Challenge,反比例函数 y = (2k-1)/x 的图象在第二、四象限，求k的取值范围。,,k < 1/2,k < 1/2 | k<1/2 | k<0.5,反比例函数 y = (2k-1)/x 的图象在第二、四象限，说明比例系数 2k-1 < 0，解得 2k < 1，即 k < 1/2。,pep-junior-s3-lower-inverse-similarity-trigonometry,pep-junior-s3-lower-paper-inverse-functions,pep-junior-exam-polynomial-factorization-fractions,passed,needs-review,deepseek-original-v3-1200; pending-s18-manual-review
pep-junior-v3-s3-k11-sa-023,junior-rag-v3-1200,S3,lower,pep-junior-s3-lower-inverse-similarity-trigonometry,反比例函数、相似与锐角三角函数,short-answer,Challenge,在△ABC中，∠C=90°，AB=13，BC=5。求sinA的值。,,5/13,5/13,在Rt△ABC中，∠C=90°，AB是斜边，BC是∠A的对边。sinA = 对边/斜边 = BC/AB = 5/13。,pep-junior-s3-lower-inverse-similarity-trigonometry,pep-junior-s3-lower-paper-right-triangle-trigonometry,pep-junior-exam-triangles-congruence-proof,passed,needs-review,deepseek-original-v3-1200; pending-s18-manual-review
pep-junior-v3-s3-k11-sa-024,junior-rag-v3-1200,S3,lower,pep-junior-s3-lower-inverse-similarity-trigonometry,反比例函数、相似与锐角三角函数,short-answer,Challenge,一个几何体由几个大小相同的小立方块搭成，从正面看和从左面看得到的形状都是田字形（即2×2的正方形）。这个几何体最少由几个小立方块搭成？,,4,4 | 4个,从正面看和从左面看都是田字形，即都看到2×2的正方形，说明该几何体在前后、左右方向都至少有两层两列。最少的情况是底层放4个小立方块排成2×2的正方形，上层没有，这样从正面看和从左面看都是田字形。所以最少需要4个小立方块。,pep-junior-s3-lower-inverse-similarity-trigonometry,pep-junior-s3-lower-paper-projection-views,pep-junior-exam-quadrilaterals-pythagorean,passed,needs-review,deepseek-original-v3-1200; pending-s18-manual-review
pep-junior-v3-s3-k11-sa-025,junior-rag-v3-1200,S3,lower,pep-junior-s3-lower-inverse-similarity-trigonometry,反比例函数、相似与锐角三角函数,short-answer,Challenge,在平面直角坐标系中，反比例函数 y=4/x（x>0）的图象上有一点A，过A作AB⊥x轴于B。点C是x轴上一点，且△ABC的面积为6。若点A的横坐标为2，求点C的坐标。,,"C(8,0)或C(-4,0)","C(8,0)或C(-4,0) | (8,0)或(-4,0) | C(-4,0)或C(8,0)","由A在y=4/x上，且横坐标为2，得A(2,2)，所以B(2,0)，AB=2。设C(c,0)，点C到直线AB的距离为|c-2|。△ABC的面积为1/2×2×|c-2|=|c-2|=6，解得c=8或c=-4。因此C(8,0)或C(-4,0)。",pep-junior-s3-lower-inverse-similarity-trigonometry,pep-junior-s3-lower-paper-function-geometry-integrated,pep-junior-exam-circle-geometry,passed,needs-review,deepseek-original-v3-1200; pending-s18-manual-review
pep-junior-v3-s3-k11-sa-026,junior-rag-v3-1200,S3,lower,pep-junior-s3-lower-inverse-similarity-trigonometry,反比例函数、相似与锐角三角函数,short-answer,Challenge,从甲、乙、丙、丁4名同学中随机抽取2名参加活动，求抽到甲和乙的概率。,,1/6,1/6,"从4名同学中随机抽取2名，共有C(4,2)=6种等可能的结果：甲乙、甲丙、甲丁、乙丙、乙丁、丙丁。其中抽到甲和乙的结果有1种，所以概率为1/6。",pep-junior-s3-lower-inverse-similarity-trigonometry,pep-junior-s3-lower-paper-similarity,pep-junior-exam-statistics-probability,passed,needs-review,deepseek-original-v3-1200; pending-s18-manual-review
pep-junior-v3-s3-k11-sa-027,junior-rag-v3-1200,S3,lower,pep-junior-s3-lower-inverse-similarity-trigonometry,反比例函数、相似与锐角三角函数,short-answer,Challenge,"在平面直角坐标系中，将点P(-3, 2)先向右平移4个单位，再向下平移1个单位，得到点Q，求点Q的坐标。",,"Q(1, 1)","Q(1, 1) | (1,1)","点P(-3, 2)向右平移4个单位，横坐标加4，得-3+4=1；再向下平移1个单位，纵坐标减1，得2-1=1。所以点Q的坐标为(1, 1)。",pep-junior-s3-lower-inverse-similarity-trigonometry,pep-junior-s3-lower-paper-graduation-review,pep-junior-exam-coordinate-transformations,passed,needs-review,deepseek-original-v3-1200; pending-s18-manual-review
pep-junior-v3-s3-k11-sa-028,junior-rag-v3-1200,S3,lower,pep-junior-s3-lower-inverse-similarity-trigonometry,反比例函数、相似与锐角三角函数,short-answer,Challenge,一辆汽车在平直公路上匀速行驶，其速度v（单位：km/h）与行驶时间t（单位：h）满足反比例关系v = k/t。已知当t=2时，v=60。求k的值，并说明该反比例函数图象所在的象限。,,k=120，图象在第一象限,"k=120，图象在第一象限 | k=120, 图象在第一象限 | k=120 图象在第一象限",将t=2，v=60代入v=k/t，得60=k/2，解得k=120。因为k=120>0，且t>0（时间不能为负），所以v>0，因此图象在第一象限。故答案为k=120，图象在第一象限。,pep-junior-s3-lower-inverse-similarity-trigonometry,pep-junior-s3-lower-paper-inverse-functions,pep-junior-exam-dynamic-geometry-functions,passed,needs-review,deepseek-original-v3-1200; pending-s18-manual-review
pep-junior-v3-s3-k11-sa-029,junior-rag-v3-1200,S3,lower,pep-junior-s3-lower-inverse-similarity-trigonometry,反比例函数、相似与锐角三角函数,short-answer,Challenge,小明在阳光下测量旗杆的高度。他测得自己的身高为1.6米，影子长为0.8米；同时测得旗杆的影子长为6米。假设光线平行，求旗杆的高度。,,12米,12米 | 12 | 12m,由于光线平行，人与旗杆与地面形成的三角形相似。设旗杆高为h米，由相似得比例：1.6/0.8 = h/6，解得h=12。故旗杆的高度为12米。,pep-junior-s3-lower-inverse-similarity-trigonometry,pep-junior-s3-lower-paper-right-triangle-trigonometry,pep-junior-exam-applied-modeling-finance-rate,passed,needs-review,deepseek-original-v3-1200; pending-s18-manual-review
pep-junior-v3-s3-k11-sa-030,junior-rag-v3-1200,S3,lower,pep-junior-s3-lower-inverse-similarity-trigonometry,反比例函数、相似与锐角三角函数,short-answer,Challenge,一个几何体由若干个相同的小正方体搭成，从正面看得到的图形是3列，从左到右每列小正方形的个数依次为2、1、1；从左面看得到的图形是2列，从左到右每列小正方形的个数依次为2、1。求这个几何体最少需要多少个小正方体。,,5,5 | 5个,根据主视图和左视图，可还原几何体的最少块数。主视图3列，最高2层；左视图2列，最高2层。最少时，第一层放3个，第二层在第一列放2个，共5个。故答案为5。,pep-junior-s3-lower-inverse-similarity-trigonometry,pep-junior-s3-lower-paper-projection-views,pep-junior-exam-proof-calculation-integrated,passed,needs-review,deepseek-original-v3-1200; pending-s18-manual-review
pep-junior-v3-s3-k11-sa-031,junior-rag-v3-1200,S3,lower,pep-junior-s3-lower-inverse-similarity-trigonometry,反比例函数、相似与锐角三角函数,short-answer,Challenge,在△ABC中，AB=AC=5，BC=6，D为BC上一点，且BD=2，DE⊥AB于E，DF⊥AC于F。求DE+DF的值。,,4.8,4.8 | 24/5,连接AD，作AH⊥BC于H。由等腰三角形三线合一得BH=CH=3，AH=4。S△ABC=1/2×6×4=12。又S△ABC=S△ABD+S△ACD=1/2×AB×DE+1/2×AC×DF=1/2×5×(DE+DF)=12，解得DE+DF=4.8。故答案为4.8。,pep-junior-s3-lower-inverse-similarity-trigonometry,pep-junior-s3-lower-paper-function-geometry-integrated,pep-junior-exam-similarity-right-triangle-trig,passed,needs-review,deepseek-original-v3-1200; pending-s18-manual-review
pep-junior-v3-s3-k11-sa-032,junior-rag-v3-1200,S3,lower,pep-junior-s3-lower-inverse-similarity-trigonometry,反比例函数、相似与锐角三角函数,short-answer,Challenge,在△ABC与△DEF中，∠A=∠D=70°，AB=4，AC=6，DE=8，DF=12。问△ABC与△DEF是否相似？若相似，请写出相似比。,,相似，相似比为1:2,"相似，相似比为1:2 | 相似,相似比为1:2 | 相似 相似比为1:2",因为AB/DE=4/8=1/2，AC/DF=6/12=1/2，且夹角∠A=∠D=70°，所以△ABC∽△DEF，相似比为1:2。故答案为相似，相似比为1:2。,pep-junior-s3-lower-inverse-similarity-trigonometry,pep-junior-s3-lower-paper-similarity,pep-junior-exam-inverse-proportion-models,passed,needs-review,deepseek-original-v3-1200; pending-s18-manual-review
pep-junior-v3-s3-k11-sa-033,junior-rag-v3-1200,S3,lower,pep-junior-s3-lower-inverse-similarity-trigonometry,反比例函数、相似与锐角三角函数,short-answer,Challenge,"已知一次函数y=kx+b的图象经过点(1,3)和(3,1)。求该函数的表达式。",,y=-x+4,y=-x+4 | y = -x + 4,"将点(1,3)和(3,1)代入y=kx+b，得方程组：k+b=3，3k+b=1。解得k=-1，b=4。故函数表达式为y=-x+4。",pep-junior-s3-lower-inverse-similarity-trigonometry,pep-junior-s3-lower-paper-graduation-review,pep-junior-exam-linear-functions-graphs,passed,needs-review,deepseek-original-v3-1200; pending-s18-manual-review
pep-junior-v3-s3-k11-sa-034,junior-rag-v3-1200,S3,lower,pep-junior-s3-lower-inverse-similarity-trigonometry,反比例函数、相似与锐角三角函数,short-answer,Challenge,已知反比例函数y=(m-1)/x的图象在第二、四象限，求m的取值范围。,,m<1,m<1 | m < 1,反比例函数y=k/x的图象在第二、四象限时，k<0。这里k=m-1，所以m-1<0，解得m<1。故答案为m<1。,pep-junior-s3-lower-inverse-similarity-trigonometry,pep-junior-s3-lower-paper-inverse-functions,pep-junior-exam-quadratic-equations-functions,passed,needs-review,deepseek-original-v3-1200; pending-s18-manual-review
pep-junior-v3-s3-k11-sa-035,junior-rag-v3-1200,S3,lower,pep-junior-s3-lower-inverse-similarity-trigonometry,反比例函数、相似与锐角三角函数,short-answer,Challenge,在Rt△ABC中，∠C=90°，AC=3，BC=4，求sinA的值。,,4/5,4/5 | 0.8,由勾股定理得AB=√(3²+4²)=5。sinA=∠A的对边/斜边=BC/AB=4/5。故答案为4/5。,pep-junior-s3-lower-inverse-similarity-trigonometry,pep-junior-s3-lower-paper-right-triangle-trigonometry,pep-junior-exam-number-sense-real-numbers,passed,needs-review,deepseek-original-v3-1200; pending-s18-manual-review
pep-junior-v3-s3-k11-sa-036,junior-rag-v3-1200,S3,lower,pep-junior-s3-lower-inverse-similarity-trigonometry,反比例函数、相似与锐角三角函数,short-answer,Challenge,一个几何体的三视图如下：主视图是边长为2的正方形，左视图是边长为2的正方形，俯视图是边长为2的正方形。请判断这个几何体的形状，并求其表面积。,,正方体，表面积为24,"正方体，表面积为24 | 正方体,表面积为24 | 正方体 表面积为24",三个视图都是边长为2的正方形，所以该几何体是棱长为2的正方体。正方体的表面积=6×棱长²=6×2²=24。故答案为正方体，表面积为24。,pep-junior-s3-lower-inverse-similarity-trigonometry,pep-junior-s3-lower-paper-projection-views,pep-junior-exam-linear-equation-inequality-models,passed,needs-review,deepseek-original-v3-1200; pending-s18-manual-review
pep-junior-v3-s3-k11-sa-037,junior-rag-v3-1200,S3,lower,pep-junior-s3-lower-inverse-similarity-trigonometry,反比例函数、相似与锐角三角函数,short-answer,Challenge,先化简，再求值：(1/(x-1) - 1/(x+1)) ÷ (2/(x²-1))，其中x=2。,,1,1,原式=(1/(x-1) - 1/(x+1)) × (x²-1)/2。通分得((x+1)-(x-1))/((x-1)(x+1)) × (x+1)(x-1)/2 = (2)/((x-1)(x+1)) × (x+1)(x-1)/2 = 1。当x=2时，原式=1。故答案为1。,pep-junior-s3-lower-inverse-similarity-trigonometry,pep-junior-s3-lower-paper-function-geometry-integrated,pep-junior-exam-polynomial-factorization-fractions,passed,needs-review,deepseek-original-v3-1200; pending-s18-manual-review
pep-junior-v3-s3-k11-sa-038,junior-rag-v3-1200,S3,lower,pep-junior-s3-lower-inverse-similarity-trigonometry,反比例函数、相似与锐角三角函数,short-answer,Challenge,小明在测量学校旗杆的高度时，采用了如下方法：他在平地上直立一根长2米的标杆，测得标杆的影子长为1.6米，同时测得旗杆的影子长为9.6米。已知太阳光线是平行光线，且旗杆与标杆均垂直于地面。求旗杆的高度。,,12米,12米 | 12 m,根据相似三角形原理，由于太阳光线平行，标杆与其影子构成的直角三角形与旗杆与其影子构成的直角三角形相似。设旗杆高度为h米，则有比例关系：标杆高度/标杆影长 = 旗杆高度/旗杆影长，即2/1.6 = h/9.6。解得h = (2 × 9.6) / 1.6 = 12米。因此旗杆的高度为12米。,pep-junior-s3-lower-inverse-similarity-trigonometry,pep-junior-s3-lower-paper-similarity,pep-junior-exam-triangles-congruence-proof,passed,needs-review,deepseek-original-v3-1200; pending-s18-manual-review
pep-junior-v3-s3-k11-sa-039,junior-rag-v3-1200,S3,lower,pep-junior-s3-lower-inverse-similarity-trigonometry,反比例函数、相似与锐角三角函数,short-answer,Challenge,"在平面直角坐标系中，反比例函数 y=k/x（k≠0）的图象经过点 A(3,4)。过点 A 作 x 轴的垂线，垂足为 B，过点 A 作 y 轴的垂线，垂足为 C。连接 BC。点 P 是线段 BC 上一点（不与端点重合），过点 P 作 x 轴的垂线，交反比例函数图象于点 Q，交线段 AC 于点 R。设点 P 的横坐标为 m（0<m<3）。 （1）求 k 的值； （2）用含 m 的代数式表示线段 QR 的长； （3）当 QR=1 时，求点 P 的坐标。",,"（1）k=12；（2）QR=12/m-4；（3）P的坐标为(12/5,4/5)","（1）k=12；（2）QR=12/m-4；（3）P的坐标为(12/5,4/5) | k=12；QR=12/m-4；P(12/5,4/5) | （1）k = 12；（2）QR = 12/m - 4；（3）P 的坐标为 (12/5, 4/5)","（1）点A(3,4)在反比例函数上，得4=k/3，所以k=12。 （2）B(3,0)，C(0,4)，直线BC的解析式为 y=-4/3x+4。点P横坐标为m，则P的纵坐标为 -4m/3+4。点Q在反比例函数上，纵坐标为12/m；点R在线段AC上，纵坐标为4。因为0<m<3，所以12/m>4，QR=12/m-4。 （3）令12/m-4=1，得m=12/5。此时P的纵坐标为 -4/3×12/5+4=4/5，所以P的坐标为(12/5,4/5)。",pep-junior-s3-lower-inverse-similarity-trigonometry,pep-junior-s3-lower-paper-graduation-review,pep-junior-exam-quadrilaterals-pythagorean,passed,needs-review,deepseek-original-v3-1200; pending-s18-manual-review
pep-junior-v3-s3-k11-sa-040,junior-rag-v3-1200,S3,lower,pep-junior-s3-lower-inverse-similarity-trigonometry,反比例函数、相似与锐角三角函数,short-answer,Challenge,"在平面直角坐标系中，点A的坐标为(2, 3)，点B的坐标为(6, 7)。将线段AB绕点A逆时针旋转90°得到线段AC。求点C的坐标。",,"(-2, 7)","(-2, 7) | (-2,7)","设点C的坐标为(x, y)。由旋转90°的坐标变换规律：点P(a, b)绕点O(0,0)逆时针旋转90°得到P'(-b, a)。但此处旋转中心为A(2,3)，需先将A平移至原点。将A、B平移：A'(0,0)，B'(6-2, 7-3) = (4, 4)。将B'绕原点逆时针旋转90°得C'(-4, 4)。再将C'平移回原坐标系：C(-4+2, 4+3) = (-2, 7)。因此点C的坐标为(-2, 7)。",pep-junior-s3-lower-inverse-similarity-trigonometry,pep-junior-s3-lower-paper-inverse-functions,pep-junior-exam-circle-geometry,passed,needs-review,deepseek-original-v3-1200; pending-s18-manual-review
pep-junior-v3-s3-k11-sa-041,junior-rag-v3-1200,S3,lower,pep-junior-s3-lower-inverse-similarity-trigonometry,反比例函数、相似与锐角三角函数,short-answer,Challenge,小明在数学活动课上研究一个直角三角形工件，已知该三角形的一个锐角为35°，且该锐角所对的直角边长为12 cm。小明想计算这个锐角相邻的直角边的长度（精确到0.1 cm）。请你帮助小明完成计算，并说明你选择的三角函数及其理由。,,约17.1 cm,约17.1 cm | 约17.1cm | 17.1 cm | 17.1cm | 约17.1,在直角三角形中，已知一个锐角为35°，其对边长为12 cm，求邻边长。根据正切函数的定义，tan(35°) = 对边/邻边，因此邻边 = 对边 / tan(35°) = 12 / tan(35°)。使用计算器求得tan(35°) ≈ 0.7002，则邻边 ≈ 12 / 0.7002 ≈ 17.14 cm，精确到0.1 cm为约17.1 cm。选择正切函数是因为已知对边和角度，求邻边，正切函数直接关联这两个量。,pep-junior-s3-lower-inverse-similarity-trigonometry,pep-junior-s3-lower-paper-right-triangle-trigonometry,pep-junior-exam-statistics-probability,passed,needs-review,deepseek-original-v3-1200; pending-s18-manual-review
pep-junior-v3-s3-k11-sa-042,junior-rag-v3-1200,S3,lower,pep-junior-s3-lower-inverse-similarity-trigonometry,反比例函数、相似与锐角三角函数,short-answer,Challenge,"在平面直角坐标系中，反比例函数 y = k/x (k > 0) 的图象经过点 A(2, 3)。点 B 在 x 轴正半轴上，且 AB ⊥ x 轴，点 C 在 y 轴正半轴上，且 AC ⊥ y 轴。连接 BC，求 BC 所在直线的函数解析式。",,y = -3/2 x + 3,y = -3/2 x + 3 | y = -1.5x + 3 | y = 3 - 3/2 x | y = 3 - 1.5x,"由点 A(2,3) 在反比例函数 y = k/x 上，得 3 = k/2，解得 k = 6。故反比例函数为 y = 6/x。因 AB ⊥ x 轴且 B 在 x 轴正半轴，故 B 点横坐标与 A 相同，纵坐标为 0，得 B(2,0)。因 AC ⊥ y 轴且 C 在 y 轴正半轴，故 C 点纵坐标与 A 相同，横坐标为 0，得 C(0,3)。设直线 BC 的解析式为 y = mx + b，将 B(2,0) 和 C(0,3) 代入，得 0 = 2m + b 和 3 = b，解得 b = 3，m = -3/2。所以直线 BC 的解析式为 y = -3/2 x + 3。",pep-junior-s3-lower-inverse-similarity-trigonometry,pep-junior-s3-lower-paper-projection-views,pep-junior-exam-coordinate-transformations,passed,needs-review,deepseek-original-v3-1200; pending-s18-manual-review
pep-junior-v3-s3-k11-sa-043,junior-rag-v3-1200,S3,lower,pep-junior-s3-lower-inverse-similarity-trigonometry,反比例函数、相似与锐角三角函数,short-answer,Challenge,"在平面直角坐标系中，点A(2, 4)在反比例函数y = k/x (x > 0)的图象上，点B的横坐标为6，也在该反比例函数图象上。过点A作x轴的垂线，垂足为C；过点B作x轴的垂线，垂足为D。连接OA、OB、AB。若将△OAB绕点O逆时针旋转90°得到△OA'B'，求点A'的坐标。",,"(-4, 2)","(-4, 2) | (-4,2)","由点A(2,4)在y=k/x上，得4=k/2，所以k=8，反比例函数为y=8/x。点B横坐标为6，代入得y=8/6=4/3，所以B(6, 4/3)。将△OAB绕点O逆时针旋转90°，点A(2,4)绕原点逆时针旋转90°的坐标变换规则为(x,y)→(-y,x)，故A'坐标为(-4,2)。",pep-junior-s3-lower-inverse-similarity-trigonometry,pep-junior-s3-lower-paper-function-geometry-integrated,pep-junior-exam-dynamic-geometry-functions,passed,needs-review,deepseek-original-v3-1200; pending-s18-manual-review
pep-junior-v3-s3-k11-sa-044,junior-rag-v3-1200,S3,lower,pep-junior-s3-lower-inverse-similarity-trigonometry,反比例函数、相似与锐角三角函数,short-answer,Challenge,小明在测量学校旗杆高度时，发现旗杆的影子一部分落在地面上，一部分落在教学楼的墙上。他测得落在地面上的影子长8米，落在墙上的影子高2米。同一时刻，他测得一根1米长的竹竿竖直放置时，地面上的影子长0.8米。求旗杆的高度。,,12米,12米 | 12m | 12,设旗杆高度为h米。同一时刻物高与影长成正比，竹竿的物高与影长比为1:0.8=5:4。墙上影子高2米对应的部分若落在地面上，影长应为2×0.8=1.6米，所以旗杆的等效地面影长为8+1.6=9.6米。由h:9.6=5:4，得h=12。旗杆高度为12米。,pep-junior-s3-lower-inverse-similarity-trigonometry,pep-junior-s3-lower-paper-similarity,pep-junior-exam-applied-modeling-finance-rate,passed,needs-review,deepseek-original-v3-1200; pending-s18-manual-review
pep-junior-v3-s3-k11-sa-045,junior-rag-v3-1200,S3,lower,pep-junior-s3-lower-inverse-similarity-trigonometry,反比例函数、相似与锐角三角函数,short-answer,Challenge,"在平面直角坐标系中，反比例函数 y=k/x（k≠0）的图象经过点 A(2,3)。过点 A 作 AB⊥x轴，垂足为 B；过点 A 作 AC⊥y轴，垂足为 C。求反比例函数的解析式，并写出点 B、点 C 的坐标。",,"y=6/x，B(2,0)，C(0,3)","y=6/x，B(2,0)，C(0,3) | y=6/x, B(2,0), C(0,3) | B(2,0)，C(0,3)，y=6/x","点 A(2,3) 在反比例函数 y=k/x 上，代入得 k=2×3=6，所以解析式为 y=6/x。点 B 是点 A 到 x 轴的垂足，横坐标不变且纵坐标为0，所以 B(2,0)。点 C 是点 A 到 y 轴的垂足，横坐标为0且纵坐标不变，所以 C(0,3)。",pep-junior-s3-lower-inverse-similarity-trigonometry,pep-junior-s3-lower-paper-graduation-review,pep-junior-exam-proof-calculation-integrated,passed,needs-review,deepseek-original-v3-1200; pending-s18-manual-review
pep-junior-v3-s3-k11-sa-046,junior-rag-v3-1200,S3,lower,pep-junior-s3-lower-inverse-similarity-trigonometry,反比例函数、相似与锐角三角函数,short-answer,Challenge,"在反比例函数 y = k/x (k ≠ 0) 的图象上，点 A(2, -3) 和点 B(m, 6) 位于同一象限。求 m 的值。",,-1,-1,"由点 A(2, -3) 在反比例函数 y = k/x 上，代入得 -3 = k/2，解得 k = -6。函数解析式为 y = -6/x。将点 B(m, 6) 代入，得 6 = -6/m，解得 m = -1。",pep-junior-s3-lower-inverse-similarity-trigonometry,pep-junior-s3-lower-paper-inverse-functions,pep-junior-exam-similarity-right-triangle-trig,passed,needs-review,deepseek-original-v3-1200; pending-s18-manual-review
pep-junior-v3-s3-k11-sa-047,junior-rag-v3-1200,S3,lower,pep-junior-s3-lower-inverse-similarity-trigonometry,反比例函数、相似与锐角三角函数,short-answer,Challenge,某校数学兴趣小组在测量活动中，需要计算旗杆的高度。他们在地面点A处测得旗杆顶端C的仰角为30°，然后向旗杆方向前进20米到达点B，此时测得旗杆顶端C的仰角为45°。已知测角仪的高度为1.5米，且点A、B与旗杆底部D在同一直线上。请计算旗杆CD的高度（结果保留根号）。,,10√3 + 11.5,10√3 + 11.5 | 10√3+11.5 | 11.5 + 10√3 | 11.5+10√3,设旗杆底部D到点B的水平距离为x米。由题意，在点B处仰角为45°，所以从测角仪位置E（B上方1.5米）看，CE = x米；在点A处仰角为30°，从测角仪位置F（A上方1.5米）看，CF = (x+20)米，且∠CFE=30°。在直角三角形CFE中，tan30° = CE/CF = x/(x+20) = 1/√3，解得x = 10√3 + 10。因此旗杆高度CD = CE + 1.5 = x + 1.5 = 10√3 + 11.5米。,pep-junior-s3-lower-inverse-similarity-trigonometry,pep-junior-s3-lower-paper-right-triangle-trigonometry,pep-junior-exam-inverse-proportion-models,passed,needs-review,deepseek-original-v3-1200; pending-s18-manual-review
pep-junior-v3-s3-k11-sa-048,junior-rag-v3-1200,S3,lower,pep-junior-s3-lower-inverse-similarity-trigonometry,反比例函数、相似与锐角三角函数,short-answer,Challenge,"在反比例函数 y = k/x (k ≠ 0) 的图象上，取两点 A(-2, a) 和 B(4, b)。若 a - b = 3，求 k 的值。",,k = -8,k = -8 | -8 | k=-8,"因为点 A(-2, a) 和 B(4, b) 在反比例函数 y = k/x 的图象上，所以 a = k/(-2) = -k/2，b = k/4。由 a - b = 3，得 -k/2 - k/4 = 3。通分得 -2k/4 - k/4 = 3，即 -3k/4 = 3，解得 k = -8。",pep-junior-s3-lower-inverse-similarity-trigonometry,pep-junior-s3-lower-paper-projection-views,pep-junior-exam-linear-functions-graphs,passed,needs-review,deepseek-original-v3-1200; pending-s18-manual-review
pep-junior-v3-s3-k11-sa-049,junior-rag-v3-1200,S3,lower,pep-junior-s3-lower-inverse-similarity-trigonometry,反比例函数、相似与锐角三角函数,short-answer,Challenge,"已知反比例函数 y=k/x（k≠0）的图象经过点 A(2,-3)。过点 A 分别作 x 轴、y 轴的垂线，垂足为 B、C。求 k 的值，并求矩形 OBAC 的面积。",,k=-6，面积为6,"k=-6，面积为6 | k = -6，面积为6 | -6，6 | k=-6, 面积=6","点 A(2,-3) 在反比例函数 y=k/x 上，代入得 -3=k/2，所以 k=-6。点 B 为 (2,0)，点 C 为 (0,-3)，矩形 OBAC 的两条邻边长分别为2和3，因此面积为2×3=6。",pep-junior-s3-lower-inverse-similarity-trigonometry,pep-junior-s3-lower-paper-function-geometry-integrated,pep-junior-exam-quadratic-equations-functions,passed,needs-review,deepseek-original-v3-1200; pending-s18-manual-review
pep-junior-v3-s3-k11-sa-050,junior-rag-v3-1200,S3,lower,pep-junior-s3-lower-inverse-similarity-trigonometry,反比例函数、相似与锐角三角函数,short-answer,Challenge,在反比例函数 y = k/x (k ≠ 0) 的图象上，点 A 的横坐标为 6，点 B 的横坐标为 8。已知线段 AB 的长度为 √13，求 k 的值。,,k = ±24,k = ±24 | k=±24 | k=24或k=-24 | k=24 或 k=-24 | ±24,"设点 A 坐标为 (6, k/6)，点 B 坐标为 (8, k/8)。根据两点间距离公式，AB² = (8 - 6)² + (k/8 - k/6)² = 4 + (k(1/8 - 1/6))² = 4 + (k(-1/24))² = 4 + k²/576。已知 AB = √13，所以 AB² = 13，即 4 + k²/576 = 13。解得 k²/576 = 9，k² = 5184，故 k = ±24。",pep-junior-s3-lower-inverse-similarity-trigonometry,pep-junior-s3-lower-paper-similarity,pep-junior-exam-number-sense-real-numbers,passed,needs-review,deepseek-original-v3-1200; pending-s18-manual-review
pep-junior-v3-s3-k11-sa-051,junior-rag-v3-1200,S3,lower,pep-junior-s3-lower-inverse-similarity-trigonometry,反比例函数、相似与锐角三角函数,short-answer,Challenge,"在平面直角坐标系中，反比例函数 y = k/x (k ≠ 0) 的图象经过点 A(2, 3)。过点 A 作 x 轴的垂线，垂足为 B；作 y 轴的垂线，垂足为 C。连接 BC。求 k 的值，并判断四边形 OBAC 的形状。",,k = 6，四边形 OBAC 是矩形,k = 6，四边形 OBAC 是矩形 | k=6，四边形OBAC是矩形 | 6，矩形 | k的值为6，四边形OBAC为矩形,"由点 A(2, 3) 在反比例函数 y = k/x 的图象上，代入得 3 = k/2，解得 k = 6。因为 AB ⊥ x 轴，AC ⊥ y 轴，所以 ∠ABO = 90°，∠ACO = 90°。又因为 x 轴 ⊥ y 轴，所以 ∠BOC = 90°。因此四边形 OBAC 有三个直角，故四边形 OBAC 是矩形。",pep-junior-s3-lower-inverse-similarity-trigonometry,pep-junior-s3-lower-paper-graduation-review,pep-junior-exam-linear-equation-inequality-models,passed,needs-review,deepseek-original-v3-1200; pending-s18-manual-review
pep-junior-v3-s3-k11-sa-052,junior-rag-v3-1200,S3,lower,pep-junior-s3-lower-inverse-similarity-trigonometry,反比例函数、相似与锐角三角函数,short-answer,Challenge,"已知反比例函数 y = k/x 的图象经过点 A(2, -3)。点 B(m, 6) 也在该函数图象上。求 m 的值。",,-1,-1,"将点 A(2, -3) 代入 y = k/x，得 -3 = k/2，解得 k = -6。所以反比例函数为 y = -6/x。将点 B(m, 6) 代入，得 6 = -6/m，解得 m = -1。",pep-junior-s3-lower-inverse-similarity-trigonometry,pep-junior-s3-lower-paper-inverse-functions,pep-junior-exam-polynomial-factorization-fractions,passed,needs-review,deepseek-original-v3-1200; pending-s18-manual-review
pep-junior-v3-s3-k11-sa-053,junior-rag-v3-1200,S3,lower,pep-junior-s3-lower-inverse-similarity-trigonometry,反比例函数、相似与锐角三角函数,short-answer,Challenge,小明在练习本上画了一个锐角三角形ABC，其中∠C=90°，AC=6 cm，BC=8 cm。他想计算∠A的正弦值，但他忘记了正弦的定义。请你帮他写出∠A的正弦值，并说明你是如何确定这个值的。,,4/5,4/5 | 0.8 | 8/10 | 80%,在直角三角形ABC中，∠C=90°，所以AB是斜边。根据勾股定理，AB = √(AC² + BC²) = √(6² + 8²) = √(36 + 64) = √100 = 10 cm。∠A的对边是BC，长度为8 cm，斜边AB长度为10 cm。正弦定义为对边比斜边，所以sin A = BC/AB = 8/10 = 4/5。因此∠A的正弦值为4/5。,pep-junior-s3-lower-inverse-similarity-trigonometry,pep-junior-s3-lower-paper-right-triangle-trigonometry,pep-junior-exam-triangles-congruence-proof,passed,needs-review,deepseek-original-v3-1200; pending-s18-manual-review
pep-junior-v3-s3-k11-sa-054,junior-rag-v3-1200,S3,lower,pep-junior-s3-lower-inverse-similarity-trigonometry,反比例函数、相似与锐角三角函数,short-answer,Challenge,在反比例函数 y = k/x 的图象上，点 P 的横坐标是 4，纵坐标是 -3。若点 Q 在同一个反比例函数图象上，且点 Q 的横坐标是 -6，求点 Q 的纵坐标。,,2,2,"由点 P(4, -3) 在反比例函数 y = k/x 上，得 k = 4 × (-3) = -12，所以函数为 y = -12/x。当点 Q 的横坐标为 -6 时，纵坐标 y = -12/(-6) = 2。",pep-junior-s3-lower-inverse-similarity-trigonometry,pep-junior-s3-lower-paper-projection-views,pep-junior-exam-quadrilaterals-pythagorean,passed,needs-review,deepseek-original-v3-1200; pending-s18-manual-review
pep-junior-v3-s3-k11-sa-055,junior-rag-v3-1200,S3,lower,pep-junior-s3-lower-inverse-similarity-trigonometry,反比例函数、相似与锐角三角函数,short-answer,Challenge,在反比例函数 y = k/x (k ≠ 0) 的图象上，取一点 P，向 x 轴和 y 轴分别作垂线，垂足为 A 和 B。若矩形 OAPB 的面积为 8，且点 P 位于第二象限，求该反比例函数的解析式，并说明该函数图象所在的象限。,,y = -8/x，图象在第二、四象限,y = -8/x，图象在第二、四象限 | y=-8/x，图象在第二、四象限,由反比例函数系数 k 的几何意义，矩形 OAPB 的面积等于 |k|。已知面积为 8，故 |k| = 8。又点 P 在第二象限，横坐标为负，纵坐标为正，所以 k = xy < 0，因此 k = -8。反比例函数解析式为 y = -8/x。由于 k < 0，图象位于第二、四象限。,pep-junior-s3-lower-inverse-similarity-trigonometry,pep-junior-s3-lower-paper-function-geometry-integrated,pep-junior-exam-circle-geometry,passed,needs-review,deepseek-original-v3-1200; pending-s18-manual-review
pep-junior-v3-s3-k11-sa-056,junior-rag-v3-1200,S3,lower,pep-junior-s3-lower-inverse-similarity-trigonometry,反比例函数、相似与锐角三角函数,short-answer,Challenge,在△ABC中，点D在边AB上，点E在边AC上，DE∥BC。已知AD=4，DB=6，AE=5，求EC的长。,,7.5,7.5 | 15/2,因为DE∥BC，所以△ADE∽△ABC，对应边成比例。AD:AB=AE:AC，其中AB=AD+DB=4+6=10，所以4:10=5:AC，解得AC=12.5。EC=AC-AE=12.5-5=7.5。,pep-junior-s3-lower-inverse-similarity-trigonometry,pep-junior-s3-lower-paper-similarity,pep-junior-exam-statistics-probability,passed,needs-review,deepseek-original-v3-1200; pending-s18-manual-review
pep-junior-v3-s3-k11-sa-057,junior-rag-v3-1200,S3,lower,pep-junior-s3-lower-inverse-similarity-trigonometry,反比例函数、相似与锐角三角函数,short-answer,Challenge,"在平面直角坐标系中，点A的坐标为(2, 0)，点B的坐标为(0, 4)。将线段AB绕点A逆时针旋转90°得到线段AC，再将线段AC绕点C逆时针旋转90°得到线段CD。求点D的坐标。",,"(-4, 2)","(-4, 2) | (-4,2) | （-4，2）","向量 AB=(0-2,4-0)=(-2,4)。逆时针旋转90°后变为(-4,-2)，所以 C=(2,0)+(-4,-2)=(-2,-2)。再看向量 CA=(2-(-2),0-(-2))=(4,2)，逆时针旋转90°后变为(-2,4)，所以 D=(-2,-2)+(-2,4)=(-4,2)。",pep-junior-s3-lower-inverse-similarity-trigonometry,pep-junior-s3-lower-paper-graduation-review,pep-junior-exam-coordinate-transformations,passed,needs-review,deepseek-original-v3-1200; pending-s18-manual-review
pep-junior-v3-s3-k11-sa-058,junior-rag-v3-1200,S3,lower,pep-junior-s3-lower-inverse-similarity-trigonometry,反比例函数、相似与锐角三角函数,short-answer,Challenge,"小明在探究反比例函数时，发现函数 y = k/x 的图象经过点 (a, b)，其中 a 和 b 是一元二次方程 x^2 - 5x + 4 = 0 的两个根，且 a < b。若将该反比例函数图象先向右平移 2 个单位，再向上平移 1 个单位，得到新函数图象。求新函数图象的对称中心坐标。",,"(2, 1)","(2, 1)","由一元二次方程 x^2 - 5x + 4 = 0，解得 x1 = 1, x2 = 4。因为 a < b，所以 a = 1, b = 4。反比例函数 y = k/x 的图象经过点 (1, 4)，代入得 4 = k/1，解得 k = 4。原反比例函数为 y = 4/x，其对称中心为原点 (0, 0)。将图象向右平移 2 个单位，再向上平移 1 个单位，对称中心相应平移，得到新对称中心坐标为 (2, 1)。",pep-junior-s3-lower-inverse-similarity-trigonometry,pep-junior-s3-lower-paper-inverse-functions,pep-junior-exam-dynamic-geometry-functions,passed,needs-review,deepseek-original-v3-1200; pending-s18-manual-review
pep-junior-v3-s3-k11-sa-059,junior-rag-v3-1200,S3,lower,pep-junior-s3-lower-inverse-similarity-trigonometry,反比例函数、相似与锐角三角函数,short-answer,Challenge,某银行推出一种“成长储蓄”计划：一年利息 I 满足 I=P×r/100，其中 P 为本金（元），r 为年利率的百分数值（例如4%写作4）。如果希望一年利息为2400元，且年利率不超过5%，那么本金至少需要存入多少元？请写出计算过程并给出答案。,,48000元,48000元 | 48000,由 I=P×r/100 且 I=2400，得 P×r/100=2400，即 P×r=240000。要求年利率不超过5%，即 r≤5。要使本金 P 尽可能小，应取允许的最大年利率 r=5。于是 P=240000÷5=48000。因此，本金至少需要存入48000元。,pep-junior-s3-lower-inverse-similarity-trigonometry,pep-junior-s3-lower-paper-right-triangle-trigonometry,pep-junior-exam-applied-modeling-finance-rate,passed,needs-review,deepseek-original-v3-1200; pending-s18-manual-review
pep-junior-v3-s3-k11-sa-060,junior-rag-v3-1200,S3,lower,pep-junior-s3-lower-inverse-similarity-trigonometry,反比例函数、相似与锐角三角函数,short-answer,Challenge,小雅在综合实践活动中研究“相似与测量”。她站在水平地面上，利用一根竖直标杆和阳光下的影子测量远处一棵树的高度。小雅的身高为1.6 m，她测得自己影子的长度为2.0 m。此时，她将标杆竖直插在地面上，标杆露出地面部分的高度为1.2 m，测得标杆影子的长度为1.5 m。同时，她测得树的影子完全落在地面上，长度为9.0 m。假设阳光光线互相平行，且地面水平。求树的高度。,,7.2 m,7.2 m | 7.2米 | 7.2,由于阳光光线平行，物体高度与影子长度成正比。由小雅的身高和影子长度可得比例系数为 1.6 m / 2.0 m = 0.8。标杆高度与影子长度之比为 1.2 m / 1.5 m = 0.8，验证了比例的一致性。因此，树的高度与影子长度之比也为0.8。设树的高度为 h，则 h / 9.0 m = 0.8，解得 h = 0.8 × 9.0 m = 7.2 m。所以树的高度为7.2 m。,pep-junior-s3-lower-inverse-similarity-trigonometry,pep-junior-s3-lower-paper-projection-views,pep-junior-exam-proof-calculation-integrated,passed,needs-review,deepseek-original-v3-1200; pending-s18-manual-review
pep-junior-v3-s3-k11-sa-061,junior-rag-v3-1200,S3,lower,pep-junior-s3-lower-inverse-similarity-trigonometry,反比例函数、相似与锐角三角函数,short-answer,Challenge,"已知反比例函数 y = k/x 的图象经过点 A(2, -3)。若点 B(m, n) 在该图象上，且 m > 0，n < 0，求 k 的值，并说明该图象位于哪些象限。",,k = -6，图象位于第二、四象限,k = -6，图象位于第二、四象限 | k=-6，图象在第二和第四象限 | k=-6，图象在第二、四象限,"将点 A(2, -3) 代入 y = k/x，得 -3 = k/2，解得 k = -6。因为 k < 0，所以反比例函数图象位于第二、四象限。点 B(m, n) 满足 m > 0, n < 0，即点 B 在第四象限，与图象所在象限一致。故答案为 k = -6，图象位于第二、四象限。",pep-junior-s3-lower-inverse-similarity-trigonometry,pep-junior-s3-lower-paper-function-geometry-integrated,pep-junior-exam-similarity-right-triangle-trig,passed,needs-review,deepseek-original-v3-1200; pending-s18-manual-review
pep-junior-v3-s3-k11-sa-062,junior-rag-v3-1200,S3,lower,pep-junior-s3-lower-inverse-similarity-trigonometry,反比例函数、相似与锐角三角函数,short-answer,Challenge,小明在数学实践活动中，利用相似三角形和反比例函数的知识测量学校旗杆的高度。他在平地上直立一根长度为1.5米的标杆，测得标杆的影长为2米。同时，他测得旗杆的影长为16米。已知太阳光线是平行光线，且地面水平。之后，小明发现旗杆顶端与旗杆影子端点的连线与地面夹角的正切值，恰好等于反比例函数 y=k/x（k>0）在 x=4 时的函数值。求旗杆的高度，并求出 k 的值。,,旗杆高度为12米，k=3,旗杆高度为12米，k=3 | 12米，k=3 | 旗杆高12米，k=3 | 高度12米，k=3,标杆和旗杆与各自影长构成的直角三角形相似。设旗杆高度为 h 米，则 1.5/2=h/16，解得 h=12。旗杆顶端与影子端点连线和地面的夹角满足 tanθ=12/16=3/4。反比例函数 y=k/x 在 x=4 时的函数值为 k/4，因此 k/4=3/4，解得 k=3。,pep-junior-s3-lower-inverse-similarity-trigonometry,pep-junior-s3-lower-paper-similarity,pep-junior-exam-inverse-proportion-models,passed,needs-review,deepseek-original-v3-1200; pending-s18-manual-review
pep-junior-v3-s3-k11-sa-063,junior-rag-v3-1200,S3,lower,pep-junior-s3-lower-inverse-similarity-trigonometry,反比例函数、相似与锐角三角函数,short-answer,Challenge,小明在操场上测量旗杆的高度。他在点A处测得旗杆顶端C的仰角为30°，然后向旗杆方向前进20米到达点B，此时测得旗杆顶端C的仰角为45°。已知小明的身高忽略不计，求旗杆的高度（结果保留根号）。,,10(√3+1)米,10(√3+1)米 | 10(1+√3)米,设旗杆底部为D，顶端为C，CD为旗杆高度h。在点B测得仰角45°，所以BD = h。在点A测得仰角30°，所以AD = h/tan30° = h√3。由题意AB = AD - BD = h√3 - h = h(√3 - 1) = 20，解得h = 20/(√3 - 1) = 20(√3 + 1)/(3 - 1) = 10(√3 + 1)。因此旗杆高度为10(√3+1)米。,pep-junior-s3-lower-inverse-similarity-trigonometry,pep-junior-s3-lower-paper-graduation-review,pep-junior-exam-linear-functions-graphs,passed,needs-review,deepseek-original-v3-1200; pending-s18-manual-review
pep-junior-v3-s3-k11-sa-064,junior-rag-v3-1200,S3,lower,pep-junior-s3-lower-inverse-similarity-trigonometry,反比例函数、相似与锐角三角函数,short-answer,Challenge,"在反比例函数 y = k/x（k ≠ 0）的图象上，有两点 A(2, -3) 和 B(-1, m)。已知点 A 在第四象限，点 B 在第二象限，且直线 AB 与 x 轴交于点 C。求 m 的值和点 C 的坐标。",,"m = 6，点 C 的坐标为 (1, 0)","m = 6，点 C 的坐标为 (1, 0) | m=6, C(1,0) | m = 6，C(1,0) | m=6, 点C(1,0) | m=6，点C的坐标为(1,0)","由点 A(2, -3) 在反比例函数 y = k/x 上，代入得 -3 = k/2，解得 k = -6。函数为 y = -6/x。点 B(-1, m) 也在图象上，代入得 m = -6/(-1) = 6。设直线 AB 的解析式为 y = ax + b，将 A(2, -3) 和 B(-1, 6) 代入：-3 = 2a + b，6 = -a + b。两式相减得 -9 = 3a，a = -3，代入得 b = 3。直线为 y = -3x + 3。令 y = 0，得 0 = -3x + 3，x = 1。所以点 C 的坐标为 (1, 0)。因此 m = 6，点 C 的坐标为 (1, 0)。",pep-junior-s3-lower-inverse-similarity-trigonometry,pep-junior-s3-lower-paper-inverse-functions,pep-junior-exam-quadratic-equations-functions,passed,needs-review,deepseek-original-v3-1200; pending-s18-manual-review
pep-junior-v3-s3-k11-sa-065,junior-rag-v3-1200,S3,lower,pep-junior-s3-lower-inverse-similarity-trigonometry,反比例函数、相似与锐角三角函数,short-answer,Challenge,"在平面直角坐标系中，点A的坐标为(2, 1)，点B的坐标为(6, 4)。将线段AB绕点A顺时针旋转90°得到线段AC。求点C的坐标。",,"(5, -3)","(5, -3) | (5,-3)","由点A(2,1)和点B(6,4)可得向量AB = (4, 3)。顺时针旋转90°的变换规则为 (x, y) → (y, -x)，故旋转后的向量AC = (3, -4)。点C = A + AC = (2+3, 1-4) = (5, -3)。因此，点C的坐标是(5, -3)。",pep-junior-s3-lower-inverse-similarity-trigonometry,pep-junior-s3-lower-paper-right-triangle-trigonometry,pep-junior-exam-number-sense-real-numbers,passed,needs-review,deepseek-original-v3-1200; pending-s18-manual-review
pep-junior-v3-s3-k11-sa-066,junior-rag-v3-1200,S3,lower,pep-junior-s3-lower-inverse-similarity-trigonometry,反比例函数、相似与锐角三角函数,short-answer,Challenge,小明在测量学校旗杆的高度时，采用了如下方法：他在旗杆底部正东方向12米处的地面上放置一面平面镜，然后向正东方向后退，直到在平面镜中看到旗杆顶端的像。此时，小明眼睛的位置距离平面镜2米，且眼睛离地面的高度为1.6米。已知入射光线与反射光线关于法线对称，且旗杆、平面镜和小明眼睛均在同一竖直平面内。求旗杆的高度。,,9.6米,9.6米 | 9.6 m | 9.6,根据平面镜成像的对称性，入射角等于反射角，因此旗杆顶端到平面镜的入射光线与平面镜到小明眼睛的反射光线与地面夹角相等，从而构成两个相似的直角三角形。设旗杆高度为h米，由相似三角形对应边成比例可得 h/12 = 1.6/2，解得 h = 1.6 × 12 / 2 = 9.6。因此旗杆的高度为9.6米。,pep-junior-s3-lower-inverse-similarity-trigonometry,pep-junior-s3-lower-paper-projection-views,pep-junior-exam-linear-equation-inequality-models,passed,needs-review,deepseek-original-v3-1200; pending-s18-manual-review
pep-junior-v3-s3-k11-sa-067,junior-rag-v3-1200,S3,lower,pep-junior-s3-lower-inverse-similarity-trigonometry,反比例函数、相似与锐角三角函数,short-answer,Challenge,"在反比例函数 y=k/x（k≠0）的图象上，有两点 A(-2,3) 和 B(1,m)。求 k 和 m 的值，并说明理由。",,k=-6，m=-6,"k=-6，m=-6 | k = -6，m = -6 | k=-6,m=-6 | -6，-6","点 A(-2,3) 在反比例函数 y=k/x 上，代入得 3=k/(-2)，所以 k=-6。函数解析式为 y=-6/x。点 B(1,m) 也在该函数图象上，代入 x=1，得 m=-6/1=-6。因此 k=-6，m=-6。",pep-junior-s3-lower-inverse-similarity-trigonometry,pep-junior-s3-lower-paper-function-geometry-integrated,pep-junior-exam-polynomial-factorization-fractions,passed,needs-review,deepseek-original-v3-1200; pending-s18-manual-review
