"questionId","grade","volume","chapter","topicTitleZhHans","type","difficulty","promptZhHans","storedAnswer","acceptedAnswers","independentAnswer","solverRule","solvableStatus","answerMatchStatus","mcOptionStatus","qaStatus","severity","decision","issueCodes","issueDetails","recommendedAction","manualReviewStatus","manualReviewType","manualReviewer","manualIssueCode","manualNotes","manualRecommendedAction","reviewReason","autoSolvableStatus","autoAnswerMatchStatus","autoSeverity","autoDecision"
"hjb-high-ds-v2-s4-001","S4","必修 第一册","集合与逻辑","集合与逻辑","multiple-choice","Core","已知全集 U = {1,2,3,4,5,6}，集合 A = {2,4,6}，B = {1,2,3,4}。则 (∁_U A) ∩ B 等于（　）","{1,3}","{1,3}","{1,3}","manual-review","manual-pass","manual-pass","manual-pass","pass","none","approve","","","Approved by S18 manual independent solve / pass-sample review; eligible for candidate release pool after aggregate gates pass.","reviewed","solver-gap-independent-solve","S18","","S18 independent solve: stored answer and accepted answer set match the independently derived result.","Approve for V2 candidate release pool after aggregate QA gates pass.","auto-quality-issue","solver-gap","not-checkable","P1","needs-second-review"
"hjb-high-ds-v2-s4-002","S4","必修 第一册","集合与逻辑","集合与逻辑","fill-in","Challenge","设集合 A = {x | x² - 5x + 6 = 0}，B = {x | mx - 1 = 0}。若 B ⊆ A，则实数 m 的所有可能取值构成的集合为______。","{0, 1/2, 1/3}","{0, 1/2, 1/3} | {0,1/2,1/3}","{0, 1/2, 1/3}","manual-review","manual-pass","manual-pass","not-applicable","pass","none","approve","","","Approved by S18 manual independent solve / pass-sample review; eligible for candidate release pool after aggregate gates pass.","reviewed","solver-gap-independent-solve","S18","","S18 independent solve: stored answer and accepted answer set match the independently derived result.","Approve for V2 candidate release pool after aggregate QA gates pass.","auto-quality-issue","solver-gap","not-checkable","P1","needs-second-review"
"hjb-high-ds-v2-s4-003","S4","必修 第一册","集合与逻辑","集合与逻辑","short-answer","Foundation","用列举法表示集合 {x ∈ N | 3/(x+1) ∈ N}。","{0,2}","{0,2} | {0, 2}","{0,2}","manual-review","manual-pass","manual-pass","not-applicable","pass","none","approve","","","Approved by S18 manual independent solve / pass-sample review; eligible for candidate release pool after aggregate gates pass.","reviewed","solver-gap-independent-solve","S18","","S18 independent solve: stored answer and accepted answer set match the independently derived result.","Approve for V2 candidate release pool after aggregate QA gates pass.","auto-quality-issue","solver-gap","not-checkable","P1","needs-second-review"
"hjb-high-ds-v2-s4-004","S4","必修 第一册","集合与逻辑","集合与逻辑","multiple-choice","Exam","已知 p：|x - 2| < 1，q：x < a。若 p 是 q 的充分不必要条件，则实数 a 的取值范围是（　）","a ≥ 3","a ≥ 3 | a>=3","a ≥ 3","manual-review","manual-pass","manual-pass","manual-pass","pass","none","approve","","","Approved by S18 manual independent solve / pass-sample review; eligible for candidate release pool after aggregate gates pass.","reviewed","p0-remediation-independent-solve","S18","","Corrected the endpoint. Since q is x<a, a=3 still makes every x in (1,3) satisfy q.","Approve remediated row for the V2 candidate release pool after aggregate QA gates pass.","auto-quality-issue","solver-gap","not-checkable","P1","needs-second-review"
"hjb-high-ds-v2-s4-005","S4","必修 第一册","集合与逻辑","集合与逻辑","fill-in","Core","已知全集 U = R，集合 A = {x | x² - 2x - 3 ≤ 0}，则 ∁_U A = ______。","(-∞, -1) ∪ (3, +∞)","(-∞, -1) ∪ (3, +∞) | (-∞,-1)∪(3,+∞)","(-∞, -1) ∪ (3, +∞)","manual-review","manual-pass","manual-pass","not-applicable","pass","none","approve","","","Approved by S18 manual independent solve / pass-sample review; eligible for candidate release pool after aggregate gates pass.","reviewed","solver-gap-independent-solve","S18","","S18 independent solve: stored answer and accepted answer set match the independently derived result.","Approve for V2 candidate release pool after aggregate QA gates pass.","auto-quality-issue","solver-gap","not-checkable","P1","needs-second-review"
"hjb-high-ds-v2-s4-006","S4","必修 第一册","集合与逻辑","集合与逻辑","short-answer","Challenge","已知集合 A = {x | x² - 3x + 2 = 0}，B = {x | x² - ax + (a-1) = 0}，且 A ∪ B = A，求实数 a 的值。","a = 2 或 a = 3","a = 2 或 a = 3 | a=2或a=3","a = 2 或 a = 3","manual-review","manual-pass","manual-pass","not-applicable","pass","none","approve","","","Approved by S18 manual independent solve / pass-sample review; eligible for candidate release pool after aggregate gates pass.","reviewed","solver-gap-independent-solve","S18","","S18 independent solve: stored answer and accepted answer set match the independently derived result.","Approve for V2 candidate release pool after aggregate QA gates pass.","auto-quality-issue","solver-gap","not-checkable","P1","needs-second-review"
"hjb-high-ds-v2-s4-008","S4","必修 第一册","集合与逻辑","集合与逻辑","fill-in","Exam","设命题 p：∃ x ∈ R，x² + 2x + m ≤ 0。若 p 是真命题，则实数 m 的取值范围是______。","m ≤ 1","m ≤ 1 | m≤1","m ≤ 1","manual-review","manual-pass","manual-pass","not-applicable","pass","none","approve","","","Approved by S18 manual independent solve / pass-sample review; eligible for candidate release pool after aggregate gates pass.","reviewed","solver-gap-independent-solve","S18","","S18 independent solve: stored answer and accepted answer set match the independently derived result.","Approve for V2 candidate release pool after aggregate QA gates pass.","auto-quality-issue","solver-gap","not-checkable","P1","needs-second-review"
"hjb-high-ds-v2-s4-009","S4","必修 第一册","集合与逻辑","集合与逻辑","short-answer","Core","已知 a、b、1 两两不同，集合 A = {1, a, b}，B = {a, a², ab}，且 A = B，求 a²⁰²³ + b²⁰²⁴ 的值。","-1","-1","-1","manual-review","manual-pass","manual-pass","not-applicable","pass","none","approve","","","Approved by S18 manual independent solve / pass-sample review; eligible for candidate release pool after aggregate gates pass.","reviewed","p0-remediation-independent-solve","S18","","Added distinctness to make the set-equality reading unique and corrected the stored answer.","Approve remediated row for the V2 candidate release pool after aggregate QA gates pass.","auto-quality-issue","solver-gap","not-checkable","P1","needs-second-review"
"hjb-high-ds-v2-s4-010","S4","必修 第一册","集合与逻辑","集合与逻辑","multiple-choice","Challenge","已知条件 p：|x - 1| > 2，条件 q：x² - 5x + 6 > 0。则 p 是 q 的（　）","充分不必要条件","充分不必要条件","充分不必要条件","manual-review","manual-pass","manual-pass","manual-pass","pass","none","approve","","","Approved by S18 manual independent solve / pass-sample review; eligible for candidate release pool after aggregate gates pass.","reviewed","solver-gap-independent-solve","S18","","S18 independent solve: stored answer and accepted answer set match the independently derived result.","Approve for V2 candidate release pool after aggregate QA gates pass.","auto-quality-issue","solver-gap","not-checkable","P1","needs-second-review"
"hjb-high-ds-v2-s4-011","S4","必修 第一册","集合与逻辑","集合与逻辑","fill-in","Foundation","已知集合 A = {x | x 是小于 10 的正偶数}，B = {2, 4, 6, 8, 10}。则 A ∩ B = ______。","{2, 4, 6, 8}","{2, 4, 6, 8} | {2,4,6,8}","{2, 4, 6, 8}","manual-review","manual-pass","manual-pass","not-applicable","pass","none","approve","","","Approved by S18 manual independent solve / pass-sample review; eligible for candidate release pool after aggregate gates pass.","reviewed","solver-gap-independent-solve","S18","","S18 independent solve: stored answer and accepted answer set match the independently derived result.","Approve for V2 candidate release pool after aggregate QA gates pass.","auto-quality-issue","solver-gap","not-checkable","P1","needs-second-review"
"hjb-high-ds-v2-s4-012","S4","必修 第一册","集合与逻辑","集合与逻辑","short-answer","Exam","设全集 U = {1, 2, 3, 4, 5, 6, 7, 8}，集合 A = {1, 3, 5, 7}，B = {2, 3, 5, 7}。求 (∁_U A) ∪ (∁_U B)。","{1, 2, 4, 6, 8}","{1, 2, 4, 6, 8} | {1,2,4,6,8}","{1, 2, 4, 6, 8}","manual-review","manual-pass","manual-pass","not-applicable","pass","none","approve","","","Approved by S18 manual independent solve / pass-sample review; eligible for candidate release pool after aggregate gates pass.","reviewed","solver-gap-independent-solve","S18","","S18 independent solve: stored answer and accepted answer set match the independently derived result.","Approve for V2 candidate release pool after aggregate QA gates pass.","auto-quality-issue","solver-gap","not-checkable","P1","needs-second-review"
"hjb-high-ds-v2-s4-013","S4","必修 第一册","集合与逻辑","集合与逻辑","multiple-choice","Core","已知命题 p：x > 2，命题 q：x > 1。则 p 是 q 的什么条件？","充分不必要条件","充分不必要条件","充分不必要条件","manual-review","manual-pass","manual-pass","manual-pass","pass","none","approve","","","Approved by S18 manual independent solve / pass-sample review; eligible for candidate release pool after aggregate gates pass.","reviewed","solver-gap-independent-solve","S18","","S18 independent solve: stored answer and accepted answer set match the independently derived result.","Approve for V2 candidate release pool after aggregate QA gates pass.","auto-quality-issue","solver-gap","not-checkable","P1","needs-second-review"
"hjb-high-ds-v2-s4-014","S4","必修 第一册","集合与逻辑","集合与逻辑","fill-in","Challenge","设集合 A = {x | x^2 - 5x + 6 = 0}，B = {x | mx - 1 = 0}。若 B ⊆ A，则实数 m 的所有可能取值构成的集合为 ______。","{0, 1/2, 1/3}","{0, 1/2, 1/3} | {0,1/2,1/3}","{0, 1/2, 1/3}","manual-review","manual-pass","manual-pass","not-applicable","pass","none","approve","","","Approved by S18 manual independent solve / pass-sample review; eligible for candidate release pool after aggregate gates pass.","reviewed","solver-gap-independent-solve","S18","","S18 independent solve: stored answer and accepted answer set match the independently derived result.","Approve for V2 candidate release pool after aggregate QA gates pass.","auto-quality-issue","solver-gap","not-checkable","P1","needs-second-review"
"hjb-high-ds-v2-s4-015","S4","必修 第一册","集合与逻辑","集合与逻辑","short-answer","Foundation","用列举法表示集合 {x | x 是 12 的正约数}。","{1, 2, 3, 4, 6, 12}","{1, 2, 3, 4, 6, 12} | {1,2,3,4,6,12}","{1, 2, 3, 4, 6, 12}","manual-review","manual-pass","manual-pass","not-applicable","pass","none","approve","","","Approved by S18 manual independent solve / pass-sample review; eligible for candidate release pool after aggregate gates pass.","reviewed","solver-gap-independent-solve","S18","","S18 independent solve: stored answer and accepted answer set match the independently derived result.","Approve for V2 candidate release pool after aggregate QA gates pass.","auto-quality-issue","solver-gap","not-checkable","P1","needs-second-review"
"hjb-high-ds-v2-s4-016","S4","必修 第一册","集合与逻辑","集合与逻辑","multiple-choice","Exam","已知集合 A = {x | -2 ≤ x ≤ 3}，B = {x | x < a}。若 A ⊆ B，则实数 a 的取值范围是？","a > 3","a > 3","a > 3","manual-review","manual-pass","manual-pass","manual-pass","pass","none","approve","","","Approved by S18 manual independent solve / pass-sample review; eligible for candidate release pool after aggregate gates pass.","reviewed","solver-gap-independent-solve","S18","","S18 independent solve: stored answer and accepted answer set match the independently derived result.","Approve for V2 candidate release pool after aggregate QA gates pass.","auto-quality-issue","solver-gap","not-checkable","P1","needs-second-review"
"hjb-high-ds-v2-s4-017","S4","必修 第一册","集合与逻辑","集合与逻辑","fill-in","Core","命题“存在实数 x，使得 x^2 + 1 = 0”的否定是 ______。","对任意实数 x，都有 x^2 + 1 ≠ 0","对任意实数 x，都有 x^2 + 1 ≠ 0 | 对任意实数x，都有x^2+1≠0","对任意实数 x，都有 x^2 + 1 ≠ 0","manual-review","manual-pass","manual-pass","not-applicable","pass","none","approve","","","Approved by S18 manual independent solve / pass-sample review; eligible for candidate release pool after aggregate gates pass.","reviewed","solver-gap-independent-solve","S18","","S18 independent solve: stored answer and accepted answer set match the independently derived result.","Approve for V2 candidate release pool after aggregate QA gates pass.","auto-quality-issue","solver-gap","not-checkable","P1","needs-second-review"
"hjb-high-ds-v2-s4-018","S4","必修 第一册","集合与逻辑","集合与逻辑","short-answer","Challenge","已知集合 A = {x | x^2 - 3x + 2 = 0}，B = {x | 0 < x < 5, x ∈ N}。请写出 A × B 的一个子集，要求该子集含有两个元素，且这两个元素的第一个坐标之和为 3。","{(1,1), (2,2)} 或 {(1,2), (2,1)} 等","{(1,1), (2,2)} 或 {(1,2), (2,1)} 等 | {(1,1), (2,2)} | {(1,2), (2,1)}","{(1,1), (2,2)} 或 {(1,2), (2,1)} 等","manual-review","manual-pass","manual-pass","not-applicable","pass","none","approve","","","Approved by S18 manual independent solve / pass-sample review; eligible for candidate release pool after aggregate gates pass.","reviewed","solver-gap-independent-solve","S18","","S18 independent solve: stored answer and accepted answer set match the independently derived result.","Approve for V2 candidate release pool after aggregate QA gates pass.","auto-quality-issue","solver-gap","not-checkable","P1","needs-second-review"
"hjb-high-ds-v2-s4-019","S4","必修 第一册","集合与逻辑","集合与逻辑","multiple-choice","Foundation","下列关系中，正确的是？","∅ ⊆ {0}","∅ ⊆ {0}","∅ ⊆ {0}","manual-review","manual-pass","manual-pass","manual-pass","pass","none","approve","","","Approved by S18 manual independent solve / pass-sample review; eligible for candidate release pool after aggregate gates pass.","reviewed","solver-gap-independent-solve","S18","","S18 independent solve: stored answer and accepted answer set match the independently derived result.","Approve for V2 candidate release pool after aggregate QA gates pass.","auto-quality-issue","solver-gap","not-checkable","P1","needs-second-review"
"hjb-high-ds-v2-s4-020","S4","必修 第一册","集合与逻辑","集合与逻辑","fill-in","Exam","已知全集 U = R，集合 A = {x | x^2 - 4x + 3 ≤ 0}，则 ∁_U A = ______。","{x | x < 1 或 x > 3}","{x | x < 1 或 x > 3} | {x|x<1或x>3}","{x | x < 1 或 x > 3}","manual-review","manual-pass","manual-pass","not-applicable","pass","none","approve","","","Approved by S18 manual independent solve / pass-sample review; eligible for candidate release pool after aggregate gates pass.","reviewed","solver-gap-independent-solve","S18","","S18 independent solve: stored answer and accepted answer set match the independently derived result.","Approve for V2 candidate release pool after aggregate QA gates pass.","auto-quality-issue","solver-gap","not-checkable","P1","needs-second-review"
"hjb-high-ds-v2-s4-021","S4","必修 第一册","集合与逻辑","集合与逻辑","short-answer","Core","已知集合 A = { x | x = 3k + 1, k ∈ Z }，B = { x | x = 3k - 2, k ∈ Z }。判断 A 与 B 的关系，并说明理由。","A = B","A = B | A=B","A = B","manual-review","manual-pass","manual-pass","not-applicable","pass","none","approve","","","Approved by S18 manual independent solve / pass-sample review; eligible for candidate release pool after aggregate gates pass.","reviewed","solver-gap-independent-solve","S18","","S18 independent solve: stored answer and accepted answer set match the independently derived result.","Approve for V2 candidate release pool after aggregate QA gates pass.","auto-quality-issue","solver-gap","not-checkable","P1","needs-second-review"
"hjb-high-ds-v2-s4-022","S4","必修 第一册","集合与逻辑","集合与逻辑","multiple-choice","Challenge","设全集 U = { 1, 2, 3, 4, 5, 6 }，集合 A = { 1, 2, 3 }，B = { 2, 3, 4 }。则集合 (∁_U A) ∩ B 等于（ ）","{ 4 }","{ 4 }","{ 4 }","manual-review","manual-pass","manual-pass","manual-pass","pass","none","approve","","","Approved by S18 manual independent solve / pass-sample review; eligible for candidate release pool after aggregate gates pass.","reviewed","solver-gap-independent-solve","S18","","S18 independent solve: stored answer and accepted answer set match the independently derived result.","Approve for V2 candidate release pool after aggregate QA gates pass.","auto-quality-issue","solver-gap","not-checkable","P1","needs-second-review"
"hjb-high-ds-v2-s4-023","S4","必修 第一册","集合与逻辑","集合与逻辑","fill-in","Foundation","用列举法表示集合 { x | x 是小于 10 的正偶数 }。","{ 2, 4, 6, 8 }","{ 2, 4, 6, 8 } | {2,4,6,8}","{ 2, 4, 6, 8 }","manual-review","manual-pass","manual-pass","not-applicable","pass","none","approve","","","Approved by S18 manual independent solve / pass-sample review; eligible for candidate release pool after aggregate gates pass.","reviewed","solver-gap-independent-solve","S18","","S18 independent solve: stored answer and accepted answer set match the independently derived result.","Approve for V2 candidate release pool after aggregate QA gates pass.","auto-quality-issue","solver-gap","not-checkable","P1","needs-second-review"
"hjb-high-ds-v2-s4-024","S4","必修 第一册","集合与逻辑","集合与逻辑","short-answer","Exam","已知命题 p：∃ x ∈ R，x² + 2x + a = 0。若 p 是真命题，求实数 a 的取值范围。","a ≤ 1","a ≤ 1 | a<=1","a ≤ 1","manual-review","manual-pass","manual-pass","not-applicable","pass","none","approve","","","Approved by S18 manual independent solve / pass-sample review; eligible for candidate release pool after aggregate gates pass.","reviewed","solver-gap-independent-solve","S18","","S18 independent solve: stored answer and accepted answer set match the independently derived result.","Approve for V2 candidate release pool after aggregate QA gates pass.","auto-quality-issue","solver-gap","not-checkable","P1","needs-second-review"
"hjb-high-ds-v2-s4-025","S4","必修 第一册","集合与逻辑","集合与逻辑","multiple-choice","Core","设 x ∈ R，则“x > 2”是“x² > 4”的（ ）","充分不必要条件","充分不必要条件","充分不必要条件","manual-review","manual-pass","manual-pass","manual-pass","pass","none","approve","","","Approved by S18 manual independent solve / pass-sample review; eligible for candidate release pool after aggregate gates pass.","reviewed","solver-gap-independent-solve","S18","","S18 independent solve: stored answer and accepted answer set match the independently derived result.","Approve for V2 candidate release pool after aggregate QA gates pass.","auto-quality-issue","solver-gap","not-checkable","P1","needs-second-review"
"hjb-high-ds-v2-s4-026","S4","必修 第一册","集合与逻辑","集合与逻辑","fill-in","Challenge","已知集合 A = { x | -2 ≤ x ≤ 5 }，B = { x | m ≤ x ≤ 2m + 1 }，且 B 为非空区间。若 B ⊆ A，求实数 m 的取值范围。","-1 ≤ m ≤ 2","-1 ≤ m ≤ 2 | -1<=m<=2","-1 ≤ m ≤ 2","manual-review","manual-pass","manual-pass","not-applicable","pass","none","approve","","","Approved by S18 manual independent solve / pass-sample review; eligible for candidate release pool after aggregate gates pass.","reviewed","p0-remediation-independent-solve","S18","","Added the nonempty interval condition so the answer no longer depends on an unstated convention.","Approve remediated row for the V2 candidate release pool after aggregate QA gates pass.","auto-quality-issue","solver-gap","not-checkable","P1","needs-second-review"
"hjb-high-ds-v2-s4-027","S4","必修 第一册","集合与逻辑","集合与逻辑","short-answer","Foundation","已知集合 A = { 1, 2, 3 }，写出 A 的所有子集。","∅, { 1 }, { 2 }, { 3 }, { 1, 2 }, { 1, 3 }, { 2, 3 }, { 1, 2, 3 }","∅, { 1 }, { 2 }, { 3 }, { 1, 2 }, { 1, 3 }, { 2, 3 }, { 1, 2, 3 }","∅, { 1 }, { 2 }, { 3 }, { 1, 2 }, { 1, 3 }, { 2, 3 }, { 1, 2, 3 }","manual-review","manual-pass","manual-pass","not-applicable","pass","none","approve","","","Approved by S18 manual independent solve / pass-sample review; eligible for candidate release pool after aggregate gates pass.","reviewed","solver-gap-independent-solve","S18","","S18 independent solve: stored answer and accepted answer set match the independently derived result.","Approve for V2 candidate release pool after aggregate QA gates pass.","auto-quality-issue","solver-gap","not-checkable","P1","needs-second-review"
"hjb-high-ds-v2-s4-028","S4","必修 第一册","集合与逻辑","集合与逻辑","multiple-choice","Exam","已知命题 p：∀ x ∈ R，x² + 1 ≥ 2x。则命题 p 的否定为（ ）","∃ x ∈ R，x² + 1 < 2x","∃ x ∈ R，x² + 1 < 2x","∃ x ∈ R，x² + 1 < 2x","manual-review","manual-pass","manual-pass","manual-pass","pass","none","approve","","","Approved by S18 manual independent solve / pass-sample review; eligible for candidate release pool after aggregate gates pass.","reviewed","solver-gap-independent-solve","S18","","S18 independent solve: stored answer and accepted answer set match the independently derived result.","Approve for V2 candidate release pool after aggregate QA gates pass.","auto-quality-issue","solver-gap","not-checkable","P1","needs-second-review"
"hjb-high-ds-v2-s4-029","S4","必修 第一册","集合与逻辑","集合与逻辑","fill-in","Core","设全集 U = R，集合 A = { x | x² - 3x + 2 = 0 }，则 ∁_U A = ______。","{ x | x ≠ 1 且 x ≠ 2 }","{ x | x ≠ 1 且 x ≠ 2 } | {x|x≠1且x≠2}","{ x | x ≠ 1 且 x ≠ 2 }","manual-review","manual-pass","manual-pass","not-applicable","pass","none","approve","","","Approved by S18 manual independent solve / pass-sample review; eligible for candidate release pool after aggregate gates pass.","reviewed","solver-gap-independent-solve","S18","","S18 independent solve: stored answer and accepted answer set match the independently derived result.","Approve for V2 candidate release pool after aggregate QA gates pass.","auto-quality-issue","solver-gap","not-checkable","P1","needs-second-review"
"hjb-high-ds-v2-s4-030","S4","必修 第一册","集合与逻辑","集合与逻辑","short-answer","Challenge","已知集合 A = { x | ax² + 2x + 1 = 0 } 中只有一个元素，求实数 a 的值。","0 或 1","0 或 1 | a=0或a=1","0 或 1","manual-review","manual-pass","manual-pass","not-applicable","pass","none","approve","","","Approved by S18 manual independent solve / pass-sample review; eligible for candidate release pool after aggregate gates pass.","reviewed","solver-gap-independent-solve","S18","","S18 independent solve: stored answer and accepted answer set match the independently derived result.","Approve for V2 candidate release pool after aggregate QA gates pass.","auto-quality-issue","solver-gap","not-checkable","P1","needs-second-review"
"hjb-high-ds-v2-s4-031","S4","必修 第一册","集合与逻辑","集合与逻辑","multiple-choice","Foundation","已知全集 U = {1, 2, 3, 4, 5, 6, 7, 8}，集合 A = {2, 4, 6, 8}，B = {1, 2, 3, 4}。则 (∁_U A) ∩ B 等于（ ）","{1, 3}","{1, 3}","{1, 3}","manual-review","manual-pass","manual-pass","manual-pass","pass","none","approve","","","Approved by S18 manual independent solve / pass-sample review; eligible for candidate release pool after aggregate gates pass.","reviewed","solver-gap-independent-solve","S18","","S18 independent solve: stored answer and accepted answer set match the independently derived result.","Approve for V2 candidate release pool after aggregate QA gates pass.","auto-quality-issue","solver-gap","not-checkable","P1","needs-second-review"
"hjb-high-ds-v2-s4-032","S4","必修 第一册","集合与逻辑","集合与逻辑","fill-in","Exam","已知集合 A = {x | x^2 - 5x + 6 = 0}，B = {x | x^2 - 4x + 3 = 0}。则 A ∪ B = ______。（用列举法表示）","{1, 2, 3}","{1, 2, 3} | {1,2,3}","{1, 2, 3}","manual-review","manual-pass","manual-pass","not-applicable","pass","none","approve","","","Approved by S18 manual independent solve / pass-sample review; eligible for candidate release pool after aggregate gates pass.","reviewed","solver-gap-independent-solve","S18","","S18 independent solve: stored answer and accepted answer set match the independently derived result.","Approve for V2 candidate release pool after aggregate QA gates pass.","auto-quality-issue","solver-gap","not-checkable","P1","needs-second-review"
"hjb-high-ds-v2-s4-033","S4","必修 第一册","集合与逻辑","集合与逻辑","short-answer","Core","设集合 A = {x | -2 ≤ x ≤ 5}，B = {x | m + 1 ≤ x ≤ 2m - 1}。若 B ⊆ A，求实数 m 的取值范围。","m ≤ 3","m ≤ 3 | m≤3","m ≤ 3","manual-review","manual-pass","manual-pass","not-applicable","pass","none","approve","","","Approved by S18 manual independent solve / pass-sample review; eligible for candidate release pool after aggregate gates pass.","reviewed","solver-gap-independent-solve","S18","","S18 independent solve: stored answer and accepted answer set match the independently derived result.","Approve for V2 candidate release pool after aggregate QA gates pass.","auto-quality-issue","solver-gap","not-checkable","P1","needs-second-review"
"hjb-high-ds-v2-s4-034","S4","必修 第一册","集合与逻辑","集合与逻辑","multiple-choice","Challenge","已知命题 p：∃x ∈ R，x^2 + 2ax + a + 2 = 0。若 p 是真命题，则实数 a 的取值范围是（ ）","a ≤ -1 或 a ≥ 2","a ≤ -1 或 a ≥ 2","a ≤ -1 或 a ≥ 2","manual-review","manual-pass","manual-pass","manual-pass","pass","none","approve","","","Approved by S18 manual independent solve / pass-sample review; eligible for candidate release pool after aggregate gates pass.","reviewed","solver-gap-independent-solve","S18","","S18 independent solve: stored answer and accepted answer set match the independently derived result.","Approve for V2 candidate release pool after aggregate QA gates pass.","auto-quality-issue","solver-gap","not-checkable","P1","needs-second-review"
"hjb-high-ds-v2-s4-035","S4","必修 第一册","集合与逻辑","集合与逻辑","fill-in","Foundation","已知集合 A = {1, 2, 3, 4, 5}，B = {3, 4, 5, 6, 7}。则 (A ∩ B) ∪ (∁_U (A ∪ B)) 中元素的个数为 ______。（其中 U = A ∪ B）","3","3","3","manual-review","manual-pass","manual-pass","not-applicable","pass","none","approve","","","Approved by S18 manual independent solve / pass-sample review; eligible for candidate release pool after aggregate gates pass.","reviewed","p0-remediation-independent-solve","S18","","Corrected the count under the stated universe U=A∪B.","Approve remediated row for the V2 candidate release pool after aggregate QA gates pass.","auto-quality-issue","solver-gap","not-checkable","P1","needs-second-review"
"hjb-high-ds-v2-s4-036","S4","必修 第一册","集合与逻辑","集合与逻辑","short-answer","Exam","设 p：|x - 2| < 1，q：x² - 5x + 6 < 0。判断 p 是 q 的什么条件（充分不必要、必要不充分、充要、既不充分也不必要），并说明理由。","必要不充分条件","必要不充分条件 | 必要不充分","必要不充分条件","manual-review","manual-pass","manual-pass","not-applicable","pass","none","approve","","","Approved by S18 manual independent solve / pass-sample review; eligible for candidate release pool after aggregate gates pass.","reviewed","p0-remediation-independent-solve","S18","","Corrected the implication direction.","Approve remediated row for the V2 candidate release pool after aggregate QA gates pass.","auto-quality-issue","solver-gap","not-checkable","P1","needs-second-review"
"hjb-high-ds-v2-s4-037","S4","必修 第一册","集合与逻辑","集合与逻辑","multiple-choice","Core","已知全集 U = R，集合 A = {x | x² - 3x ≤ 0}，B = {x | x > 1}。求集合 A ∩ (∁_U B)（　）","{x | 0 ≤ x ≤ 1}","{x | 0 ≤ x ≤ 1} | {x|0≤x≤1} | {x | 0 <= x <= 1}","{x | 0 ≤ x ≤ 1}","manual-review","manual-pass","manual-pass","manual-pass","pass","none","approve","","","Approved by S18 manual independent solve / pass-sample review; eligible for candidate release pool after aggregate gates pass.","reviewed","p0-remediation-independent-solve","S18","","Removed the unsupported shaded-region reference and made the requested set operation explicit.","Approve remediated row for the V2 candidate release pool after aggregate QA gates pass.","auto-quality-issue","solver-gap","not-checkable","P1","needs-second-review"
"hjb-high-ds-v2-s4-038","S4","必修 第一册","集合与逻辑","集合与逻辑","fill-in","Challenge","已知集合 A = {x | x = 2n + 1, n ∈ Z}，B = {x | x = 4k ± 1, k ∈ Z}。则 A 与 B 的关系是 ______。（填 A ⊂ B、B ⊂ A、A = B 或 A ∩ B = ∅）","A = B","A = B | A=B","A = B","manual-review","manual-pass","manual-pass","not-applicable","pass","none","approve","","","Approved by S18 manual independent solve / pass-sample review; eligible for candidate release pool after aggregate gates pass.","reviewed","solver-gap-independent-solve","S18","","S18 independent solve: stored answer and accepted answer set match the independently derived result.","Approve for V2 candidate release pool after aggregate QA gates pass.","auto-quality-issue","solver-gap","not-checkable","P1","needs-second-review"
"hjb-high-ds-v2-s4-039","S4","必修 第一册","集合与逻辑","集合与逻辑","short-answer","Foundation","用反证法证明：若 a, b, c 均为实数，且 a = x^2 - 2y + π/2，b = y^2 - 2z + π/3，c = z^2 - 2x + π/6，则 a, b, c 中至少有一个大于 0。","证明：假设 a, b, c 均不大于 0，即 a ≤ 0, b ≤ 0, c ≤ 0。相加得 (x^2-2x) + (y^2-2y) + (z^2-2z) + π ≤ 0。配方得 (x-1)^2+(y-1)^2+(z-1)^2 + π - 3 ≤ 0，即 (x-1)^2+(y-1)^2+(z-1)^2 ≤ 3 - π < 0，矛盾。故假设不成立，原命题成立。","证明：假设 a, b, c 均不大于 0，即 a ≤ 0, b ≤ 0, c ≤ 0。相加得 (x^2-2x) + (y^2-2y) + (z^2-2z) + π ≤ 0。配方得 (x-1)^2+(y-1)^2+(z-1)^2 + π - 3 ≤ 0，即 (x-1)^2+(y-1)^2+(z-1)^2 ≤ 3 - π < 0，矛盾。故假设不成立，原命题成立。","证明：假设 a, b, c 均不大于 0，即 a ≤ 0, b ≤ 0, c ≤ 0。相加得 (x^2-2x) + (y^2-2y) + (z^2-2z) + π ≤ 0。配方得 (x-1)^2+(y-1)^2+(z-1)^2 + π - 3 ≤ 0，即 (x-1)^2+(y-1)^2+(z-1)^2 ≤ 3 - π < 0，矛盾。故假设不成立，原命题成立。","manual-review","manual-pass","manual-pass","not-applicable","pass","none","approve","","","Approved by S18 manual independent solve / pass-sample review; eligible for candidate release pool after aggregate gates pass.","reviewed","solver-gap-independent-solve","S18","","S18 independent solve: stored answer and accepted answer set match the independently derived result.","Approve for V2 candidate release pool after aggregate QA gates pass.","auto-quality-issue","solver-gap","not-checkable","P1","needs-second-review"
"hjb-high-ds-v2-s4-040","S4","必修 第一册","集合与逻辑","集合与逻辑","multiple-choice","Exam","已知集合 A = {x | x² - (a+1)x + a ≤ 0}，B = {x | x² - 5x + 4 ≤ 0}。若“x ∈ A”是“x ∈ B”的充分不必要条件，则实数 a 的取值范围是（　）","1 ≤ a < 4","1 ≤ a < 4 | 1<=a<4","1 ≤ a < 4","manual-review","manual-pass","manual-pass","manual-pass","pass","none","approve","","","Approved by S18 manual independent solve / pass-sample review; eligible for candidate release pool after aggregate gates pass.","reviewed","p0-remediation-independent-solve","S18","","Excluded a=4 because that makes A and B equal rather than sufficient-not-necessary.","Approve remediated row for the V2 candidate release pool after aggregate QA gates pass.","auto-quality-issue","solver-gap","not-checkable","P1","needs-second-review"
"hjb-high-ds-v2-s4-041","S4","必修 第一册","集合与逻辑","集合与逻辑","fill-in","Core","设全集U={1,2,3,4,5,6,7,8}，集合A={2,4,6}，B={3,4,5}。则(A∪B)的补集为______。（用列举法表示）","{1,7,8}","{1,7,8} | {1,8,7} | {7,1,8} | {7,8,1} | {8,1,7} | {8,7,1}","{1,7,8}","manual-review","manual-pass","manual-pass","not-applicable","pass","none","approve","","","Approved by S18 manual independent solve / pass-sample review; eligible for candidate release pool after aggregate gates pass.","reviewed","solver-gap-independent-solve","S18","","S18 independent solve: stored answer and accepted answer set match the independently derived result.","Approve for V2 candidate release pool after aggregate QA gates pass.","auto-quality-issue","solver-gap","not-checkable","P1","needs-second-review"
"hjb-high-ds-v2-s4-042","S4","必修 第一册","集合与逻辑","集合与逻辑","short-answer","Challenge","已知集合A={x|x²-5x+6=0}，B={x|ax-1=0}。若B⊆A，求实数a的所有可能取值。","0, 1/2, 1/3","0, 1/2, 1/3 | 0,1/2,1/3 | 0, 1/3, 1/2 | 0,1/3,1/2 | 1/2, 0, 1/3 | 1/2,1/3,0 | 1/3, 0, 1/2 | 1/3,1/2,0","0, 1/2, 1/3","manual-review","manual-pass","manual-pass","not-applicable","pass","none","approve","","","Approved by S18 manual independent solve / pass-sample review; eligible for candidate release pool after aggregate gates pass.","reviewed","solver-gap-independent-solve","S18","","S18 independent solve: stored answer and accepted answer set match the independently derived result.","Approve for V2 candidate release pool after aggregate QA gates pass.","auto-quality-issue","solver-gap","not-checkable","P1","needs-second-review"
"hjb-high-ds-v2-s4-044","S4","必修 第一册","集合与逻辑","集合与逻辑","fill-in","Exam","命题p：∀x∈R，x²+2x+a>0。若p为真命题，则实数a的取值范围是______。","(1,+∞)","(1,+∞) | a>1 | 1到正无穷 | (1,正无穷)","(1,+∞)","manual-review","manual-pass","manual-pass","not-applicable","pass","none","approve","","","Approved by S18 manual independent solve / pass-sample review; eligible for candidate release pool after aggregate gates pass.","reviewed","solver-gap-independent-solve","S18","","S18 independent solve: stored answer and accepted answer set match the independently derived result.","Approve for V2 candidate release pool after aggregate QA gates pass.","auto-quality-issue","solver-gap","not-checkable","P1","needs-second-review"
"hjb-high-ds-v2-s4-045","S4","必修 第一册","集合与逻辑","集合与逻辑","short-answer","Core","已知p：x>2，q：x>a。若p是q的充分不必要条件，求实数a的取值范围。","a<2","a<2 | (-∞,2) | 负无穷到2","a<2","manual-review","manual-pass","manual-pass","not-applicable","pass","none","approve","","","Approved by S18 manual independent solve / pass-sample review; eligible for candidate release pool after aggregate gates pass.","reviewed","solver-gap-independent-solve","S18","","S18 independent solve: stored answer and accepted answer set match the independently derived result.","Approve for V2 candidate release pool after aggregate QA gates pass.","auto-quality-issue","solver-gap","not-checkable","P1","needs-second-review"
"hjb-high-ds-v2-s4-046","S4","必修 第一册","集合与逻辑","集合与逻辑","multiple-choice","Challenge","设集合A={1,2,3,4,5}，B={x|x∈A且x²∈A}。则B的子集个数为（ ）","4","4","4","manual-review","manual-pass","manual-pass","manual-pass","pass","none","approve","","","Approved by S18 manual independent solve / pass-sample review; eligible for candidate release pool after aggregate gates pass.","reviewed","solver-gap-independent-solve","S18","","S18 independent solve: stored answer and accepted answer set match the independently derived result.","Approve for V2 candidate release pool after aggregate QA gates pass.","auto-quality-issue","solver-gap","not-checkable","P1","needs-second-review"
"hjb-high-ds-v2-s4-047","S4","必修 第一册","集合与逻辑","集合与逻辑","fill-in","Foundation","用描述法表示集合“被3除余1的正整数”为______。","{x|x=3k+1, k∈N}","{x|x=3k+1, k∈N} | {x|x=3k+1,k∈N} | {x|x=3k+1，k∈N}","{x|x=3k+1, k∈N}","manual-review","manual-pass","manual-pass","not-applicable","pass","none","approve","","","Approved by S18 manual independent solve / pass-sample review; eligible for candidate release pool after aggregate gates pass.","reviewed","solver-gap-independent-solve","S18","","S18 independent solve: stored answer and accepted answer set match the independently derived result.","Approve for V2 candidate release pool after aggregate QA gates pass.","auto-quality-issue","solver-gap","not-checkable","P1","needs-second-review"
"hjb-high-ds-v2-s4-048","S4","必修 第一册","集合与逻辑","集合与逻辑","short-answer","Exam","已知集合A={x|x²-2x-3≤0}，B={x|m≤x≤m+2}。若A∪B=A，求实数m的取值范围。","[-1,1]","[-1,1] | m∈[-1,1] | -1≤m≤1","[-1,1]","manual-review","manual-pass","manual-pass","not-applicable","pass","none","approve","","","Approved by S18 manual independent solve / pass-sample review; eligible for candidate release pool after aggregate gates pass.","reviewed","solver-gap-independent-solve","S18","","S18 independent solve: stored answer and accepted answer set match the independently derived result.","Approve for V2 candidate release pool after aggregate QA gates pass.","auto-quality-issue","solver-gap","not-checkable","P1","needs-second-review"
"hjb-high-ds-v2-s4-049","S4","必修 第一册","集合与逻辑","集合与逻辑","multiple-choice","Core","二轮变式0049：选择：设集合 A={1,2,3,...,22}，集合 B 为其中能被 3 整除的数。求集合 B 的元素个数。","7","7","7","manual-review","manual-pass","manual-pass","manual-pass","pass","none","approve","","","Approved by S18 manual independent solve / pass-sample review; eligible for candidate release pool after aggregate gates pass.","reviewed","pass-sample","S18","","S18 pass-sample review: prompt is independently solvable and stored answer remains consistent with the audit answer.","Approve for V2 candidate release pool after aggregate QA gates pass.","grade-chapter-pass-sample","pass","pass","none","approve"
"hjb-high-ds-v2-s4-050","S4","必修 第一册","集合与逻辑","集合与逻辑","fill-in","Challenge","设集合A={x|x=2n, n∈Z}，B={x|x=3n, n∈Z}，则A∩B=______。（用描述法表示）","{x|x=6n, n∈Z}","{x|x=6n, n∈Z} | {x|x=6n,n∈Z} | {x|x=6n，n∈Z}","{x|x=6n, n∈Z}","manual-review","manual-pass","manual-pass","not-applicable","pass","none","approve","","","Approved by S18 manual independent solve / pass-sample review; eligible for candidate release pool after aggregate gates pass.","reviewed","solver-gap-independent-solve","S18","","S18 independent solve: stored answer and accepted answer set match the independently derived result.","Approve for V2 candidate release pool after aggregate QA gates pass.","auto-quality-issue","solver-gap","not-checkable","P1","needs-second-review"
"hjb-high-ds-v2-s4-051","S4","必修 第一册","等式与不等式","等式与不等式","short-answer","Foundation","已知实数 a, b 满足 a > b > 0，比较大小：a³ - b³ 与 ab(a - b)。","a³ - b³ > ab(a - b)","a³ - b³ > ab(a - b) | a^3 - b^3 > ab(a - b) | a³-b³ > ab(a-b) | a^3-b^3 > ab(a-b)","a³ - b³ > ab(a - b)","manual-review","manual-pass","manual-pass","not-applicable","pass","none","approve","","","Approved by S18 manual independent solve / pass-sample review; eligible for candidate release pool after aggregate gates pass.","reviewed","solver-gap-independent-solve","S18","","S18 independent solve: stored answer and accepted answer set match the independently derived result.","Approve for V2 candidate release pool after aggregate QA gates pass.","auto-quality-issue","solver-gap","not-checkable","P1","needs-second-review"
"hjb-high-ds-v2-s4-052","S4","必修 第一册","等式与不等式","等式与不等式","multiple-choice","Exam","若关于 x 的不等式 ax² + bx + c > 0 的解集为 (1, 2)，则关于 x 的不等式 cx² + bx + a < 0 的解集为（　）。","(-∞, 1/2) ∪ (1, +∞)","(-∞, 1/2) ∪ (1, +∞) | (-∞,1/2)∪(1,+∞) | x < 1/2 或 x > 1","(-∞, 1/2) ∪ (1, +∞)","manual-review","manual-pass","manual-pass","manual-pass","pass","none","approve","","","Approved by S18 manual independent solve / pass-sample review; eligible for candidate release pool after aggregate gates pass.","reviewed","p0-remediation-independent-solve","S18","","Corrected the inequality reversal after dividing by the negative leading coefficient.","Approve remediated row for the V2 candidate release pool after aggregate QA gates pass.","auto-quality-issue","solver-gap","not-checkable","P1","needs-second-review"
"hjb-high-ds-v2-s4-053","S4","必修 第一册","等式与不等式","等式与不等式","fill-in","Core","不等式 (x - 1)√(x + 2) ≥ 0 的解集为______。","{-2} ∪ [1, +∞)","{-2} ∪ [1, +∞) | {-2}∪[1,+∞) | {-2} U [1, +∞) | {-2}U[1,+∞)","{-2} ∪ [1, +∞)","manual-review","manual-pass","manual-pass","not-applicable","pass","none","approve","","","Approved by S18 manual independent solve / pass-sample review; eligible for candidate release pool after aggregate gates pass.","reviewed","solver-gap-independent-solve","S18","","S18 independent solve: stored answer and accepted answer set match the independently derived result.","Approve for V2 candidate release pool after aggregate QA gates pass.","auto-quality-issue","solver-gap","not-checkable","P1","needs-second-review"
"hjb-high-ds-v2-s4-054","S4","必修 第一册","等式与不等式","等式与不等式","short-answer","Challenge","已知正实数 x, y 满足 x + 2y = 1，求 1/x + 2/y 的最小值，并指出取得最小值时 x, y 的值。","最小值为 9，此时 x = 1/3, y = 1/3","最小值为 9，此时 x = 1/3, y = 1/3 | 最小值为9，此时x=1/3, y=1/3 | 9，x=1/3, y=1/3 | 9, x=1/3, y=1/3","最小值为 9，此时 x = 1/3, y = 1/3","manual-review","manual-pass","manual-pass","not-applicable","pass","none","approve","","","Approved by S18 manual independent solve / pass-sample review; eligible for candidate release pool after aggregate gates pass.","reviewed","solver-gap-independent-solve","S18","","S18 independent solve: stored answer and accepted answer set match the independently derived result.","Approve for V2 candidate release pool after aggregate QA gates pass.","auto-quality-issue","solver-gap","not-checkable","P1","needs-second-review"
"hjb-high-ds-v2-s4-055","S4","必修 第一册","等式与不等式","等式与不等式","multiple-choice","Foundation","若 a, b, c ∈ R，且 a > b，则下列不等式一定成立的是（ ）。","c - a < c - b","c - a < c - b","c - a < c - b","manual-review","manual-pass","manual-pass","manual-pass","pass","none","approve","","","Approved by S18 manual independent solve / pass-sample review; eligible for candidate release pool after aggregate gates pass.","reviewed","solver-gap-independent-solve","S18","","S18 independent solve: stored answer and accepted answer set match the independently derived result.","Approve for V2 candidate release pool after aggregate QA gates pass.","auto-quality-issue","solver-gap","not-checkable","P1","needs-second-review"
"hjb-high-ds-v2-s4-056","S4","必修 第一册","等式与不等式","等式与不等式","fill-in","Exam","若方程 x² - (k + 1)x + k = 0 有两个不相等的正根，则实数 k 的取值范围是______。","(0, 1) ∪ (1, +∞)","(0, 1) ∪ (1, +∞) | (0,1)∪(1,+∞) | (0, 1) U (1, +∞) | (0,1)U(1,+∞)","(0, 1) ∪ (1, +∞)","manual-review","manual-pass","manual-pass","not-applicable","pass","none","approve","","","Approved by S18 manual independent solve / pass-sample review; eligible for candidate release pool after aggregate gates pass.","reviewed","solver-gap-independent-solve","S18","","S18 independent solve: stored answer and accepted answer set match the independently derived result.","Approve for V2 candidate release pool after aggregate QA gates pass.","auto-quality-issue","solver-gap","not-checkable","P1","needs-second-review"
"hjb-high-ds-v2-s4-057","S4","必修 第一册","等式与不等式","等式与不等式","short-answer","Core","解关于 x 的不等式：x² - (a + 1/a)x + 1 < 0（a > 0）。","当 a = 1 时，解集为空集；当 a ≠ 1 时，解集为 (min{a, 1/a}, max{a, 1/a})","当 a = 1 时，解集为空集；当 a ≠ 1 时，解集为 (min{a, 1/a}, max{a, 1/a}) | 当a=1时，解集为空集；当a≠1时，解集为(min{a,1/a}, max{a,1/a})","当 a = 1 时，解集为空集；当 a ≠ 1 时，解集为 (min{a, 1/a}, max{a, 1/a})","manual-review","manual-pass","manual-pass","not-applicable","pass","none","approve","","","Approved by S18 manual independent solve / pass-sample review; eligible for candidate release pool after aggregate gates pass.","reviewed","solver-gap-independent-solve","S18","","S18 independent solve: stored answer and accepted answer set match the independently derived result.","Approve for V2 candidate release pool after aggregate QA gates pass.","auto-quality-issue","solver-gap","not-checkable","P1","needs-second-review"
"hjb-high-ds-v2-s4-058","S4","必修 第一册","等式与不等式","等式与不等式","multiple-choice","Challenge","已知 x > 0, y > 0，且 2x + y + 6 = xy，则 xy 的最小值为（ ）。","18","18","18","manual-review","manual-pass","manual-pass","manual-pass","pass","none","approve","","","Approved by S18 manual independent solve / pass-sample review; eligible for candidate release pool after aggregate gates pass.","reviewed","solver-gap-independent-solve","S18","","S18 independent solve: stored answer and accepted answer set match the independently derived result.","Approve for V2 candidate release pool after aggregate QA gates pass.","auto-quality-issue","solver-gap","not-checkable","P1","needs-second-review"
"hjb-high-ds-v2-s4-059","S4","必修 第一册","等式与不等式","等式与不等式","fill-in","Foundation","不等式 |2x - 1| - |x + 3| < 0 的解集为______。","(-2/3, 4)","(-2/3, 4) | (-2/3,4)","(-2/3, 4)","manual-review","manual-pass","manual-pass","not-applicable","pass","none","approve","","","Approved by S18 manual independent solve / pass-sample review; eligible for candidate release pool after aggregate gates pass.","reviewed","solver-gap-independent-solve","S18","","S18 independent solve: stored answer and accepted answer set match the independently derived result.","Approve for V2 candidate release pool after aggregate QA gates pass.","auto-quality-issue","solver-gap","not-checkable","P1","needs-second-review"
"hjb-high-ds-v2-s4-060","S4","必修 第一册","等式与不等式","等式与不等式","short-answer","Exam","已知函数 f(x) = x² + ax + b（a, b ∈ R）的值域为 [0, +∞)，且关于 x 的不等式 f(x) < c 的解集为 (m, m + 6)，求实数 c 的值。","c = 9","c = 9 | c=9 | 9","c = 9","manual-review","manual-pass","manual-pass","not-applicable","pass","none","approve","","","Approved by S18 manual independent solve / pass-sample review; eligible for candidate release pool after aggregate gates pass.","reviewed","solver-gap-independent-solve","S18","","S18 independent solve: stored answer and accepted answer set match the independently derived result.","Approve for V2 candidate release pool after aggregate QA gates pass.","auto-quality-issue","solver-gap","not-checkable","P1","needs-second-review"
"hjb-high-ds-v2-s4-061","S4","必修 第一册","等式与不等式","等式与不等式","multiple-choice","Core","已知 a, b 为正实数，且 a + b = 4。设 M = a^2 + b^2，则 M 的最小值为（ ）。","8","8","8","manual-review","manual-pass","manual-pass","manual-pass","pass","none","approve","","","Approved by S18 manual independent solve / pass-sample review; eligible for candidate release pool after aggregate gates pass.","reviewed","solver-gap-independent-solve","S18","","S18 independent solve: stored answer and accepted answer set match the independently derived result.","Approve for V2 candidate release pool after aggregate QA gates pass.","auto-quality-issue","solver-gap","not-checkable","P1","needs-second-review"
"hjb-high-ds-v2-s4-062","S4","必修 第一册","等式与不等式","等式与不等式","fill-in","Challenge","若关于 x 的不等式 x^2 - (m+1)x + m ≤ 0 的解集为 [1, 2]，则实数 m 的值为______。","2","2","2","manual-review","manual-pass","manual-pass","not-applicable","pass","none","approve","","","Approved by S18 manual independent solve / pass-sample review; eligible for candidate release pool after aggregate gates pass.","reviewed","solver-gap-independent-solve","S18","","S18 independent solve: stored answer and accepted answer set match the independently derived result.","Approve for V2 candidate release pool after aggregate QA gates pass.","auto-quality-issue","solver-gap","not-checkable","P1","needs-second-review"
"hjb-high-ds-v2-s4-063","S4","必修 第一册","等式与不等式","等式与不等式","short-answer","Foundation","解不等式：|2x - 1| < 3。","(-1, 2)","(-1, 2) | -1 < x < 2","(-1, 2)","manual-review","manual-pass","manual-pass","not-applicable","pass","none","approve","","","Approved by S18 manual independent solve / pass-sample review; eligible for candidate release pool after aggregate gates pass.","reviewed","solver-gap-independent-solve","S18","","S18 independent solve: stored answer and accepted answer set match the independently derived result.","Approve for V2 candidate release pool after aggregate QA gates pass.","auto-quality-issue","solver-gap","not-checkable","P1","needs-second-review"
"hjb-high-ds-v2-s4-064","S4","必修 第一册","等式与不等式","等式与不等式","multiple-choice","Exam","已知正数 x, y 满足 x + 2y = 1，则 1/x + 1/y 的最小值为（ ）。","3 + 2√2","3 + 2√2","3 + 2√2","manual-review","manual-pass","manual-pass","manual-pass","pass","none","approve","","","Approved by S18 manual independent solve / pass-sample review; eligible for candidate release pool after aggregate gates pass.","reviewed","solver-gap-independent-solve","S18","","S18 independent solve: stored answer and accepted answer set match the independently derived result.","Approve for V2 candidate release pool after aggregate QA gates pass.","auto-quality-issue","solver-gap","not-checkable","P1","needs-second-review"
"hjb-high-ds-v2-s4-065","S4","必修 第一册","等式与不等式","等式与不等式","fill-in","Core","不等式 x^2 - 5x + 6 > 0 的解集为______。","(-∞, 2) ∪ (3, +∞)","(-∞, 2) ∪ (3, +∞) | x < 2 或 x > 3","(-∞, 2) ∪ (3, +∞)","manual-review","manual-pass","manual-pass","not-applicable","pass","none","approve","","","Approved by S18 manual independent solve / pass-sample review; eligible for candidate release pool after aggregate gates pass.","reviewed","solver-gap-independent-solve","S18","","S18 independent solve: stored answer and accepted answer set match the independently derived result.","Approve for V2 candidate release pool after aggregate QA gates pass.","auto-quality-issue","solver-gap","not-checkable","P1","needs-second-review"
"hjb-high-ds-v2-s4-066","S4","必修 第一册","等式与不等式","等式与不等式","short-answer","Challenge","已知 a > 0, b > 0，且 ab = 4，求 a + 2b 的最小值，并指出取得最小值时 a, b 的值。","最小值为 4√2，此时 a = 2√2, b = √2","最小值为 4√2，此时 a = 2√2, b = √2 | 4√2，a=2√2，b=√2","最小值为 4√2，此时 a = 2√2, b = √2","manual-review","manual-pass","manual-pass","not-applicable","pass","none","approve","","","Approved by S18 manual independent solve / pass-sample review; eligible for candidate release pool after aggregate gates pass.","reviewed","solver-gap-independent-solve","S18","","S18 independent solve: stored answer and accepted answer set match the independently derived result.","Approve for V2 candidate release pool after aggregate QA gates pass.","auto-quality-issue","solver-gap","not-checkable","P1","needs-second-review"
"hjb-high-ds-v2-s4-067","S4","必修 第一册","等式与不等式","等式与不等式","multiple-choice","Foundation","若 a > b，则下列不等式一定成立的是（ ）。","a - c > b - c","a - c > b - c","a - c > b - c","manual-review","manual-pass","manual-pass","manual-pass","pass","none","approve","","","Approved by S18 manual independent solve / pass-sample review; eligible for candidate release pool after aggregate gates pass.","reviewed","solver-gap-independent-solve","S18","","S18 independent solve: stored answer and accepted answer set match the independently derived result.","Approve for V2 candidate release pool after aggregate QA gates pass.","auto-quality-issue","solver-gap","not-checkable","P1","needs-second-review"
"hjb-high-ds-v2-s4-068","S4","必修 第一册","等式与不等式","等式与不等式","fill-in","Exam","若不等式 ax² + bx + 2 > 0 的解集为 (-1, 2)，则 a + b 的值为______。","0","0","0","manual-review","manual-pass","manual-pass","not-applicable","pass","none","approve","","","Approved by S18 manual independent solve / pass-sample review; eligible for candidate release pool after aggregate gates pass.","reviewed","p0-remediation-independent-solve","S18","","Corrected coefficient comparison from the two roots and constant term.","Approve remediated row for the V2 candidate release pool after aggregate QA gates pass.","auto-quality-issue","solver-gap","not-checkable","P1","needs-second-review"
"hjb-high-ds-v2-s4-069","S4","必修 第一册","等式与不等式","等式与不等式","short-answer","Core","用一段长为 36 m 的篱笆围成一个矩形菜园，其中一面靠墙（墙足够长），求菜园的最大面积。","162 m²","162 m² | 162平方米 | 162","162 m²","manual-review","manual-pass","manual-pass","not-applicable","pass","none","approve","","","Approved by S18 manual independent solve / pass-sample review; eligible for candidate release pool after aggregate gates pass.","reviewed","solver-gap-independent-solve","S18","","S18 independent solve: stored answer and accepted answer set match the independently derived result.","Approve for V2 candidate release pool after aggregate QA gates pass.","auto-quality-issue","solver-gap","not-checkable","P1","needs-second-review"
"hjb-high-ds-v2-s4-070","S4","必修 第一册","等式与不等式","等式与不等式","multiple-choice","Challenge","已知关于 x 的不等式 x^2 - 2ax + a^2 - 1 ≤ 0 的解集为 A，且 A ⊆ [-1, 3]，则实数 a 的取值范围是（ ）。","[0, 2]","[0, 2]","[0, 2]","manual-review","manual-pass","manual-pass","manual-pass","pass","none","approve","","","Approved by S18 manual independent solve / pass-sample review; eligible for candidate release pool after aggregate gates pass.","reviewed","solver-gap-independent-solve","S18","","S18 independent solve: stored answer and accepted answer set match the independently derived result.","Approve for V2 candidate release pool after aggregate QA gates pass.","auto-quality-issue","solver-gap","not-checkable","P1","needs-second-review"
"hjb-high-ds-v2-s4-071","S4","必修 第一册","等式与不等式","等式与不等式","fill-in","Foundation","已知实数 a, b 满足 a > b > 0，比较 a^3 - b^3 与 (a - b)^3 的大小，并说明理由。","a^3 - b^3 > (a - b)^3","a^3 - b^3 > (a - b)^3","a^3 - b^3 > (a - b)^3","manual-review","manual-pass","manual-pass","not-applicable","pass","none","approve","","","Approved by S18 manual independent solve / pass-sample review; eligible for candidate release pool after aggregate gates pass.","reviewed","solver-gap-independent-solve","S18","","S18 independent solve: stored answer and accepted answer set match the independently derived result.","Approve for V2 candidate release pool after aggregate QA gates pass.","auto-quality-issue","solver-gap","not-checkable","P1","needs-second-review"
"hjb-high-ds-v2-s4-072","S4","必修 第一册","等式与不等式","等式与不等式","short-answer","Exam","已知关于 x 的不等式 ax^2 + bx + c > 0 的解集为 (1, 2)，求关于 x 的不等式 cx^2 + bx + a < 0 的解集。","(-∞, 1/2) ∪ (1, +∞)","(-∞, 1/2) ∪ (1, +∞)","(-∞, 1/2) ∪ (1, +∞)","manual-review","manual-pass","manual-pass","not-applicable","pass","none","approve","","","Approved by S18 manual independent solve / pass-sample review; eligible for candidate release pool after aggregate gates pass.","reviewed","solver-gap-independent-solve","S18","","S18 independent solve: stored answer and accepted answer set match the independently derived result.","Approve for V2 candidate release pool after aggregate QA gates pass.","auto-quality-issue","solver-gap","not-checkable","P1","needs-second-review"
"hjb-high-ds-v2-s4-073","S4","必修 第一册","等式与不等式","等式与不等式","multiple-choice","Core","若 a, b 为正实数，且 a + b = 1，则 (1 + 1/a)(1 + 1/b) 的最小值为（ ）","B. 9","B. 9","B. 9","manual-review","manual-pass","manual-pass","manual-pass","pass","none","approve","","","Approved by S18 manual independent solve / pass-sample review; eligible for candidate release pool after aggregate gates pass.","reviewed","solver-gap-independent-solve","S18","","S18 independent solve: stored answer and accepted answer set match the independently derived result.","Approve for V2 candidate release pool after aggregate QA gates pass.","auto-quality-issue","solver-gap","not-checkable","P1","needs-second-review"
"hjb-high-ds-v2-s4-074","S4","必修 第一册","等式与不等式","等式与不等式","fill-in","Challenge","若关于 x 的不等式 x^2 - (m + 1)x + m ≤ 0 的解集为 [a, b]，且 b - a = 3，则实数 m 的值为______。","4 或 -2","4 或 -2 | 4或-2","4 或 -2","manual-review","manual-pass","manual-pass","not-applicable","pass","none","approve","","","Approved by S18 manual independent solve / pass-sample review; eligible for candidate release pool after aggregate gates pass.","reviewed","solver-gap-independent-solve","S18","","S18 independent solve: stored answer and accepted answer set match the independently derived result.","Approve for V2 candidate release pool after aggregate QA gates pass.","auto-quality-issue","solver-gap","not-checkable","P1","needs-second-review"
"hjb-high-ds-v2-s4-075","S4","必修 第一册","等式与不等式","等式与不等式","short-answer","Foundation","二轮变式0075：解答：解不等式 x+3>4，求 x 的取值范围右端常数 4-3 的值。","1","1","1","manual-review","manual-pass","manual-pass","not-applicable","pass","none","approve","","","Approved by S18 manual independent solve / pass-sample review; eligible for candidate release pool after aggregate gates pass.","reviewed","pass-sample","S18","","S18 pass-sample review: prompt is independently solvable and stored answer remains consistent with the audit answer.","Approve for V2 candidate release pool after aggregate QA gates pass.","grade-type-difficulty-pass-sample","pass","pass","none","approve"
"hjb-high-ds-v2-s4-076","S4","必修 第一册","等式与不等式","等式与不等式","multiple-choice","Exam","已知 a, b, c ∈ R，且 a > b，则下列不等式一定成立的是（ ）","C. a^3 > b^3","C. a^3 > b^3","C. a^3 > b^3","manual-review","manual-pass","manual-pass","manual-pass","pass","none","approve","","","Approved by S18 manual independent solve / pass-sample review; eligible for candidate release pool after aggregate gates pass.","reviewed","solver-gap-independent-solve","S18","","S18 independent solve: stored answer and accepted answer set match the independently derived result.","Approve for V2 candidate release pool after aggregate QA gates pass.","auto-quality-issue","solver-gap","not-checkable","P1","needs-second-review"
"hjb-high-ds-v2-s4-077","S4","必修 第一册","等式与不等式","等式与不等式","fill-in","Core","已知 x > 0，y > 0，且 2x + y = 3，则 xy 的最大值为______。","9/8","9/8 | 1.125","9/8","manual-review","manual-pass","manual-pass","not-applicable","pass","none","approve","","","Approved by S18 manual independent solve / pass-sample review; eligible for candidate release pool after aggregate gates pass.","reviewed","solver-gap-independent-solve","S18","","S18 independent solve: stored answer and accepted answer set match the independently derived result.","Approve for V2 candidate release pool after aggregate QA gates pass.","auto-quality-issue","solver-gap","not-checkable","P1","needs-second-review"
"hjb-high-ds-v2-s4-078","S4","必修 第一册","等式与不等式","等式与不等式","short-answer","Challenge","已知关于 x 的不等式 (x - a)(x - b) > 0 的解集为 (-∞, 2) ∪ (3, +∞)，求 a + b 的值。","5","5","5","manual-review","manual-pass","manual-pass","not-applicable","pass","none","approve","","","Approved by S18 manual independent solve / pass-sample review; eligible for candidate release pool after aggregate gates pass.","reviewed","solver-gap-independent-solve","S18","","S18 independent solve: stored answer and accepted answer set match the independently derived result.","Approve for V2 candidate release pool after aggregate QA gates pass.","auto-quality-issue","solver-gap","not-checkable","P1","needs-second-review"
"hjb-high-ds-v2-s4-079","S4","必修 第一册","等式与不等式","等式与不等式","multiple-choice","Foundation","若 a, b ∈ R，则“a > b”是“a|a| > b|b|”的（ ）","C. 充要条件","C. 充要条件","C. 充要条件","manual-review","manual-pass","manual-pass","manual-pass","pass","none","approve","","","Approved by S18 manual independent solve / pass-sample review; eligible for candidate release pool after aggregate gates pass.","reviewed","solver-gap-independent-solve","S18","","S18 independent solve: stored answer and accepted answer set match the independently derived result.","Approve for V2 candidate release pool after aggregate QA gates pass.","auto-quality-issue","solver-gap","not-checkable","P1","needs-second-review"
"hjb-high-ds-v2-s4-080","S4","必修 第一册","等式与不等式","等式与不等式","fill-in","Exam","已知关于 x 的不等式 x² - 2ax + a² - 1 ≤ 0 的解集为 [1, 3]，求实数 a 的值。","2","2","2","manual-review","manual-pass","manual-pass","not-applicable","pass","none","approve","","","Approved by S18 manual independent solve / pass-sample review; eligible for candidate release pool after aggregate gates pass.","reviewed","p0-remediation-independent-solve","S18","","Rewrote the impossible interval-length condition into a unique endpoint-matching problem.","Approve remediated row for the V2 candidate release pool after aggregate QA gates pass.","auto-quality-issue","solver-gap","not-checkable","P1","needs-second-review"
"hjb-high-ds-v2-s4-081","S4","必修 第一册","等式与不等式","等式与不等式","short-answer","Core","已知关于 x 的不等式组：\n(1) x² - 5x + 6 ≤ 0\n(2) |x - 2| > 1\n求同时满足 (1) 和 (2) 的 x 的取值范围。","∅","∅ | 空集","∅","manual-review","manual-pass","manual-pass","not-applicable","pass","none","approve","","","Approved by S18 manual independent solve / pass-sample review; eligible for candidate release pool after aggregate gates pass.","reviewed","p0-remediation-independent-solve","S18","","Corrected the intersection of the closed interval with the strict absolute-value solution.","Approve remediated row for the V2 candidate release pool after aggregate QA gates pass.","auto-quality-issue","solver-gap","not-checkable","P1","needs-second-review"
"hjb-high-ds-v2-s4-082","S4","必修 第一册","等式与不等式","等式与不等式","multiple-choice","Challenge","若关于x的不等式ax² + bx + c > 0的解集为{x | 1 < x < 2}，且a < 0，则不等式cx² + bx + a < 0的解集为？","{x | x < 1/2 或 x > 1}","{x | x < 1/2 或 x > 1}","{x | x < 1/2 或 x > 1}","manual-review","manual-pass","manual-pass","manual-pass","pass","none","approve","","","Approved by S18 manual independent solve / pass-sample review; eligible for candidate release pool after aggregate gates pass.","reviewed","solver-gap-independent-solve","S18","","S18 independent solve: stored answer and accepted answer set match the independently derived result.","Approve for V2 candidate release pool after aggregate QA gates pass.","auto-quality-issue","solver-gap","not-checkable","P1","needs-second-review"
"hjb-high-ds-v2-s4-083","S4","必修 第一册","等式与不等式","等式与不等式","fill-in","Foundation","已知x > 0，y > 0，且x + 2y = 1，则1/x + 1/y的最小值为______。","3 + 2√2","3 + 2√2 | 3+2√2 | 3+2根号2","3 + 2√2","manual-review","manual-pass","manual-pass","not-applicable","pass","none","approve","","","Approved by S18 manual independent solve / pass-sample review; eligible for candidate release pool after aggregate gates pass.","reviewed","solver-gap-independent-solve","S18","","S18 independent solve: stored answer and accepted answer set match the independently derived result.","Approve for V2 candidate release pool after aggregate QA gates pass.","auto-quality-issue","solver-gap","not-checkable","P1","needs-second-review"
"hjb-high-ds-v2-s4-084","S4","必修 第一册","等式与不等式","等式与不等式","short-answer","Exam","已知函数 f(x)=x²+ax+b（a,b∈R），若对于任意 x∈[0,1]，都有 |f(x)|≤1，求 a+b 的最大值。","0","0","0","manual-review","manual-pass","manual-pass","not-applicable","pass","none","approve","","","Approved by S18 manual independent solve / pass-sample review; eligible for candidate release pool after aggregate gates pass.","reviewed","p0-remediation-independent-solve","S18","","Corrected the maximum using the endpoint constraint f(1)≤1 and an attaining example.","Approve remediated row for the V2 candidate release pool after aggregate QA gates pass.","auto-quality-issue","solver-gap","not-checkable","P1","needs-second-review"
"hjb-high-ds-v2-s4-085","S4","必修 第一册","等式与不等式","等式与不等式","multiple-choice","Core","已知a, b, c ∈ R，且a > b > c，则下列不等式一定成立的是？","a - c > b - c","a - c > b - c","a - c > b - c","manual-review","manual-pass","manual-pass","manual-pass","pass","none","approve","","","Approved by S18 manual independent solve / pass-sample review; eligible for candidate release pool after aggregate gates pass.","reviewed","solver-gap-independent-solve","S18","","S18 independent solve: stored answer and accepted answer set match the independently derived result.","Approve for V2 candidate release pool after aggregate QA gates pass.","auto-quality-issue","solver-gap","not-checkable","P1","needs-second-review"
"hjb-high-ds-v2-s4-086","S4","必修 第一册","等式与不等式","等式与不等式","fill-in","Challenge","若关于 x 的不等式 x² - (m+1)x + m ≤ 0 的解集中恰有 3 个整数，则实数 m 的取值范围是______。","(-2, -1] ∪ [3, 4)","(-2, -1] ∪ [3, 4) | (-2,-1]∪[3,4)","(-2, -1] ∪ [3, 4)","manual-review","manual-pass","manual-pass","not-applicable","pass","none","approve","","","Approved by S18 manual independent solve / pass-sample review; eligible for candidate release pool after aggregate gates pass.","reviewed","p0-remediation-independent-solve","S18","","Corrected endpoint inclusions for exactly three integers.","Approve remediated row for the V2 candidate release pool after aggregate QA gates pass.","auto-quality-issue","solver-gap","not-checkable","P1","needs-second-review"
"hjb-high-ds-v2-s4-088","S4","必修 第一册","等式与不等式","等式与不等式","multiple-choice","Exam","已知正实数a, b满足ab = 1，则(1/a + 1/b)(a² + b²)的最小值为？","4","4","4","manual-review","manual-pass","manual-pass","manual-pass","pass","none","approve","","","Approved by S18 manual independent solve / pass-sample review; eligible for candidate release pool after aggregate gates pass.","reviewed","solver-gap-independent-solve","S18","","S18 independent solve: stored answer and accepted answer set match the independently derived result.","Approve for V2 candidate release pool after aggregate QA gates pass.","auto-quality-issue","solver-gap","not-checkable","P1","needs-second-review"
"hjb-high-ds-v2-s4-089","S4","必修 第一册","等式与不等式","等式与不等式","fill-in","Core","已知关于 x 的方程 x² + (k-2)x + 4 - k = 0 有两个不相等的正实数根，则实数 k 的取值范围是______。","k < -2√3","k < -2√3 | k<-2√3 | k < -2sqrt(3)","k < -2√3","manual-review","manual-pass","manual-pass","not-applicable","pass","none","approve","","","Approved by S18 manual independent solve / pass-sample review; eligible for candidate release pool after aggregate gates pass.","reviewed","p0-remediation-independent-solve","S18","","Added the discriminant condition to the positive-root requirements.","Approve remediated row for the V2 candidate release pool after aggregate QA gates pass.","auto-quality-issue","solver-gap","not-checkable","P1","needs-second-review"
"hjb-high-ds-v2-s4-090","S4","必修 第一册","等式与不等式","等式与不等式","short-answer","Challenge","已知函数f(x) = ax² + bx + c (a ≠ 0)，若f(0) = 1，f(1) = 2，且对于任意x ∈ R，f(x) ≥ 0恒成立，求a + b + c的值。","2","2","2","manual-review","manual-pass","manual-pass","not-applicable","pass","none","approve","","","Approved by S18 manual independent solve / pass-sample review; eligible for candidate release pool after aggregate gates pass.","reviewed","solver-gap-independent-solve","S18","","S18 independent solve: stored answer and accepted answer set match the independently derived result.","Approve for V2 candidate release pool after aggregate QA gates pass.","auto-quality-issue","solver-gap","not-checkable","P1","needs-second-review"
"hjb-high-ds-v2-s4-091","S4","必修 第一册","等式与不等式","等式与不等式","multiple-choice","Foundation","已知 a, b 是正实数，且 a + b = 4，则 ab 的最大值为（ ）","4","4","4","manual-review","manual-pass","manual-pass","manual-pass","pass","none","approve","","","Approved by S18 manual independent solve / pass-sample review; eligible for candidate release pool after aggregate gates pass.","reviewed","solver-gap-independent-solve","S18","","S18 independent solve: stored answer and accepted answer set match the independently derived result.","Approve for V2 candidate release pool after aggregate QA gates pass.","auto-quality-issue","solver-gap","not-checkable","P1","needs-second-review"
"hjb-high-ds-v2-s4-092","S4","必修 第一册","等式与不等式","等式与不等式","fill-in","Exam","不等式 x² - 5x + 6 < 0 的解集为______。","(2,3)","(2,3) | 2<x<3","(2,3)","manual-review","manual-pass","manual-pass","not-applicable","pass","none","approve","","","Approved by S18 manual independent solve / pass-sample review; eligible for candidate release pool after aggregate gates pass.","reviewed","solver-gap-independent-solve","S18","","S18 independent solve: stored answer and accepted answer set match the independently derived result.","Approve for V2 candidate release pool after aggregate QA gates pass.","auto-quality-issue","solver-gap","not-checkable","P1","needs-second-review"
"hjb-high-ds-v2-s4-093","S4","必修 第一册","等式与不等式","等式与不等式","short-answer","Core","解不等式：|2x - 1| ≤ 3。","[-1,2]","[-1,2] | -1≤x≤2","[-1,2]","manual-review","manual-pass","manual-pass","not-applicable","pass","none","approve","","","Approved by S18 manual independent solve / pass-sample review; eligible for candidate release pool after aggregate gates pass.","reviewed","solver-gap-independent-solve","S18","","S18 independent solve: stored answer and accepted answer set match the independently derived result.","Approve for V2 candidate release pool after aggregate QA gates pass.","auto-quality-issue","solver-gap","not-checkable","P1","needs-second-review"
"hjb-high-ds-v2-s4-094","S4","必修 第一册","等式与不等式","等式与不等式","multiple-choice","Challenge","二轮变式0094：选择：解不等式 x+5>5，求 x 的取值范围右端常数 5-5 的值。","0","0","0","manual-review","manual-pass","manual-pass","manual-pass","pass","none","approve","","","Approved by S18 manual independent solve / pass-sample review; eligible for candidate release pool after aggregate gates pass.","reviewed","pass-sample","S18","","S18 pass-sample review: prompt is independently solvable and stored answer remains consistent with the audit answer.","Approve for V2 candidate release pool after aggregate QA gates pass.","grade-pass-sample-fill","pass","pass","none","approve"
"hjb-high-ds-v2-s4-095","S4","必修 第一册","等式与不等式","等式与不等式","fill-in","Foundation","已知 x > 0，则 x + 1/x 的最小值为______。","2","2","2","manual-review","manual-pass","manual-pass","not-applicable","pass","none","approve","","","Approved by S18 manual independent solve / pass-sample review; eligible for candidate release pool after aggregate gates pass.","reviewed","solver-gap-independent-solve","S18","","S18 independent solve: stored answer and accepted answer set match the independently derived result.","Approve for V2 candidate release pool after aggregate QA gates pass.","auto-quality-issue","solver-gap","not-checkable","P1","needs-second-review"
"hjb-high-ds-v2-s4-096","S4","必修 第一册","等式与不等式","等式与不等式","short-answer","Exam","某工厂生产一种产品，固定成本为200万元，每生产一件产品的可变成本为0.5万元，售价为1万元。若要使利润不低于100万元，则至少需要生产多少件产品？","600","600","600","manual-review","manual-pass","manual-pass","not-applicable","pass","none","approve","","","Approved by S18 manual independent solve / pass-sample review; eligible for candidate release pool after aggregate gates pass.","reviewed","solver-gap-independent-solve","S18","","S18 independent solve: stored answer and accepted answer set match the independently derived result.","Approve for V2 candidate release pool after aggregate QA gates pass.","auto-quality-issue","solver-gap","not-checkable","P1","needs-second-review"
"hjb-high-ds-v2-s4-097","S4","必修 第一册","等式与不等式","等式与不等式","multiple-choice","Core","下列不等式中，解集为 {x | x < 1 或 x > 3} 的是（ ）","x² - 4x + 3 > 0","x² - 4x + 3 > 0","x² - 4x + 3 > 0","manual-review","manual-pass","manual-pass","manual-pass","pass","none","approve","","","Approved by S18 manual independent solve / pass-sample review; eligible for candidate release pool after aggregate gates pass.","reviewed","solver-gap-independent-solve","S18","","S18 independent solve: stored answer and accepted answer set match the independently derived result.","Approve for V2 candidate release pool after aggregate QA gates pass.","auto-quality-issue","solver-gap","not-checkable","P1","needs-second-review"
"hjb-high-ds-v2-s4-098","S4","必修 第一册","等式与不等式","等式与不等式","fill-in","Challenge","已知正数 x, y 满足 x + 2y = 1，则 1/x + 1/y 的最小值为______。","3+2√2","3+2√2","3+2√2","manual-review","manual-pass","manual-pass","not-applicable","pass","none","approve","","","Approved by S18 manual independent solve / pass-sample review; eligible for candidate release pool after aggregate gates pass.","reviewed","solver-gap-independent-solve","S18","","S18 independent solve: stored answer and accepted answer set match the independently derived result.","Approve for V2 candidate release pool after aggregate QA gates pass.","auto-quality-issue","solver-gap","not-checkable","P1","needs-second-review"
"hjb-high-ds-v2-s4-099","S4","必修 第一册","等式与不等式","等式与不等式","short-answer","Foundation","解关于 x 的不等式：x² - (a+1)x + a < 0，其中 a 为实数。","当a<1时，解集为(a,1)；当a=1时，解集为空集；当a>1时，解集为(1,a)。","当a<1时，解集为(a,1)；当a=1时，解集为空集；当a>1时，解集为(1,a)。","当a<1时，解集为(a,1)；当a=1时，解集为空集；当a>1时，解集为(1,a)。","manual-review","manual-pass","manual-pass","not-applicable","pass","none","approve","","","Approved by S18 manual independent solve / pass-sample review; eligible for candidate release pool after aggregate gates pass.","reviewed","solver-gap-independent-solve","S18","","S18 independent solve: stored answer and accepted answer set match the independently derived result.","Approve for V2 candidate release pool after aggregate QA gates pass.","auto-quality-issue","solver-gap","not-checkable","P1","needs-second-review"
"hjb-high-ds-v2-s4-100","S4","必修 第一册","等式与不等式","等式与不等式","multiple-choice","Exam","若不等式 ax² + bx + c > 0 的解集为 (-2, 3)，则不等式 cx² + bx + a < 0 的解集为（　）","(-1/2, 1/3)","(-1/2, 1/3)","(-1/2, 1/3)","manual-review","manual-pass","manual-pass","manual-pass","pass","none","approve","","","Approved by S18 manual independent solve / pass-sample review; eligible for candidate release pool after aggregate gates pass.","reviewed","p0-remediation-independent-solve","S18","","Corrected the final interval after handling the negative leading coefficient.","Approve remediated row for the V2 candidate release pool after aggregate QA gates pass.","auto-quality-issue","solver-gap","not-checkable","P1","needs-second-review"
"hjb-high-ds-v2-s4-101","S4","必修 第一册","幂、指数与对数","幂、指数与对数","fill-in","Core","计算：\(\log_2 6 - \log_4 9 + \log_3 \frac{1}{27}\)。","-2","-2","-2","manual-review","manual-pass","manual-pass","not-applicable","pass","none","approve","","","Approved by S18 manual independent solve / pass-sample review; eligible for candidate release pool after aggregate gates pass.","reviewed","p0-remediation-independent-solve","S18","","Corrected the logarithm simplification.","Approve remediated row for the V2 candidate release pool after aggregate QA gates pass.","auto-quality-issue","solver-gap","not-checkable","P1","needs-second-review"
"hjb-high-ds-v2-s4-102","S4","必修 第一册","幂、指数与对数","幂、指数与对数","short-answer","Challenge","已知 \(a = \log_2 3\)，\(b = \log_3 7\)，用 \(a, b\) 表示 \(\log_{42} 56\)。","\frac{3 + ab}{1 + a + ab}","\frac{3 + ab}{1 + a + ab} | (3+ab)/(1+a+ab) | \frac{3+ab}{1+a+ab}","\frac{3 + ab}{1 + a + ab}","manual-review","manual-pass","manual-pass","not-applicable","pass","none","approve","","","Approved by S18 manual independent solve / pass-sample review; eligible for candidate release pool after aggregate gates pass.","reviewed","p0-remediation-independent-solve","S18","","Corrected ln7 to ab ln2 in the numerator.","Approve remediated row for the V2 candidate release pool after aggregate QA gates pass.","auto-quality-issue","solver-gap","not-checkable","P1","needs-second-review"
"hjb-high-ds-v2-s4-104","S4","必修 第一册","幂、指数与对数","幂、指数与对数","fill-in","Exam","若 \(\log_2 (\log_3 x) = \log_3 (\log_4 y) = \log_4 (\log_2 z) = 0\)，则 \(x+y+z\) 的值为______。","9","9","9","manual-review","manual-pass","manual-pass","not-applicable","pass","none","approve","","","Approved by S18 manual independent solve / pass-sample review; eligible for candidate release pool after aggregate gates pass.","reviewed","p0-remediation-independent-solve","S18","","Corrected the values of x, y, and z from the nested logarithms.","Approve remediated row for the V2 candidate release pool after aggregate QA gates pass.","auto-quality-issue","solver-gap","not-checkable","P1","needs-second-review"
"hjb-high-ds-v2-s4-105","S4","必修 第一册","幂、指数与对数","幂、指数与对数","short-answer","Core","已知 \(\lg 2 = a\)，\(\lg 3 = b\)，试用 \(a, b\) 表示 \(\log_{12} 5\)。","\frac{1 - a}{2a + b}","\frac{1 - a}{2a + b} | (1-a)/(2a+b)","\frac{1 - a}{2a + b}","manual-review","manual-pass","manual-pass","not-applicable","pass","none","approve","","","Approved by S18 manual independent solve / pass-sample review; eligible for candidate release pool after aggregate gates pass.","reviewed","solver-gap-independent-solve","S18","","S18 independent solve: stored answer and accepted answer set match the independently derived result.","Approve for V2 candidate release pool after aggregate QA gates pass.","auto-quality-issue","solver-gap","not-checkable","P1","needs-second-review"
"hjb-high-ds-v2-s4-106","S4","必修 第一册","幂、指数与对数","幂、指数与对数","multiple-choice","Challenge","设 \(a = \log_{0.2} 0.3\)，\(b = \log_2 0.3\)，\(c = \log_{0.3} 2\)，则 \(a, b, c\) 的大小关系是（　）。","b < c < a","b < c < a","b < c < a","manual-review","manual-pass","manual-pass","manual-pass","pass","none","approve","","","Approved by S18 manual independent solve / pass-sample review; eligible for candidate release pool after aggregate gates pass.","reviewed","p0-remediation-independent-solve","S18","","Corrected the order of the two negative logarithms.","Approve remediated row for the V2 candidate release pool after aggregate QA gates pass.","auto-quality-issue","solver-gap","not-checkable","P1","needs-second-review"
"hjb-high-ds-v2-s4-107","S4","必修 第一册","幂、指数与对数","幂、指数与对数","fill-in","Foundation","计算：\(\left(\frac{9}{4}\right)^{\frac{1}{2}} - (-9.6)^0 - \left(\frac{27}{8}\right)^{-\frac{2}{3}} + (1.5)^{-2}\)。","\frac{1}{2}","\frac{1}{2} | 0.5","\frac{1}{2}","manual-review","manual-pass","manual-pass","not-applicable","pass","none","approve","","","Approved by S18 manual independent solve / pass-sample review; eligible for candidate release pool after aggregate gates pass.","reviewed","solver-gap-independent-solve","S18","","S18 independent solve: stored answer and accepted answer set match the independently derived result.","Approve for V2 candidate release pool after aggregate QA gates pass.","auto-quality-issue","solver-gap","not-checkable","P1","needs-second-review"
"hjb-high-ds-v2-s4-108","S4","必修 第一册","幂、指数与对数","幂、指数与对数","short-answer","Exam","二轮变式0108：解答：已知 log_7(7^12)=m，求 m。","12","12","12","manual-review","manual-pass","manual-pass","not-applicable","pass","none","approve","","","Approved by S18 manual independent solve / pass-sample review; eligible for candidate release pool after aggregate gates pass.","reviewed","pass-sample","S18","","S18 pass-sample review: prompt is independently solvable and stored answer remains consistent with the audit answer.","Approve for V2 candidate release pool after aggregate QA gates pass.","grade-pass-sample-fill","pass","pass","none","approve"
"hjb-high-ds-v2-s4-110","S4","必修 第一册","幂、指数与对数","幂、指数与对数","fill-in","Challenge","已知 \(2^a = 5^b = m\)，且 \(\frac{1}{a} + \frac{1}{b} = 2\)，则实数 \(m\) 的值为______。","\sqrt{10}","\sqrt{10} | √10","\sqrt{10}","manual-review","manual-pass","manual-pass","not-applicable","pass","none","approve","","","Approved by S18 manual independent solve / pass-sample review; eligible for candidate release pool after aggregate gates pass.","reviewed","solver-gap-independent-solve","S18","","S18 independent solve: stored answer and accepted answer set match the independently derived result.","Approve for V2 candidate release pool after aggregate QA gates pass.","auto-quality-issue","solver-gap","not-checkable","P1","needs-second-review"
"hjb-high-ds-v2-s4-111","S4","必修 第一册","幂、指数与对数","幂、指数与对数","short-answer","Foundation","计算：\(\log_2 3 \cdot \log_3 4 \cdot \log_4 8\)。","3","3","3","manual-review","manual-pass","manual-pass","not-applicable","pass","none","approve","","","Approved by S18 manual independent solve / pass-sample review; eligible for candidate release pool after aggregate gates pass.","reviewed","solver-gap-independent-solve","S18","","S18 independent solve: stored answer and accepted answer set match the independently derived result.","Approve for V2 candidate release pool after aggregate QA gates pass.","auto-quality-issue","solver-gap","not-checkable","P1","needs-second-review"
"hjb-high-ds-v2-s4-112","S4","必修 第一册","幂、指数与对数","幂、指数与对数","multiple-choice","Exam","若 \(a = \log_{0.5} 3\)，\(b = \left(\frac{1}{3}\right)^{0.2}\)，\(c = 2^{\frac{1}{3}}\)，则 \(a, b, c\) 的大小关系是（  ）","a < b < c","a < b < c","a < b < c","manual-review","manual-pass","manual-pass","manual-pass","pass","none","approve","","","Approved by S18 manual independent solve / pass-sample review; eligible for candidate release pool after aggregate gates pass.","reviewed","solver-gap-independent-solve","S18","","S18 independent solve: stored answer and accepted answer set match the independently derived result.","Approve for V2 candidate release pool after aggregate QA gates pass.","auto-quality-issue","solver-gap","not-checkable","P1","needs-second-review"
"hjb-high-ds-v2-s4-113","S4","必修 第一册","幂、指数与对数","幂、指数与对数","fill-in","Core","方程 \(\log_2 (x-1) + \log_2 (x+1) = 3\) 的解为 \(x =\) ______。","3","3","3","manual-review","manual-pass","manual-pass","not-applicable","pass","none","approve","","","Approved by S18 manual independent solve / pass-sample review; eligible for candidate release pool after aggregate gates pass.","reviewed","solver-gap-independent-solve","S18","","S18 independent solve: stored answer and accepted answer set match the independently derived result.","Approve for V2 candidate release pool after aggregate QA gates pass.","auto-quality-issue","solver-gap","not-checkable","P1","needs-second-review"
"hjb-high-ds-v2-s4-114","S4","必修 第一册","幂、指数与对数","幂、指数与对数","short-answer","Challenge","二轮变式0114：解答：已知 log_7(7^8)=m，求 m。","8","8","8","manual-review","manual-pass","manual-pass","not-applicable","pass","none","approve","","","Approved by S18 manual independent solve / pass-sample review; eligible for candidate release pool after aggregate gates pass.","reviewed","pass-sample","S18","","S18 pass-sample review: prompt is independently solvable and stored answer remains consistent with the audit answer.","Approve for V2 candidate release pool after aggregate QA gates pass.","grade-type-difficulty-pass-sample","pass","pass","none","approve"
"hjb-high-ds-v2-s4-116","S4","必修 第一册","幂、指数与对数","幂、指数与对数","fill-in","Exam","二轮变式0116：填空：已知 log_2(2^14)=m，求 m。","14","14","14","manual-review","manual-pass","manual-pass","not-applicable","pass","none","approve","","","Approved by S18 manual independent solve / pass-sample review; eligible for candidate release pool after aggregate gates pass.","reviewed","pass-sample","S18","","S18 pass-sample review: prompt is independently solvable and stored answer remains consistent with the audit answer.","Approve for V2 candidate release pool after aggregate QA gates pass.","grade-type-difficulty-pass-sample","pass","pass","none","approve"
"hjb-high-ds-v2-s4-117","S4","必修 第一册","幂、指数与对数","幂、指数与对数","short-answer","Core","已知 \(3^a = 4^b = 36\)，求 \(\frac{2}{a} + \frac{1}{b}\) 的值。","1","1","1","manual-review","manual-pass","manual-pass","not-applicable","pass","none","approve","","","Approved by S18 manual independent solve / pass-sample review; eligible for candidate release pool after aggregate gates pass.","reviewed","solver-gap-independent-solve","S18","","S18 independent solve: stored answer and accepted answer set match the independently derived result.","Approve for V2 candidate release pool after aggregate QA gates pass.","auto-quality-issue","solver-gap","not-checkable","P1","needs-second-review"
"hjb-high-ds-v2-s4-118","S4","必修 第一册","幂、指数与对数","幂、指数与对数","multiple-choice","Challenge","设 \(a = \log_3 2\)，\(b = \ln 2\)，\(c = 5^{-\frac{1}{2}}\)，则（  ）","c < a < b","c < a < b","c < a < b","manual-review","manual-pass","manual-pass","manual-pass","pass","none","approve","","","Approved by S18 manual independent solve / pass-sample review; eligible for candidate release pool after aggregate gates pass.","reviewed","solver-gap-independent-solve","S18","","S18 independent solve: stored answer and accepted answer set match the independently derived result.","Approve for V2 candidate release pool after aggregate QA gates pass.","auto-quality-issue","solver-gap","not-checkable","P1","needs-second-review"
"hjb-high-ds-v2-s4-119","S4","必修 第一册","幂、指数与对数","幂、指数与对数","fill-in","Foundation","若 \(\log_a \frac{2}{3} < 1\)，则实数 \(a\) 的取值范围是 ______。","(0, \frac{2}{3}) \cup (1, +\infty)","(0, \frac{2}{3}) \cup (1, +\infty) | 0<a<2/3或a>1","(0, \frac{2}{3}) \cup (1, +\infty)","manual-review","manual-pass","manual-pass","not-applicable","pass","none","approve","","","Approved by S18 manual independent solve / pass-sample review; eligible for candidate release pool after aggregate gates pass.","reviewed","solver-gap-independent-solve","S18","","S18 independent solve: stored answer and accepted answer set match the independently derived result.","Approve for V2 candidate release pool after aggregate QA gates pass.","auto-quality-issue","solver-gap","not-checkable","P1","needs-second-review"
"hjb-high-ds-v2-s4-120","S4","必修 第一册","幂、指数与对数","幂、指数与对数","short-answer","Exam","已知 \(\log_2 [\log_3 (\log_4 x)] = \log_3 [\log_4 (\log_2 y)] = \log_4 [\log_2 (\log_3 z)] = 0\)，求 \(x+y+z\) 的值。","89","89","89","manual-review","manual-pass","manual-pass","not-applicable","pass","none","approve","","","Approved by S18 manual independent solve / pass-sample review; eligible for candidate release pool after aggregate gates pass.","reviewed","solver-gap-independent-solve","S18","","S18 independent solve: stored answer and accepted answer set match the independently derived result.","Approve for V2 candidate release pool after aggregate QA gates pass.","auto-quality-issue","solver-gap","not-checkable","P1","needs-second-review"
"hjb-high-ds-v2-s4-121","S4","必修 第一册","幂、指数与对数","幂、指数与对数","multiple-choice","Core","若实数 a 满足 log₂(log₃a) = 1，则 a 的值为（　）","9","9","9","manual-review","manual-pass","manual-pass","manual-pass","pass","none","approve","","","Approved by S18 manual independent solve / pass-sample review; eligible for candidate release pool after aggregate gates pass.","reviewed","solver-gap-independent-solve","S18","","S18 independent solve: stored answer and accepted answer set match the independently derived result.","Approve for V2 candidate release pool after aggregate QA gates pass.","auto-quality-issue","solver-gap","not-checkable","P1","needs-second-review"
"hjb-high-ds-v2-s4-122","S4","必修 第一册","幂、指数与对数","幂、指数与对数","fill-in","Challenge","已知正实数 x 满足 log₂x + log₄x + log₈x = 11，则 x = ______。","64","64","64","manual-review","manual-pass","manual-pass","not-applicable","pass","none","approve","","","Approved by S18 manual independent solve / pass-sample review; eligible for candidate release pool after aggregate gates pass.","reviewed","solver-gap-independent-solve","S18","","S18 independent solve: stored answer and accepted answer set match the independently derived result.","Approve for V2 candidate release pool after aggregate QA gates pass.","auto-quality-issue","solver-gap","not-checkable","P1","needs-second-review"
"hjb-high-ds-v2-s4-123","S4","必修 第一册","幂、指数与对数","幂、指数与对数","short-answer","Foundation","计算：lg25 + lg2·lg50 + (lg2)²。","2","2","2","manual-review","manual-pass","manual-pass","not-applicable","pass","none","approve","","","Approved by S18 manual independent solve / pass-sample review; eligible for candidate release pool after aggregate gates pass.","reviewed","solver-gap-independent-solve","S18","","S18 independent solve: stored answer and accepted answer set match the independently derived result.","Approve for V2 candidate release pool after aggregate QA gates pass.","auto-quality-issue","solver-gap","not-checkable","P1","needs-second-review"
"hjb-high-ds-v2-s4-124","S4","必修 第一册","幂、指数与对数","幂、指数与对数","multiple-choice","Exam","设 a = log₀.₂0.3，b = log₂0.3，c = log₀.₂3，则 a, b, c 的大小关系是（　）","b < c < a","b < c < a","b < c < a","manual-review","manual-pass","manual-pass","manual-pass","pass","none","approve","","","Approved by S18 manual independent solve / pass-sample review; eligible for candidate release pool after aggregate gates pass.","reviewed","p0-remediation-independent-solve","S18","","Corrected the order by comparing approximate values.","Approve remediated row for the V2 candidate release pool after aggregate QA gates pass.","auto-quality-issue","solver-gap","not-checkable","P1","needs-second-review"
"hjb-high-ds-v2-s4-125","S4","必修 第一册","幂、指数与对数","幂、指数与对数","fill-in","Core","若 3ᵃ = 4ᵇ = 36，则 1/a + 1/b = ______。","1/2","1/2","1/2","manual-review","manual-pass","manual-pass","not-applicable","pass","none","approve","","","Approved by S18 manual independent solve / pass-sample review; eligible for candidate release pool after aggregate gates pass.","reviewed","solver-gap-independent-solve","S18","","S18 independent solve: stored answer and accepted answer set match the independently derived result.","Approve for V2 candidate release pool after aggregate QA gates pass.","auto-quality-issue","solver-gap","not-checkable","P1","needs-second-review"
"hjb-high-ds-v2-s4-126","S4","必修 第一册","幂、指数与对数","幂、指数与对数","short-answer","Challenge","解方程：log₂(9ˣ⁻¹ - 5) = log₂(3ˣ⁻¹ - 2) + 2。","x = 2","x = 2","x = 2","manual-review","manual-pass","manual-pass","not-applicable","pass","none","approve","","","Approved by S18 manual independent solve / pass-sample review; eligible for candidate release pool after aggregate gates pass.","reviewed","solver-gap-independent-solve","S18","","S18 independent solve: stored answer and accepted answer set match the independently derived result.","Approve for V2 candidate release pool after aggregate QA gates pass.","auto-quality-issue","solver-gap","not-checkable","P1","needs-second-review"
"hjb-high-ds-v2-s4-127","S4","必修 第一册","幂、指数与对数","幂、指数与对数","multiple-choice","Foundation","二轮变式0127：选择：已知 log_10(10^23)=m，求 m。","23","23","23","manual-review","manual-pass","manual-pass","manual-pass","pass","none","approve","","","Approved by S18 manual independent solve / pass-sample review; eligible for candidate release pool after aggregate gates pass.","reviewed","pass-sample","S18","","S18 pass-sample review: prompt is independently solvable and stored answer remains consistent with the audit answer.","Approve for V2 candidate release pool after aggregate QA gates pass.","grade-chapter-pass-sample","pass","pass","none","approve"
"hjb-high-ds-v2-s4-128","S4","必修 第一册","幂、指数与对数","幂、指数与对数","fill-in","Exam","已知 log₃2 = a，log₃7 = b，则 log₉56 用 a, b 表示为 ______。","(3a+b)/2","(3a+b)/2","(3a+b)/2","manual-review","manual-pass","manual-pass","not-applicable","pass","none","approve","","","Approved by S18 manual independent solve / pass-sample review; eligible for candidate release pool after aggregate gates pass.","reviewed","solver-gap-independent-solve","S18","","S18 independent solve: stored answer and accepted answer set match the independently derived result.","Approve for V2 candidate release pool after aggregate QA gates pass.","auto-quality-issue","solver-gap","not-checkable","P1","needs-second-review"
"hjb-high-ds-v2-s4-129","S4","必修 第一册","幂、指数与对数","幂、指数与对数","short-answer","Core","计算：2log₃2 - log₃(32/9) + log₃8 - 5^{log₅3}。","-1","-1","-1","manual-review","manual-pass","manual-pass","not-applicable","pass","none","approve","","","Approved by S18 manual independent solve / pass-sample review; eligible for candidate release pool after aggregate gates pass.","reviewed","solver-gap-independent-solve","S18","","S18 independent solve: stored answer and accepted answer set match the independently derived result.","Approve for V2 candidate release pool after aggregate QA gates pass.","auto-quality-issue","solver-gap","not-checkable","P1","needs-second-review"
"hjb-high-ds-v2-s4-131","S4","必修 第一册","幂、指数与对数","幂、指数与对数","fill-in","Foundation","计算：\(\sqrt[3]{(-8)^2} + \log_2 8 - \log_3 \frac{1}{9}\)。","9","9","9","manual-review","manual-pass","manual-pass","not-applicable","pass","none","approve","","","Approved by S18 manual independent solve / pass-sample review; eligible for candidate release pool after aggregate gates pass.","reviewed","solver-gap-independent-solve","S18","","S18 independent solve: stored answer and accepted answer set match the independently derived result.","Approve for V2 candidate release pool after aggregate QA gates pass.","auto-quality-issue","solver-gap","not-checkable","P1","needs-second-review"
"hjb-high-ds-v2-s4-132","S4","必修 第一册","幂、指数与对数","幂、指数与对数","short-answer","Exam","已知 \(\log_a 2 = m\)，\(\log_a 3 = n\)，用 \(m, n\) 表示 \(\log_a \frac{4}{9}\)，并写出推导过程。","2m - 2n","2m - 2n | 2m-2n","2m - 2n","manual-review","manual-pass","manual-pass","not-applicable","pass","none","approve","","","Approved by S18 manual independent solve / pass-sample review; eligible for candidate release pool after aggregate gates pass.","reviewed","solver-gap-independent-solve","S18","","S18 independent solve: stored answer and accepted answer set match the independently derived result.","Approve for V2 candidate release pool after aggregate QA gates pass.","auto-quality-issue","solver-gap","not-checkable","P1","needs-second-review"
"hjb-high-ds-v2-s4-133","S4","必修 第一册","幂、指数与对数","幂、指数与对数","multiple-choice","Core","下列等式中，一定成立的是（　）。","B. \(\log_2 (x^2) = 2\log_2 |x|\)","B. \(\log_2 (x^2) = 2\log_2 |x|\)","B. \(\log_2 (x^2) = 2\log_2 |x|\)","manual-review","manual-pass","manual-pass","manual-pass","pass","none","approve","","","Approved by S18 manual independent solve / pass-sample review; eligible for candidate release pool after aggregate gates pass.","reviewed","solver-gap-independent-solve","S18","","S18 independent solve: stored answer and accepted answer set match the independently derived result.","Approve for V2 candidate release pool after aggregate QA gates pass.","auto-quality-issue","solver-gap","not-checkable","P1","needs-second-review"
"hjb-high-ds-v2-s4-134","S4","必修 第一册","幂、指数与对数","幂、指数与对数","fill-in","Challenge","若 \(\log_2 [\log_3 (\log_4 x)] = 0\)，则 \(x\) 的值为______。","64","64","64","manual-review","manual-pass","manual-pass","not-applicable","pass","none","approve","","","Approved by S18 manual independent solve / pass-sample review; eligible for candidate release pool after aggregate gates pass.","reviewed","solver-gap-independent-solve","S18","","S18 independent solve: stored answer and accepted answer set match the independently derived result.","Approve for V2 candidate release pool after aggregate QA gates pass.","auto-quality-issue","solver-gap","not-checkable","P1","needs-second-review"
"hjb-high-ds-v2-s4-135","S4","必修 第一册","幂、指数与对数","幂、指数与对数","short-answer","Foundation","用 \(\lg 2\) 和 \(\lg 3\) 表示 \(\log_5 12\)（结果用 \(a=\lg 2, b=\lg 3\) 表示）。","\frac{2a+b}{1-a}","\frac{2a+b}{1-a} | (2a+b)/(1-a)","\frac{2a+b}{1-a}","manual-review","manual-pass","manual-pass","not-applicable","pass","none","approve","","","Approved by S18 manual independent solve / pass-sample review; eligible for candidate release pool after aggregate gates pass.","reviewed","solver-gap-independent-solve","S18","","S18 independent solve: stored answer and accepted answer set match the independently derived result.","Approve for V2 candidate release pool after aggregate QA gates pass.","auto-quality-issue","solver-gap","not-checkable","P1","needs-second-review"
"hjb-high-ds-v2-s4-136","S4","必修 第一册","幂、指数与对数","幂、指数与对数","multiple-choice","Exam","设 \(a = \log_3 2\)，\(b = \ln 2\)，\(c = 5^{-\frac{1}{2}}\)，则 \(a, b, c\) 的大小关系是（　）。","D. \(c < a < b\)","D. \(c < a < b\)","D. \(c < a < b\)","manual-review","manual-pass","manual-pass","manual-pass","pass","none","approve","","","Approved by S18 manual independent solve / pass-sample review; eligible for candidate release pool after aggregate gates pass.","reviewed","solver-gap-independent-solve","S18","","S18 independent solve: stored answer and accepted answer set match the independently derived result.","Approve for V2 candidate release pool after aggregate QA gates pass.","auto-quality-issue","solver-gap","not-checkable","P1","needs-second-review"
"hjb-high-ds-v2-s4-138","S4","必修 第一册","幂、指数与对数","幂、指数与对数","short-answer","Challenge","已知 \(2^a = 5^b = 10\)，求 \(\frac{1}{a} + \frac{1}{b}\) 的值。","1","1","1","manual-review","manual-pass","manual-pass","not-applicable","pass","none","approve","","","Approved by S18 manual independent solve / pass-sample review; eligible for candidate release pool after aggregate gates pass.","reviewed","solver-gap-independent-solve","S18","","S18 independent solve: stored answer and accepted answer set match the independently derived result.","Approve for V2 candidate release pool after aggregate QA gates pass.","auto-quality-issue","solver-gap","not-checkable","P1","needs-second-review"
"hjb-high-ds-v2-s4-140","S4","必修 第一册","幂、指数与对数","幂、指数与对数","fill-in","Exam","方程 \(\log_2 (x-1) = 2 - \log_2 (x+1)\) 的解为______。","\sqrt{5}","\sqrt{5} | 根号5","\sqrt{5}","manual-review","manual-pass","manual-pass","not-applicable","pass","none","approve","","","Approved by S18 manual independent solve / pass-sample review; eligible for candidate release pool after aggregate gates pass.","reviewed","solver-gap-independent-solve","S18","","S18 independent solve: stored answer and accepted answer set match the independently derived result.","Approve for V2 candidate release pool after aggregate QA gates pass.","auto-quality-issue","solver-gap","not-checkable","P1","needs-second-review"
"hjb-high-ds-v2-s4-141","S4","必修 第一册","幂、指数与对数","幂、指数与对数","short-answer","Core","已知正实数 a 满足 a^(1/2) + a^(-1/2) = 3，求 a^(3/2) + a^(-3/2) 的值。","18","18","18","manual-review","manual-pass","manual-pass","not-applicable","pass","none","approve","","","Approved by S18 manual independent solve / pass-sample review; eligible for candidate release pool after aggregate gates pass.","reviewed","solver-gap-independent-solve","S18","","S18 independent solve: stored answer and accepted answer set match the independently derived result.","Approve for V2 candidate release pool after aggregate QA gates pass.","auto-quality-issue","solver-gap","not-checkable","P1","needs-second-review"
"hjb-high-ds-v2-s4-142","S4","必修 第一册","幂、指数与对数","幂、指数与对数","multiple-choice","Challenge","设 a = log_2 3，b = log_3 5，则 log_6 15 用 a, b 表示为（ ）","\frac{a + ab}{1 + a}","\frac{a + ab}{1 + a}","\frac{a + ab}{1 + a}","manual-review","manual-pass","manual-pass","manual-pass","pass","none","approve","","","Approved by S18 manual independent solve / pass-sample review; eligible for candidate release pool after aggregate gates pass.","reviewed","solver-gap-independent-solve","S18","","S18 independent solve: stored answer and accepted answer set match the independently derived result.","Approve for V2 candidate release pool after aggregate QA gates pass.","auto-quality-issue","solver-gap","not-checkable","P1","needs-second-review"
"hjb-high-ds-v2-s4-143","S4","必修 第一册","幂、指数与对数","幂、指数与对数","fill-in","Foundation","计算：log_2 3 · log_3 4 · log_4 5 · log_5 8 = ______。","3","3","3","manual-review","manual-pass","manual-pass","not-applicable","pass","none","approve","","","Approved by S18 manual independent solve / pass-sample review; eligible for candidate release pool after aggregate gates pass.","reviewed","solver-gap-independent-solve","S18","","S18 independent solve: stored answer and accepted answer set match the independently derived result.","Approve for V2 candidate release pool after aggregate QA gates pass.","auto-quality-issue","solver-gap","not-checkable","P1","needs-second-review"
"hjb-high-ds-v2-s4-144","S4","必修 第一册","幂、指数与对数","幂、指数与对数","short-answer","Exam","已知 2^a = 5^b = 10，求 1/a + 1/b 的值。","1","1","1","manual-review","manual-pass","manual-pass","not-applicable","pass","none","approve","","","Approved by S18 manual independent solve / pass-sample review; eligible for candidate release pool after aggregate gates pass.","reviewed","solver-gap-independent-solve","S18","","S18 independent solve: stored answer and accepted answer set match the independently derived result.","Approve for V2 candidate release pool after aggregate QA gates pass.","auto-quality-issue","solver-gap","not-checkable","P1","needs-second-review"
"hjb-high-ds-v2-s4-145","S4","必修 第一册","幂、指数与对数","幂、指数与对数","multiple-choice","Core","下列等式中恒成立的是（ ）","\log_a \sqrt[n]{M} = \frac{1}{n} \log_a M","\log_a \sqrt[n]{M} = \frac{1}{n} \log_a M","\log_a \sqrt[n]{M} = \frac{1}{n} \log_a M","manual-review","manual-pass","manual-pass","manual-pass","pass","none","approve","","","Approved by S18 manual independent solve / pass-sample review; eligible for candidate release pool after aggregate gates pass.","reviewed","solver-gap-independent-solve","S18","","S18 independent solve: stored answer and accepted answer set match the independently derived result.","Approve for V2 candidate release pool after aggregate QA gates pass.","auto-quality-issue","solver-gap","not-checkable","P1","needs-second-review"
"hjb-high-ds-v2-s4-146","S4","必修 第一册","幂、指数与对数","幂、指数与对数","fill-in","Challenge","若 log_a 2 < 1，则实数 a 的取值范围是______。","(0, 1) ∪ (2, +∞)","(0, 1) ∪ (2, +∞) | 0<a<1 或 a>2","(0, 1) ∪ (2, +∞)","manual-review","manual-pass","manual-pass","not-applicable","pass","none","approve","","","Approved by S18 manual independent solve / pass-sample review; eligible for candidate release pool after aggregate gates pass.","reviewed","solver-gap-independent-solve","S18","","S18 independent solve: stored answer and accepted answer set match the independently derived result.","Approve for V2 candidate release pool after aggregate QA gates pass.","auto-quality-issue","solver-gap","not-checkable","P1","needs-second-review"
"hjb-high-ds-v2-s4-147","S4","必修 第一册","幂、指数与对数","幂、指数与对数","short-answer","Foundation","化简：\sqrt{(\lg 5)^2 - \lg 25 + 1}。","1 - \lg 5","1 - \lg 5 | 1-lg5","1 - \lg 5","manual-review","manual-pass","manual-pass","not-applicable","pass","none","approve","","","Approved by S18 manual independent solve / pass-sample review; eligible for candidate release pool after aggregate gates pass.","reviewed","solver-gap-independent-solve","S18","","S18 independent solve: stored answer and accepted answer set match the independently derived result.","Approve for V2 candidate release pool after aggregate QA gates pass.","auto-quality-issue","solver-gap","not-checkable","P1","needs-second-review"
"hjb-high-ds-v2-s4-148","S4","必修 第一册","幂、指数与对数","幂、指数与对数","multiple-choice","Exam","已知函数 f(x) = a^x (a>0 且 a≠1) 在区间 [1,2] 上的最大值比最小值大 a/2，则 a 的值为（ ）","\frac{1}{2} 或 \frac{3}{2}","\frac{1}{2} 或 \frac{3}{2}","\frac{1}{2} 或 \frac{3}{2}","manual-review","manual-pass","manual-pass","manual-pass","pass","none","approve","","","Approved by S18 manual independent solve / pass-sample review; eligible for candidate release pool after aggregate gates pass.","reviewed","solver-gap-independent-solve","S18","","S18 independent solve: stored answer and accepted answer set match the independently derived result.","Approve for V2 candidate release pool after aggregate QA gates pass.","auto-quality-issue","solver-gap","not-checkable","P1","needs-second-review"
"hjb-high-ds-v2-s4-149","S4","必修 第一册","幂、指数与对数","幂、指数与对数","fill-in","Core","计算：\log_2 \frac{1}{25} \cdot \log_3 \frac{1}{8} \cdot \log_5 \frac{1}{9} = ______。","-12","-12","-12","manual-review","manual-pass","manual-pass","not-applicable","pass","none","approve","","","Approved by S18 manual independent solve / pass-sample review; eligible for candidate release pool after aggregate gates pass.","reviewed","solver-gap-independent-solve","S18","","S18 independent solve: stored answer and accepted answer set match the independently derived result.","Approve for V2 candidate release pool after aggregate QA gates pass.","auto-quality-issue","solver-gap","not-checkable","P1","needs-second-review"
"hjb-high-ds-v2-s4-150","S4","必修 第一册","幂、指数与对数","幂、指数与对数","short-answer","Challenge","已知 3^a = 4^b = 6^c，且 a, b, c 均不为零，求证：2/a + 1/b = 2/c。","证明见解析","证明见解析","证明见解析","manual-review","manual-pass","manual-pass","not-applicable","pass","none","approve","","","Approved by S18 manual independent solve / pass-sample review; eligible for candidate release pool after aggregate gates pass.","reviewed","solver-gap-independent-solve","S18","","S18 independent solve: stored answer and accepted answer set match the independently derived result.","Approve for V2 candidate release pool after aggregate QA gates pass.","auto-quality-issue","solver-gap","not-checkable","P1","needs-second-review"
"hjb-high-ds-v2-s4-151","S4","必修 第一册","幂函数、指数函数与对数函数","幂函数、指数函数与对数函数","multiple-choice","Foundation","已知幂函数 f(x) = x^a 的图像经过点 (4, 2)，则 f(9) 的值为（ ）","3","3","3","manual-review","manual-pass","manual-pass","manual-pass","pass","none","approve","","","Approved by S18 manual independent solve / pass-sample review; eligible for candidate release pool after aggregate gates pass.","reviewed","solver-gap-independent-solve","S18","","S18 independent solve: stored answer and accepted answer set match the independently derived result.","Approve for V2 candidate release pool after aggregate QA gates pass.","auto-quality-issue","solver-gap","not-checkable","P1","needs-second-review"
"hjb-high-ds-v2-s4-152","S4","必修 第一册","幂函数、指数函数与对数函数","幂函数、指数函数与对数函数","fill-in","Exam","若指数函数 f(x)=a^x（a>0 且 a≠1）在区间 [0,2] 上的最大值与最小值之差为 3，则 a=______。","2","2","2","manual-review","manual-pass","manual-pass","not-applicable","pass","none","approve","","","Approved by S18 manual independent solve / pass-sample review; eligible for candidate release pool after aggregate gates pass.","reviewed","p0-remediation-independent-solve","S18","","Rewrote the parameter condition to give a unique high-school-friendly value.","Approve remediated row for the V2 candidate release pool after aggregate QA gates pass.","auto-quality-issue","solver-gap","not-checkable","P1","needs-second-review"
"hjb-high-ds-v2-s4-153","S4","必修 第一册","幂函数、指数函数与对数函数","幂函数、指数函数与对数函数","short-answer","Core","已知对数函数 f(x) = log_a x (a > 0 且 a ≠ 1) 的图像经过点 (8, 3)，求 f(2) 的值。","1","1","1","manual-review","manual-pass","manual-pass","not-applicable","pass","none","approve","","","Approved by S18 manual independent solve / pass-sample review; eligible for candidate release pool after aggregate gates pass.","reviewed","solver-gap-independent-solve","S18","","S18 independent solve: stored answer and accepted answer set match the independently derived result.","Approve for V2 candidate release pool after aggregate QA gates pass.","auto-quality-issue","solver-gap","not-checkable","P1","needs-second-review"
"hjb-high-ds-v2-s4-155","S4","必修 第一册","幂函数、指数函数与对数函数","幂函数、指数函数与对数函数","fill-in","Foundation","幂函数 f(x) = x^{-2/3} 的定义域为 ______。","(-∞, 0) ∪ (0, +∞)","(-∞, 0) ∪ (0, +∞) | (-∞,0)∪(0,+∞) | {x|x≠0} | x≠0","(-∞, 0) ∪ (0, +∞)","manual-review","manual-pass","manual-pass","not-applicable","pass","none","approve","","","Approved by S18 manual independent solve / pass-sample review; eligible for candidate release pool after aggregate gates pass.","reviewed","solver-gap-independent-solve","S18","","S18 independent solve: stored answer and accepted answer set match the independently derived result.","Approve for V2 candidate release pool after aggregate QA gates pass.","auto-quality-issue","solver-gap","not-checkable","P1","needs-second-review"
"hjb-high-ds-v2-s4-156","S4","必修 第一册","幂函数、指数函数与对数函数","幂函数、指数函数与对数函数","short-answer","Exam","已知函数 f(x) = 2^x + 2^{-x}，判断其奇偶性，并求其在区间 [0, 2] 上的值域。","偶函数，值域为 [2, 17/4]","偶函数，值域为 [2, 17/4] | 偶函数，值域为[2, 17/4] | 偶函数，值域[2, 17/4]","偶函数，值域为 [2, 17/4]","manual-review","manual-pass","manual-pass","not-applicable","pass","none","approve","","","Approved by S18 manual independent solve / pass-sample review; eligible for candidate release pool after aggregate gates pass.","reviewed","solver-gap-independent-solve","S18","","S18 independent solve: stored answer and accepted answer set match the independently derived result.","Approve for V2 candidate release pool after aggregate QA gates pass.","auto-quality-issue","solver-gap","not-checkable","P1","needs-second-review"
"hjb-high-ds-v2-s4-157","S4","必修 第一册","幂函数、指数函数与对数函数","幂函数、指数函数与对数函数","multiple-choice","Core","函数 y = log_2 (x^2 - 3x + 2) 的单调递增区间是（ ）","(2, +∞)","(2, +∞)","(2, +∞)","manual-review","manual-pass","manual-pass","manual-pass","pass","none","approve","","","Approved by S18 manual independent solve / pass-sample review; eligible for candidate release pool after aggregate gates pass.","reviewed","solver-gap-independent-solve","S18","","S18 independent solve: stored answer and accepted answer set match the independently derived result.","Approve for V2 candidate release pool after aggregate QA gates pass.","auto-quality-issue","solver-gap","not-checkable","P1","needs-second-review"
"hjb-high-ds-v2-s4-158","S4","必修 第一册","幂函数、指数函数与对数函数","幂函数、指数函数与对数函数","fill-in","Challenge","若函数 f(x)=a^x（a>0 且 a≠1）与 g(x)=log_a x 的图像有且仅有一个公共点，则 a 的取值范围是 ______。","(0, 1) ∪ {e^(1/e)}","(0, 1) ∪ {e^(1/e)} | (0,1)∪{e^(1/e)}","(0, 1) ∪ {e^(1/e)}","manual-review","manual-pass","manual-pass","not-applicable","pass","none","approve","","","Approved by S18 manual independent solve / pass-sample review; eligible for candidate release pool after aggregate gates pass.","reviewed","p0-remediation-independent-solve","S18","","Corrected the a>1 boundary from an interval to the tangent case.","Approve remediated row for the V2 candidate release pool after aggregate QA gates pass.","auto-quality-issue","solver-gap","not-checkable","P1","needs-second-review"
"hjb-high-ds-v2-s4-159","S4","必修 第一册","幂函数、指数函数与对数函数","幂函数、指数函数与对数函数","short-answer","Foundation","比较三个数的大小：a = 0.3^2，b = 2^0.3，c = log_2 0.3，并用“<”连接。","c < a < b","c < a < b | c<a<b","c < a < b","manual-review","manual-pass","manual-pass","not-applicable","pass","none","approve","","","Approved by S18 manual independent solve / pass-sample review; eligible for candidate release pool after aggregate gates pass.","reviewed","solver-gap-independent-solve","S18","","S18 independent solve: stored answer and accepted answer set match the independently derived result.","Approve for V2 candidate release pool after aggregate QA gates pass.","auto-quality-issue","solver-gap","not-checkable","P1","needs-second-review"
"hjb-high-ds-v2-s4-160","S4","必修 第一册","幂函数、指数函数与对数函数","幂函数、指数函数与对数函数","multiple-choice","Exam","二轮变式0160：选择：函数 f(x)=3^x，求 f(2)。","9","9","9","manual-review","manual-pass","manual-pass","manual-pass","pass","none","approve","","","Approved by S18 manual independent solve / pass-sample review; eligible for candidate release pool after aggregate gates pass.","reviewed","pass-sample","S18","","S18 pass-sample review: prompt is independently solvable and stored answer remains consistent with the audit answer.","Approve for V2 candidate release pool after aggregate QA gates pass.","grade-type-difficulty-pass-sample","pass","pass","none","approve"
"hjb-high-ds-v2-s4-161","S4","必修 第一册","幂函数、指数函数与对数函数","幂函数、指数函数与对数函数","fill-in","Core","已知幂函数 f(x) = x^α 的图像经过点 (4, 8)，则 f(9) 的值为 ______。","27","27","27","manual-review","manual-pass","manual-pass","not-applicable","pass","none","approve","","","Approved by S18 manual independent solve / pass-sample review; eligible for candidate release pool after aggregate gates pass.","reviewed","solver-gap-independent-solve","S18","","S18 independent solve: stored answer and accepted answer set match the independently derived result.","Approve for V2 candidate release pool after aggregate QA gates pass.","auto-quality-issue","solver-gap","not-checkable","P1","needs-second-review"
"hjb-high-ds-v2-s4-162","S4","必修 第一册","幂函数、指数函数与对数函数","幂函数、指数函数与对数函数","short-answer","Challenge","已知函数 f(x)=a^x（a>0 且 a≠1）在区间 [1,2] 上的最大值与最小值之差为 6，求实数 a 的值。","3","3","3","manual-review","manual-pass","manual-pass","not-applicable","pass","none","approve","","","Approved by S18 manual independent solve / pass-sample review; eligible for candidate release pool after aggregate gates pass.","reviewed","p0-remediation-independent-solve","S18","","Removed the invalid reciprocal answer for the decreasing case.","Approve remediated row for the V2 candidate release pool after aggregate QA gates pass.","auto-quality-issue","solver-gap","not-checkable","P1","needs-second-review"
"hjb-high-ds-v2-s4-163","S4","必修 第一册","幂函数、指数函数与对数函数","幂函数、指数函数与对数函数","multiple-choice","Foundation","下列函数中，在定义域内既是奇函数又是增函数的是（ ）","A. y = x^3","A. y = x^3","A. y = x^3","manual-review","manual-pass","manual-pass","manual-pass","pass","none","approve","","","Approved by S18 manual independent solve / pass-sample review; eligible for candidate release pool after aggregate gates pass.","reviewed","solver-gap-independent-solve","S18","","S18 independent solve: stored answer and accepted answer set match the independently derived result.","Approve for V2 candidate release pool after aggregate QA gates pass.","auto-quality-issue","solver-gap","not-checkable","P1","needs-second-review"
"hjb-high-ds-v2-s4-164","S4","必修 第一册","幂函数、指数函数与对数函数","幂函数、指数函数与对数函数","fill-in","Exam","二轮变式0164：填空：函数 f(x)=6^x，求 f(2)。","36","36","36","manual-review","manual-pass","manual-pass","not-applicable","pass","none","approve","","","Approved by S18 manual independent solve / pass-sample review; eligible for candidate release pool after aggregate gates pass.","reviewed","pass-sample","S18","","S18 pass-sample review: prompt is independently solvable and stored answer remains consistent with the audit answer.","Approve for V2 candidate release pool after aggregate QA gates pass.","grade-pass-sample-fill","pass","pass","none","approve"
"hjb-high-ds-v2-s4-165","S4","必修 第一册","幂函数、指数函数与对数函数","幂函数、指数函数与对数函数","short-answer","Core","比较大小：log₂3 与 log₃4，并说明理由。","log₂3 > log₃4","log₂3 > log₃4 | log₂3 大于 log₃4","log₂3 > log₃4","manual-review","manual-pass","manual-pass","not-applicable","pass","none","approve","","","Approved by S18 manual independent solve / pass-sample review; eligible for candidate release pool after aggregate gates pass.","reviewed","solver-gap-independent-solve","S18","","S18 independent solve: stored answer and accepted answer set match the independently derived result.","Approve for V2 candidate release pool after aggregate QA gates pass.","auto-quality-issue","solver-gap","not-checkable","P1","needs-second-review"
"hjb-high-ds-v2-s4-166","S4","必修 第一册","幂函数、指数函数与对数函数","幂函数、指数函数与对数函数","multiple-choice","Challenge","已知函数 f(x) = 2^x + 2^(-x)，g(x) = 2^x - 2^(-x)，则下列结论正确的是（ ）","B. f(x) 是偶函数，g(x) 是奇函数","B. f(x) 是偶函数，g(x) 是奇函数","B. f(x) 是偶函数，g(x) 是奇函数","manual-review","manual-pass","manual-pass","manual-pass","pass","none","approve","","","Approved by S18 manual independent solve / pass-sample review; eligible for candidate release pool after aggregate gates pass.","reviewed","solver-gap-independent-solve","S18","","S18 independent solve: stored answer and accepted answer set match the independently derived result.","Approve for V2 candidate release pool after aggregate QA gates pass.","auto-quality-issue","solver-gap","not-checkable","P1","needs-second-review"
"hjb-high-ds-v2-s4-167","S4","必修 第一册","幂函数、指数函数与对数函数","幂函数、指数函数与对数函数","fill-in","Foundation","函数 y = log₂(x² - 2x) 的单调递增区间为 ______。","(2, +∞)","(2, +∞) | (2,+∞)","(2, +∞)","manual-review","manual-pass","manual-pass","not-applicable","pass","none","approve","","","Approved by S18 manual independent solve / pass-sample review; eligible for candidate release pool after aggregate gates pass.","reviewed","solver-gap-independent-solve","S18","","S18 independent solve: stored answer and accepted answer set match the independently derived result.","Approve for V2 candidate release pool after aggregate QA gates pass.","auto-quality-issue","solver-gap","not-checkable","P1","needs-second-review"
"hjb-high-ds-v2-s4-168","S4","必修 第一册","幂函数、指数函数与对数函数","幂函数、指数函数与对数函数","short-answer","Exam","二轮变式0168：解答：函数 f(x)=5^x，求 f(2)。","25","25","25","manual-review","manual-pass","manual-pass","not-applicable","pass","none","approve","","","Approved by S18 manual independent solve / pass-sample review; eligible for candidate release pool after aggregate gates pass.","reviewed","pass-sample","S18","","S18 pass-sample review: prompt is independently solvable and stored answer remains consistent with the audit answer.","Approve for V2 candidate release pool after aggregate QA gates pass.","grade-type-difficulty-pass-sample","pass","pass","none","approve"
"hjb-high-ds-v2-s4-169","S4","必修 第一册","幂函数、指数函数与对数函数","幂函数、指数函数与对数函数","multiple-choice","Core","设 a = log₀.₅0.6，b = log₁.₂0.8，c = 1.1^0.9，则 a, b, c 的大小关系是（ ）","B. b < a < c","B. b < a < c","B. b < a < c","manual-review","manual-pass","manual-pass","manual-pass","pass","none","approve","","","Approved by S18 manual independent solve / pass-sample review; eligible for candidate release pool after aggregate gates pass.","reviewed","solver-gap-independent-solve","S18","","S18 independent solve: stored answer and accepted answer set match the independently derived result.","Approve for V2 candidate release pool after aggregate QA gates pass.","auto-quality-issue","solver-gap","not-checkable","P1","needs-second-review"
"hjb-high-ds-v2-s4-170","S4","必修 第一册","幂函数、指数函数与对数函数","幂函数、指数函数与对数函数","fill-in","Challenge","若函数 f(x) = log₂(x² - ax + 3a) 在区间 [2, +∞) 上是增函数，则实数 a 的取值范围是 ______。","(-4, 4]","(-4, 4] | (-4,4]","(-4, 4]","manual-review","manual-pass","manual-pass","not-applicable","pass","none","approve","","","Approved by S18 manual independent solve / pass-sample review; eligible for candidate release pool after aggregate gates pass.","reviewed","solver-gap-independent-solve","S18","","S18 independent solve: stored answer and accepted answer set match the independently derived result.","Approve for V2 candidate release pool after aggregate QA gates pass.","auto-quality-issue","solver-gap","not-checkable","P1","needs-second-review"
"hjb-high-ds-v2-s4-171","S4","必修 第一册","幂函数、指数函数与对数函数","幂函数、指数函数与对数函数","short-answer","Foundation","已知幂函数 f(x) = x^α 的图像经过点 (4, 2)，求 f(9) 的值。","3","3","3","manual-review","manual-pass","manual-pass","not-applicable","pass","none","approve","","","Approved by S18 manual independent solve / pass-sample review; eligible for candidate release pool after aggregate gates pass.","reviewed","solver-gap-independent-solve","S18","","S18 independent solve: stored answer and accepted answer set match the independently derived result.","Approve for V2 candidate release pool after aggregate QA gates pass.","auto-quality-issue","solver-gap","not-checkable","P1","needs-second-review"
"hjb-high-ds-v2-s4-172","S4","必修 第一册","幂函数、指数函数与对数函数","幂函数、指数函数与对数函数","multiple-choice","Exam","函数 f(x) = log_a (x - 1) + 2（a > 0 且 a ≠ 1）的图像恒过定点 P，则点 P 的坐标是（　）。","(2, 2)","(2, 2)","(2, 2)","manual-review","manual-pass","manual-pass","manual-pass","pass","none","approve","","","Approved by S18 manual independent solve / pass-sample review; eligible for candidate release pool after aggregate gates pass.","reviewed","solver-gap-independent-solve","S18","","S18 independent solve: stored answer and accepted answer set match the independently derived result.","Approve for V2 candidate release pool after aggregate QA gates pass.","auto-quality-issue","solver-gap","not-checkable","P1","needs-second-review"
"hjb-high-ds-v2-s4-173","S4","必修 第一册","幂函数、指数函数与对数函数","幂函数、指数函数与对数函数","fill-in","Core","若指数函数 f(x) = a^x（a > 0 且 a ≠ 1）在区间 [-1, 1] 上的最大值与最小值的差为 3/2，则 a 的值为______。","2 或 1/2","2 或 1/2 | 2或1/2 | 2, 1/2 | 2,1/2","2 或 1/2","manual-review","manual-pass","manual-pass","not-applicable","pass","none","approve","","","Approved by S18 manual independent solve / pass-sample review; eligible for candidate release pool after aggregate gates pass.","reviewed","solver-gap-independent-solve","S18","","S18 independent solve: stored answer and accepted answer set match the independently derived result.","Approve for V2 candidate release pool after aggregate QA gates pass.","auto-quality-issue","solver-gap","not-checkable","P1","needs-second-review"
"hjb-high-ds-v2-s4-174","S4","必修 第一册","幂函数、指数函数与对数函数","幂函数、指数函数与对数函数","short-answer","Challenge","已知函数 f(x) = 2^x + 2^(-x)，g(x) = 2^x - 2^(-x)。分别判断 f(x) 和 g(x) 的奇偶性，并证明你的结论。","f(x) 是偶函数，g(x) 是奇函数","f(x) 是偶函数，g(x) 是奇函数 | f(x)为偶函数，g(x)为奇函数","f(x) 是偶函数，g(x) 是奇函数","manual-review","manual-pass","manual-pass","not-applicable","pass","none","approve","","","Approved by S18 manual independent solve / pass-sample review; eligible for candidate release pool after aggregate gates pass.","reviewed","solver-gap-independent-solve","S18","","S18 independent solve: stored answer and accepted answer set match the independently derived result.","Approve for V2 candidate release pool after aggregate QA gates pass.","auto-quality-issue","solver-gap","not-checkable","P1","needs-second-review"
"hjb-high-ds-v2-s4-176","S4","必修 第一册","幂函数、指数函数与对数函数","幂函数、指数函数与对数函数","fill-in","Exam","已知函数 f(x) = a^x（a > 0 且 a ≠ 1）满足 f(2) = 9，则 f(-1) = ______。","1/3","1/3 | \frac{1}{3}","1/3","manual-review","manual-pass","manual-pass","not-applicable","pass","none","approve","","","Approved by S18 manual independent solve / pass-sample review; eligible for candidate release pool after aggregate gates pass.","reviewed","solver-gap-independent-solve","S18","","S18 independent solve: stored answer and accepted answer set match the independently derived result.","Approve for V2 candidate release pool after aggregate QA gates pass.","auto-quality-issue","solver-gap","not-checkable","P1","needs-second-review"
"hjb-high-ds-v2-s4-177","S4","必修 第一册","幂函数、指数函数与对数函数","幂函数、指数函数与对数函数","short-answer","Core","比较大小：log_2 3 与 log_3 2，并说明理由。","log_2 3 > log_3 2","log_2 3 > log_3 2 | log₂3 > log₃2","log_2 3 > log_3 2","manual-review","manual-pass","manual-pass","not-applicable","pass","none","approve","","","Approved by S18 manual independent solve / pass-sample review; eligible for candidate release pool after aggregate gates pass.","reviewed","solver-gap-independent-solve","S18","","S18 independent solve: stored answer and accepted answer set match the independently derived result.","Approve for V2 candidate release pool after aggregate QA gates pass.","auto-quality-issue","solver-gap","not-checkable","P1","needs-second-review"
"hjb-high-ds-v2-s4-178","S4","必修 第一册","幂函数、指数函数与对数函数","幂函数、指数函数与对数函数","multiple-choice","Challenge","函数 f(x) = log_2 (x^2 - 2x - 3) 的单调递增区间是（　）。","(3, +∞)","(3, +∞)","(3, +∞)","manual-review","manual-pass","manual-pass","manual-pass","pass","none","approve","","","Approved by S18 manual independent solve / pass-sample review; eligible for candidate release pool after aggregate gates pass.","reviewed","solver-gap-independent-solve","S18","","S18 independent solve: stored answer and accepted answer set match the independently derived result.","Approve for V2 candidate release pool after aggregate QA gates pass.","auto-quality-issue","solver-gap","not-checkable","P1","needs-second-review"
"hjb-high-ds-v2-s4-179","S4","必修 第一册","幂函数、指数函数与对数函数","幂函数、指数函数与对数函数","fill-in","Foundation","函数 y = log_a (x + 3) - 1（a > 0 且 a ≠ 1）的图像恒过定点______。","(-2, -1)","(-2, -1)","(-2, -1)","manual-review","manual-pass","manual-pass","not-applicable","pass","none","approve","","","Approved by S18 manual independent solve / pass-sample review; eligible for candidate release pool after aggregate gates pass.","reviewed","solver-gap-independent-solve","S18","","S18 independent solve: stored answer and accepted answer set match the independently derived result.","Approve for V2 candidate release pool after aggregate QA gates pass.","auto-quality-issue","solver-gap","not-checkable","P1","needs-second-review"
"hjb-high-ds-v2-s4-180","S4","必修 第一册","幂函数、指数函数与对数函数","幂函数、指数函数与对数函数","short-answer","Exam","已知函数 f(x) = a^x（a > 0 且 a ≠ 1）在区间 [1, 2] 上的最大值比最小值大 a/2，求 a 的值。","3/2 或 1/2","3/2 或 1/2 | 3/2或1/2 | 3/2, 1/2 | 3/2,1/2","3/2 或 1/2","manual-review","manual-pass","manual-pass","not-applicable","pass","none","approve","","","Approved by S18 manual independent solve / pass-sample review; eligible for candidate release pool after aggregate gates pass.","reviewed","solver-gap-independent-solve","S18","","S18 independent solve: stored answer and accepted answer set match the independently derived result.","Approve for V2 candidate release pool after aggregate QA gates pass.","auto-quality-issue","solver-gap","not-checkable","P1","needs-second-review"
"hjb-high-ds-v2-s4-181","S4","必修 第一册","幂函数、指数函数与对数函数","幂函数、指数函数与对数函数","multiple-choice","Core","已知幂函数 f(x) = x^a 的图像经过点 (4, 2)，则 f(x) 的单调递增区间是（ ）","(0, +∞)","(0, +∞)","(0, +∞)","manual-review","manual-pass","manual-pass","manual-pass","pass","none","approve","","","Approved by S18 manual independent solve / pass-sample review; eligible for candidate release pool after aggregate gates pass.","reviewed","solver-gap-independent-solve","S18","","S18 independent solve: stored answer and accepted answer set match the independently derived result.","Approve for V2 candidate release pool after aggregate QA gates pass.","auto-quality-issue","solver-gap","not-checkable","P1","needs-second-review"
"hjb-high-ds-v2-s4-182","S4","必修 第一册","幂函数、指数函数与对数函数","幂函数、指数函数与对数函数","fill-in","Challenge","若指数函数 f(x) = a^x (a > 0, a ≠ 1) 的图像经过点 (2, 9)，且对数函数 g(x) = log_b x 的图像经过点 (9, 2)，则 a + b = ______。","6","6","6","manual-review","manual-pass","manual-pass","not-applicable","pass","none","approve","","","Approved by S18 manual independent solve / pass-sample review; eligible for candidate release pool after aggregate gates pass.","reviewed","solver-gap-independent-solve","S18","","S18 independent solve: stored answer and accepted answer set match the independently derived result.","Approve for V2 candidate release pool after aggregate QA gates pass.","auto-quality-issue","solver-gap","not-checkable","P1","needs-second-review"
"hjb-high-ds-v2-s4-183","S4","必修 第一册","幂函数、指数函数与对数函数","幂函数、指数函数与对数函数","short-answer","Foundation","比较三个数的大小：a = 2^0.3，b = 0.3^2，c = log_2 0.3。请用“<”连接。","c < b < a","c < b < a","c < b < a","manual-review","manual-pass","manual-pass","not-applicable","pass","none","approve","","","Approved by S18 manual independent solve / pass-sample review; eligible for candidate release pool after aggregate gates pass.","reviewed","solver-gap-independent-solve","S18","","S18 independent solve: stored answer and accepted answer set match the independently derived result.","Approve for V2 candidate release pool after aggregate QA gates pass.","auto-quality-issue","solver-gap","not-checkable","P1","needs-second-review"
"hjb-high-ds-v2-s4-184","S4","必修 第一册","幂函数、指数函数与对数函数","幂函数、指数函数与对数函数","multiple-choice","Exam","设函数 f(x) = log_a (x + 1) (a > 0, a ≠ 1) 在区间 [0, 1] 上的最大值与最小值之差为 2，则 a 的值为（ ）","√2 或 1/√2","√2 或 1/√2","√2 或 1/√2","manual-review","manual-pass","manual-pass","manual-pass","pass","none","approve","","","Approved by S18 manual independent solve / pass-sample review; eligible for candidate release pool after aggregate gates pass.","reviewed","solver-gap-independent-solve","S18","","S18 independent solve: stored answer and accepted answer set match the independently derived result.","Approve for V2 candidate release pool after aggregate QA gates pass.","auto-quality-issue","solver-gap","not-checkable","P1","needs-second-review"
"hjb-high-ds-v2-s4-185","S4","必修 第一册","幂函数、指数函数与对数函数","幂函数、指数函数与对数函数","fill-in","Core","已知幂函数 f(x) = x^(m^2 - 2m - 3) (m ∈ Z) 的图像关于 y 轴对称，且在 (0, +∞) 上单调递减，则 m = ______。","1","1","1","manual-review","manual-pass","manual-pass","not-applicable","pass","none","approve","","","Approved by S18 manual independent solve / pass-sample review; eligible for candidate release pool after aggregate gates pass.","reviewed","solver-gap-independent-solve","S18","","S18 independent solve: stored answer and accepted answer set match the independently derived result.","Approve for V2 candidate release pool after aggregate QA gates pass.","auto-quality-issue","solver-gap","not-checkable","P1","needs-second-review"
"hjb-high-ds-v2-s4-186","S4","必修 第一册","幂函数、指数函数与对数函数","幂函数、指数函数与对数函数","short-answer","Challenge","设函数 f(x)=a^x（a>0，a≠1）与 g(x)=log_a x 的图像交于点 P，且点 P 的横坐标在区间 (2,3) 内，求实数 a 的取值范围。","√2 < a ≤ e^(1/e)","√2 < a ≤ e^(1/e) | sqrt(2)<a<=e^(1/e) | √2<a≤e^(1/e)","√2 < a ≤ e^(1/e)","manual-review","manual-pass","manual-pass","not-applicable","pass","none","approve","","","Approved by S18 manual independent solve / pass-sample review; eligible for candidate release pool after aggregate gates pass.","reviewed","p0-remediation-independent-solve","S18","","Corrected the image of x^(1/x) on the requested interval.","Approve remediated row for the V2 candidate release pool after aggregate QA gates pass.","auto-quality-issue","solver-gap","not-checkable","P1","needs-second-review"
"hjb-high-ds-v2-s4-187","S4","必修 第一册","幂函数、指数函数与对数函数","幂函数、指数函数与对数函数","multiple-choice","Foundation","函数 f(x) = log_2 (x^2 - 2x - 3) 的单调递减区间是（ ）","(-∞, -1)","(-∞, -1)","(-∞, -1)","manual-review","manual-pass","manual-pass","manual-pass","pass","none","approve","","","Approved by S18 manual independent solve / pass-sample review; eligible for candidate release pool after aggregate gates pass.","reviewed","solver-gap-independent-solve","S18","","S18 independent solve: stored answer and accepted answer set match the independently derived result.","Approve for V2 candidate release pool after aggregate QA gates pass.","auto-quality-issue","solver-gap","not-checkable","P1","needs-second-review"
"hjb-high-ds-v2-s4-188","S4","必修 第一册","幂函数、指数函数与对数函数","幂函数、指数函数与对数函数","fill-in","Exam","已知函数 f(x) = 2^x + 2^(-x)，若 f(a) = 3，则 f(2a) = ______。","7","7","7","manual-review","manual-pass","manual-pass","not-applicable","pass","none","approve","","","Approved by S18 manual independent solve / pass-sample review; eligible for candidate release pool after aggregate gates pass.","reviewed","solver-gap-independent-solve","S18","","S18 independent solve: stored answer and accepted answer set match the independently derived result.","Approve for V2 candidate release pool after aggregate QA gates pass.","auto-quality-issue","solver-gap","not-checkable","P1","needs-second-review"
"hjb-high-ds-v2-s4-189","S4","必修 第一册","幂函数、指数函数与对数函数","幂函数、指数函数与对数函数","short-answer","Core","某放射性物质的质量每年衰减 5%，设初始质量为 M_0，经过 t 年后的质量为 M(t)。求使得 M(t) < 0.5 M_0 的最小整数 t。（参考数据：lg 2 ≈ 0.3010，lg 0.95 ≈ -0.0223）","14","14","14","manual-review","manual-pass","manual-pass","not-applicable","pass","none","approve","","","Approved by S18 manual independent solve / pass-sample review; eligible for candidate release pool after aggregate gates pass.","reviewed","solver-gap-independent-solve","S18","","S18 independent solve: stored answer and accepted answer set match the independently derived result.","Approve for V2 candidate release pool after aggregate QA gates pass.","auto-quality-issue","solver-gap","not-checkable","P1","needs-second-review"
"hjb-high-ds-v2-s4-190","S4","必修 第一册","幂函数、指数函数与对数函数","幂函数、指数函数与对数函数","multiple-choice","Challenge","已知函数 f(x) = |2^x - 1|，g(x) = log_2 (x + 1)，则方程 f(x) = g(x) 的解的个数为（ ）","2","2","2","manual-review","manual-pass","manual-pass","manual-pass","pass","none","approve","","","Approved by S18 manual independent solve / pass-sample review; eligible for candidate release pool after aggregate gates pass.","reviewed","solver-gap-independent-solve","S18","","S18 independent solve: stored answer and accepted answer set match the independently derived result.","Approve for V2 candidate release pool after aggregate QA gates pass.","auto-quality-issue","solver-gap","not-checkable","P1","needs-second-review"
"hjb-high-ds-v2-s4-191","S4","必修 第一册","幂函数、指数函数与对数函数","幂函数、指数函数与对数函数","fill-in","Foundation","已知幂函数 f(x) = x^a 的图像经过点 (4, 2)，则 f(9) 的值为 ______。","3","3","3","manual-review","manual-pass","manual-pass","not-applicable","pass","none","approve","","","Approved by S18 manual independent solve / pass-sample review; eligible for candidate release pool after aggregate gates pass.","reviewed","solver-gap-independent-solve","S18","","S18 independent solve: stored answer and accepted answer set match the independently derived result.","Approve for V2 candidate release pool after aggregate QA gates pass.","auto-quality-issue","solver-gap","not-checkable","P1","needs-second-review"
"hjb-high-ds-v2-s4-192","S4","必修 第一册","幂函数、指数函数与对数函数","幂函数、指数函数与对数函数","short-answer","Exam","已知指数函数 f(x) = a^x (a > 0 且 a ≠ 1) 的图像经过点 (2, 9)。若 f(m) = 27，求 m 的值。","3","3","3","manual-review","manual-pass","manual-pass","not-applicable","pass","none","approve","","","Approved by S18 manual independent solve / pass-sample review; eligible for candidate release pool after aggregate gates pass.","reviewed","solver-gap-independent-solve","S18","","S18 independent solve: stored answer and accepted answer set match the independently derived result.","Approve for V2 candidate release pool after aggregate QA gates pass.","auto-quality-issue","solver-gap","not-checkable","P1","needs-second-review"
"hjb-high-ds-v2-s4-194","S4","必修 第一册","幂函数、指数函数与对数函数","幂函数、指数函数与对数函数","fill-in","Challenge","二轮变式0194：填空：函数 f(x)=12^x，求 f(2)。","144","144","144","manual-review","manual-pass","manual-pass","not-applicable","pass","none","approve","","","Approved by S18 manual independent solve / pass-sample review; eligible for candidate release pool after aggregate gates pass.","reviewed","pass-sample","S18","","S18 pass-sample review: prompt is independently solvable and stored answer remains consistent with the audit answer.","Approve for V2 candidate release pool after aggregate QA gates pass.","grade-chapter-pass-sample","pass","pass","none","approve"
"hjb-high-ds-v2-s4-195","S4","必修 第一册","幂函数、指数函数与对数函数","幂函数、指数函数与对数函数","short-answer","Foundation","比较大小：log_2 3 ______ log_3 2。（填“>”或“<”）",">",">",">","manual-review","manual-pass","manual-pass","not-applicable","pass","none","approve","","","Approved by S18 manual independent solve / pass-sample review; eligible for candidate release pool after aggregate gates pass.","reviewed","solver-gap-independent-solve","S18","","S18 independent solve: stored answer and accepted answer set match the independently derived result.","Approve for V2 candidate release pool after aggregate QA gates pass.","auto-quality-issue","solver-gap","not-checkable","P1","needs-second-review"
"hjb-high-ds-v2-s4-196","S4","必修 第一册","幂函数、指数函数与对数函数","幂函数、指数函数与对数函数","multiple-choice","Exam","已知 a = 0.3^2，b = 2^0.3，c = log_2 0.3，则 a, b, c 的大小关系是（ ）。","C. c < a < b","C. c < a < b","C. c < a < b","manual-review","manual-pass","manual-pass","manual-pass","pass","none","approve","","","Approved by S18 manual independent solve / pass-sample review; eligible for candidate release pool after aggregate gates pass.","reviewed","solver-gap-independent-solve","S18","","S18 independent solve: stored answer and accepted answer set match the independently derived result.","Approve for V2 candidate release pool after aggregate QA gates pass.","auto-quality-issue","solver-gap","not-checkable","P1","needs-second-review"
"hjb-high-ds-v2-s4-197","S4","必修 第一册","幂函数、指数函数与对数函数","幂函数、指数函数与对数函数","fill-in","Core","函数 y = log_2 (x^2 - 2x - 3) 的定义域为 ______。（用区间表示）","(-∞, -1) ∪ (3, +∞)","(-∞, -1) ∪ (3, +∞) | (-∞,-1)∪(3,+∞)","(-∞, -1) ∪ (3, +∞)","manual-review","manual-pass","manual-pass","not-applicable","pass","none","approve","","","Approved by S18 manual independent solve / pass-sample review; eligible for candidate release pool after aggregate gates pass.","reviewed","solver-gap-independent-solve","S18","","S18 independent solve: stored answer and accepted answer set match the independently derived result.","Approve for V2 candidate release pool after aggregate QA gates pass.","auto-quality-issue","solver-gap","not-checkable","P1","needs-second-review"
"hjb-high-ds-v2-s4-198","S4","必修 第一册","幂函数、指数函数与对数函数","幂函数、指数函数与对数函数","short-answer","Challenge","已知函数 f(x) = 2^x + 2^{-x}，判断其奇偶性，并求其在 [0, +∞) 上的单调性。","偶函数；在 [0, +∞) 上单调递增","偶函数；在 [0, +∞) 上单调递增 | 偶函数；在[0,+∞)上单调递增","偶函数；在 [0, +∞) 上单调递增","manual-review","manual-pass","manual-pass","not-applicable","pass","none","approve","","","Approved by S18 manual independent solve / pass-sample review; eligible for candidate release pool after aggregate gates pass.","reviewed","solver-gap-independent-solve","S18","","S18 independent solve: stored answer and accepted answer set match the independently derived result.","Approve for V2 candidate release pool after aggregate QA gates pass.","auto-quality-issue","solver-gap","not-checkable","P1","needs-second-review"
"hjb-high-ds-v2-s4-199","S4","必修 第一册","幂函数、指数函数与对数函数","幂函数、指数函数与对数函数","multiple-choice","Foundation","函数 y = a^x (a > 0 且 a ≠ 1) 与 y = log_a x 的图像可能是（ ）。","A. 关于直线 y = x 对称","A. 关于直线 y = x 对称","A. 关于直线 y = x 对称","manual-review","manual-pass","manual-pass","manual-pass","pass","none","approve","","","Approved by S18 manual independent solve / pass-sample review; eligible for candidate release pool after aggregate gates pass.","reviewed","solver-gap-independent-solve","S18","","S18 independent solve: stored answer and accepted answer set match the independently derived result.","Approve for V2 candidate release pool after aggregate QA gates pass.","auto-quality-issue","solver-gap","not-checkable","P1","needs-second-review"
"hjb-high-ds-v2-s4-200","S4","必修 第一册","幂函数、指数函数与对数函数","幂函数、指数函数与对数函数","fill-in","Exam","若函数 f(x) = a^x (a > 0 且 a ≠ 1) 在区间 [1, 2] 上的最大值比最小值大 a/2，则 a 的值为 ______。","1/2 或 3/2","1/2 或 3/2 | 1/2或3/2","1/2 或 3/2","manual-review","manual-pass","manual-pass","not-applicable","pass","none","approve","","","Approved by S18 manual independent solve / pass-sample review; eligible for candidate release pool after aggregate gates pass.","reviewed","solver-gap-independent-solve","S18","","S18 independent solve: stored answer and accepted answer set match the independently derived result.","Approve for V2 candidate release pool after aggregate QA gates pass.","auto-quality-issue","solver-gap","not-checkable","P1","needs-second-review"
"hjb-high-ds-v2-s4-201","S4","必修 第一册","函数的概念、性质及应用","函数的概念、性质及应用","short-answer","Core","已知函数 f(x)=√(x² - 4x + 3) + 1/(x - 2)。求函数 f(x) 的定义域，并用区间表示。","(-∞, 1] ∪ [3, +∞)","(-∞, 1] ∪ [3, +∞) | (-∞,1]∪[3,+∞)","(-∞, 1] ∪ [3, +∞)","manual-review","manual-pass","manual-pass","not-applicable","pass","none","approve","","","Approved by S18 manual independent solve / pass-sample review; eligible for candidate release pool after aggregate gates pass.","reviewed","p0-remediation-independent-solve","S18","","Corrected the right branch to start at 3 from the square-root condition.","Approve remediated row for the V2 candidate release pool after aggregate QA gates pass.","auto-quality-issue","solver-gap","not-checkable","P1","needs-second-review"
"hjb-high-ds-v2-s4-202","S4","必修 第一册","函数的概念、性质及应用","函数的概念、性质及应用","multiple-choice","Challenge","二轮变式0202：选择：已知 f(x)=9x+9，求 f(14)。","135","135","135","manual-review","manual-pass","manual-pass","manual-pass","pass","none","approve","","","Approved by S18 manual independent solve / pass-sample review; eligible for candidate release pool after aggregate gates pass.","reviewed","pass-sample","S18","","S18 pass-sample review: prompt is independently solvable and stored answer remains consistent with the audit answer.","Approve for V2 candidate release pool after aggregate QA gates pass.","grade-pass-sample-fill","pass","pass","none","approve"
"hjb-high-ds-v2-s4-203","S4","必修 第一册","函数的概念、性质及应用","函数的概念、性质及应用","fill-in","Foundation","若函数 f(x) = (x + a) / (x² + 1) 是奇函数，则实数 a = ______。","0","0","0","manual-review","manual-pass","manual-pass","not-applicable","pass","none","approve","","","Approved by S18 manual independent solve / pass-sample review; eligible for candidate release pool after aggregate gates pass.","reviewed","solver-gap-independent-solve","S18","","S18 independent solve: stored answer and accepted answer set match the independently derived result.","Approve for V2 candidate release pool after aggregate QA gates pass.","auto-quality-issue","solver-gap","not-checkable","P1","needs-second-review"
"hjb-high-ds-v2-s4-204","S4","必修 第一册","函数的概念、性质及应用","函数的概念、性质及应用","short-answer","Core","已知函数 f(x) = x² - 2|x| - 3。写出函数 f(x) 的单调递增区间。","[-1, 0] 和 [1, +∞)","[-1, 0] 和 [1, +∞) | [-1,0]和[1,+∞) | [-1,0]∪[1,+∞)","[-1, 0] 和 [1, +∞)","manual-review","manual-pass","manual-pass","not-applicable","pass","none","approve","","","Approved by S18 manual independent solve / pass-sample review; eligible for candidate release pool after aggregate gates pass.","reviewed","solver-gap-independent-solve","S18","","S18 independent solve: stored answer and accepted answer set match the independently derived result.","Approve for V2 candidate release pool after aggregate QA gates pass.","auto-quality-issue","solver-gap","not-checkable","P1","needs-second-review"
"hjb-high-ds-v2-s4-206","S4","必修 第一册","函数的概念、性质及应用","函数的概念、性质及应用","fill-in","Foundation","函数 f(x) = √(x² - 2x - 3) 的单调递减区间是 ______。","(-∞, -1]","(-∞, -1] | (-∞,-1]","(-∞, -1]","manual-review","manual-pass","manual-pass","not-applicable","pass","none","approve","","","Approved by S18 manual independent solve / pass-sample review; eligible for candidate release pool after aggregate gates pass.","reviewed","solver-gap-independent-solve","S18","","S18 independent solve: stored answer and accepted answer set match the independently derived result.","Approve for V2 candidate release pool after aggregate QA gates pass.","auto-quality-issue","solver-gap","not-checkable","P1","needs-second-review"
"hjb-high-ds-v2-s4-207","S4","必修 第一册","函数的概念、性质及应用","函数的概念、性质及应用","short-answer","Core","已知函数 f(x)=2x+1，g(x)=x²-2。求方程 f(g(x))=g(f(x)) 的解集。","{-1}","{-1} | x=-1 | -1","{-1}","manual-review","manual-pass","manual-pass","not-applicable","pass","none","approve","","","Approved by S18 manual independent solve / pass-sample review; eligible for candidate release pool after aggregate gates pass.","reviewed","p0-remediation-independent-solve","S18","","Corrected the double-root solution set.","Approve remediated row for the V2 candidate release pool after aggregate QA gates pass.","auto-quality-issue","solver-gap","not-checkable","P1","needs-second-review"
"hjb-high-ds-v2-s4-209","S4","必修 第一册","函数的概念、性质及应用","函数的概念、性质及应用","fill-in","Foundation","若函数 f(x) = { x² + 1, x ≤ 0; -x² + 2x + 1, x > 0 }，则方程 f(x)=2 的所有实数根之和为 ______。","0","0","0","manual-review","manual-pass","manual-pass","not-applicable","pass","none","approve","","","Approved by S18 manual independent solve / pass-sample review; eligible for candidate release pool after aggregate gates pass.","reviewed","p0-remediation-independent-solve","S18","","Corrected the sum of both piecewise roots.","Approve remediated row for the V2 candidate release pool after aggregate QA gates pass.","auto-quality-issue","solver-gap","not-checkable","P1","needs-second-review"
"hjb-high-ds-v2-s4-210","S4","必修 第一册","函数的概念、性质及应用","函数的概念、性质及应用","short-answer","Core","已知函数 f(x) = x / (x² + 1)。判断函数 f(x) 的奇偶性，并求其值域。","奇函数，值域为 [-1/2, 1/2]","奇函数，值域为 [-1/2, 1/2] | 奇函数，值域为[-1/2,1/2]","奇函数，值域为 [-1/2, 1/2]","manual-review","manual-pass","manual-pass","not-applicable","pass","none","approve","","","Approved by S18 manual independent solve / pass-sample review; eligible for candidate release pool after aggregate gates pass.","reviewed","solver-gap-independent-solve","S18","","S18 independent solve: stored answer and accepted answer set match the independently derived result.","Approve for V2 candidate release pool after aggregate QA gates pass.","auto-quality-issue","solver-gap","not-checkable","P1","needs-second-review"
"hjb-high-ds-v2-s4-211","S4","必修 第一册","函数的概念、性质及应用","函数的概念、性质及应用","multiple-choice","Challenge","已知函数 f(x) 的定义域为 R，且 f(x+1) 为偶函数，f(x+4)=f(x)。若 f(0)=2，f(3)=-1，则 f(6)+f(7) 的值为（　）","1","1","1","manual-review","manual-pass","manual-pass","manual-pass","pass","none","approve","","","Approved by S18 manual independent solve / pass-sample review; eligible for candidate release pool after aggregate gates pass.","reviewed","p0-remediation-independent-solve","S18","","Replaced contradictory parity conditions with consistent symmetry and period conditions.","Approve remediated row for the V2 candidate release pool after aggregate QA gates pass.","auto-quality-issue","solver-gap","not-checkable","P1","needs-second-review"
"hjb-high-ds-v2-s4-212","S4","必修 第一册","函数的概念、性质及应用","函数的概念、性质及应用","fill-in","Foundation","函数 f(x)=√(x²-4x+3) 的单调递增区间是______。","[3,+∞)","[3,+∞) | (3,+∞)","[3,+∞)","manual-review","manual-pass","manual-pass","not-applicable","pass","none","approve","","","Approved by S18 manual independent solve / pass-sample review; eligible for candidate release pool after aggregate gates pass.","reviewed","solver-gap-independent-solve","S18","","S18 independent solve: stored answer and accepted answer set match the independently derived result.","Approve for V2 candidate release pool after aggregate QA gates pass.","auto-quality-issue","solver-gap","not-checkable","P1","needs-second-review"
"hjb-high-ds-v2-s4-213","S4","必修 第一册","函数的概念、性质及应用","函数的概念、性质及应用","short-answer","Core","已知函数 f(x)=x³+ax²+bx+c 在 x=-1 处取得极大值，在 x=3 处取得极小值，且 f(0)=2。求 a,b,c 的值。","a=-3, b=-9, c=2","a=-3, b=-9, c=2 | a=-3,b=-9,c=2","a=-3, b=-9, c=2","manual-review","manual-pass","manual-pass","not-applicable","pass","none","approve","","","Approved by S18 manual independent solve / pass-sample review; eligible for candidate release pool after aggregate gates pass.","reviewed","solver-gap-independent-solve","S18","","S18 independent solve: stored answer and accepted answer set match the independently derived result.","Approve for V2 candidate release pool after aggregate QA gates pass.","auto-quality-issue","solver-gap","not-checkable","P1","needs-second-review"
"hjb-high-ds-v2-s4-214","S4","必修 第一册","函数的概念、性质及应用","函数的概念、性质及应用","multiple-choice","Challenge","二轮变式0214：选择：已知 f(x)=8x+11，求 f(11)。","99","99","99","manual-review","manual-pass","manual-pass","manual-pass","pass","none","approve","","","Approved by S18 manual independent solve / pass-sample review; eligible for candidate release pool after aggregate gates pass.","reviewed","pass-sample","S18","","S18 pass-sample review: prompt is independently solvable and stored answer remains consistent with the audit answer.","Approve for V2 candidate release pool after aggregate QA gates pass.","grade-pass-sample-fill","pass","pass","none","approve"
"hjb-high-ds-v2-s4-217","S4","必修 第一册","函数的概念、性质及应用","函数的概念、性质及应用","multiple-choice","Challenge","二轮变式0217：选择：已知 f(x)=2x+3，求 f(15)。","33","33","33","manual-review","manual-pass","manual-pass","manual-pass","pass","none","approve","","","Approved by S18 manual independent solve / pass-sample review; eligible for candidate release pool after aggregate gates pass.","reviewed","pass-sample","S18","","S18 pass-sample review: prompt is independently solvable and stored answer remains consistent with the audit answer.","Approve for V2 candidate release pool after aggregate QA gates pass.","grade-pass-sample-fill","pass","pass","none","approve"
"hjb-high-ds-v2-s4-218","S4","必修 第一册","函数的概念、性质及应用","函数的概念、性质及应用","fill-in","Foundation","函数 f(x)=√(1-x²) 的单调递减区间是______。","[0,1]","[0,1] | (0,1]","[0,1]","manual-review","manual-pass","manual-pass","not-applicable","pass","none","approve","","","Approved by S18 manual independent solve / pass-sample review; eligible for candidate release pool after aggregate gates pass.","reviewed","solver-gap-independent-solve","S18","","S18 independent solve: stored answer and accepted answer set match the independently derived result.","Approve for V2 candidate release pool after aggregate QA gates pass.","auto-quality-issue","solver-gap","not-checkable","P1","needs-second-review"
"hjb-high-ds-v2-s4-219","S4","必修 第一册","函数的概念、性质及应用","函数的概念、性质及应用","short-answer","Core","已知函数 f(x)=2x+1/x (x>0)。求 f(x) 的最小值及此时 x 的值。","最小值为 2√2，此时 x=√2/2","最小值为 2√2，此时 x=√2/2 | 2√2, √2/2","最小值为 2√2，此时 x=√2/2","manual-review","manual-pass","manual-pass","not-applicable","pass","none","approve","","","Approved by S18 manual independent solve / pass-sample review; eligible for candidate release pool after aggregate gates pass.","reviewed","solver-gap-independent-solve","S18","","S18 independent solve: stored answer and accepted answer set match the independently derived result.","Approve for V2 candidate release pool after aggregate QA gates pass.","auto-quality-issue","solver-gap","not-checkable","P1","needs-second-review"
"hjb-high-ds-v2-s4-221","S4","必修 第一册","函数的概念、性质及应用","函数的概念、性质及应用","fill-in","Foundation","已知函数 f(x) = √(x - 2) + ln(5 - x)，则 f(x) 的定义域为 ______。（用区间表示）","[2, 5)","[2, 5) | (2,5) | [2,5)","[2, 5)","manual-review","manual-pass","manual-pass","not-applicable","pass","none","approve","","","Approved by S18 manual independent solve / pass-sample review; eligible for candidate release pool after aggregate gates pass.","reviewed","solver-gap-independent-solve","S18","","S18 independent solve: stored answer and accepted answer set match the independently derived result.","Approve for V2 candidate release pool after aggregate QA gates pass.","auto-quality-issue","solver-gap","not-checkable","P1","needs-second-review"
"hjb-high-ds-v2-s4-222","S4","必修 第一册","函数的概念、性质及应用","函数的概念、性质及应用","short-answer","Core","判断函数 f(x) = x³ - 3x 的奇偶性，并证明你的结论。","奇函数","奇函数","奇函数","manual-review","manual-pass","manual-pass","not-applicable","pass","none","approve","","","Approved by S18 manual independent solve / pass-sample review; eligible for candidate release pool after aggregate gates pass.","reviewed","solver-gap-independent-solve","S18","","S18 independent solve: stored answer and accepted answer set match the independently derived result.","Approve for V2 candidate release pool after aggregate QA gates pass.","auto-quality-issue","solver-gap","not-checkable","P1","needs-second-review"
"hjb-high-ds-v2-s4-223","S4","必修 第一册","函数的概念、性质及应用","函数的概念、性质及应用","multiple-choice","Challenge","已知函数 f(x) 的定义域为 R，且 f(x+1) 为偶函数，f(x+3)=f(x)。若 f(0)=1，则 f(5) 的值为（　）","1","1","1","manual-review","manual-pass","manual-pass","manual-pass","pass","none","approve","","","Approved by S18 manual independent solve / pass-sample review; eligible for candidate release pool after aggregate gates pass.","reviewed","p0-remediation-independent-solve","S18","","Replaced contradictory odd/even shifted conditions with consistent symmetry and period conditions.","Approve remediated row for the V2 candidate release pool after aggregate QA gates pass.","auto-quality-issue","solver-gap","not-checkable","P1","needs-second-review"
"hjb-high-ds-v2-s4-224","S4","必修 第一册","函数的概念、性质及应用","函数的概念、性质及应用","fill-in","Foundation","若函数 f(x) = (x + 1) / (x - 2) 的反函数为 f⁻¹(x)，则 f⁻¹(3) = ______。","7/2","7/2 | 3.5","7/2","manual-review","manual-pass","manual-pass","not-applicable","pass","none","approve","","","Approved by S18 manual independent solve / pass-sample review; eligible for candidate release pool after aggregate gates pass.","reviewed","solver-gap-independent-solve","S18","","S18 independent solve: stored answer and accepted answer set match the independently derived result.","Approve for V2 candidate release pool after aggregate QA gates pass.","auto-quality-issue","solver-gap","not-checkable","P1","needs-second-review"
"hjb-high-ds-v2-s4-225","S4","必修 第一册","函数的概念、性质及应用","函数的概念、性质及应用","short-answer","Core","已知函数 f(x) = x² - 2ax + 3 在区间 [1, 2] 上单调递减，求实数 a 的取值范围。","a ≥ 2","a ≥ 2 | a>=2 | [2,+∞)","a ≥ 2","manual-review","manual-pass","manual-pass","not-applicable","pass","none","approve","","","Approved by S18 manual independent solve / pass-sample review; eligible for candidate release pool after aggregate gates pass.","reviewed","solver-gap-independent-solve","S18","","S18 independent solve: stored answer and accepted answer set match the independently derived result.","Approve for V2 candidate release pool after aggregate QA gates pass.","auto-quality-issue","solver-gap","not-checkable","P1","needs-second-review"
"hjb-high-ds-v2-s4-226","S4","必修 第一册","函数的概念、性质及应用","函数的概念、性质及应用","multiple-choice","Challenge","已知函数 f(x) 的定义域为 R，且 f(x+2) 为偶函数，f(2x+1) 为奇函数，则下列结论正确的是（ ）","f(x) 是周期为 8 的周期函数","f(x) 是周期为 8 的周期函数","f(x) 是周期为 8 的周期函数","manual-review","manual-pass","manual-pass","manual-pass","pass","none","approve","","","Approved by S18 manual independent solve / pass-sample review; eligible for candidate release pool after aggregate gates pass.","reviewed","solver-gap-independent-solve","S18","","S18 independent solve: stored answer and accepted answer set match the independently derived result.","Approve for V2 candidate release pool after aggregate QA gates pass.","auto-quality-issue","solver-gap","not-checkable","P1","needs-second-review"
"hjb-high-ds-v2-s4-227","S4","必修 第一册","函数的概念、性质及应用","函数的概念、性质及应用","fill-in","Foundation","函数 f(x) = log₂(x² - 4x + 3) 的单调递增区间为 ______。","(3, +∞)","(3, +∞) | (3,+∞) | x>3","(3, +∞)","manual-review","manual-pass","manual-pass","not-applicable","pass","none","approve","","","Approved by S18 manual independent solve / pass-sample review; eligible for candidate release pool after aggregate gates pass.","reviewed","solver-gap-independent-solve","S18","","S18 independent solve: stored answer and accepted answer set match the independently derived result.","Approve for V2 candidate release pool after aggregate QA gates pass.","auto-quality-issue","solver-gap","not-checkable","P1","needs-second-review"
"hjb-high-ds-v2-s4-228","S4","必修 第一册","函数的概念、性质及应用","函数的概念、性质及应用","short-answer","Core","已知函数 f(x) = { x² + 1, x ≤ 0; -x + 3, x > 0 }，求方程 f(x) = 2 的所有实数根。","x = -1 或 x = 1","x = -1 或 x = 1 | -1,1 | x=-1或x=1","x = -1 或 x = 1","manual-review","manual-pass","manual-pass","not-applicable","pass","none","approve","","","Approved by S18 manual independent solve / pass-sample review; eligible for candidate release pool after aggregate gates pass.","reviewed","solver-gap-independent-solve","S18","","S18 independent solve: stored answer and accepted answer set match the independently derived result.","Approve for V2 candidate release pool after aggregate QA gates pass.","auto-quality-issue","solver-gap","not-checkable","P1","needs-second-review"
"hjb-high-ds-v2-s4-229","S4","必修 第一册","函数的概念、性质及应用","函数的概念、性质及应用","multiple-choice","Challenge","已知函数 f(x) = (x + a) / (x² + 1) 是奇函数，则实数 a 的值为（ ）","0","0","0","manual-review","manual-pass","manual-pass","manual-pass","pass","none","approve","","","Approved by S18 manual independent solve / pass-sample review; eligible for candidate release pool after aggregate gates pass.","reviewed","solver-gap-independent-solve","S18","","S18 independent solve: stored answer and accepted answer set match the independently derived result.","Approve for V2 candidate release pool after aggregate QA gates pass.","auto-quality-issue","solver-gap","not-checkable","P1","needs-second-review"
"hjb-high-ds-v2-s4-231","S4","必修 第一册","函数的概念、性质及应用","函数的概念、性质及应用","short-answer","Core","已知函数 f(x) = √(x² - 2x - 3) + 1/(x - 4)。求函数 f(x) 的定义域，并用区间表示。","(-∞, -1] ∪ [3, 4) ∪ (4, +∞)","(-∞, -1] ∪ [3, 4) ∪ (4, +∞) | x ≤ -1 或 3 ≤ x < 4 或 x > 4 | (-∞, -1] ∪ [3, 4) ∪ (4, ∞)","(-∞, -1] ∪ [3, 4) ∪ (4, +∞)","manual-review","manual-pass","manual-pass","not-applicable","pass","none","approve","","","Approved by S18 manual independent solve / pass-sample review; eligible for candidate release pool after aggregate gates pass.","reviewed","solver-gap-independent-solve","S18","","S18 independent solve: stored answer and accepted answer set match the independently derived result.","Approve for V2 candidate release pool after aggregate QA gates pass.","auto-quality-issue","solver-gap","not-checkable","P1","needs-second-review"
"hjb-high-ds-v2-s4-233","S4","必修 第一册","函数的概念、性质及应用","函数的概念、性质及应用","fill-in","Foundation","已知函数 f(x) = x² + bx + c 为偶函数，且 f(1) = 0，则 f(x) 的零点为______。","x = ±1","x = ±1 | ±1 | -1 和 1 | 1 和 -1","x = ±1","manual-review","manual-pass","manual-pass","not-applicable","pass","none","approve","","","Approved by S18 manual independent solve / pass-sample review; eligible for candidate release pool after aggregate gates pass.","reviewed","solver-gap-independent-solve","S18","","S18 independent solve: stored answer and accepted answer set match the independently derived result.","Approve for V2 candidate release pool after aggregate QA gates pass.","auto-quality-issue","solver-gap","not-checkable","P1","needs-second-review"
"hjb-high-ds-v2-s4-234","S4","必修 第一册","函数的概念、性质及应用","函数的概念、性质及应用","short-answer","Core","已知函数 f(x) = (2x + 1)/(x - 1)，x ∈ (1, +∞)。求 f(x) 的反函数 f⁻¹(x)，并写出其定义域。","f⁻¹(x) = (x + 1)/(x - 2)，定义域为 (2, +∞)","f⁻¹(x) = (x + 1)/(x - 2)，定义域为 (2, +∞) | f⁻¹(x) = (x+1)/(x-2), x>2 | 反函数为 y=(x+1)/(x-2)，定义域 (2,+∞)","f⁻¹(x) = (x + 1)/(x - 2)，定义域为 (2, +∞)","manual-review","manual-pass","manual-pass","not-applicable","pass","none","approve","","","Approved by S18 manual independent solve / pass-sample review; eligible for candidate release pool after aggregate gates pass.","reviewed","solver-gap-independent-solve","S18","","S18 independent solve: stored answer and accepted answer set match the independently derived result.","Approve for V2 candidate release pool after aggregate QA gates pass.","auto-quality-issue","solver-gap","not-checkable","P1","needs-second-review"
"hjb-high-ds-v2-s4-235","S4","必修 第一册","函数的概念、性质及应用","函数的概念、性质及应用","multiple-choice","Challenge","二轮变式0235：选择：已知 f(x)=11x+2，求 f(15)。","167","167","167","manual-review","manual-pass","manual-pass","manual-pass","pass","none","approve","","","Approved by S18 manual independent solve / pass-sample review; eligible for candidate release pool after aggregate gates pass.","reviewed","pass-sample","S18","","S18 pass-sample review: prompt is independently solvable and stored answer remains consistent with the audit answer.","Approve for V2 candidate release pool after aggregate QA gates pass.","grade-pass-sample-fill","pass","pass","none","approve"
"hjb-high-ds-v2-s4-236","S4","必修 第一册","函数的概念、性质及应用","函数的概念、性质及应用","fill-in","Foundation","已知函数 f(x) = √(x - 1) + √(3 - x)，则 f(x) 的值域为______。","[√2, 2]","[√2, 2] | [根号2, 2] | [√2,2]","[√2, 2]","manual-review","manual-pass","manual-pass","not-applicable","pass","none","approve","","","Approved by S18 manual independent solve / pass-sample review; eligible for candidate release pool after aggregate gates pass.","reviewed","solver-gap-independent-solve","S18","","S18 independent solve: stored answer and accepted answer set match the independently derived result.","Approve for V2 candidate release pool after aggregate QA gates pass.","auto-quality-issue","solver-gap","not-checkable","P1","needs-second-review"
"hjb-high-ds-v2-s4-237","S4","必修 第一册","函数的概念、性质及应用","函数的概念、性质及应用","short-answer","Core","已知函数 f(x) 是定义在 R 上的奇函数，当 x ≥ 0 时，f(x) = x² - 2x。求不等式 f(x) < 0 的解集。","(-∞, -2) ∪ (0, 2)","(-∞, -2) ∪ (0, 2) | x < -2 或 0 < x < 2","(-∞, -2) ∪ (0, 2)","manual-review","manual-pass","manual-pass","not-applicable","pass","none","approve","","","Approved by S18 manual independent solve / pass-sample review; eligible for candidate release pool after aggregate gates pass.","reviewed","solver-gap-independent-solve","S18","","S18 independent solve: stored answer and accepted answer set match the independently derived result.","Approve for V2 candidate release pool after aggregate QA gates pass.","auto-quality-issue","solver-gap","not-checkable","P1","needs-second-review"
"hjb-high-ds-v2-s4-239","S4","必修 第一册","函数的概念、性质及应用","函数的概念、性质及应用","fill-in","Foundation","已知函数 f(x) = x² - 2x + 3 在区间 [0, m] 上的最大值为 3，最小值为 2，则实数 m 的取值范围是______。","[1, 2]","[1, 2] | 1 ≤ m ≤ 2 | [1,2]","[1, 2]","manual-review","manual-pass","manual-pass","not-applicable","pass","none","approve","","","Approved by S18 manual independent solve / pass-sample review; eligible for candidate release pool after aggregate gates pass.","reviewed","solver-gap-independent-solve","S18","","S18 independent solve: stored answer and accepted answer set match the independently derived result.","Approve for V2 candidate release pool after aggregate QA gates pass.","auto-quality-issue","solver-gap","not-checkable","P1","needs-second-review"
"hjb-high-ds-v2-s4-240","S4","必修 第一册","函数的概念、性质及应用","函数的概念、性质及应用","short-answer","Core","已知函数 f(x) = x/(x² + 1)。判断函数 f(x) 的奇偶性，并证明你的结论。","奇函数","奇函数 | 是奇函数 | f(x) 是奇函数","奇函数","manual-review","manual-pass","manual-pass","not-applicable","pass","none","approve","","","Approved by S18 manual independent solve / pass-sample review; eligible for candidate release pool after aggregate gates pass.","reviewed","solver-gap-independent-solve","S18","","S18 independent solve: stored answer and accepted answer set match the independently derived result.","Approve for V2 candidate release pool after aggregate QA gates pass.","auto-quality-issue","solver-gap","not-checkable","P1","needs-second-review"
"hjb-high-ds-v2-s4-241","S4","必修 第一册","函数的概念、性质及应用","函数的概念、性质及应用","multiple-choice","Challenge","已知函数 f(x) 的定义域为 R，且满足 f(x+1) 为奇函数，f(x+2) 为偶函数。若 f(1)=0，则下列选项中正确的是（ ）","f(3)=0","f(3)=0","f(3)=0","manual-review","manual-pass","manual-pass","manual-pass","pass","none","approve","","","Approved by S18 manual independent solve / pass-sample review; eligible for candidate release pool after aggregate gates pass.","reviewed","solver-gap-independent-solve","S18","","S18 independent solve: stored answer and accepted answer set match the independently derived result.","Approve for V2 candidate release pool after aggregate QA gates pass.","auto-quality-issue","solver-gap","not-checkable","P1","needs-second-review"
"hjb-high-ds-v2-s4-242","S4","必修 第一册","函数的概念、性质及应用","函数的概念、性质及应用","fill-in","Foundation","函数 f(x)=√(x²-4x+3) 的定义域为______。","(-∞,1]∪[3,+∞)","(-∞,1]∪[3,+∞) | x≤1或x≥3","(-∞,1]∪[3,+∞)","manual-review","manual-pass","manual-pass","not-applicable","pass","none","approve","","","Approved by S18 manual independent solve / pass-sample review; eligible for candidate release pool after aggregate gates pass.","reviewed","solver-gap-independent-solve","S18","","S18 independent solve: stored answer and accepted answer set match the independently derived result.","Approve for V2 candidate release pool after aggregate QA gates pass.","auto-quality-issue","solver-gap","not-checkable","P1","needs-second-review"
"hjb-high-ds-v2-s4-243","S4","必修 第一册","函数的概念、性质及应用","函数的概念、性质及应用","short-answer","Core","已知函数 f(x)=x³+ax²+bx+c 在 x=1 处有极值，且 f(0)=2，f'(0)=-3。求 a, b, c 的值。","a=0, b=-3, c=2","a=0, b=-3, c=2 | a=0,b=-3,c=2","a=0, b=-3, c=2","manual-review","manual-pass","manual-pass","not-applicable","pass","none","approve","","","Approved by S18 manual independent solve / pass-sample review; eligible for candidate release pool after aggregate gates pass.","reviewed","solver-gap-independent-solve","S18","","S18 independent solve: stored answer and accepted answer set match the independently derived result.","Approve for V2 candidate release pool after aggregate QA gates pass.","auto-quality-issue","solver-gap","not-checkable","P1","needs-second-review"
"hjb-high-ds-v2-s4-245","S4","必修 第一册","函数的概念、性质及应用","函数的概念、性质及应用","fill-in","Foundation","二轮变式0245：填空：已知 f(x)=8x+4，求 f(16)。","132","132","132","manual-review","manual-pass","manual-pass","not-applicable","pass","none","approve","","","Approved by S18 manual independent solve / pass-sample review; eligible for candidate release pool after aggregate gates pass.","reviewed","pass-sample","S18","","S18 pass-sample review: prompt is independently solvable and stored answer remains consistent with the audit answer.","Approve for V2 candidate release pool after aggregate QA gates pass.","grade-type-difficulty-pass-sample","pass","pass","none","approve"
"hjb-high-ds-v2-s4-247","S4","必修 第一册","函数的概念、性质及应用","函数的概念、性质及应用","multiple-choice","Challenge","二轮变式0247：选择：已知 f(x)=5x+2，求 f(15)。","77","77","77","manual-review","manual-pass","manual-pass","manual-pass","pass","none","approve","","","Approved by S18 manual independent solve / pass-sample review; eligible for candidate release pool after aggregate gates pass.","reviewed","pass-sample","S18","","S18 pass-sample review: prompt is independently solvable and stored answer remains consistent with the audit answer.","Approve for V2 candidate release pool after aggregate QA gates pass.","grade-pass-sample-fill","pass","pass","none","approve"
"hjb-high-ds-v2-s4-248","S4","必修 第一册","函数的概念、性质及应用","函数的概念、性质及应用","fill-in","Foundation","函数 f(x)=1/(x²-2x-3) 的单调递增区间为______。","(-∞,-1)和(-1,1)","(-∞,-1)和(-1,1) | (-∞,-1),(-1,1)","(-∞,-1)和(-1,1)","manual-review","manual-pass","manual-pass","not-applicable","pass","none","approve","","","Approved by S18 manual independent solve / pass-sample review; eligible for candidate release pool after aggregate gates pass.","reviewed","solver-gap-independent-solve","S18","","S18 independent solve: stored answer and accepted answer set match the independently derived result.","Approve for V2 candidate release pool after aggregate QA gates pass.","auto-quality-issue","solver-gap","not-checkable","P1","needs-second-review"
"hjb-high-ds-v2-s4-249","S4","必修 第一册","函数的概念、性质及应用","函数的概念、性质及应用","short-answer","Core","已知函数 f(x)=x/(x²+1)，判断其奇偶性并求其值域。","奇函数，值域为[-1/2,1/2]","奇函数，值域为[-1/2,1/2] | 奇函数,值域为[-1/2,1/2]","奇函数，值域为[-1/2,1/2]","manual-review","manual-pass","manual-pass","not-applicable","pass","none","approve","","","Approved by S18 manual independent solve / pass-sample review; eligible for candidate release pool after aggregate gates pass.","reviewed","solver-gap-independent-solve","S18","","S18 independent solve: stored answer and accepted answer set match the independently derived result.","Approve for V2 candidate release pool after aggregate QA gates pass.","auto-quality-issue","solver-gap","not-checkable","P1","needs-second-review"
"hjb-high-ds-v2-s4-253","S4","必修 第二册","三角","三角","multiple-choice","Challenge","二轮变式0253：选择：在三角形 ABC 中，若 AB=2，AC=14，且 ∠A=60°，表达式 AB·AC 的值是多少？","28","28","28","manual-review","manual-pass","manual-pass","manual-pass","pass","none","approve","","","Approved by S18 manual independent solve / pass-sample review; eligible for candidate release pool after aggregate gates pass.","reviewed","pass-sample","S18","","S18 pass-sample review: prompt is independently solvable and stored answer remains consistent with the audit answer.","Approve for V2 candidate release pool after aggregate QA gates pass.","grade-pass-sample-fill","pass","pass","none","approve"
"hjb-high-ds-v2-s4-256","S4","必修 第二册","三角","三角","multiple-choice","Challenge","二轮变式0256：选择：在三角形 ABC 中，若 AB=4，AC=7，且 ∠A=60°，表达式 AB·AC 的值是多少？","28","28","28","manual-review","manual-pass","manual-pass","manual-pass","pass","none","approve","","","Approved by S18 manual independent solve / pass-sample review; eligible for candidate release pool after aggregate gates pass.","reviewed","pass-sample","S18","","S18 pass-sample review: prompt is independently solvable and stored answer remains consistent with the audit answer.","Approve for V2 candidate release pool after aggregate QA gates pass.","grade-pass-sample-fill","pass","pass","none","approve"
"hjb-high-ds-v2-s4-259","S4","必修 第二册","三角","三角","multiple-choice","Challenge","二轮变式0259：选择：在三角形 ABC 中，若 AB=5，AC=16，且 ∠A=60°，表达式 AB·AC 的值是多少？","80","80","80","manual-review","manual-pass","manual-pass","manual-pass","pass","none","approve","","","Approved by S18 manual independent solve / pass-sample review; eligible for candidate release pool after aggregate gates pass.","reviewed","pass-sample","S18","","S18 pass-sample review: prompt is independently solvable and stored answer remains consistent with the audit answer.","Approve for V2 candidate release pool after aggregate QA gates pass.","grade-pass-sample-fill","pass","pass","none","approve"
"hjb-high-ds-v2-s4-261","S4","必修 第二册","三角","三角","short-answer","Core","某公园计划在圆形人工湖岸边修建一条环形步道。已知人工湖的半径为50米，步道起点位于湖的正东方向岸边。若沿逆时针方向行走，当步道长度恰好为30米时，求此时所在位置对应的圆心角的弧度数（结果保留两位小数）。","0.60","0.60","0.60","manual-review","manual-pass","manual-pass","not-applicable","pass","none","approve","","","Approved by S18 manual independent solve / pass-sample review; eligible for candidate release pool after aggregate gates pass.","reviewed","solver-gap-independent-solve","S18","","S18 independent solve: stored answer and accepted answer set match the independently derived result.","Approve for V2 candidate release pool after aggregate QA gates pass.","auto-quality-issue","solver-gap","not-checkable","P1","needs-second-review"
"hjb-high-ds-v2-s4-262","S4","必修 第二册","三角","三角","multiple-choice","Challenge","在三角形 ABC 中，角 A、B、C 的对边分别为 a、b、c。已知 a=7，b=8，且三角形有两解，则角 A 的取值范围是（　）。","0° < A < arcsin(7/8)","0° < A < arcsin(7/8)","0° < A < arcsin(7/8)","manual-review","manual-pass","manual-pass","manual-pass","pass","none","approve","","","Approved by S18 manual independent solve / pass-sample review; eligible for candidate release pool after aggregate gates pass.","reviewed","p0-remediation-independent-solve","S18","","Corrected the two-solution angle bound.","Approve remediated row for the V2 candidate release pool after aggregate QA gates pass.","auto-quality-issue","solver-gap","not-checkable","P1","needs-second-review"
"hjb-high-ds-v2-s4-263","S4","必修 第二册","三角","三角","fill-in","Foundation","已知角α的终边经过点P(-3, 4)，则sinα + cosα的值为______。","1/5","1/5 | 0.2","1/5","manual-review","manual-pass","manual-pass","not-applicable","pass","none","approve","","","Approved by S18 manual independent solve / pass-sample review; eligible for candidate release pool after aggregate gates pass.","reviewed","solver-gap-independent-solve","S18","","S18 independent solve: stored answer and accepted answer set match the independently derived result.","Approve for V2 candidate release pool after aggregate QA gates pass.","auto-quality-issue","solver-gap","not-checkable","P1","needs-second-review"
"hjb-high-ds-v2-s4-264","S4","必修 第二册","三角","三角","short-answer","Core","在△ABC中，已知AB=5，AC=8，∠A=60°。求BC边的长度。","7","7","7","manual-review","manual-pass","manual-pass","not-applicable","pass","none","approve","","","Approved by S18 manual independent solve / pass-sample review; eligible for candidate release pool after aggregate gates pass.","reviewed","solver-gap-independent-solve","S18","","S18 independent solve: stored answer and accepted answer set match the independently derived result.","Approve for V2 candidate release pool after aggregate QA gates pass.","auto-quality-issue","solver-gap","not-checkable","P1","needs-second-review"
"hjb-high-ds-v2-s4-265","S4","必修 第二册","三角","三角","multiple-choice","Challenge","已知函数 f(x)=2sin(ωx+φ)（ω>0，0<φ<π），且 f(0)=1，f(x) 在 x=π/6 处取得最大值。则 ω 和 φ 的值可能是（　）。","ω=2，φ=π/6","ω=2，φ=π/6","ω=2，φ=π/6","manual-review","manual-pass","manual-pass","manual-pass","pass","none","approve","","","Approved by S18 manual independent solve / pass-sample review; eligible for candidate release pool after aggregate gates pass.","reviewed","p0-remediation-independent-solve","S18","","Replaced the impossible minimum/value combination with a consistent maximum condition.","Approve remediated row for the V2 candidate release pool after aggregate QA gates pass.","auto-quality-issue","solver-gap","not-checkable","P1","needs-second-review"
"hjb-high-ds-v2-s4-266","S4","必修 第二册","三角","三角","fill-in","Foundation","若tanθ=2，则(sinθ+cosθ)/(sinθ-cosθ)的值为______。","3","3","3","manual-review","manual-pass","manual-pass","not-applicable","pass","none","approve","","","Approved by S18 manual independent solve / pass-sample review; eligible for candidate release pool after aggregate gates pass.","reviewed","solver-gap-independent-solve","S18","","S18 independent solve: stored answer and accepted answer set match the independently derived result.","Approve for V2 candidate release pool after aggregate QA gates pass.","auto-quality-issue","solver-gap","not-checkable","P1","needs-second-review"
"hjb-high-ds-v2-s4-267","S4","必修 第二册","三角","三角","short-answer","Core","已知sinα=3/5，且α是第二象限角。求cos(α+π/3)的值。","-(3√3+4)/10","-(3√3+4)/10 | (-3√3-4)/10","-(3√3+4)/10","manual-review","manual-pass","manual-pass","not-applicable","pass","none","approve","","","Approved by S18 manual independent solve / pass-sample review; eligible for candidate release pool after aggregate gates pass.","reviewed","solver-gap-independent-solve","S18","","S18 independent solve: stored answer and accepted answer set match the independently derived result.","Approve for V2 candidate release pool after aggregate QA gates pass.","auto-quality-issue","solver-gap","not-checkable","P1","needs-second-review"
"hjb-high-ds-v2-s4-268","S4","必修 第二册","三角","三角","multiple-choice","Challenge","在 △ABC 中，角 A、B、C 的对边分别为 a、b、c，且满足 a cos B = b cos A。则 △ABC 的形状是（　）。","等腰三角形","等腰三角形","等腰三角形","manual-review","manual-pass","manual-pass","manual-pass","pass","none","approve","","","Approved by S18 manual independent solve / pass-sample review; eligible for candidate release pool after aggregate gates pass.","reviewed","p0-remediation-independent-solve","S18","","Removed the invalid right-triangle branch from the answer.","Approve remediated row for the V2 candidate release pool after aggregate QA gates pass.","auto-quality-issue","solver-gap","not-checkable","P1","needs-second-review"
"hjb-high-ds-v2-s4-269","S4","必修 第二册","三角","三角","fill-in","Foundation","已知扇形的周长为10 cm，面积为4 cm²，则该扇形的圆心角的弧度数为______。","1/2 或 8","1/2 或 8 | 0.5 或 8","1/2 或 8","manual-review","manual-pass","manual-pass","not-applicable","pass","none","approve","","","Approved by S18 manual independent solve / pass-sample review; eligible for candidate release pool after aggregate gates pass.","reviewed","solver-gap-independent-solve","S18","","S18 independent solve: stored answer and accepted answer set match the independently derived result.","Approve for V2 candidate release pool after aggregate QA gates pass.","auto-quality-issue","solver-gap","not-checkable","P1","needs-second-review"
"hjb-high-ds-v2-s4-270","S4","必修 第二册","三角","三角","short-answer","Core","在△ABC中，已知a=2√3，b=2，∠B=30°。求∠A的大小。","60°或120°","60°或120° | 60° 或 120°","60°或120°","manual-review","manual-pass","manual-pass","not-applicable","pass","none","approve","","","Approved by S18 manual independent solve / pass-sample review; eligible for candidate release pool after aggregate gates pass.","reviewed","solver-gap-independent-solve","S18","","S18 independent solve: stored answer and accepted answer set match the independently derived result.","Approve for V2 candidate release pool after aggregate QA gates pass.","auto-quality-issue","solver-gap","not-checkable","P1","needs-second-review"
"hjb-high-ds-v2-s4-271","S4","必修 第二册","三角","三角","multiple-choice","Challenge","二轮变式0271：选择：在三角形 ABC 中，若 AB=10，AC=17，且 ∠A=60°，表达式 AB·AC 的值是多少？","170","170","170","manual-review","manual-pass","manual-pass","manual-pass","pass","none","approve","","","Approved by S18 manual independent solve / pass-sample review; eligible for candidate release pool after aggregate gates pass.","reviewed","pass-sample","S18","","S18 pass-sample review: prompt is independently solvable and stored answer remains consistent with the audit answer.","Approve for V2 candidate release pool after aggregate QA gates pass.","grade-pass-sample-fill","pass","pass","none","approve"
"hjb-high-ds-v2-s4-274","S4","必修 第二册","三角","三角","multiple-choice","Challenge","二轮变式0274：选择：在三角形 ABC 中，若 AB=5，AC=6，且 ∠A=60°，表达式 AB·AC 的值是多少？","30","30","30","manual-review","manual-pass","manual-pass","manual-pass","pass","none","approve","","","Approved by S18 manual independent solve / pass-sample review; eligible for candidate release pool after aggregate gates pass.","reviewed","pass-sample","S18","","S18 pass-sample review: prompt is independently solvable and stored answer remains consistent with the audit answer.","Approve for V2 candidate release pool after aggregate QA gates pass.","grade-pass-sample-fill","pass","pass","none","approve"
"hjb-high-ds-v2-s4-277","S4","必修 第二册","三角","三角","multiple-choice","Challenge","二轮变式0277：选择：在三角形 ABC 中，若 AB=12，AC=7，且 ∠A=60°，表达式 AB·AC 的值是多少？","84","84","84","manual-review","manual-pass","manual-pass","manual-pass","pass","none","approve","","","Approved by S18 manual independent solve / pass-sample review; eligible for candidate release pool after aggregate gates pass.","reviewed","pass-sample","S18","","S18 pass-sample review: prompt is independently solvable and stored answer remains consistent with the audit answer.","Approve for V2 candidate release pool after aggregate QA gates pass.","grade-pass-sample-fill","pass","pass","none","approve"
"hjb-high-ds-v2-s4-280","S4","必修 第二册","三角","三角","multiple-choice","Challenge","二轮变式0280：选择：在三角形 ABC 中，若 AB=5，AC=10，且 ∠A=60°，表达式 AB·AC 的值是多少？","50","50","50","manual-review","manual-pass","manual-pass","manual-pass","pass","none","approve","","","Approved by S18 manual independent solve / pass-sample review; eligible for candidate release pool after aggregate gates pass.","reviewed","pass-sample","S18","","S18 pass-sample review: prompt is independently solvable and stored answer remains consistent with the audit answer.","Approve for V2 candidate release pool after aggregate QA gates pass.","grade-pass-sample-fill","pass","pass","none","approve"
"hjb-high-ds-v2-s4-283","S4","必修 第二册","三角","三角","multiple-choice","Challenge","二轮变式0283：选择：在三角形 ABC 中，若 AB=3，AC=19，且 ∠A=60°，表达式 AB·AC 的值是多少？","57","57","57","manual-review","manual-pass","manual-pass","manual-pass","pass","none","approve","","","Approved by S18 manual independent solve / pass-sample review; eligible for candidate release pool after aggregate gates pass.","reviewed","pass-sample","S18","","S18 pass-sample review: prompt is independently solvable and stored answer remains consistent with the audit answer.","Approve for V2 candidate release pool after aggregate QA gates pass.","grade-pass-sample-fill","pass","pass","none","approve"
"hjb-high-ds-v2-s4-289","S4","必修 第二册","三角","三角","multiple-choice","Challenge","二轮变式0289：选择：在三角形 ABC 中，若 AB=6，AC=9，且 ∠A=60°，表达式 AB·AC 的值是多少？","54","54","54","manual-review","manual-pass","manual-pass","manual-pass","pass","none","approve","","","Approved by S18 manual independent solve / pass-sample review; eligible for candidate release pool after aggregate gates pass.","reviewed","pass-sample","S18","","S18 pass-sample review: prompt is independently solvable and stored answer remains consistent with the audit answer.","Approve for V2 candidate release pool after aggregate QA gates pass.","grade-pass-sample-fill","pass","pass","none","approve"
"hjb-high-ds-v2-s4-301","S4","必修 第二册","三角","三角","multiple-choice","Challenge","二轮变式0301：选择：在三角形 ABC 中，若 AB=2，AC=6，且 ∠A=60°，表达式 AB·AC 的值是多少？","12","12","12","manual-review","manual-pass","manual-pass","manual-pass","pass","none","approve","","","Approved by S18 manual independent solve / pass-sample review; eligible for candidate release pool after aggregate gates pass.","reviewed","pass-sample","S18","","S18 pass-sample review: prompt is independently solvable and stored answer remains consistent with the audit answer.","Approve for V2 candidate release pool after aggregate QA gates pass.","grade-pass-sample-fill","pass","pass","none","approve"
"hjb-high-ds-v2-s4-304","S4","必修 第二册","三角","三角","multiple-choice","Challenge","二轮变式0304：选择：在三角形 ABC 中，若 AB=10，AC=10，且 ∠A=60°，表达式 AB·AC 的值是多少？","100","100","100","manual-review","manual-pass","manual-pass","manual-pass","pass","none","approve","","","Approved by S18 manual independent solve / pass-sample review; eligible for candidate release pool after aggregate gates pass.","reviewed","pass-sample","S18","","S18 pass-sample review: prompt is independently solvable and stored answer remains consistent with the audit answer.","Approve for V2 candidate release pool after aggregate QA gates pass.","grade-pass-sample-fill","pass","pass","none","approve"
"hjb-high-ds-v2-s4-310","S4","必修 第二册","三角","三角","multiple-choice","Challenge","二轮变式0310：选择：在三角形 ABC 中，若 AB=6，AC=4，且 ∠A=60°，表达式 AB·AC 的值是多少？","24","24","24","manual-review","manual-pass","manual-pass","manual-pass","pass","none","approve","","","Approved by S18 manual independent solve / pass-sample review; eligible for candidate release pool after aggregate gates pass.","reviewed","pass-sample","S18","","S18 pass-sample review: prompt is independently solvable and stored answer remains consistent with the audit answer.","Approve for V2 candidate release pool after aggregate QA gates pass.","grade-pass-sample-fill","pass","pass","none","approve"
"hjb-high-ds-v2-s4-312","S4","必修 第二册","三角","三角","short-answer","Core","二轮变式0312：解答：在三角形 ABC 中，若 AB=3，AC=5，且 ∠A=60°，表达式 AB·AC 的值是多少？","15","15","15","manual-review","manual-pass","manual-pass","not-applicable","pass","none","approve","","","Approved by S18 manual independent solve / pass-sample review; eligible for candidate release pool after aggregate gates pass.","reviewed","pass-sample","S18","","S18 pass-sample review: prompt is independently solvable and stored answer remains consistent with the audit answer.","Approve for V2 candidate release pool after aggregate QA gates pass.","grade-chapter-pass-sample","pass","pass","none","approve"
"hjb-high-ds-v2-s4-313","S4","必修 第二册","三角","三角","multiple-choice","Challenge","二轮变式0313：选择：在三角形 ABC 中，若 AB=7，AC=9，且 ∠A=60°，表达式 AB·AC 的值是多少？","63","63","63","manual-review","manual-pass","manual-pass","manual-pass","pass","none","approve","","","Approved by S18 manual independent solve / pass-sample review; eligible for candidate release pool after aggregate gates pass.","reviewed","pass-sample","S18","","S18 pass-sample review: prompt is independently solvable and stored answer remains consistent with the audit answer.","Approve for V2 candidate release pool after aggregate QA gates pass.","grade-pass-sample-fill","pass","pass","none","approve"
"hjb-high-ds-v2-s4-316","S4","必修 第二册","三角函数","三角函数","multiple-choice","Challenge","二轮变式0316：选择：函数 y=11sin(2x+9π/6) 的最小正周期是多少？","π","π","π","manual-review","manual-pass","manual-pass","manual-pass","pass","none","approve","","","Approved by S18 manual independent solve / pass-sample review; eligible for candidate release pool after aggregate gates pass.","reviewed","pass-sample","S18","","S18 pass-sample review: prompt is independently solvable and stored answer remains consistent with the audit answer.","Approve for V2 candidate release pool after aggregate QA gates pass.","grade-pass-sample-fill","pass","pass","none","approve"
"hjb-high-ds-v2-s4-325","S4","必修 第二册","三角函数","三角函数","multiple-choice","Challenge","二轮变式0325：选择：函数 y=5sin(2x+7π/6) 的最小正周期是多少？","π","π","π","manual-review","manual-pass","manual-pass","manual-pass","pass","none","approve","","","Approved by S18 manual independent solve / pass-sample review; eligible for candidate release pool after aggregate gates pass.","reviewed","pass-sample","S18","","S18 pass-sample review: prompt is independently solvable and stored answer remains consistent with the audit answer.","Approve for V2 candidate release pool after aggregate QA gates pass.","grade-pass-sample-fill","pass","pass","none","approve"
"hjb-high-ds-v2-s4-330","S4","必修 第二册","三角函数","三角函数","short-answer","Core","二轮变式0330：解答：函数 y=3sin(2x+12π/6) 的最小正周期是多少？","π","π","π","manual-review","manual-pass","manual-pass","not-applicable","pass","none","approve","","","Approved by S18 manual independent solve / pass-sample review; eligible for candidate release pool after aggregate gates pass.","reviewed","pass-sample","S18","","S18 pass-sample review: prompt is independently solvable and stored answer remains consistent with the audit answer.","Approve for V2 candidate release pool after aggregate QA gates pass.","grade-type-difficulty-pass-sample","pass","pass","none","approve"
"hjb-high-ds-v2-s4-337","S4","必修 第二册","三角函数","三角函数","multiple-choice","Challenge","二轮变式0337：选择：函数 y=2sin(2x+6π/6) 的最小正周期是多少？","π","π","π","manual-review","manual-pass","manual-pass","manual-pass","pass","none","approve","","","Approved by S18 manual independent solve / pass-sample review; eligible for candidate release pool after aggregate gates pass.","reviewed","pass-sample","S18","","S18 pass-sample review: prompt is independently solvable and stored answer remains consistent with the audit answer.","Approve for V2 candidate release pool after aggregate QA gates pass.","grade-pass-sample-fill","pass","pass","none","approve"
"hjb-high-ds-v2-s4-340","S4","必修 第二册","三角函数","三角函数","multiple-choice","Challenge","二轮变式0340：选择：函数 y=6sin(2x+13π/6) 的最小正周期是多少？","π","π","π","manual-review","manual-pass","manual-pass","manual-pass","pass","none","approve","","","Approved by S18 manual independent solve / pass-sample review; eligible for candidate release pool after aggregate gates pass.","reviewed","pass-sample","S18","","S18 pass-sample review: prompt is independently solvable and stored answer remains consistent with the audit answer.","Approve for V2 candidate release pool after aggregate QA gates pass.","grade-pass-sample-fill","pass","pass","none","approve"
"hjb-high-ds-v2-s4-346","S4","必修 第二册","三角函数","三角函数","multiple-choice","Challenge","二轮变式0346：选择：函数 y=10sin(2x+6π/6) 的最小正周期是多少？","π","π","π","manual-review","manual-pass","manual-pass","manual-pass","pass","none","approve","","","Approved by S18 manual independent solve / pass-sample review; eligible for candidate release pool after aggregate gates pass.","reviewed","pass-sample","S18","","S18 pass-sample review: prompt is independently solvable and stored answer remains consistent with the audit answer.","Approve for V2 candidate release pool after aggregate QA gates pass.","grade-pass-sample-fill","pass","pass","none","approve"
"hjb-high-ds-v2-s4-355","S4","必修 第二册","三角函数","三角函数","multiple-choice","Challenge","二轮变式0355：选择：函数 y=11sin(2x+3π/6) 的最小正周期是多少？","π","π","π","manual-review","manual-pass","manual-pass","manual-pass","pass","none","approve","","","Approved by S18 manual independent solve / pass-sample review; eligible for candidate release pool after aggregate gates pass.","reviewed","pass-sample","S18","","S18 pass-sample review: prompt is independently solvable and stored answer remains consistent with the audit answer.","Approve for V2 candidate release pool after aggregate QA gates pass.","grade-pass-sample-fill","pass","pass","none","approve"
"hjb-high-ds-v2-s4-370","S4","必修 第二册","三角函数","三角函数","multiple-choice","Challenge","二轮变式0370：选择：函数 y=8sin(2x+5π/6) 的最小正周期是多少？","π","π","π","manual-review","manual-pass","manual-pass","manual-pass","pass","none","approve","","","Approved by S18 manual independent solve / pass-sample review; eligible for candidate release pool after aggregate gates pass.","reviewed","pass-sample","S18","","S18 pass-sample review: prompt is independently solvable and stored answer remains consistent with the audit answer.","Approve for V2 candidate release pool after aggregate QA gates pass.","grade-pass-sample-fill","pass","pass","none","approve"
"hjb-high-ds-v2-s4-373","S4","必修 第二册","三角函数","三角函数","multiple-choice","Challenge","二轮变式0373：选择：函数 y=4sin(2x+8π/6) 的最小正周期是多少？","π","π","π","manual-review","manual-pass","manual-pass","manual-pass","pass","none","approve","","","Approved by S18 manual independent solve / pass-sample review; eligible for candidate release pool after aggregate gates pass.","reviewed","pass-sample","S18","","S18 pass-sample review: prompt is independently solvable and stored answer remains consistent with the audit answer.","Approve for V2 candidate release pool after aggregate QA gates pass.","grade-pass-sample-fill","pass","pass","none","approve"
"hjb-high-ds-v2-s4-376","S4","必修 第二册","三角函数","三角函数","multiple-choice","Challenge","二轮变式0376：选择：函数 y=4sin(2x+10π/6) 的最小正周期是多少？","π","π","π","manual-review","manual-pass","manual-pass","manual-pass","pass","none","approve","","","Approved by S18 manual independent solve / pass-sample review; eligible for candidate release pool after aggregate gates pass.","reviewed","pass-sample","S18","","S18 pass-sample review: prompt is independently solvable and stored answer remains consistent with the audit answer.","Approve for V2 candidate release pool after aggregate QA gates pass.","grade-pass-sample-fill","pass","pass","none","approve"
"hjb-high-ds-v2-s4-379","S4","必修 第二册","平面向量","平面向量","fill-in","Challenge","二轮变式0379：填空：已知向量 u=(6,5)，v=(7,6)，求 u·v。","72","72","72","manual-review","manual-pass","manual-pass","not-applicable","pass","none","approve","","","Approved by S18 manual independent solve / pass-sample review; eligible for candidate release pool after aggregate gates pass.","reviewed","pass-sample","S18","","S18 pass-sample review: prompt is independently solvable and stored answer remains consistent with the audit answer.","Approve for V2 candidate release pool after aggregate QA gates pass.","grade-pass-sample-fill","pass","pass","none","approve"
"hjb-high-ds-v2-s4-382","S4","必修 第二册","平面向量","平面向量","multiple-choice","Challenge","二轮变式0382：选择：已知向量 u=(7,3)，v=(20,4)，求 u·v。","152","152","152","manual-review","manual-pass","manual-pass","manual-pass","pass","none","approve","","","Approved by S18 manual independent solve / pass-sample review; eligible for candidate release pool after aggregate gates pass.","reviewed","pass-sample","S18","","S18 pass-sample review: prompt is independently solvable and stored answer remains consistent with the audit answer.","Approve for V2 candidate release pool after aggregate QA gates pass.","grade-type-difficulty-pass-sample","pass","pass","none","approve"
"hjb-high-ds-v2-s4-403","S4","必修 第二册","平面向量","平面向量","fill-in","Challenge","二轮变式0403：填空：已知向量 u=(3,1)，v=(18,2)，求 u·v。","56","56","56","manual-review","manual-pass","manual-pass","not-applicable","pass","none","approve","","","Approved by S18 manual independent solve / pass-sample review; eligible for candidate release pool after aggregate gates pass.","reviewed","pass-sample","S18","","S18 pass-sample review: prompt is independently solvable and stored answer remains consistent with the audit answer.","Approve for V2 candidate release pool after aggregate QA gates pass.","grade-pass-sample-fill","pass","pass","none","approve"
"hjb-high-ds-v2-s4-406","S4","必修 第二册","平面向量","平面向量","multiple-choice","Challenge","二轮变式0406：选择：已知向量 u=(2,8)，v=(12,9)，求 u·v。","96","96","96","manual-review","manual-pass","manual-pass","manual-pass","pass","none","approve","","","Approved by S18 manual independent solve / pass-sample review; eligible for candidate release pool after aggregate gates pass.","reviewed","pass-sample","S18","","S18 pass-sample review: prompt is independently solvable and stored answer remains consistent with the audit answer.","Approve for V2 candidate release pool after aggregate QA gates pass.","grade-pass-sample-fill","pass","pass","none","approve"
"hjb-high-ds-v2-s4-412","S4","必修 第二册","平面向量","平面向量","multiple-choice","Challenge","二轮变式0412：选择：已知向量 u=(7,9)，v=(9,10)，求 u·v。","153","153","153","manual-review","manual-pass","manual-pass","manual-pass","pass","none","approve","","","Approved by S18 manual independent solve / pass-sample review; eligible for candidate release pool after aggregate gates pass.","reviewed","pass-sample","S18","","S18 pass-sample review: prompt is independently solvable and stored answer remains consistent with the audit answer.","Approve for V2 candidate release pool after aggregate QA gates pass.","grade-pass-sample-fill","pass","pass","none","approve"
"hjb-high-ds-v2-s4-415","S4","必修 第二册","平面向量","平面向量","fill-in","Challenge","二轮变式0415：填空：已知向量 u=(7,9)，v=(18,10)，求 u·v。","216","216","216","manual-review","manual-pass","manual-pass","not-applicable","pass","none","approve","","","Approved by S18 manual independent solve / pass-sample review; eligible for candidate release pool after aggregate gates pass.","reviewed","pass-sample","S18","","S18 pass-sample review: prompt is independently solvable and stored answer remains consistent with the audit answer.","Approve for V2 candidate release pool after aggregate QA gates pass.","grade-type-difficulty-pass-sample","pass","pass","none","approve"
"hjb-high-ds-v2-s4-416","S4","必修 第二册","平面向量","平面向量","multiple-choice","Foundation","二轮变式0416：选择：已知向量 u=(8,3)，v=(6,4)，求 u·v。","60","60","60","manual-review","manual-pass","manual-pass","manual-pass","pass","none","approve","","","Approved by S18 manual independent solve / pass-sample review; eligible for candidate release pool after aggregate gates pass.","reviewed","pass-sample","S18","","S18 pass-sample review: prompt is independently solvable and stored answer remains consistent with the audit answer.","Approve for V2 candidate release pool after aggregate QA gates pass.","grade-type-difficulty-pass-sample","pass","pass","none","approve"
"hjb-high-ds-v2-s4-445","S4","必修 第二册","复数","复数","fill-in","Core","二轮变式0445：填空：复数 z=(3+8i)+(19-8i)，求 z 的实部。","22","22","22","manual-review","manual-pass","manual-pass","not-applicable","pass","none","approve","","","Approved by S18 manual independent solve / pass-sample review; eligible for candidate release pool after aggregate gates pass.","reviewed","pass-sample","S18","","S18 pass-sample review: prompt is independently solvable and stored answer remains consistent with the audit answer.","Approve for V2 candidate release pool after aggregate QA gates pass.","grade-type-difficulty-pass-sample","pass","pass","none","approve"
"hjb-high-ds-v2-s4-497","S4","必修 第二册","复数","复数","multiple-choice","Core","二轮变式0497：选择：复数 z=(8+6i)+(18-6i)，求 z 的实部。","26","26","26","manual-review","manual-pass","manual-pass","manual-pass","pass","none","approve","","","Approved by S18 manual independent solve / pass-sample review; eligible for candidate release pool after aggregate gates pass.","reviewed","pass-sample","S18","","S18 pass-sample review: prompt is independently solvable and stored answer remains consistent with the audit answer.","Approve for V2 candidate release pool after aggregate QA gates pass.","grade-type-difficulty-pass-sample","pass","pass","none","approve"
"hjb-high-ds-v2-s5-004","S5","必修 第三册","空间直线与平面","空间直线与平面","multiple-choice","Exam","二轮变式0504：选择：长方体中同一顶点出发的两条互相垂直棱长分别为 8 和 4，这两条棱围成的矩形面积是多少？","32","32","32","manual-review","manual-pass","manual-pass","manual-pass","pass","none","approve","","","Approved by S18 manual independent solve / pass-sample review; eligible for candidate release pool after aggregate gates pass.","reviewed","pass-sample","S18","","S18 pass-sample review: prompt is independently solvable and stored answer remains consistent with the audit answer.","Approve for V2 candidate release pool after aggregate QA gates pass.","grade-pass-sample-fill","pass","pass","none","approve"
"hjb-high-ds-v2-s5-012","S5","必修 第三册","空间直线与平面","空间直线与平面","short-answer","Exam","二轮变式0512：解答：长方体中同一顶点出发的两条互相垂直棱长分别为 8 和 19，这两条棱围成的矩形面积是多少？","152","152","152","manual-review","manual-pass","manual-pass","not-applicable","pass","none","approve","","","Approved by S18 manual independent solve / pass-sample review; eligible for candidate release pool after aggregate gates pass.","reviewed","pass-sample","S18","","S18 pass-sample review: prompt is independently solvable and stored answer remains consistent with the audit answer.","Approve for V2 candidate release pool after aggregate QA gates pass.","grade-pass-sample-fill","pass","pass","none","approve"
"hjb-high-ds-v2-s5-016","S5","必修 第三册","空间直线与平面","空间直线与平面","multiple-choice","Exam","二轮变式0516：选择：长方体中同一顶点出发的两条互相垂直棱长分别为 7 和 7，这两条棱围成的矩形面积是多少？","49","49","49","manual-review","manual-pass","manual-pass","manual-pass","pass","none","approve","","","Approved by S18 manual independent solve / pass-sample review; eligible for candidate release pool after aggregate gates pass.","reviewed","pass-sample","S18","","S18 pass-sample review: prompt is independently solvable and stored answer remains consistent with the audit answer.","Approve for V2 candidate release pool after aggregate QA gates pass.","grade-pass-sample-fill","pass","pass","none","approve"
"hjb-high-ds-v2-s5-020","S5","必修 第三册","空间直线与平面","空间直线与平面","fill-in","Exam","二轮变式0520：填空：长方体中同一顶点出发的两条互相垂直棱长分别为 3 和 6，这两条棱围成的矩形面积是多少？","18","18","18","manual-review","manual-pass","manual-pass","not-applicable","pass","none","approve","","","Approved by S18 manual independent solve / pass-sample review; eligible for candidate release pool after aggregate gates pass.","reviewed","pass-sample","S18","","S18 pass-sample review: prompt is independently solvable and stored answer remains consistent with the audit answer.","Approve for V2 candidate release pool after aggregate QA gates pass.","grade-pass-sample-fill","pass","pass","none","approve"
"hjb-high-ds-v2-s5-028","S5","必修 第三册","空间直线与平面","空间直线与平面","multiple-choice","Exam","二轮变式0528：选择：长方体中同一顶点出发的两条互相垂直棱长分别为 7 和 4，这两条棱围成的矩形面积是多少？","28","28","28","manual-review","manual-pass","manual-pass","manual-pass","pass","none","approve","","","Approved by S18 manual independent solve / pass-sample review; eligible for candidate release pool after aggregate gates pass.","reviewed","pass-sample","S18","","S18 pass-sample review: prompt is independently solvable and stored answer remains consistent with the audit answer.","Approve for V2 candidate release pool after aggregate QA gates pass.","grade-pass-sample-fill","pass","pass","none","approve"
"hjb-high-ds-v2-s5-032","S5","必修 第三册","空间直线与平面","空间直线与平面","fill-in","Exam","二轮变式0532：填空：长方体中同一顶点出发的两条互相垂直棱长分别为 3 和 5，这两条棱围成的矩形面积是多少？","15","15","15","manual-review","manual-pass","manual-pass","not-applicable","pass","none","approve","","","Approved by S18 manual independent solve / pass-sample review; eligible for candidate release pool after aggregate gates pass.","reviewed","pass-sample","S18","","S18 pass-sample review: prompt is independently solvable and stored answer remains consistent with the audit answer.","Approve for V2 candidate release pool after aggregate QA gates pass.","grade-pass-sample-fill","pass","pass","none","approve"
"hjb-high-ds-v2-s5-033","S5","必修 第三册","空间直线与平面","空间直线与平面","short-answer","Core","二轮变式0533：解答：长方体中同一顶点出发的两条互相垂直棱长分别为 4 和 6，这两条棱围成的矩形面积是多少？","24","24","24","manual-review","manual-pass","manual-pass","not-applicable","pass","none","approve","","","Approved by S18 manual independent solve / pass-sample review; eligible for candidate release pool after aggregate gates pass.","reviewed","pass-sample","S18","","S18 pass-sample review: prompt is independently solvable and stored answer remains consistent with the audit answer.","Approve for V2 candidate release pool after aggregate QA gates pass.","grade-type-difficulty-pass-sample","pass","pass","none","approve"
"hjb-high-ds-v2-s5-036","S5","必修 第三册","空间直线与平面","空间直线与平面","short-answer","Exam","二轮变式0536：解答：长方体中同一顶点出发的两条互相垂直棱长分别为 7 和 6，这两条棱围成的矩形面积是多少？","42","42","42","manual-review","manual-pass","manual-pass","not-applicable","pass","none","approve","","","Approved by S18 manual independent solve / pass-sample review; eligible for candidate release pool after aggregate gates pass.","reviewed","pass-sample","S18","","S18 pass-sample review: prompt is independently solvable and stored answer remains consistent with the audit answer.","Approve for V2 candidate release pool after aggregate QA gates pass.","grade-type-difficulty-pass-sample","pass","pass","none","approve"
"hjb-high-ds-v2-s5-040","S5","必修 第三册","空间直线与平面","空间直线与平面","multiple-choice","Exam","二轮变式0540：选择：长方体中同一顶点出发的两条互相垂直棱长分别为 11 和 19，这两条棱围成的矩形面积是多少？","209","209","209","manual-review","manual-pass","manual-pass","manual-pass","pass","none","approve","","","Approved by S18 manual independent solve / pass-sample review; eligible for candidate release pool after aggregate gates pass.","reviewed","pass-sample","S18","","S18 pass-sample review: prompt is independently solvable and stored answer remains consistent with the audit answer.","Approve for V2 candidate release pool after aggregate QA gates pass.","grade-pass-sample-fill","pass","pass","none","approve"
"hjb-high-ds-v2-s5-042","S5","必修 第三册","空间直线与平面","空间直线与平面","short-answer","Challenge","二轮变式0542：解答：长方体中同一顶点出发的两条互相垂直棱长分别为 7 和 4，这两条棱围成的矩形面积是多少？","28","28","28","manual-review","manual-pass","manual-pass","not-applicable","pass","none","approve","","","Approved by S18 manual independent solve / pass-sample review; eligible for candidate release pool after aggregate gates pass.","reviewed","pass-sample","S18","","S18 pass-sample review: prompt is independently solvable and stored answer remains consistent with the audit answer.","Approve for V2 candidate release pool after aggregate QA gates pass.","grade-type-difficulty-pass-sample","pass","pass","none","approve"
"hjb-high-ds-v2-s5-048","S5","必修 第三册","空间直线与平面","空间直线与平面","short-answer","Exam","二轮变式0548：解答：长方体中同一顶点出发的两条互相垂直棱长分别为 8 和 10，这两条棱围成的矩形面积是多少？","80","80","80","manual-review","manual-pass","manual-pass","not-applicable","pass","none","approve","","","Approved by S18 manual independent solve / pass-sample review; eligible for candidate release pool after aggregate gates pass.","reviewed","pass-sample","S18","","S18 pass-sample review: prompt is independently solvable and stored answer remains consistent with the audit answer.","Approve for V2 candidate release pool after aggregate QA gates pass.","grade-pass-sample-fill","pass","pass","none","approve"
"hjb-high-ds-v2-s5-056","S5","必修 第三册","简单几何体","简单几何体","fill-in","Exam","二轮变式0556：填空：一个长方体的长、宽、高分别为 8、8、7，求体积。","448","448","448","manual-review","manual-pass","manual-pass","not-applicable","pass","none","approve","","","Approved by S18 manual independent solve / pass-sample review; eligible for candidate release pool after aggregate gates pass.","reviewed","pass-sample","S18","","S18 pass-sample review: prompt is independently solvable and stored answer remains consistent with the audit answer.","Approve for V2 candidate release pool after aggregate QA gates pass.","grade-pass-sample-fill","pass","pass","none","approve"
"hjb-high-ds-v2-s5-060","S5","必修 第三册","简单几何体","简单几何体","short-answer","Exam","二轮变式0560：解答：一个长方体的长、宽、高分别为 9、9、6，求体积。","486","486","486","manual-review","manual-pass","manual-pass","not-applicable","pass","none","approve","","","Approved by S18 manual independent solve / pass-sample review; eligible for candidate release pool after aggregate gates pass.","reviewed","pass-sample","S18","","S18 pass-sample review: prompt is independently solvable and stored answer remains consistent with the audit answer.","Approve for V2 candidate release pool after aggregate QA gates pass.","grade-pass-sample-fill","pass","pass","none","approve"
"hjb-high-ds-v2-s5-072","S5","必修 第三册","简单几何体","简单几何体","short-answer","Exam","二轮变式0572：解答：一个长方体的长、宽、高分别为 4、4、17，求体积。","272","272","272","manual-review","manual-pass","manual-pass","not-applicable","pass","none","approve","","","Approved by S18 manual independent solve / pass-sample review; eligible for candidate release pool after aggregate gates pass.","reviewed","pass-sample","S18","","S18 pass-sample review: prompt is independently solvable and stored answer remains consistent with the audit answer.","Approve for V2 candidate release pool after aggregate QA gates pass.","grade-pass-sample-fill","pass","pass","none","approve"
"hjb-high-ds-v2-s5-075","S5","必修 第三册","简单几何体","简单几何体","short-answer","Foundation","二轮变式0575：解答：一个长方体的长、宽、高分别为 2、2、16，求体积。","64","64","64","manual-review","manual-pass","manual-pass","not-applicable","pass","none","approve","","","Approved by S18 manual independent solve / pass-sample review; eligible for candidate release pool after aggregate gates pass.","reviewed","pass-sample","S18","","S18 pass-sample review: prompt is independently solvable and stored answer remains consistent with the audit answer.","Approve for V2 candidate release pool after aggregate QA gates pass.","grade-type-difficulty-pass-sample","pass","pass","none","approve"
"hjb-high-ds-v2-s5-080","S5","必修 第三册","简单几何体","简单几何体","fill-in","Exam","二轮变式0580：填空：一个长方体的长、宽、高分别为 11、11、16，求体积。","1936","1936","1936","manual-review","manual-pass","manual-pass","not-applicable","pass","none","approve","","","Approved by S18 manual independent solve / pass-sample review; eligible for candidate release pool after aggregate gates pass.","reviewed","pass-sample","S18","","S18 pass-sample review: prompt is independently solvable and stored answer remains consistent with the audit answer.","Approve for V2 candidate release pool after aggregate QA gates pass.","grade-pass-sample-fill","pass","pass","none","approve"
"hjb-high-ds-v2-s5-083","S5","必修 第三册","简单几何体","简单几何体","fill-in","Foundation","二轮变式0583：填空：一个长方体的长、宽、高分别为 11、11、16，求体积。","1936","1936","1936","manual-review","manual-pass","manual-pass","not-applicable","pass","none","approve","","","Approved by S18 manual independent solve / pass-sample review; eligible for candidate release pool after aggregate gates pass.","reviewed","pass-sample","S18","","S18 pass-sample review: prompt is independently solvable and stored answer remains consistent with the audit answer.","Approve for V2 candidate release pool after aggregate QA gates pass.","grade-chapter-pass-sample","pass","pass","none","approve"
"hjb-high-ds-v2-s5-084","S5","必修 第三册","简单几何体","简单几何体","short-answer","Exam","二轮变式0584：解答：一个长方体的长、宽、高分别为 10、10、20，求体积。","2000","2000","2000","manual-review","manual-pass","manual-pass","not-applicable","pass","none","approve","","","Approved by S18 manual independent solve / pass-sample review; eligible for candidate release pool after aggregate gates pass.","reviewed","pass-sample","S18","","S18 pass-sample review: prompt is independently solvable and stored answer remains consistent with the audit answer.","Approve for V2 candidate release pool after aggregate QA gates pass.","grade-pass-sample-fill","pass","pass","none","approve"
"hjb-high-ds-v2-s5-088","S5","必修 第三册","简单几何体","简单几何体","multiple-choice","Exam","二轮变式0588：选择：一个长方体的长、宽、高分别为 10、10、9，求体积。","900","900","900","manual-review","manual-pass","manual-pass","manual-pass","pass","none","approve","","","Approved by S18 manual independent solve / pass-sample review; eligible for candidate release pool after aggregate gates pass.","reviewed","pass-sample","S18","","S18 pass-sample review: prompt is independently solvable and stored answer remains consistent with the audit answer.","Approve for V2 candidate release pool after aggregate QA gates pass.","grade-pass-sample-fill","pass","pass","none","approve"
"hjb-high-ds-v2-s5-092","S5","必修 第三册","简单几何体","简单几何体","fill-in","Exam","二轮变式0592：填空：一个长方体的长、宽、高分别为 5、5、9，求体积。","225","225","225","manual-review","manual-pass","manual-pass","not-applicable","pass","none","approve","","","Approved by S18 manual independent solve / pass-sample review; eligible for candidate release pool after aggregate gates pass.","reviewed","pass-sample","S18","","S18 pass-sample review: prompt is independently solvable and stored answer remains consistent with the audit answer.","Approve for V2 candidate release pool after aggregate QA gates pass.","grade-pass-sample-fill","pass","pass","none","approve"
"hjb-high-ds-v2-s5-100","S5","必修 第三册","简单几何体","简单几何体","multiple-choice","Exam","二轮变式0600：选择：一个长方体的长、宽、高分别为 8、8、16，求体积。","1024","1024","1024","manual-review","manual-pass","manual-pass","manual-pass","pass","none","approve","","","Approved by S18 manual independent solve / pass-sample review; eligible for candidate release pool after aggregate gates pass.","reviewed","pass-sample","S18","","S18 pass-sample review: prompt is independently solvable and stored answer remains consistent with the audit answer.","Approve for V2 candidate release pool after aggregate QA gates pass.","grade-pass-sample-fill","pass","pass","none","approve"
"hjb-high-ds-v2-s5-104","S5","必修 第三册","简单几何体","简单几何体","fill-in","Exam","二轮变式0604：填空：一个长方体的长、宽、高分别为 11、11、19，求体积。","2299","2299","2299","manual-review","manual-pass","manual-pass","not-applicable","pass","none","approve","","","Approved by S18 manual independent solve / pass-sample review; eligible for candidate release pool after aggregate gates pass.","reviewed","pass-sample","S18","","S18 pass-sample review: prompt is independently solvable and stored answer remains consistent with the audit answer.","Approve for V2 candidate release pool after aggregate QA gates pass.","grade-pass-sample-fill","pass","pass","none","approve"
"hjb-high-ds-v2-s5-108","S5","必修 第三册","简单几何体","简单几何体","short-answer","Exam","二轮变式0608：解答：一个长方体的长、宽、高分别为 9、9、17，求体积。","1377","1377","1377","manual-review","manual-pass","manual-pass","not-applicable","pass","none","approve","","","Approved by S18 manual independent solve / pass-sample review; eligible for candidate release pool after aggregate gates pass.","reviewed","pass-sample","S18","","S18 pass-sample review: prompt is independently solvable and stored answer remains consistent with the audit answer.","Approve for V2 candidate release pool after aggregate QA gates pass.","grade-pass-sample-fill","pass","pass","none","approve"
"hjb-high-ds-v2-s5-112","S5","必修 第三册","概率初步","概率初步","multiple-choice","Exam","二轮变式0612：选择：袋中有 5 个红球和 15 个蓝球，随机取出 1 个，取到红球的概率是多少？","5/20","5/20","5/20","manual-review","manual-pass","manual-pass","manual-pass","pass","none","approve","","","Approved by S18 manual independent solve / pass-sample review; eligible for candidate release pool after aggregate gates pass.","reviewed","pass-sample","S18","","S18 pass-sample review: prompt is independently solvable and stored answer remains consistent with the audit answer.","Approve for V2 candidate release pool after aggregate QA gates pass.","grade-pass-sample-fill","pass","pass","none","approve"
"hjb-high-ds-v2-s5-116","S5","必修 第三册","概率初步","概率初步","fill-in","Exam","二轮变式0616：填空：袋中有 8 个红球和 16 个蓝球，随机取出 1 个，取到红球的概率是多少？","8/24","8/24","8/24","manual-review","manual-pass","manual-pass","not-applicable","pass","none","approve","","","Approved by S18 manual independent solve / pass-sample review; eligible for candidate release pool after aggregate gates pass.","reviewed","pass-sample","S18","","S18 pass-sample review: prompt is independently solvable and stored answer remains consistent with the audit answer.","Approve for V2 candidate release pool after aggregate QA gates pass.","grade-pass-sample-fill","pass","pass","none","approve"
"hjb-high-ds-v2-s5-124","S5","必修 第三册","概率初步","概率初步","multiple-choice","Exam","二轮变式0624：选择：袋中有 5 个红球和 11 个蓝球，随机取出 1 个，取到红球的概率是多少？","5/16","5/16","5/16","manual-review","manual-pass","manual-pass","manual-pass","pass","none","approve","","","Approved by S18 manual independent solve / pass-sample review; eligible for candidate release pool after aggregate gates pass.","reviewed","pass-sample","S18","","S18 pass-sample review: prompt is independently solvable and stored answer remains consistent with the audit answer.","Approve for V2 candidate release pool after aggregate QA gates pass.","grade-pass-sample-fill","pass","pass","none","approve"
"hjb-high-ds-v2-s5-132","S5","必修 第三册","概率初步","概率初步","short-answer","Exam","二轮变式0632：解答：袋中有 5 个红球和 15 个蓝球，随机取出 1 个，取到红球的概率是多少？","5/20","5/20","5/20","manual-review","manual-pass","manual-pass","not-applicable","pass","none","approve","","","Approved by S18 manual independent solve / pass-sample review; eligible for candidate release pool after aggregate gates pass.","reviewed","pass-sample","S18","","S18 pass-sample review: prompt is independently solvable and stored answer remains consistent with the audit answer.","Approve for V2 candidate release pool after aggregate QA gates pass.","grade-pass-sample-fill","pass","pass","none","approve"
"hjb-high-ds-v2-s5-136","S5","必修 第三册","概率初步","概率初步","multiple-choice","Exam","二轮变式0636：选择：袋中有 9 个红球和 17 个蓝球，随机取出 1 个，取到红球的概率是多少？","9/26","9/26","9/26","manual-review","manual-pass","manual-pass","manual-pass","pass","none","approve","","","Approved by S18 manual independent solve / pass-sample review; eligible for candidate release pool after aggregate gates pass.","reviewed","pass-sample","S18","","S18 pass-sample review: prompt is independently solvable and stored answer remains consistent with the audit answer.","Approve for V2 candidate release pool after aggregate QA gates pass.","grade-pass-sample-fill","pass","pass","none","approve"
"hjb-high-ds-v2-s5-140","S5","必修 第三册","概率初步","概率初步","fill-in","Exam","二轮变式0640：填空：袋中有 2 个红球和 15 个蓝球，随机取出 1 个，取到红球的概率是多少？","2/17","2/17","2/17","manual-review","manual-pass","manual-pass","not-applicable","pass","none","approve","","","Approved by S18 manual independent solve / pass-sample review; eligible for candidate release pool after aggregate gates pass.","reviewed","pass-sample","S18","","S18 pass-sample review: prompt is independently solvable and stored answer remains consistent with the audit answer.","Approve for V2 candidate release pool after aggregate QA gates pass.","grade-pass-sample-fill","pass","pass","none","approve"
"hjb-high-ds-v2-s5-144","S5","必修 第三册","概率初步","概率初步","short-answer","Exam","二轮变式0644：解答：袋中有 4 个红球和 19 个蓝球，随机取出 1 个，取到红球的概率是多少？","4/23","4/23","4/23","manual-review","manual-pass","manual-pass","not-applicable","pass","none","approve","","","Approved by S18 manual independent solve / pass-sample review; eligible for candidate release pool after aggregate gates pass.","reviewed","pass-sample","S18","","S18 pass-sample review: prompt is independently solvable and stored answer remains consistent with the audit answer.","Approve for V2 candidate release pool after aggregate QA gates pass.","grade-pass-sample-fill","pass","pass","none","approve"
"hjb-high-ds-v2-s5-146","S5","必修 第三册","概率初步","概率初步","fill-in","Challenge","二轮变式0646：填空：袋中有 7 个红球和 13 个蓝球，随机取出 1 个，取到红球的概率是多少？","7/20","7/20","7/20","manual-review","manual-pass","manual-pass","not-applicable","pass","none","approve","","","Approved by S18 manual independent solve / pass-sample review; eligible for candidate release pool after aggregate gates pass.","reviewed","pass-sample","S18","","S18 pass-sample review: prompt is independently solvable and stored answer remains consistent with the audit answer.","Approve for V2 candidate release pool after aggregate QA gates pass.","grade-type-difficulty-pass-sample","pass","pass","none","approve"
"hjb-high-ds-v2-s5-148","S5","必修 第三册","概率初步","概率初步","multiple-choice","Exam","二轮变式0648：选择：袋中有 3 个红球和 10 个蓝球，随机取出 1 个，取到红球的概率是多少？","3/13","3/13","3/13","manual-review","manual-pass","manual-pass","manual-pass","pass","none","approve","","","Approved by S18 manual independent solve / pass-sample review; eligible for candidate release pool after aggregate gates pass.","reviewed","pass-sample","S18","","S18 pass-sample review: prompt is independently solvable and stored answer remains consistent with the audit answer.","Approve for V2 candidate release pool after aggregate QA gates pass.","grade-pass-sample-fill","pass","pass","none","approve"
"hjb-high-ds-v2-s5-152","S5","必修 第三册","概率初步","概率初步","fill-in","Exam","二轮变式0652：填空：袋中有 2 个红球和 7 个蓝球，随机取出 1 个，取到红球的概率是多少？","2/9","2/9","2/9","manual-review","manual-pass","manual-pass","not-applicable","pass","none","approve","","","Approved by S18 manual independent solve / pass-sample review; eligible for candidate release pool after aggregate gates pass.","reviewed","pass-sample","S18","","S18 pass-sample review: prompt is independently solvable and stored answer remains consistent with the audit answer.","Approve for V2 candidate release pool after aggregate QA gates pass.","grade-pass-sample-fill","pass","pass","none","approve"
"hjb-high-ds-v2-s5-160","S5","必修 第三册","概率初步","概率初步","multiple-choice","Exam","二轮变式0660：选择：袋中有 10 个红球和 14 个蓝球，随机取出 1 个，取到红球的概率是多少？","10/24","10/24","10/24","manual-review","manual-pass","manual-pass","manual-pass","pass","none","approve","","","Approved by S18 manual independent solve / pass-sample review; eligible for candidate release pool after aggregate gates pass.","reviewed","pass-sample","S18","","S18 pass-sample review: prompt is independently solvable and stored answer remains consistent with the audit answer.","Approve for V2 candidate release pool after aggregate QA gates pass.","grade-type-difficulty-pass-sample","pass","pass","none","approve"
"hjb-high-ds-v2-s5-164","S5","必修 第三册","概率初步","概率初步","fill-in","Exam","二轮变式0664：填空：袋中有 11 个红球和 6 个蓝球，随机取出 1 个，取到红球的概率是多少？","11/17","11/17","11/17","manual-review","manual-pass","manual-pass","not-applicable","pass","none","approve","","","Approved by S18 manual independent solve / pass-sample review; eligible for candidate release pool after aggregate gates pass.","reviewed","pass-sample","S18","","S18 pass-sample review: prompt is independently solvable and stored answer remains consistent with the audit answer.","Approve for V2 candidate release pool after aggregate QA gates pass.","grade-pass-sample-fill","pass","pass","none","approve"
"hjb-high-ds-v2-s5-168","S5","必修 第三册","统计","统计","short-answer","Exam","二轮变式0668：解答：一组数据为 4，9，14，求这组数据的平均数。","9","9","9","manual-review","manual-pass","manual-pass","not-applicable","pass","none","approve","","","Approved by S18 manual independent solve / pass-sample review; eligible for candidate release pool after aggregate gates pass.","reviewed","pass-sample","S18","","S18 pass-sample review: prompt is independently solvable and stored answer remains consistent with the audit answer.","Approve for V2 candidate release pool after aggregate QA gates pass.","grade-pass-sample-fill","pass","pass","none","approve"
"hjb-high-ds-v2-s5-172","S5","必修 第三册","统计","统计","multiple-choice","Exam","二轮变式0672：选择：一组数据为 9，22，35，求这组数据的平均数。","22","22","22","manual-review","manual-pass","manual-pass","manual-pass","pass","none","approve","","","Approved by S18 manual independent solve / pass-sample review; eligible for candidate release pool after aggregate gates pass.","reviewed","pass-sample","S18","","S18 pass-sample review: prompt is independently solvable and stored answer remains consistent with the audit answer.","Approve for V2 candidate release pool after aggregate QA gates pass.","grade-pass-sample-fill","pass","pass","none","approve"
"hjb-high-ds-v2-s5-176","S5","必修 第三册","统计","统计","fill-in","Exam","二轮变式0676：填空：一组数据为 6，17，28，求这组数据的平均数。","17","17","17","manual-review","manual-pass","manual-pass","not-applicable","pass","none","approve","","","Approved by S18 manual independent solve / pass-sample review; eligible for candidate release pool after aggregate gates pass.","reviewed","pass-sample","S18","","S18 pass-sample review: prompt is independently solvable and stored answer remains consistent with the audit answer.","Approve for V2 candidate release pool after aggregate QA gates pass.","grade-type-difficulty-pass-sample","pass","pass","none","approve"
"hjb-high-ds-v2-s5-180","S5","必修 第三册","统计","统计","short-answer","Exam","二轮变式0680：解答：一组数据为 8，17，26，求这组数据的平均数。","17","17","17","manual-review","manual-pass","manual-pass","not-applicable","pass","none","approve","","","Approved by S18 manual independent solve / pass-sample review; eligible for candidate release pool after aggregate gates pass.","reviewed","pass-sample","S18","","S18 pass-sample review: prompt is independently solvable and stored answer remains consistent with the audit answer.","Approve for V2 candidate release pool after aggregate QA gates pass.","grade-pass-sample-fill","pass","pass","none","approve"
"hjb-high-ds-v2-s5-184","S5","必修 第三册","统计","统计","multiple-choice","Exam","二轮变式0684：选择：一组数据为 11，13，15，求这组数据的平均数。","13","13","13","manual-review","manual-pass","manual-pass","manual-pass","pass","none","approve","","","Approved by S18 manual independent solve / pass-sample review; eligible for candidate release pool after aggregate gates pass.","reviewed","pass-sample","S18","","S18 pass-sample review: prompt is independently solvable and stored answer remains consistent with the audit answer.","Approve for V2 candidate release pool after aggregate QA gates pass.","grade-pass-sample-fill","pass","pass","none","approve"
"hjb-high-ds-v2-s5-187","S5","必修 第三册","统计","统计","multiple-choice","Foundation","二轮变式0687：选择：一组数据为 9，18，27，求这组数据的平均数。","18","18","18","manual-review","manual-pass","manual-pass","manual-pass","pass","none","approve","","","Approved by S18 manual independent solve / pass-sample review; eligible for candidate release pool after aggregate gates pass.","reviewed","pass-sample","S18","","S18 pass-sample review: prompt is independently solvable and stored answer remains consistent with the audit answer.","Approve for V2 candidate release pool after aggregate QA gates pass.","grade-type-difficulty-pass-sample","pass","pass","none","approve"
"hjb-high-ds-v2-s5-192","S5","必修 第三册","统计","统计","short-answer","Exam","二轮变式0692：解答：一组数据为 11，15，19，求这组数据的平均数。","15","15","15","manual-review","manual-pass","manual-pass","not-applicable","pass","none","approve","","","Approved by S18 manual independent solve / pass-sample review; eligible for candidate release pool after aggregate gates pass.","reviewed","pass-sample","S18","","S18 pass-sample review: prompt is independently solvable and stored answer remains consistent with the audit answer.","Approve for V2 candidate release pool after aggregate QA gates pass.","grade-pass-sample-fill","pass","pass","none","approve"
"hjb-high-ds-v2-s5-196","S5","必修 第三册","统计","统计","multiple-choice","Exam","二轮变式0696：选择：一组数据为 6，8，10，求这组数据的平均数。","8","8","8","manual-review","manual-pass","manual-pass","manual-pass","pass","none","approve","","","Approved by S18 manual independent solve / pass-sample review; eligible for candidate release pool after aggregate gates pass.","reviewed","pass-sample","S18","","S18 pass-sample review: prompt is independently solvable and stored answer remains consistent with the audit answer.","Approve for V2 candidate release pool after aggregate QA gates pass.","grade-pass-sample-fill","pass","pass","none","approve"
"hjb-high-ds-v2-s5-200","S5","必修 第三册","统计","统计","fill-in","Exam","二轮变式0700：填空：一组数据为 11，12，13，求这组数据的平均数。","12","12","12","manual-review","manual-pass","manual-pass","not-applicable","pass","none","approve","","","Approved by S18 manual independent solve / pass-sample review; eligible for candidate release pool after aggregate gates pass.","reviewed","pass-sample","S18","","S18 pass-sample review: prompt is independently solvable and stored answer remains consistent with the audit answer.","Approve for V2 candidate release pool after aggregate QA gates pass.","grade-pass-sample-fill","pass","pass","none","approve"
"hjb-high-ds-v2-s5-259","S5","选择性必修 第一册","平面直角坐标系中的直线","平面直角坐标系中的直线","multiple-choice","Challenge","二轮变式0759：选择：直线经过点 (12,10) 和 (13,15)，求斜率。","5","5","5","manual-review","manual-pass","manual-pass","manual-pass","pass","none","approve","","","Approved by S18 manual independent solve / pass-sample review; eligible for candidate release pool after aggregate gates pass.","reviewed","pass-sample","S18","","S18 pass-sample review: prompt is independently solvable and stored answer remains consistent with the audit answer.","Approve for V2 candidate release pool after aggregate QA gates pass.","grade-type-difficulty-pass-sample","pass","pass","none","approve"
"hjb-high-ds-v2-s5-261","S5","选择性必修 第一册","平面直角坐标系中的直线","平面直角坐标系中的直线","short-answer","Core","二轮变式0761：解答：直线经过点 (11,4) 和 (12,23)，求斜率。","19","19","19","manual-review","manual-pass","manual-pass","not-applicable","pass","none","approve","","","Approved by S18 manual independent solve / pass-sample review; eligible for candidate release pool after aggregate gates pass.","reviewed","pass-sample","S18","","S18 pass-sample review: prompt is independently solvable and stored answer remains consistent with the audit answer.","Approve for V2 candidate release pool after aggregate QA gates pass.","grade-chapter-pass-sample","pass","pass","none","approve"
"hjb-high-ds-v2-s5-332","S5","选择性必修 第一册","圆锥曲线","圆锥曲线","fill-in","Foundation","二轮变式0832：填空：椭圆 x²/729+y²/289=1 中，求 c²=a²-b² 的值。","440","440","440","manual-review","manual-pass","manual-pass","not-applicable","pass","none","approve","","","Approved by S18 manual independent solve / pass-sample review; eligible for candidate release pool after aggregate gates pass.","reviewed","pass-sample","S18","","S18 pass-sample review: prompt is independently solvable and stored answer remains consistent with the audit answer.","Approve for V2 candidate release pool after aggregate QA gates pass.","grade-type-difficulty-pass-sample","pass","pass","none","approve"
"hjb-high-ds-v2-s5-419","S5","选择性必修 第一册","空间向量及其应用","空间向量及其应用","fill-in","Foundation","二轮变式0919：填空：空间向量 p=(4,15,4)，求 |p|²。","257","257","257","manual-review","manual-pass","manual-pass","not-applicable","pass","none","approve","","","Approved by S18 manual independent solve / pass-sample review; eligible for candidate release pool after aggregate gates pass.","reviewed","pass-sample","S18","","S18 pass-sample review: prompt is independently solvable and stored answer remains consistent with the audit answer.","Approve for V2 candidate release pool after aggregate QA gates pass.","grade-chapter-pass-sample","pass","pass","none","approve"
"hjb-high-ds-v2-s5-461","S5","选择性必修 第一册","数列","数列","fill-in","Core","二轮变式0961：填空：等差数列首项为 6，公差为 13，求第 4 项。","45","45","45","manual-review","manual-pass","manual-pass","not-applicable","pass","none","approve","","","Approved by S18 manual independent solve / pass-sample review; eligible for candidate release pool after aggregate gates pass.","reviewed","pass-sample","S18","","S18 pass-sample review: prompt is independently solvable and stored answer remains consistent with the audit answer.","Approve for V2 candidate release pool after aggregate QA gates pass.","grade-type-difficulty-pass-sample","pass","pass","none","approve"
"hjb-high-ds-v2-s5-488","S5","选择性必修 第一册","数列","数列","multiple-choice","Core","二轮变式0988：选择：等差数列首项为 11，公差为 12，求第 11 项。","131","131","131","manual-review","manual-pass","manual-pass","manual-pass","pass","none","approve","","","Approved by S18 manual independent solve / pass-sample review; eligible for candidate release pool after aggregate gates pass.","reviewed","pass-sample","S18","","S18 pass-sample review: prompt is independently solvable and stored answer remains consistent with the audit answer.","Approve for V2 candidate release pool after aggregate QA gates pass.","grade-type-difficulty-pass-sample","pass","pass","none","approve"
"hjb-high-ds-v2-s6-002","S6","选择性必修 第二册","导数及其运用","导数及其运用","fill-in","Challenge","二轮变式1002：填空：函数 f(x)=5x²+7，求 f'(15)。","150","150","150","manual-review","manual-pass","manual-pass","not-applicable","pass","none","approve","","","Approved by S18 manual independent solve / pass-sample review; eligible for candidate release pool after aggregate gates pass.","reviewed","pass-sample","S18","","S18 pass-sample review: prompt is independently solvable and stored answer remains consistent with the audit answer.","Approve for V2 candidate release pool after aggregate QA gates pass.","grade-chapter-pass-sample","pass","pass","none","approve"
"hjb-high-ds-v2-s6-004","S6","选择性必修 第二册","导数及其运用","导数及其运用","multiple-choice","Exam","二轮变式1004：选择：函数 f(x)=6x²+12，求 f'(6)。","72","72","72","manual-review","manual-pass","manual-pass","manual-pass","pass","none","approve","","","Approved by S18 manual independent solve / pass-sample review; eligible for candidate release pool after aggregate gates pass.","reviewed","pass-sample","S18","","S18 pass-sample review: prompt is independently solvable and stored answer remains consistent with the audit answer.","Approve for V2 candidate release pool after aggregate QA gates pass.","grade-pass-sample-fill","pass","pass","none","approve"
"hjb-high-ds-v2-s6-012","S6","选择性必修 第二册","导数及其运用","导数及其运用","short-answer","Exam","二轮变式1012：解答：函数 f(x)=4x²+4，求 f'(9)。","72","72","72","manual-review","manual-pass","manual-pass","not-applicable","pass","none","approve","","","Approved by S18 manual independent solve / pass-sample review; eligible for candidate release pool after aggregate gates pass.","reviewed","pass-sample","S18","","S18 pass-sample review: prompt is independently solvable and stored answer remains consistent with the audit answer.","Approve for V2 candidate release pool after aggregate QA gates pass.","grade-pass-sample-fill","pass","pass","none","approve"
"hjb-high-ds-v2-s6-020","S6","选择性必修 第二册","导数及其运用","导数及其运用","fill-in","Exam","二轮变式1020：填空：函数 f(x)=2x²+10，求 f'(10)。","40","40","40","manual-review","manual-pass","manual-pass","not-applicable","pass","none","approve","","","Approved by S18 manual independent solve / pass-sample review; eligible for candidate release pool after aggregate gates pass.","reviewed","pass-sample","S18","","S18 pass-sample review: prompt is independently solvable and stored answer remains consistent with the audit answer.","Approve for V2 candidate release pool after aggregate QA gates pass.","grade-pass-sample-fill","pass","pass","none","approve"
"hjb-high-ds-v2-s6-028","S6","选择性必修 第二册","导数及其运用","导数及其运用","multiple-choice","Exam","二轮变式1028：选择：函数 f(x)=9x²+2，求 f'(7)。","126","126","126","manual-review","manual-pass","manual-pass","manual-pass","pass","none","approve","","","Approved by S18 manual independent solve / pass-sample review; eligible for candidate release pool after aggregate gates pass.","reviewed","pass-sample","S18","","S18 pass-sample review: prompt is independently solvable and stored answer remains consistent with the audit answer.","Approve for V2 candidate release pool after aggregate QA gates pass.","grade-pass-sample-fill","pass","pass","none","approve"
"hjb-high-ds-v2-s6-032","S6","选择性必修 第二册","导数及其运用","导数及其运用","fill-in","Exam","二轮变式1032：填空：函数 f(x)=6x²+1，求 f'(18)。","216","216","216","manual-review","manual-pass","manual-pass","not-applicable","pass","none","approve","","","Approved by S18 manual independent solve / pass-sample review; eligible for candidate release pool after aggregate gates pass.","reviewed","pass-sample","S18","","S18 pass-sample review: prompt is independently solvable and stored answer remains consistent with the audit answer.","Approve for V2 candidate release pool after aggregate QA gates pass.","grade-pass-sample-fill","pass","pass","none","approve"
"hjb-high-ds-v2-s6-036","S6","选择性必修 第二册","导数及其运用","导数及其运用","short-answer","Exam","二轮变式1036：解答：函数 f(x)=7x²+1，求 f'(12)。","168","168","168","manual-review","manual-pass","manual-pass","not-applicable","pass","none","approve","","","Approved by S18 manual independent solve / pass-sample review; eligible for candidate release pool after aggregate gates pass.","reviewed","pass-sample","S18","","S18 pass-sample review: prompt is independently solvable and stored answer remains consistent with the audit answer.","Approve for V2 candidate release pool after aggregate QA gates pass.","grade-pass-sample-fill","pass","pass","none","approve"
"hjb-high-ds-v2-s6-048","S6","选择性必修 第二册","导数及其运用","导数及其运用","short-answer","Exam","二轮变式1048：解答：函数 f(x)=8x²+6，求 f'(18)。","288","288","288","manual-review","manual-pass","manual-pass","not-applicable","pass","none","approve","","","Approved by S18 manual independent solve / pass-sample review; eligible for candidate release pool after aggregate gates pass.","reviewed","pass-sample","S18","","S18 pass-sample review: prompt is independently solvable and stored answer remains consistent with the audit answer.","Approve for V2 candidate release pool after aggregate QA gates pass.","grade-pass-sample-fill","pass","pass","none","approve"
"hjb-high-ds-v2-s6-052","S6","选择性必修 第二册","导数及其运用","导数及其运用","multiple-choice","Exam","二轮变式1052：选择：函数 f(x)=9x²+11，求 f'(7)。","126","126","126","manual-review","manual-pass","manual-pass","manual-pass","pass","none","approve","","","Approved by S18 manual independent solve / pass-sample review; eligible for candidate release pool after aggregate gates pass.","reviewed","pass-sample","S18","","S18 pass-sample review: prompt is independently solvable and stored answer remains consistent with the audit answer.","Approve for V2 candidate release pool after aggregate QA gates pass.","grade-pass-sample-fill","pass","pass","none","approve"
"hjb-high-ds-v2-s6-056","S6","选择性必修 第二册","导数及其运用","导数及其运用","fill-in","Exam","二轮变式1056：填空：函数 f(x)=5x²+11，求 f'(18)。","180","180","180","manual-review","manual-pass","manual-pass","not-applicable","pass","none","approve","","","Approved by S18 manual independent solve / pass-sample review; eligible for candidate release pool after aggregate gates pass.","reviewed","pass-sample","S18","","S18 pass-sample review: prompt is independently solvable and stored answer remains consistent with the audit answer.","Approve for V2 candidate release pool after aggregate QA gates pass.","grade-pass-sample-fill","pass","pass","none","approve"
"hjb-high-ds-v2-s6-060","S6","选择性必修 第二册","导数及其运用","导数及其运用","short-answer","Exam","二轮变式1060：解答：函数 f(x)=11x²+9，求 f'(4)。","88","88","88","manual-review","manual-pass","manual-pass","not-applicable","pass","none","approve","","","Approved by S18 manual independent solve / pass-sample review; eligible for candidate release pool after aggregate gates pass.","reviewed","pass-sample","S18","","S18 pass-sample review: prompt is independently solvable and stored answer remains consistent with the audit answer.","Approve for V2 candidate release pool after aggregate QA gates pass.","grade-type-difficulty-pass-sample","pass","pass","none","approve"
"hjb-high-ds-v2-s6-064","S6","选择性必修 第二册","导数及其运用","导数及其运用","multiple-choice","Exam","二轮变式1064：选择：函数 f(x)=12x²+6，求 f'(6)。","144","144","144","manual-review","manual-pass","manual-pass","manual-pass","pass","none","approve","","","Approved by S18 manual independent solve / pass-sample review; eligible for candidate release pool after aggregate gates pass.","reviewed","pass-sample","S18","","S18 pass-sample review: prompt is independently solvable and stored answer remains consistent with the audit answer.","Approve for V2 candidate release pool after aggregate QA gates pass.","grade-pass-sample-fill","pass","pass","none","approve"
"hjb-high-ds-v2-s6-068","S6","选择性必修 第二册","导数及其运用","导数及其运用","fill-in","Exam","二轮变式1068：填空：函数 f(x)=8x²+12，求 f'(11)。","176","176","176","manual-review","manual-pass","manual-pass","not-applicable","pass","none","approve","","","Approved by S18 manual independent solve / pass-sample review; eligible for candidate release pool after aggregate gates pass.","reviewed","pass-sample","S18","","S18 pass-sample review: prompt is independently solvable and stored answer remains consistent with the audit answer.","Approve for V2 candidate release pool after aggregate QA gates pass.","grade-pass-sample-fill","pass","pass","none","approve"
"hjb-high-ds-v2-s6-075","S6","选择性必修 第二册","导数及其运用","导数及其运用","short-answer","Foundation","二轮变式1075：解答：函数 f(x)=5x²+11，求 f'(13)。","130","130","130","manual-review","manual-pass","manual-pass","not-applicable","pass","none","approve","","","Approved by S18 manual independent solve / pass-sample review; eligible for candidate release pool after aggregate gates pass.","reviewed","pass-sample","S18","","S18 pass-sample review: prompt is independently solvable and stored answer remains consistent with the audit answer.","Approve for V2 candidate release pool after aggregate QA gates pass.","grade-type-difficulty-pass-sample","pass","pass","none","approve"
"hjb-high-ds-v2-s6-076","S6","选择性必修 第二册","计数原理","计数原理","multiple-choice","Exam","二轮变式1076：选择：从 13 个不同元素中选 2 个组成一个无序组合，共有多少种选法？","78","78","78","manual-review","manual-pass","manual-pass","manual-pass","pass","none","approve","","","Approved by S18 manual independent solve / pass-sample review; eligible for candidate release pool after aggregate gates pass.","reviewed","pass-sample","S18","","S18 pass-sample review: prompt is independently solvable and stored answer remains consistent with the audit answer.","Approve for V2 candidate release pool after aggregate QA gates pass.","grade-pass-sample-fill","pass","pass","none","approve"
"hjb-high-ds-v2-s6-084","S6","选择性必修 第二册","计数原理","计数原理","short-answer","Exam","二轮变式1084：解答：从 8 个不同元素中选 2 个组成一个无序组合，共有多少种选法？","28","28","28","manual-review","manual-pass","manual-pass","not-applicable","pass","none","approve","","","Approved by S18 manual independent solve / pass-sample review; eligible for candidate release pool after aggregate gates pass.","reviewed","pass-sample","S18","","S18 pass-sample review: prompt is independently solvable and stored answer remains consistent with the audit answer.","Approve for V2 candidate release pool after aggregate QA gates pass.","grade-pass-sample-fill","pass","pass","none","approve"
"hjb-high-ds-v2-s6-088","S6","选择性必修 第二册","计数原理","计数原理","multiple-choice","Exam","二轮变式1088：选择：从 3 个不同元素中选 2 个组成一个无序组合，共有多少种选法？","3","3","3","manual-review","manual-pass","manual-pass","manual-pass","pass","none","approve","","","Approved by S18 manual independent solve / pass-sample review; eligible for candidate release pool after aggregate gates pass.","reviewed","pass-sample","S18","","S18 pass-sample review: prompt is independently solvable and stored answer remains consistent with the audit answer.","Approve for V2 candidate release pool after aggregate QA gates pass.","grade-type-difficulty-pass-sample","pass","pass","none","approve"
"hjb-high-ds-v2-s6-092","S6","选择性必修 第二册","计数原理","计数原理","fill-in","Exam","二轮变式1092：填空：从 11 个不同元素中选 2 个组成一个无序组合，共有多少种选法？","55","55","55","manual-review","manual-pass","manual-pass","not-applicable","pass","none","approve","","","Approved by S18 manual independent solve / pass-sample review; eligible for candidate release pool after aggregate gates pass.","reviewed","pass-sample","S18","","S18 pass-sample review: prompt is independently solvable and stored answer remains consistent with the audit answer.","Approve for V2 candidate release pool after aggregate QA gates pass.","grade-pass-sample-fill","pass","pass","none","approve"
"hjb-high-ds-v2-s6-095","S6","选择性必修 第二册","计数原理","计数原理","fill-in","Foundation","二轮变式1095：填空：从 8 个不同元素中选 2 个组成一个无序组合，共有多少种选法？","28","28","28","manual-review","manual-pass","manual-pass","not-applicable","pass","none","approve","","","Approved by S18 manual independent solve / pass-sample review; eligible for candidate release pool after aggregate gates pass.","reviewed","pass-sample","S18","","S18 pass-sample review: prompt is independently solvable and stored answer remains consistent with the audit answer.","Approve for V2 candidate release pool after aggregate QA gates pass.","grade-type-difficulty-pass-sample","pass","pass","none","approve"
"hjb-high-ds-v2-s6-096","S6","选择性必修 第二册","计数原理","计数原理","short-answer","Exam","二轮变式1096：解答：从 12 个不同元素中选 2 个组成一个无序组合，共有多少种选法？","66","66","66","manual-review","manual-pass","manual-pass","not-applicable","pass","none","approve","","","Approved by S18 manual independent solve / pass-sample review; eligible for candidate release pool after aggregate gates pass.","reviewed","pass-sample","S18","","S18 pass-sample review: prompt is independently solvable and stored answer remains consistent with the audit answer.","Approve for V2 candidate release pool after aggregate QA gates pass.","grade-pass-sample-fill","pass","pass","none","approve"
"hjb-high-ds-v2-s6-100","S6","选择性必修 第二册","计数原理","计数原理","multiple-choice","Exam","二轮变式1100：选择：从 13 个不同元素中选 2 个组成一个无序组合，共有多少种选法？","78","78","78","manual-review","manual-pass","manual-pass","manual-pass","pass","none","approve","","","Approved by S18 manual independent solve / pass-sample review; eligible for candidate release pool after aggregate gates pass.","reviewed","pass-sample","S18","","S18 pass-sample review: prompt is independently solvable and stored answer remains consistent with the audit answer.","Approve for V2 candidate release pool after aggregate QA gates pass.","grade-pass-sample-fill","pass","pass","none","approve"
"hjb-high-ds-v2-s6-104","S6","选择性必修 第二册","计数原理","计数原理","fill-in","Exam","二轮变式1104：填空：从 7 个不同元素中选 2 个组成一个无序组合，共有多少种选法？","21","21","21","manual-review","manual-pass","manual-pass","not-applicable","pass","none","approve","","","Approved by S18 manual independent solve / pass-sample review; eligible for candidate release pool after aggregate gates pass.","reviewed","pass-sample","S18","","S18 pass-sample review: prompt is independently solvable and stored answer remains consistent with the audit answer.","Approve for V2 candidate release pool after aggregate QA gates pass.","grade-pass-sample-fill","pass","pass","none","approve"
"hjb-high-ds-v2-s6-108","S6","选择性必修 第二册","计数原理","计数原理","short-answer","Exam","二轮变式1108：解答：从 12 个不同元素中选 2 个组成一个无序组合，共有多少种选法？","66","66","66","manual-review","manual-pass","manual-pass","not-applicable","pass","none","approve","","","Approved by S18 manual independent solve / pass-sample review; eligible for candidate release pool after aggregate gates pass.","reviewed","pass-sample","S18","","S18 pass-sample review: prompt is independently solvable and stored answer remains consistent with the audit answer.","Approve for V2 candidate release pool after aggregate QA gates pass.","grade-pass-sample-fill","pass","pass","none","approve"
"hjb-high-ds-v2-s6-112","S6","选择性必修 第二册","计数原理","计数原理","multiple-choice","Exam","二轮变式1112：选择：从 3 个不同元素中选 2 个组成一个无序组合，共有多少种选法？","3","3","3","manual-review","manual-pass","manual-pass","manual-pass","pass","none","approve","","","Approved by S18 manual independent solve / pass-sample review; eligible for candidate release pool after aggregate gates pass.","reviewed","pass-sample","S18","","S18 pass-sample review: prompt is independently solvable and stored answer remains consistent with the audit answer.","Approve for V2 candidate release pool after aggregate QA gates pass.","grade-pass-sample-fill","pass","pass","none","approve"
"hjb-high-ds-v2-s6-116","S6","选择性必修 第二册","计数原理","计数原理","fill-in","Exam","二轮变式1116：填空：从 12 个不同元素中选 2 个组成一个无序组合，共有多少种选法？","66","66","66","manual-review","manual-pass","manual-pass","not-applicable","pass","none","approve","","","Approved by S18 manual independent solve / pass-sample review; eligible for candidate release pool after aggregate gates pass.","reviewed","pass-sample","S18","","S18 pass-sample review: prompt is independently solvable and stored answer remains consistent with the audit answer.","Approve for V2 candidate release pool after aggregate QA gates pass.","grade-type-difficulty-pass-sample","pass","pass","none","approve"
"hjb-high-ds-v2-s6-124","S6","选择性必修 第二册","计数原理","计数原理","multiple-choice","Exam","二轮变式1124：选择：从 13 个不同元素中选 2 个组成一个无序组合，共有多少种选法？","78","78","78","manual-review","manual-pass","manual-pass","manual-pass","pass","none","approve","","","Approved by S18 manual independent solve / pass-sample review; eligible for candidate release pool after aggregate gates pass.","reviewed","pass-sample","S18","","S18 pass-sample review: prompt is independently solvable and stored answer remains consistent with the audit answer.","Approve for V2 candidate release pool after aggregate QA gates pass.","grade-pass-sample-fill","pass","pass","none","approve"
"hjb-high-ds-v2-s6-132","S6","选择性必修 第二册","计数原理","计数原理","short-answer","Exam","二轮变式1132：解答：从 3 个不同元素中选 2 个组成一个无序组合，共有多少种选法？","3","3","3","manual-review","manual-pass","manual-pass","not-applicable","pass","none","approve","","","Approved by S18 manual independent solve / pass-sample review; eligible for candidate release pool after aggregate gates pass.","reviewed","pass-sample","S18","","S18 pass-sample review: prompt is independently solvable and stored answer remains consistent with the audit answer.","Approve for V2 candidate release pool after aggregate QA gates pass.","grade-pass-sample-fill","pass","pass","none","approve"
"hjb-high-ds-v2-s6-136","S6","选择性必修 第二册","计数原理","计数原理","multiple-choice","Exam","二轮变式1136：选择：从 5 个不同元素中选 2 个组成一个无序组合，共有多少种选法？","10","10","10","manual-review","manual-pass","manual-pass","manual-pass","pass","none","approve","","","Approved by S18 manual independent solve / pass-sample review; eligible for candidate release pool after aggregate gates pass.","reviewed","pass-sample","S18","","S18 pass-sample review: prompt is independently solvable and stored answer remains consistent with the audit answer.","Approve for V2 candidate release pool after aggregate QA gates pass.","grade-pass-sample-fill","pass","pass","none","approve"
"hjb-high-ds-v2-s6-140","S6","选择性必修 第二册","计数原理","计数原理","fill-in","Exam","二轮变式1140：填空：从 10 个不同元素中选 2 个组成一个无序组合，共有多少种选法？","45","45","45","manual-review","manual-pass","manual-pass","not-applicable","pass","none","approve","","","Approved by S18 manual independent solve / pass-sample review; eligible for candidate release pool after aggregate gates pass.","reviewed","pass-sample","S18","","S18 pass-sample review: prompt is independently solvable and stored answer remains consistent with the audit answer.","Approve for V2 candidate release pool after aggregate QA gates pass.","grade-pass-sample-fill","pass","pass","none","approve"
"hjb-high-ds-v2-s6-148","S6","选择性必修 第二册","计数原理","计数原理","multiple-choice","Exam","二轮变式1148：选择：从 14 个不同元素中选 2 个组成一个无序组合，共有多少种选法？","91","91","91","manual-review","manual-pass","manual-pass","manual-pass","pass","none","approve","","","Approved by S18 manual independent solve / pass-sample review; eligible for candidate release pool after aggregate gates pass.","reviewed","pass-sample","S18","","S18 pass-sample review: prompt is independently solvable and stored answer remains consistent with the audit answer.","Approve for V2 candidate release pool after aggregate QA gates pass.","grade-pass-sample-fill","pass","pass","none","approve"
"hjb-high-ds-v2-s6-152","S6","选择性必修 第二册","概率初步续","概率初步续","fill-in","Exam","二轮变式1152：填空：若事件 A 有 4 种情况，且每种 A 情况下事件 B 有 10 种情况，则按分步计数共有多少种结果？","40","40","40","manual-review","manual-pass","manual-pass","not-applicable","pass","none","approve","","","Approved by S18 manual independent solve / pass-sample review; eligible for candidate release pool after aggregate gates pass.","reviewed","pass-sample","S18","","S18 pass-sample review: prompt is independently solvable and stored answer remains consistent with the audit answer.","Approve for V2 candidate release pool after aggregate QA gates pass.","grade-pass-sample-fill","pass","pass","none","approve"
"hjb-high-ds-v2-s6-160","S6","选择性必修 第二册","概率初步续","概率初步续","multiple-choice","Exam","二轮变式1160：选择：若事件 A 有 8 种情况，且每种 A 情况下事件 B 有 9 种情况，则按分步计数共有多少种结果？","72","72","72","manual-review","manual-pass","manual-pass","manual-pass","pass","none","approve","","","Approved by S18 manual independent solve / pass-sample review; eligible for candidate release pool after aggregate gates pass.","reviewed","pass-sample","S18","","S18 pass-sample review: prompt is independently solvable and stored answer remains consistent with the audit answer.","Approve for V2 candidate release pool after aggregate QA gates pass.","grade-pass-sample-fill","pass","pass","none","approve"
"hjb-high-ds-v2-s6-163","S6","选择性必修 第二册","概率初步续","概率初步续","multiple-choice","Foundation","二轮变式1163：选择：若事件 A 有 11 种情况，且每种 A 情况下事件 B 有 11 种情况，则按分步计数共有多少种结果？","121","121","121","manual-review","manual-pass","manual-pass","manual-pass","pass","none","approve","","","Approved by S18 manual independent solve / pass-sample review; eligible for candidate release pool after aggregate gates pass.","reviewed","pass-sample","S18","","S18 pass-sample review: prompt is independently solvable and stored answer remains consistent with the audit answer.","Approve for V2 candidate release pool after aggregate QA gates pass.","grade-type-difficulty-pass-sample","pass","pass","none","approve"
"hjb-high-ds-v2-s6-168","S6","选择性必修 第二册","概率初步续","概率初步续","short-answer","Exam","二轮变式1168：解答：若事件 A 有 3 种情况，且每种 A 情况下事件 B 有 19 种情况，则按分步计数共有多少种结果？","57","57","57","manual-review","manual-pass","manual-pass","not-applicable","pass","none","approve","","","Approved by S18 manual independent solve / pass-sample review; eligible for candidate release pool after aggregate gates pass.","reviewed","pass-sample","S18","","S18 pass-sample review: prompt is independently solvable and stored answer remains consistent with the audit answer.","Approve for V2 candidate release pool after aggregate QA gates pass.","grade-pass-sample-fill","pass","pass","none","approve"
"hjb-high-ds-v2-s6-174","S6","选择性必修 第二册","概率初步续","概率初步续","short-answer","Challenge","二轮变式1174：解答：若事件 A 有 5 种情况，且每种 A 情况下事件 B 有 18 种情况，则按分步计数共有多少种结果？","90","90","90","manual-review","manual-pass","manual-pass","not-applicable","pass","none","approve","","","Approved by S18 manual independent solve / pass-sample review; eligible for candidate release pool after aggregate gates pass.","reviewed","pass-sample","S18","","S18 pass-sample review: prompt is independently solvable and stored answer remains consistent with the audit answer.","Approve for V2 candidate release pool after aggregate QA gates pass.","grade-type-difficulty-pass-sample","pass","pass","none","approve"
"hjb-high-ds-v2-s6-176","S6","选择性必修 第二册","概率初步续","概率初步续","fill-in","Exam","二轮变式1176：填空：若事件 A 有 9 种情况，且每种 A 情况下事件 B 有 5 种情况，则按分步计数共有多少种结果？","45","45","45","manual-review","manual-pass","manual-pass","not-applicable","pass","none","approve","","","Approved by S18 manual independent solve / pass-sample review; eligible for candidate release pool after aggregate gates pass.","reviewed","pass-sample","S18","","S18 pass-sample review: prompt is independently solvable and stored answer remains consistent with the audit answer.","Approve for V2 candidate release pool after aggregate QA gates pass.","grade-pass-sample-fill","pass","pass","none","approve"
"hjb-high-ds-v2-s6-184","S6","选择性必修 第二册","概率初步续","概率初步续","multiple-choice","Exam","二轮变式1184：选择：若事件 A 有 5 种情况，且每种 A 情况下事件 B 有 12 种情况，则按分步计数共有多少种结果？","60","60","60","manual-review","manual-pass","manual-pass","manual-pass","pass","none","approve","","","Approved by S18 manual independent solve / pass-sample review; eligible for candidate release pool after aggregate gates pass.","reviewed","pass-sample","S18","","S18 pass-sample review: prompt is independently solvable and stored answer remains consistent with the audit answer.","Approve for V2 candidate release pool after aggregate QA gates pass.","grade-pass-sample-fill","pass","pass","none","approve"
"hjb-high-ds-v2-s6-192","S6","选择性必修 第二册","概率初步续","概率初步续","short-answer","Exam","二轮变式1192：解答：若事件 A 有 8 种情况，且每种 A 情况下事件 B 有 20 种情况，则按分步计数共有多少种结果？","160","160","160","manual-review","manual-pass","manual-pass","not-applicable","pass","none","approve","","","Approved by S18 manual independent solve / pass-sample review; eligible for candidate release pool after aggregate gates pass.","reviewed","pass-sample","S18","","S18 pass-sample review: prompt is independently solvable and stored answer remains consistent with the audit answer.","Approve for V2 candidate release pool after aggregate QA gates pass.","grade-pass-sample-fill","pass","pass","none","approve"
"hjb-high-ds-v2-s6-196","S6","选择性必修 第二册","概率初步续","概率初步续","multiple-choice","Exam","二轮变式1196：选择：若事件 A 有 4 种情况，且每种 A 情况下事件 B 有 11 种情况，则按分步计数共有多少种结果？","44","44","44","manual-review","manual-pass","manual-pass","manual-pass","pass","none","approve","","","Approved by S18 manual independent solve / pass-sample review; eligible for candidate release pool after aggregate gates pass.","reviewed","pass-sample","S18","","S18 pass-sample review: prompt is independently solvable and stored answer remains consistent with the audit answer.","Approve for V2 candidate release pool after aggregate QA gates pass.","grade-pass-sample-fill","pass","pass","none","approve"
"hjb-high-ds-v2-s6-295","S6","选择性必修 第二册","成对数据的统计分析","成对数据的统计分析","multiple-choice","Challenge","二轮变式1295：选择：一组数据为 12，19，26，求这组数据的平均数。","19","19","19","manual-review","manual-pass","manual-pass","manual-pass","pass","none","approve","","","Approved by S18 manual independent solve / pass-sample review; eligible for candidate release pool after aggregate gates pass.","reviewed","pass-sample","S18","","S18 pass-sample review: prompt is independently solvable and stored answer remains consistent with the audit answer.","Approve for V2 candidate release pool after aggregate QA gates pass.","grade-chapter-pass-sample","pass","pass","none","approve"
"hjb-high-ds-v2-s6-315","S6","选择性必修 第一册复习","数列","数列综合复习","short-answer","Core","二轮变式1315：解答：等差数列首项为 11，公差为 12，求第 12 项。","143","143","143","manual-review","manual-pass","manual-pass","not-applicable","pass","none","approve","","","Approved by S18 manual independent solve / pass-sample review; eligible for candidate release pool after aggregate gates pass.","reviewed","pass-sample","S18","","S18 pass-sample review: prompt is independently solvable and stored answer remains consistent with the audit answer.","Approve for V2 candidate release pool after aggregate QA gates pass.","grade-type-difficulty-pass-sample","pass","pass","none","approve"
"hjb-high-ds-v2-s6-348","S6","选择性必修 第一册复习","平面直角坐标系中的直线","解析几何直线综合复习","short-answer","Core","二轮变式1348：解答：直线经过点 (11,12) 和 (12,16)，求斜率。","4","4","4","manual-review","manual-pass","manual-pass","not-applicable","pass","none","approve","","","Approved by S18 manual independent solve / pass-sample review; eligible for candidate release pool after aggregate gates pass.","reviewed","pass-sample","S18","","S18 pass-sample review: prompt is independently solvable and stored answer remains consistent with the audit answer.","Approve for V2 candidate release pool after aggregate QA gates pass.","grade-chapter-pass-sample","pass","pass","none","approve"
"hjb-high-ds-v2-s6-356","S6","选择性必修 第一册复习","圆锥曲线","圆锥曲线综合复习","fill-in","Foundation","二轮变式1356：填空：椭圆 x²/576+y²/144=1 中，求 c²=a²-b² 的值。","432","432","432","manual-review","manual-pass","manual-pass","not-applicable","pass","none","approve","","","Approved by S18 manual independent solve / pass-sample review; eligible for candidate release pool after aggregate gates pass.","reviewed","pass-sample","S18","","S18 pass-sample review: prompt is independently solvable and stored answer remains consistent with the audit answer.","Approve for V2 candidate release pool after aggregate QA gates pass.","grade-chapter-pass-sample","pass","pass","none","approve"
"hjb-high-ds-v2-s6-385","S6","选择性必修 第一册复习","空间向量及其应用","空间向量综合复习","fill-in","Challenge","二轮变式1385：填空：空间向量 p=(10,20,7)，求 |p|²。","549","549","549","manual-review","manual-pass","manual-pass","not-applicable","pass","none","approve","","","Approved by S18 manual independent solve / pass-sample review; eligible for candidate release pool after aggregate gates pass.","reviewed","pass-sample","S18","","S18 pass-sample review: prompt is independently solvable and stored answer remains consistent with the audit answer.","Approve for V2 candidate release pool after aggregate QA gates pass.","grade-type-difficulty-pass-sample","pass","pass","none","approve"
"hjb-high-ds-v2-s6-394","S6","选择性必修 第一册复习","空间向量及其应用","空间向量综合复习","multiple-choice","Challenge","二轮变式1394：选择：空间向量 p=(9,16,4)，求 |p|²。","353","353","353","manual-review","manual-pass","manual-pass","manual-pass","pass","none","approve","","","Approved by S18 manual independent solve / pass-sample review; eligible for candidate release pool after aggregate gates pass.","reviewed","pass-sample","S18","","S18 pass-sample review: prompt is independently solvable and stored answer remains consistent with the audit answer.","Approve for V2 candidate release pool after aggregate QA gates pass.","grade-type-difficulty-pass-sample","pass","pass","none","approve"
"hjb-high-ds-v2-s6-408","S6","跨册综合复习","跨册综合：函数与导数","函数、导数与不等式综合","multiple-choice","Core","二轮变式1408：选择：已知 f(x)=2x+2，求 f(20)。","42","42","42","manual-review","manual-pass","manual-pass","manual-pass","pass","none","approve","","","Approved by S18 manual independent solve / pass-sample review; eligible for candidate release pool after aggregate gates pass.","reviewed","pass-sample","S18","","S18 pass-sample review: prompt is independently solvable and stored answer remains consistent with the audit answer.","Approve for V2 candidate release pool after aggregate QA gates pass.","grade-chapter-pass-sample","pass","pass","none","approve"
"hjb-high-ds-v2-s6-432","S6","跨册综合复习","跨册综合：三角向量解析几何","三角、向量与解析几何综合","multiple-choice","Core","二轮变式1432：选择：在三角形 ABC 中，若 AB=2，AC=10，且 ∠A=60°，表达式 AB·AC 的值是多少？","20","20","20","manual-review","manual-pass","manual-pass","manual-pass","pass","none","approve","","","Approved by S18 manual independent solve / pass-sample review; eligible for candidate release pool after aggregate gates pass.","reviewed","pass-sample","S18","","S18 pass-sample review: prompt is independently solvable and stored answer remains consistent with the audit answer.","Approve for V2 candidate release pool after aggregate QA gates pass.","grade-chapter-pass-sample","pass","pass","none","approve"
"hjb-high-ds-v2-s6-448","S6","跨册综合复习","跨册综合：立体几何与空间向量","立体几何与空间向量综合","multiple-choice","Core","二轮变式1448：选择：长方体中同一顶点出发的两条互相垂直棱长分别为 12 和 17，这两条棱围成的矩形面积是多少？","204","204","204","manual-review","manual-pass","manual-pass","manual-pass","pass","none","approve","","","Approved by S18 manual independent solve / pass-sample review; eligible for candidate release pool after aggregate gates pass.","reviewed","pass-sample","S18","","S18 pass-sample review: prompt is independently solvable and stored answer remains consistent with the audit answer.","Approve for V2 candidate release pool after aggregate QA gates pass.","grade-chapter-pass-sample","pass","pass","none","approve"
"hjb-high-ds-v2-s6-467","S6","跨册综合复习","跨册综合：概率统计","概率统计综合","fill-in","Core","二轮变式1467：填空：袋中有 2 个红球和 12 个蓝球，随机取出 1 个，取到红球的概率是多少？","2/14","2/14","2/14","manual-review","manual-pass","manual-pass","not-applicable","pass","none","approve","","","Approved by S18 manual independent solve / pass-sample review; eligible for candidate release pool after aggregate gates pass.","reviewed","pass-sample","S18","","S18 pass-sample review: prompt is independently solvable and stored answer remains consistent with the audit answer.","Approve for V2 candidate release pool after aggregate QA gates pass.","grade-type-difficulty-pass-sample","pass","pass","none","approve"
"hjb-high-ds-v2-s6-482","S6","跨册综合复习","跨册综合：数列与计数","数列与计数综合","multiple-choice","Core","二轮变式1482：选择：等差数列首项为 2，公差为 3，求第 9 项。","26","26","26","manual-review","manual-pass","manual-pass","manual-pass","pass","none","approve","","","Approved by S18 manual independent solve / pass-sample review; eligible for candidate release pool after aggregate gates pass.","reviewed","pass-sample","S18","","S18 pass-sample review: prompt is independently solvable and stored answer remains consistent with the audit answer.","Approve for V2 candidate release pool after aggregate QA gates pass.","grade-type-difficulty-pass-sample","pass","pass","none","approve"
