"questionId","reviewer","reviewType","manualSolvableStatus","manualAnswerMatchStatus","manualDecision","severity","manualIndependentAnswer","manualIssueCode","manualNotes","manualRecommendedAction"
"hjb-high-ds-v2-s4-001","S18","solver-gap-independent-solve","manual-pass","manual-pass","approve","none","{1,3}","","S18 independent solve: stored answer and accepted answer set match the independently derived result.","Approve for V2 candidate release pool after aggregate QA gates pass."
"hjb-high-ds-v2-s4-002","S18","solver-gap-independent-solve","manual-pass","manual-pass","approve","none","{0, 1/2, 1/3}","","S18 independent solve: stored answer and accepted answer set match the independently derived result.","Approve for V2 candidate release pool after aggregate QA gates pass."
"hjb-high-ds-v2-s4-003","S18","solver-gap-independent-solve","manual-pass","manual-pass","approve","none","{0,2}","","S18 independent solve: stored answer and accepted answer set match the independently derived result.","Approve for V2 candidate release pool after aggregate QA gates pass."
"hjb-high-ds-v2-s4-004","S18","p0-remediation-independent-solve","manual-pass","manual-pass","approve","none","a ≥ 3","","Corrected the endpoint. Since q is x<a, a=3 still makes every x in (1,3) satisfy q.","Approve remediated row for the V2 candidate release pool after aggregate QA gates pass."
"hjb-high-ds-v2-s4-005","S18","solver-gap-independent-solve","manual-pass","manual-pass","approve","none","(-∞, -1) ∪ (3, +∞)","","S18 independent solve: stored answer and accepted answer set match the independently derived result.","Approve for V2 candidate release pool after aggregate QA gates pass."
"hjb-high-ds-v2-s4-006","S18","solver-gap-independent-solve","manual-pass","manual-pass","approve","none","a = 2 或 a = 3","","S18 independent solve: stored answer and accepted answer set match the independently derived result.","Approve for V2 candidate release pool after aggregate QA gates pass."
"hjb-high-ds-v2-s4-008","S18","solver-gap-independent-solve","manual-pass","manual-pass","approve","none","m ≤ 1","","S18 independent solve: stored answer and accepted answer set match the independently derived result.","Approve for V2 candidate release pool after aggregate QA gates pass."
"hjb-high-ds-v2-s4-009","S18","p0-remediation-independent-solve","manual-pass","manual-pass","approve","none","-1","","Added distinctness to make the set-equality reading unique and corrected the stored answer.","Approve remediated row for the V2 candidate release pool after aggregate QA gates pass."
"hjb-high-ds-v2-s4-010","S18","solver-gap-independent-solve","manual-pass","manual-pass","approve","none","充分不必要条件","","S18 independent solve: stored answer and accepted answer set match the independently derived result.","Approve for V2 candidate release pool after aggregate QA gates pass."
"hjb-high-ds-v2-s4-011","S18","solver-gap-independent-solve","manual-pass","manual-pass","approve","none","{2, 4, 6, 8}","","S18 independent solve: stored answer and accepted answer set match the independently derived result.","Approve for V2 candidate release pool after aggregate QA gates pass."
"hjb-high-ds-v2-s4-012","S18","solver-gap-independent-solve","manual-pass","manual-pass","approve","none","{1, 2, 4, 6, 8}","","S18 independent solve: stored answer and accepted answer set match the independently derived result.","Approve for V2 candidate release pool after aggregate QA gates pass."
"hjb-high-ds-v2-s4-013","S18","solver-gap-independent-solve","manual-pass","manual-pass","approve","none","充分不必要条件","","S18 independent solve: stored answer and accepted answer set match the independently derived result.","Approve for V2 candidate release pool after aggregate QA gates pass."
"hjb-high-ds-v2-s4-014","S18","solver-gap-independent-solve","manual-pass","manual-pass","approve","none","{0, 1/2, 1/3}","","S18 independent solve: stored answer and accepted answer set match the independently derived result.","Approve for V2 candidate release pool after aggregate QA gates pass."
"hjb-high-ds-v2-s4-015","S18","solver-gap-independent-solve","manual-pass","manual-pass","approve","none","{1, 2, 3, 4, 6, 12}","","S18 independent solve: stored answer and accepted answer set match the independently derived result.","Approve for V2 candidate release pool after aggregate QA gates pass."
"hjb-high-ds-v2-s4-016","S18","solver-gap-independent-solve","manual-pass","manual-pass","approve","none","a > 3","","S18 independent solve: stored answer and accepted answer set match the independently derived result.","Approve for V2 candidate release pool after aggregate QA gates pass."
"hjb-high-ds-v2-s4-017","S18","solver-gap-independent-solve","manual-pass","manual-pass","approve","none","对任意实数 x，都有 x^2 + 1 ≠ 0","","S18 independent solve: stored answer and accepted answer set match the independently derived result.","Approve for V2 candidate release pool after aggregate QA gates pass."
"hjb-high-ds-v2-s4-018","S18","solver-gap-independent-solve","manual-pass","manual-pass","approve","none","{(1,1), (2,2)} 或 {(1,2), (2,1)} 等","","S18 independent solve: stored answer and accepted answer set match the independently derived result.","Approve for V2 candidate release pool after aggregate QA gates pass."
"hjb-high-ds-v2-s4-019","S18","solver-gap-independent-solve","manual-pass","manual-pass","approve","none","∅ ⊆ {0}","","S18 independent solve: stored answer and accepted answer set match the independently derived result.","Approve for V2 candidate release pool after aggregate QA gates pass."
"hjb-high-ds-v2-s4-020","S18","solver-gap-independent-solve","manual-pass","manual-pass","approve","none","{x | x < 1 或 x > 3}","","S18 independent solve: stored answer and accepted answer set match the independently derived result.","Approve for V2 candidate release pool after aggregate QA gates pass."
"hjb-high-ds-v2-s4-021","S18","solver-gap-independent-solve","manual-pass","manual-pass","approve","none","A = B","","S18 independent solve: stored answer and accepted answer set match the independently derived result.","Approve for V2 candidate release pool after aggregate QA gates pass."
"hjb-high-ds-v2-s4-022","S18","solver-gap-independent-solve","manual-pass","manual-pass","approve","none","{ 4 }","","S18 independent solve: stored answer and accepted answer set match the independently derived result.","Approve for V2 candidate release pool after aggregate QA gates pass."
"hjb-high-ds-v2-s4-023","S18","solver-gap-independent-solve","manual-pass","manual-pass","approve","none","{ 2, 4, 6, 8 }","","S18 independent solve: stored answer and accepted answer set match the independently derived result.","Approve for V2 candidate release pool after aggregate QA gates pass."
"hjb-high-ds-v2-s4-024","S18","solver-gap-independent-solve","manual-pass","manual-pass","approve","none","a ≤ 1","","S18 independent solve: stored answer and accepted answer set match the independently derived result.","Approve for V2 candidate release pool after aggregate QA gates pass."
"hjb-high-ds-v2-s4-025","S18","solver-gap-independent-solve","manual-pass","manual-pass","approve","none","充分不必要条件","","S18 independent solve: stored answer and accepted answer set match the independently derived result.","Approve for V2 candidate release pool after aggregate QA gates pass."
"hjb-high-ds-v2-s4-026","S18","p0-remediation-independent-solve","manual-pass","manual-pass","approve","none","-1 ≤ m ≤ 2","","Added the nonempty interval condition so the answer no longer depends on an unstated convention.","Approve remediated row for the V2 candidate release pool after aggregate QA gates pass."
"hjb-high-ds-v2-s4-027","S18","solver-gap-independent-solve","manual-pass","manual-pass","approve","none","∅, { 1 }, { 2 }, { 3 }, { 1, 2 }, { 1, 3 }, { 2, 3 }, { 1, 2, 3 }","","S18 independent solve: stored answer and accepted answer set match the independently derived result.","Approve for V2 candidate release pool after aggregate QA gates pass."
"hjb-high-ds-v2-s4-028","S18","solver-gap-independent-solve","manual-pass","manual-pass","approve","none","∃ x ∈ R，x² + 1 < 2x","","S18 independent solve: stored answer and accepted answer set match the independently derived result.","Approve for V2 candidate release pool after aggregate QA gates pass."
"hjb-high-ds-v2-s4-029","S18","solver-gap-independent-solve","manual-pass","manual-pass","approve","none","{ x | x ≠ 1 且 x ≠ 2 }","","S18 independent solve: stored answer and accepted answer set match the independently derived result.","Approve for V2 candidate release pool after aggregate QA gates pass."
"hjb-high-ds-v2-s4-030","S18","solver-gap-independent-solve","manual-pass","manual-pass","approve","none","0 或 1","","S18 independent solve: stored answer and accepted answer set match the independently derived result.","Approve for V2 candidate release pool after aggregate QA gates pass."
"hjb-high-ds-v2-s4-031","S18","solver-gap-independent-solve","manual-pass","manual-pass","approve","none","{1, 3}","","S18 independent solve: stored answer and accepted answer set match the independently derived result.","Approve for V2 candidate release pool after aggregate QA gates pass."
"hjb-high-ds-v2-s4-032","S18","solver-gap-independent-solve","manual-pass","manual-pass","approve","none","{1, 2, 3}","","S18 independent solve: stored answer and accepted answer set match the independently derived result.","Approve for V2 candidate release pool after aggregate QA gates pass."
"hjb-high-ds-v2-s4-033","S18","solver-gap-independent-solve","manual-pass","manual-pass","approve","none","m ≤ 3","","S18 independent solve: stored answer and accepted answer set match the independently derived result.","Approve for V2 candidate release pool after aggregate QA gates pass."
"hjb-high-ds-v2-s4-034","S18","solver-gap-independent-solve","manual-pass","manual-pass","approve","none","a ≤ -1 或 a ≥ 2","","S18 independent solve: stored answer and accepted answer set match the independently derived result.","Approve for V2 candidate release pool after aggregate QA gates pass."
"hjb-high-ds-v2-s4-035","S18","p0-remediation-independent-solve","manual-pass","manual-pass","approve","none","3","","Corrected the count under the stated universe U=A∪B.","Approve remediated row for the V2 candidate release pool after aggregate QA gates pass."
"hjb-high-ds-v2-s4-036","S18","p0-remediation-independent-solve","manual-pass","manual-pass","approve","none","必要不充分条件","","Corrected the implication direction.","Approve remediated row for the V2 candidate release pool after aggregate QA gates pass."
"hjb-high-ds-v2-s4-037","S18","p0-remediation-independent-solve","manual-pass","manual-pass","approve","none","{x | 0 ≤ x ≤ 1}","","Removed the unsupported shaded-region reference and made the requested set operation explicit.","Approve remediated row for the V2 candidate release pool after aggregate QA gates pass."
"hjb-high-ds-v2-s4-038","S18","solver-gap-independent-solve","manual-pass","manual-pass","approve","none","A = B","","S18 independent solve: stored answer and accepted answer set match the independently derived result.","Approve for V2 candidate release pool after aggregate QA gates pass."
"hjb-high-ds-v2-s4-039","S18","solver-gap-independent-solve","manual-pass","manual-pass","approve","none","证明：假设 a, b, c 均不大于 0，即 a ≤ 0, b ≤ 0, c ≤ 0。相加得 (x^2-2x) + (y^2-2y) + (z^2-2z) + π ≤ 0。配方得 (x-1)^2+(y-1)^2+(z-1)^2 + π - 3 ≤ 0，即 (x-1)^2+(y-1)^2+(z-1)^2 ≤ 3 - π < 0，矛盾。故假设不成立，原命题成立。","","S18 independent solve: stored answer and accepted answer set match the independently derived result.","Approve for V2 candidate release pool after aggregate QA gates pass."
"hjb-high-ds-v2-s4-040","S18","p0-remediation-independent-solve","manual-pass","manual-pass","approve","none","1 ≤ a < 4","","Excluded a=4 because that makes A and B equal rather than sufficient-not-necessary.","Approve remediated row for the V2 candidate release pool after aggregate QA gates pass."
"hjb-high-ds-v2-s4-041","S18","solver-gap-independent-solve","manual-pass","manual-pass","approve","none","{1,7,8}","","S18 independent solve: stored answer and accepted answer set match the independently derived result.","Approve for V2 candidate release pool after aggregate QA gates pass."
"hjb-high-ds-v2-s4-042","S18","solver-gap-independent-solve","manual-pass","manual-pass","approve","none","0, 1/2, 1/3","","S18 independent solve: stored answer and accepted answer set match the independently derived result.","Approve for V2 candidate release pool after aggregate QA gates pass."
"hjb-high-ds-v2-s4-044","S18","solver-gap-independent-solve","manual-pass","manual-pass","approve","none","(1,+∞)","","S18 independent solve: stored answer and accepted answer set match the independently derived result.","Approve for V2 candidate release pool after aggregate QA gates pass."
"hjb-high-ds-v2-s4-045","S18","solver-gap-independent-solve","manual-pass","manual-pass","approve","none","a<2","","S18 independent solve: stored answer and accepted answer set match the independently derived result.","Approve for V2 candidate release pool after aggregate QA gates pass."
"hjb-high-ds-v2-s4-046","S18","solver-gap-independent-solve","manual-pass","manual-pass","approve","none","4","","S18 independent solve: stored answer and accepted answer set match the independently derived result.","Approve for V2 candidate release pool after aggregate QA gates pass."
"hjb-high-ds-v2-s4-047","S18","solver-gap-independent-solve","manual-pass","manual-pass","approve","none","{x|x=3k+1, k∈N}","","S18 independent solve: stored answer and accepted answer set match the independently derived result.","Approve for V2 candidate release pool after aggregate QA gates pass."
"hjb-high-ds-v2-s4-048","S18","solver-gap-independent-solve","manual-pass","manual-pass","approve","none","[-1,1]","","S18 independent solve: stored answer and accepted answer set match the independently derived result.","Approve for V2 candidate release pool after aggregate QA gates pass."
"hjb-high-ds-v2-s4-049","S18","pass-sample","manual-pass","manual-pass","approve","none","7","","S18 pass-sample review: prompt is independently solvable and stored answer remains consistent with the audit answer.","Approve for V2 candidate release pool after aggregate QA gates pass."
"hjb-high-ds-v2-s4-050","S18","solver-gap-independent-solve","manual-pass","manual-pass","approve","none","{x|x=6n, n∈Z}","","S18 independent solve: stored answer and accepted answer set match the independently derived result.","Approve for V2 candidate release pool after aggregate QA gates pass."
"hjb-high-ds-v2-s4-051","S18","solver-gap-independent-solve","manual-pass","manual-pass","approve","none","a³ - b³ > ab(a - b)","","S18 independent solve: stored answer and accepted answer set match the independently derived result.","Approve for V2 candidate release pool after aggregate QA gates pass."
"hjb-high-ds-v2-s4-052","S18","p0-remediation-independent-solve","manual-pass","manual-pass","approve","none","(-∞, 1/2) ∪ (1, +∞)","","Corrected the inequality reversal after dividing by the negative leading coefficient.","Approve remediated row for the V2 candidate release pool after aggregate QA gates pass."
"hjb-high-ds-v2-s4-053","S18","solver-gap-independent-solve","manual-pass","manual-pass","approve","none","{-2} ∪ [1, +∞)","","S18 independent solve: stored answer and accepted answer set match the independently derived result.","Approve for V2 candidate release pool after aggregate QA gates pass."
"hjb-high-ds-v2-s4-054","S18","solver-gap-independent-solve","manual-pass","manual-pass","approve","none","最小值为 9，此时 x = 1/3, y = 1/3","","S18 independent solve: stored answer and accepted answer set match the independently derived result.","Approve for V2 candidate release pool after aggregate QA gates pass."
"hjb-high-ds-v2-s4-055","S18","solver-gap-independent-solve","manual-pass","manual-pass","approve","none","c - a < c - b","","S18 independent solve: stored answer and accepted answer set match the independently derived result.","Approve for V2 candidate release pool after aggregate QA gates pass."
"hjb-high-ds-v2-s4-056","S18","solver-gap-independent-solve","manual-pass","manual-pass","approve","none","(0, 1) ∪ (1, +∞)","","S18 independent solve: stored answer and accepted answer set match the independently derived result.","Approve for V2 candidate release pool after aggregate QA gates pass."
"hjb-high-ds-v2-s4-057","S18","solver-gap-independent-solve","manual-pass","manual-pass","approve","none","当 a = 1 时，解集为空集；当 a ≠ 1 时，解集为 (min{a, 1/a}, max{a, 1/a})","","S18 independent solve: stored answer and accepted answer set match the independently derived result.","Approve for V2 candidate release pool after aggregate QA gates pass."
"hjb-high-ds-v2-s4-058","S18","solver-gap-independent-solve","manual-pass","manual-pass","approve","none","18","","S18 independent solve: stored answer and accepted answer set match the independently derived result.","Approve for V2 candidate release pool after aggregate QA gates pass."
"hjb-high-ds-v2-s4-059","S18","solver-gap-independent-solve","manual-pass","manual-pass","approve","none","(-2/3, 4)","","S18 independent solve: stored answer and accepted answer set match the independently derived result.","Approve for V2 candidate release pool after aggregate QA gates pass."
"hjb-high-ds-v2-s4-060","S18","solver-gap-independent-solve","manual-pass","manual-pass","approve","none","c = 9","","S18 independent solve: stored answer and accepted answer set match the independently derived result.","Approve for V2 candidate release pool after aggregate QA gates pass."
"hjb-high-ds-v2-s4-061","S18","solver-gap-independent-solve","manual-pass","manual-pass","approve","none","8","","S18 independent solve: stored answer and accepted answer set match the independently derived result.","Approve for V2 candidate release pool after aggregate QA gates pass."
"hjb-high-ds-v2-s4-062","S18","solver-gap-independent-solve","manual-pass","manual-pass","approve","none","2","","S18 independent solve: stored answer and accepted answer set match the independently derived result.","Approve for V2 candidate release pool after aggregate QA gates pass."
"hjb-high-ds-v2-s4-063","S18","solver-gap-independent-solve","manual-pass","manual-pass","approve","none","(-1, 2)","","S18 independent solve: stored answer and accepted answer set match the independently derived result.","Approve for V2 candidate release pool after aggregate QA gates pass."
"hjb-high-ds-v2-s4-064","S18","solver-gap-independent-solve","manual-pass","manual-pass","approve","none","3 + 2√2","","S18 independent solve: stored answer and accepted answer set match the independently derived result.","Approve for V2 candidate release pool after aggregate QA gates pass."
"hjb-high-ds-v2-s4-065","S18","solver-gap-independent-solve","manual-pass","manual-pass","approve","none","(-∞, 2) ∪ (3, +∞)","","S18 independent solve: stored answer and accepted answer set match the independently derived result.","Approve for V2 candidate release pool after aggregate QA gates pass."
"hjb-high-ds-v2-s4-066","S18","solver-gap-independent-solve","manual-pass","manual-pass","approve","none","最小值为 4√2，此时 a = 2√2, b = √2","","S18 independent solve: stored answer and accepted answer set match the independently derived result.","Approve for V2 candidate release pool after aggregate QA gates pass."
"hjb-high-ds-v2-s4-067","S18","solver-gap-independent-solve","manual-pass","manual-pass","approve","none","a - c > b - c","","S18 independent solve: stored answer and accepted answer set match the independently derived result.","Approve for V2 candidate release pool after aggregate QA gates pass."
"hjb-high-ds-v2-s4-068","S18","p0-remediation-independent-solve","manual-pass","manual-pass","approve","none","0","","Corrected coefficient comparison from the two roots and constant term.","Approve remediated row for the V2 candidate release pool after aggregate QA gates pass."
"hjb-high-ds-v2-s4-069","S18","solver-gap-independent-solve","manual-pass","manual-pass","approve","none","162 m²","","S18 independent solve: stored answer and accepted answer set match the independently derived result.","Approve for V2 candidate release pool after aggregate QA gates pass."
"hjb-high-ds-v2-s4-070","S18","solver-gap-independent-solve","manual-pass","manual-pass","approve","none","[0, 2]","","S18 independent solve: stored answer and accepted answer set match the independently derived result.","Approve for V2 candidate release pool after aggregate QA gates pass."
"hjb-high-ds-v2-s4-071","S18","solver-gap-independent-solve","manual-pass","manual-pass","approve","none","a^3 - b^3 > (a - b)^3","","S18 independent solve: stored answer and accepted answer set match the independently derived result.","Approve for V2 candidate release pool after aggregate QA gates pass."
"hjb-high-ds-v2-s4-072","S18","solver-gap-independent-solve","manual-pass","manual-pass","approve","none","(-∞, 1/2) ∪ (1, +∞)","","S18 independent solve: stored answer and accepted answer set match the independently derived result.","Approve for V2 candidate release pool after aggregate QA gates pass."
"hjb-high-ds-v2-s4-073","S18","solver-gap-independent-solve","manual-pass","manual-pass","approve","none","B. 9","","S18 independent solve: stored answer and accepted answer set match the independently derived result.","Approve for V2 candidate release pool after aggregate QA gates pass."
"hjb-high-ds-v2-s4-074","S18","solver-gap-independent-solve","manual-pass","manual-pass","approve","none","4 或 -2","","S18 independent solve: stored answer and accepted answer set match the independently derived result.","Approve for V2 candidate release pool after aggregate QA gates pass."
"hjb-high-ds-v2-s4-075","S18","pass-sample","manual-pass","manual-pass","approve","none","1","","S18 pass-sample review: prompt is independently solvable and stored answer remains consistent with the audit answer.","Approve for V2 candidate release pool after aggregate QA gates pass."
"hjb-high-ds-v2-s4-076","S18","solver-gap-independent-solve","manual-pass","manual-pass","approve","none","C. a^3 > b^3","","S18 independent solve: stored answer and accepted answer set match the independently derived result.","Approve for V2 candidate release pool after aggregate QA gates pass."
"hjb-high-ds-v2-s4-077","S18","solver-gap-independent-solve","manual-pass","manual-pass","approve","none","9/8","","S18 independent solve: stored answer and accepted answer set match the independently derived result.","Approve for V2 candidate release pool after aggregate QA gates pass."
"hjb-high-ds-v2-s4-078","S18","solver-gap-independent-solve","manual-pass","manual-pass","approve","none","5","","S18 independent solve: stored answer and accepted answer set match the independently derived result.","Approve for V2 candidate release pool after aggregate QA gates pass."
"hjb-high-ds-v2-s4-079","S18","solver-gap-independent-solve","manual-pass","manual-pass","approve","none","C. 充要条件","","S18 independent solve: stored answer and accepted answer set match the independently derived result.","Approve for V2 candidate release pool after aggregate QA gates pass."
"hjb-high-ds-v2-s4-080","S18","p0-remediation-independent-solve","manual-pass","manual-pass","approve","none","2","","Rewrote the impossible interval-length condition into a unique endpoint-matching problem.","Approve remediated row for the V2 candidate release pool after aggregate QA gates pass."
"hjb-high-ds-v2-s4-081","S18","p0-remediation-independent-solve","manual-pass","manual-pass","approve","none","∅","","Corrected the intersection of the closed interval with the strict absolute-value solution.","Approve remediated row for the V2 candidate release pool after aggregate QA gates pass."
"hjb-high-ds-v2-s4-082","S18","solver-gap-independent-solve","manual-pass","manual-pass","approve","none","{x | x < 1/2 或 x > 1}","","S18 independent solve: stored answer and accepted answer set match the independently derived result.","Approve for V2 candidate release pool after aggregate QA gates pass."
"hjb-high-ds-v2-s4-083","S18","solver-gap-independent-solve","manual-pass","manual-pass","approve","none","3 + 2√2","","S18 independent solve: stored answer and accepted answer set match the independently derived result.","Approve for V2 candidate release pool after aggregate QA gates pass."
"hjb-high-ds-v2-s4-084","S18","p0-remediation-independent-solve","manual-pass","manual-pass","approve","none","0","","Corrected the maximum using the endpoint constraint f(1)≤1 and an attaining example.","Approve remediated row for the V2 candidate release pool after aggregate QA gates pass."
"hjb-high-ds-v2-s4-085","S18","solver-gap-independent-solve","manual-pass","manual-pass","approve","none","a - c > b - c","","S18 independent solve: stored answer and accepted answer set match the independently derived result.","Approve for V2 candidate release pool after aggregate QA gates pass."
"hjb-high-ds-v2-s4-086","S18","p0-remediation-independent-solve","manual-pass","manual-pass","approve","none","(-2, -1] ∪ [3, 4)","","Corrected endpoint inclusions for exactly three integers.","Approve remediated row for the V2 candidate release pool after aggregate QA gates pass."
"hjb-high-ds-v2-s4-088","S18","solver-gap-independent-solve","manual-pass","manual-pass","approve","none","4","","S18 independent solve: stored answer and accepted answer set match the independently derived result.","Approve for V2 candidate release pool after aggregate QA gates pass."
"hjb-high-ds-v2-s4-089","S18","p0-remediation-independent-solve","manual-pass","manual-pass","approve","none","k < -2√3","","Added the discriminant condition to the positive-root requirements.","Approve remediated row for the V2 candidate release pool after aggregate QA gates pass."
"hjb-high-ds-v2-s4-090","S18","solver-gap-independent-solve","manual-pass","manual-pass","approve","none","2","","S18 independent solve: stored answer and accepted answer set match the independently derived result.","Approve for V2 candidate release pool after aggregate QA gates pass."
"hjb-high-ds-v2-s4-091","S18","solver-gap-independent-solve","manual-pass","manual-pass","approve","none","4","","S18 independent solve: stored answer and accepted answer set match the independently derived result.","Approve for V2 candidate release pool after aggregate QA gates pass."
"hjb-high-ds-v2-s4-092","S18","solver-gap-independent-solve","manual-pass","manual-pass","approve","none","(2,3)","","S18 independent solve: stored answer and accepted answer set match the independently derived result.","Approve for V2 candidate release pool after aggregate QA gates pass."
"hjb-high-ds-v2-s4-093","S18","solver-gap-independent-solve","manual-pass","manual-pass","approve","none","[-1,2]","","S18 independent solve: stored answer and accepted answer set match the independently derived result.","Approve for V2 candidate release pool after aggregate QA gates pass."
"hjb-high-ds-v2-s4-094","S18","pass-sample","manual-pass","manual-pass","approve","none","0","","S18 pass-sample review: prompt is independently solvable and stored answer remains consistent with the audit answer.","Approve for V2 candidate release pool after aggregate QA gates pass."
"hjb-high-ds-v2-s4-095","S18","solver-gap-independent-solve","manual-pass","manual-pass","approve","none","2","","S18 independent solve: stored answer and accepted answer set match the independently derived result.","Approve for V2 candidate release pool after aggregate QA gates pass."
"hjb-high-ds-v2-s4-096","S18","solver-gap-independent-solve","manual-pass","manual-pass","approve","none","600","","S18 independent solve: stored answer and accepted answer set match the independently derived result.","Approve for V2 candidate release pool after aggregate QA gates pass."
"hjb-high-ds-v2-s4-097","S18","solver-gap-independent-solve","manual-pass","manual-pass","approve","none","x² - 4x + 3 > 0","","S18 independent solve: stored answer and accepted answer set match the independently derived result.","Approve for V2 candidate release pool after aggregate QA gates pass."
"hjb-high-ds-v2-s4-098","S18","solver-gap-independent-solve","manual-pass","manual-pass","approve","none","3+2√2","","S18 independent solve: stored answer and accepted answer set match the independently derived result.","Approve for V2 candidate release pool after aggregate QA gates pass."
"hjb-high-ds-v2-s4-099","S18","solver-gap-independent-solve","manual-pass","manual-pass","approve","none","当a<1时，解集为(a,1)；当a=1时，解集为空集；当a>1时，解集为(1,a)。","","S18 independent solve: stored answer and accepted answer set match the independently derived result.","Approve for V2 candidate release pool after aggregate QA gates pass."
"hjb-high-ds-v2-s4-100","S18","p0-remediation-independent-solve","manual-pass","manual-pass","approve","none","(-1/2, 1/3)","","Corrected the final interval after handling the negative leading coefficient.","Approve remediated row for the V2 candidate release pool after aggregate QA gates pass."
"hjb-high-ds-v2-s4-101","S18","p0-remediation-independent-solve","manual-pass","manual-pass","approve","none","-2","","Corrected the logarithm simplification.","Approve remediated row for the V2 candidate release pool after aggregate QA gates pass."
"hjb-high-ds-v2-s4-102","S18","p0-remediation-independent-solve","manual-pass","manual-pass","approve","none","\frac{3 + ab}{1 + a + ab}","","Corrected ln7 to ab ln2 in the numerator.","Approve remediated row for the V2 candidate release pool after aggregate QA gates pass."
"hjb-high-ds-v2-s4-104","S18","p0-remediation-independent-solve","manual-pass","manual-pass","approve","none","9","","Corrected the values of x, y, and z from the nested logarithms.","Approve remediated row for the V2 candidate release pool after aggregate QA gates pass."
"hjb-high-ds-v2-s4-105","S18","solver-gap-independent-solve","manual-pass","manual-pass","approve","none","\frac{1 - a}{2a + b}","","S18 independent solve: stored answer and accepted answer set match the independently derived result.","Approve for V2 candidate release pool after aggregate QA gates pass."
"hjb-high-ds-v2-s4-106","S18","p0-remediation-independent-solve","manual-pass","manual-pass","approve","none","b < c < a","","Corrected the order of the two negative logarithms.","Approve remediated row for the V2 candidate release pool after aggregate QA gates pass."
"hjb-high-ds-v2-s4-107","S18","solver-gap-independent-solve","manual-pass","manual-pass","approve","none","\frac{1}{2}","","S18 independent solve: stored answer and accepted answer set match the independently derived result.","Approve for V2 candidate release pool after aggregate QA gates pass."
"hjb-high-ds-v2-s4-108","S18","pass-sample","manual-pass","manual-pass","approve","none","12","","S18 pass-sample review: prompt is independently solvable and stored answer remains consistent with the audit answer.","Approve for V2 candidate release pool after aggregate QA gates pass."
"hjb-high-ds-v2-s4-110","S18","solver-gap-independent-solve","manual-pass","manual-pass","approve","none","\sqrt{10}","","S18 independent solve: stored answer and accepted answer set match the independently derived result.","Approve for V2 candidate release pool after aggregate QA gates pass."
"hjb-high-ds-v2-s4-111","S18","solver-gap-independent-solve","manual-pass","manual-pass","approve","none","3","","S18 independent solve: stored answer and accepted answer set match the independently derived result.","Approve for V2 candidate release pool after aggregate QA gates pass."
"hjb-high-ds-v2-s4-112","S18","solver-gap-independent-solve","manual-pass","manual-pass","approve","none","a < b < c","","S18 independent solve: stored answer and accepted answer set match the independently derived result.","Approve for V2 candidate release pool after aggregate QA gates pass."
"hjb-high-ds-v2-s4-113","S18","solver-gap-independent-solve","manual-pass","manual-pass","approve","none","3","","S18 independent solve: stored answer and accepted answer set match the independently derived result.","Approve for V2 candidate release pool after aggregate QA gates pass."
"hjb-high-ds-v2-s4-114","S18","pass-sample","manual-pass","manual-pass","approve","none","8","","S18 pass-sample review: prompt is independently solvable and stored answer remains consistent with the audit answer.","Approve for V2 candidate release pool after aggregate QA gates pass."
"hjb-high-ds-v2-s4-116","S18","pass-sample","manual-pass","manual-pass","approve","none","14","","S18 pass-sample review: prompt is independently solvable and stored answer remains consistent with the audit answer.","Approve for V2 candidate release pool after aggregate QA gates pass."
"hjb-high-ds-v2-s4-117","S18","solver-gap-independent-solve","manual-pass","manual-pass","approve","none","1","","S18 independent solve: stored answer and accepted answer set match the independently derived result.","Approve for V2 candidate release pool after aggregate QA gates pass."
"hjb-high-ds-v2-s4-118","S18","solver-gap-independent-solve","manual-pass","manual-pass","approve","none","c < a < b","","S18 independent solve: stored answer and accepted answer set match the independently derived result.","Approve for V2 candidate release pool after aggregate QA gates pass."
"hjb-high-ds-v2-s4-119","S18","solver-gap-independent-solve","manual-pass","manual-pass","approve","none","(0, \frac{2}{3}) \cup (1, +\infty)","","S18 independent solve: stored answer and accepted answer set match the independently derived result.","Approve for V2 candidate release pool after aggregate QA gates pass."
"hjb-high-ds-v2-s4-120","S18","solver-gap-independent-solve","manual-pass","manual-pass","approve","none","89","","S18 independent solve: stored answer and accepted answer set match the independently derived result.","Approve for V2 candidate release pool after aggregate QA gates pass."
"hjb-high-ds-v2-s4-121","S18","solver-gap-independent-solve","manual-pass","manual-pass","approve","none","9","","S18 independent solve: stored answer and accepted answer set match the independently derived result.","Approve for V2 candidate release pool after aggregate QA gates pass."
"hjb-high-ds-v2-s4-122","S18","solver-gap-independent-solve","manual-pass","manual-pass","approve","none","64","","S18 independent solve: stored answer and accepted answer set match the independently derived result.","Approve for V2 candidate release pool after aggregate QA gates pass."
"hjb-high-ds-v2-s4-123","S18","solver-gap-independent-solve","manual-pass","manual-pass","approve","none","2","","S18 independent solve: stored answer and accepted answer set match the independently derived result.","Approve for V2 candidate release pool after aggregate QA gates pass."
"hjb-high-ds-v2-s4-124","S18","p0-remediation-independent-solve","manual-pass","manual-pass","approve","none","b < c < a","","Corrected the order by comparing approximate values.","Approve remediated row for the V2 candidate release pool after aggregate QA gates pass."
"hjb-high-ds-v2-s4-125","S18","solver-gap-independent-solve","manual-pass","manual-pass","approve","none","1/2","","S18 independent solve: stored answer and accepted answer set match the independently derived result.","Approve for V2 candidate release pool after aggregate QA gates pass."
"hjb-high-ds-v2-s4-126","S18","solver-gap-independent-solve","manual-pass","manual-pass","approve","none","x = 2","","S18 independent solve: stored answer and accepted answer set match the independently derived result.","Approve for V2 candidate release pool after aggregate QA gates pass."
"hjb-high-ds-v2-s4-127","S18","pass-sample","manual-pass","manual-pass","approve","none","23","","S18 pass-sample review: prompt is independently solvable and stored answer remains consistent with the audit answer.","Approve for V2 candidate release pool after aggregate QA gates pass."
"hjb-high-ds-v2-s4-128","S18","solver-gap-independent-solve","manual-pass","manual-pass","approve","none","(3a+b)/2","","S18 independent solve: stored answer and accepted answer set match the independently derived result.","Approve for V2 candidate release pool after aggregate QA gates pass."
"hjb-high-ds-v2-s4-129","S18","solver-gap-independent-solve","manual-pass","manual-pass","approve","none","-1","","S18 independent solve: stored answer and accepted answer set match the independently derived result.","Approve for V2 candidate release pool after aggregate QA gates pass."
"hjb-high-ds-v2-s4-131","S18","solver-gap-independent-solve","manual-pass","manual-pass","approve","none","9","","S18 independent solve: stored answer and accepted answer set match the independently derived result.","Approve for V2 candidate release pool after aggregate QA gates pass."
"hjb-high-ds-v2-s4-132","S18","solver-gap-independent-solve","manual-pass","manual-pass","approve","none","2m - 2n","","S18 independent solve: stored answer and accepted answer set match the independently derived result.","Approve for V2 candidate release pool after aggregate QA gates pass."
"hjb-high-ds-v2-s4-133","S18","solver-gap-independent-solve","manual-pass","manual-pass","approve","none","B. \(\log_2 (x^2) = 2\log_2 |x|\)","","S18 independent solve: stored answer and accepted answer set match the independently derived result.","Approve for V2 candidate release pool after aggregate QA gates pass."
"hjb-high-ds-v2-s4-134","S18","solver-gap-independent-solve","manual-pass","manual-pass","approve","none","64","","S18 independent solve: stored answer and accepted answer set match the independently derived result.","Approve for V2 candidate release pool after aggregate QA gates pass."
"hjb-high-ds-v2-s4-135","S18","solver-gap-independent-solve","manual-pass","manual-pass","approve","none","\frac{2a+b}{1-a}","","S18 independent solve: stored answer and accepted answer set match the independently derived result.","Approve for V2 candidate release pool after aggregate QA gates pass."
"hjb-high-ds-v2-s4-136","S18","solver-gap-independent-solve","manual-pass","manual-pass","approve","none","D. \(c < a < b\)","","S18 independent solve: stored answer and accepted answer set match the independently derived result.","Approve for V2 candidate release pool after aggregate QA gates pass."
"hjb-high-ds-v2-s4-138","S18","solver-gap-independent-solve","manual-pass","manual-pass","approve","none","1","","S18 independent solve: stored answer and accepted answer set match the independently derived result.","Approve for V2 candidate release pool after aggregate QA gates pass."
"hjb-high-ds-v2-s4-140","S18","solver-gap-independent-solve","manual-pass","manual-pass","approve","none","\sqrt{5}","","S18 independent solve: stored answer and accepted answer set match the independently derived result.","Approve for V2 candidate release pool after aggregate QA gates pass."
"hjb-high-ds-v2-s4-141","S18","solver-gap-independent-solve","manual-pass","manual-pass","approve","none","18","","S18 independent solve: stored answer and accepted answer set match the independently derived result.","Approve for V2 candidate release pool after aggregate QA gates pass."
"hjb-high-ds-v2-s4-142","S18","solver-gap-independent-solve","manual-pass","manual-pass","approve","none","\frac{a + ab}{1 + a}","","S18 independent solve: stored answer and accepted answer set match the independently derived result.","Approve for V2 candidate release pool after aggregate QA gates pass."
"hjb-high-ds-v2-s4-143","S18","solver-gap-independent-solve","manual-pass","manual-pass","approve","none","3","","S18 independent solve: stored answer and accepted answer set match the independently derived result.","Approve for V2 candidate release pool after aggregate QA gates pass."
"hjb-high-ds-v2-s4-144","S18","solver-gap-independent-solve","manual-pass","manual-pass","approve","none","1","","S18 independent solve: stored answer and accepted answer set match the independently derived result.","Approve for V2 candidate release pool after aggregate QA gates pass."
"hjb-high-ds-v2-s4-145","S18","solver-gap-independent-solve","manual-pass","manual-pass","approve","none","\log_a \sqrt[n]{M} = \frac{1}{n} \log_a M","","S18 independent solve: stored answer and accepted answer set match the independently derived result.","Approve for V2 candidate release pool after aggregate QA gates pass."
"hjb-high-ds-v2-s4-146","S18","solver-gap-independent-solve","manual-pass","manual-pass","approve","none","(0, 1) ∪ (2, +∞)","","S18 independent solve: stored answer and accepted answer set match the independently derived result.","Approve for V2 candidate release pool after aggregate QA gates pass."
"hjb-high-ds-v2-s4-147","S18","solver-gap-independent-solve","manual-pass","manual-pass","approve","none","1 - \lg 5","","S18 independent solve: stored answer and accepted answer set match the independently derived result.","Approve for V2 candidate release pool after aggregate QA gates pass."
"hjb-high-ds-v2-s4-148","S18","solver-gap-independent-solve","manual-pass","manual-pass","approve","none","\frac{1}{2} 或 \frac{3}{2}","","S18 independent solve: stored answer and accepted answer set match the independently derived result.","Approve for V2 candidate release pool after aggregate QA gates pass."
"hjb-high-ds-v2-s4-149","S18","solver-gap-independent-solve","manual-pass","manual-pass","approve","none","-12","","S18 independent solve: stored answer and accepted answer set match the independently derived result.","Approve for V2 candidate release pool after aggregate QA gates pass."
"hjb-high-ds-v2-s4-150","S18","solver-gap-independent-solve","manual-pass","manual-pass","approve","none","证明见解析","","S18 independent solve: stored answer and accepted answer set match the independently derived result.","Approve for V2 candidate release pool after aggregate QA gates pass."
"hjb-high-ds-v2-s4-151","S18","solver-gap-independent-solve","manual-pass","manual-pass","approve","none","3","","S18 independent solve: stored answer and accepted answer set match the independently derived result.","Approve for V2 candidate release pool after aggregate QA gates pass."
"hjb-high-ds-v2-s4-152","S18","p0-remediation-independent-solve","manual-pass","manual-pass","approve","none","2","","Rewrote the parameter condition to give a unique high-school-friendly value.","Approve remediated row for the V2 candidate release pool after aggregate QA gates pass."
"hjb-high-ds-v2-s4-153","S18","solver-gap-independent-solve","manual-pass","manual-pass","approve","none","1","","S18 independent solve: stored answer and accepted answer set match the independently derived result.","Approve for V2 candidate release pool after aggregate QA gates pass."
"hjb-high-ds-v2-s4-155","S18","solver-gap-independent-solve","manual-pass","manual-pass","approve","none","(-∞, 0) ∪ (0, +∞)","","S18 independent solve: stored answer and accepted answer set match the independently derived result.","Approve for V2 candidate release pool after aggregate QA gates pass."
"hjb-high-ds-v2-s4-156","S18","solver-gap-independent-solve","manual-pass","manual-pass","approve","none","偶函数，值域为 [2, 17/4]","","S18 independent solve: stored answer and accepted answer set match the independently derived result.","Approve for V2 candidate release pool after aggregate QA gates pass."
"hjb-high-ds-v2-s4-157","S18","solver-gap-independent-solve","manual-pass","manual-pass","approve","none","(2, +∞)","","S18 independent solve: stored answer and accepted answer set match the independently derived result.","Approve for V2 candidate release pool after aggregate QA gates pass."
"hjb-high-ds-v2-s4-158","S18","p0-remediation-independent-solve","manual-pass","manual-pass","approve","none","(0, 1) ∪ {e^(1/e)}","","Corrected the a>1 boundary from an interval to the tangent case.","Approve remediated row for the V2 candidate release pool after aggregate QA gates pass."
"hjb-high-ds-v2-s4-159","S18","solver-gap-independent-solve","manual-pass","manual-pass","approve","none","c < a < b","","S18 independent solve: stored answer and accepted answer set match the independently derived result.","Approve for V2 candidate release pool after aggregate QA gates pass."
"hjb-high-ds-v2-s4-160","S18","pass-sample","manual-pass","manual-pass","approve","none","9","","S18 pass-sample review: prompt is independently solvable and stored answer remains consistent with the audit answer.","Approve for V2 candidate release pool after aggregate QA gates pass."
"hjb-high-ds-v2-s4-161","S18","solver-gap-independent-solve","manual-pass","manual-pass","approve","none","27","","S18 independent solve: stored answer and accepted answer set match the independently derived result.","Approve for V2 candidate release pool after aggregate QA gates pass."
"hjb-high-ds-v2-s4-162","S18","p0-remediation-independent-solve","manual-pass","manual-pass","approve","none","3","","Removed the invalid reciprocal answer for the decreasing case.","Approve remediated row for the V2 candidate release pool after aggregate QA gates pass."
"hjb-high-ds-v2-s4-163","S18","solver-gap-independent-solve","manual-pass","manual-pass","approve","none","A. y = x^3","","S18 independent solve: stored answer and accepted answer set match the independently derived result.","Approve for V2 candidate release pool after aggregate QA gates pass."
"hjb-high-ds-v2-s4-164","S18","pass-sample","manual-pass","manual-pass","approve","none","36","","S18 pass-sample review: prompt is independently solvable and stored answer remains consistent with the audit answer.","Approve for V2 candidate release pool after aggregate QA gates pass."
"hjb-high-ds-v2-s4-165","S18","solver-gap-independent-solve","manual-pass","manual-pass","approve","none","log₂3 > log₃4","","S18 independent solve: stored answer and accepted answer set match the independently derived result.","Approve for V2 candidate release pool after aggregate QA gates pass."
"hjb-high-ds-v2-s4-166","S18","solver-gap-independent-solve","manual-pass","manual-pass","approve","none","B. f(x) 是偶函数，g(x) 是奇函数","","S18 independent solve: stored answer and accepted answer set match the independently derived result.","Approve for V2 candidate release pool after aggregate QA gates pass."
"hjb-high-ds-v2-s4-167","S18","solver-gap-independent-solve","manual-pass","manual-pass","approve","none","(2, +∞)","","S18 independent solve: stored answer and accepted answer set match the independently derived result.","Approve for V2 candidate release pool after aggregate QA gates pass."
"hjb-high-ds-v2-s4-168","S18","pass-sample","manual-pass","manual-pass","approve","none","25","","S18 pass-sample review: prompt is independently solvable and stored answer remains consistent with the audit answer.","Approve for V2 candidate release pool after aggregate QA gates pass."
"hjb-high-ds-v2-s4-169","S18","solver-gap-independent-solve","manual-pass","manual-pass","approve","none","B. b < a < c","","S18 independent solve: stored answer and accepted answer set match the independently derived result.","Approve for V2 candidate release pool after aggregate QA gates pass."
"hjb-high-ds-v2-s4-170","S18","solver-gap-independent-solve","manual-pass","manual-pass","approve","none","(-4, 4]","","S18 independent solve: stored answer and accepted answer set match the independently derived result.","Approve for V2 candidate release pool after aggregate QA gates pass."
"hjb-high-ds-v2-s4-171","S18","solver-gap-independent-solve","manual-pass","manual-pass","approve","none","3","","S18 independent solve: stored answer and accepted answer set match the independently derived result.","Approve for V2 candidate release pool after aggregate QA gates pass."
"hjb-high-ds-v2-s4-172","S18","solver-gap-independent-solve","manual-pass","manual-pass","approve","none","(2, 2)","","S18 independent solve: stored answer and accepted answer set match the independently derived result.","Approve for V2 candidate release pool after aggregate QA gates pass."
"hjb-high-ds-v2-s4-173","S18","solver-gap-independent-solve","manual-pass","manual-pass","approve","none","2 或 1/2","","S18 independent solve: stored answer and accepted answer set match the independently derived result.","Approve for V2 candidate release pool after aggregate QA gates pass."
"hjb-high-ds-v2-s4-174","S18","solver-gap-independent-solve","manual-pass","manual-pass","approve","none","f(x) 是偶函数，g(x) 是奇函数","","S18 independent solve: stored answer and accepted answer set match the independently derived result.","Approve for V2 candidate release pool after aggregate QA gates pass."
"hjb-high-ds-v2-s4-176","S18","solver-gap-independent-solve","manual-pass","manual-pass","approve","none","1/3","","S18 independent solve: stored answer and accepted answer set match the independently derived result.","Approve for V2 candidate release pool after aggregate QA gates pass."
"hjb-high-ds-v2-s4-177","S18","solver-gap-independent-solve","manual-pass","manual-pass","approve","none","log_2 3 > log_3 2","","S18 independent solve: stored answer and accepted answer set match the independently derived result.","Approve for V2 candidate release pool after aggregate QA gates pass."
"hjb-high-ds-v2-s4-178","S18","solver-gap-independent-solve","manual-pass","manual-pass","approve","none","(3, +∞)","","S18 independent solve: stored answer and accepted answer set match the independently derived result.","Approve for V2 candidate release pool after aggregate QA gates pass."
"hjb-high-ds-v2-s4-179","S18","solver-gap-independent-solve","manual-pass","manual-pass","approve","none","(-2, -1)","","S18 independent solve: stored answer and accepted answer set match the independently derived result.","Approve for V2 candidate release pool after aggregate QA gates pass."
"hjb-high-ds-v2-s4-180","S18","solver-gap-independent-solve","manual-pass","manual-pass","approve","none","3/2 或 1/2","","S18 independent solve: stored answer and accepted answer set match the independently derived result.","Approve for V2 candidate release pool after aggregate QA gates pass."
"hjb-high-ds-v2-s4-181","S18","solver-gap-independent-solve","manual-pass","manual-pass","approve","none","(0, +∞)","","S18 independent solve: stored answer and accepted answer set match the independently derived result.","Approve for V2 candidate release pool after aggregate QA gates pass."
"hjb-high-ds-v2-s4-182","S18","solver-gap-independent-solve","manual-pass","manual-pass","approve","none","6","","S18 independent solve: stored answer and accepted answer set match the independently derived result.","Approve for V2 candidate release pool after aggregate QA gates pass."
"hjb-high-ds-v2-s4-183","S18","solver-gap-independent-solve","manual-pass","manual-pass","approve","none","c < b < a","","S18 independent solve: stored answer and accepted answer set match the independently derived result.","Approve for V2 candidate release pool after aggregate QA gates pass."
"hjb-high-ds-v2-s4-184","S18","solver-gap-independent-solve","manual-pass","manual-pass","approve","none","√2 或 1/√2","","S18 independent solve: stored answer and accepted answer set match the independently derived result.","Approve for V2 candidate release pool after aggregate QA gates pass."
"hjb-high-ds-v2-s4-185","S18","solver-gap-independent-solve","manual-pass","manual-pass","approve","none","1","","S18 independent solve: stored answer and accepted answer set match the independently derived result.","Approve for V2 candidate release pool after aggregate QA gates pass."
"hjb-high-ds-v2-s4-186","S18","p0-remediation-independent-solve","manual-pass","manual-pass","approve","none","√2 < a ≤ e^(1/e)","","Corrected the image of x^(1/x) on the requested interval.","Approve remediated row for the V2 candidate release pool after aggregate QA gates pass."
"hjb-high-ds-v2-s4-187","S18","solver-gap-independent-solve","manual-pass","manual-pass","approve","none","(-∞, -1)","","S18 independent solve: stored answer and accepted answer set match the independently derived result.","Approve for V2 candidate release pool after aggregate QA gates pass."
"hjb-high-ds-v2-s4-188","S18","solver-gap-independent-solve","manual-pass","manual-pass","approve","none","7","","S18 independent solve: stored answer and accepted answer set match the independently derived result.","Approve for V2 candidate release pool after aggregate QA gates pass."
"hjb-high-ds-v2-s4-189","S18","solver-gap-independent-solve","manual-pass","manual-pass","approve","none","14","","S18 independent solve: stored answer and accepted answer set match the independently derived result.","Approve for V2 candidate release pool after aggregate QA gates pass."
"hjb-high-ds-v2-s4-190","S18","solver-gap-independent-solve","manual-pass","manual-pass","approve","none","2","","S18 independent solve: stored answer and accepted answer set match the independently derived result.","Approve for V2 candidate release pool after aggregate QA gates pass."
"hjb-high-ds-v2-s4-191","S18","solver-gap-independent-solve","manual-pass","manual-pass","approve","none","3","","S18 independent solve: stored answer and accepted answer set match the independently derived result.","Approve for V2 candidate release pool after aggregate QA gates pass."
"hjb-high-ds-v2-s4-192","S18","solver-gap-independent-solve","manual-pass","manual-pass","approve","none","3","","S18 independent solve: stored answer and accepted answer set match the independently derived result.","Approve for V2 candidate release pool after aggregate QA gates pass."
"hjb-high-ds-v2-s4-194","S18","pass-sample","manual-pass","manual-pass","approve","none","144","","S18 pass-sample review: prompt is independently solvable and stored answer remains consistent with the audit answer.","Approve for V2 candidate release pool after aggregate QA gates pass."
"hjb-high-ds-v2-s4-195","S18","solver-gap-independent-solve","manual-pass","manual-pass","approve","none",">","","S18 independent solve: stored answer and accepted answer set match the independently derived result.","Approve for V2 candidate release pool after aggregate QA gates pass."
"hjb-high-ds-v2-s4-196","S18","solver-gap-independent-solve","manual-pass","manual-pass","approve","none","C. c < a < b","","S18 independent solve: stored answer and accepted answer set match the independently derived result.","Approve for V2 candidate release pool after aggregate QA gates pass."
"hjb-high-ds-v2-s4-197","S18","solver-gap-independent-solve","manual-pass","manual-pass","approve","none","(-∞, -1) ∪ (3, +∞)","","S18 independent solve: stored answer and accepted answer set match the independently derived result.","Approve for V2 candidate release pool after aggregate QA gates pass."
"hjb-high-ds-v2-s4-198","S18","solver-gap-independent-solve","manual-pass","manual-pass","approve","none","偶函数；在 [0, +∞) 上单调递增","","S18 independent solve: stored answer and accepted answer set match the independently derived result.","Approve for V2 candidate release pool after aggregate QA gates pass."
"hjb-high-ds-v2-s4-199","S18","solver-gap-independent-solve","manual-pass","manual-pass","approve","none","A. 关于直线 y = x 对称","","S18 independent solve: stored answer and accepted answer set match the independently derived result.","Approve for V2 candidate release pool after aggregate QA gates pass."
"hjb-high-ds-v2-s4-200","S18","solver-gap-independent-solve","manual-pass","manual-pass","approve","none","1/2 或 3/2","","S18 independent solve: stored answer and accepted answer set match the independently derived result.","Approve for V2 candidate release pool after aggregate QA gates pass."
"hjb-high-ds-v2-s4-201","S18","p0-remediation-independent-solve","manual-pass","manual-pass","approve","none","(-∞, 1] ∪ [3, +∞)","","Corrected the right branch to start at 3 from the square-root condition.","Approve remediated row for the V2 candidate release pool after aggregate QA gates pass."
"hjb-high-ds-v2-s4-202","S18","pass-sample","manual-pass","manual-pass","approve","none","135","","S18 pass-sample review: prompt is independently solvable and stored answer remains consistent with the audit answer.","Approve for V2 candidate release pool after aggregate QA gates pass."
"hjb-high-ds-v2-s4-203","S18","solver-gap-independent-solve","manual-pass","manual-pass","approve","none","0","","S18 independent solve: stored answer and accepted answer set match the independently derived result.","Approve for V2 candidate release pool after aggregate QA gates pass."
"hjb-high-ds-v2-s4-204","S18","solver-gap-independent-solve","manual-pass","manual-pass","approve","none","[-1, 0] 和 [1, +∞)","","S18 independent solve: stored answer and accepted answer set match the independently derived result.","Approve for V2 candidate release pool after aggregate QA gates pass."
"hjb-high-ds-v2-s4-206","S18","solver-gap-independent-solve","manual-pass","manual-pass","approve","none","(-∞, -1]","","S18 independent solve: stored answer and accepted answer set match the independently derived result.","Approve for V2 candidate release pool after aggregate QA gates pass."
"hjb-high-ds-v2-s4-207","S18","p0-remediation-independent-solve","manual-pass","manual-pass","approve","none","{-1}","","Corrected the double-root solution set.","Approve remediated row for the V2 candidate release pool after aggregate QA gates pass."
"hjb-high-ds-v2-s4-209","S18","p0-remediation-independent-solve","manual-pass","manual-pass","approve","none","0","","Corrected the sum of both piecewise roots.","Approve remediated row for the V2 candidate release pool after aggregate QA gates pass."
"hjb-high-ds-v2-s4-210","S18","solver-gap-independent-solve","manual-pass","manual-pass","approve","none","奇函数，值域为 [-1/2, 1/2]","","S18 independent solve: stored answer and accepted answer set match the independently derived result.","Approve for V2 candidate release pool after aggregate QA gates pass."
"hjb-high-ds-v2-s4-211","S18","p0-remediation-independent-solve","manual-pass","manual-pass","approve","none","1","","Replaced contradictory parity conditions with consistent symmetry and period conditions.","Approve remediated row for the V2 candidate release pool after aggregate QA gates pass."
"hjb-high-ds-v2-s4-212","S18","solver-gap-independent-solve","manual-pass","manual-pass","approve","none","[3,+∞)","","S18 independent solve: stored answer and accepted answer set match the independently derived result.","Approve for V2 candidate release pool after aggregate QA gates pass."
"hjb-high-ds-v2-s4-213","S18","solver-gap-independent-solve","manual-pass","manual-pass","approve","none","a=-3, b=-9, c=2","","S18 independent solve: stored answer and accepted answer set match the independently derived result.","Approve for V2 candidate release pool after aggregate QA gates pass."
"hjb-high-ds-v2-s4-214","S18","pass-sample","manual-pass","manual-pass","approve","none","99","","S18 pass-sample review: prompt is independently solvable and stored answer remains consistent with the audit answer.","Approve for V2 candidate release pool after aggregate QA gates pass."
"hjb-high-ds-v2-s4-217","S18","pass-sample","manual-pass","manual-pass","approve","none","33","","S18 pass-sample review: prompt is independently solvable and stored answer remains consistent with the audit answer.","Approve for V2 candidate release pool after aggregate QA gates pass."
"hjb-high-ds-v2-s4-218","S18","solver-gap-independent-solve","manual-pass","manual-pass","approve","none","[0,1]","","S18 independent solve: stored answer and accepted answer set match the independently derived result.","Approve for V2 candidate release pool after aggregate QA gates pass."
"hjb-high-ds-v2-s4-219","S18","solver-gap-independent-solve","manual-pass","manual-pass","approve","none","最小值为 2√2，此时 x=√2/2","","S18 independent solve: stored answer and accepted answer set match the independently derived result.","Approve for V2 candidate release pool after aggregate QA gates pass."
"hjb-high-ds-v2-s4-221","S18","solver-gap-independent-solve","manual-pass","manual-pass","approve","none","[2, 5)","","S18 independent solve: stored answer and accepted answer set match the independently derived result.","Approve for V2 candidate release pool after aggregate QA gates pass."
"hjb-high-ds-v2-s4-222","S18","solver-gap-independent-solve","manual-pass","manual-pass","approve","none","奇函数","","S18 independent solve: stored answer and accepted answer set match the independently derived result.","Approve for V2 candidate release pool after aggregate QA gates pass."
"hjb-high-ds-v2-s4-223","S18","p0-remediation-independent-solve","manual-pass","manual-pass","approve","none","1","","Replaced contradictory odd/even shifted conditions with consistent symmetry and period conditions.","Approve remediated row for the V2 candidate release pool after aggregate QA gates pass."
"hjb-high-ds-v2-s4-224","S18","solver-gap-independent-solve","manual-pass","manual-pass","approve","none","7/2","","S18 independent solve: stored answer and accepted answer set match the independently derived result.","Approve for V2 candidate release pool after aggregate QA gates pass."
"hjb-high-ds-v2-s4-225","S18","solver-gap-independent-solve","manual-pass","manual-pass","approve","none","a ≥ 2","","S18 independent solve: stored answer and accepted answer set match the independently derived result.","Approve for V2 candidate release pool after aggregate QA gates pass."
"hjb-high-ds-v2-s4-226","S18","solver-gap-independent-solve","manual-pass","manual-pass","approve","none","f(x) 是周期为 8 的周期函数","","S18 independent solve: stored answer and accepted answer set match the independently derived result.","Approve for V2 candidate release pool after aggregate QA gates pass."
"hjb-high-ds-v2-s4-227","S18","solver-gap-independent-solve","manual-pass","manual-pass","approve","none","(3, +∞)","","S18 independent solve: stored answer and accepted answer set match the independently derived result.","Approve for V2 candidate release pool after aggregate QA gates pass."
"hjb-high-ds-v2-s4-228","S18","solver-gap-independent-solve","manual-pass","manual-pass","approve","none","x = -1 或 x = 1","","S18 independent solve: stored answer and accepted answer set match the independently derived result.","Approve for V2 candidate release pool after aggregate QA gates pass."
"hjb-high-ds-v2-s4-229","S18","solver-gap-independent-solve","manual-pass","manual-pass","approve","none","0","","S18 independent solve: stored answer and accepted answer set match the independently derived result.","Approve for V2 candidate release pool after aggregate QA gates pass."
"hjb-high-ds-v2-s4-231","S18","solver-gap-independent-solve","manual-pass","manual-pass","approve","none","(-∞, -1] ∪ [3, 4) ∪ (4, +∞)","","S18 independent solve: stored answer and accepted answer set match the independently derived result.","Approve for V2 candidate release pool after aggregate QA gates pass."
"hjb-high-ds-v2-s4-233","S18","solver-gap-independent-solve","manual-pass","manual-pass","approve","none","x = ±1","","S18 independent solve: stored answer and accepted answer set match the independently derived result.","Approve for V2 candidate release pool after aggregate QA gates pass."
"hjb-high-ds-v2-s4-234","S18","solver-gap-independent-solve","manual-pass","manual-pass","approve","none","f⁻¹(x) = (x + 1)/(x - 2)，定义域为 (2, +∞)","","S18 independent solve: stored answer and accepted answer set match the independently derived result.","Approve for V2 candidate release pool after aggregate QA gates pass."
"hjb-high-ds-v2-s4-235","S18","pass-sample","manual-pass","manual-pass","approve","none","167","","S18 pass-sample review: prompt is independently solvable and stored answer remains consistent with the audit answer.","Approve for V2 candidate release pool after aggregate QA gates pass."
"hjb-high-ds-v2-s4-236","S18","solver-gap-independent-solve","manual-pass","manual-pass","approve","none","[√2, 2]","","S18 independent solve: stored answer and accepted answer set match the independently derived result.","Approve for V2 candidate release pool after aggregate QA gates pass."
"hjb-high-ds-v2-s4-237","S18","solver-gap-independent-solve","manual-pass","manual-pass","approve","none","(-∞, -2) ∪ (0, 2)","","S18 independent solve: stored answer and accepted answer set match the independently derived result.","Approve for V2 candidate release pool after aggregate QA gates pass."
"hjb-high-ds-v2-s4-239","S18","solver-gap-independent-solve","manual-pass","manual-pass","approve","none","[1, 2]","","S18 independent solve: stored answer and accepted answer set match the independently derived result.","Approve for V2 candidate release pool after aggregate QA gates pass."
"hjb-high-ds-v2-s4-240","S18","solver-gap-independent-solve","manual-pass","manual-pass","approve","none","奇函数","","S18 independent solve: stored answer and accepted answer set match the independently derived result.","Approve for V2 candidate release pool after aggregate QA gates pass."
"hjb-high-ds-v2-s4-241","S18","solver-gap-independent-solve","manual-pass","manual-pass","approve","none","f(3)=0","","S18 independent solve: stored answer and accepted answer set match the independently derived result.","Approve for V2 candidate release pool after aggregate QA gates pass."
"hjb-high-ds-v2-s4-242","S18","solver-gap-independent-solve","manual-pass","manual-pass","approve","none","(-∞,1]∪[3,+∞)","","S18 independent solve: stored answer and accepted answer set match the independently derived result.","Approve for V2 candidate release pool after aggregate QA gates pass."
"hjb-high-ds-v2-s4-243","S18","solver-gap-independent-solve","manual-pass","manual-pass","approve","none","a=0, b=-3, c=2","","S18 independent solve: stored answer and accepted answer set match the independently derived result.","Approve for V2 candidate release pool after aggregate QA gates pass."
"hjb-high-ds-v2-s4-245","S18","pass-sample","manual-pass","manual-pass","approve","none","132","","S18 pass-sample review: prompt is independently solvable and stored answer remains consistent with the audit answer.","Approve for V2 candidate release pool after aggregate QA gates pass."
"hjb-high-ds-v2-s4-247","S18","pass-sample","manual-pass","manual-pass","approve","none","77","","S18 pass-sample review: prompt is independently solvable and stored answer remains consistent with the audit answer.","Approve for V2 candidate release pool after aggregate QA gates pass."
"hjb-high-ds-v2-s4-248","S18","solver-gap-independent-solve","manual-pass","manual-pass","approve","none","(-∞,-1)和(-1,1)","","S18 independent solve: stored answer and accepted answer set match the independently derived result.","Approve for V2 candidate release pool after aggregate QA gates pass."
"hjb-high-ds-v2-s4-249","S18","solver-gap-independent-solve","manual-pass","manual-pass","approve","none","奇函数，值域为[-1/2,1/2]","","S18 independent solve: stored answer and accepted answer set match the independently derived result.","Approve for V2 candidate release pool after aggregate QA gates pass."
"hjb-high-ds-v2-s4-253","S18","pass-sample","manual-pass","manual-pass","approve","none","28","","S18 pass-sample review: prompt is independently solvable and stored answer remains consistent with the audit answer.","Approve for V2 candidate release pool after aggregate QA gates pass."
"hjb-high-ds-v2-s4-256","S18","pass-sample","manual-pass","manual-pass","approve","none","28","","S18 pass-sample review: prompt is independently solvable and stored answer remains consistent with the audit answer.","Approve for V2 candidate release pool after aggregate QA gates pass."
"hjb-high-ds-v2-s4-259","S18","pass-sample","manual-pass","manual-pass","approve","none","80","","S18 pass-sample review: prompt is independently solvable and stored answer remains consistent with the audit answer.","Approve for V2 candidate release pool after aggregate QA gates pass."
"hjb-high-ds-v2-s4-261","S18","solver-gap-independent-solve","manual-pass","manual-pass","approve","none","0.60","","S18 independent solve: stored answer and accepted answer set match the independently derived result.","Approve for V2 candidate release pool after aggregate QA gates pass."
"hjb-high-ds-v2-s4-262","S18","p0-remediation-independent-solve","manual-pass","manual-pass","approve","none","0° < A < arcsin(7/8)","","Corrected the two-solution angle bound.","Approve remediated row for the V2 candidate release pool after aggregate QA gates pass."
"hjb-high-ds-v2-s4-263","S18","solver-gap-independent-solve","manual-pass","manual-pass","approve","none","1/5","","S18 independent solve: stored answer and accepted answer set match the independently derived result.","Approve for V2 candidate release pool after aggregate QA gates pass."
"hjb-high-ds-v2-s4-264","S18","solver-gap-independent-solve","manual-pass","manual-pass","approve","none","7","","S18 independent solve: stored answer and accepted answer set match the independently derived result.","Approve for V2 candidate release pool after aggregate QA gates pass."
"hjb-high-ds-v2-s4-265","S18","p0-remediation-independent-solve","manual-pass","manual-pass","approve","none","ω=2，φ=π/6","","Replaced the impossible minimum/value combination with a consistent maximum condition.","Approve remediated row for the V2 candidate release pool after aggregate QA gates pass."
"hjb-high-ds-v2-s4-266","S18","solver-gap-independent-solve","manual-pass","manual-pass","approve","none","3","","S18 independent solve: stored answer and accepted answer set match the independently derived result.","Approve for V2 candidate release pool after aggregate QA gates pass."
"hjb-high-ds-v2-s4-267","S18","solver-gap-independent-solve","manual-pass","manual-pass","approve","none","-(3√3+4)/10","","S18 independent solve: stored answer and accepted answer set match the independently derived result.","Approve for V2 candidate release pool after aggregate QA gates pass."
"hjb-high-ds-v2-s4-268","S18","p0-remediation-independent-solve","manual-pass","manual-pass","approve","none","等腰三角形","","Removed the invalid right-triangle branch from the answer.","Approve remediated row for the V2 candidate release pool after aggregate QA gates pass."
"hjb-high-ds-v2-s4-269","S18","solver-gap-independent-solve","manual-pass","manual-pass","approve","none","1/2 或 8","","S18 independent solve: stored answer and accepted answer set match the independently derived result.","Approve for V2 candidate release pool after aggregate QA gates pass."
"hjb-high-ds-v2-s4-270","S18","solver-gap-independent-solve","manual-pass","manual-pass","approve","none","60°或120°","","S18 independent solve: stored answer and accepted answer set match the independently derived result.","Approve for V2 candidate release pool after aggregate QA gates pass."
"hjb-high-ds-v2-s4-271","S18","pass-sample","manual-pass","manual-pass","approve","none","170","","S18 pass-sample review: prompt is independently solvable and stored answer remains consistent with the audit answer.","Approve for V2 candidate release pool after aggregate QA gates pass."
"hjb-high-ds-v2-s4-274","S18","pass-sample","manual-pass","manual-pass","approve","none","30","","S18 pass-sample review: prompt is independently solvable and stored answer remains consistent with the audit answer.","Approve for V2 candidate release pool after aggregate QA gates pass."
"hjb-high-ds-v2-s4-277","S18","pass-sample","manual-pass","manual-pass","approve","none","84","","S18 pass-sample review: prompt is independently solvable and stored answer remains consistent with the audit answer.","Approve for V2 candidate release pool after aggregate QA gates pass."
"hjb-high-ds-v2-s4-280","S18","pass-sample","manual-pass","manual-pass","approve","none","50","","S18 pass-sample review: prompt is independently solvable and stored answer remains consistent with the audit answer.","Approve for V2 candidate release pool after aggregate QA gates pass."
"hjb-high-ds-v2-s4-283","S18","pass-sample","manual-pass","manual-pass","approve","none","57","","S18 pass-sample review: prompt is independently solvable and stored answer remains consistent with the audit answer.","Approve for V2 candidate release pool after aggregate QA gates pass."
"hjb-high-ds-v2-s4-289","S18","pass-sample","manual-pass","manual-pass","approve","none","54","","S18 pass-sample review: prompt is independently solvable and stored answer remains consistent with the audit answer.","Approve for V2 candidate release pool after aggregate QA gates pass."
"hjb-high-ds-v2-s4-301","S18","pass-sample","manual-pass","manual-pass","approve","none","12","","S18 pass-sample review: prompt is independently solvable and stored answer remains consistent with the audit answer.","Approve for V2 candidate release pool after aggregate QA gates pass."
"hjb-high-ds-v2-s4-304","S18","pass-sample","manual-pass","manual-pass","approve","none","100","","S18 pass-sample review: prompt is independently solvable and stored answer remains consistent with the audit answer.","Approve for V2 candidate release pool after aggregate QA gates pass."
"hjb-high-ds-v2-s4-310","S18","pass-sample","manual-pass","manual-pass","approve","none","24","","S18 pass-sample review: prompt is independently solvable and stored answer remains consistent with the audit answer.","Approve for V2 candidate release pool after aggregate QA gates pass."
"hjb-high-ds-v2-s4-312","S18","pass-sample","manual-pass","manual-pass","approve","none","15","","S18 pass-sample review: prompt is independently solvable and stored answer remains consistent with the audit answer.","Approve for V2 candidate release pool after aggregate QA gates pass."
"hjb-high-ds-v2-s4-313","S18","pass-sample","manual-pass","manual-pass","approve","none","63","","S18 pass-sample review: prompt is independently solvable and stored answer remains consistent with the audit answer.","Approve for V2 candidate release pool after aggregate QA gates pass."
"hjb-high-ds-v2-s4-316","S18","pass-sample","manual-pass","manual-pass","approve","none","π","","S18 pass-sample review: prompt is independently solvable and stored answer remains consistent with the audit answer.","Approve for V2 candidate release pool after aggregate QA gates pass."
"hjb-high-ds-v2-s4-325","S18","pass-sample","manual-pass","manual-pass","approve","none","π","","S18 pass-sample review: prompt is independently solvable and stored answer remains consistent with the audit answer.","Approve for V2 candidate release pool after aggregate QA gates pass."
"hjb-high-ds-v2-s4-330","S18","pass-sample","manual-pass","manual-pass","approve","none","π","","S18 pass-sample review: prompt is independently solvable and stored answer remains consistent with the audit answer.","Approve for V2 candidate release pool after aggregate QA gates pass."
"hjb-high-ds-v2-s4-337","S18","pass-sample","manual-pass","manual-pass","approve","none","π","","S18 pass-sample review: prompt is independently solvable and stored answer remains consistent with the audit answer.","Approve for V2 candidate release pool after aggregate QA gates pass."
"hjb-high-ds-v2-s4-340","S18","pass-sample","manual-pass","manual-pass","approve","none","π","","S18 pass-sample review: prompt is independently solvable and stored answer remains consistent with the audit answer.","Approve for V2 candidate release pool after aggregate QA gates pass."
"hjb-high-ds-v2-s4-346","S18","pass-sample","manual-pass","manual-pass","approve","none","π","","S18 pass-sample review: prompt is independently solvable and stored answer remains consistent with the audit answer.","Approve for V2 candidate release pool after aggregate QA gates pass."
"hjb-high-ds-v2-s4-355","S18","pass-sample","manual-pass","manual-pass","approve","none","π","","S18 pass-sample review: prompt is independently solvable and stored answer remains consistent with the audit answer.","Approve for V2 candidate release pool after aggregate QA gates pass."
"hjb-high-ds-v2-s4-370","S18","pass-sample","manual-pass","manual-pass","approve","none","π","","S18 pass-sample review: prompt is independently solvable and stored answer remains consistent with the audit answer.","Approve for V2 candidate release pool after aggregate QA gates pass."
"hjb-high-ds-v2-s4-373","S18","pass-sample","manual-pass","manual-pass","approve","none","π","","S18 pass-sample review: prompt is independently solvable and stored answer remains consistent with the audit answer.","Approve for V2 candidate release pool after aggregate QA gates pass."
"hjb-high-ds-v2-s4-376","S18","pass-sample","manual-pass","manual-pass","approve","none","π","","S18 pass-sample review: prompt is independently solvable and stored answer remains consistent with the audit answer.","Approve for V2 candidate release pool after aggregate QA gates pass."
"hjb-high-ds-v2-s4-379","S18","pass-sample","manual-pass","manual-pass","approve","none","72","","S18 pass-sample review: prompt is independently solvable and stored answer remains consistent with the audit answer.","Approve for V2 candidate release pool after aggregate QA gates pass."
"hjb-high-ds-v2-s4-382","S18","pass-sample","manual-pass","manual-pass","approve","none","152","","S18 pass-sample review: prompt is independently solvable and stored answer remains consistent with the audit answer.","Approve for V2 candidate release pool after aggregate QA gates pass."
"hjb-high-ds-v2-s4-403","S18","pass-sample","manual-pass","manual-pass","approve","none","56","","S18 pass-sample review: prompt is independently solvable and stored answer remains consistent with the audit answer.","Approve for V2 candidate release pool after aggregate QA gates pass."
"hjb-high-ds-v2-s4-406","S18","pass-sample","manual-pass","manual-pass","approve","none","96","","S18 pass-sample review: prompt is independently solvable and stored answer remains consistent with the audit answer.","Approve for V2 candidate release pool after aggregate QA gates pass."
"hjb-high-ds-v2-s4-412","S18","pass-sample","manual-pass","manual-pass","approve","none","153","","S18 pass-sample review: prompt is independently solvable and stored answer remains consistent with the audit answer.","Approve for V2 candidate release pool after aggregate QA gates pass."
"hjb-high-ds-v2-s4-415","S18","pass-sample","manual-pass","manual-pass","approve","none","216","","S18 pass-sample review: prompt is independently solvable and stored answer remains consistent with the audit answer.","Approve for V2 candidate release pool after aggregate QA gates pass."
"hjb-high-ds-v2-s4-416","S18","pass-sample","manual-pass","manual-pass","approve","none","60","","S18 pass-sample review: prompt is independently solvable and stored answer remains consistent with the audit answer.","Approve for V2 candidate release pool after aggregate QA gates pass."
"hjb-high-ds-v2-s4-445","S18","pass-sample","manual-pass","manual-pass","approve","none","22","","S18 pass-sample review: prompt is independently solvable and stored answer remains consistent with the audit answer.","Approve for V2 candidate release pool after aggregate QA gates pass."
"hjb-high-ds-v2-s4-497","S18","pass-sample","manual-pass","manual-pass","approve","none","26","","S18 pass-sample review: prompt is independently solvable and stored answer remains consistent with the audit answer.","Approve for V2 candidate release pool after aggregate QA gates pass."
"hjb-high-ds-v2-s5-004","S18","pass-sample","manual-pass","manual-pass","approve","none","32","","S18 pass-sample review: prompt is independently solvable and stored answer remains consistent with the audit answer.","Approve for V2 candidate release pool after aggregate QA gates pass."
"hjb-high-ds-v2-s5-012","S18","pass-sample","manual-pass","manual-pass","approve","none","152","","S18 pass-sample review: prompt is independently solvable and stored answer remains consistent with the audit answer.","Approve for V2 candidate release pool after aggregate QA gates pass."
"hjb-high-ds-v2-s5-016","S18","pass-sample","manual-pass","manual-pass","approve","none","49","","S18 pass-sample review: prompt is independently solvable and stored answer remains consistent with the audit answer.","Approve for V2 candidate release pool after aggregate QA gates pass."
"hjb-high-ds-v2-s5-020","S18","pass-sample","manual-pass","manual-pass","approve","none","18","","S18 pass-sample review: prompt is independently solvable and stored answer remains consistent with the audit answer.","Approve for V2 candidate release pool after aggregate QA gates pass."
"hjb-high-ds-v2-s5-028","S18","pass-sample","manual-pass","manual-pass","approve","none","28","","S18 pass-sample review: prompt is independently solvable and stored answer remains consistent with the audit answer.","Approve for V2 candidate release pool after aggregate QA gates pass."
"hjb-high-ds-v2-s5-032","S18","pass-sample","manual-pass","manual-pass","approve","none","15","","S18 pass-sample review: prompt is independently solvable and stored answer remains consistent with the audit answer.","Approve for V2 candidate release pool after aggregate QA gates pass."
"hjb-high-ds-v2-s5-033","S18","pass-sample","manual-pass","manual-pass","approve","none","24","","S18 pass-sample review: prompt is independently solvable and stored answer remains consistent with the audit answer.","Approve for V2 candidate release pool after aggregate QA gates pass."
"hjb-high-ds-v2-s5-036","S18","pass-sample","manual-pass","manual-pass","approve","none","42","","S18 pass-sample review: prompt is independently solvable and stored answer remains consistent with the audit answer.","Approve for V2 candidate release pool after aggregate QA gates pass."
"hjb-high-ds-v2-s5-040","S18","pass-sample","manual-pass","manual-pass","approve","none","209","","S18 pass-sample review: prompt is independently solvable and stored answer remains consistent with the audit answer.","Approve for V2 candidate release pool after aggregate QA gates pass."
"hjb-high-ds-v2-s5-042","S18","pass-sample","manual-pass","manual-pass","approve","none","28","","S18 pass-sample review: prompt is independently solvable and stored answer remains consistent with the audit answer.","Approve for V2 candidate release pool after aggregate QA gates pass."
"hjb-high-ds-v2-s5-048","S18","pass-sample","manual-pass","manual-pass","approve","none","80","","S18 pass-sample review: prompt is independently solvable and stored answer remains consistent with the audit answer.","Approve for V2 candidate release pool after aggregate QA gates pass."
"hjb-high-ds-v2-s5-056","S18","pass-sample","manual-pass","manual-pass","approve","none","448","","S18 pass-sample review: prompt is independently solvable and stored answer remains consistent with the audit answer.","Approve for V2 candidate release pool after aggregate QA gates pass."
"hjb-high-ds-v2-s5-060","S18","pass-sample","manual-pass","manual-pass","approve","none","486","","S18 pass-sample review: prompt is independently solvable and stored answer remains consistent with the audit answer.","Approve for V2 candidate release pool after aggregate QA gates pass."
"hjb-high-ds-v2-s5-072","S18","pass-sample","manual-pass","manual-pass","approve","none","272","","S18 pass-sample review: prompt is independently solvable and stored answer remains consistent with the audit answer.","Approve for V2 candidate release pool after aggregate QA gates pass."
"hjb-high-ds-v2-s5-075","S18","pass-sample","manual-pass","manual-pass","approve","none","64","","S18 pass-sample review: prompt is independently solvable and stored answer remains consistent with the audit answer.","Approve for V2 candidate release pool after aggregate QA gates pass."
"hjb-high-ds-v2-s5-080","S18","pass-sample","manual-pass","manual-pass","approve","none","1936","","S18 pass-sample review: prompt is independently solvable and stored answer remains consistent with the audit answer.","Approve for V2 candidate release pool after aggregate QA gates pass."
"hjb-high-ds-v2-s5-083","S18","pass-sample","manual-pass","manual-pass","approve","none","1936","","S18 pass-sample review: prompt is independently solvable and stored answer remains consistent with the audit answer.","Approve for V2 candidate release pool after aggregate QA gates pass."
"hjb-high-ds-v2-s5-084","S18","pass-sample","manual-pass","manual-pass","approve","none","2000","","S18 pass-sample review: prompt is independently solvable and stored answer remains consistent with the audit answer.","Approve for V2 candidate release pool after aggregate QA gates pass."
"hjb-high-ds-v2-s5-088","S18","pass-sample","manual-pass","manual-pass","approve","none","900","","S18 pass-sample review: prompt is independently solvable and stored answer remains consistent with the audit answer.","Approve for V2 candidate release pool after aggregate QA gates pass."
"hjb-high-ds-v2-s5-092","S18","pass-sample","manual-pass","manual-pass","approve","none","225","","S18 pass-sample review: prompt is independently solvable and stored answer remains consistent with the audit answer.","Approve for V2 candidate release pool after aggregate QA gates pass."
"hjb-high-ds-v2-s5-100","S18","pass-sample","manual-pass","manual-pass","approve","none","1024","","S18 pass-sample review: prompt is independently solvable and stored answer remains consistent with the audit answer.","Approve for V2 candidate release pool after aggregate QA gates pass."
"hjb-high-ds-v2-s5-104","S18","pass-sample","manual-pass","manual-pass","approve","none","2299","","S18 pass-sample review: prompt is independently solvable and stored answer remains consistent with the audit answer.","Approve for V2 candidate release pool after aggregate QA gates pass."
"hjb-high-ds-v2-s5-108","S18","pass-sample","manual-pass","manual-pass","approve","none","1377","","S18 pass-sample review: prompt is independently solvable and stored answer remains consistent with the audit answer.","Approve for V2 candidate release pool after aggregate QA gates pass."
"hjb-high-ds-v2-s5-112","S18","pass-sample","manual-pass","manual-pass","approve","none","5/20","","S18 pass-sample review: prompt is independently solvable and stored answer remains consistent with the audit answer.","Approve for V2 candidate release pool after aggregate QA gates pass."
"hjb-high-ds-v2-s5-116","S18","pass-sample","manual-pass","manual-pass","approve","none","8/24","","S18 pass-sample review: prompt is independently solvable and stored answer remains consistent with the audit answer.","Approve for V2 candidate release pool after aggregate QA gates pass."
"hjb-high-ds-v2-s5-124","S18","pass-sample","manual-pass","manual-pass","approve","none","5/16","","S18 pass-sample review: prompt is independently solvable and stored answer remains consistent with the audit answer.","Approve for V2 candidate release pool after aggregate QA gates pass."
"hjb-high-ds-v2-s5-132","S18","pass-sample","manual-pass","manual-pass","approve","none","5/20","","S18 pass-sample review: prompt is independently solvable and stored answer remains consistent with the audit answer.","Approve for V2 candidate release pool after aggregate QA gates pass."
"hjb-high-ds-v2-s5-136","S18","pass-sample","manual-pass","manual-pass","approve","none","9/26","","S18 pass-sample review: prompt is independently solvable and stored answer remains consistent with the audit answer.","Approve for V2 candidate release pool after aggregate QA gates pass."
"hjb-high-ds-v2-s5-140","S18","pass-sample","manual-pass","manual-pass","approve","none","2/17","","S18 pass-sample review: prompt is independently solvable and stored answer remains consistent with the audit answer.","Approve for V2 candidate release pool after aggregate QA gates pass."
"hjb-high-ds-v2-s5-144","S18","pass-sample","manual-pass","manual-pass","approve","none","4/23","","S18 pass-sample review: prompt is independently solvable and stored answer remains consistent with the audit answer.","Approve for V2 candidate release pool after aggregate QA gates pass."
"hjb-high-ds-v2-s5-146","S18","pass-sample","manual-pass","manual-pass","approve","none","7/20","","S18 pass-sample review: prompt is independently solvable and stored answer remains consistent with the audit answer.","Approve for V2 candidate release pool after aggregate QA gates pass."
"hjb-high-ds-v2-s5-148","S18","pass-sample","manual-pass","manual-pass","approve","none","3/13","","S18 pass-sample review: prompt is independently solvable and stored answer remains consistent with the audit answer.","Approve for V2 candidate release pool after aggregate QA gates pass."
"hjb-high-ds-v2-s5-152","S18","pass-sample","manual-pass","manual-pass","approve","none","2/9","","S18 pass-sample review: prompt is independently solvable and stored answer remains consistent with the audit answer.","Approve for V2 candidate release pool after aggregate QA gates pass."
"hjb-high-ds-v2-s5-160","S18","pass-sample","manual-pass","manual-pass","approve","none","10/24","","S18 pass-sample review: prompt is independently solvable and stored answer remains consistent with the audit answer.","Approve for V2 candidate release pool after aggregate QA gates pass."
"hjb-high-ds-v2-s5-164","S18","pass-sample","manual-pass","manual-pass","approve","none","11/17","","S18 pass-sample review: prompt is independently solvable and stored answer remains consistent with the audit answer.","Approve for V2 candidate release pool after aggregate QA gates pass."
"hjb-high-ds-v2-s5-168","S18","pass-sample","manual-pass","manual-pass","approve","none","9","","S18 pass-sample review: prompt is independently solvable and stored answer remains consistent with the audit answer.","Approve for V2 candidate release pool after aggregate QA gates pass."
"hjb-high-ds-v2-s5-172","S18","pass-sample","manual-pass","manual-pass","approve","none","22","","S18 pass-sample review: prompt is independently solvable and stored answer remains consistent with the audit answer.","Approve for V2 candidate release pool after aggregate QA gates pass."
"hjb-high-ds-v2-s5-176","S18","pass-sample","manual-pass","manual-pass","approve","none","17","","S18 pass-sample review: prompt is independently solvable and stored answer remains consistent with the audit answer.","Approve for V2 candidate release pool after aggregate QA gates pass."
"hjb-high-ds-v2-s5-180","S18","pass-sample","manual-pass","manual-pass","approve","none","17","","S18 pass-sample review: prompt is independently solvable and stored answer remains consistent with the audit answer.","Approve for V2 candidate release pool after aggregate QA gates pass."
"hjb-high-ds-v2-s5-184","S18","pass-sample","manual-pass","manual-pass","approve","none","13","","S18 pass-sample review: prompt is independently solvable and stored answer remains consistent with the audit answer.","Approve for V2 candidate release pool after aggregate QA gates pass."
"hjb-high-ds-v2-s5-187","S18","pass-sample","manual-pass","manual-pass","approve","none","18","","S18 pass-sample review: prompt is independently solvable and stored answer remains consistent with the audit answer.","Approve for V2 candidate release pool after aggregate QA gates pass."
"hjb-high-ds-v2-s5-192","S18","pass-sample","manual-pass","manual-pass","approve","none","15","","S18 pass-sample review: prompt is independently solvable and stored answer remains consistent with the audit answer.","Approve for V2 candidate release pool after aggregate QA gates pass."
"hjb-high-ds-v2-s5-196","S18","pass-sample","manual-pass","manual-pass","approve","none","8","","S18 pass-sample review: prompt is independently solvable and stored answer remains consistent with the audit answer.","Approve for V2 candidate release pool after aggregate QA gates pass."
"hjb-high-ds-v2-s5-200","S18","pass-sample","manual-pass","manual-pass","approve","none","12","","S18 pass-sample review: prompt is independently solvable and stored answer remains consistent with the audit answer.","Approve for V2 candidate release pool after aggregate QA gates pass."
"hjb-high-ds-v2-s5-259","S18","pass-sample","manual-pass","manual-pass","approve","none","5","","S18 pass-sample review: prompt is independently solvable and stored answer remains consistent with the audit answer.","Approve for V2 candidate release pool after aggregate QA gates pass."
"hjb-high-ds-v2-s5-261","S18","pass-sample","manual-pass","manual-pass","approve","none","19","","S18 pass-sample review: prompt is independently solvable and stored answer remains consistent with the audit answer.","Approve for V2 candidate release pool after aggregate QA gates pass."
"hjb-high-ds-v2-s5-332","S18","pass-sample","manual-pass","manual-pass","approve","none","440","","S18 pass-sample review: prompt is independently solvable and stored answer remains consistent with the audit answer.","Approve for V2 candidate release pool after aggregate QA gates pass."
"hjb-high-ds-v2-s5-419","S18","pass-sample","manual-pass","manual-pass","approve","none","257","","S18 pass-sample review: prompt is independently solvable and stored answer remains consistent with the audit answer.","Approve for V2 candidate release pool after aggregate QA gates pass."
"hjb-high-ds-v2-s5-461","S18","pass-sample","manual-pass","manual-pass","approve","none","45","","S18 pass-sample review: prompt is independently solvable and stored answer remains consistent with the audit answer.","Approve for V2 candidate release pool after aggregate QA gates pass."
"hjb-high-ds-v2-s5-488","S18","pass-sample","manual-pass","manual-pass","approve","none","131","","S18 pass-sample review: prompt is independently solvable and stored answer remains consistent with the audit answer.","Approve for V2 candidate release pool after aggregate QA gates pass."
"hjb-high-ds-v2-s6-002","S18","pass-sample","manual-pass","manual-pass","approve","none","150","","S18 pass-sample review: prompt is independently solvable and stored answer remains consistent with the audit answer.","Approve for V2 candidate release pool after aggregate QA gates pass."
"hjb-high-ds-v2-s6-004","S18","pass-sample","manual-pass","manual-pass","approve","none","72","","S18 pass-sample review: prompt is independently solvable and stored answer remains consistent with the audit answer.","Approve for V2 candidate release pool after aggregate QA gates pass."
"hjb-high-ds-v2-s6-012","S18","pass-sample","manual-pass","manual-pass","approve","none","72","","S18 pass-sample review: prompt is independently solvable and stored answer remains consistent with the audit answer.","Approve for V2 candidate release pool after aggregate QA gates pass."
"hjb-high-ds-v2-s6-020","S18","pass-sample","manual-pass","manual-pass","approve","none","40","","S18 pass-sample review: prompt is independently solvable and stored answer remains consistent with the audit answer.","Approve for V2 candidate release pool after aggregate QA gates pass."
"hjb-high-ds-v2-s6-028","S18","pass-sample","manual-pass","manual-pass","approve","none","126","","S18 pass-sample review: prompt is independently solvable and stored answer remains consistent with the audit answer.","Approve for V2 candidate release pool after aggregate QA gates pass."
"hjb-high-ds-v2-s6-032","S18","pass-sample","manual-pass","manual-pass","approve","none","216","","S18 pass-sample review: prompt is independently solvable and stored answer remains consistent with the audit answer.","Approve for V2 candidate release pool after aggregate QA gates pass."
"hjb-high-ds-v2-s6-036","S18","pass-sample","manual-pass","manual-pass","approve","none","168","","S18 pass-sample review: prompt is independently solvable and stored answer remains consistent with the audit answer.","Approve for V2 candidate release pool after aggregate QA gates pass."
"hjb-high-ds-v2-s6-048","S18","pass-sample","manual-pass","manual-pass","approve","none","288","","S18 pass-sample review: prompt is independently solvable and stored answer remains consistent with the audit answer.","Approve for V2 candidate release pool after aggregate QA gates pass."
"hjb-high-ds-v2-s6-052","S18","pass-sample","manual-pass","manual-pass","approve","none","126","","S18 pass-sample review: prompt is independently solvable and stored answer remains consistent with the audit answer.","Approve for V2 candidate release pool after aggregate QA gates pass."
"hjb-high-ds-v2-s6-056","S18","pass-sample","manual-pass","manual-pass","approve","none","180","","S18 pass-sample review: prompt is independently solvable and stored answer remains consistent with the audit answer.","Approve for V2 candidate release pool after aggregate QA gates pass."
"hjb-high-ds-v2-s6-060","S18","pass-sample","manual-pass","manual-pass","approve","none","88","","S18 pass-sample review: prompt is independently solvable and stored answer remains consistent with the audit answer.","Approve for V2 candidate release pool after aggregate QA gates pass."
"hjb-high-ds-v2-s6-064","S18","pass-sample","manual-pass","manual-pass","approve","none","144","","S18 pass-sample review: prompt is independently solvable and stored answer remains consistent with the audit answer.","Approve for V2 candidate release pool after aggregate QA gates pass."
"hjb-high-ds-v2-s6-068","S18","pass-sample","manual-pass","manual-pass","approve","none","176","","S18 pass-sample review: prompt is independently solvable and stored answer remains consistent with the audit answer.","Approve for V2 candidate release pool after aggregate QA gates pass."
"hjb-high-ds-v2-s6-075","S18","pass-sample","manual-pass","manual-pass","approve","none","130","","S18 pass-sample review: prompt is independently solvable and stored answer remains consistent with the audit answer.","Approve for V2 candidate release pool after aggregate QA gates pass."
"hjb-high-ds-v2-s6-076","S18","pass-sample","manual-pass","manual-pass","approve","none","78","","S18 pass-sample review: prompt is independently solvable and stored answer remains consistent with the audit answer.","Approve for V2 candidate release pool after aggregate QA gates pass."
"hjb-high-ds-v2-s6-084","S18","pass-sample","manual-pass","manual-pass","approve","none","28","","S18 pass-sample review: prompt is independently solvable and stored answer remains consistent with the audit answer.","Approve for V2 candidate release pool after aggregate QA gates pass."
"hjb-high-ds-v2-s6-088","S18","pass-sample","manual-pass","manual-pass","approve","none","3","","S18 pass-sample review: prompt is independently solvable and stored answer remains consistent with the audit answer.","Approve for V2 candidate release pool after aggregate QA gates pass."
"hjb-high-ds-v2-s6-092","S18","pass-sample","manual-pass","manual-pass","approve","none","55","","S18 pass-sample review: prompt is independently solvable and stored answer remains consistent with the audit answer.","Approve for V2 candidate release pool after aggregate QA gates pass."
"hjb-high-ds-v2-s6-095","S18","pass-sample","manual-pass","manual-pass","approve","none","28","","S18 pass-sample review: prompt is independently solvable and stored answer remains consistent with the audit answer.","Approve for V2 candidate release pool after aggregate QA gates pass."
"hjb-high-ds-v2-s6-096","S18","pass-sample","manual-pass","manual-pass","approve","none","66","","S18 pass-sample review: prompt is independently solvable and stored answer remains consistent with the audit answer.","Approve for V2 candidate release pool after aggregate QA gates pass."
"hjb-high-ds-v2-s6-100","S18","pass-sample","manual-pass","manual-pass","approve","none","78","","S18 pass-sample review: prompt is independently solvable and stored answer remains consistent with the audit answer.","Approve for V2 candidate release pool after aggregate QA gates pass."
"hjb-high-ds-v2-s6-104","S18","pass-sample","manual-pass","manual-pass","approve","none","21","","S18 pass-sample review: prompt is independently solvable and stored answer remains consistent with the audit answer.","Approve for V2 candidate release pool after aggregate QA gates pass."
"hjb-high-ds-v2-s6-108","S18","pass-sample","manual-pass","manual-pass","approve","none","66","","S18 pass-sample review: prompt is independently solvable and stored answer remains consistent with the audit answer.","Approve for V2 candidate release pool after aggregate QA gates pass."
"hjb-high-ds-v2-s6-112","S18","pass-sample","manual-pass","manual-pass","approve","none","3","","S18 pass-sample review: prompt is independently solvable and stored answer remains consistent with the audit answer.","Approve for V2 candidate release pool after aggregate QA gates pass."
"hjb-high-ds-v2-s6-116","S18","pass-sample","manual-pass","manual-pass","approve","none","66","","S18 pass-sample review: prompt is independently solvable and stored answer remains consistent with the audit answer.","Approve for V2 candidate release pool after aggregate QA gates pass."
"hjb-high-ds-v2-s6-124","S18","pass-sample","manual-pass","manual-pass","approve","none","78","","S18 pass-sample review: prompt is independently solvable and stored answer remains consistent with the audit answer.","Approve for V2 candidate release pool after aggregate QA gates pass."
"hjb-high-ds-v2-s6-132","S18","pass-sample","manual-pass","manual-pass","approve","none","3","","S18 pass-sample review: prompt is independently solvable and stored answer remains consistent with the audit answer.","Approve for V2 candidate release pool after aggregate QA gates pass."
"hjb-high-ds-v2-s6-136","S18","pass-sample","manual-pass","manual-pass","approve","none","10","","S18 pass-sample review: prompt is independently solvable and stored answer remains consistent with the audit answer.","Approve for V2 candidate release pool after aggregate QA gates pass."
"hjb-high-ds-v2-s6-140","S18","pass-sample","manual-pass","manual-pass","approve","none","45","","S18 pass-sample review: prompt is independently solvable and stored answer remains consistent with the audit answer.","Approve for V2 candidate release pool after aggregate QA gates pass."
"hjb-high-ds-v2-s6-148","S18","pass-sample","manual-pass","manual-pass","approve","none","91","","S18 pass-sample review: prompt is independently solvable and stored answer remains consistent with the audit answer.","Approve for V2 candidate release pool after aggregate QA gates pass."
"hjb-high-ds-v2-s6-152","S18","pass-sample","manual-pass","manual-pass","approve","none","40","","S18 pass-sample review: prompt is independently solvable and stored answer remains consistent with the audit answer.","Approve for V2 candidate release pool after aggregate QA gates pass."
"hjb-high-ds-v2-s6-160","S18","pass-sample","manual-pass","manual-pass","approve","none","72","","S18 pass-sample review: prompt is independently solvable and stored answer remains consistent with the audit answer.","Approve for V2 candidate release pool after aggregate QA gates pass."
"hjb-high-ds-v2-s6-163","S18","pass-sample","manual-pass","manual-pass","approve","none","121","","S18 pass-sample review: prompt is independently solvable and stored answer remains consistent with the audit answer.","Approve for V2 candidate release pool after aggregate QA gates pass."
"hjb-high-ds-v2-s6-168","S18","pass-sample","manual-pass","manual-pass","approve","none","57","","S18 pass-sample review: prompt is independently solvable and stored answer remains consistent with the audit answer.","Approve for V2 candidate release pool after aggregate QA gates pass."
"hjb-high-ds-v2-s6-174","S18","pass-sample","manual-pass","manual-pass","approve","none","90","","S18 pass-sample review: prompt is independently solvable and stored answer remains consistent with the audit answer.","Approve for V2 candidate release pool after aggregate QA gates pass."
"hjb-high-ds-v2-s6-176","S18","pass-sample","manual-pass","manual-pass","approve","none","45","","S18 pass-sample review: prompt is independently solvable and stored answer remains consistent with the audit answer.","Approve for V2 candidate release pool after aggregate QA gates pass."
"hjb-high-ds-v2-s6-184","S18","pass-sample","manual-pass","manual-pass","approve","none","60","","S18 pass-sample review: prompt is independently solvable and stored answer remains consistent with the audit answer.","Approve for V2 candidate release pool after aggregate QA gates pass."
"hjb-high-ds-v2-s6-192","S18","pass-sample","manual-pass","manual-pass","approve","none","160","","S18 pass-sample review: prompt is independently solvable and stored answer remains consistent with the audit answer.","Approve for V2 candidate release pool after aggregate QA gates pass."
"hjb-high-ds-v2-s6-196","S18","pass-sample","manual-pass","manual-pass","approve","none","44","","S18 pass-sample review: prompt is independently solvable and stored answer remains consistent with the audit answer.","Approve for V2 candidate release pool after aggregate QA gates pass."
"hjb-high-ds-v2-s6-295","S18","pass-sample","manual-pass","manual-pass","approve","none","19","","S18 pass-sample review: prompt is independently solvable and stored answer remains consistent with the audit answer.","Approve for V2 candidate release pool after aggregate QA gates pass."
"hjb-high-ds-v2-s6-315","S18","pass-sample","manual-pass","manual-pass","approve","none","143","","S18 pass-sample review: prompt is independently solvable and stored answer remains consistent with the audit answer.","Approve for V2 candidate release pool after aggregate QA gates pass."
"hjb-high-ds-v2-s6-348","S18","pass-sample","manual-pass","manual-pass","approve","none","4","","S18 pass-sample review: prompt is independently solvable and stored answer remains consistent with the audit answer.","Approve for V2 candidate release pool after aggregate QA gates pass."
"hjb-high-ds-v2-s6-356","S18","pass-sample","manual-pass","manual-pass","approve","none","432","","S18 pass-sample review: prompt is independently solvable and stored answer remains consistent with the audit answer.","Approve for V2 candidate release pool after aggregate QA gates pass."
"hjb-high-ds-v2-s6-385","S18","pass-sample","manual-pass","manual-pass","approve","none","549","","S18 pass-sample review: prompt is independently solvable and stored answer remains consistent with the audit answer.","Approve for V2 candidate release pool after aggregate QA gates pass."
"hjb-high-ds-v2-s6-394","S18","pass-sample","manual-pass","manual-pass","approve","none","353","","S18 pass-sample review: prompt is independently solvable and stored answer remains consistent with the audit answer.","Approve for V2 candidate release pool after aggregate QA gates pass."
"hjb-high-ds-v2-s6-408","S18","pass-sample","manual-pass","manual-pass","approve","none","42","","S18 pass-sample review: prompt is independently solvable and stored answer remains consistent with the audit answer.","Approve for V2 candidate release pool after aggregate QA gates pass."
"hjb-high-ds-v2-s6-432","S18","pass-sample","manual-pass","manual-pass","approve","none","20","","S18 pass-sample review: prompt is independently solvable and stored answer remains consistent with the audit answer.","Approve for V2 candidate release pool after aggregate QA gates pass."
"hjb-high-ds-v2-s6-448","S18","pass-sample","manual-pass","manual-pass","approve","none","204","","S18 pass-sample review: prompt is independently solvable and stored answer remains consistent with the audit answer.","Approve for V2 candidate release pool after aggregate QA gates pass."
"hjb-high-ds-v2-s6-467","S18","pass-sample","manual-pass","manual-pass","approve","none","2/14","","S18 pass-sample review: prompt is independently solvable and stored answer remains consistent with the audit answer.","Approve for V2 candidate release pool after aggregate QA gates pass."
"hjb-high-ds-v2-s6-482","S18","pass-sample","manual-pass","manual-pass","approve","none","26","","S18 pass-sample review: prompt is independently solvable and stored answer remains consistent with the audit answer.","Approve for V2 candidate release pool after aggregate QA gates pass."
